dieturn_id,image,conf,src_px,is_representative
dt_wsqqqx3ey,TPS_00747,0.9815,"714.8,729.0;710.7,696.1;662.9,702.1;667.0,735.0",True
dt_wsqqwv3wn,TPS_00834,0.98,"687.7,624.0;682.5,590.0;633.9,597.4;639.1,631.4",True
dt_wsqqx56f0,TPS_01006,0.9794,"601.3,317.2;588.3,281.6;548.4,296.3;561.4,331.9",True
dt_wsqqw8kvz,TPS_01548,0.9791,"492.4,292.8;484.0,261.8;433.2,275.5;441.6,306.6",True
dt_wsqqkskdx,TPS_01067,0.9789,"527.8,245.6;522.9,216.1;478.5,223.5;483.4,253.0",True
dt_wsqqw3ecr,TPS_02467,0.9787,"213.4,265.3;201.9,204.3;176.0,209.2;187.5,270.2",True
dt_wsqqw3ecr,TPS_01180,0.9785,"469.4,777.3;457.9,716.3;432.0,721.2;443.5,782.2",False
dt_wsqqqx3th,TPS_00747,0.9779,"593.3,357.5;591.8,323.5;543.8,325.6;545.3,359.6",True
dt_wsqqtdujn,TPS_00060,0.9778,"196.9,700.3;176.1,658.0;146.4,672.6;167.2,714.9",True
dt_wsqqw27mr,TPS_00096,0.9775,"746.8,687.0;746.3,656.3;690.8,657.1;691.2,687.8",True
dt_wsqqqw9dh,TPS_00655,0.9775,"596.5,318.7;596.0,286.6;507.4,288.0;507.9,320.1",True
dt_wsqqt179k,TPS_00197,0.977,"337.4,508.7;329.4,476.9;300.4,484.1;308.4,515.9",True
dt_wsqquv91v,TPS_00545,0.977,"867.8,407.3;854.8,355.0;821.5,363.3;834.5,415.6",True
dt_wsqqtpwbp,TPS_00788,0.9763,"495.6,355.3;497.7,316.8;435.8,313.4;433.6,351.9",True
dt_wsqqmx68u,TPS_00328,0.9757,"36.0,763.1;28.4,726.8;-8.6,734.5;-1.0,770.8",True
dt_wsqqqqxd8,TPS_00657,0.9757,"548.6,435.1;548.1,402.1;491.2,402.8;491.7,435.9",True
dt_wsqqkue21,TPS_00827,0.9757,"665.3,791.2;658.7,756.2;612.9,764.9;619.6,799.9",True
dt_wsqqmmr2y,TPS_00315,0.9756,"685.7,198.3;688.7,163.5;627.4,158.3;624.4,193.1",True
dt_wsqqqtbn1,TPS_00660,0.9755,"368.1,326.5;350.7,304.2;311.5,334.7;328.9,357.0",True
dt_wsqqrrn73,TPS_00266,0.9754,"629.4,301.5;609.4,263.3;585.9,275.6;605.9,313.8",True
dt_wsqqwu4gs,TPS_00969,0.9753,"318.2,537.6;301.8,500.7;271.0,514.4;287.4,551.3",True
dt_wsqqqr5xn,TPS_00740,0.9748,"424.6,214.0;406.4,186.9;358.2,219.4;376.4,246.4",True
dt_wsqqtd2xp,TPS_00678,0.9747,"486.8,854.4;485.4,818.4;433.3,820.5;434.7,856.5",True
dt_wsqqmtnr6,TPS_00294,0.9746,"425.7,345.0;425.1,317.6;389.4,318.4;390.1,345.8",True
dt_wsqqv2w40,TPS_00016,0.9739,"834.7,254.2;823.0,201.9;788.9,209.5;800.6,261.8",True
dt_wsqqw0mys,TPS_00719,0.9739,"604.9,864.4;604.5,830.4;544.7,831.2;545.1,865.1",True
dt_wsqqktn9x,TPS_00924,0.9736,"748.5,683.8;736.8,662.0;703.0,680.0;714.7,701.9",True
dt_wsqqw3h2f,TPS_02441,0.9735,"176.5,349.1;168.8,299.0;140.2,303.4;147.9,353.5",True
dt_wsqqw3h2f,TPS_01174,0.9732,"688.5,605.1;680.8,555.0;652.2,559.4;659.9,609.5",False
dt_wsqqt645x,TPS_00324,0.9734,"265.5,510.7;265.4,473.9;184.8,474.1;184.9,510.9",True
dt_wsqqtyqe8,TPS_00891,0.9731,"295.9,463.2;303.3,417.1;271.1,412.0;263.8,458.1",True
dt_wsqqmne4k,TPS_02249,0.973,"584.2,523.6;587.0,485.4;519.3,480.5;516.5,518.7",True
dt_wsqqqx2t3,TPS_00741,0.9729,"383.4,311.9;382.6,274.8;335.6,275.9;336.4,313.0",True
dt_wsqqtvxmq,TPS_00893,0.9729,"439.8,599.6;419.2,538.1;386.0,549.2;406.6,610.7",True
dt_wsqqqxkkp,TPS_00149,0.9727,"741.4,366.4;724.4,307.2;689.7,317.2;706.7,376.4",True
dt_wsqqtce70,TPS_00240,0.9727,"573.9,808.4;571.7,776.1;530.9,778.8;533.1,811.1",True
dt_wsqqth7s1,TPS_00686,0.9727,"383.7,467.6;378.3,412.3;344.5,415.6;349.9,470.9",True
dt_wsqqugyyt,TPS_00883,0.9725,"622.4,245.7;591.0,209.1;559.8,235.8;591.2,272.4",True
dt_wsqqv2kxz,TPS_01080,0.9724,"533.4,320.2;524.9,285.5;482.0,296.1;490.6,330.8",True
dt_wsqqqrrte,TPS_00738,0.9723,"526.3,230.8;524.8,194.2;481.9,195.9;483.4,232.5",True
dt_wsqqmz8md,TPS_00065,0.9719,"952.4,468.7;942.6,431.6;863.7,452.3;873.5,489.4",True
dt_wsqqt3jeb,TPS_00699,0.9717,"364.5,493.5;363.5,454.7;274.4,456.9;275.4,495.7",True
dt_wsqqmzzgg,TPS_00074,0.9716,"515.1,554.1;512.8,523.7;470.2,526.9;472.4,557.3",True
dt_wsqqqw61r,TPS_00656,0.9716,"526.6,740.4;510.9,684.8;485.1,692.0;500.8,747.7",True
dt_wsqqvch3d,TPS_00425,0.9715,"681.5,711.9;662.0,681.3;626.3,704.0;645.8,734.6",True
dt_wsqqqxs6m,TPS_00745,0.9715,"630.9,380.2;629.0,332.8;599.3,333.9;601.1,381.3",True
dt_wsqqmv0p4,TPS_00297,0.9714,"460.0,172.6;459.6,138.6;398.2,139.4;398.6,173.4",True
dt_wsqqwt342,TPS_00522,0.9714,"565.1,646.9;589.7,600.2;565.6,587.5;541.0,634.3",True
dt_wsqqv1zu9,TPS_00561,0.9714,"396.0,747.6;362.2,689.4;324.9,711.1;358.8,769.3",True
dt_wsqqw4mqw,TPS_01193,0.9714,"675.6,474.0;670.0,441.9;615.8,451.3;621.3,483.4",True
dt_wsqqw4mqw,TPS_02487,0.9705,"419.6,985.9;414.1,953.9;359.8,963.3;365.3,995.3",False
dt_wsqqqrcmq,TPS_02461,0.9712,"158.4,91.5;146.7,60.5;99.4,78.5;111.1,109.4",True
dt_wsqqqrcmq,TPS_02460,0.9707,"670.4,91.5;658.7,60.5;611.4,78.5;623.1,109.4",False
dt_wsqqw9gfq,TPS_00364,0.9711,"187.3,557.6;157.1,506.3;127.6,523.7;157.9,574.9",True
dt_wsqqv27mz,TPS_00890,0.9711,"513.2,432.2;504.9,397.4;408.2,420.2;416.4,455.0",True
dt_wsqqmh4uw,TPS_00554,0.9706,"418.1,411.2;421.8,382.9;379.7,377.5;376.1,405.9",True
dt_wsqqmwkv3,TPS_01393,0.9706,"398.2,619.9;385.3,563.3;350.0,571.4;363.0,627.9",True
dt_wsqqt0d6u,TPS_01586,0.9706,"765.4,428.5;808.4,365.1;781.6,346.8;738.5,410.2",True
dt_wsqqqrrsh,TPS_00738,0.9705,"555.0,622.1;553.9,591.2;512.7,592.7;513.8,623.6",True
dt_wsqqwdju4,TPS_00898,0.9705,"723.7,585.2;705.0,560.1;669.2,586.8;688.0,611.9",True
dt_wsqqw6fzq,TPS_02364,0.9705,"209.1,565.9;199.8,515.9;170.6,521.3;179.9,571.3",True
dt_wsqqv3dk7,TPS_00560,0.9704,"495.7,794.6;487.3,758.5;443.6,768.6;452.0,804.8",True
dt_wsqqkv448,TPS_00928,0.9704,"565.9,915.8;562.5,876.5;471.5,884.4;474.9,923.8",True
dt_wsqqks7k9,TPS_00085,0.9703,"413.5,682.4;393.1,658.7;346.8,698.7;367.2,722.3",True
dt_wsqqwe0h5,TPS_00754,0.9703,"281.7,509.2;267.8,474.2;203.8,499.7;217.8,534.7",True
dt_wsqqxnp1r,TPS_00839,0.9703,"786.7,555.2;761.3,507.3;731.8,523.0;757.2,570.9",True
dt_wsqqw2bpd,TPS_00216,0.9702,"430.8,397.1;426.6,356.5;347.8,364.6;352.0,405.2",True
dt_wsqqjtxn0,TPS_01051,0.9702,"285.4,440.6;299.2,402.1;268.6,391.2;254.9,429.7",True
dt_wsqqm5v6n,TPS_00491,0.9701,"443.9,332.3;434.4,284.0;350.5,300.5;360.0,348.8",True
dt_wsqqtb84w,TPS_00626,0.9701,"430.5,249.5;429.1,216.6;382.1,218.6;383.5,251.5",True
dt_wsqqx2exd,TPS_00877,0.9701,"429.8,395.2;424.5,363.8;383.5,370.7;388.8,402.1",True
dt_wsqqt7tdp,TPS_01222,0.9701,"539.7,661.7;539.5,623.8;469.4,624.2;469.6,662.1",True
dt_wsqqwdjsy,TPS_00898,0.9699,"466.3,364.3;449.9,343.7;413.4,372.9;429.9,393.4",True
dt_wsqqw3489,TPS_00027,0.9698,"414.4,390.9;411.8,357.0;332.8,363.2;335.5,397.1",True
dt_wsqqtde01,TPS_00679,0.9698,"621.6,281.5;621.6,243.4;570.9,243.4;571.0,281.6",True
dt_wsqqv2w11,TPS_00016,0.9697,"879.0,542.4;870.9,504.5;788.3,522.0;796.4,559.9",True
dt_wsqqvbb8c,TPS_00456,0.9697,"641.0,637.4;620.5,609.8;566.9,649.6;587.4,677.2",True
dt_wsqqkv5k8,TPS_00923,0.9697,"576.8,840.1;568.4,808.9;522.0,821.4;530.3,852.6",True
dt_wsqqt4t5p,TPS_00320,0.9696,"484.4,185.6;483.0,150.0;428.6,152.1;430.0,187.6",True
dt_wsqqt38fb,TPS_00345,0.9696,"568.1,569.8;562.5,537.3;498.6,548.3;504.2,580.8",True
dt_wsqqtb3b0,TPS_00307,0.9695,"837.9,406.6;836.3,361.6;800.9,362.9;802.5,407.9",True
dt_wsqqt4t1r,TPS_00320,0.9694,"518.7,688.4;518.0,650.8;465.9,651.7;466.6,689.4",True
dt_wsqqtk841,TPS_00691,0.9691,"867.3,560.0;883.8,514.3;852.7,503.0;836.1,548.7",True
dt_wsqqv0gmw,TPS_00956,0.9691,"933.7,332.1;911.1,275.2;876.0,289.2;898.6,346.0",True
dt_wsqqt256q,TPS_01532,0.9689,"461.4,478.0;469.3,437.4;420.4,427.9;412.4,468.5",True
dt_wsqqw2bnk,TPS_00216,0.9688,"585.5,788.9;583.5,749.0;503.3,753.2;505.4,793.0",True
dt_wsqqqwd4r,TPS_00138,0.9686,"517.8,249.6;507.7,214.2;422.2,238.7;432.3,274.1",True
dt_wsqqv0egw,TPS_00789,0.9686,"964.0,334.2;951.7,288.0;916.1,297.4;928.3,343.6",True
dt_wsqqt1gkm,TPS_00903,0.9686,"390.8,495.1;384.2,432.4;352.2,435.8;358.8,498.5",True
dt_wsqqqpzqd,TPS_01229,0.9686,"953.2,762.6;947.6,723.9;895.2,731.5;900.7,770.2",True
dt_wsqqqpzqd,TPS_02543,0.9684,"185.2,762.6;179.6,723.9;127.1,731.5;132.7,770.2",False
dt_wsqqqpzqd,TPS_02544,0.9684,"441.2,250.6;435.6,211.9;383.2,219.5;388.7,258.1",False
dt_wsqqqjxv3,TPS_02416,0.9686,"386.2,223.0;385.6,185.3;315.8,186.5;316.5,224.2",True
dt_wsqqv2jv5,TPS_00170,0.9684,"264.9,850.1;273.9,793.1;238.1,787.5;229.1,844.4",True
dt_wsqqt760c,TPS_00289,0.9684,"878.9,461.0;895.7,394.4;866.7,387.1;850.0,453.8",True
dt_wsqqt81xb,TPS_00714,0.9684,"326.1,492.4;326.0,447.3;293.0,447.3;293.1,492.5",True
dt_wsqqt6rxn,TPS_01069,0.9684,"442.8,805.2;441.6,766.1;355.9,768.8;357.2,807.9",True
dt_wsqqqjfjc,TPS_00127,0.9683,"628.7,885.8;627.6,848.4;554.8,850.5;555.9,887.9",True
dt_wsqqmtc3f,TPS_00304,0.9682,"151.1,516.2;149.0,463.7;113.8,465.1;115.9,517.6",True
dt_wsqqtdkrg,TPS_00609,0.9682,"516.6,344.9;515.0,309.2;446.8,312.2;448.4,347.9",True
dt_wsqqt0e8h,TPS_00772,0.9682,"309.5,442.1;330.6,369.6;296.0,359.5;274.8,432.0",True
dt_wsqqtm9yg,TPS_00141,0.9681,"751.2,695.0;778.1,633.4;749.0,620.7;722.1,682.2",True
dt_wsqqq4emw,TPS_00668,0.9681,"421.2,652.2;391.6,617.9;369.2,637.2;398.8,671.5",True
dt_wsqqmt321,TPS_00075,0.968,"636.1,385.3;636.0,346.2;565.4,346.4;565.5,385.5",True
dt_wsqqkswge,TPS_01068,0.968,"491.3,332.6;509.1,276.7;477.2,266.5;459.4,322.4",True
dt_wsqqmtuf4,TPS_01391,0.968,"445.9,440.7;442.1,396.7;410.5,399.4;414.3,443.4",True
dt_wsqqwse33,TPS_02194,0.968,"673.9,501.5;631.3,454.6;603.3,480.0;645.9,526.9",True
dt_wsqqqqed0,TPS_00308,0.9678,"579.1,589.2;578.6,551.3;511.2,552.3;511.7,590.2",True
dt_wsqqm5v87,TPS_00491,0.9678,"799.6,802.7;791.9,768.8;694.7,791.0;702.5,825.0",True
dt_wsqqw3kk4,TPS_01179,0.9678,"707.6,460.5;698.2,416.8;669.8,422.8;679.1,466.6",True
dt_wsqqmn5j9,TPS_02417,0.9678,"595.3,542.3;606.2,455.9;567.7,451.0;556.8,537.4",True
dt_wsqqwe2hd,TPS_00501,0.9677,"686.8,655.4;685.5,613.3;649.4,614.4;650.6,656.4",True
dt_wsqqwf5vr,TPS_00856,0.9677,"294.3,263.2;283.4,225.7;190.5,252.5;201.3,290.0",True
dt_wsqqmxs0e,TPS_02534,0.9677,"483.4,631.4;485.9,595.3;415.7,590.4;413.2,626.5",True
dt_wsqqmxs0e,TPS_01386,0.9668,"739.4,119.4;741.9,83.3;671.6,78.4;669.1,114.5",False
dt_wsqqwfemt,TPS_00381,0.9676,"106.9,559.5;84.0,475.6;47.0,485.7;69.9,569.6",True
dt_wsqqmxw1e,TPS_00469,0.9675,"479.9,582.7;472.1,547.3;424.0,557.9;431.8,593.3",True
dt_wsqqmqwc2,TPS_00506,0.9675,"277.3,493.0;288.6,437.7;257.0,431.3;245.7,486.5",True
dt_wsqqqnw6y,TPS_00605,0.9675,"479.8,842.5;479.4,805.6;400.1,806.5;400.6,843.4",True
dt_wsqqv15hf,TPS_00790,0.9675,"725.4,326.3;712.1,286.8;676.3,298.8;689.6,338.3",True
dt_wsqqkusen,TPS_00926,0.9675,"665.4,469.7;656.3,408.1;621.1,413.3;630.2,475.0",True
dt_wsqqmhj73,TPS_00104,0.9674,"629.9,316.4;648.2,244.3;610.8,234.7;592.5,306.9",True
dt_wsqqt3djt,TPS_00143,0.9674,"366.1,313.0;364.8,279.5;300.9,282.0;302.1,315.5",True
dt_wsqqmkvhg,TPS_00342,0.9674,"533.1,267.6;537.5,233.6;490.7,227.6;486.3,261.5",True
dt_wsqqt7w1f,TPS_01223,0.9674,"406.6,229.4;405.9,177.4;371.5,177.8;372.2,229.9",True
dt_wsqqt0y3s,TPS_00153,0.9673,"278.7,579.8;298.3,509.2;262.4,499.2;242.8,569.9",True
dt_wsqqtfcfm,TPS_00248,0.9673,"652.4,447.5;651.6,383.1;618.4,383.5;619.3,447.9",True
dt_wsqqmy3e9,TPS_00577,0.9673,"641.1,585.2;640.8,537.1;608.4,537.3;608.7,585.4",True
dt_wsqqt6s1x,TPS_00785,0.9672,"500.0,344.6;497.4,312.0;440.3,316.5;442.8,349.1",True
dt_wsqqv0ee5,TPS_00789,0.9672,"247.9,460.0;263.1,406.6;228.1,396.6;212.9,450.0",True
dt_wsqqwmvpn,TPS_00521,0.9671,"461.7,390.4;472.1,357.8;416.1,340.0;405.8,372.6",True
dt_wsqqkvwjx,TPS_00908,0.9671,"208.1,397.8;221.1,344.5;188.1,336.4;175.1,389.7",True
dt_wsqqwyhck,TPS_01025,0.9671,"605.4,489.0;581.9,460.5;543.6,492.0;567.0,520.5",True
dt_wsqqwyhck,TPS_02172,0.9561,"93.1,1001.3;70.7,972.6;31.7,1003.0;54.1,1031.7",False
dt_wsqqqpzpw,TPS_01229,0.9671,"718.9,484.2;711.9,448.8;652.1,460.6;659.1,496.0",True
dt_wsqqw84q3,TPS_00337,0.967,"625.4,611.3;622.7,573.7;538.2,579.8;540.9,617.4",True
dt_wsqqky4gs,TPS_02151,0.967,"564.7,294.4;561.6,256.3;509.5,260.4;512.6,298.6",True
dt_wsqqmzv7t,TPS_02509,0.967,"142.8,606.0;141.0,566.5;46.5,570.8;48.4,610.4",True
dt_wsqqmzv7t,TPS_01210,0.9669,"654.8,350.1;653.0,310.5;558.5,314.8;560.3,354.4",False
dt_wsqqtvxtu,TPS_00893,0.9669,"811.5,478.4;790.5,416.5;756.7,427.9;777.7,489.9",True
dt_wsqqjtp26,TPS_01940,0.9669,"462.8,413.9;457.9,368.7;378.6,377.5;383.6,422.6",True
dt_wsqqmmm6e,TPS_00048,0.9668,"238.7,446.9;277.1,376.3;247.9,360.4;209.5,431.1",True
dt_wsqqwt9dm,TPS_00108,0.9668,"634.9,393.6;654.6,352.1;621.5,336.4;601.8,377.9",True
dt_wsqqkuf09,TPS_00922,0.9668,"632.8,679.8;630.4,640.8;575.9,644.2;578.3,683.3",True
dt_wsqqkskc3,TPS_01067,0.9668,"613.2,598.9;606.2,563.1;554.5,573.3;561.6,609.0",True
dt_wsqqt6x8g,TPS_01069,0.9668,"274.5,324.8;274.2,287.7;205.1,288.3;205.4,325.4",True
dt_wsqqt0fj5,TPS_01582,0.9668,"503.3,609.8;499.3,531.0;462.5,532.9;466.6,611.7",True
dt_wsqqt4nf0,TPS_00906,0.9667,"291.2,646.0;292.5,573.7;258.8,573.1;257.6,645.5",True
dt_wsqqth5wz,TPS_01092,0.9667,"780.0,681.3;778.6,644.0;691.4,647.2;692.8,684.5",True
dt_wsqqwg9w9,TPS_00820,0.9666,"651.8,437.6;651.0,402.7;591.3,404.0;592.1,438.9",True
dt_wsqqw87c9,TPS_00744,0.9665,"895.5,212.0;875.7,162.4;840.8,176.3;860.7,226.0",True
dt_wsqqx3hw3,TPS_00367,0.9661,"389.4,321.4;388.8,285.1;325.8,286.2;326.4,322.5",True
dt_wsqqmxctm,TPS_00700,0.9661,"682.9,638.1;682.0,601.0;590.1,603.4;591.0,640.5",True
dt_wsqqtd1g5,TPS_00250,0.966,"776.8,632.1;776.6,565.0;740.9,565.2;741.2,632.3",True
dt_wsqqtvevd,TPS_00525,0.966,"431.6,292.3;426.6,258.0;364.0,267.2;369.0,301.5",True
dt_wsqqmwc95,TPS_02494,0.966,"280.2,897.6;280.5,855.4;173.8,854.6;173.4,896.8",True
dt_wsqqmwc95,TPS_00458,0.9657,"536.2,385.5;536.5,343.3;429.8,342.6;429.5,384.8",False
dt_wsqqt34hp,TPS_00344,0.9659,"778.3,468.8;784.1,386.2;749.2,383.7;743.4,466.4",True
dt_wsqqtr33s,TPS_00767,0.9657,"822.9,374.6;786.5,336.5;759.9,361.9;796.3,400.0",True
dt_wsqqnjj3x,TPS_00177,0.9656,"774.5,582.1;774.1,546.9;708.7,547.5;709.0,582.7",True
dt_wsqqtbcf4,TPS_00651,0.9656,"690.8,417.3;688.2,370.8;650.0,372.9;652.7,419.5",True
dt_wsqqqp793,TPS_00041,0.9655,"366.7,934.2;354.8,865.0;318.2,871.3;330.1,940.5",True
dt_wsqqt8dgt,TPS_00716,0.9655,"630.0,253.5;627.4,217.1;561.9,221.7;564.4,258.1",True
dt_wsqqtbt2j,TPS_01117,0.9655,"645.9,203.8;643.9,162.1;547.9,166.7;549.9,208.4",True
dt_wsqqtbt2j,TPS_01169,0.9652,"133.9,715.8;131.9,674.1;36.0,678.7;37.9,720.4",False
dt_wsqqqrkev,TPS_00145,0.9654,"110.6,960.3;80.3,917.6;47.1,941.1;77.3,983.8",True
dt_wsqqjxndp,TPS_00508,0.9654,"756.7,278.2;732.2,216.3;696.2,230.5;720.7,292.5",True
dt_wsqqx2v92,TPS_00497,0.9653,"582.2,397.1;577.6,364.2;513.9,373.0;518.5,405.9",True
dt_wsqqtpznc,TPS_00958,0.9653,"419.4,249.5;402.2,222.4;347.6,257.1;364.8,284.1",True
dt_wsqqvhhfb,TPS_02354,0.9652,"591.3,564.6;574.5,533.0;505.7,569.6;522.5,601.2",True
dt_wsqqt45m7,TPS_00319,0.9651,"234.6,485.6;234.6,423.2;198.0,423.3;198.0,485.6",True
dt_wsqqm8tdb,TPS_00113,0.965,"563.8,306.6;521.5,227.0;489.8,243.9;532.1,323.5",True
dt_wsqqmp8mx,TPS_00347,0.965,"202.3,497.7;219.3,435.9;187.1,427.0;170.1,488.8",True
dt_wsqqnnt31,TPS_00384,0.965,"660.2,475.6;639.5,421.0;600.7,435.7;621.3,490.3",True
dt_wsqqwns0z,TPS_00528,0.965,"811.6,703.5;797.4,671.5;722.7,704.6;736.9,736.6",True
dt_wsqqmgcq5,TPS_00617,0.965,"750.7,453.6;749.0,411.4;716.1,412.7;717.8,454.9",True
dt_wsqqmw16u,TPS_00014,0.9649,"320.0,237.7;311.9,192.6;215.5,209.9;223.6,255.0",True
dt_wsqqw2njz,TPS_00329,0.9649,"517.7,788.2;515.7,750.4;422.1,755.3;424.1,793.1",True
dt_wsqqwq53k,TPS_00523,0.9649,"593.7,799.4;593.4,761.6;522.7,762.2;523.0,800.0",True
dt_wsqqtd7n2,TPS_00679,0.9649,"592.1,752.6;589.2,716.5;538.2,720.5;541.0,756.6",True
dt_wsqqwvgcv,TPS_00911,0.9649,"848.1,378.9;893.8,324.5;870.6,305.0;824.9,359.4",True
dt_wsqqtdrre,TPS_01194,0.9649,"254.9,667.2;253.3,630.2;190.3,633.0;191.9,669.9",True
dt_wsqqnjj3f,TPS_00177,0.9648,"474.0,533.4;443.5,451.8;408.2,465.0;438.7,546.6",True
dt_wsqqv6j41,TPS_00955,0.9648,"621.1,726.3;612.2,691.4;560.6,704.5;569.5,739.5",True
dt_wsqqw74y4,TPS_02484,0.9648,"711.8,468.6;696.7,396.1;660.1,403.7;675.1,476.2",True
dt_wsqqw74y4,TPS_02482,0.9642,"199.7,980.6;184.8,908.2;148.1,915.7;163.0,988.1",False
dt_wsqqmxcmx,TPS_00700,0.9647,"238.7,565.0;239.7,502.4;204.8,501.8;203.8,564.5",True
dt_wsqqtd9bh,TPS_01199,0.9647,"849.2,34.2;846.3,-5.2;808.9,-2.4;811.9,37.0",True
dt_wsqqtd9bh,TPS_02499,0.9568,"847.5,802.9;854.9,706.0;814.4,702.9;807.1,799.9",False
dt_wsqqtd9bh,TPS_01201,0.9565,"335.5,546.9;342.8,450.0;302.5,447.0;295.1,543.8",False
dt_wsqqmw3m7,TPS_00015,0.9645,"263.2,614.8;266.2,550.8;229.2,549.0;226.1,613.0",True
dt_wsqqku3yk,TPS_00183,0.9645,"308.5,772.7;309.1,703.3;276.7,703.0;276.1,772.4",True
dt_wsqqmv3rb,TPS_00571,0.9645,"323.2,526.6;321.7,474.3;291.9,475.2;293.4,527.5",True
dt_wsqqqnees,TPS_00071,0.9644,"581.0,681.6;580.2,640.0;501.7,641.4;502.5,683.1",True
dt_wsqqt0jyj,TPS_00288,0.9644,"595.6,506.1;611.8,440.2;576.6,431.5;560.4,497.4",True
dt_wsqqmuhzk,TPS_00006,0.9642,"538.2,683.8;540.2,623.0;503.2,621.8;501.2,682.6",True
dt_wsqqqwuwp,TPS_00352,0.9642,"539.1,985.5;516.5,955.3;460.2,997.3;482.8,1027.6",True
dt_wsqqqp0v3,TPS_00580,0.964,"629.4,768.8;622.0,731.9;533.6,749.6;541.0,786.5",True
dt_wsqqnmx5w,TPS_00181,0.9639,"459.6,373.4;457.8,334.4;387.6,337.6;389.4,376.7",True
dt_wsqqqkgmt,TPS_00633,0.9639,"619.5,584.3;616.7,537.4;585.3,539.3;588.1,586.1",True
dt_wsqqkv907,TPS_00931,0.9639,"772.7,620.4;772.1,582.7;714.4,583.6;714.9,621.3",True
dt_wsqqqm1hn,TPS_00603,0.9638,"457.2,261.0;455.7,224.1;363.4,227.8;364.9,264.8",True
dt_wsqqqhutg,TPS_00592,0.9637,"744.4,502.2;769.9,459.0;743.2,443.2;717.7,486.5",True
dt_wsqquus80,TPS_01015,0.9637,"859.2,205.3;825.7,171.7;798.8,198.5;832.4,232.1",True
dt_wsqqnp32k,TPS_00233,0.9636,"582.9,540.0;599.9,498.0;565.2,484.0;548.3,526.0",True
dt_wsqqqxzds,TPS_00857,0.9636,"860.1,603.2;838.2,568.8;792.3,598.2;814.2,632.5",True
dt_wsqqw23vb,TPS_00095,0.9635,"569.1,821.6;567.5,785.3;525.5,787.1;527.0,823.4",True
dt_wsqqqwekf,TPS_00662,0.9634,"710.3,777.1;692.6,747.4;648.6,773.6;666.3,803.3",True
dt_wsqqmqn1r,TPS_00047,0.9633,"532.4,649.7;531.4,614.0;462.8,616.1;463.9,651.8",True
dt_wsqqqwd2d,TPS_00138,0.9633,"696.1,722.2;692.1,685.2;612.4,693.7;616.4,730.8",True
dt_wsqqqq5qf,TPS_00636,0.9633,"442.1,648.9;441.2,597.9;408.1,598.4;409.0,649.5",True
dt_wsqqku6n1,TPS_00183,0.9632,"651.2,807.7;649.3,773.4;581.4,777.1;583.3,811.4",True
dt_wsqqwe4z7,TPS_00799,0.9632,"777.2,897.8;764.6,862.0;700.1,884.8;712.7,920.6",True
dt_wsqqksvsv,TPS_00965,0.9632,"376.4,490.8;350.2,461.8;302.2,505.1;328.4,534.1",True
dt_wsqqmzvj1,TPS_01207,0.9632,"378.1,725.0;376.1,685.4;275.6,690.2;277.5,729.9",True
dt_wsqqmzvj1,TPS_02539,0.9632,"890.1,469.0;888.1,429.4;787.6,434.2;789.5,473.9",False
dt_wsqqmh80c,TPS_00824,0.9631,"398.4,82.0;353.1,25.7;319.4,52.8;364.6,109.1",True
dt_wsqqks7tb,TPS_00085,0.963,"865.1,382.7;820.9,336.6;793.6,362.8;837.9,408.9",True
dt_wsqqw9ggj,TPS_00364,0.963,"162.6,331.1;146.8,301.9;75.7,340.2;91.5,369.4",True
dt_wsqqthxf9,TPS_00691,0.963,"379.8,428.4;395.6,389.5;366.6,377.8;350.8,416.6",True
dt_wsqqmqn5m,TPS_00047,0.9629,"412.7,145.7;410.6,110.5;347.6,114.2;349.7,149.4",True
dt_wsqqv2vku,TPS_00188,0.9629,"336.4,503.2;323.4,453.0;283.8,463.3;296.8,513.4",True
dt_wsqqwbrrb,TPS_00191,0.9629,"813.2,497.0;799.0,430.4;761.7,438.3;775.9,505.0",True
dt_wsqqnnt0s,TPS_00384,0.9629,"343.3,630.2;329.6,566.6;292.0,574.7;305.6,638.3",True
dt_wsqqtdctw,TPS_01112,0.9629,"670.6,581.3;668.7,548.3;636.0,550.1;637.9,583.1",True
dt_wsqqqn8hn,TPS_00583,0.9628,"675.2,767.2;673.0,731.3;606.2,735.4;608.3,771.2",True
dt_wsqqtc197,TPS_00650,0.9628,"224.0,486.2;227.6,404.1;187.7,402.3;184.1,484.4",True
dt_wsqqwnw0h,TPS_00970,0.9628,"587.2,434.3;598.0,399.1;533.5,379.4;522.7,414.5",True
dt_wsqqt6ctq,TPS_00321,0.9627,"410.4,651.6;404.1,579.4;369.5,582.4;375.7,654.6",True
dt_wsqqt3wsu,TPS_01521,0.9627,"603.0,805.2;601.5,767.8;544.6,770.1;546.1,807.6",True
dt_wsqqkyj25,TPS_01697,0.9627,"494.0,273.4;497.1,233.9;443.1,229.7;440.0,269.2",True
dt_wsqqqnpzn,TPS_02412,0.9627,"727.7,608.8;727.3,570.0;641.2,570.9;641.6,609.7",True
dt_wsqqmqn75,TPS_00047,0.9626,"725.6,244.9;769.3,168.1;738.9,150.8;695.2,227.6",True
dt_wsqquxwg3,TPS_00174,0.9626,"328.4,579.1;383.3,513.6;351.1,486.6;296.2,552.0",True
dt_wsqqt647m,TPS_00324,0.9626,"646.2,587.3;652.0,508.4;618.1,505.9;612.3,584.8",True
dt_wsqqm8t66,TPS_00113,0.9625,"191.2,416.4;176.0,385.4;115.1,415.1;130.2,446.2",True
dt_wsqqmv9mz,TPS_00549,0.9624,"785.7,606.3;788.0,538.9;749.6,537.6;747.3,605.0",True
dt_wsqqqpgez,TPS_02476,0.9624,"1027.0,557.5;1025.7,519.6;1004.3,520.4;1005.5,558.2",True
dt_wsqqq51br,TPS_00671,0.9623,"524.0,660.0;482.8,617.2;455.8,643.3;496.9,686.0",True
dt_wsqqt0q5g,TPS_00729,0.9622,"773.5,623.4;793.1,544.4;756.4,535.3;736.9,614.3",True
dt_wsqqv27sd,TPS_00890,0.9622,"713.2,758.8;704.0,724.4;620.3,746.7;629.4,781.2",True
dt_wsqqt0fjy,TPS_01582,0.9622,"720.9,449.0;715.2,382.6;680.3,385.6;686.1,452.0",True
dt_wsqqmf3b2,TPS_00314,0.9621,"260.1,319.5;302.0,267.1;278.2,248.0;236.3,300.4",True
dt_wsqqve81c,TPS_00514,0.9621,"114.8,804.6;137.9,740.1;104.7,728.2;81.6,792.8",True
dt_wsqqmzcsz,TPS_00629,0.9621,"757.4,515.1;758.9,441.9;721.6,441.2;720.2,514.3",True
dt_wsqqw8ntn,TPS_00986,0.9621,"722.7,482.2;682.7,432.1;648.8,459.1;688.7,509.3",True
dt_wsqqw21r3,TPS_00244,0.962,"598.5,607.9;593.2,555.3;559.4,558.7;564.7,611.3",True
dt_wsqqw27rd,TPS_00096,0.9619,"429.7,113.2;428.9,74.5;363.1,76.0;364.0,114.7",True
dt_wsqqqw88b,TPS_00654,0.9619,"591.8,912.7;591.0,873.2;505.8,874.8;506.5,914.3",True
dt_wsqqt5gwr,TPS_00689,0.9619,"769.0,508.3;769.9,438.3;733.1,437.8;732.1,507.8",True
dt_wsqqmh8mu,TPS_00189,0.9618,"331.3,433.3;347.4,400.2;275.1,365.1;259.0,398.2",True
dt_wsqqqnwkv,TPS_00605,0.9618,"407.7,312.4;408.4,275.3;318.4,273.7;317.7,310.8",True
dt_wsqqmkt59,TPS_00764,0.9618,"614.5,601.4;626.2,537.2;588.7,530.4;577.1,594.5",True
dt_wsqqmppyb,TPS_00036,0.9617,"792.3,631.1;805.3,572.1;769.0,564.1;756.0,623.1",True
dt_wsqqqqx90,TPS_00657,0.9617,"575.3,844.9;572.9,812.0;532.7,814.9;535.1,847.8",True
dt_wsqqw9u5w,TPS_00364,0.9616,"712.8,166.4;658.3,93.6;629.9,114.8;684.4,187.6",True
dt_wsqqtnb7t,TPS_00768,0.9615,"665.3,774.7;653.3,733.2;565.3,758.6;577.4,800.2",True
dt_wsqqwd54n,TPS_00896,0.9615,"484.4,643.6;435.9,574.0;406.7,594.3;455.2,663.9",True
dt_wsqqw098y,TPS_01153,0.9614,"973.9,200.2;971.7,162.9;899.6,167.1;901.8,204.4",True
dt_wsqqw098y,TPS_00243,0.9606,"461.9,456.2;459.7,418.8;387.6,423.1;389.8,460.5",False
dt_wsqqx3ns1,TPS_00277,0.9613,"625.4,711.1;629.0,673.3;566.9,667.3;563.3,705.1",True
dt_wsqqth5xf,TPS_01092,0.9613,"447.3,368.4;444.7,322.1;346.1,327.7;348.7,374.0",True
dt_wsqqnjj6r,TPS_00177,0.9612,"740.3,387.9;711.4,326.9;676.2,343.6;705.0,404.6",True
dt_wsqqt0eb4,TPS_00772,0.9612,"692.9,440.9;707.6,378.0;669.8,369.2;655.1,432.1",True
dt_wsqqwbr48,TPS_00163,0.9611,"62.0,732.9;51.2,656.9;14.0,662.2;24.7,738.2",True
dt_wsqqnmt7s,TPS_00217,0.9611,"560.9,319.7;565.0,285.8;474.4,274.7;470.2,308.7",True
dt_wsqqt5eeb,TPS_00465,0.9611,"69.7,140.7;67.8,103.4;-7.9,107.3;-6.0,144.6",True
dt_wsqqt5eeb,TPS_02523,0.9595,"838.7,397.0;837.0,359.0;753.8,362.7;755.5,400.7",False
dt_wsqqt5eeb,TPS_02524,0.9592,"582.7,909.0;581.0,871.0;497.9,874.7;499.6,912.7",False
dt_wsqqt99tt,TPS_02502,0.9611,"897.5,330.6;896.4,288.2;810.4,290.5;811.5,332.8",True
dt_wsqqt99tt,TPS_02501,0.9609,"641.4,842.6;640.3,800.3;554.5,802.5;555.6,844.8",False
dt_wsqqt0muh,TPS_00729,0.961,"306.5,589.5;325.7,513.5;289.8,504.4;270.5,580.5",True
dt_wsqqmgt71,TPS_02510,0.961,"372.0,571.7;381.0,473.6;343.1,470.1;334.1,568.3",True
dt_wsqqmgt71,TPS_01211,0.7319,"886.5,59.3;887.7,-7.9;850.6,-8.7;849.3,58.6",False
dt_wsqqksm7q,TPS_00915,0.9609,"451.1,304.7;445.5,272.2;384.3,282.8;390.0,315.3",True
dt_wsqqmwmm6,TPS_02065,0.9609,"675.1,621.9;652.3,552.4;619.1,563.3;641.9,632.8",True
dt_wsqqt45tf,TPS_00319,0.9608,"672.3,380.9;666.8,313.8;628.0,317.0;633.6,384.1",True
dt_wsqqv236p,TPS_00510,0.9608,"497.8,456.0;486.9,421.3;418.3,442.8;429.2,477.5",True
dt_wsqqx77n5,TPS_00861,0.9608,"751.4,523.3;784.8,455.5;751.1,438.9;717.7,506.7",True
dt_wsqqqrqhk,TPS_00722,0.9607,"551.9,784.7;550.4,750.6;482.8,753.6;484.3,787.7",True
dt_wsqqt55ev,TPS_00354,0.9606,"648.8,640.5;648.4,566.5;610.7,566.7;611.1,640.7",True
dt_wsqquufdf,TPS_00550,0.9606,"478.4,722.3;440.2,684.5;414.9,710.1;453.2,747.9",True
dt_wsqqtc19u,TPS_00650,0.9606,"345.3,281.8;344.8,239.8;241.3,241.0;241.8,283.0",True
dt_wsqqqrwje,TPS_00723,0.9606,"540.2,272.5;520.9,233.3;449.2,268.4;468.5,307.7",True
dt_wsqqme1zc,TPS_02271,0.9606,"619.8,389.9;616.7,359.1;573.9,363.5;577.0,394.2",True
dt_wsqqqpxrv,TPS_01133,0.9605,"385.0,616.6;386.3,576.1;339.9,574.6;338.6,615.0",True
dt_wsqqqpxrv,TPS_02387,0.9598,"641.0,104.6;642.3,64.1;595.9,62.5;594.6,103.0",False
dt_wsqqtdh69,TPS_01470,0.9605,"363.2,521.9;360.9,470.6;325.6,472.2;327.9,523.6",True
dt_wsqqv2tcf,TPS_00016,0.9603,"445.9,269.7;436.4,233.6;351.2,255.8;360.6,291.9",True
dt_wsqqv2tcf,TPS_00016,0.8436,"445.4,272.8;437.4,234.9;344.7,254.4;352.7,292.3",False
dt_wsqqtkb1e,TPS_00139,0.9603,"235.9,519.3;251.0,460.3;210.3,450.0;195.3,509.0",True
dt_wsqqt2sh1,TPS_00146,0.9603,"417.3,374.6;417.6,339.2;331.3,338.5;331.0,373.9",True
dt_wsqqmx3wq,TPS_00003,0.9602,"926.5,295.4;924.6,236.0;886.5,237.2;888.5,296.7",True
dt_wsqqwt96n,TPS_00108,0.9602,"167.1,514.4;191.1,457.6;156.7,443.1;132.8,499.9",True
dt_wsqqm5v3n,TPS_00491,0.9602,"415.6,602.5;396.7,520.1;363.2,527.8;382.1,610.2",True
dt_wsqqmuc2t,TPS_00590,0.9602,"631.4,425.7;630.7,367.9;590.4,368.4;591.1,426.2",True
dt_wsqqt57eq,TPS_00804,0.9602,"688.1,516.2;683.3,452.2;645.7,455.0;650.4,519.0",True
dt_wsqqkvwmr,TPS_00908,0.9602,"771.5,493.3;787.8,428.5;755.6,420.4;739.3,485.2",True
dt_wsqqmh2ps,TPS_00824,0.9601,"562.1,431.2;585.2,359.0;546.9,346.7;523.7,419.0",True
dt_wsqqt2s5u,TPS_00146,0.96,"587.8,453.6;593.9,380.5;560.7,377.7;554.7,450.9",True
dt_wsqqte1xn,TPS_00076,0.9599,"195.0,729.6;193.1,671.4;158.0,672.5;159.8,730.7",True
dt_wsqqnjj69,TPS_00177,0.9599,"414.9,309.7;413.4,271.0;345.7,273.6;347.2,312.3",True
dt_wsqqktxcf,TPS_00350,0.9599,"418.1,428.9;418.9,394.4;353.6,392.8;352.8,427.3",True
dt_wsqqjxnq9,TPS_00359,0.9599,"127.3,538.9;110.5,491.0;75.0,503.4;91.8,551.3",True
dt_wsqqmy9w6,TPS_00105,0.9598,"720.0,375.4;725.6,294.6;685.6,291.8;680.1,372.7",True
dt_wsqqv8ydj,TPS_00457,0.9598,"606.1,559.2;606.5,530.0;557.9,529.2;557.4,558.4",True
dt_wsqqujs8r,TPS_00502,0.9598,"549.8,269.6;556.4,230.9;452.6,213.4;446.0,252.1",True
dt_wsqqqkgm2,TPS_00633,0.9597,"295.5,644.5;294.5,577.5;257.1,578.1;258.1,645.1",True
dt_wsqqxn93x,TPS_01027,0.9596,"539.5,303.3;538.2,274.5;478.9,277.2;480.1,305.9",True
dt_wsqqt0d4w,TPS_01586,0.9596,"421.9,522.0;422.3,453.0;386.6,452.8;386.3,521.9",True
dt_wsqqmqzrp,TPS_00007,0.9594,"714.3,780.6;739.8,700.6;706.7,690.0;681.1,770.0",True
dt_wsqqmhj34,TPS_00104,0.9594,"733.8,905.3;727.3,862.9;654.2,874.2;660.7,916.6",True
dt_wsqqt5edy,TPS_00465,0.9594,"438.6,475.4;438.5,438.9;375.2,439.2;375.3,475.7",True
dt_wsqqwnrc6,TPS_00967,0.9593,"407.8,315.4;424.7,281.0;376.3,257.2;359.3,291.5",True
dt_wsqqtc876,TPS_00652,0.9592,"709.7,704.6;707.7,670.3;656.5,673.2;658.4,707.5",True
dt_wsqqt7w10,TPS_01223,0.9592,"334.9,441.2;336.8,407.9;275.7,404.4;273.8,437.7",True
dt_wsqqw437k,TPS_00079,0.9591,"587.7,847.2;582.4,814.5;520.2,824.5;525.5,857.3",True
dt_wsqqqxbys,TPS_00735,0.9591,"281.6,291.1;291.0,254.8;231.8,239.5;222.4,275.7",True
dt_wsqqt3snm,TPS_01574,0.9591,"622.5,403.7;621.0,365.5;536.4,368.8;537.9,407.1",True
dt_wsqqmqp50,TPS_00316,0.959,"589.9,183.7;588.7,153.4;535.8,155.5;537.0,185.8",True
dt_wsqqtdcuv,TPS_01198,0.959,"397.8,309.1;396.3,247.9;361.7,248.7;363.2,309.9",True
dt_wsqqwjxpg,TPS_00002,0.9589,"284.6,636.9;259.6,598.3;222.5,622.4;247.5,660.9",True
dt_wsqqt6d0m,TPS_00049,0.9588,"684.7,743.0;676.2,704.6;594.8,722.7;603.3,761.1",True
dt_wsqqv6eb6,TPS_00511,0.9588,"665.4,338.9;667.7,278.9;628.1,277.4;625.8,337.4",True
dt_wsqqtyqew,TPS_00891,0.9588,"693.4,496.0;682.3,428.0;644.0,434.2;655.0,502.2",True
dt_wsqqt4nfr,TPS_00906,0.9588,"760.7,583.8;761.7,505.9;723.9,505.4;722.9,583.3",True
dt_wsqqqpgu9,TPS_02475,0.9588,"894.3,843.4;892.3,762.9;850.9,763.9;853.0,844.4",True
dt_wsqqtymte,TPS_00569,0.9587,"735.4,661.4;748.3,608.8;716.0,600.9;703.1,653.5",True
dt_wsqqmges4,TPS_00619,0.9587,"461.6,254.9;460.4,218.0;413.2,219.5;414.4,256.4",True
dt_wsqqthpjy,TPS_00684,0.9586,"729.7,698.6;735.2,665.5;645.9,650.7;640.4,683.7",True
dt_wsqqwv3x1,TPS_00834,0.9586,"391.6,269.3;383.0,238.7;343.1,249.9;351.7,280.4",True
dt_wsqqt89ep,TPS_00136,0.9585,"773.9,359.8;776.7,280.7;736.2,279.2;733.4,358.3",True
dt_wsqqt6w9j,TPS_00698,0.9585,"405.1,269.6;403.4,231.6;337.0,234.5;338.6,272.5",True
dt_wsqqqxg73,TPS_00743,0.9584,"647.4,689.2;637.5,648.0;546.0,670.1;556.0,711.3",True
dt_wsqqw85b3,TPS_00749,0.9584,"385.4,539.5;381.9,462.4;341.6,464.2;345.0,541.3",True
dt_wsqqv7hq2,TPS_00512,0.9583,"804.1,482.4;806.7,432.0;774.7,430.4;772.1,480.8",True
dt_wsqqwdzv5,TPS_00818,0.9583,"257.7,484.4;275.4,418.2;228.0,405.5;210.3,471.7",True
dt_wsqqt1eqw,TPS_00782,0.9581,"406.1,603.7;400.0,535.0;368.2,537.8;374.4,606.6",True
dt_wsqqwnpze,TPS_00967,0.9581,"500.9,819.6;512.4,785.7;455.2,766.3;443.7,800.2",True
dt_wsqqtcts1,TPS_02320,0.9581,"371.7,509.4;380.8,436.3;337.1,430.8;327.9,503.9",True
dt_wsqqv67xk,TPS_00511,0.958,"301.7,615.4;307.8,544.0;276.1,541.3;270.0,612.7",True
dt_wsqqqxu39,TPS_00742,0.958,"608.2,432.3;580.8,393.8;555.5,411.9;582.9,450.4",True
dt_wsqqmw18d,TPS_00014,0.9579,"717.9,930.9;724.9,893.5;656.1,880.6;649.1,918.0",True
dt_wsqqwbrhn,TPS_00163,0.9578,"433.6,293.3;423.3,250.7;334.4,272.3;344.8,314.9",True
dt_wsqqwmvjy,TPS_00521,0.9578,"416.2,783.1;427.6,746.4;366.8,727.4;355.3,764.1",True
dt_wsqqqm9kf,TPS_02434,0.9577,"718.7,414.0;719.1,337.8;682.5,337.6;682.0,413.8",True
dt_wsqqqjbnk,TPS_00128,0.9576,"608.9,793.1;607.7,753.6;523.7,756.1;524.8,795.6",True
dt_wsqqv233p,TPS_00510,0.9576,"510.4,739.6;487.6,670.7;444.1,685.1;466.9,754.0",True
dt_wsqqw8nsr,TPS_00986,0.9576,"787.4,673.9;783.4,639.8;715.3,647.8;719.2,681.9",True
dt_wsqqmthzk,TPS_00296,0.9575,"295.2,395.3;295.4,326.2;264.5,326.1;264.3,395.2",True
dt_wsqqv3exf,TPS_00516,0.9575,"445.3,278.1;430.7,233.7;357.2,257.9;371.8,302.3",True
dt_wsqqtveu9,TPS_00525,0.9575,"405.1,603.1;401.4,520.9;360.2,522.7;363.9,604.9",True
dt_wsqqw23xx,TPS_00095,0.9574,"530.5,335.0;529.1,301.4;476.2,303.5;477.6,337.1",True
dt_wsqqqwd0u,TPS_00138,0.9572,"313.0,666.1;315.0,589.6;276.0,588.6;274.0,665.1",True
dt_wsqqtymmt,TPS_00569,0.9571,"378.8,667.4;394.7,601.6;362.5,593.8;346.6,659.6",True
dt_wsqquum3q,TPS_01064,0.9571,"694.5,269.3;664.7,236.1;633.0,264.5;662.7,297.7",True
dt_wsqqmhj47,TPS_00104,0.957,"232.0,581.6;250.7,515.4;213.4,504.9;194.8,571.1",True
dt_wsqqq4ff2,TPS_00667,0.9569,"315.1,857.1;281.5,786.5;249.1,802.0;282.7,872.5",True
dt_wsqqq4ff2,TPS_00667,0.8378,"317.1,860.0;284.4,789.0;250.6,804.6;283.3,875.6",False
dt_wsqqkusd1,TPS_00926,0.9569,"362.8,723.6;360.1,636.9;318.8,638.1;321.5,724.8",True
dt_wsqqt253u,TPS_01532,0.9569,"306.3,673.7;323.0,610.2;290.0,601.5;273.3,665.0",True
dt_wsqqt69fn,TPS_00049,0.9568,"224.8,208.7;217.1,167.0;114.4,185.9;122.1,227.6",True
dt_wsqqwjdss,TPS_00171,0.9568,"583.3,774.3;582.8,735.8;482.8,736.9;483.2,775.5",True
dt_wsqqmr43t,TPS_02016,0.9568,"621.0,534.6;633.0,483.5;601.2,476.0;589.2,527.0",True
dt_wsqqw21ph,TPS_00244,0.9567,"311.6,704.1;304.7,640.0;269.3,643.9;276.2,708.0",True
dt_wsqqm5gsx,TPS_01303,0.9567,"522.5,367.6;528.3,331.6;458.2,320.3;452.4,356.4",True
dt_wsqqt1wf2,TPS_00144,0.9566,"300.5,268.1;297.4,230.5;216.3,237.1;219.4,274.8",True
dt_wsqqqpyj8,TPS_02542,0.9566,"338.0,788.6;333.1,758.3;275.6,767.8;280.6,798.0",True
dt_wsqqqpyj8,TPS_01186,0.9562,"850.0,788.6;845.1,758.3;787.6,767.8;792.6,798.0",False
dt_wsqqtkb3t,TPS_00139,0.9565,"851.1,490.8;871.5,425.0;831.9,412.7;811.5,478.5",True
dt_wsqqt8s5q,TPS_00623,0.9565,"458.6,294.1;457.4,252.6;343.3,255.9;344.5,297.5",True
dt_wsqqt0d62,TPS_01586,0.9564,"608.7,573.0;606.3,534.8;510.2,540.9;512.6,579.0",True
dt_wsqqrrvzg,TPS_00875,0.9563,"279.8,687.4;264.5,619.5;226.6,628.0;242.0,695.9",True
dt_wsqqqrcs5,TPS_02461,0.9563,"490.1,427.7;474.2,388.0;409.0,414.1;424.9,453.8",True
dt_wsqqqrcs5,TPS_02460,0.9547,"1002.1,427.8;986.2,387.9;920.9,414.0;936.8,453.9",False
dt_wsqqw210r,TPS_00009,0.9562,"486.2,539.9;480.7,475.2;447.1,478.1;452.7,542.8",True
dt_wsqqw8mx1,TPS_00755,0.9562,"160.5,753.6;125.2,682.5;90.3,699.8;125.6,770.9",True
dt_wsqqwd6s0,TPS_00817,0.9562,"811.7,389.1;771.0,327.8;736.9,350.5;777.6,411.8",True
dt_wsqqm6gyz,TPS_01053,0.9561,"695.4,411.3;748.6,349.4;721.9,326.5;668.7,388.3",True
dt_wsqqkv91q,TPS_02424,0.9561,"191.1,596.6;198.0,521.4;159.0,517.8;152.2,593.0",True
dt_wsqqkv91q,TPS_01695,0.9557,"703.1,852.5;710.0,777.4;671.0,773.8;664.2,849.0",False
dt_wsqqkv91q,TPS_00931,0.952,"959.2,340.5;966.0,265.2;927.0,261.7;920.1,336.9",False
dt_wsqqksqe0,TPS_00185,0.956,"828.0,450.7;858.2,388.1;825.9,372.4;795.6,435.0",True
dt_wsqqw84rd,TPS_00337,0.956,"666.6,270.9;665.0,201.9;627.3,202.8;628.9,271.8",True
dt_wsqqjxtb4,TPS_00507,0.956,"446.3,688.8;430.4,645.7;398.3,657.6;414.2,700.7",True
dt_wsqqth5z2,TPS_01092,0.956,"828.3,529.5;828.6,453.8;789.6,453.7;789.3,529.3",True
dt_wsqqmvpu4,TPS_00038,0.9559,"441.9,764.8;440.6,727.0;354.5,730.2;355.9,768.0",True
dt_wsqqtc39g,TPS_00077,0.9556,"261.3,620.1;262.5,540.9;227.2,540.4;226.0,619.6",True
dt_wsqqkv1ux,TPS_00928,0.9555,"502.8,340.6;507.2,299.3;407.2,288.7;402.8,330.0",True
dt_wsqqtvvhd,TPS_00979,0.9554,"664.2,651.3;687.3,578.0;654.5,567.7;631.5,641.0",True
dt_wsqqmprye,TPS_01533,0.9554,"1004.8,164.7;1015.1,127.7;963.4,113.2;953.0,150.2",True
dt_wsqqmprye,TPS_00332,0.9525,"236.9,420.8;247.3,383.6;195.3,369.2;185.0,406.3",False
dt_wsqqqrqjf,TPS_00722,0.9553,"467.3,390.7;466.3,352.9;404.0,354.6;405.0,392.5",True
dt_wsqqmr696,TPS_00726,0.9553,"745.3,128.3;753.4,90.8;659.6,70.8;651.5,108.2",True
dt_wsqqmr696,TPS_00727,0.9549,"233.4,384.3;241.4,346.8;147.6,326.8;139.6,364.2",False
dt_wsqquujpw,TPS_01064,0.9553,"213.4,788.2;166.5,725.9;136.5,748.6;183.5,810.8",True
dt_wsqqtd3ye,TPS_01201,0.9553,"298.0,938.1;297.1,899.1;183.0,901.7;183.9,940.6",True
dt_wsqqtd3ye,TPS_01199,0.9545,"809.9,426.0;808.9,387.0;695.3,389.8;696.3,428.8",False
dt_wsqqtd3ye,TPS_01200,0.9436,"1030.4,680.8;1028.7,643.5;962.3,646.5;964.0,683.9",False
dt_wsqqwe07c,TPS_00753,0.9552,"407.8,77.9;377.9,9.2;344.0,23.9;373.9,92.7",True
dt_wsqqwe07c,TPS_00754,0.9539,"664.0,589.9;633.9,521.0;599.9,535.9;629.9,604.7",False
dt_wsqqqjgxe,TPS_00023,0.9551,"774.2,406.1;775.5,339.3;735.1,338.5;733.8,405.3",True
dt_wsqqjxn96,TPS_00508,0.9551,"424.7,513.0;407.0,462.5;372.1,474.8;389.8,525.2",True
dt_wsqqx28vp,TPS_00848,0.955,"512.4,296.4;507.7,266.8;458.6,274.7;463.3,304.3",True
dt_wsqqv4my8,TPS_01084,0.955,"602.3,274.6;553.5,232.6;528.9,261.1;577.8,303.1",True
dt_wsqqw7e1n,TPS_01486,0.955,"180.8,181.5;195.2,103.8;157.4,96.8;143.1,174.5",True
dt_wsqqw7e1n,TPS_01191,0.9546,"436.9,693.4;451.2,615.7;413.4,608.8;399.1,686.5",False
dt_wsqqwbrp1,TPS_00191,0.9549,"382.5,736.6;363.4,659.0;328.1,667.7;347.1,745.3",True
dt_wsqqth7u8,TPS_00686,0.9549,"830.2,380.1;826.9,321.9;793.3,323.8;796.6,382.0",True
dt_wsqqxk0zk,TPS_00837,0.9549,"546.2,307.3;562.2,275.6;527.0,257.9;511.0,289.6",True
dt_wsqqmfjjv,TPS_02512,0.9549,"565.0,265.4;625.0,194.9;596.1,170.4;536.2,240.9",True
dt_wsqqmfjjv,TPS_01213,0.9547,"565.0,777.4;625.0,706.9;596.1,682.4;536.2,752.9",False
dt_wsqqqx6ke,TPS_00335,0.9548,"734.4,513.8;735.2,421.7;698.1,421.4;697.3,513.5",True
dt_wsqqwdxe4,TPS_00993,0.9548,"644.5,500.3;691.7,407.2;659.7,391.0;612.5,484.1",True
dt_wsqqmh1vf,TPS_01128,0.9548,"456.3,576.4;469.8,539.9;421.8,522.1;408.3,558.7",True
dt_wsqqw69e6,TPS_02491,0.9548,"157.1,394.4;147.2,312.9;114.2,316.9;124.1,398.4",True
dt_wsqqw69e6,TPS_02490,0.9545,"669.1,650.4;659.2,568.9;626.2,572.9;636.1,654.4",False
dt_wsqqucpqn,TPS_00427,0.9547,"411.1,719.6;410.7,653.9;365.4,654.2;365.8,720.0",True
dt_wsqqtfq3c,TPS_02436,0.9546,"625.0,558.4;643.5,474.6;607.3,466.6;588.8,550.4",True
dt_wsqqtfq3c,TPS_01172,0.9335,"118.5,1033.2;128.4,988.6;95.4,981.2;85.5,1025.9",False
dt_wsqqjwpwq,TPS_00375,0.9545,"431.1,457.4;428.8,404.6;392.1,406.2;394.4,459.0",True
dt_wsqqwns46,TPS_00528,0.9545,"455.0,342.0;438.0,308.6;379.0,338.7;396.0,372.1",True
dt_wsqqm8t35,TPS_00113,0.9544,"260.3,808.7;222.9,723.2;182.3,740.9;219.7,826.4",True
dt_wsqqmx3mm,TPS_00003,0.9543,"388.5,535.0;397.7,501.1;311.1,477.5;301.9,511.3",True
dt_wsqqwt2fe,TPS_00522,0.9543,"210.0,597.9;258.4,516.7;226.8,497.9;178.4,579.1",True
dt_wsqqmrzmx,TPS_00325,0.9542,"1038.3,297.6;1017.4,264.3;940.0,312.9;960.9,346.2",True
dt_wsqqxht2h,TPS_01024,0.9542,"558.3,370.9;555.4,337.5;511.0,341.4;514.0,374.8",True
dt_wsqqt2teg,TPS_00132,0.9541,"244.8,168.2;242.0,133.0;173.1,138.6;175.9,173.7",True
dt_wsqqq4fu8,TPS_00667,0.9541,"345.9,201.8;300.8,153.6;274.1,178.7;319.1,226.8",True
dt_wsqqtd3xj,TPS_01200,0.954,"606.7,618.0;607.9,544.7;571.2,544.1;569.9,617.3",True
dt_wsqqtd3xj,TPS_01199,0.9538,"350.7,361.9;351.9,288.7;315.2,288.1;314.0,361.3",False
dt_wsqqjtxjm,TPS_01051,0.9539,"647.2,621.6;662.7,571.0;627.6,560.2;612.2,610.8",True
dt_wsqqtf2x9,TPS_01171,0.9539,"390.3,424.4;387.3,388.6;332.9,393.3;335.9,429.1",True
dt_wsqqtf2x9,TPS_01170,0.9531,"902.3,168.4;899.3,132.6;844.9,137.3;848.0,173.1",False
dt_wsqqt8x4s,TPS_00625,0.9537,"543.3,267.8;543.7,201.4;506.9,201.2;506.5,267.6",True
dt_wsqqt9h5p,TPS_01439,0.9537,"558.9,485.0;557.3,441.2;460.7,444.8;462.3,488.6",True
dt_wsqqt5qg7,TPS_00690,0.9536,"258.9,529.5;257.5,478.8;221.7,479.8;223.1,530.5",True
dt_wsqqkv0m3,TPS_00184,0.9535,"852.3,457.3;901.5,377.1;871.7,358.8;822.5,439.0",True
dt_wsqqksswp,TPS_00964,0.9535,"191.6,388.7;235.4,336.2;209.6,314.7;165.8,367.2",True
dt_wsqqwbrpc,TPS_00191,0.9534,"444.7,515.3;434.8,476.6;316.3,507.1;326.2,545.8",True
dt_wsqqnmx4w,TPS_00181,0.9533,"424.0,653.3;408.1,575.4;364.3,584.4;380.2,662.2",True
dt_wsqqxndc5,TPS_01278,0.9533,"782.8,206.3;794.3,169.5;750.8,155.9;739.4,192.7",True
dt_wsqqx3nmw,TPS_00277,0.9532,"494.5,250.2;495.9,215.8;390.7,211.4;389.2,245.9",True
dt_wsqqqhgwc,TPS_00593,0.9532,"863.4,492.6;860.9,411.6;806.9,413.3;809.4,494.3",True
dt_wsqqmr62p,TPS_00726,0.9532,"519.2,495.9;541.3,415.4;498.2,403.5;476.0,484.0",True
dt_wsqqmr62p,TPS_00727,0.8803,"6.8,753.3;32.7,671.9;6.2,663.5;-19.7,744.9",False
dt_wsqqtd98q,TPS_02499,0.9531,"481.2,688.9;480.1,650.9;373.1,654.2;374.3,692.1",True
dt_wsqqtd98q,TPS_01200,0.9524,"737.1,176.8;736.0,138.9;629.2,142.2;630.4,180.1",False
dt_wsqqqq8de,TPS_00129,0.9529,"781.5,681.8;779.0,645.5;686.8,651.8;689.3,688.1",True
dt_wsqqqxk72,TPS_00149,0.9529,"328.0,595.7;307.5,507.9;270.3,516.6;290.8,604.4",True
dt_wsqqtf9sx,TPS_00247,0.9529,"237.9,562.7;239.7,512.4;205.2,511.2;203.5,561.5",True
dt_wsqqt8s9d,TPS_00624,0.9528,"690.5,797.6;689.4,758.7;590.5,761.5;591.6,800.4",True
dt_wsqqqn1bt,TPS_00127,0.9527,"386.8,104.6;386.6,69.4;289.8,70.0;290.0,105.2",True
dt_wsqqmx1ts,TPS_00706,0.9527,"589.3,664.0;584.6,628.4;481.4,642.2;486.1,677.7",True
dt_wsqqksvuj,TPS_00965,0.9527,"946.6,685.5;910.4,643.8;827.4,715.9;863.5,757.5",True
dt_wsqqw1xtq,TPS_00026,0.9525,"197.6,909.7;189.6,861.0;153.6,866.9;161.6,915.6",True
dt_wsqqt9kej,TPS_00094,0.9523,"888.9,485.1;892.6,411.8;856.3,410.0;852.6,483.2",True
dt_wsqqt1wfn,TPS_00144,0.9523,"707.5,374.1;702.5,267.3;663.1,269.1;668.2,376.0",True
dt_wsqqx3hs4,TPS_00367,0.9523,"448.6,920.5;446.6,881.5;410.9,883.3;412.9,922.3",True
dt_wsqqx9be0,TPS_00849,0.9523,"358.7,580.3;306.1,511.9;278.9,532.9;331.4,601.3",True
dt_wsqqmr9em,TPS_01858,0.9523,"650.8,628.4;659.2,589.1;593.9,575.2;585.6,614.5",True
dt_wsqqtbxck,TPS_02445,0.9521,"25.0,364.5;21.6,318.9;-5.7,321.0;-2.2,366.5",True
dt_wsqqtbxck,TPS_02448,0.9459,"538.3,619.3;534.3,573.3;478.4,578.1;482.4,624.2",False
dt_wsqqtbxck,TPS_02446,0.9451,"794.3,107.3;790.3,61.2;734.3,66.1;738.3,112.2",False
dt_wsqqmj9sc,TPS_00111,0.9519,"623.4,148.1;627.7,95.2;589.9,92.1;585.6,145.1",True
dt_wsqqqxz7y,TPS_00857,0.9519,"483.4,289.2;457.0,249.7;396.7,290.1;423.1,329.6",True
dt_wsqqv0ghu,TPS_00956,0.9518,"317.9,537.4;303.2,491.0;240.9,510.7;255.6,557.1",True
dt_wsqqqw1qx,TPS_00137,0.9517,"551.9,219.3;532.7,194.6;467.4,245.4;486.6,270.0",True
dt_wsqqnp322,TPS_00233,0.9517,"291.8,569.5;312.1,513.1;278.0,500.8;257.7,557.2",True
dt_wsqqvs6d4,TPS_00563,0.9517,"645.0,610.0;686.9,535.6;645.0,512.0;603.0,586.4",True
dt_wsqqm5gu7,TPS_01303,0.9517,"760.1,473.4;775.9,438.2;740.6,422.4;724.9,457.6",True
dt_wsqqv65dk,TPS_00272,0.9516,"301.3,381.9;296.7,347.7;232.1,356.2;236.6,390.4",True
dt_wsqqt6cvv,TPS_00321,0.9516,"879.3,499.6;871.2,436.2;828.6,441.6;836.7,505.0",True
dt_wsqqt0upj,TPS_00156,0.9514,"667.5,346.3;651.3,258.3;604.8,266.8;621.0,354.8",True
dt_wsqqt3tv4,TPS_01492,0.9514,"473.4,759.1;472.3,720.4;369.6,723.3;370.7,762.0",True
dt_wsqqt3tv4,TPS_01491,0.9513,"985.4,759.1;984.3,720.4;881.6,723.3;882.7,762.0",False
dt_wsqqtc3fe,TPS_00077,0.9513,"763.4,414.1;761.3,362.0;720.2,363.6;722.2,415.7",True
dt_wsqqqj15u,TPS_00298,0.9512,"589.2,795.1;587.8,758.4;516.1,761.1;517.5,797.8",True
dt_wsqqwd574,TPS_00896,0.9512,"729.4,381.6;674.6,304.7;642.3,327.8;697.0,404.6",True
dt_wsqqmfjru,TPS_02511,0.9512,"337.8,677.1;289.0,630.9;264.1,657.3;312.8,703.5",True
dt_wsqqwd9mk,TPS_00752,0.9511,"327.5,584.0;288.5,521.3;259.1,539.7;298.0,602.3",True
dt_wsqqtq6sg,TPS_00151,0.9509,"241.4,651.5;245.8,571.3;205.6,569.1;201.2,649.3",True
dt_wsqqwg7t1,TPS_01003,0.9509,"392.1,576.1;398.8,515.8;366.7,512.2;360.0,572.5",True
dt_wsqqt7s6d,TPS_02520,0.9509,"702.6,289.9;701.6,249.9;615.4,252.1;616.4,292.1",True
dt_wsqqt7s6d,TPS_02521,0.9509,"190.6,545.9;189.6,505.9;103.4,508.1;104.4,548.1",False
dt_wsqqmh1zj,TPS_01128,0.9508,"606.8,254.8;621.9,218.1;568.9,196.4;553.9,233.1",True
dt_wsqqkzzn4,TPS_00774,0.9507,"396.4,708.3;415.0,637.7;379.3,628.3;360.7,698.9",True
dt_wsqqmk3xf,TPS_01654,0.9507,"404.9,634.4;415.1,575.8;387.9,571.0;377.7,629.7",True
dt_wsqqt3wtg,TPS_01521,0.9506,"543.6,499.7;541.8,462.0;474.1,465.4;476.0,503.1",True
dt_wsqqmu30v,TPS_00588,0.9505,"387.9,526.6;388.0,457.4;348.4,457.3;348.3,526.6",True
dt_wsqqmxcwp,TPS_00700,0.9504,"722.0,439.8;725.5,361.0;687.7,359.3;684.2,438.1",True
dt_wsqqtbt1c,TPS_01118,0.9504,"934.7,216.7;934.3,178.7;834.2,179.7;834.6,217.7",True
dt_wsqqtbt1c,TPS_01119,0.9502,"422.6,728.7;422.2,690.7;322.1,691.7;322.5,729.7",False
dt_wsqqqjxuj,TPS_02416,0.9503,"606.2,572.9;604.2,542.4;555.5,545.6;557.5,576.1",True
dt_wsqqjwx7q,TPS_00271,0.9502,"446.4,331.8;424.4,265.5;387.1,277.9;409.1,344.1",True
dt_wsqqu8pyh,TPS_01093,0.9502,"298.5,809.9;302.4,772.3;254.5,767.3;250.6,805.0",True
dt_wsqqtfkmz,TPS_00093,0.9501,"549.3,435.1;551.8,397.8;451.9,391.2;449.4,428.5",True
dt_wsqqqx6hv,TPS_00335,0.95,"416.5,413.8;415.6,377.5;315.7,379.7;316.6,416.1",True
dt_wsqqtveur,TPS_00525,0.95,"752.1,639.4;749.0,598.2;684.4,603.1;687.5,644.3",True
dt_wsqqmre19,TPS_00114,0.9499,"856.7,621.7;876.3,548.4;841.2,539.0;821.5,612.2",True
dt_wsqqmxk14,TPS_00601,0.9499,"454.2,173.4;452.9,138.5;371.8,141.6;373.1,176.5",True
dt_wsqqqrw5u,TPS_00723,0.9499,"600.0,706.4;581.8,676.4;527.1,709.6;545.3,739.6",True
dt_wsqqt889c,TPS_00715,0.9497,"661.0,691.1;659.4,656.5;593.4,659.6;595.0,694.2",True
dt_wsqqksz3j,TPS_00186,0.9496,"836.2,573.8;879.8,506.8;849.2,486.9;805.7,553.9",True
dt_wsqqmqn39,TPS_00047,0.9495,"587.5,604.6;603.2,540.6;569.8,532.4;554.1,596.4",True
dt_wsqqm5v9h,TPS_00491,0.9495,"799.3,621.3;782.8,559.6;749.9,568.4;766.4,630.1",True
dt_wsqqq52fn,TPS_00641,0.9495,"712.3,498.4;687.8,469.4;657.9,494.7;682.4,523.7",True
dt_wsqqmx3rj,TPS_00003,0.9494,"396.4,16.4;398.2,-1.6;367.1,-4.6;365.4,13.3",True
dt_wsqqmk1f0,TPS_00106,0.9494,"331.1,378.3;310.7,345.1;224.6,397.8;244.9,431.0",True
dt_wsqqt557w,TPS_00354,0.9494,"174.4,720.3;176.6,629.7;138.6,628.8;136.4,719.3",True
dt_wsqqmfcjz,TPS_01216,0.9494,"995.5,659.9;994.7,622.1;927.0,623.7;927.8,661.5",True
dt_wsqqmfcjz,TPS_02516,0.9466,"483.2,403.9;482.3,366.1;414.9,367.7;415.8,405.5",False
dt_wsqqw2fxk,TPS_00027,0.9493,"588.9,759.8;584.5,724.4;502.7,734.7;507.1,770.0",True
dt_wsqqw69ej,TPS_02488,0.9493,"128.1,953.0;123.6,917.7;69.1,924.6;73.6,959.9",True
dt_wsqqw69ej,TPS_02490,0.9487,"896.1,696.9;891.6,661.7;837.1,668.6;841.6,703.9",False
dt_wsqqw69ej,TPS_02491,0.9485,"384.1,440.9;379.6,405.7;325.1,412.6;329.6,447.9",False
dt_wsqqnmt6f,TPS_00217,0.9492,"406.5,590.1;418.6,513.2;381.0,507.2;368.8,584.1",True
dt_wsqqtfqfs,TPS_02437,0.9491,"305.5,577.4;315.0,499.1;280.8,494.9;271.3,573.3",True
dt_wsqqmzct1,TPS_00629,0.949,"377.7,436.4;378.1,392.7;274.9,391.7;274.5,435.3",True
dt_wsqqjtzk6,TPS_00084,0.9489,"217.4,169.0;226.5,131.8;159.5,115.4;150.4,152.6",True
dt_wsqqxhqqz,TPS_00109,0.9489,"195.0,503.2;224.6,451.6;194.4,434.3;164.8,485.9",True
dt_wsqqwfhh0,TPS_00856,0.9489,"332.1,620.5;298.3,540.2;256.2,558.0;290.0,638.2",True
dt_wsqqjzrv7,TPS_00232,0.9488,"492.5,455.4;503.3,418.0;453.9,403.7;443.0,441.1",True
dt_wsqqw2132,TPS_00009,0.9486,"585.2,257.0;576.4,208.5;494.9,223.3;503.7,271.8",True
dt_wsqqumr8f,TPS_00860,0.9486,"473.1,880.8;474.2,843.9;410.5,842.1;409.4,878.9",True
dt_wsqqumr8f,TPS_01817,0.9466,"985.1,624.8;986.2,587.9;922.5,586.1;921.4,622.9",False
dt_wsqqqpgsv,TPS_02475,0.9485,"630.4,775.4;628.5,721.3;532.7,724.6;534.6,778.7",True
dt_wsqqqpgsv,TPS_02476,0.9479,"886.4,263.4;884.5,209.2;788.7,212.6;790.6,266.7",False
dt_wsqqt5wgm,TPS_02526,0.9485,"393.4,817.5;393.2,785.3;307.9,786.0;308.1,818.2",True
dt_wsqqt5wgm,TPS_02525,0.9479,"905.5,305.5;905.2,273.3;819.9,274.1;820.2,306.2",False
dt_wsqqt5wgm,TPS_01225,0.9016,"138.0,49.0;137.1,15.8;49.3,18.2;50.2,51.3",False
dt_wsqqvs13q,TPS_00946,0.9484,"193.4,534.7;221.2,492.3;189.0,471.2;161.2,513.7",True
dt_wsqqt5ng5,TPS_00322,0.9483,"212.7,563.7;212.9,485.2;175.5,485.1;175.4,563.6",True
dt_wsqqtf1dj,TPS_00442,0.9483,"379.5,441.1;378.9,389.2;347.5,389.6;348.1,441.4",True
dt_wsqqtdkz8,TPS_00611,0.9483,"591.8,439.3;591.7,374.0;555.1,374.0;555.2,439.3",True
dt_wsqqtr30t,TPS_00767,0.9482,"410.8,724.4;367.4,681.4;341.1,707.8;384.5,750.9",True
dt_wsqqwd675,TPS_00817,0.9482,"529.1,674.7;485.2,608.2;456.3,627.3;500.2,693.8",True
dt_wsqqmrcgs,TPS_00874,0.9482,"868.6,112.5;869.7,73.5;787.8,71.3;786.8,110.4",True
dt_wsqqmrcgs,TPS_00724,0.9473,"356.6,624.5;357.6,585.4;275.8,583.3;274.8,622.4",False
dt_wsqqw07px,TPS_02452,0.9482,"754.8,648.1;759.6,557.0;716.5,554.8;711.8,645.8",True
dt_wsqqmw3tg,TPS_00015,0.9481,"783.6,525.3;781.3,455.8;740.0,457.2;742.4,526.7",True
dt_wsqqkuxj2,TPS_00925,0.9481,"793.6,867.4;801.8,834.3;749.1,821.3;740.9,854.4",True
dt_wsqqtdrmf,TPS_01195,0.9479,"699.4,389.4;697.6,351.2;626.2,354.6;628.0,392.9",True
dt_wsqqqxmdu,TPS_00336,0.9478,"301.5,754.4;340.6,660.7;297.4,642.8;258.4,736.5",True
dt_wsqqt9w5s,TPS_00647,0.9478,"560.4,887.5;560.3,849.2;507.1,849.4;507.2,887.7",True
dt_wsqqwe69j,TPS_00799,0.9478,"366.9,366.8;365.8,328.7;295.7,330.8;296.9,369.0",True
dt_wsqqucrtk,TPS_01124,0.9478,"828.9,483.2;828.1,406.0;780.5,406.5;781.4,483.7",True
dt_wsqqmxs88,TPS_02532,0.9478,"316.0,450.0;312.2,340.1;273.4,341.5;277.2,451.4",True
dt_wsqqmeg5s,TPS_00134,0.9477,"836.5,449.0;856.4,360.8;799.5,348.0;779.7,436.2",True
dt_wsqqt8x14,TPS_00625,0.9477,"470.2,664.6;468.3,623.0;363.8,627.7;365.7,669.3",True
dt_wsqqqpgs5,TPS_02476,0.9476,"769.1,529.7;768.2,428.6;730.8,429.0;731.6,530.0",True
dt_wsqqqpgs5,TPS_02475,0.8324,"511.4,1029.4;512.1,945.5;477.3,945.2;476.6,1029.1",False
dt_wsqqtm9x7,TPS_00141,0.9475,"203.2,570.8;233.9,503.2;200.0,487.8;169.3,555.4",True
dt_wsqqjwx63,TPS_00271,0.9475,"134.6,622.6;120.8,578.4;82.5,590.4;96.3,634.5",True
dt_wsqqwq16f,TPS_00499,0.9475,"684.3,637.4;692.3,600.1;604.9,581.2;596.9,618.6",True
dt_wsqqth5x0,TPS_01092,0.9475,"328.4,624.5;332.2,546.0;284.1,543.7;280.3,622.2",True
dt_wsqqqwenp,TPS_00662,0.9474,"486.8,442.4;469.1,412.0;431.6,433.8;449.3,464.2",True
dt_wsqqmz1xu,TPS_00101,0.9473,"820.0,827.8;816.2,785.8;727.3,793.7;731.0,835.7",True
dt_wsqqw213h,TPS_00009,0.9472,"835.1,329.0;827.1,247.0;773.4,252.2;781.4,334.3",True
dt_wsqqmzvkr,TPS_02509,0.9472,"253.5,399.7;255.1,313.8;207.1,312.9;205.5,398.8",True
dt_wsqqmzvkr,TPS_01210,0.9422,"765.6,143.8;767.1,57.6;718.9,56.7;717.5,143.0",False
dt_wsqqte1zw,TPS_00076,0.9471,"685.5,554.8;684.8,490.4;647.9,490.8;648.6,555.2",True
dt_wsqqjtzk1,TPS_00084,0.9471,"110.0,276.1;122.5,226.7;86.7,217.6;74.2,267.0",True
dt_wsqqtb98z,TPS_00445,0.9471,"1028.2,775.7;1026.6,731.8;1001.5,732.7;1003.1,776.6",True
dt_wsqqmk0b6,TPS_00264,0.9469,"490.1,366.4;482.3,331.6;373.5,355.9;381.2,390.7",True
dt_wsqqt16pd,TPS_01584,0.9468,"695.0,541.5;696.1,478.1;663.9,477.5;662.8,540.9",True
dt_wsqqmwj26,TPS_00072,0.9467,"463.0,738.7;462.1,701.2;397.9,702.7;398.8,740.1",True
dt_wsqqmg9jj,TPS_00131,0.9467,"386.3,440.6;389.6,402.2;292.5,393.8;289.2,432.2",True
dt_wsqqtd1du,TPS_00250,0.9467,"306.3,699.4;304.3,656.6;268.4,658.2;270.3,701.0",True
dt_wsqqte3ww,TPS_00459,0.9467,"177.3,919.7;177.9,859.5;135.8,859.1;135.2,919.2",True
dt_wsqqqn8ju,TPS_00583,0.9466,"620.9,284.4;620.0,244.2;507.0,246.5;507.8,286.7",True
dt_wsqqt5r5e,TPS_00690,0.9466,"723.8,428.5;723.1,361.6;685.5,362.0;686.2,428.9",True
dt_wsqqt9hdt,TPS_01441,0.9466,"613.4,347.2;619.5,269.3;575.8,265.9;569.7,343.7",True
dt_wsqqt6d1v,TPS_00049,0.9465,"651.9,343.1;656.4,257.9;613.1,255.6;608.6,340.8",True
dt_wsqqtq6y5,TPS_00151,0.9464,"780.5,231.1;775.2,176.8;733.3,180.9;738.6,235.2",True
dt_wsqqwnrbu,TPS_00967,0.9463,"559.1,471.1;577.4,418.0;542.6,406.0;524.3,459.1",True
dt_wsqqqkekv,TPS_01056,0.9463,"632.3,458.2;631.9,396.2;587.4,396.5;587.8,458.5",True
dt_wsqqt0y6t,TPS_00153,0.9462,"427.7,326.8;433.4,288.5;337.7,274.1;332.0,312.4",True
dt_wsqqqmpyn,TPS_00312,0.9462,"712.3,914.8;697.3,885.0;601.9,932.9;616.9,962.7",True
dt_wsqqwekzg,TPS_00800,0.9462,"232.6,533.2;211.4,494.8;157.9,524.3;179.1,562.7",True
dt_wsqqqq5w8,TPS_00636,0.946,"824.5,710.3;823.0,671.5;712.7,675.8;714.2,714.6",True
dt_wsqqq51qw,TPS_00666,0.946,"695.6,217.2;650.2,168.9;623.9,193.6;669.2,241.9",True
dt_wsqqtq477,TPS_00688,0.946,"239.3,240.2;257.3,173.4;221.5,163.7;203.4,230.5",True
dt_wsqqkvjw3,TPS_00916,0.9459,"594.4,408.1;646.0,330.8;615.5,310.4;563.9,387.7",True
dt_wsqqqxf69,TPS_00148,0.9458,"607.6,650.0;605.1,612.3;551.9,615.9;554.5,653.6",True
dt_wsqqkvj7g,TPS_01331,0.9457,"762.7,575.1;789.5,522.2;757.3,506.0;730.6,558.9",True
dt_wsqqmu91n,TPS_00614,0.9455,"405.7,731.7;408.3,666.0;371.8,664.6;369.3,730.2",True
dt_wsqqmsm73,TPS_01394,0.9455,"612.5,588.1;614.1,522.0;585.9,521.4;584.3,587.4",True
dt_wsqqmd19g,TPS_00102,0.9454,"1016.7,596.3;989.9,565.0;914.7,629.2;941.5,660.5",True
dt_wsqqt9wj7,TPS_00647,0.9453,"533.1,383.0;531.2,345.5;478.0,348.3;480.0,385.8",True
dt_wsqqt0564,TPS_00082,0.9452,"727.2,812.6;724.8,759.1;663.8,762.0;666.3,815.5",True
dt_wsqqt89e9,TPS_00136,0.9452,"430.0,246.9;429.1,202.7;319.4,204.9;320.3,249.1",True
dt_wsqqt89e9,TPS_00136,0.9228,"434.0,246.7;432.9,202.9;315.6,205.8;316.7,249.6",False
dt_wsqqwg0je,TPS_00819,0.9452,"759.3,591.1;761.1,530.2;721.7,529.0;719.8,589.9",True
dt_wsqqwcn7k,TPS_00845,0.9452,"359.5,390.9;343.1,358.9;255.5,403.7;271.9,435.7",True
dt_wsqqt7d6s,TPS_00044,0.945,"829.1,550.4;827.3,466.4;771.7,467.5;773.5,551.6",True
dt_wsqqkssuy,TPS_00964,0.945,"720.6,666.4;697.6,637.3;651.7,673.6;674.8,702.7",True
dt_wsqqt0fju,TPS_01582,0.945,"580.5,398.7;577.2,365.7;514.3,371.9;517.6,404.9",True
dt_wsqqksztc,TPS_01059,0.9449,"365.6,463.2;395.1,402.9;358.3,384.9;328.8,445.2",True
dt_wsqqjxtbx,TPS_00507,0.9447,"768.4,485.7;751.9,444.6;720.5,457.2;737.0,498.3",True
dt_wsqqt1w9q,TPS_00144,0.9446,"185.2,582.4;185.1,482.1;148.7,482.1;148.8,582.4",True
dt_wsqqt68b8,TPS_00783,0.9445,"624.4,620.3;624.0,582.1;520.5,583.1;520.9,621.3",True
dt_wsqqt68b8,TPS_00783,0.5527,"629.0,620.9;628.3,581.6;516.2,583.5;516.8,622.7",False
dt_wsqqkty6u,TPS_00930,0.9445,"289.2,502.5;314.8,466.0;286.7,446.3;261.1,482.8",True
dt_wsqqmrdc7,TPS_00114,0.9444,"455.5,706.4;480.4,612.2;442.9,602.3;418.0,696.5",True
dt_wsqqmvpvb,TPS_00038,0.9443,"324.1,273.1;321.4,224.7;221.4,230.2;224.1,278.6",True
dt_wsqqwbyxb,TPS_00162,0.9441,"305.5,607.9;270.8,532.1;232.6,549.6;267.4,625.4",True
dt_wsqqmebtg,TPS_00531,0.9441,"514.2,325.8;516.0,291.0;445.3,287.5;443.5,322.3",True
dt_wsqqmrccv,TPS_00874,0.9441,"872.3,622.4;875.8,583.5;809.4,577.6;805.9,616.5",True
dt_wsqqtf9uv,TPS_00247,0.944,"635.5,510.0;635.5,446.7;601.2,446.7;601.1,510.0",True
dt_wsqqmnzxb,TPS_00495,0.944,"816.1,765.5;836.5,695.0;801.1,684.7;780.7,755.2",True
dt_wsqqmnzxb,TPS_00949,0.9424,"816.1,253.4;836.4,183.0;801.1,172.8;780.8,243.2",False
dt_wsqqt577n,TPS_00804,0.9439,"206.2,577.3;208.1,510.0;172.2,509.0;170.3,576.3",True
dt_wsqqmppqz,TPS_00036,0.9437,"244.5,585.6;266.0,506.4;231.5,497.0;210.0,576.2",True
dt_wsqqkv0j7,TPS_00184,0.9437,"552.9,380.9;552.8,334.0;453.8,334.3;454.0,381.2",True
dt_wsqqnnb2c,TPS_00418,0.9437,"620.6,569.3;644.2,538.0;619.7,519.5;596.1,550.7",True
dt_wsqqw0fu2,TPS_00441,0.9437,"583.5,279.3;557.7,232.4;475.3,277.7;501.1,324.6",True
dt_wsqqw0fu2,TPS_02442,0.7706,"67.9,537.2;43.3,491.8;-19.4,525.8;5.2,571.1",False
dt_wsqqsbr8c,TPS_00991,0.9437,"598.2,697.7;600.8,660.9;558.3,657.9;555.7,694.7",True
dt_wsqqtdcsv,TPS_01112,0.9435,"658.7,814.1;657.1,765.0;621.3,766.2;622.9,815.3",True
dt_wsqqw22pc,TPS_01184,0.9435,"142.5,239.1;141.2,202.9;51.6,206.2;52.9,242.3",True
dt_wsqqw22pc,TPS_02472,0.9429,"910.5,239.1;909.2,202.9;819.6,206.2;820.9,242.4",False
dt_wsqqmnxpw,TPS_00124,0.9434,"698.4,540.7;716.7,468.7;680.7,459.6;662.4,531.6",True
dt_wsqqwnd99,TPS_00867,0.9434,"392.3,261.6;400.7,231.3;351.2,217.5;342.7,247.7",True
dt_wsqqkzzjs,TPS_00774,0.9433,"583.0,789.6;589.9,751.7;514.7,738.2;507.9,776.1",True
dt_wsqqwnrb1,TPS_00967,0.9432,"328.7,656.0;349.3,613.2;316.9,597.7;296.4,640.5",True
dt_wsqqqn402,TPS_00127,0.9431,"565.0,201.5;552.7,113.5;511.6,119.3;523.9,207.2",True
dt_wsqqt5s7w,TPS_00466,0.9431,"455.3,465.9;455.5,426.9;371.8,426.4;371.6,465.4",True
dt_wsqqmrz5d,TPS_00325,0.943,"177.7,889.1;123.2,800.1;92.9,818.7;147.4,907.7",True
dt_wsqqwsc8f,TPS_01282,0.943,"467.7,697.0;484.3,665.6;407.6,625.2;391.0,656.6",True
dt_wsqqqjxu8,TPS_02416,0.943,"302.4,490.1;301.6,424.5;265.9,425.0;266.8,490.5",True
dt_wsqqw0e2c,TPS_02452,0.943,"909.4,265.2;908.1,228.4;803.7,232.0;804.9,268.7",True
dt_wsqqw0e2c,TPS_02451,0.9416,"653.5,777.2;652.3,740.4;547.7,743.9;548.9,780.7",False
dt_wsqqw0e2c,TPS_02451,0.9316,"657.5,778.0;656.5,741.5;543.2,744.5;544.2,781.0",False
dt_wsqqw0e2c,TPS_02452,0.9283,"913.5,265.9;912.5,229.4;799.2,232.5;800.2,269.0",False
dt_wsqqksq69,TPS_01725,0.9428,"872.2,819.8;916.1,716.9;880.9,701.9;837.0,804.7",True
dt_wsqqksq69,TPS_00185,0.9403,"360.2,563.7;403.9,461.1;368.8,446.1;325.0,548.7",False
dt_wsqqt3dhe,TPS_00143,0.9427,"268.9,656.8;274.4,572.9;214.9,569.1;209.5,653.0",True
dt_wsqqmhz7h,TPS_01096,0.9427,"350.4,710.0;314.9,655.0;282.4,676.0;317.8,731.0",True
dt_wsqqmfesv,TPS_00675,0.9425,"393.1,391.6;333.9,328.7;305.5,355.4;364.8,418.3",True
dt_wsqqqpzq4,TPS_01229,0.9424,"966.2,933.1;953.4,856.0;914.3,862.5;927.1,939.6",True
dt_wsqqqpzq4,TPS_02543,0.9389,"198.2,933.0;185.4,855.9;146.3,862.4;159.0,939.5",False
dt_wsqqqpzq4,TPS_02544,0.9371,"454.3,421.0;441.5,343.8;402.2,350.3;415.0,427.5",False
dt_wsqqx2w4q,TPS_00862,0.9423,"688.5,617.7;703.9,561.1;672.0,552.3;656.5,608.9",True
dt_wsqqmjdf2,TPS_00103,0.9422,"588.0,71.1;596.9,-8.0;558.6,-12.3;549.7,66.8",True
dt_wsqqmprtn,TPS_00725,0.9422,"147.3,98.9;167.1,23.3;127.4,12.9;107.6,88.5",True
dt_wsqqmprtn,TPS_01533,0.9276,"659.5,611.0;679.3,535.0;639.4,524.5;619.5,600.5",False
dt_wsqqwgthn,TPS_01001,0.9422,"677.5,837.7;676.1,795.6;616.2,797.7;617.6,839.8",True
dt_wsqqt0q59,TPS_00729,0.9421,"640.4,732.4;647.1,695.8;568.3,681.3;561.5,717.9",True
dt_wsqqt0d5w,TPS_01586,0.9421,"474.4,240.7;470.5,204.4;410.2,211.0;414.2,247.3",True
dt_wsqqwfbj6,TPS_00818,0.942,"671.0,435.3;696.8,361.0;648.2,344.1;622.3,418.3",True
dt_wsqqv4q2e,TPS_01086,0.9415,"482.2,647.3;442.8,614.5;420.1,641.7;459.6,674.5",True
dt_wsqqmfjjj,TPS_02512,0.9415,"660.5,511.7;679.8,480.2;619.4,443.4;600.2,474.9",True
dt_wsqqmfjjj,TPS_01213,0.931,"660.9,1024.2;680.3,992.4;619.1,955.1;599.7,986.9",False
dt_wsqqmf4p2,TPS_00314,0.9414,"805.7,572.3;787.2,547.7;731.9,589.3;750.4,613.9",True
dt_wsqqtpzm2,TPS_00958,0.9414,"875.0,694.3;848.2,654.0;781.7,698.3;808.5,738.6",True
dt_wsqqt41uc,TPS_01636,0.9414,"396.2,689.4;392.0,623.9;353.8,626.3;358.0,691.9",True
dt_wsqqmg9h5,TPS_00131,0.9412,"234.2,773.2;239.4,689.8;192.3,686.9;187.2,770.3",True
dt_wsqqtfc9z,TPS_00248,0.9411,"246.2,627.3;250.4,548.8;209.3,546.6;205.1,625.1",True
dt_wsqqm6umf,TPS_00645,0.9411,"420.1,373.1;418.4,281.8;377.3,282.6;379.0,373.9",True
dt_wsqqw07yb,TPS_02454,0.9411,"610.5,296.4;608.2,242.6;518.5,246.3;520.7,300.1",True
dt_wsqqw07yb,TPS_02453,0.9407,"98.4,808.3;96.1,754.6;6.5,758.6;8.9,812.2",False
dt_wsqqt5yyj,TPS_00687,0.9409,"362.1,631.8;362.6,580.8;328.2,580.5;327.7,631.5",True
dt_wsqqt5yyj,TPS_00687,0.7348,"363.4,630.9;363.6,581.8;329.9,581.7;329.7,630.8",False
dt_wsqqtct7q,TPS_01116,0.9409,"742.2,220.2;738.3,184.7;647.9,194.6;651.8,230.1",True
dt_wsqqtct7q,TPS_02320,0.9408,"230.3,732.2;226.4,696.7;135.7,706.6;139.6,742.1",False
dt_wsqqmvzn7,TPS_00013,0.9407,"770.0,1009.1;769.4,961.5;668.0,962.9;668.7,1010.5",True
dt_wsqqkv2u6,TPS_01018,0.9406,"681.5,494.9;714.3,445.3;691.8,430.4;659.0,480.0",True
dt_wsqqkvkck,TPS_00070,0.9405,"363.6,497.5;346.4,463.4;249.7,512.2;267.0,546.3",True
dt_wsqqqxkk8,TPS_00149,0.9404,"329.0,264.2;325.0,227.6;251.1,235.6;255.1,272.2",True
dt_wsqqt345b,TPS_00344,0.9404,"307.7,509.7;311.5,446.7;275.1,444.5;271.4,507.5",True
dt_wsqqmvhvu,TPS_00005,0.9403,"29.7,514.9;34.7,422.4;-7.0,420.1;-12.1,512.7",True
dt_wsqqmync4,TPS_00013,0.9403,"212.0,214.6;210.8,169.5;87.0,172.8;88.2,217.8",True
dt_wsqqtd88s,TPS_00678,0.9402,"334.2,384.4;332.8,348.7;265.0,351.3;266.4,387.0",True
dt_wsqqmwsrs,TPS_00042,0.9399,"20.8,304.0;22.2,271.7;-3.0,270.6;-4.4,302.9",True
dt_wsqqt8dcy,TPS_00716,0.9398,"703.6,743.4;701.8,704.8;631.2,708.1;633.0,746.7",True
dt_wsqqqxjjm,TPS_00802,0.9397,"352.6,531.8;396.9,461.7;366.6,442.5;322.3,512.6",True
dt_wsqqmrp36,TPS_00007,0.9394,"403.1,116.8;401.5,41.0;365.9,41.8;367.5,117.5",True
dt_wsqqkuf18,TPS_00922,0.9394,"552.8,363.9;549.3,326.4;493.3,331.7;496.8,369.1",True
dt_wsqqkvv23,TPS_02427,0.9394,"374.8,402.2;357.2,370.6;278.5,414.5;296.1,446.1",True
dt_wsqqkvv23,TPS_00932,0.939,"630.7,914.2;613.1,882.6;534.6,926.5;552.2,958.0",False
dt_wsqqmx71b,TPS_00328,0.9391,"840.2,463.7;824.8,429.4;750.8,462.8;766.2,497.0",True
dt_wsqqt17xz,TPS_00712,0.939,"769.9,464.0;758.2,375.9;711.0,382.2;722.7,470.2",True
dt_wsqqxhqw5,TPS_00109,0.9387,"497.9,682.4;513.5,649.5;422.2,606.1;406.6,639.0",True
dt_wsqqksk42,TPS_00376,0.9387,"337.5,380.9;343.0,347.6;291.2,339.1;285.7,372.3",True
dt_wsqqt3dk6,TPS_00143,0.9386,"694.6,723.3;693.0,687.9;627.1,690.8;628.7,726.2",True
dt_wsqqmgdkt,TPS_00618,0.9386,"414.7,373.6;413.6,333.6;341.6,335.5;342.7,375.6",True
dt_wsqqmgdkt,TPS_01107,0.9346,"926.7,373.6;925.6,333.6;853.6,335.5;854.7,375.5",False
dt_wsqqted16,TPS_00459,0.9385,"956.3,102.8;960.1,5.1;905.9,2.9;902.0,100.6",True
dt_wsqqted16,TPS_02496,0.9353,"444.3,615.0;448.1,516.8;393.9,514.7;390.1,612.9",False
dt_wsqqwgtjt,TPS_01001,0.9385,"623.0,440.8;624.2,396.9;571.1,395.4;569.9,439.3",True
dt_wsqqt2dhm,TPS_00051,0.9384,"911.5,523.5;915.1,450.8;863.2,448.3;859.7,521.0",True
dt_wsqqtb81p,TPS_00626,0.9384,"523.9,693.8;523.3,657.6;465.4,658.5;466.0,694.8",True
dt_wsqqmeubc,TPS_00613,0.9383,"372.7,765.2;382.7,643.2;342.7,639.9;332.7,761.9",True
dt_wsqqkvubj,TPS_01151,0.9383,"566.3,548.0;629.2,457.1;598.0,435.5;535.1,526.4",True
dt_wsqqtcsgq,TPS_02319,0.9382,"958.0,516.4;964.6,426.6;906.9,422.3;900.3,512.1",True
dt_wsqqm5gsk,TPS_01303,0.9375,"306.9,443.8;329.8,407.8;307.6,393.6;284.6,429.7",True
dt_wsqqx905b,TPS_00166,0.9374,"598.1,243.3;611.0,201.2;548.1,181.9;535.2,224.0",True
dt_wsqqmeg40,TPS_00134,0.9373,"611.8,837.3;615.0,779.7;514.5,774.2;511.3,831.7",True
dt_wsqqkvyvd,TPS_00110,0.9372,"909.1,253.0;943.1,169.1;912.8,156.8;878.7,240.7",True
dt_wsqqx7ekf,TPS_00187,0.9372,"677.8,433.2;678.0,352.1;634.5,352.0;634.3,433.1",True
dt_wsqqmv1jx,TPS_00039,0.9371,"221.5,657.3;229.9,530.4;182.4,527.3;174.0,654.1",True
dt_wsqqv6597,TPS_00272,0.9371,"212.7,691.1;211.2,623.7;177.5,624.5;179.1,691.9",True
dt_wsqqkvm01,TPS_00070,0.937,"690.1,934.0;606.2,847.1;571.7,880.3;655.6,967.3",True
dt_wsqqmxcw2,TPS_00700,0.937,"346.1,357.0;343.9,316.6;249.1,321.6;251.2,362.0",True
dt_wsqqtf3tw,TPS_01173,0.937,"653.9,498.8;666.7,421.0;627.5,414.5;614.7,492.3",True
dt_wsqqjuzub,TPS_00544,0.9369,"594.4,396.0;586.6,299.3;546.5,302.5;554.2,399.2",True
dt_wsqqqmpvf,TPS_00312,0.9368,"435.7,990.6;417.2,955.6;373.9,978.5;392.4,1013.5",True
dt_wsqqmxkrr,TPS_02533,0.9367,"534.9,195.7;531.2,158.6;467.0,165.0;470.7,202.1",True
dt_wsqqmxkrr,TPS_02532,0.9354,"278.9,707.7;275.2,670.6;211.0,677.0;214.7,714.1",False
dt_wsqqmthzw,TPS_00296,0.9365,"448.0,291.7;447.0,252.5;330.0,255.6;331.1,294.8",True
dt_wsqqtyntr,TPS_00539,0.9364,"235.9,456.6;234.4,394.9;192.4,395.8;193.8,457.6",True
dt_wsqqmjnew,TPS_00552,0.9364,"447.1,348.3;423.1,311.5;326.4,374.4;350.4,411.3",True
dt_wsqqx7ft6,TPS_01008,0.9364,"422.5,557.6;440.9,531.7;400.7,503.3;382.3,529.1",True
dt_wsqqtu3c9,TPS_02481,0.9364,"928.0,155.4;926.5,117.7;833.3,121.4;834.8,159.0",True
dt_wsqqtu3c9,TPS_01189,0.932,"160.1,411.4;158.7,373.8;64.8,377.4;66.2,414.9",False
dt_wsqqtu3c9,TPS_02480,0.9317,"672.1,667.3;670.6,629.7;577.1,633.5;578.6,671.0",False
dt_wsqqmxhp9,TPS_00601,0.9363,"358.6,613.6;360.7,546.8;323.7,545.6;321.5,612.4",True
dt_wsqqtb992,TPS_00445,0.9362,"570.1,683.6;577.9,566.7;535.3,563.8;527.5,680.7",True
dt_wsqqtb992,TPS_02444,0.882,"57.8,172.6;66.3,54.8;23.1,51.7;14.7,169.5",False
dt_wsqqtb992,TPS_02444,0.6626,"54.5,177.1;67.2,46.7;25.4,42.6;12.7,173.1",False
dt_wsqqtb9bb,TPS_01152,0.9362,"348.3,779.9;348.0,732.4;220.2,733.2;220.4,780.6",True
dt_wsqqtb9bb,TPS_02444,0.9358,"604.3,267.9;604.0,220.4;476.2,221.2;476.5,268.7",False
dt_wsqqmmm7j,TPS_00048,0.9361,"387.9,348.9;389.7,314.4;319.9,310.8;318.1,345.3",True
dt_wsqquxx59,TPS_00174,0.9361,"888.1,521.4;911.4,466.2;874.6,450.7;851.3,505.9",True
dt_wsqqwmyfu,TPS_02040,0.936,"538.6,575.4;546.8,548.6;497.2,533.5;489.0,560.3",True
dt_wsqqt9stq,TPS_00628,0.9358,"720.0,454.4;728.2,327.7;687.2,325.1;679.0,451.8",True
dt_wsqqnp2h8,TPS_00232,0.9357,"791.4,627.5;809.9,580.6;777.8,567.9;759.3,614.8",True
dt_wsqqwn6xs,TPS_00867,0.9357,"598.1,863.1;608.7,825.6;535.5,805.1;525.0,842.6",True
dt_wsqqtb1xc,TPS_00307,0.9356,"373.8,447.0;371.9,408.1;340.4,409.6;342.4,448.6",True
dt_wsqqv4q6p,TPS_01086,0.9356,"740.5,262.0;761.1,233.6;728.1,209.7;707.6,238.1",True
dt_wsqqqjgtf,TPS_00023,0.9355,"708.1,901.2;705.6,847.3;626.4,851.0;628.8,904.8",True
dt_wsqqmrg4y,TPS_00728,0.9354,"213.3,541.0;219.5,504.9;117.8,487.4;111.6,523.4",True
dt_wsqqkvyez,TPS_00110,0.9353,"722.4,745.6;741.7,696.1;716.6,686.3;697.2,735.8",True
dt_wsqqxhqwy,TPS_00840,0.9353,"180.1,236.4;210.2,171.3;179.3,156.9;149.2,222.1",True
dt_wsqqxhqwy,TPS_00109,0.9349,"692.1,492.4;722.2,427.2;691.3,412.9;661.2,478.1",False
dt_wsqqv4u0f,TPS_01120,0.9353,"702.6,464.3;726.2,433.5;700.3,413.7;676.7,444.5",True
dt_wsqqwbr6e,TPS_00163,0.9352,"768.8,673.2;754.0,634.8;650.8,674.6;665.6,713.0",True
dt_wsqqqn97f,TPS_00582,0.9351,"708.0,813.3;706.1,775.1;639.9,778.4;641.8,816.5",True
dt_wsqqmr438,TPS_02016,0.935,"314.4,527.7;331.9,460.4;299.7,452.0;282.2,519.2",True
dt_wsqqqrckn,TPS_02461,0.935,"220.3,480.1;188.1,403.1;155.9,416.6;188.0,493.5",True
dt_wsqqqrckn,TPS_02460,0.9349,"732.3,480.1;700.1,403.1;667.9,416.6;700.0,493.5",False
dt_wsqqqxjk0,TPS_00802,0.9349,"549.7,845.3;569.7,810.0;498.2,769.7;478.3,805.0",True
dt_wsqqw8ns9,TPS_00986,0.9349,"396.4,655.0;358.9,603.6;329.3,625.1;366.8,676.5",True
dt_wsqqmuc0w,TPS_00590,0.9348,"194.9,441.4;192.5,393.7;160.4,395.3;162.8,443.1",True
dt_wsqqmefuk,TPS_00134,0.9347,"357.5,202.1;359.9,146.3;261.1,142.0;258.6,197.8",True
dt_wsqqmf080,TPS_00676,0.9347,"319.5,319.8;298.9,294.4;266.4,320.7;287.1,346.2",True
dt_wsqqt3je0,TPS_00699,0.9347,"277.9,710.1;277.6,635.5;244.4,635.6;244.8,710.2",True
dt_wsqqt07de,TPS_00568,0.9346,"777.1,490.1;783.1,448.1;743.1,442.4;737.1,484.4",True
dt_wsqqmfe3x,TPS_00313,0.9345,"514.0,762.5;471.1,714.8;445.4,737.8;488.3,785.6",True
dt_wsqqqj1je,TPS_00298,0.9344,"533.7,343.5;532.7,310.5;445.2,313.0;446.2,346.0",True
dt_wsqqmetpy,TPS_00612,0.9344,"493.1,697.3;497.7,658.6;390.7,646.0;386.1,684.8",True
dt_wsqqtbt3r,TPS_01169,0.9344,"271.9,381.5;282.1,230.8;230.6,227.3;220.4,378.0",True
dt_wsqqw9m8c,TPS_01837,0.9344,"638.7,347.8;597.7,294.3;566.1,318.5;607.0,372.0",True
dt_wsqqqwutu,TPS_02205,0.9344,"74.8,90.2;11.9,24.7;-15.4,50.9;47.5,116.5",True
dt_wsqqt5e7p,TPS_02523,0.9341,"741.9,671.2;742.7,563.6;701.5,563.3;700.6,670.9",True
dt_wsqqmfe74,TPS_00313,0.934,"233.6,310.7;212.0,282.1;139.2,337.0;160.8,365.7",True
dt_wsqqt2d54,TPS_00051,0.9339,"699.3,919.1;704.4,874.2;613.5,863.8;608.3,908.7",True
dt_wsqqmwj67,TPS_00072,0.9339,"529.8,193.9;530.8,123.1;492.5,122.5;491.5,193.3",True
dt_wsqqmk82f,TPS_00265,0.9338,"221.9,542.2;192.9,497.7;161.3,518.3;190.2,562.8",True
dt_wsqqx2yrd,TPS_00165,0.9336,"426.3,922.9;431.6,873.6;373.0,867.3;367.7,916.6",True
dt_wsqqtf7s6,TPS_00234,0.9335,"455.9,830.0;454.9,791.2;355.0,794.0;356.1,832.8",True
dt_wsqquv5w4,TPS_01348,0.9335,"700.6,607.6;707.7,572.1;597.8,550.0;590.6,585.6",True
dt_wsqqt91dd,TPS_00055,0.9334,"166.3,596.8;167.2,515.6;126.2,515.2;125.3,596.4",True
dt_wsqqt91dd,TPS_02504,0.9251,"934.4,596.9;935.3,515.5;894.1,515.1;893.2,596.5",False
dt_wsqqmh2nd,TPS_00824,0.9333,"466.0,655.8;421.1,598.7;387.7,624.9;432.5,682.0",True
dt_wsqqmppwq,TPS_00036,0.9332,"705.9,742.4;710.8,704.8;617.8,692.7;612.9,730.3",True
dt_wsqqw84pv,TPS_00337,0.9332,"382.5,205.4;377.0,169.4;296.8,181.7;302.4,217.7",True
dt_wsqqv6qf3,TPS_00945,0.9332,"624.7,725.3;663.5,677.1;637.6,656.2;598.8,704.5",True
dt_wsqqxhqxd,TPS_00109,0.9331,"469.7,282.5;487.1,249.5;403.9,205.6;386.5,238.6",True
dt_wsqqwgesv,TPS_00167,0.9331,"359.7,679.3;365.4,599.5;325.3,596.7;319.6,676.4",True
dt_wsqqx3nkv,TPS_00277,0.9331,"351.4,533.4;365.3,455.4;310.9,445.8;297.1,523.7",True
dt_wsqqxjd0k,TPS_01073,0.933,"563.2,489.1;521.0,440.7;490.7,467.2;533.0,515.5",True
dt_wsqqq4fcg,TPS_00667,0.9326,"535.7,1007.9;538.5,973.0;455.6,966.3;452.8,1001.2",True
dt_wsqqt5gw2,TPS_00689,0.9326,"290.4,565.0;291.3,510.6;260.2,510.1;259.3,564.4",True
dt_wsqqth38k,TPS_01478,0.9326,"557.9,248.7;567.0,194.8;488.1,181.4;478.9,235.3",True
dt_wsqqku3zt,TPS_00183,0.9325,"432.4,418.0;426.3,356.6;334.5,365.8;340.6,427.2",True
dt_wsqqmkujv,TPS_01141,0.9325,"404.6,470.8;407.3,441.0;329.6,434.0;326.9,463.9",True
dt_wsqqt4e7w,TPS_00078,0.9324,"455.0,355.2;454.1,298.6;350.5,300.2;351.4,356.8",True
dt_wsqqtv9g8,TPS_00115,0.9322,"39.3,602.6;33.4,531.1;-12.7,534.9;-6.8,606.5",True
dt_wsqqjuzu0,TPS_00544,0.9322,"556.8,580.2;549.6,542.3;468.6,557.7;475.8,595.6",True
dt_wsqqt91f2,TPS_00055,0.9321,"580.2,663.8;579.1,629.0;499.0,631.5;500.1,666.3",True
dt_wsqqx9043,TPS_00166,0.9321,"645.3,671.8;650.5,629.4;588.3,621.8;583.1,664.3",True
dt_wsqqucpwt,TPS_00427,0.9321,"896.1,574.9;891.7,517.9;855.0,520.8;859.4,577.8",True
dt_wsqquum2y,TPS_01064,0.9321,"649.6,463.4;705.0,400.1;680.0,378.4;624.7,441.7",True
dt_wsqqw69st,TPS_02489,0.9321,"656.1,849.6;639.5,776.9;596.1,786.8;612.6,859.6",True
dt_wsqqw69st,TPS_02490,0.9314,"912.1,337.6;895.5,264.9;852.1,274.8;868.7,347.5",False
dt_wsqqw69st,TPS_02491,0.9068,"400.0,81.6;383.4,9.0;340.1,18.9;356.7,91.5",False
dt_wsqqw69st,TPS_02488,0.897,"144.1,593.6;127.4,521.0;84.1,530.9;100.7,603.5",False
dt_wsqqjwrsj,TPS_00509,0.9319,"606.8,615.7;599.8,563.3;562.2,568.2;569.1,620.7",True
dt_wsqqx568x,TPS_01006,0.9319,"503.8,759.5;497.0,728.4;436.6,741.5;443.3,772.6",True
dt_wsqqmr8r7,TPS_00037,0.9317,"496.5,279.9;509.0,242.4;419.8,212.8;407.3,250.3",True
dt_wsqqt1wch,TPS_00144,0.9317,"588.9,621.5;583.9,583.3;480.3,597.1;485.4,635.3",True
dt_wsqqkv2ef,TPS_01018,0.9317,"182.4,655.9;210.4,614.7;183.0,596.1;155.0,637.3",True
dt_wsqqmvjk3,TPS_00005,0.9316,"936.3,917.6;935.3,877.6;818.8,880.5;819.8,920.6",True
dt_wsqqmhh78,TPS_00122,0.9316,"556.7,740.7;571.4,710.8;517.3,684.2;502.6,714.2",True
dt_wsqqwfhhm,TPS_00856,0.9316,"626.3,523.1;612.5,488.7;558.0,510.7;571.9,545.0",True
dt_wsqqt1ndw,TPS_00710,0.9315,"203.5,620.2;214.3,550.6;178.7,545.1;167.9,614.7",True
dt_wsqqtbxb5,TPS_02448,0.9315,"487.8,1007.3;493.3,887.8;452.8,885.9;447.3,1005.4",True
dt_wsqqtbxb5,TPS_02446,0.9278,"743.8,495.4;749.3,375.8;708.8,374.0;703.3,493.5",False
dt_wsqqtbxb5,TPS_02447,0.9269,"231.8,239.3;237.2,120.0;196.8,118.1;191.4,237.4",False
dt_wsqqt99u3,TPS_02503,0.9315,"663.1,207.8;662.2,162.9;574.8,164.5;575.7,209.5",True
dt_wsqqt99u3,TPS_02500,0.9289,"151.1,975.8;150.2,930.9;62.8,932.6;63.7,977.6",False
dt_wsqqwtku1,TPS_00972,0.9314,"603.4,643.3;600.6,615.0;551.9,619.8;554.7,648.1",True
dt_wsqqnqjzn,TPS_01022,0.9314,"659.3,248.3;662.7,188.2;627.3,186.2;623.9,246.3",True
dt_wsqqkfsxg,TPS_02366,0.9314,"261.4,234.6;241.1,201.8;155.4,254.8;175.7,287.5",True
dt_wsqqjxvvn,TPS_00383,0.9313,"954.1,610.4;955.6,570.5;916.9,569.1;915.5,609.0",True
dt_wsqqm6wxj,TPS_00644,0.9313,"429.0,450.9;402.8,419.6;318.5,490.1;344.6,521.4",True
dt_wsqquv1hj,TPS_00370,0.9312,"642.2,977.8;669.8,864.5;623.4,853.2;595.8,966.5",True
dt_wsqqwgevu,TPS_00167,0.9307,"808.5,424.0;810.0,340.8;738.6,339.5;737.2,422.7",True
dt_wsqqt01nx,TPS_00776,0.9307,"545.3,809.5;554.8,760.2;456.2,741.2;446.7,790.5",True
dt_wsqqmpenk,TPS_00777,0.9307,"319.5,584.4;345.9,491.1;293.1,476.2;266.7,569.5",True
dt_wsqqmkh2w,TPS_00150,0.9305,"484.7,316.4;488.0,278.8;391.7,270.2;388.4,307.8",True
dt_wsqqmr68y,TPS_00726,0.9304,"916.3,324.7;942.9,229.5;898.7,217.2;872.2,312.4",True
dt_wsqqmr68y,TPS_00727,0.9304,"404.3,580.7;430.8,485.6;386.7,473.3;360.2,568.4",False
dt_wsqqqxjjx,TPS_00802,0.9302,"552.1,379.1;491.9,333.2;467.4,365.3;527.6,411.2",True
dt_wsqqkuse6,TPS_00926,0.9301,"486.2,389.9;482.0,359.7;390.5,372.2;394.7,402.5",True
dt_wsqqtf2tb,TPS_01171,0.93,"281.1,892.8;280.9,855.5;232.1,855.8;232.3,893.1",True
dt_wsqqtf2tb,TPS_01170,0.9277,"793.1,636.8;792.9,599.5;744.0,599.8;744.3,637.1",False
dt_wsqqx0bxj,TPS_01791,0.9297,"649.4,306.1;654.0,273.3;606.4,266.7;601.8,299.4",True
dt_wsqqjwp3y,TPS_00909,0.9296,"456.2,409.4;465.8,341.8;428.2,336.5;418.6,404.1",True
dt_wsqqkyz3n,TPS_02422,0.9295,"687.0,637.9;716.9,533.7;680.5,523.2;650.6,627.4",True
dt_wsqqmd12y,TPS_00102,0.9294,"721.3,866.7;658.5,799.7;626.0,830.2;688.7,897.2",True
dt_wsqqkwp7e,TPS_00796,0.9294,"215.3,595.8;261.4,536.9;233.2,514.8;187.0,573.7",True
dt_wsqqnmx75,TPS_00181,0.9292,"746.3,501.9;738.3,447.7;702.1,453.1;710.1,507.3",True
dt_wsqqwt00r,TPS_00995,0.9292,"748.4,655.1;794.3,580.8;765.7,563.1;719.7,637.4",True
dt_wsqqmgedu,TPS_00619,0.9291,"561.4,623.7;557.9,587.3;506.0,592.3;509.5,628.7",True
dt_wsqqm5zmn,TPS_00822,0.929,"681.3,801.7;694.2,767.5;639.4,746.8;626.5,781.0",True
dt_wsqqwe03v,TPS_00753,0.9286,"676.8,644.4;660.1,608.0;546.3,660.3;563.0,696.7",True
dt_wsqqqp0xp,TPS_00580,0.9283,"520.4,274.6;516.2,243.9;470.0,250.2;474.1,280.8",True
dt_wsqqqxmu4,TPS_00336,0.9282,"698.8,385.4;716.1,352.5;637.0,310.8;619.7,343.6",True
dt_wsqqw7e3w,TPS_01191,0.9278,"951.3,554.3;969.4,474.2;935.9,466.7;917.8,546.7",True
dt_wsqqw7e3w,TPS_01486,0.8793,"697.0,41.4;702.5,-2.3;670.6,-6.4;665.1,37.3",False
dt_wsqqt9h4q,TPS_01439,0.9278,"445.3,707.3;445.0,607.6;410.6,607.7;410.9,707.4",True
dt_wsqqw0811,TPS_02448,0.9276,"859.5,736.2;867.5,643.1;820.0,639.0;812.1,732.2",True
dt_wsqqw0811,TPS_02445,0.9272,"347.5,480.2;355.5,387.0;308.0,383.0;300.1,476.2",False
dt_wsqqqnpz3,TPS_02412,0.9273,"364.9,545.3;367.1,469.5;326.4,468.4;324.2,544.1",True
dt_wsqqtkb2c,TPS_00139,0.9272,"662.0,735.1;672.2,685.9;578.2,666.5;568.1,715.7",True
dt_wsqqt6tbz,TPS_00045,0.9269,"978.4,355.8;990.2,223.2;950.8,219.7;938.9,352.3",True
dt_wsqqmt1w3,TPS_00303,0.9268,"402.8,627.0;400.4,588.2;301.6,594.3;303.9,633.0",True
dt_wsqqktpup,TPS_00184,0.9267,"206.4,765.7;253.5,664.6;210.7,644.6;163.6,745.8",True
dt_wsqqv206b,TPS_00959,0.9264,"619.5,673.9;599.0,642.3;502.9,704.5;523.4,736.1",True
dt_wsqqmg11h,TPS_01215,0.9262,"32.9,217.4;30.6,183.9;-5.6,186.4;-3.2,220.0",True
dt_wsqqmg11h,TPS_02517,0.9195,"545.4,728.0;543.1,692.5;455.3,698.0;457.5,733.5",False
dt_wsqqkyrrx,TPS_00192,0.9261,"1005.7,529.9;1027.7,453.3;993.1,443.3;971.1,519.9",True
dt_wsqquufub,TPS_00550,0.9261,"815.3,159.4;757.5,104.0;728.6,134.1;786.4,189.5",True
dt_wsqqw0tb4,TPS_00719,0.9261,"474.6,410.7;472.7,375.1;402.8,378.8;404.7,414.4",True
dt_wsqqmzc9r,TPS_02538,0.9261,"222.7,520.4;221.9,438.8;183.9,439.2;184.7,520.8",True
dt_wsqqmzc9r,TPS_02536,0.92,"990.7,776.3;990.0,694.8;951.9,695.2;952.7,776.7",False
dt_wsqqqn52q,TPS_00023,0.926,"454.0,208.7;452.6,172.2;383.9,174.9;385.3,211.4",True
dt_wsqqx7fwn,TPS_01008,0.926,"680.2,336.3;697.6,312.2;660.0,285.1;642.6,309.2",True
dt_wsqqmu33k,TPS_00588,0.9253,"815.1,418.0;817.9,350.9;779.2,349.3;776.5,416.4",True
dt_wsqqt9xjq,TPS_00648,0.9253,"481.5,160.9;477.0,119.6;386.8,129.6;391.3,170.8",True
dt_wsqqmytmv,TPS_01209,0.9252,"876.1,37.3;872.6,-6.9;825.9,-3.2;829.4,41.0",True
dt_wsqqmytmv,TPS_02507,0.9031,"360.2,549.6;365.7,427.3;317.4,425.2;312.0,547.5",False
dt_wsqqmy51g,TPS_00125,0.9251,"519.8,43.2;517.8,6.9;448.5,10.8;450.5,47.1",True
dt_wsqqtnbmb,TPS_00768,0.9249,"376.8,151.8;360.5,102.4;241.6,141.6;257.8,191.0",True
dt_wsqqxjr7z,TPS_01129,0.9248,"523.3,472.2;520.5,425.6;478.2,428.2;481.1,474.8",True
dt_wsqqte692,TPS_01205,0.9248,"568.9,570.0;584.8,545.4;534.3,512.9;518.5,537.5",True
dt_wsqqmqwcq,TPS_00506,0.9247,"700.9,502.8;714.0,442.2;679.0,434.6;665.8,495.2",True
dt_wsqqt68f2,TPS_00783,0.9247,"545.6,194.2;541.0,148.9;484.1,154.7;488.6,199.9",True
dt_wsqqmk899,TPS_00265,0.9246,"661.9,328.0;611.2,252.5;577.7,275.0;628.3,350.5",True
dt_wsqqkucbv,TPS_00922,0.9246,"394.4,627.0;400.2,578.1;368.6,574.3;362.7,623.3",True
dt_wsqqkvz2m,TPS_00268,0.9245,"386.6,938.4;398.8,906.4;341.4,884.4;329.2,916.4",True
dt_wsqqwtqs2,TPS_00833,0.9245,"552.2,858.6;548.4,824.9;494.4,830.9;498.1,864.6",True
dt_wsqqmwhfx,TPS_01101,0.9237,"535.8,607.5;536.4,567.2;427.4,565.6;426.9,605.9",True
dt_wsqqt69bw,TPS_00049,0.9236,"207.1,666.0;207.0,586.5;155.5,586.6;155.6,666.1",True
dt_wsqqx6jhc,TPS_00854,0.9236,"650.1,419.9;578.5,361.1;554.9,389.8;626.5,448.6",True
dt_wsqqmthyh,TPS_00296,0.9235,"290.2,713.0;295.9,631.3;259.7,628.8;254.0,710.5",True
dt_wsqqtq6ud,TPS_00151,0.9234,"712.6,649.1;711.5,601.6;592.8,604.4;593.9,651.8",True
dt_wsqqtq4d6,TPS_00688,0.9232,"684.5,538.8;699.4,489.9;666.7,480.0;651.8,528.9",True
dt_wsqqt01ph,TPS_00776,0.9232,"323.6,677.7;334.8,618.7;298.0,611.8;286.8,670.7",True
dt_wsqqqjgqj,TPS_00023,0.9231,"388.9,904.6;394.9,787.6;354.6,785.5;348.6,902.6",True
dt_wsqqv1dkn,TPS_00402,0.9231,"448.1,324.9;442.7,287.9;351.0,301.2;356.4,338.1",True
dt_wsqqqqtfy,TPS_00635,0.9231,"469.4,352.4;470.4,310.8;379.1,308.6;378.1,350.2",True
dt_wsqqmppx3,TPS_00036,0.923,"389.2,438.8;396.3,400.0;318.3,385.6;311.2,424.4",True
dt_wsqqv39vv,TPS_00562,0.9229,"367.8,353.5;363.1,323.4;308.4,331.9;313.1,362.0",True
dt_wsqqt0muw,TPS_00729,0.9229,"452.6,436.6;460.0,399.5;358.3,379.3;351.0,416.5",True
dt_wsqqqx679,TPS_00335,0.9228,"651.6,782.0;649.4,746.6;548.5,753.1;550.7,788.4",True
dt_wsqqmh4gx,TPS_00554,0.9227,"479.7,752.3;482.7,716.2;444.7,713.1;441.7,749.2",True
dt_wsqqmz33w,TPS_00101,0.9225,"489.4,306.8;486.1,265.2;389.6,272.8;392.9,314.5",True
dt_wsqqwyqyt,TPS_00267,0.9225,"633.4,394.6;599.2,317.3;560.2,334.5;594.4,411.8",True
dt_wsqqtunzm,TPS_00057,0.9223,"368.4,774.1;364.8,742.8;308.9,749.2;312.5,780.6",True
dt_wsqqqh46t,TPS_00642,0.9218,"629.1,740.0;603.2,710.0;572.1,736.9;598.0,766.8",True
dt_wsqqw02p8,TPS_02445,0.9218,"349.5,844.6;347.6,800.4;257.9,804.2;259.8,848.4",True
dt_wsqqw02p8,TPS_02447,0.92,"605.5,332.6;603.6,288.3;513.9,292.2;515.8,336.4",False
dt_wsqqt04jw,TPS_00773,0.9217,"141.3,583.9;151.9,536.5;119.8,529.3;109.2,576.7",True
dt_wsqqw9sc0,TPS_00052,0.9214,"344.6,327.1;324.3,285.1;238.7,326.5;259.0,368.5",True
dt_wsqqqrkym,TPS_00145,0.9213,"664.1,249.4;670.8,211.2;548.6,189.9;541.9,228.1",True
dt_wsqqmzckr,TPS_00629,0.9212,"252.8,649.6;255.7,566.2;218.4,564.8;215.4,648.3",True
dt_wsqqwd9w3,TPS_00752,0.9211,"653.9,327.1;619.8,264.3;571.5,290.5;605.5,353.3",True
dt_wsqqmv0jk,TPS_00297,0.9207,"544.7,638.0;543.7,605.8;486.7,607.6;487.7,639.8",True
dt_wsqqwjdtf,TPS_00171,0.9205,"435.4,444.3;433.6,404.7;335.6,409.1;337.4,448.7",True
dt_wsqqm6vz9,TPS_00496,0.9205,"614.7,359.2;567.3,315.6;538.9,346.4;586.3,390.1",True
dt_wsqqqwd6h,TPS_00138,0.9203,"815.0,307.3;808.5,228.9;766.7,232.4;773.1,310.7",True
dt_wsqqt8wcx,TPS_00625,0.9202,"242.4,563.8;246.7,479.3;200.0,476.9;195.6,561.4",True
dt_wsqqqkekb,TPS_01056,0.9202,"305.4,499.1;306.9,446.7;272.0,445.7;270.5,498.1",True
dt_wsqqv6xxq,TPS_00943,0.92,"668.6,386.1;676.4,336.2;646.7,331.5;638.9,381.4",True
dt_wsqqt2tgt,TPS_00132,0.9199,"926.0,260.1;913.7,174.4;858.9,182.2;871.2,267.9",True
dt_wsqqx0t02,TPS_00990,0.9199,"597.0,661.3;589.5,620.1;510.2,634.7;517.8,675.9",True
dt_wsqqx0t02,TPS_01077,0.912,"85.0,661.2;77.3,620.0;-1.4,634.8;6.3,675.9",False
dt_wsqqtf3yq,TPS_02440,0.9196,"473.2,535.4;478.4,450.2;422.5,446.8;417.2,532.0",True
dt_wsqqwgeu6,TPS_00167,0.9193,"725.0,825.7;740.4,735.7;661.4,722.2;646.0,812.2",True
dt_wsqqmj93x,TPS_00111,0.9189,"529.3,1027.5;535.9,989.6;444.9,973.8;438.3,1011.7",True
dt_wsqqm5gu0,TPS_01303,0.9187,"568.7,570.0;577.9,534.6;511.3,517.2;502.1,552.6",True
dt_wsqqtcths,TPS_00649,0.9181,"328.9,864.4;330.1,826.1;283.6,824.6;282.4,862.9",True
dt_wsqqw0eb7,TPS_02453,0.918,"270.3,435.3;274.7,306.7;231.8,305.3;227.5,433.9",True
dt_wsqqky4g4,TPS_02151,0.9177,"433.8,480.7;440.5,402.3;399.8,398.8;393.1,477.2",True
dt_wsqqwt99d,TPS_00108,0.9176,"431.1,664.5;444.5,628.8;377.0,603.5;363.6,639.2",True
dt_wsqqwt99d,TPS_00976,0.9175,"943.1,152.5;956.4,116.8;889.0,91.5;875.6,127.2",False
dt_wsqqmev32,TPS_00612,0.9175,"547.7,341.9;563.7,217.8;521.7,212.4;505.7,336.5",True
dt_wsqqkyrpe,TPS_00192,0.9173,"215.0,559.3;234.2,479.1;199.4,470.8;180.3,551.0",True
dt_wsqqm9hfb,TPS_00017,0.917,"870.5,953.5;865.5,899.4;720.6,912.7;725.6,966.8",True
dt_wsqqt2tfj,TPS_00132,0.9169,"915.0,635.9;912.6,598.3;847.4,602.4;849.7,640.1",True
dt_wsqqxn7q6,TPS_00838,0.9167,"453.7,724.5;467.0,688.7;401.2,664.2;387.9,700.0",True
dt_wsqqwexhg,TPS_00536,0.9165,"767.6,383.2;756.8,305.6;717.2,311.1;728.0,388.7",True
dt_wsqqqr5tw,TPS_00740,0.9162,"452.7,697.0;437.5,664.6;390.1,686.9;405.3,719.3",True
dt_wsqqkuwyb,TPS_00925,0.9157,"291.8,409.2;291.0,374.5;225.6,376.1;226.4,410.9",True
dt_wsqqt2x7x,TPS_00665,0.9155,"531.4,209.8;531.0,167.4;400.5,168.5;400.9,211.0",True
dt_wsqqkuf16,TPS_00922,0.9155,"701.7,449.1;697.6,391.2;658.3,394.0;662.4,451.9",True
dt_wsqqnmx60,TPS_00181,0.9154,"567.9,755.2;565.0,718.9;512.4,723.0;515.3,759.4",True
dt_wsqqktnd6,TPS_00924,0.9154,"438.8,455.3;417.8,422.6;335.4,475.3;356.3,508.0",True
dt_wsqqktnd6,TPS_00924,0.7686,"438.9,455.1;418.2,422.6;341.6,471.5;362.3,504.0",False
dt_wsqqmk407,TPS_00106,0.9153,"1027.0,862.1;1033.2,827.6;970.0,816.3;963.8,850.7",True
dt_wsqqwb4d0,TPS_00935,0.9149,"558.5,559.1;551.3,529.6;510.4,539.5;517.6,569.1",True
dt_wsqqmy165,TPS_00010,0.9143,"504.0,211.3;503.7,171.6;423.9,172.3;424.3,211.9",True
dt_wsqqmmm39,TPS_00048,0.9141,"89.7,731.8;126.9,660.0;98.4,645.2;61.2,717.1",True
dt_wsqqqmrbp,TPS_00312,0.9141,"774.6,446.3;784.1,293.3;736.6,290.3;727.2,443.4",True
dt_wsqqkvm1g,TPS_00070,0.9139,"750.0,417.1;691.8,346.2;659.9,372.4;718.0,443.3",True
dt_wsqqm7cp6,TPS_00264,0.9139,"1004.4,624.6;997.7,587.7;913.4,603.0;920.1,639.9",True
dt_wsqqqqw12,TPS_00635,0.9139,"567.7,743.7;566.9,705.9;493.1,707.3;493.8,745.2",True
dt_wsqqmxhrr,TPS_00300,0.9138,"487.7,715.1;486.4,681.6;423.5,683.9;424.7,717.4",True
dt_wsqqkyh2s,TPS_02415,0.9138,"564.5,657.6;568.1,619.4;490.0,612.0;486.4,650.2",True
dt_wsqqw25gs,TPS_02465,0.9137,"40.4,893.3;17.0,824.4;-25.3,838.8;-1.8,907.7",True
dt_wsqqw25gs,TPS_00447,0.9006,"553.5,381.1;529.2,309.5;459.8,333.1;484.1,404.7",False
dt_wsqqt054y,TPS_00082,0.913,"425.5,614.9;453.4,543.2;413.6,527.7;385.7,599.4",True
dt_wsqqt9sev,TPS_00628,0.913,"661.7,846.4;659.2,810.9;568.9,817.1;571.4,852.6",True
dt_wsqqm9w28,TPS_00281,0.9128,"300.2,348.7;273.3,325.5;236.0,368.9;262.9,392.1",True
dt_wsqqt99sg,TPS_02502,0.9125,"760.9,610.4;775.3,484.5;734.9,479.9;720.5,605.8",True
dt_wsqqt99sg,TPS_02503,0.8095,"251.3,102.7;261.1,-16.8;218.5,-20.3;208.8,99.2",False
dt_wsqqt99sg,TPS_02502,0.5034,"761.7,589.4;772.9,490.6;735.4,486.4;724.2,585.1",False
dt_wsqqwt9e4,TPS_00108,0.9124,"428.4,241.1;445.6,210.7;379.2,173.3;362.1,203.7",True
dt_wsqqwt9e4,TPS_00975,0.9115,"172.2,1009.1;189.4,978.7;123.4,941.3;106.2,971.7",False
dt_wsqqmd17v,TPS_00102,0.9123,"693.6,78.7;626.4,1.4;583.6,38.6;650.8,115.9",True
dt_wsqqmqzux,TPS_00708,0.9122,"487.3,666.0;492.4,629.9;433.3,621.6;428.2,657.7",True
dt_wsqqwjdsc,TPS_00171,0.912,"346.7,734.3;351.5,640.7;308.9,638.5;304.1,732.1",True
dt_wsqqksvgd,TPS_00965,0.9118,"725.5,859.0;751.9,814.2;672.8,767.5;646.4,812.2",True
dt_wsqqw9mne,TPS_01840,0.9117,"769.7,546.5;754.1,515.8;700.8,542.9;716.4,573.7",True
dt_wsqqmr8w9,TPS_00037,0.9116,"838.4,533.8;880.2,431.0;844.0,416.2;802.1,519.1",True
dt_wsqqmn4v6,TPS_02417,0.9116,"185.2,590.7;192.9,516.4;154.1,512.3;146.3,586.6",True
dt_wsqqkv0h5,TPS_00184,0.9114,"540.1,790.7;540.2,740.4;454.0,740.3;453.9,790.7",True
dt_wsqqv6zd3,TPS_00515,0.9112,"371.5,800.9;363.3,748.5;307.4,757.3;315.6,809.6",True
dt_wsqqt5x44,TPS_01225,0.9109,"477.8,373.2;475.4,325.7;361.3,331.5;363.7,379.0",True
dt_wsqqqn9jx,TPS_00582,0.9107,"526.0,348.9;522.8,312.1;434.1,319.8;437.3,356.6",True
dt_wsqqmnxq7,TPS_00124,0.9102,"1001.7,912.4;1009.2,879.9;991.2,875.7;983.7,908.2",True
dt_wsqqnp335,TPS_00233,0.9097,"503.8,356.7;524.6,300.7;419.4,261.7;398.6,317.7",True
dt_wsqqtf3xp,TPS_02438,0.9095,"505.7,811.4;515.3,777.3;445.5,757.7;435.9,791.7",True
dt_wsqqtf3xp,TPS_01173,0.8778,"761.7,44.2;772.0,8.3;701.3,-11.9;691.0,24.0",False
dt_wsqqmx3sw,TPS_00003,0.9091,"923.6,761.3;925.7,702.7;887.7,701.4;885.7,760.0",True
dt_wsqqmy9s9,TPS_00105,0.909,"629.8,846.3;629.0,805.8;540.2,807.6;541.0,848.1",True
dt_wsqqmkvh4,TPS_00342,0.909,"402.5,518.7;420.2,437.3;382.3,429.1;364.6,510.5",True
dt_wsqqtq7t9,TPS_00343,0.909,"359.6,679.3;358.8,584.2;308.5,584.6;309.4,679.7",True
dt_wsqqv1d6t,TPS_00402,0.9089,"376.1,754.0;369.1,709.3;327.1,715.9;334.0,760.5",True
dt_wsqqm7hy4,TPS_00488,0.9088,"725.2,312.8;692.1,278.3;666.2,303.1;699.4,337.7",True
dt_wsqqw03xr,TPS_01153,0.9088,"1019.1,653.1;1016.8,614.9;952.5,618.7;954.7,656.9",True
dt_wsqqw03xr,TPS_00243,0.9059,"507.1,909.1;504.8,870.8;440.4,874.8;442.8,913.0",False
dt_wsqqt8s4h,TPS_00623,0.9083,"294.8,721.9;296.9,598.1;251.7,597.3;249.6,721.1",True
dt_wsqqqxmcb,TPS_00336,0.9082,"588.8,990.3;565.1,939.4;504.3,967.8;528.0,1018.6",True
dt_wsqqmr364,TPS_00173,0.9081,"474.5,689.6;480.6,654.2;410.2,642.0;404.1,677.4",True
dt_wsqqjtwfe,TPS_01094,0.9079,"489.6,624.7;507.0,571.2;479.9,562.4;462.5,615.9",True
dt_wsqqv39m1,TPS_00089,0.9066,"905.6,352.9;897.7,275.5;857.4,279.6;865.3,357.0",True
dt_wsqqwdx0y,TPS_00897,0.9064,"402.7,372.8;431.5,320.6;397.8,302.0;369.0,354.2",True
dt_wsqqve200,TPS_01087,0.9056,"824.8,489.6;832.3,425.4;794.4,421.0;786.9,485.1",True
dt_wsqqve200,TPS_01087,0.7573,"824.2,493.1;832.6,422.2;793.8,417.7;785.4,488.5",False
dt_wsqqmx3ts,TPS_00003,0.9055,"862.4,462.0;862.0,423.9;783.6,424.8;784.1,462.9",True
dt_wsqqmgnnh,TPS_00674,0.9054,"298.4,556.6;277.8,532.8;225.0,578.5;245.7,602.3",True
dt_wsqqmgnnh,TPS_00674,0.5469,"300.1,556.0;279.7,531.8;223.1,579.5;243.5,603.7",False
dt_wsqqwdx27,TPS_00897,0.9054,"751.3,466.6;777.0,416.9;748.2,402.0;722.5,451.7",True
dt_wsqqt0y91,TPS_00153,0.9051,"657.8,726.6;665.0,688.3;557.9,668.2;550.7,706.5",True
dt_wsqqmwsve,TPS_00042,0.9047,"1025.5,870.7;1025.0,834.4;913.9,835.9;914.4,872.2",True
dt_wsqqkv8by,TPS_01695,0.9045,"154.6,1031.8;160.0,978.0;121.0,974.1;115.5,1027.8",True
dt_wsqqkv8by,TPS_00931,0.6787,"412.1,553.5;417.3,459.4;372.1,456.9;366.9,550.9",False
dt_wsqqkv8by,TPS_00931,0.6268,"410.7,554.9;417.3,463.8;374.2,460.7;367.5,551.8",False
dt_wsqqtyxzx,TPS_00535,0.9043,"465.8,358.5;486.1,327.4;453.0,305.8;432.7,336.9",True
dt_wsqqqj5e2,TPS_00040,0.9042,"562.5,729.8;563.2,692.2;491.5,690.9;490.8,728.5",True
dt_wsqqtvcvq,TPS_00997,0.9042,"423.5,390.5;420.5,352.7;399.1,354.4;402.0,392.2",True
dt_wsqqwt7t9,TPS_00498,0.9041,"671.1,238.1;673.8,204.8;558.9,195.5;556.2,228.8",True
dt_wsqqmx1qq,TPS_00706,0.9041,"176.4,453.5;164.6,410.9;94.4,430.3;106.1,472.9",True
dt_wsqqqm9hq,TPS_02434,0.9039,"416.8,544.2;415.6,478.8;367.0,479.7;368.2,545.0",True
dt_wsqqqjhgd,TPS_00073,0.9038,"133.6,722.9;163.0,599.1;124.4,590.0;95.0,713.7",True
dt_wsqqt1gsu,TPS_00903,0.9037,"792.6,365.0;786.9,262.0;745.5,264.3;751.2,367.3",True
dt_wsqqt1gsu,TPS_00903,0.5767,"790.1,365.7;786.6,259.3;747.6,260.6;751.1,367.0",False
dt_wsqqqwuxs,TPS_00352,0.9036,"325.6,558.3;323.1,517.1;265.5,520.6;268.0,561.8",True
dt_wsqqky4gq,TPS_02151,0.9036,"693.1,431.6;713.1,336.1;673.8,327.8;653.8,423.3",True
dt_wsqqmprum,TPS_00725,0.9033,"652.0,324.0;661.2,284.3;547.6,258.0;538.4,297.8",True
dt_wsqqtcj03,TPS_01115,0.903,"372.4,974.0;374.2,907.4;336.1,906.4;334.3,973.0",True
dt_wsqqtcj03,TPS_02318,0.9028,"884.4,717.9;886.3,651.3;848.1,650.2;846.3,716.9",False
dt_wsqqqxk7p,TPS_00149,0.9022,"803.6,648.4;802.1,612.9;681.4,618.1;682.9,653.6",True
dt_wsqqqxk7p,TPS_00149,0.5001,"808.1,648.7;806.4,614.2;682.3,620.1;683.9,654.6",False
dt_wsqqm6yb5,TPS_00644,0.9022,"767.2,246.7;687.2,163.7;653.4,196.3;733.4,279.3",True
dt_wsqqw22nr,TPS_01184,0.9022,"475.7,705.2;472.7,667.6;421.9,671.7;424.9,709.2",True
dt_wsqqw22nr,TPS_01184,0.6084,"475.7,706.1;472.4,668.0;422.2,672.4;425.6,710.6",False
dt_wsqqtu1zs,TPS_01190,0.9019,"605.4,215.4;604.5,170.6;511.4,172.6;512.3,217.4",True
dt_wsqqtu1zs,TPS_01189,0.896,"349.6,983.3;348.4,938.4;255.1,941.0;256.3,985.8",False
dt_wsqqjtq7w,TPS_00176,0.9018,"452.1,87.0;472.8,26.3;442.3,15.9;421.6,76.6",True
dt_wsqqt99t5,TPS_02501,0.9013,"511.5,1028.9;512.0,1003.8;475.0,1003.0;474.4,1028.0",True
dt_wsqqmy377,TPS_00577,0.9009,"214.9,671.2;217.2,598.0;177.4,596.8;175.1,669.9",True
dt_wsqqmxutd,TPS_01401,0.9007,"665.0,611.3;671.8,467.9;628.2,465.9;621.4,609.3",True
dt_wsqqt838p,TPS_00714,0.9002,"766.8,397.4;765.8,352.9;740.3,353.4;741.3,398.0",True
dt_wsqqku6p6,TPS_00183,0.9001,"687.0,480.9;678.5,369.5;637.4,372.6;645.9,484.0",True
dt_wsqqm8t97,TPS_00113,0.9,"753.4,724.1;733.3,683.8;656.3,722.3;676.4,762.5",True
dt_wsqqwt01h,TPS_00995,0.8995,"580.5,448.0;595.5,418.3;523.8,382.1;508.8,411.8",True
dt_wsqqmv1nx,TPS_00039,0.8994,"229.7,363.6;236.4,245.8;187.6,243.0;180.9,360.8",True
dt_wsqqvbcf0,TPS_00952,0.8994,"360.3,251.4;351.2,220.8;269.1,245.3;278.2,275.8",True
dt_wsqqt4eek,TPS_00078,0.8989,"836.1,414.4;833.9,369.5;797.7,371.3;799.9,416.1",True
dt_wsqqq51m5,TPS_00666,0.8982,"531.8,596.6;483.8,553.0;457.9,581.5;505.8,625.1",True
dt_wsqqv38gy,TPS_00089,0.898,"161.0,676.4;160.0,610.1;95.8,611.0;96.8,677.4",True
dt_wsqqmpse2,TPS_00886,0.8977,"570.9,891.1;578.2,840.4;498.0,828.9;490.7,879.7",True
dt_wsqqwn8ve,TPS_00380,0.8976,"525.4,194.4;535.1,158.1;453.9,136.5;444.2,172.9",True
dt_wsqqtbt08,TPS_01118,0.897,"793.2,650.5;802.7,511.0;750.6,507.5;741.1,647.0",True
dt_wsqqmk9z8,TPS_01655,0.897,"302.8,450.9;314.8,395.5;280.2,388.0;268.2,443.4",True
dt_wsqqqm53g,TPS_00133,0.8968,"537.7,856.0;535.7,817.2;437.4,822.2;439.4,861.1",True
dt_wsqqt0gyh,TPS_00156,0.8965,"62.9,612.3;61.7,533.0;-11.9,534.2;-10.7,613.4",True
dt_wsqquukq6,TPS_01015,0.8957,"462.6,693.3;405.6,635.6;376.8,664.1;433.8,721.8",True
dt_wsqqt99vd,TPS_02500,0.8956,"204.5,628.4;210.1,519.6;165.4,517.3;159.8,626.0",True
dt_wsqqt99vd,TPS_02501,0.8912,"972.5,884.1;978.1,776.0;933.5,773.7;927.9,881.8",False
dt_wsqqksj14,TPS_00920,0.8944,"693.3,411.0;633.8,339.7;602.3,366.0;661.8,437.2",True
dt_wsqqky4fs,TPS_02151,0.8939,"607.2,572.9;611.2,532.9;533.9,525.1;529.9,565.1",True
dt_wsqqt6cvk,TPS_00321,0.8937,"843.4,650.2;838.7,611.7;776.0,619.4;780.7,657.8",True
dt_wsqqtmf1c,TPS_00503,0.8936,"615.2,640.5;644.5,576.5;616.0,563.5;586.7,627.5",True
dt_wsqqnp1rf,TPS_00233,0.8935,"451.6,723.3;465.4,688.7;415.6,668.7;401.7,703.4",True
dt_wsqquv1tk,TPS_01987,0.8935,"309.2,80.1;258.1,5.1;226.7,26.4;277.8,101.5",True
dt_wsqqmwc7j,TPS_02493,0.8933,"937.6,309.3;947.5,266.7;836.0,240.8;826.1,283.3",True
dt_wsqqwm2me,TPS_00968,0.8928,"491.6,969.3;500.2,929.2;420.9,912.2;412.3,952.3",True
dt_wsqqmj6z1,TPS_00103,0.8922,"647.0,950.5;622.2,887.3;512.0,930.5;536.7,993.7",True
dt_wsqqt91e7,TPS_02504,0.892,"1013.1,390.8;1011.2,357.0;959.3,359.9;961.1,393.7",True
dt_wsqqt91e7,TPS_00055,0.7972,"245.4,390.7;243.5,356.9;191.1,359.9;193.0,393.7",False
dt_wsqqqj5kg,TPS_00040,0.8915,"240.9,314.1;246.4,215.6;205.5,213.4;200.1,311.9",True
dt_wsqqm5zqe,TPS_00822,0.8911,"503.0,389.4;513.6,349.4;428.6,327.0;418.1,367.1",True
dt_wsqqmkvhp,TPS_00342,0.8908,"757.3,459.9;772.5,377.9;729.2,369.8;713.9,451.9",True
dt_wsqqqn72z,TPS_00403,0.8902,"473.2,648.7;477.6,594.4;439.0,591.3;434.6,645.6",True
dt_wsqqtvdhd,TPS_00115,0.8901,"709.7,345.1;698.9,248.1;657.4,252.7;668.2,349.7",True
dt_wsqqjxnrn,TPS_00359,0.8899,"461.8,401.5;431.9,343.0;395.5,361.5;425.3,420.1",True
dt_wsqqmzugz,TPS_02539,0.8895,"756.7,806.6;768.4,688.7;713.5,683.3;701.8,801.1",True
dt_wsqqmzugz,TPS_01207,0.6974,"248.9,1032.7;253.6,943.9;200.0,941.1;195.3,1029.9",False
dt_wsqqkus9w,TPS_00926,0.8891,"693.9,817.8;676.5,789.7;610.1,831.0;627.5,859.0",True
dt_wsqqqm9jp,TPS_02434,0.8885,"514.3,317.4;511.8,280.5;450.1,284.8;452.7,321.6",True
dt_wsqqwepvv,TPS_00819,0.8881,"354.2,579.9;370.7,486.1;325.2,478.1;308.7,571.8",True
dt_wsqqtq6ws,TPS_00151,0.8879,"380.1,120.2;375.1,78.2;253.6,92.5;258.6,134.5",True
dt_wsqqkzzpr,TPS_00774,0.8875,"768.5,340.2;796.5,231.1;751.0,219.5;723.1,328.6",True
dt_wsqqqrctd,TPS_02461,0.8861,"422.0,101.9;386.3,2.3;352.3,14.4;388.0,114.1",True
dt_wsqqqrctd,TPS_02460,0.8845,"933.9,101.9;898.5,2.3;864.4,14.4;899.9,114.1",False
dt_wsqqqrctd,TPS_02460,0.8291,"933.9,97.2;900.3,3.8;864.4,16.8;897.9,110.1",False
dt_wsqqqrctd,TPS_02461,0.7907,"421.8,97.4;388.3,3.7;352.4,16.6;385.9,110.2",False
dt_wsqqkg321,TPS_00794,0.8858,"859.8,299.7;893.6,239.0;865.4,223.3;831.6,284.0",True
dt_wsqqkwp6y,TPS_00796,0.8858,"464.5,761.3;403.0,708.5;377.2,738.6;438.7,791.4",True
dt_wsqqksvv6,TPS_00965,0.8856,"712.4,374.7;641.4,288.4;612.0,312.6;683.1,398.9",True
dt_wsqqxn7x4,TPS_00838,0.8854,"932.6,535.0;946.9,509.0;866.4,464.7;852.1,490.7",True
dt_wsqqqq5re,TPS_00636,0.8852,"562.5,427.8;561.7,391.1;437.5,393.8;438.3,430.6",True
dt_wsqqmpvw9,TPS_00157,0.8851,"372.1,778.5;379.8,724.7;298.6,713.1;291.0,766.9",True
dt_wsqqn5yyz,TPS_00212,0.8848,"512.5,422.0;498.2,381.2;479.4,387.8;493.6,428.6",True
dt_wsqqqrhc3,TPS_01543,0.8847,"590.0,375.8;588.4,346.7;568.3,347.8;569.9,376.9",True
dt_wsqqx52ts,TPS_01005,0.8844,"587.2,386.0;602.9,352.9;545.5,325.6;529.7,358.7",True
dt_wsqqkvyqx,TPS_01075,0.8844,"1025.0,471.8;1034.7,401.2;996.7,395.9;987.0,466.6",True
dt_wsqqmr9st,TPS_01858,0.8843,"645.1,305.4;655.1,264.7;579.8,246.2;569.8,286.8",True
dt_wsqqmg978,TPS_00131,0.8842,"593.4,877.3;591.8,812.5;486.8,815.0;488.3,879.8",True
dt_wsqqwyhf2,TPS_01025,0.8838,"351.6,236.0;331.5,210.1;277.5,252.0;297.6,277.9",True
dt_wsqqqm14x,TPS_00603,0.8837,"523.7,689.5;522.3,650.7;458.7,653.0;460.1,691.8",True
dt_wsqqw69sd,TPS_02491,0.8836,"203.3,35.6;193.5,-13.9;89.7,6.6;99.5,56.1",True
dt_wsqqw8nt1,TPS_00986,0.883,"392.7,497.8;384.6,456.3;314.4,470.0;322.5,511.5",True
dt_wsqqt3sje,TPS_01574,0.8822,"526.1,671.0;533.6,543.1;492.1,540.7;484.6,668.6",True
dt_wsqqtf3us,TPS_02439,0.8822,"575.1,263.3;573.1,225.5;478.7,230.5;480.7,268.3",True
dt_wsqqkv91f,TPS_01695,0.8819,"456.5,721.9;455.0,679.0;378.2,681.6;379.6,724.5",True
dt_wsqqkv91f,TPS_00931,0.8802,"712.4,209.9;711.0,167.1;634.2,169.6;635.7,212.5",False
dt_wsqqt21jy,TPS_00331,0.8817,"137.7,528.7;154.1,458.4;120.8,450.7;104.4,520.9",True
dt_wsqqkttdc,TPS_00159,0.8816,"664.8,233.5;687.8,190.5;602.2,144.7;579.2,187.7",True
dt_wsqqx0z4s,TPS_00983,0.881,"587.0,41.6;579.9,5.6;543.3,12.9;550.5,48.9",True
dt_wsqqqnesz,TPS_00071,0.8807,"783.7,295.4;787.1,206.7;713.1,203.9;709.7,292.5",True
dt_wsqqxnm81,TPS_01130,0.8807,"600.9,434.5;603.4,401.9;555.7,398.1;553.1,430.8",True
dt_wsqqmw1dg,TPS_00014,0.8806,"755.0,290.0;763.2,149.4;715.3,146.6;707.1,287.2",True
dt_wsqqmzuhg,TPS_00099,0.8803,"779.2,515.9;777.7,484.9;723.7,487.6;725.2,518.5",True
dt_wsqqmx6fm,TPS_00328,0.8785,"683.2,409.9;696.2,372.5;590.2,335.7;577.2,373.1",True
dt_wsqqmx6fm,TPS_00328,0.8375,"683.6,410.7;696.6,372.4;588.6,335.8;575.6,374.1",False
dt_wsqqmwj2e,TPS_00072,0.8777,"528.2,695.4;527.4,594.5;488.3,594.8;489.0,695.7",True
dt_wsqqmxuju,TPS_00306,0.8775,"360.6,455.0;361.1,413.5;217.5,411.8;217.0,453.3",True
dt_wsqqwm2q8,TPS_00968,0.8774,"255.5,747.4;317.4,667.9;274.4,634.5;212.5,713.9",True
dt_wsqqmzm1b,TPS_02550,0.8773,"828.6,244.9;829.7,208.0;761.3,206.0;760.2,242.9",True
dt_wsqqmzm1b,TPS_01237,0.8769,"316.6,756.9;317.7,720.0;249.4,718.0;248.4,754.9",False
dt_wsqqktt33,TPS_00159,0.8772,"145.1,654.1;154.2,552.0;81.4,545.4;72.2,647.6",True
dt_wsqqqwy68,TPS_01621,0.877,"114.7,949.3;98.3,908.8;-0.9,948.9;15.4,989.4",True
dt_wsqqwt009,TPS_00995,0.8769,"364.2,589.7;422.7,508.0;396.0,488.9;337.5,570.6",True
dt_wsqqv1zvz,TPS_00561,0.876,"759.4,416.9;720.4,341.5;685.8,359.4;724.8,434.8",True
dt_wsqqtfq6z,TPS_01172,0.8758,"502.2,756.4;512.7,722.5;424.5,695.3;414.1,729.3",True
dt_wsqqtfq6z,TPS_02436,0.8359,"1017.9,245.2;1028.0,210.9;934.9,183.7;924.9,217.9",False
dt_wsqqx3we0,TPS_00842,0.8756,"323.3,535.4;323.0,479.5;270.9,479.8;271.3,535.7",True
dt_wsqqmyp0g,TPS_00013,0.8755,"729.7,303.3;728.8,220.3;678.8,220.9;679.8,303.9",True
dt_wsqqxn6zc,TPS_01278,0.8754,"600.6,547.7;605.0,509.4;556.6,503.9;552.3,542.2",True
dt_wsqqmvpsw,TPS_00038,0.8753,"203.7,645.4;202.6,552.1;146.7,552.8;147.8,646.1",True
dt_wsqqx6hfg,TPS_00854,0.875,"288.3,912.6;238.1,867.6;208.0,901.3;258.1,946.3",True
dt_wsqqm9h4k,TPS_00382,0.8744,"838.4,757.3;825.3,727.0;780.6,746.2;793.6,776.5",True
dt_wsqqmkv5j,TPS_00342,0.8737,"657.4,749.7;671.5,653.0;580.2,639.7;566.1,736.5",True
dt_wsqqtb9f4,TPS_01152,0.8736,"438.7,447.7;441.5,332.1;385.6,330.8;382.8,446.4",True
dt_wsqqqxf7f,TPS_00148,0.8726,"683.9,309.0;681.8,256.3;644.4,257.7;646.4,310.4",True
dt_wsqqwbyxt,TPS_00162,0.8726,"691.6,658.8;680.3,611.7;568.4,638.6;579.7,685.7",True
dt_wsqqqxmgj,TPS_00336,0.8724,"875.6,699.5;917.8,626.2;872.5,600.1;830.3,673.5",True
dt_wsqqmr2jc,TPS_00332,0.872,"606.8,691.2;652.0,565.1;610.6,550.3;565.4,676.4",True
dt_wsqqt0up0,TPS_00156,0.871,"321.2,311.6;310.6,260.4;214.2,280.3;224.8,331.6",True
dt_wsqqx52g8,TPS_01005,0.8708,"812.3,939.0;833.4,894.0;788.5,873.0;767.5,918.0",True
dt_wsqqqj5mh,TPS_00040,0.8706,"380.2,212.2;377.3,155.3;248.7,161.8;251.6,218.7",True
dt_wsqqwmy46,TPS_00365,0.8704,"146.0,978.6;186.5,884.8;147.1,867.7;106.5,961.6",True
dt_wsqqkttdm,TPS_00159,0.8699,"875.8,339.6;872.9,284.8;801.8,288.6;804.7,343.4",True
dt_wsqqwq1k3,TPS_00499,0.8693,"635.9,232.8;645.7,191.9;518.0,161.3;508.2,202.2",True
dt_wsqqwq1k3,TPS_00499,0.6848,"637.0,232.9;646.6,195.1;523.6,163.9;514.0,201.6",False
dt_wsqqt6krc,TPS_00785,0.8682,"614.4,864.8;614.2,829.5;557.5,829.8;557.7,865.2",True
dt_wsqqme4zd,TPS_00270,0.8673,"661.3,497.1;678.2,368.3;636.8,362.8;619.8,491.7",True
dt_wsqqw8tc7,TPS_00755,0.8673,"776.9,107.4;788.6,67.3;706.0,43.1;694.3,83.2",True
dt_wsqqmnkgj,TPS_02096,0.8673,"421.9,237.8;431.0,198.1;303.3,168.9;294.2,208.5",True
dt_wsqqmw18g,TPS_00014,0.8665,"752.3,880.8;755.4,742.4;716.0,741.6;713.0,879.9",True
dt_wsqqmuszu,TPS_00064,0.8656,"54.9,645.6;53.6,585.5;17.4,586.3;18.8,646.4",True
dt_wsqqtes13,TPS_01221,0.8653,"669.7,110.1;668.7,75.2;609.5,77.0;610.5,111.9",True
dt_wsqqmgrzw,TPS_00001,0.865,"696.1,987.2;658.1,946.4;630.6,972.0;668.7,1012.9",True
dt_wsqqmv9m9,TPS_00549,0.8641,"340.1,682.7;341.8,618.3;304.5,617.4;302.9,681.7",True
dt_wsqqwmzb4,TPS_02041,0.8637,"453.2,553.7;462.7,524.0;430.6,513.7;421.1,543.4",True
dt_wsqqmxusb,TPS_01401,0.8635,"612.7,765.0;611.1,725.4;494.2,730.1;495.8,769.8",True
dt_wsqqkyz54,TPS_02296,0.8629,"699.3,319.6;706.3,278.9;606.0,261.8;599.1,302.5",True
dt_wsqqwg9t1,TPS_00820,0.8616,"660.8,812.9;658.1,771.7;590.7,776.2;593.5,817.4",True
dt_wsqqkg0zp,TPS_00794,0.8615,"220.6,624.8;246.8,579.5;220.2,564.2;194.1,609.5",True
dt_wsqqt49eq,TPS_00711,0.8588,"523.2,133.4;520.8,82.8;371.2,89.9;373.6,140.5",True
dt_wsqquwxq5,TPS_01013,0.8584,"260.1,616.9;235.0,563.8;197.3,581.6;222.5,634.7",True
dt_wsqqqnet3,TPS_00071,0.8583,"368.4,184.0;366.0,147.0;288.3,152.0;290.6,189.0",True
dt_wsqqqxf4u,TPS_00148,0.8582,"324.2,559.2;327.8,506.0;290.0,503.4;286.3,556.6",True
dt_wsqqt3djq,TPS_00143,0.8581,"453.9,425.0;451.8,384.6;423.7,386.0;425.8,426.5",True
dt_wsqqmwsyg,TPS_00042,0.857,"1039.7,515.5;1031.8,422.0;966.9,427.5;974.8,521.0",True
dt_wsqqtptqh,TPS_00154,0.8563,"39.6,445.6;8.2,407.7;-28.8,438.3;2.7,476.3",True
dt_wsqqm5d89,TPS_01054,0.856,"931.0,199.1;929.0,150.4;834.5,154.3;836.5,202.9",True
dt_wsqqm5d89,TPS_00385,0.8229,"419.0,455.1;417.0,406.4;322.5,410.2;324.5,458.9",False
dt_wsqqrrmer,TPS_00194,0.8541,"731.7,564.8;703.9,515.0;676.3,530.4;704.2,580.2",True
dt_wsqqv205f,TPS_00959,0.854,"221.6,356.8;198.1,323.9;112.8,384.8;136.2,417.7",True
dt_wsqqt8x4c,TPS_00625,0.8536,"394.9,161.4;394.0,123.0;267.0,126.1;267.9,164.5",True
dt_wsqqmv92r,TPS_00571,0.8532,"746.4,398.1;752.1,294.1;710.4,291.8;704.7,395.9",True
dt_wsqqqm97c,TPS_02434,0.8526,"649.8,629.4;645.7,593.1;587.0,599.8;591.2,636.1",True
dt_wsqqwm2rw,TPS_00968,0.8521,"756.6,442.9;659.8,357.6;627.9,393.8;724.7,479.0",True
dt_wsqqqn00g,TPS_00128,0.8514,"529.5,13.5;528.6,-6.9;457.0,-3.7;457.9,16.7",True
dt_wsqqmx1wt,TPS_00706,0.8513,"658.3,440.3;658.8,354.5;621.3,354.3;620.8,440.1",True
dt_wsqqnmmn8,TPS_02432,0.8513,"37.6,213.3;20.0,173.8;-16.3,189.9;1.3,229.4",True
dt_wsqqt28w7,TPS_00152,0.8508,"986.0,525.6;1002.2,445.0;953.5,435.2;937.3,515.8",True
dt_wsqqme4sw,TPS_00646,0.8508,"730.2,814.0;732.7,746.0;622.3,741.9;619.8,810.0",True
dt_wsqqt899y,TPS_00136,0.8502,"726.1,745.6;724.0,699.5;613.1,704.4;615.2,750.6",True
dt_wsqqn7cnv,TPS_00033,0.8501,"399.6,861.4;390.3,838.0;354.7,852.1;364.0,875.5",True
dt_wsqqt2td7,TPS_00132,0.85,"239.6,580.0;236.3,497.3;178.4,499.6;181.7,582.3",True
dt_wsqqkszy3,TPS_01059,0.8479,"829.3,338.0;866.0,268.2;835.9,252.4;799.2,322.1",True
dt_wsqqx134w,TPS_01739,0.8466,"727.5,607.4;709.5,566.6;635.8,599.0;653.7,639.8",True
dt_wsqqmtkut,TPS_01389,0.8465,"340.3,639.3;340.8,594.9;309.8,594.5;309.2,638.9",True
dt_wsqqmzc8j,TPS_02537,0.846,"672.4,317.7;671.1,273.1;535.5,277.3;536.9,321.9",True
dt_wsqqmzc8j,TPS_02538,0.8415,"160.4,829.6;158.9,785.0;23.6,789.4;25.1,834.0",False
dt_wsqqmzc8j,TPS_02538,0.6624,"162.1,828.4;159.5,784.2;31.6,791.7;34.2,835.9",False
dt_wsqqmzc8j,TPS_02537,0.633,"674.2,316.4;671.6,272.2;543.5,279.6;546.1,323.8",False
dt_wsqqqxjkd,TPS_00802,0.8451,"693.6,693.5;725.1,647.7;699.5,630.0;667.9,675.9",True
dt_wsqqmh2pb,TPS_00824,0.8442,"293.7,363.0;308.3,285.0;265.5,277.0;250.9,355.0",True
dt_wsqqkyqb6,TPS_00119,0.8441,"168.3,572.9;208.0,427.5;171.3,417.4;131.6,562.9",True
dt_wsqqkyz8r,TPS_00280,0.844,"558.1,615.4;564.5,578.8;443.8,557.7;437.4,594.2",True
dt_wsqqt49ef,TPS_00711,0.8439,"189.7,24.0;208.8,-3.3;188.3,-17.7;169.2,9.6",True
dt_wsqqqtbjr,TPS_00660,0.842,"736.1,522.0;713.2,491.9;675.5,520.7;698.5,550.7",True
dt_wsqqmjt81,TPS_00067,0.8416,"165.8,177.6;169.3,137.5;45.2,126.7;41.7,166.8",True
dt_wsqqmjt81,TPS_00067,0.6445,"170.1,177.3;172.9,138.0;43.5,128.6;40.6,167.8",False
dt_wsqqt3xtc,TPS_01452,0.8406,"439.6,256.0;437.1,218.3;327.4,225.6;330.0,263.3",True
dt_wsqqv587x,TPS_00884,0.8405,"780.3,316.8;727.1,248.8;698.0,271.5;751.1,339.5",True
dt_wsqqqne7z,TPS_00071,0.8403,"268.5,618.5;274.8,515.5;237.4,513.2;231.2,616.2",True
dt_wsqqt646s,TPS_00324,0.8401,"607.6,775.5;607.9,738.0;537.2,737.3;536.8,774.8",True
dt_wsqqqxfhn,TPS_00148,0.8387,"427.7,220.7;423.2,181.7;368.7,187.9;373.2,227.0",True
dt_wsqqkvd94,TPS_00919,0.8382,"653.5,427.3;666.6,332.1;630.3,327.1;617.2,422.3",True
dt_wsqqm9hmy,TPS_00017,0.8377,"243.8,64.1;220.9,-7.1;65.7,42.8;88.6,114.0",True
dt_wsqqtc9us,TPS_00135,0.8369,"798.4,389.9;805.1,259.4;764.7,257.3;758.0,387.8",True
dt_wsqqt5eex,TPS_00465,0.8367,"476.7,272.4;482.1,153.3;440.5,151.4;435.1,270.5",True
dt_wsqqwcn9n,TPS_00162,0.8364,"698.4,317.7;676.6,197.6;606.3,210.3;628.1,330.4",True
dt_wsqqv68pc,TPS_02360,0.8361,"450.1,424.9;426.6,385.5;304.0,458.6;327.5,498.1",True
dt_wsqqtdhfb,TPS_01431,0.8336,"534.6,471.0;532.7,400.0;498.3,400.9;500.2,471.9",True
dt_wsqqvk170,TPS_02322,0.8331,"18.8,286.8;24.5,252.5;0.2,248.4;-5.5,282.8",True
dt_wsqqkv4h6,TPS_00928,0.8321,"682.1,485.6;703.7,360.8;664.7,354.1;643.2,478.8",True
dt_wsqqmjnu5,TPS_00552,0.8317,"777.1,225.9;741.5,172.7;712.9,191.9;748.5,245.0",True
dt_wsqqt5wfe,TPS_02526,0.8317,"285.2,1029.2;284.7,957.0;220.9,957.5;221.5,1029.7",True
dt_wsqqmr5yu,TPS_00889,0.831,"386.7,621.3;397.3,572.5;239.7,538.3;229.0,587.1",True
dt_wsqqmr5yu,TPS_01883,0.8291,"898.9,365.4;909.5,316.6;751.6,282.2;741.0,331.1",False
dt_wsqqkzzpv,TPS_00774,0.8309,"650.6,190.9;658.3,139.9;605.1,131.9;597.4,182.9",True
dt_wsqqt6mzt,TPS_00045,0.8308,"901.2,670.4;900.9,642.3;789.9,643.3;790.2,671.4",True
dt_wsqqt6mzt,TPS_00045,0.8094,"899.1,670.6;898.8,641.9;789.8,643.1;790.1,671.7",False
dt_wsqqqm57b,TPS_00133,0.8302,"352.9,350.0;349.8,308.3;260.8,315.0;264.0,356.7",True
dt_wsqqkvyrq,TPS_01075,0.8297,"945.1,266.1;954.9,221.0;922.8,214.0;913.0,259.2",True
dt_wsqqwgwgx,TPS_00391,0.8292,"487.5,222.9;497.9,195.1;443.2,174.6;432.7,202.4",True
dt_wsqqw847c,TPS_00982,0.8292,"654.7,591.6;657.5,477.3;616.1,476.3;613.3,590.6",True
dt_wsqqwg5s7,TPS_01004,0.8283,"719.6,435.2;727.2,369.2;692.3,365.2;684.8,431.2",True
dt_wsqqmuv24,TPS_00064,0.8282,"966.5,582.6;965.6,542.4;930.0,543.2;930.8,583.4",True
dt_wsqqmv5n9,TPS_00286,0.8277,"373.7,320.3;371.1,285.6;317.6,289.7;320.2,324.4",True
dt_wsqqxhmrj,TPS_01024,0.8274,"602.4,647.3;599.5,608.3;550.2,611.9;553.1,650.8",True
dt_wsqqtcj2p,TPS_01114,0.8263,"773.3,304.4;767.9,249.2;723.2,253.6;728.6,308.8",True
dt_wsqqt3tw4,TPS_01491,0.8261,"471.0,452.7;472.3,413.9;352.1,409.6;350.7,448.5",True
dt_wsqqmhhjx,TPS_00122,0.8241,"523.0,171.2;533.2,134.8;431.6,106.3;421.4,142.8",True
dt_wsqqt0y9u,TPS_00153,0.8238,"780.5,509.5;800.2,433.1;763.3,423.5;743.6,499.9",True
dt_wsqqwghb4,TPS_02056,0.8221,"145.1,695.0;176.4,592.0;133.1,578.8;101.7,681.8",True
dt_wsqqmmprj,TPS_00315,0.8217,"617.0,650.7;616.7,614.3;569.4,614.7;569.8,651.2",True
dt_wsqqt8seh,TPS_00624,0.8214,"834.4,453.2;840.6,315.4;790.9,313.2;784.6,450.9",True
dt_wsqqvs18t,TPS_00946,0.8213,"625.8,741.2;665.6,684.5;639.4,666.1;599.6,722.8",True
dt_wsqqx3ytb,TPS_00853,0.8212,"586.1,315.7;605.0,288.9;565.1,260.8;546.2,287.6",True
dt_wsqqmne49,TPS_02249,0.8207,"339.5,485.3;356.7,346.4;313.4,341.0;296.2,480.0",True
dt_wsqqt29gs,TPS_00051,0.8197,"271.9,740.1;286.9,655.3;240.2,647.1;225.2,731.9",True
dt_wsqqktt2y,TPS_00159,0.8197,"450.8,762.1;470.6,729.3;385.6,678.0;365.8,710.9",True
dt_wsqqwbq0e,TPS_00844,0.8197,"510.6,746.4;502.0,713.0;455.3,725.0;464.0,758.4",True
dt_wsqqkvjqk,TPS_00916,0.8184,"254.0,407.7;298.1,348.2;271.9,328.8;227.9,388.4",True
dt_wsqqv6hgw,TPS_00955,0.8161,"477.1,286.3;466.9,247.5;364.5,274.5;374.7,313.3",True
dt_wsqqnmt6k,TPS_00217,0.8158,"604.4,685.5;607.9,651.5;511.1,641.4;507.5,675.4",True
dt_wsqqnmmh1,TPS_01157,0.8154,"399.0,384.8;371.9,347.8;285.6,410.8;312.8,447.9",True
dt_wsqqnmmh1,TPS_02432,0.7728,"143.3,896.9;116.1,859.7;29.2,923.2;56.4,960.4",False
dt_wsqqwtqms,TPS_00833,0.814,"347.5,468.1;347.7,436.6;288.9,436.4;288.8,467.9",True
dt_wsqqm7vwn,TPS_01037,0.813,"500.7,766.8;503.2,725.8;369.6,717.9;367.2,758.9",True
dt_wsqqmysuy,TPS_02508,0.8121,"681.8,572.8;690.2,443.3;642.5,440.2;634.2,569.7",True
dt_wsqqmysuy,TPS_01208,0.5942,"172.3,1033.2;179.1,966.4;132.3,961.7;125.6,1028.5",False
dt_wsqqmmdpt,TPS_00374,0.8107,"656.3,391.0;670.9,358.1;592.0,323.2;577.5,356.1",True
dt_wsqqqjcyq,TPS_00127,0.8103,"441.7,819.8;430.6,701.2;380.3,705.9;391.4,824.5",True
dt_wsqqmrge7,TPS_00728,0.8097,"1019.9,434.8;1029.0,385.5;1000.6,380.2;991.5,429.5",True
dt_wsqqw43kc,TPS_00079,0.8096,"397.9,406.1;393.9,373.0;330.7,380.6;334.7,413.7",True
dt_wsqqksq3v,TPS_00185,0.8096,"617.3,756.0;631.1,715.8;566.9,693.9;553.2,734.0",True
dt_wsqqqq86g,TPS_00129,0.809,"221.2,625.1;271.8,531.9;239.9,514.6;189.3,607.8",True
dt_wsqqmre46,TPS_00114,0.8087,"948.5,425.8;958.8,373.3;920.1,365.7;909.9,418.2",True
dt_wsqqt89d2,TPS_00136,0.8086,"311.9,647.8;318.9,541.1;283.0,538.8;276.0,645.4",True
dt_wsqqv1dez,TPS_00402,0.808,"1004.7,467.4;995.1,374.1;933.9,380.4;943.5,473.7",True
dt_wsqqtj4ku,TPS_01471,0.807,"573.2,390.0;569.4,359.6;549.3,362.1;553.1,392.6",True
dt_wsqqqq0pb,TPS_02412,0.8054,"853.3,413.4;847.1,339.9;800.4,343.9;806.6,417.3",True
dt_wsqqt4s32,TPS_00780,0.8051,"363.3,1002.8;365.5,933.2;228.6,928.9;226.4,998.5",True
dt_wsqqm5mf3,TPS_01049,0.8037,"339.5,436.5;338.0,383.6;314.8,384.3;316.3,437.1",True
dt_wsqqqj57g,TPS_00040,0.8033,"239.1,612.3;242.5,500.4;193.0,498.8;189.6,610.8",True
dt_wsqqw25bb,TPS_02464,0.8019,"522.9,442.8;576.1,316.6;540.9,301.7;487.7,428.0",True
dt_wsqqt29uy,TPS_00051,0.8014,"441.7,412.4;445.2,366.0;343.2,358.2;339.6,404.6",True
dt_wsqqqp79p,TPS_00041,0.8005,"775.9,962.4;773.6,923.6;633.2,932.0;635.5,970.8",True
dt_wsqqktyd3,TPS_00930,0.8001,"586.8,658.1;643.5,586.2;616.3,564.8;559.7,636.6",True
dt_wsqqt2xd0,TPS_00665,0.7999,"635.3,677.0;634.1,643.5;513.8,647.8;515.0,681.3",True
dt_wsqqmgxb2,TPS_00001,0.7982,"374.0,760.9;305.6,680.9;256.3,723.1;324.7,803.1",True
dt_wsqqn7cnu,TPS_00033,0.7982,"314.3,893.3;306.5,869.9;267.7,882.8;275.5,906.3",True
dt_wsqquyuyr,TPS_02087,0.7977,"519.3,878.1;526.5,796.9;487.9,793.4;480.7,874.7",True
dt_wsqqt3dm7,TPS_00143,0.7974,"772.4,425.7;774.7,327.0;733.1,326.0;730.8,424.8",True
dt_wsqqt6t9m,TPS_00045,0.7973,"423.7,200.6;423.5,158.1;272.7,158.8;272.9,201.3",True
dt_wsqqt6t9m,TPS_00045,0.7483,"400.1,199.8;399.1,156.5;284.3,159.1;285.3,202.3",False
dt_wsqqtes01,TPS_01221,0.7965,"677.4,482.9;672.5,433.6;560.0,444.8;564.9,494.0",True
dt_wsqqmrdbv,TPS_00114,0.7964,"686.3,813.6;692.2,780.7;591.1,762.5;585.2,795.3",True
dt_wsqqks7db,TPS_00349,0.7956,"373.8,503.8;284.8,415.4;258.3,442.0;347.4,530.4",True
dt_wsqqv4msg,TPS_01084,0.7943,"286.7,763.3;246.2,727.3;221.0,755.7;261.5,791.6",True
dt_wsqqv4msg,TPS_01084,0.6589,"283.2,763.6;244.4,728.2;219.1,755.9;257.9,791.3",False
dt_wsqqtuqce,TPS_00057,0.7937,"276.8,149.5;268.4,115.9;191.2,135.3;199.6,168.9",True
dt_wsqqtdkwn,TPS_00611,0.7921,"466.5,835.8;464.6,795.1;374.6,799.3;376.5,840.0",True
dt_wsqqt13zp,TPS_01584,0.7899,"487.0,656.7;481.2,609.4;447.5,613.6;453.3,660.9",True
dt_wsqqmzc90,TPS_02535,0.7873,"850.2,306.7;839.5,268.7;770.8,288.0;781.5,326.0",True
dt_wsqqmzc90,TPS_02536,0.781,"594.1,818.7;583.4,780.7;514.8,800.0;525.5,838.0",False
dt_wsqqmzc90,TPS_02537,0.6497,"338.8,50.7;328.1,12.3;258.5,31.7;269.2,70.1",False
dt_wsqqqh0x7,TPS_02187,0.7862,"474.4,415.7;479.6,391.5;462.5,387.8;457.2,412.0",True
dt_wsqqx2w40,TPS_00862,0.7851,"316.2,662.7;329.6,613.3;305.4,606.7;291.9,656.1",True
dt_wsqqqjn71,TPS_00043,0.7808,"654.8,815.8;654.5,775.6;602.7,776.0;603.0,816.2",True
dt_wsqqmy9md,TPS_00105,0.7808,"160.8,659.0;174.1,522.3;97.9,514.9;84.6,651.6",True
dt_wsqqt7d1g,TPS_00044,0.7804,"248.6,726.8;247.6,639.0;184.6,639.7;185.5,727.5",True
dt_wsqqmrzkd,TPS_01507,0.7795,"200.5,16.7;180.6,-12.5;102.4,40.9;122.4,70.1",True
dt_wsqqmrzkd,TPS_01507,0.772,"218.4,2.5;196.5,-27.9;90.7,48.6;112.6,78.9",False
dt_wsqqwjdtt,TPS_00171,0.7765,"653.9,583.3;658.4,458.4;615.8,456.9;611.3,581.7",True
dt_wsqqwsbpv,TPS_00995,0.7751,"644.3,798.2;662.9,763.1;592.6,725.8;574.0,760.8",True
dt_wsqqt7meq,TPS_02258,0.7747,"465.7,17.2;463.0,-7.3;417.6,-2.3;420.3,22.2",True
dt_wsqqqh0w7,TPS_02187,0.7746,"515.0,750.8;547.2,642.2;506.0,630.0;473.9,738.6",True
dt_wsqqmgw38,TPS_00309,0.7733,"566.3,698.9;566.3,664.0;461.7,664.2;461.7,699.1",True
dt_wsqqtq7sg,TPS_00343,0.7724,"505.5,893.9;535.4,776.1;500.0,767.1;470.1,884.9",True
dt_wsqqtq7sg,TPS_00343,0.5333,"518.0,859.8;536.1,781.3;496.8,772.2;478.7,850.8",False
dt_wsqqme4t1,TPS_00646,0.7718,"362.9,713.3;374.2,593.8;298.4,586.7;287.1,706.2",True
dt_wsqqx3nsu,TPS_00277,0.771,"806.5,492.8;823.6,393.4;788.4,387.3;771.4,486.8",True
dt_wsqqmhz7m,TPS_01096,0.7707,"394.4,644.5;379.6,620.0;336.1,646.4;350.9,670.9",True
dt_wsqqmtjmc,TPS_01361,0.7684,"702.8,796.1;701.6,757.3;564.9,761.5;566.1,800.4",True
dt_wsqqt3sjq,TPS_01574,0.7682,"731.9,705.6;729.8,669.5;655.3,673.8;657.3,709.8",True
dt_wsqqkvjrp,TPS_00916,0.7656,"525.6,128.5;478.1,86.3;451.8,115.9;499.2,158.1",True
dt_wsqqwgewj,TPS_00167,0.7654,"408.5,300.3;401.7,265.5;323.3,280.8;330.1,315.6",True
dt_wsqqtb9d7,TPS_00445,0.7649,"781.7,330.8;781.0,285.6;668.1,287.5;668.9,332.7",True
dt_wsqqq5847,TPS_00001,0.763,"1037.0,220.3;1018.3,185.6;955.1,219.6;973.8,254.3",True
dt_wsqqktxbg,TPS_00350,0.763,"505.1,754.2;507.0,713.9;430.8,710.3;428.8,750.6",True
dt_wsqqvc52h,TPS_01192,0.7627,"104.5,604.5;92.1,576.1;-14.5,622.6;-2.0,651.0",True
dt_wsqqvc52h,TPS_00530,0.7414,"361.0,92.5;348.6,63.8;240.1,110.8;252.5,139.4",False
dt_wsqqmnkc9,TPS_02096,0.7622,"107.5,736.2;133.0,586.5;81.4,577.7;55.9,727.4",True
dt_wsqqw65x8,TPS_00448,0.7611,"542.4,635.1;533.1,592.6;503.9,599.0;513.1,641.4",True
dt_wsqqtynvw,TPS_00539,0.7595,"666.0,390.1;646.2,334.4;616.0,345.2;635.9,400.9",True
dt_wsqqmzc2r,TPS_02536,0.7593,"477.1,1028.6;477.1,983.3;440.0,983.3;440.1,1028.7",True
dt_wsqqmng60,TPS_02246,0.7585,"569.6,654.0;587.2,536.4;551.8,531.1;534.2,648.7",True
dt_wsqqt4e9d,TPS_00078,0.7559,"687.0,860.4;683.0,808.0;610.1,813.5;614.0,865.9",True
dt_wsqqt49ff,TPS_00711,0.755,"712.8,294.8;712.1,230.6;661.0,231.2;661.7,295.4",True
dt_wsqqt2upb,TPS_01571,0.755,"281.3,578.8;301.7,551.8;287.7,541.2;267.3,568.1",True
dt_wsqqw2nnu,TPS_00329,0.7535,"324.2,463.0;313.3,427.2;201.6,461.2;212.4,497.0",True
dt_wsqqw2nnu,TPS_00329,0.71,"332.2,460.7;320.0,423.0;199.1,462.0;211.2,499.7",False
dt_wsqqt5x5h,TPS_01225,0.7525,"534.9,181.2;542.3,60.7;490.5,57.5;483.1,178.0",True
dt_wsqqt5x5h,TPS_02526,0.7062,"790.8,949.8;798.5,828.4;746.5,825.1;738.8,946.5",False
dt_wsqqtmekn,TPS_01239,0.7522,"462.2,453.1;442.0,389.6;367.3,413.4;387.6,476.9",True
dt_wsqqtmekn,TPS_01240,0.7297,"974.6,965.4;954.2,901.1;878.8,925.0;899.2,989.3",False
dt_wsqqtmekn,TPS_01240,0.5109,"975.3,963.2;954.4,900.3;879.4,925.3;900.4,988.2",False
dt_wsqqmvhyn,TPS_00005,0.7517,"234.4,426.4;234.6,382.2;79.6,381.2;79.3,425.5",True
dt_wsqqmefg4,TPS_00134,0.7504,"162.4,632.6;180.0,539.4;121.6,528.3;103.9,621.6",True
dt_wsqqqrkth,TPS_00145,0.7478,"1.7,643.0;27.5,600.5;-1.2,583.1;-27.0,625.6",True
dt_wsqqmprs3,TPS_01533,0.7469,"367.1,794.6;323.5,727.9;291.3,749.0;335.0,815.7",True
dt_wsqqkzq8g,TPS_01677,0.7469,"1009.9,542.1;1029.0,492.2;1007.0,483.8;987.9,533.7",True
dt_wsqqmvej9,TPS_01327,0.7463,"392.1,438.5;385.9,407.6;367.0,411.5;373.2,442.3",True
dt_wsqrj3m1v,TPS_01881,0.7432,"635.3,473.7;621.7,420.8;583.9,430.5;597.6,483.4",True
dt_wsqrj3m1v,TPS_01881,0.5487,"633.9,473.9;621.9,421.1;582.9,429.9;594.9,482.7",False
dt_wsqqkv1fv,TPS_00928,0.7417,"371.4,862.8;367.8,744.0;321.4,745.5;325.0,864.2",True
dt_wsqqkv1fv,TPS_00928,0.637,"372.8,866.8;366.8,742.8;319.7,745.1;325.8,869.1",False
dt_wsqqmfeg0,TPS_00675,0.741,"613.1,818.9;588.3,759.7;512.7,791.4;537.4,850.6",True
dt_wsqqwyrj0,TPS_00267,0.7408,"806.2,802.6;785.3,774.8;733.8,813.5;754.7,841.3",True
dt_wsqqwyrj0,TPS_00267,0.5613,"805.5,804.5;784.1,775.0;732.6,812.4;754.0,841.8",False
dt_wsqqveu8y,TPS_01088,0.7407,"472.3,325.7;462.5,297.8;401.3,319.2;411.0,347.0",True
dt_wsqqmvhuu,TPS_00005,0.7403,"38.5,822.6;40.6,722.0;-5.3,721.0;-7.5,821.6",True
dt_wsqqmv1qb,TPS_00039,0.7403,"375.6,247.7;374.5,206.4;255.8,209.4;256.9,250.7",True
dt_wsqqmv1qb,TPS_00039,0.6777,"390.5,247.4;389.3,205.6;245.3,209.6;246.4,251.4",False
dt_wsqqmv1qb,TPS_00039,0.6653,"383.8,246.3;382.7,207.7;252.4,211.6;253.5,250.2",False
dt_wsqqw43hp,TPS_00079,0.7401,"277.1,655.2;270.4,613.0;171.7,628.6;178.4,670.8",True
dt_wsqqv2tbf,TPS_00016,0.7387,"426.5,585.0;407.1,490.6;370.8,498.0;390.2,592.5",True
dt_wsqqky6jd,TPS_01711,0.7367,"423.3,510.9;424.8,486.7;399.6,485.2;398.1,509.3",True
dt_wsqqt7xcb,TPS_00663,0.7361,"591.9,442.6;589.5,410.7;512.0,416.5;514.4,448.4",True
dt_wsqqjx5ee,TPS_01915,0.7334,"1022.6,603.4;1024.9,565.9;1004.3,564.7;1002.1,602.2",True
dt_wsqqx0t38,TPS_01077,0.7332,"556.1,268.0;549.5,234.7;478.3,248.8;484.9,282.1",True
dt_wsqqjwpt5,TPS_00375,0.7328,"302.0,751.3;301.7,714.1;198.2,715.1;198.5,752.3",True
dt_wsqqmyehv,TPS_00579,0.731,"443.2,800.3;443.3,745.7;300.9,745.5;300.8,800.1",True
dt_wsqqmyehv,TPS_00579,0.717,"449.3,803.0;450.8,746.7;295.8,742.8;294.4,799.0",False
dt_wsqqmx9mz,TPS_00713,0.731,"258.2,462.0;261.6,420.9;222.7,417.6;219.3,458.8",True
dt_wsqqmvgph,TPS_00125,0.729,"609.9,818.6;610.4,780.5;524.7,779.5;524.2,817.5",True
dt_wsqqmtj0r,TPS_02259,0.7289,"1030.2,276.7;1019.5,244.6;995.2,252.6;1005.9,284.8",True
dt_wsqqtrd57,TPS_02218,0.7287,"1021.4,212.7;1042.6,182.2;1023.1,168.7;1001.9,199.2",True
dt_wsqqmh6t2,TPS_00823,0.7282,"864.2,235.4;854.4,194.5;748.5,219.9;758.3,260.8",True
dt_wsqqmh6t2,TPS_00823,0.5034,"864.0,235.1;854.3,195.1;742.0,222.5;751.8,262.5",False
dt_wsqqv0rbx,TPS_01978,0.7281,"1034.5,79.2;1012.6,47.4;938.2,98.8;960.0,130.5",True
dt_wsqqmnzrw,TPS_00949,0.7274,"686.6,312.3;690.9,288.8;669.0,284.7;664.7,308.2",True
dt_wsqqmnzrw,TPS_00495,0.6741,"686.7,824.3;691.0,800.7;668.9,796.7;664.6,820.3",False
dt_wsqqvch4v,TPS_00425,0.7261,"363.7,319.4;350.7,292.3;294.8,319.2;307.8,346.2",True
dt_wsqqv1s6g,TPS_01123,0.7259,"511.9,980.9;503.4,930.0;455.8,937.9;464.2,988.8",True
dt_wsqqte98e,TPS_02498,0.7255,"739.8,549.7;730.2,481.7;692.4,487.1;702.0,555.0",True
dt_wsqqqm57q,TPS_00133,0.7219,"676.6,495.8;685.4,388.4;631.7,384.0;622.9,491.4",True
dt_wsqqmnm4d,TPS_02096,0.718,"671.6,421.4;705.6,302.0;655.3,287.7;621.3,407.0",True
dt_wsqqmq1q6,TPS_00287,0.7177,"452.1,299.6;455.6,259.3;336.7,248.9;333.2,289.2",True
dt_wsqqt6jek,TPS_00709,0.7172,"28.5,564.7;35.3,461.8;-7.3,458.9;-14.2,561.8",True
dt_wsqqm6vym,TPS_00496,0.7149,"868.7,777.4;907.9,726.5;880.6,705.5;841.4,756.4",True
dt_wsqqundb8,TPS_01308,0.7147,"25.4,413.7;2.3,372.1;-24.7,387.1;-1.6,428.7",True
dt_wsqqtfq82,TPS_01146,0.7137,"526.0,178.5;563.4,87.5;517.1,68.4;479.7,159.4",True
dt_wsqqmp0jp,TPS_00169,0.7102,"763.8,642.3;803.0,493.9;764.6,483.7;725.5,632.1",True
dt_wsqqmjmyx,TPS_00067,0.7091,"1032.6,631.5;1023.0,567.2;949.2,578.3;958.9,642.6",True
dt_wsqqmehyq,TPS_01219,0.7085,"711.2,552.0;668.5,426.1;623.9,441.2;666.5,567.2",True
dt_wsqqwyqwr,TPS_00267,0.7072,"294.9,406.7;268.1,368.6;187.5,425.4;214.3,463.5",True
dt_wsqqtq7x4,TPS_00343,0.7052,"442.2,232.0;447.8,182.3;399.5,176.9;393.9,226.7",True
dt_wsqqmnkbv,TPS_02096,0.7049,"440.8,877.1;447.4,826.4;301.5,807.4;294.9,858.2",True
dt_wsqqw3s1w,TPS_01180,0.7024,"947.2,702.9;935.8,643.6;904.3,649.6;915.7,708.9",True
dt_wsqqw3s1w,TPS_02467,0.6212,"691.2,190.9;679.7,131.4;648.2,137.5;659.7,197.0",False
dt_wsqqte98g,TPS_02497,0.7014,"479.6,1018.2;478.3,978.3;439.8,979.5;441.1,1019.5",True
dt_wsqqkevpg,TPS_00920,0.7004,"769.5,741.8;744.8,710.4;684.4,758.0;709.2,789.4",True
dt_wsqqwcm0n,TPS_01806,0.6991,"423.5,542.7;414.2,513.1;396.3,518.8;405.7,548.4",True
dt_wsqqt7xb3,TPS_00663,0.6966,"618.9,947.0;622.9,848.8;581.8,847.2;577.8,945.4",True
dt_wsqqt7xb3,TPS_00663,0.6154,"621.3,947.7;622.7,851.4;581.6,850.8;580.1,947.1",False
dt_wsqqmr8r9,TPS_00037,0.6958,"383.4,224.9;389.1,190.3;353.1,184.3;347.4,219.0",True
dt_wsqqwemp4,TPS_00800,0.6954,"691.8,736.4;671.7,703.5;630.5,728.6;650.5,761.5",True
dt_wsqqtc1bb,TPS_00650,0.6939,"593.5,551.3;591.2,511.9;479.5,518.5;481.9,557.8",True
dt_wsqqv7vm2,TPS_00123,0.6934,"20.4,915.8;35.9,880.1;0.8,864.8;-14.7,900.6",True
dt_wsqqtg1vu,TPS_01197,0.6919,"807.1,1025.9;799.5,978.4;745.9,987.0;753.5,1034.5",True
dt_wsqqqx65v,TPS_00335,0.6914,"339.5,734.5;344.9,635.7;309.3,633.8;303.9,732.6",True
dt_wsqqqx65v,TPS_00335,0.5314,"340.4,730.0;343.6,638.0;307.5,636.8;304.2,728.7",False
dt_wsqqqjyr7,TPS_00004,0.6912,"277.3,253.5;275.2,220.1;207.9,224.3;210.0,257.8",True
dt_wsqqkvd3r,TPS_00919,0.6907,"525.2,311.7;525.6,277.3;456.0,276.6;455.7,310.9",True
dt_wsqqmzcsj,TPS_00629,0.6901,"704.1,709.3;703.3,671.3;563.6,674.2;564.4,712.2",True
dt_wsqqw7xzy,TPS_00032,0.6898,"452.2,377.1;473.3,270.0;397.8,255.2;376.8,362.3",True
dt_wsqqmr8nr,TPS_00037,0.6893,"245.3,621.8;291.1,501.1;254.9,487.4;209.1,608.0",True
dt_wsqqmr8nr,TPS_00037,0.5757,"243.5,623.4;290.3,504.9;254.8,490.9;208.0,609.4",False
dt_wsqqw4mr4,TPS_02487,0.6891,"191.0,858.8;176.5,772.8;143.0,778.4;157.4,864.4",True
dt_wsqqw4mr4,TPS_01193,0.6733,"447.0,346.9;432.6,260.8;399.0,266.5;413.5,352.5",False
dt_wsqqx3wy1,TPS_00846,0.6877,"892.2,455.7;895.7,368.6;862.4,367.2;858.9,454.4",True
dt_wsqqwv5pm,TPS_00971,0.6831,"652.2,456.5;627.2,404.4;594.5,420.1;619.6,472.2",True
dt_wsqqmxukz,TPS_00306,0.6808,"1027.5,762.3;1026.3,730.1;1014.5,730.5;1015.7,762.8",True
dt_wsqqthew8,TPS_01480,0.6794,"95.7,331.3;98.3,226.1;23.7,224.2;21.0,329.4",True
dt_wsqqx6fmm,TPS_00118,0.6742,"714.5,644.4;702.0,566.8;545.7,592.0;558.2,669.6",True
dt_wsqqmy19b,TPS_00010,0.6726,"821.3,343.2;831.1,213.7;791.5,210.7;781.7,340.2",True
dt_wsqqthpq8,TPS_00684,0.6718,"832.2,501.3;852.0,400.4;816.9,393.5;797.2,494.4",True
dt_wsqqmxk8b,TPS_00300,0.6707,"563.4,285.7;562.1,183.5;529.8,183.9;531.0,286.1",True
dt_wsqqmt1rb,TPS_00075,0.6676,"537.5,492.1;543.5,390.0;504.2,387.7;498.2,489.8",True
dt_wsqqme4xu,TPS_00270,0.667,"348.2,363.5;347.5,323.9;227.2,326.2;228.0,365.8",True
dt_wsqqmytke,TPS_02507,0.6664,"319.5,903.3;318.6,859.8;160.8,863.3;161.7,906.8",True
dt_wsqqmytke,TPS_01209,0.6636,"831.7,391.3;830.7,347.8;672.8,351.3;673.7,394.8",False
dt_wsqqmytke,TPS_01209,0.5477,"828.1,389.2;826.2,348.7;686.6,355.0;688.4,395.5",False
dt_wsqqmytke,TPS_02507,0.5426,"316.0,901.2;314.2,860.6;174.6,867.0;176.4,907.5",False
dt_wsqqmx68m,TPS_00328,0.6655,"189.9,936.1;172.3,810.7;18.7,832.3;36.3,957.6",True
dt_wsqqmnwzy,TPS_00124,0.6647,"162.8,479.0;169.1,443.8;133.5,437.5;127.3,472.7",True
dt_wsqqw1qwm,TPS_00481,0.6647,"629.0,602.5;622.8,567.6;534.2,583.5;540.5,618.4",True
dt_wsqqx6hu2,TPS_00854,0.6644,"46.9,504.7;-0.2,430.3;-42.1,456.8;5.0,531.2",True
dt_wsqqte99u,TPS_02498,0.6621,"847.8,243.3;845.1,202.9;718.1,211.4;720.8,251.8",True
dt_wsqqte99u,TPS_02497,0.6594,"591.7,755.3;589.0,714.9;462.3,723.4;465.0,763.8",False
dt_wsqqw9u4j,TPS_00364,0.6612,"675.8,605.8;656.9,575.1;551.6,639.8;570.5,670.6",True
dt_wsqqmzc68,TPS_02536,0.6608,"12.1,375.8;20.5,310.0;1.2,307.5;-7.2,373.3",True
dt_wsqqmwj10,TPS_01101,0.6606,"580.1,1035.8;592.7,991.4;564.3,983.4;551.7,1027.8",True
dt_wsqqw9jrm,TPS_01837,0.6603,"376.6,824.5;331.2,763.1;308.2,780.1;353.5,841.6",True
dt_wsqqjtz7x,TPS_00084,0.6602,"482.0,436.5;493.9,383.7;457.8,375.5;445.8,428.2",True
dt_wsqqt05k8,TPS_00082,0.6593,"596.0,153.4;612.5,96.8;520.2,70.0;503.8,126.5",True
dt_wsqqtprn2,TPS_00788,0.6587,"531.0,855.1;535.2,818.5;496.3,814.0;492.1,850.6",True
dt_wsqqw80zt,TPS_00736,0.6579,"628.9,331.2;626.3,269.6;551.9,272.8;554.4,334.3",True
dt_wsqqks2vu,TPS_02195,0.6574,"19.6,630.8;13.7,590.1;-8.0,593.2;-2.1,634.0",True
dt_wsqqnpqx2,TPS_01304,0.6539,"19.3,383.1;5.7,343.1;-13.7,349.7;-0.1,389.7",True
dt_wsqqmxyn9,TPS_01402,0.6535,"350.0,66.3;350.6,-2.8;314.7,-3.1;314.0,66.0",True
dt_wsqqmytn2,TPS_02508,0.6528,"848.9,135.2;849.6,92.7;689.2,89.8;688.4,132.3",True
dt_wsqqmytn2,TPS_01208,0.6473,"337.0,647.3;337.9,604.8;177.0,601.7;176.2,644.3",False
dt_wsqqkuywx,TPS_01055,0.6525,"792.3,256.0;753.4,218.3;728.1,244.4;767.0,282.0",True
dt_wsqqqpmnt,TPS_02395,0.6511,"419.5,440.9;406.5,416.5;346.2,448.7;359.3,473.1",True
dt_wsqqqq8s9,TPS_00129,0.6509,"691.9,176.3;710.3,56.0;580.5,36.1;562.2,156.5",True
dt_wsqqwmkpq,TPS_01273,0.6492,"762.5,507.9;775.8,472.0;641.6,422.3;628.3,458.2",True
dt_wsqqt21q9,TPS_00331,0.6481,"376.9,346.0;391.5,300.8;365.7,292.5;351.2,337.7",True
dt_wsqqt0k84,TPS_02280,0.6471,"453.6,629.6;450.2,599.2;429.0,601.5;432.3,631.9",True
dt_wsqqv33uy,TPS_01985,0.6463,"411.8,883.0;399.5,830.5;356.5,840.5;368.8,893.0",True
dt_wsqqkyzd3,TPS_02422,0.6441,"905.3,314.0;913.5,271.2;791.2,247.7;783.0,290.6",True
dt_wsqqm6xje,TPS_00643,0.6438,"710.3,432.4;767.8,362.4;737.9,337.8;680.4,407.9",True
dt_wsqqtfbd6,TPS_00422,0.6427,"461.5,460.8;439.7,410.5;400.2,427.6;422.0,477.9",True
dt_wsqqkv6m7,TPS_02098,0.6426,"503.9,443.1;510.6,416.1;491.1,411.2;484.4,438.2",True
dt_wsqqkyzc4,TPS_00280,0.6422,"681.7,410.7;710.4,311.9;651.0,294.7;622.4,393.5",True
dt_wsqqt5wfk,TPS_01225,0.6419,"30.7,320.5;23.8,269.9;-10.8,274.7;-3.9,325.2",True
dt_wsqqmr37g,TPS_00173,0.6417,"525.7,209.5;531.4,182.2;447.2,164.8;441.6,192.1",True
dt_wsqqx2v88,TPS_00497,0.6409,"554.9,569.7;552.7,537.4;532.9,538.7;535.2,571.1",True
dt_wsqqvgh12,TPS_02394,0.6406,"519.0,603.7;550.8,564.2;533.4,550.2;501.6,589.7",True
dt_wsqqtq7s3,TPS_00343,0.6402,"366.6,1034.9;372.6,1009.1;332.2,999.8;326.3,1025.5",True
dt_wsqqt17rr,TPS_00712,0.6398,"271.1,581.9;266.0,528.0;219.1,532.4;224.2,586.3",True
dt_wsqqt17rr,TPS_00712,0.634,"271.2,579.5;265.8,525.5;219.1,530.2;224.5,584.2",False
dt_wsqqwm5xq,TPS_00368,0.6379,"713.2,202.8;723.6,159.8;572.6,123.5;562.3,166.4",True
dt_wsqqmt5wp,TPS_00305,0.6369,"511.3,716.0;509.2,689.3;450.1,693.9;452.1,720.6",True
dt_wsqqt2592,TPS_01532,0.6361,"615.5,808.8;622.2,765.1;502.5,746.6;495.7,790.3",True
dt_wsqqmy37b,TPS_00577,0.6335,"33.0,544.4;29.3,480.0;-7.4,482.1;-3.7,546.6",True
dt_wsqqtf3xq,TPS_02438,0.6331,"431.6,726.6;437.9,682.5;404.3,677.8;398.1,721.8",True
dt_wsqqtrd1b,TPS_02218,0.6293,"816.2,688.3;764.6,606.6;727.2,630.3;778.8,711.9",True
dt_wsqqw2588,TPS_02464,0.6293,"29.8,460.7;21.5,439.8;-6.2,450.8;2.1,471.7",True
dt_wsqqkuyu2,TPS_01055,0.6284,"819.4,873.6;831.8,842.5;814.6,835.6;802.2,866.8",True
dt_wsqqt88e8,TPS_00715,0.6225,"585.5,234.3;583.2,199.0;521.6,203.0;524.0,238.4",True
dt_wsqqt88e8,TPS_00715,0.5134,"586.3,233.3;584.2,199.1;520.4,203.0;522.5,237.2",False
dt_wsqqkv91u,TPS_02424,0.6189,"43.0,431.0;42.0,406.1;-4.7,408.1;-3.6,433.0",True
dt_wsqqwc9cd,TPS_01841,0.616,"769.4,745.5;738.4,631.6;604.0,668.2;635.0,782.1",True
dt_wsqqt3tvg,TPS_01491,0.6157,"1030.8,549.0;1033.9,458.0;998.2,456.8;995.1,547.8",True
dt_wsqqkyhmr,TPS_02171,0.6146,"470.9,58.2;483.0,-5.6;456.1,-10.7;444.1,53.1",True
dt_wsqqmy9rh,TPS_00105,0.6139,"402.0,186.3;402.7,141.1;236.2,138.6;235.5,183.8",True
dt_wsqqjwptb,TPS_00375,0.6125,"37.1,576.6;29.7,517.5;-9.9,522.4;-2.5,581.5",True
dt_wsqqtpts8,TPS_00154,0.6111,"377.4,889.6;308.1,814.1;253.2,864.4;322.6,939.9",True
dt_wsqqjz5c0,TPS_00230,0.611,"37.3,0.2;28.4,-16.6;-7.7,2.5;1.2,19.3",True
dt_wsqqt0v76,TPS_00486,0.6052,"468.6,601.5;476.3,562.2;399.2,547.0;391.4,586.3",True
dt_wsqquwz85,TPS_01013,0.6032,"788.7,64.2;772.1,28.5;737.2,44.7;753.9,80.5",True
dt_wsqqwjd8h,TPS_00869,0.6028,"578.3,794.3;578.8,708.0;465.1,707.3;464.6,793.7",True
dt_wsqqw2127,TPS_00009,0.599,"802.4,547.5;798.3,512.6;720.2,521.7;724.2,556.6",True
dt_wsqqmx2n9,TPS_00050,0.599,"683.7,972.4;697.5,916.3;561.9,882.8;548.1,939.0",True
dt_wsqqmrzm9,TPS_00325,0.5973,"632.0,304.5;563.3,220.6;529.2,248.6;597.9,332.5",True
dt_wsqqn5ews,TPS_02311,0.5966,"87.9,149.9;73.5,110.8;-22.6,146.3;-8.2,185.4",True
dt_wsqqt0un5,TPS_00156,0.5962,"553.5,625.9;551.5,569.0;425.5,573.5;427.5,630.3",True
dt_wsqqqj6rg,TPS_01362,0.5962,"532.2,462.0;511.6,436.4;487.7,455.7;508.4,481.2",True
dt_wsqqjwr7x,TPS_00509,0.5952,"234.1,744.9;225.6,683.9;189.3,688.9;197.8,750.0",True
dt_wsqqmwcdq,TPS_00458,0.5946,"665.0,45.2;677.3,-1.1;637.1,-11.8;624.8,34.6",True
dt_wsqquj9dd,TPS_01764,0.5926,"657.5,405.2;659.7,385.8;631.0,382.6;628.9,402.1",True
dt_wsqqmj6xf,TPS_00103,0.5903,"176.6,784.3;207.0,672.4;130.0,651.4;99.5,763.3",True
dt_wsqqq0knx,TPS_00327,0.59,"265.5,522.1;276.9,423.0;238.7,418.7;227.4,517.8",True
dt_wsqqx9bs2,TPS_00849,0.5897,"343.4,247.1;303.9,195.4;280.0,213.7;319.5,265.3",True
dt_wsqqgvxs4,TPS_00489,0.5884,"473.2,761.9;488.2,729.1;384.1,681.5;369.1,714.2",True
dt_wsqqqw882,TPS_00654,0.5867,"581.3,1030.7;579.3,976.5;521.3,978.7;523.3,1032.9",True
dt_wsqqt644w,TPS_00324,0.5862,"171.3,755.8;174.4,697.0;144.5,695.4;141.4,754.2",True
dt_wsqqmxs0z,TPS_01386,0.585,"1026.3,49.5;1027.1,19.2;1016.9,18.9;1016.0,49.3",True
dt_wsqqmc3pz,TPS_02068,0.5831,"808.5,42.6;765.2,-18.9;726.0,8.7;769.2,70.2",True
dt_wsqqmfzc2,TPS_01457,0.5814,"29.7,615.5;7.2,585.2;-22.4,607.2;-0.0,637.5",True
dt_wsqqnmmhq,TPS_02432,0.5799,"450.3,821.0;452.7,787.2;424.1,785.2;421.7,819.0",True
dt_wsqqnmmhq,TPS_01157,0.5776,"706.3,309.0;708.7,275.2;680.1,273.2;677.7,307.0",False
dt_wsqqkssvc,TPS_00964,0.5798,"325.4,432.7;341.4,407.4;323.5,396.1;307.5,421.4",True
dt_wsqqwt7s3,TPS_00498,0.5792,"603.1,610.4;604.0,580.1;563.6,578.9;562.7,609.2",True
dt_wsqqve86u,TPS_00514,0.577,"818.2,551.9;870.1,463.4;827.0,438.2;775.2,526.7",True
dt_wsqqmvptq,TPS_00038,0.5768,"205.7,405.9;203.6,294.8;143.1,295.9;145.2,407.0",True
dt_wsqqv1ddj,TPS_00402,0.5762,"945.7,914.5;942.7,875.6;810.2,885.9;813.3,924.8",True
dt_wsqqtyqd1,TPS_00891,0.5751,"395.2,921.1;378.3,839.6;348.4,845.9;365.3,927.3",True
dt_wsqqvbbd8,TPS_00456,0.5675,"643.6,136.8;643.5,100.1;494.8,100.1;494.8,136.8",True
dt_wsqqvbbd8,TPS_00456,0.5042,"637.7,137.6;637.8,98.5;496.4,98.4;496.4,137.5",False
dt_wsqqwbq6e,TPS_00844,0.5651,"1032.9,218.4;1024.8,190.7;959.9,209.6;968.0,237.3",True
dt_wsqqunef9,TPS_01866,0.5638,"885.0,290.5;874.0,261.2;789.1,292.9;800.0,322.3",True
dt_wsqqmr4xe,TPS_00727,0.5633,"260.4,875.4;268.6,840.9;181.6,820.2;173.4,854.8",True
dt_wsqqmr4xe,TPS_00726,0.5574,"772.5,619.4;780.7,584.9;693.5,564.2;685.3,598.8",False
dt_wsqqw4pb5,TPS_00701,0.5632,"733.6,726.6;721.9,700.3;702.6,708.8;714.3,735.2",True
dt_wsqqtfb9f,TPS_00422,0.563,"460.4,601.5;450.3,551.8;399.4,562.2;409.5,611.8",True
dt_wsqqmq4sy,TPS_00373,0.5608,"695.9,195.8;699.1,157.3;602.9,149.2;599.7,187.7",True
dt_wsqqmjd97,TPS_00103,0.5603,"244.6,331.3;243.9,306.9;194.6,308.2;195.2,332.6",True
dt_wsqqw751m,TPS_02364,0.5603,"615.3,26.5;608.9,-7.3;575.1,-0.9;581.5,32.8",True
dt_wsqqwewgt,TPS_00536,0.5553,"434.0,763.9;407.2,663.1;326.5,684.5;353.4,785.4",True
dt_wsqqkvvfk,TPS_01106,0.5498,"552.7,569.9;545.0,547.1;531.3,551.8;539.0,574.5",True
dt_wsqqtbcd4,TPS_00651,0.5485,"188.1,480.3;186.9,413.3;151.4,413.9;152.5,480.9",True
dt_wsqqtfckc,TPS_01434,0.547,"342.2,1038.8;350.5,1014.8;315.0,1002.6;306.8,1026.5",True
dt_wsqqwbrr8,TPS_00191,0.5453,"832.9,575.5;826.3,549.3;794.4,557.4;801.0,583.6",True
dt_wsqqqquxn,TPS_01543,0.5439,"449.5,1002.6;446.1,975.4;428.6,977.6;432.1,1004.8",True
dt_wsqqq52c3,TPS_00641,0.5359,"363.1,669.3;343.2,642.6;318.3,661.1;338.1,687.8",True
dt_wsqqwe6bc,TPS_00799,0.5353,"663.1,489.0;643.6,392.2;552.5,410.5;572.1,507.4",True
dt_wsqqtd89t,TPS_00678,0.5351,"383.5,127.4;379.4,85.8;348.6,88.8;352.6,130.4",True
dt_wsqqv25ue,TPS_02111,0.5299,"786.6,706.3;758.1,663.3;733.2,679.7;761.7,722.8",True
dt_wsqqv25ue,TPS_01136,0.5003,"530.7,194.4;502.0,151.0;477.0,167.5;505.7,210.9",False
dt_wsqqmn1w2,TPS_02214,0.5281,"13.8,592.6;21.4,529.1;-0.9,526.4;-8.5,589.9",True
dt_wsqqmhs95,TPS_00490,0.5274,"282.4,544.6;261.7,453.5;221.8,462.6;242.5,553.7",True
dt_wsqqm5mfn,TPS_01049,0.5274,"696.2,509.8;695.6,447.7;665.0,448.0;665.6,510.1",True
dt_wsqqtr3vh,TPS_01314,0.5257,"14.7,962.6;9.5,939.8;-5.1,943.1;0.1,965.9",True
dt_wsqqnmsdg,TPS_00387,0.5235,"1028.6,582.7;1026.7,539.3;1001.1,540.4;1003.1,583.8",True
dt_wsqqmyv7v,TPS_00061,0.5224,"865.1,377.4;860.4,324.3;823.9,327.5;828.5,380.6",True
dt_wsqqmgzpq,TPS_00638,0.5204,"450.7,409.6;424.8,337.0;332.9,369.8;358.8,442.3",True
dt_wsqqsbr3n,TPS_00991,0.5191,"437.7,633.5;442.7,596.3;405.1,591.3;400.2,628.5",True
dt_wsqqw9x8y,TPS_01843,0.5183,"183.4,941.5;176.5,914.4;157.7,919.2;164.5,946.3",True
dt_wsqqw74zk,TPS_02484,0.5182,"856.3,85.2;844.8,51.5;773.6,75.7;785.1,109.4",True
dt_wsqqnwbm5,TPS_00407,0.5179,"1021.7,146.8;1045.3,102.4;1025.5,91.9;1001.9,136.2",True
dt_wsqqw2hkw,TPS_02492,0.5156,"177.0,612.6;157.9,566.8;115.8,584.4;134.9,630.2",True
dt_wsqqt0vkd,TPS_00486,0.5153,"464.4,265.8;471.3,233.0;387.8,215.5;380.9,248.3",True
dt_wsqqt3jgd,TPS_00699,0.5149,"941.8,594.7;942.3,510.7;908.2,510.5;907.7,594.5",True
dt_wsqqmrbsv,TPS_00147,0.5146,"129.3,553.5;143.5,508.1;61.3,482.2;47.0,527.7",True
dt_wsqqt0d6c,TPS_01586,0.5146,"599.1,453.4;593.3,422.6;574.8,426.2;580.6,456.9",True
dt_wsqqmq5cy,TPS_00269,0.5144,"448.8,820.6;450.0,782.4;349.9,779.4;348.7,817.6",True
dt_wsqqt9sku,TPS_00627,0.5129,"573.1,599.0;571.7,547.4;547.0,548.1;548.4,599.7",True
dt_wsqqtr37h,TPS_00767,0.5122,"852.3,1.8;832.7,-27.1;793.0,-0.1;812.6,28.7",True
dt_wsqqwfhjq,TPS_00856,0.5121,"698.7,272.9;641.2,180.9;613.9,197.9;671.4,290.0",True
dt_wsqqqxd5j,TPS_00746,0.5116,"378.1,464.7;371.3,402.3;335.7,406.2;342.4,468.6",True
dt_wsqqtr328,TPS_00767,0.5116,"548.6,679.8;525.7,652.7;509.1,666.8;532.0,693.8",True
dt_wsqqub0pd,TPS_01093,0.5098,"733.9,374.9;707.3,327.3;673.8,345.9;700.4,393.6",True
dt_wsqqt8dcn,TPS_00716,0.5051,"674.4,972.2;684.4,864.1;629.6,859.0;619.5,967.1",True
dt_wsqqtq6wz,TPS_00151,0.5044,"499.5,19.5;490.9,-11.4;453.9,-1.1;462.5,29.8",True
dt_wsqqqrgd2,TPS_01176,0.5007,"23.7,706.9;13.7,686.1;-9.6,697.3;0.4,718.1",True
