{"type": "FeatureCollection", "features": [{"type": "Feature", "id": "dt_wsqqqx3ey", "properties": {"id": "dt_wsqqqx3ey", "status": "auto", "conf": 0.9815, "n_detections": 1, "heading_deg": 82.9, "length_m": 3.26, "width_m": 2.23, "corner": "SE", "intersection_id": "TPS_00747", "intersection_dist_m": 13.4, "osm_node_id": null, "serves_from_bearing": 82.9, "serves_to_bearing": 352.9, "serves_quality": "good", "imagery_source": "taipei_udd_ortho_2025", "model_version": "yolo26s-obb_ep144", "src_image": "TPS_00747", "src_px": "714.8,729.0;710.7,696.1;662.9,702.1;667.0,735.0", "lat": 25.0453575, "lon": 121.5770572}, "geometry": {"type": "Point", "coordinates": [121.5770572, 25.0453575]}}, {"type": "Feature", "id": "dt_wsqqwv3wn", "properties": {"id": "dt_wsqqwv3wn", "status": "auto", "conf": 0.98, "n_detections": 1, "heading_deg": 81.4, "length_m": 3.32, "width_m": 2.31, "corner": "SE", "intersection_id": "TPS_00834", "intersection_dist_m": 14.5, "osm_node_id": null, "serves_from_bearing": 81.4, "serves_to_bearing": 351.4, "serves_quality": "good", "imagery_source": "taipei_udd_ortho_2025", "model_version": "yolo26s-obb_ep144", "src_image": "TPS_00834", "src_px": "687.7,624.0;682.5,590.0;633.9,597.4;639.1,631.4", "lat": 25.0786981, "lon": 121.5880247}, "geometry": {"type": "Point", "coordinates": [121.5880247, 25.0786981]}}, {"type": "Feature", "id": "dt_wsqqx56f0", "properties": {"id": "dt_wsqqx56f0", "status": "auto", "conf": 0.9794, "n_detections": 1, "heading_deg": 69.9, "length_m": 2.87, "width_m": 2.55, "corner": "NE", "intersection_id": "TPS_01006", "intersection_dist_m": 15.3, "osm_node_id": null, "serves_from_bearing": 339.9, "serves_to_bearing": 249.9, "serves_quality": "good", "imagery_source": "taipei_udd_ortho_2025", "model_version": "yolo26s-obb_ep144", "src_image": "TPS_01006", "src_px": "601.3,317.2;588.3,281.6;548.4,296.3;561.4,331.9", "lat": 25.0670658, "lon": 121.6004984}, "geometry": {"type": "Point", "coordinates": [121.6004984, 25.0670658]}}, {"type": "Feature", "id": "dt_wsqqw8kvz", "properties": {"id": "dt_wsqqw8kvz", "status": "auto", "conf": 0.9791, "n_detections": 1, "heading_deg": 75.0, "length_m": 3.56, "width_m": 2.16, "corner": "NW", "intersection_id": "TPS_01548", "intersection_dist_m": 10.8, "osm_node_id": null, "serves_from_bearing": 345.0, "serves_to_bearing": 255.0, "serves_quality": "ambiguous", "imagery_source": "taipei_udd_ortho_2025", "model_version": "yolo26s-obb_ep144", "src_image": "TPS_01548", "src_px": "492.4,292.8;484.0,261.8;433.2,275.5;441.6,306.6", "lat": 25.0512182, "lon": 121.5815405}, "geometry": {"type": "Point", "coordinates": [121.5815405, 25.0512182]}}, {"type": "Feature", "id": "dt_wsqqkskdx", "properties": {"id": "dt_wsqqkskdx", "status": "auto", "conf": 0.9789, "n_detections": 1, "heading_deg": 80.6, "length_m": 3.04, "width_m": 2.01, "corner": "NW", "intersection_id": "TPS_01067", "intersection_dist_m": 12.7, "osm_node_id": null, "serves_from_bearing": 260.6, "serves_to_bearing": 170.6, "serves_quality": "ambiguous", "imagery_source": "taipei_udd_ortho_2025", "model_version": "yolo26s-obb_ep144", "src_image": "TPS_01067", "src_px": "527.8,245.6;522.9,216.1;478.5,223.5;483.4,253.0", "lat": 25.0286969, "lon": 121.4933336}, "geometry": {"type": "Point", "coordinates": [121.4933336, 25.0286969]}}, {"type": "Feature", "id": "dt_wsqqw3ecr", "properties": {"id": "dt_wsqqw3ecr", "status": "auto", "conf": 0.9787, "n_detections": 2, "heading_deg": 169.3, "length_m": 4.17, "width_m": 1.78, "corner": "SW", "intersection_id": "TPS_01180", "intersection_dist_m": 10.6, "osm_node_id": null, "serves_from_bearing": 169.3, "serves_to_bearing": 79.3, "serves_quality": "good", "imagery_source": "taipei_udd_ortho_2025", "model_version": "yolo26s-obb_ep144", "src_image": "TPS_02467", "src_px": "213.4,265.3;201.9,204.3;176.0,209.2;187.5,270.2", "lat": 25.0573116, "lon": 121.5691728}, "geometry": {"type": "Point", "coordinates": [121.5691728, 25.0573116]}}, {"type": "Feature", "id": "dt_wsqqqx3th", "properties": {"id": "dt_wsqqqx3th", "status": "auto", "conf": 0.9779, "n_detections": 1, "heading_deg": 87.5, "length_m": 3.25, "width_m": 2.29, "corner": "NW", "intersection_id": "TPS_00747", "intersection_dist_m": 13.0, "osm_node_id": null, "serves_from_bearing": 267.5, "serves_to_bearing": 177.5, "serves_quality": "good", "imagery_source": "taipei_udd_ortho_2025", "model_version": "yolo26s-obb_ep144", "src_image": "TPS_00747", "src_px": "593.3,357.5;591.8,323.5;543.8,325.6;545.3,359.6", "lat": 25.0455847, "lon": 121.5769765}, "geometry": {"type": "Point", "coordinates": [121.5769765, 25.0455847]}}, {"type": "Feature", "id": "dt_wsqqtdujn", "properties": {"id": "dt_wsqqtdujn", "status": "auto", "conf": 0.9778, "n_detections": 1, "heading_deg": 153.7, "length_m": 3.17, "width_m": 2.24, "corner": "SW", "intersection_id": "TPS_00060", "intersection_dist_m": 19.8, "osm_node_id": null, "serves_from_bearing": 153.7, "serves_to_bearing": 63.7, "serves_quality": "good", "imagery_source": "taipei_udd_ortho_2025", "model_version": "yolo26s-obb_ep144", "src_image": "TPS_00060", "src_px": "196.9,700.3;176.1,658.0;146.4,672.6;167.2,714.9", "lat": 25.0648137, "lon": 121.5365416}, "geometry": {"type": "Point", "coordinates": [121.5365416, 25.0648137]}}, {"type": "Feature", "id": "dt_wsqqw27mr", "properties": {"id": "dt_wsqqw27mr", "status": "auto", "conf": 0.9775, "n_detections": 1, "heading_deg": 89.2, "length_m": 3.75, "width_m": 2.06, "corner": "SE", "intersection_id": "TPS_00096", "intersection_dist_m": 21.3, "osm_node_id": null, "serves_from_bearing": 89.2, "serves_to_bearing": 359.2, "serves_quality": "good", "imagery_source": "taipei_udd_ortho_2025", "model_version": "yolo26s-obb_ep144", "src_image": "TPS_00096", "src_px": "746.8,687.0;746.3,656.3;690.8,657.1;691.2,687.8", "lat": 25.0511381, "lon": 121.5684942}, "geometry": {"type": "Point", "coordinates": [121.5684942, 25.0511381]}}, {"type": "Feature", "id": "dt_wsqqqw9dh", "properties": {"id": "dt_wsqqqw9dh", "status": "auto", "conf": 0.9775, "n_detections": 1, "heading_deg": 89.1, "length_m": 5.99, "width_m": 2.16, "corner": "NW", "intersection_id": "TPS_00655", "intersection_dist_m": 13.2, "osm_node_id": null, "serves_from_bearing": 359.1, "serves_to_bearing": 269.1, "serves_quality": "ambiguous", "imagery_source": "taipei_udd_ortho_2025", "model_version": "yolo26s-obb_ep144", "src_image": "TPS_00655", "src_px": "596.5,318.7;596.0,286.6;507.4,288.0;507.9,320.1", "lat": 25.0409423, "lon": 121.5769654}, "geometry": {"type": "Point", "coordinates": [121.5769654, 25.0409423]}}, {"type": "Feature", "id": "dt_wsqqt179k", "properties": {"id": "dt_wsqqt179k", "status": "auto", "conf": 0.977, "n_detections": 1, "heading_deg": 165.8, "length_m": 2.2, "width_m": 2.02, "corner": "SW", "intersection_id": "TPS_00197", "intersection_dist_m": 13.8, "osm_node_id": null, "serves_from_bearing": 165.8, "serves_to_bearing": 75.8, "serves_quality": "good", "imagery_source": "taipei_udd_ortho_2025", "model_version": "yolo26s-obb_ep144", "src_image": "TPS_00197", "src_px": "337.4,508.7;329.4,476.9;300.4,484.1;308.4,515.9", "lat": 25.0559101, "lon": 121.5138094}, "geometry": {"type": "Point", "coordinates": [121.5138094, 25.0559101]}}, {"type": "Feature", "id": "dt_wsqquv91v", "properties": {"id": "dt_wsqquv91v", "status": "auto", "conf": 0.977, "n_detections": 1, "heading_deg": 165.9, "length_m": 3.62, "width_m": 2.32, "corner": "NE", "intersection_id": "TPS_00545", "intersection_dist_m": 16.3, "osm_node_id": null, "serves_from_bearing": 75.9, "serves_to_bearing": 345.9, "serves_quality": "ambiguous", "imagery_source": "taipei_udd_ortho_2025", "model_version": "yolo26s-obb_ep144", "src_image": "TPS_00545", "src_px": "867.8,407.3;854.8,355.0;821.5,363.3;834.5,415.6", "lat": 25.1232936, "lon": 121.4993991}, "geometry": {"type": "Point", "coordinates": [121.4993991, 25.1232936]}}, {"type": "Feature", "id": "dt_wsqqtpwbp", "properties": {"id": "dt_wsqqtpwbp", "status": "auto", "conf": 0.9763, "n_detections": 1, "heading_deg": 93.1, "length_m": 4.19, "width_m": 2.59, "corner": "NW", "intersection_id": "TPS_00788", "intersection_dist_m": 17.6, "osm_node_id": null, "serves_from_bearing": 273.1, "serves_to_bearing": 183.1, "serves_quality": "good", "imagery_source": "taipei_udd_ortho_2025", "model_version": "yolo26s-obb_ep144", "src_image": "TPS_00788", "src_px": "495.6,355.3;497.7,316.8;435.8,313.4;433.6,351.9", "lat": 25.0900598, "lon": 121.518371}, "geometry": {"type": "Point", "coordinates": [121.518371, 25.0900598]}}, {"type": "Feature", "id": "dt_wsqqmx68u", "properties": {"id": "dt_wsqqmx68u", "status": "auto", "conf": 0.9757, "n_detections": 1, "heading_deg": 78.3, "length_m": 2.56, "width_m": 2.49, "corner": "SW", "intersection_id": "TPS_00328", "intersection_dist_m": 29.3, "osm_node_id": null, "serves_from_bearing": 168.3, "serves_to_bearing": 78.3, "serves_quality": "good", "imagery_source": "taipei_udd_ortho_2025", "model_version": "yolo26s-obb_ep144", "src_image": "TPS_00328", "src_px": "36.0,763.1;28.4,726.8;-8.6,734.5;-1.0,770.8", "lat": 25.0448708, "lon": 121.5343758}, "geometry": {"type": "Point", "coordinates": [121.5343758, 25.0448708]}}, {"type": "Feature", "id": "dt_wsqqqqxd8", "properties": {"id": "dt_wsqqqqxd8", "status": "auto", "conf": 0.9757, "n_detections": 1, "heading_deg": 89.3, "length_m": 3.85, "width_m": 2.22, "corner": "NW", "intersection_id": "TPS_00657", "intersection_dist_m": 11.2, "osm_node_id": null, "serves_from_bearing": 269.3, "serves_to_bearing": 179.3, "serves_quality": "ambiguous", "imagery_source": "taipei_udd_ortho_2025", "model_version": "yolo26s-obb_ep144", "src_image": "TPS_00657", "src_px": "548.6,435.1;548.1,402.1;491.2,402.8;491.7,435.9", "lat": 25.0410275, "lon": 121.5740257}, "geometry": {"type": "Point", "coordinates": [121.5740257, 25.0410275]}}, {"type": "Feature", "id": "dt_wsqqkue21", "properties": {"id": "dt_wsqqkue21", "status": "auto", "conf": 0.9757, "n_detections": 1, "heading_deg": 79.3, "length_m": 3.15, "width_m": 2.39, "corner": "SE", "intersection_id": "TPS_00827", "intersection_dist_m": 10.5, "osm_node_id": null, "serves_from_bearing": 79.3, "serves_to_bearing": 349.3, "serves_quality": "good", "imagery_source": "taipei_udd_ortho_2025", "model_version": "yolo26s-obb_ep144", "src_image": "TPS_00827", "src_px": "665.3,791.2;658.7,756.2;612.9,764.9;619.6,799.9", "lat": 25.029611, "lon": 121.5023512}, "geometry": {"type": "Point", "coordinates": [121.5023512, 25.029611]}}, {"type": "Feature", "id": "dt_wsqqmmr2y", "properties": {"id": "dt_wsqqmmr2y", "status": "auto", "conf": 0.9756, "n_detections": 1, "heading_deg": 94.8, "length_m": 4.16, "width_m": 2.35, "corner": "NE", "intersection_id": "TPS_00315", "intersection_dist_m": 15.4, "osm_node_id": null, "serves_from_bearing": 4.8, "serves_to_bearing": 274.8, "serves_quality": "ambiguous", "imagery_source": "taipei_udd_ortho_2025", "model_version": "yolo26s-obb_ep144", "src_image": "TPS_00315", "src_px": "685.7,198.3;688.7,163.5;627.4,158.3;624.4,193.1", "lat": 25.0338638, "lon": 121.5300003}, "geometry": {"type": "Point", "coordinates": [121.5300003, 25.0338638]}}, {"type": "Feature", "id": "dt_wsqqqtbn1", "properties": {"id": "dt_wsqqqtbn1", "status": "auto", "conf": 0.9755, "n_detections": 1, "heading_deg": 52.3, "length_m": 3.35, "width_m": 1.9, "corner": "NW", "intersection_id": "TPS_00660", "intersection_dist_m": 10.1, "osm_node_id": null, "serves_from_bearing": 232.3, "serves_to_bearing": 142.3, "serves_quality": "good", "imagery_source": "taipei_udd_ortho_2025", "model_version": "yolo26s-obb_ep144", "src_image": "TPS_00660", "src_px": "368.1,326.5;350.7,304.2;311.5,334.7;328.9,357.0", "lat": 25.0375041, "lon": 121.5747632}, "geometry": {"type": "Point", "coordinates": [121.5747632, 25.0375041]}}, {"type": "Feature", "id": "dt_wsqqrrn73", "properties": {"id": "dt_wsqqrrn73", "status": "auto", "conf": 0.9754, "n_detections": 1, "heading_deg": 152.2, "length_m": 2.9, "width_m": 1.79, "corner": "NE", "intersection_id": "TPS_00266", "intersection_dist_m": 16.6, "osm_node_id": null, "serves_from_bearing": 332.2, "serves_to_bearing": 242.2, "serves_quality": "good", "imagery_source": "taipei_udd_ortho_2025", "model_version": "yolo26s-obb_ep144", "src_image": "TPS_00266", "src_px": "629.4,301.5;609.4,263.3;585.9,275.6;605.9,313.8", "lat": 25.0439062, "lon": 121.6163132}, "geometry": {"type": "Point", "coordinates": [121.6163132, 25.0439062]}}, {"type": "Feature", "id": "dt_wsqqwu4gs", "properties": {"id": "dt_wsqqwu4gs", "status": "auto", "conf": 0.9753, "n_detections": 1, "heading_deg": 155.9, "length_m": 2.72, "width_m": 2.28, "corner": "SW", "intersection_id": "TPS_00969", "intersection_dist_m": 14.5, "osm_node_id": null, "serves_from_bearing": 155.9, "serves_to_bearing": 65.9, "serves_quality": "good", "imagery_source": "taipei_udd_ortho_2025", "model_version": "yolo26s-obb_ep144", "src_image": "TPS_00969", "src_px": "318.2,537.6;301.8,500.7;271.0,514.4;287.4,551.3", "lat": 25.0714419, "lon": 121.5896675}, "geometry": {"type": "Point", "coordinates": [121.5896675, 25.0714419]}}, {"type": "Feature", "id": "dt_wsqqqr5xn", "properties": {"id": "dt_wsqqqr5xn", "status": "auto", "conf": 0.9748, "n_detections": 1, "heading_deg": 56.2, "length_m": 3.92, "width_m": 2.2, "corner": "NW", "intersection_id": "TPS_00740", "intersection_dist_m": 16.5, "osm_node_id": null, "serves_from_bearing": 326.2, "serves_to_bearing": 236.2, "serves_quality": "good", "imagery_source": "taipei_udd_ortho_2025", "model_version": "yolo26s-obb_ep144", "src_image": "TPS_00740", "src_px": "424.6,214.0;406.4,186.9;358.2,219.4;376.4,246.4", "lat": 25.044572, "lon": 121.5687897}, "geometry": {"type": "Point", "coordinates": [121.5687897, 25.044572]}}, {"type": "Feature", "id": "dt_wsqqtd2xp", "properties": {"id": "dt_wsqqtd2xp", "status": "auto", "conf": 0.9747, "n_detections": 1, "heading_deg": 87.7, "length_m": 3.53, "width_m": 2.42, "corner": "SE", "intersection_id": "TPS_00678", "intersection_dist_m": 15.6, "osm_node_id": null, "serves_from_bearing": 87.7, "serves_to_bearing": 357.7, "serves_quality": "ambiguous", "imagery_source": "taipei_udd_ortho_2025", "model_version": "yolo26s-obb_ep144", "src_image": "TPS_00678", "src_px": "486.8,854.4;485.4,818.4;433.3,820.5;434.7,856.5", "lat": 25.0623896, "lon": 121.5317569}, "geometry": {"type": "Point", "coordinates": [121.5317569, 25.0623896]}}, {"type": "Feature", "id": "dt_wsqqmtnr6", "properties": {"id": "dt_wsqqmtnr6", "status": "auto", "conf": 0.9746, "n_detections": 1, "heading_deg": 88.7, "length_m": 2.41, "width_m": 1.84, "corner": "NW", "intersection_id": "TPS_00294", "intersection_dist_m": 16.7, "osm_node_id": null, "serves_from_bearing": 268.7, "serves_to_bearing": 178.7, "serves_quality": "good", "imagery_source": "taipei_udd_ortho_2025", "model_version": "yolo26s-obb_ep144", "src_image": "TPS_00294", "src_px": "425.7,345.0;425.1,317.6;389.4,318.4;390.1,345.8", "lat": 25.0336151, "lon": 121.5394464}, "geometry": {"type": "Point", "coordinates": [121.5394464, 25.0336151]}}, {"type": "Feature", "id": "dt_wsqqv2w40", "properties": {"id": "dt_wsqqv2w40", "status": "auto", "conf": 0.9739, "n_detections": 1, "heading_deg": 167.3, "length_m": 3.6, "width_m": 2.36, "corner": "NE", "intersection_id": "TPS_00016", "intersection_dist_m": 16.4, "osm_node_id": null, "serves_from_bearing": 347.3, "serves_to_bearing": 257.3, "serves_quality": "good", "imagery_source": "taipei_udd_ortho_2025", "model_version": "yolo26s-obb_ep144", "src_image": "TPS_00016", "src_px": "834.7,254.2;823.0,201.9;788.9,209.5;800.6,261.8", "lat": 25.0958741, "lon": 121.5280445}, "geometry": {"type": "Point", "coordinates": [121.5280445, 25.0958741]}}, {"type": "Feature", "id": "dt_wsqqw0mys", "properties": {"id": "dt_wsqqw0mys", "status": "auto", "conf": 0.9739, "n_detections": 1, "heading_deg": 89.2, "length_m": 4.04, "width_m": 2.28, "corner": "SE", "intersection_id": "TPS_00719", "intersection_dist_m": 17.0, "osm_node_id": null, "serves_from_bearing": 89.2, "serves_to_bearing": 359.2, "serves_quality": "good", "imagery_source": "taipei_udd_ortho_2025", "model_version": "yolo26s-obb_ep144", "src_image": "TPS_00719", "src_px": "604.9,864.4;604.5,830.4;544.7,831.2;545.1,865.1", "lat": 25.0513424, "lon": 121.5608446}, "geometry": {"type": "Point", "coordinates": [121.5608446, 25.0513424]}}, {"type": "Feature", "id": "dt_wsqqktn9x", "properties": {"id": "dt_wsqqktn9x", "status": "auto", "conf": 0.9736, "n_detections": 1, "heading_deg": 62.1, "length_m": 2.59, "width_m": 1.66, "corner": "SE", "intersection_id": "TPS_00924", "intersection_dist_m": 12.7, "osm_node_id": null, "serves_from_bearing": 62.1, "serves_to_bearing": 332.1, "serves_quality": "good", "imagery_source": "taipei_udd_ortho_2025", "model_version": "yolo26s-obb_ep144", "src_image": "TPS_00924", "src_px": "748.5,683.8;736.8,662.0;703.0,680.0;714.7,701.9", "lat": 25.0326246, "lon": 121.4960578}, "geometry": {"type": "Point", "coordinates": [121.4960578, 25.0326246]}}, {"type": "Feature", "id": "dt_wsqqw3h2f", "properties": {"id": "dt_wsqqw3h2f", "status": "auto", "conf": 0.9735, "n_detections": 2, "heading_deg": 171.2, "length_m": 3.41, "width_m": 1.96, "corner": "SE", "intersection_id": "TPS_01174", "intersection_dist_m": 10.4, "osm_node_id": null, "serves_from_bearing": 81.2, "serves_to_bearing": 351.2, "serves_quality": "good", "imagery_source": "taipei_udd_ortho_2025", "model_version": "yolo26s-obb_ep144", "src_image": "TPS_02441", "src_px": "176.5,349.1;168.8,299.0;140.2,303.4;147.9,353.5", "lat": 25.0544584, "lon": 121.5696634}, "geometry": {"type": "Point", "coordinates": [121.5696634, 25.0544584]}}, {"type": "Feature", "id": "dt_wsqqt645x", "properties": {"id": "dt_wsqqt645x", "status": "auto", "conf": 0.9734, "n_detections": 1, "heading_deg": 89.9, "length_m": 5.45, "width_m": 2.47, "corner": "NW", "intersection_id": "TPS_00324", "intersection_dist_m": 15.1, "osm_node_id": null, "serves_from_bearing": 269.9, "serves_to_bearing": 179.9, "serves_quality": "good", "imagery_source": "taipei_udd_ortho_2025", "model_version": "yolo26s-obb_ep144", "src_image": "TPS_00324", "src_px": "265.5,510.7;265.4,473.9;184.8,474.1;184.9,510.9", "lat": 25.0604222, "lon": 121.5228446}, "geometry": {"type": "Point", "coordinates": [121.5228446, 25.0604222]}}, {"type": "Feature", "id": "dt_wsqqtyqe8", "properties": {"id": "dt_wsqqtyqe8", "status": "auto", "conf": 0.9731, "n_detections": 1, "heading_deg": 9.2, "length_m": 3.14, "width_m": 2.2, "corner": "SW", "intersection_id": "TPS_00891", "intersection_dist_m": 14.1, "osm_node_id": null, "serves_from_bearing": 189.2, "serves_to_bearing": 99.2, "serves_quality": "good", "imagery_source": "taipei_udd_ortho_2025", "model_version": "yolo26s-obb_ep144", "src_image": "TPS_00891", "src_px": "295.9,463.2;303.3,417.1;271.1,412.0;263.8,458.1", "lat": 25.0837784, "lon": 121.5506929}, "geometry": {"type": "Point", "coordinates": [121.5506929, 25.0837784]}}, {"type": "Feature", "id": "dt_wsqqmne4k", "properties": {"id": "dt_wsqqmne4k", "status": "auto", "conf": 0.973, "n_detections": 1, "heading_deg": 94.1, "length_m": 4.59, "width_m": 2.57, "corner": "SE", "intersection_id": "TPS_02249", "intersection_dist_m": 9.5, "osm_node_id": null, "serves_from_bearing": 94.1, "serves_to_bearing": 4.1, "serves_quality": "good", "imagery_source": "taipei_udd_ortho_2025", "model_version": "yolo26s-obb_ep144", "src_image": "TPS_02249", "src_px": "584.2,523.6;587.0,485.4;519.3,480.5;516.5,518.7", "lat": 25.0409771, "lon": 121.5131073}, "geometry": {"type": "Point", "coordinates": [121.5131073, 25.0409771]}}, {"type": "Feature", "id": "dt_wsqqqx2t3", "properties": {"id": "dt_wsqqqx2t3", "status": "auto", "conf": 0.9729, "n_detections": 1, "heading_deg": 88.7, "length_m": 3.18, "width_m": 2.49, "corner": "NW", "intersection_id": "TPS_00741", "intersection_dist_m": 11.3, "osm_node_id": null, "serves_from_bearing": 268.7, "serves_to_bearing": 178.7, "serves_quality": "ambiguous", "imagery_source": "taipei_udd_ortho_2025", "model_version": "yolo26s-obb_ep144", "src_image": "TPS_00741", "src_px": "383.4,311.9;382.6,274.8;335.6,275.9;336.4,313.0", "lat": 25.0456137, "lon": 121.5754631}, "geometry": {"type": "Point", "coordinates": [121.5754631, 25.0456137]}}, {"type": "Feature", "id": "dt_wsqqtvxmq", "properties": {"id": "dt_wsqqtvxmq", "status": "auto", "conf": 0.9729, "n_detections": 1, "heading_deg": 161.4, "length_m": 4.36, "width_m": 2.37, "corner": "SW", "intersection_id": "TPS_00893", "intersection_dist_m": 12.8, "osm_node_id": null, "serves_from_bearing": 251.4, "serves_to_bearing": 161.4, "serves_quality": "ambiguous", "imagery_source": "taipei_udd_ortho_2025", "model_version": "yolo26s-obb_ep144", "src_image": "TPS_00893", "src_px": "439.8,599.6;419.2,538.1;386.0,549.2;406.6,610.7", "lat": 25.079964, "lon": 121.5519813}, "geometry": {"type": "Point", "coordinates": [121.5519813, 25.079964]}}, {"type": "Feature", "id": "dt_wsqqqxkkp", "properties": {"id": "dt_wsqqqxkkp", "status": "auto", "conf": 0.9727, "n_detections": 1, "heading_deg": 163.9, "length_m": 4.14, "width_m": 2.44, "corner": "NE", "intersection_id": "TPS_00149", "intersection_dist_m": 15.7, "osm_node_id": null, "serves_from_bearing": 343.9, "serves_to_bearing": 253.9, "serves_quality": "good", "imagery_source": "taipei_udd_ortho_2025", "model_version": "yolo26s-obb_ep144", "src_image": "TPS_00149", "src_px": "741.4,366.4;724.4,307.2;689.7,317.2;706.7,376.4", "lat": 25.0454291, "lon": 121.5808517}, "geometry": {"type": "Point", "coordinates": [121.5808517, 25.0454291]}}, {"type": "Feature", "id": "dt_wsqqtce70", "properties": {"id": "dt_wsqqtce70", "status": "auto", "conf": 0.9727, "n_detections": 1, "heading_deg": 86.2, "length_m": 2.77, "width_m": 2.17, "corner": "SE", "intersection_id": "TPS_00240", "intersection_dist_m": 15.0, "osm_node_id": null, "serves_from_bearing": 176.2, "serves_to_bearing": 86.2, "serves_quality": "ambiguous", "imagery_source": "taipei_udd_ortho_2025", "model_version": "yolo26s-obb_ep144", "src_image": "TPS_00240", "src_px": "573.9,808.4;571.7,776.1;530.9,778.8;533.1,811.1", "lat": 25.0575956, "lon": 121.5462383}, "geometry": {"type": "Point", "coordinates": [121.5462383, 25.0575956]}}, {"type": "Feature", "id": "dt_wsqqth7s1", "properties": {"id": "dt_wsqqth7s1", "status": "auto", "conf": 0.9727, "n_detections": 1, "heading_deg": 174.4, "length_m": 3.73, "width_m": 2.3, "corner": "SW", "intersection_id": "TPS_00686", "intersection_dist_m": 15.1, "osm_node_id": null, "serves_from_bearing": 174.4, "serves_to_bearing": 84.4, "serves_quality": "ambiguous", "imagery_source": "taipei_udd_ortho_2025", "model_version": "yolo26s-obb_ep144", "src_image": "TPS_00686", "src_px": "383.7,467.6;378.3,412.3;344.5,415.6;349.9,470.9", "lat": 25.0728925, "lon": 121.5136681}, "geometry": {"type": "Point", "coordinates": [121.5136681, 25.0728925]}}, {"type": "Feature", "id": "dt_wsqqugyyt", "properties": {"id": "dt_wsqqugyyt", "status": "auto", "conf": 0.9725, "n_detections": 1, "heading_deg": 139.2, "length_m": 3.25, "width_m": 2.77, "corner": "NE", "intersection_id": "TPS_00883", "intersection_dist_m": 19.4, "osm_node_id": null, "serves_from_bearing": 319.2, "serves_to_bearing": 229.2, "serves_quality": "good", "imagery_source": "taipei_udd_ortho_2025", "model_version": "yolo26s-obb_ep144", "src_image": "TPS_00883", "src_px": "622.4,245.7;591.0,209.1;559.8,235.8;591.2,272.4", "lat": 25.1145221, "lon": 121.5072972}, "geometry": {"type": "Point", "coordinates": [121.5072972, 25.1145221]}}, {"type": "Feature", "id": "dt_wsqqv2kxz", "properties": {"id": "dt_wsqqv2kxz", "status": "auto", "conf": 0.9724, "n_detections": 1, "heading_deg": 76.2, "length_m": 2.99, "width_m": 2.4, "corner": "NW", "intersection_id": "TPS_01080", "intersection_dist_m": 12.5, "osm_node_id": null, "serves_from_bearing": 346.2, "serves_to_bearing": 256.2, "serves_quality": "good", "imagery_source": "taipei_udd_ortho_2025", "model_version": "yolo26s-obb_ep144", "src_image": "TPS_01080", "src_px": "533.4,320.2;524.9,285.5;482.0,296.1;490.6,330.8", "lat": 25.0955169, "lon": 121.5262957}, "geometry": {"type": "Point", "coordinates": [121.5262957, 25.0955169]}}, {"type": "Feature", "id": "dt_wsqqqrrte", "properties": {"id": "dt_wsqqqrrte", "status": "auto", "conf": 0.9723, "n_detections": 1, "heading_deg": 87.7, "length_m": 2.9, "width_m": 2.46, "corner": "NW", "intersection_id": "TPS_00738", "intersection_dist_m": 14.2, "osm_node_id": null, "serves_from_bearing": 357.7, "serves_to_bearing": 267.7, "serves_quality": "ambiguous", "imagery_source": "taipei_udd_ortho_2025", "model_version": "yolo26s-obb_ep144", "src_image": "TPS_00738", "src_px": "526.3,230.8;524.8,194.2;481.9,195.9;483.4,232.5", "lat": 25.0456626, "lon": 121.5741867}, "geometry": {"type": "Point", "coordinates": [121.5741867, 25.0456626]}}, {"type": "Feature", "id": "dt_wsqqmz8md", "properties": {"id": "dt_wsqqmz8md", "status": "auto", "conf": 0.9719, "n_detections": 1, "heading_deg": 75.4, "length_m": 5.51, "width_m": 2.58, "corner": "SE", "intersection_id": "TPS_00065", "intersection_dist_m": 33.4, "osm_node_id": null, "serves_from_bearing": 75.4, "serves_to_bearing": 345.4, "serves_quality": "good", "imagery_source": "taipei_udd_ortho_2025", "model_version": "yolo26s-obb_ep144", "src_image": "TPS_00065", "src_px": "952.4,468.7;942.6,431.6;863.7,452.3;873.5,489.4", "lat": 25.0470677, "lon": 121.5421853}, "geometry": {"type": "Point", "coordinates": [121.5421853, 25.0470677]}}, {"type": "Feature", "id": "dt_wsqqt3jeb", "properties": {"id": "dt_wsqqt3jeb", "status": "auto", "conf": 0.9717, "n_detections": 1, "heading_deg": 88.6, "length_m": 6.03, "width_m": 2.61, "corner": "NW", "intersection_id": "TPS_00699", "intersection_dist_m": 20.3, "osm_node_id": null, "serves_from_bearing": 268.6, "serves_to_bearing": 178.6, "serves_quality": "good", "imagery_source": "taipei_udd_ortho_2025", "model_version": "yolo26s-obb_ep144", "src_image": "TPS_00699", "src_px": "364.5,493.5;363.5,454.7;274.4,456.9;275.4,495.7", "lat": 25.0549899, "lon": 121.527371}, "geometry": {"type": "Point", "coordinates": [121.527371, 25.0549899]}}, {"type": "Feature", "id": "dt_wsqqmzzgg", "properties": {"id": "dt_wsqqmzzgg", "status": "auto", "conf": 0.9716, "n_detections": 1, "heading_deg": 85.7, "length_m": 2.89, "width_m": 2.05, "corner": "SW", "intersection_id": "TPS_00074", "intersection_dist_m": 10.7, "osm_node_id": null, "serves_from_bearing": 175.7, "serves_to_bearing": 85.7, "serves_quality": "good", "imagery_source": "taipei_udd_ortho_2025", "model_version": "yolo26s-obb_ep144", "src_image": "TPS_00074", "src_px": "515.1,554.1;512.8,523.7;470.2,526.9;472.4,557.3", "lat": 25.0481077, "lon": 121.5525497}, "geometry": {"type": "Point", "coordinates": [121.5525497, 25.0481077]}}, {"type": "Feature", "id": "dt_wsqqqw61r", "properties": {"id": "dt_wsqqqw61r", "status": "auto", "conf": 0.9716, "n_detections": 1, "heading_deg": 164.1, "length_m": 3.88, "width_m": 1.81, "corner": "SW", "intersection_id": "TPS_00656", "intersection_dist_m": 15.0, "osm_node_id": null, "serves_from_bearing": 164.1, "serves_to_bearing": 74.1, "serves_quality": "good", "imagery_source": "taipei_udd_ortho_2025", "model_version": "yolo26s-obb_ep144", "src_image": "TPS_00656", "src_px": "526.6,740.4;510.9,684.8;485.1,692.0;500.8,747.7", "lat": 25.0394472, "lon": 121.5777928}, "geometry": {"type": "Point", "coordinates": [121.5777928, 25.0394472]}}, {"type": "Feature", "id": "dt_wsqqvch3d", "properties": {"id": "dt_wsqqvch3d", "status": "auto", "conf": 0.9715, "n_detections": 1, "heading_deg": 57.7, "length_m": 2.86, "width_m": 2.44, "corner": "SE", "intersection_id": "TPS_00425", "intersection_dist_m": 10.2, "osm_node_id": null, "serves_from_bearing": 57.7, "serves_to_bearing": 327.7, "serves_quality": "good", "imagery_source": "taipei_udd_ortho_2025", "model_version": "yolo26s-obb_ep144", "src_image": "TPS_00425", "src_px": "681.5,711.9;662.0,681.3;626.3,704.0;645.8,734.6", "lat": 25.0985386, "lon": 121.5476797}, "geometry": {"type": "Point", "coordinates": [121.5476797, 25.0985386]}}, {"type": "Feature", "id": "dt_wsqqqxs6m", "properties": {"id": "dt_wsqqqxs6m", "status": "auto", "conf": 0.9715, "n_detections": 1, "heading_deg": 177.7, "length_m": 3.19, "width_m": 2.01, "corner": "NE", "intersection_id": "TPS_00745", "intersection_dist_m": 11.7, "osm_node_id": null, "serves_from_bearing": 357.7, "serves_to_bearing": 267.7, "serves_quality": "good", "imagery_source": "taipei_udd_ortho_2025", "model_version": "yolo26s-obb_ep144", "src_image": "TPS_00745", "src_px": "630.9,380.2;629.0,332.8;599.3,333.9;601.1,381.3", "lat": 25.0465084, "lon": 121.5807843}, "geometry": {"type": "Point", "coordinates": [121.5807843, 25.0465084]}}, {"type": "Feature", "id": "dt_wsqqmv0p4", "properties": {"id": "dt_wsqqmv0p4", "status": "auto", "conf": 0.9714, "n_detections": 1, "heading_deg": 89.3, "length_m": 4.15, "width_m": 2.28, "corner": "NW", "intersection_id": "TPS_00297", "intersection_dist_m": 16.4, "osm_node_id": null, "serves_from_bearing": 269.3, "serves_to_bearing": 179.3, "serves_quality": "good", "imagery_source": "taipei_udd_ortho_2025", "model_version": "yolo26s-obb_ep144", "src_image": "TPS_00297", "src_px": "460.0,172.6;459.6,138.6;398.2,139.4;398.6,173.4", "lat": 25.0335663, "lon": 121.5418641}, "geometry": {"type": "Point", "coordinates": [121.5418641, 25.0335663]}}, {"type": "Feature", "id": "dt_wsqqwt342", "properties": {"id": "dt_wsqqwt342", "status": "auto", "conf": 0.9714, "n_detections": 1, "heading_deg": 27.9, "length_m": 3.55, "width_m": 1.84, "corner": "NE", "intersection_id": "TPS_00522", "intersection_dist_m": 10.7, "osm_node_id": null, "serves_from_bearing": 27.9, "serves_to_bearing": 297.9, "serves_quality": "good", "imagery_source": "taipei_udd_ortho_2025", "model_version": "yolo26s-obb_ep144", "src_image": "TPS_00522", "src_px": "565.1,646.9;589.7,600.2;565.6,587.5;541.0,634.3", "lat": 25.0780722, "lon": 121.5761161}, "geometry": {"type": "Point", "coordinates": [121.5761161, 25.0780722]}}, {"type": "Feature", "id": "dt_wsqqv1zu9", "properties": {"id": "dt_wsqqv1zu9", "status": "auto", "conf": 0.9714, "n_detections": 1, "heading_deg": 149.7, "length_m": 4.53, "width_m": 2.91, "corner": "SW", "intersection_id": "TPS_00561", "intersection_dist_m": 15.9, "osm_node_id": null, "serves_from_bearing": 149.7, "serves_to_bearing": 59.7, "serves_quality": "good", "imagery_source": "taipei_udd_ortho_2025", "model_version": "yolo26s-obb_ep144", "src_image": "TPS_00561", "src_px": "396.0,747.6;362.2,689.4;324.9,711.1;358.8,769.3", "lat": 25.1031892, "lon": 121.5195021}, "geometry": {"type": "Point", "coordinates": [121.5195021, 25.1031892]}}, {"type": "Feature", "id": "dt_wsqqw4mqw", "properties": {"id": "dt_wsqqw4mqw", "status": "auto", "conf": 0.9714, "n_detections": 2, "heading_deg": 80.2, "length_m": 3.72, "width_m": 2.19, "corner": "NE", "intersection_id": "TPS_01193", "intersection_dist_m": 13.1, "osm_node_id": null, "serves_from_bearing": 80.2, "serves_to_bearing": 350.2, "serves_quality": "ambiguous", "imagery_source": "taipei_udd_ortho_2025", "model_version": "yolo26s-obb_ep144", "src_image": "TPS_01193", "src_px": "675.6,474.0;670.0,441.9;615.8,451.3;621.3,483.4", "lat": 25.0623062, "lon": 121.5602055}, "geometry": {"type": "Point", "coordinates": [121.5602055, 25.0623062]}}, {"type": "Feature", "id": "dt_wsqqqrcmq", "properties": {"id": "dt_wsqqqrcmq", "status": "auto", "conf": 0.9712, "n_detections": 2, "heading_deg": 69.3, "length_m": 3.42, "width_m": 2.23, "corner": "NE", "intersection_id": "TPS_02460", "intersection_dist_m": 27.4, "osm_node_id": null, "serves_from_bearing": 339.3, "serves_to_bearing": 249.3, "serves_quality": "good", "imagery_source": "taipei_udd_ortho_2025", "model_version": "yolo26s-obb_ep144", "src_image": "TPS_02461", "src_px": "158.4,91.5;146.7,60.5;99.4,78.5;111.1,109.4", "lat": 25.0483844, "lon": 121.5656954}, "geometry": {"type": "Point", "coordinates": [121.5656954, 25.0483844]}}, {"type": "Feature", "id": "dt_wsqqw9gfq", "properties": {"id": "dt_wsqqw9gfq", "status": "auto", "conf": 0.9711, "n_detections": 1, "heading_deg": 149.3, "length_m": 4.01, "width_m": 2.31, "corner": "SW", "intersection_id": "TPS_00364", "intersection_dist_m": 18.8, "osm_node_id": null, "serves_from_bearing": 239.3, "serves_to_bearing": 149.3, "serves_quality": "good", "imagery_source": "taipei_udd_ortho_2025", "model_version": "yolo26s-obb_ep144", "src_image": "TPS_00364", "src_px": "187.3,557.6;157.1,506.3;127.6,523.7;157.9,574.9", "lat": 25.0588378, "lon": 121.5801341}, "geometry": {"type": "Point", "coordinates": [121.5801341, 25.0588378]}}, {"type": "Feature", "id": "dt_wsqqv27mz", "properties": {"id": "dt_wsqqv27mz", "status": "auto", "conf": 0.9711, "n_detections": 1, "heading_deg": 76.8, "length_m": 6.72, "width_m": 2.4, "corner": "NW", "intersection_id": "TPS_00890", "intersection_dist_m": 14.2, "osm_node_id": null, "serves_from_bearing": 256.8, "serves_to_bearing": 166.8, "serves_quality": "good", "imagery_source": "taipei_udd_ortho_2025", "model_version": "yolo26s-obb_ep144", "src_image": "TPS_00890", "src_px": "513.2,432.2;504.9,397.4;408.2,420.2;416.4,455.0", "lat": 25.0951343, "lon": 121.5245475}, "geometry": {"type": "Point", "coordinates": [121.5245475, 25.0951343]}}, {"type": "Feature", "id": "dt_wsqqmh4uw", "properties": {"id": "dt_wsqqmh4uw", "status": "auto", "conf": 0.9706, "n_detections": 1, "heading_deg": 97.3, "length_m": 2.87, "width_m": 1.92, "corner": "NW", "intersection_id": "TPS_00554", "intersection_dist_m": 13.1, "osm_node_id": null, "serves_from_bearing": 277.3, "serves_to_bearing": 187.3, "serves_quality": "ambiguous", "imagery_source": "taipei_udd_ortho_2025", "model_version": "yolo26s-obb_ep144", "src_image": "TPS_00554", "src_px": "418.1,411.2;421.8,382.9;379.7,377.5;376.1,405.9", "lat": 25.0276665, "lon": 121.5128331}, "geometry": {"type": "Point", "coordinates": [121.5128331, 25.0276665]}}, {"type": "Feature", "id": "dt_wsqqmwkv3", "properties": {"id": "dt_wsqqmwkv3", "status": "auto", "conf": 0.9706, "n_detections": 1, "heading_deg": 167.1, "length_m": 3.9, "width_m": 2.45, "corner": "SW", "intersection_id": "TPS_01393", "intersection_dist_m": 7.9, "osm_node_id": null, "serves_from_bearing": 257.1, "serves_to_bearing": 167.1, "serves_quality": "ambiguous", "imagery_source": "taipei_udd_ortho_2025", "model_version": "yolo26s-obb_ep144", "src_image": "TPS_01393", "src_px": "398.2,619.9;385.3,563.3;350.0,571.4;363.0,627.9", "lat": 25.0401426, "lon": 121.5373641}, "geometry": {"type": "Point", "coordinates": [121.5373641, 25.0401426]}}, {"type": "Feature", "id": "dt_wsqqt0d6u", "properties": {"id": "dt_wsqqt0d6u", "status": "auto", "conf": 0.9706, "n_detections": 1, "heading_deg": 34.3, "length_m": 5.16, "width_m": 2.19, "corner": "NE", "intersection_id": "TPS_01586", "intersection_dist_m": 20.6, "osm_node_id": null, "serves_from_bearing": 34.3, "serves_to_bearing": 304.3, "serves_quality": "good", "imagery_source": "taipei_udd_ortho_2025", "model_version": "yolo26s-obb_ep144", "src_image": "TPS_01586", "src_px": "765.4,428.5;808.4,365.1;781.6,346.8;738.5,410.2", "lat": 25.0520884, "lon": 121.5120543}, "geometry": {"type": "Point", "coordinates": [121.5120543, 25.0520884]}}, {"type": "Feature", "id": "dt_wsqqqrrsh", "properties": {"id": "dt_wsqqqrrsh", "status": "auto", "conf": 0.9705, "n_detections": 1, "heading_deg": 87.9, "length_m": 2.79, "width_m": 2.08, "corner": "SE", "intersection_id": "TPS_00738", "intersection_dist_m": 12.4, "osm_node_id": null, "serves_from_bearing": 87.9, "serves_to_bearing": 357.9, "serves_quality": "ambiguous", "imagery_source": "taipei_udd_ortho_2025", "model_version": "yolo26s-obb_ep144", "src_image": "TPS_00738", "src_px": "555.0,622.1;553.9,591.2;512.7,592.7;513.8,623.6", "lat": 25.0454232, "lon": 121.5742067}, "geometry": {"type": "Point", "coordinates": [121.5742067, 25.0454232]}}, {"type": "Feature", "id": "dt_wsqqwdju4", "properties": {"id": "dt_wsqqwdju4", "status": "auto", "conf": 0.9705, "n_detections": 1, "heading_deg": 53.5, "length_m": 3.01, "width_m": 2.11, "corner": "SE", "intersection_id": "TPS_00898", "intersection_dist_m": 10.8, "osm_node_id": null, "serves_from_bearing": 53.5, "serves_to_bearing": 323.5, "serves_quality": "ambiguous", "imagery_source": "taipei_udd_ortho_2025", "model_version": "yolo26s-obb_ep144", "src_image": "TPS_00898", "src_px": "723.7,585.2;705.0,560.1;669.2,586.8;688.0,611.9", "lat": 25.0605208, "lon": 121.5827271}, "geometry": {"type": "Point", "coordinates": [121.5827271, 25.0605208]}}, {"type": "Feature", "id": "dt_wsqqw6fzq", "properties": {"id": "dt_wsqqw6fzq", "status": "auto", "conf": 0.9705, "n_detections": 1, "heading_deg": 169.4, "length_m": 3.42, "width_m": 2.01, "corner": "SW", "intersection_id": "TPS_02364", "intersection_dist_m": 27.0, "osm_node_id": null, "serves_from_bearing": 169.4, "serves_to_bearing": 79.4, "serves_quality": "good", "imagery_source": "taipei_udd_ortho_2025", "model_version": "yolo26s-obb_ep144", "src_image": "TPS_02364", "src_px": "209.1,565.9;199.8,515.9;170.6,521.3;179.9,571.3", "lat": 25.0652115, "lon": 121.5677962}, "geometry": {"type": "Point", "coordinates": [121.5677962, 25.0652115]}}, {"type": "Feature", "id": "dt_wsqqv3dk7", "properties": {"id": "dt_wsqqv3dk7", "status": "auto", "conf": 0.9704, "n_detections": 1, "heading_deg": 77.1, "length_m": 3.03, "width_m": 2.49, "corner": "SE", "intersection_id": "TPS_00560", "intersection_dist_m": 17.8, "osm_node_id": null, "serves_from_bearing": 77.1, "serves_to_bearing": 347.1, "serves_quality": "ambiguous", "imagery_source": "taipei_udd_ortho_2025", "model_version": "yolo26s-obb_ep144", "src_image": "TPS_00560", "src_px": "495.7,794.6;487.3,758.5;443.6,768.6;452.0,804.8", "lat": 25.1017584, "lon": 121.5230086}, "geometry": {"type": "Point", "coordinates": [121.5230086, 25.1017584]}}, {"type": "Feature", "id": "dt_wsqqkv448", "properties": {"id": "dt_wsqqkv448", "status": "auto", "conf": 0.9704, "n_detections": 1, "heading_deg": 85.1, "length_m": 6.18, "width_m": 2.65, "corner": "SE", "intersection_id": "TPS_00928", "intersection_dist_m": 20.2, "osm_node_id": null, "serves_from_bearing": 85.1, "serves_to_bearing": 355.1, "serves_quality": "ambiguous", "imagery_source": "taipei_udd_ortho_2025", "model_version": "yolo26s-obb_ep144", "src_image": "TPS_00928", "src_px": "565.9,915.8;562.5,876.5;471.5,884.4;474.9,923.8", "lat": 25.0328031, "lon": 121.5005538}, "geometry": {"type": "Point", "coordinates": [121.5005538, 25.0328031]}}, {"type": "Feature", "id": "dt_wsqqks7k9", "properties": {"id": "dt_wsqqks7k9", "status": "auto", "conf": 0.9703, "n_detections": 1, "heading_deg": 49.4, "length_m": 4.13, "width_m": 2.11, "corner": "SW", "intersection_id": "TPS_00085", "intersection_dist_m": 20.6, "osm_node_id": null, "serves_from_bearing": 139.4, "serves_to_bearing": 49.4, "serves_quality": "good", "imagery_source": "taipei_udd_ortho_2025", "model_version": "yolo26s-obb_ep144", "src_image": "TPS_00085", "src_px": "413.5,682.4;393.1,658.7;346.8,698.7;367.2,722.3", "lat": 25.029042, "lon": 121.4913629}, "geometry": {"type": "Point", "coordinates": [121.4913629, 25.029042]}}, {"type": "Feature", "id": "dt_wsqqwe0h5", "properties": {"id": "dt_wsqqwe0h5", "status": "auto", "conf": 0.9703, "n_detections": 1, "heading_deg": 68.4, "length_m": 4.65, "width_m": 2.53, "corner": "NW", "intersection_id": "TPS_00754", "intersection_dist_m": 14.6, "osm_node_id": null, "serves_from_bearing": 248.4, "serves_to_bearing": 158.4, "serves_quality": "good", "imagery_source": "taipei_udd_ortho_2025", "model_version": "yolo26s-obb_ep144", "src_image": "TPS_00754", "src_px": "281.7,509.2;267.8,474.2;203.8,499.7;217.8,534.7", "lat": 25.0660128, "lon": 121.5748698}, "geometry": {"type": "Point", "coordinates": [121.5748698, 25.0660128]}}, {"type": "Feature", "id": "dt_wsqqxnp1r", "properties": {"id": "dt_wsqqxnp1r", "status": "auto", "conf": 0.9703, "n_detections": 1, "heading_deg": 151.9, "length_m": 3.65, "width_m": 2.26, "corner": "NE", "intersection_id": "TPS_00839", "intersection_dist_m": 13.3, "osm_node_id": null, "serves_from_bearing": 61.9, "serves_to_bearing": 331.9, "serves_quality": "good", "imagery_source": "taipei_udd_ortho_2025", "model_version": "yolo26s-obb_ep144", "src_image": "TPS_00839", "src_px": "786.7,555.2;761.3,507.3;731.8,523.0;757.2,570.9", "lat": 25.0820066, "lon": 121.6066302}, "geometry": {"type": "Point", "coordinates": [121.6066302, 25.0820066]}}, {"type": "Feature", "id": "dt_wsqqw2bpd", "properties": {"id": "dt_wsqqw2bpd", "status": "auto", "conf": 0.9702, "n_detections": 1, "heading_deg": 84.2, "length_m": 5.36, "width_m": 2.74, "corner": "NW", "intersection_id": "TPS_00216", "intersection_dist_m": 12.0, "osm_node_id": null, "serves_from_bearing": 264.2, "serves_to_bearing": 174.2, "serves_quality": "good", "imagery_source": "taipei_udd_ortho_2025", "model_version": "yolo26s-obb_ep144", "src_image": "TPS_00216", "src_px": "430.8,397.1;426.6,356.5;347.8,364.6;352.0,405.2", "lat": 25.0542697, "lon": 121.5638101}, "geometry": {"type": "Point", "coordinates": [121.5638101, 25.0542697]}}, {"type": "Feature", "id": "dt_wsqqjtxn0", "properties": {"id": "dt_wsqqjtxn0", "status": "auto", "conf": 0.9702, "n_detections": 1, "heading_deg": 19.8, "length_m": 2.75, "width_m": 2.2, "corner": "NW", "intersection_id": "TPS_01051", "intersection_dist_m": 13.9, "osm_node_id": null, "serves_from_bearing": 289.8, "serves_to_bearing": 199.8, "serves_quality": "ambiguous", "imagery_source": "taipei_udd_ortho_2025", "model_version": "yolo26s-obb_ep144", "src_image": "TPS_01051", "src_px": "285.4,440.6;299.2,402.1;268.6,391.2;254.9,429.7", "lat": 24.9921845, "lon": 121.5403889}, "geometry": {"type": "Point", "coordinates": [121.5403889, 24.9921845]}}, {"type": "Feature", "id": "dt_wsqqm5v6n", "properties": {"id": "dt_wsqqm5v6n", "status": "auto", "conf": 0.9701, "n_detections": 1, "heading_deg": 78.9, "length_m": 5.78, "width_m": 3.31, "corner": "NW", "intersection_id": "TPS_00491", "intersection_dist_m": 21.4, "osm_node_id": null, "serves_from_bearing": 258.9, "serves_to_bearing": 168.9, "serves_quality": "good", "imagery_source": "taipei_udd_ortho_2025", "model_version": "yolo26s-obb_ep144", "src_image": "TPS_00491", "src_px": "443.9,332.3;434.4,284.0;350.5,300.5;360.0,348.8", "lat": 25.0258474, "lon": 121.5162652}, "geometry": {"type": "Point", "coordinates": [121.5162652, 25.0258474]}}, {"type": "Feature", "id": "dt_wsqqtb84w", "properties": {"id": "dt_wsqqtb84w", "status": "auto", "conf": 0.9701, "n_detections": 1, "heading_deg": 87.6, "length_m": 3.18, "width_m": 2.21, "corner": "NW", "intersection_id": "TPS_00626", "intersection_dist_m": 16.1, "osm_node_id": null, "serves_from_bearing": 267.6, "serves_to_bearing": 177.6, "serves_quality": "good", "imagery_source": "taipei_udd_ortho_2025", "model_version": "yolo26s-obb_ep144", "src_image": "TPS_00626", "src_px": "430.5,249.5;429.1,216.6;382.1,218.6;383.5,251.5", "lat": 25.0520262, "lon": 121.5420205}, "geometry": {"type": "Point", "coordinates": [121.5420205, 25.0520262]}}, {"type": "Feature", "id": "dt_wsqqx2exd", "properties": {"id": "dt_wsqqx2exd", "status": "auto", "conf": 0.9701, "n_detections": 1, "heading_deg": 80.5, "length_m": 2.81, "width_m": 2.14, "corner": "NW", "intersection_id": "TPS_00877", "intersection_dist_m": 11.2, "osm_node_id": null, "serves_from_bearing": 260.5, "serves_to_bearing": 170.5, "serves_quality": "good", "imagery_source": "taipei_udd_ortho_2025", "model_version": "yolo26s-obb_ep144", "src_image": "TPS_00877", "src_px": "429.8,395.2;424.5,363.8;383.5,370.7;388.8,402.1", "lat": 25.0528688, "lon": 121.6125736}, "geometry": {"type": "Point", "coordinates": [121.6125736, 25.0528688]}}, {"type": "Feature", "id": "dt_wsqqt7tdp", "properties": {"id": "dt_wsqqt7tdp", "status": "auto", "conf": 0.9701, "n_detections": 1, "heading_deg": 89.7, "length_m": 4.74, "width_m": 2.55, "corner": "SE", "intersection_id": "TPS_01222", "intersection_dist_m": 6.7, "osm_node_id": null, "serves_from_bearing": 89.7, "serves_to_bearing": 359.7, "serves_quality": "ambiguous", "imagery_source": "taipei_udd_ortho_2025", "model_version": "yolo26s-obb_ep144", "src_image": "TPS_01222", "src_px": "539.7,661.7;539.5,623.8;469.4,624.2;469.6,662.1", "lat": 25.0684165, "lon": 121.5276668}, "geometry": {"type": "Point", "coordinates": [121.5276668, 25.0684165]}}, {"type": "Feature", "id": "dt_wsqqwdjsy", "properties": {"id": "dt_wsqqwdjsy", "status": "auto", "conf": 0.9699, "n_detections": 1, "heading_deg": 51.5, "length_m": 3.15, "width_m": 1.77, "corner": "NW", "intersection_id": "TPS_00898", "intersection_dist_m": 12.1, "osm_node_id": null, "serves_from_bearing": 231.5, "serves_to_bearing": 141.5, "serves_quality": "good", "imagery_source": "taipei_udd_ortho_2025", "model_version": "yolo26s-obb_ep144", "src_image": "TPS_00898", "src_px": "466.3,364.3;449.9,343.7;413.4,372.9;429.9,393.4", "lat": 25.0606529, "lon": 121.5825551}, "geometry": {"type": "Point", "coordinates": [121.5825551, 25.0606529]}}, {"type": "Feature", "id": "dt_wsqqw3489", "properties": {"id": "dt_wsqqw3489", "status": "auto", "conf": 0.9698, "n_detections": 1, "heading_deg": 85.5, "length_m": 5.36, "width_m": 2.28, "corner": "NW", "intersection_id": "TPS_00027", "intersection_dist_m": 12.9, "osm_node_id": null, "serves_from_bearing": 265.5, "serves_to_bearing": 175.5, "serves_quality": "good", "imagery_source": "taipei_udd_ortho_2025", "model_version": "yolo26s-obb_ep144", "src_image": "TPS_00027", "src_px": "414.4,390.9;411.8,357.0;332.8,363.2;335.5,397.1", "lat": 25.0544275, "lon": 121.5672328}, "geometry": {"type": "Point", "coordinates": [121.5672328, 25.0544275]}}, {"type": "Feature", "id": "dt_wsqqtde01", "properties": {"id": "dt_wsqqtde01", "status": "auto", "conf": 0.9698, "n_detections": 1, "heading_deg": 90.0, "length_m": 3.43, "width_m": 2.56, "corner": "NE", "intersection_id": "TPS_00679", "intersection_dist_m": 15.8, "osm_node_id": null, "serves_from_bearing": 0.0, "serves_to_bearing": 270.0, "serves_quality": "ambiguous", "imagery_source": "taipei_udd_ortho_2025", "model_version": "yolo26s-obb_ep144", "src_image": "TPS_00679", "src_px": "621.6,281.5;621.6,243.4;570.9,243.4;571.0,281.6", "lat": 25.0625833, "lon": 121.5349381}, "geometry": {"type": "Point", "coordinates": [121.5349381, 25.0625833]}}, {"type": "Feature", "id": "dt_wsqqv2w11", "properties": {"id": "dt_wsqqv2w11", "status": "auto", "conf": 0.9697, "n_detections": 1, "heading_deg": 78.1, "length_m": 5.71, "width_m": 2.6, "corner": "SE", "intersection_id": "TPS_00016", "intersection_dist_m": 15.9, "osm_node_id": null, "serves_from_bearing": 78.1, "serves_to_bearing": 348.1, "serves_quality": "good", "imagery_source": "taipei_udd_ortho_2025", "model_version": "yolo26s-obb_ep144", "src_image": "TPS_00016", "src_px": "879.0,542.4;870.9,504.5;788.3,522.0;796.4,559.9", "lat": 25.0956917, "lon": 121.5280592}, "geometry": {"type": "Point", "coordinates": [121.5280592, 25.0956917]}}, {"type": "Feature", "id": "dt_wsqqvbb8c", "properties": {"id": "dt_wsqqvbb8c", "status": "auto", "conf": 0.9697, "n_detections": 1, "heading_deg": 53.6, "length_m": 4.5, "width_m": 2.31, "corner": "SE", "intersection_id": "TPS_00456", "intersection_dist_m": 9.8, "osm_node_id": null, "serves_from_bearing": 143.6, "serves_to_bearing": 53.6, "serves_quality": "good", "imagery_source": "taipei_udd_ortho_2025", "model_version": "yolo26s-obb_ep144", "src_image": "TPS_00456", "src_px": "641.0,637.4;620.5,609.8;566.9,649.6;587.4,677.2", "lat": 25.0970232, "lon": 121.5424963}, "geometry": {"type": "Point", "coordinates": [121.5424963, 25.0970232]}}, {"type": "Feature", "id": "dt_wsqqkv5k8", "properties": {"id": "dt_wsqqkv5k8", "status": "auto", "conf": 0.9697, "n_detections": 1, "heading_deg": 75.0, "length_m": 3.25, "width_m": 2.17, "corner": "SE", "intersection_id": "TPS_00923", "intersection_dist_m": 14.2, "osm_node_id": null, "serves_from_bearing": 75.0, "serves_to_bearing": 345.0, "serves_quality": "ambiguous", "imagery_source": "taipei_udd_ortho_2025", "model_version": "yolo26s-obb_ep144", "src_image": "TPS_00923", "src_px": "576.8,840.1;568.4,808.9;522.0,821.4;530.3,852.6", "lat": 25.0331563, "lon": 121.502291}, "geometry": {"type": "Point", "coordinates": [121.502291, 25.0331563]}}, {"type": "Feature", "id": "dt_wsqqt4t5p", "properties": {"id": "dt_wsqqt4t5p", "status": "auto", "conf": 0.9696, "n_detections": 1, "heading_deg": 87.8, "length_m": 3.68, "width_m": 2.39, "corner": "NW", "intersection_id": "TPS_00320", "intersection_dist_m": 16.0, "osm_node_id": null, "serves_from_bearing": 357.8, "serves_to_bearing": 267.8, "serves_quality": "ambiguous", "imagery_source": "taipei_udd_ortho_2025", "model_version": "yolo26s-obb_ep144", "src_image": "TPS_00320", "src_px": "484.4,185.6;483.0,150.0;428.6,152.1;430.0,187.6", "lat": 25.0631067, "lon": 121.5159616}, "geometry": {"type": "Point", "coordinates": [121.5159616, 25.0631067]}}, {"type": "Feature", "id": "dt_wsqqt38fb", "properties": {"id": "dt_wsqqt38fb", "status": "auto", "conf": 0.9696, "n_detections": 1, "heading_deg": 80.3, "length_m": 4.38, "width_m": 2.22, "corner": "SE", "intersection_id": "TPS_00345", "intersection_dist_m": 14.1, "osm_node_id": null, "serves_from_bearing": 80.3, "serves_to_bearing": 350.3, "serves_quality": "good", "imagery_source": "taipei_udd_ortho_2025", "model_version": "yolo26s-obb_ep144", "src_image": "TPS_00345", "src_px": "568.1,569.8;562.5,537.3;498.6,548.3;504.2,580.8", "lat": 25.0575826, "lon": 121.5208197}, "geometry": {"type": "Point", "coordinates": [121.5208197, 25.0575826]}}, {"type": "Feature", "id": "dt_wsqqtb3b0", "properties": {"id": "dt_wsqqtb3b0", "status": "auto", "conf": 0.9695, "n_detections": 1, "heading_deg": 177.9, "length_m": 3.02, "width_m": 2.4, "corner": "NE", "intersection_id": "TPS_00307", "intersection_dist_m": 24.7, "osm_node_id": null, "serves_from_bearing": 357.9, "serves_to_bearing": 267.9, "serves_quality": "good", "imagery_source": "taipei_udd_ortho_2025", "model_version": "yolo26s-obb_ep144", "src_image": "TPS_00307", "src_px": "837.9,406.6;836.3,361.6;800.9,362.9;802.5,407.9", "lat": 25.050224, "lon": 121.5441858}, "geometry": {"type": "Point", "coordinates": [121.5441858, 25.050224]}}, {"type": "Feature", "id": "dt_wsqqt4t1r", "properties": {"id": "dt_wsqqt4t1r", "status": "auto", "conf": 0.9694, "n_detections": 1, "heading_deg": 89.0, "length_m": 3.52, "width_m": 2.53, "corner": "SE", "intersection_id": "TPS_00320", "intersection_dist_m": 17.8, "osm_node_id": null, "serves_from_bearing": 89.0, "serves_to_bearing": 359.0, "serves_quality": "ambiguous", "imagery_source": "taipei_udd_ortho_2025", "model_version": "yolo26s-obb_ep144", "src_image": "TPS_00320", "src_px": "518.7,688.4;518.0,650.8;465.9,651.7;466.6,689.4", "lat": 25.0628022, "lon": 121.5159856}, "geometry": {"type": "Point", "coordinates": [121.5159856, 25.0628022]}}, {"type": "Feature", "id": "dt_wsqqtk841", "properties": {"id": "dt_wsqqtk841", "status": "auto", "conf": 0.9691, "n_detections": 1, "heading_deg": 20.0, "length_m": 3.27, "width_m": 2.24, "corner": "SE", "intersection_id": "TPS_00691", "intersection_dist_m": 17.2, "osm_node_id": null, "serves_from_bearing": 20.0, "serves_to_bearing": 290.0, "serves_quality": "ambiguous", "imagery_source": "taipei_udd_ortho_2025", "model_version": "yolo26s-obb_ep144", "src_image": "TPS_00691", "src_px": "867.3,560.0;883.8,514.3;852.7,503.0;836.1,548.7", "lat": 25.0739263, "lon": 121.5198371}, "geometry": {"type": "Point", "coordinates": [121.5198371, 25.0739263]}}, {"type": "Feature", "id": "dt_wsqqv0gmw", "properties": {"id": "dt_wsqqv0gmw", "status": "auto", "conf": 0.9691, "n_detections": 1, "heading_deg": 158.2, "length_m": 4.11, "width_m": 2.55, "corner": "NE", "intersection_id": "TPS_00956", "intersection_dist_m": 19.7, "osm_node_id": null, "serves_from_bearing": 68.2, "serves_to_bearing": 338.2, "serves_quality": "ambiguous", "imagery_source": "taipei_udd_ortho_2025", "model_version": "yolo26s-obb_ep144", "src_image": "TPS_00956", "src_px": "933.7,332.1;911.1,275.2;876.0,289.2;898.6,346.0", "lat": 25.0978472, "lon": 121.5135157}, "geometry": {"type": "Point", "coordinates": [121.5135157, 25.0978472]}}, {"type": "Feature", "id": "dt_wsqqt256q", "properties": {"id": "dt_wsqqt256q", "status": "auto", "conf": 0.9689, "n_detections": 1, "heading_deg": 100.9, "length_m": 3.37, "width_m": 2.78, "corner": "NW", "intersection_id": "TPS_01532", "intersection_dist_m": 12.1, "osm_node_id": null, "serves_from_bearing": 280.9, "serves_to_bearing": 190.9, "serves_quality": "good", "imagery_source": "taipei_udd_ortho_2025", "model_version": "yolo26s-obb_ep144", "src_image": "TPS_01532", "src_px": "461.4,478.0;469.3,437.4;420.4,427.9;412.4,468.5", "lat": 25.0492495, "lon": 121.5245342}, "geometry": {"type": "Point", "coordinates": [121.5245342, 25.0492495]}}, {"type": "Feature", "id": "dt_wsqqw2bnk", "properties": {"id": "dt_wsqqw2bnk", "status": "auto", "conf": 0.9688, "n_detections": 1, "heading_deg": 87.0, "length_m": 5.43, "width_m": 2.68, "corner": "SE", "intersection_id": "TPS_00216", "intersection_dist_m": 16.3, "osm_node_id": null, "serves_from_bearing": 87.0, "serves_to_bearing": 357.0, "serves_quality": "good", "imagery_source": "taipei_udd_ortho_2025", "model_version": "yolo26s-obb_ep144", "src_image": "TPS_00216", "src_px": "585.5,788.9;583.5,749.0;503.3,753.2;505.4,793.0", "lat": 25.0540327, "lon": 121.5639141}, "geometry": {"type": "Point", "coordinates": [121.5639141, 25.0540327]}}, {"type": "Feature", "id": "dt_wsqqqwd4r", "properties": {"id": "dt_wsqqqwd4r", "status": "auto", "conf": 0.9686, "n_detections": 1, "heading_deg": 74.1, "length_m": 6.01, "width_m": 2.47, "corner": "NW", "intersection_id": "TPS_00138", "intersection_dist_m": 18.9, "osm_node_id": null, "serves_from_bearing": 254.1, "serves_to_bearing": 164.1, "serves_quality": "good", "imagery_source": "taipei_udd_ortho_2025", "model_version": "yolo26s-obb_ep144", "src_image": "TPS_00138", "src_px": "517.8,249.6;507.7,214.2;422.2,238.7;432.3,274.1", "lat": 25.0409782, "lon": 121.5777688}, "geometry": {"type": "Point", "coordinates": [121.5777688, 25.0409782]}}, {"type": "Feature", "id": "dt_wsqqv0egw", "properties": {"id": "dt_wsqqv0egw", "status": "auto", "conf": 0.9686, "n_detections": 1, "heading_deg": 165.0, "length_m": 3.21, "width_m": 2.49, "corner": "NE", "intersection_id": "TPS_00789", "intersection_dist_m": 21.0, "osm_node_id": null, "serves_from_bearing": 75.0, "serves_to_bearing": 345.0, "serves_quality": "ambiguous", "imagery_source": "taipei_udd_ortho_2025", "model_version": "yolo26s-obb_ep144", "src_image": "TPS_00789", "src_px": "964.0,334.2;951.7,288.0;916.1,297.4;928.3,343.6", "lat": 25.096134, "lon": 121.5142259}, "geometry": {"type": "Point", "coordinates": [121.5142259, 25.096134]}}, {"type": "Feature", "id": "dt_wsqqt1gkm", "properties": {"id": "dt_wsqqt1gkm", "status": "auto", "conf": 0.9686, "n_detections": 1, "heading_deg": 174.0, "length_m": 4.23, "width_m": 2.18, "corner": "SW", "intersection_id": "TPS_00903", "intersection_dist_m": 14.2, "osm_node_id": null, "serves_from_bearing": 174.0, "serves_to_bearing": 84.0, "serves_quality": "good", "imagery_source": "taipei_udd_ortho_2025", "model_version": "yolo26s-obb_ep144", "src_image": "TPS_00903", "src_px": "390.8,495.1;384.2,432.4;352.2,435.8;358.8,498.5", "lat": 25.0591945, "lon": 121.5135014}, "geometry": {"type": "Point", "coordinates": [121.5135014, 25.0591945]}}, {"type": "Feature", "id": "dt_wsqqqpzqd", "properties": {"id": "dt_wsqqqpzqd", "status": "auto", "conf": 0.9686, "n_detections": 3, "heading_deg": 81.8, "length_m": 3.58, "width_m": 2.63, "corner": "NW", "intersection_id": "TPS_02544", "intersection_dist_m": 17.4, "osm_node_id": null, "serves_from_bearing": 351.8, "serves_to_bearing": 261.8, "serves_quality": "ambiguous", "imagery_source": "taipei_udd_ortho_2025", "model_version": "yolo26s-obb_ep144", "src_image": "TPS_01229", "src_px": "953.2,762.6;947.6,723.9;895.2,731.5;900.7,770.2", "lat": 25.0486043, "lon": 121.5627955}, "geometry": {"type": "Point", "coordinates": [121.5627955, 25.0486043]}}, {"type": "Feature", "id": "dt_wsqqqjxv3", "properties": {"id": "dt_wsqqqjxv3", "status": "auto", "conf": 0.9686, "n_detections": 1, "heading_deg": 89.0, "length_m": 4.72, "width_m": 2.53, "corner": "NW", "intersection_id": "TPS_02416", "intersection_dist_m": 19.1, "osm_node_id": null, "serves_from_bearing": 269.0, "serves_to_bearing": 179.0, "serves_quality": "good", "imagery_source": "taipei_udd_ortho_2025", "model_version": "yolo26s-obb_ep144", "src_image": "TPS_02416", "src_px": "386.2,223.0;385.6,185.3;315.8,186.5;316.5,224.2", "lat": 25.0360252, "lon": 121.5634411}, "geometry": {"type": "Point", "coordinates": [121.5634411, 25.0360252]}}, {"type": "Feature", "id": "dt_wsqqv2jv5", "properties": {"id": "dt_wsqqv2jv5", "status": "auto", "conf": 0.9684, "n_detections": 1, "heading_deg": 9.0, "length_m": 3.88, "width_m": 2.45, "corner": "SW", "intersection_id": "TPS_00170", "intersection_dist_m": 24.8, "osm_node_id": null, "serves_from_bearing": 189.0, "serves_to_bearing": 99.0, "serves_quality": "good", "imagery_source": "taipei_udd_ortho_2025", "model_version": "yolo26s-obb_ep144", "src_image": "TPS_00170", "src_px": "264.9,850.1;273.9,793.1;238.1,787.5;229.1,844.4", "lat": 25.0936522, "lon": 121.5278405}, "geometry": {"type": "Point", "coordinates": [121.5278405, 25.0936522]}}, {"type": "Feature", "id": "dt_wsqqt760c", "properties": {"id": "dt_wsqqt760c", "status": "auto", "conf": 0.9684, "n_detections": 1, "heading_deg": 14.3, "length_m": 4.62, "width_m": 2.02, "corner": "SE", "intersection_id": "TPS_00289", "intersection_dist_m": 16.1, "osm_node_id": null, "serves_from_bearing": 14.3, "serves_to_bearing": 284.3, "serves_quality": "good", "imagery_source": "taipei_udd_ortho_2025", "model_version": "yolo26s-obb_ep144", "src_image": "TPS_00289", "src_px": "878.9,461.0;895.7,394.4;866.7,387.1;850.0,453.8", "lat": 25.0668391, "lon": 121.5225923}, "geometry": {"type": "Point", "coordinates": [121.5225923, 25.0668391]}}, {"type": "Feature", "id": "dt_wsqqt81xb", "properties": {"id": "dt_wsqqt81xb", "status": "auto", "conf": 0.9684, "n_detections": 1, "heading_deg": 179.9, "length_m": 3.03, "width_m": 2.23, "corner": "SW", "intersection_id": "TPS_00714", "intersection_dist_m": 14.3, "osm_node_id": null, "serves_from_bearing": 179.9, "serves_to_bearing": 89.9, "serves_quality": "good", "imagery_source": "taipei_udd_ortho_2025", "model_version": "yolo26s-obb_ep144", "src_image": "TPS_00714", "src_px": "326.1,492.4;326.0,447.3;293.0,447.3;293.1,492.5", "lat": 25.0501723, "lon": 121.5328576}, "geometry": {"type": "Point", "coordinates": [121.5328576, 25.0501723]}}, {"type": "Feature", "id": "dt_wsqqt6rxn", "properties": {"id": "dt_wsqqt6rxn", "status": "auto", "conf": 0.9684, "n_detections": 1, "heading_deg": 88.2, "length_m": 5.8, "width_m": 2.63, "corner": "SE", "intersection_id": "TPS_01069", "intersection_dist_m": 14.4, "osm_node_id": null, "serves_from_bearing": 88.2, "serves_to_bearing": 358.2, "serves_quality": "ambiguous", "imagery_source": "taipei_udd_ortho_2025", "model_version": "yolo26s-obb_ep144", "src_image": "TPS_01069", "src_px": "442.8,805.2;441.6,766.1;355.9,768.8;357.2,807.9", "lat": 25.0624202, "lon": 121.5303429}, "geometry": {"type": "Point", "coordinates": [121.5303429, 25.0624202]}}, {"type": "Feature", "id": "dt_wsqqqjfjc", "properties": {"id": "dt_wsqqqjfjc", "status": "auto", "conf": 0.9683, "n_detections": 1, "heading_deg": 88.4, "length_m": 4.93, "width_m": 2.51, "corner": "SE", "intersection_id": "TPS_00127", "intersection_dist_m": 28.1, "osm_node_id": null, "serves_from_bearing": 88.4, "serves_to_bearing": 358.4, "serves_quality": "good", "imagery_source": "taipei_udd_ortho_2025", "model_version": "yolo26s-obb_ep144", "src_image": "TPS_00127", "src_px": "628.7,885.8;627.6,848.4;554.8,850.5;555.9,887.9", "lat": 25.0374886, "lon": 121.5555344}, "geometry": {"type": "Point", "coordinates": [121.5555344, 25.0374886]}}, {"type": "Feature", "id": "dt_wsqqmtc3f", "properties": {"id": "dt_wsqqmtc3f", "status": "auto", "conf": 0.9682, "n_detections": 1, "heading_deg": 177.7, "length_m": 3.53, "width_m": 2.38, "corner": "NW", "intersection_id": "TPS_00304", "intersection_dist_m": 23.9, "osm_node_id": null, "serves_from_bearing": 267.7, "serves_to_bearing": 177.7, "serves_quality": "good", "imagery_source": "taipei_udd_ortho_2025", "model_version": "yolo26s-obb_ep144", "src_image": "TPS_00304", "src_px": "151.1,516.2;149.0,463.7;113.8,465.1;115.9,517.6", "lat": 25.0367847, "lon": 121.5325671}, "geometry": {"type": "Point", "coordinates": [121.5325671, 25.0367847]}}, {"type": "Feature", "id": "dt_wsqqtdkrg", "properties": {"id": "dt_wsqqtdkrg", "status": "auto", "conf": 0.9682, "n_detections": 1, "heading_deg": 87.5, "length_m": 4.62, "width_m": 2.4, "corner": "NW", "intersection_id": "TPS_00609", "intersection_dist_m": 17.4, "osm_node_id": null, "serves_from_bearing": 267.5, "serves_to_bearing": 177.5, "serves_quality": "good", "imagery_source": "taipei_udd_ortho_2025", "model_version": "yolo26s-obb_ep144", "src_image": "TPS_00609", "src_px": "516.6,344.9;515.0,309.2;446.8,312.2;448.4,347.9", "lat": 25.0625432, "lon": 121.5367495}, "geometry": {"type": "Point", "coordinates": [121.5367495, 25.0625432]}}, {"type": "Feature", "id": "dt_wsqqt0e8h", "properties": {"id": "dt_wsqqt0e8h", "status": "auto", "conf": 0.9682, "n_detections": 1, "heading_deg": 16.3, "length_m": 5.07, "width_m": 2.44, "corner": "NW", "intersection_id": "TPS_00772", "intersection_dist_m": 12.7, "osm_node_id": null, "serves_from_bearing": 286.3, "serves_to_bearing": 196.3, "serves_quality": "ambiguous", "imagery_source": "taipei_udd_ortho_2025", "model_version": "yolo26s-obb_ep144", "src_image": "TPS_00772", "src_px": "309.5,442.1;330.6,369.6;296.0,359.5;274.8,432.0", "lat": 25.0516139, "lon": 121.5137986}, "geometry": {"type": "Point", "coordinates": [121.5137986, 25.0516139]}}, {"type": "Feature", "id": "dt_wsqqtm9yg", "properties": {"id": "dt_wsqqtm9yg", "status": "auto", "conf": 0.9681, "n_detections": 1, "heading_deg": 23.7, "length_m": 4.52, "width_m": 2.14, "corner": "SE", "intersection_id": "TPS_00141", "intersection_dist_m": 18.5, "osm_node_id": null, "serves_from_bearing": 23.7, "serves_to_bearing": 293.7, "serves_quality": "good", "imagery_source": "taipei_udd_ortho_2025", "model_version": "yolo26s-obb_ep144", "src_image": "TPS_00141", "src_px": "751.2,695.0;778.1,633.4;749.0,620.7;722.1,682.2", "lat": 25.0802243, "lon": 121.5223383}, "geometry": {"type": "Point", "coordinates": [121.5223383, 25.0802243]}}, {"type": "Feature", "id": "dt_wsqqq4emw", "properties": {"id": "dt_wsqqq4emw", "status": "auto", "conf": 0.9681, "n_detections": 1, "heading_deg": 139.0, "length_m": 3.05, "width_m": 1.99, "corner": "SW", "intersection_id": "TPS_00668", "intersection_dist_m": 12.0, "osm_node_id": null, "serves_from_bearing": 139.0, "serves_to_bearing": 49.0, "serves_quality": "good", "imagery_source": "taipei_udd_ortho_2025", "model_version": "yolo26s-obb_ep144", "src_image": "TPS_00668", "src_px": "421.2,652.2;391.6,617.9;369.2,637.2;398.8,671.5", "lat": 25.0195815, "lon": 121.5574626}, "geometry": {"type": "Point", "coordinates": [121.5574626, 25.0195815]}}, {"type": "Feature", "id": "dt_wsqqmt321", "properties": {"id": "dt_wsqqmt321", "status": "auto", "conf": 0.968, "n_detections": 1, "heading_deg": 89.8, "length_m": 4.77, "width_m": 2.63, "corner": "NE", "intersection_id": "TPS_00075", "intersection_dist_m": 9.2, "osm_node_id": null, "serves_from_bearing": 359.8, "serves_to_bearing": 269.8, "serves_quality": "good", "imagery_source": "taipei_udd_ortho_2025", "model_version": "yolo26s-obb_ep144", "src_image": "TPS_00075", "src_px": "636.1,385.3;636.0,346.2;565.4,346.4;565.5,385.5", "lat": 25.0337499, "lon": 121.5325378}, "geometry": {"type": "Point", "coordinates": [121.5325378, 25.0337499]}}, {"type": "Feature", "id": "dt_wsqqkswge", "properties": {"id": "dt_wsqqkswge", "status": "auto", "conf": 0.968, "n_detections": 1, "heading_deg": 17.8, "length_m": 3.94, "width_m": 2.26, "corner": "NW", "intersection_id": "TPS_01068", "intersection_dist_m": 12.0, "osm_node_id": null, "serves_from_bearing": 287.8, "serves_to_bearing": 197.8, "serves_quality": "good", "imagery_source": "taipei_udd_ortho_2025", "model_version": "yolo26s-obb_ep144", "src_image": "TPS_01068", "src_px": "491.3,332.6;509.1,276.7;477.2,266.5;459.4,322.4", "lat": 25.0302128, "lon": 121.4962392}, "geometry": {"type": "Point", "coordinates": [121.4962392, 25.0302128]}}, {"type": "Feature", "id": "dt_wsqqmtuf4", "properties": {"id": "dt_wsqqmtuf4", "status": "auto", "conf": 0.968, "n_detections": 1, "heading_deg": 175.0, "length_m": 2.97, "width_m": 2.14, "corner": "SW", "intersection_id": "TPS_01391", "intersection_dist_m": 7.8, "osm_node_id": null, "serves_from_bearing": 175.0, "serves_to_bearing": 85.0, "serves_quality": "ambiguous", "imagery_source": "taipei_udd_ortho_2025", "model_version": "yolo26s-obb_ep144", "src_image": "TPS_01391", "src_px": "445.9,440.7;442.1,396.7;410.5,399.4;414.3,443.4", "lat": 25.0368276, "lon": 121.5374003}, "geometry": {"type": "Point", "coordinates": [121.5374003, 25.0368276]}}, {"type": "Feature", "id": "dt_wsqqwse33", "properties": {"id": "dt_wsqqwse33", "status": "auto", "conf": 0.968, "n_detections": 1, "heading_deg": 137.6, "length_m": 4.27, "width_m": 2.55, "corner": "NE", "intersection_id": "TPS_02194", "intersection_dist_m": 12.3, "osm_node_id": null, "serves_from_bearing": 47.6, "serves_to_bearing": 317.6, "serves_quality": "ambiguous", "imagery_source": "taipei_udd_ortho_2025", "model_version": "yolo26s-obb_ep144", "src_image": "TPS_02194", "src_px": "673.9,501.5;631.3,454.6;603.3,480.0;645.9,526.9", "lat": 25.0737956, "lon": 121.5792551}, "geometry": {"type": "Point", "coordinates": [121.5792551, 25.0737956]}}, {"type": "Feature", "id": "dt_wsqqqqed0", "properties": {"id": "dt_wsqqqqed0", "status": "auto", "conf": 0.9678, "n_detections": 1, "heading_deg": 89.2, "length_m": 4.56, "width_m": 2.55, "corner": "SW", "intersection_id": "TPS_00308", "intersection_dist_m": 9.7, "osm_node_id": null, "serves_from_bearing": 179.2, "serves_to_bearing": 89.2, "serves_quality": "ambiguous", "imagery_source": "taipei_udd_ortho_2025", "model_version": "yolo26s-obb_ep144", "src_image": "TPS_00308", "src_px": "579.1,589.2;578.6,551.3;511.2,552.3;511.7,590.2", "lat": 25.0409353, "lon": 121.5685495}, "geometry": {"type": "Point", "coordinates": [121.5685495, 25.0409353]}}, {"type": "Feature", "id": "dt_wsqqm5v87", "properties": {"id": "dt_wsqqm5v87", "status": "auto", "conf": 0.9678, "n_detections": 1, "heading_deg": 77.2, "length_m": 6.74, "width_m": 2.34, "corner": "SE", "intersection_id": "TPS_00491", "intersection_dist_m": 18.9, "osm_node_id": null, "serves_from_bearing": 77.2, "serves_to_bearing": 347.2, "serves_quality": "good", "imagery_source": "taipei_udd_ortho_2025", "model_version": "yolo26s-obb_ep144", "src_image": "TPS_00491", "src_px": "799.6,802.7;791.9,768.8;694.7,791.0;702.5,825.0", "lat": 25.0255554, "lon": 121.5164998}, "geometry": {"type": "Point", "coordinates": [121.5164998, 25.0255554]}}, {"type": "Feature", "id": "dt_wsqqw3kk4", "properties": {"id": "dt_wsqqw3kk4", "status": "auto", "conf": 0.9678, "n_detections": 1, "heading_deg": 167.8, "length_m": 3.0, "width_m": 1.96, "corner": "NE", "intersection_id": "TPS_01179", "intersection_dist_m": 18.1, "osm_node_id": null, "serves_from_bearing": 347.8, "serves_to_bearing": 257.8, "serves_quality": "good", "imagery_source": "taipei_udd_ortho_2025", "model_version": "yolo26s-obb_ep144", "src_image": "TPS_01179", "src_px": "707.6,460.5;698.2,416.8;669.8,422.8;679.1,466.6", "lat": 25.0564099, "lon": 121.5696757}, "geometry": {"type": "Point", "coordinates": [121.5696757, 25.0564099]}}, {"type": "Feature", "id": "dt_wsqqmn5j9", "properties": {"id": "dt_wsqqmn5j9", "status": "auto", "conf": 0.9678, "n_detections": 1, "heading_deg": 7.2, "length_m": 5.85, "width_m": 2.62, "corner": "NE", "intersection_id": "TPS_02417", "intersection_dist_m": 12.3, "osm_node_id": null, "serves_from_bearing": 7.2, "serves_to_bearing": 277.2, "serves_quality": "good", "imagery_source": "taipei_udd_ortho_2025", "model_version": "yolo26s-obb_ep144", "src_image": "TPS_02417", "src_px": "595.3,542.3;606.2,455.9;567.7,451.0;556.8,537.4", "lat": 25.038803, "lon": 121.5129555}, "geometry": {"type": "Point", "coordinates": [121.5129555, 25.038803]}}, {"type": "Feature", "id": "dt_wsqqwe2hd", "properties": {"id": "dt_wsqqwe2hd", "status": "auto", "conf": 0.9677, "n_detections": 1, "heading_deg": 178.2, "length_m": 2.83, "width_m": 2.44, "corner": "SE", "intersection_id": "TPS_00501", "intersection_dist_m": 13.0, "osm_node_id": null, "serves_from_bearing": 88.2, "serves_to_bearing": 358.2, "serves_quality": "ambiguous", "imagery_source": "taipei_udd_ortho_2025", "model_version": "yolo26s-obb_ep144", "src_image": "TPS_00501", "src_px": "686.8,655.4;685.5,613.3;649.4,614.4;650.6,656.4", "lat": 25.0674885, "lon": 121.5748117}, "geometry": {"type": "Point", "coordinates": [121.5748117, 25.0674885]}}, {"type": "Feature", "id": "dt_wsqqwf5vr", "properties": {"id": "dt_wsqqwf5vr", "status": "auto", "conf": 0.9677, "n_detections": 1, "heading_deg": 74.0, "length_m": 6.54, "width_m": 2.62, "corner": "NW", "intersection_id": "TPS_00856", "intersection_dist_m": 19.6, "osm_node_id": null, "serves_from_bearing": 254.0, "serves_to_bearing": 164.0, "serves_quality": "good", "imagery_source": "taipei_udd_ortho_2025", "model_version": "yolo26s-obb_ep144", "src_image": "TPS_00856", "src_px": "294.3,263.2;283.4,225.7;190.5,252.5;201.3,290.0", "lat": 25.0607201, "lon": 121.5911774}, "geometry": {"type": "Point", "coordinates": [121.5911774, 25.0607201]}}, {"type": "Feature", "id": "dt_wsqqmxs0e", "properties": {"id": "dt_wsqqmxs0e", "status": "auto", "conf": 0.9677, "n_detections": 2, "heading_deg": 94.0, "length_m": 4.76, "width_m": 2.43, "corner": "SW", "intersection_id": "TPS_02534", "intersection_dist_m": 12.6, "osm_node_id": null, "serves_from_bearing": 184.0, "serves_to_bearing": 94.0, "serves_quality": "good", "imagery_source": "taipei_udd_ortho_2025", "model_version": "yolo26s-obb_ep144", "src_image": "TPS_02534", "src_px": "483.4,631.4;485.9,595.3;415.7,590.4;413.2,626.5", "lat": 25.0461987, "lon": 121.5363847}, "geometry": {"type": "Point", "coordinates": [121.5363847, 25.0461987]}}, {"type": "Feature", "id": "dt_wsqqwfemt", "properties": {"id": "dt_wsqqwfemt", "status": "auto", "conf": 0.9676, "n_detections": 1, "heading_deg": 164.6, "length_m": 5.84, "width_m": 2.59, "corner": "SW", "intersection_id": "TPS_00381", "intersection_dist_m": 27.9, "osm_node_id": null, "serves_from_bearing": 254.6, "serves_to_bearing": 164.6, "serves_quality": "good", "imagery_source": "taipei_udd_ortho_2025", "model_version": "yolo26s-obb_ep144", "src_image": "TPS_00381", "src_px": "106.9,559.5;84.0,475.6;47.0,485.7;69.9,569.6", "lat": 25.0635138, "lon": 121.5903798}, "geometry": {"type": "Point", "coordinates": [121.5903798, 25.0635138]}}, {"type": "Feature", "id": "dt_wsqqmxw1e", "properties": {"id": "dt_wsqqmxw1e", "status": "auto", "conf": 0.9675, "n_detections": 1, "heading_deg": 77.7, "length_m": 3.33, "width_m": 2.44, "corner": "SW", "intersection_id": "TPS_00469", "intersection_dist_m": 3.9, "osm_node_id": null, "serves_from_bearing": 167.7, "serves_to_bearing": 77.7, "serves_quality": "ambiguous", "imagery_source": "taipei_udd_ortho_2025", "model_version": "yolo26s-obb_ep144", "src_image": "TPS_00469", "src_px": "479.9,582.7;472.1,547.3;424.0,557.9;431.8,593.3", "lat": 25.0463789, "lon": 121.5391329}, "geometry": {"type": "Point", "coordinates": [121.5391329, 25.0463789]}}, {"type": "Feature", "id": "dt_wsqqmqwc2", "properties": {"id": "dt_wsqqmqwc2", "status": "auto", "conf": 0.9675, "n_detections": 1, "heading_deg": 11.6, "length_m": 3.79, "width_m": 2.18, "corner": "NW", "intersection_id": "TPS_00506", "intersection_dist_m": 14.3, "osm_node_id": null, "serves_from_bearing": 191.6, "serves_to_bearing": 101.6, "serves_quality": "good", "imagery_source": "taipei_udd_ortho_2025", "model_version": "yolo26s-obb_ep144", "src_image": "TPS_00506", "src_px": "277.3,493.0;288.6,437.7;257.0,431.3;245.7,486.5", "lat": 25.0408458, "lon": 121.5290526}, "geometry": {"type": "Point", "coordinates": [121.5290526, 25.0408458]}}, {"type": "Feature", "id": "dt_wsqqqnw6y", "properties": {"id": "dt_wsqqqnw6y", "status": "auto", "conf": 0.9675, "n_detections": 1, "heading_deg": 89.4, "length_m": 5.36, "width_m": 2.48, "corner": "SE", "intersection_id": "TPS_00605", "intersection_dist_m": 15.5, "osm_node_id": null, "serves_from_bearing": 89.4, "serves_to_bearing": 359.4, "serves_quality": "good", "imagery_source": "taipei_udd_ortho_2025", "model_version": "yolo26s-obb_ep144", "src_image": "TPS_00605", "src_px": "479.8,842.5;479.4,805.6;400.1,806.5;400.6,843.4", "lat": 25.0410922, "lon": 121.5616125}, "geometry": {"type": "Point", "coordinates": [121.5616125, 25.0410922]}}, {"type": "Feature", "id": "dt_wsqqv15hf", "properties": {"id": "dt_wsqqv15hf", "status": "auto", "conf": 0.9675, "n_detections": 1, "heading_deg": 161.3, "length_m": 2.8, "width_m": 2.55, "corner": "NE", "intersection_id": "TPS_00790", "intersection_dist_m": 23.2, "osm_node_id": null, "serves_from_bearing": 341.3, "serves_to_bearing": 251.3, "serves_quality": "good", "imagery_source": "taipei_udd_ortho_2025", "model_version": "yolo26s-obb_ep144", "src_image": "TPS_00790", "src_px": "725.4,326.3;712.1,286.8;676.3,298.8;689.6,338.3", "lat": 25.0990897, "lon": 121.5130356}, "geometry": {"type": "Point", "coordinates": [121.5130356, 25.0990897]}}, {"type": "Feature", "id": "dt_wsqqkusen", "properties": {"id": "dt_wsqqkusen", "status": "auto", "conf": 0.9675, "n_detections": 1, "heading_deg": 171.5, "length_m": 4.18, "width_m": 2.41, "corner": "NE", "intersection_id": "TPS_00926", "intersection_dist_m": 13.0, "osm_node_id": null, "serves_from_bearing": 351.5, "serves_to_bearing": 261.5, "serves_quality": "good", "imagery_source": "taipei_udd_ortho_2025", "model_version": "yolo26s-obb_ep144", "src_image": "TPS_00926", "src_px": "665.4,469.7;656.3,408.1;621.1,413.3;630.2,475.0", "lat": 25.0301265, "lon": 121.5042422}, "geometry": {"type": "Point", "coordinates": [121.5042422, 25.0301265]}}, {"type": "Feature", "id": "dt_wsqqmhj73", "properties": {"id": "dt_wsqqmhj73", "status": "auto", "conf": 0.9674, "n_detections": 1, "heading_deg": 14.3, "length_m": 5.0, "width_m": 2.61, "corner": "NE", "intersection_id": "TPS_00104", "intersection_dist_m": 22.6, "osm_node_id": null, "serves_from_bearing": 14.3, "serves_to_bearing": 284.3, "serves_quality": "good", "imagery_source": "taipei_udd_ortho_2025", "model_version": "yolo26s-obb_ep144", "src_image": "TPS_00104", "src_px": "629.9,316.4;648.2,244.3;610.8,234.7;592.5,306.9", "lat": 25.0274276, "lon": 121.5160715}, "geometry": {"type": "Point", "coordinates": [121.5160715, 25.0274276]}}, {"type": "Feature", "id": "dt_wsqqt3djt", "properties": {"id": "dt_wsqqt3djt", "status": "auto", "conf": 0.9674, "n_detections": 1, "heading_deg": 87.8, "length_m": 4.32, "width_m": 2.25, "corner": "NW", "intersection_id": "TPS_00143", "intersection_dist_m": 23.6, "osm_node_id": null, "serves_from_bearing": 267.8, "serves_to_bearing": 177.8, "serves_quality": "good", "imagery_source": "taipei_udd_ortho_2025", "model_version": "yolo26s-obb_ep144", "src_image": "TPS_00143", "src_px": "366.1,313.0;364.8,279.5;300.9,282.0;302.1,315.5", "lat": 25.0580525, "lon": 121.5227456}, "geometry": {"type": "Point", "coordinates": [121.5227456, 25.0580525]}}, {"type": "Feature", "id": "dt_wsqqmkvhg", "properties": {"id": "dt_wsqqmkvhg", "status": "auto", "conf": 0.9674, "n_detections": 1, "heading_deg": 97.3, "length_m": 3.19, "width_m": 2.3, "corner": "NW", "intersection_id": "TPS_00342", "intersection_dist_m": 11.8, "osm_node_id": null, "serves_from_bearing": 277.3, "serves_to_bearing": 187.3, "serves_quality": "good", "imagery_source": "taipei_udd_ortho_2025", "model_version": "yolo26s-obb_ep144", "src_image": "TPS_00342", "src_px": "533.1,267.6;537.5,233.6;490.7,227.6;486.3,261.5", "lat": 25.0317998, "lon": 121.5268134}, "geometry": {"type": "Point", "coordinates": [121.5268134, 25.0317998]}}, {"type": "Feature", "id": "dt_wsqqt7w1f", "properties": {"id": "dt_wsqqt7w1f", "status": "auto", "conf": 0.9674, "n_detections": 1, "heading_deg": 179.2, "length_m": 3.49, "width_m": 2.33, "corner": "NW", "intersection_id": "TPS_01223", "intersection_dist_m": 13.4, "osm_node_id": null, "serves_from_bearing": 269.2, "serves_to_bearing": 179.2, "serves_quality": "good", "imagery_source": "taipei_udd_ortho_2025", "model_version": "yolo26s-obb_ep144", "src_image": "TPS_01223", "src_px": "406.6,229.4;405.9,177.4;371.5,177.8;372.2,229.9", "lat": 25.0683724, "lon": 121.5281044}, "geometry": {"type": "Point", "coordinates": [121.5281044, 25.0683724]}}, {"type": "Feature", "id": "dt_wsqqt0y3s", "properties": {"id": "dt_wsqqt0y3s", "status": "auto", "conf": 0.9673, "n_detections": 1, "heading_deg": 15.6, "length_m": 4.92, "width_m": 2.52, "corner": "SW", "intersection_id": "TPS_00153", "intersection_dist_m": 15.2, "osm_node_id": null, "serves_from_bearing": 195.6, "serves_to_bearing": 105.6, "serves_quality": "good", "imagery_source": "taipei_udd_ortho_2025", "model_version": "yolo26s-obb_ep144", "src_image": "TPS_00153", "src_px": "278.7,579.8;298.3,509.2;262.4,499.2;242.8,569.9", "lat": 25.0532403, "lon": 121.5175535}, "geometry": {"type": "Point", "coordinates": [121.5175535, 25.0532403]}}, {"type": "Feature", "id": "dt_wsqqtfcfm", "properties": {"id": "dt_wsqqtfcfm", "status": "auto", "conf": 0.9673, "n_detections": 1, "heading_deg": 179.3, "length_m": 4.33, "width_m": 2.25, "corner": "NE", "intersection_id": "TPS_00248", "intersection_dist_m": 16.0, "osm_node_id": null, "serves_from_bearing": 359.3, "serves_to_bearing": 269.3, "serves_quality": "good", "imagery_source": "taipei_udd_ortho_2025", "model_version": "yolo26s-obb_ep144", "src_image": "TPS_00248", "src_px": "652.4,447.5;651.6,383.1;618.4,383.5;619.3,447.9", "lat": 25.0643563, "lon": 121.5444057}, "geometry": {"type": "Point", "coordinates": [121.5444057, 25.0643563]}}, {"type": "Feature", "id": "dt_wsqqmy3e9", "properties": {"id": "dt_wsqqmy3e9", "status": "auto", "conf": 0.9673, "n_detections": 1, "heading_deg": 179.6, "length_m": 3.23, "width_m": 2.19, "corner": "NE", "intersection_id": "TPS_00577", "intersection_dist_m": 14.4, "osm_node_id": null, "serves_from_bearing": 359.6, "serves_to_bearing": 269.6, "serves_quality": "good", "imagery_source": "taipei_udd_ortho_2025", "model_version": "yolo26s-obb_ep144", "src_image": "TPS_00577", "src_px": "641.1,585.2;640.8,537.1;608.4,537.3;608.7,585.4", "lat": 25.0398524, "lon": 121.5438836}, "geometry": {"type": "Point", "coordinates": [121.5438836, 25.0398524]}}, {"type": "Feature", "id": "dt_wsqqt6s1x", "properties": {"id": "dt_wsqqt6s1x", "status": "auto", "conf": 0.9672, "n_detections": 1, "heading_deg": 85.5, "length_m": 3.87, "width_m": 2.2, "corner": "NW", "intersection_id": "TPS_00785", "intersection_dist_m": 18.7, "osm_node_id": null, "serves_from_bearing": 265.5, "serves_to_bearing": 175.5, "serves_quality": "good", "imagery_source": "taipei_udd_ortho_2025", "model_version": "yolo26s-obb_ep144", "src_image": "TPS_00785", "src_px": "500.0,344.6;497.4,312.0;440.3,316.5;442.8,349.1", "lat": 25.062853, "lon": 121.5255838}, "geometry": {"type": "Point", "coordinates": [121.5255838, 25.062853]}}, {"type": "Feature", "id": "dt_wsqqv0ee5", "properties": {"id": "dt_wsqqv0ee5", "status": "auto", "conf": 0.9672, "n_detections": 1, "heading_deg": 16.0, "length_m": 3.73, "width_m": 2.46, "corner": "SW", "intersection_id": "TPS_00789", "intersection_dist_m": 27.1, "osm_node_id": null, "serves_from_bearing": 196.0, "serves_to_bearing": 106.0, "serves_quality": "good", "imagery_source": "taipei_udd_ortho_2025", "model_version": "yolo26s-obb_ep144", "src_image": "TPS_00789", "src_px": "247.9,460.0;263.1,406.6;228.1,396.6;212.9,450.0", "lat": 25.0960657, "lon": 121.5137552}, "geometry": {"type": "Point", "coordinates": [121.5137552, 25.0960657]}}, {"type": "Feature", "id": "dt_wsqqwmvpn", "properties": {"id": "dt_wsqqwmvpn", "status": "auto", "conf": 0.9671, "n_detections": 1, "heading_deg": 107.5, "length_m": 3.97, "width_m": 2.3, "corner": "NE", "intersection_id": "TPS_00521", "intersection_dist_m": 10.8, "osm_node_id": null, "serves_from_bearing": 287.5, "serves_to_bearing": 197.5, "serves_quality": "good", "imagery_source": "taipei_udd_ortho_2025", "model_version": "yolo26s-obb_ep144", "src_image": "TPS_00521", "src_px": "461.7,390.4;472.1,357.8;416.1,340.0;405.8,372.6", "lat": 25.0816458, "lon": 121.5708815}, "geometry": {"type": "Point", "coordinates": [121.5708815, 25.0816458]}}, {"type": "Feature", "id": "dt_wsqqkvwjx", "properties": {"id": "dt_wsqqkvwjx", "status": "auto", "conf": 0.9671, "n_detections": 1, "heading_deg": 13.8, "length_m": 3.69, "width_m": 2.3, "corner": "NW", "intersection_id": "TPS_00908", "intersection_dist_m": 19.6, "osm_node_id": null, "serves_from_bearing": 193.8, "serves_to_bearing": 103.8, "serves_quality": "ambiguous", "imagery_source": "taipei_udd_ortho_2025", "model_version": "yolo26s-obb_ep144", "src_image": "TPS_00908", "src_px": "208.1,397.8;221.1,344.5;188.1,336.4;175.1,389.7", "lat": 25.0360821, "lon": 121.506347}, "geometry": {"type": "Point", "coordinates": [121.506347, 25.0360821]}}, {"type": "Feature", "id": "dt_wsqqwyhck", "properties": {"id": "dt_wsqqwyhck", "status": "auto", "conf": 0.9671, "n_detections": 2, "heading_deg": 50.8, "length_m": 3.34, "width_m": 2.49, "corner": "SE", "intersection_id": "TPS_01025", "intersection_dist_m": 8.7, "osm_node_id": null, "serves_from_bearing": 50.8, "serves_to_bearing": 320.8, "serves_quality": "good", "imagery_source": "taipei_udd_ortho_2025", "model_version": "yolo26s-obb_ep144", "src_image": "TPS_01025", "src_px": "605.4,489.0;581.9,460.5;543.6,492.0;567.0,520.5", "lat": 25.0820361, "lon": 121.5924301}, "geometry": {"type": "Point", "coordinates": [121.5924301, 25.0820361]}}, {"type": "Feature", "id": "dt_wsqqqpzpw", "properties": {"id": "dt_wsqqqpzpw", "status": "auto", "conf": 0.9671, "n_detections": 1, "heading_deg": 78.9, "length_m": 4.12, "width_m": 2.42, "corner": "NE", "intersection_id": "TPS_01229", "intersection_dist_m": 5.8, "osm_node_id": null, "serves_from_bearing": 348.9, "serves_to_bearing": 258.9, "serves_quality": "good", "imagery_source": "taipei_udd_ortho_2025", "model_version": "yolo26s-obb_ep144", "src_image": "TPS_01229", "src_px": "718.9,484.2;711.9,448.8;652.1,460.6;659.1,496.0", "lat": 25.0487711, "lon": 121.5626354}, "geometry": {"type": "Point", "coordinates": [121.5626354, 25.0487711]}}, {"type": "Feature", "id": "dt_wsqqw84q3", "properties": {"id": "dt_wsqqw84q3", "status": "auto", "conf": 0.967, "n_detections": 1, "heading_deg": 85.9, "length_m": 5.73, "width_m": 2.53, "corner": "SE", "intersection_id": "TPS_00337", "intersection_dist_m": 13.7, "osm_node_id": null, "serves_from_bearing": 85.9, "serves_to_bearing": 355.9, "serves_quality": "good", "imagery_source": "taipei_udd_ortho_2025", "model_version": "yolo26s-obb_ep144", "src_image": "TPS_00337", "src_px": "625.4,611.3;622.7,573.7;538.2,579.8;540.9,617.4", "lat": 25.0499405, "lon": 121.5778437}, "geometry": {"type": "Point", "coordinates": [121.5778437, 25.0499405]}}, {"type": "Feature", "id": "dt_wsqqky4gs", "properties": {"id": "dt_wsqqky4gs", "status": "auto", "conf": 0.967, "n_detections": 1, "heading_deg": 85.5, "length_m": 3.53, "width_m": 2.57, "corner": "NW", "intersection_id": "TPS_02151", "intersection_dist_m": 10.2, "osm_node_id": null, "serves_from_bearing": 355.5, "serves_to_bearing": 265.5, "serves_quality": "ambiguous", "imagery_source": "taipei_udd_ortho_2025", "model_version": "yolo26s-obb_ep144", "src_image": "TPS_02151", "src_px": "564.7,294.4;561.6,256.3;509.5,260.4;512.6,298.6", "lat": 25.0384696, "lon": 121.5017678}, "geometry": {"type": "Point", "coordinates": [121.5017678, 25.0384696]}}, {"type": "Feature", "id": "dt_wsqqmzv7t", "properties": {"id": "dt_wsqqmzv7t", "status": "auto", "conf": 0.967, "n_detections": 2, "heading_deg": 87.4, "length_m": 6.4, "width_m": 2.66, "corner": "NE", "intersection_id": "TPS_01210", "intersection_dist_m": 21.6, "osm_node_id": null, "serves_from_bearing": 357.4, "serves_to_bearing": 267.4, "serves_quality": "good", "imagery_source": "taipei_udd_ortho_2025", "model_version": "yolo26s-obb_ep144", "src_image": "TPS_02509", "src_px": "142.8,606.0;141.0,566.5;46.5,570.8;48.4,610.4", "lat": 25.0480786, "lon": 121.549193}, "geometry": {"type": "Point", "coordinates": [121.549193, 25.0480786]}}, {"type": "Feature", "id": "dt_wsqqtvxtu", "properties": {"id": "dt_wsqqtvxtu", "status": "auto", "conf": 0.9669, "n_detections": 1, "heading_deg": 161.1, "length_m": 4.39, "width_m": 2.41, "corner": "NE", "intersection_id": "TPS_00893", "intersection_dist_m": 13.7, "osm_node_id": null, "serves_from_bearing": 341.1, "serves_to_bearing": 251.1, "serves_quality": "ambiguous", "imagery_source": "taipei_udd_ortho_2025", "model_version": "yolo26s-obb_ep144", "src_image": "TPS_00893", "src_px": "811.5,478.4;790.5,416.5;756.7,427.9;777.7,489.9", "lat": 25.0800376, "lon": 121.5522302}, "geometry": {"type": "Point", "coordinates": [121.5522302, 25.0800376]}}, {"type": "Feature", "id": "dt_wsqqjtp26", "properties": {"id": "dt_wsqqjtp26", "status": "auto", "conf": 0.9669, "n_detections": 1, "heading_deg": 83.7, "length_m": 5.4, "width_m": 3.06, "corner": "NW", "intersection_id": "TPS_01940", "intersection_dist_m": 7.1, "osm_node_id": null, "serves_from_bearing": 263.7, "serves_to_bearing": 173.7, "serves_quality": "good", "imagery_source": "taipei_udd_ortho_2025", "model_version": "yolo26s-obb_ep144", "src_image": "TPS_01940", "src_px": "462.8,413.9;457.9,368.7;378.6,377.5;383.6,422.6", "lat": 24.9884626, "lon": 121.5408285}, "geometry": {"type": "Point", "coordinates": [121.5408285, 24.9884626]}}, {"type": "Feature", "id": "dt_wsqqmmm6e", "properties": {"id": "dt_wsqqmmm6e", "status": "auto", "conf": 0.9668, "n_detections": 1, "heading_deg": 28.7, "length_m": 5.41, "width_m": 2.25, "corner": "NW", "intersection_id": "TPS_00048", "intersection_dist_m": 17.5, "osm_node_id": null, "serves_from_bearing": 298.7, "serves_to_bearing": 208.7, "serves_quality": "good", "imagery_source": "taipei_udd_ortho_2025", "model_version": "yolo26s-obb_ep144", "src_image": "TPS_00048", "src_px": "238.7,446.9;277.1,376.3;247.9,360.4;209.5,431.1", "lat": 25.0341935, "lon": 121.5271483}, "geometry": {"type": "Point", "coordinates": [121.5271483, 25.0341935]}}, {"type": "Feature", "id": "dt_wsqqwt9dm", "properties": {"id": "dt_wsqqwt9dm", "status": "auto", "conf": 0.9668, "n_detections": 1, "heading_deg": 25.5, "length_m": 3.09, "width_m": 2.47, "corner": "NE", "intersection_id": "TPS_00108", "intersection_dist_m": 15.7, "osm_node_id": null, "serves_from_bearing": 25.5, "serves_to_bearing": 295.5, "serves_quality": "good", "imagery_source": "taipei_udd_ortho_2025", "model_version": "yolo26s-obb_ep144", "src_image": "TPS_00108", "src_px": "634.9,393.6;654.6,352.1;621.5,336.4;601.8,377.9", "lat": 25.0794692, "lon": 121.5770165}, "geometry": {"type": "Point", "coordinates": [121.5770165, 25.0794692]}}, {"type": "Feature", "id": "dt_wsqqkuf09", "properties": {"id": "dt_wsqqkuf09", "status": "auto", "conf": 0.9668, "n_detections": 1, "heading_deg": 86.5, "length_m": 3.69, "width_m": 2.63, "corner": "SE", "intersection_id": "TPS_00922", "intersection_dist_m": 11.5, "osm_node_id": null, "serves_from_bearing": 86.5, "serves_to_bearing": 356.5, "serves_quality": "good", "imagery_source": "taipei_udd_ortho_2025", "model_version": "yolo26s-obb_ep144", "src_image": "TPS_00922", "src_px": "632.8,679.8;630.4,640.8;575.9,644.2;578.3,683.3", "lat": 25.0310813, "lon": 121.5006112}, "geometry": {"type": "Point", "coordinates": [121.5006112, 25.0310813]}}, {"type": "Feature", "id": "dt_wsqqkskc3", "properties": {"id": "dt_wsqqkskc3", "status": "auto", "conf": 0.9668, "n_detections": 1, "heading_deg": 78.9, "length_m": 3.56, "width_m": 2.45, "corner": "SE", "intersection_id": "TPS_01067", "intersection_dist_m": 11.6, "osm_node_id": null, "serves_from_bearing": 78.9, "serves_to_bearing": 348.9, "serves_quality": "ambiguous", "imagery_source": "taipei_udd_ortho_2025", "model_version": "yolo26s-obb_ep144", "src_image": "TPS_01067", "src_px": "613.2,598.9;606.2,563.1;554.5,573.3;561.6,609.0", "lat": 25.0284833, "lon": 121.4933877}, "geometry": {"type": "Point", "coordinates": [121.4933877, 25.0284833]}}, {"type": "Feature", "id": "dt_wsqqt6x8g", "properties": {"id": "dt_wsqqt6x8g", "status": "auto", "conf": 0.9668, "n_detections": 1, "heading_deg": 89.5, "length_m": 4.67, "width_m": 2.49, "corner": "NW", "intersection_id": "TPS_01069", "intersection_dist_m": 20.6, "osm_node_id": null, "serves_from_bearing": 269.5, "serves_to_bearing": 179.5, "serves_quality": "good", "imagery_source": "taipei_udd_ortho_2025", "model_version": "yolo26s-obb_ep144", "src_image": "TPS_01069", "src_px": "274.5,324.8;274.2,287.7;205.1,288.3;205.4,325.4", "lat": 25.062712, "lon": 121.5302359}, "geometry": {"type": "Point", "coordinates": [121.5302359, 25.062712]}}, {"type": "Feature", "id": "dt_wsqqt0fj5", "properties": {"id": "dt_wsqqt0fj5", "status": "auto", "conf": 0.9668, "n_detections": 1, "heading_deg": 177.1, "length_m": 5.3, "width_m": 2.49, "corner": "SW", "intersection_id": "TPS_01582", "intersection_dist_m": 7.7, "osm_node_id": null, "serves_from_bearing": 177.1, "serves_to_bearing": 87.1, "serves_quality": "good", "imagery_source": "taipei_udd_ortho_2025", "model_version": "yolo26s-obb_ep144", "src_image": "TPS_01582", "src_px": "503.3,609.8;499.3,531.0;462.5,532.9;466.6,611.7", "lat": 25.053843, "lon": 121.5116878}, "geometry": {"type": "Point", "coordinates": [121.5116878, 25.053843]}}, {"type": "Feature", "id": "dt_wsqqt4nf0", "properties": {"id": "dt_wsqqt4nf0", "status": "auto", "conf": 0.9667, "n_detections": 1, "heading_deg": 1.0, "length_m": 4.86, "width_m": 2.28, "corner": "SW", "intersection_id": "TPS_00906", "intersection_dist_m": 16.5, "osm_node_id": null, "serves_from_bearing": 181.0, "serves_to_bearing": 91.0, "serves_quality": "good", "imagery_source": "taipei_udd_ortho_2025", "model_version": "yolo26s-obb_ep144", "src_image": "TPS_00906", "src_px": "291.2,646.0;292.5,573.7;258.8,573.1;257.6,645.5", "lat": 25.0601955, "lon": 121.5180715}, "geometry": {"type": "Point", "coordinates": [121.5180715, 25.0601955]}}, {"type": "Feature", "id": "dt_wsqqth5wz", "properties": {"id": "dt_wsqqth5wz", "status": "auto", "conf": 0.9667, "n_detections": 1, "heading_deg": 87.9, "length_m": 5.9, "width_m": 2.51, "corner": "SE", "intersection_id": "TPS_01092", "intersection_dist_m": 14.3, "osm_node_id": null, "serves_from_bearing": 87.9, "serves_to_bearing": 357.9, "serves_quality": "good", "imagery_source": "taipei_udd_ortho_2025", "model_version": "yolo26s-obb_ep144", "src_image": "TPS_01092", "src_px": "780.0,681.3;778.6,644.0;691.4,647.2;692.8,684.5", "lat": 25.0719798, "lon": 121.5139172}, "geometry": {"type": "Point", "coordinates": [121.5139172, 25.0719798]}}, {"type": "Feature", "id": "dt_wsqqwg9w9", "properties": {"id": "dt_wsqqwg9w9", "status": "auto", "conf": 0.9666, "n_detections": 1, "heading_deg": 88.8, "length_m": 4.04, "width_m": 2.34, "corner": "NE", "intersection_id": "TPS_00820", "intersection_dist_m": 13.8, "osm_node_id": null, "serves_from_bearing": 358.8, "serves_to_bearing": 268.8, "serves_quality": "ambiguous", "imagery_source": "taipei_udd_ortho_2025", "model_version": "yolo26s-obb_ep144", "src_image": "TPS_00820", "src_px": "651.8,437.6;651.0,402.7;591.3,404.0;592.1,438.9", "lat": 25.0691734, "lon": 121.5878268}, "geometry": {"type": "Point", "coordinates": [121.5878268, 25.0691734]}}, {"type": "Feature", "id": "dt_wsqqw87c9", "properties": {"id": "dt_wsqqw87c9", "status": "auto", "conf": 0.9665, "n_detections": 1, "heading_deg": 158.1, "length_m": 3.59, "width_m": 2.54, "corner": "NE", "intersection_id": "TPS_00744", "intersection_dist_m": 29.3, "osm_node_id": null, "serves_from_bearing": 338.1, "serves_to_bearing": 248.1, "serves_quality": "good", "imagery_source": "taipei_udd_ortho_2025", "model_version": "yolo26s-obb_ep144", "src_image": "TPS_00744", "src_px": "895.5,212.0;875.7,162.4;840.8,176.3;860.7,226.0", "lat": 25.0504953, "lon": 121.579924}, "geometry": {"type": "Point", "coordinates": [121.579924, 25.0504953]}}, {"type": "Feature", "id": "dt_wsqqx3hw3", "properties": {"id": "dt_wsqqx3hw3", "status": "auto", "conf": 0.9661, "n_detections": 1, "heading_deg": 89.0, "length_m": 4.26, "width_m": 2.44, "corner": "NW", "intersection_id": "TPS_00367", "intersection_dist_m": 17.2, "osm_node_id": null, "serves_from_bearing": 269.0, "serves_to_bearing": 179.0, "serves_quality": "good", "imagery_source": "taipei_udd_ortho_2025", "model_version": "yolo26s-obb_ep144", "src_image": "TPS_00367", "src_px": "389.4,321.4;388.8,285.1;325.8,286.2;326.4,322.5", "lat": 25.0554051, "lon": 121.613914}, "geometry": {"type": "Point", "coordinates": [121.613914, 25.0554051]}}, {"type": "Feature", "id": "dt_wsqqmxctm", "properties": {"id": "dt_wsqqmxctm", "status": "auto", "conf": 0.9661, "n_detections": 1, "heading_deg": 88.5, "length_m": 6.22, "width_m": 2.49, "corner": "SE", "intersection_id": "TPS_00700", "intersection_dist_m": 14.7, "osm_node_id": null, "serves_from_bearing": 88.5, "serves_to_bearing": 358.5, "serves_quality": "good", "imagery_source": "taipei_udd_ortho_2025", "model_version": "yolo26s-obb_ep144", "src_image": "TPS_00700", "src_px": "682.9,638.1;682.0,601.0;590.1,603.4;591.0,640.5", "lat": 25.04837, "lon": 121.5330768}, "geometry": {"type": "Point", "coordinates": [121.5330768, 25.04837]}}, {"type": "Feature", "id": "dt_wsqqtd1g5", "properties": {"id": "dt_wsqqtd1g5", "status": "auto", "conf": 0.966, "n_detections": 1, "heading_deg": 179.8, "length_m": 4.51, "width_m": 2.41, "corner": "NE", "intersection_id": "TPS_00250", "intersection_dist_m": 10.8, "osm_node_id": null, "serves_from_bearing": 359.8, "serves_to_bearing": 269.8, "serves_quality": "ambiguous", "imagery_source": "taipei_udd_ortho_2025", "model_version": "yolo26s-obb_ep144", "src_image": "TPS_00250", "src_px": "776.8,632.1;776.6,565.0;740.9,565.2;741.2,632.3", "lat": 25.0603576, "lon": 121.5333305}, "geometry": {"type": "Point", "coordinates": [121.5333305, 25.0603576]}}, {"type": "Feature", "id": "dt_wsqqtvevd", "properties": {"id": "dt_wsqqtvevd", "status": "auto", "conf": 0.966, "n_detections": 1, "heading_deg": 81.7, "length_m": 4.28, "width_m": 2.33, "corner": "NW", "intersection_id": "TPS_00525", "intersection_dist_m": 17.3, "osm_node_id": null, "serves_from_bearing": 261.7, "serves_to_bearing": 171.7, "serves_quality": "good", "imagery_source": "taipei_udd_ortho_2025", "model_version": "yolo26s-obb_ep144", "src_image": "TPS_00525", "src_px": "431.6,292.3;426.6,258.0;364.0,267.2;369.0,301.5", "lat": 25.0799874, "lon": 121.546993}, "geometry": {"type": "Point", "coordinates": [121.546993, 25.0799874]}}, {"type": "Feature", "id": "dt_wsqqmwc95", "properties": {"id": "dt_wsqqmwc95", "status": "auto", "conf": 0.966, "n_detections": 2, "heading_deg": 90.4, "length_m": 7.22, "width_m": 2.83, "corner": "NE", "intersection_id": "TPS_00458", "intersection_dist_m": 12.1, "osm_node_id": null, "serves_from_bearing": 0.4, "serves_to_bearing": 270.4, "serves_quality": "good", "imagery_source": "taipei_udd_ortho_2025", "model_version": "yolo26s-obb_ep144", "src_image": "TPS_02494", "src_px": "280.2,897.6;280.5,855.4;173.8,854.6;173.4,896.8", "lat": 25.0421496, "lon": 121.5329739}, "geometry": {"type": "Point", "coordinates": [121.5329739, 25.0421496]}}, {"type": "Feature", "id": "dt_wsqqt34hp", "properties": {"id": "dt_wsqqt34hp", "status": "auto", "conf": 0.9659, "n_detections": 1, "heading_deg": 4.0, "length_m": 5.56, "width_m": 2.37, "corner": "NE", "intersection_id": "TPS_00344", "intersection_dist_m": 16.1, "osm_node_id": null, "serves_from_bearing": 4.0, "serves_to_bearing": 274.0, "serves_quality": "good", "imagery_source": "taipei_udd_ortho_2025", "model_version": "yolo26s-obb_ep144", "src_image": "TPS_00344", "src_px": "778.3,468.8;784.1,386.2;749.2,383.7;743.4,466.4", "lat": 25.0550197, "lon": 121.5228624}, "geometry": {"type": "Point", "coordinates": [121.5228624, 25.0550197]}}, {"type": "Feature", "id": "dt_wsqqtr33s", "properties": {"id": "dt_wsqqtr33s", "status": "auto", "conf": 0.9657, "n_detections": 1, "heading_deg": 136.1, "length_m": 3.55, "width_m": 2.48, "corner": "NE", "intersection_id": "TPS_00767", "intersection_dist_m": 19.0, "osm_node_id": null, "serves_from_bearing": 46.1, "serves_to_bearing": 316.1, "serves_quality": "ambiguous", "imagery_source": "taipei_udd_ortho_2025", "model_version": "yolo26s-obb_ep144", "src_image": "TPS_00767", "src_px": "822.9,374.6;786.5,336.5;759.9,361.9;796.3,400.0", "lat": 25.088951, "lon": 121.5216794}, "geometry": {"type": "Point", "coordinates": [121.5216794, 25.088951]}}, {"type": "Feature", "id": "dt_wsqqnjj3x", "properties": {"id": "dt_wsqqnjj3x", "status": "auto", "conf": 0.9656, "n_detections": 1, "heading_deg": 89.5, "length_m": 4.42, "width_m": 2.37, "corner": "SE", "intersection_id": "TPS_00177", "intersection_dist_m": 11.8, "osm_node_id": null, "serves_from_bearing": 89.5, "serves_to_bearing": 359.5, "serves_quality": "good", "imagery_source": "taipei_udd_ortho_2025", "model_version": "yolo26s-obb_ep144", "src_image": "TPS_00177", "src_px": "774.5,582.1;774.1,546.9;708.7,547.5;709.0,582.7", "lat": 24.988671, "lon": 121.5602698}, "geometry": {"type": "Point", "coordinates": [121.5602698, 24.988671]}}, {"type": "Feature", "id": "dt_wsqqtbcf4", "properties": {"id": "dt_wsqqtbcf4", "status": "auto", "conf": 0.9656, "n_detections": 1, "heading_deg": 176.8, "length_m": 3.13, "width_m": 2.59, "corner": "NE", "intersection_id": "TPS_00651", "intersection_dist_m": 18.4, "osm_node_id": null, "serves_from_bearing": 356.8, "serves_to_bearing": 266.8, "serves_quality": "ambiguous", "imagery_source": "taipei_udd_ortho_2025", "model_version": "yolo26s-obb_ep144", "src_image": "TPS_00651", "src_px": "690.8,417.3;688.2,370.8;650.0,372.9;652.7,419.5", "lat": 25.053328, "lon": 121.5442575}, "geometry": {"type": "Point", "coordinates": [121.5442575, 25.053328]}}, {"type": "Feature", "id": "dt_wsqqqp793", "properties": {"id": "dt_wsqqqp793", "status": "auto", "conf": 0.9655, "n_detections": 1, "heading_deg": 170.2, "length_m": 4.72, "width_m": 2.51, "corner": "SW", "intersection_id": "TPS_00041", "intersection_dist_m": 25.4, "osm_node_id": null, "serves_from_bearing": 170.2, "serves_to_bearing": 80.2, "serves_quality": "good", "imagery_source": "taipei_udd_ortho_2025", "model_version": "yolo26s-obb_ep144", "src_image": "TPS_00041", "src_px": "366.7,934.2;354.8,865.0;318.2,871.3;330.1,940.5", "lat": 25.0449328, "lon": 121.5575989}, "geometry": {"type": "Point", "coordinates": [121.5575989, 25.0449328]}}, {"type": "Feature", "id": "dt_wsqqt8dgt", "properties": {"id": "dt_wsqqt8dgt", "status": "auto", "conf": 0.9655, "n_detections": 1, "heading_deg": 86.0, "length_m": 4.44, "width_m": 2.45, "corner": "NW", "intersection_id": "TPS_00716", "intersection_dist_m": 17.8, "osm_node_id": null, "serves_from_bearing": 266.0, "serves_to_bearing": 176.0, "serves_quality": "ambiguous", "imagery_source": "taipei_udd_ortho_2025", "model_version": "yolo26s-obb_ep144", "src_image": "TPS_00716", "src_px": "630.0,253.5;627.4,217.1;561.9,221.7;564.4,258.1", "lat": 25.0521796, "lon": 121.5347662}, "geometry": {"type": "Point", "coordinates": [121.5347662, 25.0521796]}}, {"type": "Feature", "id": "dt_wsqqtbt2j", "properties": {"id": "dt_wsqqtbt2j", "status": "auto", "conf": 0.9655, "n_detections": 2, "heading_deg": 87.3, "length_m": 6.5, "width_m": 2.8, "corner": "NE", "intersection_id": "TPS_01117", "intersection_dist_m": 18.4, "osm_node_id": null, "serves_from_bearing": 357.3, "serves_to_bearing": 267.3, "serves_quality": "good", "imagery_source": "taipei_udd_ortho_2025", "model_version": "yolo26s-obb_ep144", "src_image": "TPS_01117", "src_px": "645.9,203.8;643.9,162.1;547.9,166.7;549.9,208.4", "lat": 25.0515893, "lon": 121.5491864}, "geometry": {"type": "Point", "coordinates": [121.5491864, 25.0515893]}}, {"type": "Feature", "id": "dt_wsqqqrkev", "properties": {"id": "dt_wsqqqrkev", "status": "auto", "conf": 0.9654, "n_detections": 1, "heading_deg": 144.5, "length_m": 3.53, "width_m": 2.74, "corner": "SW", "intersection_id": "TPS_00145", "intersection_dist_m": 41.3, "osm_node_id": null, "serves_from_bearing": 144.5, "serves_to_bearing": 54.5, "serves_quality": "good", "imagery_source": "taipei_udd_ortho_2025", "model_version": "yolo26s-obb_ep144", "src_image": "TPS_00145", "src_px": "110.6,960.3;80.3,917.6;47.1,941.1;77.3,983.8", "lat": 25.0453702, "lon": 121.570125}, "geometry": {"type": "Point", "coordinates": [121.570125, 25.0453702]}}, {"type": "Feature", "id": "dt_wsqqjxndp", "properties": {"id": "dt_wsqqjxndp", "status": "auto", "conf": 0.9654, "n_detections": 1, "heading_deg": 158.3, "length_m": 4.48, "width_m": 2.61, "corner": "NE", "intersection_id": "TPS_00508", "intersection_dist_m": 14.5, "osm_node_id": null, "serves_from_bearing": 338.3, "serves_to_bearing": 248.3, "serves_quality": "good", "imagery_source": "taipei_udd_ortho_2025", "model_version": "yolo26s-obb_ep144", "src_image": "TPS_00508", "src_px": "756.7,278.2;732.2,216.3;696.2,230.5;720.7,292.5", "lat": 24.9997507, "lon": 121.5400036}, "geometry": {"type": "Point", "coordinates": [121.5400036, 24.9997507]}}, {"type": "Feature", "id": "dt_wsqqx2v92", "properties": {"id": "dt_wsqqx2v92", "status": "auto", "conf": 0.9653, "n_detections": 1, "heading_deg": 82.2, "length_m": 4.35, "width_m": 2.23, "corner": "NW", "intersection_id": "TPS_00497", "intersection_dist_m": 11.9, "osm_node_id": null, "serves_from_bearing": 352.2, "serves_to_bearing": 262.2, "serves_quality": "ambiguous", "imagery_source": "taipei_udd_ortho_2025", "model_version": "yolo26s-obb_ep144", "src_image": "TPS_00497", "src_px": "582.2,397.1;577.6,364.2;513.9,373.0;518.5,405.9", "lat": 25.0531786, "lon": 121.6152433}, "geometry": {"type": "Point", "coordinates": [121.6152433, 25.0531786]}}, {"type": "Feature", "id": "dt_wsqqtpznc", "properties": {"id": "dt_wsqqtpznc", "status": "auto", "conf": 0.9653, "n_detections": 1, "heading_deg": 57.7, "length_m": 4.37, "width_m": 2.16, "corner": "NW", "intersection_id": "TPS_00958", "intersection_dist_m": 22.9, "osm_node_id": null, "serves_from_bearing": 237.7, "serves_to_bearing": 147.7, "serves_quality": "good", "imagery_source": "taipei_udd_ortho_2025", "model_version": "yolo26s-obb_ep144", "src_image": "TPS_00958", "src_px": "419.4,249.5;402.2,222.4;347.6,257.1;364.8,284.1", "lat": 25.0925965, "lon": 121.5184876}, "geometry": {"type": "Point", "coordinates": [121.5184876, 25.0925965]}}, {"type": "Feature", "id": "dt_wsqqvhhfb", "properties": {"id": "dt_wsqqvhhfb", "status": "auto", "conf": 0.9652, "n_detections": 1, "heading_deg": 62.2, "length_m": 5.26, "width_m": 2.41, "corner": "SE", "intersection_id": "TPS_02354", "intersection_dist_m": 15.3, "osm_node_id": null, "serves_from_bearing": 62.2, "serves_to_bearing": 332.2, "serves_quality": "good", "imagery_source": "taipei_udd_ortho_2025", "model_version": "yolo26s-obb_ep144", "src_image": "TPS_02354", "src_px": "591.3,564.6;574.5,533.0;505.7,569.6;522.5,601.2", "lat": 25.1152565, "lon": 121.5153367}, "geometry": {"type": "Point", "coordinates": [121.5153367, 25.1152565]}}, {"type": "Feature", "id": "dt_wsqqt45m7", "properties": {"id": "dt_wsqqt45m7", "status": "auto", "conf": 0.9651, "n_detections": 1, "heading_deg": 0.0, "length_m": 4.19, "width_m": 2.48, "corner": "SW", "intersection_id": "TPS_00319", "intersection_dist_m": 14.6, "osm_node_id": null, "serves_from_bearing": 180.0, "serves_to_bearing": 90.0, "serves_quality": "good", "imagery_source": "taipei_udd_ortho_2025", "model_version": "yolo26s-obb_ep144", "src_image": "TPS_00319", "src_px": "234.6,485.6;234.6,423.2;198.0,423.3;198.0,485.6", "lat": 25.0607562, "lon": 121.5133973}, "geometry": {"type": "Point", "coordinates": [121.5133973, 25.0607562]}}, {"type": "Feature", "id": "dt_wsqqm8tdb", "properties": {"id": "dt_wsqqm8tdb", "status": "auto", "conf": 0.965, "n_detections": 1, "heading_deg": 151.9, "length_m": 6.07, "width_m": 2.43, "corner": "NE", "intersection_id": "TPS_00113", "intersection_dist_m": 20.8, "osm_node_id": null, "serves_from_bearing": 331.9, "serves_to_bearing": 241.9, "serves_quality": "good", "imagery_source": "taipei_udd_ortho_2025", "model_version": "yolo26s-obb_ep144", "src_image": "TPS_00113", "src_px": "563.8,306.6;521.5,227.0;489.8,243.9;532.1,323.5", "lat": 25.0081389, "lon": 121.5383247}, "geometry": {"type": "Point", "coordinates": [121.5383247, 25.0081389]}}, {"type": "Feature", "id": "dt_wsqqmp8mx", "properties": {"id": "dt_wsqqmp8mx", "status": "auto", "conf": 0.965, "n_detections": 1, "heading_deg": 15.5, "length_m": 4.31, "width_m": 2.26, "corner": "NW", "intersection_id": "TPS_00347", "intersection_dist_m": 24.9, "osm_node_id": null, "serves_from_bearing": 195.5, "serves_to_bearing": 105.5, "serves_quality": "good", "imagery_source": "taipei_udd_ortho_2025", "model_version": "yolo26s-obb_ep144", "src_image": "TPS_00347", "src_px": "202.3,497.7;219.3,435.9;187.1,427.0;170.1,488.8", "lat": 25.0470666, "lon": 121.5094346}, "geometry": {"type": "Point", "coordinates": [121.5094346, 25.0470666]}}, {"type": "Feature", "id": "dt_wsqqnnt31", "properties": {"id": "dt_wsqqnnt31", "status": "auto", "conf": 0.965, "n_detections": 1, "heading_deg": 159.1, "length_m": 3.93, "width_m": 2.8, "corner": "NE", "intersection_id": "TPS_00384", "intersection_dist_m": 7.0, "osm_node_id": null, "serves_from_bearing": 339.1, "serves_to_bearing": 249.1, "serves_quality": "ambiguous", "imagery_source": "taipei_udd_ortho_2025", "model_version": "yolo26s-obb_ep144", "src_image": "TPS_00384", "src_px": "660.2,475.6;639.5,421.0;600.7,435.7;621.3,490.3", "lat": 24.9968279, "lon": 121.5600236}, "geometry": {"type": "Point", "coordinates": [121.5600236, 24.9968279]}}, {"type": "Feature", "id": "dt_wsqqwns0z", "properties": {"id": "dt_wsqqwns0z", "status": "auto", "conf": 0.965, "n_detections": 1, "heading_deg": 66.2, "length_m": 5.52, "width_m": 2.35, "corner": "SE", "intersection_id": "TPS_00528", "intersection_dist_m": 18.8, "osm_node_id": null, "serves_from_bearing": 66.2, "serves_to_bearing": 336.2, "serves_quality": "good", "imagery_source": "taipei_udd_ortho_2025", "model_version": "yolo26s-obb_ep144", "src_image": "TPS_00528", "src_px": "811.6,703.5;797.4,671.5;722.7,704.6;736.9,736.6", "lat": 25.0847049, "lon": 121.5585703}, "geometry": {"type": "Point", "coordinates": [121.5585703, 25.0847049]}}, {"type": "Feature", "id": "dt_wsqqmgcq5", "properties": {"id": "dt_wsqqmgcq5", "status": "auto", "conf": 0.965, "n_detections": 1, "heading_deg": 177.7, "length_m": 2.84, "width_m": 2.23, "corner": "NE", "intersection_id": "TPS_00617", "intersection_dist_m": 15.4, "osm_node_id": null, "serves_from_bearing": 357.7, "serves_to_bearing": 267.7, "serves_quality": "good", "imagery_source": "taipei_udd_ortho_2025", "model_version": "yolo26s-obb_ep144", "src_image": "TPS_00617", "src_px": "750.7,453.6;749.0,411.4;716.1,412.7;717.8,454.9", "lat": 25.0265542, "lon": 121.5436131}, "geometry": {"type": "Point", "coordinates": [121.5436131, 25.0265542]}}, {"type": "Feature", "id": "dt_wsqqmw16u", "properties": {"id": "dt_wsqqmw16u", "status": "auto", "conf": 0.9649, "n_detections": 1, "heading_deg": 79.9, "length_m": 6.62, "width_m": 3.08, "corner": "NW", "intersection_id": "TPS_00014", "intersection_dist_m": 27.4, "osm_node_id": null, "serves_from_bearing": 259.9, "serves_to_bearing": 169.9, "serves_quality": "good", "imagery_source": "taipei_udd_ortho_2025", "model_version": "yolo26s-obb_ep144", "src_image": "TPS_00014", "src_px": "320.0,237.7;311.9,192.6;215.5,209.9;223.6,255.0", "lat": 25.0383466, "lon": 121.5326579}, "geometry": {"type": "Point", "coordinates": [121.5326579, 25.0383466]}}, {"type": "Feature", "id": "dt_wsqqw2njz", "properties": {"id": "dt_wsqqw2njz", "status": "auto", "conf": 0.9649, "n_detections": 1, "heading_deg": 87.0, "length_m": 6.34, "width_m": 2.54, "corner": "SE", "intersection_id": "TPS_00329", "intersection_dist_m": 16.3, "osm_node_id": null, "serves_from_bearing": 177.0, "serves_to_bearing": 87.0, "serves_quality": "ambiguous", "imagery_source": "taipei_udd_ortho_2025", "model_version": "yolo26s-obb_ep144", "src_image": "TPS_00329", "src_px": "517.7,788.2;515.7,750.4;422.1,755.3;424.1,793.1", "lat": 25.0498334, "lon": 121.5722755}, "geometry": {"type": "Point", "coordinates": [121.5722755, 25.0498334]}}, {"type": "Feature", "id": "dt_wsqqwq53k", "properties": {"id": "dt_wsqqwq53k", "status": "auto", "conf": 0.9649, "n_detections": 1, "heading_deg": 89.5, "length_m": 4.78, "width_m": 2.54, "corner": "SW", "intersection_id": "TPS_00523", "intersection_dist_m": 13.5, "osm_node_id": null, "serves_from_bearing": 179.5, "serves_to_bearing": 89.5, "serves_quality": "ambiguous", "imagery_source": "taipei_udd_ortho_2025", "model_version": "yolo26s-obb_ep144", "src_image": "TPS_00523", "src_px": "593.7,799.4;593.4,761.6;522.7,762.2;523.0,800.0", "lat": 25.0820153, "lon": 121.5683865}, "geometry": {"type": "Point", "coordinates": [121.5683865, 25.0820153]}}, {"type": "Feature", "id": "dt_wsqqtd7n2", "properties": {"id": "dt_wsqqtd7n2", "status": "auto", "conf": 0.9649, "n_detections": 1, "heading_deg": 85.5, "length_m": 3.46, "width_m": 2.43, "corner": "SW", "intersection_id": "TPS_00679", "intersection_dist_m": 16.2, "osm_node_id": null, "serves_from_bearing": 175.5, "serves_to_bearing": 85.5, "serves_quality": "good", "imagery_source": "taipei_udd_ortho_2025", "model_version": "yolo26s-obb_ep144", "src_image": "TPS_00679", "src_px": "592.1,752.6;589.2,716.5;538.2,720.5;541.0,756.6", "lat": 25.0622954, "lon": 121.5349172}, "geometry": {"type": "Point", "coordinates": [121.5349172, 25.0622954]}}, {"type": "Feature", "id": "dt_wsqqwvgcv", "properties": {"id": "dt_wsqqwvgcv", "status": "auto", "conf": 0.9649, "n_detections": 1, "heading_deg": 40.2, "length_m": 4.79, "width_m": 2.04, "corner": "NE", "intersection_id": "TPS_00911", "intersection_dist_m": 19.8, "osm_node_id": null, "serves_from_bearing": 40.2, "serves_to_bearing": 310.2, "serves_quality": "good", "imagery_source": "taipei_udd_ortho_2025", "model_version": "yolo26s-obb_ep144", "src_image": "TPS_00911", "src_px": "848.1,378.9;893.8,324.5;870.6,305.0;824.9,359.4", "lat": 25.080727, "lon": 121.5910761}, "geometry": {"type": "Point", "coordinates": [121.5910761, 25.080727]}}, {"type": "Feature", "id": "dt_wsqqtdrre", "properties": {"id": "dt_wsqqtdrre", "status": "auto", "conf": 0.9649, "n_detections": 1, "heading_deg": 87.5, "length_m": 4.26, "width_m": 2.49, "corner": "SW", "intersection_id": "TPS_01194", "intersection_dist_m": 15.4, "osm_node_id": null, "serves_from_bearing": 177.5, "serves_to_bearing": 87.5, "serves_quality": "ambiguous", "imagery_source": "taipei_udd_ortho_2025", "model_version": "yolo26s-obb_ep144", "src_image": "TPS_01194", "src_px": "254.9,667.2;253.3,630.2;190.3,633.0;191.9,669.9", "lat": 25.0625034, "lon": 121.5408674}, "geometry": {"type": "Point", "coordinates": [121.5408674, 25.0625034]}}, {"type": "Feature", "id": "dt_wsqqnjj3f", "properties": {"id": "dt_wsqqnjj3f", "status": "auto", "conf": 0.9648, "n_detections": 1, "heading_deg": 159.4, "length_m": 5.86, "width_m": 2.55, "corner": "SW", "intersection_id": "TPS_00177", "intersection_dist_m": 10.4, "osm_node_id": null, "serves_from_bearing": 249.4, "serves_to_bearing": 159.4, "serves_quality": "ambiguous", "imagery_source": "taipei_udd_ortho_2025", "model_version": "yolo26s-obb_ep144", "src_image": "TPS_00177", "src_px": "474.0,533.4;443.5,451.8;408.2,465.0;438.7,546.6", "lat": 24.9887109, "lon": 121.5600683}, "geometry": {"type": "Point", "coordinates": [121.5600683, 24.9887109]}}, {"type": "Feature", "id": "dt_wsqqv6j41", "properties": {"id": "dt_wsqqv6j41", "status": "auto", "conf": 0.9648, "n_detections": 1, "heading_deg": 75.9, "length_m": 3.6, "width_m": 2.42, "corner": "SE", "intersection_id": "TPS_00955", "intersection_dist_m": 14.7, "osm_node_id": null, "serves_from_bearing": 75.9, "serves_to_bearing": 345.9, "serves_quality": "good", "imagery_source": "taipei_udd_ortho_2025", "model_version": "yolo26s-obb_ep144", "src_image": "TPS_00955", "src_px": "621.1,726.3;612.2,691.4;560.6,704.5;569.5,739.5", "lat": 25.1041303, "lon": 121.5266947}, "geometry": {"type": "Point", "coordinates": [121.5266947, 25.1041303]}}, {"type": "Feature", "id": "dt_wsqqw74y4", "properties": {"id": "dt_wsqqw74y4", "status": "auto", "conf": 0.9648, "n_detections": 2, "heading_deg": 168.2, "length_m": 4.98, "width_m": 2.53, "corner": "SE", "intersection_id": "TPS_02484", "intersection_dist_m": 8.9, "osm_node_id": null, "serves_from_bearing": 78.2, "serves_to_bearing": 348.2, "serves_quality": "good", "imagery_source": "taipei_udd_ortho_2025", "model_version": "yolo26s-obb_ep144", "src_image": "TPS_02484", "src_px": "711.8,468.6;696.7,396.1;660.1,403.7;675.1,476.2", "lat": 25.0663652, "lon": 121.5676139}, "geometry": {"type": "Point", "coordinates": [121.5676139, 25.0663652]}}, {"type": "Feature", "id": "dt_wsqqmxcmx", "properties": {"id": "dt_wsqqmxcmx", "status": "auto", "conf": 0.9647, "n_detections": 1, "heading_deg": 0.9, "length_m": 4.21, "width_m": 2.36, "corner": "SW", "intersection_id": "TPS_00700", "intersection_dist_m": 17.8, "osm_node_id": null, "serves_from_bearing": 180.9, "serves_to_bearing": 90.9, "serves_quality": "good", "imagery_source": "taipei_udd_ortho_2025", "model_version": "yolo26s-obb_ep144", "src_image": "TPS_00700", "src_px": "238.7,565.0;239.7,502.4;204.8,501.8;203.8,564.5", "lat": 25.048423, "lon": 121.5327987}, "geometry": {"type": "Point", "coordinates": [121.5327987, 25.048423]}}, {"type": "Feature", "id": "dt_wsqqtd9bh", "properties": {"id": "dt_wsqqtd9bh", "status": "auto", "conf": 0.9647, "n_detections": 3, "heading_deg": 175.8, "length_m": 2.65, "width_m": 2.54, "corner": "NW", "intersection_id": "TPS_01201", "intersection_dist_m": 10.6, "osm_node_id": null, "serves_from_bearing": 265.8, "serves_to_bearing": 175.8, "serves_quality": "good", "imagery_source": "taipei_udd_ortho_2025", "model_version": "yolo26s-obb_ep144", "src_image": "TPS_01199", "src_px": "849.2,34.2;846.3,-5.2;808.9,-2.4;811.9,37.0", "lat": 25.0625776, "lon": 121.5333776}, "geometry": {"type": "Point", "coordinates": [121.5333776, 25.0625776]}}, {"type": "Feature", "id": "dt_wsqqmw3m7", "properties": {"id": "dt_wsqqmw3m7", "status": "auto", "conf": 0.9645, "n_detections": 1, "heading_deg": 2.7, "length_m": 4.3, "width_m": 2.51, "corner": "SW", "intersection_id": "TPS_00015", "intersection_dist_m": 18.8, "osm_node_id": null, "serves_from_bearing": 182.7, "serves_to_bearing": 92.7, "serves_quality": "ambiguous", "imagery_source": "taipei_udd_ortho_2025", "model_version": "yolo26s-obb_ep144", "src_image": "TPS_00015", "src_px": "263.2,614.8;266.2,550.8;229.2,549.0;226.1,613.0", "lat": 25.0401509, "lon": 121.5326434}, "geometry": {"type": "Point", "coordinates": [121.5326434, 25.0401509]}}, {"type": "Feature", "id": "dt_wsqqku3yk", "properties": {"id": "dt_wsqqku3yk", "status": "auto", "conf": 0.9645, "n_detections": 1, "heading_deg": 0.5, "length_m": 4.66, "width_m": 2.19, "corner": "SW", "intersection_id": "TPS_00183", "intersection_dist_m": 16.7, "osm_node_id": null, "serves_from_bearing": 180.5, "serves_to_bearing": 90.5, "serves_quality": "good", "imagery_source": "taipei_udd_ortho_2025", "model_version": "yolo26s-obb_ep144", "src_image": "TPS_00183", "src_px": "308.5,772.7;309.1,703.3;276.7,703.0;276.1,772.4", "lat": 25.0293243, "lon": 121.5004022}, "geometry": {"type": "Point", "coordinates": [121.5004022, 25.0293243]}}, {"type": "Feature", "id": "dt_wsqqmv3rb", "properties": {"id": "dt_wsqqmv3rb", "status": "auto", "conf": 0.9645, "n_detections": 1, "heading_deg": 178.3, "length_m": 3.51, "width_m": 2.02, "corner": "SW", "intersection_id": "TPS_00571", "intersection_dist_m": 15.7, "osm_node_id": null, "serves_from_bearing": 178.3, "serves_to_bearing": 88.3, "serves_quality": "good", "imagery_source": "taipei_udd_ortho_2025", "model_version": "yolo26s-obb_ep144", "src_image": "TPS_00571", "src_px": "323.2,526.6;321.7,474.3;291.9,475.2;293.4,527.5", "lat": 25.0350676, "lon": 121.5434992}, "geometry": {"type": "Point", "coordinates": [121.5434992, 25.0350676]}}, {"type": "Feature", "id": "dt_wsqqqnees", "properties": {"id": "dt_wsqqqnees", "status": "auto", "conf": 0.9644, "n_detections": 1, "heading_deg": 89.0, "length_m": 5.31, "width_m": 2.8, "corner": "SE", "intersection_id": "TPS_00071", "intersection_dist_m": 12.9, "osm_node_id": null, "serves_from_bearing": 89.0, "serves_to_bearing": 359.0, "serves_quality": "good", "imagery_source": "taipei_udd_ortho_2025", "model_version": "yolo26s-obb_ep144", "src_image": "TPS_00071", "src_px": "581.0,681.6;580.2,640.0;501.7,641.4;502.5,683.1", "lat": 25.0411912, "lon": 121.5577322}, "geometry": {"type": "Point", "coordinates": [121.5577322, 25.0411912]}}, {"type": "Feature", "id": "dt_wsqqt0jyj", "properties": {"id": "dt_wsqqt0jyj", "status": "auto", "conf": 0.9644, "n_detections": 1, "heading_deg": 13.9, "length_m": 4.56, "width_m": 2.45, "corner": "NE", "intersection_id": "TPS_00288", "intersection_dist_m": 12.0, "osm_node_id": null, "serves_from_bearing": 13.9, "serves_to_bearing": 283.9, "serves_quality": "good", "imagery_source": "taipei_udd_ortho_2025", "model_version": "yolo26s-obb_ep144", "src_image": "TPS_00288", "src_px": "595.6,506.1;611.8,440.2;576.6,431.5;560.4,497.4", "lat": 25.0498619, "lon": 121.5169068}, "geometry": {"type": "Point", "coordinates": [121.5169068, 25.0498619]}}, {"type": "Feature", "id": "dt_wsqqmuhzk", "properties": {"id": "dt_wsqqmuhzk", "status": "auto", "conf": 0.9642, "n_detections": 1, "heading_deg": 1.9, "length_m": 4.09, "width_m": 2.5, "corner": "SW", "intersection_id": "TPS_00006", "intersection_dist_m": 7.8, "osm_node_id": null, "serves_from_bearing": 181.9, "serves_to_bearing": 91.9, "serves_quality": "good", "imagery_source": "taipei_udd_ortho_2025", "model_version": "yolo26s-obb_ep144", "src_image": "TPS_00006", "src_px": "538.2,683.8;540.2,623.0;503.2,621.8;501.2,682.6", "lat": 25.0281317, "lon": 121.5484487}, "geometry": {"type": "Point", "coordinates": [121.5484487, 25.0281317]}}, {"type": "Feature", "id": "dt_wsqqqwuwp", "properties": {"id": "dt_wsqqqwuwp", "status": "auto", "conf": 0.9642, "n_detections": 1, "heading_deg": 53.5, "length_m": 4.74, "width_m": 2.54, "corner": "SE", "intersection_id": "TPS_00352", "intersection_dist_m": 26.1, "osm_node_id": null, "serves_from_bearing": 143.5, "serves_to_bearing": 53.5, "serves_quality": "good", "imagery_source": "taipei_udd_ortho_2025", "model_version": "yolo26s-obb_ep144", "src_image": "TPS_00352", "src_px": "539.1,985.5;516.5,955.3;460.2,997.3;482.8,1027.6", "lat": 25.0430126, "lon": 121.5812219}, "geometry": {"type": "Point", "coordinates": [121.5812219, 25.0430126]}}, {"type": "Feature", "id": "dt_wsqqqp0v3", "properties": {"id": "dt_wsqqqp0v3", "status": "auto", "conf": 0.964, "n_detections": 1, "heading_deg": 78.8, "length_m": 6.1, "width_m": 2.53, "corner": "SE", "intersection_id": "TPS_00580", "intersection_dist_m": 15.8, "osm_node_id": null, "serves_from_bearing": 78.8, "serves_to_bearing": 348.8, "serves_quality": "ambiguous", "imagery_source": "taipei_udd_ortho_2025", "model_version": "yolo26s-obb_ep144", "src_image": "TPS_00580", "src_px": "629.4,768.8;622.0,731.9;533.6,749.6;541.0,786.5", "lat": 25.0442424, "lon": 121.5538109}, "geometry": {"type": "Point", "coordinates": [121.5538109, 25.0442424]}}, {"type": "Feature", "id": "dt_wsqqnmx5w", "properties": {"id": "dt_wsqqnmx5w", "status": "auto", "conf": 0.9639, "n_detections": 1, "heading_deg": 87.4, "length_m": 4.75, "width_m": 2.62, "corner": "NW", "intersection_id": "TPS_00181", "intersection_dist_m": 13.1, "osm_node_id": null, "serves_from_bearing": 267.4, "serves_to_bearing": 177.4, "serves_quality": "good", "imagery_source": "taipei_udd_ortho_2025", "model_version": "yolo26s-obb_ep144", "src_image": "TPS_00181", "src_px": "459.6,373.4;457.8,334.4;387.6,337.6;389.4,376.7", "lat": 24.9917544, "lon": 121.5736178}, "geometry": {"type": "Point", "coordinates": [121.5736178, 24.9917544]}}, {"type": "Feature", "id": "dt_wsqqqkgmt", "properties": {"id": "dt_wsqqqkgmt", "status": "auto", "conf": 0.9639, "n_detections": 1, "heading_deg": 176.6, "length_m": 3.16, "width_m": 2.13, "corner": "NE", "intersection_id": "TPS_00633", "intersection_dist_m": 12.1, "osm_node_id": null, "serves_from_bearing": 356.6, "serves_to_bearing": 266.6, "serves_quality": "ambiguous", "imagery_source": "taipei_udd_ortho_2025", "model_version": "yolo26s-obb_ep144", "src_image": "TPS_00633", "src_px": "619.5,584.3;616.7,537.4;585.3,539.3;588.1,586.1", "lat": 25.0319199, "lon": 121.5684162}, "geometry": {"type": "Point", "coordinates": [121.5684162, 25.0319199]}}, {"type": "Feature", "id": "dt_wsqqkv907", "properties": {"id": "dt_wsqqkv907", "status": "auto", "conf": 0.9639, "n_detections": 1, "heading_deg": 89.1, "length_m": 3.9, "width_m": 2.53, "corner": "NE", "intersection_id": "TPS_00931", "intersection_dist_m": 21.8, "osm_node_id": null, "serves_from_bearing": 359.1, "serves_to_bearing": 269.1, "serves_quality": "good", "imagery_source": "taipei_udd_ortho_2025", "model_version": "yolo26s-obb_ep144", "src_image": "TPS_00931", "src_px": "772.7,620.4;772.1,582.7;714.4,583.6;714.9,621.3", "lat": 25.0351617, "lon": 121.4993313}, "geometry": {"type": "Point", "coordinates": [121.4993313, 25.0351617]}}, {"type": "Feature", "id": "dt_wsqqqm1hn", "properties": {"id": "dt_wsqqqm1hn", "status": "auto", "conf": 0.9638, "n_detections": 1, "heading_deg": 87.7, "length_m": 6.25, "width_m": 2.48, "corner": "NW", "intersection_id": "TPS_00603", "intersection_dist_m": 16.6, "osm_node_id": null, "serves_from_bearing": 267.7, "serves_to_bearing": 177.7, "serves_quality": "good", "imagery_source": "taipei_udd_ortho_2025", "model_version": "yolo26s-obb_ep144", "src_image": "TPS_00603", "src_px": "457.2,261.0;455.7,224.1;363.4,227.8;364.9,264.8", "lat": 25.033046, "lon": 121.5653691}, "geometry": {"type": "Point", "coordinates": [121.5653691, 25.033046]}}, {"type": "Feature", "id": "dt_wsqqqhutg", "properties": {"id": "dt_wsqqqhutg", "status": "auto", "conf": 0.9637, "n_detections": 1, "heading_deg": 30.7, "length_m": 3.38, "width_m": 2.09, "corner": "SE", "intersection_id": "TPS_00592", "intersection_dist_m": 11.7, "osm_node_id": null, "serves_from_bearing": 30.7, "serves_to_bearing": 300.7, "serves_quality": "good", "imagery_source": "taipei_udd_ortho_2025", "model_version": "yolo26s-obb_ep144", "src_image": "TPS_00592", "src_px": "744.4,502.2;769.9,459.0;743.2,443.2;717.7,486.5", "lat": 25.031974, "lon": 121.5590696}, "geometry": {"type": "Point", "coordinates": [121.5590696, 25.031974]}}, {"type": "Feature", "id": "dt_wsqquus80", "properties": {"id": "dt_wsqquus80", "status": "auto", "conf": 0.9637, "n_detections": 1, "heading_deg": 134.9, "length_m": 3.2, "width_m": 2.56, "corner": "NE", "intersection_id": "TPS_01015", "intersection_dist_m": 22.5, "osm_node_id": null, "serves_from_bearing": 314.9, "serves_to_bearing": 224.9, "serves_quality": "ambiguous", "imagery_source": "taipei_udd_ortho_2025", "model_version": "yolo26s-obb_ep144", "src_image": "TPS_01015", "src_px": "859.2,205.3;825.7,171.7;798.8,198.5;832.4,232.1", "lat": 25.1174988, "lon": 121.5040235}, "geometry": {"type": "Point", "coordinates": [121.5040235, 25.1174988]}}, {"type": "Feature", "id": "dt_wsqqnp32k", "properties": {"id": "dt_wsqqnp32k", "status": "auto", "conf": 0.9636, "n_detections": 1, "heading_deg": 22.2, "length_m": 3.05, "width_m": 2.53, "corner": "SE", "intersection_id": "TPS_00233", "intersection_dist_m": 8.9, "osm_node_id": null, "serves_from_bearing": 22.2, "serves_to_bearing": 292.2, "serves_quality": "good", "imagery_source": "taipei_udd_ortho_2025", "model_version": "yolo26s-obb_ep144", "src_image": "TPS_00233", "src_px": "582.9,540.0;599.9,498.0;565.2,484.0;548.3,526.0", "lat": 25.0008387, "lon": 121.5546643}, "geometry": {"type": "Point", "coordinates": [121.5546643, 25.0008387]}}, {"type": "Feature", "id": "dt_wsqqqxzds", "properties": {"id": "dt_wsqqqxzds", "status": "auto", "conf": 0.9636, "n_detections": 1, "heading_deg": 57.5, "length_m": 3.68, "width_m": 2.74, "corner": "SE", "intersection_id": "TPS_00857", "intersection_dist_m": 19.2, "osm_node_id": null, "serves_from_bearing": 57.5, "serves_to_bearing": 327.5, "serves_quality": "good", "imagery_source": "taipei_udd_ortho_2025", "model_version": "yolo26s-obb_ep144", "src_image": "TPS_00857", "src_px": "860.1,603.2;838.2,568.8;792.3,598.2;814.2,632.5", "lat": 25.0479156, "lon": 121.5852174}, "geometry": {"type": "Point", "coordinates": [121.5852174, 25.0479156]}}, {"type": "Feature", "id": "dt_wsqqw23vb", "properties": {"id": "dt_wsqqw23vb", "status": "auto", "conf": 0.9635, "n_detections": 1, "heading_deg": 87.6, "length_m": 2.84, "width_m": 2.44, "corner": "SE", "intersection_id": "TPS_00095", "intersection_dist_m": 21.5, "osm_node_id": null, "serves_from_bearing": 87.6, "serves_to_bearing": 357.6, "serves_quality": "good", "imagery_source": "taipei_udd_ortho_2025", "model_version": "yolo26s-obb_ep144", "src_image": "TPS_00095", "src_px": "569.1,821.6;567.5,785.3;525.5,787.1;527.0,823.4", "lat": 25.0512132, "lon": 121.5661476}, "geometry": {"type": "Point", "coordinates": [121.5661476, 25.0512132]}}, {"type": "Feature", "id": "dt_wsqqqwekf", "properties": {"id": "dt_wsqqqwekf", "status": "auto", "conf": 0.9634, "n_detections": 1, "heading_deg": 59.4, "length_m": 3.46, "width_m": 2.33, "corner": "SE", "intersection_id": "TPS_00662", "intersection_dist_m": 12.3, "osm_node_id": null, "serves_from_bearing": 59.4, "serves_to_bearing": 329.4, "serves_quality": "ambiguous", "imagery_source": "taipei_udd_ortho_2025", "model_version": "yolo26s-obb_ep144", "src_image": "TPS_00662", "src_px": "710.3,777.1;692.6,747.4;648.6,773.6;666.3,803.3", "lat": 25.0414331, "lon": 121.5792825}, "geometry": {"type": "Point", "coordinates": [121.5792825, 25.0414331]}}, {"type": "Feature", "id": "dt_wsqqmqn1r", "properties": {"id": "dt_wsqqmqn1r", "status": "auto", "conf": 0.9633, "n_detections": 1, "heading_deg": 88.3, "length_m": 4.64, "width_m": 2.4, "corner": "SE", "intersection_id": "TPS_00047", "intersection_dist_m": 17.1, "osm_node_id": null, "serves_from_bearing": 88.3, "serves_to_bearing": 358.3, "serves_quality": "good", "imagery_source": "taipei_udd_ortho_2025", "model_version": "yolo26s-obb_ep144", "src_image": "TPS_00047", "src_px": "532.4,649.7;531.4,614.0;462.8,616.1;463.9,651.8", "lat": 25.0380981, "lon": 121.5283488}, "geometry": {"type": "Point", "coordinates": [121.5283488, 25.0380981]}}, {"type": "Feature", "id": "dt_wsqqqwd2d", "properties": {"id": "dt_wsqqqwd2d", "status": "auto", "conf": 0.9633, "n_detections": 1, "heading_deg": 84.0, "length_m": 5.42, "width_m": 2.5, "corner": "SE", "intersection_id": "TPS_00138", "intersection_dist_m": 14.9, "osm_node_id": null, "serves_from_bearing": 84.0, "serves_to_bearing": 354.0, "serves_quality": "good", "imagery_source": "taipei_udd_ortho_2025", "model_version": "yolo26s-obb_ep144", "src_image": "TPS_00138", "src_px": "696.1,722.2;692.1,685.2;612.4,693.7;616.4,730.8", "lat": 25.0406964, "lon": 121.5778923}, "geometry": {"type": "Point", "coordinates": [121.5778923, 25.0406964]}}, {"type": "Feature", "id": "dt_wsqqqq5qf", "properties": {"id": "dt_wsqqqq5qf", "status": "auto", "conf": 0.9633, "n_detections": 1, "heading_deg": 179.0, "length_m": 3.43, "width_m": 2.24, "corner": "SW", "intersection_id": "TPS_00636", "intersection_dist_m": 15.0, "osm_node_id": null, "serves_from_bearing": 179.0, "serves_to_bearing": 89.0, "serves_quality": "good", "imagery_source": "taipei_udd_ortho_2025", "model_version": "yolo26s-obb_ep144", "src_image": "TPS_00636", "src_px": "442.1,648.9;441.2,597.9;408.1,598.4;409.0,649.5", "lat": 25.0390369, "lon": 121.5682973}, "geometry": {"type": "Point", "coordinates": [121.5682973, 25.0390369]}}, {"type": "Feature", "id": "dt_wsqqku6n1", "properties": {"id": "dt_wsqqku6n1", "status": "auto", "conf": 0.9632, "n_detections": 1, "heading_deg": 86.9, "length_m": 4.6, "width_m": 2.31, "corner": "SE", "intersection_id": "TPS_00183", "intersection_dist_m": 17.8, "osm_node_id": null, "serves_from_bearing": 86.9, "serves_to_bearing": 356.9, "serves_quality": "good", "imagery_source": "taipei_udd_ortho_2025", "model_version": "yolo26s-obb_ep144", "src_image": "TPS_00183", "src_px": "651.2,807.7;649.3,773.4;581.4,777.1;583.3,811.4", "lat": 25.0292912, "lon": 121.5006193}, "geometry": {"type": "Point", "coordinates": [121.5006193, 25.0292912]}}, {"type": "Feature", "id": "dt_wsqqwe4z7", "properties": {"id": "dt_wsqqwe4z7", "status": "auto", "conf": 0.9632, "n_detections": 1, "heading_deg": 70.7, "length_m": 4.62, "width_m": 2.55, "corner": "SE", "intersection_id": "TPS_00799", "intersection_dist_m": 23.5, "osm_node_id": null, "serves_from_bearing": 70.7, "serves_to_bearing": 340.7, "serves_quality": "good", "imagery_source": "taipei_udd_ortho_2025", "model_version": "yolo26s-obb_ep144", "src_image": "TPS_00799", "src_px": "777.2,897.8;764.6,862.0;700.1,884.8;712.7,920.6", "lat": 25.0665553, "lon": 121.5786356}, "geometry": {"type": "Point", "coordinates": [121.5786356, 25.0665553]}}, {"type": "Feature", "id": "dt_wsqqksvsv", "properties": {"id": "dt_wsqqksvsv", "status": "auto", "conf": 0.9632, "n_detections": 1, "heading_deg": 48.1, "length_m": 4.36, "width_m": 2.63, "corner": "NW", "intersection_id": "TPS_00965", "intersection_dist_m": 20.4, "osm_node_id": null, "serves_from_bearing": 228.1, "serves_to_bearing": 138.1, "serves_quality": "good", "imagery_source": "taipei_udd_ortho_2025", "model_version": "yolo26s-obb_ep144", "src_image": "TPS_00965", "src_px": "376.4,490.8;350.2,461.8;302.2,505.1;328.4,534.1", "lat": 25.0318032, "lon": 121.494597}, "geometry": {"type": "Point", "coordinates": [121.494597, 25.0318032]}}, {"type": "Feature", "id": "dt_wsqqmzvj1", "properties": {"id": "dt_wsqqmzvj1", "status": "auto", "conf": 0.9632, "n_detections": 2, "heading_deg": 87.3, "length_m": 6.8, "width_m": 2.66, "corner": "SW", "intersection_id": "TPS_01207", "intersection_dist_m": 19.1, "osm_node_id": null, "serves_from_bearing": 177.3, "serves_to_bearing": 87.3, "serves_quality": "good", "imagery_source": "taipei_udd_ortho_2025", "model_version": "yolo26s-obb_ep144", "src_image": "TPS_01207", "src_px": "378.1,725.0;376.1,685.4;275.6,690.2;277.5,729.9", "lat": 25.0483172, "lon": 121.548662}, "geometry": {"type": "Point", "coordinates": [121.548662, 25.0483172]}}, {"type": "Feature", "id": "dt_wsqqmh80c", "properties": {"id": "dt_wsqqmh80c", "status": "auto", "conf": 0.9631, "n_detections": 1, "heading_deg": 141.0, "length_m": 4.87, "width_m": 2.92, "corner": "NW", "intersection_id": "TPS_00824", "intersection_dist_m": 24.5, "osm_node_id": null, "serves_from_bearing": 321.0, "serves_to_bearing": 231.0, "serves_quality": "good", "imagery_source": "taipei_udd_ortho_2025", "model_version": "yolo26s-obb_ep144", "src_image": "TPS_00824", "src_px": "398.4,82.0;353.1,25.7;319.4,52.8;364.6,109.1", "lat": 25.0297317, "lon": 121.5088581}, "geometry": {"type": "Point", "coordinates": [121.5088581, 25.0297317]}}, {"type": "Feature", "id": "dt_wsqqks7tb", "properties": {"id": "dt_wsqqks7tb", "status": "auto", "conf": 0.963, "n_detections": 1, "heading_deg": 136.0, "length_m": 4.3, "width_m": 2.55, "corner": "NE", "intersection_id": "TPS_00085", "intersection_dist_m": 17.8, "osm_node_id": null, "serves_from_bearing": 46.0, "serves_to_bearing": 316.0, "serves_quality": "good", "imagery_source": "taipei_udd_ortho_2025", "model_version": "yolo26s-obb_ep144", "src_image": "TPS_00085", "src_px": "865.1,382.7;820.9,336.6;793.6,362.8;837.9,408.9", "lat": 25.0292351, "lon": 121.4916641}, "geometry": {"type": "Point", "coordinates": [121.4916641, 25.0292351]}}, {"type": "Feature", "id": "dt_wsqqw9ggj", "properties": {"id": "dt_wsqqw9ggj", "status": "auto", "conf": 0.963, "n_detections": 1, "heading_deg": 61.9, "length_m": 5.45, "width_m": 2.23, "corner": "NW", "intersection_id": "TPS_00364", "intersection_dist_m": 21.3, "osm_node_id": null, "serves_from_bearing": 241.9, "serves_to_bearing": 151.9, "serves_quality": "good", "imagery_source": "taipei_udd_ortho_2025", "model_version": "yolo26s-obb_ep144", "src_image": "TPS_00364", "src_px": "162.6,331.1;146.8,301.9;75.7,340.2;91.5,369.4", "lat": 25.0589623, "lon": 121.5801084}, "geometry": {"type": "Point", "coordinates": [121.5801084, 25.0589623]}}, {"type": "Feature", "id": "dt_wsqqthxf9", "properties": {"id": "dt_wsqqthxf9", "status": "auto", "conf": 0.963, "n_detections": 1, "heading_deg": 22.2, "length_m": 2.82, "width_m": 2.11, "corner": "NW", "intersection_id": "TPS_00691", "intersection_dist_m": 16.9, "osm_node_id": null, "serves_from_bearing": 202.2, "serves_to_bearing": 112.2, "serves_quality": "good", "imagery_source": "taipei_udd_ortho_2025", "model_version": "yolo26s-obb_ep144", "src_image": "TPS_00691", "src_px": "379.8,428.4;395.6,389.5;366.6,377.8;350.8,416.6", "lat": 25.0740043, "lon": 121.5195107}, "geometry": {"type": "Point", "coordinates": [121.5195107, 25.0740043]}}, {"type": "Feature", "id": "dt_wsqqmqn5m", "properties": {"id": "dt_wsqqmqn5m", "status": "auto", "conf": 0.9629, "n_detections": 1, "heading_deg": 86.7, "length_m": 4.27, "width_m": 2.37, "corner": "NW", "intersection_id": "TPS_00047", "intersection_dist_m": 17.6, "osm_node_id": null, "serves_from_bearing": 266.7, "serves_to_bearing": 176.7, "serves_quality": "good", "imagery_source": "taipei_udd_ortho_2025", "model_version": "yolo26s-obb_ep144", "src_image": "TPS_00047", "src_px": "412.7,145.7;410.6,110.5;347.6,114.2;349.7,149.4", "lat": 25.0384036, "lon": 121.52827}, "geometry": {"type": "Point", "coordinates": [121.52827, 25.0384036]}}, {"type": "Feature", "id": "dt_wsqqv2vku", "properties": {"id": "dt_wsqqv2vku", "status": "auto", "conf": 0.9629, "n_detections": 1, "heading_deg": 165.4, "length_m": 3.48, "width_m": 2.77, "corner": "SW", "intersection_id": "TPS_00188", "intersection_dist_m": 17.6, "osm_node_id": null, "serves_from_bearing": 165.4, "serves_to_bearing": 75.4, "serves_quality": "ambiguous", "imagery_source": "taipei_udd_ortho_2025", "model_version": "yolo26s-obb_ep144", "src_image": "TPS_00188", "src_px": "336.4,503.2;323.4,453.0;283.8,463.3;296.8,513.4", "lat": 25.0977424, "lon": 121.5271931}, "geometry": {"type": "Point", "coordinates": [121.5271931, 25.0977424]}}, {"type": "Feature", "id": "dt_wsqqwbrrb", "properties": {"id": "dt_wsqqwbrrb", "status": "auto", "conf": 0.9629, "n_detections": 1, "heading_deg": 167.9, "length_m": 4.58, "width_m": 2.58, "corner": "NE", "intersection_id": "TPS_00191", "intersection_dist_m": 20.2, "osm_node_id": null, "serves_from_bearing": 347.9, "serves_to_bearing": 257.9, "serves_quality": "good", "imagery_source": "taipei_udd_ortho_2025", "model_version": "yolo26s-obb_ep144", "src_image": "TPS_00191", "src_px": "813.2,497.0;799.0,430.4;761.7,438.3;775.9,505.0", "lat": 25.0515733, "lon": 121.5956628}, "geometry": {"type": "Point", "coordinates": [121.5956628, 25.0515733]}}, {"type": "Feature", "id": "dt_wsqqnnt0s", "properties": {"id": "dt_wsqqnnt0s", "status": "auto", "conf": 0.9629, "n_detections": 1, "heading_deg": 167.8, "length_m": 4.37, "width_m": 2.6, "corner": "SW", "intersection_id": "TPS_00384", "intersection_dist_m": 16.5, "osm_node_id": null, "serves_from_bearing": 167.8, "serves_to_bearing": 77.8, "serves_quality": "good", "imagery_source": "taipei_udd_ortho_2025", "model_version": "yolo26s-obb_ep144", "src_image": "TPS_00384", "src_px": "343.3,630.2;329.6,566.6;292.0,574.7;305.6,638.3", "lat": 24.9967387, "lon": 121.5598138}, "geometry": {"type": "Point", "coordinates": [121.5598138, 24.9967387]}}, {"type": "Feature", "id": "dt_wsqqtdctw", "properties": {"id": "dt_wsqqtdctw", "status": "auto", "conf": 0.9629, "n_detections": 1, "heading_deg": 176.7, "length_m": 2.22, "width_m": 2.21, "corner": "NE", "intersection_id": "TPS_01112", "intersection_dist_m": 4.3, "osm_node_id": null, "serves_from_bearing": 356.7, "serves_to_bearing": 266.7, "serves_quality": "good", "imagery_source": "taipei_udd_ortho_2025", "model_version": "yolo26s-obb_ep144", "src_image": "TPS_01112", "src_px": "670.6,581.3;668.7,548.3;636.0,550.1;637.9,583.1", "lat": 25.0648871, "lon": 121.5330881}, "geometry": {"type": "Point", "coordinates": [121.5330881, 25.0648871]}}, {"type": "Feature", "id": "dt_wsqqqn8hn", "properties": {"id": "dt_wsqqqn8hn", "status": "auto", "conf": 0.9628, "n_detections": 1, "heading_deg": 86.5, "length_m": 4.53, "width_m": 2.42, "corner": "SE", "intersection_id": "TPS_00583", "intersection_dist_m": 16.8, "osm_node_id": null, "serves_from_bearing": 86.5, "serves_to_bearing": 356.5, "serves_quality": "ambiguous", "imagery_source": "taipei_udd_ortho_2025", "model_version": "yolo26s-obb_ep144", "src_image": "TPS_00583", "src_px": "675.2,767.2;673.0,731.3;606.2,735.4;608.3,771.2", "lat": 25.0412922, "lon": 121.5529923}, "geometry": {"type": "Point", "coordinates": [121.5529923, 25.0412922]}}, {"type": "Feature", "id": "dt_wsqqtc197", "properties": {"id": "dt_wsqqtc197", "status": "auto", "conf": 0.9628, "n_detections": 1, "heading_deg": 2.5, "length_m": 5.52, "width_m": 2.7, "corner": "SW", "intersection_id": "TPS_00650", "intersection_dist_m": 15.7, "osm_node_id": null, "serves_from_bearing": 182.5, "serves_to_bearing": 92.5, "serves_quality": "good", "imagery_source": "taipei_udd_ortho_2025", "model_version": "yolo26s-obb_ep144", "src_image": "TPS_00650", "src_px": "224.0,486.2;227.6,404.1;187.7,402.3;184.1,484.4", "lat": 25.0545422, "lon": 121.543946}, "geometry": {"type": "Point", "coordinates": [121.543946, 25.0545422]}}, {"type": "Feature", "id": "dt_wsqqwnw0h", "properties": {"id": "dt_wsqqwnw0h", "status": "auto", "conf": 0.9628, "n_detections": 1, "heading_deg": 106.9, "length_m": 4.56, "width_m": 2.47, "corner": "NW", "intersection_id": "TPS_00970", "intersection_dist_m": 13.3, "osm_node_id": null, "serves_from_bearing": 286.9, "serves_to_bearing": 196.9, "serves_quality": "good", "imagery_source": "taipei_udd_ortho_2025", "model_version": "yolo26s-obb_ep144", "src_image": "TPS_00970", "src_px": "587.2,434.3;598.0,399.1;533.5,379.4;522.7,414.5", "lat": 25.0845745, "lon": 121.5611782}, "geometry": {"type": "Point", "coordinates": [121.5611782, 25.0845745]}}, {"type": "Feature", "id": "dt_wsqqt6ctq", "properties": {"id": "dt_wsqqt6ctq", "status": "auto", "conf": 0.9627, "n_detections": 1, "heading_deg": 175.0, "length_m": 4.87, "width_m": 2.35, "corner": "SW", "intersection_id": "TPS_00321", "intersection_dist_m": 17.0, "osm_node_id": null, "serves_from_bearing": 175.0, "serves_to_bearing": 85.0, "serves_quality": "good", "imagery_source": "taipei_udd_ortho_2025", "model_version": "yolo26s-obb_ep144", "src_image": "TPS_00321", "src_px": "410.4,651.6;404.1,579.4;369.5,582.4;375.7,654.6", "lat": 25.0648559, "lon": 121.5220968}, "geometry": {"type": "Point", "coordinates": [121.5220968, 25.0648559]}}, {"type": "Feature", "id": "dt_wsqqt3wsu", "properties": {"id": "dt_wsqqt3wsu", "status": "auto", "conf": 0.9627, "n_detections": 1, "heading_deg": 87.7, "length_m": 3.85, "width_m": 2.51, "corner": "SE", "intersection_id": "TPS_01521", "intersection_dist_m": 10.3, "osm_node_id": null, "serves_from_bearing": 87.7, "serves_to_bearing": 357.7, "serves_quality": "ambiguous", "imagery_source": "taipei_udd_ortho_2025", "model_version": "yolo26s-obb_ep144", "src_image": "TPS_01521", "src_px": "603.0,805.2;601.5,767.8;544.6,770.1;546.1,807.6", "lat": 25.0579102, "lon": 121.5289149}, "geometry": {"type": "Point", "coordinates": [121.5289149, 25.0579102]}}, {"type": "Feature", "id": "dt_wsqqkyj25", "properties": {"id": "dt_wsqqkyj25", "status": "auto", "conf": 0.9627, "n_detections": 1, "heading_deg": 94.4, "length_m": 3.66, "width_m": 2.66, "corner": "NW", "intersection_id": "TPS_01697", "intersection_dist_m": 10.3, "osm_node_id": null, "serves_from_bearing": 274.4, "serves_to_bearing": 184.4, "serves_quality": "good", "imagery_source": "taipei_udd_ortho_2025", "model_version": "yolo26s-obb_ep144", "src_image": "TPS_01697", "src_px": "494.0,273.4;497.1,233.9;443.1,229.7;440.0,269.2", "lat": 25.0378632, "lon": 121.505155}, "geometry": {"type": "Point", "coordinates": [121.505155, 25.0378632]}}, {"type": "Feature", "id": "dt_wsqqqnpzn", "properties": {"id": "dt_wsqqqnpzn", "status": "auto", "conf": 0.9627, "n_detections": 1, "heading_deg": 89.4, "length_m": 5.82, "width_m": 2.61, "corner": "SE", "intersection_id": "TPS_02412", "intersection_dist_m": 11.0, "osm_node_id": null, "serves_from_bearing": 89.4, "serves_to_bearing": 359.4, "serves_quality": "good", "imagery_source": "taipei_udd_ortho_2025", "model_version": "yolo26s-obb_ep144", "src_image": "TPS_02412", "src_px": "727.7,608.8;727.3,570.0;641.2,570.9;641.6,609.7", "lat": 25.0390574, "lon": 121.5636647}, "geometry": {"type": "Point", "coordinates": [121.5636647, 25.0390574]}}, {"type": "Feature", "id": "dt_wsqqmqn75", "properties": {"id": "dt_wsqqmqn75", "status": "auto", "conf": 0.9626, "n_detections": 1, "heading_deg": 29.8, "length_m": 5.95, "width_m": 2.36, "corner": "NE", "intersection_id": "TPS_00047", "intersection_dist_m": 23.2, "osm_node_id": null, "serves_from_bearing": 29.8, "serves_to_bearing": 299.8, "serves_quality": "good", "imagery_source": "taipei_udd_ortho_2025", "model_version": "yolo26s-obb_ep144", "src_image": "TPS_00047", "src_px": "725.6,244.9;769.3,168.1;738.9,150.8;695.2,227.6", "lat": 25.0383624, "lon": 121.5285061}, "geometry": {"type": "Point", "coordinates": [121.5285061, 25.0383624]}}, {"type": "Feature", "id": "dt_wsqquxwg3", "properties": {"id": "dt_wsqquxwg3", "status": "auto", "conf": 0.9626, "n_detections": 1, "heading_deg": 40.2, "length_m": 5.75, "width_m": 2.83, "corner": "SW", "intersection_id": "TPS_00174", "intersection_dist_m": 19.3, "osm_node_id": null, "serves_from_bearing": 220.2, "serves_to_bearing": 130.2, "serves_quality": "good", "imagery_source": "taipei_udd_ortho_2025", "model_version": "yolo26s-obb_ep144", "src_image": "TPS_00174", "src_px": "328.4,579.1;383.3,513.6;351.1,486.6;296.2,552.0", "lat": 25.1345493, "lon": 121.4961423}, "geometry": {"type": "Point", "coordinates": [121.4961423, 25.1345493]}}, {"type": "Feature", "id": "dt_wsqqt647m", "properties": {"id": "dt_wsqqt647m", "status": "auto", "conf": 0.9626, "n_detections": 1, "heading_deg": 4.2, "length_m": 5.31, "width_m": 2.3, "corner": "NE", "intersection_id": "TPS_00324", "intersection_dist_m": 16.4, "osm_node_id": null, "serves_from_bearing": 4.2, "serves_to_bearing": 274.2, "serves_quality": "good", "imagery_source": "taipei_udd_ortho_2025", "model_version": "yolo26s-obb_ep144", "src_image": "TPS_00324", "src_px": "646.2,587.3;652.0,508.4;618.1,505.9;612.3,584.8", "lat": 25.0603892, "lon": 121.5231175}, "geometry": {"type": "Point", "coordinates": [121.5231175, 25.0603892]}}, {"type": "Feature", "id": "dt_wsqqm8t66", "properties": {"id": "dt_wsqqm8t66", "status": "auto", "conf": 0.9625, "n_detections": 1, "heading_deg": 64.1, "length_m": 4.58, "width_m": 2.32, "corner": "NW", "intersection_id": "TPS_00113", "intersection_dist_m": 20.5, "osm_node_id": null, "serves_from_bearing": 244.1, "serves_to_bearing": 154.1, "serves_quality": "good", "imagery_source": "taipei_udd_ortho_2025", "model_version": "yolo26s-obb_ep144", "src_image": "TPS_00113", "src_px": "191.2,416.4;176.0,385.4;115.1,415.1;130.2,446.2", "lat": 25.0080535, "lon": 121.5380742}, "geometry": {"type": "Point", "coordinates": [121.5380742, 25.0080535]}}, {"type": "Feature", "id": "dt_wsqqmv9mz", "properties": {"id": "dt_wsqqmv9mz", "status": "auto", "conf": 0.9624, "n_detections": 1, "heading_deg": 2.0, "length_m": 4.53, "width_m": 2.6, "corner": "NE", "intersection_id": "TPS_00549", "intersection_dist_m": 14.8, "osm_node_id": null, "serves_from_bearing": 2.0, "serves_to_bearing": 272.0, "serves_quality": "good", "imagery_source": "taipei_udd_ortho_2025", "model_version": "yolo26s-obb_ep144", "src_image": "TPS_00549", "src_px": "785.7,606.3;788.0,538.9;749.6,537.6;747.3,605.0", "lat": 25.0361132, "lon": 121.5438077}, "geometry": {"type": "Point", "coordinates": [121.5438077, 25.0361132]}}, {"type": "Feature", "id": "dt_wsqqqpgez", "properties": {"id": "dt_wsqqqpgez", "status": "auto", "conf": 0.9624, "n_detections": 1, "heading_deg": 178.0, "length_m": 2.55, "width_m": 1.45, "corner": "SE", "intersection_id": "TPS_02476", "intersection_dist_m": 35.0, "osm_node_id": null, "serves_from_bearing": 88.0, "serves_to_bearing": 358.0, "serves_quality": "good", "imagery_source": "taipei_udd_ortho_2025", "model_version": "yolo26s-obb_ep144", "src_image": "TPS_02476", "src_px": "1027.0,557.5;1025.7,519.6;1004.3,520.4;1005.5,558.2", "lat": 25.0481087, "lon": 121.5578786}, "geometry": {"type": "Point", "coordinates": [121.5578786, 25.0481087]}}, {"type": "Feature", "id": "dt_wsqqq51br", "properties": {"id": "dt_wsqqq51br", "status": "auto", "conf": 0.9623, "n_detections": 1, "heading_deg": 135.9, "length_m": 4.0, "width_m": 2.53, "corner": "SW", "intersection_id": "TPS_00671", "intersection_dist_m": 12.2, "osm_node_id": null, "serves_from_bearing": 135.9, "serves_to_bearing": 45.9, "serves_quality": "ambiguous", "imagery_source": "taipei_udd_ortho_2025", "model_version": "yolo26s-obb_ep144", "src_image": "TPS_00671", "src_px": "524.0,660.0;482.8,617.2;455.8,643.3;496.9,686.0", "lat": 25.0214439, "lon": 121.5554661}, "geometry": {"type": "Point", "coordinates": [121.5554661, 25.0214439]}}, {"type": "Feature", "id": "dt_wsqqt0q5g", "properties": {"id": "dt_wsqqt0q5g", "status": "auto", "conf": 0.9622, "n_detections": 1, "heading_deg": 14.0, "length_m": 5.47, "width_m": 2.56, "corner": "SE", "intersection_id": "TPS_00729", "intersection_dist_m": 16.0, "osm_node_id": null, "serves_from_bearing": 14.0, "serves_to_bearing": 284.0, "serves_quality": "good", "imagery_source": "taipei_udd_ortho_2025", "model_version": "yolo26s-obb_ep144", "src_image": "TPS_00729", "src_px": "773.5,623.4;793.1,544.4;756.4,535.3;736.9,614.3", "lat": 25.0508834, "lon": 121.5171984}, "geometry": {"type": "Point", "coordinates": [121.5171984, 25.0508834]}}, {"type": "Feature", "id": "dt_wsqqv27sd", "properties": {"id": "dt_wsqqv27sd", "status": "auto", "conf": 0.9622, "n_detections": 1, "heading_deg": 75.2, "length_m": 5.85, "width_m": 2.39, "corner": "SE", "intersection_id": "TPS_00890", "intersection_dist_m": 11.8, "osm_node_id": null, "serves_from_bearing": 75.2, "serves_to_bearing": 345.2, "serves_quality": "good", "imagery_source": "taipei_udd_ortho_2025", "model_version": "yolo26s-obb_ep144", "src_image": "TPS_00890", "src_px": "713.2,758.8;704.0,724.4;620.3,746.7;629.4,781.2", "lat": 25.094936, "lon": 121.5246857}, "geometry": {"type": "Point", "coordinates": [121.5246857, 25.094936]}}, {"type": "Feature", "id": "dt_wsqqt0fjy", "properties": {"id": "dt_wsqqt0fjy", "status": "auto", "conf": 0.9622, "n_detections": 1, "heading_deg": 175.1, "length_m": 4.48, "width_m": 2.37, "corner": "NE", "intersection_id": "TPS_01582", "intersection_dist_m": 10.5, "osm_node_id": null, "serves_from_bearing": 355.1, "serves_to_bearing": 265.1, "serves_quality": "good", "imagery_source": "taipei_udd_ortho_2025", "model_version": "yolo26s-obb_ep144", "src_image": "TPS_01582", "src_px": "720.9,449.0;715.2,382.6;680.3,385.6;686.1,452.0", "lat": 25.0539366, "lon": 121.5118338}, "geometry": {"type": "Point", "coordinates": [121.5118338, 25.0539366]}}, {"type": "Feature", "id": "dt_wsqqmf3b2", "properties": {"id": "dt_wsqqmf3b2", "status": "auto", "conf": 0.9621, "n_detections": 1, "heading_deg": 38.8, "length_m": 4.52, "width_m": 2.06, "corner": "NW", "intersection_id": "TPS_00314", "intersection_dist_m": 21.0, "osm_node_id": null, "serves_from_bearing": 218.8, "serves_to_bearing": 128.8, "serves_quality": "good", "imagery_source": "taipei_udd_ortho_2025", "model_version": "yolo26s-obb_ep144", "src_image": "TPS_00314", "src_px": "260.1,319.5;302.0,267.1;278.2,248.0;236.3,300.4", "lat": 25.0173119, "lon": 121.5441601}, "geometry": {"type": "Point", "coordinates": [121.5441601, 25.0173119]}}, {"type": "Feature", "id": "dt_wsqqve81c", "properties": {"id": "dt_wsqqve81c", "status": "auto", "conf": 0.9621, "n_detections": 1, "heading_deg": 19.8, "length_m": 4.6, "width_m": 2.38, "corner": "SW", "intersection_id": "TPS_00514", "intersection_dist_m": 25.3, "osm_node_id": null, "serves_from_bearing": 199.8, "serves_to_bearing": 109.8, "serves_quality": "good", "imagery_source": "taipei_udd_ortho_2025", "model_version": "yolo26s-obb_ep144", "src_image": "TPS_00514", "src_px": "114.8,804.6;137.9,740.1;104.7,728.2;81.6,792.8", "lat": 25.1123377, "lon": 121.5308353}, "geometry": {"type": "Point", "coordinates": [121.5308353, 25.1123377]}}, {"type": "Feature", "id": "dt_wsqqmzcsz", "properties": {"id": "dt_wsqqmzcsz", "status": "auto", "conf": 0.9621, "n_detections": 1, "heading_deg": 1.2, "length_m": 4.92, "width_m": 2.52, "corner": "NE", "intersection_id": "TPS_00629", "intersection_dist_m": 19.2, "osm_node_id": null, "serves_from_bearing": 1.2, "serves_to_bearing": 271.2, "serves_quality": "good", "imagery_source": "taipei_udd_ortho_2025", "model_version": "yolo26s-obb_ep144", "src_image": "TPS_00629", "src_px": "757.4,515.1;758.9,441.9;721.6,441.2;720.2,514.3", "lat": 25.0483011, "lon": 121.5441322}, "geometry": {"type": "Point", "coordinates": [121.5441322, 25.0483011]}}, {"type": "Feature", "id": "dt_wsqqw8ntn", "properties": {"id": "dt_wsqqw8ntn", "status": "auto", "conf": 0.9621, "n_detections": 1, "heading_deg": 141.2, "length_m": 4.32, "width_m": 2.92, "corner": "NE", "intersection_id": "TPS_00986", "intersection_dist_m": 12.5, "osm_node_id": null, "serves_from_bearing": 51.2, "serves_to_bearing": 321.2, "serves_quality": "ambiguous", "imagery_source": "taipei_udd_ortho_2025", "model_version": "yolo26s-obb_ep144", "src_image": "TPS_00986", "src_px": "722.7,482.2;682.7,432.1;648.8,459.1;688.7,509.3", "lat": 25.0497053, "lon": 121.5839216}, "geometry": {"type": "Point", "coordinates": [121.5839216, 25.0497053]}}, {"type": "Feature", "id": "dt_wsqqw21r3", "properties": {"id": "dt_wsqqw21r3", "status": "auto", "conf": 0.962, "n_detections": 1, "heading_deg": 174.2, "length_m": 3.55, "width_m": 2.3, "corner": "NE", "intersection_id": "TPS_00244", "intersection_dist_m": 11.1, "osm_node_id": null, "serves_from_bearing": 354.2, "serves_to_bearing": 264.2, "serves_quality": "good", "imagery_source": "taipei_udd_ortho_2025", "model_version": "yolo26s-obb_ep144", "src_image": "TPS_00244", "src_px": "598.5,607.9;593.2,555.3;559.4,558.7;564.7,611.3", "lat": 25.0501034, "lon": 121.5654822}, "geometry": {"type": "Point", "coordinates": [121.5654822, 25.0501034]}}, {"type": "Feature", "id": "dt_wsqqw27rd", "properties": {"id": "dt_wsqqw27rd", "status": "auto", "conf": 0.9619, "n_detections": 1, "heading_deg": 88.7, "length_m": 4.45, "width_m": 2.6, "corner": "NW", "intersection_id": "TPS_00096", "intersection_dist_m": 23.4, "osm_node_id": null, "serves_from_bearing": 268.7, "serves_to_bearing": 178.7, "serves_quality": "good", "imagery_source": "taipei_udd_ortho_2025", "model_version": "yolo26s-obb_ep144", "src_image": "TPS_00096", "src_px": "429.7,113.2;428.9,74.5;363.1,76.0;364.0,114.7", "lat": 25.0514889, "lon": 121.5682781}, "geometry": {"type": "Point", "coordinates": [121.5682781, 25.0514889]}}, {"type": "Feature", "id": "dt_wsqqqw88b", "properties": {"id": "dt_wsqqqw88b", "status": "auto", "conf": 0.9619, "n_detections": 1, "heading_deg": 88.9, "length_m": 5.76, "width_m": 2.65, "corner": "SE", "intersection_id": "TPS_00654", "intersection_dist_m": 17.9, "osm_node_id": null, "serves_from_bearing": 88.9, "serves_to_bearing": 358.9, "serves_quality": "good", "imagery_source": "taipei_udd_ortho_2025", "model_version": "yolo26s-obb_ep144", "src_image": "TPS_00654", "src_px": "591.8,912.7;591.0,873.2;505.8,874.8;506.5,914.3", "lat": 25.0407391, "lon": 121.5754183}, "geometry": {"type": "Point", "coordinates": [121.5754183, 25.0407391]}}, {"type": "Feature", "id": "dt_wsqqt5gwr", "properties": {"id": "dt_wsqqt5gwr", "status": "auto", "conf": 0.9619, "n_detections": 1, "heading_deg": 0.7, "length_m": 4.7, "width_m": 2.49, "corner": "NE", "intersection_id": "TPS_00689", "intersection_dist_m": 15.3, "osm_node_id": null, "serves_from_bearing": 0.7, "serves_to_bearing": 270.7, "serves_quality": "good", "imagery_source": "taipei_udd_ortho_2025", "model_version": "yolo26s-obb_ep144", "src_image": "TPS_00689", "src_px": "769.0,508.3;769.9,438.3;733.1,437.8;732.1,507.8", "lat": 25.0705411, "lon": 121.5139275}, "geometry": {"type": "Point", "coordinates": [121.5139275, 25.0705411]}}, {"type": "Feature", "id": "dt_wsqqmh8mu", "properties": {"id": "dt_wsqqmh8mu", "status": "auto", "conf": 0.9618, "n_detections": 1, "heading_deg": 115.7, "length_m": 5.43, "width_m": 2.48, "corner": "NW", "intersection_id": "TPS_00189", "intersection_dist_m": 14.2, "osm_node_id": null, "serves_from_bearing": 295.7, "serves_to_bearing": 205.7, "serves_quality": "good", "imagery_source": "taipei_udd_ortho_2025", "model_version": "yolo26s-obb_ep144", "src_image": "TPS_00189", "src_px": "331.3,433.3;347.4,400.2;275.1,365.1;259.0,398.2", "lat": 25.0306189, "lon": 121.5093357}, "geometry": {"type": "Point", "coordinates": [121.5093357, 25.0306189]}}, {"type": "Feature", "id": "dt_wsqqqnwkv", "properties": {"id": "dt_wsqqqnwkv", "status": "auto", "conf": 0.9618, "n_detections": 1, "heading_deg": 91.0, "length_m": 6.09, "width_m": 2.49, "corner": "NW", "intersection_id": "TPS_00605", "intersection_dist_m": 20.6, "osm_node_id": null, "serves_from_bearing": 271.0, "serves_to_bearing": 181.0, "serves_quality": "good", "imagery_source": "taipei_udd_ortho_2025", "model_version": "yolo26s-obb_ep144", "src_image": "TPS_00605", "src_px": "407.7,312.4;408.4,275.3;318.4,273.7;317.7,310.8", "lat": 25.0414151, "lon": 121.5615609}, "geometry": {"type": "Point", "coordinates": [121.5615609, 25.0414151]}}, {"type": "Feature", "id": "dt_wsqqmkt59", "properties": {"id": "dt_wsqqmkt59", "status": "auto", "conf": 0.9618, "n_detections": 1, "heading_deg": 10.4, "length_m": 4.39, "width_m": 2.58, "corner": "NE", "intersection_id": "TPS_00764", "intersection_dist_m": 13.3, "osm_node_id": null, "serves_from_bearing": 10.4, "serves_to_bearing": 280.4, "serves_quality": "good", "imagery_source": "taipei_udd_ortho_2025", "model_version": "yolo26s-obb_ep144", "src_image": "TPS_00764", "src_px": "614.5,601.4;626.2,537.2;588.7,530.4;577.1,594.5", "lat": 25.0302065, "lon": 121.5267019}, "geometry": {"type": "Point", "coordinates": [121.5267019, 25.0302065]}}, {"type": "Feature", "id": "dt_wsqqmppyb", "properties": {"id": "dt_wsqqmppyb", "status": "auto", "conf": 0.9617, "n_detections": 1, "heading_deg": 12.5, "length_m": 4.06, "width_m": 2.51, "corner": "SE", "intersection_id": "TPS_00036", "intersection_dist_m": 16.5, "osm_node_id": null, "serves_from_bearing": 12.5, "serves_to_bearing": 282.5, "serves_quality": "good", "imagery_source": "taipei_udd_ortho_2025", "model_version": "yolo26s-obb_ep144", "src_image": "TPS_00036", "src_px": "792.3,631.1;805.3,572.1;769.0,564.1;756.0,623.1", "lat": 25.0444961, "lon": 121.5194406}, "geometry": {"type": "Point", "coordinates": [121.5194406, 25.0444961]}}, {"type": "Feature", "id": "dt_wsqqqqx90", "properties": {"id": "dt_wsqqqqx90", "status": "auto", "conf": 0.9617, "n_detections": 1, "heading_deg": 85.9, "length_m": 2.73, "width_m": 2.22, "corner": "SE", "intersection_id": "TPS_00657", "intersection_dist_m": 16.5, "osm_node_id": null, "serves_from_bearing": 85.9, "serves_to_bearing": 355.9, "serves_quality": "ambiguous", "imagery_source": "taipei_udd_ortho_2025", "model_version": "yolo26s-obb_ep144", "src_image": "TPS_00657", "src_px": "575.3,844.9;572.9,812.0;532.7,814.9;535.1,847.8", "lat": 25.0407779, "lon": 121.5740485}, "geometry": {"type": "Point", "coordinates": [121.5740485, 25.0407779]}}, {"type": "Feature", "id": "dt_wsqqw9u5w", "properties": {"id": "dt_wsqqw9u5w", "status": "auto", "conf": 0.9616, "n_detections": 1, "heading_deg": 143.0, "length_m": 6.12, "width_m": 2.39, "corner": "NE", "intersection_id": "TPS_00364", "intersection_dist_m": 26.4, "osm_node_id": null, "serves_from_bearing": 323.0, "serves_to_bearing": 233.0, "serves_quality": "good", "imagery_source": "taipei_udd_ortho_2025", "model_version": "yolo26s-obb_ep144", "src_image": "TPS_00364", "src_px": "712.8,166.4;658.3,93.6;629.9,114.8;684.4,187.6", "lat": 25.0590808, "lon": 121.5804787}, "geometry": {"type": "Point", "coordinates": [121.5804787, 25.0590808]}}, {"type": "Feature", "id": "dt_wsqqtnb7t", "properties": {"id": "dt_wsqqtnb7t", "status": "auto", "conf": 0.9615, "n_detections": 1, "heading_deg": 74.0, "length_m": 6.19, "width_m": 2.9, "corner": "SE", "intersection_id": "TPS_00768", "intersection_dist_m": 23.3, "osm_node_id": null, "serves_from_bearing": 74.0, "serves_to_bearing": 344.0, "serves_quality": "good", "imagery_source": "taipei_udd_ortho_2025", "model_version": "yolo26s-obb_ep144", "src_image": "TPS_00768", "src_px": "665.3,774.7;653.3,733.2;565.3,758.6;577.4,800.2", "lat": 25.0865325, "lon": 121.5093733}, "geometry": {"type": "Point", "coordinates": [121.5093733, 25.0865325]}}, {"type": "Feature", "id": "dt_wsqqwd54n", "properties": {"id": "dt_wsqqwd54n", "status": "auto", "conf": 0.9615, "n_detections": 1, "heading_deg": 144.9, "length_m": 5.71, "width_m": 2.4, "corner": "SW", "intersection_id": "TPS_00896", "intersection_dist_m": 12.5, "osm_node_id": null, "serves_from_bearing": 144.9, "serves_to_bearing": 54.9, "serves_quality": "good", "imagery_source": "taipei_udd_ortho_2025", "model_version": "yolo26s-obb_ep144", "src_image": "TPS_00896", "src_px": "484.4,643.6;435.9,574.0;406.7,594.3;455.2,663.9", "lat": 25.0601898, "lon": 121.5791257}, "geometry": {"type": "Point", "coordinates": [121.5791257, 25.0601898]}}, {"type": "Feature", "id": "dt_wsqqw098y", "properties": {"id": "dt_wsqqw098y", "status": "auto", "conf": 0.9614, "n_detections": 2, "heading_deg": 86.7, "length_m": 4.88, "width_m": 2.51, "corner": "NW", "intersection_id": "TPS_00243", "intersection_dist_m": 18.7, "osm_node_id": null, "serves_from_bearing": 266.7, "serves_to_bearing": 176.7, "serves_quality": "good", "imagery_source": "taipei_udd_ortho_2025", "model_version": "yolo26s-obb_ep144", "src_image": "TPS_01153", "src_px": "973.9,200.2;971.7,162.9;899.6,167.1;901.8,204.4", "lat": 25.0517458, "lon": 121.5550791}, "geometry": {"type": "Point", "coordinates": [121.5550791, 25.0517458]}}, {"type": "Feature", "id": "dt_wsqqx3ns1", "properties": {"id": "dt_wsqqx3ns1", "status": "auto", "conf": 0.9613, "n_detections": 1, "heading_deg": 95.5, "length_m": 4.22, "width_m": 2.55, "corner": "SW", "intersection_id": "TPS_00277", "intersection_dist_m": 14.3, "osm_node_id": null, "serves_from_bearing": 95.5, "serves_to_bearing": 5.5, "serves_quality": "ambiguous", "imagery_source": "taipei_udd_ortho_2025", "model_version": "yolo26s-obb_ep144", "src_image": "TPS_00277", "src_px": "625.4,711.1;629.0,673.3;566.9,667.3;563.3,705.1", "lat": 25.0550154, "lon": 121.6166488}, "geometry": {"type": "Point", "coordinates": [121.6166488, 25.0550154]}}, {"type": "Feature", "id": "dt_wsqqth5xf", "properties": {"id": "dt_wsqqth5xf", "status": "auto", "conf": 0.9613, "n_detections": 1, "heading_deg": 86.8, "length_m": 6.68, "width_m": 3.11, "corner": "NW", "intersection_id": "TPS_01092", "intersection_dist_m": 17.6, "osm_node_id": null, "serves_from_bearing": 266.8, "serves_to_bearing": 176.8, "serves_quality": "good", "imagery_source": "taipei_udd_ortho_2025", "model_version": "yolo26s-obb_ep144", "src_image": "TPS_01092", "src_px": "447.3,368.4;444.7,322.1;346.1,327.7;348.7,374.0", "lat": 25.0721719, "lon": 121.5136899}, "geometry": {"type": "Point", "coordinates": [121.5136899, 25.0721719]}}, {"type": "Feature", "id": "dt_wsqqnjj6r", "properties": {"id": "dt_wsqqnjj6r", "status": "auto", "conf": 0.9612, "n_detections": 1, "heading_deg": 154.5, "length_m": 4.54, "width_m": 2.63, "corner": "NE", "intersection_id": "TPS_00177", "intersection_dist_m": 10.6, "osm_node_id": null, "serves_from_bearing": 334.5, "serves_to_bearing": 244.5, "serves_quality": "good", "imagery_source": "taipei_udd_ortho_2025", "model_version": "yolo26s-obb_ep144", "src_image": "TPS_00177", "src_px": "740.3,387.9;711.4,326.9;676.2,343.6;705.0,404.6", "lat": 24.988792, "lon": 121.5602474}, "geometry": {"type": "Point", "coordinates": [121.5602474, 24.988792]}}, {"type": "Feature", "id": "dt_wsqqt0eb4", "properties": {"id": "dt_wsqqt0eb4", "status": "auto", "conf": 0.9612, "n_detections": 1, "heading_deg": 13.2, "length_m": 4.34, "width_m": 2.62, "corner": "NE", "intersection_id": "TPS_00772", "intersection_dist_m": 14.6, "osm_node_id": null, "serves_from_bearing": 13.2, "serves_to_bearing": 283.2, "serves_quality": "good", "imagery_source": "taipei_udd_ortho_2025", "model_version": "yolo26s-obb_ep144", "src_image": "TPS_00772", "src_px": "692.9,440.9;707.6,378.0;669.8,369.2;655.1,432.1", "lat": 25.0516113, "lon": 121.5140525}, "geometry": {"type": "Point", "coordinates": [121.5140525, 25.0516113]}}, {"type": "Feature", "id": "dt_wsqqwbr48", "properties": {"id": "dt_wsqqwbr48", "status": "auto", "conf": 0.9611, "n_detections": 1, "heading_deg": 171.9, "length_m": 5.16, "width_m": 2.54, "corner": "SW", "intersection_id": "TPS_00163", "intersection_dist_m": 38.4, "osm_node_id": null, "serves_from_bearing": 171.9, "serves_to_bearing": 81.9, "serves_quality": "good", "imagery_source": "taipei_udd_ortho_2025", "model_version": "yolo26s-obb_ep144", "src_image": "TPS_00163", "src_px": "62.0,732.9;51.2,656.9;14.0,662.2;24.7,738.2", "lat": 25.0506561, "lon": 121.5953319}, "geometry": {"type": "Point", "coordinates": [121.5953319, 25.0506561]}}, {"type": "Feature", "id": "dt_wsqqnmt7s", "properties": {"id": "dt_wsqqnmt7s", "status": "auto", "conf": 0.9611, "n_detections": 1, "heading_deg": 96.9, "length_m": 6.17, "width_m": 2.3, "corner": "NW", "intersection_id": "TPS_00217", "intersection_dist_m": 10.2, "osm_node_id": null, "serves_from_bearing": 276.9, "serves_to_bearing": 186.9, "serves_quality": "good", "imagery_source": "taipei_udd_ortho_2025", "model_version": "yolo26s-obb_ep144", "src_image": "TPS_00217", "src_px": "560.9,319.7;565.0,285.8;474.4,274.7;470.2,308.7", "lat": 24.9917899, "lon": 121.5711059}, "geometry": {"type": "Point", "coordinates": [121.5711059, 24.9917899]}}, {"type": "Feature", "id": "dt_wsqqt5eeb", "properties": {"id": "dt_wsqqt5eeb", "status": "auto", "conf": 0.9611, "n_detections": 3, "heading_deg": 87.1, "length_m": 5.13, "width_m": 2.51, "corner": "SW", "intersection_id": "TPS_02524", "intersection_dist_m": 19.1, "osm_node_id": null, "serves_from_bearing": 177.1, "serves_to_bearing": 87.1, "serves_quality": "good", "imagery_source": "taipei_udd_ortho_2025", "model_version": "yolo26s-obb_ep144", "src_image": "TPS_00465", "src_px": "69.7,140.7;67.8,103.4;-7.9,107.3;-6.0,144.6", "lat": 25.0687317, "lon": 121.5136163}, "geometry": {"type": "Point", "coordinates": [121.5136163, 25.0687317]}}, {"type": "Feature", "id": "dt_wsqqt99tt", "properties": {"id": "dt_wsqqt99tt", "status": "auto", "conf": 0.9611, "n_detections": 2, "heading_deg": 88.5, "length_m": 5.82, "width_m": 2.85, "corner": "SW", "intersection_id": "TPS_02501", "intersection_dist_m": 17.4, "osm_node_id": null, "serves_from_bearing": 178.5, "serves_to_bearing": 88.5, "serves_quality": "good", "imagery_source": "taipei_udd_ortho_2025", "model_version": "yolo26s-obb_ep144", "src_image": "TPS_02502", "src_px": "897.5,330.6;896.4,288.2;810.4,290.5;811.5,332.8", "lat": 25.0580446, "lon": 121.533051}, "geometry": {"type": "Point", "coordinates": [121.533051, 25.0580446]}}, {"type": "Feature", "id": "dt_wsqqt0muh", "properties": {"id": "dt_wsqqt0muh", "status": "auto", "conf": 0.961, "n_detections": 1, "heading_deg": 14.3, "length_m": 5.27, "width_m": 2.5, "corner": "NW", "intersection_id": "TPS_00729", "intersection_dist_m": 15.6, "osm_node_id": null, "serves_from_bearing": 194.3, "serves_to_bearing": 104.3, "serves_quality": "good", "imagery_source": "taipei_udd_ortho_2025", "model_version": "yolo26s-obb_ep144", "src_image": "TPS_00729", "src_px": "306.5,589.5;325.7,513.5;289.8,504.4;270.5,580.5", "lat": 25.050903, "lon": 121.5168854}, "geometry": {"type": "Point", "coordinates": [121.5168854, 25.050903]}}, {"type": "Feature", "id": "dt_wsqqmgt71", "properties": {"id": "dt_wsqqmgt71", "status": "auto", "conf": 0.961, "n_detections": 2, "heading_deg": 5.3, "length_m": 6.62, "width_m": 2.57, "corner": "NW", "intersection_id": "TPS_02510", "intersection_dist_m": 14.3, "osm_node_id": null, "serves_from_bearing": 275.3, "serves_to_bearing": 185.3, "serves_quality": "ambiguous", "imagery_source": "taipei_udd_ortho_2025", "model_version": "yolo26s-obb_ep144", "src_image": "TPS_02510", "src_px": "372.0,571.7;381.0,473.6;343.1,470.1;334.1,568.3", "lat": 25.0246343, "lon": 121.5490259}, "geometry": {"type": "Point", "coordinates": [121.5490259, 25.0246343]}}, {"type": "Feature", "id": "dt_wsqqksm7q", "properties": {"id": "dt_wsqqksm7q", "status": "auto", "conf": 0.9609, "n_detections": 1, "heading_deg": 80.2, "length_m": 4.2, "width_m": 2.22, "corner": "NW", "intersection_id": "TPS_00915", "intersection_dist_m": 10.7, "osm_node_id": null, "serves_from_bearing": 350.2, "serves_to_bearing": 260.2, "serves_quality": "ambiguous", "imagery_source": "taipei_udd_ortho_2025", "model_version": "yolo26s-obb_ep144", "src_image": "TPS_00915", "src_px": "451.1,304.7;445.5,272.2;384.3,282.8;390.0,315.3", "lat": 25.0288165, "lon": 121.4943063}, "geometry": {"type": "Point", "coordinates": [121.4943063, 25.0288165]}}, {"type": "Feature", "id": "dt_wsqqmwmm6", "properties": {"id": "dt_wsqqmwmm6", "status": "auto", "conf": 0.9609, "n_detections": 1, "heading_deg": 161.7, "length_m": 4.92, "width_m": 2.36, "corner": "NE", "intersection_id": "TPS_02065", "intersection_dist_m": 4.9, "osm_node_id": null, "serves_from_bearing": 71.7, "serves_to_bearing": 341.7, "serves_quality": "ambiguous", "imagery_source": "taipei_udd_ortho_2025", "model_version": "yolo26s-obb_ep144", "src_image": "TPS_02065", "src_px": "675.1,621.9;652.3,552.4;619.1,563.3;641.9,632.8", "lat": 25.0401444, "lon": 121.5380621}, "geometry": {"type": "Point", "coordinates": [121.5380621, 25.0401444]}}, {"type": "Feature", "id": "dt_wsqqt45tf", "properties": {"id": "dt_wsqqt45tf", "status": "auto", "conf": 0.9608, "n_detections": 1, "heading_deg": 175.3, "length_m": 4.52, "width_m": 2.63, "corner": "NE", "intersection_id": "TPS_00319", "intersection_dist_m": 15.5, "osm_node_id": null, "serves_from_bearing": 355.3, "serves_to_bearing": 265.3, "serves_quality": "good", "imagery_source": "taipei_udd_ortho_2025", "model_version": "yolo26s-obb_ep144", "src_image": "TPS_00319", "src_px": "672.3,380.9;666.8,313.8;628.0,317.0;633.6,384.1", "lat": 25.0608203, "lon": 121.5136882}, "geometry": {"type": "Point", "coordinates": [121.5136882, 25.0608203]}}, {"type": "Feature", "id": "dt_wsqqv236p", "properties": {"id": "dt_wsqqv236p", "status": "auto", "conf": 0.9608, "n_detections": 1, "heading_deg": 72.7, "length_m": 4.86, "width_m": 2.44, "corner": "NW", "intersection_id": "TPS_00510", "intersection_dist_m": 14.5, "osm_node_id": null, "serves_from_bearing": 252.7, "serves_to_bearing": 162.7, "serves_quality": "good", "imagery_source": "taipei_udd_ortho_2025", "model_version": "yolo26s-obb_ep144", "src_image": "TPS_00510", "src_px": "497.8,456.0;486.9,421.3;418.3,442.8;429.2,477.5", "lat": 25.0944984, "lon": 121.5217992}, "geometry": {"type": "Point", "coordinates": [121.5217992, 25.0944984]}}, {"type": "Feature", "id": "dt_wsqqx77n5", "properties": {"id": "dt_wsqqx77n5", "status": "auto", "conf": 0.9608, "n_detections": 1, "heading_deg": 26.4, "length_m": 5.08, "width_m": 2.54, "corner": "SE", "intersection_id": "TPS_00861", "intersection_dist_m": 14.2, "osm_node_id": null, "serves_from_bearing": 26.4, "serves_to_bearing": 296.4, "serves_quality": "good", "imagery_source": "taipei_udd_ortho_2025", "model_version": "yolo26s-obb_ep144", "src_image": "TPS_00861", "src_px": "751.4,523.3;784.8,455.5;751.1,438.9;717.7,506.7", "lat": 25.0677374, "lon": 121.6119463}, "geometry": {"type": "Point", "coordinates": [121.6119463, 25.0677374]}}, {"type": "Feature", "id": "dt_wsqqqrqhk", "properties": {"id": "dt_wsqqqrqhk", "status": "auto", "conf": 0.9607, "n_detections": 1, "heading_deg": 87.5, "length_m": 4.58, "width_m": 2.29, "corner": "SE", "intersection_id": "TPS_00722", "intersection_dist_m": 13.6, "osm_node_id": null, "serves_from_bearing": 87.5, "serves_to_bearing": 357.5, "serves_quality": "good", "imagery_source": "taipei_udd_ortho_2025", "model_version": "yolo26s-obb_ep144", "src_image": "TPS_00722", "src_px": "551.9,784.7;550.4,750.6;482.8,753.6;484.3,787.7", "lat": 25.0454805, "lon": 121.5721357}, "geometry": {"type": "Point", "coordinates": [121.5721357, 25.0454805]}}, {"type": "Feature", "id": "dt_wsqqt55ev", "properties": {"id": "dt_wsqqt55ev", "status": "auto", "conf": 0.9606, "n_detections": 1, "heading_deg": 179.7, "length_m": 4.97, "width_m": 2.55, "corner": "NE", "intersection_id": "TPS_00354", "intersection_dist_m": 15.3, "osm_node_id": null, "serves_from_bearing": 359.7, "serves_to_bearing": 269.7, "serves_quality": "ambiguous", "imagery_source": "taipei_udd_ortho_2025", "model_version": "yolo26s-obb_ep144", "src_image": "TPS_00354", "src_px": "648.8,640.5;648.4,566.5;610.7,566.7;611.1,640.7", "lat": 25.0659525, "lon": 121.5138462}, "geometry": {"type": "Point", "coordinates": [121.5138462, 25.0659525]}}, {"type": "Feature", "id": "dt_wsqquufdf", "properties": {"id": "dt_wsqquufdf", "status": "auto", "conf": 0.9606, "n_detections": 1, "heading_deg": 134.5, "length_m": 3.62, "width_m": 2.43, "corner": "SW", "intersection_id": "TPS_00550", "intersection_dist_m": 22.6, "osm_node_id": null, "serves_from_bearing": 134.5, "serves_to_bearing": 44.5, "serves_quality": "good", "imagery_source": "taipei_udd_ortho_2025", "model_version": "yolo26s-obb_ep144", "src_image": "TPS_00550", "src_px": "478.4,722.3;440.2,684.5;414.9,710.1;453.2,747.9", "lat": 25.1193626, "lon": 121.5013638}, "geometry": {"type": "Point", "coordinates": [121.5013638, 25.1193626]}}, {"type": "Feature", "id": "dt_wsqqtc19u", "properties": {"id": "dt_wsqqtc19u", "status": "auto", "conf": 0.9606, "n_detections": 1, "heading_deg": 89.3, "length_m": 7.0, "width_m": 2.82, "corner": "NW", "intersection_id": "TPS_00650", "intersection_dist_m": 13.1, "osm_node_id": null, "serves_from_bearing": 269.3, "serves_to_bearing": 179.3, "serves_quality": "good", "imagery_source": "taipei_udd_ortho_2025", "model_version": "yolo26s-obb_ep144", "src_image": "TPS_00650", "src_px": "345.3,281.8;344.8,239.8;241.3,241.0;241.8,283.0", "lat": 25.0546533, "lon": 121.5440047}, "geometry": {"type": "Point", "coordinates": [121.5440047, 25.0546533]}}, {"type": "Feature", "id": "dt_wsqqqrwje", "properties": {"id": "dt_wsqqqrwje", "status": "auto", "conf": 0.9606, "n_detections": 1, "heading_deg": 64.1, "length_m": 5.39, "width_m": 2.94, "corner": "NW", "intersection_id": "TPS_00723", "intersection_dist_m": 17.2, "osm_node_id": null, "serves_from_bearing": 334.1, "serves_to_bearing": 244.1, "serves_quality": "good", "imagery_source": "taipei_udd_ortho_2025", "model_version": "yolo26s-obb_ep144", "src_image": "TPS_00723", "src_px": "540.2,272.5;520.9,233.3;449.2,268.4;468.5,307.7", "lat": 25.0470276, "lon": 121.5721205}, "geometry": {"type": "Point", "coordinates": [121.5721205, 25.0470276]}}, {"type": "Feature", "id": "dt_wsqqme1zc", "properties": {"id": "dt_wsqqme1zc", "status": "auto", "conf": 0.9606, "n_detections": 1, "heading_deg": 84.2, "length_m": 2.91, "width_m": 2.08, "corner": "NW", "intersection_id": "TPS_02271", "intersection_dist_m": 5.0, "osm_node_id": null, "serves_from_bearing": 354.2, "serves_to_bearing": 264.2, "serves_quality": "ambiguous", "imagery_source": "taipei_udd_ortho_2025", "model_version": "yolo26s-obb_ep144", "src_image": "TPS_02271", "src_px": "619.8,389.9;616.7,359.1;573.9,363.5;577.0,394.2", "lat": 25.0226998, "lon": 121.5332219}, "geometry": {"type": "Point", "coordinates": [121.5332219, 25.0226998]}}, {"type": "Feature", "id": "dt_wsqqqpxrv", "properties": {"id": "dt_wsqqqpxrv", "status": "auto", "conf": 0.9605, "n_detections": 2, "heading_deg": 91.8, "length_m": 3.14, "width_m": 2.72, "corner": "SW", "intersection_id": "TPS_01133", "intersection_dist_m": 12.8, "osm_node_id": null, "serves_from_bearing": 181.8, "serves_to_bearing": 91.8, "serves_quality": "good", "imagery_source": "taipei_udd_ortho_2025", "model_version": "yolo26s-obb_ep144", "src_image": "TPS_01133", "src_px": "385.0,616.6;386.3,576.1;339.9,574.6;338.6,615.0", "lat": 25.0474522, "lon": 121.5629338}, "geometry": {"type": "Point", "coordinates": [121.5629338, 25.0474522]}}, {"type": "Feature", "id": "dt_wsqqtdh69", "properties": {"id": "dt_wsqqtdh69", "status": "auto", "conf": 0.9605, "n_detections": 1, "heading_deg": 177.4, "length_m": 3.45, "width_m": 2.39, "corner": "SW", "intersection_id": "TPS_01470", "intersection_dist_m": 7.9, "osm_node_id": null, "serves_from_bearing": 177.4, "serves_to_bearing": 87.4, "serves_quality": "ambiguous", "imagery_source": "taipei_udd_ortho_2025", "model_version": "yolo26s-obb_ep144", "src_image": "TPS_01470", "src_px": "363.2,521.9;360.9,470.6;325.6,472.2;327.9,523.6", "lat": 25.0602638, "lon": 121.5366575}, "geometry": {"type": "Point", "coordinates": [121.5366575, 25.0602638]}}, {"type": "Feature", "id": "dt_wsqqv2tcf", "properties": {"id": "dt_wsqqv2tcf", "status": "auto", "conf": 0.9603, "n_detections": 2, "heading_deg": 75.5, "length_m": 5.95, "width_m": 2.51, "corner": "NW", "intersection_id": "TPS_00016", "intersection_dist_m": 18.7, "osm_node_id": null, "serves_from_bearing": 255.5, "serves_to_bearing": 165.5, "serves_quality": "good", "imagery_source": "taipei_udd_ortho_2025", "model_version": "yolo26s-obb_ep144", "src_image": "TPS_00016", "src_px": "445.9,269.7;436.4,233.6;351.2,255.8;360.6,291.9", "lat": 25.0958554, "lon": 121.5277674}, "geometry": {"type": "Point", "coordinates": [121.5277674, 25.0958554]}}, {"type": "Feature", "id": "dt_wsqqtkb1e", "properties": {"id": "dt_wsqqtkb1e", "status": "auto", "conf": 0.9603, "n_detections": 1, "heading_deg": 14.5, "length_m": 4.09, "width_m": 2.84, "corner": "SW", "intersection_id": "TPS_00139", "intersection_dist_m": 22.4, "osm_node_id": null, "serves_from_bearing": 194.5, "serves_to_bearing": 104.5, "serves_quality": "good", "imagery_source": "taipei_udd_ortho_2025", "model_version": "yolo26s-obb_ep144", "src_image": "TPS_00139", "src_px": "235.9,519.3;251.0,460.3;210.3,450.0;195.3,509.0", "lat": 25.0751986, "lon": 121.519925}, "geometry": {"type": "Point", "coordinates": [121.519925, 25.0751986]}}, {"type": "Feature", "id": "dt_wsqqt2sh1", "properties": {"id": "dt_wsqqt2sh1", "status": "auto", "conf": 0.9603, "n_detections": 1, "heading_deg": 90.5, "length_m": 5.84, "width_m": 2.38, "corner": "NW", "intersection_id": "TPS_00146", "intersection_dist_m": 16.3, "osm_node_id": null, "serves_from_bearing": 270.5, "serves_to_bearing": 180.5, "serves_quality": "good", "imagery_source": "taipei_udd_ortho_2025", "model_version": "yolo26s-obb_ep144", "src_image": "TPS_00146", "src_px": "417.3,374.6;417.6,339.2;331.3,338.5;331.0,373.9", "lat": 25.0522628, "lon": 121.5253479}, "geometry": {"type": "Point", "coordinates": [121.5253479, 25.0522628]}}, {"type": "Feature", "id": "dt_wsqqmx3wq", "properties": {"id": "dt_wsqqmx3wq", "status": "auto", "conf": 0.9602, "n_detections": 1, "heading_deg": 178.2, "length_m": 3.99, "width_m": 2.58, "corner": "NE", "intersection_id": "TPS_00003", "intersection_dist_m": 26.4, "osm_node_id": null, "serves_from_bearing": 358.2, "serves_to_bearing": 268.2, "serves_quality": "good", "imagery_source": "taipei_udd_ortho_2025", "model_version": "yolo26s-obb_ep144", "src_image": "TPS_00003", "src_px": "926.5,295.4;924.6,236.0;886.5,237.2;888.5,296.7", "lat": 25.045786, "lon": 121.5330862}, "geometry": {"type": "Point", "coordinates": [121.5330862, 25.045786]}}, {"type": "Feature", "id": "dt_wsqqwt96n", "properties": {"id": "dt_wsqqwt96n", "status": "auto", "conf": 0.9602, "n_detections": 1, "heading_deg": 23.0, "length_m": 4.15, "width_m": 2.52, "corner": "SW", "intersection_id": "TPS_00108", "intersection_dist_m": 16.8, "osm_node_id": null, "serves_from_bearing": 203.0, "serves_to_bearing": 113.0, "serves_quality": "good", "imagery_source": "taipei_udd_ortho_2025", "model_version": "yolo26s-obb_ep144", "src_image": "TPS_00108", "src_px": "167.1,514.4;191.1,457.6;156.7,443.1;132.8,499.9", "lat": 25.0794002, "lon": 121.5767039}, "geometry": {"type": "Point", "coordinates": [121.5767039, 25.0794002]}}, {"type": "Feature", "id": "dt_wsqqm5v3n", "properties": {"id": "dt_wsqqm5v3n", "status": "auto", "conf": 0.9602, "n_detections": 1, "heading_deg": 167.0, "length_m": 5.68, "width_m": 2.32, "corner": "NW", "intersection_id": "TPS_00491", "intersection_dist_m": 11.5, "osm_node_id": null, "serves_from_bearing": 257.0, "serves_to_bearing": 167.0, "serves_quality": "good", "imagery_source": "taipei_udd_ortho_2025", "model_version": "yolo26s-obb_ep144", "src_image": "TPS_00491", "src_px": "415.6,602.5;396.7,520.1;363.2,527.8;382.1,610.2", "lat": 25.0256962, "lon": 121.51626}, "geometry": {"type": "Point", "coordinates": [121.51626, 25.0256962]}}, {"type": "Feature", "id": "dt_wsqqmuc2t", "properties": {"id": "dt_wsqqmuc2t", "status": "auto", "conf": 0.9602, "n_detections": 1, "heading_deg": 179.3, "length_m": 3.88, "width_m": 2.73, "corner": "NE", "intersection_id": "TPS_00590", "intersection_dist_m": 14.2, "osm_node_id": null, "serves_from_bearing": 359.3, "serves_to_bearing": 269.3, "serves_quality": "ambiguous", "imagery_source": "taipei_udd_ortho_2025", "model_version": "yolo26s-obb_ep144", "src_image": "TPS_00590", "src_px": "631.4,425.7;630.7,367.9;590.4,368.4;591.1,426.2", "lat": 25.0310868, "lon": 121.5437026}, "geometry": {"type": "Point", "coordinates": [121.5437026, 25.0310868]}}, {"type": "Feature", "id": "dt_wsqqt57eq", "properties": {"id": "dt_wsqqt57eq", "status": "auto", "conf": 0.9602, "n_detections": 1, "heading_deg": 175.7, "length_m": 4.31, "width_m": 2.55, "corner": "NE", "intersection_id": "TPS_00804", "intersection_dist_m": 15.4, "osm_node_id": null, "serves_from_bearing": 355.7, "serves_to_bearing": 265.7, "serves_quality": "ambiguous", "imagery_source": "taipei_udd_ortho_2025", "model_version": "yolo26s-obb_ep144", "src_image": "TPS_00804", "src_px": "688.1,516.2;683.3,452.2;645.7,455.0;650.4,519.0", "lat": 25.0672681, "lon": 121.5138711}, "geometry": {"type": "Point", "coordinates": [121.5138711, 25.0672681]}}, {"type": "Feature", "id": "dt_wsqqkvwmr", "properties": {"id": "dt_wsqqkvwmr", "status": "auto", "conf": 0.9602, "n_detections": 1, "heading_deg": 14.2, "length_m": 4.49, "width_m": 2.24, "corner": "SE", "intersection_id": "TPS_00908", "intersection_dist_m": 19.1, "osm_node_id": null, "serves_from_bearing": 14.2, "serves_to_bearing": 284.2, "serves_quality": "ambiguous", "imagery_source": "taipei_udd_ortho_2025", "model_version": "yolo26s-obb_ep144", "src_image": "TPS_00908", "src_px": "771.5,493.3;787.8,428.5;755.6,420.4;739.3,485.2", "lat": 25.0360276, "lon": 121.5067261}, "geometry": {"type": "Point", "coordinates": [121.5067261, 25.0360276]}}, {"type": "Feature", "id": "dt_wsqqmh2ps", "properties": {"id": "dt_wsqqmh2ps", "status": "auto", "conf": 0.9601, "n_detections": 1, "heading_deg": 17.9, "length_m": 5.1, "width_m": 2.72, "corner": "NE", "intersection_id": "TPS_00824", "intersection_dist_m": 10.1, "osm_node_id": null, "serves_from_bearing": 17.9, "serves_to_bearing": 287.9, "serves_quality": "good", "imagery_source": "taipei_udd_ortho_2025", "model_version": "yolo26s-obb_ep144", "src_image": "TPS_00824", "src_px": "562.1,431.2;585.2,359.0;546.9,346.7;523.7,419.0", "lat": 25.0295363, "lon": 121.5089892}, "geometry": {"type": "Point", "coordinates": [121.5089892, 25.0295363]}}, {"type": "Feature", "id": "dt_wsqqt2s5u", "properties": {"id": "dt_wsqqt2s5u", "status": "auto", "conf": 0.96, "n_detections": 1, "heading_deg": 4.8, "length_m": 4.93, "width_m": 2.25, "corner": "NE", "intersection_id": "TPS_00146", "intersection_dist_m": 15.8, "osm_node_id": null, "serves_from_bearing": 4.8, "serves_to_bearing": 274.8, "serves_quality": "good", "imagery_source": "taipei_udd_ortho_2025", "model_version": "yolo26s-obb_ep144", "src_image": "TPS_00146", "src_px": "587.8,453.6;593.9,380.5;560.7,377.7;554.7,450.9", "lat": 25.0522269, "lon": 121.525482}, "geometry": {"type": "Point", "coordinates": [121.525482, 25.0522269]}}, {"type": "Feature", "id": "dt_wsqqte1xn", "properties": {"id": "dt_wsqqte1xn", "status": "auto", "conf": 0.9599, "n_detections": 1, "heading_deg": 178.1, "length_m": 3.91, "width_m": 2.37, "corner": "SW", "intersection_id": "TPS_00076", "intersection_dist_m": 18.8, "osm_node_id": null, "serves_from_bearing": 178.1, "serves_to_bearing": 88.1, "serves_quality": "good", "imagery_source": "taipei_udd_ortho_2025", "model_version": "yolo26s-obb_ep144", "src_image": "TPS_00076", "src_px": "195.0,729.6;193.1,671.4;158.0,672.5;159.8,730.7", "lat": 25.0665153, "lon": 121.5331117}, "geometry": {"type": "Point", "coordinates": [121.5331117, 25.0665153]}}, {"type": "Feature", "id": "dt_wsqqnjj69", "properties": {"id": "dt_wsqqnjj69", "status": "auto", "conf": 0.9599, "n_detections": 1, "heading_deg": 87.8, "length_m": 4.58, "width_m": 2.6, "corner": "NW", "intersection_id": "TPS_00177", "intersection_dist_m": 18.8, "osm_node_id": null, "serves_from_bearing": 267.8, "serves_to_bearing": 177.8, "serves_quality": "good", "imagery_source": "taipei_udd_ortho_2025", "model_version": "yolo26s-obb_ep144", "src_image": "TPS_00177", "src_px": "414.9,309.7;413.4,271.0;345.7,273.6;347.2,312.3", "lat": 24.988837, "lon": 121.5600275}, "geometry": {"type": "Point", "coordinates": [121.5600275, 24.988837]}}, {"type": "Feature", "id": "dt_wsqqktxcf", "properties": {"id": "dt_wsqqktxcf", "status": "auto", "conf": 0.9599, "n_detections": 1, "heading_deg": 91.4, "length_m": 4.42, "width_m": 2.32, "corner": "NW", "intersection_id": "TPS_00350", "intersection_dist_m": 15.5, "osm_node_id": null, "serves_from_bearing": 271.4, "serves_to_bearing": 181.4, "serves_quality": "good", "imagery_source": "taipei_udd_ortho_2025", "model_version": "yolo26s-obb_ep144", "src_image": "TPS_00350", "src_px": "418.1,428.9;418.9,394.4;353.6,392.8;352.8,427.3", "lat": 25.0354334, "lon": 121.4975465}, "geometry": {"type": "Point", "coordinates": [121.4975465, 25.0354334]}}, {"type": "Feature", "id": "dt_wsqqjxnq9", "properties": {"id": "dt_wsqqjxnq9", "status": "auto", "conf": 0.9599, "n_detections": 1, "heading_deg": 160.6, "length_m": 3.41, "width_m": 2.54, "corner": "NW", "intersection_id": "TPS_00359", "intersection_dist_m": 27.5, "osm_node_id": null, "serves_from_bearing": 250.6, "serves_to_bearing": 160.6, "serves_quality": "good", "imagery_source": "taipei_udd_ortho_2025", "model_version": "yolo26s-obb_ep144", "src_image": "TPS_00359", "src_px": "127.3,538.9;110.5,491.0;75.0,503.4;91.8,551.3", "lat": 25.000522, "lon": 121.5394126}, "geometry": {"type": "Point", "coordinates": [121.5394126, 25.000522]}}, {"type": "Feature", "id": "dt_wsqqmy9w6", "properties": {"id": "dt_wsqqmy9w6", "status": "auto", "conf": 0.9598, "n_detections": 1, "heading_deg": 4.0, "length_m": 5.44, "width_m": 2.71, "corner": "NE", "intersection_id": "TPS_00105", "intersection_dist_m": 18.3, "osm_node_id": null, "serves_from_bearing": 4.0, "serves_to_bearing": 274.0, "serves_quality": "good", "imagery_source": "taipei_udd_ortho_2025", "model_version": "yolo26s-obb_ep144", "src_image": "TPS_00105", "src_px": "720.0,375.4;725.6,294.6;685.6,291.8;680.1,372.7", "lat": 25.0417015, "lon": 121.5439359}, "geometry": {"type": "Point", "coordinates": [121.5439359, 25.0417015]}}, {"type": "Feature", "id": "dt_wsqqv8ydj", "properties": {"id": "dt_wsqqv8ydj", "status": "auto", "conf": 0.9598, "n_detections": 1, "heading_deg": 90.9, "length_m": 3.29, "width_m": 1.96, "corner": "SE", "intersection_id": "TPS_00457", "intersection_dist_m": 9.9, "osm_node_id": null, "serves_from_bearing": 90.9, "serves_to_bearing": 0.9, "serves_quality": "ambiguous", "imagery_source": "taipei_udd_ortho_2025", "model_version": "yolo26s-obb_ep144", "src_image": "TPS_00457", "src_px": "606.1,559.2;606.5,530.0;557.9,529.2;557.4,558.4", "lat": 25.097239, "lon": 121.5399067}, "geometry": {"type": "Point", "coordinates": [121.5399067, 25.097239]}}, {"type": "Feature", "id": "dt_wsqqujs8r", "properties": {"id": "dt_wsqqujs8r", "status": "auto", "conf": 0.9598, "n_detections": 1, "heading_deg": 99.5, "length_m": 7.12, "width_m": 2.64, "corner": "NW", "intersection_id": "TPS_00502", "intersection_dist_m": 22.5, "osm_node_id": null, "serves_from_bearing": 279.5, "serves_to_bearing": 189.5, "serves_quality": "good", "imagery_source": "taipei_udd_ortho_2025", "model_version": "yolo26s-obb_ep144", "src_image": "TPS_00502", "src_px": "549.8,269.6;556.4,230.9;452.6,213.4;446.0,252.1", "lat": 25.1230701, "lon": 121.4713596}, "geometry": {"type": "Point", "coordinates": [121.4713596, 25.1230701]}}, {"type": "Feature", "id": "dt_wsqqqkgm2", "properties": {"id": "dt_wsqqqkgm2", "status": "auto", "conf": 0.9597, "n_detections": 1, "heading_deg": 179.1, "length_m": 4.5, "width_m": 2.53, "corner": "SW", "intersection_id": "TPS_00633", "intersection_dist_m": 10.2, "osm_node_id": null, "serves_from_bearing": 179.1, "serves_to_bearing": 89.1, "serves_quality": "ambiguous", "imagery_source": "taipei_udd_ortho_2025", "model_version": "yolo26s-obb_ep144", "src_image": "TPS_00633", "src_px": "295.5,644.5;294.5,577.5;257.1,578.1;258.1,645.1", "lat": 25.0318898, "lon": 121.5681975}, "geometry": {"type": "Point", "coordinates": [121.5681975, 25.0318898]}}, {"type": "Feature", "id": "dt_wsqqxn93x", "properties": {"id": "dt_wsqqxn93x", "status": "auto", "conf": 0.9596, "n_detections": 1, "heading_deg": 87.4, "length_m": 4.01, "width_m": 1.94, "corner": "NE", "intersection_id": "TPS_01027", "intersection_dist_m": 13.1, "osm_node_id": null, "serves_from_bearing": 357.4, "serves_to_bearing": 267.4, "serves_quality": "good", "imagery_source": "taipei_udd_ortho_2025", "model_version": "yolo26s-obb_ep144", "src_image": "TPS_01027", "src_px": "539.5,303.3;538.2,274.5;478.9,277.2;480.1,305.9", "lat": 25.0848008, "lon": 121.5987377}, "geometry": {"type": "Point", "coordinates": [121.5987377, 25.0848008]}}, {"type": "Feature", "id": "dt_wsqqt0d4w", "properties": {"id": "dt_wsqqt0d4w", "status": "auto", "conf": 0.9596, "n_detections": 1, "heading_deg": 0.3, "length_m": 4.63, "width_m": 2.41, "corner": "SW", "intersection_id": "TPS_01586", "intersection_dist_m": 5.2, "osm_node_id": null, "serves_from_bearing": 180.3, "serves_to_bearing": 90.3, "serves_quality": "ambiguous", "imagery_source": "taipei_udd_ortho_2025", "model_version": "yolo26s-obb_ep144", "src_image": "TPS_01586", "src_px": "421.9,522.0;422.3,453.0;386.6,452.8;386.3,521.9", "lat": 25.0520278, "lon": 121.5118067}, "geometry": {"type": "Point", "coordinates": [121.5118067, 25.0520278]}}, {"type": "Feature", "id": "dt_wsqqmqzrp", "properties": {"id": "dt_wsqqmqzrp", "status": "auto", "conf": 0.9594, "n_detections": 1, "heading_deg": 17.8, "length_m": 5.64, "width_m": 2.35, "corner": "SE", "intersection_id": "TPS_00007", "intersection_dist_m": 21.0, "osm_node_id": null, "serves_from_bearing": 107.8, "serves_to_bearing": 17.8, "serves_quality": "good", "imagery_source": "taipei_udd_ortho_2025", "model_version": "yolo26s-obb_ep144", "src_image": "TPS_00007", "src_px": "714.3,780.6;739.8,700.6;706.7,690.0;681.1,770.0", "lat": 25.0431682, "lon": 121.5300365}, "geometry": {"type": "Point", "coordinates": [121.5300365, 25.0431682]}}, {"type": "Feature", "id": "dt_wsqqmhj34", "properties": {"id": "dt_wsqqmhj34", "status": "auto", "conf": 0.9594, "n_detections": 1, "heading_deg": 81.3, "length_m": 5.0, "width_m": 2.88, "corner": "SE", "intersection_id": "TPS_00104", "intersection_dist_m": 26.0, "osm_node_id": null, "serves_from_bearing": 81.3, "serves_to_bearing": 351.3, "serves_quality": "good", "imagery_source": "taipei_udd_ortho_2025", "model_version": "yolo26s-obb_ep144", "src_image": "TPS_00104", "src_px": "733.8,905.3;727.3,862.9;654.2,874.2;660.7,916.6", "lat": 25.0270544, "lon": 121.5161209}, "geometry": {"type": "Point", "coordinates": [121.5161209, 25.0270544]}}, {"type": "Feature", "id": "dt_wsqqt5edy", "properties": {"id": "dt_wsqqt5edy", "status": "auto", "conf": 0.9594, "n_detections": 1, "heading_deg": 89.7, "length_m": 4.28, "width_m": 2.45, "corner": "SW", "intersection_id": "TPS_00465", "intersection_dist_m": 2.1, "osm_node_id": null, "serves_from_bearing": 179.7, "serves_to_bearing": 89.7, "serves_quality": "ambiguous", "imagery_source": "taipei_udd_ortho_2025", "model_version": "yolo26s-obb_ep144", "src_image": "TPS_00465", "src_px": "438.6,475.4;438.5,438.9;375.2,439.2;375.3,475.7", "lat": 25.0685293, "lon": 121.5138684}, "geometry": {"type": "Point", "coordinates": [121.5138684, 25.0685293]}}, {"type": "Feature", "id": "dt_wsqqwnrc6", "properties": {"id": "dt_wsqqwnrc6", "status": "auto", "conf": 0.9593, "n_detections": 1, "heading_deg": 116.0, "length_m": 3.64, "width_m": 2.58, "corner": "NW", "intersection_id": "TPS_00967", "intersection_dist_m": 15.7, "osm_node_id": null, "serves_from_bearing": 296.0, "serves_to_bearing": 206.0, "serves_quality": "good", "imagery_source": "taipei_udd_ortho_2025", "model_version": "yolo26s-obb_ep144", "src_image": "TPS_00967", "src_px": "407.8,315.4;424.7,281.0;376.3,257.2;359.3,291.5", "lat": 25.0834039, "lon": 121.5634686}, "geometry": {"type": "Point", "coordinates": [121.5634686, 25.0834039]}}, {"type": "Feature", "id": "dt_wsqqtc876", "properties": {"id": "dt_wsqqtc876", "status": "auto", "conf": 0.9592, "n_detections": 1, "heading_deg": 86.8, "length_m": 3.47, "width_m": 2.31, "corner": "SE", "intersection_id": "TPS_00652", "intersection_dist_m": 16.7, "osm_node_id": null, "serves_from_bearing": 86.8, "serves_to_bearing": 356.8, "serves_quality": "good", "imagery_source": "taipei_udd_ortho_2025", "model_version": "yolo26s-obb_ep144", "src_image": "TPS_00652", "src_px": "709.7,704.6;707.7,670.3;656.5,673.2;658.4,707.5", "lat": 25.0576592, "lon": 121.5422061}, "geometry": {"type": "Point", "coordinates": [121.5422061, 25.0576592]}}, {"type": "Feature", "id": "dt_wsqqt7w10", "properties": {"id": "dt_wsqqt7w10", "status": "auto", "conf": 0.9592, "n_detections": 1, "heading_deg": 93.3, "length_m": 4.14, "width_m": 2.24, "corner": "SW", "intersection_id": "TPS_01223", "intersection_dist_m": 9.7, "osm_node_id": null, "serves_from_bearing": 183.3, "serves_to_bearing": 93.3, "serves_quality": "good", "imagery_source": "taipei_udd_ortho_2025", "model_version": "yolo26s-obb_ep144", "src_image": "TPS_01223", "src_px": "334.9,441.2;336.8,407.9;275.7,404.4;273.8,437.7", "lat": 25.0682393, "lon": 121.5280482}, "geometry": {"type": "Point", "coordinates": [121.5280482, 25.0682393]}}, {"type": "Feature", "id": "dt_wsqqw437k", "properties": {"id": "dt_wsqqw437k", "status": "auto", "conf": 0.9591, "n_detections": 1, "heading_deg": 80.9, "length_m": 4.26, "width_m": 2.23, "corner": "SE", "intersection_id": "TPS_00079", "intersection_dist_m": 18.6, "osm_node_id": null, "serves_from_bearing": 80.9, "serves_to_bearing": 350.9, "serves_quality": "good", "imagery_source": "taipei_udd_ortho_2025", "model_version": "yolo26s-obb_ep144", "src_image": "TPS_00079", "src_px": "587.7,847.2;582.4,814.5;520.2,824.5;525.5,857.3", "lat": 25.0617685, "lon": 121.5546508}, "geometry": {"type": "Point", "coordinates": [121.5546508, 25.0617685]}}, {"type": "Feature", "id": "dt_wsqqqxbys", "properties": {"id": "dt_wsqqqxbys", "status": "auto", "conf": 0.9591, "n_detections": 1, "heading_deg": 104.4, "length_m": 4.13, "width_m": 2.52, "corner": "NW", "intersection_id": "TPS_00735", "intersection_dist_m": 20.7, "osm_node_id": null, "serves_from_bearing": 284.4, "serves_to_bearing": 194.4, "serves_quality": "good", "imagery_source": "taipei_udd_ortho_2025", "model_version": "yolo26s-obb_ep144", "src_image": "TPS_00735", "src_px": "281.6,291.1;291.0,254.8;231.8,239.5;222.4,275.7", "lat": 25.0485859, "lon": 121.5759091}, "geometry": {"type": "Point", "coordinates": [121.5759091, 25.0485859]}}, {"type": "Feature", "id": "dt_wsqqt3snm", "properties": {"id": "dt_wsqqt3snm", "status": "auto", "conf": 0.9591, "n_detections": 1, "heading_deg": 87.8, "length_m": 5.73, "width_m": 2.57, "corner": "NW", "intersection_id": "TPS_01574", "intersection_dist_m": 11.5, "osm_node_id": null, "serves_from_bearing": 267.8, "serves_to_bearing": 177.8, "serves_quality": "good", "imagery_source": "taipei_udd_ortho_2025", "model_version": "yolo26s-obb_ep144", "src_image": "TPS_01574", "src_px": "622.5,403.7;621.0,365.5;536.4,368.8;537.9,407.1", "lat": 25.0581541, "lon": 121.5254854}, "geometry": {"type": "Point", "coordinates": [121.5254854, 25.0581541]}}, {"type": "Feature", "id": "dt_wsqqmqp50", "properties": {"id": "dt_wsqqmqp50", "status": "auto", "conf": 0.959, "n_detections": 1, "heading_deg": 87.7, "length_m": 3.58, "width_m": 2.04, "corner": "NE", "intersection_id": "TPS_00316", "intersection_dist_m": 16.3, "osm_node_id": null, "serves_from_bearing": 357.7, "serves_to_bearing": 267.7, "serves_quality": "good", "imagery_source": "taipei_udd_ortho_2025", "model_version": "yolo26s-obb_ep144", "src_image": "TPS_00316", "src_px": "589.9,183.7;588.7,153.4;535.8,155.5;537.0,185.8", "lat": 25.0383795, "lon": 121.5294225}, "geometry": {"type": "Point", "coordinates": [121.5294225, 25.0383795]}}, {"type": "Feature", "id": "dt_wsqqtdcuv", "properties": {"id": "dt_wsqqtdcuv", "status": "auto", "conf": 0.959, "n_detections": 1, "heading_deg": 178.6, "length_m": 4.11, "width_m": 2.34, "corner": "NW", "intersection_id": "TPS_01198", "intersection_dist_m": 13.1, "osm_node_id": null, "serves_from_bearing": 268.6, "serves_to_bearing": 178.6, "serves_quality": "ambiguous", "imagery_source": "taipei_udd_ortho_2025", "model_version": "yolo26s-obb_ep144", "src_image": "TPS_01198", "src_px": "397.8,309.1;396.3,247.9;361.7,248.7;363.2,309.9", "lat": 25.0647503, "lon": 121.5334196}, "geometry": {"type": "Point", "coordinates": [121.5334196, 25.0647503]}}, {"type": "Feature", "id": "dt_wsqqwjxpg", "properties": {"id": "dt_wsqqwjxpg", "status": "auto", "conf": 0.9589, "n_detections": 1, "heading_deg": 146.9, "length_m": 3.09, "width_m": 2.99, "corner": "SW", "intersection_id": "TPS_00002", "intersection_dist_m": 18.0, "osm_node_id": null, "serves_from_bearing": 236.9, "serves_to_bearing": 146.9, "serves_quality": "good", "imagery_source": "taipei_udd_ortho_2025", "model_version": "yolo26s-obb_ep144", "src_image": "TPS_00002", "src_px": "284.6,636.9;259.6,598.3;222.5,622.4;247.5,660.9", "lat": 25.0803969, "lon": 121.5625174}, "geometry": {"type": "Point", "coordinates": [121.5625174, 25.0803969]}}, {"type": "Feature", "id": "dt_wsqqt6d0m", "properties": {"id": "dt_wsqqt6d0m", "status": "auto", "conf": 0.9588, "n_detections": 1, "heading_deg": 77.5, "length_m": 5.64, "width_m": 2.64, "corner": "SE", "intersection_id": "TPS_00049", "intersection_dist_m": 23.7, "osm_node_id": null, "serves_from_bearing": 77.5, "serves_to_bearing": 347.5, "serves_quality": "good", "imagery_source": "taipei_udd_ortho_2025", "model_version": "yolo26s-obb_ep144", "src_image": "TPS_00049", "src_px": "684.7,743.0;676.2,704.6;594.8,722.7;603.3,761.1", "lat": 25.0626086, "lon": 121.5227793}, "geometry": {"type": "Point", "coordinates": [121.5227793, 25.0626086]}}, {"type": "Feature", "id": "dt_wsqqv6eb6", "properties": {"id": "dt_wsqqv6eb6", "status": "auto", "conf": 0.9588, "n_detections": 1, "heading_deg": 2.2, "length_m": 4.03, "width_m": 2.68, "corner": "NE", "intersection_id": "TPS_00511", "intersection_dist_m": 15.3, "osm_node_id": null, "serves_from_bearing": 2.2, "serves_to_bearing": 272.2, "serves_quality": "good", "imagery_source": "taipei_udd_ortho_2025", "model_version": "yolo26s-obb_ep144", "src_image": "TPS_00511", "src_px": "665.4,338.9;667.7,278.9;628.1,277.4;625.8,337.4", "lat": 25.1065538, "lon": 121.5250156}, "geometry": {"type": "Point", "coordinates": [121.5250156, 25.1065538]}}, {"type": "Feature", "id": "dt_wsqqtyqew", "properties": {"id": "dt_wsqqtyqew", "status": "auto", "conf": 0.9588, "n_detections": 1, "heading_deg": 170.7, "length_m": 4.63, "width_m": 2.62, "corner": "SE", "intersection_id": "TPS_00891", "intersection_dist_m": 12.1, "osm_node_id": null, "serves_from_bearing": 80.7, "serves_to_bearing": 350.7, "serves_quality": "good", "imagery_source": "taipei_udd_ortho_2025", "model_version": "yolo26s-obb_ep144", "src_image": "TPS_00891", "src_px": "693.4,496.0;682.3,428.0;644.0,434.2;655.0,502.2", "lat": 25.0837617, "lon": 121.5509512}, "geometry": {"type": "Point", "coordinates": [121.5509512, 25.0837617]}}, {"type": "Feature", "id": "dt_wsqqt4nfr", "properties": {"id": "dt_wsqqt4nfr", "status": "auto", "conf": 0.9588, "n_detections": 1, "heading_deg": 0.7, "length_m": 5.23, "width_m": 2.56, "corner": "NE", "intersection_id": "TPS_00906", "intersection_dist_m": 15.4, "osm_node_id": null, "serves_from_bearing": 0.7, "serves_to_bearing": 270.7, "serves_quality": "good", "imagery_source": "taipei_udd_ortho_2025", "model_version": "yolo26s-obb_ep144", "src_image": "TPS_00906", "src_px": "760.7,583.8;761.7,505.9;723.9,505.4;722.9,583.3", "lat": 25.0602349, "lon": 121.5183849}, "geometry": {"type": "Point", "coordinates": [121.5183849, 25.0602349]}}, {"type": "Feature", "id": "dt_wsqqqpgu9", "properties": {"id": "dt_wsqqqpgu9", "status": "auto", "conf": 0.9588, "n_detections": 1, "heading_deg": 178.6, "length_m": 5.41, "width_m": 2.8, "corner": "SE", "intersection_id": "TPS_02475", "intersection_dist_m": 24.5, "osm_node_id": null, "serves_from_bearing": 88.6, "serves_to_bearing": 358.6, "serves_quality": "good", "imagery_source": "taipei_udd_ortho_2025", "model_version": "yolo26s-obb_ep144", "src_image": "TPS_02475", "src_px": "894.3,843.4;892.3,762.9;850.9,763.9;853.0,844.4", "lat": 25.0482589, "lon": 121.5579544}, "geometry": {"type": "Point", "coordinates": [121.5579544, 25.0482589]}}, {"type": "Feature", "id": "dt_wsqqtymte", "properties": {"id": "dt_wsqqtymte", "status": "auto", "conf": 0.9587, "n_detections": 1, "heading_deg": 13.9, "length_m": 3.64, "width_m": 2.25, "corner": "NE", "intersection_id": "TPS_00569", "intersection_dist_m": 12.6, "osm_node_id": null, "serves_from_bearing": 13.9, "serves_to_bearing": 283.9, "serves_quality": "good", "imagery_source": "taipei_udd_ortho_2025", "model_version": "yolo26s-obb_ep144", "src_image": "TPS_00569", "src_px": "735.4,661.4;748.3,608.8;716.0,600.9;703.1,653.5", "lat": 25.0841273, "lon": 121.5494444}, "geometry": {"type": "Point", "coordinates": [121.5494444, 25.0841273]}}, {"type": "Feature", "id": "dt_wsqqmges4", "properties": {"id": "dt_wsqqmges4", "status": "auto", "conf": 0.9587, "n_detections": 1, "heading_deg": 88.2, "length_m": 3.19, "width_m": 2.48, "corner": "NW", "intersection_id": "TPS_00619", "intersection_dist_m": 13.1, "osm_node_id": null, "serves_from_bearing": 268.2, "serves_to_bearing": 178.2, "serves_quality": "good", "imagery_source": "taipei_udd_ortho_2025", "model_version": "yolo26s-obb_ep144", "src_image": "TPS_00619", "src_px": "461.6,254.9;460.4,218.0;413.2,219.5;414.4,256.4", "lat": 25.0248067, "lon": 121.5466762}, "geometry": {"type": "Point", "coordinates": [121.5466762, 25.0248067]}}, {"type": "Feature", "id": "dt_wsqqthpjy", "properties": {"id": "dt_wsqqthpjy", "status": "auto", "conf": 0.9586, "n_detections": 1, "heading_deg": 99.3, "length_m": 6.12, "width_m": 2.25, "corner": "SE", "intersection_id": "TPS_00684", "intersection_dist_m": 13.7, "osm_node_id": null, "serves_from_bearing": 99.3, "serves_to_bearing": 9.3, "serves_quality": "good", "imagery_source": "taipei_udd_ortho_2025", "model_version": "yolo26s-obb_ep144", "src_image": "TPS_00684", "src_px": "729.7,698.6;735.2,665.5;645.9,650.7;640.4,683.7", "lat": 25.071818, "lon": 121.5186917}, "geometry": {"type": "Point", "coordinates": [121.5186917, 25.071818]}}, {"type": "Feature", "id": "dt_wsqqwv3x1", "properties": {"id": "dt_wsqqwv3x1", "status": "auto", "conf": 0.9586, "n_detections": 1, "heading_deg": 74.4, "length_m": 2.8, "width_m": 2.14, "corner": "NW", "intersection_id": "TPS_00834", "intersection_dist_m": 16.7, "osm_node_id": null, "serves_from_bearing": 254.4, "serves_to_bearing": 164.4, "serves_quality": "good", "imagery_source": "taipei_udd_ortho_2025", "model_version": "yolo26s-obb_ep144", "src_image": "TPS_00834", "src_px": "391.6,269.3;383.0,238.7;343.1,249.9;351.7,280.4", "lat": 25.0789114, "lon": 121.587828}, "geometry": {"type": "Point", "coordinates": [121.587828, 25.0789114]}}, {"type": "Feature", "id": "dt_wsqqt89ep", "properties": {"id": "dt_wsqqt89ep", "status": "auto", "conf": 0.9585, "n_detections": 1, "heading_deg": 2.0, "length_m": 5.32, "width_m": 2.74, "corner": "NE", "intersection_id": "TPS_00136", "intersection_dist_m": 18.6, "osm_node_id": null, "serves_from_bearing": 2.0, "serves_to_bearing": 272.0, "serves_quality": "good", "imagery_source": "taipei_udd_ortho_2025", "model_version": "yolo26s-obb_ep144", "src_image": "TPS_00136", "src_px": "773.9,359.8;776.7,280.7;736.2,279.2;733.4,358.3", "lat": 25.0521298, "lon": 121.5331563}, "geometry": {"type": "Point", "coordinates": [121.5331563, 25.0521298]}}, {"type": "Feature", "id": "dt_wsqqt6w9j", "properties": {"id": "dt_wsqqt6w9j", "status": "auto", "conf": 0.9585, "n_detections": 1, "heading_deg": 87.5, "length_m": 4.49, "width_m": 2.55, "corner": "NW", "intersection_id": "TPS_00698", "intersection_dist_m": 17.7, "osm_node_id": null, "serves_from_bearing": 267.5, "serves_to_bearing": 177.5, "serves_quality": "good", "imagery_source": "taipei_udd_ortho_2025", "model_version": "yolo26s-obb_ep144", "src_image": "TPS_00698", "src_px": "405.1,269.6;403.4,231.6;337.0,234.5;338.6,272.5", "lat": 25.0627451, "lon": 121.5289506}, "geometry": {"type": "Point", "coordinates": [121.5289506, 25.0627451]}}, {"type": "Feature", "id": "dt_wsqqqxg73", "properties": {"id": "dt_wsqqqxg73", "status": "auto", "conf": 0.9584, "n_detections": 1, "heading_deg": 76.5, "length_m": 6.36, "width_m": 2.85, "corner": "SW", "intersection_id": "TPS_00743", "intersection_dist_m": 10.4, "osm_node_id": null, "serves_from_bearing": 166.5, "serves_to_bearing": 76.5, "serves_quality": "good", "imagery_source": "taipei_udd_ortho_2025", "model_version": "yolo26s-obb_ep144", "src_image": "TPS_00743", "src_px": "647.4,689.2;637.5,648.0;546.0,670.1;556.0,711.3", "lat": 25.0480232, "lon": 121.579227}, "geometry": {"type": "Point", "coordinates": [121.579227, 25.0480232]}}, {"type": "Feature", "id": "dt_wsqqw85b3", "properties": {"id": "dt_wsqqw85b3", "status": "auto", "conf": 0.9584, "n_detections": 1, "heading_deg": 177.4, "length_m": 5.18, "width_m": 2.73, "corner": "SW", "intersection_id": "TPS_00749", "intersection_dist_m": 18.1, "osm_node_id": null, "serves_from_bearing": 177.4, "serves_to_bearing": 87.4, "serves_quality": "ambiguous", "imagery_source": "taipei_udd_ortho_2025", "model_version": "yolo26s-obb_ep144", "src_image": "TPS_00749", "src_px": "385.4,539.5;381.9,462.4;341.6,464.2;345.0,541.3", "lat": 25.0489088, "lon": 121.5799289}, "geometry": {"type": "Point", "coordinates": [121.5799289, 25.0489088]}}, {"type": "Feature", "id": "dt_wsqqv7hq2", "properties": {"id": "dt_wsqqv7hq2", "status": "auto", "conf": 0.9583, "n_detections": 1, "heading_deg": 3.0, "length_m": 3.39, "width_m": 2.17, "corner": "SE", "intersection_id": "TPS_00512", "intersection_dist_m": 10.9, "osm_node_id": null, "serves_from_bearing": 93.0, "serves_to_bearing": 3.0, "serves_quality": "ambiguous", "imagery_source": "taipei_udd_ortho_2025", "model_version": "yolo26s-obb_ep144", "src_image": "TPS_00512", "src_px": "804.1,482.4;806.7,432.0;774.7,430.4;772.1,480.8", "lat": 25.1103498, "lon": 121.5256262}, "geometry": {"type": "Point", "coordinates": [121.5256262, 25.1103498]}}, {"type": "Feature", "id": "dt_wsqqwdzv5", "properties": {"id": "dt_wsqqwdzv5", "status": "auto", "conf": 0.9583, "n_detections": 1, "heading_deg": 15.1, "length_m": 4.6, "width_m": 3.32, "corner": "SW", "intersection_id": "TPS_00818", "intersection_dist_m": 13.2, "osm_node_id": null, "serves_from_bearing": 195.1, "serves_to_bearing": 105.1, "serves_quality": "good", "imagery_source": "taipei_udd_ortho_2025", "model_version": "yolo26s-obb_ep144", "src_image": "TPS_00818", "src_px": "257.7,484.4;275.4,418.2;228.0,405.5;210.3,471.7", "lat": 25.0648049, "lon": 121.5855129}, "geometry": {"type": "Point", "coordinates": [121.5855129, 25.0648049]}}, {"type": "Feature", "id": "dt_wsqqt1eqw", "properties": {"id": "dt_wsqqt1eqw", "status": "auto", "conf": 0.9581, "n_detections": 1, "heading_deg": 174.9, "length_m": 4.63, "width_m": 2.16, "corner": "SW", "intersection_id": "TPS_00782", "intersection_dist_m": 14.5, "osm_node_id": null, "serves_from_bearing": 264.9, "serves_to_bearing": 174.9, "serves_quality": "ambiguous", "imagery_source": "taipei_udd_ortho_2025", "model_version": "yolo26s-obb_ep144", "src_image": "TPS_00782", "src_px": "406.1,603.7;400.0,535.0;368.2,537.8;374.4,606.6", "lat": 25.0581975, "lon": 121.5135119}, "geometry": {"type": "Point", "coordinates": [121.5135119, 25.0581975]}}, {"type": "Feature", "id": "dt_wsqqwnpze", "properties": {"id": "dt_wsqqwnpze", "status": "auto", "conf": 0.9581, "n_detections": 1, "heading_deg": 108.6, "length_m": 4.08, "width_m": 2.41, "corner": "SE", "intersection_id": "TPS_00967", "intersection_dist_m": 19.1, "osm_node_id": null, "serves_from_bearing": 108.6, "serves_to_bearing": 18.6, "serves_quality": "good", "imagery_source": "taipei_udd_ortho_2025", "model_version": "yolo26s-obb_ep144", "src_image": "TPS_00967", "src_px": "500.9,819.6;512.4,785.7;455.2,766.3;443.7,800.2", "lat": 25.0830962, "lon": 121.5635263}, "geometry": {"type": "Point", "coordinates": [121.5635263, 25.0830962]}}, {"type": "Feature", "id": "dt_wsqqtcts1", "properties": {"id": "dt_wsqqtcts1", "status": "auto", "conf": 0.9581, "n_detections": 1, "heading_deg": 7.1, "length_m": 4.95, "width_m": 2.98, "corner": "NW", "intersection_id": "TPS_02320", "intersection_dist_m": 13.6, "osm_node_id": null, "serves_from_bearing": 187.1, "serves_to_bearing": 97.1, "serves_quality": "ambiguous", "imagery_source": "taipei_udd_ortho_2025", "model_version": "yolo26s-obb_ep144", "src_image": "TPS_02320", "src_px": "371.7,509.4;380.8,436.3;337.1,430.8;327.9,503.9", "lat": 25.0577921, "lon": 121.5493671}, "geometry": {"type": "Point", "coordinates": [121.5493671, 25.0577921]}}, {"type": "Feature", "id": "dt_wsqqv67xk", "properties": {"id": "dt_wsqqv67xk", "status": "auto", "conf": 0.958, "n_detections": 1, "heading_deg": 4.9, "length_m": 4.81, "width_m": 2.15, "corner": "SW", "intersection_id": "TPS_00511", "intersection_dist_m": 14.9, "osm_node_id": null, "serves_from_bearing": 184.9, "serves_to_bearing": 94.9, "serves_quality": "good", "imagery_source": "taipei_udd_ortho_2025", "model_version": "yolo26s-obb_ep144", "src_image": "TPS_00511", "src_px": "301.7,615.4;307.8,544.0;276.1,541.3;270.0,612.7", "lat": 25.1063897, "lon": 121.5247756}, "geometry": {"type": "Point", "coordinates": [121.5247756, 25.1063897]}}, {"type": "Feature", "id": "dt_wsqqqxu39", "properties": {"id": "dt_wsqqqxu39", "status": "auto", "conf": 0.958, "n_detections": 1, "heading_deg": 144.4, "length_m": 3.18, "width_m": 2.1, "corner": "NE", "intersection_id": "TPS_00742", "intersection_dist_m": 11.8, "osm_node_id": null, "serves_from_bearing": 324.4, "serves_to_bearing": 234.4, "serves_quality": "ambiguous", "imagery_source": "taipei_udd_ortho_2025", "model_version": "yolo26s-obb_ep144", "src_image": "TPS_00742", "src_px": "608.2,432.3;580.8,393.8;555.5,411.9;582.9,450.4", "lat": 25.0477131, "lon": 121.5805904}, "geometry": {"type": "Point", "coordinates": [121.5805904, 25.0477131]}}, {"type": "Feature", "id": "dt_wsqqmw18d", "properties": {"id": "dt_wsqqmw18d", "status": "auto", "conf": 0.9579, "n_detections": 1, "heading_deg": 100.6, "length_m": 4.73, "width_m": 2.56, "corner": "SE", "intersection_id": "TPS_00014", "intersection_dist_m": 26.7, "osm_node_id": null, "serves_from_bearing": 100.6, "serves_to_bearing": 10.6, "serves_quality": "good", "imagery_source": "taipei_udd_ortho_2025", "model_version": "yolo26s-obb_ep144", "src_image": "TPS_00014", "src_px": "717.9,930.9;724.9,893.5;656.1,880.6;649.1,918.0", "lat": 25.0379323, "lon": 121.532939}, "geometry": {"type": "Point", "coordinates": [121.532939, 25.0379323]}}, {"type": "Feature", "id": "dt_wsqqwbrhn", "properties": {"id": "dt_wsqqwbrhn", "status": "auto", "conf": 0.9578, "n_detections": 1, "heading_deg": 76.4, "length_m": 6.18, "width_m": 2.95, "corner": "NW", "intersection_id": "TPS_00163", "intersection_dist_m": 19.1, "osm_node_id": null, "serves_from_bearing": 256.4, "serves_to_bearing": 166.4, "serves_quality": "good", "imagery_source": "taipei_udd_ortho_2025", "model_version": "yolo26s-obb_ep144", "src_image": "TPS_00163", "src_px": "433.6,293.3;423.3,250.7;334.4,272.3;344.8,314.9", "lat": 25.050908, "lon": 121.5955639}, "geometry": {"type": "Point", "coordinates": [121.5955639, 25.050908]}}, {"type": "Feature", "id": "dt_wsqqwmvjy", "properties": {"id": "dt_wsqqwmvjy", "status": "auto", "conf": 0.9578, "n_detections": 1, "heading_deg": 107.2, "length_m": 4.31, "width_m": 2.58, "corner": "SW", "intersection_id": "TPS_00521", "intersection_dist_m": 15.6, "osm_node_id": null, "serves_from_bearing": 107.2, "serves_to_bearing": 17.2, "serves_quality": "ambiguous", "imagery_source": "taipei_udd_ortho_2025", "model_version": "yolo26s-obb_ep144", "src_image": "TPS_00521", "src_px": "416.2,783.1;427.6,746.4;366.8,727.4;355.3,764.1", "lat": 25.0814089, "lon": 121.5708497}, "geometry": {"type": "Point", "coordinates": [121.5708497, 25.0814089]}}, {"type": "Feature", "id": "dt_wsqqqm9kf", "properties": {"id": "dt_wsqqqm9kf", "status": "auto", "conf": 0.9577, "n_detections": 1, "heading_deg": 0.3, "length_m": 5.12, "width_m": 2.48, "corner": "NE", "intersection_id": "TPS_02434", "intersection_dist_m": 13.0, "osm_node_id": null, "serves_from_bearing": 0.3, "serves_to_bearing": 270.3, "serves_quality": "good", "imagery_source": "taipei_udd_ortho_2025", "model_version": "yolo26s-obb_ep144", "src_image": "TPS_02434", "src_px": "718.7,414.0;719.1,337.8;682.5,337.6;682.0,413.8", "lat": 25.0359213, "lon": 121.5655638}, "geometry": {"type": "Point", "coordinates": [121.5655638, 25.0359213]}}, {"type": "Feature", "id": "dt_wsqqqjbnk", "properties": {"id": "dt_wsqqqjbnk", "status": "auto", "conf": 0.9576, "n_detections": 1, "heading_deg": 88.3, "length_m": 5.68, "width_m": 2.65, "corner": "SE", "intersection_id": "TPS_00128", "intersection_dist_m": 25.8, "osm_node_id": null, "serves_from_bearing": 178.3, "serves_to_bearing": 88.3, "serves_quality": "ambiguous", "imagery_source": "taipei_udd_ortho_2025", "model_version": "yolo26s-obb_ep144", "src_image": "TPS_00128", "src_px": "608.9,793.1;607.7,753.6;523.7,756.1;524.8,795.6", "lat": 25.0375454, "lon": 121.5529424}, "geometry": {"type": "Point", "coordinates": [121.5529424, 25.0375454]}}, {"type": "Feature", "id": "dt_wsqqv233p", "properties": {"id": "dt_wsqqv233p", "status": "auto", "conf": 0.9576, "n_detections": 1, "heading_deg": 161.6, "length_m": 4.88, "width_m": 3.1, "corner": "SW", "intersection_id": "TPS_00510", "intersection_dist_m": 12.4, "osm_node_id": null, "serves_from_bearing": 161.6, "serves_to_bearing": 71.6, "serves_quality": "good", "imagery_source": "taipei_udd_ortho_2025", "model_version": "yolo26s-obb_ep144", "src_image": "TPS_00510", "src_px": "510.4,739.6;487.6,670.7;444.1,685.1;466.9,754.0", "lat": 25.0943387, "lon": 121.521812}, "geometry": {"type": "Point", "coordinates": [121.521812, 25.0943387]}}, {"type": "Feature", "id": "dt_wsqqw8nsr", "properties": {"id": "dt_wsqqw8nsr", "status": "auto", "conf": 0.9576, "n_detections": 1, "heading_deg": 83.3, "length_m": 4.64, "width_m": 2.31, "corner": "SE", "intersection_id": "TPS_00986", "intersection_dist_m": 16.5, "osm_node_id": null, "serves_from_bearing": 83.3, "serves_to_bearing": 353.3, "serves_quality": "good", "imagery_source": "taipei_udd_ortho_2025", "model_version": "yolo26s-obb_ep144", "src_image": "TPS_00986", "src_px": "787.4,673.9;783.4,639.8;715.3,647.8;719.2,681.9", "lat": 25.0495898, "lon": 121.5839656}, "geometry": {"type": "Point", "coordinates": [121.5839656, 25.0495898]}}, {"type": "Feature", "id": "dt_wsqqmthzk", "properties": {"id": "dt_wsqqmthzk", "status": "auto", "conf": 0.9575, "n_detections": 1, "heading_deg": 0.2, "length_m": 4.64, "width_m": 2.09, "corner": "NW", "intersection_id": "TPS_00296", "intersection_dist_m": 15.4, "osm_node_id": null, "serves_from_bearing": 270.2, "serves_to_bearing": 180.2, "serves_quality": "good", "imagery_source": "taipei_udd_ortho_2025", "model_version": "yolo26s-obb_ep144", "src_image": "TPS_00296", "src_px": "295.2,395.3;295.4,326.2;264.5,326.1;264.3,395.2", "lat": 25.0335975, "lon": 121.5374725}, "geometry": {"type": "Point", "coordinates": [121.5374725, 25.0335975]}}, {"type": "Feature", "id": "dt_wsqqv3exf", "properties": {"id": "dt_wsqqv3exf", "status": "auto", "conf": 0.9575, "n_detections": 1, "heading_deg": 71.9, "length_m": 5.23, "width_m": 3.14, "corner": "NW", "intersection_id": "TPS_00516", "intersection_dist_m": 16.8, "osm_node_id": null, "serves_from_bearing": 341.9, "serves_to_bearing": 251.9, "serves_quality": "good", "imagery_source": "taipei_udd_ortho_2025", "model_version": "yolo26s-obb_ep144", "src_image": "TPS_00516", "src_px": "445.3,278.1;430.7,233.7;357.2,257.9;371.8,302.3", "lat": 25.1023812, "lon": 121.5246793}, "geometry": {"type": "Point", "coordinates": [121.5246793, 25.1023812]}}, {"type": "Feature", "id": "dt_wsqqtveu9", "properties": {"id": "dt_wsqqtveu9", "status": "auto", "conf": 0.9575, "n_detections": 1, "heading_deg": 177.4, "length_m": 5.53, "width_m": 2.79, "corner": "SW", "intersection_id": "TPS_00525", "intersection_dist_m": 15.4, "osm_node_id": null, "serves_from_bearing": 177.4, "serves_to_bearing": 87.4, "serves_quality": "good", "imagery_source": "taipei_udd_ortho_2025", "model_version": "yolo26s-obb_ep144", "src_image": "TPS_00525", "src_px": "405.1,603.1;401.4,520.9;360.2,522.7;363.9,604.9", "lat": 25.0798155, "lon": 121.5469828}, "geometry": {"type": "Point", "coordinates": [121.5469828, 25.0798155]}}, {"type": "Feature", "id": "dt_wsqqw23xx", "properties": {"id": "dt_wsqqw23xx", "status": "auto", "conf": 0.9574, "n_detections": 1, "heading_deg": 87.7, "length_m": 3.58, "width_m": 2.26, "corner": "NE", "intersection_id": "TPS_00095", "intersection_dist_m": 15.3, "osm_node_id": null, "serves_from_bearing": 357.7, "serves_to_bearing": 267.7, "serves_quality": "good", "imagery_source": "taipei_udd_ortho_2025", "model_version": "yolo26s-obb_ep144", "src_image": "TPS_00095", "src_px": "530.5,335.0;529.1,301.4;476.2,303.5;477.6,337.1", "lat": 25.0515079, "lon": 121.5661182}, "geometry": {"type": "Point", "coordinates": [121.5661182, 25.0515079]}}, {"type": "Feature", "id": "dt_wsqqqwd0u", "properties": {"id": "dt_wsqqqwd0u", "status": "auto", "conf": 0.9572, "n_detections": 1, "heading_deg": 1.5, "length_m": 5.14, "width_m": 2.64, "corner": "SW", "intersection_id": "TPS_00138", "intersection_dist_m": 22.2, "osm_node_id": null, "serves_from_bearing": 181.5, "serves_to_bearing": 91.5, "serves_quality": "good", "imagery_source": "taipei_udd_ortho_2025", "model_version": "yolo26s-obb_ep144", "src_image": "TPS_00138", "src_px": "313.0,666.1;315.0,589.6;276.0,588.6;274.0,665.1", "lat": 25.0407454, "lon": 121.5776511}, "geometry": {"type": "Point", "coordinates": [121.5776511, 25.0407454]}}, {"type": "Feature", "id": "dt_wsqqtymmt", "properties": {"id": "dt_wsqqtymmt", "status": "auto", "conf": 0.9571, "n_detections": 1, "heading_deg": 13.7, "length_m": 4.55, "width_m": 2.24, "corner": "NW", "intersection_id": "TPS_00569", "intersection_dist_m": 11.5, "osm_node_id": null, "serves_from_bearing": 193.7, "serves_to_bearing": 103.7, "serves_quality": "good", "imagery_source": "taipei_udd_ortho_2025", "model_version": "yolo26s-obb_ep144", "src_image": "TPS_00569", "src_px": "378.8,667.4;394.7,601.6;362.5,593.8;346.6,659.6", "lat": 25.0841276, "lon": 121.5492064}, "geometry": {"type": "Point", "coordinates": [121.5492064, 25.0841276]}}, {"type": "Feature", "id": "dt_wsqquum3q", "properties": {"id": "dt_wsqquum3q", "status": "auto", "conf": 0.9571, "n_detections": 1, "heading_deg": 137.9, "length_m": 3.0, "width_m": 2.87, "corner": "NE", "intersection_id": "TPS_01064", "intersection_dist_m": 24.1, "osm_node_id": null, "serves_from_bearing": 47.9, "serves_to_bearing": 317.9, "serves_quality": "ambiguous", "imagery_source": "taipei_udd_ortho_2025", "model_version": "yolo26s-obb_ep144", "src_image": "TPS_01064", "src_px": "694.5,269.3;664.7,236.1;633.0,264.5;662.7,297.7", "lat": 25.1163714, "lon": 121.5052859}, "geometry": {"type": "Point", "coordinates": [121.5052859, 25.1163714]}}, {"type": "Feature", "id": "dt_wsqqmhj47", "properties": {"id": "dt_wsqqmhj47", "status": "auto", "conf": 0.957, "n_detections": 1, "heading_deg": 15.9, "length_m": 4.62, "width_m": 2.62, "corner": "NW", "intersection_id": "TPS_00104", "intersection_dist_m": 16.8, "osm_node_id": null, "serves_from_bearing": 195.9, "serves_to_bearing": 105.9, "serves_quality": "good", "imagery_source": "taipei_udd_ortho_2025", "model_version": "yolo26s-obb_ep144", "src_image": "TPS_00104", "src_px": "232.0,581.6;250.7,515.4;213.4,504.9;194.8,571.1", "lat": 25.027265, "lon": 121.5158049}, "geometry": {"type": "Point", "coordinates": [121.5158049, 25.027265]}}, {"type": "Feature", "id": "dt_wsqqq4ff2", "properties": {"id": "dt_wsqqq4ff2", "status": "auto", "conf": 0.9569, "n_detections": 2, "heading_deg": 154.4, "length_m": 5.26, "width_m": 2.43, "corner": "SW", "intersection_id": "TPS_00667", "intersection_dist_m": 19.2, "osm_node_id": null, "serves_from_bearing": 154.4, "serves_to_bearing": 64.4, "serves_quality": "good", "imagery_source": "taipei_udd_ortho_2025", "model_version": "yolo26s-obb_ep144", "src_image": "TPS_00667", "src_px": "315.1,857.1;281.5,786.5;249.1,802.0;282.7,872.5", "lat": 25.0204025, "lon": 121.5565284}, "geometry": {"type": "Point", "coordinates": [121.5565284, 25.0204025]}}, {"type": "Feature", "id": "dt_wsqqkusd1", "properties": {"id": "dt_wsqqkusd1", "status": "auto", "conf": 0.9569, "n_detections": 1, "heading_deg": 178.2, "length_m": 5.83, "width_m": 2.79, "corner": "SW", "intersection_id": "TPS_00926", "intersection_dist_m": 13.1, "osm_node_id": null, "serves_from_bearing": 178.2, "serves_to_bearing": 88.2, "serves_quality": "good", "imagery_source": "taipei_udd_ortho_2025", "model_version": "yolo26s-obb_ep144", "src_image": "TPS_00926", "src_px": "362.8,723.6;360.1,636.9;318.8,638.1;321.5,724.8", "lat": 25.0299811, "lon": 121.5040394}, "geometry": {"type": "Point", "coordinates": [121.5040394, 25.0299811]}}, {"type": "Feature", "id": "dt_wsqqt253u", "properties": {"id": "dt_wsqqt253u", "status": "auto", "conf": 0.9569, "n_detections": 1, "heading_deg": 14.8, "length_m": 4.41, "width_m": 2.31, "corner": "SW", "intersection_id": "TPS_01532", "intersection_dist_m": 13.8, "osm_node_id": null, "serves_from_bearing": 194.8, "serves_to_bearing": 104.8, "serves_quality": "good", "imagery_source": "taipei_udd_ortho_2025", "model_version": "yolo26s-obb_ep144", "src_image": "TPS_01532", "src_px": "306.3,673.7;323.0,610.2;290.0,601.5;273.3,665.0", "lat": 25.0491373, "lon": 121.5244385}, "geometry": {"type": "Point", "coordinates": [121.5244385, 25.0491373]}}, {"type": "Feature", "id": "dt_wsqqt69fn", "properties": {"id": "dt_wsqqt69fn", "status": "auto", "conf": 0.9568, "n_detections": 1, "heading_deg": 79.6, "length_m": 7.06, "width_m": 2.85, "corner": "NW", "intersection_id": "TPS_00049", "intersection_dist_m": 24.3, "osm_node_id": null, "serves_from_bearing": 259.6, "serves_to_bearing": 169.6, "serves_quality": "good", "imagery_source": "taipei_udd_ortho_2025", "model_version": "yolo26s-obb_ep144", "src_image": "TPS_00049", "src_px": "224.8,208.7;217.1,167.0;114.4,185.9;122.1,227.6", "lat": 25.0629339, "lon": 121.522464}, "geometry": {"type": "Point", "coordinates": [121.522464, 25.0629339]}}, {"type": "Feature", "id": "dt_wsqqwjdss", "properties": {"id": "dt_wsqqwjdss", "status": "auto", "conf": 0.9568, "n_detections": 1, "heading_deg": 89.4, "length_m": 6.76, "width_m": 2.59, "corner": "SE", "intersection_id": "TPS_00171", "intersection_dist_m": 11.0, "osm_node_id": null, "serves_from_bearing": 89.4, "serves_to_bearing": 359.4, "serves_quality": "good", "imagery_source": "taipei_udd_ortho_2025", "model_version": "yolo26s-obb_ep144", "src_image": "TPS_00171", "src_px": "583.3,774.3;582.8,735.8;482.8,736.9;483.2,775.5", "lat": 25.0798539, "lon": 121.5563533}, "geometry": {"type": "Point", "coordinates": [121.5563533, 25.0798539]}}, {"type": "Feature", "id": "dt_wsqqmr43t", "properties": {"id": "dt_wsqqmr43t", "status": "auto", "conf": 0.9568, "n_detections": 1, "heading_deg": 13.3, "length_m": 3.53, "width_m": 2.21, "corner": "SE", "intersection_id": "TPS_02016", "intersection_dist_m": 10.5, "osm_node_id": null, "serves_from_bearing": 13.3, "serves_to_bearing": 283.3, "serves_quality": "ambiguous", "imagery_source": "taipei_udd_ortho_2025", "model_version": "yolo26s-obb_ep144", "src_image": "TPS_02016", "src_px": "621.0,534.6;633.0,483.5;601.2,476.0;589.2,527.0", "lat": 25.043619, "lon": 121.5231034}, "geometry": {"type": "Point", "coordinates": [121.5231034, 25.043619]}}, {"type": "Feature", "id": "dt_wsqqw21ph", "properties": {"id": "dt_wsqqw21ph", "status": "auto", "conf": 0.9567, "n_detections": 1, "heading_deg": 173.8, "length_m": 4.33, "width_m": 2.41, "corner": "SW", "intersection_id": "TPS_00244", "intersection_dist_m": 9.3, "osm_node_id": null, "serves_from_bearing": 173.8, "serves_to_bearing": 83.8, "serves_quality": "ambiguous", "imagery_source": "taipei_udd_ortho_2025", "model_version": "yolo26s-obb_ep144", "src_image": "TPS_00244", "src_px": "311.6,704.1;304.7,640.0;269.3,643.9;276.2,708.0", "lat": 25.0500483, "lon": 121.5652888}, "geometry": {"type": "Point", "coordinates": [121.5652888, 25.0500483]}}, {"type": "Feature", "id": "dt_wsqqm5gsx", "properties": {"id": "dt_wsqqm5gsx", "status": "auto", "conf": 0.9567, "n_detections": 1, "heading_deg": 99.1, "length_m": 4.8, "width_m": 2.45, "corner": "NE", "intersection_id": "TPS_01303", "intersection_dist_m": 7.9, "osm_node_id": null, "serves_from_bearing": 279.1, "serves_to_bearing": 189.1, "serves_quality": "ambiguous", "imagery_source": "taipei_udd_ortho_2025", "model_version": "yolo26s-obb_ep144", "src_image": "TPS_01303", "src_px": "522.5,367.6;528.3,331.6;458.2,320.3;452.4,356.4", "lat": 25.0262972, "lon": 121.5139244}, "geometry": {"type": "Point", "coordinates": [121.5139244, 25.0262972]}}, {"type": "Feature", "id": "dt_wsqqt1wf2", "properties": {"id": "dt_wsqqt1wf2", "status": "auto", "conf": 0.9566, "n_detections": 1, "heading_deg": 85.4, "length_m": 5.5, "width_m": 2.53, "corner": "NW", "intersection_id": "TPS_00144", "intersection_dist_m": 18.7, "osm_node_id": null, "serves_from_bearing": 265.4, "serves_to_bearing": 175.4, "serves_quality": "good", "imagery_source": "taipei_udd_ortho_2025", "model_version": "yolo26s-obb_ep144", "src_image": "TPS_00144", "src_px": "300.5,268.1;297.4,230.5;216.3,237.1;219.4,274.8", "lat": 25.0574577, "lon": 121.5180604}, "geometry": {"type": "Point", "coordinates": [121.5180604, 25.0574577]}}, {"type": "Feature", "id": "dt_wsqqqpyj8", "properties": {"id": "dt_wsqqqpyj8", "status": "auto", "conf": 0.9566, "n_detections": 2, "heading_deg": 80.7, "length_m": 3.94, "width_m": 2.06, "corner": "SW", "intersection_id": "TPS_02542", "intersection_dist_m": 23.5, "osm_node_id": null, "serves_from_bearing": 170.7, "serves_to_bearing": 80.7, "serves_quality": "good", "imagery_source": "taipei_udd_ortho_2025", "model_version": "yolo26s-obb_ep144", "src_image": "TPS_02542", "src_px": "338.0,788.6;333.1,758.3;275.6,767.8;280.6,798.0", "lat": 25.0484299, "lon": 121.5610082}, "geometry": {"type": "Point", "coordinates": [121.5610082, 25.0484299]}}, {"type": "Feature", "id": "dt_wsqqtkb3t", "properties": {"id": "dt_wsqqtkb3t", "status": "auto", "conf": 0.9565, "n_detections": 1, "heading_deg": 17.3, "length_m": 4.63, "width_m": 2.8, "corner": "NE", "intersection_id": "TPS_00139", "intersection_dist_m": 19.5, "osm_node_id": null, "serves_from_bearing": 17.3, "serves_to_bearing": 287.3, "serves_quality": "good", "imagery_source": "taipei_udd_ortho_2025", "model_version": "yolo26s-obb_ep144", "src_image": "TPS_00139", "src_px": "851.1,490.8;871.5,425.0;831.9,412.7;811.5,478.5", "lat": 25.0752186, "lon": 121.5203397}, "geometry": {"type": "Point", "coordinates": [121.5203397, 25.0752186]}}, {"type": "Feature", "id": "dt_wsqqt8s5q", "properties": {"id": "dt_wsqqt8s5q", "status": "auto", "conf": 0.9565, "n_detections": 1, "heading_deg": 88.4, "length_m": 7.72, "width_m": 2.79, "corner": "NW", "intersection_id": "TPS_00623", "intersection_dist_m": 16.7, "osm_node_id": null, "serves_from_bearing": 268.4, "serves_to_bearing": 178.4, "serves_quality": "ambiguous", "imagery_source": "taipei_udd_ortho_2025", "model_version": "yolo26s-obb_ep144", "src_image": "TPS_00623", "src_px": "458.6,294.1;457.4,252.6;343.3,255.9;344.5,297.5", "lat": 25.0521568, "lon": 121.5365237}, "geometry": {"type": "Point", "coordinates": [121.5365237, 25.0521568]}}, {"type": "Feature", "id": "dt_wsqqt0d62", "properties": {"id": "dt_wsqqt0d62", "status": "auto", "conf": 0.9564, "n_detections": 1, "heading_deg": 86.4, "length_m": 6.51, "width_m": 2.57, "corner": "SE", "intersection_id": "TPS_01586", "intersection_dist_m": 8.4, "osm_node_id": null, "serves_from_bearing": 86.4, "serves_to_bearing": 356.4, "serves_quality": "good", "imagery_source": "taipei_udd_ortho_2025", "model_version": "yolo26s-obb_ep144", "src_image": "TPS_01586", "src_px": "608.7,573.0;606.3,534.8;510.2,540.9;512.6,579.0", "lat": 25.0519856, "lon": 121.5119108}, "geometry": {"type": "Point", "coordinates": [121.5119108, 25.0519856]}}, {"type": "Feature", "id": "dt_wsqqrrvzg", "properties": {"id": "dt_wsqqrrvzg", "status": "auto", "conf": 0.9563, "n_detections": 1, "heading_deg": 167.2, "length_m": 4.68, "width_m": 2.63, "corner": "SW", "intersection_id": "TPS_00875", "intersection_dist_m": 11.6, "osm_node_id": null, "serves_from_bearing": 257.2, "serves_to_bearing": 167.2, "serves_quality": "ambiguous", "imagery_source": "taipei_udd_ortho_2025", "model_version": "yolo26s-obb_ep144", "src_image": "TPS_00875", "src_px": "279.8,687.4;264.5,619.5;226.6,628.0;242.0,695.9", "lat": 25.0488141, "lon": 121.6157322}, "geometry": {"type": "Point", "coordinates": [121.6157322, 25.0488141]}}, {"type": "Feature", "id": "dt_wsqqqrcs5", "properties": {"id": "dt_wsqqqrcs5", "status": "auto", "conf": 0.9563, "n_detections": 2, "heading_deg": 68.3, "length_m": 4.74, "width_m": 2.88, "corner": "NW", "intersection_id": "TPS_02461", "intersection_dist_m": 14.9, "osm_node_id": null, "serves_from_bearing": 248.3, "serves_to_bearing": 158.3, "serves_quality": "ambiguous", "imagery_source": "taipei_udd_ortho_2025", "model_version": "yolo26s-obb_ep144", "src_image": "TPS_02461", "src_px": "490.1,427.7;474.2,388.0;409.0,414.1;424.9,453.8", "lat": 25.0481804, "lon": 121.5659104}, "geometry": {"type": "Point", "coordinates": [121.5659104, 25.0481804]}}, {"type": "Feature", "id": "dt_wsqqw210r", "properties": {"id": "dt_wsqqw210r", "status": "auto", "conf": 0.9562, "n_detections": 1, "heading_deg": 175.1, "length_m": 4.36, "width_m": 2.28, "corner": "NE", "intersection_id": "TPS_00009", "intersection_dist_m": 7.4, "osm_node_id": null, "serves_from_bearing": 355.1, "serves_to_bearing": 265.1, "serves_quality": "good", "imagery_source": "taipei_udd_ortho_2025", "model_version": "yolo26s-obb_ep144", "src_image": "TPS_00009", "src_px": "486.2,539.9;480.7,475.2;447.1,478.1;452.7,542.8", "lat": 25.0489044, "lon": 121.5654069}, "geometry": {"type": "Point", "coordinates": [121.5654069, 25.0489044]}}, {"type": "Feature", "id": "dt_wsqqw8mx1", "properties": {"id": "dt_wsqqw8mx1", "status": "auto", "conf": 0.9562, "n_detections": 1, "heading_deg": 153.4, "length_m": 5.34, "width_m": 2.63, "corner": "SW", "intersection_id": "TPS_00755", "intersection_dist_m": 25.4, "osm_node_id": null, "serves_from_bearing": 153.4, "serves_to_bearing": 63.4, "serves_quality": "ambiguous", "imagery_source": "taipei_udd_ortho_2025", "model_version": "yolo26s-obb_ep144", "src_image": "TPS_00755", "src_px": "160.5,753.6;125.2,682.5;90.3,699.8;125.6,770.9", "lat": 25.0514159, "lon": 121.5823442}, "geometry": {"type": "Point", "coordinates": [121.5823442, 25.0514159]}}, {"type": "Feature", "id": "dt_wsqqwd6s0", "properties": {"id": "dt_wsqqwd6s0", "status": "auto", "conf": 0.9562, "n_detections": 1, "heading_deg": 146.2, "length_m": 4.95, "width_m": 2.76, "corner": "NE", "intersection_id": "TPS_00817", "intersection_dist_m": 15.6, "osm_node_id": null, "serves_from_bearing": 326.2, "serves_to_bearing": 236.2, "serves_quality": "good", "imagery_source": "taipei_udd_ortho_2025", "model_version": "yolo26s-obb_ep144", "src_image": "TPS_00817", "src_px": "811.7,389.1;771.0,327.8;736.9,350.5;777.6,411.8", "lat": 25.0618961, "lon": 121.5781445}, "geometry": {"type": "Point", "coordinates": [121.5781445, 25.0618961]}}, {"type": "Feature", "id": "dt_wsqqm6gyz", "properties": {"id": "dt_wsqqm6gyz", "status": "auto", "conf": 0.9561, "n_detections": 1, "heading_deg": 40.9, "length_m": 5.5, "width_m": 2.37, "corner": "NE", "intersection_id": "TPS_01053", "intersection_dist_m": 12.3, "osm_node_id": null, "serves_from_bearing": 310.9, "serves_to_bearing": 220.9, "serves_quality": "good", "imagery_source": "taipei_udd_ortho_2025", "model_version": "yolo26s-obb_ep144", "src_image": "TPS_01053", "src_px": "695.4,411.3;748.6,349.4;721.9,326.5;668.7,388.3", "lat": 25.021149, "lon": 121.5252288}, "geometry": {"type": "Point", "coordinates": [121.5252288, 25.021149]}}, {"type": "Feature", "id": "dt_wsqqkv91q", "properties": {"id": "dt_wsqqkv91q", "status": "auto", "conf": 0.9561, "n_detections": 3, "heading_deg": 5.3, "length_m": 5.07, "width_m": 2.65, "corner": "NW", "intersection_id": "TPS_02424", "intersection_dist_m": 15.4, "osm_node_id": null, "serves_from_bearing": 185.3, "serves_to_bearing": 95.3, "serves_quality": "ambiguous", "imagery_source": "taipei_udd_ortho_2025", "model_version": "yolo26s-obb_ep144", "src_image": "TPS_02424", "src_px": "191.1,596.6;198.0,521.4;159.0,517.8;152.2,593.0", "lat": 25.0353445, "lon": 121.4994651}, "geometry": {"type": "Point", "coordinates": [121.4994651, 25.0353445]}}, {"type": "Feature", "id": "dt_wsqqksqe0", "properties": {"id": "dt_wsqqksqe0", "status": "auto", "conf": 0.956, "n_detections": 1, "heading_deg": 25.9, "length_m": 4.68, "width_m": 2.43, "corner": "NE", "intersection_id": "TPS_00185", "intersection_dist_m": 15.8, "osm_node_id": null, "serves_from_bearing": 25.9, "serves_to_bearing": 295.9, "serves_quality": "good", "imagery_source": "taipei_udd_ortho_2025", "model_version": "yolo26s-obb_ep144", "src_image": "TPS_00185", "src_px": "828.0,450.7;858.2,388.1;825.9,372.4;795.6,435.0", "lat": 25.0287449, "lon": 121.4957823}, "geometry": {"type": "Point", "coordinates": [121.4957823, 25.0287449]}}, {"type": "Feature", "id": "dt_wsqqw84rd", "properties": {"id": "dt_wsqqw84rd", "status": "auto", "conf": 0.956, "n_detections": 1, "heading_deg": 178.7, "length_m": 4.64, "width_m": 2.55, "corner": "NE", "intersection_id": "TPS_00337", "intersection_dist_m": 18.1, "osm_node_id": null, "serves_from_bearing": 358.7, "serves_to_bearing": 268.7, "serves_quality": "good", "imagery_source": "taipei_udd_ortho_2025", "model_version": "yolo26s-obb_ep144", "src_image": "TPS_00337", "src_px": "666.6,270.9;665.0,201.9;627.3,202.8;628.9,271.8", "lat": 25.0501584, "lon": 121.5778874}, "geometry": {"type": "Point", "coordinates": [121.5778874, 25.0501584]}}, {"type": "Feature", "id": "dt_wsqqjxtb4", "properties": {"id": "dt_wsqqjxtb4", "status": "auto", "conf": 0.956, "n_detections": 1, "heading_deg": 159.6, "length_m": 3.09, "width_m": 2.31, "corner": "SW", "intersection_id": "TPS_00507", "intersection_dist_m": 12.9, "osm_node_id": null, "serves_from_bearing": 159.6, "serves_to_bearing": 69.6, "serves_quality": "good", "imagery_source": "taipei_udd_ortho_2025", "model_version": "yolo26s-obb_ep144", "src_image": "TPS_00507", "src_px": "446.3,688.8;430.4,645.7;398.3,657.6;414.2,700.7", "lat": 25.0021409, "lon": 121.5387697}, "geometry": {"type": "Point", "coordinates": [121.5387697, 25.0021409]}}, {"type": "Feature", "id": "dt_wsqqth5z2", "properties": {"id": "dt_wsqqth5z2", "status": "auto", "conf": 0.956, "n_detections": 1, "heading_deg": 0.2, "length_m": 5.08, "width_m": 2.64, "corner": "NE", "intersection_id": "TPS_01092", "intersection_dist_m": 18.0, "osm_node_id": null, "serves_from_bearing": 0.2, "serves_to_bearing": 270.2, "serves_quality": "good", "imagery_source": "taipei_udd_ortho_2025", "model_version": "yolo26s-obb_ep144", "src_image": "TPS_01092", "src_px": "828.3,529.5;828.6,453.8;789.6,453.7;789.3,529.3", "lat": 25.0720847, "lon": 121.5139664}, "geometry": {"type": "Point", "coordinates": [121.5139664, 25.0720847]}}, {"type": "Feature", "id": "dt_wsqqmvpu4", "properties": {"id": "dt_wsqqmvpu4", "status": "auto", "conf": 0.9559, "n_detections": 1, "heading_deg": 87.9, "length_m": 5.83, "width_m": 2.54, "corner": "SE", "intersection_id": "TPS_00038", "intersection_dist_m": 17.1, "osm_node_id": null, "serves_from_bearing": 87.9, "serves_to_bearing": 357.9, "serves_quality": "ambiguous", "imagery_source": "taipei_udd_ortho_2025", "model_version": "yolo26s-obb_ep144", "src_image": "TPS_00038", "src_px": "441.9,764.8;440.6,727.0;354.5,730.2;355.9,768.0", "lat": 25.0330514, "lon": 121.5524864}, "geometry": {"type": "Point", "coordinates": [121.5524864, 25.0330514]}}, {"type": "Feature", "id": "dt_wsqqtc39g", "properties": {"id": "dt_wsqqtc39g", "status": "auto", "conf": 0.9556, "n_detections": 1, "heading_deg": 0.9, "length_m": 5.32, "width_m": 2.39, "corner": "SW", "intersection_id": "TPS_00077", "intersection_dist_m": 16.1, "osm_node_id": null, "serves_from_bearing": 180.9, "serves_to_bearing": 90.9, "serves_quality": "good", "imagery_source": "taipei_udd_ortho_2025", "model_version": "yolo26s-obb_ep144", "src_image": "TPS_00077", "src_px": "261.3,620.1;262.5,540.9;227.2,540.4;226.0,619.6", "lat": 25.0560147, "lon": 121.5439718}, "geometry": {"type": "Point", "coordinates": [121.5439718, 25.0560147]}}, {"type": "Feature", "id": "dt_wsqqkv1ux", "properties": {"id": "dt_wsqqkv1ux", "status": "auto", "conf": 0.9555, "n_detections": 1, "heading_deg": 96.0, "length_m": 6.8, "width_m": 2.79, "corner": "NW", "intersection_id": "TPS_00928", "intersection_dist_m": 19.3, "osm_node_id": null, "serves_from_bearing": 276.0, "serves_to_bearing": 186.0, "serves_quality": "good", "imagery_source": "taipei_udd_ortho_2025", "model_version": "yolo26s-obb_ep144", "src_image": "TPS_00928", "src_px": "502.8,340.6;507.2,299.3;407.2,288.7;402.8,330.0", "lat": 25.0331588, "lon": 121.5005111}, "geometry": {"type": "Point", "coordinates": [121.5005111, 25.0331588]}}, {"type": "Feature", "id": "dt_wsqqtvvhd", "properties": {"id": "dt_wsqqtvvhd", "status": "auto", "conf": 0.9554, "n_detections": 1, "heading_deg": 17.6, "length_m": 5.16, "width_m": 2.32, "corner": "SE", "intersection_id": "TPS_00979", "intersection_dist_m": 12.0, "osm_node_id": null, "serves_from_bearing": 17.6, "serves_to_bearing": 287.6, "serves_quality": "ambiguous", "imagery_source": "taipei_udd_ortho_2025", "model_version": "yolo26s-obb_ep144", "src_image": "TPS_00979", "src_px": "664.2,651.3;687.3,578.0;654.5,567.7;631.5,641.0", "lat": 25.0811865, "lon": 121.5487133}, "geometry": {"type": "Point", "coordinates": [121.5487133, 25.0811865]}}, {"type": "Feature", "id": "dt_wsqqmprye", "properties": {"id": "dt_wsqqmprye", "status": "auto", "conf": 0.9554, "n_detections": 2, "heading_deg": 105.6, "length_m": 3.63, "width_m": 2.58, "corner": "NW", "intersection_id": "TPS_00332", "intersection_dist_m": 18.9, "osm_node_id": null, "serves_from_bearing": 285.6, "serves_to_bearing": 195.6, "serves_quality": "ambiguous", "imagery_source": "taipei_udd_ortho_2025", "model_version": "yolo26s-obb_ep144", "src_image": "TPS_01533", "src_px": "1004.8,164.7;1015.1,127.7;963.4,113.2;953.0,150.2", "lat": 25.0458633, "lon": 121.519577}, "geometry": {"type": "Point", "coordinates": [121.519577, 25.0458633]}}, {"type": "Feature", "id": "dt_wsqqqrqjf", "properties": {"id": "dt_wsqqqrqjf", "status": "auto", "conf": 0.9553, "n_detections": 1, "heading_deg": 88.4, "length_m": 4.21, "width_m": 2.54, "corner": "NW", "intersection_id": "TPS_00722", "intersection_dist_m": 13.7, "osm_node_id": null, "serves_from_bearing": 268.4, "serves_to_bearing": 178.4, "serves_quality": "ambiguous", "imagery_source": "taipei_udd_ortho_2025", "model_version": "yolo26s-obb_ep144", "src_image": "TPS_00722", "src_px": "467.3,390.7;466.3,352.9;404.0,354.6;405.0,392.5", "lat": 25.0457214, "lon": 121.5720809}, "geometry": {"type": "Point", "coordinates": [121.5720809, 25.0457214]}}, {"type": "Feature", "id": "dt_wsqqmr696", "properties": {"id": "dt_wsqqmr696", "status": "auto", "conf": 0.9553, "n_detections": 2, "heading_deg": 102.0, "length_m": 6.48, "width_m": 2.58, "corner": "NW", "intersection_id": "TPS_00727", "intersection_dist_m": 17.5, "osm_node_id": null, "serves_from_bearing": 282.0, "serves_to_bearing": 192.0, "serves_quality": "ambiguous", "imagery_source": "taipei_udd_ortho_2025", "model_version": "yolo26s-obb_ep144", "src_image": "TPS_00726", "src_px": "745.3,128.3;753.4,90.8;659.6,70.8;651.5,108.2", "lat": 25.0449542, "lon": 121.5233363}, "geometry": {"type": "Point", "coordinates": [121.5233363, 25.0449542]}}, {"type": "Feature", "id": "dt_wsqquujpw", "properties": {"id": "dt_wsqquujpw", "status": "auto", "conf": 0.9553, "n_detections": 1, "heading_deg": 142.8, "length_m": 5.25, "width_m": 2.54, "corner": "SW", "intersection_id": "TPS_01064", "intersection_dist_m": 23.2, "osm_node_id": null, "serves_from_bearing": 142.8, "serves_to_bearing": 52.8, "serves_quality": "good", "imagery_source": "taipei_udd_ortho_2025", "model_version": "yolo26s-obb_ep144", "src_image": "TPS_01064", "src_px": "213.4,788.2;166.5,725.9;136.5,748.6;183.5,810.8", "lat": 25.1160669, "lon": 121.5049582}, "geometry": {"type": "Point", "coordinates": [121.5049582, 25.1160669]}}, {"type": "Feature", "id": "dt_wsqqtd3ye", "properties": {"id": "dt_wsqqtd3ye", "status": "auto", "conf": 0.9553, "n_detections": 3, "heading_deg": 88.7, "length_m": 7.72, "width_m": 2.62, "corner": "NE", "intersection_id": "TPS_01199", "intersection_dist_m": 17.2, "osm_node_id": null, "serves_from_bearing": 358.7, "serves_to_bearing": 268.7, "serves_quality": "good", "imagery_source": "taipei_udd_ortho_2025", "model_version": "yolo26s-obb_ep144", "src_image": "TPS_01201", "src_px": "298.0,938.1;297.1,899.1;183.0,901.7;183.9,940.6", "lat": 25.0623395, "lon": 121.5333263}, "geometry": {"type": "Point", "coordinates": [121.5333263, 25.0623395]}}, {"type": "Feature", "id": "dt_wsqqwe07c", "properties": {"id": "dt_wsqqwe07c", "status": "auto", "conf": 0.9552, "n_detections": 2, "heading_deg": 156.3, "length_m": 5.04, "width_m": 2.5, "corner": "NE", "intersection_id": "TPS_00754", "intersection_dist_m": 13.8, "osm_node_id": null, "serves_from_bearing": 66.3, "serves_to_bearing": 336.3, "serves_quality": "good", "imagery_source": "taipei_udd_ortho_2025", "model_version": "yolo26s-obb_ep144", "src_image": "TPS_00753", "src_px": "407.8,77.9;377.9,9.2;344.0,23.9;373.9,92.7", "lat": 25.0659772, "lon": 121.5751308}, "geometry": {"type": "Point", "coordinates": [121.5751308, 25.0659772]}}, {"type": "Feature", "id": "dt_wsqqqjgxe", "properties": {"id": "dt_wsqqqjgxe", "status": "auto", "conf": 0.9551, "n_detections": 1, "heading_deg": 1.1, "length_m": 4.49, "width_m": 2.73, "corner": "NE", "intersection_id": "TPS_00023", "intersection_dist_m": 17.1, "osm_node_id": null, "serves_from_bearing": 1.1, "serves_to_bearing": 271.1, "serves_quality": "good", "imagery_source": "taipei_udd_ortho_2025", "model_version": "yolo26s-obb_ep144", "src_image": "TPS_00023", "src_px": "774.2,406.1;775.5,339.3;735.1,338.5;733.8,405.3", "lat": 25.0377898, "lon": 121.5577036}, "geometry": {"type": "Point", "coordinates": [121.5577036, 25.0377898]}}, {"type": "Feature", "id": "dt_wsqqjxn96", "properties": {"id": "dt_wsqqjxn96", "status": "auto", "conf": 0.9551, "n_detections": 1, "heading_deg": 160.6, "length_m": 3.6, "width_m": 2.5, "corner": "SW", "intersection_id": "TPS_00508", "intersection_dist_m": 13.0, "osm_node_id": null, "serves_from_bearing": 160.6, "serves_to_bearing": 70.6, "serves_quality": "good", "imagery_source": "taipei_udd_ortho_2025", "model_version": "yolo26s-obb_ep144", "src_image": "TPS_00508", "src_px": "424.7,513.0;407.0,462.5;372.1,474.8;389.8,525.2", "lat": 24.9996051, "lon": 121.5397836}, "geometry": {"type": "Point", "coordinates": [121.5397836, 24.9996051]}}, {"type": "Feature", "id": "dt_wsqqx28vp", "properties": {"id": "dt_wsqqx28vp", "status": "auto", "conf": 0.955, "n_detections": 1, "heading_deg": 80.9, "length_m": 3.36, "width_m": 2.01, "corner": "NW", "intersection_id": "TPS_00848", "intersection_dist_m": 12.9, "osm_node_id": null, "serves_from_bearing": 260.9, "serves_to_bearing": 170.9, "serves_quality": "good", "imagery_source": "taipei_udd_ortho_2025", "model_version": "yolo26s-obb_ep144", "src_image": "TPS_00848", "src_px": "512.4,296.4;507.7,266.8;458.6,274.7;463.3,304.3", "lat": 25.0524615, "lon": 121.6090215}, "geometry": {"type": "Point", "coordinates": [121.6090215, 25.0524615]}}, {"type": "Feature", "id": "dt_wsqqv4my8", "properties": {"id": "dt_wsqqv4my8", "status": "auto", "conf": 0.955, "n_detections": 1, "heading_deg": 130.5, "length_m": 4.34, "width_m": 2.54, "corner": "NE", "intersection_id": "TPS_01084", "intersection_dist_m": 17.5, "osm_node_id": null, "serves_from_bearing": 310.5, "serves_to_bearing": 220.5, "serves_quality": "ambiguous", "imagery_source": "taipei_udd_ortho_2025", "model_version": "yolo26s-obb_ep144", "src_image": "TPS_01084", "src_px": "602.3,274.6;553.5,232.6;528.9,261.1;577.8,303.1", "lat": 25.1062674, "lon": 121.5167214}, "geometry": {"type": "Point", "coordinates": [121.5167214, 25.1062674]}}, {"type": "Feature", "id": "dt_wsqqw7e1n", "properties": {"id": "dt_wsqqw7e1n", "status": "auto", "conf": 0.955, "n_detections": 2, "heading_deg": 10.6, "length_m": 5.31, "width_m": 2.6, "corner": "SW", "intersection_id": "TPS_01191", "intersection_dist_m": 9.4, "osm_node_id": null, "serves_from_bearing": 100.6, "serves_to_bearing": 10.6, "serves_quality": "ambiguous", "imagery_source": "taipei_udd_ortho_2025", "model_version": "yolo26s-obb_ep144", "src_image": "TPS_01486", "src_px": "180.8,181.5;195.2,103.8;157.4,96.8;143.1,174.5", "lat": 25.0682561, "lon": 121.5681256}, "geometry": {"type": "Point", "coordinates": [121.5681256, 25.0682561]}}, {"type": "Feature", "id": "dt_wsqqwbrp1", "properties": {"id": "dt_wsqqwbrp1", "status": "auto", "conf": 0.9549, "n_detections": 1, "heading_deg": 166.1, "length_m": 5.37, "width_m": 2.46, "corner": "SW", "intersection_id": "TPS_00191", "intersection_dist_m": 13.1, "osm_node_id": null, "serves_from_bearing": 166.1, "serves_to_bearing": 76.1, "serves_quality": "good", "imagery_source": "taipei_udd_ortho_2025", "model_version": "yolo26s-obb_ep144", "src_image": "TPS_00191", "src_px": "382.5,736.6;363.4,659.0;328.1,667.7;347.1,745.3", "lat": 25.0514308, "lon": 121.595373}, "geometry": {"type": "Point", "coordinates": [121.595373, 25.0514308]}}, {"type": "Feature", "id": "dt_wsqqth7u8", "properties": {"id": "dt_wsqqth7u8", "status": "auto", "conf": 0.9549, "n_detections": 1, "heading_deg": 176.7, "length_m": 3.92, "width_m": 2.28, "corner": "NE", "intersection_id": "TPS_00686", "intersection_dist_m": 15.8, "osm_node_id": null, "serves_from_bearing": 356.7, "serves_to_bearing": 266.7, "serves_quality": "ambiguous", "imagery_source": "taipei_udd_ortho_2025", "model_version": "yolo26s-obb_ep144", "src_image": "TPS_00686", "src_px": "830.2,380.1;826.9,321.9;793.3,323.8;796.6,382.0", "lat": 25.0729469, "lon": 121.5139682}, "geometry": {"type": "Point", "coordinates": [121.5139682, 25.0729469]}}, {"type": "Feature", "id": "dt_wsqqxk0zk", "properties": {"id": "dt_wsqqxk0zk", "status": "auto", "conf": 0.9549, "n_detections": 1, "heading_deg": 116.5, "length_m": 2.66, "width_m": 2.39, "corner": "NE", "intersection_id": "TPS_00837", "intersection_dist_m": 12.0, "osm_node_id": null, "serves_from_bearing": 296.5, "serves_to_bearing": 206.5, "serves_quality": "ambiguous", "imagery_source": "taipei_udd_ortho_2025", "model_version": "yolo26s-obb_ep144", "src_image": "TPS_00837", "src_px": "546.2,307.3;562.2,275.6;527.0,257.9;511.0,289.6", "lat": 25.0720561, "lon": 121.6088841}, "geometry": {"type": "Point", "coordinates": [121.6088841, 25.0720561]}}, {"type": "Feature", "id": "dt_wsqqmfjjv", "properties": {"id": "dt_wsqqmfjjv", "status": "auto", "conf": 0.9549, "n_detections": 2, "heading_deg": 40.6, "length_m": 6.24, "width_m": 2.56, "corner": "SE", "intersection_id": "TPS_01213", "intersection_dist_m": 13.5, "osm_node_id": null, "serves_from_bearing": 130.6, "serves_to_bearing": 40.6, "serves_quality": "good", "imagery_source": "taipei_udd_ortho_2025", "model_version": "yolo26s-obb_ep144", "src_image": "TPS_02512", "src_px": "565.0,265.4;625.0,194.9;596.1,170.4;536.2,240.9", "lat": 25.0168853, "lon": 121.5488322}, "geometry": {"type": "Point", "coordinates": [121.5488322, 25.0168853]}}, {"type": "Feature", "id": "dt_wsqqqx6ke", "properties": {"id": "dt_wsqqqx6ke", "status": "auto", "conf": 0.9548, "n_detections": 1, "heading_deg": 0.5, "length_m": 6.19, "width_m": 2.51, "corner": "NE", "intersection_id": "TPS_00335", "intersection_dist_m": 12.5, "osm_node_id": null, "serves_from_bearing": 0.5, "serves_to_bearing": 270.5, "serves_quality": "good", "imagery_source": "taipei_udd_ortho_2025", "model_version": "yolo26s-obb_ep144", "src_image": "TPS_00335", "src_px": "734.4,513.8;735.2,421.7;698.1,421.4;697.3,513.5", "lat": 25.0455082, "lon": 121.5779339}, "geometry": {"type": "Point", "coordinates": [121.5779339, 25.0455082]}}, {"type": "Feature", "id": "dt_wsqqwdxe4", "properties": {"id": "dt_wsqqwdxe4", "status": "auto", "conf": 0.9548, "n_detections": 1, "heading_deg": 27.0, "length_m": 7.02, "width_m": 2.42, "corner": "SE", "intersection_id": "TPS_00993", "intersection_dist_m": 12.1, "osm_node_id": null, "serves_from_bearing": 27.0, "serves_to_bearing": 297.0, "serves_quality": "good", "imagery_source": "taipei_udd_ortho_2025", "model_version": "yolo26s-obb_ep144", "src_image": "TPS_00993", "src_px": "644.5,500.3;691.7,407.2;659.7,391.0;612.5,484.1", "lat": 25.063094, "lon": 121.5851007}, "geometry": {"type": "Point", "coordinates": [121.5851007, 25.063094]}}, {"type": "Feature", "id": "dt_wsqqmh1vf", "properties": {"id": "dt_wsqqmh1vf", "status": "auto", "conf": 0.9548, "n_detections": 1, "heading_deg": 110.2, "length_m": 3.46, "width_m": 2.62, "corner": "SW", "intersection_id": "TPS_01128", "intersection_dist_m": 9.9, "osm_node_id": null, "serves_from_bearing": 200.2, "serves_to_bearing": 110.2, "serves_quality": "ambiguous", "imagery_source": "taipei_udd_ortho_2025", "model_version": "yolo26s-obb_ep144", "src_image": "TPS_01128", "src_px": "456.3,576.4;469.8,539.9;421.8,522.1;408.3,558.7", "lat": 25.0278835, "lon": 121.5113151}, "geometry": {"type": "Point", "coordinates": [121.5113151, 25.0278835]}}, {"type": "Feature", "id": "dt_wsqqw69e6", "properties": {"id": "dt_wsqqw69e6", "status": "auto", "conf": 0.9548, "n_detections": 2, "heading_deg": 173.0, "length_m": 5.51, "width_m": 2.25, "corner": "NE", "intersection_id": "TPS_02490", "intersection_dist_m": 14.5, "osm_node_id": null, "serves_from_bearing": 83.0, "serves_to_bearing": 353.0, "serves_quality": "ambiguous", "imagery_source": "taipei_udd_ortho_2025", "model_version": "yolo26s-obb_ep144", "src_image": "TPS_02491", "src_px": "157.1,394.4;147.2,312.9;114.2,316.9;124.1,398.4", "lat": 25.0631487, "lon": 121.5658716}, "geometry": {"type": "Point", "coordinates": [121.5658716, 25.0631487]}}, {"type": "Feature", "id": "dt_wsqqucpqn", "properties": {"id": "dt_wsqqucpqn", "status": "auto", "conf": 0.9547, "n_detections": 1, "heading_deg": 179.6, "length_m": 4.41, "width_m": 3.06, "corner": "SW", "intersection_id": "TPS_00427", "intersection_dist_m": 19.8, "osm_node_id": null, "serves_from_bearing": 179.6, "serves_to_bearing": 89.6, "serves_quality": "good", "imagery_source": "taipei_udd_ortho_2025", "model_version": "yolo26s-obb_ep144", "src_image": "TPS_00427", "src_px": "411.1,719.6;410.7,653.9;365.4,654.2;365.8,720.0", "lat": 25.0993287, "lon": 121.5080194}, "geometry": {"type": "Point", "coordinates": [121.5080194, 25.0993287]}}, {"type": "Feature", "id": "dt_wsqqtfq3c", "properties": {"id": "dt_wsqqtfq3c", "status": "auto", "conf": 0.9546, "n_detections": 2, "heading_deg": 12.5, "length_m": 5.77, "width_m": 2.51, "corner": "SE", "intersection_id": "TPS_02436", "intersection_dist_m": 10.7, "osm_node_id": null, "serves_from_bearing": 102.5, "serves_to_bearing": 12.5, "serves_quality": "ambiguous", "imagery_source": "taipei_udd_ortho_2025", "model_version": "yolo26s-obb_ep144", "src_image": "TPS_02436", "src_px": "625.0,558.4;643.5,474.6;607.3,466.6;588.8,550.4", "lat": 25.0614985, "lon": 121.550401}, "geometry": {"type": "Point", "coordinates": [121.550401, 25.0614985]}}, {"type": "Feature", "id": "dt_wsqqjwpwq", "properties": {"id": "dt_wsqqjwpwq", "status": "auto", "conf": 0.9545, "n_detections": 1, "heading_deg": 177.5, "length_m": 3.55, "width_m": 2.48, "corner": "NE", "intersection_id": "TPS_00375", "intersection_dist_m": 4.9, "osm_node_id": null, "serves_from_bearing": 357.5, "serves_to_bearing": 267.5, "serves_quality": "ambiguous", "imagery_source": "taipei_udd_ortho_2025", "model_version": "yolo26s-obb_ep144", "src_image": "TPS_00375", "src_px": "431.1,457.4;428.8,404.6;392.1,406.2;394.4,459.0", "lat": 24.9949754, "lon": 121.5413374}, "geometry": {"type": "Point", "coordinates": [121.5413374, 24.9949754]}}, {"type": "Feature", "id": "dt_wsqqwns46", "properties": {"id": "dt_wsqqwns46", "status": "auto", "conf": 0.9545, "n_detections": 1, "heading_deg": 63.1, "length_m": 4.47, "width_m": 2.52, "corner": "NW", "intersection_id": "TPS_00528", "intersection_dist_m": 15.2, "osm_node_id": null, "serves_from_bearing": 243.1, "serves_to_bearing": 153.1, "serves_quality": "good", "imagery_source": "taipei_udd_ortho_2025", "model_version": "yolo26s-obb_ep144", "src_image": "TPS_00528", "src_px": "455.0,342.0;438.0,308.6;379.0,338.7;396.0,372.1", "lat": 25.0849258, "lon": 121.5583355}, "geometry": {"type": "Point", "coordinates": [121.5583355, 25.0849258]}}, {"type": "Feature", "id": "dt_wsqqm8t35", "properties": {"id": "dt_wsqqm8t35", "status": "auto", "conf": 0.9544, "n_detections": 1, "heading_deg": 156.2, "length_m": 6.28, "width_m": 2.99, "corner": "SW", "intersection_id": "TPS_00113", "intersection_dist_m": 19.3, "osm_node_id": null, "serves_from_bearing": 156.2, "serves_to_bearing": 66.2, "serves_quality": "good", "imagery_source": "taipei_udd_ortho_2025", "model_version": "yolo26s-obb_ep144", "src_image": "TPS_00113", "src_px": "260.3,808.7;222.9,723.2;182.3,740.9;219.7,826.4", "lat": 25.0078354, "lon": 121.5381199}, "geometry": {"type": "Point", "coordinates": [121.5381199, 25.0078354]}}, {"type": "Feature", "id": "dt_wsqqmx3mm", "properties": {"id": "dt_wsqqmx3mm", "status": "auto", "conf": 0.9543, "n_detections": 1, "heading_deg": 105.1, "length_m": 6.07, "width_m": 2.36, "corner": "NW", "intersection_id": "TPS_00003", "intersection_dist_m": 18.1, "osm_node_id": null, "serves_from_bearing": 195.1, "serves_to_bearing": 105.1, "serves_quality": "good", "imagery_source": "taipei_udd_ortho_2025", "model_version": "yolo26s-obb_ep144", "src_image": "TPS_00003", "src_px": "388.5,535.0;397.7,501.1;311.1,477.5;301.9,511.3", "lat": 25.0456402, "lon": 121.5327129}, "geometry": {"type": "Point", "coordinates": [121.5327129, 25.0456402]}}, {"type": "Feature", "id": "dt_wsqqwt2fe", "properties": {"id": "dt_wsqqwt2fe", "status": "auto", "conf": 0.9543, "n_detections": 1, "heading_deg": 31.0, "length_m": 6.36, "width_m": 2.48, "corner": "NW", "intersection_id": "TPS_00522", "intersection_dist_m": 13.8, "osm_node_id": null, "serves_from_bearing": 211.0, "serves_to_bearing": 121.0, "serves_quality": "good", "imagery_source": "taipei_udd_ortho_2025", "model_version": "yolo26s-obb_ep144", "src_image": "TPS_00522", "src_px": "210.0,597.9;258.4,516.7;226.8,497.9;178.4,579.1", "lat": 25.0781143, "lon": 121.5758834}, "geometry": {"type": "Point", "coordinates": [121.5758834, 25.0781143]}}, {"type": "Feature", "id": "dt_wsqqmrzmx", "properties": {"id": "dt_wsqqmrzmx", "status": "auto", "conf": 0.9542, "n_detections": 1, "heading_deg": 58.0, "length_m": 6.17, "width_m": 2.65, "corner": "NE", "intersection_id": "TPS_00325", "intersection_dist_m": 30.9, "osm_node_id": null, "serves_from_bearing": 58.0, "serves_to_bearing": 328.0, "serves_quality": "good", "imagery_source": "taipei_udd_ortho_2025", "model_version": "yolo26s-obb_ep144", "src_image": "TPS_00325", "src_px": "1038.3,297.6;1017.4,264.3;940.0,312.9;960.9,346.2", "lat": 25.0484061, "lon": 121.5300517}, "geometry": {"type": "Point", "coordinates": [121.5300517, 25.0484061]}}, {"type": "Feature", "id": "dt_wsqqxht2h", "properties": {"id": "dt_wsqqxht2h", "status": "auto", "conf": 0.9542, "n_detections": 1, "heading_deg": 85.0, "length_m": 3.01, "width_m": 2.25, "corner": "NW", "intersection_id": "TPS_01024", "intersection_dist_m": 10.6, "osm_node_id": null, "serves_from_bearing": 265.0, "serves_to_bearing": 175.0, "serves_quality": "ambiguous", "imagery_source": "taipei_udd_ortho_2025", "model_version": "yolo26s-obb_ep144", "src_image": "TPS_01024", "src_px": "558.3,370.9;555.4,337.5;511.0,341.4;514.0,374.8", "lat": 25.0735663, "lon": 121.6040763}, "geometry": {"type": "Point", "coordinates": [121.6040763, 25.0735663]}}, {"type": "Feature", "id": "dt_wsqqt2teg", "properties": {"id": "dt_wsqqt2teg", "status": "auto", "conf": 0.9541, "n_detections": 1, "heading_deg": 85.4, "length_m": 4.67, "width_m": 2.37, "corner": "NW", "intersection_id": "TPS_00132", "intersection_dist_m": 28.7, "osm_node_id": null, "serves_from_bearing": 265.4, "serves_to_bearing": 175.4, "serves_quality": "good", "imagery_source": "taipei_udd_ortho_2025", "model_version": "yolo26s-obb_ep144", "src_image": "TPS_00132", "src_px": "244.8,168.2;242.0,133.0;173.1,138.6;175.9,173.7", "lat": 25.0522307, "lon": 121.5274686}, "geometry": {"type": "Point", "coordinates": [121.5274686, 25.0522307]}}, {"type": "Feature", "id": "dt_wsqqq4fu8", "properties": {"id": "dt_wsqqq4fu8", "status": "auto", "conf": 0.9541, "n_detections": 1, "heading_deg": 136.7, "length_m": 4.45, "width_m": 2.47, "corner": "NW", "intersection_id": "TPS_00667", "intersection_dist_m": 25.6, "osm_node_id": null, "serves_from_bearing": 316.7, "serves_to_bearing": 226.7, "serves_quality": "good", "imagery_source": "taipei_udd_ortho_2025", "model_version": "yolo26s-obb_ep144", "src_image": "TPS_00667", "src_px": "345.9,201.8;300.8,153.6;274.1,178.7;319.1,226.8", "lat": 25.0207909, "lon": 121.5565471}, "geometry": {"type": "Point", "coordinates": [121.5565471, 25.0207909]}}, {"type": "Feature", "id": "dt_wsqqtd3xj", "properties": {"id": "dt_wsqqtd3xj", "status": "auto", "conf": 0.954, "n_detections": 2, "heading_deg": 0.9, "length_m": 4.92, "width_m": 2.48, "corner": "SE", "intersection_id": "TPS_01200", "intersection_dist_m": 14.2, "osm_node_id": null, "serves_from_bearing": 90.9, "serves_to_bearing": 0.9, "serves_quality": "good", "imagery_source": "taipei_udd_ortho_2025", "model_version": "yolo26s-obb_ep144", "src_image": "TPS_01200", "src_px": "606.7,618.0;607.9,544.7;571.2,544.1;569.9,617.3", "lat": 25.0623898, "lon": 121.5330449}, "geometry": {"type": "Point", "coordinates": [121.5330449, 25.0623898]}}, {"type": "Feature", "id": "dt_wsqqjtxjm", "properties": {"id": "dt_wsqqjtxjm", "status": "auto", "conf": 0.9539, "n_detections": 1, "heading_deg": 17.1, "length_m": 3.56, "width_m": 2.48, "corner": "SE", "intersection_id": "TPS_01051", "intersection_dist_m": 13.2, "osm_node_id": null, "serves_from_bearing": 107.1, "serves_to_bearing": 17.1, "serves_quality": "good", "imagery_source": "taipei_udd_ortho_2025", "model_version": "yolo26s-obb_ep144", "src_image": "TPS_01051", "src_px": "647.2,621.6;662.7,571.0;627.6,560.2;612.2,610.8", "lat": 24.9920782, "lon": 121.5406305}, "geometry": {"type": "Point", "coordinates": [121.5406305, 24.9920782]}}, {"type": "Feature", "id": "dt_wsqqtf2x9", "properties": {"id": "dt_wsqqtf2x9", "status": "auto", "conf": 0.9539, "n_detections": 2, "heading_deg": 85.1, "length_m": 3.69, "width_m": 2.41, "corner": "SW", "intersection_id": "TPS_01171", "intersection_dist_m": 11.1, "osm_node_id": null, "serves_from_bearing": 175.1, "serves_to_bearing": 85.1, "serves_quality": "ambiguous", "imagery_source": "taipei_udd_ortho_2025", "model_version": "yolo26s-obb_ep144", "src_image": "TPS_01171", "src_px": "390.3,424.4;387.3,388.6;332.9,393.3;335.9,429.1", "lat": 25.0624944, "lon": 121.5425055}, "geometry": {"type": "Point", "coordinates": [121.5425055, 25.0624944]}}, {"type": "Feature", "id": "dt_wsqqt8x4s", "properties": {"id": "dt_wsqqt8x4s", "status": "auto", "conf": 0.9537, "n_detections": 1, "heading_deg": 0.3, "length_m": 4.46, "width_m": 2.49, "corner": "NE", "intersection_id": "TPS_00625", "intersection_dist_m": 14.4, "osm_node_id": null, "serves_from_bearing": 0.3, "serves_to_bearing": 270.3, "serves_quality": "good", "imagery_source": "taipei_udd_ortho_2025", "model_version": "yolo26s-obb_ep144", "src_image": "TPS_00625", "src_px": "543.3,267.8;543.7,201.4;506.9,201.2;506.5,267.6", "lat": 25.0520259, "lon": 121.5405552}, "geometry": {"type": "Point", "coordinates": [121.5405552, 25.0520259]}}, {"type": "Feature", "id": "dt_wsqqt9h5p", "properties": {"id": "dt_wsqqt9h5p", "status": "auto", "conf": 0.9537, "n_detections": 1, "heading_deg": 87.9, "length_m": 6.54, "width_m": 2.94, "corner": "NW", "intersection_id": "TPS_01439", "intersection_dist_m": 9.2, "osm_node_id": null, "serves_from_bearing": 267.9, "serves_to_bearing": 177.9, "serves_quality": "good", "imagery_source": "taipei_udd_ortho_2025", "model_version": "yolo26s-obb_ep144", "src_image": "TPS_01439", "src_px": "558.9,485.0;557.3,441.2;460.7,444.8;462.3,488.6", "lat": 25.0548407, "lon": 121.5365967}, "geometry": {"type": "Point", "coordinates": [121.5365967, 25.0548407]}}, {"type": "Feature", "id": "dt_wsqqt5qg7", "properties": {"id": "dt_wsqqt5qg7", "status": "auto", "conf": 0.9536, "n_detections": 1, "heading_deg": 178.4, "length_m": 3.41, "width_m": 2.42, "corner": "SW", "intersection_id": "TPS_00690", "intersection_dist_m": 17.1, "osm_node_id": null, "serves_from_bearing": 178.4, "serves_to_bearing": 88.4, "serves_quality": "good", "imagery_source": "taipei_udd_ortho_2025", "model_version": "yolo26s-obb_ep144", "src_image": "TPS_00690", "src_px": "258.9,529.5;257.5,478.8;221.7,479.8;223.1,530.5", "lat": 25.0672566, "lon": 121.5182199}, "geometry": {"type": "Point", "coordinates": [121.5182199, 25.0672566]}}, {"type": "Feature", "id": "dt_wsqqkv0m3", "properties": {"id": "dt_wsqqkv0m3", "status": "auto", "conf": 0.9535, "n_detections": 1, "heading_deg": 31.7, "length_m": 6.33, "width_m": 2.36, "corner": "NE", "intersection_id": "TPS_00184", "intersection_dist_m": 27.5, "osm_node_id": null, "serves_from_bearing": 31.7, "serves_to_bearing": 301.7, "serves_quality": "good", "imagery_source": "taipei_udd_ortho_2025", "model_version": "yolo26s-obb_ep144", "src_image": "TPS_00184", "src_px": "852.3,457.3;901.5,377.1;871.7,358.8;822.5,439.0", "lat": 25.0332576, "lon": 121.4982091}, "geometry": {"type": "Point", "coordinates": [121.4982091, 25.0332576]}}, {"type": "Feature", "id": "dt_wsqqksswp", "properties": {"id": "dt_wsqqksswp", "status": "auto", "conf": 0.9535, "n_detections": 1, "heading_deg": 40.0, "length_m": 4.61, "width_m": 2.27, "corner": "NW", "intersection_id": "TPS_00964", "intersection_dist_m": 20.6, "osm_node_id": null, "serves_from_bearing": 310.0, "serves_to_bearing": 220.0, "serves_quality": "ambiguous", "imagery_source": "taipei_udd_ortho_2025", "model_version": "yolo26s-obb_ep144", "src_image": "TPS_00964", "src_px": "191.6,388.7;235.4,336.2;209.6,314.7;165.8,367.2", "lat": 25.0306477, "lon": 121.4933024}, "geometry": {"type": "Point", "coordinates": [121.4933024, 25.0306477]}}, {"type": "Feature", "id": "dt_wsqqwbrpc", "properties": {"id": "dt_wsqqwbrpc", "status": "auto", "conf": 0.9534, "n_detections": 1, "heading_deg": 75.7, "length_m": 8.27, "width_m": 2.68, "corner": "NW", "intersection_id": "TPS_00191", "intersection_dist_m": 12.8, "osm_node_id": null, "serves_from_bearing": 255.7, "serves_to_bearing": 165.7, "serves_quality": "good", "imagery_source": "taipei_udd_ortho_2025", "model_version": "yolo26s-obb_ep144", "src_image": "TPS_00191", "src_px": "444.7,515.3;434.8,476.6;316.3,507.1;326.2,545.8", "lat": 25.0515468, "lon": 121.5953899}, "geometry": {"type": "Point", "coordinates": [121.5953899, 25.0515468]}}, {"type": "Feature", "id": "dt_wsqqnmx4w", "properties": {"id": "dt_wsqqnmx4w", "status": "auto", "conf": 0.9533, "n_detections": 1, "heading_deg": 168.4, "length_m": 5.34, "width_m": 3.02, "corner": "SW", "intersection_id": "TPS_00181", "intersection_dist_m": 10.5, "osm_node_id": null, "serves_from_bearing": 168.4, "serves_to_bearing": 78.4, "serves_quality": "good", "imagery_source": "taipei_udd_ortho_2025", "model_version": "yolo26s-obb_ep144", "src_image": "TPS_00181", "src_px": "424.0,653.3;408.1,575.4;364.3,584.4;380.2,662.2", "lat": 24.9915944, "lon": 121.573598}, "geometry": {"type": "Point", "coordinates": [121.573598, 24.9915944]}}, {"type": "Feature", "id": "dt_wsqqxndc5", "properties": {"id": "dt_wsqqxndc5", "status": "auto", "conf": 0.9533, "n_detections": 1, "heading_deg": 107.2, "length_m": 3.08, "width_m": 2.59, "corner": "NE", "intersection_id": "TPS_01278", "intersection_dist_m": 21.6, "osm_node_id": null, "serves_from_bearing": 17.2, "serves_to_bearing": 287.2, "serves_quality": "good", "imagery_source": "taipei_udd_ortho_2025", "model_version": "yolo26s-obb_ep144", "src_image": "TPS_01278", "src_px": "782.8,206.3;794.3,169.5;750.8,155.9;739.4,192.7", "lat": 25.0847116, "lon": 121.6006271}, "geometry": {"type": "Point", "coordinates": [121.6006271, 25.0847116]}}, {"type": "Feature", "id": "dt_wsqqx3nmw", "properties": {"id": "dt_wsqqx3nmw", "status": "auto", "conf": 0.9532, "n_detections": 1, "heading_deg": 92.4, "length_m": 7.12, "width_m": 2.31, "corner": "NW", "intersection_id": "TPS_00277", "intersection_dist_m": 19.8, "osm_node_id": null, "serves_from_bearing": 272.4, "serves_to_bearing": 182.4, "serves_quality": "good", "imagery_source": "taipei_udd_ortho_2025", "model_version": "yolo26s-obb_ep144", "src_image": "TPS_00277", "src_px": "494.5,250.2;495.9,215.8;390.7,211.4;389.2,245.9", "lat": 25.0552939, "lon": 121.6165458}, "geometry": {"type": "Point", "coordinates": [121.6165458, 25.0552939]}}, {"type": "Feature", "id": "dt_wsqqqhgwc", "properties": {"id": "dt_wsqqqhgwc", "status": "auto", "conf": 0.9532, "n_detections": 1, "heading_deg": 178.2, "length_m": 5.44, "width_m": 3.65, "corner": "NE", "intersection_id": "TPS_00593", "intersection_dist_m": 14.5, "osm_node_id": null, "serves_from_bearing": 358.2, "serves_to_bearing": 268.2, "serves_quality": "ambiguous", "imagery_source": "taipei_udd_ortho_2025", "model_version": "yolo26s-obb_ep144", "src_image": "TPS_00593", "src_px": "863.4,492.6;860.9,411.6;806.9,413.3;809.4,494.3", "lat": 25.0321416, "lon": 121.5575859}, "geometry": {"type": "Point", "coordinates": [121.5575859, 25.0321416]}}, {"type": "Feature", "id": "dt_wsqqmr62p", "properties": {"id": "dt_wsqqmr62p", "status": "auto", "conf": 0.9532, "n_detections": 2, "heading_deg": 15.4, "length_m": 5.61, "width_m": 3.02, "corner": "NE", "intersection_id": "TPS_00726", "intersection_dist_m": 4.1, "osm_node_id": null, "serves_from_bearing": 285.4, "serves_to_bearing": 195.4, "serves_quality": "ambiguous", "imagery_source": "taipei_udd_ortho_2025", "model_version": "yolo26s-obb_ep144", "src_image": "TPS_00726", "src_px": "519.2,495.9;541.3,415.4;498.2,403.5;476.0,484.0", "lat": 25.0447414, "lon": 121.5232064}, "geometry": {"type": "Point", "coordinates": [121.5232064, 25.0447414]}}, {"type": "Feature", "id": "dt_wsqqtd98q", "properties": {"id": "dt_wsqqtd98q", "status": "auto", "conf": 0.9531, "n_detections": 2, "heading_deg": 88.2, "length_m": 7.24, "width_m": 2.55, "corner": "SW", "intersection_id": "TPS_02499", "intersection_dist_m": 13.0, "osm_node_id": null, "serves_from_bearing": 178.2, "serves_to_bearing": 88.2, "serves_quality": "good", "imagery_source": "taipei_udd_ortho_2025", "model_version": "yolo26s-obb_ep144", "src_image": "TPS_02499", "src_px": "481.2,688.9;480.1,650.9;373.1,654.2;374.3,692.1", "lat": 25.0626459, "lon": 121.5331081}, "geometry": {"type": "Point", "coordinates": [121.5331081, 25.0626459]}}, {"type": "Feature", "id": "dt_wsqqqq8de", "properties": {"id": "dt_wsqqqq8de", "status": "auto", "conf": 0.9529, "n_detections": 1, "heading_deg": 86.1, "length_m": 6.25, "width_m": 2.44, "corner": "SE", "intersection_id": "TPS_00129", "intersection_dist_m": 15.1, "osm_node_id": null, "serves_from_bearing": 86.1, "serves_to_bearing": 356.1, "serves_quality": "good", "imagery_source": "taipei_udd_ortho_2025", "model_version": "yolo26s-obb_ep144", "src_image": "TPS_00129", "src_px": "781.5,681.8;779.0,645.5;686.8,651.8;689.3,688.1", "lat": 25.0410325, "lon": 121.5645563}, "geometry": {"type": "Point", "coordinates": [121.5645563, 25.0410325]}}, {"type": "Feature", "id": "dt_wsqqqxk72", "properties": {"id": "dt_wsqqqxk72", "status": "auto", "conf": 0.9529, "n_detections": 1, "heading_deg": 166.8, "length_m": 6.06, "width_m": 2.58, "corner": "SW", "intersection_id": "TPS_00149", "intersection_dist_m": 15.9, "osm_node_id": null, "serves_from_bearing": 166.8, "serves_to_bearing": 76.8, "serves_quality": "good", "imagery_source": "taipei_udd_ortho_2025", "model_version": "yolo26s-obb_ep144", "src_image": "TPS_00149", "src_px": "328.0,595.7;307.5,507.9;270.3,516.6;290.8,604.4", "lat": 25.0452989, "lon": 121.5805725}, "geometry": {"type": "Point", "coordinates": [121.5805725, 25.0452989]}}, {"type": "Feature", "id": "dt_wsqqtf9sx", "properties": {"id": "dt_wsqqtf9sx", "status": "auto", "conf": 0.9529, "n_detections": 1, "heading_deg": 2.1, "length_m": 3.38, "width_m": 2.33, "corner": "SW", "intersection_id": "TPS_00247", "intersection_dist_m": 12.3, "osm_node_id": null, "serves_from_bearing": 182.1, "serves_to_bearing": 92.1, "serves_quality": "good", "imagery_source": "taipei_udd_ortho_2025", "model_version": "yolo26s-obb_ep144", "src_image": "TPS_00247", "src_px": "237.9,562.7;239.7,512.4;205.2,511.2;203.5,561.5", "lat": 25.0633496, "lon": 121.5441282}, "geometry": {"type": "Point", "coordinates": [121.5441282, 25.0633496]}}, {"type": "Feature", "id": "dt_wsqqt8s9d", "properties": {"id": "dt_wsqqt8s9d", "status": "auto", "conf": 0.9528, "n_detections": 1, "heading_deg": 88.4, "length_m": 6.69, "width_m": 2.61, "corner": "SE", "intersection_id": "TPS_00624", "intersection_dist_m": 16.0, "osm_node_id": null, "serves_from_bearing": 178.4, "serves_to_bearing": 88.4, "serves_quality": "ambiguous", "imagery_source": "taipei_udd_ortho_2025", "model_version": "yolo26s-obb_ep144", "src_image": "TPS_00624", "src_px": "690.5,797.6;689.4,758.7;590.5,761.5;591.6,800.4", "lat": 25.0518504, "lon": 121.5370277}, "geometry": {"type": "Point", "coordinates": [121.5370277, 25.0518504]}}, {"type": "Feature", "id": "dt_wsqqqn1bt", "properties": {"id": "dt_wsqqqn1bt", "status": "auto", "conf": 0.9527, "n_detections": 1, "heading_deg": 89.6, "length_m": 6.55, "width_m": 2.36, "corner": "NW", "intersection_id": "TPS_00127", "intersection_dist_m": 27.1, "osm_node_id": null, "serves_from_bearing": 269.6, "serves_to_bearing": 179.6, "serves_quality": "good", "imagery_source": "taipei_udd_ortho_2025", "model_version": "yolo26s-obb_ep144", "src_image": "TPS_00127", "src_px": "386.8,104.6;386.6,69.4;289.8,70.0;290.0,105.2", "lat": 25.037963, "lon": 121.5553645}, "geometry": {"type": "Point", "coordinates": [121.5553645, 25.037963]}}, {"type": "Feature", "id": "dt_wsqqmx1ts", "properties": {"id": "dt_wsqqmx1ts", "status": "auto", "conf": 0.9527, "n_detections": 1, "heading_deg": 82.4, "length_m": 7.04, "width_m": 2.41, "corner": "SE", "intersection_id": "TPS_00706", "intersection_dist_m": 12.5, "osm_node_id": null, "serves_from_bearing": 82.4, "serves_to_bearing": 352.4, "serves_quality": "good", "imagery_source": "taipei_udd_ortho_2025", "model_version": "yolo26s-obb_ep144", "src_image": "TPS_00706", "src_px": "589.3,664.0;584.6,628.4;481.4,642.2;486.1,677.7", "lat": 25.0443069, "lon": 121.533009}, "geometry": {"type": "Point", "coordinates": [121.533009, 25.0443069]}}, {"type": "Feature", "id": "dt_wsqqksvuj", "properties": {"id": "dt_wsqqksvuj", "status": "auto", "conf": 0.9527, "n_detections": 1, "heading_deg": 49.2, "length_m": 7.41, "width_m": 3.72, "corner": "SE", "intersection_id": "TPS_00965", "intersection_dist_m": 19.3, "osm_node_id": null, "serves_from_bearing": 49.2, "serves_to_bearing": 319.2, "serves_quality": "good", "imagery_source": "taipei_udd_ortho_2025", "model_version": "yolo26s-obb_ep144", "src_image": "TPS_00965", "src_px": "946.6,685.5;910.4,643.8;827.4,715.9;863.5,757.5", "lat": 25.03168, "lon": 121.4949643}, "geometry": {"type": "Point", "coordinates": [121.4949643, 25.03168]}}, {"type": "Feature", "id": "dt_wsqqw1xtq", "properties": {"id": "dt_wsqqw1xtq", "status": "auto", "conf": 0.9525, "n_detections": 1, "heading_deg": 170.6, "length_m": 3.32, "width_m": 2.47, "corner": "SW", "intersection_id": "TPS_00026", "intersection_dist_m": 27.3, "osm_node_id": null, "serves_from_bearing": 170.6, "serves_to_bearing": 80.6, "serves_quality": "good", "imagery_source": "taipei_udd_ortho_2025", "model_version": "yolo26s-obb_ep144", "src_image": "TPS_00026", "src_px": "197.6,909.7;189.6,861.0;153.6,866.9;161.6,915.6", "lat": 25.0580046, "lon": 121.5633235}, "geometry": {"type": "Point", "coordinates": [121.5633235, 25.0580046]}}, {"type": "Feature", "id": "dt_wsqqt9kej", "properties": {"id": "dt_wsqqt9kej", "status": "auto", "conf": 0.9523, "n_detections": 1, "heading_deg": 2.9, "length_m": 4.93, "width_m": 2.46, "corner": "NE", "intersection_id": "TPS_00094", "intersection_dist_m": 22.7, "osm_node_id": null, "serves_from_bearing": 2.9, "serves_to_bearing": 272.9, "serves_quality": "good", "imagery_source": "taipei_udd_ortho_2025", "model_version": "yolo26s-obb_ep144", "src_image": "TPS_00094", "src_px": "888.9,485.1;892.6,411.8;856.3,410.0;852.6,483.2", "lat": 25.0562508, "lon": 121.5371833}, "geometry": {"type": "Point", "coordinates": [121.5371833, 25.0562508]}}, {"type": "Feature", "id": "dt_wsqqt1wfn", "properties": {"id": "dt_wsqqt1wfn", "status": "auto", "conf": 0.9523, "n_detections": 1, "heading_deg": 177.3, "length_m": 7.18, "width_m": 2.67, "corner": "NE", "intersection_id": "TPS_00144", "intersection_dist_m": 21.0, "osm_node_id": null, "serves_from_bearing": 357.3, "serves_to_bearing": 267.3, "serves_quality": "good", "imagery_source": "taipei_udd_ortho_2025", "model_version": "yolo26s-obb_ep144", "src_image": "TPS_00144", "src_px": "707.5,374.1;702.5,267.3;663.1,269.1;668.2,376.0", "lat": 25.0574158, "lon": 121.5183467}, "geometry": {"type": "Point", "coordinates": [121.5183467, 25.0574158]}}, {"type": "Feature", "id": "dt_wsqqx3hs4", "properties": {"id": "dt_wsqqx3hs4", "status": "auto", "conf": 0.9523, "n_detections": 1, "heading_deg": 177.0, "length_m": 2.62, "width_m": 2.42, "corner": "SE", "intersection_id": "TPS_00367", "intersection_dist_m": 23.3, "osm_node_id": null, "serves_from_bearing": 87.0, "serves_to_bearing": 357.0, "serves_quality": "ambiguous", "imagery_source": "taipei_udd_ortho_2025", "model_version": "yolo26s-obb_ep144", "src_image": "TPS_00367", "src_px": "448.6,920.5;446.6,881.5;410.9,883.3;412.9,922.3", "lat": 25.0550417, "lon": 121.6139623}, "geometry": {"type": "Point", "coordinates": [121.6139623, 25.0550417]}}, {"type": "Feature", "id": "dt_wsqqx9be0", "properties": {"id": "dt_wsqqx9be0", "status": "auto", "conf": 0.9523, "n_detections": 1, "heading_deg": 142.3, "length_m": 5.81, "width_m": 2.32, "corner": "SW", "intersection_id": "TPS_00849", "intersection_dist_m": 14.1, "osm_node_id": null, "serves_from_bearing": 142.3, "serves_to_bearing": 52.3, "serves_quality": "ambiguous", "imagery_source": "taipei_udd_ortho_2025", "model_version": "yolo26s-obb_ep144", "src_image": "TPS_00849", "src_px": "358.7,580.3;306.1,511.9;278.9,532.9;331.4,601.3", "lat": 25.0589836, "lon": 121.6193811}, "geometry": {"type": "Point", "coordinates": [121.6193811, 25.0589836]}}, {"type": "Feature", "id": "dt_wsqqmr9em", "properties": {"id": "dt_wsqqmr9em", "status": "auto", "conf": 0.9523, "n_detections": 1, "heading_deg": 101.9, "length_m": 4.51, "width_m": 2.7, "corner": "SW", "intersection_id": "TPS_01858", "intersection_dist_m": 11.1, "osm_node_id": null, "serves_from_bearing": 101.9, "serves_to_bearing": 11.9, "serves_quality": "ambiguous", "imagery_source": "taipei_udd_ortho_2025", "model_version": "yolo26s-obb_ep144", "src_image": "TPS_01858", "src_px": "650.8,628.4;659.2,589.1;593.9,575.2;585.6,614.5", "lat": 25.0466708, "lon": 121.522081}, "geometry": {"type": "Point", "coordinates": [121.522081, 25.0466708]}}, {"type": "Feature", "id": "dt_wsqqtbxck", "properties": {"id": "dt_wsqqtbxck", "status": "auto", "conf": 0.9521, "n_detections": 3, "heading_deg": 175.7, "length_m": 3.07, "width_m": 1.85, "corner": "SW", "intersection_id": "TPS_02448", "intersection_dist_m": 13.9, "osm_node_id": null, "serves_from_bearing": 175.7, "serves_to_bearing": 85.7, "serves_quality": "good", "imagery_source": "taipei_udd_ortho_2025", "model_version": "yolo26s-obb_ep144", "src_image": "TPS_02445", "src_px": "25.0,364.5;21.6,318.9;-5.7,321.0;-2.2,366.5", "lat": 25.0518047, "lon": 121.5525692}, "geometry": {"type": "Point", "coordinates": [121.5525692, 25.0518047]}}, {"type": "Feature", "id": "dt_wsqqmj9sc", "properties": {"id": "dt_wsqqmj9sc", "status": "auto", "conf": 0.9519, "n_detections": 1, "heading_deg": 4.7, "length_m": 3.57, "width_m": 2.56, "corner": "NE", "intersection_id": "TPS_00111", "intersection_dist_m": 29.1, "osm_node_id": null, "serves_from_bearing": 4.7, "serves_to_bearing": 274.7, "serves_quality": "good", "imagery_source": "taipei_udd_ortho_2025", "model_version": "yolo26s-obb_ep144", "src_image": "TPS_00111", "src_px": "623.4,148.1;627.7,95.2;589.9,92.1;585.6,145.1", "lat": 25.0359211, "lon": 121.5109125}, "geometry": {"type": "Point", "coordinates": [121.5109125, 25.0359211]}}, {"type": "Feature", "id": "dt_wsqqqxz7y", "properties": {"id": "dt_wsqqqxz7y", "status": "auto", "conf": 0.9519, "n_detections": 1, "heading_deg": 56.4, "length_m": 4.9, "width_m": 3.2, "corner": "NW", "intersection_id": "TPS_00857", "intersection_dist_m": 14.2, "osm_node_id": null, "serves_from_bearing": 236.4, "serves_to_bearing": 146.4, "serves_quality": "good", "imagery_source": "taipei_udd_ortho_2025", "model_version": "yolo26s-obb_ep144", "src_image": "TPS_00857", "src_px": "483.4,289.2;457.0,249.7;396.7,290.1;423.1,329.6", "lat": 25.0481046, "lon": 121.5849585}, "geometry": {"type": "Point", "coordinates": [121.5849585, 25.0481046]}}, {"type": "Feature", "id": "dt_wsqqv0ghu", "properties": {"id": "dt_wsqqv0ghu", "status": "auto", "conf": 0.9518, "n_detections": 1, "heading_deg": 72.6, "length_m": 4.42, "width_m": 3.27, "corner": "SW", "intersection_id": "TPS_00956", "intersection_dist_m": 24.9, "osm_node_id": null, "serves_from_bearing": 162.6, "serves_to_bearing": 72.6, "serves_quality": "ambiguous", "imagery_source": "taipei_udd_ortho_2025", "model_version": "yolo26s-obb_ep144", "src_image": "TPS_00956", "src_px": "317.9,537.4;303.2,491.0;240.9,510.7;255.6,557.1", "lat": 25.0977176, "lon": 121.5130963}, "geometry": {"type": "Point", "coordinates": [121.5130963, 25.0977176]}}, {"type": "Feature", "id": "dt_wsqqqw1qx", "properties": {"id": "dt_wsqqqw1qx", "status": "auto", "conf": 0.9517, "n_detections": 1, "heading_deg": 52.3, "length_m": 5.58, "width_m": 2.11, "corner": "NW", "intersection_id": "TPS_00137", "intersection_dist_m": 14.8, "osm_node_id": null, "serves_from_bearing": 322.3, "serves_to_bearing": 232.3, "serves_quality": "good", "imagery_source": "taipei_udd_ortho_2025", "model_version": "yolo26s-obb_ep144", "src_image": "TPS_00137", "src_px": "551.9,219.3;532.7,194.6;467.4,245.4;486.6,270.0", "lat": 25.0389636, "lon": 121.5767654}, "geometry": {"type": "Point", "coordinates": [121.5767654, 25.0389636]}}, {"type": "Feature", "id": "dt_wsqqnp322", "properties": {"id": "dt_wsqqnp322", "status": "auto", "conf": 0.9517, "n_detections": 1, "heading_deg": 19.9, "length_m": 4.03, "width_m": 2.45, "corner": "SW", "intersection_id": "TPS_00233", "intersection_dist_m": 10.9, "osm_node_id": null, "serves_from_bearing": 199.9, "serves_to_bearing": 109.9, "serves_quality": "good", "imagery_source": "taipei_udd_ortho_2025", "model_version": "yolo26s-obb_ep144", "src_image": "TPS_00233", "src_px": "291.8,569.5;312.1,513.1;278.0,500.8;257.7,557.2", "lat": 25.0008247, "lon": 121.5544704}, "geometry": {"type": "Point", "coordinates": [121.5544704, 25.0008247]}}, {"type": "Feature", "id": "dt_wsqqvs6d4", "properties": {"id": "dt_wsqqvs6d4", "status": "auto", "conf": 0.9517, "n_detections": 1, "heading_deg": 29.6, "length_m": 5.74, "width_m": 3.25, "corner": "SE", "intersection_id": "TPS_00563", "intersection_dist_m": 15.6, "osm_node_id": null, "serves_from_bearing": 29.6, "serves_to_bearing": 299.6, "serves_quality": "good", "imagery_source": "taipei_udd_ortho_2025", "model_version": "yolo26s-obb_ep144", "src_image": "TPS_00563", "src_px": "645.0,610.0;686.9,535.6;645.0,512.0;603.0,586.4", "lat": 25.1165037, "lon": 121.5342841}, "geometry": {"type": "Point", "coordinates": [121.5342841, 25.1165037]}}, {"type": "Feature", "id": "dt_wsqqm5gu7", "properties": {"id": "dt_wsqqm5gu7", "status": "auto", "conf": 0.9517, "n_detections": 1, "heading_deg": 114.0, "length_m": 2.61, "width_m": 2.6, "corner": "NE", "intersection_id": "TPS_01303", "intersection_dist_m": 17.9, "osm_node_id": null, "serves_from_bearing": 24.0, "serves_to_bearing": 294.0, "serves_quality": "good", "imagery_source": "taipei_udd_ortho_2025", "model_version": "yolo26s-obb_ep144", "src_image": "TPS_01303", "src_px": "760.1,473.4;775.9,438.2;740.6,422.4;724.9,457.6", "lat": 25.0262341, "lon": 121.5140988}, "geometry": {"type": "Point", "coordinates": [121.5140988, 25.0262341]}}, {"type": "Feature", "id": "dt_wsqqv65dk", "properties": {"id": "dt_wsqqv65dk", "status": "auto", "conf": 0.9516, "n_detections": 1, "heading_deg": 82.6, "length_m": 4.41, "width_m": 2.32, "corner": "NW", "intersection_id": "TPS_00272", "intersection_dist_m": 19.2, "osm_node_id": null, "serves_from_bearing": 262.6, "serves_to_bearing": 172.6, "serves_quality": "good", "imagery_source": "taipei_udd_ortho_2025", "model_version": "yolo26s-obb_ep144", "src_image": "TPS_00272", "src_px": "301.3,381.9;296.7,347.7;232.1,356.2;236.6,390.4", "lat": 25.1041852, "lon": 121.5247607}, "geometry": {"type": "Point", "coordinates": [121.5247607, 25.1041852]}}, {"type": "Feature", "id": "dt_wsqqt6cvv", "properties": {"id": "dt_wsqqt6cvv", "status": "auto", "conf": 0.9516, "n_detections": 1, "heading_deg": 172.7, "length_m": 4.29, "width_m": 2.9, "corner": "NE", "intersection_id": "TPS_00321", "intersection_dist_m": 15.8, "osm_node_id": null, "serves_from_bearing": 352.7, "serves_to_bearing": 262.7, "serves_quality": "good", "imagery_source": "taipei_udd_ortho_2025", "model_version": "yolo26s-obb_ep144", "src_image": "TPS_00321", "src_px": "879.3,499.6;871.2,436.2;828.6,441.6;836.7,505.0", "lat": 25.0649449, "lon": 121.5224079}, "geometry": {"type": "Point", "coordinates": [121.5224079, 25.0649449]}}, {"type": "Feature", "id": "dt_wsqqt0upj", "properties": {"id": "dt_wsqqt0upj", "status": "auto", "conf": 0.9514, "n_detections": 1, "heading_deg": 169.5, "length_m": 6.01, "width_m": 3.2, "corner": "NE", "intersection_id": "TPS_00156", "intersection_dist_m": 7.6, "osm_node_id": null, "serves_from_bearing": 349.5, "serves_to_bearing": 259.5, "serves_quality": "good", "imagery_source": "taipei_udd_ortho_2025", "model_version": "yolo26s-obb_ep144", "src_image": "TPS_00156", "src_px": "667.5,346.3;651.3,258.3;604.8,266.8;621.0,354.8", "lat": 25.0541593, "lon": 121.5145371}, "geometry": {"type": "Point", "coordinates": [121.5145371, 25.0541593]}}, {"type": "Feature", "id": "dt_wsqqt3tv4", "properties": {"id": "dt_wsqqt3tv4", "status": "auto", "conf": 0.9514, "n_detections": 2, "heading_deg": 88.4, "length_m": 6.95, "width_m": 2.6, "corner": "SW", "intersection_id": "TPS_01492", "intersection_dist_m": 8.9, "osm_node_id": null, "serves_from_bearing": 178.4, "serves_to_bearing": 88.4, "serves_quality": "ambiguous", "imagery_source": "taipei_udd_ortho_2025", "model_version": "yolo26s-obb_ep144", "src_image": "TPS_01492", "src_px": "473.4,759.1;472.3,720.4;369.6,723.3;370.7,762.0", "lat": 25.0579385, "lon": 121.5277828}, "geometry": {"type": "Point", "coordinates": [121.5277828, 25.0579385]}}, {"type": "Feature", "id": "dt_wsqqtc3fe", "properties": {"id": "dt_wsqqtc3fe", "status": "auto", "conf": 0.9513, "n_detections": 1, "heading_deg": 177.7, "length_m": 3.5, "width_m": 2.78, "corner": "NE", "intersection_id": "TPS_00077", "intersection_dist_m": 20.0, "osm_node_id": null, "serves_from_bearing": 357.7, "serves_to_bearing": 267.7, "serves_quality": "good", "imagery_source": "taipei_udd_ortho_2025", "model_version": "yolo26s-obb_ep144", "src_image": "TPS_00077", "src_px": "763.4,414.1;761.3,362.0;720.2,363.6;722.2,415.7", "lat": 25.0561309, "lon": 121.5443054}, "geometry": {"type": "Point", "coordinates": [121.5443054, 25.0561309]}}, {"type": "Feature", "id": "dt_wsqqqj15u", "properties": {"id": "dt_wsqqqj15u", "status": "auto", "conf": 0.9512, "n_detections": 1, "heading_deg": 87.9, "length_m": 4.85, "width_m": 2.47, "corner": "SE", "intersection_id": "TPS_00298", "intersection_dist_m": 14.8, "osm_node_id": null, "serves_from_bearing": 87.9, "serves_to_bearing": 357.9, "serves_quality": "ambiguous", "imagery_source": "taipei_udd_ortho_2025", "model_version": "yolo26s-obb_ep144", "src_image": "TPS_00298", "src_px": "589.2,795.1;587.8,758.4;516.1,761.1;517.5,797.8", "lat": 25.0330328, "lon": 121.5543066}, "geometry": {"type": "Point", "coordinates": [121.5543066, 25.0330328]}}, {"type": "Feature", "id": "dt_wsqqwd574", "properties": {"id": "dt_wsqqwd574", "status": "auto", "conf": 0.9512, "n_detections": 1, "heading_deg": 144.3, "length_m": 6.36, "width_m": 2.68, "corner": "NE", "intersection_id": "TPS_00896", "intersection_dist_m": 11.5, "osm_node_id": null, "serves_from_bearing": 324.3, "serves_to_bearing": 234.3, "serves_quality": "good", "imagery_source": "taipei_udd_ortho_2025", "model_version": "yolo26s-obb_ep144", "src_image": "TPS_00896", "src_px": "729.4,381.6;674.6,304.7;642.3,327.8;697.0,404.6", "lat": 25.0603503, "lon": 121.5792868}, "geometry": {"type": "Point", "coordinates": [121.5792868, 25.0603503]}}, {"type": "Feature", "id": "dt_wsqqmfjru", "properties": {"id": "dt_wsqqmfjru", "status": "auto", "conf": 0.9512, "n_detections": 1, "heading_deg": 133.2, "length_m": 4.53, "width_m": 2.45, "corner": "SW", "intersection_id": "TPS_02511", "intersection_dist_m": 8.6, "osm_node_id": null, "serves_from_bearing": 223.2, "serves_to_bearing": 133.2, "serves_quality": "ambiguous", "imagery_source": "taipei_udd_ortho_2025", "model_version": "yolo26s-obb_ep144", "src_image": "TPS_02511", "src_px": "337.8,677.1;289.0,630.9;264.1,657.3;312.8,703.5", "lat": 25.0172345, "lon": 121.5491596}, "geometry": {"type": "Point", "coordinates": [121.5491596, 25.0172345]}}, {"type": "Feature", "id": "dt_wsqqwd9mk", "properties": {"id": "dt_wsqqwd9mk", "status": "auto", "conf": 0.9511, "n_detections": 1, "heading_deg": 147.9, "length_m": 4.97, "width_m": 2.34, "corner": "SW", "intersection_id": "TPS_00752", "intersection_dist_m": 11.5, "osm_node_id": null, "serves_from_bearing": 147.9, "serves_to_bearing": 57.9, "serves_quality": "ambiguous", "imagery_source": "taipei_udd_ortho_2025", "model_version": "yolo26s-obb_ep144", "src_image": "TPS_00752", "src_px": "327.5,584.0;288.5,521.3;259.1,539.7;298.0,602.3", "lat": 25.06349, "lon": 121.5766203}, "geometry": {"type": "Point", "coordinates": [121.5766203, 25.06349]}}, {"type": "Feature", "id": "dt_wsqqtq6sg", "properties": {"id": "dt_wsqqtq6sg", "status": "auto", "conf": 0.9509, "n_detections": 1, "heading_deg": 3.2, "length_m": 5.39, "width_m": 2.72, "corner": "SW", "intersection_id": "TPS_00151", "intersection_dist_m": 23.4, "osm_node_id": null, "serves_from_bearing": 183.2, "serves_to_bearing": 93.2, "serves_quality": "good", "imagery_source": "taipei_udd_ortho_2025", "model_version": "yolo26s-obb_ep144", "src_image": "TPS_00151", "src_px": "241.4,651.5;245.8,571.3;205.6,569.1;201.2,649.3", "lat": 25.0839845, "lon": 121.5233585}, "geometry": {"type": "Point", "coordinates": [121.5233585, 25.0839845]}}, {"type": "Feature", "id": "dt_wsqqwg7t1", "properties": {"id": "dt_wsqqwg7t1", "status": "auto", "conf": 0.9509, "n_detections": 1, "heading_deg": 6.4, "length_m": 4.08, "width_m": 2.18, "corner": "SW", "intersection_id": "TPS_01003", "intersection_dist_m": 13.5, "osm_node_id": null, "serves_from_bearing": 186.4, "serves_to_bearing": 96.4, "serves_quality": "good", "imagery_source": "taipei_udd_ortho_2025", "model_version": "yolo26s-obb_ep144", "src_image": "TPS_01003", "src_px": "392.1,576.1;398.8,515.8;366.7,512.2;360.0,572.5", "lat": 25.0675436, "lon": 121.5905826}, "geometry": {"type": "Point", "coordinates": [121.5905826, 25.0675436]}}, {"type": "Feature", "id": "dt_wsqqt7s6d", "properties": {"id": "dt_wsqqt7s6d", "status": "auto", "conf": 0.9509, "n_detections": 2, "heading_deg": 88.5, "length_m": 5.83, "width_m": 2.69, "corner": "NW", "intersection_id": "TPS_02521", "intersection_dist_m": 20.1, "osm_node_id": null, "serves_from_bearing": 268.5, "serves_to_bearing": 178.5, "serves_quality": "good", "imagery_source": "taipei_udd_ortho_2025", "model_version": "yolo26s-obb_ep144", "src_image": "TPS_02520", "src_px": "702.6,289.9;701.6,249.9;615.4,252.1;616.4,292.1", "lat": 25.0684869, "lon": 121.5257104}, "geometry": {"type": "Point", "coordinates": [121.5257104, 25.0684869]}}, {"type": "Feature", "id": "dt_wsqqmh1zj", "properties": {"id": "dt_wsqqmh1zj", "status": "auto", "conf": 0.9508, "n_detections": 1, "heading_deg": 112.1, "length_m": 3.87, "width_m": 2.67, "corner": "NE", "intersection_id": "TPS_01128", "intersection_dist_m": 14.1, "osm_node_id": null, "serves_from_bearing": 22.1, "serves_to_bearing": 292.1, "serves_quality": "ambiguous", "imagery_source": "taipei_udd_ortho_2025", "model_version": "yolo26s-obb_ep144", "src_image": "TPS_01128", "src_px": "606.8,254.8;621.9,218.1;568.9,196.4;553.9,233.1", "lat": 25.0280802, "lon": 121.5114149}, "geometry": {"type": "Point", "coordinates": [121.5114149, 25.0280802]}}, {"type": "Feature", "id": "dt_wsqqkzzn4", "properties": {"id": "dt_wsqqkzzn4", "status": "auto", "conf": 0.9507, "n_detections": 1, "heading_deg": 14.9, "length_m": 4.91, "width_m": 2.5, "corner": "SW", "intersection_id": "TPS_00774", "intersection_dist_m": 20.0, "osm_node_id": null, "serves_from_bearing": 194.9, "serves_to_bearing": 104.9, "serves_quality": "good", "imagery_source": "taipei_udd_ortho_2025", "model_version": "yolo26s-obb_ep144", "src_image": "TPS_00774", "src_px": "396.4,708.3;415.0,637.7;379.3,628.3;360.7,698.9", "lat": 25.0484966, "lon": 121.5075042}, "geometry": {"type": "Point", "coordinates": [121.5075042, 25.0484966]}}, {"type": "Feature", "id": "dt_wsqqmk3xf", "properties": {"id": "dt_wsqqmk3xf", "status": "auto", "conf": 0.9507, "n_detections": 1, "heading_deg": 9.9, "length_m": 4.0, "width_m": 1.87, "corner": "SW", "intersection_id": "TPS_01654", "intersection_dist_m": 9.0, "osm_node_id": null, "serves_from_bearing": 189.9, "serves_to_bearing": 99.9, "serves_quality": "good", "imagery_source": "taipei_udd_ortho_2025", "model_version": "yolo26s-obb_ep144", "src_image": "TPS_01654", "src_px": "404.9,634.4;415.1,575.8;387.9,571.0;377.7,629.7", "lat": 25.029562, "lon": 121.5219295}, "geometry": {"type": "Point", "coordinates": [121.5219295, 25.029562]}}, {"type": "Feature", "id": "dt_wsqqt3wtg", "properties": {"id": "dt_wsqqt3wtg", "status": "auto", "conf": 0.9506, "n_detections": 1, "heading_deg": 87.1, "length_m": 4.58, "width_m": 2.54, "corner": "NW", "intersection_id": "TPS_01521", "intersection_dist_m": 10.6, "osm_node_id": null, "serves_from_bearing": 267.1, "serves_to_bearing": 177.1, "serves_quality": "ambiguous", "imagery_source": "taipei_udd_ortho_2025", "model_version": "yolo26s-obb_ep144", "src_image": "TPS_01521", "src_px": "543.6,499.7;541.8,462.0;474.1,465.4;476.0,503.1", "lat": 25.0580956, "lon": 121.5288713}, "geometry": {"type": "Point", "coordinates": [121.5288713, 25.0580956]}}, {"type": "Feature", "id": "dt_wsqqmu30v", "properties": {"id": "dt_wsqqmu30v", "status": "auto", "conf": 0.9505, "n_detections": 1, "heading_deg": 0.1, "length_m": 4.65, "width_m": 2.68, "corner": "SW", "intersection_id": "TPS_00588", "intersection_dist_m": 14.2, "osm_node_id": null, "serves_from_bearing": 180.1, "serves_to_bearing": 90.1, "serves_quality": "ambiguous", "imagery_source": "taipei_udd_ortho_2025", "model_version": "yolo26s-obb_ep144", "src_image": "TPS_00588", "src_px": "387.9,526.6;388.0,457.4;348.4,457.3;348.3,526.6", "lat": 25.0283849, "lon": 121.5433682}, "geometry": {"type": "Point", "coordinates": [121.5433682, 25.0283849]}}, {"type": "Feature", "id": "dt_wsqqmxcwp", "properties": {"id": "dt_wsqqmxcwp", "status": "auto", "conf": 0.9504, "n_detections": 1, "heading_deg": 2.6, "length_m": 5.3, "width_m": 2.56, "corner": "NE", "intersection_id": "TPS_00700", "intersection_dist_m": 16.1, "osm_node_id": null, "serves_from_bearing": 2.6, "serves_to_bearing": 272.6, "serves_quality": "good", "imagery_source": "taipei_udd_ortho_2025", "model_version": "yolo26s-obb_ep144", "src_image": "TPS_00700", "src_px": "722.0,439.8;725.5,361.0;687.7,359.3;684.2,438.1", "lat": 25.0485044, "lon": 121.5331226}, "geometry": {"type": "Point", "coordinates": [121.5331226, 25.0485044]}}, {"type": "Feature", "id": "dt_wsqqtbt1c", "properties": {"id": "dt_wsqqtbt1c", "status": "auto", "conf": 0.9504, "n_detections": 2, "heading_deg": 89.4, "length_m": 6.77, "width_m": 2.55, "corner": "SW", "intersection_id": "TPS_01119", "intersection_dist_m": 20.4, "osm_node_id": null, "serves_from_bearing": 179.4, "serves_to_bearing": 89.4, "serves_quality": "good", "imagery_source": "taipei_udd_ortho_2025", "model_version": "yolo26s-obb_ep144", "src_image": "TPS_01118", "src_px": "934.7,216.7;934.3,178.7;834.2,179.7;834.6,217.7", "lat": 25.0518925, "lon": 121.5486926}, "geometry": {"type": "Point", "coordinates": [121.5486926, 25.0518925]}}, {"type": "Feature", "id": "dt_wsqqqjxuj", "properties": {"id": "dt_wsqqqjxuj", "status": "auto", "conf": 0.9503, "n_detections": 1, "heading_deg": 86.3, "length_m": 3.3, "width_m": 2.05, "corner": "SE", "intersection_id": "TPS_02416", "intersection_dist_m": 9.9, "osm_node_id": null, "serves_from_bearing": 86.3, "serves_to_bearing": 356.3, "serves_quality": "good", "imagery_source": "taipei_udd_ortho_2025", "model_version": "yolo26s-obb_ep144", "src_image": "TPS_02416", "src_px": "606.2,572.9;604.2,542.4;555.5,545.6;557.5,576.1", "lat": 25.0358098, "lon": 121.5635952}, "geometry": {"type": "Point", "coordinates": [121.5635952, 25.0358098]}}, {"type": "Feature", "id": "dt_wsqqjwx7q", "properties": {"id": "dt_wsqqjwx7q", "status": "auto", "conf": 0.9502, "n_detections": 1, "heading_deg": 161.5, "length_m": 4.7, "width_m": 2.66, "corner": "NE", "intersection_id": "TPS_00271", "intersection_dist_m": 6.1, "osm_node_id": null, "serves_from_bearing": 341.5, "serves_to_bearing": 251.5, "serves_quality": "good", "imagery_source": "taipei_udd_ortho_2025", "model_version": "yolo26s-obb_ep144", "src_image": "TPS_00271", "src_px": "446.4,331.8;424.4,265.5;387.1,277.9;409.1,344.1", "lat": 24.9972307, "lon": 121.5409975}, "geometry": {"type": "Point", "coordinates": [121.5409975, 24.9972307]}}, {"type": "Feature", "id": "dt_wsqqu8pyh", "properties": {"id": "dt_wsqqu8pyh", "status": "auto", "conf": 0.9502, "n_detections": 1, "heading_deg": 95.9, "length_m": 3.26, "width_m": 2.54, "corner": "SW", "intersection_id": "TPS_01093", "intersection_dist_m": 21.1, "osm_node_id": null, "serves_from_bearing": 185.9, "serves_to_bearing": 95.9, "serves_quality": "good", "imagery_source": "taipei_udd_ortho_2025", "model_version": "yolo26s-obb_ep144", "src_image": "TPS_01093", "src_px": "298.5,809.9;302.4,772.3;254.5,767.3;250.6,805.0", "lat": 25.093826, "lon": 121.4976448}, "geometry": {"type": "Point", "coordinates": [121.4976448, 25.093826]}}, {"type": "Feature", "id": "dt_wsqqtfkmz", "properties": {"id": "dt_wsqqtfkmz", "status": "auto", "conf": 0.9501, "n_detections": 1, "heading_deg": 93.8, "length_m": 6.77, "width_m": 2.51, "corner": "NW", "intersection_id": "TPS_00093", "intersection_dist_m": 12.5, "osm_node_id": null, "serves_from_bearing": 273.8, "serves_to_bearing": 183.8, "serves_quality": "good", "imagery_source": "taipei_udd_ortho_2025", "model_version": "yolo26s-obb_ep144", "src_image": "TPS_00093", "src_px": "549.3,435.1;551.8,397.8;451.9,391.2;449.4,428.5", "lat": 25.0621808, "lon": 121.5479202}, "geometry": {"type": "Point", "coordinates": [121.5479202, 25.0621808]}}, {"type": "Feature", "id": "dt_wsqqqx6hv", "properties": {"id": "dt_wsqqqx6hv", "status": "auto", "conf": 0.95, "n_detections": 1, "heading_deg": 88.7, "length_m": 6.76, "width_m": 2.44, "corner": "NW", "intersection_id": "TPS_00335", "intersection_dist_m": 15.0, "osm_node_id": null, "serves_from_bearing": 268.7, "serves_to_bearing": 178.7, "serves_quality": "good", "imagery_source": "taipei_udd_ortho_2025", "model_version": "yolo26s-obb_ep144", "src_image": "TPS_00335", "src_px": "416.5,413.8;415.6,377.5;315.7,379.7;316.6,416.1", "lat": 25.0455512, "lon": 121.5776991}, "geometry": {"type": "Point", "coordinates": [121.5776991, 25.0455512]}}, {"type": "Feature", "id": "dt_wsqqtveur", "properties": {"id": "dt_wsqqtveur", "status": "auto", "conf": 0.95, "n_detections": 1, "heading_deg": 85.7, "length_m": 4.38, "width_m": 2.77, "corner": "SE", "intersection_id": "TPS_00525", "intersection_dist_m": 14.3, "osm_node_id": null, "serves_from_bearing": 85.7, "serves_to_bearing": 355.7, "serves_quality": "good", "imagery_source": "taipei_udd_ortho_2025", "model_version": "yolo26s-obb_ep144", "src_image": "TPS_00525", "src_px": "752.1,639.4;749.0,598.2;684.4,603.1;687.5,644.3", "lat": 25.07978, "lon": 121.5472079}, "geometry": {"type": "Point", "coordinates": [121.5472079, 25.07978]}}, {"type": "Feature", "id": "dt_wsqqmre19", "properties": {"id": "dt_wsqqmre19", "status": "auto", "conf": 0.9499, "n_detections": 1, "heading_deg": 15.1, "length_m": 5.1, "width_m": 2.46, "corner": "NE", "intersection_id": "TPS_00114", "intersection_dist_m": 15.6, "osm_node_id": null, "serves_from_bearing": 15.1, "serves_to_bearing": 285.1, "serves_quality": "good", "imagery_source": "taipei_udd_ortho_2025", "model_version": "yolo26s-obb_ep144", "src_image": "TPS_00114", "src_px": "856.7,621.7;876.3,548.4;841.2,539.0;821.5,612.2", "lat": 25.0463728, "lon": 121.5239495}, "geometry": {"type": "Point", "coordinates": [121.5239495, 25.0463728]}}, {"type": "Feature", "id": "dt_wsqqmxk14", "properties": {"id": "dt_wsqqmxk14", "status": "auto", "conf": 0.9499, "n_detections": 1, "heading_deg": 87.8, "length_m": 5.49, "width_m": 2.35, "corner": "NW", "intersection_id": "TPS_00601", "intersection_dist_m": 16.5, "osm_node_id": null, "serves_from_bearing": 357.8, "serves_to_bearing": 267.8, "serves_quality": "ambiguous", "imagery_source": "taipei_udd_ortho_2025", "model_version": "yolo26s-obb_ep144", "src_image": "TPS_00601", "src_px": "454.2,173.4;452.9,138.5;371.8,141.6;373.1,176.5", "lat": 25.044919, "lon": 121.5363602}, "geometry": {"type": "Point", "coordinates": [121.5363602, 25.044919]}}, {"type": "Feature", "id": "dt_wsqqqrw5u", "properties": {"id": "dt_wsqqqrw5u", "status": "auto", "conf": 0.9499, "n_detections": 1, "heading_deg": 58.9, "length_m": 4.32, "width_m": 2.36, "corner": "SE", "intersection_id": "TPS_00723", "intersection_dist_m": 12.6, "osm_node_id": null, "serves_from_bearing": 148.9, "serves_to_bearing": 58.9, "serves_quality": "good", "imagery_source": "taipei_udd_ortho_2025", "model_version": "yolo26s-obb_ep144", "src_image": "TPS_00723", "src_px": "600.0,706.4;581.8,676.4;527.1,709.6;545.3,739.6", "lat": 25.0467618, "lon": 121.5721667}, "geometry": {"type": "Point", "coordinates": [121.5721667, 25.0467618]}}, {"type": "Feature", "id": "dt_wsqqt889c", "properties": {"id": "dt_wsqqt889c", "status": "auto", "conf": 0.9497, "n_detections": 1, "heading_deg": 87.3, "length_m": 4.47, "width_m": 2.33, "corner": "SE", "intersection_id": "TPS_00715", "intersection_dist_m": 15.1, "osm_node_id": null, "serves_from_bearing": 87.3, "serves_to_bearing": 357.3, "serves_quality": "ambiguous", "imagery_source": "taipei_udd_ortho_2025", "model_version": "yolo26s-obb_ep144", "src_image": "TPS_00715", "src_px": "661.0,691.1;659.4,656.5;593.4,659.6;595.0,694.2", "lat": 25.0519137, "lon": 121.5315256}, "geometry": {"type": "Point", "coordinates": [121.5315256, 25.0519137]}}, {"type": "Feature", "id": "dt_wsqqksz3j", "properties": {"id": "dt_wsqqksz3j", "status": "auto", "conf": 0.9496, "n_detections": 1, "heading_deg": 33.2, "length_m": 5.38, "width_m": 2.46, "corner": "NE", "intersection_id": "TPS_00186", "intersection_dist_m": 19.6, "osm_node_id": null, "serves_from_bearing": 33.2, "serves_to_bearing": 303.2, "serves_quality": "good", "imagery_source": "taipei_udd_ortho_2025", "model_version": "yolo26s-obb_ep144", "src_image": "TPS_00186", "src_px": "836.2,573.8;879.8,506.8;849.2,486.9;805.7,553.9", "lat": 25.0311613, "lon": 121.4969945}, "geometry": {"type": "Point", "coordinates": [121.4969945, 25.0311613]}}, {"type": "Feature", "id": "dt_wsqqmqn39", "properties": {"id": "dt_wsqqmqn39", "status": "auto", "conf": 0.9495, "n_detections": 1, "heading_deg": 13.9, "length_m": 4.43, "width_m": 2.32, "corner": "SE", "intersection_id": "TPS_00047", "intersection_dist_m": 15.3, "osm_node_id": null, "serves_from_bearing": 103.9, "serves_to_bearing": 13.9, "serves_quality": "good", "imagery_source": "taipei_udd_ortho_2025", "model_version": "yolo26s-obb_ep144", "src_image": "TPS_00047", "src_px": "587.5,604.6;603.2,540.6;569.8,532.4;554.1,596.4", "lat": 25.0381372, "lon": 121.5284032}, "geometry": {"type": "Point", "coordinates": [121.5284032, 25.0381372]}}, {"type": "Feature", "id": "dt_wsqqm5v9h", "properties": {"id": "dt_wsqqm5v9h", "status": "auto", "conf": 0.9495, "n_detections": 1, "heading_deg": 164.9, "length_m": 4.29, "width_m": 2.3, "corner": "SE", "intersection_id": "TPS_00491", "intersection_dist_m": 14.7, "osm_node_id": null, "serves_from_bearing": 74.9, "serves_to_bearing": 344.9, "serves_quality": "good", "imagery_source": "taipei_udd_ortho_2025", "model_version": "yolo26s-obb_ep144", "src_image": "TPS_00491", "src_px": "799.3,621.3;782.8,559.6;749.9,568.4;766.4,630.1", "lat": 25.0256782, "lon": 121.5165183}, "geometry": {"type": "Point", "coordinates": [121.5165183, 25.0256782]}}, {"type": "Feature", "id": "dt_wsqqq52fn", "properties": {"id": "dt_wsqqq52fn", "status": "auto", "conf": 0.9495, "n_detections": 1, "heading_deg": 49.9, "length_m": 2.64, "width_m": 2.56, "corner": "NE", "intersection_id": "TPS_00641", "intersection_dist_m": 14.2, "osm_node_id": null, "serves_from_bearing": 49.9, "serves_to_bearing": 319.9, "serves_quality": "good", "imagery_source": "taipei_udd_ortho_2025", "model_version": "yolo26s-obb_ep144", "src_image": "TPS_00641", "src_px": "712.3,498.4;687.8,469.4;657.9,494.7;682.4,523.7", "lat": 25.0230936, "lon": 121.5540521}, "geometry": {"type": "Point", "coordinates": [121.5540521, 25.0230936]}}, {"type": "Feature", "id": "dt_wsqqmx3rj", "properties": {"id": "dt_wsqqmx3rj", "status": "auto", "conf": 0.9494, "n_detections": 1, "heading_deg": 95.5, "length_m": 2.11, "width_m": 1.22, "corner": "NW", "intersection_id": "TPS_00003", "intersection_dist_m": 38.6, "osm_node_id": null, "serves_from_bearing": 275.5, "serves_to_bearing": 185.5, "serves_quality": "good", "imagery_source": "taipei_udd_ortho_2025", "model_version": "yolo26s-obb_ep144", "src_image": "TPS_00003", "src_px": "396.4,16.4;398.2,-1.6;367.1,-4.6;365.4,13.3", "lat": 25.0459442, "lon": 121.5327343}, "geometry": {"type": "Point", "coordinates": [121.5327343, 25.0459442]}}, {"type": "Feature", "id": "dt_wsqqmk1f0", "properties": {"id": "dt_wsqqmk1f0", "status": "auto", "conf": 0.9494, "n_detections": 1, "heading_deg": 58.7, "length_m": 6.81, "width_m": 2.62, "corner": "NW", "intersection_id": "TPS_00106", "intersection_dist_m": 27.9, "osm_node_id": null, "serves_from_bearing": 238.7, "serves_to_bearing": 148.7, "serves_quality": "good", "imagery_source": "taipei_udd_ortho_2025", "model_version": "yolo26s-obb_ep144", "src_image": "TPS_00106", "src_px": "331.1,378.3;310.7,345.1;224.6,397.8;244.9,431.0", "lat": 25.0272037, "lon": 121.5221933}, "geometry": {"type": "Point", "coordinates": [121.5221933, 25.0272037]}}, {"type": "Feature", "id": "dt_wsqqt557w", "properties": {"id": "dt_wsqqt557w", "status": "auto", "conf": 0.9494, "n_detections": 1, "heading_deg": 1.4, "length_m": 6.09, "width_m": 2.57, "corner": "SW", "intersection_id": "TPS_00354", "intersection_dist_m": 17.0, "osm_node_id": null, "serves_from_bearing": 181.4, "serves_to_bearing": 91.4, "serves_quality": "good", "imagery_source": "taipei_udd_ortho_2025", "model_version": "yolo26s-obb_ep144", "src_image": "TPS_00354", "src_px": "174.4,720.3;176.6,629.7;138.6,628.8;136.4,719.3", "lat": 25.0659095, "lon": 121.5135289}, "geometry": {"type": "Point", "coordinates": [121.5135289, 25.0659095]}}, {"type": "Feature", "id": "dt_wsqqmfcjz", "properties": {"id": "dt_wsqqmfcjz", "status": "auto", "conf": 0.9494, "n_detections": 2, "heading_deg": 88.7, "length_m": 4.58, "width_m": 2.54, "corner": "NE", "intersection_id": "TPS_02516", "intersection_dist_m": 11.7, "osm_node_id": null, "serves_from_bearing": 358.7, "serves_to_bearing": 268.7, "serves_quality": "good", "imagery_source": "taipei_udd_ortho_2025", "model_version": "yolo26s-obb_ep144", "src_image": "TPS_01216", "src_px": "995.5,659.9;994.7,622.1;927.0,623.7;927.8,661.5", "lat": 25.0209832, "lon": 121.5434226}, "geometry": {"type": "Point", "coordinates": [121.5434226, 25.0209832]}}, {"type": "Feature", "id": "dt_wsqqw2fxk", "properties": {"id": "dt_wsqqw2fxk", "status": "auto", "conf": 0.9493, "n_detections": 1, "heading_deg": 82.9, "length_m": 5.57, "width_m": 2.4, "corner": "SE", "intersection_id": "TPS_00027", "intersection_dist_m": 15.3, "osm_node_id": null, "serves_from_bearing": 82.9, "serves_to_bearing": 352.9, "serves_quality": "ambiguous", "imagery_source": "taipei_udd_ortho_2025", "model_version": "yolo26s-obb_ep144", "src_image": "TPS_00027", "src_px": "588.9,759.8;584.5,724.4;502.7,734.7;507.1,770.0", "lat": 25.0542027, "lon": 121.5673483}, "geometry": {"type": "Point", "coordinates": [121.5673483, 25.0542027]}}, {"type": "Feature", "id": "dt_wsqqw69ej", "properties": {"id": "dt_wsqqw69ej", "status": "auto", "conf": 0.9493, "n_detections": 3, "heading_deg": 82.8, "length_m": 3.71, "width_m": 2.39, "corner": "NW", "intersection_id": "TPS_02491", "intersection_dist_m": 14.6, "osm_node_id": null, "serves_from_bearing": 262.8, "serves_to_bearing": 172.8, "serves_quality": "good", "imagery_source": "taipei_udd_ortho_2025", "model_version": "yolo26s-obb_ep144", "src_image": "TPS_02488", "src_px": "128.1,953.0;123.6,917.7;69.1,924.6;73.6,959.9", "lat": 25.0631055, "lon": 121.5660184}, "geometry": {"type": "Point", "coordinates": [121.5660184, 25.0631055]}}, {"type": "Feature", "id": "dt_wsqqnmt6f", "properties": {"id": "dt_wsqqnmt6f", "status": "auto", "conf": 0.9492, "n_detections": 1, "heading_deg": 9.0, "length_m": 5.23, "width_m": 2.57, "corner": "SW", "intersection_id": "TPS_00217", "intersection_dist_m": 11.6, "osm_node_id": null, "serves_from_bearing": 189.0, "serves_to_bearing": 99.0, "serves_quality": "good", "imagery_source": "taipei_udd_ortho_2025", "model_version": "yolo26s-obb_ep144", "src_image": "TPS_00217", "src_px": "406.5,590.1;418.6,513.2;381.0,507.2;368.8,584.1", "lat": 24.9916371, "lon": 121.5710228}, "geometry": {"type": "Point", "coordinates": [121.5710228, 24.9916371]}}, {"type": "Feature", "id": "dt_wsqqtfqfs", "properties": {"id": "dt_wsqqtfqfs", "status": "auto", "conf": 0.9491, "n_detections": 1, "heading_deg": 7.0, "length_m": 5.3, "width_m": 2.33, "corner": "NW", "intersection_id": "TPS_02437", "intersection_dist_m": 12.5, "osm_node_id": null, "serves_from_bearing": 277.0, "serves_to_bearing": 187.0, "serves_quality": "good", "imagery_source": "taipei_udd_ortho_2025", "model_version": "yolo26s-obb_ep144", "src_image": "TPS_02437", "src_px": "305.5,577.4;315.0,499.1;280.8,494.9;271.3,573.3", "lat": 25.0616396, "lon": 121.5512143}, "geometry": {"type": "Point", "coordinates": [121.5512143, 25.0616396]}}, {"type": "Feature", "id": "dt_wsqqmzct1", "properties": {"id": "dt_wsqqmzct1", "status": "auto", "conf": 0.949, "n_detections": 1, "heading_deg": 90.6, "length_m": 6.98, "width_m": 2.94, "corner": "NW", "intersection_id": "TPS_00629", "intersection_dist_m": 13.2, "osm_node_id": null, "serves_from_bearing": 270.6, "serves_to_bearing": 180.6, "serves_quality": "good", "imagery_source": "taipei_udd_ortho_2025", "model_version": "yolo26s-obb_ep144", "src_image": "TPS_00629", "src_px": "377.7,436.4;378.1,392.7;274.9,391.7;274.5,435.3", "lat": 25.0483401, "lon": 121.5438551}, "geometry": {"type": "Point", "coordinates": [121.5438551, 25.0483401]}}, {"type": "Feature", "id": "dt_wsqqjtzk6", "properties": {"id": "dt_wsqqjtzk6", "status": "auto", "conf": 0.9489, "n_detections": 1, "heading_deg": 103.7, "length_m": 4.66, "width_m": 2.57, "corner": "NW", "intersection_id": "TPS_00084", "intersection_dist_m": 36.4, "osm_node_id": null, "serves_from_bearing": 283.7, "serves_to_bearing": 193.7, "serves_quality": "good", "imagery_source": "taipei_udd_ortho_2025", "model_version": "yolo26s-obb_ep144", "src_image": "TPS_00084", "src_px": "217.4,169.0;226.5,131.8;159.5,115.4;150.4,152.6", "lat": 24.9932844, "lon": 121.5408444}, "geometry": {"type": "Point", "coordinates": [121.5408444, 24.9932844]}}, {"type": "Feature", "id": "dt_wsqqxhqqz", "properties": {"id": "dt_wsqqxhqqz", "status": "auto", "conf": 0.9489, "n_detections": 1, "heading_deg": 30.0, "length_m": 4.0, "width_m": 2.35, "corner": "SW", "intersection_id": "TPS_00109", "intersection_dist_m": 16.9, "osm_node_id": null, "serves_from_bearing": 210.0, "serves_to_bearing": 120.0, "serves_quality": "good", "imagery_source": "taipei_udd_ortho_2025", "model_version": "yolo26s-obb_ep144", "src_image": "TPS_00109", "src_px": "195.0,503.2;224.6,451.6;194.4,434.3;164.8,485.9", "lat": 25.0733425, "lon": 121.605565}, "geometry": {"type": "Point", "coordinates": [121.605565, 25.0733425]}}, {"type": "Feature", "id": "dt_wsqqwfhh0", "properties": {"id": "dt_wsqqwfhh0", "status": "auto", "conf": 0.9489, "n_detections": 1, "heading_deg": 157.0, "length_m": 5.86, "width_m": 3.09, "corner": "SW", "intersection_id": "TPS_00856", "intersection_dist_m": 17.0, "osm_node_id": null, "serves_from_bearing": 157.0, "serves_to_bearing": 67.0, "serves_quality": "good", "imagery_source": "taipei_udd_ortho_2025", "model_version": "yolo26s-obb_ep144", "src_image": "TPS_00856", "src_px": "332.1,620.5;298.3,540.2;256.2,558.0;290.0,638.2", "lat": 25.0605188, "lon": 121.5912121}, "geometry": {"type": "Point", "coordinates": [121.5912121, 25.0605188]}}, {"type": "Feature", "id": "dt_wsqqjzrv7", "properties": {"id": "dt_wsqqjzrv7", "status": "auto", "conf": 0.9488, "n_detections": 1, "heading_deg": 106.0, "length_m": 3.48, "width_m": 2.62, "corner": "NW", "intersection_id": "TPS_00232", "intersection_dist_m": 14.8, "osm_node_id": null, "serves_from_bearing": 286.0, "serves_to_bearing": 196.0, "serves_quality": "good", "imagery_source": "taipei_udd_ortho_2025", "model_version": "yolo26s-obb_ep144", "src_image": "TPS_00232", "src_px": "492.5,455.4;503.3,418.0;453.9,403.7;443.0,441.1", "lat": 25.0016667, "lon": 121.5525367}, "geometry": {"type": "Point", "coordinates": [121.5525367, 25.0016667]}}, {"type": "Feature", "id": "dt_wsqqw2132", "properties": {"id": "dt_wsqqw2132", "status": "auto", "conf": 0.9486, "n_detections": 1, "heading_deg": 79.8, "length_m": 5.6, "width_m": 3.31, "corner": "NE", "intersection_id": "TPS_00009", "intersection_dist_m": 26.0, "osm_node_id": null, "serves_from_bearing": 349.8, "serves_to_bearing": 259.8, "serves_quality": "good", "imagery_source": "taipei_udd_ortho_2025", "model_version": "yolo26s-obb_ep144", "src_image": "TPS_00009", "src_px": "585.2,257.0;576.4,208.5;494.9,223.3;503.7,271.8", "lat": 25.0490677, "lon": 121.5654561}, "geometry": {"type": "Point", "coordinates": [121.5654561, 25.0490677]}}, {"type": "Feature", "id": "dt_wsqqumr8f", "properties": {"id": "dt_wsqqumr8f", "status": "auto", "conf": 0.9486, "n_detections": 2, "heading_deg": 91.6, "length_m": 4.31, "width_m": 2.48, "corner": "SW", "intersection_id": "TPS_00860", "intersection_dist_m": 21.5, "osm_node_id": null, "serves_from_bearing": 181.6, "serves_to_bearing": 91.6, "serves_quality": "ambiguous", "imagery_source": "taipei_udd_ortho_2025", "model_version": "yolo26s-obb_ep144", "src_image": "TPS_00860", "src_px": "473.1,880.8;474.2,843.9;410.5,842.1;409.4,878.9", "lat": 25.1217612, "lon": 121.4862544}, "geometry": {"type": "Point", "coordinates": [121.4862544, 25.1217612]}}, {"type": "Feature", "id": "dt_wsqqqpgsv", "properties": {"id": "dt_wsqqqpgsv", "status": "auto", "conf": 0.9485, "n_detections": 2, "heading_deg": 88.0, "length_m": 6.48, "width_m": 3.64, "corner": "SW", "intersection_id": "TPS_02475", "intersection_dist_m": 12.3, "osm_node_id": null, "serves_from_bearing": 178.0, "serves_to_bearing": 88.0, "serves_quality": "ambiguous", "imagery_source": "taipei_udd_ortho_2025", "model_version": "yolo26s-obb_ep144", "src_image": "TPS_02475", "src_px": "630.4,775.4;628.5,721.3;532.7,724.6;534.6,778.7", "lat": 25.0482915, "lon": 121.5577592}, "geometry": {"type": "Point", "coordinates": [121.5577592, 25.0482915]}}, {"type": "Feature", "id": "dt_wsqqt5wgm", "properties": {"id": "dt_wsqqt5wgm", "status": "auto", "conf": 0.9485, "n_detections": 3, "heading_deg": 89.5, "length_m": 5.77, "width_m": 2.16, "corner": "SW", "intersection_id": "TPS_02526", "intersection_dist_m": 17.2, "osm_node_id": null, "serves_from_bearing": 179.5, "serves_to_bearing": 89.5, "serves_quality": "good", "imagery_source": "taipei_udd_ortho_2025", "model_version": "yolo26s-obb_ep144", "src_image": "TPS_02526", "src_px": "393.4,817.5;393.2,785.3;307.9,786.0;308.1,818.2", "lat": 25.0686311, "lon": 121.5182939}, "geometry": {"type": "Point", "coordinates": [121.5182939, 25.0686311]}}, {"type": "Feature", "id": "dt_wsqqvs13q", "properties": {"id": "dt_wsqqvs13q", "status": "auto", "conf": 0.9484, "n_detections": 1, "heading_deg": 33.4, "length_m": 3.41, "width_m": 2.6, "corner": "NW", "intersection_id": "TPS_00946", "intersection_dist_m": 17.2, "osm_node_id": null, "serves_from_bearing": 213.4, "serves_to_bearing": 123.4, "serves_quality": "good", "imagery_source": "taipei_udd_ortho_2025", "model_version": "yolo26s-obb_ep144", "src_image": "TPS_00946", "src_px": "193.4,534.7;221.2,492.3;189.0,471.2;161.2,513.7", "lat": 25.1149846, "lon": 121.5327782}, "geometry": {"type": "Point", "coordinates": [121.5327782, 25.1149846]}}, {"type": "Feature", "id": "dt_wsqqt5ng5", "properties": {"id": "dt_wsqqt5ng5", "status": "auto", "conf": 0.9483, "n_detections": 1, "heading_deg": 0.1, "length_m": 5.27, "width_m": 2.53, "corner": "SW", "intersection_id": "TPS_00322", "intersection_dist_m": 21.1, "osm_node_id": null, "serves_from_bearing": 180.1, "serves_to_bearing": 90.1, "serves_quality": "good", "imagery_source": "taipei_udd_ortho_2025", "model_version": "yolo26s-obb_ep144", "src_image": "TPS_00322", "src_px": "212.7,563.7;212.9,485.2;175.5,485.1;175.4,563.6", "lat": 25.0658452, "lon": 121.5181889}, "geometry": {"type": "Point", "coordinates": [121.5181889, 25.0658452]}}, {"type": "Feature", "id": "dt_wsqqtf1dj", "properties": {"id": "dt_wsqqtf1dj", "status": "auto", "conf": 0.9483, "n_detections": 1, "heading_deg": 179.3, "length_m": 3.49, "width_m": 2.12, "corner": "SW", "intersection_id": "TPS_00442", "intersection_dist_m": 8.4, "osm_node_id": null, "serves_from_bearing": 179.3, "serves_to_bearing": 89.3, "serves_quality": "ambiguous", "imagery_source": "taipei_udd_ortho_2025", "model_version": "yolo26s-obb_ep144", "src_image": "TPS_00442", "src_px": "379.5,441.1;378.9,389.2;347.5,389.6;348.1,441.4", "lat": 25.060158, "lon": 121.5440517}, "geometry": {"type": "Point", "coordinates": [121.5440517, 25.060158]}}, {"type": "Feature", "id": "dt_wsqqtdkz8", "properties": {"id": "dt_wsqqtdkz8", "status": "auto", "conf": 0.9483, "n_detections": 1, "heading_deg": 179.9, "length_m": 4.39, "width_m": 2.48, "corner": "NE", "intersection_id": "TPS_00611", "intersection_dist_m": 14.3, "osm_node_id": null, "serves_from_bearing": 359.9, "serves_to_bearing": 269.9, "serves_quality": "good", "imagery_source": "taipei_udd_ortho_2025", "model_version": "yolo26s-obb_ep144", "src_image": "TPS_00611", "src_px": "591.8,439.3;591.7,374.0;555.1,374.0;555.2,439.3", "lat": 25.0624957, "lon": 121.5373261}, "geometry": {"type": "Point", "coordinates": [121.5373261, 25.0624957]}}, {"type": "Feature", "id": "dt_wsqqtr30t", "properties": {"id": "dt_wsqqtr30t", "status": "auto", "conf": 0.9482, "n_detections": 1, "heading_deg": 134.5, "length_m": 4.12, "width_m": 2.51, "corner": "SW", "intersection_id": "TPS_00767", "intersection_dist_m": 17.6, "osm_node_id": null, "serves_from_bearing": 224.5, "serves_to_bearing": 134.5, "serves_quality": "good", "imagery_source": "taipei_udd_ortho_2025", "model_version": "yolo26s-obb_ep144", "src_image": "TPS_00767", "src_px": "410.8,724.4;367.4,681.4;341.1,707.8;384.5,750.9", "lat": 25.0887397, "lon": 121.5214008}, "geometry": {"type": "Point", "coordinates": [121.5214008, 25.0887397]}}, {"type": "Feature", "id": "dt_wsqqwd675", "properties": {"id": "dt_wsqqwd675", "status": "auto", "conf": 0.9482, "n_detections": 1, "heading_deg": 146.4, "length_m": 5.36, "width_m": 2.34, "corner": "SW", "intersection_id": "TPS_00817", "intersection_dist_m": 11.2, "osm_node_id": null, "serves_from_bearing": 146.4, "serves_to_bearing": 56.4, "serves_quality": "good", "imagery_source": "taipei_udd_ortho_2025", "model_version": "yolo26s-obb_ep144", "src_image": "TPS_00817", "src_px": "529.1,674.7;485.2,608.2;456.3,627.3;500.2,693.8", "lat": 25.0617253, "lon": 121.5779557}, "geometry": {"type": "Point", "coordinates": [121.5779557, 25.0617253]}}, {"type": "Feature", "id": "dt_wsqqmrcgs", "properties": {"id": "dt_wsqqmrcgs", "status": "auto", "conf": 0.9482, "n_detections": 2, "heading_deg": 91.5, "length_m": 5.54, "width_m": 2.62, "corner": "SW", "intersection_id": "TPS_00724", "intersection_dist_m": 11.5, "osm_node_id": null, "serves_from_bearing": 181.5, "serves_to_bearing": 91.5, "serves_quality": "ambiguous", "imagery_source": "taipei_udd_ortho_2025", "model_version": "yolo26s-obb_ep144", "src_image": "TPS_00874", "src_px": "868.6,112.5;869.7,73.5;787.8,71.3;786.8,110.4", "lat": 25.0480692, "lon": 121.5223907}, "geometry": {"type": "Point", "coordinates": [121.5223907, 25.0480692]}}, {"type": "Feature", "id": "dt_wsqqw07px", "properties": {"id": "dt_wsqqw07px", "status": "auto", "conf": 0.9482, "n_detections": 1, "heading_deg": 3.0, "length_m": 6.13, "width_m": 2.92, "corner": "NE", "intersection_id": "TPS_02452", "intersection_dist_m": 15.2, "osm_node_id": null, "serves_from_bearing": 3.0, "serves_to_bearing": 273.0, "serves_quality": "ambiguous", "imagery_source": "taipei_udd_ortho_2025", "model_version": "yolo26s-obb_ep144", "src_image": "TPS_02452", "src_px": "754.8,648.1;759.6,557.0;716.5,554.8;711.8,645.8", "lat": 25.051492, "lon": 121.5571759}, "geometry": {"type": "Point", "coordinates": [121.5571759, 25.051492]}}, {"type": "Feature", "id": "dt_wsqqmw3tg", "properties": {"id": "dt_wsqqmw3tg", "status": "auto", "conf": 0.9481, "n_detections": 1, "heading_deg": 178.1, "length_m": 4.67, "width_m": 2.79, "corner": "NE", "intersection_id": "TPS_00015", "intersection_dist_m": 17.2, "osm_node_id": null, "serves_from_bearing": 358.1, "serves_to_bearing": 268.1, "serves_quality": "good", "imagery_source": "taipei_udd_ortho_2025", "model_version": "yolo26s-obb_ep144", "src_image": "TPS_00015", "src_px": "783.6,525.3;781.3,455.8;740.0,457.2;742.4,526.7", "lat": 25.040206, "lon": 121.5329892}, "geometry": {"type": "Point", "coordinates": [121.5329892, 25.040206]}}, {"type": "Feature", "id": "dt_wsqqkuxj2", "properties": {"id": "dt_wsqqkuxj2", "status": "auto", "conf": 0.9481, "n_detections": 1, "heading_deg": 103.8, "length_m": 3.67, "width_m": 2.29, "corner": "SE", "intersection_id": "TPS_00925", "intersection_dist_m": 24.9, "osm_node_id": null, "serves_from_bearing": 103.8, "serves_to_bearing": 13.8, "serves_quality": "good", "imagery_source": "taipei_udd_ortho_2025", "model_version": "yolo26s-obb_ep144", "src_image": "TPS_00925", "src_px": "793.6,867.4;801.8,834.3;749.1,821.3;740.9,854.4", "lat": 25.0305039, "lon": 121.507418}, "geometry": {"type": "Point", "coordinates": [121.507418, 25.0305039]}}, {"type": "Feature", "id": "dt_wsqqtdrmf", "properties": {"id": "dt_wsqqtdrmf", "status": "auto", "conf": 0.9479, "n_detections": 1, "heading_deg": 87.3, "length_m": 4.83, "width_m": 2.57, "corner": "NE", "intersection_id": "TPS_01195", "intersection_dist_m": 14.6, "osm_node_id": null, "serves_from_bearing": 357.3, "serves_to_bearing": 267.3, "serves_quality": "ambiguous", "imagery_source": "taipei_udd_ortho_2025", "model_version": "yolo26s-obb_ep144", "src_image": "TPS_01195", "src_px": "699.4,389.4;697.6,351.2;626.2,354.6;628.0,392.9", "lat": 25.0622058, "lon": 121.5408192}, "geometry": {"type": "Point", "coordinates": [121.5408192, 25.0622058]}}, {"type": "Feature", "id": "dt_wsqqqxmdu", "properties": {"id": "dt_wsqqqxmdu", "status": "auto", "conf": 0.9478, "n_detections": 1, "heading_deg": 22.8, "length_m": 6.83, "width_m": 3.16, "corner": "SW", "intersection_id": "TPS_00336", "intersection_dist_m": 24.3, "osm_node_id": null, "serves_from_bearing": 202.8, "serves_to_bearing": 112.8, "serves_quality": "good", "imagery_source": "taipei_udd_ortho_2025", "model_version": "yolo26s-obb_ep144", "src_image": "TPS_00336", "src_px": "301.5,754.4;340.6,660.7;297.4,642.8;258.4,736.5", "lat": 25.0452123, "lon": 121.582461}, "geometry": {"type": "Point", "coordinates": [121.582461, 25.0452123]}}, {"type": "Feature", "id": "dt_wsqqt9w5s", "properties": {"id": "dt_wsqqt9w5s", "status": "auto", "conf": 0.9478, "n_detections": 1, "heading_deg": 89.8, "length_m": 3.6, "width_m": 2.57, "corner": "SE", "intersection_id": "TPS_00647", "intersection_dist_m": 17.1, "osm_node_id": null, "serves_from_bearing": 89.8, "serves_to_bearing": 359.8, "serves_quality": "ambiguous", "imagery_source": "taipei_udd_ortho_2025", "model_version": "yolo26s-obb_ep144", "src_image": "TPS_00647", "src_px": "560.4,887.5;560.3,849.2;507.1,849.4;507.2,887.7", "lat": 25.0577057, "lon": 121.5391877}, "geometry": {"type": "Point", "coordinates": [121.5391877, 25.0577057]}}, {"type": "Feature", "id": "dt_wsqqwe69j", "properties": {"id": "dt_wsqqwe69j", "status": "auto", "conf": 0.9478, "n_detections": 1, "heading_deg": 88.3, "length_m": 4.74, "width_m": 2.56, "corner": "NW", "intersection_id": "TPS_00799", "intersection_dist_m": 22.1, "osm_node_id": null, "serves_from_bearing": 268.3, "serves_to_bearing": 178.3, "serves_quality": "good", "imagery_source": "taipei_udd_ortho_2025", "model_version": "yolo26s-obb_ep144", "src_image": "TPS_00799", "src_px": "366.9,366.8;365.8,328.7;295.7,330.8;296.9,369.0", "lat": 25.0668848, "lon": 121.5783624}, "geometry": {"type": "Point", "coordinates": [121.5783624, 25.0668848]}}, {"type": "Feature", "id": "dt_wsqqucrtk", "properties": {"id": "dt_wsqqucrtk", "status": "auto", "conf": 0.9478, "n_detections": 1, "heading_deg": 179.4, "length_m": 5.18, "width_m": 3.22, "corner": "NE", "intersection_id": "TPS_01124", "intersection_dist_m": 14.4, "osm_node_id": null, "serves_from_bearing": 359.4, "serves_to_bearing": 269.4, "serves_quality": "good", "imagery_source": "taipei_udd_ortho_2025", "model_version": "yolo26s-obb_ep144", "src_image": "TPS_01124", "src_px": "828.9,483.2;828.1,406.0;780.5,406.5;781.4,483.7", "lat": 25.1005638, "lon": 121.5082987}, "geometry": {"type": "Point", "coordinates": [121.5082987, 25.1005638]}}, {"type": "Feature", "id": "dt_wsqqmxs88", "properties": {"id": "dt_wsqqmxs88", "status": "auto", "conf": 0.9478, "n_detections": 1, "heading_deg": 178.0, "length_m": 7.39, "width_m": 2.63, "corner": "NW", "intersection_id": "TPS_02532", "intersection_dist_m": 12.3, "osm_node_id": null, "serves_from_bearing": 268.0, "serves_to_bearing": 178.0, "serves_quality": "good", "imagery_source": "taipei_udd_ortho_2025", "model_version": "yolo26s-obb_ep144", "src_image": "TPS_02532", "src_px": "316.0,450.0;312.2,340.1;273.4,341.5;277.2,451.4", "lat": 25.0461739, "lon": 121.5369675}, "geometry": {"type": "Point", "coordinates": [121.5369675, 25.0461739]}}, {"type": "Feature", "id": "dt_wsqqmeg5s", "properties": {"id": "dt_wsqqmeg5s", "status": "auto", "conf": 0.9477, "n_detections": 1, "heading_deg": 12.8, "length_m": 6.08, "width_m": 3.94, "corner": "NE", "intersection_id": "TPS_00134", "intersection_dist_m": 22.7, "osm_node_id": null, "serves_from_bearing": 12.8, "serves_to_bearing": 282.8, "serves_quality": "good", "imagery_source": "taipei_udd_ortho_2025", "model_version": "yolo26s-obb_ep144", "src_image": "TPS_00134", "src_px": "836.5,449.0;856.4,360.8;799.5,348.0;779.7,436.2", "lat": 25.0261086, "lon": 121.5350868}, "geometry": {"type": "Point", "coordinates": [121.5350868, 25.0261086]}}, {"type": "Feature", "id": "dt_wsqqt8x14", "properties": {"id": "dt_wsqqt8x14", "status": "auto", "conf": 0.9477, "n_detections": 1, "heading_deg": 87.4, "length_m": 7.07, "width_m": 2.8, "corner": "SE", "intersection_id": "TPS_00625", "intersection_dist_m": 16.7, "osm_node_id": null, "serves_from_bearing": 87.4, "serves_to_bearing": 357.4, "serves_quality": "ambiguous", "imagery_source": "taipei_udd_ortho_2025", "model_version": "yolo26s-obb_ep144", "src_image": "TPS_00625", "src_px": "470.2,664.6;468.3,623.0;363.8,627.7;365.7,669.3", "lat": 25.0517759, "lon": 121.5404827}, "geometry": {"type": "Point", "coordinates": [121.5404827, 25.0517759]}}, {"type": "Feature", "id": "dt_wsqqqpgs5", "properties": {"id": "dt_wsqqqpgs5", "status": "auto", "conf": 0.9476, "n_detections": 2, "heading_deg": 179.5, "length_m": 6.79, "width_m": 2.53, "corner": "SE", "intersection_id": "TPS_02476", "intersection_dist_m": 16.7, "osm_node_id": null, "serves_from_bearing": 89.5, "serves_to_bearing": 359.5, "serves_quality": "ambiguous", "imagery_source": "taipei_udd_ortho_2025", "model_version": "yolo26s-obb_ep144", "src_image": "TPS_02476", "src_px": "769.1,529.7;768.2,428.6;730.8,429.0;731.6,530.0", "lat": 25.0481449, "lon": 121.5577004}, "geometry": {"type": "Point", "coordinates": [121.5577004, 25.0481449]}}, {"type": "Feature", "id": "dt_wsqqtm9x7", "properties": {"id": "dt_wsqqtm9x7", "status": "auto", "conf": 0.9475, "n_detections": 1, "heading_deg": 24.6, "length_m": 4.99, "width_m": 2.51, "corner": "NW", "intersection_id": "TPS_00141", "intersection_dist_m": 19.6, "osm_node_id": null, "serves_from_bearing": 204.6, "serves_to_bearing": 114.6, "serves_quality": "good", "imagery_source": "taipei_udd_ortho_2025", "model_version": "yolo26s-obb_ep144", "src_image": "TPS_00141", "src_px": "203.2,570.8;233.9,503.2;200.0,487.8;169.3,555.4", "lat": 25.0803023, "lon": 121.5219705}, "geometry": {"type": "Point", "coordinates": [121.5219705, 25.0803023]}}, {"type": "Feature", "id": "dt_wsqqjwx63", "properties": {"id": "dt_wsqqjwx63", "status": "auto", "conf": 0.9475, "n_detections": 1, "heading_deg": 162.6, "length_m": 3.11, "width_m": 2.71, "corner": "SW", "intersection_id": "TPS_00271", "intersection_dist_m": 24.4, "osm_node_id": null, "serves_from_bearing": 162.6, "serves_to_bearing": 72.6, "serves_quality": "good", "imagery_source": "taipei_udd_ortho_2025", "model_version": "yolo26s-obb_ep144", "src_image": "TPS_00271", "src_px": "134.6,622.6;120.8,578.4;82.5,590.4;96.3,634.5", "lat": 24.9970474, "lon": 121.5407909}, "geometry": {"type": "Point", "coordinates": [121.5407909, 24.9970474]}}, {"type": "Feature", "id": "dt_wsqqwq16f", "properties": {"id": "dt_wsqqwq16f", "status": "auto", "conf": 0.9475, "n_detections": 1, "heading_deg": 102.1, "length_m": 6.05, "width_m": 2.56, "corner": "SE", "intersection_id": "TPS_00499", "intersection_dist_m": 12.2, "osm_node_id": null, "serves_from_bearing": 102.1, "serves_to_bearing": 12.1, "serves_quality": "good", "imagery_source": "taipei_udd_ortho_2025", "model_version": "yolo26s-obb_ep144", "src_image": "TPS_00499", "src_px": "684.3,637.4;692.3,600.1;604.9,581.2;596.9,618.6", "lat": 25.0822749, "lon": 121.5655262}, "geometry": {"type": "Point", "coordinates": [121.5655262, 25.0822749]}}, {"type": "Feature", "id": "dt_wsqqth5x0", "properties": {"id": "dt_wsqqth5x0", "status": "auto", "conf": 0.9475, "n_detections": 1, "heading_deg": 2.8, "length_m": 5.28, "width_m": 3.26, "corner": "SW", "intersection_id": "TPS_01092", "intersection_dist_m": 16.7, "osm_node_id": null, "serves_from_bearing": 182.8, "serves_to_bearing": 92.8, "serves_quality": "good", "imagery_source": "taipei_udd_ortho_2025", "model_version": "yolo26s-obb_ep144", "src_image": "TPS_01092", "src_px": "328.4,624.5;332.2,546.0;284.1,543.7;280.3,622.2", "lat": 25.0720285, "lon": 121.5136293}, "geometry": {"type": "Point", "coordinates": [121.5136293, 25.0720285]}}, {"type": "Feature", "id": "dt_wsqqqwenp", "properties": {"id": "dt_wsqqqwenp", "status": "auto", "conf": 0.9474, "n_detections": 1, "heading_deg": 60.0, "length_m": 2.93, "width_m": 2.37, "corner": "NW", "intersection_id": "TPS_00662", "intersection_dist_m": 14.8, "osm_node_id": null, "serves_from_bearing": 240.0, "serves_to_bearing": 150.0, "serves_quality": "ambiguous", "imagery_source": "taipei_udd_ortho_2025", "model_version": "yolo26s-obb_ep144", "src_image": "TPS_00662", "src_px": "486.8,442.4;469.1,412.0;431.6,433.8;449.3,464.2", "lat": 25.041638, "lon": 121.5791348}, "geometry": {"type": "Point", "coordinates": [121.5791348, 25.041638]}}, {"type": "Feature", "id": "dt_wsqqmz1xu", "properties": {"id": "dt_wsqqmz1xu", "status": "auto", "conf": 0.9473, "n_detections": 1, "heading_deg": 85.0, "length_m": 6.04, "width_m": 2.83, "corner": "SE", "intersection_id": "TPS_00101", "intersection_dist_m": 23.4, "osm_node_id": null, "serves_from_bearing": 85.0, "serves_to_bearing": 355.0, "serves_quality": "good", "imagery_source": "taipei_udd_ortho_2025", "model_version": "yolo26s-obb_ep144", "src_image": "TPS_00101", "src_px": "820.0,827.8;816.2,785.8;727.3,793.7;731.0,835.7", "lat": 25.0446776, "lon": 121.5439834}, "geometry": {"type": "Point", "coordinates": [121.5439834, 25.0446776]}}, {"type": "Feature", "id": "dt_wsqqw213h", "properties": {"id": "dt_wsqqw213h", "status": "auto", "conf": 0.9472, "n_detections": 1, "heading_deg": 174.4, "length_m": 5.53, "width_m": 3.65, "corner": "NE", "intersection_id": "TPS_00009", "intersection_dist_m": 33.7, "osm_node_id": null, "serves_from_bearing": 354.4, "serves_to_bearing": 264.4, "serves_quality": "good", "imagery_source": "taipei_udd_ortho_2025", "model_version": "yolo26s-obb_ep144", "src_image": "TPS_00009", "src_px": "835.1,329.0;827.1,247.0;773.4,252.2;781.4,334.3", "lat": 25.0490371, "lon": 121.5656333}, "geometry": {"type": "Point", "coordinates": [121.5656333, 25.0490371]}}, {"type": "Feature", "id": "dt_wsqqmzvkr", "properties": {"id": "dt_wsqqmzvkr", "status": "auto", "conf": 0.9472, "n_detections": 2, "heading_deg": 1.1, "length_m": 5.77, "width_m": 3.25, "corner": "NW", "intersection_id": "TPS_02509", "intersection_dist_m": 19.4, "osm_node_id": null, "serves_from_bearing": 271.1, "serves_to_bearing": 181.1, "serves_quality": "good", "imagery_source": "taipei_udd_ortho_2025", "model_version": "yolo26s-obb_ep144", "src_image": "TPS_02509", "src_px": "253.5,399.7;255.1,313.8;207.1,312.9;205.5,398.8", "lat": 25.0482196, "lon": 121.5492839}, "geometry": {"type": "Point", "coordinates": [121.5492839, 25.0482196]}}, {"type": "Feature", "id": "dt_wsqqte1zw", "properties": {"id": "dt_wsqqte1zw", "status": "auto", "conf": 0.9471, "n_detections": 1, "heading_deg": 179.4, "length_m": 4.33, "width_m": 2.5, "corner": "NE", "intersection_id": "TPS_00076", "intersection_dist_m": 16.4, "osm_node_id": null, "serves_from_bearing": 359.4, "serves_to_bearing": 269.4, "serves_quality": "good", "imagery_source": "taipei_udd_ortho_2025", "model_version": "yolo26s-obb_ep144", "src_image": "TPS_00076", "src_px": "685.5,554.8;684.8,490.4;647.9,490.8;648.6,555.2", "lat": 25.0666236, "lon": 121.5334404}, "geometry": {"type": "Point", "coordinates": [121.5334404, 25.0666236]}}, {"type": "Feature", "id": "dt_wsqqjtzk1", "properties": {"id": "dt_wsqqjtzk1", "status": "auto", "conf": 0.9471, "n_detections": 1, "heading_deg": 14.3, "length_m": 3.43, "width_m": 2.5, "corner": "NW", "intersection_id": "TPS_00084", "intersection_dist_m": 36.6, "osm_node_id": null, "serves_from_bearing": 284.3, "serves_to_bearing": 194.3, "serves_quality": "good", "imagery_source": "taipei_udd_ortho_2025", "model_version": "yolo26s-obb_ep144", "src_image": "TPS_00084", "src_px": "110.0,276.1;122.5,226.7;86.7,217.6;74.2,267.0", "lat": 24.9932208, "lon": 121.540784}, "geometry": {"type": "Point", "coordinates": [121.540784, 24.9932208]}}, {"type": "Feature", "id": "dt_wsqqtb98z", "properties": {"id": "dt_wsqqtb98z", "status": "auto", "conf": 0.9471, "n_detections": 1, "heading_deg": 177.9, "length_m": 2.95, "width_m": 1.7, "corner": "SE", "intersection_id": "TPS_00445", "intersection_dist_m": 40.6, "osm_node_id": null, "serves_from_bearing": 87.9, "serves_to_bearing": 357.9, "serves_quality": "good", "imagery_source": "taipei_udd_ortho_2025", "model_version": "yolo26s-obb_ep144", "src_image": "TPS_00445", "src_px": "1028.2,775.7;1026.6,731.8;1001.5,732.7;1003.1,776.6", "lat": 25.0517102, "lon": 121.5441452}, "geometry": {"type": "Point", "coordinates": [121.5441452, 25.0517102]}}, {"type": "Feature", "id": "dt_wsqqmk0b6", "properties": {"id": "dt_wsqqmk0b6", "status": "auto", "conf": 0.9469, "n_detections": 1, "heading_deg": 77.5, "length_m": 7.54, "width_m": 2.4, "corner": "NW", "intersection_id": "TPS_00264", "intersection_dist_m": 18.4, "osm_node_id": null, "serves_from_bearing": 257.5, "serves_to_bearing": 167.5, "serves_quality": "good", "imagery_source": "taipei_udd_ortho_2025", "model_version": "yolo26s-obb_ep144", "src_image": "TPS_00264", "src_px": "490.1,366.4;482.3,331.6;373.5,355.9;381.2,390.7", "lat": 25.026909, "lon": 121.5209232}, "geometry": {"type": "Point", "coordinates": [121.5209232, 25.026909]}}, {"type": "Feature", "id": "dt_wsqqt16pd", "properties": {"id": "dt_wsqqt16pd", "status": "auto", "conf": 0.9468, "n_detections": 1, "heading_deg": 1.0, "length_m": 4.26, "width_m": 2.18, "corner": "NE", "intersection_id": "TPS_01584", "intersection_dist_m": 8.6, "osm_node_id": null, "serves_from_bearing": 1.0, "serves_to_bearing": 271.0, "serves_quality": "good", "imagery_source": "taipei_udd_ortho_2025", "model_version": "yolo26s-obb_ep144", "src_image": "TPS_01584", "src_px": "695.0,541.5;696.1,478.1;663.9,477.5;662.8,540.9", "lat": 25.0569907, "lon": 121.5116479}, "geometry": {"type": "Point", "coordinates": [121.5116479, 25.0569907]}}, {"type": "Feature", "id": "dt_wsqqmwj26", "properties": {"id": "dt_wsqqmwj26", "status": "auto", "conf": 0.9467, "n_detections": 1, "heading_deg": 88.7, "length_m": 4.34, "width_m": 2.52, "corner": "SW", "intersection_id": "TPS_00072", "intersection_dist_m": 19.8, "osm_node_id": null, "serves_from_bearing": 178.7, "serves_to_bearing": 88.7, "serves_quality": "good", "imagery_source": "taipei_udd_ortho_2025", "model_version": "yolo26s-obb_ep144", "src_image": "TPS_00072", "src_px": "463.0,738.7;462.1,701.2;397.9,702.7;398.8,740.1", "lat": 25.0378892, "lon": 121.5380885}, "geometry": {"type": "Point", "coordinates": [121.5380885, 25.0378892]}}, {"type": "Feature", "id": "dt_wsqqmg9jj", "properties": {"id": "dt_wsqqmg9jj", "status": "auto", "conf": 0.9467, "n_detections": 1, "heading_deg": 94.9, "length_m": 6.59, "width_m": 2.59, "corner": "NW", "intersection_id": "TPS_00131", "intersection_dist_m": 15.6, "osm_node_id": null, "serves_from_bearing": 274.9, "serves_to_bearing": 184.9, "serves_quality": "good", "imagery_source": "taipei_udd_ortho_2025", "model_version": "yolo26s-obb_ep144", "src_image": "TPS_00131", "src_px": "386.3,440.6;389.6,402.2;292.5,393.8;289.2,432.2", "lat": 25.0250084, "lon": 121.5433489}, "geometry": {"type": "Point", "coordinates": [121.5433489, 25.0250084]}}, {"type": "Feature", "id": "dt_wsqqtd1du", "properties": {"id": "dt_wsqqtd1du", "status": "auto", "conf": 0.9467, "n_detections": 1, "heading_deg": 177.3, "length_m": 2.88, "width_m": 2.43, "corner": "SW", "intersection_id": "TPS_00250", "intersection_dist_m": 21.7, "osm_node_id": null, "serves_from_bearing": 177.3, "serves_to_bearing": 87.3, "serves_quality": "good", "imagery_source": "taipei_udd_ortho_2025", "model_version": "yolo26s-obb_ep144", "src_image": "TPS_00250", "src_px": "306.3,699.4;304.3,656.6;268.4,658.2;270.3,701.0", "lat": 25.0603089, "lon": 121.5330143}, "geometry": {"type": "Point", "coordinates": [121.5330143, 25.0603089]}}, {"type": "Feature", "id": "dt_wsqqte3ww", "properties": {"id": "dt_wsqqte3ww", "status": "auto", "conf": 0.9467, "n_detections": 1, "heading_deg": 0.6, "length_m": 4.04, "width_m": 2.85, "corner": "SW", "intersection_id": "TPS_00459", "intersection_dist_m": 34.2, "osm_node_id": null, "serves_from_bearing": 180.6, "serves_to_bearing": 90.6, "serves_quality": "good", "imagery_source": "taipei_udd_ortho_2025", "model_version": "yolo26s-obb_ep144", "src_image": "TPS_00459", "src_px": "177.3,919.7;177.9,859.5;135.8,859.1;135.2,919.2", "lat": 25.0678004, "lon": 121.5330983}, "geometry": {"type": "Point", "coordinates": [121.5330983, 25.0678004]}}, {"type": "Feature", "id": "dt_wsqqqn8ju", "properties": {"id": "dt_wsqqqn8ju", "status": "auto", "conf": 0.9466, "n_detections": 1, "heading_deg": 88.8, "length_m": 7.64, "width_m": 2.7, "corner": "NW", "intersection_id": "TPS_00583", "intersection_dist_m": 16.3, "osm_node_id": null, "serves_from_bearing": 268.8, "serves_to_bearing": 178.8, "serves_quality": "good", "imagery_source": "taipei_udd_ortho_2025", "model_version": "yolo26s-obb_ep144", "src_image": "TPS_00583", "src_px": "620.9,284.4;620.0,244.2;507.0,246.5;507.8,286.7", "lat": 25.0415874, "lon": 121.5529409}, "geometry": {"type": "Point", "coordinates": [121.5529409, 25.0415874]}}, {"type": "Feature", "id": "dt_wsqqt5r5e", "properties": {"id": "dt_wsqqt5r5e", "status": "auto", "conf": 0.9466, "n_detections": 1, "heading_deg": 179.4, "length_m": 4.49, "width_m": 2.54, "corner": "NE", "intersection_id": "TPS_00690", "intersection_dist_m": 15.1, "osm_node_id": null, "serves_from_bearing": 359.4, "serves_to_bearing": 269.4, "serves_quality": "good", "imagery_source": "taipei_udd_ortho_2025", "model_version": "yolo26s-obb_ep144", "src_image": "TPS_00690", "src_px": "723.8,428.5;723.1,361.6;685.5,362.0;686.2,428.9", "lat": 25.067323, "lon": 121.5185313}, "geometry": {"type": "Point", "coordinates": [121.5185313, 25.067323]}}, {"type": "Feature", "id": "dt_wsqqt9hdt", "properties": {"id": "dt_wsqqt9hdt", "status": "auto", "conf": 0.9466, "n_detections": 1, "heading_deg": 4.5, "length_m": 5.25, "width_m": 2.96, "corner": "NE", "intersection_id": "TPS_01441", "intersection_dist_m": 9.8, "osm_node_id": null, "serves_from_bearing": 4.5, "serves_to_bearing": 274.5, "serves_quality": "good", "imagery_source": "taipei_udd_ortho_2025", "model_version": "yolo26s-obb_ep144", "src_image": "TPS_01441", "src_px": "613.4,347.2;619.5,269.3;575.8,265.9;569.7,343.7", "lat": 25.0547814, "lon": 121.5371686}, "geometry": {"type": "Point", "coordinates": [121.5371686, 25.0547814]}}, {"type": "Feature", "id": "dt_wsqqt6d1v", "properties": {"id": "dt_wsqqt6d1v", "status": "auto", "conf": 0.9465, "n_detections": 1, "heading_deg": 3.0, "length_m": 5.73, "width_m": 2.93, "corner": "NE", "intersection_id": "TPS_00049", "intersection_dist_m": 19.0, "osm_node_id": null, "serves_from_bearing": 3.0, "serves_to_bearing": 273.0, "serves_quality": "good", "imagery_source": "taipei_udd_ortho_2025", "model_version": "yolo26s-obb_ep144", "src_image": "TPS_00049", "src_px": "651.9,343.1;656.4,257.9;613.1,255.6;608.6,340.8", "lat": 25.0628719, "lon": 121.5227744}, "geometry": {"type": "Point", "coordinates": [121.5227744, 25.0628719]}}, {"type": "Feature", "id": "dt_wsqqtq6y5", "properties": {"id": "dt_wsqqtq6y5", "status": "auto", "conf": 0.9464, "n_detections": 1, "heading_deg": 174.4, "length_m": 3.66, "width_m": 2.85, "corner": "NE", "intersection_id": "TPS_00151", "intersection_dist_m": 21.8, "osm_node_id": null, "serves_from_bearing": 354.4, "serves_to_bearing": 264.4, "serves_quality": "good", "imagery_source": "taipei_udd_ortho_2025", "model_version": "yolo26s-obb_ep144", "src_image": "TPS_00151", "src_px": "780.5,231.1;775.2,176.8;733.3,180.9;738.6,235.2", "lat": 25.08423, "lon": 121.5237162}, "geometry": {"type": "Point", "coordinates": [121.5237162, 25.08423]}}, {"type": "Feature", "id": "dt_wsqqwnrbu", "properties": {"id": "dt_wsqqwnrbu", "status": "auto", "conf": 0.9463, "n_detections": 1, "heading_deg": 19.1, "length_m": 3.77, "width_m": 2.49, "corner": "NE", "intersection_id": "TPS_00967", "intersection_dist_m": 7.5, "osm_node_id": null, "serves_from_bearing": 19.1, "serves_to_bearing": 289.1, "serves_quality": "good", "imagery_source": "taipei_udd_ortho_2025", "model_version": "yolo26s-obb_ep144", "src_image": "TPS_00967", "src_px": "559.1,471.1;577.4,418.0;542.6,406.0;524.3,459.1", "lat": 25.0833114, "lon": 121.5635751}, "geometry": {"type": "Point", "coordinates": [121.5635751, 25.0833114]}}, {"type": "Feature", "id": "dt_wsqqqkekv", "properties": {"id": "dt_wsqqqkekv", "status": "auto", "conf": 0.9463, "n_detections": 1, "heading_deg": 179.6, "length_m": 4.17, "width_m": 3.01, "corner": "NE", "intersection_id": "TPS_01056", "intersection_dist_m": 10.9, "osm_node_id": null, "serves_from_bearing": 359.6, "serves_to_bearing": 269.6, "serves_quality": "good", "imagery_source": "taipei_udd_ortho_2025", "model_version": "yolo26s-obb_ep144", "src_image": "TPS_01056", "src_px": "632.3,458.2;631.9,396.2;587.4,396.5;587.8,458.5", "lat": 25.0304462, "lon": 121.5684212}, "geometry": {"type": "Point", "coordinates": [121.5684212, 25.0304462]}}, {"type": "Feature", "id": "dt_wsqqt0y6t", "properties": {"id": "dt_wsqqt0y6t", "status": "auto", "conf": 0.9462, "n_detections": 1, "heading_deg": 98.5, "length_m": 6.54, "width_m": 2.6, "corner": "NW", "intersection_id": "TPS_00153", "intersection_dist_m": 16.0, "osm_node_id": null, "serves_from_bearing": 278.5, "serves_to_bearing": 188.5, "serves_quality": "good", "imagery_source": "taipei_udd_ortho_2025", "model_version": "yolo26s-obb_ep144", "src_image": "TPS_00153", "src_px": "427.7,326.8;433.4,288.5;337.7,274.1;332.0,312.4", "lat": 25.0533855, "lon": 121.5176288}, "geometry": {"type": "Point", "coordinates": [121.5176288, 25.0533855]}}, {"type": "Feature", "id": "dt_wsqqqmpyn", "properties": {"id": "dt_wsqqqmpyn", "status": "auto", "conf": 0.9462, "n_detections": 1, "heading_deg": 63.5, "length_m": 7.21, "width_m": 2.24, "corner": "SE", "intersection_id": "TPS_00312", "intersection_dist_m": 21.2, "osm_node_id": null, "serves_from_bearing": 153.5, "serves_to_bearing": 63.5, "serves_quality": "good", "imagery_source": "taipei_udd_ortho_2025", "model_version": "yolo26s-obb_ep144", "src_image": "TPS_00312", "src_px": "712.3,914.8;697.3,885.0;601.9,932.9;616.9,962.7", "lat": 25.0334109, "lon": 121.5746327}, "geometry": {"type": "Point", "coordinates": [121.5746327, 25.0334109]}}, {"type": "Feature", "id": "dt_wsqqwekzg", "properties": {"id": "dt_wsqqwekzg", "status": "auto", "conf": 0.9462, "n_detections": 1, "heading_deg": 61.3, "length_m": 4.12, "width_m": 2.95, "corner": "NW", "intersection_id": "TPS_00800", "intersection_dist_m": 21.4, "osm_node_id": null, "serves_from_bearing": 241.3, "serves_to_bearing": 151.3, "serves_quality": "good", "imagery_source": "taipei_udd_ortho_2025", "model_version": "yolo26s-obb_ep144", "src_image": "TPS_00800", "src_px": "232.6,533.2;211.4,494.8;157.9,524.3;179.1,562.7", "lat": 25.0680194, "lon": 121.5813611}, "geometry": {"type": "Point", "coordinates": [121.5813611, 25.0680194]}}, {"type": "Feature", "id": "dt_wsqqqq5w8", "properties": {"id": "dt_wsqqqq5w8", "status": "auto", "conf": 0.946, "n_detections": 1, "heading_deg": 87.8, "length_m": 7.46, "width_m": 2.61, "corner": "SE", "intersection_id": "TPS_00636", "intersection_dist_m": 12.6, "osm_node_id": null, "serves_from_bearing": 87.8, "serves_to_bearing": 357.8, "serves_quality": "good", "imagery_source": "taipei_udd_ortho_2025", "model_version": "yolo26s-obb_ep144", "src_image": "TPS_00636", "src_px": "824.5,710.3;823.0,671.5;712.7,675.8;714.2,714.6", "lat": 25.0389947, "lon": 121.5685276}, "geometry": {"type": "Point", "coordinates": [121.5685276, 25.0389947]}}, {"type": "Feature", "id": "dt_wsqqq51qw", "properties": {"id": "dt_wsqqq51qw", "status": "auto", "conf": 0.946, "n_detections": 1, "heading_deg": 136.6, "length_m": 4.47, "width_m": 2.43, "corner": "NE", "intersection_id": "TPS_00666", "intersection_dist_m": 16.4, "osm_node_id": null, "serves_from_bearing": 316.6, "serves_to_bearing": 226.6, "serves_quality": "good", "imagery_source": "taipei_udd_ortho_2025", "model_version": "yolo26s-obb_ep144", "src_image": "TPS_00666", "src_px": "695.6,217.2;650.2,168.9;623.9,193.6;669.2,241.9", "lat": 25.0224928, "lon": 121.5547217}, "geometry": {"type": "Point", "coordinates": [121.5547217, 25.0224928]}}, {"type": "Feature", "id": "dt_wsqqtq477", "properties": {"id": "dt_wsqqtq477", "status": "auto", "conf": 0.946, "n_detections": 1, "heading_deg": 15.2, "length_m": 4.65, "width_m": 2.51, "corner": "NW", "intersection_id": "TPS_00688", "intersection_dist_m": 22.3, "osm_node_id": null, "serves_from_bearing": 285.2, "serves_to_bearing": 195.2, "serves_quality": "good", "imagery_source": "taipei_udd_ortho_2025", "model_version": "yolo26s-obb_ep144", "src_image": "TPS_00688", "src_px": "239.3,240.2;257.3,173.4;221.5,163.7;203.4,230.5", "lat": 25.0823668, "lon": 121.5230198}, "geometry": {"type": "Point", "coordinates": [121.5230198, 25.0823668]}}, {"type": "Feature", "id": "dt_wsqqkvjw3", "properties": {"id": "dt_wsqqkvjw3", "status": "auto", "conf": 0.9459, "n_detections": 1, "heading_deg": 33.9, "length_m": 6.26, "width_m": 2.48, "corner": "NE", "intersection_id": "TPS_00916", "intersection_dist_m": 13.5, "osm_node_id": null, "serves_from_bearing": 33.9, "serves_to_bearing": 303.9, "serves_quality": "good", "imagery_source": "taipei_udd_ortho_2025", "model_version": "yolo26s-obb_ep144", "src_image": "TPS_00916", "src_px": "594.4,408.1;646.0,330.8;615.5,310.4;563.9,387.7", "lat": 25.0334428, "lon": 121.5054182}, "geometry": {"type": "Point", "coordinates": [121.5054182, 25.0334428]}}, {"type": "Feature", "id": "dt_wsqqqxf69", "properties": {"id": "dt_wsqqqxf69", "status": "auto", "conf": 0.9458, "n_detections": 1, "heading_deg": 86.2, "length_m": 3.61, "width_m": 2.54, "corner": "SE", "intersection_id": "TPS_00148", "intersection_dist_m": 13.9, "osm_node_id": null, "serves_from_bearing": 86.2, "serves_to_bearing": 356.2, "serves_quality": "good", "imagery_source": "taipei_udd_ortho_2025", "model_version": "yolo26s-obb_ep144", "src_image": "TPS_00148", "src_px": "607.6,650.0;605.1,612.3;551.9,615.9;554.5,653.6", "lat": 25.047896, "lon": 121.5778424}, "geometry": {"type": "Point", "coordinates": [121.5778424, 25.047896]}}, {"type": "Feature", "id": "dt_wsqqkvj7g", "properties": {"id": "dt_wsqqkvj7g", "status": "auto", "conf": 0.9457, "n_detections": 1, "heading_deg": 27.0, "length_m": 3.99, "width_m": 2.43, "corner": "NE", "intersection_id": "TPS_01331", "intersection_dist_m": 10.7, "osm_node_id": null, "serves_from_bearing": 27.0, "serves_to_bearing": 297.0, "serves_quality": "good", "imagery_source": "taipei_udd_ortho_2025", "model_version": "yolo26s-obb_ep144", "src_image": "TPS_01331", "src_px": "762.7,575.1;789.5,522.2;757.3,506.0;730.6,558.9", "lat": 25.0330216, "lon": 121.5051788}, "geometry": {"type": "Point", "coordinates": [121.5051788, 25.0330216]}}, {"type": "Feature", "id": "dt_wsqqmu91n", "properties": {"id": "dt_wsqqmu91n", "status": "auto", "conf": 0.9455, "n_detections": 1, "heading_deg": 2.3, "length_m": 4.42, "width_m": 2.47, "corner": "SW", "intersection_id": "TPS_00614", "intersection_dist_m": 16.2, "osm_node_id": null, "serves_from_bearing": 182.3, "serves_to_bearing": 92.3, "serves_quality": "good", "imagery_source": "taipei_udd_ortho_2025", "model_version": "yolo26s-obb_ep144", "src_image": "TPS_00614", "src_px": "405.7,731.7;408.3,666.0;371.8,664.6;369.3,730.2", "lat": 25.0298151, "lon": 121.543382}, "geometry": {"type": "Point", "coordinates": [121.543382, 25.0298151]}}, {"type": "Feature", "id": "dt_wsqqmsm73", "properties": {"id": "dt_wsqqmsm73", "status": "auto", "conf": 0.9455, "n_detections": 1, "heading_deg": 1.4, "length_m": 4.44, "width_m": 1.91, "corner": "SE", "intersection_id": "TPS_01394", "intersection_dist_m": 6.5, "osm_node_id": null, "serves_from_bearing": 91.4, "serves_to_bearing": 1.4, "serves_quality": "good", "imagery_source": "taipei_udd_ortho_2025", "model_version": "yolo26s-obb_ep144", "src_image": "TPS_01394", "src_px": "612.5,588.1;614.1,522.0;585.9,521.4;584.3,587.4", "lat": 25.0288134, "lon": 121.53803}, "geometry": {"type": "Point", "coordinates": [121.53803, 25.0288134]}}, {"type": "Feature", "id": "dt_wsqqmd19g", "properties": {"id": "dt_wsqqmd19g", "status": "auto", "conf": 0.9454, "n_detections": 1, "heading_deg": 49.7, "length_m": 6.67, "width_m": 2.78, "corner": "SE", "intersection_id": "TPS_00102", "intersection_dist_m": 27.1, "osm_node_id": null, "serves_from_bearing": 49.7, "serves_to_bearing": 319.7, "serves_quality": "good", "imagery_source": "taipei_udd_ortho_2025", "model_version": "yolo26s-obb_ep144", "src_image": "TPS_00102", "src_px": "1016.7,596.3;989.9,565.0;914.7,629.2;941.5,660.5", "lat": 25.0161787, "lon": 121.5329542}, "geometry": {"type": "Point", "coordinates": [121.5329542, 25.0161787]}}, {"type": "Feature", "id": "dt_wsqqt9wj7", "properties": {"id": "dt_wsqqt9wj7", "status": "auto", "conf": 0.9453, "n_detections": 1, "heading_deg": 87.0, "length_m": 3.6, "width_m": 2.52, "corner": "NW", "intersection_id": "TPS_00647", "intersection_dist_m": 16.7, "osm_node_id": null, "serves_from_bearing": 267.0, "serves_to_bearing": 177.0, "serves_quality": "ambiguous", "imagery_source": "taipei_udd_ortho_2025", "model_version": "yolo26s-obb_ep144", "src_image": "TPS_00647", "src_px": "533.1,383.0;531.2,345.5;478.0,348.3;480.0,385.8", "lat": 25.0580111, "lon": 121.5391688}, "geometry": {"type": "Point", "coordinates": [121.5391688, 25.0580111]}}, {"type": "Feature", "id": "dt_wsqqt0564", "properties": {"id": "dt_wsqqt0564", "status": "auto", "conf": 0.9452, "n_detections": 1, "heading_deg": 87.3, "length_m": 4.13, "width_m": 3.6, "corner": "SE", "intersection_id": "TPS_00082", "intersection_dist_m": 26.3, "osm_node_id": null, "serves_from_bearing": 87.3, "serves_to_bearing": 357.3, "serves_quality": "good", "imagery_source": "taipei_udd_ortho_2025", "model_version": "yolo26s-obb_ep144", "src_image": "TPS_00082", "src_px": "727.2,812.6;724.8,759.1;663.8,762.0;666.3,815.5", "lat": 25.0492019, "lon": 121.5133753}, "geometry": {"type": "Point", "coordinates": [121.5133753, 25.0492019]}}, {"type": "Feature", "id": "dt_wsqqt89e9", "properties": {"id": "dt_wsqqt89e9", "status": "auto", "conf": 0.9452, "n_detections": 2, "heading_deg": 88.9, "length_m": 7.42, "width_m": 2.97, "corner": "NW", "intersection_id": "TPS_00136", "intersection_dist_m": 20.1, "osm_node_id": null, "serves_from_bearing": 268.9, "serves_to_bearing": 178.9, "serves_quality": "good", "imagery_source": "taipei_udd_ortho_2025", "model_version": "yolo26s-obb_ep144", "src_image": "TPS_00136", "src_px": "430.0,246.9;429.1,202.7;319.4,204.9;320.3,249.1", "lat": 25.0521867, "lon": 121.5329012}, "geometry": {"type": "Point", "coordinates": [121.5329012, 25.0521867]}}, {"type": "Feature", "id": "dt_wsqqwg0je", "properties": {"id": "dt_wsqqwg0je", "status": "auto", "conf": 0.9452, "n_detections": 1, "heading_deg": 1.7, "length_m": 4.09, "width_m": 2.67, "corner": "NE", "intersection_id": "TPS_00819", "intersection_dist_m": 10.9, "osm_node_id": null, "serves_from_bearing": 1.7, "serves_to_bearing": 271.7, "serves_quality": "ambiguous", "imagery_source": "taipei_udd_ortho_2025", "model_version": "yolo26s-obb_ep144", "src_image": "TPS_00819", "src_px": "759.3,591.1;761.1,530.2;721.7,529.0;719.8,589.9", "lat": 25.06629, "lon": 121.5858466}, "geometry": {"type": "Point", "coordinates": [121.5858466, 25.06629]}}, {"type": "Feature", "id": "dt_wsqqwcn7k", "properties": {"id": "dt_wsqqwcn7k", "status": "auto", "conf": 0.9452, "n_detections": 1, "heading_deg": 63.1, "length_m": 6.64, "width_m": 2.42, "corner": "NW", "intersection_id": "TPS_00845", "intersection_dist_m": 12.9, "osm_node_id": null, "serves_from_bearing": 243.1, "serves_to_bearing": 153.1, "serves_quality": "good", "imagery_source": "taipei_udd_ortho_2025", "model_version": "yolo26s-obb_ep144", "src_image": "TPS_00845", "src_px": "359.5,390.9;343.1,358.9;255.5,403.7;271.9,435.7", "lat": 25.0548817, "lon": 121.5944826}, "geometry": {"type": "Point", "coordinates": [121.5944826, 25.0548817]}}, {"type": "Feature", "id": "dt_wsqqt7d6s", "properties": {"id": "dt_wsqqt7d6s", "status": "auto", "conf": 0.945, "n_detections": 1, "heading_deg": 178.8, "length_m": 5.64, "width_m": 3.76, "corner": "NE", "intersection_id": "TPS_00044", "intersection_dist_m": 20.7, "osm_node_id": null, "serves_from_bearing": 358.8, "serves_to_bearing": 268.8, "serves_quality": "good", "imagery_source": "taipei_udd_ortho_2025", "model_version": "yolo26s-obb_ep144", "src_image": "TPS_00044", "src_px": "829.1,550.4;827.3,466.4;771.7,467.5;773.5,551.6", "lat": 25.0684979, "lon": 121.5230587}, "geometry": {"type": "Point", "coordinates": [121.5230587, 25.0684979]}}, {"type": "Feature", "id": "dt_wsqqkssuy", "properties": {"id": "dt_wsqqkssuy", "status": "auto", "conf": 0.945, "n_detections": 1, "heading_deg": 51.8, "length_m": 3.95, "width_m": 2.5, "corner": "SE", "intersection_id": "TPS_00964", "intersection_dist_m": 19.0, "osm_node_id": null, "serves_from_bearing": 51.8, "serves_to_bearing": 321.8, "serves_quality": "good", "imagery_source": "taipei_udd_ortho_2025", "model_version": "yolo26s-obb_ep144", "src_image": "TPS_00964", "src_px": "720.6,666.4;697.6,637.3;651.7,673.6;674.8,702.7", "lat": 25.0304543, "lon": 121.493628}, "geometry": {"type": "Point", "coordinates": [121.493628, 25.0304543]}}, {"type": "Feature", "id": "dt_wsqqt0fju", "properties": {"id": "dt_wsqqt0fju", "status": "auto", "conf": 0.945, "n_detections": 1, "heading_deg": 84.4, "length_m": 4.27, "width_m": 2.23, "corner": "NW", "intersection_id": "TPS_01582", "intersection_dist_m": 9.5, "osm_node_id": null, "serves_from_bearing": 264.4, "serves_to_bearing": 174.4, "serves_quality": "ambiguous", "imagery_source": "taipei_udd_ortho_2025", "model_version": "yolo26s-obb_ep144", "src_image": "TPS_01582", "src_px": "580.5,398.7;577.2,365.7;514.3,371.9;517.6,404.9", "lat": 25.053956, "lon": 121.511731}, "geometry": {"type": "Point", "coordinates": [121.511731, 25.053956]}}, {"type": "Feature", "id": "dt_wsqqksztc", "properties": {"id": "dt_wsqqksztc", "status": "auto", "conf": 0.9449, "n_detections": 1, "heading_deg": 26.2, "length_m": 4.52, "width_m": 2.77, "corner": "NW", "intersection_id": "TPS_01059", "intersection_dist_m": 12.6, "osm_node_id": null, "serves_from_bearing": 206.2, "serves_to_bearing": 116.2, "serves_quality": "good", "imagery_source": "taipei_udd_ortho_2025", "model_version": "yolo26s-obb_ep144", "src_image": "TPS_01059", "src_px": "365.6,463.2;395.1,402.9;358.3,384.9;328.8,445.2", "lat": 25.0320036, "lon": 121.4971871}, "geometry": {"type": "Point", "coordinates": [121.4971871, 25.0320036]}}, {"type": "Feature", "id": "dt_wsqqjxtbx", "properties": {"id": "dt_wsqqjxtbx", "status": "auto", "conf": 0.9447, "n_detections": 1, "heading_deg": 158.0, "length_m": 2.98, "width_m": 2.29, "corner": "NE", "intersection_id": "TPS_00507", "intersection_dist_m": 12.8, "osm_node_id": null, "serves_from_bearing": 338.0, "serves_to_bearing": 248.0, "serves_quality": "ambiguous", "imagery_source": "taipei_udd_ortho_2025", "model_version": "yolo26s-obb_ep144", "src_image": "TPS_00507", "src_px": "768.4,485.7;751.9,444.6;720.5,457.2;737.0,498.3", "lat": 25.0022636, "lon": 121.5389857}, "geometry": {"type": "Point", "coordinates": [121.5389857, 25.0022636]}}, {"type": "Feature", "id": "dt_wsqqt1w9q", "properties": {"id": "dt_wsqqt1w9q", "status": "auto", "conf": 0.9446, "n_detections": 1, "heading_deg": 179.9, "length_m": 6.74, "width_m": 2.46, "corner": "SW", "intersection_id": "TPS_00144", "intersection_dist_m": 17.3, "osm_node_id": null, "serves_from_bearing": 179.9, "serves_to_bearing": 89.9, "serves_quality": "good", "imagery_source": "taipei_udd_ortho_2025", "model_version": "yolo26s-obb_ep144", "src_image": "TPS_00144", "src_px": "185.2,582.4;185.1,482.1;148.7,482.1;148.8,582.4", "lat": 25.0572879, "lon": 121.5179991}, "geometry": {"type": "Point", "coordinates": [121.5179991, 25.0572879]}}, {"type": "Feature", "id": "dt_wsqqt68b8", "properties": {"id": "dt_wsqqt68b8", "status": "auto", "conf": 0.9445, "n_detections": 2, "heading_deg": 89.5, "length_m": 7.0, "width_m": 2.57, "corner": "SE", "intersection_id": "TPS_00783", "intersection_dist_m": 14.2, "osm_node_id": null, "serves_from_bearing": 89.5, "serves_to_bearing": 359.5, "serves_quality": "ambiguous", "imagery_source": "taipei_udd_ortho_2025", "model_version": "yolo26s-obb_ep144", "src_image": "TPS_00783", "src_px": "624.4,620.3;624.0,582.1;520.5,583.1;520.9,621.3", "lat": 25.0626883, "lon": 121.5208459}, "geometry": {"type": "Point", "coordinates": [121.5208459, 25.0626883]}}, {"type": "Feature", "id": "dt_wsqqkty6u", "properties": {"id": "dt_wsqqkty6u", "status": "auto", "conf": 0.9445, "n_detections": 1, "heading_deg": 35.2, "length_m": 3.0, "width_m": 2.32, "corner": "NW", "intersection_id": "TPS_00930", "intersection_dist_m": 10.5, "osm_node_id": null, "serves_from_bearing": 215.2, "serves_to_bearing": 125.2, "serves_quality": "good", "imagery_source": "taipei_udd_ortho_2025", "model_version": "yolo26s-obb_ep144", "src_image": "TPS_00930", "src_px": "289.2,502.5;314.8,466.0;286.7,446.3;261.1,482.8", "lat": 25.0369501, "lon": 121.4955926}, "geometry": {"type": "Point", "coordinates": [121.4955926, 25.0369501]}}, {"type": "Feature", "id": "dt_wsqqmrdc7", "properties": {"id": "dt_wsqqmrdc7", "status": "auto", "conf": 0.9444, "n_detections": 1, "heading_deg": 14.9, "length_m": 6.55, "width_m": 2.62, "corner": "SW", "intersection_id": "TPS_00114", "intersection_dist_m": 11.9, "osm_node_id": null, "serves_from_bearing": 194.9, "serves_to_bearing": 104.9, "serves_quality": "good", "imagery_source": "taipei_udd_ortho_2025", "model_version": "yolo26s-obb_ep144", "src_image": "TPS_00114", "src_px": "455.5,706.4;480.4,612.2;442.9,602.3;418.0,696.5", "lat": 25.0463278, "lon": 121.5236815}, "geometry": {"type": "Point", "coordinates": [121.5236815, 25.0463278]}}, {"type": "Feature", "id": "dt_wsqqmvpvb", "properties": {"id": "dt_wsqqmvpvb", "status": "auto", "conf": 0.9443, "n_detections": 1, "heading_deg": 86.9, "length_m": 6.77, "width_m": 3.26, "corner": "NW", "intersection_id": "TPS_00038", "intersection_dist_m": 17.9, "osm_node_id": null, "serves_from_bearing": 266.9, "serves_to_bearing": 176.9, "serves_quality": "good", "imagery_source": "taipei_udd_ortho_2025", "model_version": "yolo26s-obb_ep144", "src_image": "TPS_00038", "src_px": "324.1,273.1;321.4,224.7;221.4,230.2;224.1,278.6", "lat": 25.0333527, "lon": 121.5524023}, "geometry": {"type": "Point", "coordinates": [121.5524023, 25.0333527]}}, {"type": "Feature", "id": "dt_wsqqwbyxb", "properties": {"id": "dt_wsqqwbyxb", "status": "auto", "conf": 0.9441, "n_detections": 1, "heading_deg": 155.3, "length_m": 5.61, "width_m": 2.84, "corner": "SW", "intersection_id": "TPS_00162", "intersection_dist_m": 17.6, "osm_node_id": null, "serves_from_bearing": 155.3, "serves_to_bearing": 65.3, "serves_quality": "ambiguous", "imagery_source": "taipei_udd_ortho_2025", "model_version": "yolo26s-obb_ep144", "src_image": "TPS_00162", "src_px": "305.5,607.9;270.8,532.1;232.6,549.6;267.4,625.4", "lat": 25.054305, "lon": 121.5946285}, "geometry": {"type": "Point", "coordinates": [121.5946285, 25.054305]}}, {"type": "Feature", "id": "dt_wsqqmebtg", "properties": {"id": "dt_wsqqmebtg", "status": "auto", "conf": 0.9441, "n_detections": 1, "heading_deg": 92.8, "length_m": 4.79, "width_m": 2.34, "corner": "NW", "intersection_id": "TPS_00531", "intersection_dist_m": 13.9, "osm_node_id": null, "serves_from_bearing": 272.8, "serves_to_bearing": 182.8, "serves_quality": "ambiguous", "imagery_source": "taipei_udd_ortho_2025", "model_version": "yolo26s-obb_ep144", "src_image": "TPS_00531", "src_px": "514.2,325.8;516.0,291.0;445.3,287.5;443.5,322.3", "lat": 25.0264755, "lon": 121.5315984}, "geometry": {"type": "Point", "coordinates": [121.5315984, 25.0264755]}}, {"type": "Feature", "id": "dt_wsqqmrccv", "properties": {"id": "dt_wsqqmrccv", "status": "auto", "conf": 0.9441, "n_detections": 1, "heading_deg": 95.0, "length_m": 4.51, "width_m": 2.62, "corner": "NE", "intersection_id": "TPS_00874", "intersection_dist_m": 14.8, "osm_node_id": null, "serves_from_bearing": 5.0, "serves_to_bearing": 275.0, "serves_quality": "ambiguous", "imagery_source": "taipei_udd_ortho_2025", "model_version": "yolo26s-obb_ep144", "src_image": "TPS_00874", "src_px": "872.3,622.4;875.8,583.5;809.4,577.6;805.9,616.5", "lat": 25.0477605, "lon": 121.5223992}, "geometry": {"type": "Point", "coordinates": [121.5223992, 25.0477605]}}, {"type": "Feature", "id": "dt_wsqqtf9uv", "properties": {"id": "dt_wsqqtf9uv", "status": "auto", "conf": 0.944, "n_detections": 1, "heading_deg": 0.0, "length_m": 4.25, "width_m": 2.32, "corner": "NE", "intersection_id": "TPS_00247", "intersection_dist_m": 14.8, "osm_node_id": null, "serves_from_bearing": 0.0, "serves_to_bearing": 270.0, "serves_quality": "ambiguous", "imagery_source": "taipei_udd_ortho_2025", "model_version": "yolo26s-obb_ep144", "src_image": "TPS_00247", "src_px": "635.5,510.0;635.5,446.7;601.2,446.7;601.1,510.0", "lat": 25.0633852, "lon": 121.5443943}, "geometry": {"type": "Point", "coordinates": [121.5443943, 25.0633852]}}, {"type": "Feature", "id": "dt_wsqqmnzxb", "properties": {"id": "dt_wsqqmnzxb", "status": "auto", "conf": 0.944, "n_detections": 2, "heading_deg": 16.2, "length_m": 4.93, "width_m": 2.49, "corner": "SE", "intersection_id": "TPS_00495", "intersection_dist_m": 27.0, "osm_node_id": null, "serves_from_bearing": 106.2, "serves_to_bearing": 16.2, "serves_quality": "good", "imagery_source": "taipei_udd_ortho_2025", "model_version": "yolo26s-obb_ep144", "src_image": "TPS_00495", "src_px": "816.1,765.5;836.5,695.0;801.1,684.7;780.7,755.2", "lat": 25.04333, "lon": 121.519116}, "geometry": {"type": "Point", "coordinates": [121.519116, 25.04333]}}, {"type": "Feature", "id": "dt_wsqqt577n", "properties": {"id": "dt_wsqqt577n", "status": "auto", "conf": 0.9439, "n_detections": 1, "heading_deg": 1.6, "length_m": 4.52, "width_m": 2.43, "corner": "SW", "intersection_id": "TPS_00804", "intersection_dist_m": 17.2, "osm_node_id": null, "serves_from_bearing": 181.6, "serves_to_bearing": 91.6, "serves_quality": "good", "imagery_source": "taipei_udd_ortho_2025", "model_version": "yolo26s-obb_ep144", "src_image": "TPS_00804", "src_px": "206.2,577.3;208.1,510.0;172.2,509.0;170.3,576.3", "lat": 25.0672332, "lon": 121.5135508}, "geometry": {"type": "Point", "coordinates": [121.5135508, 25.0672332]}}, {"type": "Feature", "id": "dt_wsqqmppqz", "properties": {"id": "dt_wsqqmppqz", "status": "auto", "conf": 0.9437, "n_detections": 1, "heading_deg": 15.3, "length_m": 5.52, "width_m": 2.42, "corner": "NW", "intersection_id": "TPS_00036", "intersection_dist_m": 20.4, "osm_node_id": null, "serves_from_bearing": 195.3, "serves_to_bearing": 105.3, "serves_quality": "good", "imagery_source": "taipei_udd_ortho_2025", "model_version": "yolo26s-obb_ep144", "src_image": "TPS_00036", "src_px": "244.5,585.6;266.0,506.4;231.5,497.0;210.0,576.2", "lat": 25.0445303, "lon": 121.5190767}, "geometry": {"type": "Point", "coordinates": [121.5190767, 25.0445303]}}, {"type": "Feature", "id": "dt_wsqqkv0j7", "properties": {"id": "dt_wsqqkv0j7", "status": "auto", "conf": 0.9437, "n_detections": 1, "heading_deg": 89.8, "length_m": 6.69, "width_m": 3.15, "corner": "NE", "intersection_id": "TPS_00184", "intersection_dist_m": 14.0, "osm_node_id": null, "serves_from_bearing": 359.8, "serves_to_bearing": 269.8, "serves_quality": "ambiguous", "imagery_source": "taipei_udd_ortho_2025", "model_version": "yolo26s-obb_ep144", "src_image": "TPS_00184", "src_px": "552.9,380.9;552.8,334.0;453.8,334.3;454.0,381.2", "lat": 25.0332883, "lon": 121.4979686}, "geometry": {"type": "Point", "coordinates": [121.4979686, 25.0332883]}}, {"type": "Feature", "id": "dt_wsqqnnb2c", "properties": {"id": "dt_wsqqnnb2c", "status": "auto", "conf": 0.9437, "n_detections": 1, "heading_deg": 37.2, "length_m": 2.64, "width_m": 2.07, "corner": "NE", "intersection_id": "TPS_00418", "intersection_dist_m": 4.2, "osm_node_id": null, "serves_from_bearing": 37.2, "serves_to_bearing": 307.2, "serves_quality": "good", "imagery_source": "taipei_udd_ortho_2025", "model_version": "yolo26s-obb_ep144", "src_image": "TPS_00418", "src_px": "620.6,569.3;644.2,538.0;619.7,519.5;596.1,550.7", "lat": 24.9981742, "lon": 121.5531502}, "geometry": {"type": "Point", "coordinates": [121.5531502, 24.9981742]}}, {"type": "Feature", "id": "dt_wsqqw0fu2", "properties": {"id": "dt_wsqqw0fu2", "status": "auto", "conf": 0.9437, "n_detections": 2, "heading_deg": 61.4, "length_m": 6.35, "width_m": 3.6, "corner": "NE", "intersection_id": "TPS_00441", "intersection_dist_m": 9.5, "osm_node_id": null, "serves_from_bearing": 331.4, "serves_to_bearing": 241.4, "serves_quality": "good", "imagery_source": "taipei_udd_ortho_2025", "model_version": "yolo26s-obb_ep144", "src_image": "TPS_00441", "src_px": "583.5,279.3;557.7,232.4;475.3,277.7;501.1,324.6", "lat": 25.0537098, "lon": 121.5565226}, "geometry": {"type": "Point", "coordinates": [121.5565226, 25.0537098]}}, {"type": "Feature", "id": "dt_wsqqsbr8c", "properties": {"id": "dt_wsqqsbr8c", "status": "auto", "conf": 0.9437, "n_detections": 1, "heading_deg": 94.0, "length_m": 2.88, "width_m": 2.48, "corner": "SW", "intersection_id": "TPS_00991", "intersection_dist_m": 16.9, "osm_node_id": null, "serves_from_bearing": 184.0, "serves_to_bearing": 94.0, "serves_quality": "ambiguous", "imagery_source": "taipei_udd_ortho_2025", "model_version": "yolo26s-obb_ep144", "src_image": "TPS_00991", "src_px": "598.2,697.7;600.8,660.9;558.3,657.9;555.7,694.7", "lat": 25.050357, "lon": 121.5081468}, "geometry": {"type": "Point", "coordinates": [121.5081468, 25.050357]}}, {"type": "Feature", "id": "dt_wsqqtdcsv", "properties": {"id": "dt_wsqqtdcsv", "status": "auto", "conf": 0.9435, "n_detections": 1, "heading_deg": 178.1, "length_m": 3.3, "width_m": 2.42, "corner": "SE", "intersection_id": "TPS_01112", "intersection_dist_m": 12.4, "osm_node_id": null, "serves_from_bearing": 88.1, "serves_to_bearing": 358.1, "serves_quality": "ambiguous", "imagery_source": "taipei_udd_ortho_2025", "model_version": "yolo26s-obb_ep144", "src_image": "TPS_01112", "src_px": "658.7,814.1;657.1,765.0;621.3,766.2;622.9,815.3", "lat": 25.0647508, "lon": 121.5330791}, "geometry": {"type": "Point", "coordinates": [121.5330791, 25.0647508]}}, {"type": "Feature", "id": "dt_wsqqw22pc", "properties": {"id": "dt_wsqqw22pc", "status": "auto", "conf": 0.9435, "n_detections": 2, "heading_deg": 87.9, "length_m": 6.06, "width_m": 2.43, "corner": "NE", "intersection_id": "TPS_02472", "intersection_dist_m": 33.5, "osm_node_id": null, "serves_from_bearing": 357.9, "serves_to_bearing": 267.9, "serves_quality": "good", "imagery_source": "taipei_udd_ortho_2025", "model_version": "yolo26s-obb_ep144", "src_image": "TPS_01184", "src_px": "142.5,239.1;141.2,202.9;51.6,206.2;52.9,242.3", "lat": 25.0515666, "lon": 121.5637858}, "geometry": {"type": "Point", "coordinates": [121.5637858, 25.0515666]}}, {"type": "Feature", "id": "dt_wsqqmnxpw", "properties": {"id": "dt_wsqqmnxpw", "status": "auto", "conf": 0.9434, "n_detections": 1, "heading_deg": 14.4, "length_m": 4.99, "width_m": 2.51, "corner": "NE", "intersection_id": "TPS_00124", "intersection_dist_m": 19.3, "osm_node_id": null, "serves_from_bearing": 14.4, "serves_to_bearing": 284.4, "serves_quality": "good", "imagery_source": "taipei_udd_ortho_2025", "model_version": "yolo26s-obb_ep144", "src_image": "TPS_00124", "src_px": "698.4,540.7;716.7,468.7;680.7,459.6;662.4,531.6", "lat": 25.0419114, "lon": 121.5186928}, "geometry": {"type": "Point", "coordinates": [121.5186928, 25.0419114]}}, {"type": "Feature", "id": "dt_wsqqwnd99", "properties": {"id": "dt_wsqqwnd99", "status": "auto", "conf": 0.9434, "n_detections": 1, "heading_deg": 105.5, "length_m": 3.47, "width_m": 2.11, "corner": "NW", "intersection_id": "TPS_00867", "intersection_dist_m": 20.4, "osm_node_id": null, "serves_from_bearing": 285.5, "serves_to_bearing": 195.5, "serves_quality": "good", "imagery_source": "taipei_udd_ortho_2025", "model_version": "yolo26s-obb_ep144", "src_image": "TPS_00867", "src_px": "392.3,261.6;400.7,231.3;351.2,217.5;342.7,247.7", "lat": 25.0848315, "lon": 121.5562452}, "geometry": {"type": "Point", "coordinates": [121.5562452, 25.0848315]}}, {"type": "Feature", "id": "dt_wsqqkzzjs", "properties": {"id": "dt_wsqqkzzjs", "status": "auto", "conf": 0.9433, "n_detections": 1, "heading_deg": 100.1, "length_m": 5.17, "width_m": 2.59, "corner": "SW", "intersection_id": "TPS_00774", "intersection_dist_m": 21.9, "osm_node_id": null, "serves_from_bearing": 100.1, "serves_to_bearing": 10.1, "serves_quality": "good", "imagery_source": "taipei_udd_ortho_2025", "model_version": "yolo26s-obb_ep144", "src_image": "TPS_00774", "src_px": "583.0,789.6;589.9,751.7;514.7,738.2;507.9,776.1", "lat": 25.0484385, "lon": 121.5076122}, "geometry": {"type": "Point", "coordinates": [121.5076122, 25.0484385]}}, {"type": "Feature", "id": "dt_wsqqwnrb1", "properties": {"id": "dt_wsqqwnrb1", "status": "auto", "conf": 0.9432, "n_detections": 1, "heading_deg": 25.9, "length_m": 3.19, "width_m": 2.43, "corner": "SW", "intersection_id": "TPS_00967", "intersection_dist_m": 12.4, "osm_node_id": null, "serves_from_bearing": 205.9, "serves_to_bearing": 115.9, "serves_quality": "good", "imagery_source": "taipei_udd_ortho_2025", "model_version": "yolo26s-obb_ep144", "src_image": "TPS_00967", "src_px": "328.7,656.0;349.3,613.2;316.9,597.7;296.4,640.5", "lat": 25.0831971, "lon": 121.5634222}, "geometry": {"type": "Point", "coordinates": [121.5634222, 25.0831971]}}, {"type": "Feature", "id": "dt_wsqqqn402", "properties": {"id": "dt_wsqqqn402", "status": "auto", "conf": 0.9431, "n_detections": 1, "heading_deg": 172.0, "length_m": 5.97, "width_m": 2.81, "corner": "NE", "intersection_id": "TPS_00127", "intersection_dist_m": 21.6, "osm_node_id": null, "serves_from_bearing": 352.0, "serves_to_bearing": 262.0, "serves_quality": "good", "imagery_source": "taipei_udd_ortho_2025", "model_version": "yolo26s-obb_ep144", "src_image": "TPS_00127", "src_px": "565.0,201.5;552.7,113.5;511.6,119.3;523.9,207.2", "lat": 25.0379186, "lon": 121.5554986}, "geometry": {"type": "Point", "coordinates": [121.5554986, 25.0379186]}}, {"type": "Feature", "id": "dt_wsqqt5s7w", "properties": {"id": "dt_wsqqt5s7w", "status": "auto", "conf": 0.9431, "n_detections": 1, "heading_deg": 90.3, "length_m": 5.66, "width_m": 2.62, "corner": "NE", "intersection_id": "TPS_00466", "intersection_dist_m": 4.3, "osm_node_id": null, "serves_from_bearing": 0.3, "serves_to_bearing": 270.3, "serves_quality": "ambiguous", "imagery_source": "taipei_udd_ortho_2025", "model_version": "yolo26s-obb_ep144", "src_image": "TPS_00466", "src_px": "455.3,465.9;455.5,426.9;371.8,426.4;371.6,465.4", "lat": 25.0686915, "lon": 121.5149029}, "geometry": {"type": "Point", "coordinates": [121.5149029, 25.0686915]}}, {"type": "Feature", "id": "dt_wsqqmrz5d", "properties": {"id": "dt_wsqqmrz5d", "status": "auto", "conf": 0.943, "n_detections": 1, "heading_deg": 148.3, "length_m": 7.02, "width_m": 2.4, "corner": "SW", "intersection_id": "TPS_00325", "intersection_dist_m": 40.6, "osm_node_id": null, "serves_from_bearing": 148.3, "serves_to_bearing": 58.3, "serves_quality": "good", "imagery_source": "taipei_udd_ortho_2025", "model_version": "yolo26s-obb_ep144", "src_image": "TPS_00325", "src_px": "177.7,889.1;123.2,800.1;92.9,818.7;147.4,907.7", "lat": 25.0480728, "lon": 121.5294792}, "geometry": {"type": "Point", "coordinates": [121.5294792, 25.0480728]}}, {"type": "Feature", "id": "dt_wsqqwsc8f", "properties": {"id": "dt_wsqqwsc8f", "status": "auto", "conf": 0.943, "n_detections": 1, "heading_deg": 117.6, "length_m": 5.85, "width_m": 2.39, "corner": "SW", "intersection_id": "TPS_01282", "intersection_dist_m": 4.9, "osm_node_id": null, "serves_from_bearing": 207.6, "serves_to_bearing": 117.6, "serves_quality": "good", "imagery_source": "taipei_udd_ortho_2025", "model_version": "yolo26s-obb_ep144", "src_image": "TPS_01282", "src_px": "467.7,697.0;484.3,665.6;407.6,625.2;391.0,656.6", "lat": 25.0750914, "lon": 121.5768888}, "geometry": {"type": "Point", "coordinates": [121.5768888, 25.0750914]}}, {"type": "Feature", "id": "dt_wsqqqjxu8", "properties": {"id": "dt_wsqqqjxu8", "status": "auto", "conf": 0.943, "n_detections": 1, "heading_deg": 179.3, "length_m": 4.41, "width_m": 2.41, "corner": "SW", "intersection_id": "TPS_02416", "intersection_dist_m": 17.2, "osm_node_id": null, "serves_from_bearing": 179.3, "serves_to_bearing": 89.3, "serves_quality": "good", "imagery_source": "taipei_udd_ortho_2025", "model_version": "yolo26s-obb_ep144", "src_image": "TPS_02416", "src_px": "302.4,490.1;301.6,424.5;265.9,425.0;266.8,490.5", "lat": 25.0358717, "lon": 121.5633963}, "geometry": {"type": "Point", "coordinates": [121.5633963, 25.0358717]}}, {"type": "Feature", "id": "dt_wsqqw0e2c", "properties": {"id": "dt_wsqqw0e2c", "status": "auto", "conf": 0.943, "n_detections": 4, "heading_deg": 88.0, "length_m": 7.06, "width_m": 2.47, "corner": "SE", "intersection_id": "TPS_02451", "intersection_dist_m": 11.0, "osm_node_id": null, "serves_from_bearing": 88.0, "serves_to_bearing": 358.0, "serves_quality": "ambiguous", "imagery_source": "taipei_udd_ortho_2025", "model_version": "yolo26s-obb_ep144", "src_image": "TPS_02452", "src_px": "909.4,265.2;908.1,228.4;803.7,232.0;804.9,268.7", "lat": 25.0517064, "lon": 121.5572569}, "geometry": {"type": "Point", "coordinates": [121.5572569, 25.0517064]}}, {"type": "Feature", "id": "dt_wsqqksq69", "properties": {"id": "dt_wsqqksq69", "status": "auto", "conf": 0.9428, "n_detections": 2, "heading_deg": 23.2, "length_m": 7.52, "width_m": 2.58, "corner": "SW", "intersection_id": "TPS_00185", "intersection_dist_m": 16.0, "osm_node_id": null, "serves_from_bearing": 203.2, "serves_to_bearing": 113.2, "serves_quality": "good", "imagery_source": "taipei_udd_ortho_2025", "model_version": "yolo26s-obb_ep144", "src_image": "TPS_01725", "src_px": "872.2,819.8;916.1,716.9;880.9,701.9;837.0,804.7", "lat": 25.0286882, "lon": 121.4954723}, "geometry": {"type": "Point", "coordinates": [121.4954723, 25.0286882]}}, {"type": "Feature", "id": "dt_wsqqt3dhe", "properties": {"id": "dt_wsqqt3dhe", "status": "auto", "conf": 0.9427, "n_detections": 1, "heading_deg": 3.8, "length_m": 5.65, "width_m": 4.03, "corner": "SW", "intersection_id": "TPS_00143", "intersection_dist_m": 17.3, "osm_node_id": null, "serves_from_bearing": 183.8, "serves_to_bearing": 93.8, "serves_quality": "ambiguous", "imagery_source": "taipei_udd_ortho_2025", "model_version": "yolo26s-obb_ep144", "src_image": "TPS_00143", "src_px": "268.9,656.8;274.4,572.9;214.9,569.1;209.5,653.0", "lat": 25.0578609, "lon": 121.5226842}, "geometry": {"type": "Point", "coordinates": [121.5226842, 25.0578609]}}, {"type": "Feature", "id": "dt_wsqqmhz7h", "properties": {"id": "dt_wsqqmhz7h", "status": "auto", "conf": 0.9427, "n_detections": 1, "heading_deg": 147.0, "length_m": 4.41, "width_m": 2.61, "corner": "SW", "intersection_id": "TPS_01096", "intersection_dist_m": 16.6, "osm_node_id": null, "serves_from_bearing": 147.0, "serves_to_bearing": 57.0, "serves_quality": "good", "imagery_source": "taipei_udd_ortho_2025", "model_version": "yolo26s-obb_ep144", "src_image": "TPS_01096", "src_px": "350.4,710.0;314.9,655.0;282.4,676.0;317.8,731.0", "lat": 25.0315291, "lon": 121.5189576}, "geometry": {"type": "Point", "coordinates": [121.5189576, 25.0315291]}}, {"type": "Feature", "id": "dt_wsqqmfesv", "properties": {"id": "dt_wsqqmfesv", "status": "auto", "conf": 0.9425, "n_detections": 1, "heading_deg": 136.6, "length_m": 5.82, "width_m": 2.63, "corner": "NW", "intersection_id": "TPS_00675", "intersection_dist_m": 15.0, "osm_node_id": null, "serves_from_bearing": 316.6, "serves_to_bearing": 226.6, "serves_quality": "good", "imagery_source": "taipei_udd_ortho_2025", "model_version": "yolo26s-obb_ep144", "src_image": "TPS_00675", "src_px": "393.1,391.6;333.9,328.7;305.5,355.4;364.8,418.3", "lat": 25.0194352, "lon": 121.5467888}, "geometry": {"type": "Point", "coordinates": [121.5467888, 25.0194352]}}, {"type": "Feature", "id": "dt_wsqqqpzq4", "properties": {"id": "dt_wsqqqpzq4", "status": "auto", "conf": 0.9424, "n_detections": 3, "heading_deg": 170.5, "length_m": 5.25, "width_m": 2.68, "corner": "NW", "intersection_id": "TPS_02544", "intersection_dist_m": 7.2, "osm_node_id": null, "serves_from_bearing": 350.5, "serves_to_bearing": 260.5, "serves_quality": "ambiguous", "imagery_source": "taipei_udd_ortho_2025", "model_version": "yolo26s-obb_ep144", "src_image": "TPS_01229", "src_px": "966.2,933.1;953.4,856.0;914.3,862.5;927.1,939.6", "lat": 25.0485127, "lon": 121.5628062}, "geometry": {"type": "Point", "coordinates": [121.5628062, 25.0485127]}}, {"type": "Feature", "id": "dt_wsqqx2w4q", "properties": {"id": "dt_wsqqx2w4q", "status": "auto", "conf": 0.9423, "n_detections": 1, "heading_deg": 15.3, "length_m": 3.94, "width_m": 2.24, "corner": "SE", "intersection_id": "TPS_00862", "intersection_dist_m": 11.1, "osm_node_id": null, "serves_from_bearing": 15.3, "serves_to_bearing": 285.3, "serves_quality": "ambiguous", "imagery_source": "taipei_udd_ortho_2025", "model_version": "yolo26s-obb_ep144", "src_image": "TPS_00862", "src_px": "688.5,617.7;703.9,561.1;672.0,552.3;656.5,608.9", "lat": 25.0519685, "lon": 121.6161902}, "geometry": {"type": "Point", "coordinates": [121.6161902, 25.0519685]}}, {"type": "Feature", "id": "dt_wsqqmjdf2", "properties": {"id": "dt_wsqqmjdf2", "status": "auto", "conf": 0.9422, "n_detections": 1, "heading_deg": 6.5, "length_m": 5.35, "width_m": 2.61, "corner": "NE", "intersection_id": "TPS_00103", "intersection_dist_m": 27.9, "osm_node_id": null, "serves_from_bearing": 6.5, "serves_to_bearing": 276.5, "serves_quality": "good", "imagery_source": "taipei_udd_ortho_2025", "model_version": "yolo26s-obb_ep144", "src_image": "TPS_00103", "src_px": "588.0,71.1;596.9,-8.0;558.6,-12.3;549.7,66.8", "lat": 25.0355096, "lon": 121.5126067}, "geometry": {"type": "Point", "coordinates": [121.5126067, 25.0355096]}}, {"type": "Feature", "id": "dt_wsqqmprtn", "properties": {"id": "dt_wsqqmprtn", "status": "auto", "conf": 0.9422, "n_detections": 2, "heading_deg": 14.8, "length_m": 5.25, "width_m": 2.77, "corner": "SE", "intersection_id": "TPS_01533", "intersection_dist_m": 16.3, "osm_node_id": null, "serves_from_bearing": 104.8, "serves_to_bearing": 14.8, "serves_quality": "good", "imagery_source": "taipei_udd_ortho_2025", "model_version": "yolo26s-obb_ep144", "src_image": "TPS_00725", "src_px": "147.3,98.9;167.1,23.3;127.4,12.9;107.6,88.5", "lat": 25.0456028, "lon": 121.5193525}, "geometry": {"type": "Point", "coordinates": [121.5193525, 25.0456028]}}, {"type": "Feature", "id": "dt_wsqqwgthn", "properties": {"id": "dt_wsqqwgthn", "status": "auto", "conf": 0.9422, "n_detections": 1, "heading_deg": 88.0, "length_m": 4.05, "width_m": 2.83, "corner": "SE", "intersection_id": "TPS_01001", "intersection_dist_m": 13.6, "osm_node_id": null, "serves_from_bearing": 88.0, "serves_to_bearing": 358.0, "serves_quality": "ambiguous", "imagery_source": "taipei_udd_ortho_2025", "model_version": "yolo26s-obb_ep144", "src_image": "TPS_01001", "src_px": "677.5,837.7;676.1,795.6;616.2,797.7;617.6,839.8", "lat": 25.0687769, "lon": 121.5928219}, "geometry": {"type": "Point", "coordinates": [121.5928219, 25.0687769]}}, {"type": "Feature", "id": "dt_wsqqt0q59", "properties": {"id": "dt_wsqqt0q59", "status": "auto", "conf": 0.9421, "n_detections": 1, "heading_deg": 100.4, "length_m": 5.42, "width_m": 2.5, "corner": "SE", "intersection_id": "TPS_00729", "intersection_dist_m": 10.9, "osm_node_id": null, "serves_from_bearing": 100.4, "serves_to_bearing": 10.4, "serves_quality": "good", "imagery_source": "taipei_udd_ortho_2025", "model_version": "yolo26s-obb_ep144", "src_image": "TPS_00729", "src_px": "640.4,732.4;647.1,695.8;568.3,681.3;561.5,717.9", "lat": 25.0508059, "lon": 121.5170907}, "geometry": {"type": "Point", "coordinates": [121.5170907, 25.0508059]}}, {"type": "Feature", "id": "dt_wsqqt0d5w", "properties": {"id": "dt_wsqqt0d5w", "status": "auto", "conf": 0.9421, "n_detections": 1, "heading_deg": 83.8, "length_m": 4.1, "width_m": 2.45, "corner": "NW", "intersection_id": "TPS_01586", "intersection_dist_m": 16.1, "osm_node_id": null, "serves_from_bearing": 263.8, "serves_to_bearing": 173.8, "serves_quality": "ambiguous", "imagery_source": "taipei_udd_ortho_2025", "model_version": "yolo26s-obb_ep144", "src_image": "TPS_01586", "src_px": "474.4,240.7;470.5,204.4;410.2,211.0;414.2,247.3", "lat": 25.0521867, "lon": 121.5118322}, "geometry": {"type": "Point", "coordinates": [121.5118322, 25.0521867]}}, {"type": "Feature", "id": "dt_wsqqwfbj6", "properties": {"id": "dt_wsqqwfbj6", "status": "auto", "conf": 0.942, "n_detections": 1, "heading_deg": 19.3, "length_m": 5.29, "width_m": 3.48, "corner": "NE", "intersection_id": "TPS_00818", "intersection_dist_m": 15.2, "osm_node_id": null, "serves_from_bearing": 19.3, "serves_to_bearing": 289.3, "serves_quality": "good", "imagery_source": "taipei_udd_ortho_2025", "model_version": "yolo26s-obb_ep144", "src_image": "TPS_00818", "src_px": "671.0,435.3;696.8,361.0;648.2,344.1;622.3,418.3", "lat": 25.0648385, "lon": 121.5857923}, "geometry": {"type": "Point", "coordinates": [121.5857923, 25.0648385]}}, {"type": "Feature", "id": "dt_wsqqv4q2e", "properties": {"id": "dt_wsqqv4q2e", "status": "auto", "conf": 0.9415, "n_detections": 1, "heading_deg": 129.6, "length_m": 3.46, "width_m": 2.39, "corner": "SW", "intersection_id": "TPS_01086", "intersection_dist_m": 17.9, "osm_node_id": null, "serves_from_bearing": 129.6, "serves_to_bearing": 39.6, "serves_quality": "ambiguous", "imagery_source": "taipei_udd_ortho_2025", "model_version": "yolo26s-obb_ep144", "src_image": "TPS_01086", "src_px": "482.2,647.3;442.8,614.5;420.1,641.7;459.6,674.5", "lat": 25.1052615, "lon": 121.517503}, "geometry": {"type": "Point", "coordinates": [121.517503, 25.1052615]}}, {"type": "Feature", "id": "dt_wsqqmfjjj", "properties": {"id": "dt_wsqqmfjjj", "status": "auto", "conf": 0.9415, "n_detections": 2, "heading_deg": 121.2, "length_m": 4.77, "width_m": 2.49, "corner": "NE", "intersection_id": "TPS_02512", "intersection_dist_m": 13.9, "osm_node_id": null, "serves_from_bearing": 31.2, "serves_to_bearing": 301.2, "serves_quality": "good", "imagery_source": "taipei_udd_ortho_2025", "model_version": "yolo26s-obb_ep144", "src_image": "TPS_02512", "src_px": "660.5,511.7;679.8,480.2;619.4,443.4;600.2,474.9", "lat": 25.0167275, "lon": 121.548872}, "geometry": {"type": "Point", "coordinates": [121.548872, 25.0167275]}}, {"type": "Feature", "id": "dt_wsqqmf4p2", "properties": {"id": "dt_wsqqmf4p2", "status": "auto", "conf": 0.9414, "n_detections": 1, "heading_deg": 53.2, "length_m": 4.67, "width_m": 2.07, "corner": "SE", "intersection_id": "TPS_00314", "intersection_dist_m": 18.3, "osm_node_id": null, "serves_from_bearing": 53.2, "serves_to_bearing": 323.2, "serves_quality": "good", "imagery_source": "taipei_udd_ortho_2025", "model_version": "yolo26s-obb_ep144", "src_image": "TPS_00314", "src_px": "805.7,572.3;787.2,547.7;731.9,589.3;750.4,613.9", "lat": 25.0171314, "lon": 121.5444952}, "geometry": {"type": "Point", "coordinates": [121.5444952, 25.0171314]}}, {"type": "Feature", "id": "dt_wsqqtpzm2", "properties": {"id": "dt_wsqqtpzm2", "status": "auto", "conf": 0.9414, "n_detections": 1, "heading_deg": 56.5, "length_m": 5.39, "width_m": 3.26, "corner": "SE", "intersection_id": "TPS_00958", "intersection_dist_m": 19.4, "osm_node_id": null, "serves_from_bearing": 56.5, "serves_to_bearing": 326.5, "serves_quality": "good", "imagery_source": "taipei_udd_ortho_2025", "model_version": "yolo26s-obb_ep144", "src_image": "TPS_00958", "src_px": "875.0,694.3;848.2,654.0;781.7,698.3;808.5,738.6", "lat": 25.0923274, "lon": 121.5187859}, "geometry": {"type": "Point", "coordinates": [121.5187859, 25.0923274]}}, {"type": "Feature", "id": "dt_wsqqt41uc", "properties": {"id": "dt_wsqqt41uc", "status": "auto", "conf": 0.9414, "n_detections": 1, "heading_deg": 176.3, "length_m": 4.41, "width_m": 2.59, "corner": "SW", "intersection_id": "TPS_01636", "intersection_dist_m": 8.4, "osm_node_id": null, "serves_from_bearing": 176.3, "serves_to_bearing": 86.3, "serves_quality": "ambiguous", "imagery_source": "taipei_udd_ortho_2025", "model_version": "yolo26s-obb_ep144", "src_image": "TPS_01636", "src_px": "396.2,689.4;392.0,623.9;353.8,626.3;358.0,691.9", "lat": 25.0606326, "lon": 121.5112721}, "geometry": {"type": "Point", "coordinates": [121.5112721, 25.0606326]}}, {"type": "Feature", "id": "dt_wsqqmg9h5", "properties": {"id": "dt_wsqqmg9h5", "status": "auto", "conf": 0.9412, "n_detections": 1, "heading_deg": 3.6, "length_m": 5.61, "width_m": 3.19, "corner": "SW", "intersection_id": "TPS_00131", "intersection_dist_m": 17.9, "osm_node_id": null, "serves_from_bearing": 183.6, "serves_to_bearing": 93.6, "serves_quality": "good", "imagery_source": "taipei_udd_ortho_2025", "model_version": "yolo26s-obb_ep144", "src_image": "TPS_00131", "src_px": "234.2,773.2;239.4,689.8;192.3,686.9;187.2,770.3", "lat": 25.0248183, "lon": 121.5432644}, "geometry": {"type": "Point", "coordinates": [121.5432644, 25.0248183]}}, {"type": "Feature", "id": "dt_wsqqtfc9z", "properties": {"id": "dt_wsqqtfc9z", "status": "auto", "conf": 0.9411, "n_detections": 1, "heading_deg": 3.1, "length_m": 5.28, "width_m": 2.78, "corner": "SW", "intersection_id": "TPS_00248", "intersection_dist_m": 13.9, "osm_node_id": null, "serves_from_bearing": 183.1, "serves_to_bearing": 93.1, "serves_quality": "good", "imagery_source": "taipei_udd_ortho_2025", "model_version": "yolo26s-obb_ep144", "src_image": "TPS_00248", "src_px": "246.2,627.3;250.4,548.8;209.3,546.6;205.1,625.1", "lat": 25.0642522, "lon": 121.5441324}, "geometry": {"type": "Point", "coordinates": [121.5441324, 25.0642522]}}, {"type": "Feature", "id": "dt_wsqqm6umf", "properties": {"id": "dt_wsqqm6umf", "status": "auto", "conf": 0.9411, "n_detections": 1, "heading_deg": 178.9, "length_m": 6.14, "width_m": 2.78, "corner": "NW", "intersection_id": "TPS_00645", "intersection_dist_m": 17.2, "osm_node_id": null, "serves_from_bearing": 268.9, "serves_to_bearing": 178.9, "serves_quality": "good", "imagery_source": "taipei_udd_ortho_2025", "model_version": "yolo26s-obb_ep144", "src_image": "TPS_00645", "src_px": "420.1,373.1;418.4,281.8;377.3,282.6;379.0,373.9", "lat": 25.0210184, "lon": 121.5257076}, "geometry": {"type": "Point", "coordinates": [121.5257076, 25.0210184]}}, {"type": "Feature", "id": "dt_wsqqw07yb", "properties": {"id": "dt_wsqqw07yb", "status": "auto", "conf": 0.9411, "n_detections": 2, "heading_deg": 87.7, "length_m": 6.07, "width_m": 3.62, "corner": "NW", "intersection_id": "TPS_02454", "intersection_dist_m": 18.2, "osm_node_id": null, "serves_from_bearing": 267.7, "serves_to_bearing": 177.7, "serves_quality": "ambiguous", "imagery_source": "taipei_udd_ortho_2025", "model_version": "yolo26s-obb_ep144", "src_image": "TPS_02454", "src_px": "610.5,296.4;608.2,242.6;518.5,246.3;520.7,300.1", "lat": 25.0513815, "lon": 121.5579194}, "geometry": {"type": "Point", "coordinates": [121.5579194, 25.0513815]}}, {"type": "Feature", "id": "dt_wsqqt5yyj", "properties": {"id": "dt_wsqqt5yyj", "status": "auto", "conf": 0.9409, "n_detections": 2, "heading_deg": 0.6, "length_m": 3.43, "width_m": 2.33, "corner": "SW", "intersection_id": "TPS_00687", "intersection_dist_m": 19.2, "osm_node_id": null, "serves_from_bearing": 180.6, "serves_to_bearing": 90.6, "serves_quality": "good", "imagery_source": "taipei_udd_ortho_2025", "model_version": "yolo26s-obb_ep144", "src_image": "TPS_00687", "src_px": "362.1,631.8;362.6,580.8;328.2,580.5;327.7,631.5", "lat": 25.0704602, "lon": 121.5182902}, "geometry": {"type": "Point", "coordinates": [121.5182902, 25.0704602]}}, {"type": "Feature", "id": "dt_wsqqtct7q", "properties": {"id": "dt_wsqqtct7q", "status": "auto", "conf": 0.9409, "n_detections": 2, "heading_deg": 83.8, "length_m": 6.15, "width_m": 2.4, "corner": "NE", "intersection_id": "TPS_01116", "intersection_dist_m": 18.6, "osm_node_id": null, "serves_from_bearing": 353.8, "serves_to_bearing": 263.8, "serves_quality": "good", "imagery_source": "taipei_udd_ortho_2025", "model_version": "yolo26s-obb_ep144", "src_image": "TPS_01116", "src_px": "742.2,220.2;738.3,184.7;647.9,194.6;651.8,230.1", "lat": 25.0576407, "lon": 121.5492522}, "geometry": {"type": "Point", "coordinates": [121.5492522, 25.0576407]}}, {"type": "Feature", "id": "dt_wsqqmvzn7", "properties": {"id": "dt_wsqqmvzn7", "status": "auto", "conf": 0.9407, "n_detections": 1, "heading_deg": 89.2, "length_m": 6.86, "width_m": 3.2, "corner": "SE", "intersection_id": "TPS_00013", "intersection_dist_m": 32.3, "osm_node_id": null, "serves_from_bearing": 89.2, "serves_to_bearing": 359.2, "serves_quality": "good", "imagery_source": "taipei_udd_ortho_2025", "model_version": "yolo26s-obb_ep144", "src_image": "TPS_00013", "src_px": "770.0,1009.1;769.4,961.5;668.0,962.9;668.7,1010.5", "lat": 25.0375725, "lon": 121.5514999}, "geometry": {"type": "Point", "coordinates": [121.5514999, 25.0375725]}}, {"type": "Feature", "id": "dt_wsqqkv2u6", "properties": {"id": "dt_wsqqkv2u6", "status": "auto", "conf": 0.9406, "n_detections": 1, "heading_deg": 33.7, "length_m": 4.0, "width_m": 1.82, "corner": "NE", "intersection_id": "TPS_01018", "intersection_dist_m": 19.9, "osm_node_id": null, "serves_from_bearing": 33.7, "serves_to_bearing": 303.7, "serves_quality": "good", "imagery_source": "taipei_udd_ortho_2025", "model_version": "yolo26s-obb_ep144", "src_image": "TPS_01018", "src_px": "681.5,494.9;714.3,445.3;691.8,430.4;659.0,480.0", "lat": 25.0344687, "lon": 121.4989498}, "geometry": {"type": "Point", "coordinates": [121.4989498, 25.0344687]}}, {"type": "Feature", "id": "dt_wsqqkvkck", "properties": {"id": "dt_wsqqkvkck", "status": "auto", "conf": 0.9405, "n_detections": 1, "heading_deg": 63.4, "length_m": 7.32, "width_m": 2.57, "corner": "NW", "intersection_id": "TPS_00070", "intersection_dist_m": 17.4, "osm_node_id": null, "serves_from_bearing": 243.4, "serves_to_bearing": 153.4, "serves_quality": "good", "imagery_source": "taipei_udd_ortho_2025", "model_version": "yolo26s-obb_ep144", "src_image": "TPS_00070", "src_px": "363.6,497.5;346.4,463.4;249.7,512.2;267.0,546.3", "lat": 25.0339765, "lon": 121.5045315}, "geometry": {"type": "Point", "coordinates": [121.5045315, 25.0339765]}}, {"type": "Feature", "id": "dt_wsqqqxkk8", "properties": {"id": "dt_wsqqqxkk8", "status": "auto", "conf": 0.9404, "n_detections": 1, "heading_deg": 83.9, "length_m": 5.03, "width_m": 2.47, "corner": "NW", "intersection_id": "TPS_00149", "intersection_dist_m": 20.2, "osm_node_id": null, "serves_from_bearing": 263.9, "serves_to_bearing": 173.9, "serves_quality": "good", "imagery_source": "taipei_udd_ortho_2025", "model_version": "yolo26s-obb_ep144", "src_image": "TPS_00149", "src_px": "329.0,264.2;325.0,227.6;251.1,235.6;255.1,272.2", "lat": 25.0454849, "lon": 121.5805664}, "geometry": {"type": "Point", "coordinates": [121.5805664, 25.0454849]}}, {"type": "Feature", "id": "dt_wsqqt345b", "properties": {"id": "dt_wsqqt345b", "status": "auto", "conf": 0.9404, "n_detections": 1, "heading_deg": 3.5, "length_m": 4.24, "width_m": 2.47, "corner": "SW", "intersection_id": "TPS_00344", "intersection_dist_m": 16.2, "osm_node_id": null, "serves_from_bearing": 183.5, "serves_to_bearing": 93.5, "serves_quality": "ambiguous", "imagery_source": "taipei_udd_ortho_2025", "model_version": "yolo26s-obb_ep144", "src_image": "TPS_00344", "src_px": "307.7,509.7;311.5,446.7;275.1,444.5;271.4,507.5", "lat": 25.0549888, "lon": 121.5225457}, "geometry": {"type": "Point", "coordinates": [121.5225457, 25.0549888]}}, {"type": "Feature", "id": "dt_wsqqmvhvu", "properties": {"id": "dt_wsqqmvhvu", "status": "auto", "conf": 0.9403, "n_detections": 1, "heading_deg": 3.1, "length_m": 6.22, "width_m": 2.82, "corner": "NW", "intersection_id": "TPS_00005", "intersection_dist_m": 36.6, "osm_node_id": null, "serves_from_bearing": 273.1, "serves_to_bearing": 183.1, "serves_quality": "good", "imagery_source": "taipei_udd_ortho_2025", "model_version": "yolo26s-obb_ep144", "src_image": "TPS_00005", "src_px": "29.7,514.9;34.7,422.4;-7.0,420.1;-12.1,512.7", "lat": 25.033377, "lon": 121.5484504}, "geometry": {"type": "Point", "coordinates": [121.5484504, 25.033377]}}, {"type": "Feature", "id": "dt_wsqqmync4", "properties": {"id": "dt_wsqqmync4", "status": "auto", "conf": 0.9403, "n_detections": 1, "heading_deg": 88.5, "length_m": 8.37, "width_m": 3.03, "corner": "NW", "intersection_id": "TPS_00013", "intersection_dist_m": 33.4, "osm_node_id": null, "serves_from_bearing": 268.5, "serves_to_bearing": 178.5, "serves_quality": "good", "imagery_source": "taipei_udd_ortho_2025", "model_version": "yolo26s-obb_ep144", "src_image": "TPS_00013", "src_px": "212.0,214.6;210.8,169.5;87.0,172.8;88.2,217.8", "lat": 25.0380539, "lon": 121.551118}, "geometry": {"type": "Point", "coordinates": [121.551118, 25.0380539]}}, {"type": "Feature", "id": "dt_wsqqtd88s", "properties": {"id": "dt_wsqqtd88s", "status": "auto", "conf": 0.9402, "n_detections": 1, "heading_deg": 87.8, "length_m": 4.59, "width_m": 2.4, "corner": "NW", "intersection_id": "TPS_00678", "intersection_dist_m": 18.8, "osm_node_id": null, "serves_from_bearing": 267.8, "serves_to_bearing": 177.8, "serves_quality": "good", "imagery_source": "taipei_udd_ortho_2025", "model_version": "yolo26s-obb_ep144", "src_image": "TPS_00678", "src_px": "334.2,384.4;332.8,348.7;265.0,351.3;266.4,387.0", "lat": 25.0626748, "lon": 121.5316493}, "geometry": {"type": "Point", "coordinates": [121.5316493, 25.0626748]}}, {"type": "Feature", "id": "dt_wsqqmwsrs", "properties": {"id": "dt_wsqqmwsrs", "status": "auto", "conf": 0.9399, "n_detections": 1, "heading_deg": 2.5, "length_m": 2.17, "width_m": 1.71, "corner": "NW", "intersection_id": "TPS_00042", "intersection_dist_m": 35.0, "osm_node_id": null, "serves_from_bearing": 272.5, "serves_to_bearing": 182.5, "serves_quality": "good", "imagery_source": "taipei_udd_ortho_2025", "model_version": "yolo26s-obb_ep144", "src_image": "TPS_00042", "src_px": "20.8,304.0;22.2,271.7;-3.0,270.6;-4.4,302.9", "lat": 25.0418852, "lon": 121.5367758}, "geometry": {"type": "Point", "coordinates": [121.5367758, 25.0418852]}}, {"type": "Feature", "id": "dt_wsqqt8dcy", "properties": {"id": "dt_wsqqt8dcy", "status": "auto", "conf": 0.9398, "n_detections": 1, "heading_deg": 87.3, "length_m": 4.78, "width_m": 2.6, "corner": "SE", "intersection_id": "TPS_00716", "intersection_dist_m": 15.3, "osm_node_id": null, "serves_from_bearing": 87.3, "serves_to_bearing": 357.3, "serves_quality": "ambiguous", "imagery_source": "taipei_udd_ortho_2025", "model_version": "yolo26s-obb_ep144", "src_image": "TPS_00716", "src_px": "703.6,743.4;701.8,704.8;631.2,708.1;633.0,746.7", "lat": 25.051883, "lon": 121.5348141}, "geometry": {"type": "Point", "coordinates": [121.5348141, 25.051883]}}, {"type": "Feature", "id": "dt_wsqqqxjjm", "properties": {"id": "dt_wsqqqxjjm", "status": "auto", "conf": 0.9397, "n_detections": 1, "heading_deg": 32.5, "length_m": 5.58, "width_m": 2.42, "corner": "NW", "intersection_id": "TPS_00802", "intersection_dist_m": 13.8, "osm_node_id": null, "serves_from_bearing": 212.5, "serves_to_bearing": 122.5, "serves_quality": "good", "imagery_source": "taipei_udd_ortho_2025", "model_version": "yolo26s-obb_ep144", "src_image": "TPS_00802", "src_px": "352.6,531.8;396.9,461.7;366.6,442.5;322.3,512.6", "lat": 25.0442521, "lon": 121.5818146}, "geometry": {"type": "Point", "coordinates": [121.5818146, 25.0442521]}}, {"type": "Feature", "id": "dt_wsqqmrp36", "properties": {"id": "dt_wsqqmrp36", "status": "auto", "conf": 0.9394, "n_detections": 1, "heading_deg": 178.8, "length_m": 5.09, "width_m": 2.41, "corner": "NW", "intersection_id": "TPS_00007", "intersection_dist_m": 30.2, "osm_node_id": null, "serves_from_bearing": 268.8, "serves_to_bearing": 178.8, "serves_quality": "good", "imagery_source": "taipei_udd_ortho_2025", "model_version": "yolo26s-obb_ep144", "src_image": "TPS_00007", "src_px": "403.1,116.8;401.5,41.0;365.9,41.8;367.5,117.5", "lat": 25.0435668, "lon": 121.5298179}, "geometry": {"type": "Point", "coordinates": [121.5298179, 25.0435668]}}, {"type": "Feature", "id": "dt_wsqqkuf18", "properties": {"id": "dt_wsqqkuf18", "status": "auto", "conf": 0.9394, "n_detections": 1, "heading_deg": 84.6, "length_m": 3.8, "width_m": 2.53, "corner": "NW", "intersection_id": "TPS_00922", "intersection_dist_m": 10.3, "osm_node_id": null, "serves_from_bearing": 264.6, "serves_to_bearing": 174.6, "serves_quality": "ambiguous", "imagery_source": "taipei_udd_ortho_2025", "model_version": "yolo26s-obb_ep144", "src_image": "TPS_00922", "src_px": "552.8,363.9;549.3,326.4;493.3,331.7;496.8,369.1", "lat": 25.0312723, "lon": 121.5005567}, "geometry": {"type": "Point", "coordinates": [121.5005567, 25.0312723]}}, {"type": "Feature", "id": "dt_wsqqkvv23", "properties": {"id": "dt_wsqqkvv23", "status": "auto", "conf": 0.9394, "n_detections": 2, "heading_deg": 61.0, "length_m": 6.08, "width_m": 2.43, "corner": "NW", "intersection_id": "TPS_02427", "intersection_dist_m": 11.5, "osm_node_id": null, "serves_from_bearing": 241.0, "serves_to_bearing": 151.0, "serves_quality": "good", "imagery_source": "taipei_udd_ortho_2025", "model_version": "yolo26s-obb_ep144", "src_image": "TPS_02427", "src_px": "374.8,402.2;357.2,370.6;278.5,414.5;296.1,446.1", "lat": 25.0365237, "lon": 121.5050599}, "geometry": {"type": "Point", "coordinates": [121.5050599, 25.0365237]}}, {"type": "Feature", "id": "dt_wsqqmx71b", "properties": {"id": "dt_wsqqmx71b", "status": "auto", "conf": 0.9391, "n_detections": 1, "heading_deg": 65.9, "length_m": 5.48, "width_m": 2.53, "corner": "NE", "intersection_id": "TPS_00328", "intersection_dist_m": 26.9, "osm_node_id": null, "serves_from_bearing": 65.9, "serves_to_bearing": 335.9, "serves_quality": "ambiguous", "imagery_source": "taipei_udd_ortho_2025", "model_version": "yolo26s-obb_ep144", "src_image": "TPS_00328", "src_px": "840.2,463.7;824.8,429.4;750.8,462.8;766.2,497.0", "lat": 25.0450443, "lon": 121.5349}, "geometry": {"type": "Point", "coordinates": [121.5349, 25.0450443]}}, {"type": "Feature", "id": "dt_wsqqt17xz", "properties": {"id": "dt_wsqqt17xz", "status": "auto", "conf": 0.939, "n_detections": 1, "heading_deg": 172.4, "length_m": 5.97, "width_m": 3.22, "corner": "NE", "intersection_id": "TPS_00712", "intersection_dist_m": 15.8, "osm_node_id": null, "serves_from_bearing": 352.4, "serves_to_bearing": 262.4, "serves_quality": "good", "imagery_source": "taipei_udd_ortho_2025", "model_version": "yolo26s-obb_ep144", "src_image": "TPS_00712", "src_px": "769.9,464.0;758.2,375.9;711.0,382.2;722.7,470.2", "lat": 25.0570432, "lon": 121.5139204}, "geometry": {"type": "Point", "coordinates": [121.5139204, 25.0570432]}}, {"type": "Feature", "id": "dt_wsqqxhqw5", "properties": {"id": "dt_wsqqxhqw5", "status": "auto", "conf": 0.9387, "n_detections": 1, "heading_deg": 115.3, "length_m": 6.83, "width_m": 2.45, "corner": "SE", "intersection_id": "TPS_00109", "intersection_dist_m": 12.0, "osm_node_id": null, "serves_from_bearing": 115.3, "serves_to_bearing": 25.3, "serves_quality": "good", "imagery_source": "taipei_udd_ortho_2025", "model_version": "yolo26s-obb_ep144", "src_image": "TPS_00109", "src_px": "497.9,682.4;513.5,649.5;422.2,606.1;406.6,639.0", "lat": 25.0732359, "lon": 121.6057429}, "geometry": {"type": "Point", "coordinates": [121.6057429, 25.0732359]}}, {"type": "Feature", "id": "dt_wsqqksk42", "properties": {"id": "dt_wsqqksk42", "status": "auto", "conf": 0.9387, "n_detections": 1, "heading_deg": 99.3, "length_m": 3.55, "width_m": 2.27, "corner": "NW", "intersection_id": "TPS_00376", "intersection_dist_m": 18.0, "osm_node_id": null, "serves_from_bearing": 279.3, "serves_to_bearing": 189.3, "serves_quality": "good", "imagery_source": "taipei_udd_ortho_2025", "model_version": "yolo26s-obb_ep144", "src_image": "TPS_00376", "src_px": "337.5,380.9;343.0,347.6;291.2,339.1;285.7,372.3", "lat": 25.0286207, "lon": 121.4923487}, "geometry": {"type": "Point", "coordinates": [121.4923487, 25.0286207]}}, {"type": "Feature", "id": "dt_wsqqt3dk6", "properties": {"id": "dt_wsqqt3dk6", "status": "auto", "conf": 0.9386, "n_detections": 1, "heading_deg": 87.5, "length_m": 4.46, "width_m": 2.38, "corner": "SE", "intersection_id": "TPS_00143", "intersection_dist_m": 12.9, "osm_node_id": null, "serves_from_bearing": 87.5, "serves_to_bearing": 357.5, "serves_quality": "good", "imagery_source": "taipei_udd_ortho_2025", "model_version": "yolo26s-obb_ep144", "src_image": "TPS_00143", "src_px": "694.6,723.3;693.0,687.9;627.1,690.8;628.7,726.2", "lat": 25.0578037, "lon": 121.5229651}, "geometry": {"type": "Point", "coordinates": [121.5229651, 25.0578037]}}, {"type": "Feature", "id": "dt_wsqqmgdkt", "properties": {"id": "dt_wsqqmgdkt", "status": "auto", "conf": 0.9386, "n_detections": 2, "heading_deg": 88.5, "length_m": 4.87, "width_m": 2.69, "corner": "NW", "intersection_id": "TPS_00618", "intersection_dist_m": 12.0, "osm_node_id": null, "serves_from_bearing": 268.5, "serves_to_bearing": 178.5, "serves_quality": "ambiguous", "imagery_source": "taipei_udd_ortho_2025", "model_version": "yolo26s-obb_ep144", "src_image": "TPS_00618", "src_px": "414.7,373.6;413.6,333.6;341.6,335.5;342.7,375.6", "lat": 25.0248909, "lon": 121.5450915}, "geometry": {"type": "Point", "coordinates": [121.5450915, 25.0248909]}}, {"type": "Feature", "id": "dt_wsqqted16", "properties": {"id": "dt_wsqqted16", "status": "auto", "conf": 0.9385, "n_detections": 2, "heading_deg": 2.2, "length_m": 6.57, "width_m": 3.67, "corner": "NW", "intersection_id": "TPS_02496", "intersection_dist_m": 14.4, "osm_node_id": null, "serves_from_bearing": 272.2, "serves_to_bearing": 182.2, "serves_quality": "ambiguous", "imagery_source": "taipei_udd_ortho_2025", "model_version": "yolo26s-obb_ep144", "src_image": "TPS_00459", "src_px": "956.3,102.8;960.1,5.1;905.9,2.9;902.0,100.6", "lat": 25.0683085, "lon": 121.5336177}, "geometry": {"type": "Point", "coordinates": [121.5336177, 25.0683085]}}, {"type": "Feature", "id": "dt_wsqqwgtjt", "properties": {"id": "dt_wsqqwgtjt", "status": "auto", "conf": 0.9385, "n_detections": 1, "heading_deg": 91.6, "length_m": 3.59, "width_m": 2.95, "corner": "NW", "intersection_id": "TPS_01001", "intersection_dist_m": 13.5, "osm_node_id": null, "serves_from_bearing": 271.6, "serves_to_bearing": 181.6, "serves_quality": "ambiguous", "imagery_source": "taipei_udd_ortho_2025", "model_version": "yolo26s-obb_ep144", "src_image": "TPS_01001", "src_px": "623.0,440.8;624.2,396.9;571.1,395.4;569.9,439.3", "lat": 25.0690196, "lon": 121.5927885}, "geometry": {"type": "Point", "coordinates": [121.5927885, 25.0690196]}}, {"type": "Feature", "id": "dt_wsqqt2dhm", "properties": {"id": "dt_wsqqt2dhm", "status": "auto", "conf": 0.9384, "n_detections": 1, "heading_deg": 2.9, "length_m": 4.89, "width_m": 3.51, "corner": "NE", "intersection_id": "TPS_00051", "intersection_dist_m": 24.3, "osm_node_id": null, "serves_from_bearing": 2.9, "serves_to_bearing": 272.9, "serves_quality": "good", "imagery_source": "taipei_udd_ortho_2025", "model_version": "yolo26s-obb_ep144", "src_image": "TPS_00051", "src_px": "911.5,523.5;915.1,450.8;863.2,448.3;859.7,521.0", "lat": 25.0523398, "lon": 121.5227737}, "geometry": {"type": "Point", "coordinates": [121.5227737, 25.0523398]}}, {"type": "Feature", "id": "dt_wsqqtb81p", "properties": {"id": "dt_wsqqtb81p", "status": "auto", "conf": 0.9384, "n_detections": 1, "heading_deg": 89.1, "length_m": 3.92, "width_m": 2.43, "corner": "SE", "intersection_id": "TPS_00626", "intersection_dist_m": 14.2, "osm_node_id": null, "serves_from_bearing": 89.1, "serves_to_bearing": 359.1, "serves_quality": "ambiguous", "imagery_source": "taipei_udd_ortho_2025", "model_version": "yolo26s-obb_ep144", "src_image": "TPS_00626", "src_px": "523.9,693.8;523.3,657.6;465.4,658.5;466.0,694.8", "lat": 25.0517576, "lon": 121.5420797}, "geometry": {"type": "Point", "coordinates": [121.5420797, 25.0517576]}}, {"type": "Feature", "id": "dt_wsqqmeubc", "properties": {"id": "dt_wsqqmeubc", "status": "auto", "conf": 0.9383, "n_detections": 1, "heading_deg": 4.7, "length_m": 8.22, "width_m": 2.71, "corner": "SW", "intersection_id": "TPS_00613", "intersection_dist_m": 13.9, "osm_node_id": null, "serves_from_bearing": 184.7, "serves_to_bearing": 94.7, "serves_quality": "good", "imagery_source": "taipei_udd_ortho_2025", "model_version": "yolo26s-obb_ep144", "src_image": "TPS_00613", "src_px": "372.7,765.2;382.7,643.2;342.7,639.9;332.7,761.9", "lat": 25.0256127, "lon": 121.537353}, "geometry": {"type": "Point", "coordinates": [121.537353, 25.0256127]}}, {"type": "Feature", "id": "dt_wsqqkvubj", "properties": {"id": "dt_wsqqkvubj", "status": "auto", "conf": 0.9383, "n_detections": 1, "heading_deg": 34.9, "length_m": 7.44, "width_m": 2.56, "corner": "NW", "intersection_id": "TPS_01151", "intersection_dist_m": 6.4, "osm_node_id": null, "serves_from_bearing": 304.9, "serves_to_bearing": 214.9, "serves_quality": "good", "imagery_source": "taipei_udd_ortho_2025", "model_version": "yolo26s-obb_ep144", "src_image": "TPS_01151", "src_px": "566.3,548.0;629.2,457.1;598.0,435.5;535.1,526.4", "lat": 25.036473, "lon": 121.5045446}, "geometry": {"type": "Point", "coordinates": [121.5045446, 25.036473]}}, {"type": "Feature", "id": "dt_wsqqtcsgq", "properties": {"id": "dt_wsqqtcsgq", "status": "auto", "conf": 0.9382, "n_detections": 1, "heading_deg": 4.2, "length_m": 6.05, "width_m": 3.91, "corner": "NE", "intersection_id": "TPS_02319", "intersection_dist_m": 20.5, "osm_node_id": null, "serves_from_bearing": 4.2, "serves_to_bearing": 274.2, "serves_quality": "good", "imagery_source": "taipei_udd_ortho_2025", "model_version": "yolo26s-obb_ep144", "src_image": "TPS_02319", "src_px": "958.0,516.4;964.6,426.6;906.9,422.3;900.3,512.1", "lat": 25.0576371, "lon": 121.5485531}, "geometry": {"type": "Point", "coordinates": [121.5485531, 25.0576371]}}, {"type": "Feature", "id": "dt_wsqqm5gsk", "properties": {"id": "dt_wsqqm5gsk", "status": "auto", "conf": 0.9375, "n_detections": 1, "heading_deg": 32.6, "length_m": 2.87, "width_m": 1.78, "corner": "NW", "intersection_id": "TPS_01303", "intersection_dist_m": 12.4, "osm_node_id": null, "serves_from_bearing": 212.6, "serves_to_bearing": 122.6, "serves_quality": "good", "imagery_source": "taipei_udd_ortho_2025", "model_version": "yolo26s-obb_ep144", "src_image": "TPS_01303", "src_px": "306.9,443.8;329.8,407.8;307.6,393.6;284.6,429.7", "lat": 25.0262518, "lon": 121.5138016}, "geometry": {"type": "Point", "coordinates": [121.5138016, 25.0262518]}}, {"type": "Feature", "id": "dt_wsqqx905b", "properties": {"id": "dt_wsqqx905b", "status": "auto", "conf": 0.9374, "n_detections": 1, "heading_deg": 106.9, "length_m": 4.45, "width_m": 2.96, "corner": "NW", "intersection_id": "TPS_00166", "intersection_dist_m": 16.8, "osm_node_id": null, "serves_from_bearing": 286.9, "serves_to_bearing": 196.9, "serves_quality": "good", "imagery_source": "taipei_udd_ortho_2025", "model_version": "yolo26s-obb_ep144", "src_image": "TPS_00166", "src_px": "598.1,243.3;611.0,201.2;548.1,181.9;535.2,224.0", "lat": 25.0549939, "lon": 121.6186933}, "geometry": {"type": "Point", "coordinates": [121.6186933, 25.0549939]}}, {"type": "Feature", "id": "dt_wsqqmeg40", "properties": {"id": "dt_wsqqmeg40", "status": "auto", "conf": 0.9373, "n_detections": 1, "heading_deg": 93.1, "length_m": 6.81, "width_m": 3.88, "corner": "SE", "intersection_id": "TPS_00134", "intersection_dist_m": 20.9, "osm_node_id": null, "serves_from_bearing": 93.1, "serves_to_bearing": 3.1, "serves_quality": "good", "imagery_source": "taipei_udd_ortho_2025", "model_version": "yolo26s-obb_ep144", "src_image": "TPS_00134", "src_px": "611.8,837.3;615.0,779.7;514.5,774.2;511.3,831.7", "lat": 25.0258611, "lon": 121.5349159}, "geometry": {"type": "Point", "coordinates": [121.5349159, 25.0258611]}}, {"type": "Feature", "id": "dt_wsqqkvyvd", "properties": {"id": "dt_wsqqkvyvd", "status": "auto", "conf": 0.9372, "n_detections": 1, "heading_deg": 22.2, "length_m": 6.09, "width_m": 2.21, "corner": "NE", "intersection_id": "TPS_00110", "intersection_dist_m": 32.0, "osm_node_id": null, "serves_from_bearing": 22.2, "serves_to_bearing": 292.2, "serves_quality": "good", "imagery_source": "taipei_udd_ortho_2025", "model_version": "yolo26s-obb_ep144", "src_image": "TPS_00110", "src_px": "909.1,253.0;943.1,169.1;912.8,156.8;878.7,240.7", "lat": 25.0374249, "lon": 121.5071683}, "geometry": {"type": "Point", "coordinates": [121.5071683, 25.0374249]}}, {"type": "Feature", "id": "dt_wsqqx7ekf", "properties": {"id": "dt_wsqqx7ekf", "status": "auto", "conf": 0.9372, "n_detections": 1, "heading_deg": 0.1, "length_m": 5.45, "width_m": 2.94, "corner": "NE", "intersection_id": "TPS_00187", "intersection_dist_m": 15.4, "osm_node_id": null, "serves_from_bearing": 0.1, "serves_to_bearing": 270.1, "serves_quality": "good", "imagery_source": "taipei_udd_ortho_2025", "model_version": "yolo26s-obb_ep144", "src_image": "TPS_00187", "src_px": "677.8,433.2;678.0,352.1;634.5,352.0;634.3,433.1", "lat": 25.0688796, "lon": 121.6122259}, "geometry": {"type": "Point", "coordinates": [121.6122259, 25.0688796]}}, {"type": "Feature", "id": "dt_wsqqmv1jx", "properties": {"id": "dt_wsqqmv1jx", "status": "auto", "conf": 0.9371, "n_detections": 1, "heading_deg": 3.8, "length_m": 8.54, "width_m": 3.22, "corner": "SW", "intersection_id": "TPS_00039", "intersection_dist_m": 20.1, "osm_node_id": null, "serves_from_bearing": 183.8, "serves_to_bearing": 93.8, "serves_quality": "good", "imagery_source": "taipei_udd_ortho_2025", "model_version": "yolo26s-obb_ep144", "src_image": "TPS_00039", "src_px": "221.5,657.3;229.9,530.4;182.4,527.3;174.0,654.1", "lat": 25.0333012, "lon": 121.5434284}, "geometry": {"type": "Point", "coordinates": [121.5434284, 25.0333012]}}, {"type": "Feature", "id": "dt_wsqqv6597", "properties": {"id": "dt_wsqqv6597", "status": "auto", "conf": 0.9371, "n_detections": 1, "heading_deg": 178.7, "length_m": 4.53, "width_m": 2.28, "corner": "SW", "intersection_id": "TPS_00272", "intersection_dist_m": 15.8, "osm_node_id": null, "serves_from_bearing": 178.7, "serves_to_bearing": 88.7, "serves_quality": "good", "imagery_source": "taipei_udd_ortho_2025", "model_version": "yolo26s-obb_ep144", "src_image": "TPS_00272", "src_px": "212.7,691.1;211.2,623.7;177.5,624.5;179.1,691.9", "lat": 25.1040098, "lon": 121.5247128}, "geometry": {"type": "Point", "coordinates": [121.5247128, 25.1040098]}}, {"type": "Feature", "id": "dt_wsqqkvm01", "properties": {"id": "dt_wsqqkvm01", "status": "auto", "conf": 0.937, "n_detections": 1, "heading_deg": 135.8, "length_m": 8.14, "width_m": 3.23, "corner": "SE", "intersection_id": "TPS_00070", "intersection_dist_m": 22.9, "osm_node_id": null, "serves_from_bearing": 135.8, "serves_to_bearing": 45.8, "serves_quality": "good", "imagery_source": "taipei_udd_ortho_2025", "model_version": "yolo26s-obb_ep144", "src_image": "TPS_00070", "src_px": "690.1,934.0;606.2,847.1;571.7,880.3;655.6,967.3", "lat": 25.0337321, "lon": 121.5047489}, "geometry": {"type": "Point", "coordinates": [121.5047489, 25.0337321]}}, {"type": "Feature", "id": "dt_wsqqmxcw2", "properties": {"id": "dt_wsqqmxcw2", "status": "auto", "conf": 0.937, "n_detections": 1, "heading_deg": 87.0, "length_m": 6.42, "width_m": 2.72, "corner": "NW", "intersection_id": "TPS_00700", "intersection_dist_m": 15.0, "osm_node_id": null, "serves_from_bearing": 267.0, "serves_to_bearing": 177.0, "serves_quality": "good", "imagery_source": "taipei_udd_ortho_2025", "model_version": "yolo26s-obb_ep144", "src_image": "TPS_00700", "src_px": "346.1,357.0;343.9,316.6;249.1,321.6;251.2,362.0", "lat": 25.048541, "lon": 121.5328495}, "geometry": {"type": "Point", "coordinates": [121.5328495, 25.048541]}}, {"type": "Feature", "id": "dt_wsqqtf3tw", "properties": {"id": "dt_wsqqtf3tw", "status": "auto", "conf": 0.937, "n_detections": 1, "heading_deg": 9.4, "length_m": 5.3, "width_m": 2.69, "corner": "NE", "intersection_id": "TPS_01173", "intersection_dist_m": 11.9, "osm_node_id": null, "serves_from_bearing": 9.4, "serves_to_bearing": 279.4, "serves_quality": "good", "imagery_source": "taipei_udd_ortho_2025", "model_version": "yolo26s-obb_ep144", "src_image": "TPS_01173", "src_px": "653.9,498.8;666.7,421.0;627.5,414.5;614.7,492.3", "lat": 25.0621544, "lon": 121.5440659}, "geometry": {"type": "Point", "coordinates": [121.5440659, 25.0621544]}}, {"type": "Feature", "id": "dt_wsqqjuzub", "properties": {"id": "dt_wsqqjuzub", "status": "auto", "conf": 0.9369, "n_detections": 1, "heading_deg": 175.4, "length_m": 6.52, "width_m": 2.72, "corner": "NE", "intersection_id": "TPS_00544", "intersection_dist_m": 11.9, "osm_node_id": null, "serves_from_bearing": 355.4, "serves_to_bearing": 265.4, "serves_quality": "good", "imagery_source": "taipei_udd_ortho_2025", "model_version": "yolo26s-obb_ep144", "src_image": "TPS_00544", "src_px": "594.4,396.0;586.6,299.3;546.5,302.5;554.2,399.2", "lat": 24.9878685, "lon": 121.5524302}, "geometry": {"type": "Point", "coordinates": [121.5524302, 24.9878685]}}, {"type": "Feature", "id": "dt_wsqqqmpvf", "properties": {"id": "dt_wsqqqmpvf", "status": "auto", "conf": 0.9368, "n_detections": 1, "heading_deg": 62.3, "length_m": 3.31, "width_m": 2.66, "corner": "SW", "intersection_id": "TPS_00312", "intersection_dist_m": 26.4, "osm_node_id": null, "serves_from_bearing": 152.3, "serves_to_bearing": 62.3, "serves_quality": "good", "imagery_source": "taipei_udd_ortho_2025", "model_version": "yolo26s-obb_ep144", "src_image": "TPS_00312", "src_px": "435.7,990.6;417.2,955.6;373.9,978.5;392.4,1013.5", "lat": 25.033374, "lon": 121.5744635}, "geometry": {"type": "Point", "coordinates": [121.5744635, 25.033374]}}, {"type": "Feature", "id": "dt_wsqqmxkrr", "properties": {"id": "dt_wsqqmxkrr", "status": "auto", "conf": 0.9367, "n_detections": 2, "heading_deg": 84.3, "length_m": 4.36, "width_m": 2.5, "corner": "NE", "intersection_id": "TPS_02533", "intersection_dist_m": 16.0, "osm_node_id": null, "serves_from_bearing": 354.3, "serves_to_bearing": 264.3, "serves_quality": "good", "imagery_source": "taipei_udd_ortho_2025", "model_version": "yolo26s-obb_ep144", "src_image": "TPS_02533", "src_px": "534.9,195.7;531.2,158.6;467.0,165.0;470.7,202.1", "lat": 25.0459937, "lon": 121.5369341}, "geometry": {"type": "Point", "coordinates": [121.5369341, 25.0459937]}}, {"type": "Feature", "id": "dt_wsqqmthzw", "properties": {"id": "dt_wsqqmthzw", "status": "auto", "conf": 0.9365, "n_detections": 1, "heading_deg": 88.5, "length_m": 7.91, "width_m": 2.63, "corner": "NW", "intersection_id": "TPS_00296", "intersection_dist_m": 16.5, "osm_node_id": null, "serves_from_bearing": 268.5, "serves_to_bearing": 178.5, "serves_quality": "good", "imagery_source": "taipei_udd_ortho_2025", "model_version": "yolo26s-obb_ep144", "src_image": "TPS_00296", "src_px": "448.0,291.7;447.0,252.5;330.0,255.6;331.1,294.8", "lat": 25.0336504, "lon": 121.5375457}, "geometry": {"type": "Point", "coordinates": [121.5375457, 25.0336504]}}, {"type": "Feature", "id": "dt_wsqqtyntr", "properties": {"id": "dt_wsqqtyntr", "status": "auto", "conf": 0.9364, "n_detections": 1, "heading_deg": 178.6, "length_m": 4.14, "width_m": 2.84, "corner": "SW", "intersection_id": "TPS_00539", "intersection_dist_m": 16.2, "osm_node_id": null, "serves_from_bearing": 178.6, "serves_to_bearing": 88.6, "serves_quality": "ambiguous", "imagery_source": "taipei_udd_ortho_2025", "model_version": "yolo26s-obb_ep144", "src_image": "TPS_00539", "src_px": "235.9,456.6;234.4,394.9;192.4,395.8;193.8,457.6", "lat": 25.082697, "lon": 121.5509897}, "geometry": {"type": "Point", "coordinates": [121.5509897, 25.082697]}}, {"type": "Feature", "id": "dt_wsqqmjnew", "properties": {"id": "dt_wsqqmjnew", "status": "auto", "conf": 0.9364, "n_detections": 1, "heading_deg": 57.1, "length_m": 7.79, "width_m": 2.96, "corner": "NW", "intersection_id": "TPS_00552", "intersection_dist_m": 15.8, "osm_node_id": null, "serves_from_bearing": 237.1, "serves_to_bearing": 147.1, "serves_quality": "good", "imagery_source": "taipei_udd_ortho_2025", "model_version": "yolo26s-obb_ep144", "src_image": "TPS_00552", "src_px": "447.1,348.3;423.1,311.5;326.4,374.4;350.4,411.3", "lat": 25.0329749, "lon": 121.5179748}, "geometry": {"type": "Point", "coordinates": [121.5179748, 25.0329749]}}, {"type": "Feature", "id": "dt_wsqqx7ft6", "properties": {"id": "dt_wsqqx7ft6", "status": "auto", "conf": 0.9364, "n_detections": 1, "heading_deg": 125.1, "length_m": 3.32, "width_m": 2.14, "corner": "SW", "intersection_id": "TPS_01008", "intersection_dist_m": 8.7, "osm_node_id": null, "serves_from_bearing": 215.1, "serves_to_bearing": 125.1, "serves_quality": "ambiguous", "imagery_source": "taipei_udd_ortho_2025", "model_version": "yolo26s-obb_ep144", "src_image": "TPS_01008", "src_px": "422.5,557.6;440.9,531.7;400.7,503.3;382.3,529.1", "lat": 25.0703507, "lon": 121.6112036}, "geometry": {"type": "Point", "coordinates": [121.6112036, 25.0703507]}}, {"type": "Feature", "id": "dt_wsqqtu3c9", "properties": {"id": "dt_wsqqtu3c9", "status": "auto", "conf": 0.9364, "n_detections": 3, "heading_deg": 87.7, "length_m": 6.31, "width_m": 2.53, "corner": "SW", "intersection_id": "TPS_02480", "intersection_dist_m": 9.2, "osm_node_id": null, "serves_from_bearing": 177.7, "serves_to_bearing": 87.7, "serves_quality": "ambiguous", "imagery_source": "taipei_udd_ortho_2025", "model_version": "yolo26s-obb_ep144", "src_image": "TPS_02481", "src_px": "928.0,155.4;926.5,117.7;833.3,121.4;834.8,159.0", "lat": 25.0724547, "lon": 121.5442269}, "geometry": {"type": "Point", "coordinates": [121.5442269, 25.0724547]}}, {"type": "Feature", "id": "dt_wsqqmxhp9", "properties": {"id": "dt_wsqqmxhp9", "status": "auto", "conf": 0.9363, "n_detections": 1, "heading_deg": 1.8, "length_m": 4.49, "width_m": 2.5, "corner": "SW", "intersection_id": "TPS_00601", "intersection_dist_m": 12.9, "osm_node_id": null, "serves_from_bearing": 181.8, "serves_to_bearing": 91.8, "serves_quality": "good", "imagery_source": "taipei_udd_ortho_2025", "model_version": "yolo26s-obb_ep144", "src_image": "TPS_00601", "src_px": "358.6,613.6;360.7,546.8;323.7,545.6;321.5,612.4", "lat": 25.0446625, "lon": 121.536312}, "geometry": {"type": "Point", "coordinates": [121.536312, 25.0446625]}}, {"type": "Feature", "id": "dt_wsqqtb992", "properties": {"id": "dt_wsqqtb992", "status": "auto", "conf": 0.9362, "n_detections": 3, "heading_deg": 3.8, "length_m": 7.87, "width_m": 2.89, "corner": "SE", "intersection_id": "TPS_00445", "intersection_dist_m": 14.3, "osm_node_id": null, "serves_from_bearing": 93.8, "serves_to_bearing": 3.8, "serves_quality": "good", "imagery_source": "taipei_udd_ortho_2025", "model_version": "yolo26s-obb_ep144", "src_image": "TPS_00445", "src_px": "570.1,683.6;577.9,566.7;535.3,563.8;527.5,680.7", "lat": 25.0517895, "lon": 121.5438353}, "geometry": {"type": "Point", "coordinates": [121.5438353, 25.0517895]}}, {"type": "Feature", "id": "dt_wsqqtb9bb", "properties": {"id": "dt_wsqqtb9bb", "status": "auto", "conf": 0.9362, "n_detections": 2, "heading_deg": 89.6, "length_m": 8.64, "width_m": 3.19, "corner": "NE", "intersection_id": "TPS_02444", "intersection_dist_m": 15.7, "osm_node_id": null, "serves_from_bearing": 359.6, "serves_to_bearing": 269.6, "serves_quality": "good", "imagery_source": "taipei_udd_ortho_2025", "model_version": "yolo26s-obb_ep144", "src_image": "TPS_01152", "src_px": "348.3,779.9;348.0,732.4;220.2,733.2;220.4,780.6", "lat": 25.0517088, "lon": 121.5441702}, "geometry": {"type": "Point", "coordinates": [121.5441702, 25.0517088]}}, {"type": "Feature", "id": "dt_wsqqmmm7j", "properties": {"id": "dt_wsqqmmm7j", "status": "auto", "conf": 0.9361, "n_detections": 1, "heading_deg": 92.9, "length_m": 4.73, "width_m": 2.32, "corner": "NW", "intersection_id": "TPS_00048", "intersection_dist_m": 17.9, "osm_node_id": null, "serves_from_bearing": 272.9, "serves_to_bearing": 182.9, "serves_quality": "good", "imagery_source": "taipei_udd_ortho_2025", "model_version": "yolo26s-obb_ep144", "src_image": "TPS_00048", "src_px": "387.9,348.9;389.7,314.4;319.9,310.8;318.1,345.3", "lat": 25.0342384, "lon": 121.5272225}, "geometry": {"type": "Point", "coordinates": [121.5272225, 25.0342384]}}, {"type": "Feature", "id": "dt_wsqquxx59", "properties": {"id": "dt_wsqquxx59", "status": "auto", "conf": 0.9361, "n_detections": 1, "heading_deg": 23.0, "length_m": 4.03, "width_m": 2.7, "corner": "SE", "intersection_id": "TPS_00174", "intersection_dist_m": 17.8, "osm_node_id": null, "serves_from_bearing": 23.0, "serves_to_bearing": 293.0, "serves_quality": "good", "imagery_source": "taipei_udd_ortho_2025", "model_version": "yolo26s-obb_ep144", "src_image": "TPS_00174", "src_px": "888.1,521.4;911.4,466.2;874.6,450.7;851.3,505.9", "lat": 25.1345777, "lon": 121.4965055}, "geometry": {"type": "Point", "coordinates": [121.4965055, 25.1345777]}}, {"type": "Feature", "id": "dt_wsqqwmyfu", "properties": {"id": "dt_wsqqwmyfu", "status": "auto", "conf": 0.936, "n_detections": 1, "heading_deg": 106.8, "length_m": 3.5, "width_m": 1.88, "corner": "SW", "intersection_id": "TPS_02040", "intersection_dist_m": 2.5, "osm_node_id": null, "serves_from_bearing": 196.8, "serves_to_bearing": 106.8, "serves_quality": "ambiguous", "imagery_source": "taipei_udd_ortho_2025", "model_version": "yolo26s-obb_ep144", "src_image": "TPS_02040", "src_px": "538.6,575.4;546.8,548.6;497.2,533.5;489.0,560.3", "lat": 25.0809089, "lon": 121.573166}, "geometry": {"type": "Point", "coordinates": [121.573166, 25.0809089]}}, {"type": "Feature", "id": "dt_wsqqt9stq", "properties": {"id": "dt_wsqqt9stq", "status": "auto", "conf": 0.9358, "n_detections": 1, "heading_deg": 3.7, "length_m": 8.53, "width_m": 2.78, "corner": "NE", "intersection_id": "TPS_00628", "intersection_dist_m": 14.1, "osm_node_id": null, "serves_from_bearing": 3.7, "serves_to_bearing": 273.7, "serves_quality": "good", "imagery_source": "taipei_udd_ortho_2025", "model_version": "yolo26s-obb_ep144", "src_image": "TPS_00628", "src_px": "720.0,454.4;728.2,327.7;687.2,325.1;679.0,451.8", "lat": 25.0579965, "lon": 121.5372417}, "geometry": {"type": "Point", "coordinates": [121.5372417, 25.0579965]}}, {"type": "Feature", "id": "dt_wsqqnp2h8", "properties": {"id": "dt_wsqqnp2h8", "status": "auto", "conf": 0.9357, "n_detections": 1, "heading_deg": 21.7, "length_m": 3.39, "width_m": 2.33, "corner": "NE", "intersection_id": "TPS_00232", "intersection_dist_m": 15.6, "osm_node_id": null, "serves_from_bearing": 21.7, "serves_to_bearing": 291.7, "serves_quality": "good", "imagery_source": "taipei_udd_ortho_2025", "model_version": "yolo26s-obb_ep144", "src_image": "TPS_00232", "src_px": "791.4,627.5;809.9,580.6;777.8,567.9;759.3,614.8", "lat": 25.0015645, "lon": 121.5527455}, "geometry": {"type": "Point", "coordinates": [121.5527455, 25.0015645]}}, {"type": "Feature", "id": "dt_wsqqwn6xs", "properties": {"id": "dt_wsqqwn6xs", "status": "auto", "conf": 0.9357, "n_detections": 1, "heading_deg": 105.5, "length_m": 5.14, "width_m": 2.62, "corner": "SE", "intersection_id": "TPS_00867", "intersection_dist_m": 21.8, "osm_node_id": null, "serves_from_bearing": 105.5, "serves_to_bearing": 15.5, "serves_quality": "good", "imagery_source": "taipei_udd_ortho_2025", "model_version": "yolo26s-obb_ep144", "src_image": "TPS_00867", "src_px": "598.1,863.1;608.7,825.6;535.5,805.1;525.0,842.6", "lat": 25.0844705, "lon": 121.556376}, "geometry": {"type": "Point", "coordinates": [121.556376, 25.0844705]}}, {"type": "Feature", "id": "dt_wsqqtb1xc", "properties": {"id": "dt_wsqqtb1xc", "status": "auto", "conf": 0.9356, "n_detections": 1, "heading_deg": 177.2, "length_m": 2.62, "width_m": 2.13, "corner": "NW", "intersection_id": "TPS_00307", "intersection_dist_m": 14.1, "osm_node_id": null, "serves_from_bearing": 267.2, "serves_to_bearing": 177.2, "serves_quality": "good", "imagery_source": "taipei_udd_ortho_2025", "model_version": "yolo26s-obb_ep144", "src_image": "TPS_00307", "src_px": "373.8,447.0;371.9,408.1;340.4,409.6;342.4,448.6", "lat": 25.0501976, "lon": 121.5438758}, "geometry": {"type": "Point", "coordinates": [121.5438758, 25.0501976]}}, {"type": "Feature", "id": "dt_wsqqv4q6p", "properties": {"id": "dt_wsqqv4q6p", "status": "auto", "conf": 0.9356, "n_detections": 1, "heading_deg": 125.7, "length_m": 2.75, "width_m": 2.36, "corner": "NE", "intersection_id": "TPS_01086", "intersection_dist_m": 15.6, "osm_node_id": null, "serves_from_bearing": 35.7, "serves_to_bearing": 305.7, "serves_quality": "ambiguous", "imagery_source": "taipei_udd_ortho_2025", "model_version": "yolo26s-obb_ep144", "src_image": "TPS_01086", "src_px": "740.5,262.0;761.1,233.6;728.1,209.7;707.6,238.1", "lat": 25.1055096, "lon": 121.5176929}, "geometry": {"type": "Point", "coordinates": [121.5176929, 25.1055096]}}, {"type": "Feature", "id": "dt_wsqqqjgtf", "properties": {"id": "dt_wsqqqjgtf", "status": "auto", "conf": 0.9355, "n_detections": 1, "heading_deg": 87.3, "length_m": 5.36, "width_m": 3.62, "corner": "SE", "intersection_id": "TPS_00023", "intersection_dist_m": 23.6, "osm_node_id": null, "serves_from_bearing": 87.3, "serves_to_bearing": 357.3, "serves_quality": "good", "imagery_source": "taipei_udd_ortho_2025", "model_version": "yolo26s-obb_ep144", "src_image": "TPS_00023", "src_px": "708.1,901.2;705.6,847.3;626.4,851.0;628.8,904.8", "lat": 25.0374837, "lon": 121.557645}, "geometry": {"type": "Point", "coordinates": [121.557645, 25.0374837]}}, {"type": "Feature", "id": "dt_wsqqmrg4y", "properties": {"id": "dt_wsqqmrg4y", "status": "auto", "conf": 0.9354, "n_detections": 1, "heading_deg": 99.7, "length_m": 6.98, "width_m": 2.46, "corner": "NW", "intersection_id": "TPS_00728", "intersection_dist_m": 16.9, "osm_node_id": null, "serves_from_bearing": 279.7, "serves_to_bearing": 189.7, "serves_quality": "ambiguous", "imagery_source": "taipei_udd_ortho_2025", "model_version": "yolo26s-obb_ep144", "src_image": "TPS_00728", "src_px": "213.3,541.0;219.5,504.9;117.8,487.4;111.6,523.4", "lat": 25.0479682, "lon": 121.524178}, "geometry": {"type": "Point", "coordinates": [121.524178, 25.0479682]}}, {"type": "Feature", "id": "dt_wsqqkvyez", "properties": {"id": "dt_wsqqkvyez", "status": "auto", "conf": 0.9353, "n_detections": 1, "heading_deg": 21.4, "length_m": 3.57, "width_m": 1.82, "corner": "SE", "intersection_id": "TPS_00110", "intersection_dist_m": 26.8, "osm_node_id": null, "serves_from_bearing": 111.4, "serves_to_bearing": 21.4, "serves_quality": "good", "imagery_source": "taipei_udd_ortho_2025", "model_version": "yolo26s-obb_ep144", "src_image": "TPS_00110", "src_px": "722.4,745.6;741.7,696.1;716.6,686.3;697.2,735.8", "lat": 25.0371144, "lon": 121.5070399}, "geometry": {"type": "Point", "coordinates": [121.5070399, 25.0371144]}}, {"type": "Feature", "id": "dt_wsqqxhqwy", "properties": {"id": "dt_wsqqxhqwy", "status": "auto", "conf": 0.9353, "n_detections": 2, "heading_deg": 25.0, "length_m": 4.82, "width_m": 2.3, "corner": "NE", "intersection_id": "TPS_00109", "intersection_dist_m": 16.7, "osm_node_id": null, "serves_from_bearing": 25.0, "serves_to_bearing": 295.0, "serves_quality": "good", "imagery_source": "taipei_udd_ortho_2025", "model_version": "yolo26s-obb_ep144", "src_image": "TPS_00840", "src_px": "180.1,236.4;210.2,171.3;179.3,156.9;149.2,222.1", "lat": 25.0733522, "lon": 121.6058982}, "geometry": {"type": "Point", "coordinates": [121.6058982, 25.0733522]}}, {"type": "Feature", "id": "dt_wsqqv4u0f", "properties": {"id": "dt_wsqqv4u0f", "status": "auto", "conf": 0.9353, "n_detections": 1, "heading_deg": 37.7, "length_m": 2.61, "width_m": 2.2, "corner": "NE", "intersection_id": "TPS_01120", "intersection_dist_m": 16.1, "osm_node_id": null, "serves_from_bearing": 37.7, "serves_to_bearing": 307.7, "serves_quality": "ambiguous", "imagery_source": "taipei_udd_ortho_2025", "model_version": "yolo26s-obb_ep144", "src_image": "TPS_01120", "src_px": "702.6,464.3;726.2,433.5;700.3,413.7;676.7,444.5", "lat": 25.1080288, "lon": 121.5144093}, "geometry": {"type": "Point", "coordinates": [121.5144093, 25.1080288]}}, {"type": "Feature", "id": "dt_wsqqwbr6e", "properties": {"id": "dt_wsqqwbr6e", "status": "auto", "conf": 0.9352, "n_detections": 1, "heading_deg": 69.0, "length_m": 7.47, "width_m": 2.77, "corner": "SE", "intersection_id": "TPS_00163", "intersection_dist_m": 15.2, "osm_node_id": null, "serves_from_bearing": 69.0, "serves_to_bearing": 339.0, "serves_quality": "good", "imagery_source": "taipei_udd_ortho_2025", "model_version": "yolo26s-obb_ep144", "src_image": "TPS_00163", "src_px": "768.8,673.2;754.0,634.8;650.8,674.6;665.6,713.0", "lat": 25.0506704, "lon": 121.5957824}, "geometry": {"type": "Point", "coordinates": [121.5957824, 25.0506704]}}, {"type": "Feature", "id": "dt_wsqqqn97f", "properties": {"id": "dt_wsqqqn97f", "status": "auto", "conf": 0.9351, "n_detections": 1, "heading_deg": 87.2, "length_m": 4.48, "width_m": 2.57, "corner": "SE", "intersection_id": "TPS_00582", "intersection_dist_m": 17.6, "osm_node_id": null, "serves_from_bearing": 87.2, "serves_to_bearing": 357.2, "serves_quality": "good", "imagery_source": "taipei_udd_ortho_2025", "model_version": "yolo26s-obb_ep144", "src_image": "TPS_00582", "src_px": "708.0,813.3;706.1,775.1;639.9,778.4;641.8,816.5", "lat": 25.0412652, "lon": 121.5545596}, "geometry": {"type": "Point", "coordinates": [121.5545596, 25.0412652]}}, {"type": "Feature", "id": "dt_wsqqmr438", "properties": {"id": "dt_wsqqmr438", "status": "auto", "conf": 0.935, "n_detections": 1, "heading_deg": 14.7, "length_m": 4.67, "width_m": 2.25, "corner": "NW", "intersection_id": "TPS_02016", "intersection_dist_m": 10.1, "osm_node_id": null, "serves_from_bearing": 194.7, "serves_to_bearing": 104.7, "serves_quality": "good", "imagery_source": "taipei_udd_ortho_2025", "model_version": "yolo26s-obb_ep144", "src_image": "TPS_02016", "src_px": "314.4,527.7;331.9,460.4;299.7,452.0;282.2,519.2", "lat": 25.0436284, "lon": 121.5228995}, "geometry": {"type": "Point", "coordinates": [121.5228995, 25.0436284]}}, {"type": "Feature", "id": "dt_wsqqqrckn", "properties": {"id": "dt_wsqqqrckn", "status": "auto", "conf": 0.935, "n_detections": 2, "heading_deg": 157.2, "length_m": 5.61, "width_m": 2.36, "corner": "NE", "intersection_id": "TPS_02460", "intersection_dist_m": 11.2, "osm_node_id": null, "serves_from_bearing": 67.2, "serves_to_bearing": 337.2, "serves_quality": "good", "imagery_source": "taipei_udd_ortho_2025", "model_version": "yolo26s-obb_ep144", "src_image": "TPS_02461", "src_px": "220.3,480.1;188.1,403.1;155.9,416.6;188.0,493.5", "lat": 25.0481637, "lon": 121.5657351}, "geometry": {"type": "Point", "coordinates": [121.5657351, 25.0481637]}}, {"type": "Feature", "id": "dt_wsqqqxjk0", "properties": {"id": "dt_wsqqqxjk0", "status": "auto", "conf": 0.9349, "n_detections": 1, "heading_deg": 119.2, "length_m": 5.54, "width_m": 2.73, "corner": "SW", "intersection_id": "TPS_00802", "intersection_dist_m": 17.2, "osm_node_id": null, "serves_from_bearing": 119.2, "serves_to_bearing": 29.2, "serves_quality": "good", "imagery_source": "taipei_udd_ortho_2025", "model_version": "yolo26s-obb_ep144", "src_image": "TPS_00802", "src_px": "549.7,845.3;569.7,810.0;498.2,769.7;478.3,805.0", "lat": 25.0440575, "lon": 121.5819248}, "geometry": {"type": "Point", "coordinates": [121.5819248, 25.0440575]}}, {"type": "Feature", "id": "dt_wsqqw8ns9", "properties": {"id": "dt_wsqqw8ns9", "status": "auto", "conf": 0.9349, "n_detections": 1, "heading_deg": 143.7, "length_m": 4.28, "width_m": 2.47, "corner": "SW", "intersection_id": "TPS_00986", "intersection_dist_m": 12.1, "osm_node_id": null, "serves_from_bearing": 233.7, "serves_to_bearing": 143.7, "serves_quality": "good", "imagery_source": "taipei_udd_ortho_2025", "model_version": "yolo26s-obb_ep144", "src_image": "TPS_00986", "src_px": "396.4,655.0;358.9,603.6;329.3,625.1;366.8,676.5", "lat": 25.0496024, "lon": 121.5837051}, "geometry": {"type": "Point", "coordinates": [121.5837051, 25.0496024]}}, {"type": "Feature", "id": "dt_wsqqmuc0w", "properties": {"id": "dt_wsqqmuc0w", "status": "auto", "conf": 0.9348, "n_detections": 1, "heading_deg": 177.1, "length_m": 3.21, "width_m": 2.17, "corner": "SW", "intersection_id": "TPS_00590", "intersection_dist_m": 15.1, "osm_node_id": null, "serves_from_bearing": 177.1, "serves_to_bearing": 87.1, "serves_quality": "ambiguous", "imagery_source": "taipei_udd_ortho_2025", "model_version": "yolo26s-obb_ep144", "src_image": "TPS_00590", "src_px": "194.9,441.4;192.5,393.7;160.4,395.3;162.8,443.1", "lat": 25.0310738, "lon": 121.5434121}, "geometry": {"type": "Point", "coordinates": [121.5434121, 25.0310738]}}, {"type": "Feature", "id": "dt_wsqqmefuk", "properties": {"id": "dt_wsqqmefuk", "status": "auto", "conf": 0.9347, "n_detections": 1, "heading_deg": 92.5, "length_m": 6.69, "width_m": 3.75, "corner": "NW", "intersection_id": "TPS_00134", "intersection_dist_m": 25.5, "osm_node_id": null, "serves_from_bearing": 272.5, "serves_to_bearing": 182.5, "serves_quality": "good", "imagery_source": "taipei_udd_ortho_2025", "model_version": "yolo26s-obb_ep144", "src_image": "TPS_00134", "src_px": "357.5,202.1;359.9,146.3;261.1,142.0;258.6,197.8", "lat": 25.0262462, "lon": 121.5347457}, "geometry": {"type": "Point", "coordinates": [121.5347457, 25.0262462]}}, {"type": "Feature", "id": "dt_wsqqmf080", "properties": {"id": "dt_wsqqmf080", "status": "auto", "conf": 0.9347, "n_detections": 1, "heading_deg": 51.2, "length_m": 2.82, "width_m": 2.2, "corner": "NW", "intersection_id": "TPS_00676", "intersection_dist_m": 17.8, "osm_node_id": null, "serves_from_bearing": 321.2, "serves_to_bearing": 231.2, "serves_quality": "ambiguous", "imagery_source": "taipei_udd_ortho_2025", "model_version": "yolo26s-obb_ep144", "src_image": "TPS_00676", "src_px": "319.5,319.8;298.9,294.4;266.4,320.7;287.1,346.2", "lat": 25.0158897, "lon": 121.5424595}, "geometry": {"type": "Point", "coordinates": [121.5424595, 25.0158897]}}, {"type": "Feature", "id": "dt_wsqqt3je0", "properties": {"id": "dt_wsqqt3je0", "status": "auto", "conf": 0.9347, "n_detections": 1, "heading_deg": 179.8, "length_m": 5.01, "width_m": 2.25, "corner": "SW", "intersection_id": "TPS_00699", "intersection_dist_m": 22.3, "osm_node_id": null, "serves_from_bearing": 179.8, "serves_to_bearing": 89.8, "serves_quality": "good", "imagery_source": "taipei_udd_ortho_2025", "model_version": "yolo26s-obb_ep144", "src_image": "TPS_00699", "src_px": "277.9,710.1;277.6,635.5;244.4,635.6;244.8,710.2", "lat": 25.0548699, "lon": 121.527332}, "geometry": {"type": "Point", "coordinates": [121.527332, 25.0548699]}}, {"type": "Feature", "id": "dt_wsqqt07de", "properties": {"id": "dt_wsqqt07de", "status": "auto", "conf": 0.9346, "n_detections": 1, "heading_deg": 8.2, "length_m": 2.85, "width_m": 2.73, "corner": "NE", "intersection_id": "TPS_00568", "intersection_dist_m": 12.5, "osm_node_id": null, "serves_from_bearing": 8.2, "serves_to_bearing": 278.2, "serves_quality": "good", "imagery_source": "taipei_udd_ortho_2025", "model_version": "yolo26s-obb_ep144", "src_image": "TPS_00568", "src_px": "777.1,490.1;783.1,448.1;743.1,442.4;737.1,484.4", "lat": 25.0506411, "lon": 121.5137619}, "geometry": {"type": "Point", "coordinates": [121.5137619, 25.0506411]}}, {"type": "Feature", "id": "dt_wsqqmfe3x", "properties": {"id": "dt_wsqqmfe3x", "status": "auto", "conf": 0.9345, "n_detections": 1, "heading_deg": 137.8, "length_m": 4.32, "width_m": 2.33, "corner": "SE", "intersection_id": "TPS_00313", "intersection_dist_m": 14.1, "osm_node_id": null, "serves_from_bearing": 137.8, "serves_to_bearing": 47.8, "serves_quality": "good", "imagery_source": "taipei_udd_ortho_2025", "model_version": "yolo26s-obb_ep144", "src_image": "TPS_00313", "src_px": "514.0,762.5;471.1,714.8;445.4,737.8;488.3,785.6", "lat": 25.0188952, "lon": 121.5465329}, "geometry": {"type": "Point", "coordinates": [121.5465329, 25.0188952]}}, {"type": "Feature", "id": "dt_wsqqqj1je", "properties": {"id": "dt_wsqqqj1je", "status": "auto", "conf": 0.9344, "n_detections": 1, "heading_deg": 88.4, "length_m": 5.92, "width_m": 2.22, "corner": "NW", "intersection_id": "TPS_00298", "intersection_dist_m": 15.7, "osm_node_id": null, "serves_from_bearing": 268.4, "serves_to_bearing": 178.4, "serves_quality": "good", "imagery_source": "taipei_udd_ortho_2025", "model_version": "yolo26s-obb_ep144", "src_image": "TPS_00298", "src_px": "533.7,343.5;532.7,310.5;445.2,313.0;446.2,346.0", "lat": 25.0333061, "lon": 121.5542642}, "geometry": {"type": "Point", "coordinates": [121.5542642, 25.0333061]}}, {"type": "Feature", "id": "dt_wsqqmetpy", "properties": {"id": "dt_wsqqmetpy", "status": "auto", "conf": 0.9344, "n_detections": 1, "heading_deg": 96.7, "length_m": 7.29, "width_m": 2.62, "corner": "SE", "intersection_id": "TPS_00612", "intersection_dist_m": 16.3, "osm_node_id": null, "serves_from_bearing": 96.7, "serves_to_bearing": 6.7, "serves_quality": "good", "imagery_source": "taipei_udd_ortho_2025", "model_version": "yolo26s-obb_ep144", "src_image": "TPS_00612", "src_px": "493.1,697.3;497.7,658.6;390.7,646.0;386.1,684.8", "lat": 25.025476, "lon": 121.5379245}, "geometry": {"type": "Point", "coordinates": [121.5379245, 25.025476]}}, {"type": "Feature", "id": "dt_wsqqtbt3r", "properties": {"id": "dt_wsqqtbt3r", "status": "auto", "conf": 0.9344, "n_detections": 1, "heading_deg": 3.9, "length_m": 10.15, "width_m": 3.49, "corner": "NW", "intersection_id": "TPS_01169", "intersection_dist_m": 14.8, "osm_node_id": null, "serves_from_bearing": 273.9, "serves_to_bearing": 183.9, "serves_quality": "good", "imagery_source": "taipei_udd_ortho_2025", "model_version": "yolo26s-obb_ep144", "src_image": "TPS_01169", "src_px": "271.9,381.5;282.1,230.8;230.6,227.3;220.4,378.0", "lat": 25.051828, "lon": 121.549298}, "geometry": {"type": "Point", "coordinates": [121.549298, 25.051828]}}, {"type": "Feature", "id": "dt_wsqqw9m8c", "properties": {"id": "dt_wsqqw9m8c", "status": "auto", "conf": 0.9344, "n_detections": 1, "heading_deg": 142.3, "length_m": 4.54, "width_m": 2.68, "corner": "NE", "intersection_id": "TPS_01837", "intersection_dist_m": 19.1, "osm_node_id": null, "serves_from_bearing": 322.3, "serves_to_bearing": 232.3, "serves_quality": "good", "imagery_source": "taipei_udd_ortho_2025", "model_version": "yolo26s-obb_ep144", "src_image": "TPS_01837", "src_px": "638.7,347.8;597.7,294.3;566.1,318.5;607.0,372.0", "lat": 25.0558538, "lon": 121.5823207}, "geometry": {"type": "Point", "coordinates": [121.5823207, 25.0558538]}}, {"type": "Feature", "id": "dt_wsqqqwutu", "properties": {"id": "dt_wsqqqwutu", "status": "auto", "conf": 0.9344, "n_detections": 1, "heading_deg": 136.0, "length_m": 6.12, "width_m": 2.55, "corner": "NW", "intersection_id": "TPS_02205", "intersection_dist_m": 54.2, "osm_node_id": null, "serves_from_bearing": 226.0, "serves_to_bearing": 136.0, "serves_quality": "good", "imagery_source": "taipei_udd_ortho_2025", "model_version": "yolo26s-obb_ep144", "src_image": "TPS_02205", "src_px": "74.8,90.2;11.9,24.7;-15.4,50.9;47.5,116.5", "lat": 25.04295, "lon": 121.5810784}, "geometry": {"type": "Point", "coordinates": [121.5810784, 25.04295]}}, {"type": "Feature", "id": "dt_wsqqt5e7p", "properties": {"id": "dt_wsqqt5e7p", "status": "auto", "conf": 0.9341, "n_detections": 1, "heading_deg": 0.4, "length_m": 7.23, "width_m": 2.79, "corner": "SE", "intersection_id": "TPS_02523", "intersection_dist_m": 16.2, "osm_node_id": null, "serves_from_bearing": 90.4, "serves_to_bearing": 0.4, "serves_quality": "good", "imagery_source": "taipei_udd_ortho_2025", "model_version": "yolo26s-obb_ep144", "src_image": "TPS_02523", "src_px": "741.9,671.2;742.7,563.6;701.5,563.3;700.6,670.9", "lat": 25.0685876, "lon": 121.5135645}, "geometry": {"type": "Point", "coordinates": [121.5135645, 25.0685876]}}, {"type": "Feature", "id": "dt_wsqqmfe74", "properties": {"id": "dt_wsqqmfe74", "status": "auto", "conf": 0.934, "n_detections": 1, "heading_deg": 53.2, "length_m": 6.15, "width_m": 2.41, "corner": "NW", "intersection_id": "TPS_00313", "intersection_dist_m": 22.0, "osm_node_id": null, "serves_from_bearing": 233.2, "serves_to_bearing": 143.2, "serves_quality": "good", "imagery_source": "taipei_udd_ortho_2025", "model_version": "yolo26s-obb_ep144", "src_image": "TPS_00313", "src_px": "233.6,310.7;212.0,282.1;139.2,337.0;160.8,365.7", "lat": 25.0191542, "lon": 121.5463362}, "geometry": {"type": "Point", "coordinates": [121.5463362, 25.0191542]}}, {"type": "Feature", "id": "dt_wsqqt2d54", "properties": {"id": "dt_wsqqt2d54", "status": "auto", "conf": 0.9339, "n_detections": 1, "heading_deg": 96.5, "length_m": 6.19, "width_m": 3.04, "corner": "SE", "intersection_id": "TPS_00051", "intersection_dist_m": 18.6, "osm_node_id": null, "serves_from_bearing": 96.5, "serves_to_bearing": 6.5, "serves_quality": "good", "imagery_source": "taipei_udd_ortho_2025", "model_version": "yolo26s-obb_ep144", "src_image": "TPS_00051", "src_px": "699.3,919.1;704.4,874.2;613.5,863.8;608.3,908.7", "lat": 25.0520934, "lon": 121.5226188}, "geometry": {"type": "Point", "coordinates": [121.5226188, 25.0520934]}}, {"type": "Feature", "id": "dt_wsqqmwj67", "properties": {"id": "dt_wsqqmwj67", "status": "auto", "conf": 0.9339, "n_detections": 1, "heading_deg": 0.8, "length_m": 4.76, "width_m": 2.59, "corner": "NW", "intersection_id": "TPS_00072", "intersection_dist_m": 25.4, "osm_node_id": null, "serves_from_bearing": 270.8, "serves_to_bearing": 180.8, "serves_quality": "good", "imagery_source": "taipei_udd_ortho_2025", "model_version": "yolo26s-obb_ep144", "src_image": "TPS_00072", "src_px": "529.8,193.9;530.8,123.1;492.5,122.5;491.5,193.3", "lat": 25.0382309, "lon": 121.5381426}, "geometry": {"type": "Point", "coordinates": [121.5381426, 25.0382309]}}, {"type": "Feature", "id": "dt_wsqqmk82f", "properties": {"id": "dt_wsqqmk82f", "status": "auto", "conf": 0.9338, "n_detections": 1, "heading_deg": 146.7, "length_m": 3.58, "width_m": 2.55, "corner": "SW", "intersection_id": "TPS_00265", "intersection_dist_m": 18.5, "osm_node_id": null, "serves_from_bearing": 236.7, "serves_to_bearing": 146.7, "serves_quality": "good", "imagery_source": "taipei_udd_ortho_2025", "model_version": "yolo26s-obb_ep144", "src_image": "TPS_00265", "src_px": "221.9,542.2;192.9,497.7;161.3,518.3;190.2,562.8", "lat": 25.0297615, "lon": 121.5202472}, "geometry": {"type": "Point", "coordinates": [121.5202472, 25.0297615]}}, {"type": "Feature", "id": "dt_wsqqx2yrd", "properties": {"id": "dt_wsqqx2yrd", "status": "auto", "conf": 0.9336, "n_detections": 1, "heading_deg": 96.1, "length_m": 3.99, "width_m": 3.33, "corner": "SW", "intersection_id": "TPS_00165", "intersection_dist_m": 24.9, "osm_node_id": null, "serves_from_bearing": 186.1, "serves_to_bearing": 96.1, "serves_quality": "good", "imagery_source": "taipei_udd_ortho_2025", "model_version": "yolo26s-obb_ep144", "src_image": "TPS_00165", "src_px": "426.3,922.9;431.6,873.6;373.0,867.3;367.7,916.6", "lat": 25.0542683, "lon": 121.6163454}, "geometry": {"type": "Point", "coordinates": [121.6163454, 25.0542683]}}, {"type": "Feature", "id": "dt_wsqqtf7s6", "properties": {"id": "dt_wsqqtf7s6", "status": "auto", "conf": 0.9335, "n_detections": 1, "heading_deg": 88.4, "length_m": 6.76, "width_m": 2.61, "corner": "SW", "intersection_id": "TPS_00234", "intersection_dist_m": 14.8, "osm_node_id": null, "serves_from_bearing": 178.4, "serves_to_bearing": 88.4, "serves_quality": "good", "imagery_source": "taipei_udd_ortho_2025", "model_version": "yolo26s-obb_ep144", "src_image": "TPS_00234", "src_px": "455.9,830.0;454.9,791.2;355.0,794.0;356.1,832.8", "lat": 25.0619385, "lon": 121.5466548}, "geometry": {"type": "Point", "coordinates": [121.5466548, 25.0619385]}}, {"type": "Feature", "id": "dt_wsqquv5w4", "properties": {"id": "dt_wsqquv5w4", "status": "auto", "conf": 0.9335, "n_detections": 1, "heading_deg": 101.3, "length_m": 7.58, "width_m": 2.43, "corner": "SE", "intersection_id": "TPS_01348", "intersection_dist_m": 8.1, "osm_node_id": null, "serves_from_bearing": 101.3, "serves_to_bearing": 11.3, "serves_quality": "good", "imagery_source": "taipei_udd_ortho_2025", "model_version": "yolo26s-obb_ep144", "src_image": "TPS_01348", "src_px": "700.6,607.6;707.7,572.1;597.8,550.0;590.6,585.6", "lat": 25.1213111, "lon": 121.5027012}, "geometry": {"type": "Point", "coordinates": [121.5027012, 25.1213111]}}, {"type": "Feature", "id": "dt_wsqqt91dd", "properties": {"id": "dt_wsqqt91dd", "status": "auto", "conf": 0.9334, "n_detections": 2, "heading_deg": 0.6, "length_m": 5.45, "width_m": 2.77, "corner": "SE", "intersection_id": "TPS_02504", "intersection_dist_m": 19.2, "osm_node_id": null, "serves_from_bearing": 90.6, "serves_to_bearing": 0.6, "serves_quality": "good", "imagery_source": "taipei_udd_ortho_2025", "model_version": "yolo26s-obb_ep144", "src_image": "TPS_00055", "src_px": "166.3,596.8;167.2,515.6;126.2,515.2;125.3,596.4", "lat": 25.0547853, "lon": 121.5329197}, "geometry": {"type": "Point", "coordinates": [121.5329197, 25.0547853]}}, {"type": "Feature", "id": "dt_wsqqmh2nd", "properties": {"id": "dt_wsqqmh2nd", "status": "auto", "conf": 0.9333, "n_detections": 1, "heading_deg": 141.6, "length_m": 4.89, "width_m": 2.86, "corner": "SE", "intersection_id": "TPS_00824", "intersection_dist_m": 14.2, "osm_node_id": null, "serves_from_bearing": 141.6, "serves_to_bearing": 51.6, "serves_quality": "good", "imagery_source": "taipei_udd_ortho_2025", "model_version": "yolo26s-obb_ep144", "src_image": "TPS_00824", "src_px": "466.0,655.8;421.1,598.7;387.7,624.9;432.5,682.0", "lat": 25.0293836, "lon": 121.5089036}, "geometry": {"type": "Point", "coordinates": [121.5089036, 25.0293836]}}, {"type": "Feature", "id": "dt_wsqqmppwq", "properties": {"id": "dt_wsqqmppwq", "status": "auto", "conf": 0.9332, "n_detections": 1, "heading_deg": 97.4, "length_m": 6.34, "width_m": 2.55, "corner": "SE", "intersection_id": "TPS_00036", "intersection_dist_m": 12.5, "osm_node_id": null, "serves_from_bearing": 97.4, "serves_to_bearing": 7.4, "serves_quality": "good", "imagery_source": "taipei_udd_ortho_2025", "model_version": "yolo26s-obb_ep144", "src_image": "TPS_00036", "src_px": "705.9,742.4;710.8,704.8;617.8,692.7;612.9,730.3", "lat": 25.0444232, "lon": 121.5193609}, "geometry": {"type": "Point", "coordinates": [121.5193609, 25.0444232]}}, {"type": "Feature", "id": "dt_wsqqw84pv", "properties": {"id": "dt_wsqqw84pv", "status": "auto", "conf": 0.9332, "n_detections": 1, "heading_deg": 81.3, "length_m": 5.49, "width_m": 2.45, "corner": "NW", "intersection_id": "TPS_00337", "intersection_dist_m": 18.0, "osm_node_id": null, "serves_from_bearing": 261.3, "serves_to_bearing": 171.3, "serves_quality": "good", "imagery_source": "taipei_udd_ortho_2025", "model_version": "yolo26s-obb_ep144", "src_image": "TPS_00337", "src_px": "382.5,205.4;377.0,169.4;296.8,181.7;302.4,217.7", "lat": 25.0501847, "lon": 121.5776814}, "geometry": {"type": "Point", "coordinates": [121.5776814, 25.0501847]}}, {"type": "Feature", "id": "dt_wsqqv6qf3", "properties": {"id": "dt_wsqqv6qf3", "status": "auto", "conf": 0.9332, "n_detections": 1, "heading_deg": 39.0, "length_m": 4.17, "width_m": 2.24, "corner": "SE", "intersection_id": "TPS_00945", "intersection_dist_m": 16.0, "osm_node_id": null, "serves_from_bearing": 39.0, "serves_to_bearing": 309.0, "serves_quality": "good", "imagery_source": "taipei_udd_ortho_2025", "model_version": "yolo26s-obb_ep144", "src_image": "TPS_00945", "src_px": "624.7,725.3;663.5,677.1;637.6,656.2;598.8,704.5", "lat": 25.1055443, "lon": 121.529125}, "geometry": {"type": "Point", "coordinates": [121.529125, 25.1055443]}}, {"type": "Feature", "id": "dt_wsqqxhqxd", "properties": {"id": "dt_wsqqxhqxd", "status": "auto", "conf": 0.9331, "n_detections": 1, "heading_deg": 117.7, "length_m": 6.35, "width_m": 2.51, "corner": "NW", "intersection_id": "TPS_00109", "intersection_dist_m": 14.9, "osm_node_id": null, "serves_from_bearing": 297.7, "serves_to_bearing": 207.7, "serves_quality": "good", "imagery_source": "taipei_udd_ortho_2025", "model_version": "yolo26s-obb_ep144", "src_image": "TPS_00109", "src_px": "469.7,282.5;487.1,249.5;403.9,205.6;386.5,238.6", "lat": 25.0734789, "lon": 121.6057273}, "geometry": {"type": "Point", "coordinates": [121.6057273, 25.0734789]}}, {"type": "Feature", "id": "dt_wsqqwgesv", "properties": {"id": "dt_wsqqwgesv", "status": "auto", "conf": 0.9331, "n_detections": 1, "heading_deg": 4.1, "length_m": 5.37, "width_m": 2.72, "corner": "SW", "intersection_id": "TPS_00167", "intersection_dist_m": 14.6, "osm_node_id": null, "serves_from_bearing": 184.1, "serves_to_bearing": 94.1, "serves_quality": "good", "imagery_source": "taipei_udd_ortho_2025", "model_version": "yolo26s-obb_ep144", "src_image": "TPS_00167", "src_px": "359.7,679.3;365.4,599.5;325.3,596.7;319.6,676.4", "lat": 25.068886, "lon": 121.5907295}, "geometry": {"type": "Point", "coordinates": [121.5907295, 25.068886]}}, {"type": "Feature", "id": "dt_wsqqx3nkv", "properties": {"id": "dt_wsqqx3nkv", "status": "auto", "conf": 0.9331, "n_detections": 1, "heading_deg": 10.2, "length_m": 5.32, "width_m": 3.73, "corner": "SW", "intersection_id": "TPS_00277", "intersection_dist_m": 18.6, "osm_node_id": null, "serves_from_bearing": 190.2, "serves_to_bearing": 100.2, "serves_quality": "good", "imagery_source": "taipei_udd_ortho_2025", "model_version": "yolo26s-obb_ep144", "src_image": "TPS_00277", "src_px": "351.4,533.4;365.3,455.4;310.9,445.8;297.1,523.7", "lat": 25.0551367, "lon": 121.6164712}, "geometry": {"type": "Point", "coordinates": [121.6164712, 25.0551367]}}, {"type": "Feature", "id": "dt_wsqqxjd0k", "properties": {"id": "dt_wsqqxjd0k", "status": "auto", "conf": 0.933, "n_detections": 1, "heading_deg": 138.7, "length_m": 4.33, "width_m": 2.71, "corner": "NE", "intersection_id": "TPS_01073", "intersection_dist_m": 7.8, "osm_node_id": null, "serves_from_bearing": 318.7, "serves_to_bearing": 228.7, "serves_quality": "good", "imagery_source": "taipei_udd_ortho_2025", "model_version": "yolo26s-obb_ep144", "src_image": "TPS_01073", "src_px": "563.2,489.1;521.0,440.7;490.7,467.2;533.0,515.5", "lat": 25.0790896, "lon": 121.599608}, "geometry": {"type": "Point", "coordinates": [121.599608, 25.0790896]}}, {"type": "Feature", "id": "dt_wsqqq4fcg", "properties": {"id": "dt_wsqqq4fcg", "status": "auto", "conf": 0.9326, "n_detections": 1, "heading_deg": 94.6, "length_m": 5.62, "width_m": 2.35, "corner": "SE", "intersection_id": "TPS_00667", "intersection_dist_m": 29.4, "osm_node_id": null, "serves_from_bearing": 94.6, "serves_to_bearing": 4.6, "serves_quality": "good", "imagery_source": "taipei_udd_ortho_2025", "model_version": "yolo26s-obb_ep144", "src_image": "TPS_00667", "src_px": "535.7,1007.9;538.5,973.0;455.6,966.3;452.8,1001.2", "lat": 25.0203067, "lon": 121.5566716}, "geometry": {"type": "Point", "coordinates": [121.5566716, 25.0203067]}}, {"type": "Feature", "id": "dt_wsqqt5gw2", "properties": {"id": "dt_wsqqt5gw2", "status": "auto", "conf": 0.9326, "n_detections": 1, "heading_deg": 1.0, "length_m": 3.65, "width_m": 2.1, "corner": "SW", "intersection_id": "TPS_00689", "intersection_dist_m": 17.2, "osm_node_id": null, "serves_from_bearing": 181.0, "serves_to_bearing": 91.0, "serves_quality": "good", "imagery_source": "taipei_udd_ortho_2025", "model_version": "yolo26s-obb_ep144", "src_image": "TPS_00689", "src_px": "290.4,565.0;291.3,510.6;260.2,510.1;259.3,564.4", "lat": 25.0705019, "lon": 121.5136085}, "geometry": {"type": "Point", "coordinates": [121.5136085, 25.0705019]}}, {"type": "Feature", "id": "dt_wsqqth38k", "properties": {"id": "dt_wsqqth38k", "status": "auto", "conf": 0.9326, "n_detections": 1, "heading_deg": 99.6, "length_m": 5.41, "width_m": 3.67, "corner": "NE", "intersection_id": "TPS_01478", "intersection_dist_m": 16.6, "osm_node_id": null, "serves_from_bearing": 9.6, "serves_to_bearing": 279.6, "serves_quality": "ambiguous", "imagery_source": "taipei_udd_ortho_2025", "model_version": "yolo26s-obb_ep144", "src_image": "TPS_01478", "src_px": "557.9,248.7;567.0,194.8;488.1,181.4;478.9,235.3", "lat": 25.0722527, "lon": 121.511028}, "geometry": {"type": "Point", "coordinates": [121.511028, 25.0722527]}}, {"type": "Feature", "id": "dt_wsqqku3zt", "properties": {"id": "dt_wsqqku3zt", "status": "auto", "conf": 0.9325, "n_detections": 1, "heading_deg": 84.3, "length_m": 6.24, "width_m": 4.15, "corner": "NW", "intersection_id": "TPS_00183", "intersection_dist_m": 13.4, "osm_node_id": null, "serves_from_bearing": 264.3, "serves_to_bearing": 174.3, "serves_quality": "good", "imagery_source": "taipei_udd_ortho_2025", "model_version": "yolo26s-obb_ep144", "src_image": "TPS_00183", "src_px": "432.4,418.0;426.3,356.6;334.5,365.8;340.6,427.2", "lat": 25.0295345, "lon": 121.5004631}, "geometry": {"type": "Point", "coordinates": [121.5004631, 25.0295345]}}, {"type": "Feature", "id": "dt_wsqqmkujv", "properties": {"id": "dt_wsqqmkujv", "status": "auto", "conf": 0.9325, "n_detections": 1, "heading_deg": 95.1, "length_m": 5.28, "width_m": 2.01, "corner": "NW", "intersection_id": "TPS_01141", "intersection_dist_m": 11.8, "osm_node_id": null, "serves_from_bearing": 275.1, "serves_to_bearing": 185.1, "serves_quality": "good", "imagery_source": "taipei_udd_ortho_2025", "model_version": "yolo26s-obb_ep144", "src_image": "TPS_01141", "src_px": "404.6,470.8;407.3,441.0;329.6,434.0;326.9,463.9", "lat": 25.0319864, "lon": 121.5255147}, "geometry": {"type": "Point", "coordinates": [121.5255147, 25.0319864]}}, {"type": "Feature", "id": "dt_wsqqt4e7w", "properties": {"id": "dt_wsqqt4e7w", "status": "auto", "conf": 0.9324, "n_detections": 1, "heading_deg": 89.1, "length_m": 7.01, "width_m": 3.8, "corner": "NW", "intersection_id": "TPS_00078", "intersection_dist_m": 18.7, "osm_node_id": null, "serves_from_bearing": 269.1, "serves_to_bearing": 179.1, "serves_quality": "good", "imagery_source": "taipei_udd_ortho_2025", "model_version": "yolo26s-obb_ep144", "src_image": "TPS_00078", "src_px": "455.0,355.2;454.1,298.6;350.5,300.2;351.4,356.8", "lat": 25.0631657, "lon": 121.5135223}, "geometry": {"type": "Point", "coordinates": [121.5135223, 25.0631657]}}, {"type": "Feature", "id": "dt_wsqqtv9g8", "properties": {"id": "dt_wsqqtv9g8", "status": "auto", "conf": 0.9322, "n_detections": 1, "heading_deg": 175.2, "length_m": 4.82, "width_m": 3.13, "corner": "SW", "intersection_id": "TPS_00115", "intersection_dist_m": 27.3, "osm_node_id": null, "serves_from_bearing": 175.2, "serves_to_bearing": 85.2, "serves_quality": "good", "imagery_source": "taipei_udd_ortho_2025", "model_version": "yolo26s-obb_ep144", "src_image": "TPS_00115", "src_px": "39.3,602.6;33.4,531.1;-12.7,534.9;-6.8,606.5", "lat": 25.0796564, "lon": 121.5441602}, "geometry": {"type": "Point", "coordinates": [121.5441602, 25.0796564]}}, {"type": "Feature", "id": "dt_wsqqjuzu0", "properties": {"id": "dt_wsqqjuzu0", "status": "auto", "conf": 0.9322, "n_detections": 1, "heading_deg": 79.3, "length_m": 5.57, "width_m": 2.59, "corner": "SE", "intersection_id": "TPS_00544", "intersection_dist_m": 10.7, "osm_node_id": null, "serves_from_bearing": 79.3, "serves_to_bearing": 349.3, "serves_quality": "good", "imagery_source": "taipei_udd_ortho_2025", "model_version": "yolo26s-obb_ep144", "src_image": "TPS_00544", "src_px": "556.8,580.2;549.6,542.3;468.6,557.7;475.8,595.6", "lat": 24.9877349, "lon": 121.5523915}, "geometry": {"type": "Point", "coordinates": [121.5523915, 24.9877349]}}, {"type": "Feature", "id": "dt_wsqqt91f2", "properties": {"id": "dt_wsqqt91f2", "status": "auto", "conf": 0.9321, "n_detections": 1, "heading_deg": 88.2, "length_m": 5.42, "width_m": 2.34, "corner": "SW", "intersection_id": "TPS_00055", "intersection_dist_m": 8.7, "osm_node_id": null, "serves_from_bearing": 178.2, "serves_to_bearing": 88.2, "serves_quality": "good", "imagery_source": "taipei_udd_ortho_2025", "model_version": "yolo26s-obb_ep144", "src_image": "TPS_00055", "src_px": "580.2,663.8;579.1,629.0;499.0,631.5;500.1,666.3", "lat": 25.0547297, "lon": 121.5331835}, "geometry": {"type": "Point", "coordinates": [121.5331835, 25.0547297]}}, {"type": "Feature", "id": "dt_wsqqx9043", "properties": {"id": "dt_wsqqx9043", "status": "auto", "conf": 0.9321, "n_detections": 1, "heading_deg": 96.9, "length_m": 4.24, "width_m": 2.87, "corner": "SE", "intersection_id": "TPS_00166", "intersection_dist_m": 12.5, "osm_node_id": null, "serves_from_bearing": 96.9, "serves_to_bearing": 6.9, "serves_quality": "good", "imagery_source": "taipei_udd_ortho_2025", "model_version": "yolo26s-obb_ep144", "src_image": "TPS_00166", "src_px": "645.3,671.8;650.5,629.4;588.3,621.8;583.1,664.3", "lat": 25.0547302, "lon": 121.6187226}, "geometry": {"type": "Point", "coordinates": [121.6187226, 25.0547302]}}, {"type": "Feature", "id": "dt_wsqqucpwt", "properties": {"id": "dt_wsqqucpwt", "status": "auto", "conf": 0.9321, "n_detections": 1, "heading_deg": 175.6, "length_m": 3.84, "width_m": 2.49, "corner": "SE", "intersection_id": "TPS_00427", "intersection_dist_m": 18.0, "osm_node_id": null, "serves_from_bearing": 85.6, "serves_to_bearing": 355.6, "serves_quality": "good", "imagery_source": "taipei_udd_ortho_2025", "model_version": "yolo26s-obb_ep144", "src_image": "TPS_00427", "src_px": "896.1,574.9;891.7,517.9;855.0,520.8;859.4,577.8", "lat": 25.0994131, "lon": 121.5083462}, "geometry": {"type": "Point", "coordinates": [121.5083462, 25.0994131]}}, {"type": "Feature", "id": "dt_wsqquum2y", "properties": {"id": "dt_wsqquum2y", "status": "auto", "conf": 0.9321, "n_detections": 1, "heading_deg": 41.4, "length_m": 5.67, "width_m": 2.23, "corner": "NE", "intersection_id": "TPS_01064", "intersection_dist_m": 19.0, "osm_node_id": null, "serves_from_bearing": 41.4, "serves_to_bearing": 311.4, "serves_quality": "good", "imagery_source": "taipei_udd_ortho_2025", "model_version": "yolo26s-obb_ep144", "src_image": "TPS_01064", "src_px": "649.6,463.4;705.0,400.1;680.0,378.4;624.7,441.7", "lat": 25.1162779, "lon": 121.5052867}, "geometry": {"type": "Point", "coordinates": [121.5052867, 25.1162779]}}, {"type": "Feature", "id": "dt_wsqqw69st", "properties": {"id": "dt_wsqqw69st", "status": "auto", "conf": 0.9321, "n_detections": 4, "heading_deg": 167.1, "length_m": 5.01, "width_m": 3.01, "corner": "SW", "intersection_id": "TPS_02488", "intersection_dist_m": 21.5, "osm_node_id": null, "serves_from_bearing": 257.1, "serves_to_bearing": 167.1, "serves_quality": "good", "imagery_source": "taipei_udd_ortho_2025", "model_version": "yolo26s-obb_ep144", "src_image": "TPS_02489", "src_px": "656.1,849.6;639.5,776.9;596.1,786.8;612.6,859.6", "lat": 25.0633342, "lon": 121.5660288}, "geometry": {"type": "Point", "coordinates": [121.5660288, 25.0633342]}}, {"type": "Feature", "id": "dt_wsqqjwrsj", "properties": {"id": "dt_wsqqjwrsj", "status": "auto", "conf": 0.9319, "n_detections": 1, "heading_deg": 172.3, "length_m": 3.55, "width_m": 2.56, "corner": "NE", "intersection_id": "TPS_00509", "intersection_dist_m": 13.5, "osm_node_id": null, "serves_from_bearing": 82.3, "serves_to_bearing": 352.3, "serves_quality": "ambiguous", "imagery_source": "taipei_udd_ortho_2025", "model_version": "yolo26s-obb_ep144", "src_image": "TPS_00509", "src_px": "606.8,615.7;599.8,563.3;562.2,568.2;569.1,620.7", "lat": 24.9959671, "lon": 121.5412817}, "geometry": {"type": "Point", "coordinates": [121.5412817, 24.9959671]}}, {"type": "Feature", "id": "dt_wsqqx568x", "properties": {"id": "dt_wsqqx568x", "status": "auto", "conf": 0.9319, "n_detections": 1, "heading_deg": 77.8, "length_m": 4.18, "width_m": 2.14, "corner": "SW", "intersection_id": "TPS_01006", "intersection_dist_m": 15.4, "osm_node_id": null, "serves_from_bearing": 167.8, "serves_to_bearing": 77.8, "serves_quality": "good", "imagery_source": "taipei_udd_ortho_2025", "model_version": "yolo26s-obb_ep144", "src_image": "TPS_01006", "src_px": "503.8,759.5;497.0,728.4;436.6,741.5;443.3,772.6", "lat": 25.0667963, "lon": 121.6004282}, "geometry": {"type": "Point", "coordinates": [121.6004282, 25.0667963]}}, {"type": "Feature", "id": "dt_wsqqmr8r7", "properties": {"id": "dt_wsqqmr8r7", "status": "auto", "conf": 0.9317, "n_detections": 1, "heading_deg": 108.2, "length_m": 6.35, "width_m": 2.66, "corner": "NW", "intersection_id": "TPS_00037", "intersection_dist_m": 23.1, "osm_node_id": null, "serves_from_bearing": 288.2, "serves_to_bearing": 198.2, "serves_quality": "good", "imagery_source": "taipei_udd_ortho_2025", "model_version": "yolo26s-obb_ep144", "src_image": "TPS_00037", "src_px": "496.5,279.9;509.0,242.4;419.8,212.8;407.3,250.3", "lat": 25.0473533, "lon": 121.5202543}, "geometry": {"type": "Point", "coordinates": [121.5202543, 25.0473533]}}, {"type": "Feature", "id": "dt_wsqqt1wch", "properties": {"id": "dt_wsqqt1wch", "status": "auto", "conf": 0.9317, "n_detections": 1, "heading_deg": 82.5, "length_m": 7.07, "width_m": 2.59, "corner": "SE", "intersection_id": "TPS_00144", "intersection_dist_m": 11.7, "osm_node_id": null, "serves_from_bearing": 82.5, "serves_to_bearing": 352.5, "serves_quality": "good", "imagery_source": "taipei_udd_ortho_2025", "model_version": "yolo26s-obb_ep144", "src_image": "TPS_00144", "src_px": "588.9,621.5;583.9,583.3;480.3,597.1;485.4,635.3", "lat": 25.0572411, "lon": 121.5182456}, "geometry": {"type": "Point", "coordinates": [121.5182456, 25.0572411]}}, {"type": "Feature", "id": "dt_wsqqkv2ef", "properties": {"id": "dt_wsqqkv2ef", "status": "auto", "conf": 0.9317, "n_detections": 1, "heading_deg": 34.4, "length_m": 3.35, "width_m": 2.23, "corner": "SW", "intersection_id": "TPS_01018", "intersection_dist_m": 16.0, "osm_node_id": null, "serves_from_bearing": 214.4, "serves_to_bearing": 124.4, "serves_quality": "good", "imagery_source": "taipei_udd_ortho_2025", "model_version": "yolo26s-obb_ep144", "src_image": "TPS_01018", "src_px": "182.4,655.9;210.4,614.7;183.0,596.1;155.0,637.3", "lat": 25.0343695, "lon": 121.4986119}, "geometry": {"type": "Point", "coordinates": [121.4986119, 25.0343695]}}, {"type": "Feature", "id": "dt_wsqqmvjk3", "properties": {"id": "dt_wsqqmvjk3", "status": "auto", "conf": 0.9316, "n_detections": 1, "heading_deg": 88.6, "length_m": 7.88, "width_m": 2.69, "corner": "SE", "intersection_id": "TPS_00005", "intersection_dist_m": 29.7, "osm_node_id": null, "serves_from_bearing": 88.6, "serves_to_bearing": 358.6, "serves_quality": "good", "imagery_source": "taipei_udd_ortho_2025", "model_version": "yolo26s-obb_ep144", "src_image": "TPS_00005", "src_px": "936.3,917.6;935.3,877.6;818.8,880.5;819.8,920.6", "lat": 25.0331148, "lon": 121.5490313}, "geometry": {"type": "Point", "coordinates": [121.5490313, 25.0331148]}}, {"type": "Feature", "id": "dt_wsqqmhh78", "properties": {"id": "dt_wsqqmhh78", "status": "auto", "conf": 0.9316, "n_detections": 1, "heading_deg": 116.0, "length_m": 4.07, "width_m": 2.24, "corner": "SE", "intersection_id": "TPS_00122", "intersection_dist_m": 13.7, "osm_node_id": null, "serves_from_bearing": 116.0, "serves_to_bearing": 26.0, "serves_quality": "good", "imagery_source": "taipei_udd_ortho_2025", "model_version": "yolo26s-obb_ep144", "src_image": "TPS_00122", "src_px": "556.7,740.7;571.4,710.8;517.3,684.2;502.6,714.2", "lat": 25.0274732, "lon": 121.5146423}, "geometry": {"type": "Point", "coordinates": [121.5146423, 25.0274732]}}, {"type": "Feature", "id": "dt_wsqqwfhhm", "properties": {"id": "dt_wsqqwfhhm", "status": "auto", "conf": 0.9316, "n_detections": 1, "heading_deg": 68.2, "length_m": 3.97, "width_m": 2.49, "corner": "SE", "intersection_id": "TPS_00856", "intersection_dist_m": 9.9, "osm_node_id": null, "serves_from_bearing": 68.2, "serves_to_bearing": 338.2, "serves_quality": "good", "imagery_source": "taipei_udd_ortho_2025", "model_version": "yolo26s-obb_ep144", "src_image": "TPS_00856", "src_px": "626.3,523.1;612.5,488.7;558.0,510.7;571.9,545.0", "lat": 25.0605628, "lon": 121.5914119}, "geometry": {"type": "Point", "coordinates": [121.5914119, 25.0605628]}}, {"type": "Feature", "id": "dt_wsqqt1ndw", "properties": {"id": "dt_wsqqt1ndw", "status": "auto", "conf": 0.9315, "n_detections": 1, "heading_deg": 8.9, "length_m": 4.73, "width_m": 2.44, "corner": "SW", "intersection_id": "TPS_00710", "intersection_dist_m": 18.8, "osm_node_id": null, "serves_from_bearing": 188.9, "serves_to_bearing": 98.9, "serves_quality": "good", "imagery_source": "taipei_udd_ortho_2025", "model_version": "yolo26s-obb_ep144", "src_image": "TPS_00710", "src_px": "203.5,620.2;214.3,550.6;178.7,545.1;167.9,614.7", "lat": 25.0547692, "lon": 121.5180153}, "geometry": {"type": "Point", "coordinates": [121.5180153, 25.0547692]}}, {"type": "Feature", "id": "dt_wsqqtbxb5", "properties": {"id": "dt_wsqqtbxb5", "status": "auto", "conf": 0.9315, "n_detections": 3, "heading_deg": 2.7, "length_m": 8.04, "width_m": 2.74, "corner": "SE", "intersection_id": "TPS_02446", "intersection_dist_m": 19.0, "osm_node_id": null, "serves_from_bearing": 92.7, "serves_to_bearing": 2.7, "serves_quality": "ambiguous", "imagery_source": "taipei_udd_ortho_2025", "model_version": "yolo26s-obb_ep144", "src_image": "TPS_02448", "src_px": "487.8,1007.3;493.3,887.8;452.8,885.9;447.3,1005.4", "lat": 25.0515934, "lon": 121.5525348}, "geometry": {"type": "Point", "coordinates": [121.5525348, 25.0515934]}}, {"type": "Feature", "id": "dt_wsqqt99u3", "properties": {"id": "dt_wsqqt99u3", "status": "auto", "conf": 0.9315, "n_detections": 2, "heading_deg": 89.0, "length_m": 5.91, "width_m": 3.02, "corner": "NE", "intersection_id": "TPS_02503", "intersection_dist_m": 18.1, "osm_node_id": null, "serves_from_bearing": 359.0, "serves_to_bearing": 269.0, "serves_quality": "good", "imagery_source": "taipei_udd_ortho_2025", "model_version": "yolo26s-obb_ep144", "src_image": "TPS_02503", "src_px": "663.1,207.8;662.2,162.9;574.8,164.5;575.7,209.5", "lat": 25.0578091, "lon": 121.5332367}, "geometry": {"type": "Point", "coordinates": [121.5332367, 25.0578091]}}, {"type": "Feature", "id": "dt_wsqqwtku1", "properties": {"id": "dt_wsqqwtku1", "status": "auto", "conf": 0.9314, "n_detections": 1, "heading_deg": 84.4, "length_m": 3.31, "width_m": 1.91, "corner": "SE", "intersection_id": "TPS_00972", "intersection_dist_m": 19.2, "osm_node_id": null, "serves_from_bearing": 84.4, "serves_to_bearing": 354.4, "serves_quality": "good", "imagery_source": "taipei_udd_ortho_2025", "model_version": "yolo26s-obb_ep144", "src_image": "TPS_00972", "src_px": "603.4,643.3;600.6,615.0;551.9,619.8;554.7,648.1", "lat": 25.0783745, "lon": 121.5812742}, "geometry": {"type": "Point", "coordinates": [121.5812742, 25.0783745]}}, {"type": "Feature", "id": "dt_wsqqnqjzn", "properties": {"id": "dt_wsqqnqjzn", "status": "auto", "conf": 0.9314, "n_detections": 1, "heading_deg": 3.3, "length_m": 4.05, "width_m": 2.4, "corner": "NE", "intersection_id": "TPS_01022", "intersection_dist_m": 23.4, "osm_node_id": null, "serves_from_bearing": 3.3, "serves_to_bearing": 273.3, "serves_quality": "good", "imagery_source": "taipei_udd_ortho_2025", "model_version": "yolo26s-obb_ep144", "src_image": "TPS_01022", "src_px": "659.3,248.3;662.7,188.2;627.3,186.2;623.9,246.3", "lat": 24.9951058, "lon": 121.5718768}, "geometry": {"type": "Point", "coordinates": [121.5718768, 24.9951058]}}, {"type": "Feature", "id": "dt_wsqqkfsxg", "properties": {"id": "dt_wsqqkfsxg", "status": "auto", "conf": 0.9314, "n_detections": 1, "heading_deg": 58.4, "length_m": 6.8, "width_m": 2.6, "corner": "NW", "intersection_id": "TPS_02366", "intersection_dist_m": 20.7, "osm_node_id": null, "serves_from_bearing": 238.4, "serves_to_bearing": 148.4, "serves_quality": "good", "imagery_source": "taipei_udd_ortho_2025", "model_version": "yolo26s-obb_ep144", "src_image": "TPS_02366", "src_px": "261.4,234.6;241.1,201.8;155.4,254.8;175.7,287.5", "lat": 25.0199801, "lon": 121.5041223}, "geometry": {"type": "Point", "coordinates": [121.5041223, 25.0199801]}}, {"type": "Feature", "id": "dt_wsqqjxvvn", "properties": {"id": "dt_wsqqjxvvn", "status": "auto", "conf": 0.9313, "n_detections": 1, "heading_deg": 2.2, "length_m": 2.68, "width_m": 2.62, "corner": "NE", "intersection_id": "TPS_00383", "intersection_dist_m": 20.1, "osm_node_id": null, "serves_from_bearing": 2.2, "serves_to_bearing": 272.2, "serves_quality": "ambiguous", "imagery_source": "taipei_udd_ortho_2025", "model_version": "yolo26s-obb_ep144", "src_image": "TPS_00383", "src_px": "954.1,610.4;955.6,570.5;916.9,569.1;915.5,609.0", "lat": 25.0043697, "lon": 121.5389421}, "geometry": {"type": "Point", "coordinates": [121.5389421, 25.0043697]}}, {"type": "Feature", "id": "dt_wsqqm6wxj", "properties": {"id": "dt_wsqqm6wxj", "status": "auto", "conf": 0.9313, "n_detections": 1, "heading_deg": 50.3, "length_m": 7.41, "width_m": 2.75, "corner": "SW", "intersection_id": "TPS_00644", "intersection_dist_m": 13.3, "osm_node_id": null, "serves_from_bearing": 230.3, "serves_to_bearing": 140.3, "serves_quality": "good", "imagery_source": "taipei_udd_ortho_2025", "model_version": "yolo26s-obb_ep144", "src_image": "TPS_00644", "src_px": "429.0,450.9;402.8,419.6;318.5,490.1;344.6,521.4", "lat": 25.0198429, "lon": 121.5289524}, "geometry": {"type": "Point", "coordinates": [121.5289524, 25.0198429]}}, {"type": "Feature", "id": "dt_wsqquv1hj", "properties": {"id": "dt_wsqquv1hj", "status": "auto", "conf": 0.9312, "n_detections": 1, "heading_deg": 13.8, "length_m": 7.83, "width_m": 3.23, "corner": "SE", "intersection_id": "TPS_00370", "intersection_dist_m": 27.9, "osm_node_id": null, "serves_from_bearing": 103.8, "serves_to_bearing": 13.8, "serves_quality": "good", "imagery_source": "taipei_udd_ortho_2025", "model_version": "yolo26s-obb_ep144", "src_image": "TPS_00370", "src_px": "642.2,977.8;669.8,864.5;623.4,853.2;595.8,966.5", "lat": 25.1209513, "lon": 121.4994287}, "geometry": {"type": "Point", "coordinates": [121.4994287, 25.1209513]}}, {"type": "Feature", "id": "dt_wsqqwgevu", "properties": {"id": "dt_wsqqwgevu", "status": "auto", "conf": 0.9307, "n_detections": 1, "heading_deg": 1.0, "length_m": 5.59, "width_m": 4.83, "corner": "NE", "intersection_id": "TPS_00167", "intersection_dist_m": 19.4, "osm_node_id": null, "serves_from_bearing": 1.0, "serves_to_bearing": 271.0, "serves_quality": "good", "imagery_source": "taipei_udd_ortho_2025", "model_version": "yolo26s-obb_ep144", "src_image": "TPS_00167", "src_px": "808.5,424.0;810.0,340.8;738.6,339.5;737.2,422.7", "lat": 25.0690416, "lon": 121.5910186}, "geometry": {"type": "Point", "coordinates": [121.5910186, 25.0690416]}}, {"type": "Feature", "id": "dt_wsqqt01nx", "properties": {"id": "dt_wsqqt01nx", "status": "auto", "conf": 0.9307, "n_detections": 1, "heading_deg": 100.8, "length_m": 6.79, "width_m": 3.37, "corner": "SW", "intersection_id": "TPS_00776", "intersection_dist_m": 20.9, "osm_node_id": null, "serves_from_bearing": 100.8, "serves_to_bearing": 10.8, "serves_quality": "ambiguous", "imagery_source": "taipei_udd_ortho_2025", "model_version": "yolo26s-obb_ep144", "src_image": "TPS_00776", "src_px": "545.3,809.5;554.8,760.2;456.2,741.2;446.7,790.5", "lat": 25.0499867, "lon": 121.5104981}, "geometry": {"type": "Point", "coordinates": [121.5104981, 25.0499867]}}, {"type": "Feature", "id": "dt_wsqqmpenk", "properties": {"id": "dt_wsqqmpenk", "status": "auto", "conf": 0.9307, "n_detections": 1, "heading_deg": 15.9, "length_m": 6.52, "width_m": 3.71, "corner": "SW", "intersection_id": "TPS_00777", "intersection_dist_m": 17.9, "osm_node_id": null, "serves_from_bearing": 195.9, "serves_to_bearing": 105.9, "serves_quality": "good", "imagery_source": "taipei_udd_ortho_2025", "model_version": "yolo26s-obb_ep144", "src_image": "TPS_00777", "src_px": "319.5,584.4;345.9,491.1;293.1,476.2;266.7,569.5", "lat": 25.0471808, "lon": 121.5131143}, "geometry": {"type": "Point", "coordinates": [121.5131143, 25.0471808]}}, {"type": "Feature", "id": "dt_wsqqmkh2w", "properties": {"id": "dt_wsqqmkh2w", "status": "auto", "conf": 0.9305, "n_detections": 1, "heading_deg": 95.1, "length_m": 6.54, "width_m": 2.54, "corner": "NW", "intersection_id": "TPS_00150", "intersection_dist_m": 15.5, "osm_node_id": null, "serves_from_bearing": 275.1, "serves_to_bearing": 185.1, "serves_quality": "ambiguous", "imagery_source": "taipei_udd_ortho_2025", "model_version": "yolo26s-obb_ep144", "src_image": "TPS_00150", "src_px": "484.7,316.4;488.0,278.8;391.7,270.2;388.4,307.8", "lat": 25.0269502, "lon": 121.5259057}, "geometry": {"type": "Point", "coordinates": [121.5259057, 25.0269502]}}, {"type": "Feature", "id": "dt_wsqqmr68y", "properties": {"id": "dt_wsqqmr68y", "status": "auto", "conf": 0.9304, "n_detections": 2, "heading_deg": 15.7, "length_m": 6.64, "width_m": 3.1, "corner": "SW", "intersection_id": "TPS_00727", "intersection_dist_m": 7.9, "osm_node_id": null, "serves_from_bearing": 195.7, "serves_to_bearing": 105.7, "serves_quality": "ambiguous", "imagery_source": "taipei_udd_ortho_2025", "model_version": "yolo26s-obb_ep144", "src_image": "TPS_00726", "src_px": "916.3,324.7;942.9,229.5;898.7,217.2;872.2,312.4", "lat": 25.04485, "lon": 121.5234738}, "geometry": {"type": "Point", "coordinates": [121.5234738, 25.04485]}}, {"type": "Feature", "id": "dt_wsqqqxjjx", "properties": {"id": "dt_wsqqqxjjx", "status": "auto", "conf": 0.9302, "n_detections": 1, "heading_deg": 127.1, "length_m": 5.11, "width_m": 2.72, "corner": "NW", "intersection_id": "TPS_00802", "intersection_dist_m": 12.5, "osm_node_id": null, "serves_from_bearing": 307.1, "serves_to_bearing": 217.1, "serves_quality": "good", "imagery_source": "taipei_udd_ortho_2025", "model_version": "yolo26s-obb_ep144", "src_image": "TPS_00802", "src_px": "552.1,379.1;491.9,333.2;467.4,365.3;527.6,411.2", "lat": 25.044322, "lon": 121.5819153}, "geometry": {"type": "Point", "coordinates": [121.5819153, 25.044322]}}, {"type": "Feature", "id": "dt_wsqqkuse6", "properties": {"id": "dt_wsqqkuse6", "status": "auto", "conf": 0.9301, "n_detections": 1, "heading_deg": 82.3, "length_m": 6.24, "width_m": 2.05, "corner": "NW", "intersection_id": "TPS_00926", "intersection_dist_m": 13.5, "osm_node_id": null, "serves_from_bearing": 262.3, "serves_to_bearing": 172.3, "serves_quality": "good", "imagery_source": "taipei_udd_ortho_2025", "model_version": "yolo26s-obb_ep144", "src_image": "TPS_00926", "src_px": "486.2,389.9;482.0,359.7;390.5,372.2;394.7,402.5", "lat": 25.0301633, "lon": 121.5041048}, "geometry": {"type": "Point", "coordinates": [121.5041048, 25.0301633]}}, {"type": "Feature", "id": "dt_wsqqtf2tb", "properties": {"id": "dt_wsqqtf2tb", "status": "auto", "conf": 0.93, "n_detections": 2, "heading_deg": 89.7, "length_m": 3.3, "width_m": 2.51, "corner": "NE", "intersection_id": "TPS_01170", "intersection_dist_m": 9.6, "osm_node_id": null, "serves_from_bearing": 359.7, "serves_to_bearing": 269.7, "serves_quality": "ambiguous", "imagery_source": "taipei_udd_ortho_2025", "model_version": "yolo26s-obb_ep144", "src_image": "TPS_01171", "src_px": "281.1,892.8;280.9,855.5;232.1,855.8;232.3,893.1", "lat": 25.0622117, "lon": 121.5424351}, "geometry": {"type": "Point", "coordinates": [121.5424351, 25.0622117]}}, {"type": "Feature", "id": "dt_wsqqx0bxj", "properties": {"id": "dt_wsqqx0bxj", "status": "auto", "conf": 0.9297, "n_detections": 1, "heading_deg": 97.8, "length_m": 3.25, "width_m": 2.22, "corner": "NE", "intersection_id": "TPS_01791", "intersection_dist_m": 12.8, "osm_node_id": null, "serves_from_bearing": 277.8, "serves_to_bearing": 187.8, "serves_quality": "ambiguous", "imagery_source": "taipei_udd_ortho_2025", "model_version": "yolo26s-obb_ep144", "src_image": "TPS_01791", "src_px": "649.4,306.1;654.0,273.3;606.4,266.7;601.8,299.4", "lat": 25.0541716, "lon": 121.5976157}, "geometry": {"type": "Point", "coordinates": [121.5976157, 25.0541716]}}, {"type": "Feature", "id": "dt_wsqqjwp3y", "properties": {"id": "dt_wsqqjwp3y", "status": "auto", "conf": 0.9296, "n_detections": 1, "heading_deg": 8.1, "length_m": 4.59, "width_m": 2.57, "corner": "NW", "intersection_id": "TPS_00909", "intersection_dist_m": 13.8, "osm_node_id": null, "serves_from_bearing": 278.1, "serves_to_bearing": 188.1, "serves_quality": "good", "imagery_source": "taipei_udd_ortho_2025", "model_version": "yolo26s-obb_ep144", "src_image": "TPS_00909", "src_px": "456.2,409.4;465.8,341.8;428.2,336.5;418.6,404.1", "lat": 24.9942332, "lon": 121.5410146}, "geometry": {"type": "Point", "coordinates": [121.5410146, 24.9942332]}}, {"type": "Feature", "id": "dt_wsqqkyz3n", "properties": {"id": "dt_wsqqkyz3n", "status": "auto", "conf": 0.9295, "n_detections": 1, "heading_deg": 16.1, "length_m": 7.29, "width_m": 2.56, "corner": "SE", "intersection_id": "TPS_02422", "intersection_dist_m": 9.1, "osm_node_id": null, "serves_from_bearing": 106.1, "serves_to_bearing": 16.1, "serves_quality": "ambiguous", "imagery_source": "taipei_udd_ortho_2025", "model_version": "yolo26s-obb_ep144", "src_image": "TPS_02422", "src_px": "687.0,637.9;716.9,533.7;680.5,523.2;650.6,627.4", "lat": 25.0421736, "lon": 121.5080459}, "geometry": {"type": "Point", "coordinates": [121.5080459, 25.0421736]}}, {"type": "Feature", "id": "dt_wsqqmd12y", "properties": {"id": "dt_wsqqmd12y", "status": "auto", "conf": 0.9294, "n_detections": 1, "heading_deg": 136.7, "length_m": 6.19, "width_m": 3.0, "corner": "SE", "intersection_id": "TPS_00102", "intersection_dist_m": 30.0, "osm_node_id": null, "serves_from_bearing": 136.7, "serves_to_bearing": 46.7, "serves_quality": "good", "imagery_source": "taipei_udd_ortho_2025", "model_version": "yolo26s-obb_ep144", "src_image": "TPS_00102", "src_px": "721.3,866.7;658.5,799.7;626.0,830.2;688.7,897.2", "lat": 25.0160354, "lon": 121.5327584}, "geometry": {"type": "Point", "coordinates": [121.5327584, 25.0160354]}}, {"type": "Feature", "id": "dt_wsqqkwp7e", "properties": {"id": "dt_wsqqkwp7e", "status": "auto", "conf": 0.9294, "n_detections": 1, "heading_deg": 38.2, "length_m": 5.04, "width_m": 2.42, "corner": "SW", "intersection_id": "TPS_00796", "intersection_dist_m": 23.5, "osm_node_id": null, "serves_from_bearing": 218.2, "serves_to_bearing": 128.2, "serves_quality": "good", "imagery_source": "taipei_udd_ortho_2025", "model_version": "yolo26s-obb_ep144", "src_image": "TPS_00796", "src_px": "215.3,595.8;261.4,536.9;233.2,514.8;187.0,573.7", "lat": 25.0384563, "lon": 121.4969231}, "geometry": {"type": "Point", "coordinates": [121.4969231, 25.0384563]}}, {"type": "Feature", "id": "dt_wsqqnmx75", "properties": {"id": "dt_wsqqnmx75", "status": "auto", "conf": 0.9292, "n_detections": 1, "heading_deg": 171.6, "length_m": 3.68, "width_m": 2.47, "corner": "NE", "intersection_id": "TPS_00181", "intersection_dist_m": 14.2, "osm_node_id": null, "serves_from_bearing": 351.6, "serves_to_bearing": 261.6, "serves_quality": "ambiguous", "imagery_source": "taipei_udd_ortho_2025", "model_version": "yolo26s-obb_ep144", "src_image": "TPS_00181", "src_px": "746.3,501.9;738.3,447.7;702.1,453.1;710.1,507.3", "lat": 24.9916803, "lon": 121.5738194}, "geometry": {"type": "Point", "coordinates": [121.5738194, 24.9916803]}}, {"type": "Feature", "id": "dt_wsqqwt00r", "properties": {"id": "dt_wsqqwt00r", "status": "auto", "conf": 0.9292, "n_detections": 1, "heading_deg": 31.9, "length_m": 5.88, "width_m": 2.27, "corner": "NE", "intersection_id": "TPS_00995", "intersection_dist_m": 13.0, "osm_node_id": null, "serves_from_bearing": 31.9, "serves_to_bearing": 301.9, "serves_quality": "good", "imagery_source": "taipei_udd_ortho_2025", "model_version": "yolo26s-obb_ep144", "src_image": "TPS_00995", "src_px": "748.4,655.1;794.3,580.8;765.7,563.1;719.7,637.4", "lat": 25.0763669, "lon": 121.575043}, "geometry": {"type": "Point", "coordinates": [121.575043, 25.0763669]}}, {"type": "Feature", "id": "dt_wsqqmgedu", "properties": {"id": "dt_wsqqmgedu", "status": "auto", "conf": 0.9291, "n_detections": 1, "heading_deg": 84.5, "length_m": 3.53, "width_m": 2.46, "corner": "SE", "intersection_id": "TPS_00619", "intersection_dist_m": 12.6, "osm_node_id": null, "serves_from_bearing": 84.5, "serves_to_bearing": 354.5, "serves_quality": "good", "imagery_source": "taipei_udd_ortho_2025", "model_version": "yolo26s-obb_ep144", "src_image": "TPS_00619", "src_px": "561.4,623.7;557.9,587.3;506.0,592.3;509.5,628.7", "lat": 25.0245814, "lon": 121.5467408}, "geometry": {"type": "Point", "coordinates": [121.5467408, 25.0245814]}}, {"type": "Feature", "id": "dt_wsqqm5zmn", "properties": {"id": "dt_wsqqm5zmn", "status": "auto", "conf": 0.929, "n_detections": 1, "heading_deg": 110.6, "length_m": 3.96, "width_m": 2.46, "corner": "SE", "intersection_id": "TPS_00822", "intersection_dist_m": 16.5, "osm_node_id": null, "serves_from_bearing": 110.6, "serves_to_bearing": 20.6, "serves_quality": "good", "imagery_source": "taipei_udd_ortho_2025", "model_version": "yolo26s-obb_ep144", "src_image": "TPS_00822", "src_px": "681.3,801.7;694.2,767.5;639.4,746.8;626.5,781.0", "lat": 25.0263469, "lon": 121.5190166}, "geometry": {"type": "Point", "coordinates": [121.5190166, 25.0263469]}}, {"type": "Feature", "id": "dt_wsqqwe03v", "properties": {"id": "dt_wsqqwe03v", "status": "auto", "conf": 0.9286, "n_detections": 1, "heading_deg": 65.5, "length_m": 8.46, "width_m": 2.69, "corner": "SE", "intersection_id": "TPS_00753", "intersection_dist_m": 11.7, "osm_node_id": null, "serves_from_bearing": 65.5, "serves_to_bearing": 335.5, "serves_quality": "good", "imagery_source": "taipei_udd_ortho_2025", "model_version": "yolo26s-obb_ep144", "src_image": "TPS_00753", "src_px": "676.8,644.4;660.1,608.0;546.3,660.3;563.0,696.7", "lat": 25.0656119, "lon": 121.5752888}, "geometry": {"type": "Point", "coordinates": [121.5752888, 25.0656119]}}, {"type": "Feature", "id": "dt_wsqqqp0xp", "properties": {"id": "dt_wsqqqp0xp", "status": "auto", "conf": 0.9283, "n_detections": 1, "heading_deg": 82.3, "length_m": 3.15, "width_m": 2.08, "corner": "NW", "intersection_id": "TPS_00580", "intersection_dist_m": 18.2, "osm_node_id": null, "serves_from_bearing": 352.3, "serves_to_bearing": 262.3, "serves_quality": "ambiguous", "imagery_source": "taipei_udd_ortho_2025", "model_version": "yolo26s-obb_ep144", "src_image": "TPS_00580", "src_px": "520.4,274.6;516.2,243.9;470.0,250.2;474.1,280.8", "lat": 25.0445442, "lon": 121.5537531}, "geometry": {"type": "Point", "coordinates": [121.5537531, 25.0445442]}}, {"type": "Feature", "id": "dt_wsqqqxmu4", "properties": {"id": "dt_wsqqqxmu4", "status": "auto", "conf": 0.9282, "n_detections": 1, "heading_deg": 117.6, "length_m": 6.04, "width_m": 2.5, "corner": "NE", "intersection_id": "TPS_00336", "intersection_dist_m": 15.1, "osm_node_id": null, "serves_from_bearing": 297.6, "serves_to_bearing": 207.6, "serves_quality": "good", "imagery_source": "taipei_udd_ortho_2025", "model_version": "yolo26s-obb_ep144", "src_image": "TPS_00336", "src_px": "698.8,385.4;716.1,352.5;637.0,310.8;619.7,343.6", "lat": 25.0454253, "lon": 121.582708}, "geometry": {"type": "Point", "coordinates": [121.582708, 25.0454253]}}, {"type": "Feature", "id": "dt_wsqqw7e3w", "properties": {"id": "dt_wsqqw7e3w", "status": "auto", "conf": 0.9278, "n_detections": 2, "heading_deg": 12.8, "length_m": 5.52, "width_m": 2.32, "corner": "NE", "intersection_id": "TPS_01486", "intersection_dist_m": 30.8, "osm_node_id": null, "serves_from_bearing": 12.8, "serves_to_bearing": 282.8, "serves_quality": "good", "imagery_source": "taipei_udd_ortho_2025", "model_version": "yolo26s-obb_ep144", "src_image": "TPS_01191", "src_px": "951.3,554.3;969.4,474.2;935.9,466.7;917.8,546.7", "lat": 25.0683415, "lon": 121.5684733}, "geometry": {"type": "Point", "coordinates": [121.5684733, 25.0683415]}}, {"type": "Feature", "id": "dt_wsqqt9h4q", "properties": {"id": "dt_wsqqt9h4q", "status": "auto", "conf": 0.9278, "n_detections": 1, "heading_deg": 179.8, "length_m": 6.7, "width_m": 2.33, "corner": "SW", "intersection_id": "TPS_01439", "intersection_dist_m": 9.5, "osm_node_id": null, "serves_from_bearing": 179.8, "serves_to_bearing": 89.8, "serves_quality": "good", "imagery_source": "taipei_udd_ortho_2025", "model_version": "yolo26s-obb_ep144", "src_image": "TPS_01439", "src_px": "445.3,707.3;445.0,607.6;410.6,607.7;410.9,707.4", "lat": 25.0547237, "lon": 121.5365418}, "geometry": {"type": "Point", "coordinates": [121.5365418, 25.0547237]}}, {"type": "Feature", "id": "dt_wsqqw0811", "properties": {"id": "dt_wsqqw0811", "status": "auto", "conf": 0.9276, "n_detections": 2, "heading_deg": 4.9, "length_m": 6.28, "width_m": 3.22, "corner": "NW", "intersection_id": "TPS_02445", "intersection_dist_m": 20.3, "osm_node_id": null, "serves_from_bearing": 274.9, "serves_to_bearing": 184.9, "serves_quality": "ambiguous", "imagery_source": "taipei_udd_ortho_2025", "model_version": "yolo26s-obb_ep144", "src_image": "TPS_02448", "src_px": "859.5,736.2;867.5,643.1;820.0,639.0;812.1,732.2", "lat": 25.0517507, "lon": 121.5527825}, "geometry": {"type": "Point", "coordinates": [121.5527825, 25.0517507]}}, {"type": "Feature", "id": "dt_wsqqqnpz3", "properties": {"id": "dt_wsqqqnpz3", "status": "auto", "conf": 0.9273, "n_detections": 1, "heading_deg": 1.7, "length_m": 5.09, "width_m": 2.75, "corner": "SW", "intersection_id": "TPS_02412", "intersection_dist_m": 18.2, "osm_node_id": null, "serves_from_bearing": 181.7, "serves_to_bearing": 91.7, "serves_quality": "good", "imagery_source": "taipei_udd_ortho_2025", "model_version": "yolo26s-obb_ep144", "src_image": "TPS_02412", "src_px": "364.9,545.3;367.1,469.5;326.4,468.4;324.2,544.1", "lat": 25.0391078, "lon": 121.5634375}, "geometry": {"type": "Point", "coordinates": [121.5634375, 25.0391078]}}, {"type": "Feature", "id": "dt_wsqqtkb2c", "properties": {"id": "dt_wsqqtkb2c", "status": "auto", "conf": 0.9272, "n_detections": 1, "heading_deg": 101.6, "length_m": 6.49, "width_m": 3.38, "corner": "SE", "intersection_id": "TPS_00139", "intersection_dist_m": 16.0, "osm_node_id": null, "serves_from_bearing": 101.6, "serves_to_bearing": 11.6, "serves_quality": "good", "imagery_source": "taipei_udd_ortho_2025", "model_version": "yolo26s-obb_ep144", "src_image": "TPS_00139", "src_px": "662.0,735.1;672.2,685.9;578.2,666.5;568.1,715.7", "lat": 25.0750673, "lon": 121.5201912}, "geometry": {"type": "Point", "coordinates": [121.5201912, 25.0750673]}}, {"type": "Feature", "id": "dt_wsqqt6tbz", "properties": {"id": "dt_wsqqt6tbz", "status": "auto", "conf": 0.9269, "n_detections": 1, "heading_deg": 5.1, "length_m": 8.94, "width_m": 2.67, "corner": "NE", "intersection_id": "TPS_00045", "intersection_dist_m": 36.0, "osm_node_id": null, "serves_from_bearing": 5.1, "serves_to_bearing": 275.1, "serves_quality": "good", "imagery_source": "taipei_udd_ortho_2025", "model_version": "yolo26s-obb_ep144", "src_image": "TPS_00045", "src_px": "978.4,355.8;990.2,223.2;950.8,219.7;938.9,352.3", "lat": 25.0627234, "lon": 121.5279753}, "geometry": {"type": "Point", "coordinates": [121.5279753, 25.0627234]}}, {"type": "Feature", "id": "dt_wsqqmt1w3", "properties": {"id": "dt_wsqqmt1w3", "status": "auto", "conf": 0.9268, "n_detections": 1, "heading_deg": 86.5, "length_m": 6.69, "width_m": 2.61, "corner": "NW", "intersection_id": "TPS_00303", "intersection_dist_m": 3.1, "osm_node_id": null, "serves_from_bearing": 266.5, "serves_to_bearing": 176.5, "serves_quality": "ambiguous", "imagery_source": "taipei_udd_ortho_2025", "model_version": "yolo26s-obb_ep144", "src_image": "TPS_00303", "src_px": "402.8,627.0;400.4,588.2;301.6,594.3;303.9,633.0", "lat": 25.0334456, "lon": 121.5328862}, "geometry": {"type": "Point", "coordinates": [121.5328862, 25.0334456]}}, {"type": "Feature", "id": "dt_wsqqktpup", "properties": {"id": "dt_wsqqktpup", "status": "auto", "conf": 0.9267, "n_detections": 1, "heading_deg": 25.1, "length_m": 7.5, "width_m": 3.19, "corner": "SW", "intersection_id": "TPS_00184", "intersection_dist_m": 21.0, "osm_node_id": null, "serves_from_bearing": 205.1, "serves_to_bearing": 115.1, "serves_quality": "good", "imagery_source": "taipei_udd_ortho_2025", "model_version": "yolo26s-obb_ep144", "src_image": "TPS_00184", "src_px": "206.4,765.7;253.5,664.6;210.7,644.6;163.6,745.8", "lat": 25.0330771, "lon": 121.4977709}, "geometry": {"type": "Point", "coordinates": [121.4977709, 25.0330771]}}, {"type": "Feature", "id": "dt_wsqqv206b", "properties": {"id": "dt_wsqqv206b", "status": "auto", "conf": 0.9264, "n_detections": 1, "heading_deg": 57.3, "length_m": 7.73, "width_m": 2.53, "corner": "SE", "intersection_id": "TPS_00959", "intersection_dist_m": 16.6, "osm_node_id": null, "serves_from_bearing": 57.3, "serves_to_bearing": 327.3, "serves_quality": "good", "imagery_source": "taipei_udd_ortho_2025", "model_version": "yolo26s-obb_ep144", "src_image": "TPS_00959", "src_px": "619.5,673.9;599.0,642.3;502.9,704.5;523.4,736.1", "lat": 25.0932645, "lon": 121.5201517}, "geometry": {"type": "Point", "coordinates": [121.5201517, 25.0932645]}}, {"type": "Feature", "id": "dt_wsqqmg11h", "properties": {"id": "dt_wsqqmg11h", "status": "auto", "conf": 0.9262, "n_detections": 2, "heading_deg": 86.1, "length_m": 2.45, "width_m": 2.26, "corner": "SE", "intersection_id": "TPS_02517", "intersection_dist_m": 12.7, "osm_node_id": null, "serves_from_bearing": 176.1, "serves_to_bearing": 86.1, "serves_quality": "ambiguous", "imagery_source": "taipei_udd_ortho_2025", "model_version": "yolo26s-obb_ep144", "src_image": "TPS_01215", "src_px": "32.9,217.4;30.6,183.9;-5.6,186.4;-3.2,220.0", "lat": 25.0215616, "lon": 121.5433022}, "geometry": {"type": "Point", "coordinates": [121.5433022, 25.0215616]}}, {"type": "Feature", "id": "dt_wsqqkyrrx", "properties": {"id": "dt_wsqqkyrrx", "status": "auto", "conf": 0.9261, "n_detections": 1, "heading_deg": 16.1, "length_m": 5.36, "width_m": 2.43, "corner": "NE", "intersection_id": "TPS_00192", "intersection_dist_m": 27.6, "osm_node_id": null, "serves_from_bearing": 16.1, "serves_to_bearing": 286.1, "serves_quality": "good", "imagery_source": "taipei_udd_ortho_2025", "model_version": "yolo26s-obb_ep144", "src_image": "TPS_00192", "src_px": "1005.7,529.9;1027.7,453.3;993.1,443.3;971.1,519.9", "lat": 25.0405199, "lon": 121.5080859}, "geometry": {"type": "Point", "coordinates": [121.5080859, 25.0405199]}}, {"type": "Feature", "id": "dt_wsqquufub", "properties": {"id": "dt_wsqquufub", "status": "auto", "conf": 0.9261, "n_detections": 1, "heading_deg": 133.6, "length_m": 5.4, "width_m": 2.81, "corner": "NE", "intersection_id": "TPS_00550", "intersection_dist_m": 21.6, "osm_node_id": null, "serves_from_bearing": 313.6, "serves_to_bearing": 223.6, "serves_quality": "good", "imagery_source": "taipei_udd_ortho_2025", "model_version": "yolo26s-obb_ep144", "src_image": "TPS_00550", "src_px": "815.3,159.4;757.5,104.0;728.6,134.1;786.4,189.5", "lat": 25.1197083, "lon": 121.5015819}, "geometry": {"type": "Point", "coordinates": [121.5015819, 25.1197083]}}, {"type": "Feature", "id": "dt_wsqqw0tb4", "properties": {"id": "dt_wsqqw0tb4", "status": "auto", "conf": 0.9261, "n_detections": 1, "heading_deg": 87.0, "length_m": 4.73, "width_m": 2.39, "corner": "NW", "intersection_id": "TPS_00719", "intersection_dist_m": 14.8, "osm_node_id": null, "serves_from_bearing": 267.0, "serves_to_bearing": 177.0, "serves_quality": "good", "imagery_source": "taipei_udd_ortho_2025", "model_version": "yolo26s-obb_ep144", "src_image": "TPS_00719", "src_px": "474.6,410.7;472.7,375.1;402.8,378.8;404.7,414.4", "lat": 25.0516176, "lon": 121.5607533}, "geometry": {"type": "Point", "coordinates": [121.5607533, 25.0516176]}}, {"type": "Feature", "id": "dt_wsqqmzc9r", "properties": {"id": "dt_wsqqmzc9r", "status": "auto", "conf": 0.9261, "n_detections": 2, "heading_deg": 179.4, "length_m": 5.48, "width_m": 2.57, "corner": "NW", "intersection_id": "TPS_02538", "intersection_dist_m": 14.9, "osm_node_id": null, "serves_from_bearing": 269.4, "serves_to_bearing": 179.4, "serves_quality": "ambiguous", "imagery_source": "taipei_udd_ortho_2025", "model_version": "yolo26s-obb_ep144", "src_image": "TPS_02538", "src_px": "222.7,520.4;221.9,438.8;183.9,439.2;184.7,520.8", "lat": 25.047678, "lon": 121.544116}, "geometry": {"type": "Point", "coordinates": [121.544116, 25.047678]}}, {"type": "Feature", "id": "dt_wsqqqn52q", "properties": {"id": "dt_wsqqqn52q", "status": "auto", "conf": 0.926, "n_detections": 1, "heading_deg": 87.8, "length_m": 4.65, "width_m": 2.45, "corner": "NW", "intersection_id": "TPS_00023", "intersection_dist_m": 25.4, "osm_node_id": null, "serves_from_bearing": 267.8, "serves_to_bearing": 177.8, "serves_quality": "good", "imagery_source": "taipei_udd_ortho_2025", "model_version": "yolo26s-obb_ep144", "src_image": "TPS_00023", "src_px": "454.0,208.7;452.6,172.2;383.9,174.9;385.3,211.4", "lat": 25.0378995, "lon": 121.5574785}, "geometry": {"type": "Point", "coordinates": [121.5574785, 25.0378995]}}, {"type": "Feature", "id": "dt_wsqqx7fwn", "properties": {"id": "dt_wsqqx7fwn", "status": "auto", "conf": 0.926, "n_detections": 1, "heading_deg": 125.6, "length_m": 3.13, "width_m": 2.0, "corner": "NE", "intersection_id": "TPS_01008", "intersection_dist_m": 14.2, "osm_node_id": null, "serves_from_bearing": 35.6, "serves_to_bearing": 305.6, "serves_quality": "good", "imagery_source": "taipei_udd_ortho_2025", "model_version": "yolo26s-obb_ep144", "src_image": "TPS_01008", "src_px": "680.2,336.3;697.6,312.2;660.0,285.1;642.6,309.2", "lat": 25.0704842, "lon": 121.6113769}, "geometry": {"type": "Point", "coordinates": [121.6113769, 25.0704842]}}, {"type": "Feature", "id": "dt_wsqqmu33k", "properties": {"id": "dt_wsqqmu33k", "status": "auto", "conf": 0.9253, "n_detections": 1, "heading_deg": 2.4, "length_m": 4.51, "width_m": 2.62, "corner": "NE", "intersection_id": "TPS_00588", "intersection_dist_m": 15.9, "osm_node_id": null, "serves_from_bearing": 2.4, "serves_to_bearing": 272.4, "serves_quality": "good", "imagery_source": "taipei_udd_ortho_2025", "model_version": "yolo26s-obb_ep144", "src_image": "TPS_00588", "src_px": "815.1,418.0;817.9,350.9;779.2,349.3;776.5,416.4", "lat": 25.0284508, "lon": 121.5436559}, "geometry": {"type": "Point", "coordinates": [121.5436559, 25.0284508]}}, {"type": "Feature", "id": "dt_wsqqt9xjq", "properties": {"id": "dt_wsqqt9xjq", "status": "auto", "conf": 0.9253, "n_detections": 1, "heading_deg": 83.7, "length_m": 6.14, "width_m": 2.79, "corner": "NE", "intersection_id": "TPS_00648", "intersection_dist_m": 17.3, "osm_node_id": null, "serves_from_bearing": 353.7, "serves_to_bearing": 263.7, "serves_quality": "good", "imagery_source": "taipei_udd_ortho_2025", "model_version": "yolo26s-obb_ep144", "src_image": "TPS_00648", "src_px": "481.5,160.9;477.0,119.6;386.8,129.6;391.3,170.8", "lat": 25.0579895, "lon": 121.5406659}, "geometry": {"type": "Point", "coordinates": [121.5406659, 25.0579895]}}, {"type": "Feature", "id": "dt_wsqqmytmv", "properties": {"id": "dt_wsqqmytmv", "status": "auto", "conf": 0.9252, "n_detections": 2, "heading_deg": 85.5, "length_m": 3.17, "width_m": 2.98, "corner": "SW", "intersection_id": "TPS_02507", "intersection_dist_m": 15.8, "osm_node_id": null, "serves_from_bearing": 265.5, "serves_to_bearing": 175.5, "serves_quality": "ambiguous", "imagery_source": "taipei_udd_ortho_2025", "model_version": "yolo26s-obb_ep144", "src_image": "TPS_01209", "src_px": "876.1,37.3;872.6,-6.9;825.9,-3.2;829.4,41.0", "lat": 25.0415828, "lon": 121.5491851}, "geometry": {"type": "Point", "coordinates": [121.5491851, 25.0415828]}}, {"type": "Feature", "id": "dt_wsqqmy51g", "properties": {"id": "dt_wsqqmy51g", "status": "auto", "conf": 0.9251, "n_detections": 1, "heading_deg": 86.8, "length_m": 4.69, "width_m": 2.44, "corner": "NW", "intersection_id": "TPS_00125", "intersection_dist_m": 25.4, "osm_node_id": null, "serves_from_bearing": 266.8, "serves_to_bearing": 176.8, "serves_quality": "ambiguous", "imagery_source": "taipei_udd_ortho_2025", "model_version": "yolo26s-obb_ep144", "src_image": "TPS_00125", "src_px": "519.8,43.2;517.8,6.9;448.5,10.8;450.5,47.1", "lat": 25.0381551, "lon": 121.5460209}, "geometry": {"type": "Point", "coordinates": [121.5460209, 25.0381551]}}, {"type": "Feature", "id": "dt_wsqqtnbmb", "properties": {"id": "dt_wsqqtnbmb", "status": "auto", "conf": 0.9249, "n_detections": 1, "heading_deg": 71.9, "length_m": 8.46, "width_m": 3.5, "corner": "NW", "intersection_id": "TPS_00768", "intersection_dist_m": 23.4, "osm_node_id": null, "serves_from_bearing": 251.9, "serves_to_bearing": 161.9, "serves_quality": "good", "imagery_source": "taipei_udd_ortho_2025", "model_version": "yolo26s-obb_ep144", "src_image": "TPS_00768", "src_px": "376.8,151.8;360.5,102.4;241.6,141.6;257.8,191.0", "lat": 25.086909, "lon": 121.509168}, "geometry": {"type": "Point", "coordinates": [121.509168, 25.086909]}}, {"type": "Feature", "id": "dt_wsqqxjr7z", "properties": {"id": "dt_wsqqxjr7z", "status": "auto", "conf": 0.9248, "n_detections": 1, "heading_deg": 176.5, "length_m": 3.14, "width_m": 2.87, "corner": "NW", "intersection_id": "TPS_01129", "intersection_dist_m": 9.3, "osm_node_id": null, "serves_from_bearing": 266.5, "serves_to_bearing": 176.5, "serves_quality": "good", "imagery_source": "taipei_udd_ortho_2025", "model_version": "yolo26s-obb_ep144", "src_image": "TPS_01129", "src_px": "523.3,472.2;520.5,425.6;478.2,428.2;481.1,474.8", "lat": 25.0783292, "lon": 121.6069718}, "geometry": {"type": "Point", "coordinates": [121.6069718, 25.0783292]}}, {"type": "Feature", "id": "dt_wsqqte692", "properties": {"id": "dt_wsqqte692", "status": "auto", "conf": 0.9248, "n_detections": 1, "heading_deg": 122.6, "length_m": 4.05, "width_m": 1.97, "corner": "SE", "intersection_id": "TPS_01205", "intersection_dist_m": 13.7, "osm_node_id": null, "serves_from_bearing": 122.6, "serves_to_bearing": 32.6, "serves_quality": "good", "imagery_source": "taipei_udd_ortho_2025", "model_version": "yolo26s-obb_ep144", "src_image": "TPS_01205", "src_px": "568.9,570.0;584.8,545.4;534.3,512.9;518.5,537.5", "lat": 25.0669232, "lon": 121.5342215}, "geometry": {"type": "Point", "coordinates": [121.5342215, 25.0669232]}}, {"type": "Feature", "id": "dt_wsqqmqwcq", "properties": {"id": "dt_wsqqmqwcq", "status": "auto", "conf": 0.9247, "n_detections": 1, "heading_deg": 12.3, "length_m": 4.17, "width_m": 2.42, "corner": "SE", "intersection_id": "TPS_00506", "intersection_dist_m": 14.3, "osm_node_id": null, "serves_from_bearing": 12.3, "serves_to_bearing": 282.3, "serves_quality": "good", "imagery_source": "taipei_udd_ortho_2025", "model_version": "yolo26s-obb_ep144", "src_image": "TPS_00506", "src_px": "700.9,502.8;714.0,442.2;679.0,434.6;665.8,495.2", "lat": 25.0408418, "lon": 121.5293361}, "geometry": {"type": "Point", "coordinates": [121.5293361, 25.0408418]}}, {"type": "Feature", "id": "dt_wsqqt68f2", "properties": {"id": "dt_wsqqt68f2", "status": "auto", "conf": 0.9247, "n_detections": 1, "heading_deg": 84.2, "length_m": 3.87, "width_m": 3.06, "corner": "NW", "intersection_id": "TPS_00783", "intersection_dist_m": 14.8, "osm_node_id": null, "serves_from_bearing": 264.2, "serves_to_bearing": 174.2, "serves_quality": "ambiguous", "imagery_source": "taipei_udd_ortho_2025", "model_version": "yolo26s-obb_ep144", "src_image": "TPS_00783", "src_px": "545.6,194.2;541.0,148.9;484.1,154.7;488.6,199.9", "lat": 25.0629478, "lon": 121.5208073}, "geometry": {"type": "Point", "coordinates": [121.5208073, 25.0629478]}}, {"type": "Feature", "id": "dt_wsqqmk899", "properties": {"id": "dt_wsqqmk899", "status": "auto", "conf": 0.9246, "n_detections": 1, "heading_deg": 145.9, "length_m": 6.12, "width_m": 2.72, "corner": "NE", "intersection_id": "TPS_00265", "intersection_dist_m": 14.3, "osm_node_id": null, "serves_from_bearing": 55.9, "serves_to_bearing": 325.9, "serves_quality": "ambiguous", "imagery_source": "taipei_udd_ortho_2025", "model_version": "yolo26s-obb_ep144", "src_image": "TPS_00265", "src_px": "661.9,328.0;611.2,252.5;577.7,275.0;628.3,350.5", "lat": 25.0299005, "lon": 121.5205343}, "geometry": {"type": "Point", "coordinates": [121.5205343, 25.0299005]}}, {"type": "Feature", "id": "dt_wsqqkucbv", "properties": {"id": "dt_wsqqkucbv", "status": "auto", "conf": 0.9246, "n_detections": 1, "heading_deg": 6.8, "length_m": 3.31, "width_m": 2.15, "corner": "SW", "intersection_id": "TPS_00922", "intersection_dist_m": 14.1, "osm_node_id": null, "serves_from_bearing": 186.8, "serves_to_bearing": 96.8, "serves_quality": "good", "imagery_source": "taipei_udd_ortho_2025", "model_version": "yolo26s-obb_ep144", "src_image": "TPS_00922", "src_px": "394.4,627.0;400.2,578.1;368.6,574.3;362.7,623.3", "lat": 25.0311186, "lon": 121.5004618}, "geometry": {"type": "Point", "coordinates": [121.5004618, 25.0311186]}}, {"type": "Feature", "id": "dt_wsqqkvz2m", "properties": {"id": "dt_wsqqkvz2m", "status": "auto", "conf": 0.9245, "n_detections": 1, "heading_deg": 110.8, "length_m": 4.15, "width_m": 2.3, "corner": "SW", "intersection_id": "TPS_00268", "intersection_dist_m": 32.2, "osm_node_id": null, "serves_from_bearing": 110.8, "serves_to_bearing": 20.8, "serves_quality": "good", "imagery_source": "taipei_udd_ortho_2025", "model_version": "yolo26s-obb_ep144", "src_image": "TPS_00268", "src_px": "386.6,938.4;398.8,906.4;341.4,884.4;329.2,916.4", "lat": 25.0365291, "lon": 121.5080032}, "geometry": {"type": "Point", "coordinates": [121.5080032, 25.0365291]}}, {"type": "Feature", "id": "dt_wsqqwtqs2", "properties": {"id": "dt_wsqqwtqs2", "status": "auto", "conf": 0.9245, "n_detections": 1, "heading_deg": 83.7, "length_m": 3.67, "width_m": 2.28, "corner": "SE", "intersection_id": "TPS_00833", "intersection_dist_m": 16.5, "osm_node_id": null, "serves_from_bearing": 83.7, "serves_to_bearing": 353.7, "serves_quality": "good", "imagery_source": "taipei_udd_ortho_2025", "model_version": "yolo26s-obb_ep144", "src_image": "TPS_00833", "src_px": "552.2,858.6;548.4,824.9;494.4,830.9;498.1,864.6", "lat": 25.0784005, "lon": 121.583641}, "geometry": {"type": "Point", "coordinates": [121.583641, 25.0784005]}}, {"type": "Feature", "id": "dt_wsqqmwhfx", "properties": {"id": "dt_wsqqmwhfx", "status": "auto", "conf": 0.9237, "n_detections": 1, "heading_deg": 90.8, "length_m": 7.37, "width_m": 2.71, "corner": "SW", "intersection_id": "TPS_01101", "intersection_dist_m": 10.9, "osm_node_id": null, "serves_from_bearing": 180.8, "serves_to_bearing": 90.8, "serves_quality": "good", "imagery_source": "taipei_udd_ortho_2025", "model_version": "yolo26s-obb_ep144", "src_image": "TPS_01101", "src_px": "535.8,607.5;536.4,567.2;427.4,565.6;426.9,605.9", "lat": 25.0382818, "lon": 121.5376078}, "geometry": {"type": "Point", "coordinates": [121.5376078, 25.0382818]}}, {"type": "Feature", "id": "dt_wsqqt69bw", "properties": {"id": "dt_wsqqt69bw", "status": "auto", "conf": 0.9236, "n_detections": 1, "heading_deg": 179.9, "length_m": 5.34, "width_m": 3.48, "corner": "SW", "intersection_id": "TPS_00049", "intersection_dist_m": 18.6, "osm_node_id": null, "serves_from_bearing": 179.9, "serves_to_bearing": 89.9, "serves_quality": "good", "imagery_source": "taipei_udd_ortho_2025", "model_version": "yolo26s-obb_ep144", "src_image": "TPS_00049", "src_px": "207.1,666.0;207.0,586.5;155.5,586.6;155.6,666.1", "lat": 25.0626733, "lon": 121.5224719}, "geometry": {"type": "Point", "coordinates": [121.5224719, 25.0626733]}}, {"type": "Feature", "id": "dt_wsqqx6jhc", "properties": {"id": "dt_wsqqx6jhc", "status": "auto", "conf": 0.9236, "n_detections": 1, "heading_deg": 129.2, "length_m": 6.25, "width_m": 2.5, "corner": "NE", "intersection_id": "TPS_00854", "intersection_dist_m": 17.3, "osm_node_id": null, "serves_from_bearing": 39.2, "serves_to_bearing": 309.2, "serves_quality": "good", "imagery_source": "taipei_udd_ortho_2025", "model_version": "yolo26s-obb_ep144", "src_image": "TPS_00854", "src_px": "650.1,419.9;578.5,361.1;554.9,389.8;626.5,448.6", "lat": 25.0606308, "lon": 121.6145932}, "geometry": {"type": "Point", "coordinates": [121.6145932, 25.0606308]}}, {"type": "Feature", "id": "dt_wsqqmthyh", "properties": {"id": "dt_wsqqmthyh", "status": "auto", "conf": 0.9235, "n_detections": 1, "heading_deg": 4.0, "length_m": 5.5, "width_m": 2.45, "corner": "SW", "intersection_id": "TPS_00296", "intersection_dist_m": 16.1, "osm_node_id": null, "serves_from_bearing": 184.0, "serves_to_bearing": 94.0, "serves_quality": "good", "imagery_source": "taipei_udd_ortho_2025", "model_version": "yolo26s-obb_ep144", "src_image": "TPS_00296", "src_px": "290.2,713.0;295.9,631.3;259.7,628.8;254.0,710.5", "lat": 25.033409, "lon": 121.5374692}, "geometry": {"type": "Point", "coordinates": [121.5374692, 25.033409]}}, {"type": "Feature", "id": "dt_wsqqtq6ud", "properties": {"id": "dt_wsqqtq6ud", "status": "auto", "conf": 0.9234, "n_detections": 1, "heading_deg": 88.7, "length_m": 8.03, "width_m": 3.19, "corner": "SE", "intersection_id": "TPS_00151", "intersection_dist_m": 19.4, "osm_node_id": null, "serves_from_bearing": 88.7, "serves_to_bearing": 358.7, "serves_quality": "good", "imagery_source": "taipei_udd_ortho_2025", "model_version": "yolo26s-obb_ep144", "src_image": "TPS_00151", "src_px": "712.6,649.1;711.5,601.6;592.8,604.4;593.9,651.8", "lat": 25.0839745, "lon": 121.5236463}, "geometry": {"type": "Point", "coordinates": [121.5236463, 25.0839745]}}, {"type": "Feature", "id": "dt_wsqqtq4d6", "properties": {"id": "dt_wsqqtq4d6", "status": "auto", "conf": 0.9232, "n_detections": 1, "heading_deg": 17.1, "length_m": 3.43, "width_m": 2.31, "corner": "SE", "intersection_id": "TPS_00688", "intersection_dist_m": 18.8, "osm_node_id": null, "serves_from_bearing": 17.1, "serves_to_bearing": 287.1, "serves_quality": "good", "imagery_source": "taipei_udd_ortho_2025", "model_version": "yolo26s-obb_ep144", "src_image": "TPS_00688", "src_px": "684.5,538.8;699.4,489.9;666.7,480.0;651.8,528.9", "lat": 25.0821801, "lon": 121.5233183}, "geometry": {"type": "Point", "coordinates": [121.5233183, 25.0821801]}}, {"type": "Feature", "id": "dt_wsqqt01ph", "properties": {"id": "dt_wsqqt01ph", "status": "auto", "conf": 0.9232, "n_detections": 1, "heading_deg": 10.8, "length_m": 4.03, "width_m": 2.53, "corner": "SW", "intersection_id": "TPS_00776", "intersection_dist_m": 19.2, "osm_node_id": null, "serves_from_bearing": 190.8, "serves_to_bearing": 100.8, "serves_quality": "good", "imagery_source": "taipei_udd_ortho_2025", "model_version": "yolo26s-obb_ep144", "src_image": "TPS_00776", "src_px": "323.6,677.7;334.8,618.7;298.0,611.8;286.8,670.7", "lat": 25.0500661, "lon": 121.5103708}, "geometry": {"type": "Point", "coordinates": [121.5103708, 25.0500661]}}, {"type": "Feature", "id": "dt_wsqqqjgqj", "properties": {"id": "dt_wsqqqjgqj", "status": "auto", "conf": 0.9231, "n_detections": 1, "heading_deg": 3.0, "length_m": 7.87, "width_m": 2.73, "corner": "SW", "intersection_id": "TPS_00023", "intersection_dist_m": 24.3, "osm_node_id": null, "serves_from_bearing": 183.0, "serves_to_bearing": 93.0, "serves_quality": "good", "imagery_source": "taipei_udd_ortho_2025", "model_version": "yolo26s-obb_ep144", "src_image": "TPS_00023", "src_px": "388.9,904.6;394.9,787.6;354.6,785.5;348.6,902.6", "lat": 25.0375026, "lon": 121.5574468}, "geometry": {"type": "Point", "coordinates": [121.5574468, 25.0375026]}}, {"type": "Feature", "id": "dt_wsqqv1dkn", "properties": {"id": "dt_wsqqv1dkn", "status": "auto", "conf": 0.9231, "n_detections": 1, "heading_deg": 81.8, "length_m": 6.27, "width_m": 2.51, "corner": "NW", "intersection_id": "TPS_00402", "intersection_dist_m": 22.8, "osm_node_id": null, "serves_from_bearing": 261.8, "serves_to_bearing": 171.8, "serves_quality": "good", "imagery_source": "taipei_udd_ortho_2025", "model_version": "yolo26s-obb_ep144", "src_image": "TPS_00402", "src_px": "448.1,324.9;442.7,287.9;351.0,301.2;356.4,338.1", "lat": 25.101732, "lon": 121.5121469}, "geometry": {"type": "Point", "coordinates": [121.5121469, 25.101732]}}, {"type": "Feature", "id": "dt_wsqqqqtfy", "properties": {"id": "dt_wsqqqqtfy", "status": "auto", "conf": 0.9231, "n_detections": 1, "heading_deg": 91.4, "length_m": 6.18, "width_m": 2.8, "corner": "NW", "intersection_id": "TPS_00635", "intersection_dist_m": 12.6, "osm_node_id": null, "serves_from_bearing": 271.4, "serves_to_bearing": 181.4, "serves_quality": "good", "imagery_source": "taipei_udd_ortho_2025", "model_version": "yolo26s-obb_ep144", "src_image": "TPS_00635", "src_px": "469.4,352.4;470.4,310.8;379.1,308.6;378.1,350.2", "lat": 25.0410813, "lon": 121.5719016}, "geometry": {"type": "Point", "coordinates": [121.5719016, 25.0410813]}}, {"type": "Feature", "id": "dt_wsqqmppx3", "properties": {"id": "dt_wsqqmppx3", "status": "auto", "conf": 0.923, "n_detections": 1, "heading_deg": 100.4, "length_m": 5.36, "width_m": 2.65, "corner": "NW", "intersection_id": "TPS_00036", "intersection_dist_m": 16.8, "osm_node_id": null, "serves_from_bearing": 280.4, "serves_to_bearing": 190.4, "serves_quality": "good", "imagery_source": "taipei_udd_ortho_2025", "model_version": "yolo26s-obb_ep144", "src_image": "TPS_00036", "src_px": "389.2,438.8;396.3,400.0;318.3,385.6;311.2,424.4", "lat": 25.0446087, "lon": 121.5191543}, "geometry": {"type": "Point", "coordinates": [121.5191543, 25.0446087]}}, {"type": "Feature", "id": "dt_wsqqv39vv", "properties": {"id": "dt_wsqqv39vv", "status": "auto", "conf": 0.9229, "n_detections": 1, "heading_deg": 81.2, "length_m": 3.74, "width_m": 2.05, "corner": "NW", "intersection_id": "TPS_00562", "intersection_dist_m": 18.1, "osm_node_id": null, "serves_from_bearing": 261.2, "serves_to_bearing": 171.2, "serves_quality": "good", "imagery_source": "taipei_udd_ortho_2025", "model_version": "yolo26s-obb_ep144", "src_image": "TPS_00562", "src_px": "367.8,353.5;363.1,323.4;308.4,331.9;313.1,362.0", "lat": 25.1020249, "lon": 121.5224054}, "geometry": {"type": "Point", "coordinates": [121.5224054, 25.1020249]}}, {"type": "Feature", "id": "dt_wsqqt0muw", "properties": {"id": "dt_wsqqt0muw", "status": "auto", "conf": 0.9229, "n_detections": 1, "heading_deg": 101.2, "length_m": 7.01, "width_m": 2.54, "corner": "NW", "intersection_id": "TPS_00729", "intersection_dist_m": 13.4, "osm_node_id": null, "serves_from_bearing": 281.2, "serves_to_bearing": 191.2, "serves_quality": "good", "imagery_source": "taipei_udd_ortho_2025", "model_version": "yolo26s-obb_ep144", "src_image": "TPS_00729", "src_px": "452.6,436.6;460.0,399.5;358.3,379.3;351.0,416.5", "lat": 25.0509875, "lon": 121.5169574}, "geometry": {"type": "Point", "coordinates": [121.5169574, 25.0509875]}}, {"type": "Feature", "id": "dt_wsqqqx679", "properties": {"id": "dt_wsqqqx679", "status": "auto", "conf": 0.9228, "n_detections": 1, "heading_deg": 86.3, "length_m": 6.84, "width_m": 2.38, "corner": "SE", "intersection_id": "TPS_00335", "intersection_dist_m": 16.3, "osm_node_id": null, "serves_from_bearing": 86.3, "serves_to_bearing": 356.3, "serves_quality": "good", "imagery_source": "taipei_udd_ortho_2025", "model_version": "yolo26s-obb_ep144", "src_image": "TPS_00335", "src_px": "651.6,782.0;649.4,746.6;548.5,753.1;550.7,788.4", "lat": 25.045326, "lon": 121.577856}, "geometry": {"type": "Point", "coordinates": [121.577856, 25.045326]}}, {"type": "Feature", "id": "dt_wsqqmh4gx", "properties": {"id": "dt_wsqqmh4gx", "status": "auto", "conf": 0.9227, "n_detections": 1, "heading_deg": 94.6, "length_m": 2.58, "width_m": 2.43, "corner": "SE", "intersection_id": "TPS_00554", "intersection_dist_m": 10.5, "osm_node_id": null, "serves_from_bearing": 94.6, "serves_to_bearing": 4.6, "serves_quality": "good", "imagery_source": "taipei_udd_ortho_2025", "model_version": "yolo26s-obb_ep144", "src_image": "TPS_00554", "src_px": "479.7,752.3;482.7,716.2;444.7,713.1;441.7,749.2", "lat": 25.027461, "lon": 121.5128755}, "geometry": {"type": "Point", "coordinates": [121.5128755, 25.027461]}}, {"type": "Feature", "id": "dt_wsqqmz33w", "properties": {"id": "dt_wsqqmz33w", "status": "auto", "conf": 0.9225, "n_detections": 1, "heading_deg": 85.5, "length_m": 6.55, "width_m": 2.8, "corner": "NW", "intersection_id": "TPS_00101", "intersection_dist_m": 18.3, "osm_node_id": null, "serves_from_bearing": 265.5, "serves_to_bearing": 175.5, "serves_quality": "good", "imagery_source": "taipei_udd_ortho_2025", "model_version": "yolo26s-obb_ep144", "src_image": "TPS_00101", "src_px": "489.4,306.8;486.1,265.2;389.6,272.8;392.9,314.5", "lat": 25.0449941, "lon": 121.5437594}, "geometry": {"type": "Point", "coordinates": [121.5437594, 25.0449941]}}, {"type": "Feature", "id": "dt_wsqqwyqyt", "properties": {"id": "dt_wsqqwyqyt", "status": "auto", "conf": 0.9225, "n_detections": 1, "heading_deg": 156.0, "length_m": 5.68, "width_m": 2.88, "corner": "NE", "intersection_id": "TPS_00267", "intersection_dist_m": 19.1, "osm_node_id": null, "serves_from_bearing": 336.0, "serves_to_bearing": 246.0, "serves_quality": "good", "imagery_source": "taipei_udd_ortho_2025", "model_version": "yolo26s-obb_ep144", "src_image": "TPS_00267", "src_px": "633.4,394.6;599.2,317.3;560.2,334.5;594.4,411.8", "lat": 25.0842892, "lon": 121.5951916}, "geometry": {"type": "Point", "coordinates": [121.5951916, 25.0842892]}}, {"type": "Feature", "id": "dt_wsqqtunzm", "properties": {"id": "dt_wsqqtunzm", "status": "auto", "conf": 0.9223, "n_detections": 1, "heading_deg": 83.5, "length_m": 3.8, "width_m": 2.12, "corner": "SW", "intersection_id": "TPS_00057", "intersection_dist_m": 26.2, "osm_node_id": null, "serves_from_bearing": 173.5, "serves_to_bearing": 83.5, "serves_quality": "good", "imagery_source": "taipei_udd_ortho_2025", "model_version": "yolo26s-obb_ep144", "src_image": "TPS_00057", "src_px": "368.4,774.1;364.8,742.8;308.9,749.2;312.5,780.6", "lat": 25.0720761, "lon": 121.5512448}, "geometry": {"type": "Point", "coordinates": [121.5512448, 25.0720761]}}, {"type": "Feature", "id": "dt_wsqqqh46t", "properties": {"id": "dt_wsqqqh46t", "status": "auto", "conf": 0.9218, "n_detections": 1, "heading_deg": 49.3, "length_m": 2.77, "width_m": 2.67, "corner": "SE", "intersection_id": "TPS_00642", "intersection_dist_m": 13.0, "osm_node_id": null, "serves_from_bearing": 139.3, "serves_to_bearing": 49.3, "serves_quality": "ambiguous", "imagery_source": "taipei_udd_ortho_2025", "model_version": "yolo26s-obb_ep144", "src_image": "TPS_00642", "src_px": "629.1,740.0;603.2,710.0;572.1,736.9;598.0,766.8", "lat": 25.0273019, "lon": 121.5560554}, "geometry": {"type": "Point", "coordinates": [121.5560554, 25.0273019]}}, {"type": "Feature", "id": "dt_wsqqw02p8", "properties": {"id": "dt_wsqqw02p8", "status": "auto", "conf": 0.9218, "n_detections": 2, "heading_deg": 87.6, "length_m": 6.07, "width_m": 2.97, "corner": "NE", "intersection_id": "TPS_02447", "intersection_dist_m": 10.8, "osm_node_id": null, "serves_from_bearing": 357.6, "serves_to_bearing": 267.6, "serves_quality": "ambiguous", "imagery_source": "taipei_udd_ortho_2025", "model_version": "yolo26s-obb_ep144", "src_image": "TPS_02445", "src_px": "349.5,844.6;347.6,800.4;257.9,804.2;259.8,848.4", "lat": 25.0515121, "lon": 121.5527664}, "geometry": {"type": "Point", "coordinates": [121.5527664, 25.0515121]}}, {"type": "Feature", "id": "dt_wsqqt04jw", "properties": {"id": "dt_wsqqt04jw", "status": "auto", "conf": 0.9217, "n_detections": 1, "heading_deg": 12.7, "length_m": 3.26, "width_m": 2.22, "corner": "SW", "intersection_id": "TPS_00773", "intersection_dist_m": 20.0, "osm_node_id": null, "serves_from_bearing": 192.7, "serves_to_bearing": 102.7, "serves_quality": "good", "imagery_source": "taipei_udd_ortho_2025", "model_version": "yolo26s-obb_ep144", "src_image": "TPS_00773", "src_px": "141.3,583.9;151.9,536.5;119.8,529.3;109.2,576.7", "lat": 25.0498086, "lon": 121.5117948}, "geometry": {"type": "Point", "coordinates": [121.5117948, 25.0498086]}}, {"type": "Feature", "id": "dt_wsqqw9sc0", "properties": {"id": "dt_wsqqw9sc0", "status": "auto", "conf": 0.9214, "n_detections": 1, "heading_deg": 64.3, "length_m": 6.42, "width_m": 3.14, "corner": "NW", "intersection_id": "TPS_00052", "intersection_dist_m": 13.2, "osm_node_id": null, "serves_from_bearing": 244.3, "serves_to_bearing": 154.3, "serves_quality": "good", "imagery_source": "taipei_udd_ortho_2025", "model_version": "yolo26s-obb_ep144", "src_image": "TPS_00052", "src_px": "344.6,327.1;324.3,285.1;238.7,326.5;259.0,368.5", "lat": 25.0572572, "lon": 121.5812541}, "geometry": {"type": "Point", "coordinates": [121.5812541, 25.0572572]}}, {"type": "Feature", "id": "dt_wsqqqrkym", "properties": {"id": "dt_wsqqqrkym", "status": "auto", "conf": 0.9213, "n_detections": 1, "heading_deg": 99.8, "length_m": 8.39, "width_m": 2.61, "corner": "NE", "intersection_id": "TPS_00145", "intersection_dist_m": 20.0, "osm_node_id": null, "serves_from_bearing": 9.8, "serves_to_bearing": 279.8, "serves_quality": "good", "imagery_source": "taipei_udd_ortho_2025", "model_version": "yolo26s-obb_ep144", "src_image": "TPS_00145", "src_px": "664.1,249.4;670.8,211.2;548.6,189.9;541.9,228.1", "lat": 25.0458143, "lon": 121.5704788}, "geometry": {"type": "Point", "coordinates": [121.5704788, 25.0458143]}}, {"type": "Feature", "id": "dt_wsqqmzckr", "properties": {"id": "dt_wsqqmzckr", "status": "auto", "conf": 0.9212, "n_detections": 1, "heading_deg": 2.0, "length_m": 5.61, "width_m": 2.52, "corner": "SW", "intersection_id": "TPS_00629", "intersection_dist_m": 15.9, "osm_node_id": null, "serves_from_bearing": 182.0, "serves_to_bearing": 92.0, "serves_quality": "good", "imagery_source": "taipei_udd_ortho_2025", "model_version": "yolo26s-obb_ep144", "src_image": "TPS_00629", "src_px": "252.8,649.6;255.7,566.2;218.4,564.8;215.4,648.3", "lat": 25.0482227, "lon": 121.5437943}, "geometry": {"type": "Point", "coordinates": [121.5437943, 25.0482227]}}, {"type": "Feature", "id": "dt_wsqqwd9w3", "properties": {"id": "dt_wsqqwd9w3", "status": "auto", "conf": 0.9211, "n_detections": 1, "heading_deg": 151.3, "length_m": 4.81, "width_m": 3.71, "corner": "NE", "intersection_id": "TPS_00752", "intersection_dist_m": 16.1, "osm_node_id": null, "serves_from_bearing": 331.3, "serves_to_bearing": 241.3, "serves_quality": "good", "imagery_source": "taipei_udd_ortho_2025", "model_version": "yolo26s-obb_ep144", "src_image": "TPS_00752", "src_px": "653.9,327.1;619.8,264.3;571.5,290.5;605.5,353.3", "lat": 25.0636437, "lon": 121.5768345}, "geometry": {"type": "Point", "coordinates": [121.5768345, 25.0636437]}}, {"type": "Feature", "id": "dt_wsqqmv0jk", "properties": {"id": "dt_wsqqmv0jk", "status": "auto", "conf": 0.9207, "n_detections": 1, "heading_deg": 88.2, "length_m": 3.86, "width_m": 2.16, "corner": "SE", "intersection_id": "TPS_00297", "intersection_dist_m": 15.5, "osm_node_id": null, "serves_from_bearing": 88.2, "serves_to_bearing": 358.2, "serves_quality": "ambiguous", "imagery_source": "taipei_udd_ortho_2025", "model_version": "yolo26s-obb_ep144", "src_image": "TPS_00297", "src_px": "544.7,638.0;543.7,605.8;486.7,607.6;487.7,639.8", "lat": 25.0332827, "lon": 121.5419222}, "geometry": {"type": "Point", "coordinates": [121.5419222, 25.0332827]}}, {"type": "Feature", "id": "dt_wsqqwjdtf", "properties": {"id": "dt_wsqqwjdtf", "status": "auto", "conf": 0.9205, "n_detections": 1, "heading_deg": 87.4, "length_m": 6.63, "width_m": 2.66, "corner": "NW", "intersection_id": "TPS_00171", "intersection_dist_m": 13.5, "osm_node_id": null, "serves_from_bearing": 267.4, "serves_to_bearing": 177.4, "serves_quality": "good", "imagery_source": "taipei_udd_ortho_2025", "model_version": "yolo26s-obb_ep144", "src_image": "TPS_00171", "src_px": "435.4,444.3;433.6,404.7;335.6,409.1;337.4,448.7", "lat": 25.0800537, "lon": 121.5562544}, "geometry": {"type": "Point", "coordinates": [121.5562544, 25.0800537]}}, {"type": "Feature", "id": "dt_wsqqm6vz9", "properties": {"id": "dt_wsqqm6vz9", "status": "auto", "conf": 0.9205, "n_detections": 1, "heading_deg": 132.4, "length_m": 4.34, "width_m": 2.82, "corner": "NE", "intersection_id": "TPS_00496", "intersection_dist_m": 17.2, "osm_node_id": null, "serves_from_bearing": 312.4, "serves_to_bearing": 222.4, "serves_quality": "good", "imagery_source": "taipei_udd_ortho_2025", "model_version": "yolo26s-obb_ep144", "src_image": "TPS_00496", "src_px": "614.7,359.2;567.3,315.6;538.9,346.4;586.3,390.1", "lat": 25.0213143, "lon": 121.5277153}, "geometry": {"type": "Point", "coordinates": [121.5277153, 25.0213143]}}, {"type": "Feature", "id": "dt_wsqqqwd6h", "properties": {"id": "dt_wsqqqwd6h", "status": "auto", "conf": 0.9203, "n_detections": 1, "heading_deg": 175.2, "length_m": 5.28, "width_m": 2.84, "corner": "NE", "intersection_id": "TPS_00138", "intersection_dist_m": 20.1, "osm_node_id": null, "serves_from_bearing": 355.2, "serves_to_bearing": 265.2, "serves_quality": "good", "imagery_source": "taipei_udd_ortho_2025", "model_version": "yolo26s-obb_ep144", "src_image": "TPS_00138", "src_px": "815.0,307.3;808.5,228.9;766.7,232.4;773.1,310.7", "lat": 25.0409626, "lon": 121.5779839}, "geometry": {"type": "Point", "coordinates": [121.5779839, 25.0409626]}}, {"type": "Feature", "id": "dt_wsqqt8wcx", "properties": {"id": "dt_wsqqt8wcx", "status": "auto", "conf": 0.9202, "n_detections": 1, "heading_deg": 2.9, "length_m": 5.68, "width_m": 3.16, "corner": "SW", "intersection_id": "TPS_00625", "intersection_dist_m": 13.9, "osm_node_id": null, "serves_from_bearing": 182.9, "serves_to_bearing": 92.9, "serves_quality": "good", "imagery_source": "taipei_udd_ortho_2025", "model_version": "yolo26s-obb_ep144", "src_image": "TPS_00625", "src_px": "242.4,563.8;246.7,479.3;200.0,476.9;195.6,561.4", "lat": 25.0518523, "lon": 121.5403514}, "geometry": {"type": "Point", "coordinates": [121.5403514, 25.0518523]}}, {"type": "Feature", "id": "dt_wsqqqkekb", "properties": {"id": "dt_wsqqqkekb", "status": "auto", "conf": 0.9202, "n_detections": 1, "heading_deg": 1.7, "length_m": 3.52, "width_m": 2.36, "corner": "SW", "intersection_id": "TPS_01056", "intersection_dist_m": 11.2, "osm_node_id": null, "serves_from_bearing": 181.7, "serves_to_bearing": 91.7, "serves_quality": "ambiguous", "imagery_source": "taipei_udd_ortho_2025", "model_version": "yolo26s-obb_ep144", "src_image": "TPS_01056", "src_px": "305.4,499.1;306.9,446.7;272.0,445.7;270.5,498.1", "lat": 25.0304189, "lon": 121.5682058}, "geometry": {"type": "Point", "coordinates": [121.5682058, 25.0304189]}}, {"type": "Feature", "id": "dt_wsqqv6xxq", "properties": {"id": "dt_wsqqv6xxq", "status": "auto", "conf": 0.92, "n_detections": 1, "heading_deg": 8.9, "length_m": 3.39, "width_m": 2.03, "corner": "NE", "intersection_id": "TPS_00943", "intersection_dist_m": 22.8, "osm_node_id": null, "serves_from_bearing": 8.9, "serves_to_bearing": 278.9, "serves_quality": "good", "imagery_source": "taipei_udd_ortho_2025", "model_version": "yolo26s-obb_ep144", "src_image": "TPS_00943", "src_px": "668.6,386.1;676.4,336.2;646.7,331.5;638.9,381.4", "lat": 25.1077666, "lon": 121.5303444}, "geometry": {"type": "Point", "coordinates": [121.5303444, 25.1077666]}}, {"type": "Feature", "id": "dt_wsqqt2tgt", "properties": {"id": "dt_wsqqt2tgt", "status": "auto", "conf": 0.9199, "n_detections": 1, "heading_deg": 171.8, "length_m": 5.82, "width_m": 3.74, "corner": "NE", "intersection_id": "TPS_00132", "intersection_dist_m": 25.0, "osm_node_id": null, "serves_from_bearing": 351.8, "serves_to_bearing": 261.8, "serves_quality": "good", "imagery_source": "taipei_udd_ortho_2025", "model_version": "yolo26s-obb_ep144", "src_image": "TPS_00132", "src_px": "926.0,260.1;913.7,174.4;858.9,182.2;871.2,267.9", "lat": 25.0521896, "lon": 121.5279269}, "geometry": {"type": "Point", "coordinates": [121.5279269, 25.0521896]}}, {"type": "Feature", "id": "dt_wsqqx0t02", "properties": {"id": "dt_wsqqx0t02", "status": "auto", "conf": 0.9199, "n_detections": 2, "heading_deg": 79.6, "length_m": 5.45, "width_m": 2.81, "corner": "SE", "intersection_id": "TPS_00990", "intersection_dist_m": 11.1, "osm_node_id": null, "serves_from_bearing": 169.6, "serves_to_bearing": 79.6, "serves_quality": "ambiguous", "imagery_source": "taipei_udd_ortho_2025", "model_version": "yolo26s-obb_ep144", "src_image": "TPS_00990", "src_px": "597.0,661.3;589.5,620.1;510.2,634.7;517.8,675.9", "lat": 25.0516192, "lon": 121.6035741}, "geometry": {"type": "Point", "coordinates": [121.6035741, 25.0516192]}}, {"type": "Feature", "id": "dt_wsqqtf3yq", "properties": {"id": "dt_wsqqtf3yq", "status": "auto", "conf": 0.9196, "n_detections": 1, "heading_deg": 3.5, "length_m": 5.73, "width_m": 3.79, "corner": "NW", "intersection_id": "TPS_02440", "intersection_dist_m": 13.3, "osm_node_id": null, "serves_from_bearing": 273.5, "serves_to_bearing": 183.5, "serves_quality": "good", "imagery_source": "taipei_udd_ortho_2025", "model_version": "yolo26s-obb_ep144", "src_image": "TPS_02440", "src_px": "473.2,535.4;478.4,450.2;422.5,446.8;417.2,532.0", "lat": 25.0622889, "lon": 121.5444516}, "geometry": {"type": "Point", "coordinates": [121.5444516, 25.0622889]}}, {"type": "Feature", "id": "dt_wsqqwgeu6", "properties": {"id": "dt_wsqqwgeu6", "status": "auto", "conf": 0.9193, "n_detections": 1, "heading_deg": 9.8, "length_m": 6.13, "width_m": 5.42, "corner": "SE", "intersection_id": "TPS_00167", "intersection_dist_m": 21.5, "osm_node_id": null, "serves_from_bearing": 99.8, "serves_to_bearing": 9.8, "serves_quality": "good", "imagery_source": "taipei_udd_ortho_2025", "model_version": "yolo26s-obb_ep144", "src_image": "TPS_00167", "src_px": "725.0,825.7;740.4,735.7;661.4,722.2;646.0,812.2", "lat": 25.0688034, "lon": 121.5909647}, "geometry": {"type": "Point", "coordinates": [121.5909647, 25.0688034]}}, {"type": "Feature", "id": "dt_wsqqmj93x", "properties": {"id": "dt_wsqqmj93x", "status": "auto", "conf": 0.9189, "n_detections": 1, "heading_deg": 99.8, "length_m": 6.24, "width_m": 2.58, "corner": "SE", "intersection_id": "TPS_00111", "intersection_dist_m": 32.0, "osm_node_id": null, "serves_from_bearing": 99.8, "serves_to_bearing": 9.8, "serves_quality": "good", "imagery_source": "taipei_udd_ortho_2025", "model_version": "yolo26s-obb_ep144", "src_image": "TPS_00111", "src_px": "529.3,1027.5;535.9,989.6;444.9,973.8;438.3,1011.7", "lat": 25.0353861, "lon": 121.5108323}, "geometry": {"type": "Point", "coordinates": [121.5108323, 25.0353861]}}, {"type": "Feature", "id": "dt_wsqqm5gu0", "properties": {"id": "dt_wsqqm5gu0", "status": "auto", "conf": 0.9187, "n_detections": 1, "heading_deg": 104.6, "length_m": 4.65, "width_m": 2.46, "corner": "SE", "intersection_id": "TPS_01303", "intersection_dist_m": 6.7, "osm_node_id": null, "serves_from_bearing": 104.6, "serves_to_bearing": 14.6, "serves_quality": "good", "imagery_source": "taipei_udd_ortho_2025", "model_version": "yolo26s-obb_ep144", "src_image": "TPS_01303", "src_px": "568.7,570.0;577.9,534.6;511.3,517.2;502.1,552.6", "lat": 25.026176, "lon": 121.5139577}, "geometry": {"type": "Point", "coordinates": [121.5139577, 25.026176]}}, {"type": "Feature", "id": "dt_wsqqtcths", "properties": {"id": "dt_wsqqtcths", "status": "auto", "conf": 0.9181, "n_detections": 1, "heading_deg": 91.8, "length_m": 3.15, "width_m": 2.57, "corner": "SW", "intersection_id": "TPS_00649", "intersection_dist_m": 22.7, "osm_node_id": null, "serves_from_bearing": 181.8, "serves_to_bearing": 91.8, "serves_quality": "good", "imagery_source": "taipei_udd_ortho_2025", "model_version": "yolo26s-obb_ep144", "src_image": "TPS_00649", "src_px": "328.9,864.4;330.1,826.1;283.6,824.6;282.4,862.9", "lat": 25.0578757, "lon": 121.5488199}, "geometry": {"type": "Point", "coordinates": [121.5488199, 25.0578757]}}, {"type": "Feature", "id": "dt_wsqqw0eb7", "properties": {"id": "dt_wsqqw0eb7", "status": "auto", "conf": 0.918, "n_detections": 1, "heading_deg": 2.0, "length_m": 8.64, "width_m": 2.9, "corner": "NW", "intersection_id": "TPS_02453", "intersection_dist_m": 17.0, "osm_node_id": null, "serves_from_bearing": 272.0, "serves_to_bearing": 182.0, "serves_quality": "good", "imagery_source": "taipei_udd_ortho_2025", "model_version": "yolo26s-obb_ep144", "src_image": "TPS_02453", "src_px": "270.3,435.3;274.7,306.7;231.8,305.3;227.5,433.9", "lat": 25.0516324, "lon": 121.5580526}, "geometry": {"type": "Point", "coordinates": [121.5580526, 25.0516324]}}, {"type": "Feature", "id": "dt_wsqqky4g4", "properties": {"id": "dt_wsqqky4g4", "status": "auto", "conf": 0.9177, "n_detections": 1, "heading_deg": 4.9, "length_m": 5.29, "width_m": 2.76, "corner": "SW", "intersection_id": "TPS_02151", "intersection_dist_m": 8.7, "osm_node_id": null, "serves_from_bearing": 184.9, "serves_to_bearing": 94.9, "serves_quality": "ambiguous", "imagery_source": "taipei_udd_ortho_2025", "model_version": "yolo26s-obb_ep144", "src_image": "TPS_02151", "src_px": "433.8,480.7;440.5,402.3;399.8,398.8;393.1,477.2", "lat": 25.0383709, "lon": 121.5016871}, "geometry": {"type": "Point", "coordinates": [121.5016871, 25.0383709]}}, {"type": "Feature", "id": "dt_wsqqwt99d", "properties": {"id": "dt_wsqqwt99d", "status": "auto", "conf": 0.9176, "n_detections": 2, "heading_deg": 110.4, "length_m": 4.87, "width_m": 2.56, "corner": "SW", "intersection_id": "TPS_00108", "intersection_dist_m": 13.7, "osm_node_id": null, "serves_from_bearing": 110.4, "serves_to_bearing": 20.4, "serves_quality": "good", "imagery_source": "taipei_udd_ortho_2025", "model_version": "yolo26s-obb_ep144", "src_image": "TPS_00108", "src_px": "431.1,664.5;444.5,628.8;377.0,603.5;363.6,639.2", "lat": 25.0793059, "lon": 121.5768662}, "geometry": {"type": "Point", "coordinates": [121.5768662, 25.0793059]}}, {"type": "Feature", "id": "dt_wsqqmev32", "properties": {"id": "dt_wsqqmev32", "status": "auto", "conf": 0.9175, "n_detections": 1, "heading_deg": 7.4, "length_m": 8.41, "width_m": 2.86, "corner": "NE", "intersection_id": "TPS_00612", "intersection_dist_m": 12.5, "osm_node_id": null, "serves_from_bearing": 7.4, "serves_to_bearing": 277.4, "serves_quality": "good", "imagery_source": "taipei_udd_ortho_2025", "model_version": "yolo26s-obb_ep144", "src_image": "TPS_00612", "src_px": "547.7,341.9;563.7,217.8;521.7,212.4;505.7,336.5", "lat": 25.0257157, "lon": 121.5379867}, "geometry": {"type": "Point", "coordinates": [121.5379867, 25.0257157]}}, {"type": "Feature", "id": "dt_wsqqkyrpe", "properties": {"id": "dt_wsqqkyrpe", "status": "auto", "conf": 0.9173, "n_detections": 1, "heading_deg": 13.5, "length_m": 5.54, "width_m": 2.42, "corner": "SW", "intersection_id": "TPS_00192", "intersection_dist_m": 26.0, "osm_node_id": null, "serves_from_bearing": 193.5, "serves_to_bearing": 103.5, "serves_quality": "good", "imagery_source": "taipei_udd_ortho_2025", "model_version": "yolo26s-obb_ep144", "src_image": "TPS_00192", "src_px": "215.0,559.3;234.2,479.1;199.4,470.8;180.3,551.0", "lat": 25.0405026, "lon": 121.5075547}, "geometry": {"type": "Point", "coordinates": [121.5075547, 25.0405026]}}, {"type": "Feature", "id": "dt_wsqqm9hfb", "properties": {"id": "dt_wsqqm9hfb", "status": "auto", "conf": 0.917, "n_detections": 1, "heading_deg": 84.8, "length_m": 9.84, "width_m": 3.65, "corner": "SE", "intersection_id": "TPS_00017", "intersection_dist_m": 39.6, "osm_node_id": null, "serves_from_bearing": 84.8, "serves_to_bearing": 354.8, "serves_quality": "good", "imagery_source": "taipei_udd_ortho_2025", "model_version": "yolo26s-obb_ep144", "src_image": "TPS_00017", "src_px": "870.5,953.5;865.5,899.4;720.6,912.7;725.6,966.8", "lat": 25.0108505, "lon": 121.5373033}, "geometry": {"type": "Point", "coordinates": [121.5373033, 25.0108505]}}, {"type": "Feature", "id": "dt_wsqqt2tfj", "properties": {"id": "dt_wsqqt2tfj", "status": "auto", "conf": 0.9169, "n_detections": 1, "heading_deg": 86.4, "length_m": 4.42, "width_m": 2.53, "corner": "SE", "intersection_id": "TPS_00132", "intersection_dist_m": 26.5, "osm_node_id": null, "serves_from_bearing": 86.4, "serves_to_bearing": 356.4, "serves_quality": "good", "imagery_source": "taipei_udd_ortho_2025", "model_version": "yolo26s-obb_ep144", "src_image": "TPS_00132", "src_px": "915.0,635.9;912.6,598.3;847.4,602.4;849.7,640.1", "lat": 25.0519478, "lon": 121.5279194}, "geometry": {"type": "Point", "coordinates": [121.5279194, 25.0519478]}}, {"type": "Feature", "id": "dt_wsqqxn7q6", "properties": {"id": "dt_wsqqxn7q6", "status": "auto", "conf": 0.9167, "n_detections": 1, "heading_deg": 110.3, "length_m": 4.74, "width_m": 2.57, "corner": "SW", "intersection_id": "TPS_00838", "intersection_dist_m": 16.1, "osm_node_id": null, "serves_from_bearing": 200.3, "serves_to_bearing": 110.3, "serves_quality": "good", "imagery_source": "taipei_udd_ortho_2025", "model_version": "yolo26s-obb_ep144", "src_image": "TPS_00838", "src_px": "453.7,724.5;467.0,688.7;401.2,664.2;387.9,700.0", "lat": 25.0842444, "lon": 121.6012578}, "geometry": {"type": "Point", "coordinates": [121.6012578, 25.0842444]}}, {"type": "Feature", "id": "dt_wsqqwexhg", "properties": {"id": "dt_wsqqwexhg", "status": "auto", "conf": 0.9165, "n_detections": 1, "heading_deg": 172.0, "length_m": 5.26, "width_m": 2.7, "corner": "NE", "intersection_id": "TPS_00536", "intersection_dist_m": 21.6, "osm_node_id": null, "serves_from_bearing": 352.0, "serves_to_bearing": 262.0, "serves_quality": "good", "imagery_source": "taipei_udd_ortho_2025", "model_version": "yolo26s-obb_ep144", "src_image": "TPS_00536", "src_px": "767.6,383.2;756.8,305.6;717.2,311.1;728.0,388.7", "lat": 25.0689072, "lon": 121.5844746}, "geometry": {"type": "Point", "coordinates": [121.5844746, 25.0689072]}}, {"type": "Feature", "id": "dt_wsqqqr5tw", "properties": {"id": "dt_wsqqqr5tw", "status": "auto", "conf": 0.9162, "n_detections": 1, "heading_deg": 65.0, "length_m": 3.54, "width_m": 2.41, "corner": "SW", "intersection_id": "TPS_00740", "intersection_dist_m": 15.7, "osm_node_id": null, "serves_from_bearing": 155.0, "serves_to_bearing": 65.0, "serves_quality": "good", "imagery_source": "taipei_udd_ortho_2025", "model_version": "yolo26s-obb_ep144", "src_image": "TPS_00740", "src_px": "452.7,697.0;437.5,664.6;390.1,686.9;405.3,719.3", "lat": 25.0442832, "lon": 121.5688098}, "geometry": {"type": "Point", "coordinates": [121.5688098, 25.0442832]}}, {"type": "Feature", "id": "dt_wsqqkuwyb", "properties": {"id": "dt_wsqqkuwyb", "status": "auto", "conf": 0.9157, "n_detections": 1, "heading_deg": 88.6, "length_m": 4.42, "width_m": 2.33, "corner": "NW", "intersection_id": "TPS_00925", "intersection_dist_m": 21.2, "osm_node_id": null, "serves_from_bearing": 268.6, "serves_to_bearing": 178.6, "serves_quality": "good", "imagery_source": "taipei_udd_ortho_2025", "model_version": "yolo26s-obb_ep144", "src_image": "TPS_00925", "src_px": "291.8,409.2;291.0,374.5;225.6,376.1;226.4,410.9", "lat": 25.0307784, "lon": 121.5070742}, "geometry": {"type": "Point", "coordinates": [121.5070742, 25.0307784]}}, {"type": "Feature", "id": "dt_wsqqt2x7x", "properties": {"id": "dt_wsqqt2x7x", "status": "auto", "conf": 0.9155, "n_detections": 1, "heading_deg": 89.5, "length_m": 8.83, "width_m": 2.85, "corner": "NW", "intersection_id": "TPS_00665", "intersection_dist_m": 17.4, "osm_node_id": null, "serves_from_bearing": 269.5, "serves_to_bearing": 179.5, "serves_quality": "good", "imagery_source": "taipei_udd_ortho_2025", "model_version": "yolo26s-obb_ep144", "src_image": "TPS_00665", "src_px": "531.4,209.8;531.0,167.4;400.5,168.5;400.9,211.0", "lat": 25.052209, "lon": 121.5300442}, "geometry": {"type": "Point", "coordinates": [121.5300442, 25.052209]}}, {"type": "Feature", "id": "dt_wsqqkuf16", "properties": {"id": "dt_wsqqkuf16", "status": "auto", "conf": 0.9155, "n_detections": 1, "heading_deg": 175.9, "length_m": 3.9, "width_m": 2.66, "corner": "NE", "intersection_id": "TPS_00922", "intersection_dist_m": 9.4, "osm_node_id": null, "serves_from_bearing": 355.9, "serves_to_bearing": 265.9, "serves_quality": "good", "imagery_source": "taipei_udd_ortho_2025", "model_version": "yolo26s-obb_ep144", "src_image": "TPS_00922", "src_px": "701.7,449.1;697.6,391.2;658.3,394.0;662.4,451.9", "lat": 25.0312274, "lon": 121.500662}, "geometry": {"type": "Point", "coordinates": [121.500662, 25.0312274]}}, {"type": "Feature", "id": "dt_wsqqnmx60", "properties": {"id": "dt_wsqqnmx60", "status": "auto", "conf": 0.9154, "n_detections": 1, "heading_deg": 85.6, "length_m": 3.57, "width_m": 2.45, "corner": "SE", "intersection_id": "TPS_00181", "intersection_dist_m": 14.4, "osm_node_id": null, "serves_from_bearing": 85.6, "serves_to_bearing": 355.6, "serves_quality": "ambiguous", "imagery_source": "taipei_udd_ortho_2025", "model_version": "yolo26s-obb_ep144", "src_image": "TPS_00181", "src_px": "567.9,755.2;565.0,718.9;512.4,723.0;515.3,759.4", "lat": 24.9915213, "lon": 121.5736959}, "geometry": {"type": "Point", "coordinates": [121.5736959, 24.9915213]}}, {"type": "Feature", "id": "dt_wsqqktnd6", "properties": {"id": "dt_wsqqktnd6", "status": "auto", "conf": 0.9154, "n_detections": 2, "heading_deg": 57.6, "length_m": 6.6, "width_m": 2.62, "corner": "NW", "intersection_id": "TPS_00924", "intersection_dist_m": 14.7, "osm_node_id": null, "serves_from_bearing": 237.6, "serves_to_bearing": 147.6, "serves_quality": "good", "imagery_source": "taipei_udd_ortho_2025", "model_version": "yolo26s-obb_ep144", "src_image": "TPS_00924", "src_px": "438.8,455.3;417.8,422.6;335.4,475.3;356.3,508.0", "lat": 25.0327562, "lon": 121.4958307}, "geometry": {"type": "Point", "coordinates": [121.4958307, 25.0327562]}}, {"type": "Feature", "id": "dt_wsqqmk407", "properties": {"id": "dt_wsqqmk407", "status": "auto", "conf": 0.9153, "n_detections": 1, "heading_deg": 100.1, "length_m": 4.34, "width_m": 2.36, "corner": "SE", "intersection_id": "TPS_00106", "intersection_dist_m": 29.5, "osm_node_id": null, "serves_from_bearing": 100.1, "serves_to_bearing": 10.1, "serves_quality": "good", "imagery_source": "taipei_udd_ortho_2025", "model_version": "yolo26s-obb_ep144", "src_image": "TPS_00106", "src_px": "1027.0,862.1;1033.2,827.6;970.0,816.3;963.8,850.7", "lat": 25.0269296, "lon": 121.5226765}, "geometry": {"type": "Point", "coordinates": [121.5226765, 25.0269296]}}, {"type": "Feature", "id": "dt_wsqqwb4d0", "properties": {"id": "dt_wsqqwb4d0", "status": "auto", "conf": 0.9149, "n_detections": 1, "heading_deg": 76.5, "length_m": 2.84, "width_m": 2.04, "corner": "SE", "intersection_id": "TPS_00935", "intersection_dist_m": 8.1, "osm_node_id": null, "serves_from_bearing": 76.5, "serves_to_bearing": 346.5, "serves_quality": "ambiguous", "imagery_source": "taipei_udd_ortho_2025", "model_version": "yolo26s-obb_ep144", "src_image": "TPS_00935", "src_px": "558.5,559.1;551.3,529.6;510.4,539.5;517.6,569.1", "lat": 25.049191, "lon": 121.5891416}, "geometry": {"type": "Point", "coordinates": [121.5891416, 25.049191]}}, {"type": "Feature", "id": "dt_wsqqmy165", "properties": {"id": "dt_wsqqmy165", "status": "auto", "conf": 0.9143, "n_detections": 1, "heading_deg": 89.5, "length_m": 5.4, "width_m": 2.67, "corner": "NW", "intersection_id": "TPS_00010", "intersection_dist_m": 28.3, "osm_node_id": null, "serves_from_bearing": 269.5, "serves_to_bearing": 179.5, "serves_quality": "good", "imagery_source": "taipei_udd_ortho_2025", "model_version": "yolo26s-obb_ep144", "src_image": "TPS_00010", "src_px": "504.0,211.3;503.7,171.6;423.9,172.3;424.3,211.9", "lat": 25.0382105, "lon": 121.5436041}, "geometry": {"type": "Point", "coordinates": [121.5436041, 25.0382105]}}, {"type": "Feature", "id": "dt_wsqqmmm39", "properties": {"id": "dt_wsqqmmm39", "status": "auto", "conf": 0.9141, "n_detections": 1, "heading_deg": 27.5, "length_m": 5.44, "width_m": 2.17, "corner": "SW", "intersection_id": "TPS_00048", "intersection_dist_m": 23.7, "osm_node_id": null, "serves_from_bearing": 207.5, "serves_to_bearing": 117.5, "serves_quality": "good", "imagery_source": "taipei_udd_ortho_2025", "model_version": "yolo26s-obb_ep144", "src_image": "TPS_00048", "src_px": "89.7,731.8;126.9,660.0;98.4,645.2;61.2,717.1", "lat": 25.0340204, "lon": 121.5270482}, "geometry": {"type": "Point", "coordinates": [121.5270482, 25.0340204]}}, {"type": "Feature", "id": "dt_wsqqqmrbp", "properties": {"id": "dt_wsqqqmrbp", "status": "auto", "conf": 0.9141, "n_detections": 1, "heading_deg": 3.6, "length_m": 10.3, "width_m": 3.22, "corner": "NE", "intersection_id": "TPS_00312", "intersection_dist_m": 21.7, "osm_node_id": null, "serves_from_bearing": 3.6, "serves_to_bearing": 273.6, "serves_quality": "good", "imagery_source": "taipei_udd_ortho_2025", "model_version": "yolo26s-obb_ep144", "src_image": "TPS_00312", "src_px": "774.6,446.3;784.1,293.3;736.6,290.3;727.2,443.4", "lat": 25.0337484, "lon": 121.5746987}, "geometry": {"type": "Point", "coordinates": [121.5746987, 25.0337484]}}, {"type": "Feature", "id": "dt_wsqqkvm1g", "properties": {"id": "dt_wsqqkvm1g", "status": "auto", "conf": 0.9139, "n_detections": 1, "heading_deg": 140.4, "length_m": 6.18, "width_m": 2.78, "corner": "NE", "intersection_id": "TPS_00070", "intersection_dist_m": 15.8, "osm_node_id": null, "serves_from_bearing": 320.4, "serves_to_bearing": 230.4, "serves_quality": "good", "imagery_source": "taipei_udd_ortho_2025", "model_version": "yolo26s-obb_ep144", "src_image": "TPS_00070", "src_px": "750.0,417.1;691.8,346.2;659.9,372.4;718.0,443.3", "lat": 25.0340434, "lon": 121.5047986}, "geometry": {"type": "Point", "coordinates": [121.5047986, 25.0340434]}}, {"type": "Feature", "id": "dt_wsqqm7cp6", "properties": {"id": "dt_wsqqm7cp6", "status": "auto", "conf": 0.9139, "n_detections": 1, "heading_deg": 79.8, "length_m": 5.79, "width_m": 2.52, "corner": "SE", "intersection_id": "TPS_00264", "intersection_dist_m": 22.8, "osm_node_id": null, "serves_from_bearing": 79.8, "serves_to_bearing": 349.8, "serves_quality": "good", "imagery_source": "taipei_udd_ortho_2025", "model_version": "yolo26s-obb_ep144", "src_image": "TPS_00264", "src_px": "1004.4,624.6;997.7,587.7;913.4,603.0;920.1,639.9", "lat": 25.0267555, "lon": 121.5212767}, "geometry": {"type": "Point", "coordinates": [121.5212767, 25.0267555]}}, {"type": "Feature", "id": "dt_wsqqqqw12", "properties": {"id": "dt_wsqqqqw12", "status": "auto", "conf": 0.9139, "n_detections": 1, "heading_deg": 88.9, "length_m": 4.99, "width_m": 2.54, "corner": "SE", "intersection_id": "TPS_00635", "intersection_dist_m": 14.9, "osm_node_id": null, "serves_from_bearing": 88.9, "serves_to_bearing": 358.9, "serves_quality": "good", "imagery_source": "taipei_udd_ortho_2025", "model_version": "yolo26s-obb_ep144", "src_image": "TPS_00635", "src_px": "567.7,743.7;566.9,705.9;493.1,707.3;493.8,745.2", "lat": 25.0408413, "lon": 121.5719728}, "geometry": {"type": "Point", "coordinates": [121.5719728, 25.0408413]}}, {"type": "Feature", "id": "dt_wsqqmxhrr", "properties": {"id": "dt_wsqqmxhrr", "status": "auto", "conf": 0.9138, "n_detections": 1, "heading_deg": 87.9, "length_m": 4.26, "width_m": 2.25, "corner": "SW", "intersection_id": "TPS_00300", "intersection_dist_m": 18.0, "osm_node_id": null, "serves_from_bearing": 177.9, "serves_to_bearing": 87.9, "serves_quality": "ambiguous", "imagery_source": "taipei_udd_ortho_2025", "model_version": "yolo26s-obb_ep144", "src_image": "TPS_00300", "src_px": "487.7,715.1;486.4,681.6;423.5,683.9;424.7,717.4", "lat": 25.0445897, "lon": 121.5369037}, "geometry": {"type": "Point", "coordinates": [121.5369037, 25.0445897]}}, {"type": "Feature", "id": "dt_wsqqkyh2s", "properties": {"id": "dt_wsqqkyh2s", "status": "auto", "conf": 0.9138, "n_detections": 1, "heading_deg": 95.4, "length_m": 5.3, "width_m": 2.58, "corner": "SW", "intersection_id": "TPS_02415", "intersection_dist_m": 8.1, "osm_node_id": null, "serves_from_bearing": 185.4, "serves_to_bearing": 95.4, "serves_quality": "ambiguous", "imagery_source": "taipei_udd_ortho_2025", "model_version": "yolo26s-obb_ep144", "src_image": "TPS_02415", "src_px": "564.5,657.6;568.1,619.4;490.0,612.0;486.4,650.2", "lat": 25.0379414, "lon": 121.5038211}, "geometry": {"type": "Point", "coordinates": [121.5038211, 25.0379414]}}, {"type": "Feature", "id": "dt_wsqqw25gs", "properties": {"id": "dt_wsqqw25gs", "status": "auto", "conf": 0.9137, "n_detections": 2, "heading_deg": 161.1, "length_m": 4.89, "width_m": 3.02, "corner": "NE", "intersection_id": "TPS_00447", "intersection_dist_m": 10.0, "osm_node_id": null, "serves_from_bearing": 341.1, "serves_to_bearing": 251.1, "serves_quality": "good", "imagery_source": "taipei_udd_ortho_2025", "model_version": "yolo26s-obb_ep144", "src_image": "TPS_02465", "src_px": "40.4,893.3;17.0,824.4;-25.3,838.8;-1.8,907.7", "lat": 25.0494651, "lon": 121.5690473}, "geometry": {"type": "Point", "coordinates": [121.5690473, 25.0494651]}}, {"type": "Feature", "id": "dt_wsqqt054y", "properties": {"id": "dt_wsqqt054y", "status": "auto", "conf": 0.913, "n_detections": 1, "heading_deg": 21.4, "length_m": 5.17, "width_m": 2.89, "corner": "SW", "intersection_id": "TPS_00082", "intersection_dist_m": 17.7, "osm_node_id": null, "serves_from_bearing": 201.4, "serves_to_bearing": 111.4, "serves_quality": "good", "imagery_source": "taipei_udd_ortho_2025", "model_version": "yolo26s-obb_ep144", "src_image": "TPS_00082", "src_px": "425.5,614.9;453.4,543.2;413.6,527.7;385.7,599.4", "lat": 25.0493331, "lon": 121.5131903}, "geometry": {"type": "Point", "coordinates": [121.5131903, 25.0493331]}}, {"type": "Feature", "id": "dt_wsqqt9sev", "properties": {"id": "dt_wsqqt9sev", "status": "auto", "conf": 0.913, "n_detections": 1, "heading_deg": 86.1, "length_m": 6.12, "width_m": 2.39, "corner": "SE", "intersection_id": "TPS_00628", "intersection_dist_m": 18.9, "osm_node_id": null, "serves_from_bearing": 86.1, "serves_to_bearing": 356.1, "serves_quality": "ambiguous", "imagery_source": "taipei_udd_ortho_2025", "model_version": "yolo26s-obb_ep144", "src_image": "TPS_00628", "src_px": "661.7,846.4;659.2,810.9;568.9,817.1;571.4,852.6", "lat": 25.057728, "lon": 121.5371825}, "geometry": {"type": "Point", "coordinates": [121.5371825, 25.057728]}}, {"type": "Feature", "id": "dt_wsqqm9w28", "properties": {"id": "dt_wsqqm9w28", "status": "auto", "conf": 0.9128, "n_detections": 1, "heading_deg": 40.9, "length_m": 3.86, "width_m": 2.4, "corner": "NW", "intersection_id": "TPS_00281", "intersection_dist_m": 18.7, "osm_node_id": null, "serves_from_bearing": 220.9, "serves_to_bearing": 130.9, "serves_quality": "good", "imagery_source": "taipei_udd_ortho_2025", "model_version": "yolo26s-obb_ep144", "src_image": "TPS_00281", "src_px": "300.2,348.7;273.3,325.5;236.0,368.9;262.9,392.1", "lat": 25.0132218, "lon": 121.5393529}, "geometry": {"type": "Point", "coordinates": [121.5393529, 25.0132218]}}, {"type": "Feature", "id": "dt_wsqqt99sg", "properties": {"id": "dt_wsqqt99sg", "status": "auto", "conf": 0.9125, "n_detections": 3, "heading_deg": 6.6, "length_m": 8.51, "width_m": 2.75, "corner": "SE", "intersection_id": "TPS_02502", "intersection_dist_m": 20.1, "osm_node_id": null, "serves_from_bearing": 96.6, "serves_to_bearing": 6.6, "serves_quality": "good", "imagery_source": "taipei_udd_ortho_2025", "model_version": "yolo26s-obb_ep144", "src_image": "TPS_02502", "src_px": "760.9,610.4;775.3,484.5;734.9,479.9;720.5,605.8", "lat": 25.0579021, "lon": 121.5329798}, "geometry": {"type": "Point", "coordinates": [121.5329798, 25.0579021]}}, {"type": "Feature", "id": "dt_wsqqwt9e4", "properties": {"id": "dt_wsqqwt9e4", "status": "auto", "conf": 0.9124, "n_detections": 2, "heading_deg": 119.2, "length_m": 5.14, "width_m": 2.35, "corner": "NW", "intersection_id": "TPS_00108", "intersection_dist_m": 14.9, "osm_node_id": null, "serves_from_bearing": 299.2, "serves_to_bearing": 209.2, "serves_quality": "good", "imagery_source": "taipei_udd_ortho_2025", "model_version": "yolo26s-obb_ep144", "src_image": "TPS_00108", "src_px": "428.4,241.1;445.6,210.7;379.2,173.3;362.1,203.7", "lat": 25.0795651, "lon": 121.5768661}, "geometry": {"type": "Point", "coordinates": [121.5768661, 25.0795651]}}, {"type": "Feature", "id": "dt_wsqqmd17v", "properties": {"id": "dt_wsqqmd17v", "status": "auto", "conf": 0.9123, "n_detections": 1, "heading_deg": 138.8, "length_m": 6.9, "width_m": 3.82, "corner": "NE", "intersection_id": "TPS_00102", "intersection_dist_m": 23.3, "osm_node_id": null, "serves_from_bearing": 318.8, "serves_to_bearing": 228.8, "serves_quality": "good", "imagery_source": "taipei_udd_ortho_2025", "model_version": "yolo26s-obb_ep144", "src_image": "TPS_00102", "src_px": "693.6,78.7;626.4,1.4;583.6,38.6;650.8,115.9", "lat": 25.0165154, "lon": 121.5327349}, "geometry": {"type": "Point", "coordinates": [121.5327349, 25.0165154]}}, {"type": "Feature", "id": "dt_wsqqmqzux", "properties": {"id": "dt_wsqqmqzux", "status": "auto", "conf": 0.9122, "n_detections": 1, "heading_deg": 97.9, "length_m": 4.04, "width_m": 2.45, "corner": "SW", "intersection_id": "TPS_00708", "intersection_dist_m": 15.3, "osm_node_id": null, "serves_from_bearing": 97.9, "serves_to_bearing": 7.9, "serves_quality": "ambiguous", "imagery_source": "taipei_udd_ortho_2025", "model_version": "yolo26s-obb_ep144", "src_image": "TPS_00708", "src_px": "487.3,666.0;492.4,629.9;433.3,621.6;428.2,657.7", "lat": 25.0427573, "lon": 121.5307271}, "geometry": {"type": "Point", "coordinates": [121.5307271, 25.0427573]}}, {"type": "Feature", "id": "dt_wsqqwjdsc", "properties": {"id": "dt_wsqqwjdsc", "status": "auto", "conf": 0.912, "n_detections": 1, "heading_deg": 3.0, "length_m": 6.29, "width_m": 2.88, "corner": "SW", "intersection_id": "TPS_00171", "intersection_dist_m": 12.6, "osm_node_id": null, "serves_from_bearing": 183.0, "serves_to_bearing": 93.0, "serves_quality": "good", "imagery_source": "taipei_udd_ortho_2025", "model_version": "yolo26s-obb_ep144", "src_image": "TPS_00171", "src_px": "346.7,734.3;351.5,640.7;308.9,638.5;304.1,732.1", "lat": 25.0798959, "lon": 121.5562157}, "geometry": {"type": "Point", "coordinates": [121.5562157, 25.0798959]}}, {"type": "Feature", "id": "dt_wsqqksvgd", "properties": {"id": "dt_wsqqksvgd", "status": "auto", "conf": 0.9118, "n_detections": 1, "heading_deg": 120.4, "length_m": 6.2, "width_m": 3.5, "corner": "SE", "intersection_id": "TPS_00965", "intersection_dist_m": 16.8, "osm_node_id": null, "serves_from_bearing": 120.4, "serves_to_bearing": 30.4, "serves_quality": "good", "imagery_source": "taipei_udd_ortho_2025", "model_version": "yolo26s-obb_ep144", "src_image": "TPS_00965", "src_px": "725.5,859.0;751.9,814.2;672.8,767.5;646.4,812.2", "lat": 25.0316116, "lon": 121.4948383}, "geometry": {"type": "Point", "coordinates": [121.4948383, 25.0316116]}}, {"type": "Feature", "id": "dt_wsqqw9mne", "properties": {"id": "dt_wsqqw9mne", "status": "auto", "conf": 0.9117, "n_detections": 1, "heading_deg": 63.2, "length_m": 4.04, "width_m": 2.32, "corner": "SE", "intersection_id": "TPS_01840", "intersection_dist_m": 7.2, "osm_node_id": null, "serves_from_bearing": 63.2, "serves_to_bearing": 333.2, "serves_quality": "good", "imagery_source": "taipei_udd_ortho_2025", "model_version": "yolo26s-obb_ep144", "src_image": "TPS_01840", "src_px": "769.7,546.5;754.1,515.8;700.8,542.9;716.4,573.7", "lat": 25.0568138, "lon": 121.5817232}, "geometry": {"type": "Point", "coordinates": [121.5817232, 25.0568138]}}, {"type": "Feature", "id": "dt_wsqqmr8w9", "properties": {"id": "dt_wsqqmr8w9", "status": "auto", "conf": 0.9116, "n_detections": 1, "heading_deg": 22.3, "length_m": 7.46, "width_m": 2.64, "corner": "NE", "intersection_id": "TPS_00037", "intersection_dist_m": 22.4, "osm_node_id": null, "serves_from_bearing": 22.3, "serves_to_bearing": 292.3, "serves_quality": "good", "imagery_source": "taipei_udd_ortho_2025", "model_version": "yolo26s-obb_ep144", "src_image": "TPS_00037", "src_px": "838.4,533.8;880.2,431.0;844.0,416.2;802.1,519.1", "lat": 25.0472144, "lon": 121.5205111}, "geometry": {"type": "Point", "coordinates": [121.5205111, 25.0472144]}}, {"type": "Feature", "id": "dt_wsqqmn4v6", "properties": {"id": "dt_wsqqmn4v6", "status": "auto", "conf": 0.9116, "n_detections": 1, "heading_deg": 6.0, "length_m": 5.02, "width_m": 2.64, "corner": "SW", "intersection_id": "TPS_02417", "intersection_dist_m": 15.8, "osm_node_id": null, "serves_from_bearing": 186.0, "serves_to_bearing": 96.0, "serves_quality": "good", "imagery_source": "taipei_udd_ortho_2025", "model_version": "yolo26s-obb_ep144", "src_image": "TPS_02417", "src_px": "185.2,590.7;192.9,516.4;154.1,512.3;146.3,586.6", "lat": 25.0387696, "lon": 121.5126794}, "geometry": {"type": "Point", "coordinates": [121.5126794, 25.0387696]}}, {"type": "Feature", "id": "dt_wsqqkv0h5", "properties": {"id": "dt_wsqqkv0h5", "status": "auto", "conf": 0.9114, "n_detections": 1, "heading_deg": 90.1, "length_m": 5.83, "width_m": 3.38, "corner": "SE", "intersection_id": "TPS_00184", "intersection_dist_m": 13.5, "osm_node_id": null, "serves_from_bearing": 90.1, "serves_to_bearing": 0.1, "serves_quality": "ambiguous", "imagery_source": "taipei_udd_ortho_2025", "model_version": "yolo26s-obb_ep144", "src_image": "TPS_00184", "src_px": "540.1,790.7;540.2,740.4;454.0,740.3;453.9,790.7", "lat": 25.0330404, "lon": 121.4979644}, "geometry": {"type": "Point", "coordinates": [121.4979644, 25.0330404]}}, {"type": "Feature", "id": "dt_wsqqv6zd3", "properties": {"id": "dt_wsqqv6zd3", "status": "auto", "conf": 0.9112, "n_detections": 1, "heading_deg": 81.1, "length_m": 3.83, "width_m": 3.56, "corner": "SW", "intersection_id": "TPS_00515", "intersection_dist_m": 22.2, "osm_node_id": null, "serves_from_bearing": 171.1, "serves_to_bearing": 81.1, "serves_quality": "good", "imagery_source": "taipei_udd_ortho_2025", "model_version": "yolo26s-obb_ep144", "src_image": "TPS_00515", "src_px": "371.5,800.9;363.3,748.5;307.4,757.3;315.6,809.6", "lat": 25.1082886, "lon": 121.530131}, "geometry": {"type": "Point", "coordinates": [121.530131, 25.1082886]}}, {"type": "Feature", "id": "dt_wsqqt5x44", "properties": {"id": "dt_wsqqt5x44", "status": "auto", "conf": 0.9109, "n_detections": 1, "heading_deg": 87.1, "length_m": 7.73, "width_m": 3.19, "corner": "NW", "intersection_id": "TPS_01225", "intersection_dist_m": 9.4, "osm_node_id": null, "serves_from_bearing": 267.1, "serves_to_bearing": 177.1, "serves_quality": "good", "imagery_source": "taipei_udd_ortho_2025", "model_version": "yolo26s-obb_ep144", "src_image": "TPS_01225", "src_px": "477.8,373.2;475.4,325.7;361.3,331.5;363.7,379.0", "lat": 25.0684375, "lon": 121.5185118}, "geometry": {"type": "Point", "coordinates": [121.5185118, 25.0684375]}}, {"type": "Feature", "id": "dt_wsqqqn9jx", "properties": {"id": "dt_wsqqqn9jx", "status": "auto", "conf": 0.9107, "n_detections": 1, "heading_deg": 85.1, "length_m": 6.02, "width_m": 2.48, "corner": "NW", "intersection_id": "TPS_00582", "intersection_dist_m": 16.1, "osm_node_id": null, "serves_from_bearing": 265.1, "serves_to_bearing": 175.1, "serves_quality": "good", "imagery_source": "taipei_udd_ortho_2025", "model_version": "yolo26s-obb_ep144", "src_image": "TPS_00582", "src_px": "526.0,348.9;522.8,312.1;434.1,319.8;437.3,356.6", "lat": 25.0415455, "lon": 121.5544296}, "geometry": {"type": "Point", "coordinates": [121.5544296, 25.0415455]}}, {"type": "Feature", "id": "dt_wsqqmnxq7", "properties": {"id": "dt_wsqqmnxq7", "status": "auto", "conf": 0.9102, "n_detections": 1, "heading_deg": 13.1, "length_m": 2.24, "width_m": 1.25, "corner": "SE", "intersection_id": "TPS_00124", "intersection_dist_m": 47.0, "osm_node_id": null, "serves_from_bearing": 103.1, "serves_to_bearing": 13.1, "serves_quality": "good", "imagery_source": "taipei_udd_ortho_2025", "model_version": "yolo26s-obb_ep144", "src_image": "TPS_00124", "src_px": "1001.7,912.4;1009.2,879.9;991.2,875.7;983.7,908.2", "lat": 25.0416721, "lon": 121.5188986}, "geometry": {"type": "Point", "coordinates": [121.5188986, 25.0416721]}}, {"type": "Feature", "id": "dt_wsqqnp335", "properties": {"id": "dt_wsqqnp335", "status": "auto", "conf": 0.9097, "n_detections": 1, "heading_deg": 110.2, "length_m": 7.58, "width_m": 4.02, "corner": "NE", "intersection_id": "TPS_00233", "intersection_dist_m": 13.1, "osm_node_id": null, "serves_from_bearing": 290.2, "serves_to_bearing": 200.2, "serves_quality": "good", "imagery_source": "taipei_udd_ortho_2025", "model_version": "yolo26s-obb_ep144", "src_image": "TPS_00233", "src_px": "503.8,356.7;524.6,300.7;419.4,261.7;398.6,317.7", "lat": 25.000962, "lon": 121.5545889}, "geometry": {"type": "Point", "coordinates": [121.5545889, 25.000962]}}, {"type": "Feature", "id": "dt_wsqqtf3xp", "properties": {"id": "dt_wsqqtf3xp", "status": "auto", "conf": 0.9095, "n_detections": 2, "heading_deg": 105.6, "length_m": 4.9, "width_m": 2.38, "corner": "SW", "intersection_id": "TPS_02438", "intersection_dist_m": 14.3, "osm_node_id": null, "serves_from_bearing": 105.6, "serves_to_bearing": 15.6, "serves_quality": "ambiguous", "imagery_source": "taipei_udd_ortho_2025", "model_version": "yolo26s-obb_ep144", "src_image": "TPS_02438", "src_px": "505.7,811.4;515.3,777.3;445.5,757.7;435.9,791.7", "lat": 25.0624217, "lon": 121.5441269}, "geometry": {"type": "Point", "coordinates": [121.5441269, 25.0624217]}}, {"type": "Feature", "id": "dt_wsqqmx3sw", "properties": {"id": "dt_wsqqmx3sw", "status": "auto", "conf": 0.9091, "n_detections": 1, "heading_deg": 2.1, "length_m": 3.94, "width_m": 2.57, "corner": "SE", "intersection_id": "TPS_00003", "intersection_dist_m": 23.8, "osm_node_id": null, "serves_from_bearing": 92.1, "serves_to_bearing": 2.1, "serves_quality": "good", "imagery_source": "taipei_udd_ortho_2025", "model_version": "yolo26s-obb_ep144", "src_image": "TPS_00003", "src_px": "923.6,761.3;925.7,702.7;887.7,701.4;885.7,760.0", "lat": 25.0455035, "lon": 121.5330856}, "geometry": {"type": "Point", "coordinates": [121.5330856, 25.0455035]}}, {"type": "Feature", "id": "dt_wsqqmy9s9", "properties": {"id": "dt_wsqqmy9s9", "status": "auto", "conf": 0.909, "n_detections": 1, "heading_deg": 88.8, "length_m": 6.01, "width_m": 2.72, "corner": "SE", "intersection_id": "TPS_00105", "intersection_dist_m": 25.8, "osm_node_id": null, "serves_from_bearing": 88.8, "serves_to_bearing": 358.8, "serves_quality": "good", "imagery_source": "taipei_udd_ortho_2025", "model_version": "yolo26s-obb_ep144", "src_image": "TPS_00105", "src_px": "629.8,846.3;629.0,805.8;540.2,807.6;541.0,848.1", "lat": 25.0414018, "lon": 121.5438569}, "geometry": {"type": "Point", "coordinates": [121.5438569, 25.0414018]}}, {"type": "Feature", "id": "dt_wsqqmkvh4", "properties": {"id": "dt_wsqqmkvh4", "status": "auto", "conf": 0.909, "n_detections": 1, "heading_deg": 12.3, "length_m": 5.6, "width_m": 2.62, "corner": "SW", "intersection_id": "TPS_00342", "intersection_dist_m": 10.6, "osm_node_id": null, "serves_from_bearing": 192.3, "serves_to_bearing": 102.3, "serves_quality": "good", "imagery_source": "taipei_udd_ortho_2025", "model_version": "yolo26s-obb_ep144", "src_image": "TPS_00342", "src_px": "402.5,518.7;420.2,437.3;382.3,429.1;364.6,510.5", "lat": 25.0316623, "lon": 121.5267333}, "geometry": {"type": "Point", "coordinates": [121.5267333, 25.0316623]}}, {"type": "Feature", "id": "dt_wsqqtq7t9", "properties": {"id": "dt_wsqqtq7t9", "status": "auto", "conf": 0.909, "n_detections": 1, "heading_deg": 179.5, "length_m": 6.39, "width_m": 3.4, "corner": "SW", "intersection_id": "TPS_00343", "intersection_dist_m": 14.8, "osm_node_id": null, "serves_from_bearing": 179.5, "serves_to_bearing": 89.5, "serves_quality": "good", "imagery_source": "taipei_udd_ortho_2025", "model_version": "yolo26s-obb_ep144", "src_image": "TPS_00343", "src_px": "359.6,679.3;358.8,584.2;308.5,584.6;309.4,679.7", "lat": 25.0841268, "lon": 121.5246343}, "geometry": {"type": "Point", "coordinates": [121.5246343, 25.0841268]}}, {"type": "Feature", "id": "dt_wsqqv1d6t", "properties": {"id": "dt_wsqqv1d6t", "status": "auto", "conf": 0.9089, "n_detections": 1, "heading_deg": 171.0, "length_m": 3.04, "width_m": 2.87, "corner": "SW", "intersection_id": "TPS_00402", "intersection_dist_m": 20.9, "osm_node_id": null, "serves_from_bearing": 171.0, "serves_to_bearing": 81.0, "serves_quality": "good", "imagery_source": "taipei_udd_ortho_2025", "model_version": "yolo26s-obb_ep144", "src_image": "TPS_00402", "src_px": "376.1,754.0;369.1,709.3;327.1,715.9;334.0,760.5", "lat": 25.1014758, "lon": 121.5121147}, "geometry": {"type": "Point", "coordinates": [121.5121147, 25.1014758]}}, {"type": "Feature", "id": "dt_wsqqm7hy4", "properties": {"id": "dt_wsqqm7hy4", "status": "auto", "conf": 0.9088, "n_detections": 1, "heading_deg": 136.0, "length_m": 3.22, "width_m": 2.42, "corner": "NE", "intersection_id": "TPS_00488", "intersection_dist_m": 18.1, "osm_node_id": null, "serves_from_bearing": 316.0, "serves_to_bearing": 226.0, "serves_quality": "good", "imagery_source": "taipei_udd_ortho_2025", "model_version": "yolo26s-obb_ep144", "src_image": "TPS_00488", "src_px": "725.2,312.8;692.1,278.3;666.2,303.1;699.4,337.7", "lat": 25.0224304, "lon": 121.5264217}, "geometry": {"type": "Point", "coordinates": [121.5264217, 25.0224304]}}, {"type": "Feature", "id": "dt_wsqqw03xr", "properties": {"id": "dt_wsqqw03xr", "status": "auto", "conf": 0.9088, "n_detections": 2, "heading_deg": 86.6, "length_m": 4.36, "width_m": 2.57, "corner": "SW", "intersection_id": "TPS_00243", "intersection_dist_m": 20.5, "osm_node_id": null, "serves_from_bearing": 176.6, "serves_to_bearing": 86.6, "serves_quality": "good", "imagery_source": "taipei_udd_ortho_2025", "model_version": "yolo26s-obb_ep144", "src_image": "TPS_01153", "src_px": "1019.1,653.1;1016.8,614.9;952.5,618.7;954.7,656.9", "lat": 25.0514711, "lon": 121.555112}, "geometry": {"type": "Point", "coordinates": [121.555112, 25.0514711]}}, {"type": "Feature", "id": "dt_wsqqt8s4h", "properties": {"id": "dt_wsqqt8s4h", "status": "auto", "conf": 0.9083, "n_detections": 1, "heading_deg": 1.0, "length_m": 8.32, "width_m": 3.06, "corner": "SW", "intersection_id": "TPS_00623", "intersection_dist_m": 13.7, "osm_node_id": null, "serves_from_bearing": 181.0, "serves_to_bearing": 91.0, "serves_quality": "good", "imagery_source": "taipei_udd_ortho_2025", "model_version": "yolo26s-obb_ep144", "src_image": "TPS_00623", "src_px": "294.8,721.9;296.9,598.1;251.7,597.3;249.6,721.1", "lat": 25.0519232, "lon": 121.5364381}, "geometry": {"type": "Point", "coordinates": [121.5364381, 25.0519232]}}, {"type": "Feature", "id": "dt_wsqqqxmcb", "properties": {"id": "dt_wsqqqxmcb", "status": "auto", "conf": 0.9082, "n_detections": 1, "heading_deg": 65.1, "length_m": 4.53, "width_m": 3.78, "corner": "SW", "intersection_id": "TPS_00336", "intersection_dist_m": 28.1, "osm_node_id": null, "serves_from_bearing": 155.1, "serves_to_bearing": 65.1, "serves_quality": "good", "imagery_source": "taipei_udd_ortho_2025", "model_version": "yolo26s-obb_ep144", "src_image": "TPS_00336", "src_px": "588.8,990.3;565.1,939.4;504.3,967.8;528.0,1018.6", "lat": 25.045042, "lon": 121.5826266}, "geometry": {"type": "Point", "coordinates": [121.5826266, 25.045042]}}, {"type": "Feature", "id": "dt_wsqqmr364", "properties": {"id": "dt_wsqqmr364", "status": "auto", "conf": 0.9081, "n_detections": 1, "heading_deg": 99.8, "length_m": 4.83, "width_m": 2.41, "corner": "SW", "intersection_id": "TPS_00173", "intersection_dist_m": 16.4, "osm_node_id": null, "serves_from_bearing": 99.8, "serves_to_bearing": 9.8, "serves_quality": "ambiguous", "imagery_source": "taipei_udd_ortho_2025", "model_version": "yolo26s-obb_ep144", "src_image": "TPS_00173", "src_px": "474.5,689.6;480.6,654.2;410.2,642.0;404.1,677.4", "lat": 25.0450767, "lon": 121.521617}, "geometry": {"type": "Point", "coordinates": [121.521617, 25.0450767]}}, {"type": "Feature", "id": "dt_wsqqjtwfe", "properties": {"id": "dt_wsqqjtwfe", "status": "auto", "conf": 0.9079, "n_detections": 1, "heading_deg": 18.1, "length_m": 3.78, "width_m": 1.93, "corner": "NW", "intersection_id": "TPS_01094", "intersection_dist_m": 9.7, "osm_node_id": null, "serves_from_bearing": 198.1, "serves_to_bearing": 108.1, "serves_quality": "ambiguous", "imagery_source": "taipei_udd_ortho_2025", "model_version": "yolo26s-obb_ep144", "src_image": "TPS_01094", "src_px": "489.6,624.7;507.0,571.2;479.9,562.4;462.5,615.9", "lat": 24.9916098, "lon": 121.5401848}, "geometry": {"type": "Point", "coordinates": [121.5401848, 24.9916098]}}, {"type": "Feature", "id": "dt_wsqqv39m1", "properties": {"id": "dt_wsqqv39m1", "status": "auto", "conf": 0.9066, "n_detections": 1, "heading_deg": 174.1, "length_m": 5.22, "width_m": 2.74, "corner": "NE", "intersection_id": "TPS_00089", "intersection_dist_m": 25.8, "osm_node_id": null, "serves_from_bearing": 354.1, "serves_to_bearing": 264.1, "serves_quality": "good", "imagery_source": "taipei_udd_ortho_2025", "model_version": "yolo26s-obb_ep144", "src_image": "TPS_00089", "src_px": "905.6,352.9;897.7,275.5;857.4,279.6;865.3,357.0", "lat": 25.1018855, "lon": 121.5215681}, "geometry": {"type": "Point", "coordinates": [121.5215681, 25.1018855]}}, {"type": "Feature", "id": "dt_wsqqwdx0y", "properties": {"id": "dt_wsqqwdx0y", "status": "auto", "conf": 0.9064, "n_detections": 1, "heading_deg": 29.1, "length_m": 4.01, "width_m": 2.6, "corner": "NW", "intersection_id": "TPS_00897", "intersection_dist_m": 13.1, "osm_node_id": null, "serves_from_bearing": 209.1, "serves_to_bearing": 119.1, "serves_quality": "good", "imagery_source": "taipei_udd_ortho_2025", "model_version": "yolo26s-obb_ep144", "src_image": "TPS_00897", "src_px": "402.7,372.8;431.5,320.6;397.8,302.0;369.0,354.2", "lat": 25.0626933, "lon": 121.5845885}, "geometry": {"type": "Point", "coordinates": [121.5845885, 25.0626933]}}, {"type": "Feature", "id": "dt_wsqqve200", "properties": {"id": "dt_wsqqve200", "status": "auto", "conf": 0.9056, "n_detections": 2, "heading_deg": 6.7, "length_m": 4.34, "width_m": 2.58, "corner": "SE", "intersection_id": "TPS_01087", "intersection_dist_m": 15.1, "osm_node_id": null, "serves_from_bearing": 6.7, "serves_to_bearing": 276.7, "serves_quality": "ambiguous", "imagery_source": "taipei_udd_ortho_2025", "model_version": "yolo26s-obb_ep144", "src_image": "TPS_01087", "src_px": "824.8,489.6;832.3,425.4;794.4,421.0;786.9,485.1", "lat": 25.1106614, "lon": 121.5307896}, "geometry": {"type": "Point", "coordinates": [121.5307896, 25.1106614]}}, {"type": "Feature", "id": "dt_wsqqmx3ts", "properties": {"id": "dt_wsqqmx3ts", "status": "auto", "conf": 0.9055, "n_detections": 1, "heading_deg": 89.3, "length_m": 5.3, "width_m": 2.56, "corner": "NE", "intersection_id": "TPS_00003", "intersection_dist_m": 15.1, "osm_node_id": null, "serves_from_bearing": 359.3, "serves_to_bearing": 269.3, "serves_quality": "good", "imagery_source": "taipei_udd_ortho_2025", "model_version": "yolo26s-obb_ep144", "src_image": "TPS_00003", "src_px": "862.4,462.0;862.0,423.9;783.6,424.8;784.1,462.9", "lat": 25.0456784, "lon": 121.5330302}, "geometry": {"type": "Point", "coordinates": [121.5330302, 25.0456784]}}, {"type": "Feature", "id": "dt_wsqqmgnnh", "properties": {"id": "dt_wsqqmgnnh", "status": "auto", "conf": 0.9054, "n_detections": 2, "heading_deg": 49.3, "length_m": 4.71, "width_m": 2.12, "corner": "NW", "intersection_id": "TPS_00674", "intersection_dist_m": 14.7, "osm_node_id": null, "serves_from_bearing": 229.3, "serves_to_bearing": 139.3, "serves_quality": "good", "imagery_source": "taipei_udd_ortho_2025", "model_version": "yolo26s-obb_ep144", "src_image": "TPS_00674", "src_px": "298.4,556.6;277.8,532.8;225.0,578.5;245.7,602.3", "lat": 25.0224283, "lon": 121.5501633}, "geometry": {"type": "Point", "coordinates": [121.5501633, 25.0224283]}}, {"type": "Feature", "id": "dt_wsqqwdx27", "properties": {"id": "dt_wsqqwdx27", "status": "auto", "conf": 0.9054, "n_detections": 1, "heading_deg": 27.5, "length_m": 3.76, "width_m": 2.19, "corner": "SE", "intersection_id": "TPS_00897", "intersection_dist_m": 11.4, "osm_node_id": null, "serves_from_bearing": 27.5, "serves_to_bearing": 297.5, "serves_quality": "good", "imagery_source": "taipei_udd_ortho_2025", "model_version": "yolo26s-obb_ep144", "src_image": "TPS_00897", "src_px": "751.3,466.6;777.0,416.9;748.2,402.0;722.5,451.7", "lat": 25.0626344, "lon": 121.5848228}, "geometry": {"type": "Point", "coordinates": [121.5848228, 25.0626344]}}, {"type": "Feature", "id": "dt_wsqqt0y91", "properties": {"id": "dt_wsqqt0y91", "status": "auto", "conf": 0.9051, "n_detections": 1, "heading_deg": 100.6, "length_m": 7.37, "width_m": 2.62, "corner": "SE", "intersection_id": "TPS_00153", "intersection_dist_m": 14.8, "osm_node_id": null, "serves_from_bearing": 100.6, "serves_to_bearing": 10.6, "serves_quality": "good", "imagery_source": "taipei_udd_ortho_2025", "model_version": "yolo26s-obb_ep144", "src_image": "TPS_00153", "src_px": "657.8,726.6;665.0,688.3;557.9,668.2;550.7,706.5", "lat": 25.0531443, "lon": 121.5177797}, "geometry": {"type": "Point", "coordinates": [121.5177797, 25.0531443]}}, {"type": "Feature", "id": "dt_wsqqmwsve", "properties": {"id": "dt_wsqqmwsve", "status": "auto", "conf": 0.9047, "n_detections": 1, "heading_deg": 89.2, "length_m": 7.51, "width_m": 2.44, "corner": "SE", "intersection_id": "TPS_00042", "intersection_dist_m": 40.5, "osm_node_id": null, "serves_from_bearing": 89.2, "serves_to_bearing": 359.2, "serves_quality": "good", "imagery_source": "taipei_udd_ortho_2025", "model_version": "yolo26s-obb_ep144", "src_image": "TPS_00042", "src_px": "1025.5,870.7;1025.0,834.4;913.9,835.9;914.4,872.2", "lat": 25.0415413, "lon": 121.5374201}, "geometry": {"type": "Point", "coordinates": [121.5374201, 25.0415413]}}, {"type": "Feature", "id": "dt_wsqqkv8by", "properties": {"id": "dt_wsqqkv8by", "status": "auto", "conf": 0.9045, "n_detections": 3, "heading_deg": 5.8, "length_m": 3.63, "width_m": 2.65, "corner": "NW", "intersection_id": "TPS_00931", "intersection_dist_m": 10.2, "osm_node_id": null, "serves_from_bearing": 275.8, "serves_to_bearing": 185.8, "serves_quality": "good", "imagery_source": "taipei_udd_ortho_2025", "model_version": "yolo26s-obb_ep144", "src_image": "TPS_01695", "src_px": "154.6,1031.8;160.0,978.0;121.0,974.1;115.5,1027.8", "lat": 25.0352292, "lon": 121.4990968}, "geometry": {"type": "Point", "coordinates": [121.4990968, 25.0352292]}}, {"type": "Feature", "id": "dt_wsqqtyxzx", "properties": {"id": "dt_wsqqtyxzx", "status": "auto", "conf": 0.9043, "n_detections": 1, "heading_deg": 122.9, "length_m": 2.67, "width_m": 2.5, "corner": "NW", "intersection_id": "TPS_00535", "intersection_dist_m": 19.9, "osm_node_id": null, "serves_from_bearing": 302.9, "serves_to_bearing": 212.9, "serves_quality": "good", "imagery_source": "taipei_udd_ortho_2025", "model_version": "yolo26s-obb_ep144", "src_image": "TPS_00535", "src_px": "465.8,358.5;486.1,327.4;453.0,305.8;432.7,336.9", "lat": 25.0858636, "lon": 121.5526991}, "geometry": {"type": "Point", "coordinates": [121.5526991, 25.0858636]}}, {"type": "Feature", "id": "dt_wsqqqj5e2", "properties": {"id": "dt_wsqqqj5e2", "status": "auto", "conf": 0.9042, "n_detections": 1, "heading_deg": 91.0, "length_m": 4.85, "width_m": 2.53, "corner": "SE", "intersection_id": "TPS_00040", "intersection_dist_m": 20.7, "osm_node_id": null, "serves_from_bearing": 91.0, "serves_to_bearing": 1.0, "serves_quality": "good", "imagery_source": "taipei_udd_ortho_2025", "model_version": "yolo26s-obb_ep144", "src_image": "TPS_00040", "src_px": "562.5,729.8;563.2,692.2;491.5,690.9;490.8,728.5", "lat": 25.0329184, "lon": 121.557551}, "geometry": {"type": "Point", "coordinates": [121.557551, 25.0329184]}}, {"type": "Feature", "id": "dt_wsqqtvcvq", "properties": {"id": "dt_wsqqtvcvq", "status": "auto", "conf": 0.9042, "n_detections": 1, "heading_deg": 175.4, "length_m": 2.55, "width_m": 1.45, "corner": "NW", "intersection_id": "TPS_00997", "intersection_dist_m": 14.8, "osm_node_id": null, "serves_from_bearing": 265.4, "serves_to_bearing": 175.4, "serves_quality": "ambiguous", "imagery_source": "taipei_udd_ortho_2025", "model_version": "yolo26s-obb_ep144", "src_image": "TPS_00997", "src_px": "423.5,390.5;420.5,352.7;399.1,354.4;402.0,392.2", "lat": 25.0813304, "lon": 121.5444271}, "geometry": {"type": "Point", "coordinates": [121.5444271, 25.0813304]}}, {"type": "Feature", "id": "dt_wsqqwt7t9", "properties": {"id": "dt_wsqqwt7t9", "status": "auto", "conf": 0.9041, "n_detections": 1, "heading_deg": 94.6, "length_m": 7.8, "width_m": 2.24, "corner": "NW", "intersection_id": "TPS_00498", "intersection_dist_m": 12.2, "osm_node_id": null, "serves_from_bearing": 274.6, "serves_to_bearing": 184.6, "serves_quality": "ambiguous", "imagery_source": "taipei_udd_ortho_2025", "model_version": "yolo26s-obb_ep144", "src_image": "TPS_00498", "src_px": "671.1,238.1;673.8,204.8;558.9,195.5;556.2,228.8", "lat": 25.0786264, "lon": 121.5795826}, "geometry": {"type": "Point", "coordinates": [121.5795826, 25.0786264]}}, {"type": "Feature", "id": "dt_wsqqmx1qq", "properties": {"id": "dt_wsqqmx1qq", "status": "auto", "conf": 0.9041, "n_detections": 1, "heading_deg": 74.6, "length_m": 4.92, "width_m": 2.97, "corner": "NW", "intersection_id": "TPS_00706", "intersection_dist_m": 18.4, "osm_node_id": null, "serves_from_bearing": 254.6, "serves_to_bearing": 164.6, "serves_quality": "good", "imagery_source": "taipei_udd_ortho_2025", "model_version": "yolo26s-obb_ep144", "src_image": "TPS_00706", "src_px": "176.4,453.5;164.6,410.9;94.4,430.3;106.1,472.9", "lat": 25.0444351, "lon": 121.5327408}, "geometry": {"type": "Point", "coordinates": [121.5327408, 25.0444351]}}, {"type": "Feature", "id": "dt_wsqqqm9hq", "properties": {"id": "dt_wsqqqm9hq", "status": "auto", "conf": 0.9039, "n_detections": 1, "heading_deg": 178.9, "length_m": 4.39, "width_m": 3.29, "corner": "SW", "intersection_id": "TPS_02434", "intersection_dist_m": 9.8, "osm_node_id": null, "serves_from_bearing": 178.9, "serves_to_bearing": 88.9, "serves_quality": "good", "imagery_source": "taipei_udd_ortho_2025", "model_version": "yolo26s-obb_ep144", "src_image": "TPS_02434", "src_px": "416.8,544.2;415.6,478.8;367.0,479.7;368.2,545.0", "lat": 25.0358386, "lon": 121.5653568}, "geometry": {"type": "Point", "coordinates": [121.5653568, 25.0358386]}}, {"type": "Feature", "id": "dt_wsqqqjhgd", "properties": {"id": "dt_wsqqqjhgd", "status": "auto", "conf": 0.9038, "n_detections": 1, "heading_deg": 13.4, "length_m": 8.55, "width_m": 2.68, "corner": "SW", "intersection_id": "TPS_00073", "intersection_dist_m": 24.5, "osm_node_id": null, "serves_from_bearing": 193.4, "serves_to_bearing": 103.4, "serves_quality": "good", "imagery_source": "taipei_udd_ortho_2025", "model_version": "yolo26s-obb_ep144", "src_image": "TPS_00073", "src_px": "133.6,722.9;163.0,599.1;124.4,590.0;95.0,713.7", "lat": 25.0329512, "lon": 121.559344}, "geometry": {"type": "Point", "coordinates": [121.559344, 25.0329512]}}, {"type": "Feature", "id": "dt_wsqqt1gsu", "properties": {"id": "dt_wsqqt1gsu", "status": "auto", "conf": 0.9037, "n_detections": 2, "heading_deg": 176.8, "length_m": 6.93, "width_m": 2.8, "corner": "NE", "intersection_id": "TPS_00903", "intersection_dist_m": 14.5, "osm_node_id": null, "serves_from_bearing": 356.8, "serves_to_bearing": 266.8, "serves_quality": "good", "imagery_source": "taipei_udd_ortho_2025", "model_version": "yolo26s-obb_ep144", "src_image": "TPS_00903", "src_px": "792.6,365.0;786.9,262.0;745.5,264.3;751.2,367.3", "lat": 25.0592861, "lon": 121.5137679}, "geometry": {"type": "Point", "coordinates": [121.5137679, 25.0592861]}}, {"type": "Feature", "id": "dt_wsqqqwuxs", "properties": {"id": "dt_wsqqqwuxs", "status": "auto", "conf": 0.9036, "n_detections": 1, "heading_deg": 86.5, "length_m": 3.9, "width_m": 2.77, "corner": "NW", "intersection_id": "TPS_00352", "intersection_dist_m": 14.0, "osm_node_id": null, "serves_from_bearing": 266.5, "serves_to_bearing": 176.5, "serves_quality": "good", "imagery_source": "taipei_udd_ortho_2025", "model_version": "yolo26s-obb_ep144", "src_image": "TPS_00352", "src_px": "325.6,558.3;323.1,517.1;265.5,520.6;268.0,561.8", "lat": 25.0432872, "lon": 121.581085}, "geometry": {"type": "Point", "coordinates": [121.581085, 25.0432872]}}, {"type": "Feature", "id": "dt_wsqqky4gq", "properties": {"id": "dt_wsqqky4gq", "status": "auto", "conf": 0.9036, "n_detections": 1, "heading_deg": 11.9, "length_m": 6.56, "width_m": 2.72, "corner": "NE", "intersection_id": "TPS_02151", "intersection_dist_m": 10.0, "osm_node_id": null, "serves_from_bearing": 11.9, "serves_to_bearing": 281.9, "serves_quality": "good", "imagery_source": "taipei_udd_ortho_2025", "model_version": "yolo26s-obb_ep144", "src_image": "TPS_02151", "src_px": "693.1,431.6;713.1,336.1;673.8,327.8;653.8,423.3", "lat": 25.0384074, "lon": 121.5018659}, "geometry": {"type": "Point", "coordinates": [121.5018659, 25.0384074]}}, {"type": "Feature", "id": "dt_wsqqmprum", "properties": {"id": "dt_wsqqmprum", "status": "auto", "conf": 0.9033, "n_detections": 1, "heading_deg": 103.0, "length_m": 7.88, "width_m": 2.74, "corner": "NE", "intersection_id": "TPS_00725", "intersection_dist_m": 12.0, "osm_node_id": null, "serves_from_bearing": 13.0, "serves_to_bearing": 283.0, "serves_quality": "good", "imagery_source": "taipei_udd_ortho_2025", "model_version": "yolo26s-obb_ep144", "src_image": "TPS_00725", "src_px": "652.0,324.0;661.2,284.3;547.6,258.0;538.4,297.8", "lat": 25.0454599, "lon": 121.5196626}, "geometry": {"type": "Point", "coordinates": [121.5196626, 25.0454599]}}, {"type": "Feature", "id": "dt_wsqqtcj03", "properties": {"id": "dt_wsqqtcj03", "status": "auto", "conf": 0.903, "n_detections": 2, "heading_deg": 1.6, "length_m": 4.48, "width_m": 2.58, "corner": "SE", "intersection_id": "TPS_02318", "intersection_dist_m": 21.6, "osm_node_id": null, "serves_from_bearing": 91.6, "serves_to_bearing": 1.6, "serves_quality": "good", "imagery_source": "taipei_udd_ortho_2025", "model_version": "yolo26s-obb_ep144", "src_image": "TPS_01115", "src_px": "372.4,974.0;374.2,907.4;336.1,906.4;334.3,973.0", "lat": 25.0543964, "lon": 121.5486804}, "geometry": {"type": "Point", "coordinates": [121.5486804, 25.0543964]}}, {"type": "Feature", "id": "dt_wsqqqxk7p", "properties": {"id": "dt_wsqqqxk7p", "status": "auto", "conf": 0.9022, "n_detections": 2, "heading_deg": 87.5, "length_m": 8.17, "width_m": 2.39, "corner": "SE", "intersection_id": "TPS_00149", "intersection_dist_m": 19.9, "osm_node_id": null, "serves_from_bearing": 87.5, "serves_to_bearing": 357.5, "serves_quality": "good", "imagery_source": "taipei_udd_ortho_2025", "model_version": "yolo26s-obb_ep144", "src_image": "TPS_00149", "src_px": "803.6,648.4;802.1,612.9;681.4,618.1;682.9,653.6", "lat": 25.045252, "lon": 121.5808697}, "geometry": {"type": "Point", "coordinates": [121.5808697, 25.045252]}}, {"type": "Feature", "id": "dt_wsqqm6yb5", "properties": {"id": "dt_wsqqm6yb5", "status": "auto", "conf": 0.9022, "n_detections": 1, "heading_deg": 135.9, "length_m": 7.77, "width_m": 3.17, "corner": "NE", "intersection_id": "TPS_00644", "intersection_dist_m": 17.1, "osm_node_id": null, "serves_from_bearing": 315.9, "serves_to_bearing": 225.9, "serves_quality": "good", "imagery_source": "taipei_udd_ortho_2025", "model_version": "yolo26s-obb_ep144", "src_image": "TPS_00644", "src_px": "767.2,246.7;687.2,163.7;653.4,196.3;733.4,279.3", "lat": 25.0199942, "lon": 121.5291781}, "geometry": {"type": "Point", "coordinates": [121.5291781, 25.0199942]}}, {"type": "Feature", "id": "dt_wsqqw22nr", "properties": {"id": "dt_wsqqw22nr", "status": "auto", "conf": 0.9022, "n_detections": 2, "heading_deg": 85.4, "length_m": 3.45, "width_m": 2.53, "corner": "SW", "intersection_id": "TPS_01184", "intersection_dist_m": 12.1, "osm_node_id": null, "serves_from_bearing": 175.4, "serves_to_bearing": 85.4, "serves_quality": "good", "imagery_source": "taipei_udd_ortho_2025", "model_version": "yolo26s-obb_ep144", "src_image": "TPS_01184", "src_px": "475.7,705.2;472.7,667.6;421.9,671.7;424.9,709.2", "lat": 25.0512837, "lon": 121.5640217}, "geometry": {"type": "Point", "coordinates": [121.5640217, 25.0512837]}}, {"type": "Feature", "id": "dt_wsqqtu1zs", "properties": {"id": "dt_wsqqtu1zs", "status": "auto", "conf": 0.9019, "n_detections": 2, "heading_deg": 88.8, "length_m": 6.3, "width_m": 3.01, "corner": "NW", "intersection_id": "TPS_01190", "intersection_dist_m": 16.2, "osm_node_id": null, "serves_from_bearing": 268.8, "serves_to_bearing": 178.8, "serves_quality": "ambiguous", "imagery_source": "taipei_udd_ortho_2025", "model_version": "yolo26s-obb_ep144", "src_image": "TPS_01190", "src_px": "605.4,215.4;604.5,170.6;511.4,172.6;512.3,217.4", "lat": 25.07211, "lon": 121.5443541}, "geometry": {"type": "Point", "coordinates": [121.5443541, 25.07211]}}, {"type": "Feature", "id": "dt_wsqqjtq7w", "properties": {"id": "dt_wsqqjtq7w", "status": "auto", "conf": 0.9018, "n_detections": 1, "heading_deg": 18.9, "length_m": 4.31, "width_m": 2.18, "corner": "NW", "intersection_id": "TPS_00176", "intersection_dist_m": 27.4, "osm_node_id": null, "serves_from_bearing": 288.9, "serves_to_bearing": 198.9, "serves_quality": "good", "imagery_source": "taipei_udd_ortho_2025", "model_version": "yolo26s-obb_ep144", "src_image": "TPS_00176", "src_px": "452.1,87.0;472.8,26.3;442.3,15.9;421.6,76.6", "lat": 24.9903834, "lon": 121.5396447}, "geometry": {"type": "Point", "coordinates": [121.5396447, 24.9903834]}}, {"type": "Feature", "id": "dt_wsqqt99t5", "properties": {"id": "dt_wsqqt99t5", "status": "auto", "conf": 0.9013, "n_detections": 1, "heading_deg": 91.2, "length_m": 2.5, "width_m": 1.69, "corner": "SW", "intersection_id": "TPS_02501", "intersection_dist_m": 31.7, "osm_node_id": null, "serves_from_bearing": 181.2, "serves_to_bearing": 91.2, "serves_quality": "good", "imagery_source": "taipei_udd_ortho_2025", "model_version": "yolo26s-obb_ep144", "src_image": "TPS_02501", "src_px": "511.5,1028.9;512.0,1003.8;475.0,1003.0;474.4,1028.0", "lat": 25.0579271, "lon": 121.5329807}, "geometry": {"type": "Point", "coordinates": [121.5329807, 25.0579271]}}, {"type": "Feature", "id": "dt_wsqqmy377", "properties": {"id": "dt_wsqqmy377", "status": "auto", "conf": 0.9009, "n_detections": 1, "heading_deg": 1.8, "length_m": 4.92, "width_m": 2.69, "corner": "SW", "intersection_id": "TPS_00577", "intersection_dist_m": 15.1, "osm_node_id": null, "serves_from_bearing": 181.8, "serves_to_bearing": 91.8, "serves_quality": "ambiguous", "imagery_source": "taipei_udd_ortho_2025", "model_version": "yolo26s-obb_ep144", "src_image": "TPS_00577", "src_px": "214.9,671.2;217.2,598.0;177.4,596.8;175.1,669.9", "lat": 25.0398082, "lon": 121.5435962}, "geometry": {"type": "Point", "coordinates": [121.5435962, 25.0398082]}}, {"type": "Feature", "id": "dt_wsqqmxutd", "properties": {"id": "dt_wsqqmxutd", "status": "auto", "conf": 0.9007, "n_detections": 1, "heading_deg": 2.7, "length_m": 9.64, "width_m": 2.95, "corner": "NE", "intersection_id": "TPS_01401", "intersection_dist_m": 10.5, "osm_node_id": null, "serves_from_bearing": 2.7, "serves_to_bearing": 272.7, "serves_quality": "good", "imagery_source": "taipei_udd_ortho_2025", "model_version": "yolo26s-obb_ep144", "src_image": "TPS_01401", "src_px": "665.0,611.3;671.8,467.9;628.2,465.9;621.4,609.3", "lat": 25.0484199, "lon": 121.5370318}, "geometry": {"type": "Point", "coordinates": [121.5370318, 25.0484199]}}, {"type": "Feature", "id": "dt_wsqqt838p", "properties": {"id": "dt_wsqqt838p", "status": "auto", "conf": 0.9002, "n_detections": 1, "heading_deg": 178.7, "length_m": 2.99, "width_m": 1.72, "corner": "NE", "intersection_id": "TPS_00714", "intersection_dist_m": 16.4, "osm_node_id": null, "serves_from_bearing": 358.7, "serves_to_bearing": 268.7, "serves_quality": "good", "imagery_source": "taipei_udd_ortho_2025", "model_version": "yolo26s-obb_ep144", "src_image": "TPS_00714", "src_px": "766.8,397.4;765.8,352.9;740.3,353.4;741.3,398.0", "lat": 25.0502297, "lon": 121.5331553}, "geometry": {"type": "Point", "coordinates": [121.5331553, 25.0502297]}}, {"type": "Feature", "id": "dt_wsqqku6p6", "properties": {"id": "dt_wsqqku6p6", "status": "auto", "conf": 0.9001, "n_detections": 1, "heading_deg": 175.6, "length_m": 7.51, "width_m": 2.79, "corner": "NE", "intersection_id": "TPS_00183", "intersection_dist_m": 15.9, "osm_node_id": null, "serves_from_bearing": 355.6, "serves_to_bearing": 265.6, "serves_quality": "good", "imagery_source": "taipei_udd_ortho_2025", "model_version": "yolo26s-obb_ep144", "src_image": "TPS_00183", "src_px": "687.0,480.9;678.5,369.5;637.4,372.6;645.9,484.0", "lat": 25.0295133, "lon": 121.50065}, "geometry": {"type": "Point", "coordinates": [121.50065, 25.0295133]}}, {"type": "Feature", "id": "dt_wsqqm8t97", "properties": {"id": "dt_wsqqm8t97", "status": "auto", "conf": 0.9, "n_detections": 1, "heading_deg": 63.6, "length_m": 5.81, "width_m": 3.03, "corner": "SE", "intersection_id": "TPS_00113", "intersection_dist_m": 22.2, "osm_node_id": null, "serves_from_bearing": 63.6, "serves_to_bearing": 333.6, "serves_quality": "good", "imagery_source": "taipei_udd_ortho_2025", "model_version": "yolo26s-obb_ep144", "src_image": "TPS_00113", "src_px": "753.4,724.1;733.3,683.8;656.3,722.3;676.4,762.5", "lat": 25.0078667, "lon": 121.5384441}, "geometry": {"type": "Point", "coordinates": [121.5384441, 25.0078667]}}, {"type": "Feature", "id": "dt_wsqqwt01h", "properties": {"id": "dt_wsqqwt01h", "status": "auto", "conf": 0.8995, "n_detections": 1, "heading_deg": 116.6, "length_m": 5.42, "width_m": 2.24, "corner": "NW", "intersection_id": "TPS_00995", "intersection_dist_m": 14.6, "osm_node_id": null, "serves_from_bearing": 296.6, "serves_to_bearing": 206.6, "serves_quality": "good", "imagery_source": "taipei_udd_ortho_2025", "model_version": "yolo26s-obb_ep144", "src_image": "TPS_00995", "src_px": "580.5,448.0;595.5,418.3;523.8,382.1;508.8,411.8", "lat": 25.0764847, "lon": 121.5749056}, "geometry": {"type": "Point", "coordinates": [121.5749056, 25.0764847]}}, {"type": "Feature", "id": "dt_wsqqmv1nx", "properties": {"id": "dt_wsqqmv1nx", "status": "auto", "conf": 0.8994, "n_detections": 1, "heading_deg": 3.3, "length_m": 7.93, "width_m": 3.31, "corner": "NW", "intersection_id": "TPS_00039", "intersection_dist_m": 20.4, "osm_node_id": null, "serves_from_bearing": 273.3, "serves_to_bearing": 183.3, "serves_quality": "good", "imagery_source": "taipei_udd_ortho_2025", "model_version": "yolo26s-obb_ep144", "src_image": "TPS_00039", "src_px": "229.7,363.6;236.4,245.8;187.6,243.0;180.9,360.8", "lat": 25.0334768, "lon": 121.5434329}, "geometry": {"type": "Point", "coordinates": [121.5434329, 25.0334768]}}, {"type": "Feature", "id": "dt_wsqqvbcf0", "properties": {"id": "dt_wsqqvbcf0", "status": "auto", "conf": 0.8994, "n_detections": 1, "heading_deg": 73.5, "length_m": 5.79, "width_m": 2.14, "corner": "NW", "intersection_id": "TPS_00952", "intersection_dist_m": 17.4, "osm_node_id": null, "serves_from_bearing": 253.5, "serves_to_bearing": 163.5, "serves_quality": "ambiguous", "imagery_source": "taipei_udd_ortho_2025", "model_version": "yolo26s-obb_ep144", "src_image": "TPS_00952", "src_px": "360.3,251.4;351.2,220.8;269.1,245.3;278.2,275.8", "lat": 25.0972632, "lon": 121.5441907}, "geometry": {"type": "Point", "coordinates": [121.5441907, 25.0972632]}}, {"type": "Feature", "id": "dt_wsqqt4eek", "properties": {"id": "dt_wsqqt4eek", "status": "auto", "conf": 0.8989, "n_detections": 1, "heading_deg": 177.2, "length_m": 3.02, "width_m": 2.45, "corner": "NE", "intersection_id": "TPS_00078", "intersection_dist_m": 23.6, "osm_node_id": null, "serves_from_bearing": 357.2, "serves_to_bearing": 267.2, "serves_quality": "good", "imagery_source": "taipei_udd_ortho_2025", "model_version": "yolo26s-obb_ep144", "src_image": "TPS_00078", "src_px": "836.1,414.4;833.9,369.5;797.7,371.3;799.9,416.1", "lat": 25.0631261, "lon": 121.5138}, "geometry": {"type": "Point", "coordinates": [121.5138, 25.0631261]}}, {"type": "Feature", "id": "dt_wsqqq51m5", "properties": {"id": "dt_wsqqq51m5", "status": "auto", "conf": 0.8982, "n_detections": 1, "heading_deg": 132.1, "length_m": 4.37, "width_m": 2.6, "corner": "SW", "intersection_id": "TPS_00666", "intersection_dist_m": 11.9, "osm_node_id": null, "serves_from_bearing": 132.1, "serves_to_bearing": 42.1, "serves_quality": "good", "imagery_source": "taipei_udd_ortho_2025", "model_version": "yolo26s-obb_ep144", "src_image": "TPS_00666", "src_px": "531.8,596.6;483.8,553.0;457.9,581.5;505.8,625.1", "lat": 25.0222597, "lon": 121.5546111}, "geometry": {"type": "Point", "coordinates": [121.5546111, 25.0222597]}}, {"type": "Feature", "id": "dt_wsqqv38gy", "properties": {"id": "dt_wsqqv38gy", "status": "auto", "conf": 0.898, "n_detections": 1, "heading_deg": 179.1, "length_m": 4.45, "width_m": 4.34, "corner": "SW", "intersection_id": "TPS_00089", "intersection_dist_m": 29.9, "osm_node_id": null, "serves_from_bearing": 179.1, "serves_to_bearing": 89.1, "serves_quality": "good", "imagery_source": "taipei_udd_ortho_2025", "model_version": "yolo26s-obb_ep144", "src_image": "TPS_00089", "src_px": "161.0,676.4;160.0,610.1;95.8,611.0;96.8,677.4", "lat": 25.1016867, "lon": 121.5210631}, "geometry": {"type": "Point", "coordinates": [121.5210631, 25.1016867]}}, {"type": "Feature", "id": "dt_wsqqmpse2", "properties": {"id": "dt_wsqqmpse2", "status": "auto", "conf": 0.8977, "n_detections": 1, "heading_deg": 98.1, "length_m": 5.48, "width_m": 3.44, "corner": "SW", "intersection_id": "TPS_00886", "intersection_dist_m": 17.5, "osm_node_id": null, "serves_from_bearing": 188.1, "serves_to_bearing": 98.1, "serves_quality": "ambiguous", "imagery_source": "taipei_udd_ortho_2025", "model_version": "yolo26s-obb_ep144", "src_image": "TPS_00886", "src_px": "570.9,891.1;578.2,840.4;498.0,828.9;490.7,879.7", "lat": 25.0466695, "lon": 121.5149839}, "geometry": {"type": "Point", "coordinates": [121.5149839, 25.0466695]}}, {"type": "Feature", "id": "dt_wsqqwn8ve", "properties": {"id": "dt_wsqqwn8ve", "status": "auto", "conf": 0.8976, "n_detections": 1, "heading_deg": 104.8, "length_m": 5.68, "width_m": 2.52, "corner": "NW", "intersection_id": "TPS_00380", "intersection_dist_m": 17.7, "osm_node_id": null, "serves_from_bearing": 284.8, "serves_to_bearing": 194.8, "serves_quality": "good", "imagery_source": "taipei_udd_ortho_2025", "model_version": "yolo26s-obb_ep144", "src_image": "TPS_00380", "src_px": "525.4,194.4;535.1,158.1;453.9,136.5;444.2,172.9", "lat": 25.0854984, "lon": 121.553921}, "geometry": {"type": "Point", "coordinates": [121.553921, 25.0854984]}}, {"type": "Feature", "id": "dt_wsqqtbt08", "properties": {"id": "dt_wsqqtbt08", "status": "auto", "conf": 0.897, "n_detections": 1, "heading_deg": 3.9, "length_m": 9.39, "width_m": 3.53, "corner": "SE", "intersection_id": "TPS_01118", "intersection_dist_m": 14.7, "osm_node_id": null, "serves_from_bearing": 93.9, "serves_to_bearing": 3.9, "serves_quality": "good", "imagery_source": "taipei_udd_ortho_2025", "model_version": "yolo26s-obb_ep144", "src_image": "TPS_01118", "src_px": "793.2,650.5;802.7,511.0;750.6,507.5;741.1,647.0", "lat": 25.0516612, "lon": 121.5486171}, "geometry": {"type": "Point", "coordinates": [121.5486171, 25.0516612]}}, {"type": "Feature", "id": "dt_wsqqmk9z8", "properties": {"id": "dt_wsqqmk9z8", "status": "auto", "conf": 0.897, "n_detections": 1, "heading_deg": 12.3, "length_m": 3.81, "width_m": 2.39, "corner": "NW", "intersection_id": "TPS_01655", "intersection_dist_m": 9.5, "osm_node_id": null, "serves_from_bearing": 282.3, "serves_to_bearing": 192.3, "serves_quality": "ambiguous", "imagery_source": "taipei_udd_ortho_2025", "model_version": "yolo26s-obb_ep144", "src_image": "TPS_01655", "src_px": "302.8,450.9;314.8,395.5;280.2,388.0;268.2,443.4", "lat": 25.0309176, "lon": 121.5222025}, "geometry": {"type": "Point", "coordinates": [121.5222025, 25.0309176]}}, {"type": "Feature", "id": "dt_wsqqqm53g", "properties": {"id": "dt_wsqqqm53g", "status": "auto", "conf": 0.8968, "n_detections": 1, "heading_deg": 87.1, "length_m": 6.66, "width_m": 2.61, "corner": "SE", "intersection_id": "TPS_00133", "intersection_dist_m": 16.1, "osm_node_id": null, "serves_from_bearing": 87.1, "serves_to_bearing": 357.1, "serves_quality": "ambiguous", "imagery_source": "taipei_udd_ortho_2025", "model_version": "yolo26s-obb_ep144", "src_image": "TPS_00133", "src_px": "537.7,856.0;535.7,817.2;437.4,822.2;439.4,861.1", "lat": 25.0326846, "lon": 121.5683392}, "geometry": {"type": "Point", "coordinates": [121.5683392, 25.0326846]}}, {"type": "Feature", "id": "dt_wsqqt0gyh", "properties": {"id": "dt_wsqqt0gyh", "status": "auto", "conf": 0.8965, "n_detections": 1, "heading_deg": 179.1, "length_m": 5.33, "width_m": 4.98, "corner": "SW", "intersection_id": "TPS_00156", "intersection_dist_m": 38.0, "osm_node_id": null, "serves_from_bearing": 179.1, "serves_to_bearing": 89.1, "serves_quality": "good", "imagery_source": "taipei_udd_ortho_2025", "model_version": "yolo26s-obb_ep144", "src_image": "TPS_00156", "src_px": "62.9,612.3;61.7,533.0;-11.9,534.2;-10.7,613.4", "lat": 25.0539973, "lon": 121.5141277}, "geometry": {"type": "Point", "coordinates": [121.5141277, 25.0539973]}}, {"type": "Feature", "id": "dt_wsqquukq6", "properties": {"id": "dt_wsqquukq6", "status": "auto", "conf": 0.8957, "n_detections": 1, "heading_deg": 135.1, "length_m": 5.46, "width_m": 2.73, "corner": "SW", "intersection_id": "TPS_01015", "intersection_dist_m": 19.9, "osm_node_id": null, "serves_from_bearing": 135.1, "serves_to_bearing": 45.1, "serves_quality": "ambiguous", "imagery_source": "taipei_udd_ortho_2025", "model_version": "yolo26s-obb_ep144", "src_image": "TPS_01015", "src_px": "462.6,693.3;405.6,635.6;376.8,664.1;433.8,721.8", "lat": 25.1172094, "lon": 121.503749}, "geometry": {"type": "Point", "coordinates": [121.503749, 25.1172094]}}, {"type": "Feature", "id": "dt_wsqqt99vd", "properties": {"id": "dt_wsqqt99vd", "status": "auto", "conf": 0.8956, "n_detections": 2, "heading_deg": 3.0, "length_m": 7.32, "width_m": 3.03, "corner": "NW", "intersection_id": "TPS_02500", "intersection_dist_m": 21.9, "osm_node_id": null, "serves_from_bearing": 273.0, "serves_to_bearing": 183.0, "serves_quality": "good", "imagery_source": "taipei_udd_ortho_2025", "model_version": "yolo26s-obb_ep144", "src_image": "TPS_02500", "src_px": "204.5,628.4;210.1,519.6;165.4,517.3;159.8,626.0", "lat": 25.0580408, "lon": 121.533289}, "geometry": {"type": "Point", "coordinates": [121.533289, 25.0580408]}}, {"type": "Feature", "id": "dt_wsqqksj14", "properties": {"id": "dt_wsqqksj14", "status": "auto", "conf": 0.8944, "n_detections": 1, "heading_deg": 140.0, "length_m": 6.26, "width_m": 2.77, "corner": "NE", "intersection_id": "TPS_00920", "intersection_dist_m": 13.1, "osm_node_id": null, "serves_from_bearing": 320.0, "serves_to_bearing": 230.0, "serves_quality": "good", "imagery_source": "taipei_udd_ortho_2025", "model_version": "yolo26s-obb_ep144", "src_image": "TPS_00920", "src_px": "693.3,411.0;633.8,339.7;602.3,366.0;661.8,437.2", "lat": 25.0270479, "lon": 121.4937739}, "geometry": {"type": "Point", "coordinates": [121.4937739, 25.0270479]}}, {"type": "Feature", "id": "dt_wsqqky4fs", "properties": {"id": "dt_wsqqky4fs", "status": "auto", "conf": 0.8939, "n_detections": 1, "heading_deg": 95.7, "length_m": 5.25, "width_m": 2.7, "corner": "SE", "intersection_id": "TPS_02151", "intersection_dist_m": 8.2, "osm_node_id": null, "serves_from_bearing": 95.7, "serves_to_bearing": 5.7, "serves_quality": "good", "imagery_source": "taipei_udd_ortho_2025", "model_version": "yolo26s-obb_ep144", "src_image": "TPS_02151", "src_px": "607.2,572.9;611.2,532.9;533.9,525.1;529.9,565.1", "lat": 25.0383046, "lon": 121.5017902}, "geometry": {"type": "Point", "coordinates": [121.5017902, 25.0383046]}}, {"type": "Feature", "id": "dt_wsqqt6cvk", "properties": {"id": "dt_wsqqt6cvk", "status": "auto", "conf": 0.8937, "n_detections": 1, "heading_deg": 83.0, "length_m": 4.27, "width_m": 2.61, "corner": "SE", "intersection_id": "TPS_00321", "intersection_dist_m": 13.9, "osm_node_id": null, "serves_from_bearing": 83.0, "serves_to_bearing": 353.0, "serves_quality": "good", "imagery_source": "taipei_udd_ortho_2025", "model_version": "yolo26s-obb_ep144", "src_image": "TPS_00321", "src_px": "843.4,650.2;838.7,611.7;776.0,619.4;780.7,657.8", "lat": 25.0648451, "lon": 121.5223783}, "geometry": {"type": "Point", "coordinates": [121.5223783, 25.0648451]}}, {"type": "Feature", "id": "dt_wsqqtmf1c", "properties": {"id": "dt_wsqqtmf1c", "status": "auto", "conf": 0.8936, "n_detections": 1, "heading_deg": 24.8, "length_m": 4.73, "width_m": 2.12, "corner": "SE", "intersection_id": "TPS_00503", "intersection_dist_m": 16.3, "osm_node_id": null, "serves_from_bearing": 24.8, "serves_to_bearing": 294.8, "serves_quality": "ambiguous", "imagery_source": "taipei_udd_ortho_2025", "model_version": "yolo26s-obb_ep144", "src_image": "TPS_00503", "src_px": "615.2,640.5;644.5,576.5;616.0,563.5;586.7,627.5", "lat": 25.0807246, "lon": 121.5225914}, "geometry": {"type": "Point", "coordinates": [121.5225914, 25.0807246]}}, {"type": "Feature", "id": "dt_wsqqnp1rf", "properties": {"id": "dt_wsqqnp1rf", "status": "auto", "conf": 0.8935, "n_detections": 1, "heading_deg": 111.8, "length_m": 3.63, "width_m": 2.51, "corner": "SW", "intersection_id": "TPS_00233", "intersection_dist_m": 13.0, "osm_node_id": null, "serves_from_bearing": 111.8, "serves_to_bearing": 21.8, "serves_quality": "good", "imagery_source": "taipei_udd_ortho_2025", "model_version": "yolo26s-obb_ep144", "src_image": "TPS_00233", "src_px": "451.6,723.3;465.4,688.7;415.6,668.7;401.7,703.4", "lat": 25.0007269, "lon": 121.5545701}, "geometry": {"type": "Point", "coordinates": [121.5545701, 25.0007269]}}, {"type": "Feature", "id": "dt_wsqquv1tk", "properties": {"id": "dt_wsqquv1tk", "status": "auto", "conf": 0.8935, "n_detections": 1, "heading_deg": 145.5, "length_m": 6.11, "width_m": 2.56, "corner": "NW", "intersection_id": "TPS_01987", "intersection_dist_m": 29.9, "osm_node_id": null, "serves_from_bearing": 325.5, "serves_to_bearing": 235.5, "serves_quality": "good", "imagery_source": "taipei_udd_ortho_2025", "model_version": "yolo26s-obb_ep144", "src_image": "TPS_01987", "src_px": "309.2,80.1;258.1,5.1;226.7,26.4;277.8,101.5", "lat": 25.1211639, "lon": 121.5000423}, "geometry": {"type": "Point", "coordinates": [121.5000423, 25.1211639]}}, {"type": "Feature", "id": "dt_wsqqmwc7j", "properties": {"id": "dt_wsqqmwc7j", "status": "auto", "conf": 0.8933, "n_detections": 1, "heading_deg": 103.0, "length_m": 7.74, "width_m": 2.94, "corner": "NE", "intersection_id": "TPS_02493", "intersection_dist_m": 34.8, "osm_node_id": null, "serves_from_bearing": 13.0, "serves_to_bearing": 283.0, "serves_quality": "good", "imagery_source": "taipei_udd_ortho_2025", "model_version": "yolo26s-obb_ep144", "src_image": "TPS_02493", "src_px": "937.6,309.3;947.5,266.7;836.0,240.8;826.1,283.3", "lat": 25.0425147, "lon": 121.5327297}, "geometry": {"type": "Point", "coordinates": [121.5327297, 25.0425147]}}, {"type": "Feature", "id": "dt_wsqqwm2me", "properties": {"id": "dt_wsqqwm2me", "status": "auto", "conf": 0.8928, "n_detections": 1, "heading_deg": 102.0, "length_m": 5.48, "width_m": 2.76, "corner": "SW", "intersection_id": "TPS_00968", "intersection_dist_m": 24.1, "osm_node_id": null, "serves_from_bearing": 192.0, "serves_to_bearing": 102.0, "serves_quality": "good", "imagery_source": "taipei_udd_ortho_2025", "model_version": "yolo26s-obb_ep144", "src_image": "TPS_00968", "src_px": "491.6,969.3;500.2,929.2;420.9,912.2;412.3,952.3", "lat": 25.0786531, "lon": 121.5641983}, "geometry": {"type": "Point", "coordinates": [121.5641983, 25.0786531]}}, {"type": "Feature", "id": "dt_wsqqmj6z1", "properties": {"id": "dt_wsqqmj6z1", "status": "auto", "conf": 0.8922, "n_detections": 1, "heading_deg": 68.7, "length_m": 8.0, "width_m": 4.56, "corner": "SE", "intersection_id": "TPS_00103", "intersection_dist_m": 37.2, "osm_node_id": null, "serves_from_bearing": 158.7, "serves_to_bearing": 68.7, "serves_quality": "good", "imagery_source": "taipei_udd_ortho_2025", "model_version": "yolo26s-obb_ep144", "src_image": "TPS_00103", "src_px": "647.0,950.5;622.2,887.3;512.0,930.5;536.7,993.7", "lat": 25.0349561, "lon": 121.5126109}, "geometry": {"type": "Point", "coordinates": [121.5126109, 25.0349561]}}, {"type": "Feature", "id": "dt_wsqqt91e7", "properties": {"id": "dt_wsqqt91e7", "status": "auto", "conf": 0.892, "n_detections": 2, "heading_deg": 86.8, "length_m": 3.52, "width_m": 2.27, "corner": "NE", "intersection_id": "TPS_02504", "intersection_dist_m": 25.7, "osm_node_id": null, "serves_from_bearing": 356.8, "serves_to_bearing": 266.8, "serves_quality": "good", "imagery_source": "taipei_udd_ortho_2025", "model_version": "yolo26s-obb_ep144", "src_image": "TPS_02504", "src_px": "1013.1,390.8;1011.2,357.0;959.3,359.9;961.1,393.7", "lat": 25.0548951, "lon": 121.532968}, "geometry": {"type": "Point", "coordinates": [121.532968, 25.0548951]}}, {"type": "Feature", "id": "dt_wsqqqj5kg", "properties": {"id": "dt_wsqqqj5kg", "status": "auto", "conf": 0.8915, "n_detections": 1, "heading_deg": 3.2, "length_m": 6.63, "width_m": 2.77, "corner": "NW", "intersection_id": "TPS_00040", "intersection_dist_m": 17.3, "osm_node_id": null, "serves_from_bearing": 273.2, "serves_to_bearing": 183.2, "serves_quality": "good", "imagery_source": "taipei_udd_ortho_2025", "model_version": "yolo26s-obb_ep144", "src_image": "TPS_00040", "src_px": "240.9,314.1;246.4,215.6;205.5,213.4;200.1,311.9", "lat": 25.0331898, "lon": 121.5573473}, "geometry": {"type": "Point", "coordinates": [121.5573473, 25.0331898]}}, {"type": "Feature", "id": "dt_wsqqm5zqe", "properties": {"id": "dt_wsqqm5zqe", "status": "auto", "conf": 0.8911, "n_detections": 1, "heading_deg": 104.7, "length_m": 5.94, "width_m": 2.78, "corner": "NW", "intersection_id": "TPS_00822", "intersection_dist_m": 14.4, "osm_node_id": null, "serves_from_bearing": 284.7, "serves_to_bearing": 194.7, "serves_quality": "good", "imagery_source": "taipei_udd_ortho_2025", "model_version": "yolo26s-obb_ep144", "src_image": "TPS_00822", "src_px": "503.0,389.4;513.6,349.4;428.6,327.0;418.1,367.1", "lat": 25.0265997, "lon": 121.5188861}, "geometry": {"type": "Point", "coordinates": [121.5188861, 25.0265997]}}, {"type": "Feature", "id": "dt_wsqqmkvhp", "properties": {"id": "dt_wsqqmkvhp", "status": "auto", "conf": 0.8908, "n_detections": 1, "heading_deg": 10.6, "length_m": 5.6, "width_m": 2.98, "corner": "NE", "intersection_id": "TPS_00342", "intersection_dist_m": 13.8, "osm_node_id": null, "serves_from_bearing": 10.6, "serves_to_bearing": 280.6, "serves_quality": "good", "imagery_source": "taipei_udd_ortho_2025", "model_version": "yolo26s-obb_ep144", "src_image": "TPS_00342", "src_px": "757.3,459.9;772.5,377.9;729.2,369.8;713.9,451.9", "lat": 25.0316981, "lon": 121.5269686}, "geometry": {"type": "Point", "coordinates": [121.5269686, 25.0316981]}}, {"type": "Feature", "id": "dt_wsqqqn72z", "properties": {"id": "dt_wsqqqn72z", "status": "auto", "conf": 0.8902, "n_detections": 1, "heading_deg": 4.7, "length_m": 3.66, "width_m": 2.62, "corner": "SW", "intersection_id": "TPS_00403", "intersection_dist_m": 9.7, "osm_node_id": null, "serves_from_bearing": 184.7, "serves_to_bearing": 94.7, "serves_quality": "good", "imagery_source": "taipei_udd_ortho_2025", "model_version": "yolo26s-obb_ep144", "src_image": "TPS_00403", "src_px": "473.2,648.7;477.6,594.4;439.0,591.3;434.6,645.6", "lat": 25.0393501, "lon": 121.5575034}, "geometry": {"type": "Point", "coordinates": [121.5575034, 25.0393501]}}, {"type": "Feature", "id": "dt_wsqqtvdhd", "properties": {"id": "dt_wsqqtvdhd", "status": "auto", "conf": 0.8901, "n_detections": 1, "heading_deg": 173.6, "length_m": 6.55, "width_m": 2.82, "corner": "NE", "intersection_id": "TPS_00115", "intersection_dist_m": 21.9, "osm_node_id": null, "serves_from_bearing": 353.6, "serves_to_bearing": 263.6, "serves_quality": "good", "imagery_source": "taipei_udd_ortho_2025", "model_version": "yolo26s-obb_ep144", "src_image": "TPS_00115", "src_px": "709.7,345.1;698.9,248.1;657.4,252.7;668.2,349.7", "lat": 25.0798203, "lon": 121.5446097}, "geometry": {"type": "Point", "coordinates": [121.5446097, 25.0798203]}}, {"type": "Feature", "id": "dt_wsqqjxnrn", "properties": {"id": "dt_wsqqjxnrn", "status": "auto", "conf": 0.8899, "n_detections": 1, "heading_deg": 152.8, "length_m": 4.42, "width_m": 2.76, "corner": "NW", "intersection_id": "TPS_00359", "intersection_dist_m": 15.4, "osm_node_id": null, "serves_from_bearing": 332.8, "serves_to_bearing": 242.8, "serves_quality": "good", "imagery_source": "taipei_udd_ortho_2025", "model_version": "yolo26s-obb_ep144", "src_image": "TPS_00359", "src_px": "461.8,401.5;431.9,343.0;395.5,361.5;425.3,420.1", "lat": 25.0006069, "lon": 121.5396322}, "geometry": {"type": "Point", "coordinates": [121.5396322, 25.0006069]}}, {"type": "Feature", "id": "dt_wsqqmzugz", "properties": {"id": "dt_wsqqmzugz", "status": "auto", "conf": 0.8895, "n_detections": 2, "heading_deg": 5.7, "length_m": 7.96, "width_m": 3.73, "corner": "SE", "intersection_id": "TPS_02539", "intersection_dist_m": 22.7, "osm_node_id": null, "serves_from_bearing": 95.7, "serves_to_bearing": 5.7, "serves_quality": "good", "imagery_source": "taipei_udd_ortho_2025", "model_version": "yolo26s-obb_ep144", "src_image": "TPS_02539", "src_px": "756.7,806.6;768.4,688.7;713.5,683.3;701.8,801.1", "lat": 25.048139, "lon": 121.5485924}, "geometry": {"type": "Point", "coordinates": [121.5485924, 25.048139]}}, {"type": "Feature", "id": "dt_wsqqkus9w", "properties": {"id": "dt_wsqqkus9w", "status": "auto", "conf": 0.8891, "n_detections": 1, "heading_deg": 58.3, "length_m": 5.28, "width_m": 2.22, "corner": "SE", "intersection_id": "TPS_00926", "intersection_dist_m": 19.8, "osm_node_id": null, "serves_from_bearing": 148.3, "serves_to_bearing": 58.3, "serves_quality": "ambiguous", "imagery_source": "taipei_udd_ortho_2025", "model_version": "yolo26s-obb_ep144", "src_image": "TPS_00926", "src_px": "693.9,817.8;676.5,789.7;610.1,831.0;627.5,859.0", "lat": 25.0298939, "lon": 121.5042481}, "geometry": {"type": "Point", "coordinates": [121.5042481, 25.0298939]}}, {"type": "Feature", "id": "dt_wsqqqm9jp", "properties": {"id": "dt_wsqqqm9jp", "status": "auto", "conf": 0.8885, "n_detections": 1, "heading_deg": 86.0, "length_m": 4.18, "width_m": 2.48, "corner": "NW", "intersection_id": "TPS_02434", "intersection_dist_m": 10.3, "osm_node_id": null, "serves_from_bearing": 266.0, "serves_to_bearing": 176.0, "serves_quality": "ambiguous", "imagery_source": "taipei_udd_ortho_2025", "model_version": "yolo26s-obb_ep144", "src_image": "TPS_02434", "src_px": "514.3,317.4;511.8,280.5;450.1,284.8;452.7,321.6", "lat": 25.0359667, "lon": 121.5654174}, "geometry": {"type": "Point", "coordinates": [121.5654174, 25.0359667]}}, {"type": "Feature", "id": "dt_wsqqwepvv", "properties": {"id": "dt_wsqqwepvv", "status": "auto", "conf": 0.8881, "n_detections": 1, "heading_deg": 10.0, "length_m": 6.4, "width_m": 3.12, "corner": "NW", "intersection_id": "TPS_00819", "intersection_dist_m": 16.4, "osm_node_id": null, "serves_from_bearing": 190.0, "serves_to_bearing": 100.0, "serves_quality": "ambiguous", "imagery_source": "taipei_udd_ortho_2025", "model_version": "yolo26s-obb_ep144", "src_image": "TPS_00819", "src_px": "354.2,579.9;370.7,486.1;325.2,478.1;308.7,571.8", "lat": 25.0663089, "lon": 121.5855778}, "geometry": {"type": "Point", "coordinates": [121.5855778, 25.0663089]}}, {"type": "Feature", "id": "dt_wsqqtq6ws", "properties": {"id": "dt_wsqqtq6ws", "status": "auto", "conf": 0.8879, "n_detections": 1, "heading_deg": 83.3, "length_m": 8.27, "width_m": 2.84, "corner": "NW", "intersection_id": "TPS_00151", "intersection_dist_m": 22.3, "osm_node_id": null, "serves_from_bearing": 263.3, "serves_to_bearing": 173.3, "serves_quality": "good", "imagery_source": "taipei_udd_ortho_2025", "model_version": "yolo26s-obb_ep144", "src_image": "TPS_00151", "src_px": "380.1,120.2;375.1,78.2;253.6,92.5;258.6,134.5", "lat": 25.0842905, "lon": 121.5234211}, "geometry": {"type": "Point", "coordinates": [121.5234211, 25.0842905]}}, {"type": "Feature", "id": "dt_wsqqkzzpr", "properties": {"id": "dt_wsqqkzzpr", "status": "auto", "conf": 0.8875, "n_detections": 1, "heading_deg": 14.5, "length_m": 7.57, "width_m": 3.17, "corner": "NE", "intersection_id": "TPS_00774", "intersection_dist_m": 16.4, "osm_node_id": null, "serves_from_bearing": 14.5, "serves_to_bearing": 284.5, "serves_quality": "good", "imagery_source": "taipei_udd_ortho_2025", "model_version": "yolo26s-obb_ep144", "src_image": "TPS_00774", "src_px": "768.5,340.2;796.5,231.1;751.0,219.5;723.1,328.6", "lat": 25.0487326, "lon": 121.5077536}, "geometry": {"type": "Point", "coordinates": [121.5077536, 25.0487326]}}, {"type": "Feature", "id": "dt_wsqqqrctd", "properties": {"id": "dt_wsqqqrctd", "status": "auto", "conf": 0.8861, "n_detections": 4, "heading_deg": 160.2, "length_m": 7.11, "width_m": 2.44, "corner": "NE", "intersection_id": "TPS_02460", "intersection_dist_m": 37.4, "osm_node_id": null, "serves_from_bearing": 340.2, "serves_to_bearing": 250.2, "serves_quality": "good", "imagery_source": "taipei_udd_ortho_2025", "model_version": "yolo26s-obb_ep144", "src_image": "TPS_02461", "src_px": "422.0,101.9;386.3,2.3;352.3,14.4;388.0,114.1", "lat": 25.0484007, "lon": 121.5658686}, "geometry": {"type": "Point", "coordinates": [121.5658686, 25.0484007]}}, {"type": "Feature", "id": "dt_wsqqkg321", "properties": {"id": "dt_wsqqkg321", "status": "auto", "conf": 0.8858, "n_detections": 1, "heading_deg": 29.3, "length_m": 4.68, "width_m": 2.18, "corner": "NE", "intersection_id": "TPS_00794", "intersection_dist_m": 24.8, "osm_node_id": null, "serves_from_bearing": 29.3, "serves_to_bearing": 299.3, "serves_quality": "good", "imagery_source": "taipei_udd_ortho_2025", "model_version": "yolo26s-obb_ep144", "src_image": "TPS_00794", "src_px": "859.8,299.7;893.6,239.0;865.4,223.3;831.6,284.0", "lat": 25.0227698, "lon": 121.4995828}, "geometry": {"type": "Point", "coordinates": [121.4995828, 25.0227698]}}, {"type": "Feature", "id": "dt_wsqqkwp6y", "properties": {"id": "dt_wsqqkwp6y", "status": "auto", "conf": 0.8858, "n_detections": 1, "heading_deg": 130.5, "length_m": 5.47, "width_m": 2.67, "corner": "SW", "intersection_id": "TPS_00796", "intersection_dist_m": 21.2, "osm_node_id": null, "serves_from_bearing": 130.5, "serves_to_bearing": 40.5, "serves_quality": "good", "imagery_source": "taipei_udd_ortho_2025", "model_version": "yolo26s-obb_ep144", "src_image": "TPS_00796", "src_px": "464.5,761.3;403.0,708.5;377.2,738.6;438.7,791.4", "lat": 25.038338, "lon": 121.497055}, "geometry": {"type": "Point", "coordinates": [121.497055, 25.038338]}}, {"type": "Feature", "id": "dt_wsqqksvv6", "properties": {"id": "dt_wsqqksvv6", "status": "auto", "conf": 0.8856, "n_detections": 1, "heading_deg": 140.4, "length_m": 7.53, "width_m": 2.57, "corner": "NE", "intersection_id": "TPS_00965", "intersection_dist_m": 15.5, "osm_node_id": null, "serves_from_bearing": 320.4, "serves_to_bearing": 230.4, "serves_quality": "good", "imagery_source": "taipei_udd_ortho_2025", "model_version": "yolo26s-obb_ep144", "src_image": "TPS_00965", "src_px": "712.4,374.7;641.4,288.4;612.0,312.6;683.1,398.9", "lat": 25.0318969, "lon": 121.4948136}, "geometry": {"type": "Point", "coordinates": [121.4948136, 25.0318969]}}, {"type": "Feature", "id": "dt_wsqqxn7x4", "properties": {"id": "dt_wsqqxn7x4", "status": "auto", "conf": 0.8854, "n_detections": 1, "heading_deg": 118.7, "length_m": 6.2, "width_m": 2.0, "corner": "NE", "intersection_id": "TPS_00838", "intersection_dist_m": 19.0, "osm_node_id": null, "serves_from_bearing": 28.7, "serves_to_bearing": 298.7, "serves_quality": "good", "imagery_source": "taipei_udd_ortho_2025", "model_version": "yolo26s-obb_ep144", "src_image": "TPS_00838", "src_px": "932.6,535.0;946.9,509.0;866.4,464.7;852.1,490.7", "lat": 25.0843625, "lon": 121.6015744}, "geometry": {"type": "Point", "coordinates": [121.6015744, 25.0843625]}}, {"type": "Feature", "id": "dt_wsqqqq5re", "properties": {"id": "dt_wsqqqq5re", "status": "auto", "conf": 0.8852, "n_detections": 1, "heading_deg": 88.8, "length_m": 8.4, "width_m": 2.47, "corner": "NW", "intersection_id": "TPS_00636", "intersection_dist_m": 13.7, "osm_node_id": null, "serves_from_bearing": 268.8, "serves_to_bearing": 178.8, "serves_quality": "good", "imagery_source": "taipei_udd_ortho_2025", "model_version": "yolo26s-obb_ep144", "src_image": "TPS_00636", "src_px": "562.5,427.8;561.7,391.1;437.5,393.8;438.3,430.6", "lat": 25.0391662, "lon": 121.5683475}, "geometry": {"type": "Point", "coordinates": [121.5683475, 25.0391662]}}, {"type": "Feature", "id": "dt_wsqqmpvw9", "properties": {"id": "dt_wsqqmpvw9", "status": "auto", "conf": 0.8851, "n_detections": 1, "heading_deg": 98.1, "length_m": 5.55, "width_m": 3.65, "corner": "SW", "intersection_id": "TPS_00157", "intersection_dist_m": 18.8, "osm_node_id": null, "serves_from_bearing": 188.1, "serves_to_bearing": 98.1, "serves_quality": "ambiguous", "imagery_source": "taipei_udd_ortho_2025", "model_version": "yolo26s-obb_ep144", "src_image": "TPS_00157", "src_px": "372.1,778.5;379.8,724.7;298.6,713.1;291.0,766.9", "lat": 25.0486051, "lon": 121.5163954}, "geometry": {"type": "Point", "coordinates": [121.5163954, 25.0486051]}}, {"type": "Feature", "id": "dt_wsqqn5yyz", "properties": {"id": "dt_wsqqn5yyz", "status": "auto", "conf": 0.8848, "n_detections": 1, "heading_deg": 160.6, "length_m": 2.91, "width_m": 1.35, "corner": "NW", "intersection_id": "TPS_00212", "intersection_dist_m": 6.8, "osm_node_id": null, "serves_from_bearing": 250.6, "serves_to_bearing": 160.6, "serves_quality": "ambiguous", "imagery_source": "taipei_udd_ortho_2025", "model_version": "yolo26s-obb_ep144", "src_image": "TPS_00212", "src_px": "512.5,422.0;498.2,381.2;479.4,387.8;493.6,428.6", "lat": 24.9827, "lon": 121.5623366}, "geometry": {"type": "Point", "coordinates": [121.5623366, 24.9827]}}, {"type": "Feature", "id": "dt_wsqqqrhc3", "properties": {"id": "dt_wsqqqrhc3", "status": "auto", "conf": 0.8847, "n_detections": 1, "heading_deg": 176.8, "length_m": 1.96, "width_m": 1.36, "corner": "NE", "intersection_id": "TPS_01543", "intersection_dist_m": 6.2, "osm_node_id": null, "serves_from_bearing": 356.8, "serves_to_bearing": 266.8, "serves_quality": "good", "imagery_source": "taipei_udd_ortho_2025", "model_version": "yolo26s-obb_ep144", "src_image": "TPS_01543", "src_px": "590.0,375.8;588.4,346.7;568.3,347.8;569.9,376.9", "lat": 25.0435507, "lon": 121.5702889}, "geometry": {"type": "Point", "coordinates": [121.5702889, 25.0435507]}}, {"type": "Feature", "id": "dt_wsqqx52ts", "properties": {"id": "dt_wsqqx52ts", "status": "auto", "conf": 0.8844, "n_detections": 1, "heading_deg": 115.3, "length_m": 4.29, "width_m": 2.46, "corner": "NE", "intersection_id": "TPS_01005", "intersection_dist_m": 14.1, "osm_node_id": null, "serves_from_bearing": 295.3, "serves_to_bearing": 205.3, "serves_quality": "ambiguous", "imagery_source": "taipei_udd_ortho_2025", "model_version": "yolo26s-obb_ep144", "src_image": "TPS_01005", "src_px": "587.2,386.0;602.9,352.9;545.5,325.6;529.7,358.7", "lat": 25.067658, "lon": 121.5975744}, "geometry": {"type": "Point", "coordinates": [121.5975744, 25.067658]}}, {"type": "Feature", "id": "dt_wsqqkvyqx", "properties": {"id": "dt_wsqqkvyqx", "status": "auto", "conf": 0.8844, "n_detections": 1, "heading_deg": 7.9, "length_m": 4.79, "width_m": 2.59, "corner": "NE", "intersection_id": "TPS_01075", "intersection_dist_m": 35.8, "osm_node_id": null, "serves_from_bearing": 7.9, "serves_to_bearing": 277.9, "serves_quality": "good", "imagery_source": "taipei_udd_ortho_2025", "model_version": "yolo26s-obb_ep144", "src_image": "TPS_01075", "src_px": "1025.0,471.8;1034.7,401.2;996.7,395.9;987.0,466.6", "lat": 25.0375969, "lon": 121.5067203}, "geometry": {"type": "Point", "coordinates": [121.5067203, 25.0375969]}}, {"type": "Feature", "id": "dt_wsqqmr9st", "properties": {"id": "dt_wsqqmr9st", "status": "auto", "conf": 0.8843, "n_detections": 1, "heading_deg": 103.7, "length_m": 5.24, "width_m": 2.82, "corner": "NW", "intersection_id": "TPS_01858", "intersection_dist_m": 10.9, "osm_node_id": null, "serves_from_bearing": 283.7, "serves_to_bearing": 193.7, "serves_quality": "good", "imagery_source": "taipei_udd_ortho_2025", "model_version": "yolo26s-obb_ep144", "src_image": "TPS_01858", "src_px": "645.1,305.4;655.1,264.7;579.8,246.2;569.8,286.8", "lat": 25.0468689, "lon": 121.5220744}, "geometry": {"type": "Point", "coordinates": [121.5220744, 25.0468689]}}, {"type": "Feature", "id": "dt_wsqqmg978", "properties": {"id": "dt_wsqqmg978", "status": "auto", "conf": 0.8842, "n_detections": 1, "heading_deg": 88.6, "length_m": 7.1, "width_m": 4.35, "corner": "SE", "intersection_id": "TPS_00131", "intersection_dist_m": 16.3, "osm_node_id": null, "serves_from_bearing": 88.6, "serves_to_bearing": 358.6, "serves_quality": "good", "imagery_source": "taipei_udd_ortho_2025", "model_version": "yolo26s-obb_ep144", "src_image": "TPS_00131", "src_px": "593.4,877.3;591.8,812.5;486.8,815.0;488.3,879.8", "lat": 25.0247478, "lon": 121.5434835}, "geometry": {"type": "Point", "coordinates": [121.5434835, 25.0247478]}}, {"type": "Feature", "id": "dt_wsqqwyhf2", "properties": {"id": "dt_wsqqwyhf2", "status": "auto", "conf": 0.8838, "n_detections": 1, "heading_deg": 52.4, "length_m": 4.61, "width_m": 2.21, "corner": "NW", "intersection_id": "TPS_01025", "intersection_dist_m": 16.4, "osm_node_id": null, "serves_from_bearing": 322.4, "serves_to_bearing": 232.4, "serves_quality": "ambiguous", "imagery_source": "taipei_udd_ortho_2025", "model_version": "yolo26s-obb_ep144", "src_image": "TPS_01025", "src_px": "351.6,236.0;331.5,210.1;277.5,252.0;297.6,277.9", "lat": 25.0821858, "lon": 121.5922558}, "geometry": {"type": "Point", "coordinates": [121.5922558, 25.0821858]}}, {"type": "Feature", "id": "dt_wsqqqm14x", "properties": {"id": "dt_wsqqqm14x", "status": "auto", "conf": 0.8837, "n_detections": 1, "heading_deg": 87.9, "length_m": 4.3, "width_m": 2.61, "corner": "SE", "intersection_id": "TPS_00603", "intersection_dist_m": 12.8, "osm_node_id": null, "serves_from_bearing": 87.9, "serves_to_bearing": 357.9, "serves_quality": "ambiguous", "imagery_source": "taipei_udd_ortho_2025", "model_version": "yolo26s-obb_ep144", "src_image": "TPS_00603", "src_px": "523.7,689.5;522.3,650.7;458.7,653.0;460.1,691.8", "lat": 25.0327866, "lon": 121.5654234}, "geometry": {"type": "Point", "coordinates": [121.5654234, 25.0327866]}}, {"type": "Feature", "id": "dt_wsqqw69sd", "properties": {"id": "dt_wsqqw69sd", "status": "auto", "conf": 0.8836, "n_detections": 1, "heading_deg": 78.9, "length_m": 7.15, "width_m": 3.39, "corner": "NW", "intersection_id": "TPS_02491", "intersection_dist_m": 45.2, "osm_node_id": null, "serves_from_bearing": 258.9, "serves_to_bearing": 168.9, "serves_quality": "good", "imagery_source": "taipei_udd_ortho_2025", "model_version": "yolo26s-obb_ep144", "src_image": "TPS_02491", "src_px": "203.3,35.6;193.5,-13.9;89.7,6.6;99.5,56.1", "lat": 25.0633519, "lon": 121.5658789}, "geometry": {"type": "Point", "coordinates": [121.5658789, 25.0633519]}}, {"type": "Feature", "id": "dt_wsqqw8nt1", "properties": {"id": "dt_wsqqw8nt1", "status": "auto", "conf": 0.883, "n_detections": 1, "heading_deg": 79.0, "length_m": 4.84, "width_m": 2.84, "corner": "NW", "intersection_id": "TPS_00986", "intersection_dist_m": 13.0, "osm_node_id": null, "serves_from_bearing": 259.0, "serves_to_bearing": 169.0, "serves_quality": "good", "imagery_source": "taipei_udd_ortho_2025", "model_version": "yolo26s-obb_ep144", "src_image": "TPS_00986", "src_px": "392.7,497.8;384.6,456.3;314.4,470.0;322.5,511.5", "lat": 25.0496972, "lon": 121.5836988}, "geometry": {"type": "Point", "coordinates": [121.5836988, 25.0496972]}}, {"type": "Feature", "id": "dt_wsqqt3sje", "properties": {"id": "dt_wsqqt3sje", "status": "auto", "conf": 0.8822, "n_detections": 1, "heading_deg": 3.4, "length_m": 8.61, "width_m": 2.81, "corner": "SW", "intersection_id": "TPS_01574", "intersection_dist_m": 8.6, "osm_node_id": null, "serves_from_bearing": 183.4, "serves_to_bearing": 93.4, "serves_quality": "good", "imagery_source": "taipei_udd_ortho_2025", "model_version": "yolo26s-obb_ep144", "src_image": "TPS_01574", "src_px": "526.1,671.0;533.6,543.1;492.1,540.7;484.6,668.6", "lat": 25.0580207, "lon": 121.5254383}, "geometry": {"type": "Point", "coordinates": [121.5254383, 25.0580207]}}, {"type": "Feature", "id": "dt_wsqqtf3us", "properties": {"id": "dt_wsqqtf3us", "status": "auto", "conf": 0.8822, "n_detections": 1, "heading_deg": 87.0, "length_m": 6.39, "width_m": 2.54, "corner": "NE", "intersection_id": "TPS_02439", "intersection_dist_m": 14.1, "osm_node_id": null, "serves_from_bearing": 357.0, "serves_to_bearing": 267.0, "serves_quality": "good", "imagery_source": "taipei_udd_ortho_2025", "model_version": "yolo26s-obb_ep144", "src_image": "TPS_02439", "src_px": "575.1,263.3;573.1,225.5;478.7,230.5;480.7,268.3", "lat": 25.0619708, "lon": 121.544333}, "geometry": {"type": "Point", "coordinates": [121.544333, 25.0619708]}}, {"type": "Feature", "id": "dt_wsqqkv91f", "properties": {"id": "dt_wsqqkv91f", "status": "auto", "conf": 0.8819, "n_detections": 2, "heading_deg": 88.1, "length_m": 5.2, "width_m": 2.88, "corner": "SW", "intersection_id": "TPS_01695", "intersection_dist_m": 12.4, "osm_node_id": null, "serves_from_bearing": 178.1, "serves_to_bearing": 88.1, "serves_quality": "good", "imagery_source": "taipei_udd_ortho_2025", "model_version": "yolo26s-obb_ep144", "src_image": "TPS_01695", "src_px": "456.5,721.9;455.0,679.0;378.2,681.6;379.6,724.5", "lat": 25.0354122, "lon": 121.4992842}, "geometry": {"type": "Point", "coordinates": [121.4992842, 25.0354122]}}, {"type": "Feature", "id": "dt_wsqqt21jy", "properties": {"id": "dt_wsqqt21jy", "status": "auto", "conf": 0.8817, "n_detections": 1, "heading_deg": 13.2, "length_m": 4.85, "width_m": 2.31, "corner": "NW", "intersection_id": "TPS_00331", "intersection_dist_m": 21.7, "osm_node_id": null, "serves_from_bearing": 193.2, "serves_to_bearing": 103.2, "serves_quality": "good", "imagery_source": "taipei_udd_ortho_2025", "model_version": "yolo26s-obb_ep144", "src_image": "TPS_00331", "src_px": "137.7,528.7;154.1,458.4;120.8,450.7;104.4,520.9", "lat": 25.0498493, "lon": 121.521407}, "geometry": {"type": "Point", "coordinates": [121.521407, 25.0498493]}}, {"type": "Feature", "id": "dt_wsqqkttdc", "properties": {"id": "dt_wsqqkttdc", "status": "auto", "conf": 0.8816, "n_detections": 1, "heading_deg": 118.0, "length_m": 6.56, "width_m": 3.28, "corner": "NE", "intersection_id": "TPS_00159", "intersection_dist_m": 18.8, "osm_node_id": null, "serves_from_bearing": 298.0, "serves_to_bearing": 208.0, "serves_quality": "ambiguous", "imagery_source": "taipei_udd_ortho_2025", "model_version": "yolo26s-obb_ep144", "src_image": "TPS_00159", "src_px": "664.8,233.5;687.8,190.5;602.2,144.7;579.2,187.7", "lat": 25.0355681, "lon": 121.494451}, "geometry": {"type": "Point", "coordinates": [121.494451, 25.0355681]}}, {"type": "Feature", "id": "dt_wsqqx0z4s", "properties": {"id": "dt_wsqqx0z4s", "status": "auto", "conf": 0.881, "n_detections": 1, "heading_deg": 78.8, "length_m": 2.52, "width_m": 2.47, "corner": "NE", "intersection_id": "TPS_00983", "intersection_dist_m": 25.4, "osm_node_id": null, "serves_from_bearing": 348.8, "serves_to_bearing": 258.8, "serves_quality": "good", "imagery_source": "taipei_udd_ortho_2025", "model_version": "yolo26s-obb_ep144", "src_image": "TPS_00983", "src_px": "587.0,41.6;579.9,5.6;543.3,12.9;550.5,48.9", "lat": 25.0533959, "lon": 121.6065}, "geometry": {"type": "Point", "coordinates": [121.6065, 25.0533959]}}, {"type": "Feature", "id": "dt_wsqqqnesz", "properties": {"id": "dt_wsqqqnesz", "status": "auto", "conf": 0.8807, "n_detections": 1, "heading_deg": 2.2, "length_m": 5.96, "width_m": 5.01, "corner": "NE", "intersection_id": "TPS_00071", "intersection_dist_m": 24.1, "osm_node_id": null, "serves_from_bearing": 2.2, "serves_to_bearing": 272.2, "serves_quality": "good", "imagery_source": "taipei_udd_ortho_2025", "model_version": "yolo26s-obb_ep144", "src_image": "TPS_00071", "src_px": "783.7,295.4;787.1,206.7;713.1,203.9;709.7,292.5", "lat": 25.0414415, "lon": 121.5578711}, "geometry": {"type": "Point", "coordinates": [121.5578711, 25.0414415]}}, {"type": "Feature", "id": "dt_wsqqxnm81", "properties": {"id": "dt_wsqqxnm81", "status": "auto", "conf": 0.8807, "n_detections": 1, "heading_deg": 94.5, "length_m": 3.24, "width_m": 2.2, "corner": "NW", "intersection_id": "TPS_01130", "intersection_dist_m": 15.1, "osm_node_id": null, "serves_from_bearing": 274.5, "serves_to_bearing": 184.5, "serves_quality": "good", "imagery_source": "taipei_udd_ortho_2025", "model_version": "yolo26s-obb_ep144", "src_image": "TPS_01130", "src_px": "600.9,434.5;603.4,401.9;555.7,398.1;553.1,430.8", "lat": 25.0831695, "lon": 121.6042772}, "geometry": {"type": "Point", "coordinates": [121.6042772, 25.0831695]}}, {"type": "Feature", "id": "dt_wsqqmw1dg", "properties": {"id": "dt_wsqqmw1dg", "status": "auto", "conf": 0.8806, "n_detections": 1, "heading_deg": 3.4, "length_m": 9.46, "width_m": 3.24, "corner": "NE", "intersection_id": "TPS_00014", "intersection_dist_m": 26.8, "osm_node_id": null, "serves_from_bearing": 3.4, "serves_to_bearing": 273.4, "serves_quality": "good", "imagery_source": "taipei_udd_ortho_2025", "model_version": "yolo26s-obb_ep144", "src_image": "TPS_00014", "src_px": "755.0,290.0;763.2,149.4;715.3,146.6;707.1,287.2", "lat": 25.03835, "lon": 121.5329713}, "geometry": {"type": "Point", "coordinates": [121.5329713, 25.03835]}}, {"type": "Feature", "id": "dt_wsqqmzuhg", "properties": {"id": "dt_wsqqmzuhg", "status": "auto", "conf": 0.8803, "n_detections": 1, "heading_deg": 87.2, "length_m": 3.66, "width_m": 2.08, "corner": "NE", "intersection_id": "TPS_00099", "intersection_dist_m": 22.9, "osm_node_id": null, "serves_from_bearing": 357.2, "serves_to_bearing": 267.2, "serves_quality": "good", "imagery_source": "taipei_udd_ortho_2025", "model_version": "yolo26s-obb_ep144", "src_image": "TPS_00099", "src_px": "779.2,515.9;777.7,484.9;723.7,487.6;725.2,518.5", "lat": 25.0482868, "lon": 121.5474018}, "geometry": {"type": "Point", "coordinates": [121.5474018, 25.0482868]}}, {"type": "Feature", "id": "dt_wsqqmx6fm", "properties": {"id": "dt_wsqqmx6fm", "status": "auto", "conf": 0.8785, "n_detections": 2, "heading_deg": 109.0, "length_m": 7.58, "width_m": 2.66, "corner": "NE", "intersection_id": "TPS_00328", "intersection_dist_m": 21.3, "osm_node_id": null, "serves_from_bearing": 19.0, "serves_to_bearing": 289.0, "serves_quality": "good", "imagery_source": "taipei_udd_ortho_2025", "model_version": "yolo26s-obb_ep144", "src_image": "TPS_00328", "src_px": "683.2,409.9;696.2,372.5;590.2,335.7;577.2,373.1", "lat": 25.0450992, "lon": 121.5347935}, "geometry": {"type": "Point", "coordinates": [121.5347935, 25.0450992]}}, {"type": "Feature", "id": "dt_wsqqmwj2e", "properties": {"id": "dt_wsqqmwj2e", "status": "auto", "conf": 0.8777, "n_detections": 1, "heading_deg": 179.5, "length_m": 6.78, "width_m": 2.64, "corner": "SW", "intersection_id": "TPS_00072", "intersection_dist_m": 12.5, "osm_node_id": null, "serves_from_bearing": 179.5, "serves_to_bearing": 89.5, "serves_quality": "good", "imagery_source": "taipei_udd_ortho_2025", "model_version": "yolo26s-obb_ep144", "src_image": "TPS_00072", "src_px": "528.2,695.4;527.4,594.5;488.3,594.8;489.0,695.7", "lat": 25.0379351, "lon": 121.5381406}, "geometry": {"type": "Point", "coordinates": [121.5381406, 25.0379351]}}, {"type": "Feature", "id": "dt_wsqqmxuju", "properties": {"id": "dt_wsqqmxuju", "status": "auto", "conf": 0.8775, "n_detections": 1, "heading_deg": 90.7, "length_m": 9.71, "width_m": 2.79, "corner": "NW", "intersection_id": "TPS_00306", "intersection_dist_m": 12.7, "osm_node_id": null, "serves_from_bearing": 270.7, "serves_to_bearing": 180.7, "serves_quality": "good", "imagery_source": "taipei_udd_ortho_2025", "model_version": "yolo26s-obb_ep144", "src_image": "TPS_00306", "src_px": "360.6,455.0;361.1,413.5;217.5,411.8;217.0,453.3", "lat": 25.0484838, "lon": 121.5364487}, "geometry": {"type": "Point", "coordinates": [121.5364487, 25.0484838]}}, {"type": "Feature", "id": "dt_wsqqwm2q8", "properties": {"id": "dt_wsqqwm2q8", "status": "auto", "conf": 0.8774, "n_detections": 1, "heading_deg": 38.1, "length_m": 6.78, "width_m": 3.67, "corner": "SW", "intersection_id": "TPS_00968", "intersection_dist_m": 22.3, "osm_node_id": null, "serves_from_bearing": 218.1, "serves_to_bearing": 128.1, "serves_quality": "good", "imagery_source": "taipei_udd_ortho_2025", "model_version": "yolo26s-obb_ep144", "src_image": "TPS_00968", "src_px": "255.5,747.4;317.4,667.9;274.4,634.5;212.5,713.9", "lat": 25.0788049, "lon": 121.56407}, "geometry": {"type": "Point", "coordinates": [121.56407, 25.0788049]}}, {"type": "Feature", "id": "dt_wsqqmzm1b", "properties": {"id": "dt_wsqqmzm1b", "status": "auto", "conf": 0.8773, "n_detections": 2, "heading_deg": 91.7, "length_m": 4.63, "width_m": 2.48, "corner": "SW", "intersection_id": "TPS_01237", "intersection_dist_m": 18.9, "osm_node_id": null, "serves_from_bearing": 181.7, "serves_to_bearing": 91.7, "serves_quality": "good", "imagery_source": "taipei_udd_ortho_2025", "model_version": "yolo26s-obb_ep144", "src_image": "TPS_02550", "src_px": "828.6,244.9;829.7,208.0;761.3,206.0;760.2,242.9", "lat": 25.0450332, "lon": 121.5486326}, "geometry": {"type": "Point", "coordinates": [121.5486326, 25.0450332]}}, {"type": "Feature", "id": "dt_wsqqktt33", "properties": {"id": "dt_wsqqktt33", "status": "auto", "conf": 0.8772, "n_detections": 1, "heading_deg": 5.1, "length_m": 6.89, "width_m": 4.94, "corner": "SW", "intersection_id": "TPS_00159", "intersection_dist_m": 28.9, "osm_node_id": null, "serves_from_bearing": 185.1, "serves_to_bearing": 95.1, "serves_quality": "good", "imagery_source": "taipei_udd_ortho_2025", "model_version": "yolo26s-obb_ep144", "src_image": "TPS_00159", "src_px": "145.1,654.1;154.2,552.0;81.4,545.4;72.2,647.6", "lat": 25.0353186, "lon": 121.4941021}, "geometry": {"type": "Point", "coordinates": [121.4941021, 25.0353186]}}, {"type": "Feature", "id": "dt_wsqqqwy68", "properties": {"id": "dt_wsqqqwy68", "status": "auto", "conf": 0.877, "n_detections": 1, "heading_deg": 68.1, "length_m": 7.23, "width_m": 2.94, "corner": "SW", "intersection_id": "TPS_01621", "intersection_dist_m": 44.8, "osm_node_id": null, "serves_from_bearing": 158.1, "serves_to_bearing": 68.1, "serves_quality": "good", "imagery_source": "taipei_udd_ortho_2025", "model_version": "yolo26s-obb_ep144", "src_image": "TPS_01621", "src_px": "114.7,949.3;98.3,908.8;-0.9,948.9;15.4,989.4", "lat": 25.0424163, "lon": 121.5833282}, "geometry": {"type": "Point", "coordinates": [121.5833282, 25.0424163]}}, {"type": "Feature", "id": "dt_wsqqwt009", "properties": {"id": "dt_wsqqwt009", "status": "auto", "conf": 0.8769, "n_detections": 1, "heading_deg": 35.8, "length_m": 6.76, "width_m": 2.21, "corner": "NW", "intersection_id": "TPS_00995", "intersection_dist_m": 14.0, "osm_node_id": null, "serves_from_bearing": 215.8, "serves_to_bearing": 125.8, "serves_quality": "good", "imagery_source": "taipei_udd_ortho_2025", "model_version": "yolo26s-obb_ep144", "src_image": "TPS_00995", "src_px": "364.2,589.7;422.7,508.0;396.0,488.9;337.5,570.6", "lat": 25.0764093, "lon": 121.5747902}, "geometry": {"type": "Point", "coordinates": [121.5747902, 25.0764093]}}, {"type": "Feature", "id": "dt_wsqqv1zvz", "properties": {"id": "dt_wsqqv1zvz", "status": "auto", "conf": 0.876, "n_detections": 1, "heading_deg": 152.5, "length_m": 5.71, "width_m": 2.63, "corner": "NE", "intersection_id": "TPS_00561", "intersection_dist_m": 17.7, "osm_node_id": null, "serves_from_bearing": 332.5, "serves_to_bearing": 242.5, "serves_quality": "good", "imagery_source": "taipei_udd_ortho_2025", "model_version": "yolo26s-obb_ep144", "src_image": "TPS_00561", "src_px": "759.4,416.9;720.4,341.5;685.8,359.4;724.8,434.8", "lat": 25.1033963, "lon": 121.5197449}, "geometry": {"type": "Point", "coordinates": [121.5197449, 25.1033963]}}, {"type": "Feature", "id": "dt_wsqqtfq6z", "properties": {"id": "dt_wsqqtfq6z", "status": "auto", "conf": 0.8758, "n_detections": 2, "heading_deg": 107.0, "length_m": 6.24, "width_m": 2.39, "corner": "SW", "intersection_id": "TPS_01172", "intersection_dist_m": 13.4, "osm_node_id": null, "serves_from_bearing": 197.0, "serves_to_bearing": 107.0, "serves_quality": "good", "imagery_source": "taipei_udd_ortho_2025", "model_version": "yolo26s-obb_ep144", "src_image": "TPS_01172", "src_px": "502.2,756.4;512.7,722.5;424.5,695.3;414.1,729.3", "lat": 25.0616798, "lon": 121.5506418}, "geometry": {"type": "Point", "coordinates": [121.5506418, 25.0616798]}}, {"type": "Feature", "id": "dt_wsqqx3we0", "properties": {"id": "dt_wsqqx3we0", "status": "auto", "conf": 0.8756, "n_detections": 1, "heading_deg": 179.7, "length_m": 3.75, "width_m": 3.52, "corner": "NW", "intersection_id": "TPS_00842", "intersection_dist_m": 18.5, "osm_node_id": null, "serves_from_bearing": 269.7, "serves_to_bearing": 179.7, "serves_quality": "good", "imagery_source": "taipei_udd_ortho_2025", "model_version": "yolo26s-obb_ep144", "src_image": "TPS_00842", "src_px": "323.3,535.4;323.0,479.5;270.9,479.8;271.3,535.7", "lat": 25.0576139, "lon": 121.61662}, "geometry": {"type": "Point", "coordinates": [121.61662, 25.0576139]}}, {"type": "Feature", "id": "dt_wsqqmyp0g", "properties": {"id": "dt_wsqqmyp0g", "status": "auto", "conf": 0.8755, "n_detections": 1, "heading_deg": 179.4, "length_m": 5.58, "width_m": 3.38, "corner": "NE", "intersection_id": "TPS_00013", "intersection_dist_m": 28.6, "osm_node_id": null, "serves_from_bearing": 359.4, "serves_to_bearing": 269.4, "serves_quality": "good", "imagery_source": "taipei_udd_ortho_2025", "model_version": "yolo26s-obb_ep144", "src_image": "TPS_00013", "src_px": "729.7,303.3;728.8,220.3;678.8,220.9;679.8,303.9", "lat": 25.0380123, "lon": 121.55149}, "geometry": {"type": "Point", "coordinates": [121.55149, 25.0380123]}}, {"type": "Feature", "id": "dt_wsqqxn6zc", "properties": {"id": "dt_wsqqxn6zc", "status": "auto", "conf": 0.8754, "n_detections": 1, "heading_deg": 96.4, "length_m": 3.29, "width_m": 2.59, "corner": "SW", "intersection_id": "TPS_01278", "intersection_dist_m": 5.0, "osm_node_id": null, "serves_from_bearing": 186.4, "serves_to_bearing": 96.4, "serves_quality": "ambiguous", "imagery_source": "taipei_udd_ortho_2025", "model_version": "yolo26s-obb_ep144", "src_image": "TPS_01278", "src_px": "600.6,547.7;605.0,509.4;556.6,503.9;552.3,542.2", "lat": 25.0845022, "lon": 121.6005009}, "geometry": {"type": "Point", "coordinates": [121.6005009, 25.0845022]}}, {"type": "Feature", "id": "dt_wsqqmvpsw", "properties": {"id": "dt_wsqqmvpsw", "status": "auto", "conf": 0.8753, "n_detections": 1, "heading_deg": 179.3, "length_m": 6.27, "width_m": 3.78, "corner": "SW", "intersection_id": "TPS_00038", "intersection_dist_m": 15.9, "osm_node_id": null, "serves_from_bearing": 179.3, "serves_to_bearing": 89.3, "serves_quality": "good", "imagery_source": "taipei_udd_ortho_2025", "model_version": "yolo26s-obb_ep144", "src_image": "TPS_00038", "src_px": "203.7,645.4;202.6,552.1;146.7,552.8;147.8,646.1", "lat": 25.0331416, "lon": 121.5523369}, "geometry": {"type": "Point", "coordinates": [121.5523369, 25.0331416]}}, {"type": "Feature", "id": "dt_wsqqx6hfg", "properties": {"id": "dt_wsqqx6hfg", "status": "auto", "conf": 0.875, "n_detections": 1, "heading_deg": 131.7, "length_m": 4.55, "width_m": 3.04, "corner": "SW", "intersection_id": "TPS_00854", "intersection_dist_m": 24.8, "osm_node_id": null, "serves_from_bearing": 131.7, "serves_to_bearing": 41.7, "serves_quality": "good", "imagery_source": "taipei_udd_ortho_2025", "model_version": "yolo26s-obb_ep144", "src_image": "TPS_00854", "src_px": "288.3,912.6;238.1,867.6;208.0,901.3;258.1,946.3", "lat": 25.0603258, "lon": 121.6143555}, "geometry": {"type": "Point", "coordinates": [121.6143555, 25.0603258]}}, {"type": "Feature", "id": "dt_wsqqm9h4k", "properties": {"id": "dt_wsqqm9h4k", "status": "auto", "conf": 0.8744, "n_detections": 1, "heading_deg": 66.9, "length_m": 3.29, "width_m": 2.22, "corner": "SE", "intersection_id": "TPS_00382", "intersection_dist_m": 20.3, "osm_node_id": null, "serves_from_bearing": 66.9, "serves_to_bearing": 336.9, "serves_quality": "good", "imagery_source": "taipei_udd_ortho_2025", "model_version": "yolo26s-obb_ep144", "src_image": "TPS_00382", "src_px": "838.4,757.3;825.3,727.0;780.6,746.2;793.6,776.5", "lat": 25.0108051, "lon": 121.5364544}, "geometry": {"type": "Point", "coordinates": [121.5364544, 25.0108051]}}, {"type": "Feature", "id": "dt_wsqqmkv5j", "properties": {"id": "dt_wsqqmkv5j", "status": "auto", "conf": 0.8737, "n_detections": 1, "heading_deg": 8.3, "length_m": 6.57, "width_m": 6.24, "corner": "SE", "intersection_id": "TPS_00342", "intersection_dist_m": 19.1, "osm_node_id": null, "serves_from_bearing": 98.3, "serves_to_bearing": 8.3, "serves_quality": "good", "imagery_source": "taipei_udd_ortho_2025", "model_version": "yolo26s-obb_ep144", "src_image": "TPS_00342", "src_px": "657.4,749.7;671.5,653.0;580.2,639.7;566.1,736.5", "lat": 25.0315281, "lon": 121.5268851}, "geometry": {"type": "Point", "coordinates": [121.5268851, 25.0315281]}}, {"type": "Feature", "id": "dt_wsqqtb9f4", "properties": {"id": "dt_wsqqtb9f4", "status": "auto", "conf": 0.8736, "n_detections": 1, "heading_deg": 1.4, "length_m": 7.77, "width_m": 3.78, "corner": "NW", "intersection_id": "TPS_01152", "intersection_dist_m": 13.9, "osm_node_id": null, "serves_from_bearing": 271.4, "serves_to_bearing": 181.4, "serves_quality": "good", "imagery_source": "taipei_udd_ortho_2025", "model_version": "yolo26s-obb_ep144", "src_image": "TPS_01152", "src_px": "438.7,447.7;441.5,332.1;385.6,330.8;382.8,446.4", "lat": 25.0519319, "lon": 121.544256}, "geometry": {"type": "Point", "coordinates": [121.544256, 25.0519319]}}, {"type": "Feature", "id": "dt_wsqqqxf7f", "properties": {"id": "dt_wsqqqxf7f", "status": "auto", "conf": 0.8726, "n_detections": 1, "heading_deg": 177.7, "length_m": 3.54, "width_m": 2.53, "corner": "NE", "intersection_id": "TPS_00148", "intersection_dist_m": 15.1, "osm_node_id": null, "serves_from_bearing": 357.7, "serves_to_bearing": 267.7, "serves_quality": "good", "imagery_source": "taipei_udd_ortho_2025", "model_version": "yolo26s-obb_ep144", "src_image": "TPS_00148", "src_px": "683.9,309.0;681.8,256.3;644.4,257.7;646.4,310.4", "lat": 25.0481084, "lon": 121.5778989}, "geometry": {"type": "Point", "coordinates": [121.5778989, 25.0481084]}}, {"type": "Feature", "id": "dt_wsqqwbyxt", "properties": {"id": "dt_wsqqwbyxt", "status": "auto", "conf": 0.8726, "n_detections": 1, "heading_deg": 76.6, "length_m": 7.78, "width_m": 3.25, "corner": "SE", "intersection_id": "TPS_00162", "intersection_dist_m": 16.1, "osm_node_id": null, "serves_from_bearing": 76.6, "serves_to_bearing": 346.6, "serves_quality": "good", "imagery_source": "taipei_udd_ortho_2025", "model_version": "yolo26s-obb_ep144", "src_image": "TPS_00162", "src_px": "691.6,658.8;680.3,611.7;568.4,638.6;579.7,685.7", "lat": 25.0542625, "lon": 121.5948705}, "geometry": {"type": "Point", "coordinates": [121.5948705, 25.0542625]}}, {"type": "Feature", "id": "dt_wsqqqxmgj", "properties": {"id": "dt_wsqqqxmgj", "status": "auto", "conf": 0.8724, "n_detections": 1, "heading_deg": 30.1, "length_m": 5.69, "width_m": 3.53, "corner": "SE", "intersection_id": "TPS_00336", "intersection_dist_m": 17.0, "osm_node_id": null, "serves_from_bearing": 30.1, "serves_to_bearing": 300.1, "serves_quality": "good", "imagery_source": "taipei_udd_ortho_2025", "model_version": "yolo26s-obb_ep144", "src_image": "TPS_00336", "src_px": "875.6,699.5;917.8,626.2;872.5,600.1;830.3,673.5", "lat": 25.045242, "lon": 121.5828462}, "geometry": {"type": "Point", "coordinates": [121.5828462, 25.045242]}}, {"type": "Feature", "id": "dt_wsqqmr2jc", "properties": {"id": "dt_wsqqmr2jc", "status": "auto", "conf": 0.872, "n_detections": 1, "heading_deg": 19.8, "length_m": 9.01, "width_m": 2.97, "corner": "SE", "intersection_id": "TPS_00332", "intersection_dist_m": 12.3, "osm_node_id": null, "serves_from_bearing": 109.8, "serves_to_bearing": 19.8, "serves_quality": "good", "imagery_source": "taipei_udd_ortho_2025", "model_version": "yolo26s-obb_ep144", "src_image": "TPS_00332", "src_px": "606.8,691.2;652.0,565.1;610.6,550.3;565.4,676.4", "lat": 25.0457262, "lon": 121.5198402}, "geometry": {"type": "Point", "coordinates": [121.5198402, 25.0457262]}}, {"type": "Feature", "id": "dt_wsqqt0up0", "properties": {"id": "dt_wsqqt0up0", "status": "auto", "conf": 0.871, "n_detections": 1, "heading_deg": 78.4, "length_m": 6.65, "width_m": 3.51, "corner": "NW", "intersection_id": "TPS_00156", "intersection_dist_m": 20.5, "osm_node_id": null, "serves_from_bearing": 258.4, "serves_to_bearing": 168.4, "serves_quality": "good", "imagery_source": "taipei_udd_ortho_2025", "model_version": "yolo26s-obb_ep144", "src_image": "TPS_00156", "src_px": "321.2,311.6;310.6,260.4;214.2,280.3;224.8,331.6", "lat": 25.0541657, "lon": 121.5142901}, "geometry": {"type": "Point", "coordinates": [121.5142901, 25.0541657]}}, {"type": "Feature", "id": "dt_wsqqx52g8", "properties": {"id": "dt_wsqqx52g8", "status": "auto", "conf": 0.8708, "n_detections": 1, "heading_deg": 114.9, "length_m": 3.35, "width_m": 3.34, "corner": "SE", "intersection_id": "TPS_01005", "intersection_dist_m": 31.1, "osm_node_id": null, "serves_from_bearing": 114.9, "serves_to_bearing": 24.9, "serves_quality": "good", "imagery_source": "taipei_udd_ortho_2025", "model_version": "yolo26s-obb_ep144", "src_image": "TPS_01005", "src_px": "812.3,939.0;833.4,894.0;788.5,873.0;767.5,918.0", "lat": 25.0673238, "lon": 121.5977314}, "geometry": {"type": "Point", "coordinates": [121.5977314, 25.0673238]}}, {"type": "Feature", "id": "dt_wsqqqj5mh", "properties": {"id": "dt_wsqqqj5mh", "status": "auto", "conf": 0.8706, "n_detections": 1, "heading_deg": 87.1, "length_m": 8.71, "width_m": 3.83, "corner": "NW", "intersection_id": "TPS_00040", "intersection_dist_m": 17.3, "osm_node_id": null, "serves_from_bearing": 267.1, "serves_to_bearing": 177.1, "serves_quality": "good", "imagery_source": "taipei_udd_ortho_2025", "model_version": "yolo26s-obb_ep144", "src_image": "TPS_00040", "src_px": "380.2,212.2;377.3,155.3;248.7,161.8;251.6,218.7", "lat": 25.0332364, "lon": 121.5574084}, "geometry": {"type": "Point", "coordinates": [121.5574084, 25.0332364]}}, {"type": "Feature", "id": "dt_wsqqwmy46", "properties": {"id": "dt_wsqqwmy46", "status": "auto", "conf": 0.8704, "n_detections": 1, "heading_deg": 23.5, "length_m": 6.87, "width_m": 2.9, "corner": "SW", "intersection_id": "TPS_00365", "intersection_dist_m": 35.5, "osm_node_id": null, "serves_from_bearing": 203.5, "serves_to_bearing": 113.5, "serves_quality": "good", "imagery_source": "taipei_udd_ortho_2025", "model_version": "yolo26s-obb_ep144", "src_image": "TPS_00365", "src_px": "146.0,978.6;186.5,884.8;147.1,867.7;106.5,961.6", "lat": 25.0808405, "lon": 121.5720587}, "geometry": {"type": "Point", "coordinates": [121.5720587, 25.0808405]}}, {"type": "Feature", "id": "dt_wsqqkttdm", "properties": {"id": "dt_wsqqkttdm", "status": "auto", "conf": 0.8699, "n_detections": 1, "heading_deg": 87.0, "length_m": 4.81, "width_m": 3.69, "corner": "NE", "intersection_id": "TPS_00159", "intersection_dist_m": 23.8, "osm_node_id": null, "serves_from_bearing": 357.0, "serves_to_bearing": 267.0, "serves_quality": "good", "imagery_source": "taipei_udd_ortho_2025", "model_version": "yolo26s-obb_ep144", "src_image": "TPS_00159", "src_px": "875.8,339.6;872.9,284.8;801.8,288.6;804.7,343.4", "lat": 25.0354922, "lon": 121.4945886}, "geometry": {"type": "Point", "coordinates": [121.4945886, 25.0354922]}}, {"type": "Feature", "id": "dt_wsqqwq1k3", "properties": {"id": "dt_wsqqwq1k3", "status": "auto", "conf": 0.8693, "n_detections": 2, "heading_deg": 103.4, "length_m": 8.88, "width_m": 2.83, "corner": "NW", "intersection_id": "TPS_00499", "intersection_dist_m": 16.0, "osm_node_id": null, "serves_from_bearing": 283.4, "serves_to_bearing": 193.4, "serves_quality": "good", "imagery_source": "taipei_udd_ortho_2025", "model_version": "yolo26s-obb_ep144", "src_image": "TPS_00499", "src_px": "635.9,232.8;645.7,191.9;518.0,161.3;508.2,202.2", "lat": 25.0825253, "lon": 121.5654809}, "geometry": {"type": "Point", "coordinates": [121.5654809, 25.0825253]}}, {"type": "Feature", "id": "dt_wsqqt6krc", "properties": {"id": "dt_wsqqt6krc", "status": "auto", "conf": 0.8682, "n_detections": 1, "heading_deg": 89.7, "length_m": 3.83, "width_m": 2.37, "corner": "SE", "intersection_id": "TPS_00785", "intersection_dist_m": 16.9, "osm_node_id": null, "serves_from_bearing": 89.7, "serves_to_bearing": 359.7, "serves_quality": "good", "imagery_source": "taipei_udd_ortho_2025", "model_version": "yolo26s-obb_ep144", "src_image": "TPS_00785", "src_px": "614.4,864.8;614.2,829.5;557.5,829.8;557.7,865.2", "lat": 25.0625391, "lon": 121.5256615}, "geometry": {"type": "Point", "coordinates": [121.5256615, 25.0625391]}}, {"type": "Feature", "id": "dt_wsqqme4zd", "properties": {"id": "dt_wsqqme4zd", "status": "auto", "conf": 0.8673, "n_detections": 1, "heading_deg": 7.5, "length_m": 8.73, "width_m": 2.82, "corner": "SE", "intersection_id": "TPS_00270", "intersection_dist_m": 16.6, "osm_node_id": null, "serves_from_bearing": 7.5, "serves_to_bearing": 277.5, "serves_quality": "ambiguous", "imagery_source": "taipei_udd_ortho_2025", "model_version": "yolo26s-obb_ep144", "src_image": "TPS_00270", "src_px": "661.3,497.1;678.2,368.3;636.8,362.8;619.8,491.7", "lat": 25.0226674, "lon": 121.5346301}, "geometry": {"type": "Point", "coordinates": [121.5346301, 25.0226674]}}, {"type": "Feature", "id": "dt_wsqqw8tc7", "properties": {"id": "dt_wsqqw8tc7", "status": "auto", "conf": 0.8673, "n_detections": 1, "heading_deg": 106.2, "length_m": 5.82, "width_m": 2.81, "corner": "NE", "intersection_id": "TPS_00755", "intersection_dist_m": 36.8, "osm_node_id": null, "serves_from_bearing": 16.2, "serves_to_bearing": 286.2, "serves_quality": "good", "imagery_source": "taipei_udd_ortho_2025", "model_version": "yolo26s-obb_ep144", "src_image": "TPS_00755", "src_px": "776.9,107.4;788.6,67.3;706.0,43.1;694.3,83.2", "lat": 25.0518117, "lon": 121.5827573}, "geometry": {"type": "Point", "coordinates": [121.5827573, 25.0518117]}}, {"type": "Feature", "id": "dt_wsqqmnkgj", "properties": {"id": "dt_wsqqmnkgj", "status": "auto", "conf": 0.8673, "n_detections": 1, "heading_deg": 102.8, "length_m": 8.86, "width_m": 2.74, "corner": "NW", "intersection_id": "TPS_02096", "intersection_dist_m": 20.4, "osm_node_id": null, "serves_from_bearing": 282.8, "serves_to_bearing": 192.8, "serves_quality": "good", "imagery_source": "taipei_udd_ortho_2025", "model_version": "yolo26s-obb_ep144", "src_image": "TPS_02096", "src_px": "421.9,237.8;431.0,198.1;303.3,168.9;294.2,208.5", "lat": 25.0397588, "lon": 121.5155554}, "geometry": {"type": "Point", "coordinates": [121.5155554, 25.0397588]}}, {"type": "Feature", "id": "dt_wsqqmw18g", "properties": {"id": "dt_wsqqmw18g", "status": "auto", "conf": 0.8665, "n_detections": 1, "heading_deg": 1.3, "length_m": 9.3, "width_m": 2.66, "corner": "SE", "intersection_id": "TPS_00014", "intersection_dist_m": 23.1, "osm_node_id": null, "serves_from_bearing": 91.3, "serves_to_bearing": 1.3, "serves_quality": "good", "imagery_source": "taipei_udd_ortho_2025", "model_version": "yolo26s-obb_ep144", "src_image": "TPS_00014", "src_px": "752.3,880.8;755.4,742.4;716.0,741.6;713.0,879.9", "lat": 25.0379898, "lon": 121.5329706}, "geometry": {"type": "Point", "coordinates": [121.5329706, 25.0379898]}}, {"type": "Feature", "id": "dt_wsqqmuszu", "properties": {"id": "dt_wsqqmuszu", "status": "auto", "conf": 0.8656, "n_detections": 1, "heading_deg": 178.8, "length_m": 4.04, "width_m": 2.45, "corner": "SW", "intersection_id": "TPS_00064", "intersection_dist_m": 31.7, "osm_node_id": null, "serves_from_bearing": 268.8, "serves_to_bearing": 178.8, "serves_quality": "ambiguous", "imagery_source": "taipei_udd_ortho_2025", "model_version": "yolo26s-obb_ep144", "src_image": "TPS_00064", "src_px": "54.9,645.6;53.6,585.5;17.4,586.3;18.8,646.4", "lat": 25.0309538, "lon": 121.5484671}, "geometry": {"type": "Point", "coordinates": [121.5484671, 25.0309538]}}, {"type": "Feature", "id": "dt_wsqqtes13", "properties": {"id": "dt_wsqqtes13", "status": "auto", "conf": 0.8653, "n_detections": 1, "heading_deg": 88.3, "length_m": 4.01, "width_m": 2.34, "corner": "NE", "intersection_id": "TPS_01221", "intersection_dist_m": 27.8, "osm_node_id": null, "serves_from_bearing": 358.3, "serves_to_bearing": 268.3, "serves_quality": "good", "imagery_source": "taipei_udd_ortho_2025", "model_version": "yolo26s-obb_ep144", "src_image": "TPS_01221", "src_px": "669.7,110.1;668.7,75.2;609.5,77.0;610.5,111.9", "lat": 25.0682837, "lon": 121.5363404}, "geometry": {"type": "Point", "coordinates": [121.5363404, 25.0682837]}}, {"type": "Feature", "id": "dt_wsqqmgrzw", "properties": {"id": "dt_wsqqmgrzw", "status": "auto", "conf": 0.865, "n_detections": 1, "heading_deg": 136.8, "length_m": 3.76, "width_m": 2.53, "corner": "SE", "intersection_id": "TPS_00001", "intersection_dist_m": 37.1, "osm_node_id": null, "serves_from_bearing": 136.8, "serves_to_bearing": 46.8, "serves_quality": "good", "imagery_source": "taipei_udd_ortho_2025", "model_version": "yolo26s-obb_ep144", "src_image": "TPS_00001", "src_px": "696.1,987.2;658.1,946.4;630.6,972.0;668.7,1012.9", "lat": 25.0240445, "lon": 121.5526642}, "geometry": {"type": "Point", "coordinates": [121.5526642, 25.0240445]}}, {"type": "Feature", "id": "dt_wsqqmv9m9", "properties": {"id": "dt_wsqqmv9m9", "status": "auto", "conf": 0.8641, "n_detections": 1, "heading_deg": 1.5, "length_m": 4.33, "width_m": 2.52, "corner": "SW", "intersection_id": "TPS_00549", "intersection_dist_m": 15.8, "osm_node_id": null, "serves_from_bearing": 181.5, "serves_to_bearing": 91.5, "serves_quality": "good", "imagery_source": "taipei_udd_ortho_2025", "model_version": "yolo26s-obb_ep144", "src_image": "TPS_00549", "src_px": "340.1,682.7;341.8,618.3;304.5,617.4;302.9,681.7", "lat": 25.0360658, "lon": 121.5435091}, "geometry": {"type": "Point", "coordinates": [121.5435091, 25.0360658]}}, {"type": "Feature", "id": "dt_wsqqwmzb4", "properties": {"id": "dt_wsqqwmzb4", "status": "auto", "conf": 0.8637, "n_detections": 1, "heading_deg": 107.7, "length_m": 2.28, "width_m": 2.1, "corner": "SE", "intersection_id": "TPS_02041", "intersection_dist_m": 0.4, "osm_node_id": null, "serves_from_bearing": 107.7, "serves_to_bearing": 17.7, "serves_quality": "ambiguous", "imagery_source": "taipei_udd_ortho_2025", "model_version": "yolo26s-obb_ep144", "src_image": "TPS_02041", "src_px": "453.2,553.7;462.7,524.0;430.6,513.7;421.1,543.4", "lat": 25.0804551, "lon": 121.5744884}, "geometry": {"type": "Point", "coordinates": [121.5744884, 25.0804551]}}, {"type": "Feature", "id": "dt_wsqqmxusb", "properties": {"id": "dt_wsqqmxusb", "status": "auto", "conf": 0.8635, "n_detections": 1, "heading_deg": 87.7, "length_m": 7.91, "width_m": 2.66, "corner": "SE", "intersection_id": "TPS_01401", "intersection_dist_m": 9.7, "osm_node_id": null, "serves_from_bearing": 87.7, "serves_to_bearing": 357.7, "serves_quality": "good", "imagery_source": "taipei_udd_ortho_2025", "model_version": "yolo26s-obb_ep144", "src_image": "TPS_01401", "src_px": "612.7,765.0;611.1,725.4;494.2,730.1;495.8,769.8", "lat": 25.0482929, "lon": 121.5369693}, "geometry": {"type": "Point", "coordinates": [121.5369693, 25.0482929]}}, {"type": "Feature", "id": "dt_wsqqkyz54", "properties": {"id": "dt_wsqqkyz54", "status": "auto", "conf": 0.8629, "n_detections": 1, "heading_deg": 99.6, "length_m": 6.88, "width_m": 2.77, "corner": "NE", "intersection_id": "TPS_02296", "intersection_dist_m": 15.8, "osm_node_id": null, "serves_from_bearing": 279.6, "serves_to_bearing": 189.6, "serves_quality": "ambiguous", "imagery_source": "taipei_udd_ortho_2025", "model_version": "yolo26s-obb_ep144", "src_image": "TPS_02296", "src_px": "699.3,319.6;706.3,278.9;606.0,261.8;599.1,302.5", "lat": 25.0425052, "lon": 121.5075101}, "geometry": {"type": "Point", "coordinates": [121.5075101, 25.0425052]}}, {"type": "Feature", "id": "dt_wsqqwg9t1", "properties": {"id": "dt_wsqqwg9t1", "status": "auto", "conf": 0.8616, "n_detections": 1, "heading_deg": 86.2, "length_m": 4.57, "width_m": 2.77, "corner": "SE", "intersection_id": "TPS_00820", "intersection_dist_m": 11.4, "osm_node_id": null, "serves_from_bearing": 176.2, "serves_to_bearing": 86.2, "serves_quality": "ambiguous", "imagery_source": "taipei_udd_ortho_2025", "model_version": "yolo26s-obb_ep144", "src_image": "TPS_00820", "src_px": "660.8,812.9;658.1,771.7;590.7,776.2;593.5,817.4", "lat": 25.0689464, "lon": 121.5878296}, "geometry": {"type": "Point", "coordinates": [121.5878296, 25.0689464]}}, {"type": "Feature", "id": "dt_wsqqkg0zp", "properties": {"id": "dt_wsqqkg0zp", "status": "auto", "conf": 0.8615, "n_detections": 1, "heading_deg": 30.2, "length_m": 3.52, "width_m": 2.07, "corner": "SW", "intersection_id": "TPS_00794", "intersection_dist_m": 24.1, "osm_node_id": null, "serves_from_bearing": 210.2, "serves_to_bearing": 120.2, "serves_quality": "good", "imagery_source": "taipei_udd_ortho_2025", "model_version": "yolo26s-obb_ep144", "src_image": "TPS_00794", "src_px": "220.6,624.8;246.8,579.5;220.2,564.2;194.1,609.5", "lat": 25.0225674, "lon": 121.4991522}, "geometry": {"type": "Point", "coordinates": [121.4991522, 25.0225674]}}, {"type": "Feature", "id": "dt_wsqqt49eq", "properties": {"id": "dt_wsqqt49eq", "status": "auto", "conf": 0.8588, "n_detections": 1, "heading_deg": 87.3, "length_m": 10.13, "width_m": 3.4, "corner": "NW", "intersection_id": "TPS_00711", "intersection_dist_m": 24.2, "osm_node_id": null, "serves_from_bearing": 267.3, "serves_to_bearing": 177.3, "serves_quality": "good", "imagery_source": "taipei_udd_ortho_2025", "model_version": "yolo26s-obb_ep144", "src_image": "TPS_00711", "src_px": "523.2,133.4;520.8,82.8;371.2,89.9;373.6,140.5", "lat": 25.0631414, "lon": 121.5111489}, "geometry": {"type": "Point", "coordinates": [121.5111489, 25.0631414]}}, {"type": "Feature", "id": "dt_wsqquwxq5", "properties": {"id": "dt_wsqquwxq5", "status": "auto", "conf": 0.8584, "n_detections": 1, "heading_deg": 154.5, "length_m": 3.95, "width_m": 2.82, "corner": "SW", "intersection_id": "TPS_01013", "intersection_dist_m": 14.3, "osm_node_id": null, "serves_from_bearing": 154.5, "serves_to_bearing": 64.5, "serves_quality": "ambiguous", "imagery_source": "taipei_udd_ortho_2025", "model_version": "yolo26s-obb_ep144", "src_image": "TPS_01013", "src_px": "260.1,616.9;235.0,563.8;197.3,581.6;222.5,634.7", "lat": 25.1295359, "lon": 121.4969261}, "geometry": {"type": "Point", "coordinates": [121.4969261, 25.1295359]}}, {"type": "Feature", "id": "dt_wsqqqnet3", "properties": {"id": "dt_wsqqqnet3", "status": "auto", "conf": 0.8583, "n_detections": 1, "heading_deg": 86.3, "length_m": 5.27, "width_m": 2.49, "corner": "NW", "intersection_id": "TPS_00071", "intersection_dist_m": 23.3, "osm_node_id": null, "serves_from_bearing": 266.3, "serves_to_bearing": 176.3, "serves_quality": "good", "imagery_source": "taipei_udd_ortho_2025", "model_version": "yolo26s-obb_ep144", "src_image": "TPS_00071", "src_px": "368.4,184.0;366.0,147.0;288.3,152.0;290.6,189.0", "lat": 25.0414911, "lon": 121.5575894}, "geometry": {"type": "Point", "coordinates": [121.5575894, 25.0414911]}}, {"type": "Feature", "id": "dt_wsqqqxf4u", "properties": {"id": "dt_wsqqqxf4u", "status": "auto", "conf": 0.8582, "n_detections": 1, "heading_deg": 3.9, "length_m": 3.58, "width_m": 2.56, "corner": "SW", "intersection_id": "TPS_00148", "intersection_dist_m": 14.7, "osm_node_id": null, "serves_from_bearing": 183.9, "serves_to_bearing": 93.9, "serves_quality": "good", "imagery_source": "taipei_udd_ortho_2025", "model_version": "yolo26s-obb_ep144", "src_image": "TPS_00148", "src_px": "324.2,559.2;327.8,506.0;290.0,503.4;286.3,556.6", "lat": 25.0479578, "lon": 121.5776595}, "geometry": {"type": "Point", "coordinates": [121.5776595, 25.0479578]}}, {"type": "Feature", "id": "dt_wsqqt3djq", "properties": {"id": "dt_wsqqt3djq", "status": "auto", "conf": 0.8581, "n_detections": 1, "heading_deg": 177.0, "length_m": 2.72, "width_m": 1.9, "corner": "NW", "intersection_id": "TPS_00143", "intersection_dist_m": 14.2, "osm_node_id": null, "serves_from_bearing": 267.0, "serves_to_bearing": 177.0, "serves_quality": "good", "imagery_source": "taipei_udd_ortho_2025", "model_version": "yolo26s-obb_ep144", "src_image": "TPS_00143", "src_px": "453.9,425.0;451.8,384.6;423.7,386.0;425.8,426.5", "lat": 25.0579869, "lon": 121.5228162}, "geometry": {"type": "Point", "coordinates": [121.5228162, 25.0579869]}}, {"type": "Feature", "id": "dt_wsqqmwsyg", "properties": {"id": "dt_wsqqmwsyg", "status": "auto", "conf": 0.857, "n_detections": 1, "heading_deg": 175.1, "length_m": 6.3, "width_m": 4.4, "corner": "NE", "intersection_id": "TPS_00042", "intersection_dist_m": 36.0, "osm_node_id": null, "serves_from_bearing": 85.1, "serves_to_bearing": 355.1, "serves_quality": "ambiguous", "imagery_source": "taipei_udd_ortho_2025", "model_version": "yolo26s-obb_ep144", "src_image": "TPS_00042", "src_px": "1039.7,515.5;1031.8,422.0;966.9,427.5;974.8,521.0", "lat": 25.0417733, "lon": 121.5374426}, "geometry": {"type": "Point", "coordinates": [121.5374426, 25.0417733]}}, {"type": "Feature", "id": "dt_wsqqtptqh", "properties": {"id": "dt_wsqqtptqh", "status": "auto", "conf": 0.8563, "n_detections": 1, "heading_deg": 140.2, "length_m": 3.31, "width_m": 3.24, "corner": "NW", "intersection_id": "TPS_00154", "intersection_dist_m": 28.4, "osm_node_id": null, "serves_from_bearing": 230.2, "serves_to_bearing": 140.2, "serves_quality": "good", "imagery_source": "taipei_udd_ortho_2025", "model_version": "yolo26s-obb_ep144", "src_image": "TPS_00154", "src_px": "39.6,445.6;8.2,407.7;-28.8,438.3;2.7,476.3", "lat": 25.0910827, "lon": 121.5161741}, "geometry": {"type": "Point", "coordinates": [121.5161741, 25.0910827]}}, {"type": "Feature", "id": "dt_wsqqm5d89", "properties": {"id": "dt_wsqqm5d89", "status": "auto", "conf": 0.856, "n_detections": 2, "heading_deg": 87.7, "length_m": 6.4, "width_m": 3.27, "corner": "NW", "intersection_id": "TPS_00385", "intersection_dist_m": 15.8, "osm_node_id": null, "serves_from_bearing": 267.7, "serves_to_bearing": 177.7, "serves_quality": "good", "imagery_source": "taipei_udd_ortho_2025", "model_version": "yolo26s-obb_ep144", "src_image": "TPS_01054", "src_px": "931.0,199.1;929.0,150.4;834.5,154.3;836.5,202.9", "lat": 25.0242213, "lon": 121.5122992}, "geometry": {"type": "Point", "coordinates": [121.5122992, 25.0242213]}}, {"type": "Feature", "id": "dt_wsqqrrmer", "properties": {"id": "dt_wsqqrrmer", "status": "auto", "conf": 0.8541, "n_detections": 1, "heading_deg": 150.7, "length_m": 3.84, "width_m": 2.13, "corner": "NE", "intersection_id": "TPS_00194", "intersection_dist_m": 10.2, "osm_node_id": null, "serves_from_bearing": 60.7, "serves_to_bearing": 330.7, "serves_quality": "good", "imagery_source": "taipei_udd_ortho_2025", "model_version": "yolo26s-obb_ep144", "src_image": "TPS_00194", "src_px": "731.7,564.8;703.9,515.0;676.3,530.4;704.2,580.2", "lat": 25.0453041, "lon": 121.6155195}, "geometry": {"type": "Point", "coordinates": [121.6155195, 25.0453041]}}, {"type": "Feature", "id": "dt_wsqqv205f", "properties": {"id": "dt_wsqqv205f", "status": "auto", "conf": 0.854, "n_detections": 1, "heading_deg": 54.7, "length_m": 7.07, "width_m": 2.72, "corner": "NW", "intersection_id": "TPS_00959", "intersection_dist_m": 17.8, "osm_node_id": null, "serves_from_bearing": 234.7, "serves_to_bearing": 144.7, "serves_quality": "good", "imagery_source": "taipei_udd_ortho_2025", "model_version": "yolo26s-obb_ep144", "src_image": "TPS_00959", "src_px": "221.6,356.8;198.1,323.9;112.8,384.8;136.2,417.7", "lat": 25.0934579, "lon": 121.5198875}, "geometry": {"type": "Point", "coordinates": [121.5198875, 25.0934579]}}, {"type": "Feature", "id": "dt_wsqqt8x4c", "properties": {"id": "dt_wsqqt8x4c", "status": "auto", "conf": 0.8536, "n_detections": 1, "heading_deg": 88.6, "length_m": 8.59, "width_m": 2.58, "corner": "NW", "intersection_id": "TPS_00625", "intersection_dist_m": 17.6, "osm_node_id": null, "serves_from_bearing": 268.6, "serves_to_bearing": 178.6, "serves_quality": "good", "imagery_source": "taipei_udd_ortho_2025", "model_version": "yolo26s-obb_ep144", "src_image": "TPS_00625", "src_px": "394.9,161.4;394.0,123.0;267.0,126.1;267.9,164.5", "lat": 25.0520811, "lon": 121.540425}, "geometry": {"type": "Point", "coordinates": [121.540425, 25.0520811]}}, {"type": "Feature", "id": "dt_wsqqmv92r", "properties": {"id": "dt_wsqqmv92r", "status": "auto", "conf": 0.8532, "n_detections": 1, "heading_deg": 3.2, "length_m": 7.0, "width_m": 2.82, "corner": "NE", "intersection_id": "TPS_00571", "intersection_dist_m": 14.6, "osm_node_id": null, "serves_from_bearing": 3.2, "serves_to_bearing": 273.2, "serves_quality": "good", "imagery_source": "taipei_udd_ortho_2025", "model_version": "yolo26s-obb_ep144", "src_image": "TPS_00571", "src_px": "746.4,398.1;752.1,294.1;710.4,291.8;704.7,395.9", "lat": 25.0351624, "lon": 121.5437814}, "geometry": {"type": "Point", "coordinates": [121.5437814, 25.0351624]}}, {"type": "Feature", "id": "dt_wsqqqm97c", "properties": {"id": "dt_wsqqqm97c", "status": "auto", "conf": 0.8526, "n_detections": 1, "heading_deg": 83.5, "length_m": 3.99, "width_m": 2.45, "corner": "SE", "intersection_id": "TPS_02434", "intersection_dist_m": 12.9, "osm_node_id": null, "serves_from_bearing": 83.5, "serves_to_bearing": 353.5, "serves_quality": "good", "imagery_source": "taipei_udd_ortho_2025", "model_version": "yolo26s-obb_ep144", "src_image": "TPS_02434", "src_px": "649.8,629.4;645.7,593.1;587.0,599.8;591.2,636.1", "lat": 25.0357762, "lon": 121.5655087}, "geometry": {"type": "Point", "coordinates": [121.5655087, 25.0357762]}}, {"type": "Feature", "id": "dt_wsqqwm2rw", "properties": {"id": "dt_wsqqwm2rw", "status": "auto", "conf": 0.8521, "n_detections": 1, "heading_deg": 131.2, "length_m": 8.7, "width_m": 3.25, "corner": "NE", "intersection_id": "TPS_00968", "intersection_dist_m": 14.5, "osm_node_id": null, "serves_from_bearing": 311.2, "serves_to_bearing": 221.2, "serves_quality": "good", "imagery_source": "taipei_udd_ortho_2025", "model_version": "yolo26s-obb_ep144", "src_image": "TPS_00968", "src_px": "756.6,442.9;659.8,357.6;627.9,393.8;724.7,479.0", "lat": 25.0789704, "lon": 121.5643565}, "geometry": {"type": "Point", "coordinates": [121.5643565, 25.0789704]}}, {"type": "Feature", "id": "dt_wsqqqn00g", "properties": {"id": "dt_wsqqqn00g", "status": "auto", "conf": 0.8514, "n_detections": 1, "heading_deg": 87.5, "length_m": 4.85, "width_m": 1.37, "corner": "NW", "intersection_id": "TPS_00128", "intersection_dist_m": 26.2, "osm_node_id": null, "serves_from_bearing": 267.5, "serves_to_bearing": 177.5, "serves_quality": "good", "imagery_source": "taipei_udd_ortho_2025", "model_version": "yolo26s-obb_ep144", "src_image": "TPS_00128", "src_px": "529.5,13.5;528.6,-6.9;457.0,-3.7;457.9,16.7", "lat": 25.038013, "lon": 121.5528935}, "geometry": {"type": "Point", "coordinates": [121.5528935, 25.038013]}}, {"type": "Feature", "id": "dt_wsqqmx1wt", "properties": {"id": "dt_wsqqmx1wt", "status": "auto", "conf": 0.8513, "n_detections": 1, "heading_deg": 0.3, "length_m": 5.76, "width_m": 2.54, "corner": "NE", "intersection_id": "TPS_00706", "intersection_dist_m": 19.1, "osm_node_id": null, "serves_from_bearing": 0.3, "serves_to_bearing": 270.3, "serves_quality": "good", "imagery_source": "taipei_udd_ortho_2025", "model_version": "yolo26s-obb_ep144", "src_image": "TPS_00706", "src_px": "658.3,440.3;658.8,354.5;621.3,354.3;620.8,440.1", "lat": 25.0444622, "lon": 121.533079}, "geometry": {"type": "Point", "coordinates": [121.533079, 25.0444622]}}, {"type": "Feature", "id": "dt_wsqqnmmn8", "properties": {"id": "dt_wsqqnmmn8", "status": "auto", "conf": 0.8513, "n_detections": 1, "heading_deg": 155.9, "length_m": 2.91, "width_m": 2.68, "corner": "NW", "intersection_id": "TPS_02432", "intersection_dist_m": 38.2, "osm_node_id": null, "serves_from_bearing": 245.9, "serves_to_bearing": 155.9, "serves_quality": "good", "imagery_source": "taipei_udd_ortho_2025", "model_version": "yolo26s-obb_ep144", "src_image": "TPS_02432", "src_px": "37.6,213.3;20.0,173.8;-16.3,189.9;1.3,229.4", "lat": 24.9909145, "lon": 121.5705943}, "geometry": {"type": "Point", "coordinates": [121.5705943, 24.9909145]}}, {"type": "Feature", "id": "dt_wsqqt28w7", "properties": {"id": "dt_wsqqt28w7", "status": "auto", "conf": 0.8508, "n_detections": 1, "heading_deg": 11.4, "length_m": 5.52, "width_m": 3.36, "corner": "NE", "intersection_id": "TPS_00152", "intersection_dist_m": 23.0, "osm_node_id": null, "serves_from_bearing": 11.4, "serves_to_bearing": 281.4, "serves_quality": "good", "imagery_source": "taipei_udd_ortho_2025", "model_version": "yolo26s-obb_ep144", "src_image": "TPS_00152", "src_px": "986.0,525.6;1002.2,445.0;953.5,435.2;937.3,515.8", "lat": 25.0526541, "lon": 121.5205973}, "geometry": {"type": "Point", "coordinates": [121.5205973, 25.0526541]}}, {"type": "Feature", "id": "dt_wsqqme4sw", "properties": {"id": "dt_wsqqme4sw", "status": "auto", "conf": 0.8508, "n_detections": 1, "heading_deg": 92.1, "length_m": 7.47, "width_m": 4.57, "corner": "SE", "intersection_id": "TPS_00646", "intersection_dist_m": 12.2, "osm_node_id": null, "serves_from_bearing": 92.1, "serves_to_bearing": 2.1, "serves_quality": "good", "imagery_source": "taipei_udd_ortho_2025", "model_version": "yolo26s-obb_ep144", "src_image": "TPS_00646", "src_px": "730.2,814.0;732.7,746.0;622.3,741.9;619.8,810.0", "lat": 25.0221449, "lon": 121.5344767}, "geometry": {"type": "Point", "coordinates": [121.5344767, 25.0221449]}}, {"type": "Feature", "id": "dt_wsqqt899y", "properties": {"id": "dt_wsqqt899y", "status": "auto", "conf": 0.8502, "n_detections": 1, "heading_deg": 87.5, "length_m": 7.51, "width_m": 3.1, "corner": "SE", "intersection_id": "TPS_00136", "intersection_dist_m": 18.9, "osm_node_id": null, "serves_from_bearing": 87.5, "serves_to_bearing": 357.5, "serves_quality": "good", "imagery_source": "taipei_udd_ortho_2025", "model_version": "yolo26s-obb_ep144", "src_image": "TPS_00136", "src_px": "726.1,745.6;724.0,699.5;613.1,704.4;615.2,750.6", "lat": 25.0518835, "lon": 121.533099}, "geometry": {"type": "Point", "coordinates": [121.533099, 25.0518835]}}, {"type": "Feature", "id": "dt_wsqqn7cnv", "properties": {"id": "dt_wsqqn7cnv", "status": "auto", "conf": 0.8501, "n_detections": 1, "heading_deg": 68.5, "length_m": 2.59, "width_m": 1.69, "corner": "SW", "intersection_id": "TPS_00033", "intersection_dist_m": 23.1, "osm_node_id": null, "serves_from_bearing": 158.5, "serves_to_bearing": 68.5, "serves_quality": "good", "imagery_source": "taipei_udd_ortho_2025", "model_version": "yolo26s-obb_ep144", "src_image": "TPS_00033", "src_px": "399.6,861.4;390.3,838.0;354.7,852.1;364.0,875.5", "lat": 24.9827365, "lon": 121.5653469}, "geometry": {"type": "Point", "coordinates": [121.5653469, 24.9827365]}}, {"type": "Feature", "id": "dt_wsqqt2td7", "properties": {"id": "dt_wsqqt2td7", "status": "auto", "conf": 0.85, "n_detections": 1, "heading_deg": 177.7, "length_m": 5.56, "width_m": 3.92, "corner": "SW", "intersection_id": "TPS_00132", "intersection_dist_m": 26.0, "osm_node_id": null, "serves_from_bearing": 177.7, "serves_to_bearing": 87.7, "serves_quality": "good", "imagery_source": "taipei_udd_ortho_2025", "model_version": "yolo26s-obb_ep144", "src_image": "TPS_00132", "src_px": "239.6,580.0;236.3,497.3;178.4,499.6;181.7,582.3", "lat": 25.051996, "lon": 121.5274686}, "geometry": {"type": "Point", "coordinates": [121.5274686, 25.051996]}}, {"type": "Feature", "id": "dt_wsqqkszy3", "properties": {"id": "dt_wsqqkszy3", "status": "auto", "conf": 0.8479, "n_detections": 1, "heading_deg": 27.9, "length_m": 5.31, "width_m": 2.3, "corner": "NE", "intersection_id": "TPS_01059", "intersection_dist_m": 21.3, "osm_node_id": null, "serves_from_bearing": 27.9, "serves_to_bearing": 297.9, "serves_quality": "good", "imagery_source": "taipei_udd_ortho_2025", "model_version": "yolo26s-obb_ep144", "src_image": "TPS_01059", "src_px": "829.3,338.0;866.0,268.2;835.9,252.4;799.2,322.1", "lat": 25.0320819, "lon": 121.4975027}, "geometry": {"type": "Point", "coordinates": [121.4975027, 25.0320819]}}, {"type": "Feature", "id": "dt_wsqqx134w", "properties": {"id": "dt_wsqqx134w", "status": "auto", "conf": 0.8466, "n_detections": 1, "heading_deg": 66.4, "length_m": 5.44, "width_m": 3.0, "corner": "SE", "intersection_id": "TPS_01739", "intersection_dist_m": 10.2, "osm_node_id": null, "serves_from_bearing": 66.4, "serves_to_bearing": 336.4, "serves_quality": "good", "imagery_source": "taipei_udd_ortho_2025", "model_version": "yolo26s-obb_ep144", "src_image": "TPS_01739", "src_px": "727.5,607.4;709.5,566.6;635.8,599.0;653.7,639.8", "lat": 25.0561562, "lon": 121.5983384}, "geometry": {"type": "Point", "coordinates": [121.5983384, 25.0561562]}}, {"type": "Feature", "id": "dt_wsqqmtkut", "properties": {"id": "dt_wsqqmtkut", "status": "auto", "conf": 0.8465, "n_detections": 1, "heading_deg": 0.6, "length_m": 2.98, "width_m": 2.1, "corner": "SW", "intersection_id": "TPS_01389", "intersection_dist_m": 10.1, "osm_node_id": null, "serves_from_bearing": 180.6, "serves_to_bearing": 90.6, "serves_quality": "good", "imagery_source": "taipei_udd_ortho_2025", "model_version": "yolo26s-obb_ep144", "src_image": "TPS_01389", "src_px": "340.3,639.3;340.8,594.9;309.8,594.5;309.2,638.9", "lat": 25.0345305, "lon": 121.5375028}, "geometry": {"type": "Point", "coordinates": [121.5375028, 25.0345305]}}, {"type": "Feature", "id": "dt_wsqqmzc8j", "properties": {"id": "dt_wsqqmzc8j", "status": "auto", "conf": 0.846, "n_detections": 4, "heading_deg": 88.2, "length_m": 9.17, "width_m": 3.0, "corner": "NE", "intersection_id": "TPS_02537", "intersection_dist_m": 18.3, "osm_node_id": null, "serves_from_bearing": 358.2, "serves_to_bearing": 268.2, "serves_quality": "good", "imagery_source": "taipei_udd_ortho_2025", "model_version": "yolo26s-obb_ep144", "src_image": "TPS_02537", "src_px": "672.4,317.7;671.1,273.1;535.5,277.3;536.9,321.9", "lat": 25.0474777, "lon": 121.5440413}, "geometry": {"type": "Point", "coordinates": [121.5440413, 25.0474777]}}, {"type": "Feature", "id": "dt_wsqqqxjkd", "properties": {"id": "dt_wsqqqxjkd", "status": "auto", "conf": 0.8451, "n_detections": 1, "heading_deg": 34.7, "length_m": 3.74, "width_m": 2.1, "corner": "SE", "intersection_id": "TPS_00802", "intersection_dist_m": 12.2, "osm_node_id": null, "serves_from_bearing": 124.7, "serves_to_bearing": 34.7, "serves_quality": "ambiguous", "imagery_source": "taipei_udd_ortho_2025", "model_version": "yolo26s-obb_ep144", "src_image": "TPS_00802", "src_px": "693.6,693.5;725.1,647.7;699.5,630.0;667.9,675.9", "lat": 25.044146, "lon": 121.5820405}, "geometry": {"type": "Point", "coordinates": [121.5820405, 25.044146]}}, {"type": "Feature", "id": "dt_wsqqmh2pb", "properties": {"id": "dt_wsqqmh2pb", "status": "auto", "conf": 0.8442, "n_detections": 1, "heading_deg": 10.7, "length_m": 5.33, "width_m": 2.94, "corner": "NW", "intersection_id": "TPS_00824", "intersection_dist_m": 11.5, "osm_node_id": null, "serves_from_bearing": 280.7, "serves_to_bearing": 190.7, "serves_quality": "good", "imagery_source": "taipei_udd_ortho_2025", "model_version": "yolo26s-obb_ep144", "src_image": "TPS_00824", "src_px": "293.7,363.0;308.3,285.0;265.5,277.0;250.9,355.0", "lat": 25.0295782, "lon": 121.5088049}, "geometry": {"type": "Point", "coordinates": [121.5088049, 25.0295782]}}, {"type": "Feature", "id": "dt_wsqqkyqb6", "properties": {"id": "dt_wsqqkyqb6", "status": "auto", "conf": 0.8441, "n_detections": 1, "heading_deg": 15.4, "length_m": 10.13, "width_m": 2.57, "corner": "NW", "intersection_id": "TPS_00119", "intersection_dist_m": 25.5, "osm_node_id": null, "serves_from_bearing": 195.4, "serves_to_bearing": 105.4, "serves_quality": "good", "imagery_source": "taipei_udd_ortho_2025", "model_version": "yolo26s-obb_ep144", "src_image": "TPS_00119", "src_px": "168.3,572.9;208.0,427.5;171.3,417.4;131.6,562.9", "lat": 25.0392705, "lon": 121.5071863}, "geometry": {"type": "Point", "coordinates": [121.5071863, 25.0392705]}}, {"type": "Feature", "id": "dt_wsqqkyz8r", "properties": {"id": "dt_wsqqkyz8r", "status": "auto", "conf": 0.844, "n_detections": 1, "heading_deg": 99.9, "length_m": 8.28, "width_m": 2.5, "corner": "NW", "intersection_id": "TPS_00280", "intersection_dist_m": 2.6, "osm_node_id": null, "serves_from_bearing": 279.9, "serves_to_bearing": 189.9, "serves_quality": "ambiguous", "imagery_source": "taipei_udd_ortho_2025", "model_version": "yolo26s-obb_ep144", "src_image": "TPS_00280", "src_px": "558.1,615.4;564.5,578.8;443.8,557.7;437.4,594.2", "lat": 25.0420144, "lon": 121.5084383}, "geometry": {"type": "Point", "coordinates": [121.5084383, 25.0420144]}}, {"type": "Feature", "id": "dt_wsqqt49ef", "properties": {"id": "dt_wsqqt49ef", "status": "auto", "conf": 0.8439, "n_detections": 1, "heading_deg": 35.2, "length_m": 2.24, "width_m": 1.69, "corner": "NW", "intersection_id": "TPS_00711", "intersection_dist_m": 38.8, "osm_node_id": null, "serves_from_bearing": 305.2, "serves_to_bearing": 215.2, "serves_quality": "good", "imagery_source": "taipei_udd_ortho_2025", "model_version": "yolo26s-obb_ep144", "src_image": "TPS_00711", "src_px": "189.7,24.0;208.8,-3.3;188.3,-17.7;169.2,9.6", "lat": 25.0632073, "lon": 121.5109757}, "geometry": {"type": "Point", "coordinates": [121.5109757, 25.0632073]}}, {"type": "Feature", "id": "dt_wsqqqtbjr", "properties": {"id": "dt_wsqqqtbjr", "status": "auto", "conf": 0.842, "n_detections": 1, "heading_deg": 52.8, "length_m": 3.2, "width_m": 2.55, "corner": "SE", "intersection_id": "TPS_00660", "intersection_dist_m": 18.1, "osm_node_id": null, "serves_from_bearing": 52.8, "serves_to_bearing": 322.8, "serves_quality": "good", "imagery_source": "taipei_udd_ortho_2025", "model_version": "yolo26s-obb_ep144", "src_image": "TPS_00660", "src_px": "736.1,522.0;713.2,491.9;675.5,520.7;698.5,550.7", "lat": 25.0373882, "lon": 121.5750087}, "geometry": {"type": "Point", "coordinates": [121.5750087, 25.0373882]}}, {"type": "Feature", "id": "dt_wsqqmjt81", "properties": {"id": "dt_wsqqmjt81", "status": "auto", "conf": 0.8416, "n_detections": 2, "heading_deg": 94.9, "length_m": 8.42, "width_m": 2.7, "corner": "NW", "intersection_id": "TPS_00067", "intersection_dist_m": 37.8, "osm_node_id": null, "serves_from_bearing": 274.9, "serves_to_bearing": 184.9, "serves_quality": "good", "imagery_source": "taipei_udd_ortho_2025", "model_version": "yolo26s-obb_ep144", "src_image": "TPS_00067", "src_px": "165.8,177.6;169.3,137.5;45.2,126.7;41.7,166.8", "lat": 25.035124, "lon": 121.5164129}, "geometry": {"type": "Point", "coordinates": [121.5164129, 25.035124]}}, {"type": "Feature", "id": "dt_wsqqt3xtc", "properties": {"id": "dt_wsqqt3xtc", "status": "auto", "conf": 0.8406, "n_detections": 1, "heading_deg": 86.2, "length_m": 7.43, "width_m": 2.54, "corner": "NW", "intersection_id": "TPS_01452", "intersection_dist_m": 12.6, "osm_node_id": null, "serves_from_bearing": 266.2, "serves_to_bearing": 176.2, "serves_quality": "good", "imagery_source": "taipei_udd_ortho_2025", "model_version": "yolo26s-obb_ep144", "src_image": "TPS_01452", "src_px": "439.6,256.0;437.1,218.3;327.4,225.6;330.0,263.3", "lat": 25.0580869, "lon": 121.5301606}, "geometry": {"type": "Point", "coordinates": [121.5301606, 25.0580869]}}, {"type": "Feature", "id": "dt_wsqqv587x", "properties": {"id": "dt_wsqqv587x", "status": "auto", "conf": 0.8405, "n_detections": 1, "heading_deg": 141.8, "length_m": 5.81, "width_m": 2.49, "corner": "NE", "intersection_id": "TPS_00884", "intersection_dist_m": 25.0, "osm_node_id": null, "serves_from_bearing": 321.8, "serves_to_bearing": 231.8, "serves_quality": "good", "imagery_source": "taipei_udd_ortho_2025", "model_version": "yolo26s-obb_ep144", "src_image": "TPS_00884", "src_px": "780.3,316.8;727.1,248.8;698.0,271.5;751.1,339.5", "lat": 25.1126244, "lon": 121.5094564}, "geometry": {"type": "Point", "coordinates": [121.5094564, 25.1126244]}}, {"type": "Feature", "id": "dt_wsqqqne7z", "properties": {"id": "dt_wsqqqne7z", "status": "auto", "conf": 0.8403, "n_detections": 1, "heading_deg": 3.5, "length_m": 6.93, "width_m": 2.53, "corner": "SW", "intersection_id": "TPS_00071", "intersection_dist_m": 16.2, "osm_node_id": null, "serves_from_bearing": 183.5, "serves_to_bearing": 93.5, "serves_quality": "good", "imagery_source": "taipei_udd_ortho_2025", "model_version": "yolo26s-obb_ep144", "src_image": "TPS_00071", "src_px": "268.5,618.5;274.8,515.5;237.4,513.2;231.2,616.2", "lat": 25.0412494, "lon": 121.5575389}, "geometry": {"type": "Point", "coordinates": [121.5575389, 25.0412494]}}, {"type": "Feature", "id": "dt_wsqqt646s", "properties": {"id": "dt_wsqqt646s", "status": "auto", "conf": 0.8401, "n_detections": 1, "heading_deg": 90.6, "length_m": 4.78, "width_m": 2.52, "corner": "SE", "intersection_id": "TPS_00324", "intersection_dist_m": 14.3, "osm_node_id": null, "serves_from_bearing": 90.6, "serves_to_bearing": 0.6, "serves_quality": "good", "imagery_source": "taipei_udd_ortho_2025", "model_version": "yolo26s-obb_ep144", "src_image": "TPS_00324", "src_px": "607.6,775.5;607.9,738.0;537.2,737.3;536.8,774.8", "lat": 25.0602618, "lon": 121.5230774}, "geometry": {"type": "Point", "coordinates": [121.5230774, 25.0602618]}}, {"type": "Feature", "id": "dt_wsqqqxfhn", "properties": {"id": "dt_wsqqqxfhn", "status": "auto", "conf": 0.8387, "n_detections": 1, "heading_deg": 83.6, "length_m": 3.71, "width_m": 2.64, "corner": "NW", "intersection_id": "TPS_00148", "intersection_dist_m": 17.4, "osm_node_id": null, "serves_from_bearing": 263.6, "serves_to_bearing": 173.6, "serves_quality": "good", "imagery_source": "taipei_udd_ortho_2025", "model_version": "yolo26s-obb_ep144", "src_image": "TPS_00148", "src_px": "427.7,220.7;423.2,181.7;368.7,187.9;373.2,227.0", "lat": 25.0481564, "lon": 121.5777206}, "geometry": {"type": "Point", "coordinates": [121.5777206, 25.0481564]}}, {"type": "Feature", "id": "dt_wsqqkvd94", "properties": {"id": "dt_wsqqkvd94", "status": "auto", "conf": 0.8382, "n_detections": 1, "heading_deg": 7.9, "length_m": 6.46, "width_m": 2.48, "corner": "NE", "intersection_id": "TPS_00919", "intersection_dist_m": 13.1, "osm_node_id": null, "serves_from_bearing": 7.9, "serves_to_bearing": 277.9, "serves_quality": "good", "imagery_source": "taipei_udd_ortho_2025", "model_version": "yolo26s-obb_ep144", "src_image": "TPS_00919", "src_px": "653.5,427.3;666.6,332.1;630.3,327.1;617.2,422.3", "lat": 25.0352983, "lon": 121.5013231}, "geometry": {"type": "Point", "coordinates": [121.5013231, 25.0352983]}}, {"type": "Feature", "id": "dt_wsqqm9hmy", "properties": {"id": "dt_wsqqm9hmy", "status": "auto", "conf": 0.8377, "n_detections": 1, "heading_deg": 72.3, "length_m": 11.02, "width_m": 5.03, "corner": "NW", "intersection_id": "TPS_00017", "intersection_dist_m": 33.8, "osm_node_id": null, "serves_from_bearing": 252.3, "serves_to_bearing": 162.3, "serves_quality": "good", "imagery_source": "taipei_udd_ortho_2025", "model_version": "yolo26s-obb_ep144", "src_image": "TPS_00017", "src_px": "243.8,64.1;220.9,-7.1;65.7,42.8;88.6,114.0", "lat": 25.011385, "lon": 121.5368736}, "geometry": {"type": "Point", "coordinates": [121.5368736, 25.011385]}}, {"type": "Feature", "id": "dt_wsqqtc9us", "properties": {"id": "dt_wsqqtc9us", "status": "auto", "conf": 0.8369, "n_detections": 1, "heading_deg": 3.0, "length_m": 8.78, "width_m": 2.74, "corner": "NE", "intersection_id": "TPS_00135", "intersection_dist_m": 21.6, "osm_node_id": null, "serves_from_bearing": 3.0, "serves_to_bearing": 273.0, "serves_quality": "good", "imagery_source": "taipei_udd_ortho_2025", "model_version": "yolo26s-obb_ep144", "src_image": "TPS_00135", "src_px": "798.4,389.9;805.1,259.4;764.7,257.3;758.0,387.8", "lat": 25.0578811, "lon": 121.5443321}, "geometry": {"type": "Point", "coordinates": [121.5443321, 25.0578811]}}, {"type": "Feature", "id": "dt_wsqqt5eex", "properties": {"id": "dt_wsqqt5eex", "status": "auto", "conf": 0.8367, "n_detections": 1, "heading_deg": 2.6, "length_m": 8.01, "width_m": 2.82, "corner": "NE", "intersection_id": "TPS_00465", "intersection_dist_m": 16.5, "osm_node_id": null, "serves_from_bearing": 2.6, "serves_to_bearing": 272.6, "serves_quality": "ambiguous", "imagery_source": "taipei_udd_ortho_2025", "model_version": "yolo26s-obb_ep144", "src_image": "TPS_00465", "src_px": "476.7,272.4;482.1,153.3;440.5,151.4;435.1,270.5", "lat": 25.0686783, "lon": 121.5139031}, "geometry": {"type": "Point", "coordinates": [121.5139031, 25.0686783]}}, {"type": "Feature", "id": "dt_wsqqwcn9n", "properties": {"id": "dt_wsqqwcn9n", "status": "auto", "conf": 0.8364, "n_detections": 1, "heading_deg": 169.6, "length_m": 8.2, "width_m": 4.83, "corner": "NE", "intersection_id": "TPS_00162", "intersection_dist_m": 16.4, "osm_node_id": null, "serves_from_bearing": 349.6, "serves_to_bearing": 259.6, "serves_quality": "good", "imagery_source": "taipei_udd_ortho_2025", "model_version": "yolo26s-obb_ep144", "src_image": "TPS_00162", "src_px": "698.4,317.7;676.6,197.6;606.3,210.3;628.1,330.4", "lat": 25.0544962, "lon": 121.5948855}, "geometry": {"type": "Point", "coordinates": [121.5948855, 25.0544962]}}, {"type": "Feature", "id": "dt_wsqqv68pc", "properties": {"id": "dt_wsqqv68pc", "status": "auto", "conf": 0.8361, "n_detections": 1, "heading_deg": 59.4, "length_m": 9.63, "width_m": 3.09, "corner": "NW", "intersection_id": "TPS_02360", "intersection_dist_m": 11.0, "osm_node_id": null, "serves_from_bearing": 239.4, "serves_to_bearing": 149.4, "serves_quality": "ambiguous", "imagery_source": "taipei_udd_ortho_2025", "model_version": "yolo26s-obb_ep144", "src_image": "TPS_02360", "src_px": "450.1,424.9;426.6,385.5;304.0,458.6;327.5,498.1", "lat": 25.1078716, "lon": 121.5198565}, "geometry": {"type": "Point", "coordinates": [121.5198565, 25.1078716]}}, {"type": "Feature", "id": "dt_wsqqtdhfb", "properties": {"id": "dt_wsqqtdhfb", "status": "auto", "conf": 0.8336, "n_detections": 1, "heading_deg": 178.5, "length_m": 4.77, "width_m": 2.33, "corner": "NE", "intersection_id": "TPS_01431", "intersection_dist_m": 8.0, "osm_node_id": null, "serves_from_bearing": 358.5, "serves_to_bearing": 268.5, "serves_quality": "good", "imagery_source": "taipei_udd_ortho_2025", "model_version": "yolo26s-obb_ep144", "src_image": "TPS_01431", "src_px": "534.6,471.0;532.7,400.0;498.3,400.9;500.2,471.9", "lat": 25.0603009, "lon": 121.5372878}, "geometry": {"type": "Point", "coordinates": [121.5372878, 25.0603009]}}, {"type": "Feature", "id": "dt_wsqqvk170", "properties": {"id": "dt_wsqqvk170", "status": "auto", "conf": 0.8331, "n_detections": 1, "heading_deg": 9.5, "length_m": 2.33, "width_m": 1.67, "corner": "NW", "intersection_id": "TPS_02322", "intersection_dist_m": 27.5, "osm_node_id": null, "serves_from_bearing": 279.5, "serves_to_bearing": 189.5, "serves_quality": "good", "imagery_source": "taipei_udd_ortho_2025", "model_version": "yolo26s-obb_ep144", "src_image": "TPS_02322", "src_px": "18.8,286.8;24.5,252.5;0.2,248.4;-5.5,282.8", "lat": 25.1152829, "lon": 121.5214984}, "geometry": {"type": "Point", "coordinates": [121.5214984, 25.1152829]}}, {"type": "Feature", "id": "dt_wsqqkv4h6", "properties": {"id": "dt_wsqqkv4h6", "status": "auto", "conf": 0.8321, "n_detections": 1, "heading_deg": 9.9, "length_m": 8.51, "width_m": 2.68, "corner": "NE", "intersection_id": "TPS_00928", "intersection_dist_m": 17.6, "osm_node_id": null, "serves_from_bearing": 9.9, "serves_to_bearing": 279.9, "serves_quality": "good", "imagery_source": "taipei_udd_ortho_2025", "model_version": "yolo26s-obb_ep144", "src_image": "TPS_00928", "src_px": "682.1,485.6;703.7,360.8;664.7,354.1;643.2,478.8", "lat": 25.033095, "lon": 121.5006576}, "geometry": {"type": "Point", "coordinates": [121.5006576, 25.033095]}}, {"type": "Feature", "id": "dt_wsqqmjnu5", "properties": {"id": "dt_wsqqmjnu5", "status": "auto", "conf": 0.8317, "n_detections": 1, "heading_deg": 146.0, "length_m": 4.31, "width_m": 2.32, "corner": "NE", "intersection_id": "TPS_00552", "intersection_dist_m": 16.8, "osm_node_id": null, "serves_from_bearing": 326.0, "serves_to_bearing": 236.0, "serves_quality": "good", "imagery_source": "taipei_udd_ortho_2025", "model_version": "yolo26s-obb_ep144", "src_image": "TPS_00552", "src_px": "777.1,225.9;741.5,172.7;712.9,191.9;748.5,245.0", "lat": 25.0330676, "lon": 121.518215}, "geometry": {"type": "Point", "coordinates": [121.518215, 25.0330676]}}, {"type": "Feature", "id": "dt_wsqqt5wfe", "properties": {"id": "dt_wsqqt5wfe", "status": "auto", "conf": 0.8317, "n_detections": 1, "heading_deg": 179.6, "length_m": 4.85, "width_m": 4.31, "corner": "SW", "intersection_id": "TPS_02526", "intersection_dist_m": 31.6, "osm_node_id": null, "serves_from_bearing": 179.6, "serves_to_bearing": 89.6, "serves_quality": "good", "imagery_source": "taipei_udd_ortho_2025", "model_version": "yolo26s-obb_ep144", "src_image": "TPS_02526", "src_px": "285.2,1029.2;284.7,957.0;220.9,957.5;221.5,1029.7", "lat": 25.0685147, "lon": 121.5182285}, "geometry": {"type": "Point", "coordinates": [121.5182285, 25.0685147]}}, {"type": "Feature", "id": "dt_wsqqmr5yu", "properties": {"id": "dt_wsqqmr5yu", "status": "auto", "conf": 0.831, "n_detections": 2, "heading_deg": 102.2, "length_m": 10.9, "width_m": 3.36, "corner": "NW", "intersection_id": "TPS_00889", "intersection_dist_m": 12.0, "osm_node_id": null, "serves_from_bearing": 282.2, "serves_to_bearing": 192.2, "serves_quality": "ambiguous", "imagery_source": "taipei_udd_ortho_2025", "model_version": "yolo26s-obb_ep144", "src_image": "TPS_00889", "src_px": "386.7,621.3;397.3,572.5;239.7,538.3;229.0,587.1", "lat": 25.0445069, "lon": 121.5251352}, "geometry": {"type": "Point", "coordinates": [121.5251352, 25.0445069]}}, {"type": "Feature", "id": "dt_wsqqkzzpv", "properties": {"id": "dt_wsqqkzzpv", "status": "auto", "conf": 0.8309, "n_detections": 1, "heading_deg": 98.5, "length_m": 3.64, "width_m": 3.47, "corner": "NE", "intersection_id": "TPS_00774", "intersection_dist_m": 19.0, "osm_node_id": null, "serves_from_bearing": 8.5, "serves_to_bearing": 278.5, "serves_quality": "ambiguous", "imagery_source": "taipei_udd_ortho_2025", "model_version": "yolo26s-obb_ep144", "src_image": "TPS_00774", "src_px": "650.6,190.9;658.3,139.9;605.1,131.9;597.4,182.9", "lat": 25.0488046, "lon": 121.5076651}, "geometry": {"type": "Point", "coordinates": [121.5076651, 25.0488046]}}, {"type": "Feature", "id": "dt_wsqqt6mzt", "properties": {"id": "dt_wsqqt6mzt", "status": "auto", "conf": 0.8308, "n_detections": 2, "heading_deg": 89.5, "length_m": 7.51, "width_m": 1.89, "corner": "SE", "intersection_id": "TPS_00045", "intersection_dist_m": 30.7, "osm_node_id": null, "serves_from_bearing": 89.5, "serves_to_bearing": 359.5, "serves_quality": "good", "imagery_source": "taipei_udd_ortho_2025", "model_version": "yolo26s-obb_ep144", "src_image": "TPS_00045", "src_px": "901.2,670.4;900.9,642.3;789.9,643.3;790.2,671.4", "lat": 25.0624993, "lon": 121.5278955}, "geometry": {"type": "Point", "coordinates": [121.5278955, 25.0624993]}}, {"type": "Feature", "id": "dt_wsqqqm57b", "properties": {"id": "dt_wsqqqm57b", "status": "auto", "conf": 0.8302, "n_detections": 1, "heading_deg": 85.7, "length_m": 6.04, "width_m": 2.81, "corner": "NW", "intersection_id": "TPS_00133", "intersection_dist_m": 21.1, "osm_node_id": null, "serves_from_bearing": 265.7, "serves_to_bearing": 175.7, "serves_quality": "good", "imagery_source": "taipei_udd_ortho_2025", "model_version": "yolo26s-obb_ep144", "src_image": "TPS_00133", "src_px": "352.9,350.0;349.8,308.3;260.8,315.0;264.0,356.7", "lat": 25.0329925, "lon": 121.568218}, "geometry": {"type": "Point", "coordinates": [121.568218, 25.0329925]}}, {"type": "Feature", "id": "dt_wsqqkvyrq", "properties": {"id": "dt_wsqqkvyrq", "status": "auto", "conf": 0.8297, "n_detections": 1, "heading_deg": 12.3, "length_m": 3.1, "width_m": 2.22, "corner": "NE", "intersection_id": "TPS_01075", "intersection_dist_m": 34.7, "osm_node_id": null, "serves_from_bearing": 12.3, "serves_to_bearing": 282.3, "serves_quality": "good", "imagery_source": "taipei_udd_ortho_2025", "model_version": "yolo26s-obb_ep144", "src_image": "TPS_01075", "src_px": "945.1,266.1;954.9,221.0;922.8,214.0;913.0,259.2", "lat": 25.0377146, "lon": 121.5066687}, "geometry": {"type": "Point", "coordinates": [121.5066687, 25.0377146]}}, {"type": "Feature", "id": "dt_wsqqwgwgx", "properties": {"id": "dt_wsqqwgwgx", "status": "auto", "conf": 0.8292, "n_detections": 1, "heading_deg": 110.4, "length_m": 3.95, "width_m": 2.0, "corner": "NW", "intersection_id": "TPS_00391", "intersection_dist_m": 14.6, "osm_node_id": null, "serves_from_bearing": 290.4, "serves_to_bearing": 200.4, "serves_quality": "good", "imagery_source": "taipei_udd_ortho_2025", "model_version": "yolo26s-obb_ep144", "src_image": "TPS_00391", "src_px": "487.5,222.9;497.9,195.1;443.2,174.6;432.7,202.4", "lat": 25.0686863, "lon": 121.5952751}, "geometry": {"type": "Point", "coordinates": [121.5952751, 25.0686863]}}, {"type": "Feature", "id": "dt_wsqqw847c", "properties": {"id": "dt_wsqqw847c", "status": "auto", "conf": 0.8292, "n_detections": 1, "heading_deg": 1.4, "length_m": 7.68, "width_m": 2.8, "corner": "SE", "intersection_id": "TPS_00982", "intersection_dist_m": 10.9, "osm_node_id": null, "serves_from_bearing": 91.4, "serves_to_bearing": 1.4, "serves_quality": "ambiguous", "imagery_source": "taipei_udd_ortho_2025", "model_version": "yolo26s-obb_ep144", "src_image": "TPS_00982", "src_px": "654.7,591.6;657.5,477.3;616.1,476.3;613.3,590.6", "lat": 25.0495113, "lon": 121.5778797}, "geometry": {"type": "Point", "coordinates": [121.5778797, 25.0495113]}}, {"type": "Feature", "id": "dt_wsqqwg5s7", "properties": {"id": "dt_wsqqwg5s7", "status": "auto", "conf": 0.8283, "n_detections": 1, "heading_deg": 6.6, "length_m": 4.46, "width_m": 2.38, "corner": "SE", "intersection_id": "TPS_01004", "intersection_dist_m": 11.4, "osm_node_id": null, "serves_from_bearing": 6.6, "serves_to_bearing": 276.6, "serves_quality": "ambiguous", "imagery_source": "taipei_udd_ortho_2025", "model_version": "yolo26s-obb_ep144", "src_image": "TPS_01004", "src_px": "719.6,435.2;727.2,369.2;692.3,365.2;684.8,431.2", "lat": 25.0660761, "lon": 121.5906299}, "geometry": {"type": "Point", "coordinates": [121.5906299, 25.0660761]}}, {"type": "Feature", "id": "dt_wsqqmuv24", "properties": {"id": "dt_wsqqmuv24", "status": "auto", "conf": 0.8282, "n_detections": 1, "heading_deg": 178.7, "length_m": 2.7, "width_m": 2.41, "corner": "NE", "intersection_id": "TPS_00064", "intersection_dist_m": 30.2, "osm_node_id": null, "serves_from_bearing": 358.7, "serves_to_bearing": 268.7, "serves_quality": "good", "imagery_source": "taipei_udd_ortho_2025", "model_version": "yolo26s-obb_ep144", "src_image": "TPS_00064", "src_px": "966.5,582.6;965.6,542.4;930.0,543.2;930.8,583.4", "lat": 25.030986, "lon": 121.5490787}, "geometry": {"type": "Point", "coordinates": [121.5490787, 25.030986]}}, {"type": "Feature", "id": "dt_wsqqmv5n9", "properties": {"id": "dt_wsqqmv5n9", "status": "auto", "conf": 0.8277, "n_detections": 1, "heading_deg": 85.6, "length_m": 3.63, "width_m": 2.34, "corner": "NW", "intersection_id": "TPS_00286", "intersection_dist_m": 16.4, "osm_node_id": null, "serves_from_bearing": 265.6, "serves_to_bearing": 175.6, "serves_quality": "good", "imagery_source": "taipei_udd_ortho_2025", "model_version": "yolo26s-obb_ep144", "src_image": "TPS_00286", "src_px": "373.7,320.3;371.1,285.6;317.6,289.7;320.2,324.4", "lat": 25.0334758, "lon": 121.545928}, "geometry": {"type": "Point", "coordinates": [121.545928, 25.0334758]}}, {"type": "Feature", "id": "dt_wsqqxhmrj", "properties": {"id": "dt_wsqqxhmrj", "status": "auto", "conf": 0.8274, "n_detections": 1, "heading_deg": 85.9, "length_m": 3.34, "width_m": 2.63, "corner": "SE", "intersection_id": "TPS_01024", "intersection_dist_m": 8.0, "osm_node_id": null, "serves_from_bearing": 85.9, "serves_to_bearing": 355.9, "serves_quality": "ambiguous", "imagery_source": "taipei_udd_ortho_2025", "model_version": "yolo26s-obb_ep144", "src_image": "TPS_01024", "src_px": "602.4,647.3;599.5,608.3;550.2,611.9;553.1,650.8", "lat": 25.0734003, "lon": 121.6041043}, "geometry": {"type": "Point", "coordinates": [121.6041043, 25.0734003]}}, {"type": "Feature", "id": "dt_wsqqtcj2p", "properties": {"id": "dt_wsqqtcj2p", "status": "auto", "conf": 0.8263, "n_detections": 1, "heading_deg": 174.4, "length_m": 3.73, "width_m": 3.04, "corner": "NE", "intersection_id": "TPS_01114", "intersection_dist_m": 26.7, "osm_node_id": null, "serves_from_bearing": 354.4, "serves_to_bearing": 264.4, "serves_quality": "good", "imagery_source": "taipei_udd_ortho_2025", "model_version": "yolo26s-obb_ep144", "src_image": "TPS_01114", "src_px": "773.3,304.4;767.9,249.2;723.2,253.6;728.6,308.8", "lat": 25.0543316, "lon": 121.5492879}, "geometry": {"type": "Point", "coordinates": [121.5492879, 25.0543316]}}, {"type": "Feature", "id": "dt_wsqqt3tw4", "properties": {"id": "dt_wsqqt3tw4", "status": "auto", "conf": 0.8261, "n_detections": 1, "heading_deg": 92.0, "length_m": 8.13, "width_m": 2.61, "corner": "NW", "intersection_id": "TPS_01491", "intersection_dist_m": 11.4, "osm_node_id": null, "serves_from_bearing": 272.0, "serves_to_bearing": 182.0, "serves_quality": "ambiguous", "imagery_source": "taipei_udd_ortho_2025", "model_version": "yolo26s-obb_ep144", "src_image": "TPS_01491", "src_px": "471.0,452.7;472.3,413.9;352.1,409.6;350.7,448.5", "lat": 25.0581268, "lon": 121.5274328}, "geometry": {"type": "Point", "coordinates": [121.5274328, 25.0581268]}}, {"type": "Feature", "id": "dt_wsqqmhhjx", "properties": {"id": "dt_wsqqmhhjx", "status": "auto", "conf": 0.8241, "n_detections": 1, "heading_deg": 105.6, "length_m": 7.13, "width_m": 2.54, "corner": "NE", "intersection_id": "TPS_00122", "intersection_dist_m": 29.4, "osm_node_id": null, "serves_from_bearing": 285.6, "serves_to_bearing": 195.6, "serves_quality": "good", "imagery_source": "taipei_udd_ortho_2025", "model_version": "yolo26s-obb_ep144", "src_image": "TPS_00122", "src_px": "523.0,171.2;533.2,134.8;431.6,106.3;421.4,142.8", "lat": 25.0278218, "lon": 121.5146023}, "geometry": {"type": "Point", "coordinates": [121.5146023, 25.0278218]}}, {"type": "Feature", "id": "dt_wsqqt0y9u", "properties": {"id": "dt_wsqqt0y9u", "status": "auto", "conf": 0.8238, "n_detections": 1, "heading_deg": 14.6, "length_m": 5.3, "width_m": 2.58, "corner": "NE", "intersection_id": "TPS_00153", "intersection_dist_m": 19.1, "osm_node_id": null, "serves_from_bearing": 14.6, "serves_to_bearing": 284.6, "serves_quality": "good", "imagery_source": "taipei_udd_ortho_2025", "model_version": "yolo26s-obb_ep144", "src_image": "TPS_00153", "src_px": "780.5,509.5;800.2,433.1;763.3,423.5;743.6,499.9", "lat": 25.0532846, "lon": 121.5178897}, "geometry": {"type": "Point", "coordinates": [121.5178897, 25.0532846]}}, {"type": "Feature", "id": "dt_wsqqwghb4", "properties": {"id": "dt_wsqqwghb4", "status": "auto", "conf": 0.8221, "n_detections": 1, "heading_deg": 17.0, "length_m": 7.23, "width_m": 3.06, "corner": "SW", "intersection_id": "TPS_02056", "intersection_dist_m": 28.1, "osm_node_id": null, "serves_from_bearing": 197.0, "serves_to_bearing": 107.0, "serves_quality": "good", "imagery_source": "taipei_udd_ortho_2025", "model_version": "yolo26s-obb_ep144", "src_image": "TPS_02056", "src_px": "145.1,695.0;176.4,592.0;133.1,578.8;101.7,681.8", "lat": 25.0653103, "lon": 121.5923097}, "geometry": {"type": "Point", "coordinates": [121.5923097, 25.0653103]}}, {"type": "Feature", "id": "dt_wsqqmmprj", "properties": {"id": "dt_wsqqmmprj", "status": "auto", "conf": 0.8217, "n_detections": 1, "heading_deg": 89.5, "length_m": 3.2, "width_m": 2.45, "corner": "SW", "intersection_id": "TPS_00315", "intersection_dist_m": 15.5, "osm_node_id": null, "serves_from_bearing": 179.5, "serves_to_bearing": 89.5, "serves_quality": "good", "imagery_source": "taipei_udd_ortho_2025", "model_version": "yolo26s-obb_ep144", "src_image": "TPS_00315", "src_px": "617.0,650.7;616.7,614.3;569.4,614.7;569.8,651.2", "lat": 25.0335877, "lon": 121.5299579}, "geometry": {"type": "Point", "coordinates": [121.5299579, 25.0335877]}}, {"type": "Feature", "id": "dt_wsqqt8seh", "properties": {"id": "dt_wsqqt8seh", "status": "auto", "conf": 0.8214, "n_detections": 1, "heading_deg": 2.6, "length_m": 9.27, "width_m": 3.36, "corner": "NE", "intersection_id": "TPS_00624", "intersection_dist_m": 16.0, "osm_node_id": null, "serves_from_bearing": 2.6, "serves_to_bearing": 272.6, "serves_quality": "good", "imagery_source": "taipei_udd_ortho_2025", "model_version": "yolo26s-obb_ep144", "src_image": "TPS_00624", "src_px": "834.4,453.2;840.6,315.4;790.9,313.2;784.6,450.9", "lat": 25.0520911, "lon": 121.5371431}, "geometry": {"type": "Point", "coordinates": [121.5371431, 25.0520911]}}, {"type": "Feature", "id": "dt_wsqqvs18t", "properties": {"id": "dt_wsqqvs18t", "status": "auto", "conf": 0.8213, "n_detections": 1, "heading_deg": 35.3, "length_m": 4.66, "width_m": 2.16, "corner": "SE", "intersection_id": "TPS_00946", "intersection_dist_m": 15.5, "osm_node_id": null, "serves_from_bearing": 35.3, "serves_to_bearing": 305.3, "serves_quality": "good", "imagery_source": "taipei_udd_ortho_2025", "model_version": "yolo26s-obb_ep144", "src_image": "TPS_00946", "src_px": "625.8,741.2;665.6,684.5;639.4,666.1;599.6,722.8", "lat": 25.1148627, "lon": 121.5330742}, "geometry": {"type": "Point", "coordinates": [121.5330742, 25.1148627]}}, {"type": "Feature", "id": "dt_wsqqx3ytb", "properties": {"id": "dt_wsqqx3ytb", "status": "auto", "conf": 0.8212, "n_detections": 1, "heading_deg": 125.0, "length_m": 3.29, "width_m": 2.21, "corner": "NE", "intersection_id": "TPS_00853", "intersection_dist_m": 13.8, "osm_node_id": null, "serves_from_bearing": 305.0, "serves_to_bearing": 215.0, "serves_quality": "ambiguous", "imagery_source": "taipei_udd_ortho_2025", "model_version": "yolo26s-obb_ep144", "src_image": "TPS_00853", "src_px": "586.1,315.7;605.0,288.9;565.1,260.8;546.2,287.6", "lat": 25.0594576, "lon": 121.6166351}, "geometry": {"type": "Point", "coordinates": [121.6166351, 25.0594576]}}, {"type": "Feature", "id": "dt_wsqqmne49", "properties": {"id": "dt_wsqqmne49", "status": "auto", "conf": 0.8207, "n_detections": 1, "heading_deg": 7.1, "length_m": 9.4, "width_m": 2.95, "corner": "SW", "intersection_id": "TPS_02249", "intersection_dist_m": 9.6, "osm_node_id": null, "serves_from_bearing": 187.1, "serves_to_bearing": 97.1, "serves_quality": "good", "imagery_source": "taipei_udd_ortho_2025", "model_version": "yolo26s-obb_ep144", "src_image": "TPS_02249", "src_px": "339.5,485.3;356.7,346.4;313.4,341.0;296.2,480.0", "lat": 25.0410311, "lon": 121.5129562}, "geometry": {"type": "Point", "coordinates": [121.5129562, 25.0410311]}}, {"type": "Feature", "id": "dt_wsqqt29gs", "properties": {"id": "dt_wsqqt29gs", "status": "auto", "conf": 0.8197, "n_detections": 1, "heading_deg": 10.1, "length_m": 5.79, "width_m": 3.21, "corner": "SW", "intersection_id": "TPS_00051", "intersection_dist_m": 20.9, "osm_node_id": null, "serves_from_bearing": 190.1, "serves_to_bearing": 100.1, "serves_quality": "good", "imagery_source": "taipei_udd_ortho_2025", "model_version": "yolo26s-obb_ep144", "src_image": "TPS_00051", "src_px": "271.9,740.1;286.9,655.3;240.2,647.1;225.2,731.9", "lat": 25.0522136, "lon": 121.5223503}, "geometry": {"type": "Point", "coordinates": [121.5223503, 25.0522136]}}, {"type": "Feature", "id": "dt_wsqqktt2y", "properties": {"id": "dt_wsqqktt2y", "status": "auto", "conf": 0.8197, "n_detections": 1, "heading_deg": 120.9, "length_m": 6.7, "width_m": 2.58, "corner": "SW", "intersection_id": "TPS_00159", "intersection_dist_m": 19.8, "osm_node_id": null, "serves_from_bearing": 120.9, "serves_to_bearing": 30.9, "serves_quality": "good", "imagery_source": "taipei_udd_ortho_2025", "model_version": "yolo26s-obb_ep144", "src_image": "TPS_00159", "src_px": "450.8,762.1;470.6,729.3;385.6,678.0;365.8,710.9", "lat": 25.0352455, "lon": 121.4943066}, "geometry": {"type": "Point", "coordinates": [121.4943066, 25.0352455]}}, {"type": "Feature", "id": "dt_wsqqwbq0e", "properties": {"id": "dt_wsqqwbq0e", "status": "auto", "conf": 0.8197, "n_detections": 1, "heading_deg": 75.7, "length_m": 3.26, "width_m": 2.32, "corner": "SE", "intersection_id": "TPS_00844", "intersection_dist_m": 13.0, "osm_node_id": null, "serves_from_bearing": 75.7, "serves_to_bearing": 345.7, "serves_quality": "good", "imagery_source": "taipei_udd_ortho_2025", "model_version": "yolo26s-obb_ep144", "src_image": "TPS_00844", "src_px": "510.6,746.4;502.0,713.0;455.3,725.0;464.0,758.4", "lat": 25.0503219, "lon": 121.5940853}, "geometry": {"type": "Point", "coordinates": [121.5940853, 25.0503219]}}, {"type": "Feature", "id": "dt_wsqqkvjqk", "properties": {"id": "dt_wsqqkvjqk", "status": "auto", "conf": 0.8184, "n_detections": 1, "heading_deg": 36.7, "length_m": 4.99, "width_m": 2.2, "corner": "NW", "intersection_id": "TPS_00916", "intersection_dist_m": 11.1, "osm_node_id": null, "serves_from_bearing": 216.7, "serves_to_bearing": 126.7, "serves_quality": "good", "imagery_source": "taipei_udd_ortho_2025", "model_version": "yolo26s-obb_ep144", "src_image": "TPS_00916", "src_px": "254.0,407.7;298.1,348.2;271.9,328.8;227.9,388.4", "lat": 25.0334373, "lon": 121.5051889}, "geometry": {"type": "Point", "coordinates": [121.5051889, 25.0334373]}}, {"type": "Feature", "id": "dt_wsqqv6hgw", "properties": {"id": "dt_wsqqv6hgw", "status": "auto", "conf": 0.8161, "n_detections": 1, "heading_deg": 75.3, "length_m": 7.16, "width_m": 2.69, "corner": "NW", "intersection_id": "TPS_00955", "intersection_dist_m": 16.7, "osm_node_id": null, "serves_from_bearing": 255.3, "serves_to_bearing": 165.3, "serves_quality": "ambiguous", "imagery_source": "taipei_udd_ortho_2025", "model_version": "yolo26s-obb_ep144", "src_image": "TPS_00955", "src_px": "477.1,286.3;466.9,247.5;364.5,274.5;374.7,313.3", "lat": 25.1043944, "lon": 121.5265807}, "geometry": {"type": "Point", "coordinates": [121.5265807, 25.1043944]}}, {"type": "Feature", "id": "dt_wsqqnmt6k", "properties": {"id": "dt_wsqqnmt6k", "status": "auto", "conf": 0.8158, "n_detections": 1, "heading_deg": 95.9, "length_m": 6.58, "width_m": 2.3, "corner": "SE", "intersection_id": "TPS_00217", "intersection_dist_m": 14.5, "osm_node_id": null, "serves_from_bearing": 95.9, "serves_to_bearing": 5.9, "serves_quality": "good", "imagery_source": "taipei_udd_ortho_2025", "model_version": "yolo26s-obb_ep144", "src_image": "TPS_00217", "src_px": "604.4,685.5;607.9,651.5;511.1,641.4;507.5,675.4", "lat": 24.9915673, "lon": 121.5711328}, "geometry": {"type": "Point", "coordinates": [121.5711328, 24.9915673]}}, {"type": "Feature", "id": "dt_wsqqnmmh1", "properties": {"id": "dt_wsqqnmmh1", "status": "auto", "conf": 0.8154, "n_detections": 2, "heading_deg": 54.0, "length_m": 7.21, "width_m": 3.09, "corner": "NW", "intersection_id": "TPS_01157", "intersection_dist_m": 12.2, "osm_node_id": null, "serves_from_bearing": 234.0, "serves_to_bearing": 144.0, "serves_quality": "good", "imagery_source": "taipei_udd_ortho_2025", "model_version": "yolo26s-obb_ep144", "src_image": "TPS_01157", "src_px": "399.0,384.8;371.9,347.8;285.6,410.8;312.8,447.9", "lat": 24.990484, "lon": 121.570645}, "geometry": {"type": "Point", "coordinates": [121.570645, 24.990484]}}, {"type": "Feature", "id": "dt_wsqqwtqms", "properties": {"id": "dt_wsqqwtqms", "status": "auto", "conf": 0.814, "n_detections": 1, "heading_deg": 90.2, "length_m": 3.98, "width_m": 2.12, "corner": "NW", "intersection_id": "TPS_00833", "intersection_dist_m": 14.1, "osm_node_id": null, "serves_from_bearing": 270.2, "serves_to_bearing": 180.2, "serves_quality": "good", "imagery_source": "taipei_udd_ortho_2025", "model_version": "yolo26s-obb_ep144", "src_image": "TPS_00833", "src_px": "347.5,468.1;347.7,436.6;288.9,436.4;288.8,467.9", "lat": 25.0786389, "lon": 121.5835035}, "geometry": {"type": "Point", "coordinates": [121.5835035, 25.0786389]}}, {"type": "Feature", "id": "dt_wsqqm7vwn", "properties": {"id": "dt_wsqqm7vwn", "status": "auto", "conf": 0.813, "n_detections": 1, "heading_deg": 93.4, "length_m": 9.05, "width_m": 2.76, "corner": "SE", "intersection_id": "TPS_01037", "intersection_dist_m": 16.9, "osm_node_id": null, "serves_from_bearing": 93.4, "serves_to_bearing": 3.4, "serves_quality": "good", "imagery_source": "taipei_udd_ortho_2025", "model_version": "yolo26s-obb_ep144", "src_image": "TPS_01037", "src_px": "500.7,766.8;503.2,725.8;369.6,717.9;367.2,758.9", "lat": 25.0265218, "lon": 121.5276203}, "geometry": {"type": "Point", "coordinates": [121.5276203, 25.0265218]}}, {"type": "Feature", "id": "dt_wsqqmysuy", "properties": {"id": "dt_wsqqmysuy", "status": "auto", "conf": 0.8121, "n_detections": 2, "heading_deg": 3.7, "length_m": 8.72, "width_m": 3.23, "corner": "SE", "intersection_id": "TPS_02508", "intersection_dist_m": 17.4, "osm_node_id": null, "serves_from_bearing": 93.7, "serves_to_bearing": 3.7, "serves_quality": "good", "imagery_source": "taipei_udd_ortho_2025", "model_version": "yolo26s-obb_ep144", "src_image": "TPS_02508", "src_px": "681.8,572.8;690.2,443.3;642.5,440.2;634.2,569.7", "lat": 25.041441, "lon": 121.5485435}, "geometry": {"type": "Point", "coordinates": [121.5485435, 25.041441]}}, {"type": "Feature", "id": "dt_wsqqmmdpt", "properties": {"id": "dt_wsqqmmdpt", "status": "auto", "conf": 0.8107, "n_detections": 1, "heading_deg": 113.7, "length_m": 5.83, "width_m": 2.42, "corner": "NE", "intersection_id": "TPS_00374", "intersection_dist_m": 17.9, "osm_node_id": null, "serves_from_bearing": 293.7, "serves_to_bearing": 203.7, "serves_quality": "good", "imagery_source": "taipei_udd_ortho_2025", "model_version": "yolo26s-obb_ep144", "src_image": "TPS_00374", "src_px": "656.3,391.0;670.9,358.1;592.0,323.2;577.5,356.1", "lat": 25.0363993, "lon": 121.5227689}, "geometry": {"type": "Point", "coordinates": [121.5227689, 25.0363993]}}, {"type": "Feature", "id": "dt_wsqqqjcyq", "properties": {"id": "dt_wsqqqjcyq", "status": "auto", "conf": 0.8103, "n_detections": 1, "heading_deg": 174.6, "length_m": 8.0, "width_m": 3.42, "corner": "SW", "intersection_id": "TPS_00127", "intersection_dist_m": 19.8, "osm_node_id": null, "serves_from_bearing": 174.6, "serves_to_bearing": 84.6, "serves_quality": "good", "imagery_source": "taipei_udd_ortho_2025", "model_version": "yolo26s-obb_ep144", "src_image": "TPS_00127", "src_px": "441.7,819.8;430.6,701.2;380.3,705.9;391.4,824.5", "lat": 25.0375525, "lon": 121.5554132}, "geometry": {"type": "Point", "coordinates": [121.5554132, 25.0375525]}}, {"type": "Feature", "id": "dt_wsqqmrge7", "properties": {"id": "dt_wsqqmrge7", "status": "auto", "conf": 0.8097, "n_detections": 1, "heading_deg": 10.5, "length_m": 3.37, "width_m": 1.95, "corner": "NE", "intersection_id": "TPS_00728", "intersection_dist_m": 41.7, "osm_node_id": null, "serves_from_bearing": 10.5, "serves_to_bearing": 280.5, "serves_quality": "good", "imagery_source": "taipei_udd_ortho_2025", "model_version": "yolo26s-obb_ep144", "src_image": "TPS_00728", "src_px": "1019.9,434.8;1029.0,385.5;1000.6,380.2;991.5,429.5", "lat": 25.048033, "lon": 121.5247444}, "geometry": {"type": "Point", "coordinates": [121.5247444, 25.048033]}}, {"type": "Feature", "id": "dt_wsqqw43kc", "properties": {"id": "dt_wsqqw43kc", "status": "auto", "conf": 0.8096, "n_detections": 1, "heading_deg": 83.2, "length_m": 4.3, "width_m": 2.24, "corner": "NW", "intersection_id": "TPS_00079", "intersection_dist_m": 13.9, "osm_node_id": null, "serves_from_bearing": 263.2, "serves_to_bearing": 173.2, "serves_quality": "good", "imagery_source": "taipei_udd_ortho_2025", "model_version": "yolo26s-obb_ep144", "src_image": "TPS_00079", "src_px": "397.9,406.1;393.9,373.0;330.7,380.6;334.7,413.7", "lat": 25.0620373, "lon": 121.5545236}, "geometry": {"type": "Point", "coordinates": [121.5545236, 25.0620373]}}, {"type": "Feature", "id": "dt_wsqqksq3v", "properties": {"id": "dt_wsqqksq3v", "status": "auto", "conf": 0.8096, "n_detections": 1, "heading_deg": 108.7, "length_m": 4.58, "width_m": 2.86, "corner": "SW", "intersection_id": "TPS_00185", "intersection_dist_m": 18.1, "osm_node_id": null, "serves_from_bearing": 108.7, "serves_to_bearing": 18.7, "serves_quality": "good", "imagery_source": "taipei_udd_ortho_2025", "model_version": "yolo26s-obb_ep144", "src_image": "TPS_00185", "src_px": "617.3,756.0;631.1,715.8;566.9,693.9;553.2,734.0", "lat": 25.0285545, "lon": 121.4956249}, "geometry": {"type": "Point", "coordinates": [121.4956249, 25.0285545]}}, {"type": "Feature", "id": "dt_wsqqqq86g", "properties": {"id": "dt_wsqqqq86g", "status": "auto", "conf": 0.809, "n_detections": 1, "heading_deg": 28.7, "length_m": 7.13, "width_m": 2.45, "corner": "SW", "intersection_id": "TPS_00129", "intersection_dist_m": 28.1, "osm_node_id": null, "serves_from_bearing": 208.7, "serves_to_bearing": 118.7, "serves_quality": "good", "imagery_source": "taipei_udd_ortho_2025", "model_version": "yolo26s-obb_ep144", "src_image": "TPS_00129", "src_px": "221.2,625.1;271.8,531.9;239.9,514.6;189.3,607.8", "lat": 25.0410914, "lon": 121.5642186}, "geometry": {"type": "Point", "coordinates": [121.5642186, 25.0410914]}}, {"type": "Feature", "id": "dt_wsqqmre46", "properties": {"id": "dt_wsqqmre46", "status": "auto", "conf": 0.8087, "n_detections": 1, "heading_deg": 11.2, "length_m": 3.59, "width_m": 2.67, "corner": "NE", "intersection_id": "TPS_00114", "intersection_dist_m": 26.4, "osm_node_id": null, "serves_from_bearing": 11.2, "serves_to_bearing": 281.2, "serves_quality": "good", "imagery_source": "taipei_udd_ortho_2025", "model_version": "yolo26s-obb_ep144", "src_image": "TPS_00114", "src_px": "948.5,425.8;958.8,373.3;920.1,365.7;909.9,418.2", "lat": 25.0464849, "lon": 121.5240068}, "geometry": {"type": "Point", "coordinates": [121.5240068, 25.0464849]}}, {"type": "Feature", "id": "dt_wsqqt89d2", "properties": {"id": "dt_wsqqt89d2", "status": "auto", "conf": 0.8086, "n_detections": 1, "heading_deg": 3.8, "length_m": 7.18, "width_m": 2.43, "corner": "SW", "intersection_id": "TPS_00136", "intersection_dist_m": 17.5, "osm_node_id": null, "serves_from_bearing": 183.8, "serves_to_bearing": 93.8, "serves_quality": "good", "imagery_source": "taipei_udd_ortho_2025", "model_version": "yolo26s-obb_ep144", "src_image": "TPS_00136", "src_px": "311.9,647.8;318.9,541.1;283.0,538.8;276.0,645.4", "lat": 25.0519635, "lon": 121.5328495}, "geometry": {"type": "Point", "coordinates": [121.5328495, 25.0519635]}}, {"type": "Feature", "id": "dt_wsqqv1dez", "properties": {"id": "dt_wsqqv1dez", "status": "auto", "conf": 0.808, "n_detections": 1, "heading_deg": 174.1, "length_m": 6.3, "width_m": 4.16, "corner": "NE", "intersection_id": "TPS_00402", "intersection_dist_m": 25.9, "osm_node_id": null, "serves_from_bearing": 354.1, "serves_to_bearing": 264.1, "serves_quality": "good", "imagery_source": "taipei_udd_ortho_2025", "model_version": "yolo26s-obb_ep144", "src_image": "TPS_00402", "src_px": "1004.7,467.4;995.1,374.1;933.9,380.4;943.5,473.7", "lat": 25.1016647, "lon": 121.5125289}, "geometry": {"type": "Point", "coordinates": [121.5125289, 25.1016647]}}, {"type": "Feature", "id": "dt_wsqqtj4ku", "properties": {"id": "dt_wsqqtj4ku", "status": "auto", "conf": 0.807, "n_detections": 1, "heading_deg": 172.8, "length_m": 2.06, "width_m": 1.37, "corner": "NW", "intersection_id": "TPS_01471", "intersection_dist_m": 8.9, "osm_node_id": null, "serves_from_bearing": 262.8, "serves_to_bearing": 172.8, "serves_quality": "ambiguous", "imagery_source": "taipei_udd_ortho_2025", "model_version": "yolo26s-obb_ep144", "src_image": "TPS_01471", "src_px": "573.2,390.0;569.4,359.6;549.3,362.1;553.1,392.6", "lat": 25.0771303, "lon": 121.5120836}, "geometry": {"type": "Point", "coordinates": [121.5120836, 25.0771303]}}, {"type": "Feature", "id": "dt_wsqqqq0pb", "properties": {"id": "dt_wsqqqq0pb", "status": "auto", "conf": 0.8054, "n_detections": 1, "heading_deg": 175.1, "length_m": 4.96, "width_m": 3.17, "corner": "NE", "intersection_id": "TPS_02412", "intersection_dist_m": 15.5, "osm_node_id": null, "serves_from_bearing": 355.1, "serves_to_bearing": 265.1, "serves_quality": "good", "imagery_source": "taipei_udd_ortho_2025", "model_version": "yolo26s-obb_ep144", "src_image": "TPS_02412", "src_px": "853.3,413.4;847.1,339.9;800.4,343.9;806.6,417.3", "lat": 25.0391857, "lon": 121.5637602}, "geometry": {"type": "Point", "coordinates": [121.5637602, 25.0391857]}}, {"type": "Feature", "id": "dt_wsqqt4s32", "properties": {"id": "dt_wsqqt4s32", "status": "auto", "conf": 0.8051, "n_detections": 1, "heading_deg": 91.8, "length_m": 9.26, "width_m": 4.68, "corner": "SW", "intersection_id": "TPS_00780", "intersection_dist_m": 25.0, "osm_node_id": null, "serves_from_bearing": 181.8, "serves_to_bearing": 91.8, "serves_quality": "good", "imagery_source": "taipei_udd_ortho_2025", "model_version": "yolo26s-obb_ep144", "src_image": "TPS_00780", "src_px": "363.3,1002.8;365.5,933.2;228.6,928.9;226.4,998.5", "lat": 25.0627781, "lon": 121.5146523}, "geometry": {"type": "Point", "coordinates": [121.5146523, 25.0627781]}}, {"type": "Feature", "id": "dt_wsqqm5mf3", "properties": {"id": "dt_wsqqm5mf3", "status": "auto", "conf": 0.8037, "n_detections": 1, "heading_deg": 178.4, "length_m": 3.56, "width_m": 1.57, "corner": "NW", "intersection_id": "TPS_01049", "intersection_dist_m": 13.3, "osm_node_id": null, "serves_from_bearing": 268.4, "serves_to_bearing": 178.4, "serves_quality": "good", "imagery_source": "taipei_udd_ortho_2025", "model_version": "yolo26s-obb_ep144", "src_image": "TPS_01049", "src_px": "339.5,436.5;338.0,383.6;314.8,384.3;316.3,437.1", "lat": 25.023146, "lon": 121.5167332}, "geometry": {"type": "Point", "coordinates": [121.5167332, 25.023146]}}, {"type": "Feature", "id": "dt_wsqqqj57g", "properties": {"id": "dt_wsqqqj57g", "status": "auto", "conf": 0.8033, "n_detections": 1, "heading_deg": 1.8, "length_m": 7.52, "width_m": 3.35, "corner": "SW", "intersection_id": "TPS_00040", "intersection_dist_m": 17.1, "osm_node_id": null, "serves_from_bearing": 181.8, "serves_to_bearing": 91.8, "serves_quality": "good", "imagery_source": "taipei_udd_ortho_2025", "model_version": "yolo26s-obb_ep144", "src_image": "TPS_00040", "src_px": "239.1,612.3;242.5,500.4;193.0,498.8;189.6,610.8", "lat": 25.0330125, "lon": 121.5573424}, "geometry": {"type": "Point", "coordinates": [121.5573424, 25.0330125]}}, {"type": "Feature", "id": "dt_wsqqw25bb", "properties": {"id": "dt_wsqqw25bb", "status": "auto", "conf": 0.8019, "n_detections": 1, "heading_deg": 23.0, "length_m": 9.21, "width_m": 2.58, "corner": "NE", "intersection_id": "TPS_02464", "intersection_dist_m": 10.5, "osm_node_id": null, "serves_from_bearing": 23.0, "serves_to_bearing": 293.0, "serves_quality": "good", "imagery_source": "taipei_udd_ortho_2025", "model_version": "yolo26s-obb_ep144", "src_image": "TPS_02464", "src_px": "522.9,442.8;576.1,316.6;540.9,301.7;487.7,428.0", "lat": 25.0489875, "lon": 121.5688839}, "geometry": {"type": "Point", "coordinates": [121.5688839, 25.0489875]}}, {"type": "Feature", "id": "dt_wsqqt29uy", "properties": {"id": "dt_wsqqt29uy", "status": "auto", "conf": 0.8014, "n_detections": 1, "heading_deg": 94.3, "length_m": 6.92, "width_m": 3.13, "corner": "NW", "intersection_id": "TPS_00051", "intersection_dist_m": 20.0, "osm_node_id": null, "serves_from_bearing": 274.3, "serves_to_bearing": 184.3, "serves_quality": "good", "imagery_source": "taipei_udd_ortho_2025", "model_version": "yolo26s-obb_ep144", "src_image": "TPS_00051", "src_px": "441.7,412.4;445.2,366.0;343.2,358.2;339.6,404.6", "lat": 25.0524009, "lon": 121.5224418}, "geometry": {"type": "Point", "coordinates": [121.5224418, 25.0524009]}}, {"type": "Feature", "id": "dt_wsqqqp79p", "properties": {"id": "dt_wsqqqp79p", "status": "auto", "conf": 0.8005, "n_detections": 1, "heading_deg": 86.6, "length_m": 9.51, "width_m": 2.61, "corner": "SE", "intersection_id": "TPS_00041", "intersection_dist_m": 24.5, "osm_node_id": null, "serves_from_bearing": 86.6, "serves_to_bearing": 356.6, "serves_quality": "good", "imagery_source": "taipei_udd_ortho_2025", "model_version": "yolo26s-obb_ep144", "src_image": "TPS_00041", "src_px": "775.9,962.4;773.6,923.6;633.2,932.0;635.5,970.8", "lat": 25.0449058, "lon": 121.5578417}, "geometry": {"type": "Point", "coordinates": [121.5578417, 25.0449058]}}, {"type": "Feature", "id": "dt_wsqqktyd3", "properties": {"id": "dt_wsqqktyd3", "status": "auto", "conf": 0.8001, "n_detections": 1, "heading_deg": 38.4, "length_m": 6.17, "width_m": 2.33, "corner": "SE", "intersection_id": "TPS_00930", "intersection_dist_m": 12.8, "osm_node_id": null, "serves_from_bearing": 38.4, "serves_to_bearing": 308.4, "serves_quality": "ambiguous", "imagery_source": "taipei_udd_ortho_2025", "model_version": "yolo26s-obb_ep144", "src_image": "TPS_00930", "src_px": "586.8,658.1;643.5,586.2;616.3,564.8;559.7,636.6", "lat": 25.0368669, "lon": 121.4958029}, "geometry": {"type": "Point", "coordinates": [121.4958029, 25.0368669]}}, {"type": "Feature", "id": "dt_wsqqt2xd0", "properties": {"id": "dt_wsqqt2xd0", "status": "review", "conf": 0.7999, "n_detections": 1, "heading_deg": 88.0, "length_m": 8.14, "width_m": 2.25, "corner": "SE", "intersection_id": "TPS_00665", "intersection_dist_m": 15.3, "osm_node_id": null, "serves_from_bearing": 88.0, "serves_to_bearing": 358.0, "serves_quality": "good", "imagery_source": "taipei_udd_ortho_2025", "model_version": "yolo26s-obb_ep144", "src_image": "TPS_00665", "src_px": "635.3,677.0;634.1,643.5;513.8,647.8;515.0,681.3", "lat": 25.0519215, "lon": 121.530117}, "geometry": {"type": "Point", "coordinates": [121.530117, 25.0519215]}}, {"type": "Feature", "id": "dt_wsqqmgxb2", "properties": {"id": "dt_wsqqmgxb2", "status": "review", "conf": 0.7982, "n_detections": 1, "heading_deg": 139.3, "length_m": 7.09, "width_m": 4.38, "corner": "SW", "intersection_id": "TPS_00001", "intersection_dist_m": 18.8, "osm_node_id": null, "serves_from_bearing": 139.3, "serves_to_bearing": 49.3, "serves_quality": "good", "imagery_source": "taipei_udd_ortho_2025", "model_version": "yolo26s-obb_ep144", "src_image": "TPS_00001", "src_px": "374.0,760.9;305.6,680.9;256.3,723.1;324.7,803.1", "lat": 25.0241889, "lon": 121.5524307}, "geometry": {"type": "Point", "coordinates": [121.5524307, 25.0241889]}}, {"type": "Feature", "id": "dt_wsqqn7cnu", "properties": {"id": "dt_wsqqn7cnu", "status": "review", "conf": 0.7982, "n_detections": 1, "heading_deg": 71.7, "length_m": 2.76, "width_m": 1.66, "corner": "SW", "intersection_id": "TPS_00033", "intersection_dist_m": 28.9, "osm_node_id": null, "serves_from_bearing": 161.7, "serves_to_bearing": 71.7, "serves_quality": "good", "imagery_source": "taipei_udd_ortho_2025", "model_version": "yolo26s-obb_ep144", "src_image": "TPS_00033", "src_px": "314.3,893.3;306.5,869.9;267.7,882.8;275.5,906.3", "lat": 24.9827175, "lon": 121.5652891}, "geometry": {"type": "Point", "coordinates": [121.5652891, 24.9827175]}}, {"type": "Feature", "id": "dt_wsqquyuyr", "properties": {"id": "dt_wsqquyuyr", "status": "review", "conf": 0.7977, "n_detections": 1, "heading_deg": 5.1, "length_m": 5.47, "width_m": 2.62, "corner": "SE", "intersection_id": "TPS_02087", "intersection_dist_m": 18.1, "osm_node_id": null, "serves_from_bearing": 95.1, "serves_to_bearing": 5.1, "serves_quality": "good", "imagery_source": "taipei_udd_ortho_2025", "model_version": "yolo26s-obb_ep144", "src_image": "TPS_02087", "src_px": "519.3,878.1;526.5,796.9;487.9,793.4;480.7,874.7", "lat": 25.1309464, "lon": 121.5046636}, "geometry": {"type": "Point", "coordinates": [121.5046636, 25.1309464]}}, {"type": "Feature", "id": "dt_wsqqt3dm7", "properties": {"id": "dt_wsqqt3dm7", "status": "review", "conf": 0.7974, "n_detections": 1, "heading_deg": 1.3, "length_m": 6.63, "width_m": 2.81, "corner": "NE", "intersection_id": "TPS_00143", "intersection_dist_m": 23.2, "osm_node_id": null, "serves_from_bearing": 1.3, "serves_to_bearing": 271.3, "serves_quality": "good", "imagery_source": "taipei_udd_ortho_2025", "model_version": "yolo26s-obb_ep144", "src_image": "TPS_00143", "src_px": "772.4,425.7;774.7,327.0;733.1,326.0;730.8,424.8", "lat": 25.0580049, "lon": 121.5230267}, "geometry": {"type": "Point", "coordinates": [121.5230267, 25.0580049]}}, {"type": "Feature", "id": "dt_wsqqt6t9m", "properties": {"id": "dt_wsqqt6t9m", "status": "review", "conf": 0.7973, "n_detections": 2, "heading_deg": 89.7, "length_m": 10.2, "width_m": 2.85, "corner": "NW", "intersection_id": "TPS_00045", "intersection_dist_m": 18.3, "osm_node_id": null, "serves_from_bearing": 269.7, "serves_to_bearing": 179.7, "serves_quality": "good", "imagery_source": "taipei_udd_ortho_2025", "model_version": "yolo26s-obb_ep144", "src_image": "TPS_00045", "src_px": "423.7,200.6;423.5,158.1;272.7,158.8;272.9,201.3", "lat": 25.0627891, "lon": 121.527562}, "geometry": {"type": "Point", "coordinates": [121.527562, 25.0627891]}}, {"type": "Feature", "id": "dt_wsqqtes01", "properties": {"id": "dt_wsqqtes01", "status": "review", "conf": 0.7965, "n_detections": 1, "heading_deg": 84.4, "length_m": 7.64, "width_m": 3.33, "corner": "SE", "intersection_id": "TPS_01221", "intersection_dist_m": 14.2, "osm_node_id": null, "serves_from_bearing": 84.4, "serves_to_bearing": 354.4, "serves_quality": "good", "imagery_source": "taipei_udd_ortho_2025", "model_version": "yolo26s-obb_ep144", "src_image": "TPS_01221", "src_px": "677.4,482.9;672.5,433.6;560.0,444.8;564.9,494.0", "lat": 25.0680588, "lon": 121.5363264}, "geometry": {"type": "Point", "coordinates": [121.5363264, 25.0680588]}}, {"type": "Feature", "id": "dt_wsqqmrdbv", "properties": {"id": "dt_wsqqmrdbv", "status": "review", "conf": 0.7964, "n_detections": 1, "heading_deg": 100.1, "length_m": 6.95, "width_m": 2.25, "corner": "SE", "intersection_id": "TPS_00114", "intersection_dist_m": 10.3, "osm_node_id": null, "serves_from_bearing": 100.1, "serves_to_bearing": 10.1, "serves_quality": "good", "imagery_source": "taipei_udd_ortho_2025", "model_version": "yolo26s-obb_ep144", "src_image": "TPS_00114", "src_px": "686.3,813.6;692.2,780.7;591.1,762.5;585.2,795.3", "lat": 25.0462466, "lon": 121.5238086}, "geometry": {"type": "Point", "coordinates": [121.5238086, 25.0462466]}}, {"type": "Feature", "id": "dt_wsqqks7db", "properties": {"id": "dt_wsqqks7db", "status": "review", "conf": 0.7956, "n_detections": 1, "heading_deg": 134.6, "length_m": 8.46, "width_m": 2.53, "corner": "NW", "intersection_id": "TPS_00349", "intersection_dist_m": 20.5, "osm_node_id": null, "serves_from_bearing": 224.6, "serves_to_bearing": 134.6, "serves_quality": "good", "imagery_source": "taipei_udd_ortho_2025", "model_version": "yolo26s-obb_ep144", "src_image": "TPS_00349", "src_px": "373.8,503.8;284.8,415.4;258.3,442.0;347.4,530.4", "lat": 25.0287076, "lon": 121.4916632}, "geometry": {"type": "Point", "coordinates": [121.4916632, 25.0287076]}}, {"type": "Feature", "id": "dt_wsqqv4msg", "properties": {"id": "dt_wsqqv4msg", "status": "review", "conf": 0.7943, "n_detections": 2, "heading_deg": 131.4, "length_m": 3.65, "width_m": 2.56, "corner": "SW", "intersection_id": "TPS_01084", "intersection_dist_m": 21.9, "osm_node_id": null, "serves_from_bearing": 131.4, "serves_to_bearing": 41.4, "serves_quality": "good", "imagery_source": "taipei_udd_ortho_2025", "model_version": "yolo26s-obb_ep144", "src_image": "TPS_01084", "src_px": "286.7,763.3;246.2,727.3;221.0,755.7;261.5,791.6", "lat": 25.1059689, "lon": 121.5165124}, "geometry": {"type": "Point", "coordinates": [121.5165124, 25.1059689]}}, {"type": "Feature", "id": "dt_wsqqtuqce", "properties": {"id": "dt_wsqqtuqce", "status": "review", "conf": 0.7937, "n_detections": 1, "heading_deg": 76.0, "length_m": 5.38, "width_m": 2.33, "corner": "NW", "intersection_id": "TPS_00057", "intersection_dist_m": 27.8, "osm_node_id": null, "serves_from_bearing": 256.0, "serves_to_bearing": 166.0, "serves_quality": "good", "imagery_source": "taipei_udd_ortho_2025", "model_version": "yolo26s-obb_ep144", "src_image": "TPS_00057", "src_px": "276.8,149.5;268.4,115.9;191.2,135.3;199.6,168.9", "lat": 25.0724523, "lon": 121.5511747}, "geometry": {"type": "Point", "coordinates": [121.5511747, 25.0724523]}}, {"type": "Feature", "id": "dt_wsqqtdkwn", "properties": {"id": "dt_wsqqtdkwn", "status": "review", "conf": 0.7921, "n_detections": 1, "heading_deg": 87.3, "length_m": 6.09, "width_m": 2.74, "corner": "SW", "intersection_id": "TPS_00611", "intersection_dist_m": 15.6, "osm_node_id": null, "serves_from_bearing": 177.3, "serves_to_bearing": 87.3, "serves_quality": "good", "imagery_source": "taipei_udd_ortho_2025", "model_version": "yolo26s-obb_ep144", "src_image": "TPS_00611", "src_px": "466.5,835.8;464.6,795.1;374.6,799.3;376.5,840.0", "lat": 25.0622462, "lon": 121.5372235}, "geometry": {"type": "Point", "coordinates": [121.5372235, 25.0622462]}}, {"type": "Feature", "id": "dt_wsqqt13zp", "properties": {"id": "dt_wsqqt13zp", "status": "review", "conf": 0.7899, "n_detections": 1, "heading_deg": 173.0, "length_m": 3.2, "width_m": 2.3, "corner": "SW", "intersection_id": "TPS_01584", "intersection_dist_m": 8.2, "osm_node_id": null, "serves_from_bearing": 173.0, "serves_to_bearing": 83.0, "serves_quality": "ambiguous", "imagery_source": "taipei_udd_ortho_2025", "model_version": "yolo26s-obb_ep144", "src_image": "TPS_01584", "src_px": "487.0,656.7;481.2,609.4;447.5,613.6;453.3,660.9", "lat": 25.0569144, "lon": 121.5115056}, "geometry": {"type": "Point", "coordinates": [121.5115056, 25.0569144]}}, {"type": "Feature", "id": "dt_wsqqmzc90", "properties": {"id": "dt_wsqqmzc90", "status": "review", "conf": 0.7873, "n_detections": 3, "heading_deg": 74.4, "length_m": 4.82, "width_m": 2.65, "corner": "SW", "intersection_id": "TPS_02536", "intersection_dist_m": 14.7, "osm_node_id": null, "serves_from_bearing": 164.4, "serves_to_bearing": 74.4, "serves_quality": "good", "imagery_source": "taipei_udd_ortho_2025", "model_version": "yolo26s-obb_ep144", "src_image": "TPS_02535", "src_px": "850.2,306.7;839.5,268.7;770.8,288.0;781.5,326.0", "lat": 25.0476333, "lon": 121.5438365}, "geometry": {"type": "Point", "coordinates": [121.5438365, 25.0476333]}}, {"type": "Feature", "id": "dt_wsqqqh0x7", "properties": {"id": "dt_wsqqqh0x7", "status": "review", "conf": 0.7862, "n_detections": 1, "heading_deg": 12.2, "length_m": 1.66, "width_m": 1.18, "corner": "NW", "intersection_id": "TPS_02187", "intersection_dist_m": 8.4, "osm_node_id": null, "serves_from_bearing": 282.2, "serves_to_bearing": 192.2, "serves_quality": "good", "imagery_source": "taipei_udd_ortho_2025", "model_version": "yolo26s-obb_ep144", "src_image": "TPS_02187", "src_px": "474.4,415.7;479.6,391.5;462.5,387.8;457.2,412.0", "lat": 25.0281287, "lon": 121.5535635}, "geometry": {"type": "Point", "coordinates": [121.5535635, 25.0281287]}}, {"type": "Feature", "id": "dt_wsqqx2w40", "properties": {"id": "dt_wsqqx2w40", "status": "review", "conf": 0.7851, "n_detections": 1, "heading_deg": 15.3, "length_m": 3.44, "width_m": 1.7, "corner": "SW", "intersection_id": "TPS_00862", "intersection_dist_m": 14.6, "osm_node_id": null, "serves_from_bearing": 195.3, "serves_to_bearing": 105.3, "serves_quality": "good", "imagery_source": "taipei_udd_ortho_2025", "model_version": "yolo26s-obb_ep144", "src_image": "TPS_00862", "src_px": "316.2,662.7;329.6,613.3;305.4,606.7;291.9,656.1", "lat": 25.0519383, "lon": 121.6159425}, "geometry": {"type": "Point", "coordinates": [121.6159425, 25.0519383]}}, {"type": "Feature", "id": "dt_wsqqqjn71", "properties": {"id": "dt_wsqqqjn71", "status": "review", "conf": 0.7808, "n_detections": 1, "heading_deg": 89.6, "length_m": 3.5, "width_m": 2.7, "corner": "SE", "intersection_id": "TPS_00043", "intersection_dist_m": 14.0, "osm_node_id": null, "serves_from_bearing": 89.6, "serves_to_bearing": 359.6, "serves_quality": "good", "imagery_source": "taipei_udd_ortho_2025", "model_version": "yolo26s-obb_ep144", "src_image": "TPS_00043", "src_px": "654.8,815.8;654.5,775.6;602.7,776.0;603.0,816.2", "lat": 25.0328664, "lon": 121.5613957}, "geometry": {"type": "Point", "coordinates": [121.5613957, 25.0328664]}}, {"type": "Feature", "id": "dt_wsqqmy9md", "properties": {"id": "dt_wsqqmy9md", "status": "review", "conf": 0.7808, "n_detections": 1, "heading_deg": 5.6, "length_m": 9.23, "width_m": 5.18, "corner": "SW", "intersection_id": "TPS_00105", "intersection_dist_m": 24.1, "osm_node_id": null, "serves_from_bearing": 185.6, "serves_to_bearing": 95.6, "serves_quality": "good", "imagery_source": "taipei_udd_ortho_2025", "model_version": "yolo26s-obb_ep144", "src_image": "TPS_00105", "src_px": "160.8,659.0;174.1,522.3;97.9,514.9;84.6,651.6", "lat": 25.0415476, "lon": 121.5435514}, "geometry": {"type": "Point", "coordinates": [121.5435514, 25.0415476]}}, {"type": "Feature", "id": "dt_wsqqt7d1g", "properties": {"id": "dt_wsqqt7d1g", "status": "review", "conf": 0.7804, "n_detections": 1, "heading_deg": 179.3, "length_m": 5.9, "width_m": 4.26, "corner": "SW", "intersection_id": "TPS_00044", "intersection_dist_m": 20.4, "osm_node_id": null, "serves_from_bearing": 179.3, "serves_to_bearing": 89.3, "serves_quality": "good", "imagery_source": "taipei_udd_ortho_2025", "model_version": "yolo26s-obb_ep144", "src_image": "TPS_00044", "src_px": "248.6,726.8;247.6,639.0;184.6,639.7;185.5,727.5", "lat": 25.068392, "lon": 121.5226672}, "geometry": {"type": "Point", "coordinates": [121.5226672, 25.068392]}}, {"type": "Feature", "id": "dt_wsqqmrzkd", "properties": {"id": "dt_wsqqmrzkd", "status": "review", "conf": 0.7795, "n_detections": 2, "heading_deg": 55.9, "length_m": 6.39, "width_m": 2.38, "corner": "NW", "intersection_id": "TPS_01507", "intersection_dist_m": 37.2, "osm_node_id": null, "serves_from_bearing": 235.9, "serves_to_bearing": 145.9, "serves_quality": "good", "imagery_source": "taipei_udd_ortho_2025", "model_version": "yolo26s-obb_ep144", "src_image": "TPS_01507", "src_px": "200.5,16.7;180.6,-12.5;102.4,40.9;122.4,70.1", "lat": 25.048263, "lon": 121.5298333}, "geometry": {"type": "Point", "coordinates": [121.5298333, 25.048263]}}, {"type": "Feature", "id": "dt_wsqqwjdtt", "properties": {"id": "dt_wsqqwjdtt", "status": "review", "conf": 0.7765, "n_detections": 1, "heading_deg": 2.1, "length_m": 8.39, "width_m": 2.88, "corner": "NE", "intersection_id": "TPS_00171", "intersection_dist_m": 11.0, "osm_node_id": null, "serves_from_bearing": 2.1, "serves_to_bearing": 272.1, "serves_quality": "good", "imagery_source": "taipei_udd_ortho_2025", "model_version": "yolo26s-obb_ep144", "src_image": "TPS_00171", "src_px": "653.9,583.3;658.4,458.4;615.8,456.9;611.3,581.7", "lat": 25.079997, "lon": 121.5564216}, "geometry": {"type": "Point", "coordinates": [121.5564216, 25.079997]}}, {"type": "Feature", "id": "dt_wsqqwsbpv", "properties": {"id": "dt_wsqqwsbpv", "status": "review", "conf": 0.7751, "n_detections": 1, "heading_deg": 117.8, "length_m": 5.37, "width_m": 2.67, "corner": "SE", "intersection_id": "TPS_00995", "intersection_dist_m": 9.4, "osm_node_id": null, "serves_from_bearing": 117.8, "serves_to_bearing": 27.8, "serves_quality": "good", "imagery_source": "taipei_udd_ortho_2025", "model_version": "yolo26s-obb_ep144", "src_image": "TPS_00995", "src_px": "644.3,798.2;662.9,763.1;592.6,725.8;574.0,760.8", "lat": 25.076274, "lon": 121.5749501}, "geometry": {"type": "Point", "coordinates": [121.5749501, 25.076274]}}, {"type": "Feature", "id": "dt_wsqqt7meq", "properties": {"id": "dt_wsqqt7meq", "status": "review", "conf": 0.7747, "n_detections": 1, "heading_deg": 83.8, "length_m": 3.09, "width_m": 1.66, "corner": "NW", "intersection_id": "TPS_02258", "intersection_dist_m": 30.7, "osm_node_id": null, "serves_from_bearing": 353.8, "serves_to_bearing": 263.8, "serves_quality": "ambiguous", "imagery_source": "taipei_udd_ortho_2025", "model_version": "yolo26s-obb_ep144", "src_image": "TPS_02258", "src_px": "465.7,17.2;463.0,-7.3;417.6,-2.3;420.3,22.2", "lat": 25.0672476, "lon": 121.5276246}, "geometry": {"type": "Point", "coordinates": [121.5276246, 25.0672476]}}, {"type": "Feature", "id": "dt_wsqqqh0w7", "properties": {"id": "dt_wsqqqh0w7", "status": "review", "conf": 0.7746, "n_detections": 1, "heading_deg": 16.6, "length_m": 7.61, "width_m": 2.9, "corner": "SW", "intersection_id": "TPS_02187", "intersection_dist_m": 14.7, "osm_node_id": null, "serves_from_bearing": 106.6, "serves_to_bearing": 16.6, "serves_quality": "ambiguous", "imagery_source": "taipei_udd_ortho_2025", "model_version": "yolo26s-obb_ep144", "src_image": "TPS_02187", "src_px": "515.0,750.8;547.2,642.2;506.0,630.0;473.9,738.6", "lat": 25.0279533, "lon": 121.5535917}, "geometry": {"type": "Point", "coordinates": [121.5535917, 25.0279533]}}, {"type": "Feature", "id": "dt_wsqqmgw38", "properties": {"id": "dt_wsqqmgw38", "status": "review", "conf": 0.7733, "n_detections": 1, "heading_deg": 89.9, "length_m": 7.07, "width_m": 2.34, "corner": "SE", "intersection_id": "TPS_00309", "intersection_dist_m": 14.2, "osm_node_id": null, "serves_from_bearing": 89.9, "serves_to_bearing": 359.9, "serves_quality": "ambiguous", "imagery_source": "taipei_udd_ortho_2025", "model_version": "yolo26s-obb_ep144", "src_image": "TPS_00309", "src_px": "566.3,698.9;566.3,664.0;461.7,664.2;461.7,699.1", "lat": 25.0243811, "lon": 121.5503325}, "geometry": {"type": "Point", "coordinates": [121.5503325, 25.0243811]}}, {"type": "Feature", "id": "dt_wsqqtq7sg", "properties": {"id": "dt_wsqqtq7sg", "status": "review", "conf": 0.7724, "n_detections": 2, "heading_deg": 14.3, "length_m": 8.16, "width_m": 2.47, "corner": "SE", "intersection_id": "TPS_00343", "intersection_dist_m": 24.2, "osm_node_id": null, "serves_from_bearing": 104.3, "serves_to_bearing": 14.3, "serves_quality": "good", "imagery_source": "taipei_udd_ortho_2025", "model_version": "yolo26s-obb_ep144", "src_image": "TPS_00343", "src_px": "505.5,893.9;535.4,776.1;500.0,767.1;470.1,884.9", "lat": 25.0840062, "lon": 121.5247474}, "geometry": {"type": "Point", "coordinates": [121.5247474, 25.0840062]}}, {"type": "Feature", "id": "dt_wsqqme4t1", "properties": {"id": "dt_wsqqme4t1", "status": "review", "conf": 0.7718, "n_detections": 1, "heading_deg": 5.4, "length_m": 8.07, "width_m": 5.15, "corner": "SW", "intersection_id": "TPS_00646", "intersection_dist_m": 18.1, "osm_node_id": null, "serves_from_bearing": 185.4, "serves_to_bearing": 95.4, "serves_quality": "good", "imagery_source": "taipei_udd_ortho_2025", "model_version": "yolo26s-obb_ep144", "src_image": "TPS_00646", "src_px": "362.9,713.3;374.2,593.8;298.4,586.7;287.1,706.2", "lat": 25.0222226, "lon": 121.534245}, "geometry": {"type": "Point", "coordinates": [121.534245, 25.0222226]}}, {"type": "Feature", "id": "dt_wsqqx3nsu", "properties": {"id": "dt_wsqqx3nsu", "status": "review", "conf": 0.771, "n_detections": 1, "heading_deg": 9.8, "length_m": 6.78, "width_m": 2.42, "corner": "NE", "intersection_id": "TPS_00277", "intersection_dist_m": 13.2, "osm_node_id": null, "serves_from_bearing": 9.8, "serves_to_bearing": 279.8, "serves_quality": "good", "imagery_source": "taipei_udd_ortho_2025", "model_version": "yolo26s-obb_ep144", "src_image": "TPS_00277", "src_px": "806.5,492.8;823.6,393.4;788.4,387.3;771.4,486.8", "lat": 25.0551668, "lon": 121.6167838}, "geometry": {"type": "Point", "coordinates": [121.6167838, 25.0551668]}}, {"type": "Feature", "id": "dt_wsqqmhz7m", "properties": {"id": "dt_wsqqmhz7m", "status": "review", "conf": 0.7707, "n_detections": 1, "heading_deg": 58.9, "length_m": 3.43, "width_m": 1.93, "corner": "SW", "intersection_id": "TPS_01096", "intersection_dist_m": 12.0, "osm_node_id": null, "serves_from_bearing": 148.9, "serves_to_bearing": 58.9, "serves_quality": "good", "imagery_source": "taipei_udd_ortho_2025", "model_version": "yolo26s-obb_ep144", "src_image": "TPS_01096", "src_px": "394.4,644.5;379.6,620.0;336.1,646.4;350.9,670.9", "lat": 25.031558, "lon": 121.5189903}, "geometry": {"type": "Point", "coordinates": [121.5189903, 25.031558]}}, {"type": "Feature", "id": "dt_wsqqmtjmc", "properties": {"id": "dt_wsqqmtjmc", "status": "review", "conf": 0.7684, "n_detections": 1, "heading_deg": 88.3, "length_m": 9.25, "width_m": 2.61, "corner": "SE", "intersection_id": "TPS_01361", "intersection_dist_m": 16.9, "osm_node_id": null, "serves_from_bearing": 88.3, "serves_to_bearing": 358.3, "serves_quality": "good", "imagery_source": "taipei_udd_ortho_2025", "model_version": "yolo26s-obb_ep144", "src_image": "TPS_01361", "src_px": "702.8,796.1;701.6,757.3;564.9,761.5;566.1,800.4", "lat": 25.0333434, "lon": 121.5380532}, "geometry": {"type": "Point", "coordinates": [121.5380532, 25.0333434]}}, {"type": "Feature", "id": "dt_wsqqt3sjq", "properties": {"id": "dt_wsqqt3sjq", "status": "review", "conf": 0.7682, "n_detections": 1, "heading_deg": 86.7, "length_m": 5.05, "width_m": 2.43, "corner": "SE", "intersection_id": "TPS_01574", "intersection_dist_m": 10.4, "osm_node_id": null, "serves_from_bearing": 86.7, "serves_to_bearing": 356.7, "serves_quality": "good", "imagery_source": "taipei_udd_ortho_2025", "model_version": "yolo26s-obb_ep144", "src_image": "TPS_01574", "src_px": "731.9,705.6;729.8,669.5;655.3,673.8;657.3,709.8", "lat": 25.0579698, "lon": 121.525562}, "geometry": {"type": "Point", "coordinates": [121.525562, 25.0579698]}}, {"type": "Feature", "id": "dt_wsqqkvjrp", "properties": {"id": "dt_wsqqkvjrp", "status": "review", "conf": 0.7656, "n_detections": 1, "heading_deg": 131.4, "length_m": 4.28, "width_m": 2.67, "corner": "NE", "intersection_id": "TPS_00916", "intersection_dist_m": 21.0, "osm_node_id": null, "serves_from_bearing": 311.4, "serves_to_bearing": 221.4, "serves_quality": "good", "imagery_source": "taipei_udd_ortho_2025", "model_version": "yolo26s-obb_ep144", "src_image": "TPS_00916", "src_px": "525.6,128.5;478.1,86.3;451.8,115.9;499.2,158.1", "lat": 25.0335868, "lon": 121.5053402}, "geometry": {"type": "Point", "coordinates": [121.5053402, 25.0335868]}}, {"type": "Feature", "id": "dt_wsqqwgewj", "properties": {"id": "dt_wsqqwgewj", "status": "review", "conf": 0.7654, "n_detections": 1, "heading_deg": 79.0, "length_m": 5.4, "width_m": 2.38, "corner": "NW", "intersection_id": "TPS_00167", "intersection_dist_m": 17.8, "osm_node_id": null, "serves_from_bearing": 259.0, "serves_to_bearing": 169.0, "serves_quality": "good", "imagery_source": "taipei_udd_ortho_2025", "model_version": "yolo26s-obb_ep144", "src_image": "TPS_00167", "src_px": "408.5,300.3;401.7,265.5;323.3,280.8;330.1,315.6", "lat": 25.069097, "lon": 121.5907452}, "geometry": {"type": "Point", "coordinates": [121.5907452, 25.069097]}}, {"type": "Feature", "id": "dt_wsqqtb9d7", "properties": {"id": "dt_wsqqtb9d7", "status": "review", "conf": 0.7649, "n_detections": 1, "heading_deg": 89.0, "length_m": 7.64, "width_m": 3.04, "corner": "NE", "intersection_id": "TPS_00445", "intersection_dist_m": 15.6, "osm_node_id": null, "serves_from_bearing": 359.0, "serves_to_bearing": 269.0, "serves_quality": "good", "imagery_source": "taipei_udd_ortho_2025", "model_version": "yolo26s-obb_ep144", "src_image": "TPS_00445", "src_px": "781.7,330.8;781.0,285.6;668.1,287.5;668.9,332.7", "lat": 25.0519806, "lon": 121.5439508}, "geometry": {"type": "Point", "coordinates": [121.5439508, 25.0519806]}}, {"type": "Feature", "id": "dt_wsqqq5847", "properties": {"id": "dt_wsqqq5847", "status": "review", "conf": 0.763, "n_detections": 1, "heading_deg": 61.9, "length_m": 4.85, "width_m": 2.65, "corner": "NE", "intersection_id": "TPS_00001", "intersection_dist_m": 42.6, "osm_node_id": null, "serves_from_bearing": 61.9, "serves_to_bearing": 331.9, "serves_quality": "good", "imagery_source": "taipei_udd_ortho_2025", "model_version": "yolo26s-obb_ep144", "src_image": "TPS_00001", "src_px": "1037.0,220.3;1018.3,185.6;955.1,219.6;973.8,254.3", "lat": 25.0245061, "lon": 121.5528873}, "geometry": {"type": "Point", "coordinates": [121.5528873, 25.0245061]}}, {"type": "Feature", "id": "dt_wsqqktxbg", "properties": {"id": "dt_wsqqktxbg", "status": "review", "conf": 0.763, "n_detections": 1, "heading_deg": 92.7, "length_m": 5.16, "width_m": 2.71, "corner": "SE", "intersection_id": "TPS_00350", "intersection_dist_m": 6.9, "osm_node_id": null, "serves_from_bearing": 92.7, "serves_to_bearing": 2.7, "serves_quality": "good", "imagery_source": "taipei_udd_ortho_2025", "model_version": "yolo26s-obb_ep144", "src_image": "TPS_00350", "src_px": "505.1,754.2;507.0,713.9;430.8,710.3;428.8,750.6", "lat": 25.0352381, "lon": 121.4976015}, "geometry": {"type": "Point", "coordinates": [121.4976015, 25.0352381]}}, {"type": "Feature", "id": "dt_wsqqvc52h", "properties": {"id": "dt_wsqqvc52h", "status": "review", "conf": 0.7627, "n_detections": 2, "heading_deg": 66.6, "length_m": 7.86, "width_m": 2.08, "corner": "SW", "intersection_id": "TPS_01192", "intersection_dist_m": 28.5, "osm_node_id": null, "serves_from_bearing": 156.6, "serves_to_bearing": 66.6, "serves_quality": "good", "imagery_source": "taipei_udd_ortho_2025", "model_version": "yolo26s-obb_ep144", "src_image": "TPS_01192", "src_px": "104.5,604.5;92.1,576.1;-14.5,622.6;-2.0,651.0", "lat": 25.0982851, "lon": 121.5464131}, "geometry": {"type": "Point", "coordinates": [121.5464131, 25.0982851]}}, {"type": "Feature", "id": "dt_wsqqmnkc9", "properties": {"id": "dt_wsqqmnkc9", "status": "review", "conf": 0.7622, "n_detections": 1, "heading_deg": 9.7, "length_m": 10.2, "width_m": 3.54, "corner": "SW", "intersection_id": "TPS_02096", "intersection_dist_m": 23.6, "osm_node_id": null, "serves_from_bearing": 189.7, "serves_to_bearing": 99.7, "serves_quality": "good", "imagery_source": "taipei_udd_ortho_2025", "model_version": "yolo26s-obb_ep144", "src_image": "TPS_02096", "src_px": "107.5,736.2;133.0,586.5;81.4,577.7;55.9,727.4", "lat": 25.0394832, "lon": 121.5153755}, "geometry": {"type": "Point", "coordinates": [121.5153755, 25.0394832]}}, {"type": "Feature", "id": "dt_wsqqw65x8", "properties": {"id": "dt_wsqqw65x8", "status": "review", "conf": 0.7611, "n_detections": 1, "heading_deg": 167.6, "length_m": 2.92, "width_m": 2.02, "corner": "SW", "intersection_id": "TPS_00448", "intersection_dist_m": 8.6, "osm_node_id": null, "serves_from_bearing": 167.6, "serves_to_bearing": 77.6, "serves_quality": "good", "imagery_source": "taipei_udd_ortho_2025", "model_version": "yolo26s-obb_ep144", "src_image": "TPS_00448", "src_px": "542.4,635.1;533.1,592.6;503.9,599.0;513.1,641.4", "lat": 25.061124, "lon": 121.5685347}, "geometry": {"type": "Point", "coordinates": [121.5685347, 25.061124]}}, {"type": "Feature", "id": "dt_wsqqtynvw", "properties": {"id": "dt_wsqqtynvw", "status": "review", "conf": 0.7595, "n_detections": 1, "heading_deg": 160.3, "length_m": 3.97, "width_m": 2.17, "corner": "NE", "intersection_id": "TPS_00539", "intersection_dist_m": 12.9, "osm_node_id": null, "serves_from_bearing": 70.3, "serves_to_bearing": 340.3, "serves_quality": "ambiguous", "imagery_source": "taipei_udd_ortho_2025", "model_version": "yolo26s-obb_ep144", "src_image": "TPS_00539", "src_px": "666.0,390.1;646.2,334.4;616.0,345.2;635.9,400.9", "lat": 25.0827326, "lon": 121.5512759}, "geometry": {"type": "Point", "coordinates": [121.5512759, 25.0827326]}}, {"type": "Feature", "id": "dt_wsqqmzc2r", "properties": {"id": "dt_wsqqmzc2r", "status": "review", "conf": 0.7593, "n_detections": 1, "heading_deg": 0.0, "length_m": 3.04, "width_m": 2.51, "corner": "SW", "intersection_id": "TPS_02536", "intersection_dist_m": 29.2, "osm_node_id": null, "serves_from_bearing": 180.0, "serves_to_bearing": 90.0, "serves_quality": "good", "imagery_source": "taipei_udd_ortho_2025", "model_version": "yolo26s-obb_ep144", "src_image": "TPS_02536", "src_px": "477.1,1028.6;477.1,983.3;440.0,983.3;440.1,1028.7", "lat": 25.0475139, "lon": 121.5437722}, "geometry": {"type": "Point", "coordinates": [121.5437722, 25.0475139]}}, {"type": "Feature", "id": "dt_wsqqmng60", "properties": {"id": "dt_wsqqmng60", "status": "review", "conf": 0.7585, "n_detections": 1, "heading_deg": 8.6, "length_m": 7.99, "width_m": 2.42, "corner": "NE", "intersection_id": "TPS_02246", "intersection_dist_m": 6.5, "osm_node_id": null, "serves_from_bearing": 8.6, "serves_to_bearing": 278.6, "serves_quality": "ambiguous", "imagery_source": "taipei_udd_ortho_2025", "model_version": "yolo26s-obb_ep144", "src_image": "TPS_02246", "src_px": "569.6,654.0;587.2,536.4;551.8,531.1;534.2,648.7", "lat": 25.0423218, "lon": 121.5132849}, "geometry": {"type": "Point", "coordinates": [121.5132849, 25.0423218]}}, {"type": "Feature", "id": "dt_wsqqt4e9d", "properties": {"id": "dt_wsqqt4e9d", "status": "review", "conf": 0.7559, "n_detections": 1, "heading_deg": 85.7, "length_m": 4.94, "width_m": 3.53, "corner": "SE", "intersection_id": "TPS_00078", "intersection_dist_m": 19.3, "osm_node_id": null, "serves_from_bearing": 85.7, "serves_to_bearing": 355.7, "serves_quality": "good", "imagery_source": "taipei_udd_ortho_2025", "model_version": "yolo26s-obb_ep144", "src_image": "TPS_00078", "src_px": "687.0,860.4;683.0,808.0;610.1,813.5;614.0,865.9", "lat": 25.0628564, "lon": 121.5136871}, "geometry": {"type": "Point", "coordinates": [121.5136871, 25.0628564]}}, {"type": "Feature", "id": "dt_wsqqt49ff", "properties": {"id": "dt_wsqqt49ff", "status": "review", "conf": 0.755, "n_detections": 1, "heading_deg": 179.4, "length_m": 4.31, "width_m": 3.46, "corner": "NE", "intersection_id": "TPS_00711", "intersection_dist_m": 16.5, "osm_node_id": null, "serves_from_bearing": 359.4, "serves_to_bearing": 269.4, "serves_quality": "good", "imagery_source": "taipei_udd_ortho_2025", "model_version": "yolo26s-obb_ep144", "src_image": "TPS_00711", "src_px": "712.8,294.8;712.1,230.6;661.0,231.2;661.7,295.4", "lat": 25.0630495, "lon": 121.5113096}, "geometry": {"type": "Point", "coordinates": [121.5113096, 25.0630495]}}, {"type": "Feature", "id": "dt_wsqqt2upb", "properties": {"id": "dt_wsqqt2upb", "status": "review", "conf": 0.755, "n_detections": 1, "heading_deg": 37.3, "length_m": 2.28, "width_m": 1.18, "corner": "SW", "intersection_id": "TPS_01571", "intersection_dist_m": 15.6, "osm_node_id": null, "serves_from_bearing": 217.3, "serves_to_bearing": 127.3, "serves_quality": "good", "imagery_source": "taipei_udd_ortho_2025", "model_version": "yolo26s-obb_ep144", "src_image": "TPS_01571", "src_px": "281.3,578.8;301.7,551.8;287.7,541.2;267.3,568.1", "lat": 25.0543164, "lon": 121.5252877}, "geometry": {"type": "Point", "coordinates": [121.5252877, 25.0543164]}}, {"type": "Feature", "id": "dt_wsqqw2nnu", "properties": {"id": "dt_wsqqw2nnu", "status": "review", "conf": 0.7535, "n_detections": 2, "heading_deg": 73.2, "length_m": 7.89, "width_m": 2.52, "corner": "NW", "intersection_id": "TPS_00329", "intersection_dist_m": 14.6, "osm_node_id": null, "serves_from_bearing": 253.2, "serves_to_bearing": 163.2, "serves_quality": "good", "imagery_source": "taipei_udd_ortho_2025", "model_version": "yolo26s-obb_ep144", "src_image": "TPS_00329", "src_px": "324.2,463.0;313.3,427.2;201.6,461.2;212.4,497.0", "lat": 25.0500215, "lon": 121.5721367}, "geometry": {"type": "Point", "coordinates": [121.5721367, 25.0500215]}}, {"type": "Feature", "id": "dt_wsqqt5x5h", "properties": {"id": "dt_wsqqt5x5h", "status": "review", "conf": 0.7525, "n_detections": 2, "heading_deg": 3.5, "length_m": 8.11, "width_m": 3.51, "corner": "NW", "intersection_id": "TPS_01225", "intersection_dist_m": 18.6, "osm_node_id": null, "serves_from_bearing": 273.5, "serves_to_bearing": 183.5, "serves_quality": "good", "imagery_source": "taipei_udd_ortho_2025", "model_version": "yolo26s-obb_ep144", "src_image": "TPS_01225", "src_px": "534.9,181.2;542.3,60.7;490.5,57.5;483.1,178.0", "lat": 25.0685791, "lon": 121.5185742}, "geometry": {"type": "Point", "coordinates": [121.5185742, 25.0685791]}}, {"type": "Feature", "id": "dt_wsqqtmekn", "properties": {"id": "dt_wsqqtmekn", "status": "review", "conf": 0.7522, "n_detections": 3, "heading_deg": 72.4, "length_m": 5.3, "width_m": 4.48, "corner": "NE", "intersection_id": "TPS_01239", "intersection_dist_m": 6.1, "osm_node_id": null, "serves_from_bearing": 342.4, "serves_to_bearing": 252.4, "serves_quality": "good", "imagery_source": "taipei_udd_ortho_2025", "model_version": "yolo26s-obb_ep144", "src_image": "TPS_01239", "src_px": "462.2,453.1;442.0,389.6;367.3,413.4;387.6,476.9", "lat": 25.0797387, "lon": 121.5245167}, "geometry": {"type": "Point", "coordinates": [121.5245167, 25.0797387]}}, {"type": "Feature", "id": "dt_wsqqmvhyn", "properties": {"id": "dt_wsqqmvhyn", "status": "review", "conf": 0.7517, "n_detections": 1, "heading_deg": 90.4, "length_m": 10.48, "width_m": 2.97, "corner": "NW", "intersection_id": "TPS_00005", "intersection_dist_m": 29.3, "osm_node_id": null, "serves_from_bearing": 270.4, "serves_to_bearing": 180.4, "serves_quality": "good", "imagery_source": "taipei_udd_ortho_2025", "model_version": "yolo26s-obb_ep144", "src_image": "TPS_00005", "src_px": "234.4,426.4;234.6,382.2;79.6,381.2;79.3,425.5", "lat": 25.0334157, "lon": 121.5485481}, "geometry": {"type": "Point", "coordinates": [121.5485481, 25.0334157]}}, {"type": "Feature", "id": "dt_wsqqmefg4", "properties": {"id": "dt_wsqqmefg4", "status": "review", "conf": 0.7504, "n_detections": 1, "heading_deg": 10.8, "length_m": 6.37, "width_m": 4.02, "corner": "SW", "intersection_id": "TPS_00134", "intersection_dist_m": 24.6, "osm_node_id": null, "serves_from_bearing": 190.8, "serves_to_bearing": 100.8, "serves_quality": "good", "imagery_source": "taipei_udd_ortho_2025", "model_version": "yolo26s-obb_ep144", "src_image": "TPS_00134", "src_px": "162.4,632.6;180.0,539.4;121.6,528.3;103.9,621.6", "lat": 25.025998, "lon": 121.5346335}, "geometry": {"type": "Point", "coordinates": [121.5346335, 25.025998]}}, {"type": "Feature", "id": "dt_wsqqqrkth", "properties": {"id": "dt_wsqqqrkth", "status": "review", "conf": 0.7478, "n_detections": 1, "heading_deg": 31.4, "length_m": 3.35, "width_m": 2.27, "corner": "SW", "intersection_id": "TPS_00145", "intersection_dist_m": 33.8, "osm_node_id": null, "serves_from_bearing": 211.4, "serves_to_bearing": 121.4, "serves_quality": "good", "imagery_source": "taipei_udd_ortho_2025", "model_version": "yolo26s-obb_ep144", "src_image": "TPS_00145", "src_px": "1.7,643.0;27.5,600.5;-1.2,583.1;-27.0,625.6", "lat": 25.0455753, "lon": 121.5700723}, "geometry": {"type": "Point", "coordinates": [121.5700723, 25.0455753]}}, {"type": "Feature", "id": "dt_wsqqmprs3", "properties": {"id": "dt_wsqqmprs3", "status": "review", "conf": 0.7469, "n_detections": 1, "heading_deg": 146.7, "length_m": 5.36, "width_m": 2.6, "corner": "SW", "intersection_id": "TPS_01533", "intersection_dist_m": 21.6, "osm_node_id": null, "serves_from_bearing": 146.7, "serves_to_bearing": 56.7, "serves_quality": "good", "imagery_source": "taipei_udd_ortho_2025", "model_version": "yolo26s-obb_ep144", "src_image": "TPS_01533", "src_px": "367.1,794.6;323.5,727.9;291.3,749.0;335.0,815.7", "lat": 25.0454789, "lon": 121.5191378}, "geometry": {"type": "Point", "coordinates": [121.5191378, 25.0454789]}}, {"type": "Feature", "id": "dt_wsqqkzq8g", "properties": {"id": "dt_wsqqkzq8g", "status": "review", "conf": 0.7469, "n_detections": 1, "heading_deg": 21.1, "length_m": 3.59, "width_m": 1.59, "corner": "NE", "intersection_id": "TPS_01677", "intersection_dist_m": 37.5, "osm_node_id": null, "serves_from_bearing": 21.1, "serves_to_bearing": 291.1, "serves_quality": "good", "imagery_source": "taipei_udd_ortho_2025", "model_version": "yolo26s-obb_ep144", "src_image": "TPS_01677", "src_px": "1009.9,542.1;1029.0,492.2;1007.0,483.8;987.9,533.7", "lat": 25.0448585, "lon": 121.5068904}, "geometry": {"type": "Point", "coordinates": [121.5068904, 25.0448585]}}, {"type": "Feature", "id": "dt_wsqqmvej9", "properties": {"id": "dt_wsqqmvej9", "status": "review", "conf": 0.7463, "n_detections": 1, "heading_deg": 168.6, "length_m": 2.12, "width_m": 1.3, "corner": "NW", "intersection_id": "TPS_01327", "intersection_dist_m": 6.5, "osm_node_id": null, "serves_from_bearing": 258.6, "serves_to_bearing": 168.6, "serves_quality": "good", "imagery_source": "taipei_udd_ortho_2025", "model_version": "yolo26s-obb_ep144", "src_image": "TPS_01327", "src_px": "392.1,438.5;385.9,407.6;367.0,411.5;373.2,442.3", "lat": 25.036047, "lon": 121.5459508}, "geometry": {"type": "Point", "coordinates": [121.5459508, 25.036047]}}, {"type": "Feature", "id": "dt_wsqrj3m1v", "properties": {"id": "dt_wsqrj3m1v", "status": "review", "conf": 0.7432, "n_detections": 2, "heading_deg": 165.5, "length_m": 3.67, "width_m": 2.64, "corner": "SE", "intersection_id": "TPS_01881", "intersection_dist_m": 14.9, "osm_node_id": null, "serves_from_bearing": 75.5, "serves_to_bearing": 345.5, "serves_quality": "good", "imagery_source": "taipei_udd_ortho_2025", "model_version": "yolo26s-obb_ep144", "src_image": "TPS_01881", "src_px": "635.3,473.7;621.7,420.8;583.9,430.5;597.6,483.4", "lat": 25.1439224, "lon": 121.526879}, "geometry": {"type": "Point", "coordinates": [121.526879, 25.1439224]}}, {"type": "Feature", "id": "dt_wsqqkv1fv", "properties": {"id": "dt_wsqqkv1fv", "status": "review", "conf": 0.7417, "n_detections": 2, "heading_deg": 178.3, "length_m": 7.98, "width_m": 3.14, "corner": "SW", "intersection_id": "TPS_00928", "intersection_dist_m": 16.6, "osm_node_id": null, "serves_from_bearing": 178.3, "serves_to_bearing": 88.3, "serves_quality": "good", "imagery_source": "taipei_udd_ortho_2025", "model_version": "yolo26s-obb_ep144", "src_image": "TPS_00928", "src_px": "371.4,862.8;367.8,744.0;321.4,745.5;325.0,864.2", "lat": 25.0328615, "lon": 121.5004383}, "geometry": {"type": "Point", "coordinates": [121.5004383, 25.0328615]}}, {"type": "Feature", "id": "dt_wsqqmfeg0", "properties": {"id": "dt_wsqqmfeg0", "status": "review", "conf": 0.741, "n_detections": 1, "heading_deg": 67.4, "length_m": 5.54, "width_m": 4.32, "corner": "SE", "intersection_id": "TPS_00675", "intersection_dist_m": 17.7, "osm_node_id": null, "serves_from_bearing": 67.4, "serves_to_bearing": 337.4, "serves_quality": "good", "imagery_source": "taipei_udd_ortho_2025", "model_version": "yolo26s-obb_ep144", "src_image": "TPS_00675", "src_px": "613.1,818.9;588.3,759.7;512.7,791.4;537.4,850.6", "lat": 25.0191729, "lon": 121.546932}, "geometry": {"type": "Point", "coordinates": [121.546932, 25.0191729]}}, {"type": "Feature", "id": "dt_wsqqwyrj0", "properties": {"id": "dt_wsqqwyrj0", "status": "review", "conf": 0.7408, "n_detections": 2, "heading_deg": 53.3, "length_m": 4.35, "width_m": 2.34, "corner": "SE", "intersection_id": "TPS_00267", "intersection_dist_m": 21.3, "osm_node_id": null, "serves_from_bearing": 53.3, "serves_to_bearing": 323.3, "serves_quality": "good", "imagery_source": "taipei_udd_ortho_2025", "model_version": "yolo26s-obb_ep144", "src_image": "TPS_00267", "src_px": "806.2,802.6;785.3,774.8;733.8,813.5;754.7,841.3", "lat": 25.0840199, "lon": 121.5953077}, "geometry": {"type": "Point", "coordinates": [121.5953077, 25.0840199]}}, {"type": "Feature", "id": "dt_wsqqveu8y", "properties": {"id": "dt_wsqqveu8y", "status": "review", "conf": 0.7407, "n_detections": 1, "heading_deg": 70.9, "length_m": 4.38, "width_m": 1.99, "corner": "NW", "intersection_id": "TPS_01088", "intersection_dist_m": 10.4, "osm_node_id": null, "serves_from_bearing": 250.9, "serves_to_bearing": 160.9, "serves_quality": "good", "imagery_source": "taipei_udd_ortho_2025", "model_version": "yolo26s-obb_ep144", "src_image": "TPS_01088", "src_px": "472.3,325.7;462.5,297.8;401.3,319.2;411.0,347.0", "lat": 25.1135399, "lon": 121.5372344}, "geometry": {"type": "Point", "coordinates": [121.5372344, 25.1135399]}}, {"type": "Feature", "id": "dt_wsqqmvhuu", "properties": {"id": "dt_wsqqmvhuu", "status": "review", "conf": 0.7403, "n_detections": 1, "heading_deg": 1.2, "length_m": 6.76, "width_m": 3.1, "corner": "SW", "intersection_id": "TPS_00005", "intersection_dist_m": 35.7, "osm_node_id": null, "serves_from_bearing": 181.2, "serves_to_bearing": 91.2, "serves_quality": "good", "imagery_source": "taipei_udd_ortho_2025", "model_version": "yolo26s-obb_ep144", "src_image": "TPS_00005", "src_px": "38.5,822.6;40.6,722.0;-5.3,721.0;-7.5,821.6", "lat": 25.0331922, "lon": 121.548454}, "geometry": {"type": "Point", "coordinates": [121.548454, 25.0331922]}}, {"type": "Feature", "id": "dt_wsqqmv1qb", "properties": {"id": "dt_wsqqmv1qb", "status": "review", "conf": 0.7403, "n_detections": 3, "heading_deg": 88.6, "length_m": 8.03, "width_m": 2.78, "corner": "NW", "intersection_id": "TPS_00039", "intersection_dist_m": 18.6, "osm_node_id": null, "serves_from_bearing": 268.6, "serves_to_bearing": 178.6, "serves_quality": "good", "imagery_source": "taipei_udd_ortho_2025", "model_version": "yolo26s-obb_ep144", "src_image": "TPS_00039", "src_px": "375.6,247.7;374.5,206.4;255.8,209.4;256.9,250.7", "lat": 25.0335222, "lon": 121.5435047}, "geometry": {"type": "Point", "coordinates": [121.5435047, 25.0335222]}}, {"type": "Feature", "id": "dt_wsqqw43hp", "properties": {"id": "dt_wsqqw43hp", "status": "review", "conf": 0.7401, "n_detections": 1, "heading_deg": 81.1, "length_m": 6.76, "width_m": 2.87, "corner": "SW", "intersection_id": "TPS_00079", "intersection_dist_m": 16.9, "osm_node_id": null, "serves_from_bearing": 171.1, "serves_to_bearing": 81.1, "serves_quality": "good", "imagery_source": "taipei_udd_ortho_2025", "model_version": "yolo26s-obb_ep144", "src_image": "TPS_00079", "src_px": "277.1,655.2;270.4,613.0;171.7,628.6;178.4,670.8", "lat": 25.0618864, "lon": 121.5544298}, "geometry": {"type": "Point", "coordinates": [121.5544298, 25.0618864]}}, {"type": "Feature", "id": "dt_wsqqv2tbf", "properties": {"id": "dt_wsqqv2tbf", "status": "review", "conf": 0.7387, "n_detections": 1, "heading_deg": 168.3, "length_m": 6.47, "width_m": 2.5, "corner": "SW", "intersection_id": "TPS_00016", "intersection_dist_m": 18.7, "osm_node_id": null, "serves_from_bearing": 168.3, "serves_to_bearing": 78.3, "serves_quality": "good", "imagery_source": "taipei_udd_ortho_2025", "model_version": "yolo26s-obb_ep144", "src_image": "TPS_00016", "src_px": "426.5,585.0;407.1,490.6;370.8,498.0;390.2,592.5", "lat": 25.0956861, "lon": 121.5277675}, "geometry": {"type": "Point", "coordinates": [121.5277675, 25.0956861]}}, {"type": "Feature", "id": "dt_wsqqky6jd", "properties": {"id": "dt_wsqqky6jd", "status": "review", "conf": 0.7367, "n_detections": 1, "heading_deg": 93.4, "length_m": 1.71, "width_m": 1.63, "corner": "NW", "intersection_id": "TPS_01711", "intersection_dist_m": 3.5, "osm_node_id": null, "serves_from_bearing": 183.4, "serves_to_bearing": 93.4, "serves_quality": "ambiguous", "imagery_source": "taipei_udd_ortho_2025", "model_version": "yolo26s-obb_ep144", "src_image": "TPS_01711", "src_px": "423.3,510.9;424.8,486.7;399.6,485.2;398.1,509.3", "lat": 25.0402019, "lon": 121.5006536}, "geometry": {"type": "Point", "coordinates": [121.5006536, 25.0402019]}}, {"type": "Feature", "id": "dt_wsqqt7xcb", "properties": {"id": "dt_wsqqt7xcb", "status": "review", "conf": 0.7361, "n_detections": 1, "heading_deg": 85.7, "length_m": 5.26, "width_m": 2.15, "corner": "NW", "intersection_id": "TPS_00663", "intersection_dist_m": 11.0, "osm_node_id": null, "serves_from_bearing": 265.7, "serves_to_bearing": 175.7, "serves_quality": "ambiguous", "imagery_source": "taipei_udd_ortho_2025", "model_version": "yolo26s-obb_ep144", "src_image": "TPS_00663", "src_px": "591.9,442.6;589.5,410.7;512.0,416.5;514.4,448.4", "lat": 25.0683906, "lon": 121.5304452}, "geometry": {"type": "Point", "coordinates": [121.5304452, 25.0683906]}}, {"type": "Feature", "id": "dt_wsqqjx5ee", "properties": {"id": "dt_wsqqjx5ee", "status": "review", "conf": 0.7334, "n_detections": 1, "heading_deg": 3.5, "length_m": 2.52, "width_m": 1.4, "corner": "SE", "intersection_id": "TPS_01915", "intersection_dist_m": 36.8, "osm_node_id": null, "serves_from_bearing": 93.5, "serves_to_bearing": 3.5, "serves_quality": "ambiguous", "imagery_source": "taipei_udd_ortho_2025", "model_version": "yolo26s-obb_ep144", "src_image": "TPS_01915", "src_px": "1022.6,603.4;1024.9,565.9;1004.3,564.7;1002.1,602.2", "lat": 25.0000171, "lon": 121.5357328}, "geometry": {"type": "Point", "coordinates": [121.5357328, 25.0000171]}}, {"type": "Feature", "id": "dt_wsqqx0t38", "properties": {"id": "dt_wsqqx0t38", "status": "review", "conf": 0.7332, "n_detections": 1, "heading_deg": 78.9, "length_m": 4.91, "width_m": 2.28, "corner": "NW", "intersection_id": "TPS_01077", "intersection_dist_m": 11.5, "osm_node_id": null, "serves_from_bearing": 258.9, "serves_to_bearing": 168.9, "serves_quality": "ambiguous", "imagery_source": "taipei_udd_ortho_2025", "model_version": "yolo26s-obb_ep144", "src_image": "TPS_01077", "src_px": "556.1,268.0;549.5,234.7;478.3,248.8;484.9,282.1", "lat": 25.0518559, "lon": 121.603893}, "geometry": {"type": "Point", "coordinates": [121.603893, 25.0518559]}}, {"type": "Feature", "id": "dt_wsqqjwpt5", "properties": {"id": "dt_wsqqjwpt5", "status": "review", "conf": 0.7328, "n_detections": 1, "heading_deg": 89.4, "length_m": 7.0, "width_m": 2.5, "corner": "SW", "intersection_id": "TPS_00375", "intersection_dist_m": 18.2, "osm_node_id": null, "serves_from_bearing": 179.4, "serves_to_bearing": 89.4, "serves_quality": "good", "imagery_source": "taipei_udd_ortho_2025", "model_version": "yolo26s-obb_ep144", "src_image": "TPS_00375", "src_px": "302.0,751.3;301.7,714.1;198.2,715.1;198.5,752.3", "lat": 24.9947922, "lon": 121.5412291}, "geometry": {"type": "Point", "coordinates": [121.5412291, 24.9947922]}}, {"type": "Feature", "id": "dt_wsqqmyehv", "properties": {"id": "dt_wsqqmyehv", "status": "review", "conf": 0.731, "n_detections": 2, "heading_deg": 90.1, "length_m": 9.63, "width_m": 3.67, "corner": "SW", "intersection_id": "TPS_00579", "intersection_dist_m": 17.0, "osm_node_id": null, "serves_from_bearing": 180.1, "serves_to_bearing": 90.1, "serves_quality": "good", "imagery_source": "taipei_udd_ortho_2025", "model_version": "yolo26s-obb_ep144", "src_image": "TPS_00579", "src_px": "443.2,800.3;443.3,745.7;300.9,745.5;300.8,800.1", "lat": 25.0414346, "lon": 121.5461174}, "geometry": {"type": "Point", "coordinates": [121.5461174, 25.0414346]}}, {"type": "Feature", "id": "dt_wsqqmx9mz", "properties": {"id": "dt_wsqqmx9mz", "status": "review", "conf": 0.731, "n_detections": 1, "heading_deg": 4.8, "length_m": 2.77, "width_m": 2.64, "corner": "SW", "intersection_id": "TPS_00713", "intersection_dist_m": 14.0, "osm_node_id": null, "serves_from_bearing": 184.8, "serves_to_bearing": 94.8, "serves_quality": "good", "imagery_source": "taipei_udd_ortho_2025", "model_version": "yolo26s-obb_ep144", "src_image": "TPS_00713", "src_px": "258.2,462.0;261.6,420.9;222.7,417.6;219.3,458.8", "lat": 25.0470802, "lon": 121.5328112}, "geometry": {"type": "Point", "coordinates": [121.5328112, 25.0470802]}}, {"type": "Feature", "id": "dt_wsqqmvgph", "properties": {"id": "dt_wsqqmvgph", "status": "review", "conf": 0.729, "n_detections": 1, "heading_deg": 90.7, "length_m": 5.8, "width_m": 2.56, "corner": "SE", "intersection_id": "TPS_00125", "intersection_dist_m": 26.8, "osm_node_id": null, "serves_from_bearing": 90.7, "serves_to_bearing": 0.7, "serves_quality": "good", "imagery_source": "taipei_udd_ortho_2025", "model_version": "yolo26s-obb_ep144", "src_image": "TPS_00125", "src_px": "609.9,818.6;610.4,780.5;524.7,779.5;524.2,817.5", "lat": 25.0376861, "lon": 121.5460767}, "geometry": {"type": "Point", "coordinates": [121.5460767, 25.0376861]}}, {"type": "Feature", "id": "dt_wsqqmtj0r", "properties": {"id": "dt_wsqqmtj0r", "status": "review", "conf": 0.7289, "n_detections": 1, "heading_deg": 161.5, "length_m": 2.27, "width_m": 1.73, "corner": "NE", "intersection_id": "TPS_02259", "intersection_dist_m": 44.0, "osm_node_id": null, "serves_from_bearing": 341.5, "serves_to_bearing": 251.5, "serves_quality": "ambiguous", "imagery_source": "taipei_udd_ortho_2025", "model_version": "yolo26s-obb_ep144", "src_image": "TPS_02259", "src_px": "1030.2,276.7;1019.5,244.6;995.2,252.6;1005.9,284.8", "lat": 25.0324115, "lon": 121.5379639}, "geometry": {"type": "Point", "coordinates": [121.5379639, 25.0324115]}}, {"type": "Feature", "id": "dt_wsqqtrd57", "properties": {"id": "dt_wsqqtrd57", "status": "review", "conf": 0.7287, "n_detections": 1, "heading_deg": 35.0, "length_m": 2.5, "width_m": 1.6, "corner": "NE", "intersection_id": "TPS_02218", "intersection_dist_m": 48.2, "osm_node_id": null, "serves_from_bearing": 35.0, "serves_to_bearing": 305.0, "serves_quality": "good", "imagery_source": "taipei_udd_ortho_2025", "model_version": "yolo26s-obb_ep144", "src_image": "TPS_02218", "src_px": "1021.4,212.7;1042.6,182.2;1023.1,168.7;1001.9,199.2", "lat": 25.0906135, "lon": 121.5226925}, "geometry": {"type": "Point", "coordinates": [121.5226925, 25.0906135]}}, {"type": "Feature", "id": "dt_wsqqmh6t2", "properties": {"id": "dt_wsqqmh6t2", "status": "review", "conf": 0.7282, "n_detections": 2, "heading_deg": 76.6, "length_m": 7.36, "width_m": 2.83, "corner": "NE", "intersection_id": "TPS_00823", "intersection_dist_m": 23.4, "osm_node_id": null, "serves_from_bearing": 346.6, "serves_to_bearing": 256.6, "serves_quality": "good", "imagery_source": "taipei_udd_ortho_2025", "model_version": "yolo26s-obb_ep144", "src_image": "TPS_00823", "src_px": "864.2,235.4;854.4,194.5;748.5,219.9;758.3,260.8", "lat": 25.0291677, "lon": 121.512248}, "geometry": {"type": "Point", "coordinates": [121.512248, 25.0291677]}}, {"type": "Feature", "id": "dt_wsqqv0rbx", "properties": {"id": "dt_wsqqv0rbx", "status": "review", "conf": 0.7281, "n_detections": 1, "heading_deg": 55.6, "length_m": 6.1, "width_m": 2.6, "corner": "NE", "intersection_id": "TPS_01978", "intersection_dist_m": 39.5, "osm_node_id": null, "serves_from_bearing": 325.6, "serves_to_bearing": 235.6, "serves_quality": "ambiguous", "imagery_source": "taipei_udd_ortho_2025", "model_version": "yolo26s-obb_ep144", "src_image": "TPS_01978", "src_px": "1034.5,79.2;1012.6,47.4;938.2,98.8;960.0,130.5", "lat": 25.0942509, "lon": 121.5197501}, "geometry": {"type": "Point", "coordinates": [121.5197501, 25.0942509]}}, {"type": "Feature", "id": "dt_wsqqmnzrw", "properties": {"id": "dt_wsqqmnzrw", "status": "review", "conf": 0.7274, "n_detections": 2, "heading_deg": 10.4, "length_m": 1.61, "width_m": 1.51, "corner": "NE", "intersection_id": "TPS_00949", "intersection_dist_m": 20.4, "osm_node_id": null, "serves_from_bearing": 10.4, "serves_to_bearing": 280.4, "serves_quality": "good", "imagery_source": "taipei_udd_ortho_2025", "model_version": "yolo26s-obb_ep144", "src_image": "TPS_00949", "src_px": "686.6,312.3;690.9,288.8;669.0,284.7;664.7,308.2", "lat": 25.0432781, "lon": 121.5190283}, "geometry": {"type": "Point", "coordinates": [121.5190283, 25.0432781]}}, {"type": "Feature", "id": "dt_wsqqvch4v", "properties": {"id": "dt_wsqqvch4v", "status": "review", "conf": 0.7261, "n_detections": 1, "heading_deg": 64.5, "length_m": 4.19, "width_m": 2.02, "corner": "NW", "intersection_id": "TPS_00425", "intersection_dist_m": 24.2, "osm_node_id": null, "serves_from_bearing": 244.5, "serves_to_bearing": 154.5, "serves_quality": "good", "imagery_source": "taipei_udd_ortho_2025", "model_version": "yolo26s-obb_ep144", "src_image": "TPS_00425", "src_px": "363.7,319.4;350.7,292.3;294.8,319.2;307.8,346.2", "lat": 25.0987747, "lon": 121.547462}, "geometry": {"type": "Point", "coordinates": [121.547462, 25.0987747]}}, {"type": "Feature", "id": "dt_wsqqv1s6g", "properties": {"id": "dt_wsqqv1s6g", "status": "review", "conf": 0.7259, "n_detections": 1, "heading_deg": 170.5, "length_m": 3.47, "width_m": 3.26, "corner": "SE", "intersection_id": "TPS_01123", "intersection_dist_m": 24.7, "osm_node_id": null, "serves_from_bearing": 80.5, "serves_to_bearing": 350.5, "serves_quality": "ambiguous", "imagery_source": "taipei_udd_ortho_2025", "model_version": "yolo26s-obb_ep144", "src_image": "TPS_01123", "src_px": "511.9,980.9;503.4,930.0;455.8,937.9;464.2,988.8", "lat": 25.101495, "lon": 121.5147783}, "geometry": {"type": "Point", "coordinates": [121.5147783, 25.101495]}}, {"type": "Feature", "id": "dt_wsqqte98e", "properties": {"id": "dt_wsqqte98e", "status": "review", "conf": 0.7255, "n_detections": 1, "heading_deg": 171.9, "length_m": 4.61, "width_m": 2.58, "corner": "SE", "intersection_id": "TPS_02498", "intersection_dist_m": 15.2, "osm_node_id": null, "serves_from_bearing": 81.9, "serves_to_bearing": 351.9, "serves_quality": "good", "imagery_source": "taipei_udd_ortho_2025", "model_version": "yolo26s-obb_ep144", "src_image": "TPS_02498", "src_px": "739.8,549.7;730.2,481.7;692.4,487.1;702.0,555.0", "lat": 25.0681812, "lon": 121.5329585}, "geometry": {"type": "Point", "coordinates": [121.5329585, 25.0681812]}}, {"type": "Feature", "id": "dt_wsqqqm57q", "properties": {"id": "dt_wsqqqm57q", "status": "review", "conf": 0.7219, "n_detections": 1, "heading_deg": 4.7, "length_m": 7.24, "width_m": 3.64, "corner": "NE", "intersection_id": "TPS_00133", "intersection_dist_m": 16.5, "osm_node_id": null, "serves_from_bearing": 4.7, "serves_to_bearing": 274.7, "serves_quality": "good", "imagery_source": "taipei_udd_ortho_2025", "model_version": "yolo26s-obb_ep144", "src_image": "TPS_00133", "src_px": "676.6,495.8;685.4,388.4;631.7,384.0;622.9,491.4", "lat": 25.0329272, "lon": 121.5684509}, "geometry": {"type": "Point", "coordinates": [121.5684509, 25.0329272]}}, {"type": "Feature", "id": "dt_wsqqmnm4d", "properties": {"id": "dt_wsqqmnm4d", "status": "review", "conf": 0.718, "n_detections": 1, "heading_deg": 16.0, "length_m": 8.34, "width_m": 3.53, "corner": "NE", "intersection_id": "TPS_02096", "intersection_dist_m": 20.0, "osm_node_id": null, "serves_from_bearing": 16.0, "serves_to_bearing": 286.0, "serves_quality": "good", "imagery_source": "taipei_udd_ortho_2025", "model_version": "yolo26s-obb_ep144", "src_image": "TPS_02096", "src_px": "671.6,421.4;705.6,302.0;655.3,287.7;621.3,407.0", "lat": 25.0396669, "lon": 121.5157571}, "geometry": {"type": "Point", "coordinates": [121.5157571, 25.0396669]}}, {"type": "Feature", "id": "dt_wsqqmq1q6", "properties": {"id": "dt_wsqqmq1q6", "status": "review", "conf": 0.7177, "n_detections": 1, "heading_deg": 95.0, "length_m": 8.07, "width_m": 2.72, "corner": "NW", "intersection_id": "TPS_00287", "intersection_dist_m": 19.3, "osm_node_id": null, "serves_from_bearing": 275.0, "serves_to_bearing": 185.0, "serves_quality": "good", "imagery_source": "taipei_udd_ortho_2025", "model_version": "yolo26s-obb_ep144", "src_image": "TPS_00287", "src_px": "452.1,299.6;455.6,259.3;336.7,248.9;333.2,289.2", "lat": 25.0389381, "lon": 121.5215848}, "geometry": {"type": "Point", "coordinates": [121.5215848, 25.0389381]}}, {"type": "Feature", "id": "dt_wsqqt6jek", "properties": {"id": "dt_wsqqt6jek", "status": "review", "conf": 0.7172, "n_detections": 1, "heading_deg": 3.8, "length_m": 6.93, "width_m": 2.89, "corner": "NW", "intersection_id": "TPS_00709", "intersection_dist_m": 35.9, "osm_node_id": null, "serves_from_bearing": 273.8, "serves_to_bearing": 183.8, "serves_quality": "good", "imagery_source": "taipei_udd_ortho_2025", "model_version": "yolo26s-obb_ep144", "src_image": "TPS_00709", "src_px": "28.5,564.7;35.3,461.8;-7.3,458.9;-14.2,561.8", "lat": 25.0604104, "lon": 121.5275072}, "geometry": {"type": "Point", "coordinates": [121.5275072, 25.0604104]}}, {"type": "Feature", "id": "dt_wsqqm6vym", "properties": {"id": "dt_wsqqm6vym", "status": "review", "conf": 0.7149, "n_detections": 1, "heading_deg": 37.8, "length_m": 4.33, "width_m": 2.32, "corner": "SE", "intersection_id": "TPS_00496", "intersection_dist_m": 29.4, "osm_node_id": null, "serves_from_bearing": 37.8, "serves_to_bearing": 307.8, "serves_quality": "good", "imagery_source": "taipei_udd_ortho_2025", "model_version": "yolo26s-obb_ep144", "src_image": "TPS_00496", "src_px": "868.7,777.4;907.9,726.5;880.6,705.5;841.4,756.4", "lat": 25.0210782, "lon": 121.527915}, "geometry": {"type": "Point", "coordinates": [121.527915, 25.0210782]}}, {"type": "Feature", "id": "dt_wsqqundb8", "properties": {"id": "dt_wsqqundb8", "status": "review", "conf": 0.7147, "n_detections": 1, "heading_deg": 150.8, "length_m": 3.2, "width_m": 2.09, "corner": "NW", "intersection_id": "TPS_01308", "intersection_dist_m": 33.0, "osm_node_id": null, "serves_from_bearing": 240.8, "serves_to_bearing": 150.8, "serves_quality": "good", "imagery_source": "taipei_udd_ortho_2025", "model_version": "yolo26s-obb_ep144", "src_image": "TPS_01308", "src_px": "25.4,413.7;2.3,372.1;-24.7,387.1;-1.6,428.7", "lat": 25.1285687, "lon": 121.4686205}, "geometry": {"type": "Point", "coordinates": [121.4686205, 25.1285687]}}, {"type": "Feature", "id": "dt_wsqqtfq82", "properties": {"id": "dt_wsqqtfq82", "status": "review", "conf": 0.7137, "n_detections": 1, "heading_deg": 22.5, "length_m": 6.61, "width_m": 3.38, "corner": "NW", "intersection_id": "TPS_01146", "intersection_dist_m": 18.9, "osm_node_id": null, "serves_from_bearing": 292.5, "serves_to_bearing": 202.5, "serves_quality": "good", "imagery_source": "taipei_udd_ortho_2025", "model_version": "yolo26s-obb_ep144", "src_image": "TPS_01146", "src_px": "526.0,178.5;563.4,87.5;517.1,68.4;479.7,159.4", "lat": 25.0612683, "lon": 121.5506808}, "geometry": {"type": "Point", "coordinates": [121.5506808, 25.0612683]}}, {"type": "Feature", "id": "dt_wsqqmp0jp", "properties": {"id": "dt_wsqqmp0jp", "status": "review", "conf": 0.7102, "n_detections": 1, "heading_deg": 14.9, "length_m": 10.32, "width_m": 2.69, "corner": "SE", "intersection_id": "TPS_00169", "intersection_dist_m": 24.5, "osm_node_id": null, "serves_from_bearing": 14.9, "serves_to_bearing": 284.9, "serves_quality": "ambiguous", "imagery_source": "taipei_udd_ortho_2025", "model_version": "yolo26s-obb_ep144", "src_image": "TPS_00169", "src_px": "763.8,642.3;803.0,493.9;764.6,483.7;725.5,632.1", "lat": 25.0442061, "lon": 121.5091299}, "geometry": {"type": "Point", "coordinates": [121.5091299, 25.0442061]}}, {"type": "Feature", "id": "dt_wsqqmjmyx", "properties": {"id": "dt_wsqqmjmyx", "status": "review", "conf": 0.7091, "n_detections": 1, "heading_deg": 81.5, "length_m": 5.05, "width_m": 4.37, "corner": "SE", "intersection_id": "TPS_00067", "intersection_dist_m": 31.5, "osm_node_id": null, "serves_from_bearing": 81.5, "serves_to_bearing": 351.5, "serves_quality": "good", "imagery_source": "taipei_udd_ortho_2025", "model_version": "yolo26s-obb_ep144", "src_image": "TPS_00067", "src_px": "1032.6,631.5;1023.0,567.2;949.2,578.3;958.9,642.6", "lat": 25.0348489, "lon": 121.5170066}, "geometry": {"type": "Point", "coordinates": [121.5170066, 25.0348489]}}, {"type": "Feature", "id": "dt_wsqqmehyq", "properties": {"id": "dt_wsqqmehyq", "status": "review", "conf": 0.7085, "n_detections": 1, "heading_deg": 161.2, "length_m": 8.94, "width_m": 3.18, "corner": "SE", "intersection_id": "TPS_01219", "intersection_dist_m": 5.6, "osm_node_id": null, "serves_from_bearing": 71.2, "serves_to_bearing": 341.2, "serves_quality": "good", "imagery_source": "taipei_udd_ortho_2025", "model_version": "yolo26s-obb_ep144", "src_image": "TPS_01219", "src_px": "711.2,552.0;668.5,426.1;623.9,441.2;666.5,567.2", "lat": 25.0224713, "lon": 121.5375608}, "geometry": {"type": "Point", "coordinates": [121.5375608, 25.0224713]}}, {"type": "Feature", "id": "dt_wsqqwyqwr", "properties": {"id": "dt_wsqqwyqwr", "status": "review", "conf": 0.7072, "n_detections": 1, "heading_deg": 55.0, "length_m": 6.65, "width_m": 3.14, "corner": "NW", "intersection_id": "TPS_00267", "intersection_dist_m": 23.1, "osm_node_id": null, "serves_from_bearing": 235.0, "serves_to_bearing": 145.0, "serves_quality": "good", "imagery_source": "taipei_udd_ortho_2025", "model_version": "yolo26s-obb_ep144", "src_image": "TPS_00267", "src_px": "294.9,406.7;268.1,368.6;187.5,425.4;214.3,463.5", "lat": 25.0842579, "lon": 121.5949531}, "geometry": {"type": "Point", "coordinates": [121.5949531, 25.0842579]}}, {"type": "Feature", "id": "dt_wsqqtq7x4", "properties": {"id": "dt_wsqqtq7x4", "status": "review", "conf": 0.7052, "n_detections": 1, "heading_deg": 6.5, "length_m": 3.36, "width_m": 3.29, "corner": "NW", "intersection_id": "TPS_00343", "intersection_dist_m": 18.3, "osm_node_id": null, "serves_from_bearing": 276.5, "serves_to_bearing": 186.5, "serves_quality": "good", "imagery_source": "taipei_udd_ortho_2025", "model_version": "yolo26s-obb_ep144", "src_image": "TPS_00343", "src_px": "442.2,232.0;447.8,182.3;399.5,176.9;393.9,226.7", "lat": 25.0843864, "lon": 121.5246924}, "geometry": {"type": "Point", "coordinates": [121.5246924, 25.0843864]}}, {"type": "Feature", "id": "dt_wsqqmnkbv", "properties": {"id": "dt_wsqqmnkbv", "status": "review", "conf": 0.7049, "n_detections": 1, "heading_deg": 97.4, "length_m": 9.95, "width_m": 3.44, "corner": "SW", "intersection_id": "TPS_02096", "intersection_dist_m": 22.8, "osm_node_id": null, "serves_from_bearing": 97.4, "serves_to_bearing": 7.4, "serves_quality": "ambiguous", "imagery_source": "taipei_udd_ortho_2025", "model_version": "yolo26s-obb_ep144", "src_image": "TPS_02096", "src_px": "440.8,877.1;447.4,826.4;301.5,807.4;294.9,858.2", "lat": 25.0393706, "lon": 121.5155611}, "geometry": {"type": "Point", "coordinates": [121.5155611, 25.0393706]}}, {"type": "Feature", "id": "dt_wsqqw3s1w", "properties": {"id": "dt_wsqqw3s1w", "status": "review", "conf": 0.7024, "n_detections": 2, "heading_deg": 169.0, "length_m": 4.06, "width_m": 2.17, "corner": "NE", "intersection_id": "TPS_02467", "intersection_dist_m": 16.6, "osm_node_id": null, "serves_from_bearing": 349.0, "serves_to_bearing": 259.0, "serves_quality": "good", "imagery_source": "taipei_udd_ortho_2025", "model_version": "yolo26s-obb_ep144", "src_image": "TPS_01180", "src_px": "947.2,702.9;935.8,643.6;904.3,649.6;915.7,708.9", "lat": 25.0573559, "lon": 121.5694913}, "geometry": {"type": "Point", "coordinates": [121.5694913, 25.0573559]}}, {"type": "Feature", "id": "dt_wsqqte98g", "properties": {"id": "dt_wsqqte98g", "status": "review", "conf": 0.7014, "n_detections": 1, "heading_deg": 178.1, "length_m": 2.68, "width_m": 2.6, "corner": "SW", "intersection_id": "TPS_02497", "intersection_dist_m": 33.4, "osm_node_id": null, "serves_from_bearing": 178.1, "serves_to_bearing": 88.1, "serves_quality": "good", "imagery_source": "taipei_udd_ortho_2025", "model_version": "yolo26s-obb_ep144", "src_image": "TPS_02497", "src_px": "479.6,1018.2;478.3,978.3;439.8,979.5;441.1,1019.5", "lat": 25.0682003, "lon": 121.5329582}, "geometry": {"type": "Point", "coordinates": [121.5329582, 25.0682003]}}, {"type": "Feature", "id": "dt_wsqqkevpg", "properties": {"id": "dt_wsqqkevpg", "status": "review", "conf": 0.7004, "n_detections": 1, "heading_deg": 51.9, "length_m": 5.19, "width_m": 2.69, "corner": "SE", "intersection_id": "TPS_00920", "intersection_dist_m": 14.3, "osm_node_id": null, "serves_from_bearing": 141.9, "serves_to_bearing": 51.9, "serves_quality": "ambiguous", "imagery_source": "taipei_udd_ortho_2025", "model_version": "yolo26s-obb_ep144", "src_image": "TPS_00920", "src_px": "769.5,741.8;744.8,710.4;684.4,758.0;709.2,789.4", "lat": 25.0268283, "lon": 121.493827}, "geometry": {"type": "Point", "coordinates": [121.493827, 25.0268283]}}, {"type": "Feature", "id": "dt_wsqqwcm0n", "properties": {"id": "dt_wsqqwcm0n", "status": "review", "conf": 0.6991, "n_detections": 1, "heading_deg": 162.4, "length_m": 2.09, "width_m": 1.27, "corner": "NW", "intersection_id": "TPS_01806", "intersection_dist_m": 9.8, "osm_node_id": null, "serves_from_bearing": 252.4, "serves_to_bearing": 162.4, "serves_quality": "good", "imagery_source": "taipei_udd_ortho_2025", "model_version": "yolo26s-obb_ep144", "src_image": "TPS_01806", "src_px": "423.5,542.7;414.2,513.1;396.3,518.8;405.7,548.4", "lat": 25.0557337, "lon": 121.5928347}, "geometry": {"type": "Point", "coordinates": [121.5928347, 25.0557337]}}, {"type": "Feature", "id": "dt_wsqqt7xb3", "properties": {"id": "dt_wsqqt7xb3", "status": "review", "conf": 0.6966, "n_detections": 2, "heading_deg": 2.3, "length_m": 6.6, "width_m": 2.78, "corner": "SE", "intersection_id": "TPS_00663", "intersection_dist_m": 20.6, "osm_node_id": null, "serves_from_bearing": 92.3, "serves_to_bearing": 2.3, "serves_quality": "good", "imagery_source": "taipei_udd_ortho_2025", "model_version": "yolo26s-obb_ep144", "src_image": "TPS_00663", "src_px": "618.9,947.0;622.9,848.8;581.8,847.2;577.8,945.4", "lat": 25.0681067, "lon": 121.5304776}, "geometry": {"type": "Point", "coordinates": [121.5304776, 25.0681067]}}, {"type": "Feature", "id": "dt_wsqqmr8r9", "properties": {"id": "dt_wsqqmr8r9", "status": "review", "conf": 0.6958, "n_detections": 1, "heading_deg": 99.4, "length_m": 2.47, "width_m": 2.36, "corner": "NW", "intersection_id": "TPS_00037", "intersection_dist_m": 27.6, "osm_node_id": null, "serves_from_bearing": 279.4, "serves_to_bearing": 189.4, "serves_quality": "good", "imagery_source": "taipei_udd_ortho_2025", "model_version": "yolo26s-obb_ep144", "src_image": "TPS_00037", "src_px": "383.4,224.9;389.1,190.3;353.1,184.3;347.4,219.0", "lat": 25.0473786, "lon": 121.520194}, "geometry": {"type": "Point", "coordinates": [121.520194, 25.0473786]}}, {"type": "Feature", "id": "dt_wsqqwemp4", "properties": {"id": "dt_wsqqwemp4", "status": "review", "conf": 0.6954, "n_detections": 1, "heading_deg": 58.8, "length_m": 3.26, "width_m": 2.59, "corner": "SE", "intersection_id": "TPS_00800", "intersection_dist_m": 13.2, "osm_node_id": null, "serves_from_bearing": 58.8, "serves_to_bearing": 328.8, "serves_quality": "good", "imagery_source": "taipei_udd_ortho_2025", "model_version": "yolo26s-obb_ep144", "src_image": "TPS_00800", "src_px": "691.8,736.4;671.7,703.5;630.5,728.6;650.5,761.5", "lat": 25.0678957, "lon": 121.5816735}, "geometry": {"type": "Point", "coordinates": [121.5816735, 25.0678957]}}, {"type": "Feature", "id": "dt_wsqqtc1bb", "properties": {"id": "dt_wsqqtc1bb", "status": "review", "conf": 0.6939, "n_detections": 1, "heading_deg": 86.6, "length_m": 7.57, "width_m": 2.65, "corner": "SE", "intersection_id": "TPS_00650", "intersection_dist_m": 11.6, "osm_node_id": null, "serves_from_bearing": 86.6, "serves_to_bearing": 356.6, "serves_quality": "good", "imagery_source": "taipei_udd_ortho_2025", "model_version": "yolo26s-obb_ep144", "src_image": "TPS_00650", "src_px": "593.5,551.3;591.2,511.9;479.5,518.5;481.9,557.8", "lat": 25.0544872, "lon": 121.5441678}, "geometry": {"type": "Point", "coordinates": [121.5441678, 25.0544872]}}, {"type": "Feature", "id": "dt_wsqqv7vm2", "properties": {"id": "dt_wsqqv7vm2", "status": "review", "conf": 0.6934, "n_detections": 1, "heading_deg": 23.6, "length_m": 2.62, "width_m": 2.59, "corner": "SW", "intersection_id": "TPS_00123", "intersection_dist_m": 45.5, "osm_node_id": null, "serves_from_bearing": 203.6, "serves_to_bearing": 113.6, "serves_quality": "good", "imagery_source": "taipei_udd_ortho_2025", "model_version": "yolo26s-obb_ep144", "src_image": "TPS_00123", "src_px": "20.4,915.8;35.9,880.1;0.8,864.8;-14.7,900.6", "lat": 25.1142831, "lon": 121.5269923}, "geometry": {"type": "Point", "coordinates": [121.5269923, 25.1142831]}}, {"type": "Feature", "id": "dt_wsqqtg1vu", "properties": {"id": "dt_wsqqtg1vu", "status": "review", "conf": 0.6919, "n_detections": 1, "heading_deg": 80.9, "length_m": 3.67, "width_m": 3.23, "corner": "SE", "intersection_id": "TPS_01197", "intersection_dist_m": 44.2, "osm_node_id": null, "serves_from_bearing": 80.9, "serves_to_bearing": 350.9, "serves_quality": "good", "imagery_source": "taipei_udd_ortho_2025", "model_version": "yolo26s-obb_ep144", "src_image": "TPS_01197", "src_px": "807.1,1025.9;799.5,978.4;745.9,987.0;753.5,1034.5", "lat": 25.0663298, "lon": 121.5443287}, "geometry": {"type": "Point", "coordinates": [121.5443287, 25.0663298]}}, {"type": "Feature", "id": "dt_wsqqqx65v", "properties": {"id": "dt_wsqqqx65v", "status": "review", "conf": 0.6914, "n_detections": 2, "heading_deg": 3.1, "length_m": 6.65, "width_m": 2.41, "corner": "SW", "intersection_id": "TPS_00335", "intersection_dist_m": 18.0, "osm_node_id": null, "serves_from_bearing": 183.1, "serves_to_bearing": 93.1, "serves_quality": "good", "imagery_source": "taipei_udd_ortho_2025", "model_version": "yolo26s-obb_ep144", "src_image": "TPS_00335", "src_px": "339.5,734.5;344.9,635.7;309.3,633.8;303.9,732.6", "lat": 25.0453766, "lon": 121.5776711}, "geometry": {"type": "Point", "coordinates": [121.5776711, 25.0453766]}}, {"type": "Feature", "id": "dt_wsqqqjyr7", "properties": {"id": "dt_wsqqqjyr7", "status": "review", "conf": 0.6912, "n_detections": 1, "heading_deg": 86.5, "length_m": 4.56, "width_m": 2.25, "corner": "NW", "intersection_id": "TPS_00004", "intersection_dist_m": 23.2, "osm_node_id": null, "serves_from_bearing": 266.5, "serves_to_bearing": 176.5, "serves_quality": "good", "imagery_source": "taipei_udd_ortho_2025", "model_version": "yolo26s-obb_ep144", "src_image": "TPS_00004", "src_px": "277.3,253.5;275.2,220.1;207.9,224.3;210.0,257.8", "lat": 25.0377153, "lon": 121.5614801}, "geometry": {"type": "Point", "coordinates": [121.5614801, 25.0377153]}}, {"type": "Feature", "id": "dt_wsqqkvd3r", "properties": {"id": "dt_wsqqkvd3r", "status": "review", "conf": 0.6907, "n_detections": 1, "heading_deg": 90.6, "length_m": 4.71, "width_m": 2.31, "corner": "NE", "intersection_id": "TPS_00919", "intersection_dist_m": 13.5, "osm_node_id": null, "serves_from_bearing": 0.6, "serves_to_bearing": 270.6, "serves_quality": "ambiguous", "imagery_source": "taipei_udd_ortho_2025", "model_version": "yolo26s-obb_ep144", "src_image": "TPS_00919", "src_px": "525.2,311.7;525.6,277.3;456.0,276.6;455.7,310.9", "lat": 25.0353488, "lon": 121.5012216}, "geometry": {"type": "Point", "coordinates": [121.5012216, 25.0353488]}}, {"type": "Feature", "id": "dt_wsqqmzcsj", "properties": {"id": "dt_wsqqmzcsj", "status": "review", "conf": 0.6901, "n_detections": 1, "heading_deg": 88.8, "length_m": 9.45, "width_m": 2.55, "corner": "SE", "intersection_id": "TPS_00629", "intersection_dist_m": 14.8, "osm_node_id": null, "serves_from_bearing": 88.8, "serves_to_bearing": 358.8, "serves_quality": "good", "imagery_source": "taipei_udd_ortho_2025", "model_version": "yolo26s-obb_ep144", "src_image": "TPS_00629", "src_px": "704.1,709.3;703.3,671.3;563.6,674.2;564.4,712.2", "lat": 25.0481713, "lon": 121.5440614}, "geometry": {"type": "Point", "coordinates": [121.5440614, 25.0481713]}}, {"type": "Feature", "id": "dt_wsqqw7xzy", "properties": {"id": "dt_wsqqw7xzy", "status": "review", "conf": 0.6898, "n_detections": 1, "heading_deg": 11.2, "length_m": 7.33, "width_m": 5.2, "corner": "NW", "intersection_id": "TPS_00032", "intersection_dist_m": 16.1, "osm_node_id": null, "serves_from_bearing": 281.2, "serves_to_bearing": 191.2, "serves_quality": "good", "imagery_source": "taipei_udd_ortho_2025", "model_version": "yolo26s-obb_ep144", "src_image": "TPS_00032", "src_px": "452.2,377.1;473.3,270.0;397.8,255.2;376.8,362.3", "lat": 25.0693925, "lon": 121.5746487}, "geometry": {"type": "Point", "coordinates": [121.5746487, 25.0693925]}}, {"type": "Feature", "id": "dt_wsqqmr8nr", "properties": {"id": "dt_wsqqmr8nr", "status": "review", "conf": 0.6893, "n_detections": 2, "heading_deg": 20.9, "length_m": 8.68, "width_m": 2.62, "corner": "NW", "intersection_id": "TPS_00037", "intersection_dist_m": 18.9, "osm_node_id": null, "serves_from_bearing": 200.9, "serves_to_bearing": 110.9, "serves_quality": "good", "imagery_source": "taipei_udd_ortho_2025", "model_version": "yolo26s-obb_ep144", "src_image": "TPS_00037", "src_px": "245.3,621.8;291.1,501.1;254.9,487.4;209.1,608.0", "lat": 25.047166, "lon": 121.5201148}, "geometry": {"type": "Point", "coordinates": [121.5201148, 25.047166]}}, {"type": "Feature", "id": "dt_wsqqw4mr4", "properties": {"id": "dt_wsqqw4mr4", "status": "review", "conf": 0.6891, "n_detections": 2, "heading_deg": 170.4, "length_m": 5.86, "width_m": 2.3, "corner": "NW", "intersection_id": "TPS_01193", "intersection_dist_m": 11.6, "osm_node_id": null, "serves_from_bearing": 260.4, "serves_to_bearing": 170.4, "serves_quality": "ambiguous", "imagery_source": "taipei_udd_ortho_2025", "model_version": "yolo26s-obb_ep144", "src_image": "TPS_02487", "src_px": "191.0,858.8;176.5,772.8;143.0,778.4;157.4,864.4", "lat": 25.062401, "lon": 121.5600561}, "geometry": {"type": "Point", "coordinates": [121.5600561, 25.062401]}}, {"type": "Feature", "id": "dt_wsqqx3wy1", "properties": {"id": "dt_wsqqx3wy1", "status": "review", "conf": 0.6877, "n_detections": 1, "heading_deg": 2.3, "length_m": 5.86, "width_m": 2.25, "corner": "NE", "intersection_id": "TPS_00846", "intersection_dist_m": 18.0, "osm_node_id": null, "serves_from_bearing": 2.3, "serves_to_bearing": 272.3, "serves_quality": "good", "imagery_source": "taipei_udd_ortho_2025", "model_version": "yolo26s-obb_ep144", "src_image": "TPS_00846", "src_px": "892.2,455.7;895.7,368.6;862.4,367.2;858.9,454.4", "lat": 25.0581388, "lon": 121.617009}, "geometry": {"type": "Point", "coordinates": [121.617009, 25.0581388]}}, {"type": "Feature", "id": "dt_wsqqwv5pm", "properties": {"id": "dt_wsqqwv5pm", "status": "review", "conf": 0.6831, "n_detections": 1, "heading_deg": 154.2, "length_m": 3.89, "width_m": 2.45, "corner": "NE", "intersection_id": "TPS_00971", "intersection_dist_m": 15.5, "osm_node_id": null, "serves_from_bearing": 334.2, "serves_to_bearing": 244.2, "serves_quality": "good", "imagery_source": "taipei_udd_ortho_2025", "model_version": "yolo26s-obb_ep144", "src_image": "TPS_00971", "src_px": "652.2,456.5;627.2,404.4;594.5,420.1;619.6,472.2", "lat": 25.077559, "lon": 121.5900596}, "geometry": {"type": "Point", "coordinates": [121.5900596, 25.077559]}}, {"type": "Feature", "id": "dt_wsqqmxukz", "properties": {"id": "dt_wsqqmxukz", "status": "review", "conf": 0.6808, "n_detections": 1, "heading_deg": 177.9, "length_m": 2.16, "width_m": 0.8, "corner": "SE", "intersection_id": "TPS_00306", "intersection_dist_m": 43.0, "osm_node_id": null, "serves_from_bearing": 87.9, "serves_to_bearing": 357.9, "serves_quality": "good", "imagery_source": "taipei_udd_ortho_2025", "model_version": "yolo26s-obb_ep144", "src_image": "TPS_00306", "src_px": "1027.5,762.3;1026.3,730.1;1014.5,730.5;1015.7,762.8", "lat": 25.0482936, "lon": 121.5369395}, "geometry": {"type": "Point", "coordinates": [121.5369395, 25.0482936]}}, {"type": "Feature", "id": "dt_wsqqthew8", "properties": {"id": "dt_wsqqthew8", "status": "review", "conf": 0.6794, "n_detections": 1, "heading_deg": 1.4, "length_m": 7.07, "width_m": 5.05, "corner": "NW", "intersection_id": "TPS_01480", "intersection_dist_m": 30.9, "osm_node_id": null, "serves_from_bearing": 271.4, "serves_to_bearing": 181.4, "serves_quality": "good", "imagery_source": "taipei_udd_ortho_2025", "model_version": "yolo26s-obb_ep144", "src_image": "TPS_01480", "src_px": "95.7,331.3;98.3,226.1;23.7,224.2;21.0,329.4", "lat": 25.0747023, "lon": 121.5136356}, "geometry": {"type": "Point", "coordinates": [121.5136356, 25.0747023]}}, {"type": "Feature", "id": "dt_wsqqx6fmm", "properties": {"id": "dt_wsqqx6fmm", "status": "review", "conf": 0.6742, "n_detections": 1, "heading_deg": 80.9, "length_m": 10.7, "width_m": 5.28, "corner": "SE", "intersection_id": "TPS_00118", "intersection_dist_m": 16.5, "osm_node_id": null, "serves_from_bearing": 80.9, "serves_to_bearing": 350.9, "serves_quality": "good", "imagery_source": "taipei_udd_ortho_2025", "model_version": "yolo26s-obb_ep144", "src_image": "TPS_00118", "src_px": "714.5,644.4;702.0,566.8;545.7,592.0;558.2,669.6", "lat": 25.0648552, "lon": 121.6110068}, "geometry": {"type": "Point", "coordinates": [121.6110068, 25.0648552]}}, {"type": "Feature", "id": "dt_wsqqmy19b", "properties": {"id": "dt_wsqqmy19b", "status": "review", "conf": 0.6726, "n_detections": 1, "heading_deg": 4.4, "length_m": 8.72, "width_m": 2.69, "corner": "NE", "intersection_id": "TPS_00010", "intersection_dist_m": 25.4, "osm_node_id": null, "serves_from_bearing": 4.4, "serves_to_bearing": 274.4, "serves_quality": "good", "imagery_source": "taipei_udd_ortho_2025", "model_version": "yolo26s-obb_ep144", "src_image": "TPS_00010", "src_px": "821.3,343.2;831.1,213.7;791.5,210.7;781.7,340.2", "lat": 25.0381588, "lon": 121.5438337}, "geometry": {"type": "Point", "coordinates": [121.5438337, 25.0381588]}}, {"type": "Feature", "id": "dt_wsqqthpq8", "properties": {"id": "dt_wsqqthpq8", "status": "review", "conf": 0.6718, "n_detections": 1, "heading_deg": 11.2, "length_m": 6.91, "width_m": 2.42, "corner": "NE", "intersection_id": "TPS_00684", "intersection_dist_m": 18.0, "osm_node_id": null, "serves_from_bearing": 11.2, "serves_to_bearing": 281.2, "serves_quality": "good", "imagery_source": "taipei_udd_ortho_2025", "model_version": "yolo26s-obb_ep144", "src_image": "TPS_00684", "src_px": "832.2,501.3;852.0,400.4;816.9,393.5;797.2,494.4", "lat": 25.0719561, "lon": 121.5187834}, "geometry": {"type": "Point", "coordinates": [121.5187834, 25.0719561]}}, {"type": "Feature", "id": "dt_wsqqmxk8b", "properties": {"id": "dt_wsqqmxk8b", "status": "review", "conf": 0.6707, "n_detections": 1, "heading_deg": 179.3, "length_m": 6.87, "width_m": 2.18, "corner": "NE", "intersection_id": "TPS_00300", "intersection_dist_m": 14.4, "osm_node_id": null, "serves_from_bearing": 359.3, "serves_to_bearing": 269.3, "serves_quality": "good", "imagery_source": "taipei_udd_ortho_2025", "model_version": "yolo26s-obb_ep144", "src_image": "TPS_00300", "src_px": "563.4,285.7;562.1,183.5;529.8,183.9;531.0,286.1", "lat": 25.044872, "lon": 121.5369647}, "geometry": {"type": "Point", "coordinates": [121.5369647, 25.044872]}}, {"type": "Feature", "id": "dt_wsqqmt1rb", "properties": {"id": "dt_wsqqmt1rb", "status": "review", "conf": 0.6676, "n_detections": 1, "heading_deg": 3.4, "length_m": 6.87, "width_m": 2.66, "corner": "NE", "intersection_id": "TPS_00075", "intersection_dist_m": 2.0, "osm_node_id": null, "serves_from_bearing": 3.4, "serves_to_bearing": 273.4, "serves_quality": "ambiguous", "imagery_source": "taipei_udd_ortho_2025", "model_version": "yolo26s-obb_ep144", "src_image": "TPS_00075", "src_px": "537.5,492.1;543.5,390.0;504.2,387.7;498.2,489.8", "lat": 25.0337049, "lon": 121.5324843}, "geometry": {"type": "Point", "coordinates": [121.5324843, 25.0337049]}}, {"type": "Feature", "id": "dt_wsqqme4xu", "properties": {"id": "dt_wsqqme4xu", "status": "review", "conf": 0.667, "n_detections": 1, "heading_deg": 88.9, "length_m": 8.14, "width_m": 2.66, "corner": "NW", "intersection_id": "TPS_00270", "intersection_dist_m": 9.4, "osm_node_id": null, "serves_from_bearing": 268.9, "serves_to_bearing": 178.9, "serves_quality": "good", "imagery_source": "taipei_udd_ortho_2025", "model_version": "yolo26s-obb_ep144", "src_image": "TPS_00270", "src_px": "348.2,363.5;347.5,323.9;227.2,326.2;228.0,365.8", "lat": 25.0227191, "lon": 121.5343879}, "geometry": {"type": "Point", "coordinates": [121.5343879, 25.0227191]}}, {"type": "Feature", "id": "dt_wsqqmytke", "properties": {"id": "dt_wsqqmytke", "status": "review", "conf": 0.6664, "n_detections": 4, "heading_deg": 88.7, "length_m": 10.67, "width_m": 2.92, "corner": "NE", "intersection_id": "TPS_01209", "intersection_dist_m": 19.7, "osm_node_id": null, "serves_from_bearing": 358.7, "serves_to_bearing": 268.7, "serves_quality": "good", "imagery_source": "taipei_udd_ortho_2025", "model_version": "yolo26s-obb_ep144", "src_image": "TPS_02507", "src_px": "319.5,903.3;318.6,859.8;160.8,863.3;161.7,906.8", "lat": 25.0413676, "lon": 121.5491189}, "geometry": {"type": "Point", "coordinates": [121.5491189, 25.0413676]}}, {"type": "Feature", "id": "dt_wsqqmx68m", "properties": {"id": "dt_wsqqmx68m", "status": "review", "conf": 0.6655, "n_detections": 1, "heading_deg": 82.0, "length_m": 10.49, "width_m": 8.51, "corner": "SW", "intersection_id": "TPS_00328", "intersection_dist_m": 28.5, "osm_node_id": null, "serves_from_bearing": 172.0, "serves_to_bearing": 82.0, "serves_quality": "good", "imagery_source": "taipei_udd_ortho_2025", "model_version": "yolo26s-obb_ep144", "src_image": "TPS_00328", "src_px": "189.9,936.1;172.3,810.7;18.7,832.3;36.3,957.6", "lat": 25.0447885, "lon": 121.5344366}, "geometry": {"type": "Point", "coordinates": [121.5344366, 25.0447885]}}, {"type": "Feature", "id": "dt_wsqqmnwzy", "properties": {"id": "dt_wsqqmnwzy", "status": "review", "conf": 0.6647, "n_detections": 1, "heading_deg": 100.0, "length_m": 2.44, "width_m": 2.4, "corner": "NW", "intersection_id": "TPS_00124", "intersection_dist_m": 17.9, "osm_node_id": null, "serves_from_bearing": 280.0, "serves_to_bearing": 190.0, "serves_quality": "ambiguous", "imagery_source": "taipei_udd_ortho_2025", "model_version": "yolo26s-obb_ep144", "src_image": "TPS_00124", "src_px": "162.8,479.0;169.1,443.8;133.5,437.5;127.3,472.7", "lat": 25.0419368, "lon": 121.5183298}, "geometry": {"type": "Point", "coordinates": [121.5183298, 25.0419368]}}, {"type": "Feature", "id": "dt_wsqqw1qwm", "properties": {"id": "dt_wsqqw1qwm", "status": "review", "conf": 0.6647, "n_detections": 1, "heading_deg": 79.9, "length_m": 6.09, "width_m": 2.38, "corner": "NE", "intersection_id": "TPS_00481", "intersection_dist_m": 7.1, "osm_node_id": null, "serves_from_bearing": 349.9, "serves_to_bearing": 259.9, "serves_quality": "ambiguous", "imagery_source": "taipei_udd_ortho_2025", "model_version": "yolo26s-obb_ep144", "src_image": "TPS_00481", "src_px": "629.0,602.5;622.8,567.6;534.2,583.5;540.5,618.4", "lat": 25.0567845, "lon": 121.5618791}, "geometry": {"type": "Point", "coordinates": [121.5618791, 25.0567845]}}, {"type": "Feature", "id": "dt_wsqqx6hu2", "properties": {"id": "dt_wsqqx6hu2", "status": "review", "conf": 0.6644, "n_detections": 1, "heading_deg": 147.5, "length_m": 5.93, "width_m": 3.35, "corner": "NW", "intersection_id": "TPS_00854", "intersection_dist_m": 28.4, "osm_node_id": null, "serves_from_bearing": 237.5, "serves_to_bearing": 147.5, "serves_quality": "good", "imagery_source": "taipei_udd_ortho_2025", "model_version": "yolo26s-obb_ep144", "src_image": "TPS_00854", "src_px": "46.9,504.7;-0.2,430.3;-42.1,456.8;5.0,531.2", "lat": 25.0605847, "lon": 121.6141908}, "geometry": {"type": "Point", "coordinates": [121.6141908, 25.0605847]}}, {"type": "Feature", "id": "dt_wsqqte99u", "properties": {"id": "dt_wsqqte99u", "status": "review", "conf": 0.6621, "n_detections": 2, "heading_deg": 86.2, "length_m": 8.61, "width_m": 2.72, "corner": "SW", "intersection_id": "TPS_02497", "intersection_dist_m": 15.4, "osm_node_id": null, "serves_from_bearing": 176.2, "serves_to_bearing": 86.2, "serves_quality": "good", "imagery_source": "taipei_udd_ortho_2025", "model_version": "yolo26s-obb_ep144", "src_image": "TPS_02498", "src_px": "847.8,243.3;845.1,202.9;718.1,211.4;720.8,251.8", "lat": 25.068358, "lon": 121.5330033}, "geometry": {"type": "Point", "coordinates": [121.5330033, 25.068358]}}, {"type": "Feature", "id": "dt_wsqqw9u4j", "properties": {"id": "dt_wsqqw9u4j", "status": "review", "conf": 0.6612, "n_detections": 1, "heading_deg": 58.6, "length_m": 8.34, "width_m": 2.43, "corner": "SE", "intersection_id": "TPS_00364", "intersection_dist_m": 18.2, "osm_node_id": null, "serves_from_bearing": 58.6, "serves_to_bearing": 328.6, "serves_quality": "good", "imagery_source": "taipei_udd_ortho_2025", "model_version": "yolo26s-obb_ep144", "src_image": "TPS_00364", "src_px": "675.8,605.8;656.9,575.1;551.6,639.8;570.5,670.6", "lat": 25.0587879, "lon": 121.58044}, "geometry": {"type": "Point", "coordinates": [121.58044, 25.0587879]}}, {"type": "Feature", "id": "dt_wsqqmzc68", "properties": {"id": "dt_wsqqmzc68", "status": "review", "conf": 0.6608, "n_detections": 1, "heading_deg": 7.3, "length_m": 4.46, "width_m": 1.32, "corner": "NW", "intersection_id": "TPS_02536", "intersection_dist_m": 43.8, "osm_node_id": null, "serves_from_bearing": 277.3, "serves_to_bearing": 187.3, "serves_quality": "good", "imagery_source": "taipei_udd_ortho_2025", "model_version": "yolo26s-obb_ep144", "src_image": "TPS_02536", "src_px": "12.1,375.8;20.5,310.0;1.2,307.5;-7.2,373.3", "lat": 25.0479175, "lon": 121.5434691}, "geometry": {"type": "Point", "coordinates": [121.5434691, 25.0479175]}}, {"type": "Feature", "id": "dt_wsqqmwj10", "properties": {"id": "dt_wsqqmwj10", "status": "review", "conf": 0.6606, "n_detections": 1, "heading_deg": 15.9, "length_m": 3.1, "width_m": 1.99, "corner": "SW", "intersection_id": "TPS_01101", "intersection_dist_m": 35.1, "osm_node_id": null, "serves_from_bearing": 105.9, "serves_to_bearing": 15.9, "serves_quality": "good", "imagery_source": "taipei_udd_ortho_2025", "model_version": "yolo26s-obb_ep144", "src_image": "TPS_01101", "src_px": "580.1,1035.8;592.7,991.4;564.3,983.4;551.7,1027.8", "lat": 25.0380247, "lon": 121.5376685}, "geometry": {"type": "Point", "coordinates": [121.5376685, 25.0380247]}}, {"type": "Feature", "id": "dt_wsqqw9jrm", "properties": {"id": "dt_wsqqw9jrm", "status": "review", "conf": 0.6603, "n_detections": 1, "heading_deg": 143.3, "length_m": 5.14, "width_m": 1.93, "corner": "SW", "intersection_id": "TPS_01837", "intersection_dist_m": 17.1, "osm_node_id": null, "serves_from_bearing": 143.3, "serves_to_bearing": 53.3, "serves_quality": "good", "imagery_source": "taipei_udd_ortho_2025", "model_version": "yolo26s-obb_ep144", "src_image": "TPS_01837", "src_px": "376.6,824.5;331.2,763.1;308.2,780.1;353.5,841.6", "lat": 25.0555687, "lon": 121.5821464}, "geometry": {"type": "Point", "coordinates": [121.5821464, 25.0555687]}}, {"type": "Feature", "id": "dt_wsqqjtz7x", "properties": {"id": "dt_wsqqjtz7x", "status": "review", "conf": 0.6602, "n_detections": 1, "heading_deg": 12.8, "length_m": 3.64, "width_m": 2.5, "corner": "NW", "intersection_id": "TPS_00084", "intersection_dist_m": 10.6, "osm_node_id": null, "serves_from_bearing": 282.8, "serves_to_bearing": 192.8, "serves_quality": "good", "imagery_source": "taipei_udd_ortho_2025", "model_version": "yolo26s-obb_ep144", "src_image": "TPS_00084", "src_px": "482.0,436.5;493.9,383.7;457.8,375.5;445.8,428.2", "lat": 24.9931241, "lon": 121.5410332}, "geometry": {"type": "Point", "coordinates": [121.5410332, 24.9931241]}}, {"type": "Feature", "id": "dt_wsqqt05k8", "properties": {"id": "dt_wsqqt05k8", "status": "review", "conf": 0.6593, "n_detections": 1, "heading_deg": 106.1, "length_m": 6.5, "width_m": 3.96, "corner": "NW", "intersection_id": "TPS_00082", "intersection_dist_m": 20.1, "osm_node_id": null, "serves_from_bearing": 286.1, "serves_to_bearing": 196.1, "serves_quality": "good", "imagery_source": "taipei_udd_ortho_2025", "model_version": "yolo26s-obb_ep144", "src_image": "TPS_00082", "src_px": "596.0,153.4;612.5,96.8;520.2,70.0;503.8,126.5", "lat": 25.0496123, "lon": 121.5132832}, "geometry": {"type": "Point", "coordinates": [121.5132832, 25.0496123]}}, {"type": "Feature", "id": "dt_wsqqtprn2", "properties": {"id": "dt_wsqqtprn2", "status": "review", "conf": 0.6587, "n_detections": 1, "heading_deg": 96.6, "length_m": 2.65, "width_m": 2.47, "corner": "SE", "intersection_id": "TPS_00788", "intersection_dist_m": 16.3, "osm_node_id": null, "serves_from_bearing": 96.6, "serves_to_bearing": 6.6, "serves_quality": "good", "imagery_source": "taipei_udd_ortho_2025", "model_version": "yolo26s-obb_ep144", "src_image": "TPS_00788", "src_px": "531.0,855.1;535.2,818.5;496.3,814.0;492.1,850.6", "lat": 25.0897561, "lon": 121.5184032}, "geometry": {"type": "Point", "coordinates": [121.5184032, 25.0897561]}}, {"type": "Feature", "id": "dt_wsqqw80zt", "properties": {"id": "dt_wsqqw80zt", "status": "review", "conf": 0.6579, "n_detections": 1, "heading_deg": 87.6, "length_m": 5.04, "width_m": 4.14, "corner": "NW", "intersection_id": "TPS_00736", "intersection_dist_m": 11.0, "osm_node_id": null, "serves_from_bearing": 267.6, "serves_to_bearing": 177.6, "serves_quality": "ambiguous", "imagery_source": "taipei_udd_ortho_2025", "model_version": "yolo26s-obb_ep144", "src_image": "TPS_00736", "src_px": "628.9,331.2;626.3,269.6;551.9,272.8;554.4,334.3", "lat": 25.0501188, "lon": 121.5759612}, "geometry": {"type": "Point", "coordinates": [121.5759612, 25.0501188]}}, {"type": "Feature", "id": "dt_wsqqks2vu", "properties": {"id": "dt_wsqqks2vu", "status": "review", "conf": 0.6574, "n_detections": 1, "heading_deg": 171.7, "length_m": 2.76, "width_m": 1.48, "corner": "NW", "intersection_id": "TPS_02195", "intersection_dist_m": 27.0, "osm_node_id": null, "serves_from_bearing": 261.7, "serves_to_bearing": 171.7, "serves_quality": "good", "imagery_source": "taipei_udd_ortho_2025", "model_version": "yolo26s-obb_ep144", "src_image": "TPS_02195", "src_px": "19.6,630.8;13.7,590.1;-8.0,593.2;-2.1,634.0", "lat": 25.0292452, "lon": 121.4880219}, "geometry": {"type": "Point", "coordinates": [121.4880219, 25.0292452]}}, {"type": "Feature", "id": "dt_wsqqnpqx2", "properties": {"id": "dt_wsqqnpqx2", "status": "review", "conf": 0.6539, "n_detections": 1, "heading_deg": 161.1, "length_m": 2.84, "width_m": 1.38, "corner": "NW", "intersection_id": "TPS_01304", "intersection_dist_m": 37.0, "osm_node_id": null, "serves_from_bearing": 251.1, "serves_to_bearing": 161.1, "serves_quality": "good", "imagery_source": "taipei_udd_ortho_2025", "model_version": "yolo26s-obb_ep144", "src_image": "TPS_01304", "src_px": "19.3,383.1;5.7,343.1;-13.7,349.7;-0.1,389.7", "lat": 25.0020162, "lon": 121.5616626}, "geometry": {"type": "Point", "coordinates": [121.5616626, 25.0020162]}}, {"type": "Feature", "id": "dt_wsqqmxyn9", "properties": {"id": "dt_wsqqmxyn9", "status": "review", "conf": 0.6535, "n_detections": 1, "heading_deg": 0.5, "length_m": 4.64, "width_m": 2.43, "corner": "NW", "intersection_id": "TPS_01402", "intersection_dist_m": 24.4, "osm_node_id": null, "serves_from_bearing": 270.5, "serves_to_bearing": 180.5, "serves_quality": "good", "imagery_source": "taipei_udd_ortho_2025", "model_version": "yolo26s-obb_ep144", "src_image": "TPS_01402", "src_px": "350.0,66.3;350.6,-2.8;314.7,-3.1;314.0,66.0", "lat": 25.0485724, "lon": 121.5390526}, "geometry": {"type": "Point", "coordinates": [121.5390526, 25.0485724]}}, {"type": "Feature", "id": "dt_wsqqmytn2", "properties": {"id": "dt_wsqqmytn2", "status": "review", "conf": 0.6528, "n_detections": 2, "heading_deg": 91.0, "length_m": 10.85, "width_m": 2.86, "corner": "SW", "intersection_id": "TPS_01208", "intersection_dist_m": 16.7, "osm_node_id": null, "serves_from_bearing": 181.0, "serves_to_bearing": 91.0, "serves_quality": "good", "imagery_source": "taipei_udd_ortho_2025", "model_version": "yolo26s-obb_ep144", "src_image": "TPS_02508", "src_px": "848.9,135.2;849.6,92.7;689.2,89.8;688.4,132.3", "lat": 25.0416803, "lon": 121.5486152}, "geometry": {"type": "Point", "coordinates": [121.5486152, 25.0416803]}}, {"type": "Feature", "id": "dt_wsqqkuywx", "properties": {"id": "dt_wsqqkuywx", "status": "review", "conf": 0.6525, "n_detections": 1, "heading_deg": 133.9, "length_m": 3.65, "width_m": 2.45, "corner": "NE", "intersection_id": "TPS_01055", "intersection_dist_m": 16.0, "osm_node_id": null, "serves_from_bearing": 313.9, "serves_to_bearing": 223.9, "serves_quality": "good", "imagery_source": "taipei_udd_ortho_2025", "model_version": "yolo26s-obb_ep144", "src_image": "TPS_01055", "src_px": "792.3,256.0;753.4,218.3;728.1,244.4;767.0,282.0", "lat": 25.0321093, "lon": 121.5070672}, "geometry": {"type": "Point", "coordinates": [121.5070672, 25.0321093]}}, {"type": "Feature", "id": "dt_wsqqqpmnt", "properties": {"id": "dt_wsqqqpmnt", "status": "review", "conf": 0.6511, "n_detections": 1, "heading_deg": 62.1, "length_m": 4.62, "width_m": 1.86, "corner": "NW", "intersection_id": "TPS_02395", "intersection_dist_m": 10.8, "osm_node_id": null, "serves_from_bearing": 242.1, "serves_to_bearing": 152.1, "serves_quality": "good", "imagery_source": "taipei_udd_ortho_2025", "model_version": "yolo26s-obb_ep144", "src_image": "TPS_02395", "src_px": "419.5,440.9;406.5,416.5;346.2,448.7;359.3,473.1", "lat": 25.0458331, "lon": 121.5598576}, "geometry": {"type": "Point", "coordinates": [121.5598576, 25.0458331]}}, {"type": "Feature", "id": "dt_wsqqqq8s9", "properties": {"id": "dt_wsqqqq8s9", "status": "review", "conf": 0.6509, "n_detections": 1, "heading_deg": 98.7, "length_m": 8.88, "width_m": 8.18, "corner": "NE", "intersection_id": "TPS_00129", "intersection_dist_m": 24.2, "osm_node_id": null, "serves_from_bearing": 278.7, "serves_to_bearing": 188.7, "serves_quality": "good", "imagery_source": "taipei_udd_ortho_2025", "model_version": "yolo26s-obb_ep144", "src_image": "TPS_00129", "src_px": "691.9,176.3;710.3,56.0;580.5,36.1;562.2,156.5", "lat": 25.0413731, "lon": 121.5644906}, "geometry": {"type": "Point", "coordinates": [121.5644906, 25.0413731]}}, {"type": "Feature", "id": "dt_wsqqwmkpq", "properties": {"id": "dt_wsqqwmkpq", "status": "review", "conf": 0.6492, "n_detections": 1, "heading_deg": 110.2, "length_m": 9.67, "width_m": 2.57, "corner": "NE", "intersection_id": "TPS_01273", "intersection_dist_m": 11.8, "osm_node_id": null, "serves_from_bearing": 20.2, "serves_to_bearing": 290.2, "serves_quality": "good", "imagery_source": "taipei_udd_ortho_2025", "model_version": "yolo26s-obb_ep144", "src_image": "TPS_01273", "src_px": "762.5,507.9;775.8,472.0;641.6,422.3;628.3,458.2", "lat": 25.078942, "lon": 121.569513}, "geometry": {"type": "Point", "coordinates": [121.569513, 25.078942]}}, {"type": "Feature", "id": "dt_wsqqt21q9", "properties": {"id": "dt_wsqqt21q9", "status": "review", "conf": 0.6481, "n_detections": 1, "heading_deg": 18.0, "length_m": 3.19, "width_m": 1.83, "corner": "NW", "intersection_id": "TPS_00331", "intersection_dist_m": 14.5, "osm_node_id": null, "serves_from_bearing": 288.0, "serves_to_bearing": 198.0, "serves_quality": "good", "imagery_source": "taipei_udd_ortho_2025", "model_version": "yolo26s-obb_ep144", "src_image": "TPS_00331", "src_px": "376.9,346.0;391.5,300.8;365.7,292.5;351.2,337.7", "lat": 25.0499528, "lon": 121.5215693}, "geometry": {"type": "Point", "coordinates": [121.5215693, 25.0499528]}}, {"type": "Feature", "id": "dt_wsqqt0k84", "properties": {"id": "dt_wsqqt0k84", "status": "review", "conf": 0.6471, "n_detections": 1, "heading_deg": 173.6, "length_m": 2.05, "width_m": 1.44, "corner": "SW", "intersection_id": "TPS_02280", "intersection_dist_m": 10.6, "osm_node_id": null, "serves_from_bearing": 173.6, "serves_to_bearing": 83.6, "serves_quality": "good", "imagery_source": "taipei_udd_ortho_2025", "model_version": "yolo26s-obb_ep144", "src_image": "TPS_02280", "src_px": "453.6,629.6;450.2,599.2;429.0,601.5;432.3,631.9", "lat": 25.0502393, "lon": 121.5150931}, "geometry": {"type": "Point", "coordinates": [121.5150931, 25.0502393]}}, {"type": "Feature", "id": "dt_wsqqv33uy", "properties": {"id": "dt_wsqqv33uy", "status": "review", "conf": 0.6463, "n_detections": 1, "heading_deg": 166.7, "length_m": 3.62, "width_m": 2.98, "corner": "SW", "intersection_id": "TPS_01985", "intersection_dist_m": 34.0, "osm_node_id": null, "serves_from_bearing": 166.7, "serves_to_bearing": 76.7, "serves_quality": "good", "imagery_source": "taipei_udd_ortho_2025", "model_version": "yolo26s-obb_ep144", "src_image": "TPS_01985", "src_px": "411.8,883.0;399.5,830.5;356.5,840.5;368.8,893.0", "lat": 25.1004661, "lon": 121.5224362}, "geometry": {"type": "Point", "coordinates": [121.5224362, 25.1004661]}}, {"type": "Feature", "id": "dt_wsqqkyzd3", "properties": {"id": "dt_wsqqkyzd3", "status": "review", "conf": 0.6441, "n_detections": 1, "heading_deg": 100.8, "length_m": 8.42, "width_m": 2.93, "corner": "NE", "intersection_id": "TPS_02422", "intersection_dist_m": 26.2, "osm_node_id": null, "serves_from_bearing": 10.8, "serves_to_bearing": 280.8, "serves_quality": "good", "imagery_source": "taipei_udd_ortho_2025", "model_version": "yolo26s-obb_ep144", "src_image": "TPS_02422", "src_px": "905.3,314.0;913.5,271.2;791.2,247.7;783.0,290.6", "lat": 25.0423556, "lon": 121.5081562}, "geometry": {"type": "Point", "coordinates": [121.5081562, 25.0423556]}}, {"type": "Feature", "id": "dt_wsqqm6xje", "properties": {"id": "dt_wsqqm6xje", "status": "review", "conf": 0.6438, "n_detections": 1, "heading_deg": 39.6, "length_m": 6.1, "width_m": 2.61, "corner": "NE", "intersection_id": "TPS_00643", "intersection_dist_m": 14.6, "osm_node_id": null, "serves_from_bearing": 39.6, "serves_to_bearing": 309.6, "serves_quality": "good", "imagery_source": "taipei_udd_ortho_2025", "model_version": "yolo26s-obb_ep144", "src_image": "TPS_00643", "src_px": "710.3,432.4;767.8,362.4;737.9,337.8;680.4,407.9", "lat": 25.0195836, "lon": 121.5295307}, "geometry": {"type": "Point", "coordinates": [121.5295307, 25.0195836]}}, {"type": "Feature", "id": "dt_wsqqtfbd6", "properties": {"id": "dt_wsqqtfbd6", "status": "review", "conf": 0.6427, "n_detections": 1, "heading_deg": 156.4, "length_m": 3.69, "width_m": 2.91, "corner": "NE", "intersection_id": "TPS_00422", "intersection_dist_m": 8.0, "osm_node_id": null, "serves_from_bearing": 336.4, "serves_to_bearing": 246.4, "serves_quality": "good", "imagery_source": "taipei_udd_ortho_2025", "model_version": "yolo26s-obb_ep144", "src_image": "TPS_00422", "src_px": "461.5,460.8;439.7,410.5;400.2,427.6;422.0,477.9", "lat": 25.0643389, "lon": 121.5425519}, "geometry": {"type": "Point", "coordinates": [121.5425519, 25.0643389]}}, {"type": "Feature", "id": "dt_wsqqkv6m7", "properties": {"id": "dt_wsqqkv6m7", "status": "review", "conf": 0.6426, "n_detections": 1, "heading_deg": 14.0, "length_m": 1.87, "width_m": 1.36, "corner": "NW", "intersection_id": "TPS_02098", "intersection_dist_m": 7.2, "osm_node_id": null, "serves_from_bearing": 284.0, "serves_to_bearing": 194.0, "serves_quality": "ambiguous", "imagery_source": "taipei_udd_ortho_2025", "model_version": "yolo26s-obb_ep144", "src_image": "TPS_02098", "src_px": "503.9,443.1;510.6,416.1;491.1,411.2;484.4,438.2", "lat": 25.0346458, "lon": 121.5010546}, "geometry": {"type": "Point", "coordinates": [121.5010546, 25.0346458]}}, {"type": "Feature", "id": "dt_wsqqkyzc4", "properties": {"id": "dt_wsqqkyzc4", "status": "review", "conf": 0.6422, "n_detections": 1, "heading_deg": 16.3, "length_m": 6.91, "width_m": 4.18, "corner": "NE", "intersection_id": "TPS_00280", "intersection_dist_m": 19.6, "osm_node_id": null, "serves_from_bearing": 16.3, "serves_to_bearing": 286.3, "serves_quality": "good", "imagery_source": "taipei_udd_ortho_2025", "model_version": "yolo26s-obb_ep144", "src_image": "TPS_00280", "src_px": "681.7,410.7;710.4,311.9;651.0,294.7;622.4,393.5", "lat": 25.0421565, "lon": 121.5085493}, "geometry": {"type": "Point", "coordinates": [121.5085493, 25.0421565]}}, {"type": "Feature", "id": "dt_wsqqt5wfk", "properties": {"id": "dt_wsqqt5wfk", "status": "review", "conf": 0.6419, "n_detections": 1, "heading_deg": 172.2, "length_m": 3.43, "width_m": 2.36, "corner": "NW", "intersection_id": "TPS_01225", "intersection_dist_m": 37.3, "osm_node_id": null, "serves_from_bearing": 262.2, "serves_to_bearing": 172.2, "serves_quality": "good", "imagery_source": "taipei_udd_ortho_2025", "model_version": "yolo26s-obb_ep144", "src_image": "TPS_01225", "src_px": "30.7,320.5;23.8,269.9;-10.8,274.7;-3.9,325.2", "lat": 25.0684708, "lon": 121.5182371}, "geometry": {"type": "Point", "coordinates": [121.5182371, 25.0684708]}}, {"type": "Feature", "id": "dt_wsqqmr37g", "properties": {"id": "dt_wsqqmr37g", "status": "review", "conf": 0.6417, "n_detections": 1, "heading_deg": 101.6, "length_m": 5.81, "width_m": 1.87, "corner": "NE", "intersection_id": "TPS_00173", "intersection_dist_m": 16.0, "osm_node_id": null, "serves_from_bearing": 281.6, "serves_to_bearing": 191.6, "serves_quality": "good", "imagery_source": "taipei_udd_ortho_2025", "model_version": "yolo26s-obb_ep144", "src_image": "TPS_00173", "src_px": "525.7,209.5;531.4,182.2;447.2,164.8;441.6,192.1", "lat": 25.0453675, "lon": 121.5216466}, "geometry": {"type": "Point", "coordinates": [121.5216466, 25.0453675]}}, {"type": "Feature", "id": "dt_wsqqx2v88", "properties": {"id": "dt_wsqqx2v88", "status": "review", "conf": 0.6409, "n_detections": 1, "heading_deg": 176.1, "length_m": 2.17, "width_m": 1.34, "corner": "NW", "intersection_id": "TPS_00497", "intersection_dist_m": 1.7, "osm_node_id": null, "serves_from_bearing": 266.1, "serves_to_bearing": 176.1, "serves_quality": "ambiguous", "imagery_source": "taipei_udd_ortho_2025", "model_version": "yolo26s-obb_ep144", "src_image": "TPS_00497", "src_px": "554.9,569.7;552.7,537.4;532.9,538.7;535.2,571.1", "lat": 25.0530758, "lon": 121.6152405}, "geometry": {"type": "Point", "coordinates": [121.6152405, 25.0530758]}}, {"type": "Feature", "id": "dt_wsqqvgh12", "properties": {"id": "dt_wsqqvgh12", "status": "review", "conf": 0.6406, "n_detections": 1, "heading_deg": 39.0, "length_m": 3.41, "width_m": 1.51, "corner": "SE", "intersection_id": "TPS_02394", "intersection_dist_m": 4.7, "osm_node_id": null, "serves_from_bearing": 39.0, "serves_to_bearing": 309.0, "serves_quality": "ambiguous", "imagery_source": "taipei_udd_ortho_2025", "model_version": "yolo26s-obb_ep144", "src_image": "TPS_02394", "src_px": "519.0,603.7;550.8,564.2;533.4,550.2;501.6,589.7", "lat": 25.1094994, "lon": 121.5472507}, "geometry": {"type": "Point", "coordinates": [121.5472507, 25.1094994]}}, {"type": "Feature", "id": "dt_wsqqtq7s3", "properties": {"id": "dt_wsqqtq7s3", "status": "review", "conf": 0.6402, "n_detections": 1, "heading_deg": 102.9, "length_m": 2.8, "width_m": 1.78, "corner": "SW", "intersection_id": "TPS_00343", "intersection_dist_m": 37.8, "osm_node_id": null, "serves_from_bearing": 192.9, "serves_to_bearing": 102.9, "serves_quality": "ambiguous", "imagery_source": "taipei_udd_ortho_2025", "model_version": "yolo26s-obb_ep144", "src_image": "TPS_00343", "src_px": "366.6,1034.9;372.6,1009.1;332.2,999.8;326.3,1025.5", "lat": 25.0838928, "lon": 121.5246446}, "geometry": {"type": "Point", "coordinates": [121.5246446, 25.0838928]}}, {"type": "Feature", "id": "dt_wsqqt17rr", "properties": {"id": "dt_wsqqt17rr", "status": "review", "conf": 0.6398, "n_detections": 2, "heading_deg": 174.6, "length_m": 3.64, "width_m": 3.19, "corner": "SW", "intersection_id": "TPS_00712", "intersection_dist_m": 19.1, "osm_node_id": null, "serves_from_bearing": 174.6, "serves_to_bearing": 84.6, "serves_quality": "ambiguous", "imagery_source": "taipei_udd_ortho_2025", "model_version": "yolo26s-obb_ep144", "src_image": "TPS_00712", "src_px": "271.1,581.9;266.0,528.0;219.1,532.4;224.2,586.3", "lat": 25.0569617, "lon": 121.5135883}, "geometry": {"type": "Point", "coordinates": [121.5135883, 25.0569617]}}, {"type": "Feature", "id": "dt_wsqqwm5xq", "properties": {"id": "dt_wsqqwm5xq", "status": "review", "conf": 0.6379, "n_detections": 1, "heading_deg": 103.4, "length_m": 10.5, "width_m": 2.97, "corner": "NE", "intersection_id": "TPS_00368", "intersection_dist_m": 20.7, "osm_node_id": null, "serves_from_bearing": 283.4, "serves_to_bearing": 193.4, "serves_quality": "good", "imagery_source": "taipei_udd_ortho_2025", "model_version": "yolo26s-obb_ep144", "src_image": "TPS_00368", "src_px": "713.2,202.8;723.6,159.8;572.6,123.5;562.3,166.4", "lat": 25.0775706, "lon": 121.5687867}, "geometry": {"type": "Point", "coordinates": [121.5687867, 25.0775706]}}, {"type": "Feature", "id": "dt_wsqqmt5wp", "properties": {"id": "dt_wsqqmt5wp", "status": "review", "conf": 0.6369, "n_detections": 1, "heading_deg": 85.6, "length_m": 4.01, "width_m": 1.8, "corner": "SE", "intersection_id": "TPS_00305", "intersection_dist_m": 17.7, "osm_node_id": null, "serves_from_bearing": 85.6, "serves_to_bearing": 355.6, "serves_quality": "ambiguous", "imagery_source": "taipei_udd_ortho_2025", "model_version": "yolo26s-obb_ep144", "src_image": "TPS_00305", "src_px": "511.3,716.0;509.2,689.3;450.1,693.9;452.1,720.6", "lat": 25.0333883, "lon": 121.5358906}, "geometry": {"type": "Point", "coordinates": [121.5358906, 25.0333883]}}, {"type": "Feature", "id": "dt_wsqqt2592", "properties": {"id": "dt_wsqqt2592", "status": "review", "conf": 0.6361, "n_detections": 1, "heading_deg": 98.7, "length_m": 8.19, "width_m": 2.97, "corner": "SE", "intersection_id": "TPS_01532", "intersection_dist_m": 11.2, "osm_node_id": null, "serves_from_bearing": 98.7, "serves_to_bearing": 8.7, "serves_quality": "good", "imagery_source": "taipei_udd_ortho_2025", "model_version": "yolo26s-obb_ep144", "src_image": "TPS_01532", "src_px": "615.5,808.8;622.2,765.1;502.5,746.6;495.7,790.3", "lat": 25.0490522, "lon": 121.5246134}, "geometry": {"type": "Point", "coordinates": [121.5246134, 25.0490522]}}, {"type": "Feature", "id": "dt_wsqqmy37b", "properties": {"id": "dt_wsqqmy37b", "status": "review", "conf": 0.6335, "n_detections": 1, "heading_deg": 176.7, "length_m": 4.33, "width_m": 2.49, "corner": "NW", "intersection_id": "TPS_00577", "intersection_dist_m": 28.2, "osm_node_id": null, "serves_from_bearing": 266.7, "serves_to_bearing": 176.7, "serves_quality": "good", "imagery_source": "taipei_udd_ortho_2025", "model_version": "yolo26s-obb_ep144", "src_image": "TPS_00577", "src_px": "33.0,544.4;29.3,480.0;-7.4,482.1;-3.7,546.6", "lat": 25.0398816, "lon": 121.5434732}, "geometry": {"type": "Point", "coordinates": [121.5434732, 25.0398816]}}, {"type": "Feature", "id": "dt_wsqqtf3xq", "properties": {"id": "dt_wsqqtf3xq", "status": "review", "conf": 0.6331, "n_detections": 1, "heading_deg": 8.2, "length_m": 2.99, "width_m": 2.29, "corner": "SW", "intersection_id": "TPS_02438", "intersection_dist_m": 11.1, "osm_node_id": null, "serves_from_bearing": 188.2, "serves_to_bearing": 98.2, "serves_quality": "good", "imagery_source": "taipei_udd_ortho_2025", "model_version": "yolo26s-obb_ep144", "src_image": "TPS_02438", "src_px": "431.6,726.6;437.9,682.5;404.3,677.8;398.1,721.8", "lat": 25.0624717, "lon": 121.5440883}, "geometry": {"type": "Point", "coordinates": [121.5440883, 25.0624717]}}, {"type": "Feature", "id": "dt_wsqqtrd1b", "properties": {"id": "dt_wsqqtrd1b", "status": "review", "conf": 0.6293, "n_detections": 1, "heading_deg": 147.5, "length_m": 6.5, "width_m": 2.99, "corner": "SE", "intersection_id": "TPS_02218", "intersection_dist_m": 25.8, "osm_node_id": null, "serves_from_bearing": 57.5, "serves_to_bearing": 327.5, "serves_quality": "good", "imagery_source": "taipei_udd_ortho_2025", "model_version": "yolo26s-obb_ep144", "src_image": "TPS_02218", "src_px": "816.2,688.3;764.6,606.6;727.2,630.3;778.8,711.9", "lat": 25.0903289, "lon": 121.5225245}, "geometry": {"type": "Point", "coordinates": [121.5225245, 25.0903289]}}, {"type": "Feature", "id": "dt_wsqqw2588", "properties": {"id": "dt_wsqqw2588", "status": "review", "conf": 0.6293, "n_detections": 1, "heading_deg": 68.5, "length_m": 2.01, "width_m": 1.51, "corner": "SW", "intersection_id": "TPS_02464", "intersection_dist_m": 25.7, "osm_node_id": null, "serves_from_bearing": 248.5, "serves_to_bearing": 158.5, "serves_quality": "good", "imagery_source": "taipei_udd_ortho_2025", "model_version": "yolo26s-obb_ep144", "src_image": "TPS_02464", "src_px": "29.8,460.7;21.5,439.8;-6.2,450.8;2.1,471.7", "lat": 25.0489368, "lon": 121.5685351}, "geometry": {"type": "Point", "coordinates": [121.5685351, 25.0489368]}}, {"type": "Feature", "id": "dt_wsqqkuyu2", "properties": {"id": "dt_wsqqkuyu2", "status": "review", "conf": 0.6284, "n_detections": 1, "heading_deg": 21.9, "length_m": 2.25, "width_m": 1.25, "corner": "SE", "intersection_id": "TPS_01055", "intersection_dist_m": 29.5, "osm_node_id": null, "serves_from_bearing": 111.9, "serves_to_bearing": 21.9, "serves_quality": "good", "imagery_source": "taipei_udd_ortho_2025", "model_version": "yolo26s-obb_ep144", "src_image": "TPS_01055", "src_px": "819.4,873.6;831.8,842.5;814.6,835.6;802.2,866.8", "lat": 25.031742, "lon": 121.5071053}, "geometry": {"type": "Point", "coordinates": [121.5071053, 25.031742]}}, {"type": "Feature", "id": "dt_wsqqt88e8", "properties": {"id": "dt_wsqqt88e8", "status": "review", "conf": 0.6225, "n_detections": 2, "heading_deg": 86.3, "length_m": 4.17, "width_m": 2.38, "corner": "NW", "intersection_id": "TPS_00715", "intersection_dist_m": 16.0, "osm_node_id": null, "serves_from_bearing": 266.3, "serves_to_bearing": 176.3, "serves_quality": "ambiguous", "imagery_source": "taipei_udd_ortho_2025", "model_version": "yolo26s-obb_ep144", "src_image": "TPS_00715", "src_px": "585.5,234.3;583.2,199.0;521.6,203.0;524.0,238.4", "lat": 25.0521911, "lon": 121.5314762}, "geometry": {"type": "Point", "coordinates": [121.5314762, 25.0521911]}}, {"type": "Feature", "id": "dt_wsqqkv91u", "properties": {"id": "dt_wsqqkv91u", "status": "review", "conf": 0.6189, "n_detections": 1, "heading_deg": 87.6, "length_m": 3.16, "width_m": 1.67, "corner": "NW", "intersection_id": "TPS_02424", "intersection_dist_m": 28.0, "osm_node_id": null, "serves_from_bearing": 267.6, "serves_to_bearing": 177.6, "serves_quality": "good", "imagery_source": "taipei_udd_ortho_2025", "model_version": "yolo26s-obb_ep144", "src_image": "TPS_02424", "src_px": "43.0,431.0;42.0,406.1;-4.7,408.1;-3.6,433.0", "lat": 25.0354281, "lon": 121.4993605}, "geometry": {"type": "Point", "coordinates": [121.4993605, 25.0354281]}}, {"type": "Feature", "id": "dt_wsqqwc9cd", "properties": {"id": "dt_wsqqwc9cd", "status": "review", "conf": 0.616, "n_detections": 1, "heading_deg": 74.9, "length_m": 9.42, "width_m": 7.93, "corner": "SE", "intersection_id": "TPS_01841", "intersection_dist_m": 16.0, "osm_node_id": null, "serves_from_bearing": 74.9, "serves_to_bearing": 344.9, "serves_quality": "good", "imagery_source": "taipei_udd_ortho_2025", "model_version": "yolo26s-obb_ep144", "src_image": "TPS_01841", "src_px": "769.4,745.5;738.4,631.6;604.0,668.2;635.0,782.1", "lat": 25.0573373, "lon": 121.5882138}, "geometry": {"type": "Point", "coordinates": [121.5882138, 25.0573373]}}, {"type": "Feature", "id": "dt_wsqqt3tvg", "properties": {"id": "dt_wsqqt3tvg", "status": "review", "conf": 0.6157, "n_detections": 1, "heading_deg": 2.0, "length_m": 6.12, "width_m": 2.42, "corner": "NE", "intersection_id": "TPS_01491", "intersection_dist_m": 41.3, "osm_node_id": null, "serves_from_bearing": 2.0, "serves_to_bearing": 272.0, "serves_quality": "good", "imagery_source": "taipei_udd_ortho_2025", "model_version": "yolo26s-obb_ep144", "src_image": "TPS_01491", "src_px": "1030.8,549.0;1033.9,458.0;998.2,456.8;995.1,547.8", "lat": 25.0580832, "lon": 121.5278371}, "geometry": {"type": "Point", "coordinates": [121.5278371, 25.0580832]}}, {"type": "Feature", "id": "dt_wsqqkyhmr", "properties": {"id": "dt_wsqqkyhmr", "status": "review", "conf": 0.6146, "n_detections": 1, "heading_deg": 10.8, "length_m": 4.36, "width_m": 1.85, "corner": "NE", "intersection_id": "TPS_02171", "intersection_dist_m": 30.0, "osm_node_id": null, "serves_from_bearing": 280.8, "serves_to_bearing": 190.8, "serves_quality": "good", "imagery_source": "taipei_udd_ortho_2025", "model_version": "yolo26s-obb_ep144", "src_image": "TPS_02171", "src_px": "470.9,58.2;483.0,-5.6;456.1,-10.7;444.1,53.1", "lat": 25.0387792, "lon": 121.50395}, "geometry": {"type": "Point", "coordinates": [121.50395, 25.0387792]}}, {"type": "Feature", "id": "dt_wsqqmy9rh", "properties": {"id": "dt_wsqqmy9rh", "status": "review", "conf": 0.6139, "n_detections": 1, "heading_deg": 90.9, "length_m": 11.26, "width_m": 3.04, "corner": "NW", "intersection_id": "TPS_00105", "intersection_dist_m": 22.4, "osm_node_id": null, "serves_from_bearing": 270.9, "serves_to_bearing": 180.9, "serves_quality": "good", "imagery_source": "taipei_udd_ortho_2025", "model_version": "yolo26s-obb_ep144", "src_image": "TPS_00105", "src_px": "402.0,186.3;402.7,141.1;236.2,138.6;235.5,183.8", "lat": 25.0418055, "lon": 121.5436786}, "geometry": {"type": "Point", "coordinates": [121.5436786, 25.0418055]}}, {"type": "Feature", "id": "dt_wsqqjwptb", "properties": {"id": "dt_wsqqjwptb", "status": "review", "conf": 0.6125, "n_detections": 1, "heading_deg": 172.8, "length_m": 4.0, "width_m": 2.7, "corner": "SW", "intersection_id": "TPS_00375", "intersection_dist_m": 25.7, "osm_node_id": null, "serves_from_bearing": 172.8, "serves_to_bearing": 82.8, "serves_quality": "ambiguous", "imagery_source": "taipei_udd_ortho_2025", "model_version": "yolo26s-obb_ep144", "src_image": "TPS_00375", "src_px": "37.1,576.6;29.7,517.5;-9.9,522.4;-2.5,581.5", "lat": 24.9949039, "lon": 121.5410705}, "geometry": {"type": "Point", "coordinates": [121.5410705, 24.9949039]}}, {"type": "Feature", "id": "dt_wsqqtpts8", "properties": {"id": "dt_wsqqtpts8", "status": "review", "conf": 0.6111, "n_detections": 1, "heading_deg": 137.3, "length_m": 6.9, "width_m": 5.02, "corner": "SW", "intersection_id": "TPS_00154", "intersection_dist_m": 25.0, "osm_node_id": null, "serves_from_bearing": 137.3, "serves_to_bearing": 47.3, "serves_quality": "good", "imagery_source": "taipei_udd_ortho_2025", "model_version": "yolo26s-obb_ep144", "src_image": "TPS_00154", "src_px": "377.4,889.6;308.1,814.1;253.2,864.4;322.6,939.9", "lat": 25.0908186, "lon": 121.5163819}, "geometry": {"type": "Point", "coordinates": [121.5163819, 25.0908186]}}, {"type": "Feature", "id": "dt_wsqqjz5c0", "properties": {"id": "dt_wsqqjz5c0", "status": "review", "conf": 0.611, "n_detections": 1, "heading_deg": 62.3, "length_m": 2.76, "width_m": 1.28, "corner": "NW", "intersection_id": "TPS_00230", "intersection_dist_m": 45.4, "osm_node_id": null, "serves_from_bearing": 242.3, "serves_to_bearing": 152.3, "serves_quality": "good", "imagery_source": "taipei_udd_ortho_2025", "model_version": "yolo26s-obb_ep144", "src_image": "TPS_00230", "src_px": "37.3,0.2;28.4,-16.6;-7.7,2.5;1.2,19.3", "lat": 24.9995933, "lon": 121.5469078}, "geometry": {"type": "Point", "coordinates": [121.5469078, 24.9995933]}}, {"type": "Feature", "id": "dt_wsqqt0v76", "properties": {"id": "dt_wsqqt0v76", "status": "review", "conf": 0.6052, "n_detections": 1, "heading_deg": 101.1, "length_m": 5.31, "width_m": 2.69, "corner": "SW", "intersection_id": "TPS_00486", "intersection_dist_m": 11.0, "osm_node_id": null, "serves_from_bearing": 101.1, "serves_to_bearing": 11.1, "serves_quality": "ambiguous", "imagery_source": "taipei_udd_ortho_2025", "model_version": "yolo26s-obb_ep144", "src_image": "TPS_00486", "src_px": "468.6,601.5;476.3,562.2;399.2,547.0;391.4,586.3", "lat": 25.0535302, "lon": 121.5161181}, "geometry": {"type": "Point", "coordinates": [121.5161181, 25.0535302]}}, {"type": "Feature", "id": "dt_wsqquwz85", "properties": {"id": "dt_wsqquwz85", "status": "review", "conf": 0.6032, "n_detections": 1, "heading_deg": 154.9, "length_m": 2.65, "width_m": 2.6, "corner": "NE", "intersection_id": "TPS_01013", "intersection_dist_m": 38.0, "osm_node_id": null, "serves_from_bearing": 334.9, "serves_to_bearing": 244.9, "serves_quality": "good", "imagery_source": "taipei_udd_ortho_2025", "model_version": "yolo26s-obb_ep144", "src_image": "TPS_01013", "src_px": "788.7,64.2;772.1,28.5;737.2,44.7;753.9,80.5", "lat": 25.1298666, "lon": 121.4972844}, "geometry": {"type": "Point", "coordinates": [121.4972844, 25.1298666]}}, {"type": "Feature", "id": "dt_wsqqwjd8h", "properties": {"id": "dt_wsqqwjd8h", "status": "review", "conf": 0.6028, "n_detections": 1, "heading_deg": 90.4, "length_m": 7.69, "width_m": 5.8, "corner": "SE", "intersection_id": "TPS_00869", "intersection_dist_m": 18.2, "osm_node_id": null, "serves_from_bearing": 90.4, "serves_to_bearing": 0.4, "serves_quality": "good", "imagery_source": "taipei_udd_ortho_2025", "model_version": "yolo26s-obb_ep144", "src_image": "TPS_00869", "src_px": "578.3,794.3;578.8,708.0;465.1,707.3;464.6,793.7", "lat": 25.0790794, "lon": 121.5563458}, "geometry": {"type": "Point", "coordinates": [121.5563458, 25.0790794]}}, {"type": "Feature", "id": "dt_wsqqw2127", "properties": {"id": "dt_wsqqw2127", "status": "review", "conf": 0.599, "n_detections": 1, "heading_deg": 83.4, "length_m": 5.32, "width_m": 2.36, "corner": "NE", "intersection_id": "TPS_00009", "intersection_dist_m": 23.7, "osm_node_id": null, "serves_from_bearing": 353.4, "serves_to_bearing": 263.4, "serves_quality": "good", "imagery_source": "taipei_udd_ortho_2025", "model_version": "yolo26s-obb_ep144", "src_image": "TPS_00009", "src_px": "802.4,547.5;798.3,512.6;720.2,521.7;724.2,556.6", "lat": 25.0488889, "lon": 121.5656045}, "geometry": {"type": "Point", "coordinates": [121.5656045, 25.0488889]}}, {"type": "Feature", "id": "dt_wsqqmx2n9", "properties": {"id": "dt_wsqqmx2n9", "status": "review", "conf": 0.599, "n_detections": 1, "heading_deg": 103.8, "length_m": 9.44, "width_m": 3.88, "corner": "SE", "intersection_id": "TPS_00050", "intersection_dist_m": 23.5, "osm_node_id": null, "serves_from_bearing": 103.8, "serves_to_bearing": 13.8, "serves_quality": "good", "imagery_source": "taipei_udd_ortho_2025", "model_version": "yolo26s-obb_ep144", "src_image": "TPS_00050", "src_px": "683.7,972.4;697.5,916.3;561.9,882.8;548.1,939.0", "lat": 25.0458508, "lon": 121.530836}, "geometry": {"type": "Point", "coordinates": [121.530836, 25.0458508]}}, {"type": "Feature", "id": "dt_wsqqmrzm9", "properties": {"id": "dt_wsqqmrzm9", "status": "review", "conf": 0.5973, "n_detections": 1, "heading_deg": 140.5, "length_m": 7.3, "width_m": 2.98, "corner": "NE", "intersection_id": "TPS_00325", "intersection_dist_m": 9.4, "osm_node_id": null, "serves_from_bearing": 320.5, "serves_to_bearing": 230.5, "serves_quality": "good", "imagery_source": "taipei_udd_ortho_2025", "model_version": "yolo26s-obb_ep144", "src_image": "TPS_00325", "src_px": "632.0,304.5;563.3,220.6;529.2,248.6;597.9,332.5", "lat": 25.0484236, "lon": 121.5297778}, "geometry": {"type": "Point", "coordinates": [121.5297778, 25.0484236]}}, {"type": "Feature", "id": "dt_wsqqn5ews", "properties": {"id": "dt_wsqqn5ews", "status": "review", "conf": 0.5966, "n_detections": 1, "heading_deg": 69.8, "length_m": 6.92, "width_m": 2.8, "corner": "NW", "intersection_id": "TPS_02311", "intersection_dist_m": 44.5, "osm_node_id": null, "serves_from_bearing": 249.8, "serves_to_bearing": 159.8, "serves_quality": "good", "imagery_source": "taipei_udd_ortho_2025", "model_version": "yolo26s-obb_ep144", "src_image": "TPS_02311", "src_px": "87.9,149.9;73.5,110.8;-22.6,146.3;-8.2,185.4", "lat": 24.9813, "lon": 121.5577344}, "geometry": {"type": "Point", "coordinates": [121.5577344, 24.9813]}}, {"type": "Feature", "id": "dt_wsqqt0un5", "properties": {"id": "dt_wsqqt0un5", "status": "review", "conf": 0.5962, "n_detections": 1, "heading_deg": 88.0, "length_m": 8.53, "width_m": 3.82, "corner": "SW", "intersection_id": "TPS_00156", "intersection_dist_m": 14.9, "osm_node_id": null, "serves_from_bearing": 178.0, "serves_to_bearing": 88.0, "serves_quality": "good", "imagery_source": "taipei_udd_ortho_2025", "model_version": "yolo26s-obb_ep144", "src_image": "TPS_00156", "src_px": "553.5,625.9;551.5,569.0;425.5,573.5;427.5,630.3", "lat": 25.0539813, "lon": 121.5144388}, "geometry": {"type": "Point", "coordinates": [121.5144388, 25.0539813]}}, {"type": "Feature", "id": "dt_wsqqqj6rg", "properties": {"id": "dt_wsqqqj6rg", "status": "review", "conf": 0.5962, "n_detections": 1, "heading_deg": 141.0, "length_m": 2.21, "width_m": 2.07, "corner": "SE", "intersection_id": "TPS_01362", "intersection_dist_m": 4.1, "osm_node_id": null, "serves_from_bearing": 51.0, "serves_to_bearing": 321.0, "serves_quality": "ambiguous", "imagery_source": "taipei_udd_ortho_2025", "model_version": "yolo26s-obb_ep144", "src_image": "TPS_01362", "src_px": "532.2,462.0;511.6,436.4;487.7,455.7;508.4,481.2", "lat": 25.0350932, "lon": 121.5559946}, "geometry": {"type": "Point", "coordinates": [121.5559946, 25.0350932]}}, {"type": "Feature", "id": "dt_wsqqjwr7x", "properties": {"id": "dt_wsqqjwr7x", "status": "review", "conf": 0.5952, "n_detections": 1, "heading_deg": 172.0, "length_m": 4.14, "width_m": 2.48, "corner": "SW", "intersection_id": "TPS_00509", "intersection_dist_m": 13.9, "osm_node_id": null, "serves_from_bearing": 172.0, "serves_to_bearing": 82.0, "serves_quality": "good", "imagery_source": "taipei_udd_ortho_2025", "model_version": "yolo26s-obb_ep144", "src_image": "TPS_00509", "src_px": "234.1,744.9;225.6,683.9;189.3,688.9;197.8,750.0", "lat": 24.9958912, "lon": 121.5410317}, "geometry": {"type": "Point", "coordinates": [121.5410317, 24.9958912]}}, {"type": "Feature", "id": "dt_wsqqmwcdq", "properties": {"id": "dt_wsqqmwcdq", "status": "review", "conf": 0.5946, "n_detections": 1, "heading_deg": 15.0, "length_m": 3.22, "width_m": 2.81, "corner": "NE", "intersection_id": "TPS_00458", "intersection_dist_m": 38.0, "osm_node_id": null, "serves_from_bearing": 15.0, "serves_to_bearing": 285.0, "serves_quality": "good", "imagery_source": "taipei_udd_ortho_2025", "model_version": "yolo26s-obb_ep144", "src_image": "TPS_00458", "src_px": "665.0,45.2;677.3,-1.1;637.1,-11.8;624.8,34.6", "lat": 25.0423606, "lon": 121.5330866}, "geometry": {"type": "Point", "coordinates": [121.5330866, 25.0423606]}}, {"type": "Feature", "id": "dt_wsqquj9dd", "properties": {"id": "dt_wsqquj9dd", "status": "review", "conf": 0.5926, "n_detections": 1, "heading_deg": 96.3, "length_m": 1.95, "width_m": 1.31, "corner": "NE", "intersection_id": "TPS_01764", "intersection_dist_m": 6.4, "osm_node_id": null, "serves_from_bearing": 6.3, "serves_to_bearing": 276.3, "serves_quality": "good", "imagery_source": "taipei_udd_ortho_2025", "model_version": "yolo26s-obb_ep144", "src_image": "TPS_01764", "src_px": "657.5,405.2;659.7,385.8;631.0,382.6;628.9,402.1", "lat": 25.1234438, "lon": 121.4669924}, "geometry": {"type": "Point", "coordinates": [121.4669924, 25.1234438]}}, {"type": "Feature", "id": "dt_wsqqmj6xf", "properties": {"id": "dt_wsqqmj6xf", "status": "review", "conf": 0.5903, "n_detections": 1, "heading_deg": 15.3, "length_m": 7.79, "width_m": 5.39, "corner": "SW", "intersection_id": "TPS_00103", "intersection_dist_m": 27.1, "osm_node_id": null, "serves_from_bearing": 195.3, "serves_to_bearing": 105.3, "serves_quality": "good", "imagery_source": "taipei_udd_ortho_2025", "model_version": "yolo26s-obb_ep144", "src_image": "TPS_00103", "src_px": "176.6,784.3;207.0,672.4;130.0,651.4;99.5,763.3", "lat": 25.0350914, "lon": 121.5123251}, "geometry": {"type": "Point", "coordinates": [121.5123251, 25.0350914]}}, {"type": "Feature", "id": "dt_wsqqq0knx", "properties": {"id": "dt_wsqqq0knx", "status": "review", "conf": 0.59, "n_detections": 1, "heading_deg": 6.6, "length_m": 6.7, "width_m": 2.6, "corner": "NW", "intersection_id": "TPS_00327", "intersection_dist_m": 13.4, "osm_node_id": null, "serves_from_bearing": 186.6, "serves_to_bearing": 96.6, "serves_quality": "ambiguous", "imagery_source": "taipei_udd_ortho_2025", "model_version": "yolo26s-obb_ep144", "src_image": "TPS_00327", "src_px": "265.5,522.1;276.9,423.0;238.7,418.7;227.4,517.8", "lat": 25.0073981, "lon": 121.5585683}, "geometry": {"type": "Point", "coordinates": [121.5585683, 25.0073981]}}, {"type": "Feature", "id": "dt_wsqqx9bs2", "properties": {"id": "dt_wsqqx9bs2", "status": "review", "conf": 0.5897, "n_detections": 1, "heading_deg": 142.4, "length_m": 4.38, "width_m": 2.03, "corner": "NW", "intersection_id": "TPS_00849", "intersection_dist_m": 17.7, "osm_node_id": null, "serves_from_bearing": 232.4, "serves_to_bearing": 142.4, "serves_quality": "ambiguous", "imagery_source": "taipei_udd_ortho_2025", "model_version": "yolo26s-obb_ep144", "src_image": "TPS_00849", "src_px": "343.4,247.1;303.9,195.4;280.0,213.7;319.5,265.3", "lat": 25.0591818, "lon": 121.6193763}, "geometry": {"type": "Point", "coordinates": [121.6193763, 25.0591818]}}, {"type": "Feature", "id": "dt_wsqqgvxs4", "properties": {"id": "dt_wsqqgvxs4", "status": "review", "conf": 0.5884, "n_detections": 1, "heading_deg": 114.4, "length_m": 7.73, "width_m": 2.42, "corner": "SW", "intersection_id": "TPS_00489", "intersection_dist_m": 16.7, "osm_node_id": null, "serves_from_bearing": 204.4, "serves_to_bearing": 114.4, "serves_quality": "ambiguous", "imagery_source": "taipei_udd_ortho_2025", "model_version": "yolo26s-obb_ep144", "src_image": "TPS_00489", "src_px": "473.2,761.9;488.2,729.1;384.1,681.5;369.1,714.2", "lat": 25.1237111, "lon": 121.4642729}, "geometry": {"type": "Point", "coordinates": [121.4642729, 25.1237111]}}, {"type": "Feature", "id": "dt_wsqqqw882", "properties": {"id": "dt_wsqqqw882", "status": "review", "conf": 0.5867, "n_detections": 1, "heading_deg": 87.8, "length_m": 3.93, "width_m": 3.64, "corner": "SE", "intersection_id": "TPS_00654", "intersection_dist_m": 25.3, "osm_node_id": null, "serves_from_bearing": 87.8, "serves_to_bearing": 357.8, "serves_quality": "good", "imagery_source": "taipei_udd_ortho_2025", "model_version": "yolo26s-obb_ep144", "src_image": "TPS_00654", "src_px": "581.3,1030.7;579.3,976.5;521.3,978.7;523.3,1032.9", "lat": 25.0406717, "lon": 121.57542}, "geometry": {"type": "Point", "coordinates": [121.57542, 25.0406717]}}, {"type": "Feature", "id": "dt_wsqqt644w", "properties": {"id": "dt_wsqqt644w", "status": "review", "conf": 0.5862, "n_detections": 1, "heading_deg": 3.0, "length_m": 3.95, "width_m": 2.02, "corner": "SW", "intersection_id": "TPS_00324", "intersection_dist_m": 17.8, "osm_node_id": null, "serves_from_bearing": 183.0, "serves_to_bearing": 93.0, "serves_quality": "good", "imagery_source": "taipei_udd_ortho_2025", "model_version": "yolo26s-obb_ep144", "src_image": "TPS_00324", "src_px": "171.3,755.8;174.4,697.0;144.5,695.4;141.4,754.2", "lat": 25.0602805, "lon": 121.5227995}, "geometry": {"type": "Point", "coordinates": [121.5227995, 25.0602805]}}, {"type": "Feature", "id": "dt_wsqqmxs0z", "properties": {"id": "dt_wsqqmxs0z", "status": "review", "conf": 0.585, "n_detections": 1, "heading_deg": 1.5, "length_m": 2.04, "width_m": 0.69, "corner": "NE", "intersection_id": "TPS_01386", "intersection_dist_m": 52.6, "osm_node_id": null, "serves_from_bearing": 1.5, "serves_to_bearing": 271.5, "serves_quality": "good", "imagery_source": "taipei_udd_ortho_2025", "model_version": "yolo26s-obb_ep144", "src_image": "TPS_01386", "src_px": "1026.3,49.5;1027.1,19.2;1016.9,18.9;1016.0,49.3", "lat": 25.046238, "lon": 121.5365966}, "geometry": {"type": "Point", "coordinates": [121.5365966, 25.046238]}}, {"type": "Feature", "id": "dt_wsqqmc3pz", "properties": {"id": "dt_wsqqmc3pz", "status": "review", "conf": 0.5831, "n_detections": 1, "heading_deg": 144.7, "length_m": 5.06, "width_m": 3.24, "corner": "NE", "intersection_id": "TPS_02068", "intersection_dist_m": 37.5, "osm_node_id": null, "serves_from_bearing": 324.7, "serves_to_bearing": 234.7, "serves_quality": "good", "imagery_source": "taipei_udd_ortho_2025", "model_version": "yolo26s-obb_ep144", "src_image": "TPS_02068", "src_px": "808.5,42.6;765.2,-18.9;726.0,8.7;769.2,70.2", "lat": 25.0131131, "lon": 121.5434641}, "geometry": {"type": "Point", "coordinates": [121.5434641, 25.0131131]}}, {"type": "Feature", "id": "dt_wsqqmfzc2", "properties": {"id": "dt_wsqqmfzc2", "status": "review", "conf": 0.5814, "n_detections": 1, "heading_deg": 143.2, "length_m": 2.54, "width_m": 2.49, "corner": "SW", "intersection_id": "TPS_01457", "intersection_dist_m": 34.1, "osm_node_id": null, "serves_from_bearing": 233.2, "serves_to_bearing": 143.2, "serves_quality": "good", "imagery_source": "taipei_udd_ortho_2025", "model_version": "yolo26s-obb_ep144", "src_image": "TPS_01457", "src_px": "29.7,615.5;7.2,585.2;-22.4,607.2;-0.0,637.5", "lat": 25.0202239, "lon": 121.5523935}, "geometry": {"type": "Point", "coordinates": [121.5523935, 25.0202239]}}, {"type": "Feature", "id": "dt_wsqqnmmhq", "properties": {"id": "dt_wsqqnmmhq", "status": "review", "conf": 0.5799, "n_detections": 2, "heading_deg": 4.1, "length_m": 2.28, "width_m": 1.94, "corner": "NE", "intersection_id": "TPS_01157", "intersection_dist_m": 14.1, "osm_node_id": null, "serves_from_bearing": 4.1, "serves_to_bearing": 274.1, "serves_quality": "good", "imagery_source": "taipei_udd_ortho_2025", "model_version": "yolo26s-obb_ep144", "src_image": "TPS_02432", "src_px": "450.3,821.0;452.7,787.2;424.1,785.2;421.7,819.0", "lat": 24.9905489, "lon": 121.5708803}, "geometry": {"type": "Point", "coordinates": [121.5708803, 24.9905489]}}, {"type": "Feature", "id": "dt_wsqqkssvc", "properties": {"id": "dt_wsqqkssvc", "status": "review", "conf": 0.5798, "n_detections": 1, "heading_deg": 32.5, "length_m": 2.01, "width_m": 1.43, "corner": "NW", "intersection_id": "TPS_00964", "intersection_dist_m": 11.7, "osm_node_id": null, "serves_from_bearing": 302.5, "serves_to_bearing": 212.5, "serves_quality": "good", "imagery_source": "taipei_udd_ortho_2025", "model_version": "yolo26s-obb_ep144", "src_image": "TPS_00964", "src_px": "325.4,432.7;341.4,407.4;323.5,396.1;307.5,421.4", "lat": 25.0306096, "lon": 121.4933854}, "geometry": {"type": "Point", "coordinates": [121.4933854, 25.0306096]}}, {"type": "Feature", "id": "dt_wsqqwt7s3", "properties": {"id": "dt_wsqqwt7s3", "status": "review", "conf": 0.5792, "n_detections": 1, "heading_deg": 91.7, "length_m": 2.73, "width_m": 2.04, "corner": "SW", "intersection_id": "TPS_00498", "intersection_dist_m": 13.4, "osm_node_id": null, "serves_from_bearing": 181.7, "serves_to_bearing": 91.7, "serves_quality": "ambiguous", "imagery_source": "taipei_udd_ortho_2025", "model_version": "yolo26s-obb_ep144", "src_image": "TPS_00498", "src_px": "603.1,610.4;604.0,580.1;563.6,578.9;562.7,609.2", "lat": 25.0783969, "lon": 121.5795614}, "geometry": {"type": "Point", "coordinates": [121.5795614, 25.0783969]}}, {"type": "Feature", "id": "dt_wsqqve86u", "properties": {"id": "dt_wsqqve86u", "status": "review", "conf": 0.577, "n_detections": 1, "heading_deg": 30.6, "length_m": 6.9, "width_m": 3.37, "corner": "NE", "intersection_id": "TPS_00514", "intersection_dist_m": 26.2, "osm_node_id": null, "serves_from_bearing": 30.6, "serves_to_bearing": 300.6, "serves_quality": "good", "imagery_source": "taipei_udd_ortho_2025", "model_version": "yolo26s-obb_ep144", "src_image": "TPS_00514", "src_px": "818.2,551.9;870.1,463.4;827.0,438.2;775.2,526.7", "lat": 25.1125025, "lon": 121.5313133}, "geometry": {"type": "Point", "coordinates": [121.5313133, 25.1125025]}}, {"type": "Feature", "id": "dt_wsqqmvptq", "properties": {"id": "dt_wsqqmvptq", "status": "review", "conf": 0.5768, "n_detections": 1, "heading_deg": 178.9, "length_m": 7.47, "width_m": 4.09, "corner": "NW", "intersection_id": "TPS_00038", "intersection_dist_m": 17.2, "osm_node_id": null, "serves_from_bearing": 268.9, "serves_to_bearing": 178.9, "serves_quality": "good", "imagery_source": "taipei_udd_ortho_2025", "model_version": "yolo26s-obb_ep144", "src_image": "TPS_00038", "src_px": "205.7,405.9;203.6,294.8;143.1,295.9;145.2,407.0", "lat": 25.0332924, "lon": 121.5523363}, "geometry": {"type": "Point", "coordinates": [121.5523363, 25.0332924]}}, {"type": "Feature", "id": "dt_wsqqv1ddj", "properties": {"id": "dt_wsqqv1ddj", "status": "review", "conf": 0.5762, "n_detections": 1, "heading_deg": 85.6, "length_m": 8.99, "width_m": 2.62, "corner": "SE", "intersection_id": "TPS_00402", "intersection_dist_m": 28.2, "osm_node_id": null, "serves_from_bearing": 85.6, "serves_to_bearing": 355.6, "serves_quality": "good", "imagery_source": "taipei_udd_ortho_2025", "model_version": "yolo26s-obb_ep144", "src_image": "TPS_00402", "src_px": "945.7,914.5;942.7,875.6;810.2,885.9;813.3,924.8", "lat": 25.1013755, "lon": 121.5124677}, "geometry": {"type": "Point", "coordinates": [121.5124677, 25.1013755]}}, {"type": "Feature", "id": "dt_wsqqtyqd1", "properties": {"id": "dt_wsqqtyqd1", "status": "review", "conf": 0.5751, "n_detections": 1, "heading_deg": 168.2, "length_m": 5.59, "width_m": 2.07, "corner": "SW", "intersection_id": "TPS_00891", "intersection_dist_m": 31.5, "osm_node_id": null, "serves_from_bearing": 168.2, "serves_to_bearing": 78.2, "serves_quality": "good", "imagery_source": "taipei_udd_ortho_2025", "model_version": "yolo26s-obb_ep144", "src_image": "TPS_00891", "src_px": "395.2,921.1;378.3,839.6;348.4,845.9;365.3,927.3", "lat": 25.0835077, "lon": 121.5507521}, "geometry": {"type": "Point", "coordinates": [121.5507521, 25.0835077]}}, {"type": "Feature", "id": "dt_wsqqvbbd8", "properties": {"id": "dt_wsqqvbbd8", "status": "review", "conf": 0.5675, "n_detections": 2, "heading_deg": 90.0, "length_m": 10.06, "width_m": 2.46, "corner": "NW", "intersection_id": "TPS_00456", "intersection_dist_m": 25.5, "osm_node_id": null, "serves_from_bearing": 270.0, "serves_to_bearing": 180.0, "serves_quality": "good", "imagery_source": "taipei_udd_ortho_2025", "model_version": "yolo26s-obb_ep144", "src_image": "TPS_00456", "src_px": "643.6,136.8;643.5,100.1;494.8,100.1;494.8,136.8", "lat": 25.0973421, "lon": 121.542473}, "geometry": {"type": "Point", "coordinates": [121.542473, 25.0973421]}}, {"type": "Feature", "id": "dt_wsqqwbq6e", "properties": {"id": "dt_wsqqwbq6e", "status": "review", "conf": 0.5651, "n_detections": 1, "heading_deg": 73.9, "length_m": 4.57, "width_m": 1.94, "corner": "NE", "intersection_id": "TPS_00844", "intersection_dist_m": 47.6, "osm_node_id": null, "serves_from_bearing": 343.9, "serves_to_bearing": 253.9, "serves_quality": "good", "imagery_source": "taipei_udd_ortho_2025", "model_version": "yolo26s-obb_ep144", "src_image": "TPS_00844", "src_px": "1032.9,218.4;1024.8,190.7;959.9,209.6;968.0,237.3", "lat": 25.0506388, "lon": 121.5944296}, "geometry": {"type": "Point", "coordinates": [121.5944296, 25.0506388]}}, {"type": "Feature", "id": "dt_wsqqunef9", "properties": {"id": "dt_wsqqunef9", "status": "review", "conf": 0.5638, "n_detections": 1, "heading_deg": 69.7, "length_m": 6.12, "width_m": 2.1, "corner": "NE", "intersection_id": "TPS_01866", "intersection_dist_m": 28.5, "osm_node_id": null, "serves_from_bearing": 339.7, "serves_to_bearing": 249.7, "serves_quality": "good", "imagery_source": "taipei_udd_ortho_2025", "model_version": "yolo26s-obb_ep144", "src_image": "TPS_01866", "src_px": "885.0,290.5;874.0,261.2;789.1,292.9;800.0,322.3", "lat": 25.1289455, "lon": 121.4700399}, "geometry": {"type": "Point", "coordinates": [121.4700399, 25.1289455]}}, {"type": "Feature", "id": "dt_wsqqmr4xe", "properties": {"id": "dt_wsqqmr4xe", "status": "review", "conf": 0.5633, "n_detections": 2, "heading_deg": 103.3, "length_m": 6.05, "width_m": 2.38, "corner": "SE", "intersection_id": "TPS_00726", "intersection_dist_m": 16.7, "osm_node_id": null, "serves_from_bearing": 103.3, "serves_to_bearing": 13.3, "serves_quality": "ambiguous", "imagery_source": "taipei_udd_ortho_2025", "model_version": "yolo26s-obb_ep144", "src_image": "TPS_00727", "src_px": "260.4,875.4;268.6,840.9;181.6,820.2;173.4,854.8", "lat": 25.0446551, "lon": 121.5233568}, "geometry": {"type": "Point", "coordinates": [121.5233568, 25.0446551]}}, {"type": "Feature", "id": "dt_wsqqw4pb5", "properties": {"id": "dt_wsqqw4pb5", "status": "review", "conf": 0.5632, "n_detections": 1, "heading_deg": 155.9, "length_m": 1.94, "width_m": 1.42, "corner": "SE", "intersection_id": "TPS_00701", "intersection_dist_m": 21.9, "osm_node_id": null, "serves_from_bearing": 65.9, "serves_to_bearing": 335.9, "serves_quality": "good", "imagery_source": "taipei_udd_ortho_2025", "model_version": "yolo26s-obb_ep144", "src_image": "TPS_00701", "src_px": "733.6,726.6;721.9,700.3;702.6,708.8;714.3,735.2", "lat": 25.0598188, "lon": 121.5635156}, "geometry": {"type": "Point", "coordinates": [121.5635156, 25.0598188]}}, {"type": "Feature", "id": "dt_wsqqtfb9f", "properties": {"id": "dt_wsqqtfb9f", "status": "review", "conf": 0.563, "n_detections": 1, "heading_deg": 78.5, "length_m": 3.51, "width_m": 3.41, "corner": "SE", "intersection_id": "TPS_00422", "intersection_dist_m": 3.6, "osm_node_id": null, "serves_from_bearing": 78.5, "serves_to_bearing": 348.5, "serves_quality": "good", "imagery_source": "taipei_udd_ortho_2025", "model_version": "yolo26s-obb_ep144", "src_image": "TPS_00422", "src_px": "460.4,601.5;450.3,551.8;399.4,562.2;409.5,611.8", "lat": 25.0642553, "lon": 121.5425513}, "geometry": {"type": "Point", "coordinates": [121.5425513, 25.0642553]}}, {"type": "Feature", "id": "dt_wsqqmq4sy", "properties": {"id": "dt_wsqqmq4sy", "status": "review", "conf": 0.5608, "n_detections": 1, "heading_deg": 94.8, "length_m": 6.53, "width_m": 2.6, "corner": "NE", "intersection_id": "TPS_00373", "intersection_dist_m": 19.1, "osm_node_id": null, "serves_from_bearing": 4.8, "serves_to_bearing": 274.8, "serves_quality": "good", "imagery_source": "taipei_udd_ortho_2025", "model_version": "yolo26s-obb_ep144", "src_image": "TPS_00373", "src_px": "695.9,195.8;699.1,157.3;602.9,149.2;599.7,187.7", "lat": 25.0386888, "lon": 121.5234724}, "geometry": {"type": "Point", "coordinates": [121.5234724, 25.0386888]}}, {"type": "Feature", "id": "dt_wsqqmjd97", "properties": {"id": "dt_wsqqmjd97", "status": "review", "conf": 0.5603, "n_detections": 1, "heading_deg": 88.5, "length_m": 3.34, "width_m": 1.64, "corner": "NW", "intersection_id": "TPS_00103", "intersection_dist_m": 14.6, "osm_node_id": null, "serves_from_bearing": 268.5, "serves_to_bearing": 178.5, "serves_quality": "good", "imagery_source": "taipei_udd_ortho_2025", "model_version": "yolo26s-obb_ep144", "src_image": "TPS_00103", "src_px": "244.6,331.3;243.9,306.9;194.6,308.2;195.2,332.6", "lat": 25.0353332, "lon": 121.5123695}, "geometry": {"type": "Point", "coordinates": [121.5123695, 25.0353332]}}, {"type": "Feature", "id": "dt_wsqqw751m", "properties": {"id": "dt_wsqqw751m", "status": "review", "conf": 0.5603, "n_detections": 1, "heading_deg": 79.3, "length_m": 2.33, "width_m": 2.31, "corner": "NE", "intersection_id": "TPS_02364", "intersection_dist_m": 28.4, "osm_node_id": null, "serves_from_bearing": 349.3, "serves_to_bearing": 259.3, "serves_quality": "good", "imagery_source": "taipei_udd_ortho_2025", "model_version": "yolo26s-obb_ep144", "src_image": "TPS_02364", "src_px": "615.3,26.5;608.9,-7.3;575.1,-0.9;581.5,32.8", "lat": 25.0655339, "lon": 121.568068}, "geometry": {"type": "Point", "coordinates": [121.568068, 25.0655339]}}, {"type": "Feature", "id": "dt_wsqqwewgt", "properties": {"id": "dt_wsqqwewgt", "status": "review", "conf": 0.5553, "n_detections": 1, "heading_deg": 165.0, "length_m": 7.01, "width_m": 5.64, "corner": "SW", "intersection_id": "TPS_00536", "intersection_dist_m": 13.7, "osm_node_id": null, "serves_from_bearing": 165.0, "serves_to_bearing": 75.0, "serves_quality": "good", "imagery_source": "taipei_udd_ortho_2025", "model_version": "yolo26s-obb_ep144", "src_image": "TPS_00536", "src_px": "434.0,763.9;407.2,663.1;326.5,684.5;353.4,785.4", "lat": 25.0686781, "lon": 121.5842317}, "geometry": {"type": "Point", "coordinates": [121.5842317, 25.0686781]}}, {"type": "Feature", "id": "dt_wsqqkvvfk", "properties": {"id": "dt_wsqqkvvfk", "status": "review", "conf": 0.5498, "n_detections": 1, "heading_deg": 161.2, "length_m": 1.62, "width_m": 0.98, "corner": "SE", "intersection_id": "TPS_01106", "intersection_dist_m": 6.2, "osm_node_id": null, "serves_from_bearing": 71.2, "serves_to_bearing": 341.2, "serves_quality": "ambiguous", "imagery_source": "taipei_udd_ortho_2025", "model_version": "yolo26s-obb_ep144", "src_image": "TPS_01106", "src_px": "552.7,569.9;545.0,547.1;531.3,551.8;539.0,574.5", "lat": 25.0368976, "lon": 121.5058909}, "geometry": {"type": "Point", "coordinates": [121.5058909, 25.0368976]}}, {"type": "Feature", "id": "dt_wsqqtbcd4", "properties": {"id": "dt_wsqqtbcd4", "status": "review", "conf": 0.5485, "n_detections": 1, "heading_deg": 179.0, "length_m": 4.5, "width_m": 2.4, "corner": "SW", "intersection_id": "TPS_00651", "intersection_dist_m": 15.6, "osm_node_id": null, "serves_from_bearing": 179.0, "serves_to_bearing": 89.0, "serves_quality": "ambiguous", "imagery_source": "taipei_udd_ortho_2025", "model_version": "yolo26s-obb_ep144", "src_image": "TPS_00651", "src_px": "188.1,480.3;186.9,413.3;151.4,413.9;152.5,480.9", "lat": 25.0532964, "lon": 121.5439218}, "geometry": {"type": "Point", "coordinates": [121.5439218, 25.0532964]}}, {"type": "Feature", "id": "dt_wsqqtfckc", "properties": {"id": "dt_wsqqtfckc", "status": "review", "conf": 0.547, "n_detections": 1, "heading_deg": 108.8, "length_m": 2.54, "width_m": 1.71, "corner": "SW", "intersection_id": "TPS_01434", "intersection_dist_m": 44.9, "osm_node_id": null, "serves_from_bearing": 198.8, "serves_to_bearing": 108.8, "serves_quality": "good", "imagery_source": "taipei_udd_ortho_2025", "model_version": "yolo26s-obb_ep144", "src_image": "TPS_01434", "src_px": "342.2,1038.8;350.5,1014.8;315.0,1002.6;306.8,1026.5", "lat": 25.0647662, "lon": 121.5435134}, "geometry": {"type": "Point", "coordinates": [121.5435134, 25.0647662]}}, {"type": "Feature", "id": "dt_wsqqwbrr8", "properties": {"id": "dt_wsqqwbrr8", "status": "review", "conf": 0.5453, "n_detections": 1, "heading_deg": 75.8, "length_m": 2.22, "width_m": 1.82, "corner": "NE", "intersection_id": "TPS_00191", "intersection_dist_m": 19.4, "osm_node_id": null, "serves_from_bearing": 75.8, "serves_to_bearing": 345.8, "serves_quality": "ambiguous", "imagery_source": "taipei_udd_ortho_2025", "model_version": "yolo26s-obb_ep144", "src_image": "TPS_00191", "src_px": "832.9,575.5;826.3,549.3;794.4,557.4;801.0,583.6", "lat": 25.0515133, "lon": 121.5956803}, "geometry": {"type": "Point", "coordinates": [121.5956803, 25.0515133]}}, {"type": "Feature", "id": "dt_wsqqqquxn", "properties": {"id": "dt_wsqqqquxn", "status": "review", "conf": 0.5439, "n_detections": 1, "heading_deg": 172.8, "length_m": 1.84, "width_m": 1.19, "corner": "SW", "intersection_id": "TPS_01543", "intersection_dist_m": 39.9, "osm_node_id": null, "serves_from_bearing": 172.8, "serves_to_bearing": 82.8, "serves_quality": "good", "imagery_source": "taipei_udd_ortho_2025", "model_version": "yolo26s-obb_ep144", "src_image": "TPS_01543", "src_px": "449.5,1002.6;446.1,975.4;428.6,977.6;432.1,1004.8", "lat": 25.043169, "lon": 121.5701949}, "geometry": {"type": "Point", "coordinates": [121.5701949, 25.043169]}}, {"type": "Feature", "id": "dt_wsqqq52c3", "properties": {"id": "dt_wsqqq52c3", "status": "review", "conf": 0.5359, "n_detections": 1, "heading_deg": 143.1, "length_m": 2.24, "width_m": 2.09, "corner": "SW", "intersection_id": "TPS_00641", "intersection_dist_m": 11.8, "osm_node_id": null, "serves_from_bearing": 233.1, "serves_to_bearing": 143.1, "serves_quality": "good", "imagery_source": "taipei_udd_ortho_2025", "model_version": "yolo26s-obb_ep144", "src_image": "TPS_00641", "src_px": "363.1,669.3;343.2,642.6;318.3,661.1;338.1,687.8", "lat": 25.0229911, "lon": 121.5538211}, "geometry": {"type": "Point", "coordinates": [121.5538211, 25.0229911]}}, {"type": "Feature", "id": "dt_wsqqwe6bc", "properties": {"id": "dt_wsqqwe6bc", "status": "review", "conf": 0.5353, "n_detections": 1, "heading_deg": 168.5, "length_m": 6.63, "width_m": 6.28, "corner": "NE", "intersection_id": "TPS_00799", "intersection_dist_m": 12.0, "osm_node_id": null, "serves_from_bearing": 348.5, "serves_to_bearing": 258.5, "serves_quality": "good", "imagery_source": "taipei_udd_ortho_2025", "model_version": "yolo26s-obb_ep144", "src_image": "TPS_00799", "src_px": "663.1,489.0;643.6,392.2;552.5,410.5;572.1,507.4", "lat": 25.0668234, "lon": 121.5785478}, "geometry": {"type": "Point", "coordinates": [121.5785478, 25.0668234]}}, {"type": "Feature", "id": "dt_wsqqtd89t", "properties": {"id": "dt_wsqqtd89t", "status": "review", "conf": 0.5351, "n_detections": 1, "heading_deg": 174.3, "length_m": 2.81, "width_m": 2.09, "corner": "NW", "intersection_id": "TPS_00678", "intersection_dist_m": 33.9, "osm_node_id": null, "serves_from_bearing": 264.3, "serves_to_bearing": 174.3, "serves_quality": "ambiguous", "imagery_source": "taipei_udd_ortho_2025", "model_version": "yolo26s-obb_ep144", "src_image": "TPS_00678", "src_px": "383.5,127.4;379.4,85.8;348.6,88.8;352.6,130.4", "lat": 25.0628326, "lon": 121.5316938}, "geometry": {"type": "Point", "coordinates": [121.5316938, 25.0628326]}}, {"type": "Feature", "id": "dt_wsqqv25ue", "properties": {"id": "dt_wsqqv25ue", "status": "review", "conf": 0.5299, "n_detections": 2, "heading_deg": 146.3, "length_m": 3.47, "width_m": 2.01, "corner": "SE", "intersection_id": "TPS_02111", "intersection_dist_m": 20.0, "osm_node_id": null, "serves_from_bearing": 146.3, "serves_to_bearing": 56.3, "serves_quality": "ambiguous", "imagery_source": "taipei_udd_ortho_2025", "model_version": "yolo26s-obb_ep144", "src_image": "TPS_02111", "src_px": "786.6,706.3;758.1,663.3;733.2,679.7;761.7,722.8", "lat": 25.0935731, "lon": 121.5250915}, "geometry": {"type": "Point", "coordinates": [121.5250915, 25.0935731]}}, {"type": "Feature", "id": "dt_wsqqmn1w2", "properties": {"id": "dt_wsqqmn1w2", "status": "review", "conf": 0.5281, "n_detections": 1, "heading_deg": 6.9, "length_m": 4.3, "width_m": 1.52, "corner": "SW", "intersection_id": "TPS_02214", "intersection_dist_m": 32.1, "osm_node_id": null, "serves_from_bearing": 186.9, "serves_to_bearing": 96.9, "serves_quality": "good", "imagery_source": "taipei_udd_ortho_2025", "model_version": "yolo26s-obb_ep144", "src_image": "TPS_02214", "src_px": "13.8,592.6;21.4,529.1;-0.9,526.4;-8.5,589.9", "lat": 25.0389203, "lon": 121.5108533}, "geometry": {"type": "Point", "coordinates": [121.5108533, 25.0389203]}}, {"type": "Feature", "id": "dt_wsqqmhs95", "properties": {"id": "dt_wsqqmhs95", "status": "review", "conf": 0.5274, "n_detections": 1, "heading_deg": 167.1, "length_m": 6.28, "width_m": 2.77, "corner": "SW", "intersection_id": "TPS_00490", "intersection_dist_m": 12.9, "osm_node_id": null, "serves_from_bearing": 257.1, "serves_to_bearing": 167.1, "serves_quality": "ambiguous", "imagery_source": "taipei_udd_ortho_2025", "model_version": "yolo26s-obb_ep144", "src_image": "TPS_00490", "src_px": "282.4,544.6;261.7,453.5;221.8,462.6;242.5,553.7", "lat": 25.0297777, "lon": 121.5151379}, "geometry": {"type": "Point", "coordinates": [121.5151379, 25.0297777]}}, {"type": "Feature", "id": "dt_wsqqm5mfn", "properties": {"id": "dt_wsqqm5mfn", "status": "review", "conf": 0.5274, "n_detections": 1, "heading_deg": 179.4, "length_m": 4.17, "width_m": 2.07, "corner": "NE", "intersection_id": "TPS_01049", "intersection_dist_m": 12.1, "osm_node_id": null, "serves_from_bearing": 359.4, "serves_to_bearing": 269.4, "serves_quality": "ambiguous", "imagery_source": "taipei_udd_ortho_2025", "model_version": "yolo26s-obb_ep144", "src_image": "TPS_01049", "src_px": "696.2,509.8;695.6,447.7;665.0,448.0;665.6,510.1", "lat": 25.0231043, "lon": 121.5169702}, "geometry": {"type": "Point", "coordinates": [121.5169702, 25.0231043]}}, {"type": "Feature", "id": "dt_wsqqtr3vh", "properties": {"id": "dt_wsqqtr3vh", "status": "review", "conf": 0.5257, "n_detections": 1, "heading_deg": 167.1, "length_m": 1.57, "width_m": 1.01, "corner": "SW", "intersection_id": "TPS_01314", "intersection_dist_m": 49.0, "osm_node_id": null, "serves_from_bearing": 167.1, "serves_to_bearing": 77.1, "serves_quality": "good", "imagery_source": "taipei_udd_ortho_2025", "model_version": "yolo26s-obb_ep144", "src_image": "TPS_01314", "src_px": "14.7,962.6;9.5,939.8;-5.1,943.1;0.1,965.9", "lat": 25.0895288, "lon": 121.5223535}, "geometry": {"type": "Point", "coordinates": [121.5223535, 25.0895288]}}, {"type": "Feature", "id": "dt_wsqqnmsdg", "properties": {"id": "dt_wsqqnmsdg", "status": "review", "conf": 0.5235, "n_detections": 1, "heading_deg": 177.5, "length_m": 2.92, "width_m": 1.73, "corner": "SE", "intersection_id": "TPS_00387", "intersection_dist_m": 28.9, "osm_node_id": null, "serves_from_bearing": 87.5, "serves_to_bearing": 357.5, "serves_quality": "good", "imagery_source": "taipei_udd_ortho_2025", "model_version": "yolo26s-obb_ep144", "src_image": "TPS_00387", "src_px": "1028.6,582.7;1026.7,539.3;1001.1,540.4;1003.1,583.8", "lat": 24.9916292, "lon": 121.5700661}, "geometry": {"type": "Point", "coordinates": [121.5700661, 24.9916292]}}, {"type": "Feature", "id": "dt_wsqqmyv7v", "properties": {"id": "dt_wsqqmyv7v", "status": "review", "conf": 0.5224, "n_detections": 1, "heading_deg": 174.9, "length_m": 3.58, "width_m": 2.48, "corner": "NE", "intersection_id": "TPS_00061", "intersection_dist_m": 30.8, "osm_node_id": null, "serves_from_bearing": 354.9, "serves_to_bearing": 264.9, "serves_quality": "ambiguous", "imagery_source": "taipei_udd_ortho_2025", "model_version": "yolo26s-obb_ep144", "src_image": "TPS_00061", "src_px": "865.1,377.4;860.4,324.3;823.9,327.5;828.5,380.6", "lat": 25.0426232, "lon": 121.5491808}, "geometry": {"type": "Point", "coordinates": [121.5491808, 25.0426232]}}, {"type": "Feature", "id": "dt_wsqqmgzpq", "properties": {"id": "dt_wsqqmgzpq", "status": "review", "conf": 0.5204, "n_detections": 1, "heading_deg": 70.5, "length_m": 6.59, "width_m": 5.18, "corner": "NW", "intersection_id": "TPS_00638", "intersection_dist_m": 12.1, "osm_node_id": null, "serves_from_bearing": 250.5, "serves_to_bearing": 160.5, "serves_quality": "good", "imagery_source": "taipei_udd_ortho_2025", "model_version": "yolo26s-obb_ep144", "src_image": "TPS_00638", "src_px": "450.7,409.6;424.8,337.0;332.9,369.8;358.8,442.3", "lat": 25.0267361, "lon": 121.5516238}, "geometry": {"type": "Point", "coordinates": [121.5516238, 25.0267361]}}, {"type": "Feature", "id": "dt_wsqqsbr3n", "properties": {"id": "dt_wsqqsbr3n", "status": "review", "conf": 0.5191, "n_detections": 1, "heading_deg": 97.5, "length_m": 2.56, "width_m": 2.52, "corner": "SW", "intersection_id": "TPS_00991", "intersection_dist_m": 17.4, "osm_node_id": null, "serves_from_bearing": 187.5, "serves_to_bearing": 97.5, "serves_quality": "good", "imagery_source": "taipei_udd_ortho_2025", "model_version": "yolo26s-obb_ep144", "src_image": "TPS_00991", "src_px": "437.7,633.5;442.7,596.3;405.1,591.3;400.2,628.5", "lat": 25.0503968, "lon": 121.5080417}, "geometry": {"type": "Point", "coordinates": [121.5080417, 25.0503968]}}, {"type": "Feature", "id": "dt_wsqqw9x8y", "properties": {"id": "dt_wsqqw9x8y", "status": "review", "conf": 0.5183, "n_detections": 1, "heading_deg": 165.6, "length_m": 1.88, "width_m": 1.31, "corner": "SW", "intersection_id": "TPS_01843", "intersection_dist_m": 30.8, "osm_node_id": null, "serves_from_bearing": 165.6, "serves_to_bearing": 75.6, "serves_quality": "good", "imagery_source": "taipei_udd_ortho_2025", "model_version": "yolo26s-obb_ep144", "src_image": "TPS_01843", "src_px": "183.4,941.5;176.5,914.4;157.7,919.2;164.5,946.3", "lat": 25.0572016, "lon": 121.5852927}, "geometry": {"type": "Point", "coordinates": [121.5852927, 25.0572016]}}, {"type": "Feature", "id": "dt_wsqqw74zk", "properties": {"id": "dt_wsqqw74zk", "status": "review", "conf": 0.5182, "n_detections": 1, "heading_deg": 71.3, "length_m": 5.08, "width_m": 2.39, "corner": "NE", "intersection_id": "TPS_02484", "intersection_dist_m": 27.7, "osm_node_id": null, "serves_from_bearing": 341.3, "serves_to_bearing": 251.3, "serves_quality": "good", "imagery_source": "taipei_udd_ortho_2025", "model_version": "yolo26s-obb_ep144", "src_image": "TPS_02484", "src_px": "856.3,85.2;844.8,51.5;773.6,75.7;785.1,109.4", "lat": 25.0665813, "lon": 121.5677004}, "geometry": {"type": "Point", "coordinates": [121.5677004, 25.0665813]}}, {"type": "Feature", "id": "dt_wsqqnwbm5", "properties": {"id": "dt_wsqqnwbm5", "status": "review", "conf": 0.5179, "n_detections": 1, "heading_deg": 28.1, "length_m": 3.38, "width_m": 1.51, "corner": "NE", "intersection_id": "TPS_00407", "intersection_dist_m": 38.2, "osm_node_id": null, "serves_from_bearing": 28.1, "serves_to_bearing": 298.1, "serves_quality": "good", "imagery_source": "taipei_udd_ortho_2025", "model_version": "yolo26s-obb_ep144", "src_image": "TPS_00407", "src_px": "1021.7,146.8;1045.3,102.4;1025.5,91.9;1001.9,136.2", "lat": 24.9988993, "lon": 121.5752217}, "geometry": {"type": "Point", "coordinates": [121.5752217, 24.9988993]}}, {"type": "Feature", "id": "dt_wsqqw2hkw", "properties": {"id": "dt_wsqqw2hkw", "status": "review", "conf": 0.5156, "n_detections": 1, "heading_deg": 157.2, "length_m": 3.34, "width_m": 3.08, "corner": "SW", "intersection_id": "TPS_02492", "intersection_dist_m": 18.5, "osm_node_id": null, "serves_from_bearing": 247.2, "serves_to_bearing": 157.2, "serves_quality": "good", "imagery_source": "taipei_udd_ortho_2025", "model_version": "yolo26s-obb_ep144", "src_image": "TPS_02492", "src_px": "177.0,612.6;157.9,566.8;115.8,584.4;134.9,630.2", "lat": 25.0496276, "lon": 121.569827}, "geometry": {"type": "Point", "coordinates": [121.569827, 25.0496276]}}, {"type": "Feature", "id": "dt_wsqqt0vkd", "properties": {"id": "dt_wsqqt0vkd", "status": "review", "conf": 0.5153, "n_detections": 1, "heading_deg": 101.8, "length_m": 5.77, "width_m": 2.25, "corner": "NW", "intersection_id": "TPS_00486", "intersection_dist_m": 11.4, "osm_node_id": null, "serves_from_bearing": 281.8, "serves_to_bearing": 191.8, "serves_quality": "good", "imagery_source": "taipei_udd_ortho_2025", "model_version": "yolo26s-obb_ep144", "src_image": "TPS_00486", "src_px": "464.4,265.8;471.3,233.0;387.8,215.5;380.9,248.3", "lat": 25.0537328, "lon": 121.5161129}, "geometry": {"type": "Point", "coordinates": [121.5161129, 25.0537328]}}, {"type": "Feature", "id": "dt_wsqqt3jgd", "properties": {"id": "dt_wsqqt3jgd", "status": "review", "conf": 0.5149, "n_detections": 1, "heading_deg": 0.3, "length_m": 5.64, "width_m": 2.31, "corner": "NE", "intersection_id": "TPS_00699", "intersection_dist_m": 23.3, "osm_node_id": null, "serves_from_bearing": 0.3, "serves_to_bearing": 270.3, "serves_quality": "good", "imagery_source": "taipei_udd_ortho_2025", "model_version": "yolo26s-obb_ep144", "src_image": "TPS_00699", "src_px": "941.8,594.7;942.3,510.7;908.2,510.5;907.7,594.5", "lat": 25.0549429, "lon": 121.5277771}, "geometry": {"type": "Point", "coordinates": [121.5277771, 25.0549429]}}, {"type": "Feature", "id": "dt_wsqqmrbsv", "properties": {"id": "dt_wsqqmrbsv", "status": "review", "conf": 0.5146, "n_detections": 1, "heading_deg": 107.4, "length_m": 5.82, "width_m": 3.2, "corner": "NW", "intersection_id": "TPS_00147", "intersection_dist_m": 31.9, "osm_node_id": null, "serves_from_bearing": 197.4, "serves_to_bearing": 107.4, "serves_quality": "good", "imagery_source": "taipei_udd_ortho_2025", "model_version": "yolo26s-obb_ep144", "src_image": "TPS_00147", "src_px": "129.3,553.5;143.5,508.1;61.3,482.2;47.0,527.7", "lat": 25.048277, "lon": 121.5206976}, "geometry": {"type": "Point", "coordinates": [121.5206976, 25.048277]}}, {"type": "Feature", "id": "dt_wsqqt0d6c", "properties": {"id": "dt_wsqqt0d6c", "status": "review", "conf": 0.5146, "n_detections": 1, "heading_deg": 169.3, "length_m": 2.11, "width_m": 1.27, "corner": "NE", "intersection_id": "TPS_01586", "intersection_dist_m": 7.5, "osm_node_id": null, "serves_from_bearing": 349.3, "serves_to_bearing": 259.3, "serves_quality": "ambiguous", "imagery_source": "taipei_udd_ortho_2025", "model_version": "yolo26s-obb_ep144", "src_image": "TPS_01586", "src_px": "599.1,453.4;593.3,422.6;574.8,426.2;580.6,456.9", "lat": 25.0520568, "lon": 121.5119292}, "geometry": {"type": "Point", "coordinates": [121.5119292, 25.0520568]}}, {"type": "Feature", "id": "dt_wsqqmq5cy", "properties": {"id": "dt_wsqqmq5cy", "status": "review", "conf": 0.5144, "n_detections": 1, "heading_deg": 91.7, "length_m": 6.77, "width_m": 2.57, "corner": "SW", "intersection_id": "TPS_00269", "intersection_dist_m": 17.3, "osm_node_id": null, "serves_from_bearing": 181.7, "serves_to_bearing": 91.7, "serves_quality": "ambiguous", "imagery_source": "taipei_udd_ortho_2025", "model_version": "yolo26s-obb_ep144", "src_image": "TPS_00269", "src_px": "448.8,820.6;450.0,782.4;349.9,779.4;348.7,817.6", "lat": 25.0381521, "lon": 121.525193}, "geometry": {"type": "Point", "coordinates": [121.525193, 25.0381521]}}, {"type": "Feature", "id": "dt_wsqqt9sku", "properties": {"id": "dt_wsqqt9sku", "status": "review", "conf": 0.5129, "n_detections": 1, "heading_deg": 178.4, "length_m": 3.47, "width_m": 1.67, "corner": "SE", "intersection_id": "TPS_00627", "intersection_dist_m": 8.8, "osm_node_id": null, "serves_from_bearing": 88.4, "serves_to_bearing": 358.4, "serves_quality": "ambiguous", "imagery_source": "taipei_udd_ortho_2025", "model_version": "yolo26s-obb_ep144", "src_image": "TPS_00627", "src_px": "573.1,599.0;571.7,547.4;547.0,548.1;548.4,599.7", "lat": 25.0578848, "lon": 121.5368021}, "geometry": {"type": "Point", "coordinates": [121.5368021, 25.0578848]}}, {"type": "Feature", "id": "dt_wsqqtr37h", "properties": {"id": "dt_wsqqtr37h", "status": "review", "conf": 0.5122, "n_detections": 1, "heading_deg": 56.0, "length_m": 3.24, "width_m": 2.35, "corner": "NE", "intersection_id": "TPS_00767", "intersection_dist_m": 40.8, "osm_node_id": null, "serves_from_bearing": 326.0, "serves_to_bearing": 236.0, "serves_quality": "good", "imagery_source": "taipei_udd_ortho_2025", "model_version": "yolo26s-obb_ep144", "src_image": "TPS_00767", "src_px": "852.3,1.8;832.7,-27.1;793.0,-0.1;812.6,28.7", "lat": 25.0891741, "lon": 121.5217003}, "geometry": {"type": "Point", "coordinates": [121.5217003, 25.0891741]}}, {"type": "Feature", "id": "dt_wsqqwfhjq", "properties": {"id": "dt_wsqqwfhjq", "status": "review", "conf": 0.5121, "n_detections": 1, "heading_deg": 147.8, "length_m": 7.3, "width_m": 2.17, "corner": "NE", "intersection_id": "TPS_00856", "intersection_dist_m": 17.2, "osm_node_id": null, "serves_from_bearing": 327.8, "serves_to_bearing": 237.8, "serves_quality": "good", "imagery_source": "taipei_udd_ortho_2025", "model_version": "yolo26s-obb_ep144", "src_image": "TPS_00856", "src_px": "698.7,272.9;641.2,180.9;613.9,197.9;671.4,290.0", "lat": 25.0607337, "lon": 121.5914549}, "geometry": {"type": "Point", "coordinates": [121.5914549, 25.0607337]}}, {"type": "Feature", "id": "dt_wsqqqxd5j", "properties": {"id": "dt_wsqqqxd5j", "status": "review", "conf": 0.5116, "n_detections": 1, "heading_deg": 173.7, "length_m": 4.22, "width_m": 2.42, "corner": "SW", "intersection_id": "TPS_00746", "intersection_dist_m": 11.2, "osm_node_id": null, "serves_from_bearing": 173.7, "serves_to_bearing": 83.7, "serves_quality": "ambiguous", "imagery_source": "taipei_udd_ortho_2025", "model_version": "yolo26s-obb_ep144", "src_image": "TPS_00746", "src_px": "378.1,464.7;371.3,402.3;335.7,406.2;342.4,468.6", "lat": 25.0466163, "lon": 121.5776929}, "geometry": {"type": "Point", "coordinates": [121.5776929, 25.0466163]}}, {"type": "Feature", "id": "dt_wsqqtr328", "properties": {"id": "dt_wsqqtr328", "status": "review", "conf": 0.5116, "n_detections": 1, "heading_deg": 139.6, "length_m": 2.39, "width_m": 1.47, "corner": "SW", "intersection_id": "TPS_00767", "intersection_dist_m": 8.5, "osm_node_id": null, "serves_from_bearing": 139.6, "serves_to_bearing": 49.6, "serves_quality": "good", "imagery_source": "taipei_udd_ortho_2025", "model_version": "yolo26s-obb_ep144", "src_image": "TPS_00767", "src_px": "548.6,679.8;525.7,652.7;509.1,666.8;532.0,693.8", "lat": 25.0887658, "lon": 121.5215033}, "geometry": {"type": "Point", "coordinates": [121.5215033, 25.0887658]}}, {"type": "Feature", "id": "dt_wsqqub0pd", "properties": {"id": "dt_wsqqub0pd", "status": "review", "conf": 0.5098, "n_detections": 1, "heading_deg": 150.6, "length_m": 3.67, "width_m": 2.59, "corner": "NE", "intersection_id": "TPS_01093", "intersection_dist_m": 20.3, "osm_node_id": null, "serves_from_bearing": 330.6, "serves_to_bearing": 240.6, "serves_quality": "ambiguous", "imagery_source": "taipei_udd_ortho_2025", "model_version": "yolo26s-obb_ep144", "src_image": "TPS_01093", "src_px": "733.9,374.9;707.3,327.3;673.8,345.9;700.4,393.6", "lat": 25.094086, "lon": 121.4979314}, "geometry": {"type": "Point", "coordinates": [121.4979314, 25.094086]}}, {"type": "Feature", "id": "dt_wsqqt8dcn", "properties": {"id": "dt_wsqqt8dcn", "status": "review", "conf": 0.5051, "n_detections": 1, "heading_deg": 5.3, "length_m": 7.29, "width_m": 3.72, "corner": "SE", "intersection_id": "TPS_00716", "intersection_dist_m": 27.9, "osm_node_id": null, "serves_from_bearing": 95.3, "serves_to_bearing": 5.3, "serves_quality": "good", "imagery_source": "taipei_udd_ortho_2025", "model_version": "yolo26s-obb_ep144", "src_image": "TPS_00716", "src_px": "674.4,972.2;684.4,864.1;629.6,859.0;619.5,967.1", "lat": 25.0517677, "lon": 121.5348038}, "geometry": {"type": "Point", "coordinates": [121.5348038, 25.0517677]}}, {"type": "Feature", "id": "dt_wsqqtq6wz", "properties": {"id": "dt_wsqqtq6wz", "status": "review", "conf": 0.5044, "n_detections": 1, "heading_deg": 74.5, "length_m": 2.6, "width_m": 2.15, "corner": "NW", "intersection_id": "TPS_00151", "intersection_dist_m": 25.5, "osm_node_id": null, "serves_from_bearing": 344.5, "serves_to_bearing": 254.5, "serves_quality": "good", "imagery_source": "taipei_udd_ortho_2025", "model_version": "yolo26s-obb_ep144", "src_image": "TPS_00151", "src_px": "499.5,19.5;490.9,-11.4;453.9,-1.1;462.5,29.8", "lat": 25.0843495, "lon": 121.5235283}, "geometry": {"type": "Point", "coordinates": [121.5235283, 25.0843495]}}, {"type": "Feature", "id": "dt_wsqqqrgd2", "properties": {"id": "dt_wsqqqrgd2", "status": "review", "conf": 0.5007, "n_detections": 1, "heading_deg": 64.5, "length_m": 1.75, "width_m": 1.55, "corner": "SW", "intersection_id": "TPS_01176", "intersection_dist_m": 35.5, "osm_node_id": null, "serves_from_bearing": 154.5, "serves_to_bearing": 64.5, "serves_quality": "good", "imagery_source": "taipei_udd_ortho_2025", "model_version": "yolo26s-obb_ep144", "src_image": "TPS_01176", "src_px": "23.7,706.9;13.7,686.1;-9.6,697.3;0.4,718.1", "lat": 25.047854, "lon": 121.5685319}, "geometry": {"type": "Point", "coordinates": [121.5685319, 25.047854]}}]}