id,lat,lon,n_nodes,source,zoom,grid
TPS_00000,25.054528,121.576396,16,taipei_udd_Image_2025,21,4
TPS_00001,25.024346,121.552503,14,taipei_udd_Image_2025,21,4
TPS_00002,25.08044,121.56269,12,taipei_udd_Image_2025,21,4
TPS_00003,25.045626,121.532892,11,taipei_udd_Image_2025,21,4
TPS_00004,25.037558,121.561632,10,taipei_udd_Image_2025,21,4
TPS_00005,25.033277,121.548796,9,taipei_udd_Image_2025,21,4
TPS_00006,25.02815,121.548523,9,taipei_udd_Image_2025,21,4
TPS_00007,25.043301,121.529888,9,taipei_udd_Image_2025,21,4
TPS_00008,25.037827,121.549649,9,taipei_udd_Image_2025,21,4
TPS_00009,25.048845,121.565374,9,taipei_udd_Image_2025,21,4
TPS_00010,25.037968,121.543694,8,taipei_udd_Image_2025,21,4
TPS_00011,25.037142,121.548829,8,taipei_udd_Image_2025,21,4
TPS_00012,25.038583,121.548842,8,taipei_udd_Image_2025,21,4
TPS_00013,25.03781,121.551314,8,taipei_udd_Image_2025,21,4
TPS_00014,25.038149,121.532822,8,taipei_udd_Image_2025,21,4
TPS_00015,25.040151,121.53283,8,taipei_udd_Image_2025,21,4
TPS_00016,25.095771,121.527928,8,taipei_udd_Image_2025,21,4
TPS_00017,25.01115,121.537088,8,taipei_udd_Image_2025,21,4
TPS_00018,25.048127,121.553739,8,taipei_udd_Image_2025,21,4
TPS_00019,25.061639,121.563182,8,taipei_udd_Image_2025,21,4
TPS_00020,25.059581,121.586376,8,taipei_udd_Image_2025,21,4
TPS_00021,24.987653,121.575982,7,taipei_udd_Image_2025,21,4
TPS_00022,25.037924,121.548064,7,taipei_udd_Image_2025,21,4
TPS_00023,25.037688,121.557576,7,taipei_udd_Image_2025,21,4
TPS_00024,25.029959,121.548744,7,taipei_udd_Image_2025,21,4
TPS_00025,25.014142,121.552178,7,taipei_udd_Image_2025,21,4
TPS_00026,25.058192,121.563499,7,taipei_udd_Image_2025,21,4
TPS_00027,25.054337,121.567314,7,taipei_udd_Image_2025,21,4
TPS_00028,24.988532,121.561906,7,taipei_udd_Image_2025,21,4
TPS_00029,25.035119,121.503311,7,taipei_udd_Image_2025,21,4
TPS_00030,25.07281,121.535802,7,taipei_udd_Image_2025,21,4
TPS_00031,25.021195,121.548841,7,taipei_udd_Image_2025,21,4
TPS_00032,25.069273,121.57474,7,taipei_udd_Image_2025,21,4
TPS_00033,24.98288,121.565513,7,taipei_udd_Image_2025,21,4
TPS_00034,24.988563,121.568577,7,taipei_udd_Image_2025,21,4
TPS_00035,25.050075,121.548848,7,taipei_udd_Image_2025,21,4
TPS_00036,25.044506,121.519277,6,taipei_udd_Image_2025,21,4
TPS_00037,25.047149,121.520301,6,taipei_udd_Image_2025,21,4
TPS_00038,25.033206,121.552478,6,taipei_udd_Image_2025,21,4
TPS_00039,25.033382,121.543607,6,taipei_udd_Image_2025,21,4
TPS_00040,25.033096,121.557485,6,taipei_udd_Image_2025,21,4
TPS_00041,25.045113,121.557755,6,taipei_udd_Image_2025,21,4
TPS_00042,25.041746,121.537087,6,taipei_udd_Image_2025,21,4
TPS_00043,25.032991,121.561372,6,taipei_udd_Image_2025,21,4
TPS_00044,25.068446,121.522861,6,taipei_udd_Image_2025,21,4
TPS_00045,25.062636,121.527631,6,taipei_udd_Image_2025,21,4
TPS_00046,25.022778,121.548721,6,taipei_udd_Image_2025,21,4
TPS_00047,25.038249,121.528313,6,taipei_udd_Image_2025,21,4
TPS_00048,25.034083,121.527273,6,taipei_udd_Image_2025,21,4
TPS_00049,25.062769,121.522623,6,taipei_udd_Image_2025,21,4
TPS_00050,25.046043,121.530736,6,taipei_udd_Image_2025,21,4
TPS_00051,25.052251,121.522553,6,taipei_udd_Image_2025,21,4
TPS_00052,25.05721,121.581374,6,taipei_udd_Image_2025,21,4
TPS_00053,24.98247,121.567043,6,taipei_udd_Image_2025,21,4
TPS_00054,25.100433,121.550776,6,taipei_udd_Image_2025,21,4
TPS_00055,25.054805,121.533208,6,taipei_udd_Image_2025,21,4
TPS_00056,24.998851,121.543463,6,taipei_udd_Image_2025,21,4
TPS_00057,25.072281,121.551376,6,taipei_udd_Image_2025,21,4
TPS_00058,25.054001,121.560672,6,taipei_udd_Image_2025,21,4
TPS_00059,25.048235,121.558356,6,taipei_udd_Image_2025,21,4
TPS_00060,25.064918,121.536701,6,taipei_udd_Image_2025,21,4
TPS_00061,25.042595,121.548877,6,taipei_udd_Image_2025,21,4
TPS_00062,25.04356,121.54888,6,taipei_udd_Image_2025,21,4
TPS_00063,25.046144,121.548903,6,taipei_udd_Image_2025,21,4
TPS_00064,25.03096,121.548781,6,taipei_udd_Image_2025,21,4
TPS_00065,25.047095,121.541855,6,taipei_udd_Image_2025,21,4
TPS_00066,25.056623,121.560467,6,taipei_udd_Image_2025,21,4
TPS_00067,25.034906,121.516701,5,taipei_udd_Image_2025,21,4
TPS_00068,25.110499,121.511255,5,taipei_udd_Image_2025,21,4
TPS_00069,25.090261,121.527383,5,taipei_udd_Image_2025,21,4
TPS_00070,25.033934,121.504698,5,taipei_udd_Image_2025,21,4
TPS_00071,25.041301,121.557689,5,taipei_udd_Image_2025,21,4
TPS_00072,25.038015,121.538228,5,taipei_udd_Image_2025,21,4
TPS_00073,25.033041,121.559566,5,taipei_udd_Image_2025,21,4
TPS_00074,25.048199,121.552586,5,taipei_udd_Image_2025,21,4
TPS_00075,25.033699,121.532466,5,taipei_udd_Image_2025,21,4
TPS_00076,25.066566,121.53329,5,taipei_udd_Image_2025,21,4
TPS_00077,25.05607,121.544119,5,taipei_udd_Image_2025,21,4
TPS_00078,25.063013,121.513602,5,taipei_udd_Image_2025,21,4
TPS_00079,25.061928,121.554591,5,taipei_udd_Image_2025,21,4
TPS_00080,25.049845,121.571033,5,taipei_udd_Image_2025,21,4
TPS_00081,25.030613,121.533608,5,taipei_udd_Image_2025,21,4
TPS_00082,25.049435,121.513325,5,taipei_udd_Image_2025,21,4
TPS_00083,25.055829,121.579002,5,taipei_udd_Image_2025,21,4
TPS_00084,24.993045,121.541092,5,taipei_udd_Image_2025,21,4
TPS_00085,25.029182,121.491497,5,taipei_udd_Image_2025,21,4
TPS_00086,25.038171,121.517446,5,taipei_udd_Image_2025,21,4
TPS_00087,25.076139,121.571175,5,taipei_udd_Image_2025,21,4
TPS_00088,24.990634,121.56645,5,taipei_udd_Image_2025,21,4
TPS_00089,25.101773,121.521344,5,taipei_udd_Image_2025,21,4
TPS_00090,25.012988,121.563283,5,taipei_udd_Image_2025,21,4
TPS_00091,25.056112,121.540582,5,taipei_udd_Image_2025,21,4
TPS_00092,24.997261,121.562076,5,taipei_udd_Image_2025,21,4
TPS_00093,25.06207,121.547943,5,taipei_udd_Image_2025,21,4
TPS_00094,25.056183,121.536971,5,taipei_udd_Image_2025,21,4
TPS_00095,25.051385,121.566048,5,taipei_udd_Image_2025,21,4
TPS_00096,25.051295,121.568372,5,taipei_udd_Image_2025,21,4
TPS_00097,25.026845,121.548812,5,taipei_udd_Image_2025,21,4
TPS_00098,25.072435,121.542308,5,taipei_udd_Image_2025,21,4
TPS_00099,25.048219,121.547187,5,taipei_udd_Image_2025,21,4
TPS_00100,25.044597,121.542245,5,taipei_udd_Image_2025,21,4
TPS_00101,25.044859,121.543864,4,taipei_udd_Image_2025,21,4
TPS_00102,25.016305,121.532724,4,taipei_udd_Image_2025,21,4
TPS_00103,25.035277,121.5125,4,taipei_udd_Image_2025,21,4
TPS_00104,25.027245,121.51597,4,taipei_udd_Image_2025,21,4
TPS_00105,25.041623,121.543776,4,taipei_udd_Image_2025,21,4
TPS_00106,25.027071,121.522428,4,taipei_udd_Image_2025,21,4
TPS_00107,25.053164,121.616281,4,taipei_udd_Image_2025,21,4
TPS_00108,25.07943,121.576867,4,taipei_udd_Image_2025,21,4
TPS_00109,25.073344,121.605733,4,taipei_udd_Image_2025,21,4
TPS_00110,25.037307,121.506878,4,taipei_udd_Image_2025,21,4
TPS_00111,25.035675,121.510809,4,taipei_udd_Image_2025,21,4
TPS_00112,25.03128,121.507778,4,taipei_udd_Image_2025,21,4
TPS_00113,25.007963,121.538251,4,taipei_udd_Image_2025,21,4
TPS_00114,25.046339,121.523799,4,taipei_udd_Image_2025,21,4
TPS_00115,25.07972,121.544422,4,taipei_udd_Image_2025,21,4
TPS_00116,24.987139,121.578282,4,taipei_udd_Image_2025,21,4
TPS_00117,25.065758,121.61091,4,taipei_udd_Image_2025,21,4
TPS_00118,25.064992,121.610942,4,taipei_udd_Image_2025,21,4
TPS_00119,25.039241,121.507437,4,taipei_udd_Image_2025,21,4
TPS_00120,25.003462,121.562866,4,taipei_udd_Image_2025,21,4
TPS_00121,25.035021,121.514722,4,taipei_udd_Image_2025,21,4
TPS_00122,25.027561,121.514546,4,taipei_udd_Image_2025,21,4
TPS_00123,25.11444,121.527409,4,taipei_udd_Image_2025,21,4
TPS_00124,25.041896,121.518502,4,taipei_udd_Image_2025,21,4
TPS_00125,25.037926,121.546041,4,taipei_udd_Image_2025,21,4
TPS_00126,25.070837,121.574748,4,taipei_udd_Image_2025,21,4
TPS_00127,25.037729,121.555445,4,taipei_udd_Image_2025,21,4
TPS_00128,25.037779,121.552936,4,taipei_udd_Image_2025,21,4
TPS_00129,25.041154,121.564489,4,taipei_udd_Image_2025,21,4
TPS_00130,25.049843,121.552719,4,taipei_udd_Image_2025,21,4
TPS_00131,25.024886,121.543426,4,taipei_udd_Image_2025,21,4
TPS_00132,25.052088,121.527706,4,taipei_udd_Image_2025,21,4
TPS_00133,25.03283,121.568327,4,taipei_udd_Image_2025,21,4
TPS_00134,25.026046,121.534872,4,taipei_udd_Image_2025,21,4
TPS_00135,25.05777,121.544156,4,taipei_udd_Image_2025,21,4
TPS_00136,25.052032,121.533006,4,taipei_udd_Image_2025,21,4
TPS_00137,25.03883,121.576774,4,taipei_udd_Image_2025,21,4
TPS_00138,25.040826,121.577853,4,taipei_udd_Image_2025,21,4
TPS_00139,25.075206,121.520147,4,taipei_udd_Image_2025,21,4
TPS_00140,25.062893,121.518296,4,taipei_udd_Image_2025,21,4
TPS_00141,25.080251,121.522157,4,taipei_udd_Image_2025,21,4
TPS_00142,25.05125,121.570364,4,taipei_udd_Image_2025,21,4
TPS_00143,25.057864,121.522856,4,taipei_udd_Image_2025,21,4
TPS_00144,25.057319,121.518167,4,taipei_udd_Image_2025,21,4
TPS_00145,25.04565,121.570397,4,taipei_udd_Image_2025,21,4
TPS_00146,25.052118,121.52538,4,taipei_udd_Image_2025,21,4
TPS_00147,25.048213,121.521006,4,taipei_udd_Image_2025,21,4
TPS_00148,25.048013,121.577792,4,taipei_udd_Image_2025,21,4
TPS_00149,25.045362,121.580714,4,taipei_udd_Image_2025,21,4
TPS_00150,25.02681,121.525911,4,taipei_udd_Image_2025,21,4
TPS_00151,25.084119,121.523538,4,taipei_udd_Image_2025,21,4
TPS_00152,25.052641,121.52037,4,taipei_udd_Image_2025,21,4
TPS_00153,25.053258,121.517703,4,taipei_udd_Image_2025,21,4
TPS_00154,25.091036,121.516451,4,taipei_udd_Image_2025,21,4
TPS_00155,25.085595,121.505682,4,taipei_udd_Image_2025,21,4
TPS_00156,25.05411,121.514484,4,taipei_udd_Image_2025,21,4
TPS_00157,25.04877,121.51644,4,taipei_udd_Image_2025,21,4
TPS_00158,25.048941,121.506343,4,taipei_udd_Image_2025,21,4
TPS_00159,25.035416,121.494368,4,taipei_udd_Image_2025,21,4
TPS_00160,25.06857,121.510818,4,taipei_udd_Image_2025,21,4
TPS_00161,25.04516,121.509151,4,taipei_udd_Image_2025,21,4
TPS_00162,25.054383,121.594781,4,taipei_udd_Image_2025,21,4
TPS_00163,25.050778,121.595688,4,taipei_udd_Image_2025,21,4
TPS_00164,25.123094,121.46895,4,taipei_udd_Image_2025,21,4
TPS_00165,25.054459,121.616476,4,taipei_udd_Image_2025,21,4
TPS_00166,25.054843,121.618715,4,taipei_udd_Image_2025,21,4
TPS_00167,25.068965,121.590846,4,taipei_udd_Image_2025,21,4
TPS_00168,25.052834,121.583173,4,taipei_udd_Image_2025,21,4
TPS_00169,25.044253,121.508892,4,taipei_udd_Image_2025,21,4
TPS_00170,25.093783,121.52804,4,taipei_udd_Image_2025,21,4
TPS_00171,25.07995,121.556326,4,taipei_udd_Image_2025,21,4
TPS_00172,25.077158,121.556343,4,taipei_udd_Image_2025,21,4
TPS_00173,25.045223,121.521641,4,taipei_udd_Image_2025,21,4
TPS_00174,25.134588,121.496329,4,taipei_udd_Image_2025,21,4
TPS_00175,25.073513,121.602986,4,taipei_udd_Image_2025,21,4
TPS_00176,24.990142,121.539707,4,taipei_udd_Image_2025,21,4
TPS_00177,24.988727,121.56017,4,taipei_udd_Image_2025,21,4
TPS_00178,24.990636,121.576814,4,taipei_udd_Image_2025,21,4
TPS_00179,24.989743,121.564874,4,taipei_udd_Image_2025,21,4
TPS_00180,24.987247,121.548863,4,taipei_udd_Image_2025,21,4
TPS_00181,24.991651,121.573682,4,taipei_udd_Image_2025,21,4
TPS_00182,24.987484,121.550036,4,taipei_udd_Image_2025,21,4
TPS_00183,25.029427,121.500524,4,taipei_udd_Image_2025,21,4
TPS_00184,25.033162,121.497957,4,taipei_udd_Image_2025,21,4
TPS_00185,25.028718,121.495628,4,taipei_udd_Image_2025,21,4
TPS_00186,25.031097,121.496813,4,taipei_udd_Image_2025,21,4
TPS_00187,25.068847,121.612077,4,taipei_udd_Image_2025,21,4
TPS_00188,25.097795,121.527358,4,taipei_udd_Image_2025,21,4
TPS_00189,25.030505,121.509401,4,taipei_udd_Image_2025,21,4
TPS_00190,25.034959,121.515223,4,taipei_udd_Image_2025,21,4
TPS_00191,25.051478,121.595492,4,taipei_udd_Image_2025,21,4
TPS_00192,25.040516,121.507812,4,taipei_udd_Image_2025,21,4
TPS_00193,25.082906,121.54448,4,taipei_udd_Image_2025,21,4
TPS_00194,25.045285,121.615421,4,taipei_udd_Image_2025,21,4
TPS_00195,25.002019,121.56671,4,taipei_udd_Image_2025,21,4
TPS_00196,25.009863,121.537396,4,taipei_udd_Image_2025,21,4
TPS_00197,25.055962,121.513934,4,taipei_udd_Image_2025,21,4
TPS_00198,25.085794,121.525683,4,taipei_udd_Image_2025,21,4
TPS_00199,25.063114,121.564882,4,taipei_udd_Image_2025,21,4
TPS_00200,25.118043,121.53244,4,taipei_udd_Image_2025,21,4
TPS_00201,24.998977,121.591668,4,taipei_udd_Image_2025,21,4
TPS_00202,25.052011,121.605457,4,taipei_udd_Image_2025,21,4
TPS_00203,25.055734,121.54916,4,taipei_udd_Image_2025,21,4
TPS_00204,24.989313,121.573758,4,taipei_udd_Image_2025,21,4
TPS_00205,25.058179,121.554282,4,taipei_udd_Image_2025,21,4
TPS_00206,25.059025,121.56492,4,taipei_udd_Image_2025,21,4
TPS_00207,24.986129,121.556238,4,taipei_udd_Image_2025,21,4
TPS_00208,24.988111,121.573604,4,taipei_udd_Image_2025,21,4
TPS_00209,24.984499,121.561689,4,taipei_udd_Image_2025,21,4
TPS_00210,24.988385,121.565304,4,taipei_udd_Image_2025,21,4
TPS_00211,25.021367,121.496077,4,taipei_udd_Image_2025,21,4
TPS_00212,24.982643,121.562362,4,taipei_udd_Image_2025,21,4
TPS_00213,24.987773,121.570669,4,taipei_udd_Image_2025,21,4
TPS_00214,24.983178,121.56919,4,taipei_udd_Image_2025,21,4
TPS_00215,24.988678,121.570638,4,taipei_udd_Image_2025,21,4
TPS_00216,25.054173,121.563863,4,taipei_udd_Image_2025,21,4
TPS_00217,24.991698,121.571117,4,taipei_udd_Image_2025,21,4
TPS_00218,25.003145,121.547872,4,taipei_udd_Image_2025,21,4
TPS_00219,24.986769,121.562659,4,taipei_udd_Image_2025,21,4
TPS_00220,24.985619,121.567415,4,taipei_udd_Image_2025,21,4
TPS_00221,24.987768,121.56223,4,taipei_udd_Image_2025,21,4
TPS_00222,24.98476,121.566767,4,taipei_udd_Image_2025,21,4
TPS_00223,24.986858,121.568369,4,taipei_udd_Image_2025,21,4
TPS_00224,24.991473,121.568321,4,taipei_udd_Image_2025,21,4
TPS_00225,25.079098,121.573539,4,taipei_udd_Image_2025,21,4
TPS_00226,24.986623,121.560925,4,taipei_udd_Image_2025,21,4
TPS_00227,24.98767,121.560554,4,taipei_udd_Image_2025,21,4
TPS_00228,24.996126,121.544684,4,taipei_udd_Image_2025,21,4
TPS_00229,24.99512,121.544682,4,taipei_udd_Image_2025,21,4
TPS_00230,24.999336,121.547259,4,taipei_udd_Image_2025,21,4
TPS_00231,25.000818,121.54982,4,taipei_udd_Image_2025,21,4
TPS_00232,25.001543,121.552593,4,taipei_udd_Image_2025,21,4
TPS_00233,25.000844,121.554576,4,taipei_udd_Image_2025,21,4
TPS_00234,25.062071,121.546676,4,taipei_udd_Image_2025,21,4
TPS_00235,25.063341,121.547146,4,taipei_udd_Image_2025,21,4
TPS_00236,25.063357,121.542539,4,taipei_udd_Image_2025,21,4
TPS_00237,25.051985,121.563777,4,taipei_udd_Image_2025,21,4
TPS_00238,25.053767,121.557715,4,taipei_udd_Image_2025,21,4
TPS_00239,25.053477,121.555096,4,taipei_udd_Image_2025,21,4
TPS_00240,25.057731,121.54623,4,taipei_udd_Image_2025,21,4
TPS_00241,25.056067,121.542166,4,taipei_udd_Image_2025,21,4
TPS_00242,25.056154,121.539133,4,taipei_udd_Image_2025,21,4
TPS_00243,25.051631,121.555215,4,taipei_udd_Image_2025,21,4
TPS_00244,25.050071,121.565378,4,taipei_udd_Image_2025,21,4
TPS_00245,25.056253,121.55561,4,taipei_udd_Image_2025,21,4
TPS_00246,25.057829,121.550514,4,taipei_udd_Image_2025,21,4
TPS_00247,25.063371,121.544248,4,taipei_udd_Image_2025,21,4
TPS_00248,25.064305,121.544257,4,taipei_udd_Image_2025,21,4
TPS_00249,25.053629,121.533041,4,taipei_udd_Image_2025,21,4
TPS_00250,25.060357,121.533223,4,taipei_udd_Image_2025,21,4
TPS_00251,25.06368,121.537037,4,taipei_udd_Image_2025,21,4
TPS_00252,25.101228,121.503637,4,taipei_udd_Image_2025,21,4
TPS_00253,25.06807,121.538231,4,taipei_udd_Image_2025,21,4
TPS_00254,25.068651,121.512275,4,taipei_udd_Image_2025,21,4
TPS_00255,25.068597,121.515877,4,taipei_udd_Image_2025,21,4
TPS_00256,25.05625,121.552966,4,taipei_udd_Image_2025,21,4
TPS_00257,25.060172,121.551226,4,taipei_udd_Image_2025,21,4
TPS_00258,25.064331,121.565759,4,taipei_udd_Image_2025,21,4
TPS_00259,25.063997,121.581849,4,taipei_udd_Image_2025,21,4
TPS_00260,25.064191,121.580046,4,taipei_udd_Image_2025,21,4
TPS_00261,25.064287,121.540949,4,taipei_udd_Image_2025,21,4
TPS_00262,25.081427,121.565216,4,taipei_udd_Image_2025,21,4
TPS_00263,25.038557,121.515303,4,taipei_udd_Image_2025,21,4
TPS_00264,25.026794,121.521055,3,taipei_udd_Image_2025,21,4
TPS_00265,25.02983,121.520415,3,taipei_udd_Image_2025,21,4
TPS_00266,25.043809,121.616188,3,taipei_udd_Image_2025,21,4
TPS_00267,25.084126,121.595131,3,taipei_udd_Image_2025,21,4
TPS_00268,25.036818,121.508041,3,taipei_udd_Image_2025,21,4
TPS_00269,25.038308,121.525203,3,taipei_udd_Image_2025,21,4
TPS_00270,25.022672,121.534466,3,taipei_udd_Image_2025,21,4
TPS_00271,24.997176,121.540987,3,taipei_udd_Image_2025,21,4
TPS_00272,25.104041,121.524866,3,taipei_udd_Image_2025,21,4
TPS_00273,25.1025,121.525504,3,taipei_udd_Image_2025,21,4
TPS_00274,25.077319,121.550871,3,taipei_udd_Image_2025,21,4
TPS_00275,25.006084,121.558155,3,taipei_udd_Image_2025,21,4
TPS_00276,25.005578,121.566978,3,taipei_udd_Image_2025,21,4
TPS_00277,25.055145,121.616655,3,taipei_udd_Image_2025,21,4
TPS_00278,24.980045,121.554075,3,taipei_udd_Image_2025,21,4
TPS_00279,25.015029,121.532347,3,taipei_udd_Image_2025,21,4
TPS_00280,25.042,121.508459,3,taipei_udd_Image_2025,21,4
TPS_00281,25.013128,121.539507,3,taipei_udd_Image_2025,21,4
TPS_00282,25.001454,121.565634,3,taipei_udd_Image_2025,21,4
TPS_00283,25.005695,121.559961,3,taipei_udd_Image_2025,21,4
TPS_00284,25.138524,121.49126,3,taipei_udd_Image_2025,21,4
TPS_00285,25.125728,121.498534,3,taipei_udd_Image_2025,21,4
TPS_00286,25.033334,121.545975,3,taipei_udd_Image_2025,21,4
TPS_00287,25.038765,121.521608,3,taipei_udd_Image_2025,21,4
TPS_00288,25.049809,121.516803,3,taipei_udd_Image_2025,21,4
TPS_00289,25.066844,121.522433,3,taipei_udd_Image_2025,21,4
TPS_00290,25.118089,121.534658,3,taipei_udd_Image_2025,21,4
TPS_00291,25.11829,121.530117,3,taipei_udd_Image_2025,21,4
TPS_00292,25.072775,121.57317,3,taipei_udd_Image_2025,21,4
TPS_00293,25.074627,121.572337,3,taipei_udd_Image_2025,21,4
TPS_00294,25.033467,121.539477,3,taipei_udd_Image_2025,21,4
TPS_00295,25.041629,121.541534,3,taipei_udd_Image_2025,21,4
TPS_00296,25.033506,121.537588,3,taipei_udd_Image_2025,21,4
TPS_00297,25.033421,121.541898,3,taipei_udd_Image_2025,21,4
TPS_00298,25.033166,121.554291,3,taipei_udd_Image_2025,21,4
TPS_00299,25.029832,121.557605,3,taipei_udd_Image_2025,21,4
TPS_00300,25.044752,121.536908,3,taipei_udd_Image_2025,21,4
TPS_00301,25.072209,121.53153,3,taipei_udd_Image_2025,21,4
TPS_00302,25.035914,121.561281,3,taipei_udd_Image_2025,21,4
TPS_00303,25.033445,121.532917,3,taipei_udd_Image_2025,21,4
TPS_00304,25.036708,121.532789,3,taipei_udd_Image_2025,21,4
TPS_00305,25.033548,121.535875,3,taipei_udd_Image_2025,21,4
TPS_00306,25.048394,121.536528,3,taipei_udd_Image_2025,21,4
TPS_00307,25.050108,121.543976,3,taipei_udd_Image_2025,21,4
TPS_00308,25.041023,121.568558,3,taipei_udd_Image_2025,21,4
TPS_00309,25.024508,121.550314,3,taipei_udd_Image_2025,21,4
TPS_00310,24.999775,121.575642,3,taipei_udd_Image_2025,21,4
TPS_00311,25.067141,121.543289,3,taipei_udd_Image_2025,21,4
TPS_00312,25.033593,121.574567,3,taipei_udd_Image_2025,21,4
TPS_00313,25.019018,121.546495,3,taipei_udd_Image_2025,21,4
TPS_00314,25.017221,121.544343,3,taipei_udd_Image_2025,21,4
TPS_00315,25.033726,121.52998,3,taipei_udd_Image_2025,21,4
TPS_00316,25.038235,121.529393,3,taipei_udd_Image_2025,21,4
TPS_00317,25.076285,121.509482,3,taipei_udd_Image_2025,21,4
TPS_00318,25.07623,121.508844,3,taipei_udd_Image_2025,21,4
TPS_00319,25.060789,121.513538,3,taipei_udd_Image_2025,21,4
TPS_00320,25.062962,121.515967,3,taipei_udd_Image_2025,21,4
TPS_00321,25.064905,121.522257,3,taipei_udd_Image_2025,21,4
TPS_00322,25.065925,121.518379,3,taipei_udd_Image_2025,21,4
TPS_00323,25.05662,121.551908,3,taipei_udd_Image_2025,21,4
TPS_00324,25.060339,121.522964,3,taipei_udd_Image_2025,21,4
TPS_00325,25.048342,121.529753,3,taipei_udd_Image_2025,21,4
TPS_00326,25.006726,121.558602,3,taipei_udd_Image_2025,21,4
TPS_00327,25.007398,121.558701,3,taipei_udd_Image_2025,21,4
TPS_00328,25.044957,121.534651,3,taipei_udd_Image_2025,21,4
TPS_00329,25.049981,121.572274,3,taipei_udd_Image_2025,21,4
TPS_00330,25.047887,121.52061,3,taipei_udd_Image_2025,21,4
TPS_00331,25.04983,121.521621,3,taipei_udd_Image_2025,21,4
TPS_00332,25.045804,121.519753,3,taipei_udd_Image_2025,21,4
TPS_00333,25.036745,121.580511,3,taipei_udd_Image_2025,21,4
TPS_00334,25.048401,121.580096,3,taipei_udd_Image_2025,21,4
TPS_00335,25.045469,121.577818,3,taipei_udd_Image_2025,21,4
TPS_00336,25.04529,121.582686,3,taipei_udd_Image_2025,21,4
TPS_00337,25.05004,121.577763,3,taipei_udd_Image_2025,21,4
TPS_00338,25.001658,121.595007,3,taipei_udd_Image_2025,21,4
TPS_00339,25.002908,121.587466,3,taipei_udd_Image_2025,21,4
TPS_00340,25.001073,121.589223,3,taipei_udd_Image_2025,21,4
TPS_00341,25.003163,121.586569,3,taipei_udd_Image_2025,21,4
TPS_00342,25.031694,121.526832,3,taipei_udd_Image_2025,21,4
TPS_00343,25.084225,121.524734,3,taipei_udd_Image_2025,21,4
TPS_00344,25.054991,121.522706,3,taipei_udd_Image_2025,21,4
TPS_00345,25.057674,121.520722,3,taipei_udd_Image_2025,21,4
TPS_00346,25.083905,121.511946,3,taipei_udd_Image_2025,21,4
TPS_00347,25.047025,121.509677,3,taipei_udd_Image_2025,21,4
TPS_00348,25.09929,121.536521,3,taipei_udd_Image_2025,21,4
TPS_00349,25.028674,121.491863,3,taipei_udd_Image_2025,21,4
TPS_00350,25.035296,121.497577,3,taipei_udd_Image_2025,21,4
TPS_00351,25.044736,121.581262,3,taipei_udd_Image_2025,21,4
TPS_00352,25.043249,121.581217,3,taipei_udd_Image_2025,21,4
TPS_00353,25.064821,121.513692,3,taipei_udd_Image_2025,21,4
TPS_00354,25.065937,121.513695,3,taipei_udd_Image_2025,21,4
TPS_00355,25.005419,121.55727,3,taipei_udd_Image_2025,21,4
TPS_00356,25.004342,121.556794,3,taipei_udd_Image_2025,21,4
TPS_00357,24.992738,121.558805,3,taipei_udd_Image_2025,21,4
TPS_00358,24.999115,121.566947,3,taipei_udd_Image_2025,21,4
TPS_00359,25.000475,121.53968,3,taipei_udd_Image_2025,21,4
TPS_00360,25.000456,121.568778,3,taipei_udd_Image_2025,21,4
TPS_00361,25.02811,121.521623,3,taipei_udd_Image_2025,21,4
TPS_00362,25.035451,121.524353,3,taipei_udd_Image_2025,21,4
TPS_00363,24.988756,121.57761,3,taipei_udd_Image_2025,21,4
TPS_00364,25.0589,121.580308,3,taipei_udd_Image_2025,21,4
TPS_00365,25.081111,121.572248,3,taipei_udd_Image_2025,21,4
TPS_00366,24.985779,121.579839,3,taipei_udd_Image_2025,21,4
TPS_00367,25.055252,121.613943,3,taipei_udd_Image_2025,21,4
TPS_00368,25.077384,121.568766,3,taipei_udd_Image_2025,21,4
TPS_00369,25.04389,121.526813,3,taipei_udd_Image_2025,21,4
TPS_00370,25.121204,121.499425,3,taipei_udd_Image_2025,21,4
TPS_00371,25.077742,121.538964,3,taipei_udd_Image_2025,21,4
TPS_00372,24.992546,121.544136,3,taipei_udd_Image_2025,21,4
TPS_00373,25.038524,121.523416,3,taipei_udd_Image_2025,21,4
TPS_00374,25.036239,121.522744,3,taipei_udd_Image_2025,21,4
TPS_00375,24.994933,121.541323,3,taipei_udd_Image_2025,21,4
TPS_00376,25.028485,121.492447,3,taipei_udd_Image_2025,21,4
TPS_00377,25.039203,121.518348,3,taipei_udd_Image_2025,21,4
TPS_00378,25.14587,121.523034,3,taipei_udd_Image_2025,21,4
TPS_00379,24.995242,121.559725,3,taipei_udd_Image_2025,21,4
TPS_00380,25.085353,121.553994,3,taipei_udd_Image_2025,21,4
TPS_00381,25.063563,121.590651,3,taipei_udd_Image_2025,21,4
TPS_00382,25.010942,121.53632,3,taipei_udd_Image_2025,21,4
TPS_00383,25.004367,121.538743,3,taipei_udd_Image_2025,21,4
TPS_00384,24.996793,121.559966,3,taipei_udd_Image_2025,21,4
TPS_00385,25.024168,121.512445,3,taipei_udd_Image_2025,21,4
TPS_00386,25.016637,121.495634,3,taipei_udd_Image_2025,21,4
TPS_00387,24.991718,121.569797,3,taipei_udd_Image_2025,21,4
TPS_00388,25.029237,121.524142,3,taipei_udd_Image_2025,21,4
TPS_00389,25.001297,121.59631,3,taipei_udd_Image_2025,21,4
TPS_00390,25.046017,121.509349,3,taipei_udd_Image_2025,21,4
TPS_00391,25.068561,121.595322,3,taipei_udd_Image_2025,21,4
TPS_00392,25.03792,121.539829,3,taipei_udd_Image_2025,21,4
TPS_00393,25.05434,121.615251,3,taipei_udd_Image_2025,21,4
TPS_00394,25.03707,121.52106,3,taipei_udd_Image_2025,21,4
TPS_00395,24.998915,121.594274,3,taipei_udd_Image_2025,21,4
TPS_00396,24.988764,121.558962,3,taipei_udd_Image_2025,21,4
TPS_00397,25.002421,121.568635,3,taipei_udd_Image_2025,21,4
TPS_00398,25.002232,121.570518,3,taipei_udd_Image_2025,21,4
TPS_00399,25.002347,121.571847,3,taipei_udd_Image_2025,21,4
TPS_00400,25.038896,121.495985,3,taipei_udd_Image_2025,21,4
TPS_00401,25.055345,121.514092,3,taipei_udd_Image_2025,21,4
TPS_00402,25.101574,121.512292,3,taipei_udd_Image_2025,21,4
TPS_00403,25.03939,121.557589,3,taipei_udd_Image_2025,21,4
TPS_00404,25.041054,121.566131,3,taipei_udd_Image_2025,21,4
TPS_00405,25.024212,121.508323,3,taipei_udd_Image_2025,21,4
TPS_00406,25.000671,121.573126,3,taipei_udd_Image_2025,21,4
TPS_00407,24.998657,121.574952,3,taipei_udd_Image_2025,21,4
TPS_00408,25.101393,121.508128,3,taipei_udd_Image_2025,21,4
TPS_00409,25.076517,121.527119,3,taipei_udd_Image_2025,21,4
TPS_00410,25.076874,121.525173,3,taipei_udd_Image_2025,21,4
TPS_00411,24.986596,121.570638,3,taipei_udd_Image_2025,21,4
TPS_00412,25.002088,121.593951,3,taipei_udd_Image_2025,21,4
TPS_00413,25.07797,121.613635,3,taipei_udd_Image_2025,21,4
TPS_00414,24.998846,121.569066,3,taipei_udd_Image_2025,21,4
TPS_00415,25.000223,121.576861,3,taipei_udd_Image_2025,21,4
TPS_00416,24.98216,121.562517,3,taipei_udd_Image_2025,21,4
TPS_00417,24.986996,121.564683,3,taipei_udd_Image_2025,21,4
TPS_00418,24.998173,121.553109,3,taipei_udd_Image_2025,21,4
TPS_00419,24.985551,121.561269,3,taipei_udd_Image_2025,21,4
TPS_00420,25.072203,121.580739,3,taipei_udd_Image_2025,21,4
TPS_00421,25.005747,121.5588,3,taipei_udd_Image_2025,21,4
TPS_00422,25.064272,121.542521,3,taipei_udd_Image_2025,21,4
TPS_00423,24.98767,121.568644,3,taipei_udd_Image_2025,21,4
TPS_00424,25.005464,121.564369,3,taipei_udd_Image_2025,21,4
TPS_00425,25.098596,121.5476,3,taipei_udd_Image_2025,21,4
TPS_00426,25.113413,121.566412,3,taipei_udd_Image_2025,21,4
TPS_00427,25.099443,121.508171,3,taipei_udd_Image_2025,21,4
TPS_00428,25.057024,121.614105,3,taipei_udd_Image_2025,21,4
TPS_00429,25.04811,121.546028,3,taipei_udd_Image_2025,21,4
TPS_00430,24.991895,121.574871,3,taipei_udd_Image_2025,21,4
TPS_00431,24.988682,121.576991,3,taipei_udd_Image_2025,21,4
TPS_00432,24.988663,121.567439,3,taipei_udd_Image_2025,21,4
TPS_00433,24.97624,121.557587,3,taipei_udd_Image_2025,21,4
TPS_00434,24.984073,121.559161,3,taipei_udd_Image_2025,21,4
TPS_00435,25.000384,121.548525,3,taipei_udd_Image_2025,21,4
TPS_00436,25.00152,121.55099,3,taipei_udd_Image_2025,21,4
TPS_00437,25.001872,121.551779,3,taipei_udd_Image_2025,21,4
TPS_00438,25.054234,121.566196,3,taipei_udd_Image_2025,21,4
TPS_00439,25.054039,121.562063,3,taipei_udd_Image_2025,21,4
TPS_00440,25.053924,121.559141,3,taipei_udd_Image_2025,21,4
TPS_00441,25.053628,121.556495,3,taipei_udd_Image_2025,21,4
TPS_00442,25.060175,121.544133,3,taipei_udd_Image_2025,21,4
TPS_00443,25.05165,121.547616,3,taipei_udd_Image_2025,21,4
TPS_00444,25.051849,121.546701,3,taipei_udd_Image_2025,21,4
TPS_00445,25.051917,121.543813,3,taipei_udd_Image_2025,21,4
TPS_00446,25.045928,121.567392,3,taipei_udd_Image_2025,21,4
TPS_00447,25.049381,121.56901,3,taipei_udd_Image_2025,21,4
TPS_00448,25.06117,121.568604,3,taipei_udd_Image_2025,21,4
TPS_00449,25.05465,121.555877,3,taipei_udd_Image_2025,21,4
TPS_00450,25.055387,121.555714,3,taipei_udd_Image_2025,21,4
TPS_00451,25.05264,121.557006,3,taipei_udd_Image_2025,21,4
TPS_00452,25.048375,121.560091,3,taipei_udd_Image_2025,21,4
TPS_00453,25.049176,121.567282,3,taipei_udd_Image_2025,21,4
TPS_00454,25.04907,121.566235,3,taipei_udd_Image_2025,21,4
TPS_00455,25.062771,121.563064,3,taipei_udd_Image_2025,21,4
TPS_00456,25.097112,121.542493,3,taipei_udd_Image_2025,21,4
TPS_00457,25.097328,121.539896,3,taipei_udd_Image_2025,21,4
TPS_00458,25.042056,121.532911,3,taipei_udd_Image_2025,21,4
TPS_00459,25.068016,121.533341,3,taipei_udd_Image_2025,21,4
TPS_00460,25.059547,121.537215,3,taipei_udd_Image_2025,21,4
TPS_00461,25.101074,121.500792,3,taipei_udd_Image_2025,21,4
TPS_00462,25.055731,121.547102,3,taipei_udd_Image_2025,21,4
TPS_00463,25.06805,121.540983,3,taipei_udd_Image_2025,21,4
TPS_00464,25.06837,121.524644,3,taipei_udd_Image_2025,21,4
TPS_00465,25.06853,121.513889,3,taipei_udd_Image_2025,21,4
TPS_00466,25.068653,121.514899,3,taipei_udd_Image_2025,21,4
TPS_00467,25.068618,121.516763,3,taipei_udd_Image_2025,21,4
TPS_00468,25.04636,121.538158,3,taipei_udd_Image_2025,21,4
TPS_00469,25.046413,121.539141,3,taipei_udd_Image_2025,21,4
TPS_00470,25.04677,121.540522,3,taipei_udd_Image_2025,21,4
TPS_00471,25.04823,121.550638,3,taipei_udd_Image_2025,21,4
TPS_00472,25.047993,121.556279,3,taipei_udd_Image_2025,21,4
TPS_00473,25.054223,121.552157,3,taipei_udd_Image_2025,21,4
TPS_00474,25.054217,121.552871,3,taipei_udd_Image_2025,21,4
TPS_00475,25.053361,121.553713,3,taipei_udd_Image_2025,21,4
TPS_00476,25.056397,121.557176,3,taipei_udd_Image_2025,21,4
TPS_00477,25.034227,121.619131,3,taipei_udd_Image_2025,21,4
TPS_00478,25.058799,121.562898,3,taipei_udd_Image_2025,21,4
TPS_00479,25.058985,121.563942,3,taipei_udd_Image_2025,21,4
TPS_00480,25.05935,121.563316,3,taipei_udd_Image_2025,21,4
TPS_00481,25.056767,121.561811,3,taipei_udd_Image_2025,21,4
TPS_00482,25.057404,121.577115,3,taipei_udd_Image_2025,21,4
TPS_00483,25.065897,121.565529,3,taipei_udd_Image_2025,21,4
TPS_00484,25.060658,121.567172,3,taipei_udd_Image_2025,21,4
TPS_00485,25.06434,121.539659,3,taipei_udd_Image_2025,21,4
TPS_00486,25.05363,121.516123,2,taipei_udd_Image_2025,21,4
TPS_00487,25.020129,121.522853,2,taipei_udd_Image_2025,21,4
TPS_00488,25.022301,121.526312,2,taipei_udd_Image_2025,21,4
TPS_00489,25.123845,121.46435,2,taipei_udd_Image_2025,21,4
TPS_00490,25.029789,121.515265,2,taipei_udd_Image_2025,21,4
TPS_00491,25.025681,121.516373,2,taipei_udd_Image_2025,21,4
TPS_00492,25.031911,121.514413,2,taipei_udd_Image_2025,21,4
TPS_00493,25.026719,121.51799,2,taipei_udd_Image_2025,21,4
TPS_00494,25.016935,121.533312,2,taipei_udd_Image_2025,21,4
TPS_00495,25.043458,121.518888,2,taipei_udd_Image_2025,21,4
TPS_00496,25.021173,121.527643,2,taipei_udd_Image_2025,21,4
TPS_00497,25.053072,121.615257,2,taipei_udd_Image_2025,21,4
TPS_00498,25.078516,121.579585,2,taipei_udd_Image_2025,21,4
TPS_00499,25.082385,121.565518,2,taipei_udd_Image_2025,21,4
TPS_00500,25.082103,121.569087,2,taipei_udd_Image_2025,21,4
TPS_00501,25.067492,121.574683,2,taipei_udd_Image_2025,21,4
TPS_00502,25.12288,121.471439,2,taipei_udd_Image_2025,21,4
TPS_00503,25.080772,121.522438,2,taipei_udd_Image_2025,21,4
TPS_00504,25.026594,121.528513,2,taipei_udd_Image_2025,21,4
TPS_00505,25.077797,121.528999,2,taipei_udd_Image_2025,21,4
TPS_00506,25.040843,121.529194,2,taipei_udd_Image_2025,21,4
TPS_00507,25.002209,121.538874,2,taipei_udd_Image_2025,21,4
TPS_00508,24.999666,121.539894,2,taipei_udd_Image_2025,21,4
TPS_00509,24.995959,121.541148,2,taipei_udd_Image_2025,21,4
TPS_00510,25.094411,121.521906,2,taipei_udd_Image_2025,21,4
TPS_00511,25.106467,121.524897,2,taipei_udd_Image_2025,21,4
TPS_00512,25.110369,121.52552,2,taipei_udd_Image_2025,21,4
TPS_00513,25.111774,121.525998,2,taipei_udd_Image_2025,21,4
TPS_00514,25.112416,121.531071,2,taipei_udd_Image_2025,21,4
TPS_00515,25.108391,121.53032,2,taipei_udd_Image_2025,21,4
TPS_00516,25.10223,121.524695,2,taipei_udd_Image_2025,21,4
TPS_00517,25.118881,121.530538,2,taipei_udd_Image_2025,21,4
TPS_00518,25.047072,121.518012,2,taipei_udd_Image_2025,21,4
TPS_00519,25.082204,121.566919,2,taipei_udd_Image_2025,21,4
TPS_00520,25.082178,121.578236,2,taipei_udd_Image_2025,21,4
TPS_00521,25.081548,121.570878,2,taipei_udd_Image_2025,21,4
TPS_00522,25.078068,121.57601,2,taipei_udd_Image_2025,21,4
TPS_00523,25.082137,121.568387,2,taipei_udd_Image_2025,21,4
TPS_00524,25.080755,121.577846,2,taipei_udd_Image_2025,21,4
TPS_00525,25.07988,121.547118,2,taipei_udd_Image_2025,21,4
TPS_00526,25.080502,121.548171,2,taipei_udd_Image_2025,21,4
TPS_00527,25.08288,121.549013,2,taipei_udd_Image_2025,21,4
TPS_00528,25.084828,121.558442,2,taipei_udd_Image_2025,21,4
TPS_00529,24.99109,121.558906,2,taipei_udd_Image_2025,21,4
TPS_00530,25.097966,121.546544,2,taipei_udd_Image_2025,21,4
TPS_00531,25.02635,121.531603,2,taipei_udd_Image_2025,21,4
TPS_00532,25.155357,121.546018,2,taipei_udd_Image_2025,21,4
TPS_00533,25.080043,121.56183,2,taipei_udd_Image_2025,21,4
TPS_00534,25.079908,121.56021,2,taipei_udd_Image_2025,21,4
TPS_00535,25.085699,121.55278,2,taipei_udd_Image_2025,21,4
TPS_00536,25.068775,121.584317,2,taipei_udd_Image_2025,21,4
TPS_00537,25.07998,121.553231,2,taipei_udd_Image_2025,21,4
TPS_00538,25.079969,121.554397,2,taipei_udd_Image_2025,21,4
TPS_00539,25.08271,121.55115,2,taipei_udd_Image_2025,21,4
TPS_00540,25.079928,121.558505,2,taipei_udd_Image_2025,21,4
TPS_00541,24.975961,121.55541,2,taipei_udd_Image_2025,21,4
TPS_00542,25.028181,121.49523,2,taipei_udd_Image_2025,21,4
TPS_00543,25.000177,121.566728,2,taipei_udd_Image_2025,21,4
TPS_00544,24.987813,121.552329,2,taipei_udd_Image_2025,21,4
TPS_00545,25.123264,121.499241,2,taipei_udd_Image_2025,21,4
TPS_00546,25.131378,121.496225,2,taipei_udd_Image_2025,21,4
TPS_00547,25.126171,121.500592,2,taipei_udd_Image_2025,21,4
TPS_00548,25.126686,121.503538,2,taipei_udd_Image_2025,21,4
TPS_00549,25.036083,121.543665,2,taipei_udd_Image_2025,21,4
TPS_00550,25.119532,121.501489,2,taipei_udd_Image_2025,21,4
TPS_00551,25.152358,121.547179,2,taipei_udd_Image_2025,21,4
TPS_00552,25.032939,121.518126,2,taipei_udd_Image_2025,21,4
TPS_00553,25.079522,121.541263,2,taipei_udd_Image_2025,21,4
TPS_00554,25.027548,121.512834,2,taipei_udd_Image_2025,21,4
TPS_00555,25.031231,121.506753,2,taipei_udd_Image_2025,21,4
TPS_00556,25.01872,121.533701,2,taipei_udd_Image_2025,21,4
TPS_00557,25.137237,121.503888,2,taipei_udd_Image_2025,21,4
TPS_00558,25.148973,121.549393,2,taipei_udd_Image_2025,21,4
TPS_00559,25.026445,121.530423,2,taipei_udd_Image_2025,21,4
TPS_00560,25.101914,121.522962,2,taipei_udd_Image_2025,21,4
TPS_00561,25.103282,121.519622,2,taipei_udd_Image_2025,21,4
TPS_00562,25.101869,121.52246,2,taipei_udd_Image_2025,21,4
TPS_00563,25.116548,121.534137,2,taipei_udd_Image_2025,21,4
TPS_00564,25.115209,121.527819,2,taipei_udd_Image_2025,21,4
TPS_00565,25.116424,121.528575,2,taipei_udd_Image_2025,21,4
TPS_00566,25.123043,121.532127,2,taipei_udd_Image_2025,21,4
TPS_00567,25.118026,121.531725,2,taipei_udd_Image_2025,21,4
TPS_00568,25.050618,121.513641,2,taipei_udd_Image_2025,21,4
TPS_00569,25.084126,121.54932,2,taipei_udd_Image_2025,21,4
TPS_00570,25.112116,121.558671,2,taipei_udd_Image_2025,21,4
TPS_00571,25.035121,121.543644,2,taipei_udd_Image_2025,21,4
TPS_00572,25.034668,121.552507,2,taipei_udd_Image_2025,21,4
TPS_00573,25.034273,121.552499,2,taipei_udd_Image_2025,21,4
TPS_00574,25.035419,121.552526,2,taipei_udd_Image_2025,21,4
TPS_00575,25.033211,121.551609,2,taipei_udd_Image_2025,21,4
TPS_00576,25.036214,121.552495,2,taipei_udd_Image_2025,21,4
TPS_00577,25.03982,121.543745,2,taipei_udd_Image_2025,21,4
TPS_00578,25.041566,121.54721,2,taipei_udd_Image_2025,21,4
TPS_00579,25.041587,121.546141,2,taipei_udd_Image_2025,21,4
TPS_00580,25.04438,121.553769,2,taipei_udd_Image_2025,21,4
TPS_00581,25.042575,121.554182,2,taipei_udd_Image_2025,21,4
TPS_00582,25.041411,121.55449,2,taipei_udd_Image_2025,21,4
TPS_00583,25.041444,121.552978,2,taipei_udd_Image_2025,21,4
TPS_00584,25.043822,121.536885,2,taipei_udd_Image_2025,21,4
TPS_00585,25.035433,121.557534,2,taipei_udd_Image_2025,21,4
TPS_00586,25.036507,121.557558,2,taipei_udd_Image_2025,21,4
TPS_00587,25.029204,121.543525,2,taipei_udd_Image_2025,21,4
TPS_00588,25.028402,121.543508,2,taipei_udd_Image_2025,21,4
TPS_00589,25.030935,121.552428,2,taipei_udd_Image_2025,21,4
TPS_00590,25.031081,121.543562,2,taipei_udd_Image_2025,21,4
TPS_00591,25.029062,121.55083,2,taipei_udd_Image_2025,21,4
TPS_00592,25.031986,121.558954,2,taipei_udd_Image_2025,21,4
TPS_00593,25.032136,121.557442,2,taipei_udd_Image_2025,21,4
TPS_00594,25.029816,121.551661,2,taipei_udd_Image_2025,21,4
TPS_00595,25.032636,121.551591,2,taipei_udd_Image_2025,21,4
TPS_00596,25.032626,121.552466,2,taipei_udd_Image_2025,21,4
TPS_00597,25.028055,121.549831,2,taipei_udd_Image_2025,21,4
TPS_00598,25.044896,121.556687,2,taipei_udd_Image_2025,21,4
TPS_00599,25.046656,121.557785,2,taipei_udd_Image_2025,21,4
TPS_00600,25.041672,121.539708,2,taipei_udd_Image_2025,21,4
TPS_00601,25.04477,121.536362,2,taipei_udd_Image_2025,21,4
TPS_00602,25.041197,121.562659,2,taipei_udd_Image_2025,21,4
TPS_00603,25.032902,121.565416,2,taipei_udd_Image_2025,21,4
TPS_00604,25.034244,121.557507,2,taipei_udd_Image_2025,21,4
TPS_00605,25.04123,121.561584,2,taipei_udd_Image_2025,21,4
TPS_00606,25.035829,121.568378,2,taipei_udd_Image_2025,21,4
TPS_00607,25.049149,121.557835,2,taipei_udd_Image_2025,21,4
TPS_00608,25.045102,121.546125,2,taipei_udd_Image_2025,21,4
TPS_00609,25.062393,121.536801,2,taipei_udd_Image_2025,21,4
TPS_00610,25.065399,121.536231,2,taipei_udd_Image_2025,21,4
TPS_00611,25.062385,121.537253,2,taipei_udd_Image_2025,21,4
TPS_00612,25.025623,121.537916,2,taipei_udd_Image_2025,21,4
TPS_00613,25.025687,121.537464,2,taipei_udd_Image_2025,21,4
TPS_00614,25.029852,121.543537,2,taipei_udd_Image_2025,21,4
TPS_00615,25.022678,121.543379,2,taipei_udd_Image_2025,21,4
TPS_00616,25.027771,121.543494,2,taipei_udd_Image_2025,21,4
TPS_00617,25.026525,121.543464,2,taipei_udd_Image_2025,21,4
TPS_00618,25.024784,121.545109,2,taipei_udd_Image_2025,21,4
TPS_00619,25.024691,121.546706,2,taipei_udd_Image_2025,21,4
TPS_00620,25.025493,121.538852,2,taipei_udd_Image_2025,21,4
TPS_00621,25.025104,121.541772,2,taipei_udd_Image_2025,21,4
TPS_00622,25.025304,121.540269,2,taipei_udd_Image_2025,21,4
TPS_00623,25.052006,121.536539,2,taipei_udd_Image_2025,21,4
TPS_00624,25.051995,121.537025,2,taipei_udd_Image_2025,21,4
TPS_00625,25.051926,121.540463,2,taipei_udd_Image_2025,21,4
TPS_00626,25.051885,121.542059,2,taipei_udd_Image_2025,21,4
TPS_00627,25.057894,121.536715,2,taipei_udd_Image_2025,21,4
TPS_00628,25.057897,121.537154,2,taipei_udd_Image_2025,21,4
TPS_00629,25.048256,121.543948,2,taipei_udd_Image_2025,21,4
TPS_00630,25.027237,121.56647,2,taipei_udd_Image_2025,21,4
TPS_00631,25.028509,121.568342,2,taipei_udd_Image_2025,21,4
TPS_00632,25.02562,121.556869,2,taipei_udd_Image_2025,21,4
TPS_00633,25.031908,121.568297,2,taipei_udd_Image_2025,21,4
TPS_00634,25.026661,121.568366,2,taipei_udd_Image_2025,21,4
TPS_00635,25.040971,121.571932,2,taipei_udd_Image_2025,21,4
TPS_00636,25.039076,121.56844,2,taipei_udd_Image_2025,21,4
TPS_00637,25.026133,121.550022,2,taipei_udd_Image_2025,21,4
TPS_00638,25.026659,121.551709,2,taipei_udd_Image_2025,21,4
TPS_00639,25.025875,121.552002,2,taipei_udd_Image_2025,21,4
TPS_00640,25.025386,121.550174,2,taipei_udd_Image_2025,21,4
TPS_00641,25.02303,121.55393,2,taipei_udd_Image_2025,21,4
TPS_00642,25.027393,121.555974,2,taipei_udd_Image_2025,21,4
TPS_00643,25.019555,121.529389,2,taipei_udd_Image_2025,21,4
TPS_00644,25.019867,121.529082,2,taipei_udd_Image_2025,21,4
TPS_00645,25.020865,121.525734,2,taipei_udd_Image_2025,21,4
TPS_00646,25.022244,121.534423,2,taipei_udd_Image_2025,21,4
TPS_00647,25.05786,121.539178,2,taipei_udd_Image_2025,21,4
TPS_00648,25.057833,121.54066,2,taipei_udd_Image_2025,21,4
TPS_00649,25.058024,121.548975,2,taipei_udd_Image_2025,21,4
TPS_00650,25.054571,121.544098,2,taipei_udd_Image_2025,21,4
TPS_00651,25.053309,121.544076,2,taipei_udd_Image_2025,21,4
TPS_00652,25.057806,121.542166,2,taipei_udd_Image_2025,21,4
TPS_00653,25.036236,121.578479,2,taipei_udd_Image_2025,21,4
TPS_00654,25.040897,121.575379,2,taipei_udd_Image_2025,21,4
TPS_00655,25.040823,121.576967,2,taipei_udd_Image_2025,21,4
TPS_00656,25.039571,121.577854,2,taipei_udd_Image_2025,21,4
TPS_00657,25.040926,121.574031,2,taipei_udd_Image_2025,21,4
TPS_00658,25.036109,121.577934,2,taipei_udd_Image_2025,21,4
TPS_00659,25.035261,121.576846,2,taipei_udd_Image_2025,21,4
TPS_00660,25.037448,121.574842,2,taipei_udd_Image_2025,21,4
TPS_00661,25.03416,121.575359,2,taipei_udd_Image_2025,21,4
TPS_00662,25.041528,121.579218,2,taipei_udd_Image_2025,21,4
TPS_00663,25.068292,121.530462,2,taipei_udd_Image_2025,21,4
TPS_00664,25.068515,121.519939,2,taipei_udd_Image_2025,21,4
TPS_00665,25.052058,121.530091,2,taipei_udd_Image_2025,21,4
TPS_00666,25.022363,121.554643,2,taipei_udd_Image_2025,21,4
TPS_00667,25.020564,121.556598,2,taipei_udd_Image_2025,21,4
TPS_00668,25.019674,121.557525,2,taipei_udd_Image_2025,21,4
TPS_00669,25.018162,121.559168,2,taipei_udd_Image_2025,21,4
TPS_00670,25.015746,121.560917,2,taipei_udd_Image_2025,21,4
TPS_00671,25.021529,121.555543,2,taipei_udd_Image_2025,21,4
TPS_00672,25.018833,121.558431,2,taipei_udd_Image_2025,21,4
TPS_00673,25.024092,121.555662,2,taipei_udd_Image_2025,21,4
TPS_00674,25.022386,121.550301,2,taipei_udd_Image_2025,21,4
TPS_00675,25.019306,121.546835,2,taipei_udd_Image_2025,21,4
TPS_00676,25.015763,121.542569,2,taipei_udd_Image_2025,21,4
TPS_00677,25.057958,121.531766,2,taipei_udd_Image_2025,21,4
TPS_00678,25.06253,121.531746,2,taipei_udd_Image_2025,21,4
TPS_00679,25.062441,121.534931,2,taipei_udd_Image_2025,21,4
TPS_00680,25.035083,121.527393,2,taipei_udd_Image_2025,21,4
TPS_00681,25.072173,121.509134,2,taipei_udd_Image_2025,21,4
TPS_00682,25.076505,121.512029,2,taipei_udd_Image_2025,21,4
TPS_00683,25.081093,121.513101,2,taipei_udd_Image_2025,21,4
TPS_00684,25.071917,121.51861,2,taipei_udd_Image_2025,21,4
TPS_00685,25.065893,121.515875,2,taipei_udd_Image_2025,21,4
TPS_00686,25.072921,121.513814,2,taipei_udd_Image_2025,21,4
TPS_00687,25.070543,121.518458,2,taipei_udd_Image_2025,21,4
TPS_00688,25.082194,121.523133,2,taipei_udd_Image_2025,21,4
TPS_00689,25.070518,121.513778,2,taipei_udd_Image_2025,21,4
TPS_00690,25.067293,121.518385,2,taipei_udd_Image_2025,21,4
TPS_00691,25.073964,121.519672,2,taipei_udd_Image_2025,21,4
TPS_00692,25.073047,121.519125,2,taipei_udd_Image_2025,21,4
TPS_00693,25.058274,121.555235,2,taipei_udd_Image_2025,21,4
TPS_00694,25.058408,121.557027,2,taipei_udd_Image_2025,21,4
TPS_00695,25.058061,121.552931,2,taipei_udd_Image_2025,21,4
TPS_00696,25.056885,121.563594,2,taipei_udd_Image_2025,21,4
TPS_00697,25.066782,121.528008,2,taipei_udd_Image_2025,21,4
TPS_00698,25.062591,121.528999,2,taipei_udd_Image_2025,21,4
TPS_00699,25.054905,121.52755,2,taipei_udd_Image_2025,21,4
TPS_00700,25.048461,121.53297,2,taipei_udd_Image_2025,21,4
TPS_00701,25.059911,121.563323,2,taipei_udd_Image_2025,21,4
TPS_00702,25.061738,121.566392,2,taipei_udd_Image_2025,21,4
TPS_00703,25.060908,121.563232,2,taipei_udd_Image_2025,21,4
TPS_00704,25.059053,121.565937,2,taipei_udd_Image_2025,21,4
TPS_00705,25.057431,121.563545,2,taipei_udd_Image_2025,21,4
TPS_00706,25.044379,121.532913,2,taipei_udd_Image_2025,21,4
TPS_00707,25.043367,121.528985,2,taipei_udd_Image_2025,21,4
TPS_00708,25.042895,121.530741,2,taipei_udd_Image_2025,21,4
TPS_00709,25.060351,121.527857,2,taipei_udd_Image_2025,21,4
TPS_00710,25.054822,121.518192,2,taipei_udd_Image_2025,21,4
TPS_00711,25.06293,121.511212,2,taipei_udd_Image_2025,21,4
TPS_00712,25.056991,121.513775,2,taipei_udd_Image_2025,21,4
TPS_00713,25.047101,121.532948,2,taipei_udd_Image_2025,21,4
TPS_00714,25.050196,121.532997,2,taipei_udd_Image_2025,21,4
TPS_00715,25.052049,121.531506,2,taipei_udd_Image_2025,21,4
TPS_00716,25.05202,121.534793,2,taipei_udd_Image_2025,21,4
TPS_00717,25.058748,121.561571,2,taipei_udd_Image_2025,21,4
TPS_00718,25.05866,121.560525,2,taipei_udd_Image_2025,21,4
TPS_00719,25.051488,121.560791,2,taipei_udd_Image_2025,21,4
TPS_00720,25.049348,121.572234,2,taipei_udd_Image_2025,21,4
TPS_00721,25.045699,121.568841,2,taipei_udd_Image_2025,21,4
TPS_00722,25.045599,121.572099,2,taipei_udd_Image_2025,21,4
TPS_00723,25.046874,121.572145,2,taipei_udd_Image_2025,21,4
TPS_00724,25.048074,121.522505,2,taipei_udd_Image_2025,21,4
TPS_00725,25.045379,121.519584,2,taipei_udd_Image_2025,21,4
TPS_00726,25.044705,121.523201,2,taipei_udd_Image_2025,21,4
TPS_00727,25.044916,121.523505,2,taipei_udd_Image_2025,21,4
TPS_00728,25.047941,121.524343,2,taipei_udd_Image_2025,21,4
TPS_00729,25.050893,121.51704,2,taipei_udd_Image_2025,21,4
TPS_00730,25.047661,121.524075,2,taipei_udd_Image_2025,21,4
TPS_00731,25.037999,121.583792,2,taipei_udd_Image_2025,21,4
TPS_00732,25.037156,121.581493,2,taipei_udd_Image_2025,21,4
TPS_00733,25.041008,121.570159,2,taipei_udd_Image_2025,21,4
TPS_00734,25.049276,121.576001,2,taipei_udd_Image_2025,21,4
TPS_00735,25.048417,121.575998,2,taipei_udd_Image_2025,21,4
TPS_00736,25.050022,121.575985,2,taipei_udd_Image_2025,21,4
TPS_00737,25.044318,121.577813,2,taipei_udd_Image_2025,21,4
TPS_00738,25.045534,121.574188,2,taipei_udd_Image_2025,21,4
TPS_00739,25.044649,121.572064,2,taipei_udd_Image_2025,21,4
TPS_00740,25.044425,121.568817,2,taipei_udd_Image_2025,21,4
TPS_00741,25.045513,121.575482,2,taipei_udd_Image_2025,21,4
TPS_00742,25.047647,121.580499,2,taipei_udd_Image_2025,21,4
TPS_00743,25.048117,121.579234,2,taipei_udd_Image_2025,21,4
TPS_00744,25.050372,121.579667,2,taipei_udd_Image_2025,21,4
TPS_00745,25.046482,121.580672,2,taipei_udd_Image_2025,21,4
TPS_00746,25.046645,121.577799,2,taipei_udd_Image_2025,21,4
TPS_00747,25.045471,121.57701,2,taipei_udd_Image_2025,21,4
TPS_00748,25.051493,121.580037,2,taipei_udd_Image_2025,21,4
TPS_00749,25.048917,121.580108,2,taipei_udd_Image_2025,21,4
TPS_00750,25.065998,121.578809,2,taipei_udd_Image_2025,21,4
TPS_00751,25.066978,121.581323,2,taipei_udd_Image_2025,21,4
TPS_00752,25.063546,121.576716,2,taipei_udd_Image_2025,21,4
TPS_00753,25.065626,121.575174,2,taipei_udd_Image_2025,21,4
TPS_00754,25.065949,121.574997,2,taipei_udd_Image_2025,21,4
TPS_00755,25.051531,121.582562,2,taipei_udd_Image_2025,21,4
TPS_00756,25.072529,121.538509,2,taipei_udd_Image_2025,21,4
TPS_00757,25.058506,121.558361,2,taipei_udd_Image_2025,21,4
TPS_00758,25.057987,121.552105,2,taipei_udd_Image_2025,21,4
TPS_00759,25.00201,121.581047,2,taipei_udd_Image_2025,21,4
TPS_00760,25.001825,121.597327,2,taipei_udd_Image_2025,21,4
TPS_00761,25.028312,121.534508,2,taipei_udd_Image_2025,21,4
TPS_00762,25.028888,121.526319,2,taipei_udd_Image_2025,21,4
TPS_00763,25.033016,121.527086,2,taipei_udd_Image_2025,21,4
TPS_00764,25.03019,121.526571,2,taipei_udd_Image_2025,21,4
TPS_00765,25.026319,121.531984,2,taipei_udd_Image_2025,21,4
TPS_00766,25.084137,121.525468,2,taipei_udd_Image_2025,21,4
TPS_00767,25.088835,121.52154,2,taipei_udd_Image_2025,21,4
TPS_00768,25.086728,121.509288,2,taipei_udd_Image_2025,21,4
TPS_00769,25.094652,121.497341,2,taipei_udd_Image_2025,21,4
TPS_00770,25.089547,121.506813,2,taipei_udd_Image_2025,21,4
TPS_00771,25.056876,121.508238,2,taipei_udd_Image_2025,21,4
TPS_00772,25.051569,121.513915,2,taipei_udd_Image_2025,21,4
TPS_00773,25.049883,121.511976,2,taipei_udd_Image_2025,21,4
TPS_00774,25.048636,121.50763,2,taipei_udd_Image_2025,21,4
TPS_00775,25.048153,121.509996,2,taipei_udd_Image_2025,21,4
TPS_00776,25.050175,121.510519,2,taipei_udd_Image_2025,21,4
TPS_00777,25.047254,121.513273,2,taipei_udd_Image_2025,21,4
TPS_00778,25.091359,121.500296,2,taipei_udd_Image_2025,21,4
TPS_00779,25.089394,121.503778,2,taipei_udd_Image_2025,21,4
TPS_00780,25.062985,121.514752,2,taipei_udd_Image_2025,21,4
TPS_00781,25.058427,121.518201,2,taipei_udd_Image_2025,21,4
TPS_00782,25.058199,121.513656,2,taipei_udd_Image_2025,21,4
TPS_00783,25.062816,121.520832,2,taipei_udd_Image_2025,21,4
TPS_00784,25.061188,121.527441,2,taipei_udd_Image_2025,21,4
TPS_00785,25.062689,121.52563,2,taipei_udd_Image_2025,21,4
TPS_00786,25.096542,121.532131,2,taipei_udd_Image_2025,21,4
TPS_00787,25.08959,121.51987,2,taipei_udd_Image_2025,21,4
TPS_00788,25.089903,121.518399,2,taipei_udd_Image_2025,21,4
TPS_00789,25.09609,121.514023,2,taipei_udd_Image_2025,21,4
TPS_00790,25.098952,121.512862,2,taipei_udd_Image_2025,21,4
TPS_00791,25.03125,121.504158,2,taipei_udd_Image_2025,21,4
TPS_00792,25.027555,121.494488,2,taipei_udd_Image_2025,21,4
TPS_00793,25.022303,121.498152,2,taipei_udd_Image_2025,21,4
TPS_00794,25.022661,121.499368,2,taipei_udd_Image_2025,21,4
TPS_00795,25.035524,121.490834,2,taipei_udd_Image_2025,21,4
TPS_00796,25.03851,121.497149,2,taipei_udd_Image_2025,21,4
TPS_00797,25.040079,121.497902,2,taipei_udd_Image_2025,21,4
TPS_00798,25.032868,121.492108,2,taipei_udd_Image_2025,21,4
TPS_00799,25.066726,121.578496,2,taipei_udd_Image_2025,21,4
TPS_00800,25.067958,121.581562,2,taipei_udd_Image_2025,21,4
TPS_00801,25.026186,121.533626,2,taipei_udd_Image_2025,21,4
TPS_00802,25.044212,121.581944,2,taipei_udd_Image_2025,21,4
TPS_00803,25.062951,121.512174,2,taipei_udd_Image_2025,21,4
TPS_00804,25.067256,121.513719,2,taipei_udd_Image_2025,21,4
TPS_00805,25.000591,121.543207,2,taipei_udd_Image_2025,21,4
TPS_00806,24.99988,121.554081,2,taipei_udd_Image_2025,21,4
TPS_00807,25.003651,121.556333,2,taipei_udd_Image_2025,21,4
TPS_00808,25.004243,121.570306,2,taipei_udd_Image_2025,21,4
TPS_00809,25.032343,121.522557,2,taipei_udd_Image_2025,21,4
TPS_00810,24.999456,121.544004,2,taipei_udd_Image_2025,21,4
TPS_00811,24.999311,121.557463,2,taipei_udd_Image_2025,21,4
TPS_00812,24.997764,121.559228,2,taipei_udd_Image_2025,21,4
TPS_00813,25.000203,121.556015,2,taipei_udd_Image_2025,21,4
TPS_00814,25.002209,121.555429,2,taipei_udd_Image_2025,21,4
TPS_00815,24.998066,121.558854,2,taipei_udd_Image_2025,21,4
TPS_00816,25.020386,121.534041,2,taipei_udd_Image_2025,21,4
TPS_00817,25.061796,121.578035,2,taipei_udd_Image_2025,21,4
TPS_00818,25.064818,121.585643,2,taipei_udd_Image_2025,21,4
TPS_00819,25.066286,121.585739,2,taipei_udd_Image_2025,21,4
TPS_00820,25.069049,121.587825,2,taipei_udd_Image_2025,21,4
TPS_00821,25.031219,121.502274,2,taipei_udd_Image_2025,21,4
TPS_00822,25.026484,121.518951,2,taipei_udd_Image_2025,21,4
TPS_00823,25.029008,121.512096,2,taipei_udd_Image_2025,21,4
TPS_00824,25.029512,121.508893,2,taipei_udd_Image_2025,21,4
TPS_00825,25.028504,121.510169,2,taipei_udd_Image_2025,21,4
TPS_00826,25.028162,121.510796,2,taipei_udd_Image_2025,21,4
TPS_00827,25.029696,121.502305,2,taipei_udd_Image_2025,21,4
TPS_00828,25.02772,121.500504,2,taipei_udd_Image_2025,21,4
TPS_00829,25.033895,121.493012,2,taipei_udd_Image_2025,21,4
TPS_00830,25.086693,121.562689,2,taipei_udd_Image_2025,21,4
TPS_00831,25.086403,121.568026,2,taipei_udd_Image_2025,21,4
TPS_00832,25.078609,121.578943,2,taipei_udd_Image_2025,21,4
TPS_00833,25.078544,121.583597,2,taipei_udd_Image_2025,21,4
TPS_00834,25.078812,121.587953,2,taipei_udd_Image_2025,21,4
TPS_00835,25.067919,121.617413,2,taipei_udd_Image_2025,21,4
TPS_00836,25.068231,121.616222,2,taipei_udd_Image_2025,21,4
TPS_00837,25.071958,121.608833,2,taipei_udd_Image_2025,21,4
TPS_00838,25.084326,121.60139,2,taipei_udd_Image_2025,21,4
TPS_00839,25.081985,121.6065,2,taipei_udd_Image_2025,21,4
TPS_00840,25.073162,121.606166,2,taipei_udd_Image_2025,21,4
TPS_00841,25.000202,121.583566,2,taipei_udd_Image_2025,21,4
TPS_00842,25.057586,121.616801,2,taipei_udd_Image_2025,21,4
TPS_00843,25.057953,121.592749,2,taipei_udd_Image_2025,21,4
TPS_00844,25.050424,121.594021,2,taipei_udd_Image_2025,21,4
TPS_00845,25.054821,121.594592,2,taipei_udd_Image_2025,21,4
TPS_00846,25.058097,121.616836,2,taipei_udd_Image_2025,21,4
TPS_00847,25.056302,121.61961,2,taipei_udd_Image_2025,21,4
TPS_00848,25.052355,121.609073,2,taipei_udd_Image_2025,21,4
TPS_00849,25.059062,121.619492,2,taipei_udd_Image_2025,21,4
TPS_00850,25.110038,121.511796,2,taipei_udd_Image_2025,21,4
TPS_00851,25.108732,121.525261,2,taipei_udd_Image_2025,21,4
TPS_00852,25.061032,121.61803,2,taipei_udd_Image_2025,21,4
TPS_00853,25.059349,121.616567,2,taipei_udd_Image_2025,21,4
TPS_00854,25.060527,121.614465,2,taipei_udd_Image_2025,21,4
TPS_00855,25.068946,121.586017,2,taipei_udd_Image_2025,21,4
TPS_00856,25.060621,121.591338,2,taipei_udd_Image_2025,21,4
TPS_00857,25.048021,121.585066,2,taipei_udd_Image_2025,21,4
TPS_00858,25.063808,121.611153,2,taipei_udd_Image_2025,21,4
TPS_00859,25.060476,121.596868,2,taipei_udd_Image_2025,21,4
TPS_00860,25.121955,121.486267,2,taipei_udd_Image_2025,21,4
TPS_00861,25.067739,121.611806,2,taipei_udd_Image_2025,21,4
TPS_00862,25.051978,121.616081,2,taipei_udd_Image_2025,21,4
TPS_00863,25.051186,121.593732,2,taipei_udd_Image_2025,21,4
TPS_00864,25.054795,121.582505,2,taipei_udd_Image_2025,21,4
TPS_00865,25.068372,121.618257,2,taipei_udd_Image_2025,21,4
TPS_00866,25.08265,121.556341,2,taipei_udd_Image_2025,21,4
TPS_00867,25.084653,121.556295,2,taipei_udd_Image_2025,21,4
TPS_00868,25.083939,121.556339,2,taipei_udd_Image_2025,21,4
TPS_00869,25.079241,121.556313,2,taipei_udd_Image_2025,21,4
TPS_00870,25.076119,121.563157,2,taipei_udd_Image_2025,21,4
TPS_00871,25.097944,121.534437,2,taipei_udd_Image_2025,21,4
TPS_00872,25.100033,121.55007,2,taipei_udd_Image_2025,21,4
TPS_00873,25.044035,121.521316,2,taipei_udd_Image_2025,21,4
TPS_00874,25.04776,121.522252,2,taipei_udd_Image_2025,21,4
TPS_00875,25.048828,121.615846,2,taipei_udd_Image_2025,21,4
TPS_00876,25.047684,121.615707,2,taipei_udd_Image_2025,21,4
TPS_00877,25.052775,121.612616,2,taipei_udd_Image_2025,21,4
TPS_00878,25.08283,121.605458,2,taipei_udd_Image_2025,21,4
TPS_00879,25.132688,121.497539,2,taipei_udd_Image_2025,21,4
TPS_00880,25.074098,121.601841,2,taipei_udd_Image_2025,21,4
TPS_00881,25.110008,121.520251,2,taipei_udd_Image_2025,21,4
TPS_00882,25.118077,121.517514,2,taipei_udd_Image_2025,21,4
TPS_00883,25.114372,121.507197,2,taipei_udd_Image_2025,21,4
TPS_00884,25.112454,121.509293,2,taipei_udd_Image_2025,21,4
TPS_00885,25.121738,121.526787,2,taipei_udd_Image_2025,21,4
TPS_00886,25.046824,121.515019,2,taipei_udd_Image_2025,21,4
TPS_00887,25.046205,121.517512,2,taipei_udd_Image_2025,21,4
TPS_00888,25.048369,121.508721,2,taipei_udd_Image_2025,21,4
TPS_00889,25.044477,121.52525,2,taipei_udd_Image_2025,21,4
TPS_00890,25.095026,121.524623,2,taipei_udd_Image_2025,21,4
TPS_00891,25.083783,121.550833,2,taipei_udd_Image_2025,21,4
TPS_00892,25.082071,121.548814,2,taipei_udd_Image_2025,21,4
TPS_00893,25.079989,121.552105,2,taipei_udd_Image_2025,21,4
TPS_00894,25.07794,121.534995,2,taipei_udd_Image_2025,21,4
TPS_00895,25.079381,121.539125,2,taipei_udd_Image_2025,21,4
TPS_00896,25.060274,121.579209,2,taipei_udd_Image_2025,21,4
TPS_00897,25.062663,121.584714,2,taipei_udd_Image_2025,21,4
TPS_00898,25.060593,121.582655,2,taipei_udd_Image_2025,21,4
TPS_00899,24.992781,121.543334,2,taipei_udd_Image_2025,21,4
TPS_00900,24.989866,121.540947,2,taipei_udd_Image_2025,21,4
TPS_00901,24.988069,121.553793,2,taipei_udd_Image_2025,21,4
TPS_00902,24.986932,121.566788,2,taipei_udd_Image_2025,21,4
TPS_00903,25.059235,121.513635,2,taipei_udd_Image_2025,21,4
TPS_00904,25.056928,121.510738,2,taipei_udd_Image_2025,21,4
TPS_00905,25.05822,121.511503,2,taipei_udd_Image_2025,21,4
TPS_00906,25.060211,121.518234,2,taipei_udd_Image_2025,21,4
TPS_00907,25.110754,121.494369,2,taipei_udd_Image_2025,21,4
TPS_00908,25.036054,121.506539,2,taipei_udd_Image_2025,21,4
TPS_00909,24.99417,121.541132,2,taipei_udd_Image_2025,21,4
TPS_00910,24.988184,121.555117,2,taipei_udd_Image_2025,21,4
TPS_00911,25.080701,121.590882,2,taipei_udd_Image_2025,21,4
TPS_00912,24.988508,121.556592,2,taipei_udd_Image_2025,21,4
TPS_00913,24.986737,121.545362,2,taipei_udd_Image_2025,21,4
TPS_00914,24.986752,121.545999,2,taipei_udd_Image_2025,21,4
TPS_00915,25.028721,121.494321,2,taipei_udd_Image_2025,21,4
TPS_00916,25.033402,121.505292,2,taipei_udd_Image_2025,21,4
TPS_00917,25.02856,121.489029,2,taipei_udd_Image_2025,21,4
TPS_00918,25.026335,121.500462,2,taipei_udd_Image_2025,21,4
TPS_00919,25.035227,121.501219,2,taipei_udd_Image_2025,21,4
TPS_00920,25.026933,121.493744,2,taipei_udd_Image_2025,21,4
TPS_00921,25.03453,121.505665,2,taipei_udd_Image_2025,21,4
TPS_00922,25.031182,121.500583,2,taipei_udd_Image_2025,21,4
TPS_00923,25.033275,121.502236,2,taipei_udd_Image_2025,21,4
TPS_00924,25.032673,121.495944,2,taipei_udd_Image_2025,21,4
TPS_00925,25.030646,121.507227,2,taipei_udd_Image_2025,21,4
TPS_00926,25.030047,121.504147,2,taipei_udd_Image_2025,21,4
TPS_00927,25.031337,121.490752,2,taipei_udd_Image_2025,21,4
TPS_00928,25.032985,121.500531,2,taipei_udd_Image_2025,21,4
TPS_00929,25.031007,121.493982,2,taipei_udd_Image_2025,21,4
TPS_00930,25.036924,121.495693,2,taipei_udd_Image_2025,21,4
TPS_00931,25.035139,121.499117,2,taipei_udd_Image_2025,21,4
TPS_00932,25.036802,121.505078,2,taipei_udd_Image_2025,21,4
TPS_00933,25.032059,121.491389,2,taipei_udd_Image_2025,21,4
TPS_00934,25.049051,121.588179,2,taipei_udd_Image_2025,21,4
TPS_00935,25.049261,121.589117,2,taipei_udd_Image_2025,21,4
TPS_00936,25.068542,121.615093,2,taipei_udd_Image_2025,21,4
TPS_00937,25.039489,121.528754,2,taipei_udd_Image_2025,21,4
TPS_00938,25.039534,121.517747,2,taipei_udd_Image_2025,21,4
TPS_00939,25.136848,121.546364,2,taipei_udd_Image_2025,21,4
TPS_00940,25.121513,121.531552,2,taipei_udd_Image_2025,21,4
TPS_00941,25.120222,121.531056,2,taipei_udd_Image_2025,21,4
TPS_00942,25.118143,121.53641,2,taipei_udd_Image_2025,21,4
TPS_00943,25.107644,121.530163,2,taipei_udd_Image_2025,21,4
TPS_00944,25.116424,121.539065,2,taipei_udd_Image_2025,21,4
TPS_00945,25.105609,121.528983,2,taipei_udd_Image_2025,21,4
TPS_00946,25.114917,121.532932,2,taipei_udd_Image_2025,21,4
TPS_00947,25.112741,121.533559,2,taipei_udd_Image_2025,21,4
TPS_00948,25.034844,121.568363,2,taipei_udd_Image_2025,21,4
TPS_00949,25.04312,121.518924,2,taipei_udd_Image_2025,21,4
TPS_00950,25.096781,121.54713,2,taipei_udd_Image_2025,21,4
TPS_00951,25.101635,121.552438,2,taipei_udd_Image_2025,21,4
TPS_00952,25.097115,121.544248,2,taipei_udd_Image_2025,21,4
TPS_00953,25.096812,121.520901,2,taipei_udd_Image_2025,21,4
TPS_00954,25.094553,121.522533,2,taipei_udd_Image_2025,21,4
TPS_00955,25.104253,121.526639,2,taipei_udd_Image_2025,21,4
TPS_00956,25.097788,121.513331,2,taipei_udd_Image_2025,21,4
TPS_00957,25.091849,121.517721,2,taipei_udd_Image_2025,21,4
TPS_00958,25.092455,121.518654,2,taipei_udd_Image_2025,21,4
TPS_00959,25.093371,121.520036,2,taipei_udd_Image_2025,21,4
TPS_00960,25.071878,121.589757,2,taipei_udd_Image_2025,21,4
TPS_00961,24.993506,121.559116,2,taipei_udd_Image_2025,21,4
TPS_00962,25.035584,121.503835,2,taipei_udd_Image_2025,21,4
TPS_00963,25.03031,121.500535,2,taipei_udd_Image_2025,21,4
TPS_00964,25.030526,121.493457,2,taipei_udd_Image_2025,21,4
TPS_00965,25.031758,121.494793,2,taipei_udd_Image_2025,21,4
TPS_00966,25.069665,121.5834,2,taipei_udd_Image_2025,21,4
TPS_00967,25.083269,121.563517,2,taipei_udd_Image_2025,21,4
TPS_00968,25.078857,121.564284,2,taipei_udd_Image_2025,21,4
TPS_00969,25.071521,121.589782,2,taipei_udd_Image_2025,21,4
TPS_00970,25.084454,121.561181,2,taipei_udd_Image_2025,21,4
TPS_00971,25.077455,121.589956,2,taipei_udd_Image_2025,21,4
TPS_00972,25.078519,121.581169,2,taipei_udd_Image_2025,21,4
TPS_00973,25.081942,121.551399,2,taipei_udd_Image_2025,21,4
TPS_00974,25.073708,121.606013,2,taipei_udd_Image_2025,21,4
TPS_00975,25.079809,121.577138,2,taipei_udd_Image_2025,21,4
TPS_00976,25.079022,121.576595,2,taipei_udd_Image_2025,21,4
TPS_00977,25.065089,121.572325,2,taipei_udd_Image_2025,21,4
TPS_00978,25.003201,121.541211,2,taipei_udd_Image_2025,21,4
TPS_00979,25.081212,121.548598,2,taipei_udd_Image_2025,21,4
TPS_00980,25.048921,121.577771,2,taipei_udd_Image_2025,21,4
TPS_00981,25.049494,121.580087,2,taipei_udd_Image_2025,21,4
TPS_00982,25.049517,121.577772,2,taipei_udd_Image_2025,21,4
TPS_00983,25.05317,121.606455,2,taipei_udd_Image_2025,21,4
TPS_00984,25.052218,121.607918,2,taipei_udd_Image_2025,21,4
TPS_00985,25.053363,121.607711,2,taipei_udd_Image_2025,21,4
TPS_00986,25.049647,121.583815,2,taipei_udd_Image_2025,21,4
TPS_00987,25.052994,121.605366,2,taipei_udd_Image_2025,21,4
TPS_00988,25.052692,121.603376,2,taipei_udd_Image_2025,21,4
TPS_00989,25.04868,121.586597,2,taipei_udd_Image_2025,21,4
TPS_00990,25.051719,121.603563,2,taipei_udd_Image_2025,21,4
TPS_00991,25.050509,121.508163,2,taipei_udd_Image_2025,21,4
TPS_00992,25.065184,121.590253,2,taipei_udd_Image_2025,21,4
TPS_00993,25.063113,121.584982,2,taipei_udd_Image_2025,21,4
TPS_00994,25.085005,121.574642,2,taipei_udd_Image_2025,21,4
TPS_00995,25.076353,121.574915,2,taipei_udd_Image_2025,21,4
TPS_00996,25.13353,121.501948,2,taipei_udd_Image_2025,21,4
TPS_00997,25.081197,121.54444,2,taipei_udd_Image_2025,21,4
TPS_00998,25.07925,121.552296,2,taipei_udd_Image_2025,21,4
TPS_00999,25.078032,121.530294,2,taipei_udd_Image_2025,21,4
TPS_01000,25.070414,121.590246,2,taipei_udd_Image_2025,21,4
TPS_01001,25.068898,121.592799,2,taipei_udd_Image_2025,21,4
TPS_01002,25.069005,121.589223,2,taipei_udd_Image_2025,21,4
TPS_01003,25.067564,121.590715,2,taipei_udd_Image_2025,21,4
TPS_01004,25.066084,121.590517,2,taipei_udd_Image_2025,21,4
TPS_01005,25.067537,121.59753,2,taipei_udd_Image_2025,21,4
TPS_01006,25.06693,121.600472,2,taipei_udd_Image_2025,21,4
TPS_01007,25.050544,121.589469,2,taipei_udd_Image_2025,21,4
TPS_01008,25.070403,121.611268,2,taipei_udd_Image_2025,21,4
TPS_01009,25.072576,121.605169,2,taipei_udd_Image_2025,21,4
TPS_01010,25.03042,121.505926,2,taipei_udd_Image_2025,21,4
TPS_01011,25.072265,121.608113,2,taipei_udd_Image_2025,21,4
TPS_01012,25.072828,121.606893,2,taipei_udd_Image_2025,21,4
TPS_01013,25.129598,121.49705,2,taipei_udd_Image_2025,21,4
TPS_01014,25.136079,121.497171,2,taipei_udd_Image_2025,21,4
TPS_01015,25.117345,121.503878,2,taipei_udd_Image_2025,21,4
TPS_01016,25.137083,121.501049,2,taipei_udd_Image_2025,21,4
TPS_01017,25.021572,121.498675,2,taipei_udd_Image_2025,21,4
TPS_01018,25.034406,121.498765,2,taipei_udd_Image_2025,21,4
TPS_01019,24.996227,121.535698,2,taipei_udd_Image_2025,21,4
TPS_01020,24.986978,121.547318,2,taipei_udd_Image_2025,21,4
TPS_01021,24.988742,121.557721,2,taipei_udd_Image_2025,21,4
TPS_01022,24.99492,121.571766,2,taipei_udd_Image_2025,21,4
TPS_01023,24.998184,121.57459,2,taipei_udd_Image_2025,21,4
TPS_01024,25.073472,121.604092,2,taipei_udd_Image_2025,21,4
TPS_01025,25.082064,121.592349,2,taipei_udd_Image_2025,21,4
TPS_01026,25.082383,121.59669,2,taipei_udd_Image_2025,21,4
TPS_01027,25.084687,121.598703,2,taipei_udd_Image_2025,21,4
TPS_01028,25.08065,121.598219,2,taipei_udd_Image_2025,21,4
TPS_01029,25.118682,121.51998,2,taipei_udd_Image_2025,21,4
TPS_01030,25.050186,121.520097,2,taipei_udd_Image_2025,21,4
TPS_01031,25.048076,121.511285,2,taipei_udd_Image_2025,21,4
TPS_01032,25.024229,121.500221,2,taipei_udd_Image_2025,21,4
TPS_01033,25.025382,121.500439,2,taipei_udd_Image_2025,21,4
TPS_01034,25.083002,121.593584,2,taipei_udd_Image_2025,21,4
TPS_01035,25.075004,121.583688,2,taipei_udd_Image_2025,21,4
TPS_01036,25.020147,121.497785,2,taipei_udd_Image_2025,21,4
TPS_01037,25.026671,121.527586,2,taipei_udd_Image_2025,21,4
TPS_01038,25.073145,121.589881,2,taipei_udd_Image_2025,21,4
TPS_01039,25.083487,121.595707,2,taipei_udd_Image_2025,21,4
TPS_01040,25.09696,121.532934,2,taipei_udd_Image_2025,21,4
TPS_01041,25.001974,121.542002,2,taipei_udd_Image_2025,21,4
TPS_01042,25.003896,121.540743,2,taipei_udd_Image_2025,21,4
TPS_01043,25.026486,121.554945,2,taipei_udd_Image_2025,21,4
TPS_01044,24.998756,121.544188,2,taipei_udd_Image_2025,21,4
TPS_01045,24.998964,121.557967,2,taipei_udd_Image_2025,21,4
TPS_01046,24.98952,121.559802,2,taipei_udd_Image_2025,21,4
TPS_01047,24.998508,121.544648,2,taipei_udd_Image_2025,21,4
TPS_01048,24.993783,121.544599,2,taipei_udd_Image_2025,21,4
TPS_01049,25.023091,121.516851,2,taipei_udd_Image_2025,21,4
TPS_01050,25.033296,121.520456,2,taipei_udd_Image_2025,21,4
TPS_01051,24.992134,121.540515,2,taipei_udd_Image_2025,21,4
TPS_01052,25.094812,121.523676,2,taipei_udd_Image_2025,21,4
TPS_01053,25.021054,121.525165,2,taipei_udd_Image_2025,21,4
TPS_01054,25.024045,121.511985,2,taipei_udd_Image_2025,21,4
TPS_01055,25.031985,121.506985,2,taipei_udd_Image_2025,21,4
TPS_01056,25.03042,121.568317,2,taipei_udd_Image_2025,21,4
TPS_01057,25.032329,121.5047,2,taipei_udd_Image_2025,21,4
TPS_01058,25.029194,121.504737,2,taipei_udd_Image_2025,21,4
TPS_01059,25.032,121.497312,2,taipei_udd_Image_2025,21,4
TPS_01060,25.04196,121.535334,2,taipei_udd_Image_2025,21,4
TPS_01061,25.026964,121.523937,2,taipei_udd_Image_2025,21,4
TPS_01062,25.049788,121.591305,2,taipei_udd_Image_2025,21,4
TPS_01063,25.137007,121.499106,2,taipei_udd_Image_2025,21,4
TPS_01064,25.116228,121.505106,2,taipei_udd_Image_2025,21,4
TPS_01065,25.025008,121.491497,2,taipei_udd_Image_2025,21,4
TPS_01066,25.025901,121.492522,2,taipei_udd_Image_2025,21,4
TPS_01067,25.028586,121.493365,2,taipei_udd_Image_2025,21,4
TPS_01068,25.030141,121.496328,2,taipei_udd_Image_2025,21,4
TPS_01069,25.06255,121.530337,2,taipei_udd_Image_2025,21,4
TPS_01070,25.077775,121.538128,2,taipei_udd_Image_2025,21,4
TPS_01071,25.077804,121.537642,2,taipei_udd_Image_2025,21,4
TPS_01072,25.077388,121.547686,2,taipei_udd_Image_2025,21,4
TPS_01073,25.079031,121.599565,2,taipei_udd_Image_2025,21,4
TPS_01074,24.9877,121.551314,2,taipei_udd_Image_2025,21,4
TPS_01075,25.037563,121.506367,2,taipei_udd_Image_2025,21,4
TPS_01076,25.064426,121.590277,2,taipei_udd_Image_2025,21,4
TPS_01077,25.051758,121.60393,2,taipei_udd_Image_2025,21,4
TPS_01078,25.030196,121.505008,2,taipei_udd_Image_2025,21,4
TPS_01079,25.034414,121.512865,2,taipei_udd_Image_2025,21,4
TPS_01080,25.095404,121.526297,2,taipei_udd_Image_2025,21,4
TPS_01081,25.040901,121.518149,2,taipei_udd_Image_2025,21,4
TPS_01082,25.040543,121.518171,2,taipei_udd_Image_2025,21,4
TPS_01083,25.109874,121.512179,2,taipei_udd_Image_2025,21,4
TPS_01084,25.106146,121.51661,2,taipei_udd_Image_2025,21,4
TPS_01085,25.106891,121.515627,2,taipei_udd_Image_2025,21,4
TPS_01086,25.105396,121.517602,2,taipei_udd_Image_2025,21,4
TPS_01087,25.110663,121.53064,2,taipei_udd_Image_2025,21,4
TPS_01088,25.113474,121.537308,2,taipei_udd_Image_2025,21,4
TPS_01089,25.112951,121.526621,2,taipei_udd_Image_2025,21,4
TPS_01090,25.002079,121.561652,2,taipei_udd_Image_2025,21,4
TPS_01091,25.00138,121.567685,2,taipei_udd_Image_2025,21,4
TPS_01092,25.072044,121.513794,2,taipei_udd_Image_2025,21,4
TPS_01093,25.093982,121.497765,2,taipei_udd_Image_2025,21,4
TPS_01094,24.991593,121.540279,2,taipei_udd_Image_2025,21,4
TPS_01095,25.076155,121.621174,2,taipei_udd_Image_2025,21,4
TPS_01096,25.03163,121.51908,2,taipei_udd_Image_2025,21,4
TPS_01097,25.050774,121.615613,2,taipei_udd_Image_2025,21,4
TPS_01098,25.04369,121.56762,2,taipei_udd_Image_2025,21,4
TPS_01099,25.017113,121.560148,2,taipei_udd_Image_2025,21,4
TPS_01100,25.015342,121.561255,2,taipei_udd_Image_2025,21,4
TPS_01101,25.038341,121.537694,2,taipei_udd_Image_2025,21,4
TPS_01102,25.051932,121.517332,2,taipei_udd_Image_2025,21,4
TPS_01103,24.997266,121.573553,2,taipei_udd_Image_2025,21,4
TPS_01104,25.024279,121.516731,2,taipei_udd_Image_2025,21,4
TPS_01105,25.068779,121.613947,2,taipei_udd_Image_2025,21,4
TPS_01106,25.036944,121.505856,2,taipei_udd_Image_2025,21,4
TPS_01107,25.024804,121.544756,2,taipei_udd_Image_2025,21,4
TPS_01108,25.034429,121.50414,2,taipei_udd_Image_2025,21,4
TPS_01109,25.023959,121.534626,2,taipei_udd_Image_2025,21,4
TPS_01110,24.997782,121.574132,2,taipei_udd_Image_2025,21,4
TPS_01111,24.992421,121.571277,2,taipei_udd_Image_2025,21,4
TPS_01112,25.064861,121.533056,2,taipei_udd_Image_2025,21,4
TPS_01113,25.035198,121.50232,2,taipei_udd_Image_2025,21,4
TPS_01114,25.05416,121.549101,2,taipei_udd_Image_2025,21,4
TPS_01115,25.054625,121.548859,2,taipei_udd_Image_2025,21,4
TPS_01116,25.057509,121.549137,2,taipei_udd_Image_2025,21,4
TPS_01117,25.051453,121.549081,2,taipei_udd_Image_2025,21,4
TPS_01118,25.051704,121.548479,2,taipei_udd_Image_2025,21,4
TPS_01119,25.052021,121.548838,2,taipei_udd_Image_2025,21,4
TPS_01120,25.107917,121.514307,2,taipei_udd_Image_2025,21,4
TPS_01121,25.11193,121.49886,2,taipei_udd_Image_2025,21,4
TPS_01122,25.037654,121.496381,2,taipei_udd_Image_2025,21,4
TPS_01123,25.101715,121.514736,2,taipei_udd_Image_2025,21,4
TPS_01124,25.100537,121.508159,2,taipei_udd_Image_2025,21,4
TPS_01125,25.096337,121.547442,2,taipei_udd_Image_2025,21,4
TPS_01126,25.112995,121.510242,2,taipei_udd_Image_2025,21,4
TPS_01127,25.053866,121.515109,2,taipei_udd_Image_2025,21,4
TPS_01128,25.027966,121.511352,2,taipei_udd_Image_2025,21,4
TPS_01129,25.078302,121.607059,2,taipei_udd_Image_2025,21,4
TPS_01130,25.083036,121.604309,2,taipei_udd_Image_2025,21,4
TPS_01131,25.013896,121.540407,2,taipei_udd_Image_2025,21,4
TPS_01132,25.131007,121.546916,2,taipei_udd_Image_2025,21,4
TPS_01133,25.047473,121.563059,2,taipei_udd_Image_2025,21,4
TPS_01134,25.098169,121.537419,2,taipei_udd_Image_2025,21,4
TPS_01135,25.099479,121.549146,2,taipei_udd_Image_2025,21,4
TPS_01136,25.093296,121.525162,2,taipei_udd_Image_2025,21,4
TPS_01137,25.037423,121.568407,2,taipei_udd_Image_2025,21,4
TPS_01138,24.990509,121.559269,2,taipei_udd_Image_2025,21,4
TPS_01139,25.045411,121.57889,2,taipei_udd_Image_2025,21,4
TPS_01140,25.033056,121.520971,2,taipei_udd_Image_2025,21,4
TPS_01141,25.031884,121.525546,2,taipei_udd_Image_2025,21,4
TPS_01142,25.017683,121.493993,2,taipei_udd_Image_2025,21,4
TPS_01143,25.077583,121.541685,2,taipei_udd_Image_2025,21,4
TPS_01144,25.048152,121.574429,2,taipei_udd_Image_2025,21,4
TPS_01145,25.097555,121.53385,2,taipei_udd_Image_2025,21,4
TPS_01146,25.0611,121.550713,2,taipei_udd_Image_2025,21,4
TPS_01147,25.024239,121.49088,2,taipei_udd_Image_2025,21,4
TPS_01148,25.074046,121.511444,2,taipei_udd_Image_2025,21,4
TPS_01149,25.032926,121.5718,2,taipei_udd_Image_2025,21,4
TPS_01150,25.052683,121.595202,2,taipei_udd_Image_2025,21,4
TPS_01151,25.036416,121.504558,2,taipei_udd_Image_2025,21,4
TPS_01152,25.051877,121.54438,2,taipei_udd_Image_2025,21,4
TPS_01153,25.05157,121.554816,2,taipei_udd_Image_2025,21,4
TPS_01154,25.045504,121.535296,2,taipei_udd_Image_2025,21,4
TPS_01155,24.989068,121.563044,2,taipei_udd_Image_2025,21,4
TPS_01156,24.98904,121.563491,2,taipei_udd_Image_2025,21,4
TPS_01157,24.990476,121.570766,2,taipei_udd_Image_2025,21,4
TPS_01158,24.986995,121.565674,2,taipei_udd_Image_2025,21,4
TPS_01159,24.987083,121.566085,2,taipei_udd_Image_2025,21,4
TPS_01160,24.990185,121.570228,2,taipei_udd_Image_2025,21,4
TPS_01161,24.996463,121.593042,2,taipei_udd_Image_2025,21,4
TPS_01162,25.069795,121.590516,2,taipei_udd_Image_2025,21,4
TPS_01163,24.997037,121.544604,2,taipei_udd_Image_2025,21,4
TPS_01164,24.996747,121.544792,2,taipei_udd_Image_2025,21,4
TPS_01165,24.999091,121.546612,2,taipei_udd_Image_2025,21,4
TPS_01166,25.114258,121.502279,2,taipei_udd_Image_2025,21,4
TPS_01167,24.996792,121.57083,2,taipei_udd_Image_2025,21,4
TPS_01168,25.005137,121.567659,2,taipei_udd_Image_2025,21,4
TPS_01169,25.051779,121.549435,2,taipei_udd_Image_2025,21,4
TPS_01170,25.062208,121.54234,2,taipei_udd_Image_2025,21,4
TPS_01171,25.062503,121.542615,2,taipei_udd_Image_2025,21,4
TPS_01172,25.061758,121.550743,2,taipei_udd_Image_2025,21,4
TPS_01173,25.06213,121.543951,2,taipei_udd_Image_2025,21,4
TPS_01174,25.054545,121.569623,2,taipei_udd_Image_2025,21,4
TPS_01175,25.043191,121.565769,2,taipei_udd_Image_2025,21,4
TPS_01176,25.048045,121.568815,2,taipei_udd_Image_2025,21,4
TPS_01177,25.049248,121.569564,2,taipei_udd_Image_2025,21,4
TPS_01178,25.052695,121.570164,2,taipei_udd_Image_2025,21,4
TPS_01179,25.056345,121.569511,2,taipei_udd_Image_2025,21,4
TPS_01180,25.057407,121.569176,2,taipei_udd_Image_2025,21,4
TPS_01181,25.059358,121.568766,2,taipei_udd_Image_2025,21,4
TPS_01182,25.063374,121.56824,2,taipei_udd_Image_2025,21,4
TPS_01183,25.051294,121.569452,2,taipei_udd_Image_2025,21,4
TPS_01184,25.051346,121.56412,2,taipei_udd_Image_2025,21,4
TPS_01185,25.057231,121.555429,2,taipei_udd_Image_2025,21,4
TPS_01186,25.04856,121.560781,2,taipei_udd_Image_2025,21,4
TPS_01187,25.048677,121.567322,2,taipei_udd_Image_2025,21,4
TPS_01188,25.062019,121.556368,2,taipei_udd_Image_2025,21,4
TPS_01189,25.072361,121.544568,2,taipei_udd_Image_2025,21,4
TPS_01190,25.071964,121.544371,2,taipei_udd_Image_2025,21,4
TPS_01191,25.06834,121.568139,2,taipei_udd_Image_2025,21,4
TPS_01192,25.098422,121.546652,2,taipei_udd_Image_2025,21,4
TPS_01193,25.062298,121.560076,2,taipei_udd_Image_2025,21,4
TPS_01194,25.062514,121.54102,2,taipei_udd_Image_2025,21,4
TPS_01195,25.062193,121.540675,2,taipei_udd_Image_2025,21,4
TPS_01196,25.066206,121.544489,2,taipei_udd_Image_2025,21,4
TPS_01197,25.06668,121.544117,2,taipei_udd_Image_2025,21,4
TPS_01198,25.064632,121.533427,2,taipei_udd_Image_2025,21,4
TPS_01199,25.062206,121.533238,2,taipei_udd_Image_2025,21,4
TPS_01200,25.06245,121.53292,2,taipei_udd_Image_2025,21,4
TPS_01201,25.062529,121.533468,2,taipei_udd_Image_2025,21,4
TPS_01202,25.059716,121.536743,2,taipei_udd_Image_2025,21,4
TPS_01203,25.066361,121.535923,2,taipei_udd_Image_2025,21,4
TPS_01204,25.066097,121.535303,2,taipei_udd_Image_2025,21,4
TPS_01205,25.067008,121.534123,2,taipei_udd_Image_2025,21,4
TPS_01206,25.067328,121.534665,2,taipei_udd_Image_2025,21,4
TPS_01207,25.048432,121.548803,2,taipei_udd_Image_2025,21,4
TPS_01208,25.041771,121.548747,2,taipei_udd_Image_2025,21,4
TPS_01209,25.041232,121.548992,2,taipei_udd_Image_2025,21,4
TPS_01210,25.047937,121.549046,2,taipei_udd_Image_2025,21,4
TPS_01211,25.024346,121.548832,2,taipei_udd_Image_2025,21,4
TPS_01212,25.024772,121.548596,2,taipei_udd_Image_2025,21,4
TPS_01213,25.017005,121.548805,2,taipei_udd_Image_2025,21,4
TPS_01214,25.016918,121.549296,2,taipei_udd_Image_2025,21,4
TPS_01215,25.021403,121.543566,2,taipei_udd_Image_2025,21,4
TPS_01216,25.021133,121.543111,2,taipei_udd_Image_2025,21,4
TPS_01217,25.022441,121.538079,2,taipei_udd_Image_2025,21,4
TPS_01218,25.022957,121.537572,2,taipei_udd_Image_2025,21,4
TPS_01219,25.022504,121.537518,2,taipei_udd_Image_2025,21,4
TPS_01220,25.022624,121.535386,2,taipei_udd_Image_2025,21,4
TPS_01221,25.068075,121.536187,2,taipei_udd_Image_2025,21,4
TPS_01222,25.06843,121.527602,2,taipei_udd_Image_2025,21,4
TPS_01223,25.068256,121.528143,2,taipei_udd_Image_2025,21,4
TPS_01224,25.070821,121.5278,2,taipei_udd_Image_2025,21,4
TPS_01225,25.068413,121.518601,2,taipei_udd_Image_2025,21,4
TPS_01226,25.072571,121.536727,2,taipei_udd_Image_2025,21,4
TPS_01227,25.04373,121.502617,2,taipei_udd_Image_2025,21,4
TPS_01228,25.048109,121.545532,2,taipei_udd_Image_2025,21,4
TPS_01229,25.048735,121.562594,2,taipei_udd_Image_2025,21,4
TPS_01230,25.048857,121.563855,2,taipei_udd_Image_2025,21,4
TPS_01231,25.053414,121.552943,2,taipei_udd_Image_2025,21,4
TPS_01232,25.053265,121.552592,2,taipei_udd_Image_2025,21,4
TPS_01233,25.059898,121.551927,2,taipei_udd_Image_2025,21,4
TPS_01234,25.059302,121.56816,2,taipei_udd_Image_2025,21,4
TPS_01235,25.062564,121.579367,2,taipei_udd_Image_2025,21,4
TPS_01236,25.063906,121.564711,2,taipei_udd_Image_2025,21,4
TPS_01237,25.045152,121.548767,2,taipei_udd_Image_2025,21,4
TPS_01238,25.044583,121.549009,2,taipei_udd_Image_2025,21,4
TPS_01239,25.079684,121.524511,2,taipei_udd_Image_2025,21,4
TPS_01240,25.07996,121.524199,2,taipei_udd_Image_2025,21,4
TPS_01241,25.074505,121.525837,2,taipei_udd_Image_2025,21,4
TPS_01242,25.070553,121.523489,2,taipei_udd_Image_2025,21,4
TPS_01243,25.062321,121.551883,2,taipei_udd_Image_2025,21,4
TPS_01244,25.05126,121.515441,1,taipei_udd_Image_2025,21,4
TPS_01245,25.023786,121.524781,1,taipei_udd_Image_2025,21,4
TPS_01246,25.028972,121.518843,1,taipei_udd_Image_2025,21,4
TPS_01247,25.075008,121.585194,1,taipei_udd_Image_2025,21,4
TPS_01248,25.072838,121.576095,1,taipei_udd_Image_2025,21,4
TPS_01249,25.084782,121.593724,1,taipei_udd_Image_2025,21,4
TPS_01250,25.125352,121.471658,1,taipei_udd_Image_2025,21,4
TPS_01251,25.126698,121.471811,1,taipei_udd_Image_2025,21,4
TPS_01252,25.024654,121.528582,1,taipei_udd_Image_2025,21,4
TPS_01253,25.025434,121.522754,1,taipei_udd_Image_2025,21,4
TPS_01254,25.041919,121.50009,1,taipei_udd_Image_2025,21,4
TPS_01255,25.022569,121.528383,1,taipei_udd_Image_2025,21,4
TPS_01256,25.024109,121.52169,1,taipei_udd_Image_2025,21,4
TPS_01257,25.04199,121.524416,1,taipei_udd_Image_2025,21,4
TPS_01258,25.042757,121.526494,1,taipei_udd_Image_2025,21,4
TPS_01259,25.043168,121.524767,1,taipei_udd_Image_2025,21,4
TPS_01260,25.041584,121.526154,1,taipei_udd_Image_2025,21,4
TPS_01261,25.045028,121.517154,1,taipei_udd_Image_2025,21,4
TPS_01262,25.022292,121.523908,1,taipei_udd_Image_2025,21,4
TPS_01263,25.021963,121.531542,1,taipei_udd_Image_2025,21,4
TPS_01264,25.025808,121.523285,1,taipei_udd_Image_2025,21,4
TPS_01265,25.109741,121.534154,1,taipei_udd_Image_2025,21,4
TPS_01266,25.151234,121.550069,1,taipei_udd_Image_2025,21,4
TPS_01267,25.118975,121.552869,1,taipei_udd_Image_2025,21,4
TPS_01268,25.045927,121.525541,1,taipei_udd_Image_2025,21,4
TPS_01269,25.075729,121.576012,1,taipei_udd_Image_2025,21,4
TPS_01270,25.083945,121.571921,1,taipei_udd_Image_2025,21,4
TPS_01271,25.084577,121.565555,1,taipei_udd_Image_2025,21,4
TPS_01272,25.080384,121.57026,1,taipei_udd_Image_2025,21,4
TPS_01273,25.078852,121.56945,1,taipei_udd_Image_2025,21,4
TPS_01274,25.081146,121.568338,1,taipei_udd_Image_2025,21,4
TPS_01275,25.080353,121.567884,1,taipei_udd_Image_2025,21,4
TPS_01276,25.079729,121.567489,1,taipei_udd_Image_2025,21,4
TPS_01277,25.07734,121.572829,1,taipei_udd_Image_2025,21,4
TPS_01278,25.084546,121.600514,1,taipei_udd_Image_2025,21,4
TPS_01279,25.083566,121.573263,1,taipei_udd_Image_2025,21,4
TPS_01280,25.082252,121.572782,1,taipei_udd_Image_2025,21,4
TPS_01281,25.085333,121.573776,1,taipei_udd_Image_2025,21,4
TPS_01282,25.075111,121.576932,1,taipei_udd_Image_2025,21,4
TPS_01283,25.084432,121.578994,1,taipei_udd_Image_2025,21,4
TPS_01284,25.026366,121.556463,1,taipei_udd_Image_2025,21,4
TPS_01285,25.105179,121.557241,1,taipei_udd_Image_2025,21,4
TPS_01286,25.119631,121.580118,1,taipei_udd_Image_2025,21,4
TPS_01287,25.137904,121.546554,1,taipei_udd_Image_2025,21,4
TPS_01288,25.042432,121.616983,1,taipei_udd_Image_2025,21,4
TPS_01289,25.124679,121.587673,1,taipei_udd_Image_2025,21,4
TPS_01290,25.12611,121.587724,1,taipei_udd_Image_2025,21,4
TPS_01291,25.086667,121.588543,1,taipei_udd_Image_2025,21,4
TPS_01292,25.084306,121.585138,1,taipei_udd_Image_2025,21,4
TPS_01293,25.167482,121.540094,1,taipei_udd_Image_2025,21,4
TPS_01294,25.086204,121.550311,1,taipei_udd_Image_2025,21,4
TPS_01295,25.085771,121.549491,1,taipei_udd_Image_2025,21,4
TPS_01296,25.085265,121.55021,1,taipei_udd_Image_2025,21,4
TPS_01297,25.083462,121.552273,1,taipei_udd_Image_2025,21,4
TPS_01298,25.082643,121.560649,1,taipei_udd_Image_2025,21,4
TPS_01299,25.022201,121.533173,1,taipei_udd_Image_2025,21,4
TPS_01300,24.980214,121.554902,1,taipei_udd_Image_2025,21,4
TPS_01301,25.041799,121.500854,1,taipei_udd_Image_2025,21,4
TPS_01302,25.040966,121.50074,1,taipei_udd_Image_2025,21,4
TPS_01303,25.026226,121.513921,1,taipei_udd_Image_2025,21,4
TPS_01304,25.00191,121.562011,1,taipei_udd_Image_2025,21,4
TPS_01305,25.137152,121.482846,1,taipei_udd_Image_2025,21,4
TPS_01306,25.135109,121.478212,1,taipei_udd_Image_2025,21,4
TPS_01307,25.130164,121.471867,1,taipei_udd_Image_2025,21,4
TPS_01308,25.128427,121.468908,1,taipei_udd_Image_2025,21,4
TPS_01309,25.125998,121.470084,1,taipei_udd_Image_2025,21,4
TPS_01310,25.135841,121.479871,1,taipei_udd_Image_2025,21,4
TPS_01311,25.138136,121.485135,1,taipei_udd_Image_2025,21,4
TPS_01312,25.136979,121.482091,1,taipei_udd_Image_2025,21,4
TPS_01313,25.130799,121.502016,1,taipei_udd_Image_2025,21,4
TPS_01314,25.089767,121.522763,1,taipei_udd_Image_2025,21,4
TPS_01315,25.126623,121.465977,1,taipei_udd_Image_2025,21,4
TPS_01316,24.988895,121.552339,1,taipei_udd_Image_2025,21,4
TPS_01317,24.984885,121.554201,1,taipei_udd_Image_2025,21,4
TPS_01318,24.983222,121.554039,1,taipei_udd_Image_2025,21,4
TPS_01319,24.981977,121.553722,1,taipei_udd_Image_2025,21,4
TPS_01320,25.121571,121.493558,1,taipei_udd_Image_2025,21,4
TPS_01321,25.121461,121.493121,1,taipei_udd_Image_2025,21,4
TPS_01322,25.126373,121.501502,1,taipei_udd_Image_2025,21,4
TPS_01323,25.127571,121.507528,1,taipei_udd_Image_2025,21,4
TPS_01324,25.035544,121.515007,1,taipei_udd_Image_2025,21,4
TPS_01325,25.101847,121.529121,1,taipei_udd_Image_2025,21,4
TPS_01326,25.104907,121.522378,1,taipei_udd_Image_2025,21,4
TPS_01327,25.036034,121.546014,1,taipei_udd_Image_2025,21,4
TPS_01328,25.031028,121.546062,1,taipei_udd_Image_2025,21,4
TPS_01329,25.032403,121.51635,1,taipei_udd_Image_2025,21,4
TPS_01330,25.112317,121.51947,1,taipei_udd_Image_2025,21,4
TPS_01331,25.03302,121.505073,1,taipei_udd_Image_2025,21,4
TPS_01332,25.049201,121.514873,1,taipei_udd_Image_2025,21,4
TPS_01333,25.06667,121.525748,1,taipei_udd_Image_2025,21,4
TPS_01334,25.138421,121.504992,1,taipei_udd_Image_2025,21,4
TPS_01335,25.144446,121.527143,1,taipei_udd_Image_2025,21,4
TPS_01336,25.104634,121.521975,1,taipei_udd_Image_2025,21,4
TPS_01337,25.102325,121.520813,1,taipei_udd_Image_2025,21,4
TPS_01338,25.119107,121.522366,1,taipei_udd_Image_2025,21,4
TPS_01339,25.118451,121.526121,1,taipei_udd_Image_2025,21,4
TPS_01340,25.014012,121.535003,1,taipei_udd_Image_2025,21,4
TPS_01341,25.013521,121.534457,1,taipei_udd_Image_2025,21,4
TPS_01342,25.040598,121.524014,1,taipei_udd_Image_2025,21,4
TPS_01343,25.113606,121.515881,1,taipei_udd_Image_2025,21,4
TPS_01344,25.117498,121.513195,1,taipei_udd_Image_2025,21,4
TPS_01345,25.119944,121.509928,1,taipei_udd_Image_2025,21,4
TPS_01346,25.120396,121.507512,1,taipei_udd_Image_2025,21,4
TPS_01347,25.12271,121.502922,1,taipei_udd_Image_2025,21,4
TPS_01348,25.121379,121.502672,1,taipei_udd_Image_2025,21,4
TPS_01349,25.118415,121.528478,1,taipei_udd_Image_2025,21,4
TPS_01350,25.116362,121.574014,1,taipei_udd_Image_2025,21,4
TPS_01351,25.035995,121.548125,1,taipei_udd_Image_2025,21,4
TPS_01352,25.035493,121.549063,1,taipei_udd_Image_2025,21,4
TPS_01353,25.039804,121.545205,1,taipei_udd_Image_2025,21,4
TPS_01354,25.038997,121.546063,1,taipei_udd_Image_2025,21,4
TPS_01355,25.028274,121.546014,1,taipei_udd_Image_2025,21,4
TPS_01356,25.071213,121.571895,1,taipei_udd_Image_2025,21,4
TPS_01357,25.071694,121.574358,1,taipei_udd_Image_2025,21,4
TPS_01358,25.039372,121.555025,1,taipei_udd_Image_2025,21,4
TPS_01359,25.034419,121.538042,1,taipei_udd_Image_2025,21,4
TPS_01360,25.038382,121.541268,1,taipei_udd_Image_2025,21,4
TPS_01361,25.033494,121.538023,1,taipei_udd_Image_2025,21,4
TPS_01362,25.035121,121.555968,1,taipei_udd_Image_2025,21,4
TPS_01363,25.037056,121.552927,1,taipei_udd_Image_2025,21,4
TPS_01364,25.037003,121.555549,1,taipei_udd_Image_2025,21,4
TPS_01365,25.030985,121.548028,1,taipei_udd_Image_2025,21,4
TPS_01366,25.028185,121.551144,1,taipei_udd_Image_2025,21,4
TPS_01367,25.02994,121.550457,1,taipei_udd_Image_2025,21,4
TPS_01368,25.03245,121.554287,1,taipei_udd_Image_2025,21,4
TPS_01369,25.030194,121.55422,1,taipei_udd_Image_2025,21,4
TPS_01370,25.03213,121.551576,1,taipei_udd_Image_2025,21,4
TPS_01371,25.028305,121.552641,1,taipei_udd_Image_2025,21,4
TPS_01372,25.032539,121.553331,1,taipei_udd_Image_2025,21,4
TPS_01373,25.030946,121.551544,1,taipei_udd_Image_2025,21,4
TPS_01374,25.032867,121.550142,1,taipei_udd_Image_2025,21,4
TPS_01375,25.047472,121.55633,1,taipei_udd_Image_2025,21,4
TPS_01376,25.046488,121.55645,1,taipei_udd_Image_2025,21,4
TPS_01377,25.046182,121.553566,1,taipei_udd_Image_2025,21,4
TPS_01378,25.046157,121.54969,1,taipei_udd_Image_2025,21,4
TPS_01379,25.032086,121.561355,1,taipei_udd_Image_2025,21,4
TPS_01380,25.039199,121.56154,1,taipei_udd_Image_2025,21,4
TPS_01381,25.035934,121.561956,1,taipei_udd_Image_2025,21,4
TPS_01382,25.044379,121.554697,1,taipei_udd_Image_2025,21,4
TPS_01383,25.043936,121.55384,1,taipei_udd_Image_2025,21,4
TPS_01384,25.04979,121.555084,1,taipei_udd_Image_2025,21,4
TPS_01385,25.050152,121.560776,1,taipei_udd_Image_2025,21,4
TPS_01386,25.045953,121.536179,1,taipei_udd_Image_2025,21,4
TPS_01387,25.031141,121.539433,1,taipei_udd_Image_2025,21,4
TPS_01388,25.028741,121.539393,1,taipei_udd_Image_2025,21,4
TPS_01389,25.034548,121.537601,1,taipei_udd_Image_2025,21,4
TPS_01390,25.036458,121.537464,1,taipei_udd_Image_2025,21,4
TPS_01391,25.036838,121.537477,1,taipei_udd_Image_2025,21,4
TPS_01392,25.036825,121.538252,1,taipei_udd_Image_2025,21,4
TPS_01393,25.040153,121.537442,1,taipei_udd_Image_2025,21,4
TPS_01394,25.028843,121.537974,1,taipei_udd_Image_2025,21,4
TPS_01395,25.025016,121.537896,1,taipei_udd_Image_2025,21,4
TPS_01396,25.027052,121.547997,1,taipei_udd_Image_2025,21,4
TPS_01397,25.027717,121.537955,1,taipei_udd_Image_2025,21,4
TPS_01398,25.05092,121.537017,1,taipei_udd_Image_2025,21,4
TPS_01399,25.049957,121.542183,1,taipei_udd_Image_2025,21,4
TPS_01400,25.048278,121.542147,1,taipei_udd_Image_2025,21,4
TPS_01401,25.048376,121.536939,1,taipei_udd_Image_2025,21,4
TPS_01402,25.048357,121.539107,1,taipei_udd_Image_2025,21,4
TPS_01403,25.048328,121.540405,1,taipei_udd_Image_2025,21,4
TPS_01404,25.050128,121.547494,1,taipei_udd_Image_2025,21,4
TPS_01405,25.049973,121.540431,1,taipei_udd_Image_2025,21,4
TPS_01406,25.027097,121.55828,1,taipei_udd_Image_2025,21,4
TPS_01407,25.02587,121.560854,1,taipei_udd_Image_2025,21,4
TPS_01408,25.039701,121.571889,1,taipei_udd_Image_2025,21,4
TPS_01409,25.039118,121.566098,1,taipei_udd_Image_2025,21,4
TPS_01410,25.040041,121.5719,1,taipei_udd_Image_2025,21,4
TPS_01411,25.028695,121.562997,1,taipei_udd_Image_2025,21,4
TPS_01412,25.029122,121.564958,1,taipei_udd_Image_2025,21,4
TPS_01413,25.027481,121.565525,1,taipei_udd_Image_2025,21,4
TPS_01414,25.028731,121.558162,1,taipei_udd_Image_2025,21,4
TPS_01415,25.030725,121.56131,1,taipei_udd_Image_2025,21,4
TPS_01416,25.029264,121.56186,1,taipei_udd_Image_2025,21,4
TPS_01417,25.029555,121.562296,1,taipei_udd_Image_2025,21,4
TPS_01418,25.031967,121.565408,1,taipei_udd_Image_2025,21,4
TPS_01419,25.028042,121.56357,1,taipei_udd_Image_2025,21,4
TPS_01420,25.027698,121.563171,1,taipei_udd_Image_2025,21,4
TPS_01421,25.039052,121.569808,1,taipei_udd_Image_2025,21,4
TPS_01422,25.034013,121.565428,1,taipei_udd_Image_2025,21,4
TPS_01423,25.039015,121.571865,1,taipei_udd_Image_2025,21,4
TPS_01424,25.023415,121.569812,1,taipei_udd_Image_2025,21,4
TPS_01425,25.024808,121.569402,1,taipei_udd_Image_2025,21,4
TPS_01426,25.024999,121.537439,1,taipei_udd_Image_2025,21,4
TPS_01427,25.018206,121.527811,1,taipei_udd_Image_2025,21,4
TPS_01428,25.018511,121.527457,1,taipei_udd_Image_2025,21,4
TPS_01429,25.006905,121.57593,1,taipei_udd_Image_2025,21,4
TPS_01430,25.064681,121.535029,1,taipei_udd_Image_2025,21,4
TPS_01431,25.060276,121.537213,1,taipei_udd_Image_2025,21,4
TPS_01432,25.060248,121.53922,1,taipei_udd_Image_2025,21,4
TPS_01433,25.060227,121.540746,1,taipei_udd_Image_2025,21,4
TPS_01434,25.065134,121.543702,1,taipei_udd_Image_2025,21,4
TPS_01435,25.066014,121.538318,1,taipei_udd_Image_2025,21,4
TPS_01436,25.062029,121.544918,1,taipei_udd_Image_2025,21,4
TPS_01437,25.065993,121.540974,1,taipei_udd_Image_2025,21,4
TPS_01438,25.054651,121.540524,1,taipei_udd_Image_2025,21,4
TPS_01439,25.054762,121.536626,1,taipei_udd_Image_2025,21,4
TPS_01440,25.054683,121.53909,1,taipei_udd_Image_2025,21,4
TPS_01441,25.054734,121.537086,1,taipei_udd_Image_2025,21,4
TPS_01442,25.076716,121.526353,1,taipei_udd_Image_2025,21,4
TPS_01443,25.053345,121.542089,1,taipei_udd_Image_2025,21,4
TPS_01444,25.054605,121.542134,1,taipei_udd_Image_2025,21,4
TPS_01445,25.037721,121.578201,1,taipei_udd_Image_2025,21,4
TPS_01446,25.036366,121.579133,1,taipei_udd_Image_2025,21,4
TPS_01447,25.033575,121.571774,1,taipei_udd_Image_2025,21,4
TPS_01448,25.034684,121.573522,1,taipei_udd_Image_2025,21,4
TPS_01449,25.036509,121.573553,1,taipei_udd_Image_2025,21,4
TPS_01450,25.034193,121.571772,1,taipei_udd_Image_2025,21,4
TPS_01451,25.036486,121.574531,1,taipei_udd_Image_2025,21,4
TPS_01452,25.057982,121.530209,1,taipei_udd_Image_2025,21,4
TPS_01453,25.054862,121.530148,1,taipei_udd_Image_2025,21,4
TPS_01454,25.064873,121.527955,1,taipei_udd_Image_2025,21,4
TPS_01455,25.064828,121.530358,1,taipei_udd_Image_2025,21,4
TPS_01456,25.018272,121.550975,1,taipei_udd_Image_2025,21,4
TPS_01457,25.020339,121.552707,1,taipei_udd_Image_2025,21,4
TPS_01458,25.01847,121.558959,1,taipei_udd_Image_2025,21,4
TPS_01459,25.018524,121.556891,1,taipei_udd_Image_2025,21,4
TPS_01460,25.01779,121.557875,1,taipei_udd_Image_2025,21,4
TPS_01461,25.018692,121.554576,1,taipei_udd_Image_2025,21,4
TPS_01462,25.017021,121.558396,1,taipei_udd_Image_2025,21,4
TPS_01463,25.01848,121.557416,1,taipei_udd_Image_2025,21,4
TPS_01464,25.016802,121.559888,1,taipei_udd_Image_2025,21,4
TPS_01465,25.015069,121.561653,1,taipei_udd_Image_2025,21,4
TPS_01466,25.019717,121.55351,1,taipei_udd_Image_2025,21,4
TPS_01467,25.064802,121.531741,1,taipei_udd_Image_2025,21,4
TPS_01468,25.022915,121.546895,1,taipei_udd_Image_2025,21,4
TPS_01469,25.060312,121.534875,1,taipei_udd_Image_2025,21,4
TPS_01470,25.060283,121.536733,1,taipei_udd_Image_2025,21,4
TPS_01471,25.077053,121.512107,1,taipei_udd_Image_2025,21,4
TPS_01472,25.075875,121.511892,1,taipei_udd_Image_2025,21,4
TPS_01473,25.075781,121.517701,1,taipei_udd_Image_2025,21,4
TPS_01474,25.067293,121.515937,1,taipei_udd_Image_2025,21,4
TPS_01475,25.070529,121.515906,1,taipei_udd_Image_2025,21,4
TPS_01476,25.071985,121.515888,1,taipei_udd_Image_2025,21,4
TPS_01477,25.073048,121.515857,1,taipei_udd_Image_2025,21,4
TPS_01478,25.072105,121.510996,1,taipei_udd_Image_2025,21,4
TPS_01479,25.06851,121.519538,1,taipei_udd_Image_2025,21,4
TPS_01480,25.074588,121.513915,1,taipei_udd_Image_2025,21,4
TPS_01481,25.073032,121.511232,1,taipei_udd_Image_2025,21,4
TPS_01482,25.072074,121.512637,1,taipei_udd_Image_2025,21,4
TPS_01483,25.07998,121.51093,1,taipei_udd_Image_2025,21,4
TPS_01484,25.084114,121.509938,1,taipei_udd_Image_2025,21,4
TPS_01485,25.053282,121.545193,1,taipei_udd_Image_2025,21,4
TPS_01486,25.068091,121.568339,1,taipei_udd_Image_2025,21,4
TPS_01487,25.055854,121.560307,1,taipei_udd_Image_2025,21,4
TPS_01488,25.066559,121.531801,1,taipei_udd_Image_2025,21,4
TPS_01489,25.066566,121.530432,1,taipei_udd_Image_2025,21,4
TPS_01490,25.064852,121.529057,1,taipei_udd_Image_2025,21,4
TPS_01491,25.058024,121.527433,1,taipei_udd_Image_2025,21,4
TPS_01492,25.058019,121.527783,1,taipei_udd_Image_2025,21,4
TPS_01493,25.061058,121.56542,1,taipei_udd_Image_2025,21,4
TPS_01494,25.059634,121.56588,1,taipei_udd_Image_2025,21,4
TPS_01495,25.057148,121.567357,1,taipei_udd_Image_2025,21,4
TPS_01496,25.056185,121.563665,1,taipei_udd_Image_2025,21,4
TPS_01497,25.055647,121.563721,1,taipei_udd_Image_2025,21,4
TPS_01498,25.055472,121.567202,1,taipei_udd_Image_2025,21,4
TPS_01499,25.052373,121.567998,1,taipei_udd_Image_2025,21,4
TPS_01500,25.044102,121.531815,1,taipei_udd_Image_2025,21,4
TPS_01501,25.061208,121.530273,1,taipei_udd_Image_2025,21,4
TPS_01502,25.058961,121.530229,1,taipei_udd_Image_2025,21,4
TPS_01503,25.060334,121.528969,1,taipei_udd_Image_2025,21,4
TPS_01504,25.060351,121.530257,1,taipei_udd_Image_2025,21,4
TPS_01505,25.060262,121.52748,1,taipei_udd_Image_2025,21,4
TPS_01506,25.050991,121.534775,1,taipei_udd_Image_2025,21,4
TPS_01507,25.047995,121.530057,1,taipei_udd_Image_2025,21,4
TPS_01508,25.048428,121.534728,1,taipei_udd_Image_2025,21,4
TPS_01509,25.048485,121.531447,1,taipei_udd_Image_2025,21,4
TPS_01510,25.049731,121.530039,1,taipei_udd_Image_2025,21,4
TPS_01511,25.0501,121.52856,1,taipei_udd_Image_2025,21,4
TPS_01512,25.050513,121.531479,1,taipei_udd_Image_2025,21,4
TPS_01513,25.050515,121.530057,1,taipei_udd_Image_2025,21,4
TPS_01514,25.053674,121.530125,1,taipei_udd_Image_2025,21,4
TPS_01515,25.053653,121.531533,1,taipei_udd_Image_2025,21,4
TPS_01516,25.054821,121.531563,1,taipei_udd_Image_2025,21,4
TPS_01517,25.057443,121.527769,1,taipei_udd_Image_2025,21,4
TPS_01518,25.056047,121.530171,1,taipei_udd_Image_2025,21,4
TPS_01519,25.056058,121.528892,1,taipei_udd_Image_2025,21,4
TPS_01520,25.054883,121.528869,1,taipei_udd_Image_2025,21,4
TPS_01521,25.058002,121.528896,1,taipei_udd_Image_2025,21,4
TPS_01522,25.057014,121.515574,1,taipei_udd_Image_2025,21,4
TPS_01523,25.049992,121.564512,1,taipei_udd_Image_2025,21,4
TPS_01524,25.050387,121.528088,1,taipei_udd_Image_2025,21,4
TPS_01525,25.050348,121.524954,1,taipei_udd_Image_2025,21,4
TPS_01526,25.052123,121.523571,1,taipei_udd_Image_2025,21,4
TPS_01527,25.04954,121.522847,1,taipei_udd_Image_2025,21,4
TPS_01528,25.049068,121.522707,1,taipei_udd_Image_2025,21,4
TPS_01529,25.048334,121.52813,1,taipei_udd_Image_2025,21,4
TPS_01530,25.048739,121.526372,1,taipei_udd_Image_2025,21,4
TPS_01531,25.047553,121.526028,1,taipei_udd_Image_2025,21,4
TPS_01532,25.049147,121.524575,1,taipei_udd_Image_2025,21,4
TPS_01533,25.045664,121.519205,1,taipei_udd_Image_2025,21,4
TPS_01534,25.037558,121.582685,1,taipei_udd_Image_2025,21,4
TPS_01535,25.032746,121.578956,1,taipei_udd_Image_2025,21,4
TPS_01536,25.040771,121.580749,1,taipei_udd_Image_2025,21,4
TPS_01537,25.039573,121.579258,1,taipei_udd_Image_2025,21,4
TPS_01538,25.047922,121.572183,1,taipei_udd_Image_2025,21,4
TPS_01539,25.047962,121.570442,1,taipei_udd_Image_2025,21,4
TPS_01540,25.042298,121.570207,1,taipei_udd_Image_2025,21,4
TPS_01541,25.04224,121.571977,1,taipei_udd_Image_2025,21,4
TPS_01542,25.042075,121.577791,1,taipei_udd_Image_2025,21,4
TPS_01543,25.043528,121.570233,1,taipei_udd_Image_2025,21,4
TPS_01544,25.043474,121.572022,1,taipei_udd_Image_2025,21,4
TPS_01545,25.043251,121.577778,1,taipei_udd_Image_2025,21,4
TPS_01546,25.048914,121.579232,1,taipei_udd_Image_2025,21,4
TPS_01547,25.051589,121.581438,1,taipei_udd_Image_2025,21,4
TPS_01548,25.051124,121.581567,1,taipei_udd_Image_2025,21,4
TPS_01549,25.052189,121.580215,1,taipei_udd_Image_2025,21,4
TPS_01550,25.052117,121.579871,1,taipei_udd_Image_2025,21,4
TPS_01551,25.064249,121.578163,1,taipei_udd_Image_2025,21,4
TPS_01552,25.064913,121.57955,1,taipei_udd_Image_2025,21,4
TPS_01553,25.062594,121.581222,1,taipei_udd_Image_2025,21,4
TPS_01554,25.063329,121.580692,1,taipei_udd_Image_2025,21,4
TPS_01555,25.050944,121.577708,1,taipei_udd_Image_2025,21,4
TPS_01556,25.060777,121.561393,1,taipei_udd_Image_2025,21,4
TPS_01557,25.060703,121.560328,1,taipei_udd_Image_2025,21,4
TPS_01558,25.060469,121.556981,1,taipei_udd_Image_2025,21,4
TPS_01559,25.060322,121.554873,1,taipei_udd_Image_2025,21,4
TPS_01560,25.00065,121.583256,1,taipei_udd_Image_2025,21,4
TPS_01561,25.002994,121.584281,1,taipei_udd_Image_2025,21,4
TPS_01562,25.028575,121.528296,1,taipei_udd_Image_2025,21,4
TPS_01563,25.031601,121.527442,1,taipei_udd_Image_2025,21,4
TPS_01564,25.02976,121.530636,1,taipei_udd_Image_2025,21,4
TPS_01565,25.031392,121.52879,1,taipei_udd_Image_2025,21,4
TPS_01566,25.029883,121.528546,1,taipei_udd_Image_2025,21,4
TPS_01567,25.03001,121.531555,1,taipei_udd_Image_2025,21,4
TPS_01568,25.02977,121.5295,1,taipei_udd_Image_2025,21,4
TPS_01569,25.079924,121.523689,1,taipei_udd_Image_2025,21,4
TPS_01570,25.056241,121.525475,1,taipei_udd_Image_2025,21,4
TPS_01571,25.054362,121.525434,1,taipei_udd_Image_2025,21,4
TPS_01572,25.053892,121.525424,1,taipei_udd_Image_2025,21,4
TPS_01573,25.05494,121.525447,1,taipei_udd_Image_2025,21,4
TPS_01574,25.058054,121.525515,1,taipei_udd_Image_2025,21,4
TPS_01575,25.053809,121.527379,1,taipei_udd_Image_2025,21,4
TPS_01576,25.083383,121.510082,1,taipei_udd_Image_2025,21,4
TPS_01577,25.08749,121.511443,1,taipei_udd_Image_2025,21,4
TPS_01578,25.089371,121.504868,1,taipei_udd_Image_2025,21,4
TPS_01579,25.087697,121.508971,1,taipei_udd_Image_2025,21,4
TPS_01580,25.088958,121.510617,1,taipei_udd_Image_2025,21,4
TPS_01581,25.090485,121.501265,1,taipei_udd_Image_2025,21,4
TPS_01582,25.053873,121.511757,1,taipei_udd_Image_2025,21,4
TPS_01583,25.052394,121.507294,1,taipei_udd_Image_2025,21,4
TPS_01584,25.056941,121.511582,1,taipei_udd_Image_2025,21,4
TPS_01585,25.052004,121.508565,1,taipei_udd_Image_2025,21,4
TPS_01586,25.052043,121.511856,1,taipei_udd_Image_2025,21,4
TPS_01587,25.046217,121.503256,1,taipei_udd_Image_2025,21,4
TPS_01588,25.089412,121.505301,1,taipei_udd_Image_2025,21,4
TPS_01589,25.088657,121.50832,1,taipei_udd_Image_2025,21,4
TPS_01590,25.062797,121.524362,1,taipei_udd_Image_2025,21,4
TPS_01591,25.066706,121.524316,1,taipei_udd_Image_2025,21,4
TPS_01592,25.06407,121.525678,1,taipei_udd_Image_2025,21,4
TPS_01593,25.060808,121.514341,1,taipei_udd_Image_2025,21,4
TPS_01594,25.060228,121.518811,1,taipei_udd_Image_2025,21,4
TPS_01595,25.057464,121.51919,1,taipei_udd_Image_2025,21,4
TPS_01596,25.061702,121.525605,1,taipei_udd_Image_2025,21,4
TPS_01597,25.062789,121.519641,1,taipei_udd_Image_2025,21,4
TPS_01598,25.059069,121.525538,1,taipei_udd_Image_2025,21,4
TPS_01599,25.058054,121.523966,1,taipei_udd_Image_2025,21,4
TPS_01600,25.060288,121.525565,1,taipei_udd_Image_2025,21,4
TPS_01601,25.064883,121.52573,1,taipei_udd_Image_2025,21,4
TPS_01602,25.085752,121.511326,1,taipei_udd_Image_2025,21,4
TPS_01603,25.081988,121.512819,1,taipei_udd_Image_2025,21,4
TPS_01604,25.084515,121.509873,1,taipei_udd_Image_2025,21,4
TPS_01605,25.085677,121.510982,1,taipei_udd_Image_2025,21,4
TPS_01606,25.082081,121.510327,1,taipei_udd_Image_2025,21,4
TPS_01607,25.085721,121.509554,1,taipei_udd_Image_2025,21,4
TPS_01608,25.083679,121.508547,1,taipei_udd_Image_2025,21,4
TPS_01609,25.082657,121.510212,1,taipei_udd_Image_2025,21,4
TPS_01610,25.100818,121.537593,1,taipei_udd_Image_2025,21,4
TPS_01611,25.04786,121.506207,1,taipei_udd_Image_2025,21,4
TPS_01612,25.023664,121.495421,1,taipei_udd_Image_2025,21,4
TPS_01613,25.021818,121.495973,1,taipei_udd_Image_2025,21,4
TPS_01614,25.03782,121.494385,1,taipei_udd_Image_2025,21,4
TPS_01615,25.036984,121.492658,1,taipei_udd_Image_2025,21,4
TPS_01616,25.038453,121.499766,1,taipei_udd_Image_2025,21,4
TPS_01617,25.041476,121.49956,1,taipei_udd_Image_2025,21,4
TPS_01618,25.069004,121.576486,1,taipei_udd_Image_2025,21,4
TPS_01619,25.067448,121.580406,1,taipei_udd_Image_2025,21,4
TPS_01620,25.06729,121.582637,1,taipei_udd_Image_2025,21,4
TPS_01621,25.042759,121.583566,1,taipei_udd_Image_2025,21,4
TPS_01622,25.041798,121.587541,1,taipei_udd_Image_2025,21,4
TPS_01623,25.04156,121.585481,1,taipei_udd_Image_2025,21,4
TPS_01624,25.042166,121.584386,1,taipei_udd_Image_2025,21,4
TPS_01625,25.037497,121.591298,1,taipei_udd_Image_2025,21,4
TPS_01626,25.040417,121.592897,1,taipei_udd_Image_2025,21,4
TPS_01627,25.041329,121.590984,1,taipei_udd_Image_2025,21,4
TPS_01628,25.040366,121.590613,1,taipei_udd_Image_2025,21,4
TPS_01629,25.039762,121.589294,1,taipei_udd_Image_2025,21,4
TPS_01630,25.039285,121.587578,1,taipei_udd_Image_2025,21,4
TPS_01631,25.039984,121.584582,1,taipei_udd_Image_2025,21,4
TPS_01632,25.038836,121.586015,1,taipei_udd_Image_2025,21,4
TPS_01633,25.040751,121.585044,1,taipei_udd_Image_2025,21,4
TPS_01634,25.038536,121.58488,1,taipei_udd_Image_2025,21,4
TPS_01635,25.038272,121.584077,1,taipei_udd_Image_2025,21,4
TPS_01636,25.060652,121.511353,1,taipei_udd_Image_2025,21,4
TPS_01637,25.065932,121.511022,1,taipei_udd_Image_2025,21,4
TPS_01638,25.070136,121.510874,1,taipei_udd_Image_2025,21,4
TPS_01639,25.067212,121.510941,1,taipei_udd_Image_2025,21,4
TPS_01640,25.000924,121.551502,1,taipei_udd_Image_2025,21,4
TPS_01641,25.000129,121.550322,1,taipei_udd_Image_2025,21,4
TPS_01642,24.999303,121.555453,1,taipei_udd_Image_2025,21,4
TPS_01643,25.004781,121.535715,1,taipei_udd_Image_2025,21,4
TPS_01644,25.004747,121.536472,1,taipei_udd_Image_2025,21,4
TPS_01645,25.014314,121.546997,1,taipei_udd_Image_2025,21,4
TPS_01646,25.003603,121.53859,1,taipei_udd_Image_2025,21,4
TPS_01647,25.002017,121.53552,1,taipei_udd_Image_2025,21,4
TPS_01648,24.996409,121.547528,1,taipei_udd_Image_2025,21,4
TPS_01649,24.997248,121.547868,1,taipei_udd_Image_2025,21,4
TPS_01650,24.998289,121.54772,1,taipei_udd_Image_2025,21,4
TPS_01651,25.011325,121.541006,1,taipei_udd_Image_2025,21,4
TPS_01652,25.001922,121.548709,1,taipei_udd_Image_2025,21,4
TPS_01653,25.005425,121.540919,1,taipei_udd_Image_2025,21,4
TPS_01654,25.029571,121.522018,1,taipei_udd_Image_2025,21,4
TPS_01655,25.030887,121.52229,1,taipei_udd_Image_2025,21,4
TPS_01656,25.000113,121.546053,1,taipei_udd_Image_2025,21,4
TPS_01657,24.999539,121.55498,1,taipei_udd_Image_2025,21,4
TPS_01658,24.987359,121.577211,1,taipei_udd_Image_2025,21,4
TPS_01659,25.028294,121.517713,1,taipei_udd_Image_2025,21,4
TPS_01660,25.032047,121.514954,1,taipei_udd_Image_2025,21,4
TPS_01661,25.017398,121.531512,1,taipei_udd_Image_2025,21,4
TPS_01662,25.015694,121.531335,1,taipei_udd_Image_2025,21,4
TPS_01663,25.012587,121.53528,1,taipei_udd_Image_2025,21,4
TPS_01664,25.012976,121.535991,1,taipei_udd_Image_2025,21,4
TPS_01665,25.060696,121.575425,1,taipei_udd_Image_2025,21,4
TPS_01666,25.063681,121.587631,1,taipei_udd_Image_2025,21,4
TPS_01667,25.066077,121.583937,1,taipei_udd_Image_2025,21,4
TPS_01668,25.061423,121.588703,1,taipei_udd_Image_2025,21,4
TPS_01669,25.062749,121.587668,1,taipei_udd_Image_2025,21,4
TPS_01670,25.064663,121.588996,1,taipei_udd_Image_2025,21,4
TPS_01671,25.065328,121.587741,1,taipei_udd_Image_2025,21,4
TPS_01672,25.063132,121.588962,1,taipei_udd_Image_2025,21,4
TPS_01673,25.064475,121.587662,1,taipei_udd_Image_2025,21,4
TPS_01674,25.064619,121.582847,1,taipei_udd_Image_2025,21,4
TPS_01675,25.062551,121.586269,1,taipei_udd_Image_2025,21,4
TPS_01676,25.047579,121.507328,1,taipei_udd_Image_2025,21,4
TPS_01677,25.044808,121.506523,1,taipei_udd_Image_2025,21,4
TPS_01678,25.04395,121.505088,1,taipei_udd_Image_2025,21,4
TPS_01679,25.047343,121.508326,1,taipei_udd_Image_2025,21,4
TPS_01680,25.046818,121.505904,1,taipei_udd_Image_2025,21,4
TPS_01681,25.046555,121.50703,1,taipei_udd_Image_2025,21,4
TPS_01682,25.045938,121.505645,1,taipei_udd_Image_2025,21,4
TPS_01683,25.045673,121.506775,1,taipei_udd_Image_2025,21,4
TPS_01684,25.043685,121.506197,1,taipei_udd_Image_2025,21,4
TPS_01685,25.04597,121.510718,1,taipei_udd_Image_2025,21,4
TPS_01686,25.045161,121.510476,1,taipei_udd_Image_2025,21,4
TPS_01687,25.060526,121.509318,1,taipei_udd_Image_2025,21,4
TPS_01688,25.060554,121.509927,1,taipei_udd_Image_2025,21,4
TPS_01689,25.056905,121.509838,1,taipei_udd_Image_2025,21,4
TPS_01690,25.058208,121.509692,1,taipei_udd_Image_2025,21,4
TPS_01691,25.05688,121.508933,1,taipei_udd_Image_2025,21,4
TPS_01692,25.053827,121.511043,1,taipei_udd_Image_2025,21,4
TPS_01693,25.038432,121.500582,1,taipei_udd_Image_2025,21,4
TPS_01694,25.036687,121.499377,1,taipei_udd_Image_2025,21,4
TPS_01695,25.03552,121.499318,1,taipei_udd_Image_2025,21,4
TPS_01696,25.039552,121.505407,1,taipei_udd_Image_2025,21,4
TPS_01697,25.037771,121.505168,1,taipei_udd_Image_2025,21,4
TPS_01698,25.042253,121.511492,1,taipei_udd_Image_2025,21,4
TPS_01699,25.040076,121.511308,1,taipei_udd_Image_2025,21,4
TPS_01700,25.041513,121.504535,1,taipei_udd_Image_2025,21,4
TPS_01701,25.040393,121.504325,1,taipei_udd_Image_2025,21,4
TPS_01702,25.040713,121.506056,1,taipei_udd_Image_2025,21,4
TPS_01703,25.041664,121.50946,1,taipei_udd_Image_2025,21,4
TPS_01704,25.04165,121.505978,1,taipei_udd_Image_2025,21,4
TPS_01705,25.039419,121.506223,1,taipei_udd_Image_2025,21,4
TPS_01706,25.039743,121.504191,1,taipei_udd_Image_2025,21,4
TPS_01707,25.04142,121.506925,1,taipei_udd_Image_2025,21,4
TPS_01708,25.035716,121.50774,1,taipei_udd_Image_2025,21,4
TPS_01709,25.041244,121.500083,1,taipei_udd_Image_2025,21,4
TPS_01710,25.040149,121.499882,1,taipei_udd_Image_2025,21,4
TPS_01711,25.040201,121.500688,1,taipei_udd_Image_2025,21,4
TPS_01712,25.025398,121.517449,1,taipei_udd_Image_2025,21,4
TPS_01713,25.025049,121.519021,1,taipei_udd_Image_2025,21,4
TPS_01714,25.023373,121.519011,1,taipei_udd_Image_2025,21,4
TPS_01715,25.04218,121.509609,1,taipei_udd_Image_2025,21,4
TPS_01716,25.057874,121.515296,1,taipei_udd_Image_2025,21,4
TPS_01717,25.024788,121.494886,1,taipei_udd_Image_2025,21,4
TPS_01718,25.025929,121.496457,1,taipei_udd_Image_2025,21,4
TPS_01719,25.02603,121.49433,1,taipei_udd_Image_2025,21,4
TPS_01720,25.026095,121.506486,1,taipei_udd_Image_2025,21,4
TPS_01721,25.025419,121.501742,1,taipei_udd_Image_2025,21,4
TPS_01722,25.026453,121.501709,1,taipei_udd_Image_2025,21,4
TPS_01723,25.024406,121.497169,1,taipei_udd_Image_2025,21,4
TPS_01724,25.032363,121.488872,1,taipei_udd_Image_2025,21,4
TPS_01725,25.028894,121.495181,1,taipei_udd_Image_2025,21,4
TPS_01726,25.0236,121.497546,1,taipei_udd_Image_2025,21,4
TPS_01727,25.083835,121.566915,1,taipei_udd_Image_2025,21,4
TPS_01728,25.085447,121.56555,1,taipei_udd_Image_2025,21,4
TPS_01729,25.08649,121.564061,1,taipei_udd_Image_2025,21,4
TPS_01730,25.074544,121.581078,1,taipei_udd_Image_2025,21,4
TPS_01731,25.079361,121.589337,1,taipei_udd_Image_2025,21,4
TPS_01732,25.084448,121.576001,1,taipei_udd_Image_2025,21,4
TPS_01733,25.066955,121.612301,1,taipei_udd_Image_2025,21,4
TPS_01734,25.075109,121.610117,1,taipei_udd_Image_2025,21,4
TPS_01735,25.072026,121.615577,1,taipei_udd_Image_2025,21,4
TPS_01736,25.073355,121.619511,1,taipei_udd_Image_2025,21,4
TPS_01737,25.04596,121.592401,1,taipei_udd_Image_2025,21,4
TPS_01738,24.992585,121.573725,1,taipei_udd_Image_2025,21,4
TPS_01739,25.056231,121.598279,1,taipei_udd_Image_2025,21,4
TPS_01740,25.056848,121.594758,1,taipei_udd_Image_2025,21,4
TPS_01741,25.058312,121.593938,1,taipei_udd_Image_2025,21,4
TPS_01742,24.985346,121.579954,1,taipei_udd_Image_2025,21,4
TPS_01743,25.057627,121.602352,1,taipei_udd_Image_2025,21,4
TPS_01744,25.057296,121.600932,1,taipei_udd_Image_2025,21,4
TPS_01745,25.056576,121.599061,1,taipei_udd_Image_2025,21,4
TPS_01746,25.054059,121.605042,1,taipei_udd_Image_2025,21,4
TPS_01747,25.05848,121.597314,1,taipei_udd_Image_2025,21,4
TPS_01748,25.057308,121.596037,1,taipei_udd_Image_2025,21,4
TPS_01749,25.057758,121.597607,1,taipei_udd_Image_2025,21,4
TPS_01750,25.057755,121.614108,1,taipei_udd_Image_2025,21,4
TPS_01751,25.059051,121.61421,1,taipei_udd_Image_2025,21,4
TPS_01752,25.060055,121.611369,1,taipei_udd_Image_2025,21,4
TPS_01753,25.05498,121.610321,1,taipei_udd_Image_2025,21,4
TPS_01754,25.059104,121.609811,1,taipei_udd_Image_2025,21,4
TPS_01755,25.057878,121.605339,1,taipei_udd_Image_2025,21,4
TPS_01756,25.058355,121.595781,1,taipei_udd_Image_2025,21,4
TPS_01757,25.060919,121.611029,1,taipei_udd_Image_2025,21,4
TPS_01758,25.056159,121.613987,1,taipei_udd_Image_2025,21,4
TPS_01759,25.058103,121.606702,1,taipei_udd_Image_2025,21,4
TPS_01760,25.054449,121.593224,1,taipei_udd_Image_2025,21,4
TPS_01761,25.055337,121.605946,1,taipei_udd_Image_2025,21,4
TPS_01762,25.124686,121.46904,1,taipei_udd_Image_2025,21,4
TPS_01763,25.124399,121.464893,1,taipei_udd_Image_2025,21,4
TPS_01764,25.123414,121.466938,1,taipei_udd_Image_2025,21,4
TPS_01765,25.123061,121.466912,1,taipei_udd_Image_2025,21,4
TPS_01766,25.127852,121.467641,1,taipei_udd_Image_2025,21,4
TPS_01767,25.126029,121.465525,1,taipei_udd_Image_2025,21,4
TPS_01768,25.127208,121.466683,1,taipei_udd_Image_2025,21,4
TPS_01769,25.12819,121.46837,1,taipei_udd_Image_2025,21,4
TPS_01770,25.066166,121.613684,1,taipei_udd_Image_2025,21,4
TPS_01771,25.055704,121.603808,1,taipei_udd_Image_2025,21,4
TPS_01772,25.056156,121.601693,1,taipei_udd_Image_2025,21,4
TPS_01773,25.058277,121.614148,1,taipei_udd_Image_2025,21,4
TPS_01774,25.055981,121.611975,1,taipei_udd_Image_2025,21,4
TPS_01775,25.056407,121.610145,1,taipei_udd_Image_2025,21,4
TPS_01776,25.057713,121.604314,1,taipei_udd_Image_2025,21,4
TPS_01777,25.055335,121.612454,1,taipei_udd_Image_2025,21,4
TPS_01778,25.059508,121.610634,1,taipei_udd_Image_2025,21,4
TPS_01779,25.055104,121.603021,1,taipei_udd_Image_2025,21,4
TPS_01780,25.055312,121.613189,1,taipei_udd_Image_2025,21,4
TPS_01781,25.106189,121.521562,1,taipei_udd_Image_2025,21,4
TPS_01782,25.10549,121.523078,1,taipei_udd_Image_2025,21,4
TPS_01783,25.108976,121.523368,1,taipei_udd_Image_2025,21,4
TPS_01784,25.110684,121.520816,1,taipei_udd_Image_2025,21,4
TPS_01785,25.061366,121.61534,1,taipei_udd_Image_2025,21,4
TPS_01786,25.060294,121.617266,1,taipei_udd_Image_2025,21,4
TPS_01787,25.046522,121.587805,1,taipei_udd_Image_2025,21,4
TPS_01788,25.046381,121.586972,1,taipei_udd_Image_2025,21,4
TPS_01789,25.055273,121.595943,1,taipei_udd_Image_2025,21,4
TPS_01790,25.058962,121.606576,1,taipei_udd_Image_2025,21,4
TPS_01791,25.054056,121.597605,1,taipei_udd_Image_2025,21,4
TPS_01792,25.062577,121.593498,1,taipei_udd_Image_2025,21,4
TPS_01793,25.066945,121.594358,1,taipei_udd_Image_2025,21,4
TPS_01794,25.062884,121.595741,1,taipei_udd_Image_2025,21,4
TPS_01795,25.062641,121.59492,1,taipei_udd_Image_2025,21,4
TPS_01796,25.056448,121.593741,1,taipei_udd_Image_2025,21,4
TPS_01797,25.053665,121.598895,1,taipei_udd_Image_2025,21,4
TPS_01798,25.053457,121.599692,1,taipei_udd_Image_2025,21,4
TPS_01799,25.053751,121.603313,1,taipei_udd_Image_2025,21,4
TPS_01800,25.05449,121.607501,1,taipei_udd_Image_2025,21,4
TPS_01801,25.055265,121.615263,1,taipei_udd_Image_2025,21,4
TPS_01802,25.054687,121.60861,1,taipei_udd_Image_2025,21,4
TPS_01803,25.053018,121.588381,1,taipei_udd_Image_2025,21,4
TPS_01804,25.05335,121.589798,1,taipei_udd_Image_2025,21,4
TPS_01805,25.054203,121.592299,1,taipei_udd_Image_2025,21,4
TPS_01806,25.055705,121.592927,1,taipei_udd_Image_2025,21,4
TPS_01807,25.05304,121.586844,1,taipei_udd_Image_2025,21,4
TPS_01808,25.052302,121.584333,1,taipei_udd_Image_2025,21,4
TPS_01809,25.052162,121.590642,1,taipei_udd_Image_2025,21,4
TPS_01810,25.062182,121.613228,1,taipei_udd_Image_2025,21,4
TPS_01811,25.060674,121.599198,1,taipei_udd_Image_2025,21,4
TPS_01812,25.062851,121.598896,1,taipei_udd_Image_2025,21,4
TPS_01813,25.061067,121.602732,1,taipei_udd_Image_2025,21,4
TPS_01814,25.063364,121.609531,1,taipei_udd_Image_2025,21,4
TPS_01815,25.062176,121.596459,1,taipei_udd_Image_2025,21,4
TPS_01816,25.120809,121.469306,1,taipei_udd_Image_2025,21,4
TPS_01817,25.121892,121.485895,1,taipei_udd_Image_2025,21,4
TPS_01818,25.120032,121.467036,1,taipei_udd_Image_2025,21,4
TPS_01819,25.059893,121.614273,1,taipei_udd_Image_2025,21,4
TPS_01820,25.05884,121.609167,1,taipei_udd_Image_2025,21,4
TPS_01821,25.043412,121.513221,1,taipei_udd_Image_2025,21,4
TPS_01822,25.045981,121.514196,1,taipei_udd_Image_2025,21,4
TPS_01823,25.045978,121.515024,1,taipei_udd_Image_2025,21,4
TPS_01824,25.045171,121.513243,1,taipei_udd_Image_2025,21,4
TPS_01825,25.04094,121.513964,1,taipei_udd_Image_2025,21,4
TPS_01826,25.054269,121.606206,1,taipei_udd_Image_2025,21,4
TPS_01827,25.043818,121.508958,1,taipei_udd_Image_2025,21,4
TPS_01828,25.045168,121.51141,1,taipei_udd_Image_2025,21,4
TPS_01829,25.045167,121.514166,1,taipei_udd_Image_2025,21,4
TPS_01830,25.045986,121.513249,1,taipei_udd_Image_2025,21,4
TPS_01831,25.044051,121.514126,1,taipei_udd_Image_2025,21,4
TPS_01832,25.045162,121.515025,1,taipei_udd_Image_2025,21,4
TPS_01833,25.044122,121.511537,1,taipei_udd_Image_2025,21,4
TPS_01834,25.044144,121.510184,1,taipei_udd_Image_2025,21,4
TPS_01835,25.045993,121.511318,1,taipei_udd_Image_2025,21,4
TPS_01836,25.057983,121.582801,1,taipei_udd_Image_2025,21,4
TPS_01837,25.055708,121.582219,1,taipei_udd_Image_2025,21,4
TPS_01838,25.060197,121.59064,1,taipei_udd_Image_2025,21,4
TPS_01839,25.056633,121.583721,1,taipei_udd_Image_2025,21,4
TPS_01840,25.056822,121.581652,1,taipei_udd_Image_2025,21,4
TPS_01841,25.057469,121.588148,1,taipei_udd_Image_2025,21,4
TPS_01842,25.057972,121.587147,1,taipei_udd_Image_2025,21,4
TPS_01843,25.057387,121.58552,1,taipei_udd_Image_2025,21,4
TPS_01844,25.05587,121.584959,1,taipei_udd_Image_2025,21,4
TPS_01845,25.056928,121.584452,1,taipei_udd_Image_2025,21,4
TPS_01846,25.050016,121.592513,1,taipei_udd_Image_2025,21,4
TPS_01847,25.038494,121.498427,1,taipei_udd_Image_2025,21,4
TPS_01848,25.069459,121.618668,1,taipei_udd_Image_2025,21,4
TPS_01849,25.047278,121.585913,1,taipei_udd_Image_2025,21,4
TPS_01850,25.045089,121.583851,1,taipei_udd_Image_2025,21,4
TPS_01851,25.046047,121.585818,1,taipei_udd_Image_2025,21,4
TPS_01852,25.078113,121.623026,1,taipei_udd_Image_2025,21,4
TPS_01853,25.071881,121.619278,1,taipei_udd_Image_2025,21,4
TPS_01854,25.070156,121.615991,1,taipei_udd_Image_2025,21,4
TPS_01855,25.061817,121.592799,1,taipei_udd_Image_2025,21,4
TPS_01856,25.079752,121.559645,1,taipei_udd_Image_2025,21,4
TPS_01857,25.055162,121.516539,1,taipei_udd_Image_2025,21,4
TPS_01858,25.046771,121.522087,1,taipei_udd_Image_2025,21,4
TPS_01859,25.048274,121.513379,1,taipei_udd_Image_2025,21,4
TPS_01860,25.129786,121.465981,1,taipei_udd_Image_2025,21,4
TPS_01861,25.131524,121.498475,1,taipei_udd_Image_2025,21,4
TPS_01862,25.132976,121.467227,1,taipei_udd_Image_2025,21,4
TPS_01863,25.129423,121.470962,1,taipei_udd_Image_2025,21,4
TPS_01864,25.130859,121.472725,1,taipei_udd_Image_2025,21,4
TPS_01865,25.132551,121.474874,1,taipei_udd_Image_2025,21,4
TPS_01866,25.128793,121.469812,1,taipei_udd_Image_2025,21,4
TPS_01867,25.134611,121.477413,1,taipei_udd_Image_2025,21,4
TPS_01868,25.072971,121.599482,1,taipei_udd_Image_2025,21,4
TPS_01869,25.073266,121.601462,1,taipei_udd_Image_2025,21,4
TPS_01870,25.110664,121.548801,1,taipei_udd_Image_2025,21,4
TPS_01871,25.11312,121.522014,1,taipei_udd_Image_2025,21,4
TPS_01872,25.11195,121.52154,1,taipei_udd_Image_2025,21,4
TPS_01873,25.114195,121.516054,1,taipei_udd_Image_2025,21,4
TPS_01874,25.11316,121.516766,1,taipei_udd_Image_2025,21,4
TPS_01875,25.1153,121.517652,1,taipei_udd_Image_2025,21,4
TPS_01876,25.118824,121.518855,1,taipei_udd_Image_2025,21,4
TPS_01877,25.118988,121.513241,1,taipei_udd_Image_2025,21,4
TPS_01878,25.114038,121.512218,1,taipei_udd_Image_2025,21,4
TPS_01879,25.116972,121.52617,1,taipei_udd_Image_2025,21,4
TPS_01880,25.128882,121.528224,1,taipei_udd_Image_2025,21,4
TPS_01881,25.143957,121.526736,1,taipei_udd_Image_2025,21,4
TPS_01882,25.130585,121.528045,1,taipei_udd_Image_2025,21,4
TPS_01883,25.044376,121.524877,1,taipei_udd_Image_2025,21,4
TPS_01884,25.085924,121.525164,1,taipei_udd_Image_2025,21,4
TPS_01885,25.082737,121.550328,1,taipei_udd_Image_2025,21,4
TPS_01886,25.082918,121.546355,1,taipei_udd_Image_2025,21,4
TPS_01887,25.084486,121.544367,1,taipei_udd_Image_2025,21,4
TPS_01888,25.080012,121.55113,1,taipei_udd_Image_2025,21,4
TPS_01889,25.080035,121.550272,1,taipei_udd_Image_2025,21,4
TPS_01890,25.080036,121.549322,1,taipei_udd_Image_2025,21,4
TPS_01891,25.080199,121.548602,1,taipei_udd_Image_2025,21,4
TPS_01892,25.07905,121.546257,1,taipei_udd_Image_2025,21,4
TPS_01893,25.077508,121.544558,1,taipei_udd_Image_2025,21,4
TPS_01894,25.078649,121.549648,1,taipei_udd_Image_2025,21,4
TPS_01895,25.078661,121.547692,1,taipei_udd_Image_2025,21,4
TPS_01896,25.078025,121.545758,1,taipei_udd_Image_2025,21,4
TPS_01897,25.130654,121.501154,1,taipei_udd_Image_2025,21,4
TPS_01898,25.099664,121.523384,1,taipei_udd_Image_2025,21,4
TPS_01899,25.098371,121.532383,1,taipei_udd_Image_2025,21,4
TPS_01900,25.099085,121.530357,1,taipei_udd_Image_2025,21,4
TPS_01901,25.09849,121.531228,1,taipei_udd_Image_2025,21,4
TPS_01902,25.082666,121.554404,1,taipei_udd_Image_2025,21,4
TPS_01903,25.083964,121.554407,1,taipei_udd_Image_2025,21,4
TPS_01904,25.082695,121.552308,1,taipei_udd_Image_2025,21,4
TPS_01905,25.083912,121.558561,1,taipei_udd_Image_2025,21,4
TPS_01906,25.081593,121.561162,1,taipei_udd_Image_2025,21,4
TPS_01907,25.082634,121.558537,1,taipei_udd_Image_2025,21,4
TPS_01908,25.043316,121.503559,1,taipei_udd_Image_2025,21,4
TPS_01909,25.042748,121.505941,1,taipei_udd_Image_2025,21,4
TPS_01910,25.04302,121.504824,1,taipei_udd_Image_2025,21,4
TPS_01911,24.999065,121.538086,1,taipei_udd_Image_2025,21,4
TPS_01912,24.996025,121.542826,1,taipei_udd_Image_2025,21,4
TPS_01913,24.980827,121.557193,1,taipei_udd_Image_2025,21,4
TPS_01914,24.981328,121.559128,1,taipei_udd_Image_2025,21,4
TPS_01915,25.000051,121.53537,1,taipei_udd_Image_2025,21,4
TPS_01916,24.985528,121.55381,1,taipei_udd_Image_2025,21,4
TPS_01917,24.982509,121.564224,1,taipei_udd_Image_2025,21,4
TPS_01918,24.983589,121.55705,1,taipei_udd_Image_2025,21,4
TPS_01919,25.059505,121.514766,1,taipei_udd_Image_2025,21,4
TPS_01920,25.060344,121.520661,1,taipei_udd_Image_2025,21,4
TPS_01921,25.059808,121.515898,1,taipei_udd_Image_2025,21,4
TPS_01922,25.059158,121.512839,1,taipei_udd_Image_2025,21,4
TPS_01923,25.058255,121.510546,1,taipei_udd_Image_2025,21,4
TPS_01924,25.058998,121.511455,1,taipei_udd_Image_2025,21,4
TPS_01925,25.064641,121.511104,1,taipei_udd_Image_2025,21,4
TPS_01926,25.112116,121.528965,1,taipei_udd_Image_2025,21,4
TPS_01927,25.11066,121.514698,1,taipei_udd_Image_2025,21,4
TPS_01928,25.092189,121.52536,1,taipei_udd_Image_2025,21,4
TPS_01929,25.040363,121.509089,1,taipei_udd_Image_2025,21,4
TPS_01930,25.107729,121.528458,1,taipei_udd_Image_2025,21,4
TPS_01931,25.045514,121.515027,1,taipei_udd_Image_2025,21,4
TPS_01932,25.091351,121.521537,1,taipei_udd_Image_2025,21,4
TPS_01933,24.990804,121.541214,1,taipei_udd_Image_2025,21,4
TPS_01934,24.991042,121.543442,1,taipei_udd_Image_2025,21,4
TPS_01935,24.981529,121.55997,1,taipei_udd_Image_2025,21,4
TPS_01936,24.983273,121.566713,1,taipei_udd_Image_2025,21,4
TPS_01937,25.129976,121.498515,1,taipei_udd_Image_2025,21,4
TPS_01938,24.988489,121.564622,1,taipei_udd_Image_2025,21,4
TPS_01939,24.988301,121.542168,1,taipei_udd_Image_2025,21,4
TPS_01940,24.988408,121.540865,1,taipei_udd_Image_2025,21,4
TPS_01941,25.079956,121.595024,1,taipei_udd_Image_2025,21,4
TPS_01942,25.04558,121.503175,1,taipei_udd_Image_2025,21,4
TPS_01943,25.036609,121.501465,1,taipei_udd_Image_2025,21,4
TPS_01944,25.045038,121.58644,1,taipei_udd_Image_2025,21,4
TPS_01945,25.045934,121.587905,1,taipei_udd_Image_2025,21,4
TPS_01946,25.045046,121.587491,1,taipei_udd_Image_2025,21,4
TPS_01947,25.044218,121.586748,1,taipei_udd_Image_2025,21,4
TPS_01948,25.039443,121.523675,1,taipei_udd_Image_2025,21,4
TPS_01949,25.040191,121.525779,1,taipei_udd_Image_2025,21,4
TPS_01950,25.039157,121.517162,1,taipei_udd_Image_2025,21,4
TPS_01951,25.138645,121.499244,1,taipei_udd_Image_2025,21,4
TPS_01952,25.139756,121.501013,1,taipei_udd_Image_2025,21,4
TPS_01953,25.141254,121.499463,1,taipei_udd_Image_2025,21,4
TPS_01954,25.132735,121.528496,1,taipei_udd_Image_2025,21,4
TPS_01955,25.121218,121.529257,1,taipei_udd_Image_2025,21,4
TPS_01956,25.122202,121.529375,1,taipei_udd_Image_2025,21,4
TPS_01957,25.138983,121.546438,1,taipei_udd_Image_2025,21,4
TPS_01958,25.119939,121.526445,1,taipei_udd_Image_2025,21,4
TPS_01959,25.123068,121.531325,1,taipei_udd_Image_2025,21,4
TPS_01960,25.136903,121.545998,1,taipei_udd_Image_2025,21,4
TPS_01961,25.114479,121.517462,1,taipei_udd_Image_2025,21,4
TPS_01962,25.114204,121.519824,1,taipei_udd_Image_2025,21,4
TPS_01963,25.113654,121.522144,1,taipei_udd_Image_2025,21,4
TPS_01964,25.126834,121.532297,1,taipei_udd_Image_2025,21,4
TPS_01965,25.120759,121.531219,1,taipei_udd_Image_2025,21,4
TPS_01966,25.122708,121.551674,1,taipei_udd_Image_2025,21,4
TPS_01967,25.125597,121.549796,1,taipei_udd_Image_2025,21,4
TPS_01968,25.110317,121.53758,1,taipei_udd_Image_2025,21,4
TPS_01969,25.119328,121.552977,1,taipei_udd_Image_2025,21,4
TPS_01970,25.120914,121.528052,1,taipei_udd_Image_2025,21,4
TPS_01971,25.110037,121.535899,1,taipei_udd_Image_2025,21,4
TPS_01972,25.109229,121.532699,1,taipei_udd_Image_2025,21,4
TPS_01973,25.149767,121.549606,1,taipei_udd_Image_2025,21,4
TPS_01974,25.032897,121.563267,1,taipei_udd_Image_2025,21,4
TPS_01975,25.097315,121.524023,1,taipei_udd_Image_2025,21,4
TPS_01976,25.109875,121.557119,1,taipei_udd_Image_2025,21,4
TPS_01977,25.09812,121.537843,1,taipei_udd_Image_2025,21,4
TPS_01978,25.094039,121.519435,1,taipei_udd_Image_2025,21,4
TPS_01979,25.096115,121.521194,1,taipei_udd_Image_2025,21,4
TPS_01980,25.104624,121.531156,1,taipei_udd_Image_2025,21,4
TPS_01981,25.098841,121.52964,1,taipei_udd_Image_2025,21,4
TPS_01982,25.100563,121.537339,1,taipei_udd_Image_2025,21,4
TPS_01983,25.094827,121.516698,1,taipei_udd_Image_2025,21,4
TPS_01984,25.095134,121.518434,1,taipei_udd_Image_2025,21,4
TPS_01985,25.100734,121.522601,1,taipei_udd_Image_2025,21,4
TPS_01986,25.105772,121.53126,1,taipei_udd_Image_2025,21,4
TPS_01987,25.120923,121.500177,1,taipei_udd_Image_2025,21,4
TPS_01988,25.12838,121.501202,1,taipei_udd_Image_2025,21,4
TPS_01989,25.107468,121.545518,1,taipei_udd_Image_2025,21,4
TPS_01990,25.029557,121.51422,1,taipei_udd_Image_2025,21,4
TPS_01991,25.036089,121.501387,1,taipei_udd_Image_2025,21,4
TPS_01992,25.03335,121.504192,1,taipei_udd_Image_2025,21,4
TPS_01993,25.076495,121.58665,1,taipei_udd_Image_2025,21,4
TPS_01994,25.077018,121.588128,1,taipei_udd_Image_2025,21,4
TPS_01995,25.069696,121.581115,1,taipei_udd_Image_2025,21,4
TPS_01996,25.068342,121.582666,1,taipei_udd_Image_2025,21,4
TPS_01997,25.0704,121.580358,1,taipei_udd_Image_2025,21,4
TPS_01998,25.082023,121.590325,1,taipei_udd_Image_2025,21,4
TPS_01999,25.070753,121.582286,1,taipei_udd_Image_2025,21,4
TPS_02000,25.079066,121.567112,1,taipei_udd_Image_2025,21,4
TPS_02001,25.079991,121.564779,1,taipei_udd_Image_2025,21,4
TPS_02002,25.074399,121.578054,1,taipei_udd_Image_2025,21,4
TPS_02003,25.077932,121.563506,1,taipei_udd_Image_2025,21,4
TPS_02004,25.084667,121.560209,1,taipei_udd_Image_2025,21,4
TPS_02005,25.079594,121.589631,1,taipei_udd_Image_2025,21,4
TPS_02006,25.077771,121.551534,1,taipei_udd_Image_2025,21,4
TPS_02007,25.078941,121.589588,1,taipei_udd_Image_2025,21,4
TPS_02008,25.079017,121.589031,1,taipei_udd_Image_2025,21,4
TPS_02009,25.058772,121.576308,1,taipei_udd_Image_2025,21,4
TPS_02010,25.065245,121.574053,1,taipei_udd_Image_2025,21,4
TPS_02011,25.061827,121.581764,1,taipei_udd_Image_2025,21,4
TPS_02012,25.049094,121.581471,1,taipei_udd_Image_2025,21,4
TPS_02013,25.049485,121.581641,1,taipei_udd_Image_2025,21,4
TPS_02014,25.053556,121.60884,1,taipei_udd_Image_2025,21,4
TPS_02015,25.042421,121.522657,1,taipei_udd_Image_2025,21,4
TPS_02016,25.043627,121.523,1,taipei_udd_Image_2025,21,4
TPS_02017,25.041016,121.522252,1,taipei_udd_Image_2025,21,4
TPS_02018,25.054087,121.612221,1,taipei_udd_Image_2025,21,4
TPS_02019,25.053627,121.602616,1,taipei_udd_Image_2025,21,4
TPS_02020,25.030622,121.490058,1,taipei_udd_Image_2025,21,4
TPS_02021,25.047195,121.504431,1,taipei_udd_Image_2025,21,4
TPS_02022,25.046473,121.50357,1,taipei_udd_Image_2025,21,4
TPS_02023,25.065163,121.59087,1,taipei_udd_Image_2025,21,4
TPS_02024,25.064653,121.591006,1,taipei_udd_Image_2025,21,4
TPS_02025,25.064253,121.590904,1,taipei_udd_Image_2025,21,4
TPS_02026,25.06201,121.589765,1,taipei_udd_Image_2025,21,4
TPS_02027,25.086385,121.56557,1,taipei_udd_Image_2025,21,4
TPS_02028,25.084701,121.580856,1,taipei_udd_Image_2025,21,4
TPS_02029,25.079808,121.582769,1,taipei_udd_Image_2025,21,4
TPS_02030,25.085276,121.591623,1,taipei_udd_Image_2025,21,4
TPS_02031,25.080805,121.565036,1,taipei_udd_Image_2025,21,4
TPS_02032,25.118866,121.514281,1,taipei_udd_Image_2025,21,4
TPS_02033,25.117637,121.522289,1,taipei_udd_Image_2025,21,4
TPS_02034,25.115511,121.520075,1,taipei_udd_Image_2025,21,4
TPS_02035,25.123817,121.525941,1,taipei_udd_Image_2025,21,4
TPS_02036,25.11952,121.522544,1,taipei_udd_Image_2025,21,4
TPS_02037,25.120849,121.522825,1,taipei_udd_Image_2025,21,4
TPS_02038,25.121981,121.523802,1,taipei_udd_Image_2025,21,4
TPS_02039,25.085706,121.572795,1,taipei_udd_Image_2025,21,4
TPS_02040,25.080915,121.57319,1,taipei_udd_Image_2025,21,4
TPS_02041,25.080458,121.574486,1,taipei_udd_Image_2025,21,4
TPS_02042,25.079932,121.575816,1,taipei_udd_Image_2025,21,4
TPS_02043,25.079418,121.593715,1,taipei_udd_Image_2025,21,4
TPS_02044,25.130933,121.503673,1,taipei_udd_Image_2025,21,4
TPS_02045,25.133178,121.501514,1,taipei_udd_Image_2025,21,4
TPS_02046,25.142009,121.490296,1,taipei_udd_Image_2025,21,4
TPS_02047,25.142421,121.490052,1,taipei_udd_Image_2025,21,4
TPS_02048,25.142673,121.489114,1,taipei_udd_Image_2025,21,4
TPS_02049,25.042815,121.520986,1,taipei_udd_Image_2025,21,4
TPS_02050,25.079244,121.553307,1,taipei_udd_Image_2025,21,4
TPS_02051,25.123887,121.503088,1,taipei_udd_Image_2025,21,4
TPS_02052,25.126481,121.507985,1,taipei_udd_Image_2025,21,4
TPS_02053,25.023299,121.528453,1,taipei_udd_Image_2025,21,4
TPS_02054,25.067442,121.592676,1,taipei_udd_Image_2025,21,4
TPS_02055,25.066531,121.595671,1,taipei_udd_Image_2025,21,4
TPS_02056,25.065432,121.592554,1,taipei_udd_Image_2025,21,4
TPS_02057,25.06887,121.592001,1,taipei_udd_Image_2025,21,4
TPS_02058,25.067612,121.589165,1,taipei_udd_Image_2025,21,4
TPS_02059,24.991634,121.543746,1,taipei_udd_Image_2025,21,4
TPS_02060,24.990587,121.543183,1,taipei_udd_Image_2025,21,4
TPS_02061,25.053414,121.5087,1,taipei_udd_Image_2025,21,4
TPS_02062,25.053255,121.51033,1,taipei_udd_Image_2025,21,4
TPS_02063,25.069406,121.598818,1,taipei_udd_Image_2025,21,4
TPS_02064,25.0688,121.598366,1,taipei_udd_Image_2025,21,4
TPS_02065,25.040137,121.538014,1,taipei_udd_Image_2025,21,4
TPS_02066,25.039828,121.521929,1,taipei_udd_Image_2025,21,4
TPS_02067,25.011537,121.54132,1,taipei_udd_Image_2025,21,4
TPS_02068,25.012837,121.543249,1,taipei_udd_Image_2025,21,4
TPS_02069,25.043381,121.516695,1,taipei_udd_Image_2025,21,4
TPS_02070,25.04338,121.515016,1,taipei_udd_Image_2025,21,4
TPS_02071,25.043405,121.514102,1,taipei_udd_Image_2025,21,4
TPS_02072,25.041295,121.516083,1,taipei_udd_Image_2025,21,4
TPS_02073,25.02746,121.505206,1,taipei_udd_Image_2025,21,4
TPS_02074,25.026764,121.503131,1,taipei_udd_Image_2025,21,4
TPS_02075,25.025227,121.503739,1,taipei_udd_Image_2025,21,4
TPS_02076,25.028707,121.505263,1,taipei_udd_Image_2025,21,4
TPS_02077,24.998137,121.536891,1,taipei_udd_Image_2025,21,4
TPS_02078,25.069834,121.611853,1,taipei_udd_Image_2025,21,4
TPS_02079,25.022775,121.495688,1,taipei_udd_Image_2025,21,4
TPS_02080,25.026339,121.499799,1,taipei_udd_Image_2025,21,4
TPS_02081,25.025141,121.496826,1,taipei_udd_Image_2025,21,4
TPS_02082,25.004939,121.568116,1,taipei_udd_Image_2025,21,4
TPS_02083,25.007897,121.537345,1,taipei_udd_Image_2025,21,4
TPS_02084,25.004446,121.535622,1,taipei_udd_Image_2025,21,4
TPS_02085,25.046558,121.589834,1,taipei_udd_Image_2025,21,4
TPS_02086,25.127199,121.49796,1,taipei_udd_Image_2025,21,4
TPS_02087,25.131107,121.504627,1,taipei_udd_Image_2025,21,4
TPS_02088,25.132636,121.503083,1,taipei_udd_Image_2025,21,4
TPS_02089,25.119408,121.51149,1,taipei_udd_Image_2025,21,4
TPS_02090,25.119757,121.511726,1,taipei_udd_Image_2025,21,4
TPS_02091,25.120954,121.506819,1,taipei_udd_Image_2025,21,4
TPS_02092,25.130953,121.498992,1,taipei_udd_Image_2025,21,4
TPS_02093,25.134783,121.499543,1,taipei_udd_Image_2025,21,4
TPS_02094,25.135262,121.498806,1,taipei_udd_Image_2025,21,4
TPS_02095,25.022056,121.502589,1,taipei_udd_Image_2025,21,4
TPS_02096,25.039576,121.515586,1,taipei_udd_Image_2025,21,4
TPS_02097,25.021292,121.502361,1,taipei_udd_Image_2025,21,4
TPS_02098,25.034619,121.50112,1,taipei_udd_Image_2025,21,4
TPS_02099,25.033603,121.507367,1,taipei_udd_Image_2025,21,4
TPS_02100,25.051746,121.513267,1,taipei_udd_Image_2025,21,4
TPS_02101,25.052036,121.510474,1,taipei_udd_Image_2025,21,4
TPS_02102,25.057188,121.51697,1,taipei_udd_Image_2025,21,4
TPS_02103,25.056655,121.517016,1,taipei_udd_Image_2025,21,4
TPS_02104,25.070662,121.619083,1,taipei_udd_Image_2025,21,4
TPS_02105,25.077159,121.612775,1,taipei_udd_Image_2025,21,4
TPS_02106,25.0809,121.593262,1,taipei_udd_Image_2025,21,4
TPS_02107,25.11888,121.523188,1,taipei_udd_Image_2025,21,4
TPS_02108,25.080199,121.595519,1,taipei_udd_Image_2025,21,4
TPS_02109,25.08068,121.59647,1,taipei_udd_Image_2025,21,4
TPS_02110,25.081403,121.597517,1,taipei_udd_Image_2025,21,4
TPS_02111,25.093724,121.524982,1,taipei_udd_Image_2025,21,4
TPS_02112,24.98061,121.55638,1,taipei_udd_Image_2025,21,4
TPS_02113,24.981714,121.56077,1,taipei_udd_Image_2025,21,4
TPS_02114,25.085779,121.590268,1,taipei_udd_Image_2025,21,4
TPS_02115,25.086153,121.592166,1,taipei_udd_Image_2025,21,4
TPS_02116,25.086245,121.589216,1,taipei_udd_Image_2025,21,4
TPS_02117,25.023579,121.502755,1,taipei_udd_Image_2025,21,4
TPS_02118,25.02282,121.502672,1,taipei_udd_Image_2025,21,4
TPS_02119,25.028424,121.503597,1,taipei_udd_Image_2025,21,4
TPS_02120,25.026563,121.502206,1,taipei_udd_Image_2025,21,4
TPS_02121,25.02563,121.504968,1,taipei_udd_Image_2025,21,4
TPS_02122,25.025487,121.502579,1,taipei_udd_Image_2025,21,4
TPS_02123,25.027994,121.505907,1,taipei_udd_Image_2025,21,4
TPS_02124,25.087935,121.587179,1,taipei_udd_Image_2025,21,4
TPS_02125,24.991246,121.541315,1,taipei_udd_Image_2025,21,4
TPS_02126,25.040385,121.531108,1,taipei_udd_Image_2025,21,4
TPS_02127,25.050612,121.518258,1,taipei_udd_Image_2025,21,4
TPS_02128,25.054786,121.534819,1,taipei_udd_Image_2025,21,4
TPS_02129,25.041353,121.580912,1,taipei_udd_Image_2025,21,4
TPS_02130,25.046877,121.582062,1,taipei_udd_Image_2025,21,4
TPS_02131,25.04176,121.581,1,taipei_udd_Image_2025,21,4
TPS_02132,25.096247,121.530263,1,taipei_udd_Image_2025,21,4
TPS_02133,25.095833,121.531252,1,taipei_udd_Image_2025,21,4
TPS_02134,25.14541,121.49294,1,taipei_udd_Image_2025,21,4
TPS_02135,24.993813,121.539156,1,taipei_udd_Image_2025,21,4
TPS_02136,25.104218,121.538223,1,taipei_udd_Image_2025,21,4
TPS_02137,25.134425,121.502381,1,taipei_udd_Image_2025,21,4
TPS_02138,24.994881,121.537283,1,taipei_udd_Image_2025,21,4
TPS_02139,25.002727,121.58404,1,taipei_udd_Image_2025,21,4
TPS_02140,25.020498,121.522796,1,taipei_udd_Image_2025,21,4
TPS_02141,25.023224,121.517421,1,taipei_udd_Image_2025,21,4
TPS_02142,25.025201,121.513147,1,taipei_udd_Image_2025,21,4
TPS_02143,25.022497,121.532471,1,taipei_udd_Image_2025,21,4
TPS_02144,25.032053,121.519758,1,taipei_udd_Image_2025,21,4
TPS_02145,25.04544,121.507788,1,taipei_udd_Image_2025,21,4
TPS_02146,25.045068,121.505414,1,taipei_udd_Image_2025,21,4
TPS_02147,25.021197,121.499909,1,taipei_udd_Image_2025,21,4
TPS_02148,25.021999,121.50165,1,taipei_udd_Image_2025,21,4
TPS_02149,25.023024,121.501515,1,taipei_udd_Image_2025,21,4
TPS_02150,25.023567,121.501601,1,taipei_udd_Image_2025,21,4
TPS_02151,25.038377,121.501773,1,taipei_udd_Image_2025,21,4
TPS_02152,25.040073,121.502,1,taipei_udd_Image_2025,21,4
TPS_02153,25.04506,121.560271,1,taipei_udd_Image_2025,21,4
TPS_02154,25.025904,121.510535,1,taipei_udd_Image_2025,21,4
TPS_02155,25.022845,121.508537,1,taipei_udd_Image_2025,21,4
TPS_02156,25.035386,121.491503,1,taipei_udd_Image_2025,21,4
TPS_02157,25.024213,121.524687,1,taipei_udd_Image_2025,21,4
TPS_02158,25.027059,121.510916,1,taipei_udd_Image_2025,21,4
TPS_02159,25.028956,121.50856,1,taipei_udd_Image_2025,21,4
TPS_02160,25.003759,121.535422,1,taipei_udd_Image_2025,21,4
TPS_02161,25.00439,121.535205,1,taipei_udd_Image_2025,21,4
TPS_02162,25.005979,121.536128,1,taipei_udd_Image_2025,21,4
TPS_02163,25.030476,121.565391,1,taipei_udd_Image_2025,21,4
TPS_02164,25.032281,121.500545,1,taipei_udd_Image_2025,21,4
TPS_02165,25.028669,121.504108,1,taipei_udd_Image_2025,21,4
TPS_02166,25.122362,121.469506,1,taipei_udd_Image_2025,21,4
TPS_02167,25.026123,121.557477,1,taipei_udd_Image_2025,21,4
TPS_02168,25.086309,121.57108,1,taipei_udd_Image_2025,21,4
TPS_02169,25.08136,121.58756,1,taipei_udd_Image_2025,21,4
TPS_02170,25.038992,121.501865,1,taipei_udd_Image_2025,21,4
TPS_02171,25.038508,121.503936,1,taipei_udd_Image_2025,21,4
TPS_02172,25.082373,121.59268,1,taipei_udd_Image_2025,21,4
TPS_02173,25.136895,121.504225,1,taipei_udd_Image_2025,21,4
TPS_02174,25.132287,121.49881,1,taipei_udd_Image_2025,21,4
TPS_02175,25.141857,121.51012,1,taipei_udd_Image_2025,21,4
TPS_02176,25.139277,121.501488,1,taipei_udd_Image_2025,21,4
TPS_02177,25.141074,121.489655,1,taipei_udd_Image_2025,21,4
TPS_02178,25.138212,121.485615,1,taipei_udd_Image_2025,21,4
TPS_02179,25.049538,121.536495,1,taipei_udd_Image_2025,21,4
TPS_02180,25.049547,121.536997,1,taipei_udd_Image_2025,21,4
TPS_02181,25.014515,121.534478,1,taipei_udd_Image_2025,21,4
TPS_02182,25.027702,121.492976,1,taipei_udd_Image_2025,21,4
TPS_02183,25.029408,121.499181,1,taipei_udd_Image_2025,21,4
TPS_02184,25.119373,121.469147,1,taipei_udd_Image_2025,21,4
TPS_02185,25.083924,121.578145,1,taipei_udd_Image_2025,21,4
TPS_02186,25.086401,121.566949,1,taipei_udd_Image_2025,21,4
TPS_02187,25.028082,121.553629,1,taipei_udd_Image_2025,21,4
TPS_02188,25.055453,121.511667,1,taipei_udd_Image_2025,21,4
TPS_02189,25.118997,121.521332,1,taipei_udd_Image_2025,21,4
TPS_02190,24.988527,121.543854,1,taipei_udd_Image_2025,21,4
TPS_02191,25.050697,121.50685,1,taipei_udd_Image_2025,21,4
TPS_02192,25.076843,121.573979,1,taipei_udd_Image_2025,21,4
TPS_02193,25.085,121.592658,1,taipei_udd_Image_2025,21,4
TPS_02194,25.073724,121.579162,1,taipei_udd_Image_2025,21,4
TPS_02195,25.029243,121.48829,1,taipei_udd_Image_2025,21,4
TPS_02196,25.032463,121.488502,1,taipei_udd_Image_2025,21,4
TPS_02197,24.995801,121.546965,1,taipei_udd_Image_2025,21,4
TPS_02198,25.074265,121.608509,1,taipei_udd_Image_2025,21,4
TPS_02199,25.051285,121.578824,1,taipei_udd_Image_2025,21,4
TPS_02200,25.03204,121.524082,1,taipei_udd_Image_2025,21,4
TPS_02201,25.037257,121.511,1,taipei_udd_Image_2025,21,4
TPS_02202,25.036044,121.515026,1,taipei_udd_Image_2025,21,4
TPS_02203,25.034357,121.514932,1,taipei_udd_Image_2025,21,4
TPS_02204,25.039209,121.58417,1,taipei_udd_Image_2025,21,4
TPS_02205,25.042622,121.581478,1,taipei_udd_Image_2025,21,4
TPS_02206,25.042419,121.581153,1,taipei_udd_Image_2025,21,4
TPS_02207,25.040795,121.582458,1,taipei_udd_Image_2025,21,4
TPS_02208,25.039982,121.58018,1,taipei_udd_Image_2025,21,4
TPS_02209,25.038409,121.539844,1,taipei_udd_Image_2025,21,4
TPS_02210,25.054372,121.516311,1,taipei_udd_Image_2025,21,4
TPS_02211,25.000531,121.552232,1,taipei_udd_Image_2025,21,4
TPS_02212,25.095181,121.525509,1,taipei_udd_Image_2025,21,4
TPS_02213,25.02418,121.524265,1,taipei_udd_Image_2025,21,4
TPS_02214,25.038929,121.511171,1,taipei_udd_Image_2025,21,4
TPS_02215,25.03914,121.508722,1,taipei_udd_Image_2025,21,4
TPS_02216,25.041216,121.511409,1,taipei_udd_Image_2025,21,4
TPS_02217,25.027506,121.518305,1,taipei_udd_Image_2025,21,4
TPS_02218,25.090395,121.522279,1,taipei_udd_Image_2025,21,4
TPS_02219,25.039934,121.512914,1,taipei_udd_Image_2025,21,4
TPS_02220,25.035286,121.509298,1,taipei_udd_Image_2025,21,4
TPS_02221,25.035556,121.508312,1,taipei_udd_Image_2025,21,4
TPS_02222,25.108013,121.518429,1,taipei_udd_Image_2025,21,4
TPS_02223,25.107432,121.517939,1,taipei_udd_Image_2025,21,4
TPS_02224,25.043075,121.511511,1,taipei_udd_Image_2025,21,4
TPS_02225,25.125333,121.527041,1,taipei_udd_Image_2025,21,4
TPS_02226,24.989502,121.542409,1,taipei_udd_Image_2025,21,4
TPS_02227,25.014393,121.53324,1,taipei_udd_Image_2025,21,4
TPS_02228,25.054012,121.613406,1,taipei_udd_Image_2025,21,4
TPS_02229,25.054217,121.613077,1,taipei_udd_Image_2025,21,4
TPS_02230,25.108595,121.532748,1,taipei_udd_Image_2025,21,4
TPS_02231,24.986846,121.563513,1,taipei_udd_Image_2025,21,4
TPS_02232,25.046716,121.586863,1,taipei_udd_Image_2025,21,4
TPS_02233,25.066285,121.587897,1,taipei_udd_Image_2025,21,4
TPS_02234,25.114158,121.550445,1,taipei_udd_Image_2025,21,4
TPS_02235,25.040528,121.502079,1,taipei_udd_Image_2025,21,4
TPS_02236,25.041695,121.502282,1,taipei_udd_Image_2025,21,4
TPS_02237,25.118427,121.527346,1,taipei_udd_Image_2025,21,4
TPS_02238,25.115106,121.514848,1,taipei_udd_Image_2025,21,4
TPS_02239,24.986179,121.553351,1,taipei_udd_Image_2025,21,4
TPS_02240,24.986614,121.553124,1,taipei_udd_Image_2025,21,4
TPS_02241,25.043381,121.523893,1,taipei_udd_Image_2025,21,4
TPS_02242,25.039003,121.510181,1,taipei_udd_Image_2025,21,4
TPS_02243,25.040193,121.510305,1,taipei_udd_Image_2025,21,4
TPS_02244,25.041343,121.510423,1,taipei_udd_Image_2025,21,4
TPS_02245,25.042325,121.514075,1,taipei_udd_Image_2025,21,4
TPS_02246,25.042321,121.51322,1,taipei_udd_Image_2025,21,4
TPS_02247,25.089067,121.511679,1,taipei_udd_Image_2025,21,4
TPS_02248,24.98397,121.568808,1,taipei_udd_Image_2025,21,4
TPS_02249,25.041045,121.51305,1,taipei_udd_Image_2025,21,4
TPS_02250,25.044064,121.513229,1,taipei_udd_Image_2025,21,4
TPS_02251,25.048664,121.594121,1,taipei_udd_Image_2025,21,4
TPS_02252,25.136543,121.496119,1,taipei_udd_Image_2025,21,4
TPS_02253,25.024752,121.520226,1,taipei_udd_Image_2025,21,4
TPS_02254,25.024382,121.511149,1,taipei_udd_Image_2025,21,4
TPS_02255,24.998421,121.535574,1,taipei_udd_Image_2025,21,4
TPS_02256,25.049925,121.574089,1,taipei_udd_Image_2025,21,4
TPS_02257,25.066229,121.527633,1,taipei_udd_Image_2025,21,4
TPS_02258,25.066971,121.527649,1,taipei_udd_Image_2025,21,4
TPS_02259,25.032283,121.537551,1,taipei_udd_Image_2025,21,4
TPS_02260,25.03228,121.538004,1,taipei_udd_Image_2025,21,4
TPS_02261,25.030665,121.537991,1,taipei_udd_Image_2025,21,4
TPS_02262,25.030665,121.53752,1,taipei_udd_Image_2025,21,4
TPS_02263,25.043429,121.566121,1,taipei_udd_Image_2025,21,4
TPS_02264,25.081028,121.510594,1,taipei_udd_Image_2025,21,4
TPS_02265,25.079125,121.511237,1,taipei_udd_Image_2025,21,4
TPS_02266,25.026622,121.512224,1,taipei_udd_Image_2025,21,4
TPS_02267,25.051714,121.608603,1,taipei_udd_Image_2025,21,4
TPS_02268,25.011745,121.544176,1,taipei_udd_Image_2025,21,4
TPS_02269,25.050337,121.562565,1,taipei_udd_Image_2025,21,4
TPS_02270,25.138256,121.502547,1,taipei_udd_Image_2025,21,4
TPS_02271,25.022655,121.533225,1,taipei_udd_Image_2025,21,4
TPS_02272,24.996718,121.53963,1,taipei_udd_Image_2025,21,4
TPS_02273,24.998838,121.535534,1,taipei_udd_Image_2025,21,4
TPS_02274,25.02885,121.537472,1,taipei_udd_Image_2025,21,4
TPS_02275,25.028429,121.542318,1,taipei_udd_Image_2025,21,4
TPS_02276,25.084406,121.596525,1,taipei_udd_Image_2025,21,4
TPS_02277,25.086317,121.525365,1,taipei_udd_Image_2025,21,4
TPS_02278,25.034104,121.518538,1,taipei_udd_Image_2025,21,4
TPS_02279,25.016683,121.529896,1,taipei_udd_Image_2025,21,4
TPS_02280,25.050285,121.515186,1,taipei_udd_Image_2025,21,4
TPS_02281,25.022282,121.495834,1,taipei_udd_Image_2025,21,4
TPS_02282,25.023016,121.497819,1,taipei_udd_Image_2025,21,4
TPS_02283,25.023226,121.522806,1,taipei_udd_Image_2025,21,4
TPS_02284,25.026607,121.510762,1,taipei_udd_Image_2025,21,4
TPS_02285,25.043696,121.536355,1,taipei_udd_Image_2025,21,4
TPS_02286,25.071417,121.604443,1,taipei_udd_Image_2025,21,4
TPS_02287,25.067099,121.617259,1,taipei_udd_Image_2025,21,4
TPS_02288,25.027958,121.490672,1,taipei_udd_Image_2025,21,4
TPS_02289,25.0297,121.621266,1,taipei_udd_Image_2025,21,4
TPS_02290,24.991949,121.543913,1,taipei_udd_Image_2025,21,4
TPS_02291,25.116432,121.537599,1,taipei_udd_Image_2025,21,4
TPS_02292,25.060559,121.558176,1,taipei_udd_Image_2025,21,4
TPS_02293,25.136263,121.480651,1,taipei_udd_Image_2025,21,4
TPS_02294,25.138323,121.486769,1,taipei_udd_Image_2025,21,4
TPS_02295,25.135305,121.478626,1,taipei_udd_Image_2025,21,4
TPS_02296,25.042363,121.507495,1,taipei_udd_Image_2025,21,4
TPS_02297,25.063616,121.603265,1,taipei_udd_Image_2025,21,4
TPS_02298,25.046574,121.588307,1,taipei_udd_Image_2025,21,4
TPS_02299,25.050311,121.519559,1,taipei_udd_Image_2025,21,4
TPS_02300,25.030036,121.516465,1,taipei_udd_Image_2025,21,4
TPS_02301,25.030707,121.517639,1,taipei_udd_Image_2025,21,4
TPS_02302,25.026759,121.507087,1,taipei_udd_Image_2025,21,4
TPS_02303,25.025837,121.50815,1,taipei_udd_Image_2025,21,4
TPS_02304,25.024992,121.509141,1,taipei_udd_Image_2025,21,4
TPS_02305,25.024649,121.510138,1,taipei_udd_Image_2025,21,4
TPS_02306,25.027653,121.507748,1,taipei_udd_Image_2025,21,4
TPS_02307,25.028072,121.508052,1,taipei_udd_Image_2025,21,4
TPS_02308,25.028513,121.508299,1,taipei_udd_Image_2025,21,4
TPS_02309,25.03132,121.51216,1,taipei_udd_Image_2025,21,4
TPS_02310,25.031709,121.513646,1,taipei_udd_Image_2025,21,4
TPS_02311,24.981066,121.558094,1,taipei_udd_Image_2025,21,4
TPS_02312,25.084519,121.560692,1,taipei_udd_Image_2025,21,4
TPS_02313,25.05064,121.54044,1,taipei_udd_Image_2025,21,4
TPS_02314,25.028529,121.541202,1,taipei_udd_Image_2025,21,4
TPS_02315,25.057046,121.5661,1,taipei_udd_Image_2025,21,4
TPS_02316,25.120609,121.506326,1,taipei_udd_Image_2025,21,4
TPS_02317,25.01794,121.524296,1,taipei_udd_Image_2025,21,4
TPS_02318,25.054445,121.548473,1,taipei_udd_Image_2025,21,4
TPS_02319,25.05763,121.54835,1,taipei_udd_Image_2025,21,4
TPS_02320,25.057787,121.549502,1,taipei_udd_Image_2025,21,4
TPS_02321,25.051389,121.514732,1,taipei_udd_Image_2025,21,4
TPS_02322,25.115186,121.52175,1,taipei_udd_Image_2025,21,4
TPS_02323,25.116771,121.516224,1,taipei_udd_Image_2025,21,4
TPS_02324,25.121178,121.505605,1,taipei_udd_Image_2025,21,4
TPS_02325,25.1207,121.508122,1,taipei_udd_Image_2025,21,4
TPS_02326,25.120314,121.508029,1,taipei_udd_Image_2025,21,4
TPS_02327,25.120165,121.502026,1,taipei_udd_Image_2025,21,4
TPS_02328,25.126911,121.498192,1,taipei_udd_Image_2025,21,4
TPS_02329,25.120053,121.522734,1,taipei_udd_Image_2025,21,4
TPS_02330,25.124698,121.526241,1,taipei_udd_Image_2025,21,4
TPS_02331,25.13691,121.495325,1,taipei_udd_Image_2025,21,4
TPS_02332,25.13783,121.493106,1,taipei_udd_Image_2025,21,4
TPS_02333,25.109436,121.4953,1,taipei_udd_Image_2025,21,4
TPS_02334,25.111941,121.492557,1,taipei_udd_Image_2025,21,4
TPS_02335,25.033609,121.491014,1,taipei_udd_Image_2025,21,4
TPS_02336,25.041592,121.503545,1,taipei_udd_Image_2025,21,4
TPS_02337,25.08454,121.566954,1,taipei_udd_Image_2025,21,4
TPS_02338,25.100586,121.509917,1,taipei_udd_Image_2025,21,4
TPS_02339,25.092179,121.520921,1,taipei_udd_Image_2025,21,4
TPS_02340,25.13323,121.498128,1,taipei_udd_Image_2025,21,4
TPS_02341,25.138434,121.489289,1,taipei_udd_Image_2025,21,4
TPS_02342,25.136445,121.504282,1,taipei_udd_Image_2025,21,4
TPS_02343,25.113146,121.550082,1,taipei_udd_Image_2025,21,4
TPS_02344,25.101108,121.522134,1,taipei_udd_Image_2025,21,4
TPS_02345,25.130243,121.499645,1,taipei_udd_Image_2025,21,4
TPS_02346,25.127722,121.500431,1,taipei_udd_Image_2025,21,4
TPS_02347,25.121927,121.502784,1,taipei_udd_Image_2025,21,4
TPS_02348,25.120892,121.50482,1,taipei_udd_Image_2025,21,4
TPS_02349,25.121311,121.50491,1,taipei_udd_Image_2025,21,4
TPS_02350,25.120149,121.508774,1,taipei_udd_Image_2025,21,4
TPS_02351,25.120528,121.508971,1,taipei_udd_Image_2025,21,4
TPS_02352,25.119011,121.512654,1,taipei_udd_Image_2025,21,4
TPS_02353,25.11779,121.51355,1,taipei_udd_Image_2025,21,4
TPS_02354,25.115367,121.515245,1,taipei_udd_Image_2025,21,4
TPS_02355,25.111993,121.516876,1,taipei_udd_Image_2025,21,4
TPS_02356,25.110455,121.518068,1,taipei_udd_Image_2025,21,4
TPS_02357,25.110702,121.51846,1,taipei_udd_Image_2025,21,4
TPS_02358,25.1123,121.517471,1,taipei_udd_Image_2025,21,4
TPS_02359,25.109351,121.519402,1,taipei_udd_Image_2025,21,4
TPS_02360,25.107787,121.519914,1,taipei_udd_Image_2025,21,4
TPS_02361,25.108006,121.520303,1,taipei_udd_Image_2025,21,4
TPS_02362,25.118572,121.524301,1,taipei_udd_Image_2025,21,4
TPS_02363,25.083463,121.592156,1,taipei_udd_Image_2025,21,4
TPS_02364,25.065277,121.568054,1,taipei_udd_Image_2025,21,4
TPS_02365,25.030301,121.489909,1,taipei_udd_Image_2025,21,4
TPS_02366,25.019893,121.504304,1,taipei_udd_Image_2025,21,4
TPS_02367,25.086409,121.569041,1,taipei_udd_Image_2025,21,4
TPS_02368,25.066704,121.513614,1,taipei_udd_Image_2025,21,4
TPS_02369,25.024416,121.502924,1,taipei_udd_Image_2025,21,4
TPS_02370,25.013736,121.535546,1,taipei_udd_Image_2025,21,4
TPS_02371,25.019449,121.551674,1,taipei_udd_Image_2025,21,4
TPS_02372,25.055932,121.516766,1,taipei_udd_Image_2025,21,4
TPS_02373,25.081348,121.591639,1,taipei_udd_Image_2025,21,4
TPS_02374,25.081108,121.591384,1,taipei_udd_Image_2025,21,4
TPS_02375,25.082512,121.592994,1,taipei_udd_Image_2025,21,4
TPS_02376,25.093413,121.530697,1,taipei_udd_Image_2025,21,4
TPS_02377,25.027972,121.502671,1,taipei_udd_Image_2025,21,4
TPS_02378,25.062135,121.614679,1,taipei_udd_Image_2025,21,4
TPS_02379,25.021636,121.541175,1,taipei_udd_Image_2025,21,4
TPS_02380,25.074426,121.609281,1,taipei_udd_Image_2025,21,4
TPS_02381,25.001981,121.59983,1,taipei_udd_Image_2025,21,4
TPS_02382,25.056918,121.5998,1,taipei_udd_Image_2025,21,4
TPS_02383,25.092364,121.525962,1,taipei_udd_Image_2025,21,4
TPS_02384,25.05451,121.546189,1,taipei_udd_Image_2025,21,4
TPS_02385,25.026865,121.549783,1,taipei_udd_Image_2025,21,4
TPS_02386,25.029355,121.546024,1,taipei_udd_Image_2025,21,4
TPS_02387,25.047183,121.562857,1,taipei_udd_Image_2025,21,4
TPS_02388,25.119242,121.521875,1,taipei_udd_Image_2025,21,4
TPS_02389,25.077494,121.544208,1,taipei_udd_Image_2025,21,4
TPS_02390,25.025804,121.568853,1,taipei_udd_Image_2025,21,4
TPS_02391,25.12212,121.531828,1,taipei_udd_Image_2025,21,4
TPS_02392,25.064042,121.603211,1,taipei_udd_Image_2025,21,4
TPS_02393,25.045717,121.50261,1,taipei_udd_Image_2025,21,4
TPS_02394,25.109513,121.547207,1,taipei_udd_Image_2025,21,4
TPS_02395,25.045762,121.559931,1,taipei_udd_Image_2025,21,4
TPS_02396,25.037103,121.515072,1,taipei_udd_Image_2025,21,4
TPS_02397,25.027513,121.495716,1,taipei_udd_Image_2025,21,4
TPS_02398,25.026031,121.503415,1,taipei_udd_Image_2025,21,4
TPS_02399,25.038162,121.502966,1,taipei_udd_Image_2025,21,4
TPS_02400,25.078118,121.57109,1,taipei_udd_Image_2025,21,4
TPS_02401,25.049502,121.594461,1,taipei_udd_Image_2025,21,4
TPS_02402,25.027702,121.537455,1,taipei_udd_Image_2025,21,4
TPS_02403,25.061655,121.527527,1,taipei_udd_Image_2025,21,4
TPS_02404,25.054872,121.529541,1,taipei_udd_Image_2025,21,4
TPS_02405,25.031111,121.511517,1,taipei_udd_Image_2025,21,4
TPS_02406,25.023778,121.539523,1,taipei_udd_Image_2025,21,4
TPS_02407,25.099239,121.532535,1,taipei_udd_Image_2025,21,4
TPS_02408,25.069508,121.615593,1,taipei_udd_Image_2025,21,4
TPS_02409,25.054087,121.59186,1,taipei_udd_Image_2025,21,4
TPS_02410,25.024539,121.548249,1,taipei_udd_Image_2025,21,4
TPS_02411,25.036544,121.50353,1,taipei_udd_Image_2025,21,4
TPS_02412,25.039145,121.563613,1,taipei_udd_Image_2025,21,4
TPS_02413,25.024658,121.49087,1,taipei_udd_Image_2025,21,4
TPS_02414,25.069778,121.574669,1,taipei_udd_Image_2025,21,4
TPS_02415,25.038014,121.503834,1,taipei_udd_Image_2025,21,4
TPS_02416,25.035895,121.563565,1,taipei_udd_Image_2025,21,4
TPS_02417,25.038786,121.512835,1,taipei_udd_Image_2025,21,4
TPS_02418,25.039107,121.565561,1,taipei_udd_Image_2025,21,4
TPS_02419,25.05141,121.61697,1,taipei_udd_Image_2025,21,4
TPS_02420,24.984902,121.575238,1,taipei_udd_Image_2025,21,4
TPS_02421,25.100418,121.503692,1,taipei_udd_Image_2025,21,4
TPS_02422,25.0422,121.50796,1,taipei_udd_Image_2025,21,4
TPS_02423,25.024962,121.534886,1,taipei_udd_Image_2025,21,4
TPS_02424,25.035332,121.499617,1,taipei_udd_Image_2025,21,4
TPS_02425,25.000158,121.583054,1,taipei_udd_Image_2025,21,4
TPS_02426,24.998753,121.580146,1,taipei_udd_Image_2025,21,4
TPS_02427,25.036446,121.505136,1,taipei_udd_Image_2025,21,4
TPS_02428,25.04448,121.502866,1,taipei_udd_Image_2025,21,4
TPS_02429,25.05311,121.575123,1,taipei_udd_Image_2025,21,4
TPS_02430,25.045429,121.517269,1,taipei_udd_Image_2025,21,4
TPS_02431,25.002847,121.583572,1,taipei_udd_Image_2025,21,4
TPS_02432,24.990768,121.570937,1,taipei_udd_Image_2025,21,4
TPS_02433,24.988639,121.564233,1,taipei_udd_Image_2025,21,4
TPS_02434,25.035877,121.565444,1,taipei_udd_Image_2025,21,4
TPS_02435,25.0391,121.567133,1,taipei_udd_Image_2025,21,4
TPS_02436,25.061525,121.550299,1,taipei_udd_Image_2025,21,4
TPS_02437,25.061595,121.551328,1,taipei_udd_Image_2025,21,4
TPS_02438,25.062547,121.544161,1,taipei_udd_Image_2025,21,4
TPS_02439,25.061844,121.544319,1,taipei_udd_Image_2025,21,4
TPS_02440,25.062225,121.544563,1,taipei_udd_Image_2025,21,4
TPS_02441,25.054386,121.569945,1,taipei_udd_Image_2025,21,4
TPS_02442,25.053758,121.556884,1,taipei_udd_Image_2025,21,4
TPS_02443,25.051811,121.549979,1,taipei_udd_Image_2025,21,4
TPS_02444,25.051578,121.544111,1,taipei_udd_Image_2025,21,4
TPS_02445,25.05173,121.552983,1,taipei_udd_Image_2025,21,4
TPS_02446,25.051607,121.552347,1,taipei_udd_Image_2025,21,4
TPS_02447,25.051415,121.552751,1,taipei_udd_Image_2025,21,4
TPS_02448,25.051924,121.552612,1,taipei_udd_Image_2025,21,4
TPS_02449,25.051534,121.55439,1,taipei_udd_Image_2025,21,4
TPS_02450,25.051669,121.556521,1,taipei_udd_Image_2025,21,4
TPS_02451,25.051806,121.557249,1,taipei_udd_Image_2025,21,4
TPS_02452,25.051491,121.557025,1,taipei_udd_Image_2025,21,4
TPS_02453,25.051602,121.558218,1,taipei_udd_Image_2025,21,4
TPS_02454,25.051218,121.55794,1,taipei_udd_Image_2025,21,4
TPS_02455,25.037527,121.563356,1,taipei_udd_Image_2025,21,4
TPS_02456,25.037265,121.563573,1,taipei_udd_Image_2025,21,4
TPS_02457,25.037789,121.563584,1,taipei_udd_Image_2025,21,4
TPS_02458,25.04372,121.565907,1,taipei_udd_Image_2025,21,4
TPS_02459,25.051323,121.56513,1,taipei_udd_Image_2025,21,4
TPS_02460,25.048145,121.565626,1,taipei_udd_Image_2025,21,4
TPS_02461,25.048061,121.565979,1,taipei_udd_Image_2025,21,4
TPS_02462,25.045885,121.566876,1,taipei_udd_Image_2025,21,4
TPS_02463,25.045369,121.567104,1,taipei_udd_Image_2025,21,4
TPS_02464,25.048946,121.56879,1,taipei_udd_Image_2025,21,4
TPS_02465,25.049647,121.569379,1,taipei_udd_Image_2025,21,4
TPS_02466,25.048922,121.569264,1,taipei_udd_Image_2025,21,4
TPS_02467,25.057213,121.56944,1,taipei_udd_Image_2025,21,4
TPS_02468,25.059127,121.569108,1,taipei_udd_Image_2025,21,4
TPS_02469,25.060053,121.568943,1,taipei_udd_Image_2025,21,4
TPS_02470,25.060331,121.568771,1,taipei_udd_Image_2025,21,4
TPS_02471,25.063797,121.56815,1,taipei_udd_Image_2025,21,4
TPS_02472,25.051363,121.56354,1,taipei_udd_Image_2025,21,4
TPS_02473,25.051445,121.559023,1,taipei_udd_Image_2025,21,4
TPS_02474,25.051582,121.559401,1,taipei_udd_Image_2025,21,4
TPS_02475,25.048402,121.557769,1,taipei_udd_Image_2025,21,4
TPS_02476,25.048161,121.557536,1,taipei_udd_Image_2025,21,4
TPS_02477,25.070099,121.573416,1,taipei_udd_Image_2025,21,4
TPS_02478,25.035843,121.56697,1,taipei_udd_Image_2025,21,4
TPS_02479,25.035531,121.548568,1,taipei_udd_Image_2025,21,4
TPS_02480,25.072538,121.544229,1,taipei_udd_Image_2025,21,4
TPS_02481,25.072202,121.543978,1,taipei_udd_Image_2025,21,4
TPS_02482,25.066593,121.567874,1,taipei_udd_Image_2025,21,4
TPS_02483,25.066173,121.567955,1,taipei_udd_Image_2025,21,4
TPS_02484,25.066386,121.567529,1,taipei_udd_Image_2025,21,4
TPS_02485,25.062413,121.559332,1,taipei_udd_Image_2025,21,4
TPS_02486,25.062227,121.558971,1,taipei_udd_Image_2025,21,4
TPS_02487,25.062538,121.560297,1,taipei_udd_Image_2025,21,4
TPS_02488,25.063359,121.56624,1,taipei_udd_Image_2025,21,4
TPS_02489,25.06351,121.565867,1,taipei_udd_Image_2025,21,4
TPS_02490,25.063142,121.565728,1,taipei_udd_Image_2025,21,4
TPS_02491,25.062984,121.566074,1,taipei_udd_Image_2025,21,4
TPS_02492,25.049643,121.57001,1,taipei_udd_Image_2025,21,4
TPS_02493,25.042353,121.532434,1,taipei_udd_Image_2025,21,4
TPS_02494,25.04234,121.533207,1,taipei_udd_Image_2025,21,4
TPS_02495,25.067381,121.533371,1,taipei_udd_Image_2025,21,4
TPS_02496,25.068294,121.53376,1,taipei_udd_Image_2025,21,4
TPS_02497,25.068495,121.533029,1,taipei_udd_Image_2025,21,4
TPS_02498,25.068206,121.53281,1,taipei_udd_Image_2025,21,4
TPS_02499,25.062755,121.533156,1,taipei_udd_Image_2025,21,4
TPS_02500,25.058,121.533502,1,taipei_udd_Image_2025,21,4
TPS_02501,25.0582,121.533078,1,taipei_udd_Image_2025,21,4
TPS_02502,25.057942,121.532785,1,taipei_udd_Image_2025,21,4
TPS_02503,25.057646,121.533219,1,taipei_udd_Image_2025,21,4
TPS_02504,25.05481,121.532731,1,taipei_udd_Image_2025,21,4
TPS_02505,25.039713,121.549102,1,taipei_udd_Image_2025,21,4
TPS_02506,25.039895,121.54941,1,taipei_udd_Image_2025,21,4
TPS_02507,25.041586,121.549342,1,taipei_udd_Image_2025,21,4
TPS_02508,25.041472,121.548374,1,taipei_udd_Image_2025,21,4
TPS_02509,25.048196,121.549475,1,taipei_udd_Image_2025,21,4
TPS_02510,25.024605,121.549164,1,taipei_udd_Image_2025,21,4
TPS_02511,25.017278,121.54923,1,taipei_udd_Image_2025,21,4
TPS_02512,25.016634,121.54878,1,taipei_udd_Image_2025,21,4
TPS_02513,25.014695,121.552722,1,taipei_udd_Image_2025,21,4
TPS_02514,25.015383,121.551096,1,taipei_udd_Image_2025,21,4
TPS_02515,25.015355,121.551622,1,taipei_udd_Image_2025,21,4
TPS_02516,25.020882,121.54339,1,taipei_udd_Image_2025,21,4
TPS_02517,25.021676,121.5433,1,taipei_udd_Image_2025,21,4
TPS_02518,25.022155,121.537412,1,taipei_udd_Image_2025,21,4
TPS_02519,25.06824,121.536748,1,taipei_udd_Image_2025,21,4
TPS_02520,25.068356,121.525547,1,taipei_udd_Image_2025,21,4
TPS_02521,25.068452,121.525906,1,taipei_udd_Image_2025,21,4
TPS_02522,25.071371,121.529933,1,taipei_udd_Image_2025,21,4
TPS_02523,25.068651,121.51342,1,taipei_udd_Image_2025,21,4
TPS_02524,25.068904,121.513634,1,taipei_udd_Image_2025,21,4
TPS_02525,25.068508,121.518095,1,taipei_udd_Image_2025,21,4
TPS_02526,25.06878,121.518344,1,taipei_udd_Image_2025,21,4
TPS_02527,25.068681,121.511166,1,taipei_udd_Image_2025,21,4
TPS_02528,25.068891,121.509118,1,taipei_udd_Image_2025,21,4
TPS_02529,25.043257,121.502563,1,taipei_udd_Image_2025,21,4
TPS_02530,25.043475,121.502915,1,taipei_udd_Image_2025,21,4
TPS_02531,25.045719,121.535736,1,taipei_udd_Image_2025,21,4
TPS_02532,25.046148,121.537086,1,taipei_udd_Image_2025,21,4
TPS_02533,25.04585,121.536913,1,taipei_udd_Image_2025,21,4
TPS_02534,25.046309,121.536418,1,taipei_udd_Image_2025,21,4
TPS_02535,25.04748,121.543556,1,taipei_udd_Image_2025,21,4
TPS_02536,25.047763,121.543869,1,taipei_udd_Image_2025,21,4
TPS_02537,25.047317,121.543998,1,taipei_udd_Image_2025,21,4
TPS_02538,25.047662,121.544263,1,taipei_udd_Image_2025,21,4
TPS_02539,25.048206,121.54838,1,taipei_udd_Image_2025,21,4
TPS_02540,25.048087,121.554875,1,taipei_udd_Image_2025,21,4
TPS_02541,25.048048,121.555231,1,taipei_udd_Image_2025,21,4
TPS_02542,25.048524,121.561217,1,taipei_udd_Image_2025,21,4
TPS_02543,25.04871,121.563023,1,taipei_udd_Image_2025,21,4
TPS_02544,25.048448,121.562813,1,taipei_udd_Image_2025,21,4
TPS_02545,25.048828,121.564259,1,taipei_udd_Image_2025,21,4
TPS_02546,25.060765,121.587448,1,taipei_udd_Image_2025,21,4
TPS_02547,25.053185,121.574763,1,taipei_udd_Image_2025,21,4
TPS_02548,25.043755,121.530359,1,taipei_udd_Image_2025,21,4
TPS_02549,25.0658,121.617839,1,taipei_udd_Image_2025,21,4
TPS_02550,25.044802,121.548435,1,taipei_udd_Image_2025,21,4
TPS_02551,25.044912,121.54934,1,taipei_udd_Image_2025,21,4
TPS_02552,25.04474,121.539595,1,taipei_udd_Image_2025,21,4
TPS_02553,25.0451,121.560691,1,taipei_udd_Image_2025,21,4
TPS_02554,25.045435,121.560081,1,taipei_udd_Image_2025,21,4
TPS_02555,25.070949,121.523458,1,taipei_udd_Image_2025,21,4
