id,lat,lon,n_nodes,source,zoom,grid,tile_x0,tile_y0,blank_tiles,status,path
TPS_00000,25.054528,121.576396,16,taipei_udd_Image_2025,21,4,1756808,897734,0,ok,taipei_z21/images/TPS_00000.jpg
TPS_00001,25.024346,121.552503,14,taipei_udd_Image_2025,21,4,1756669,897928,0,ok,taipei_z21/images/TPS_00001.jpg
TPS_00002,25.08044,121.56269,12,taipei_udd_Image_2025,21,4,1756728,897567,0,ok,taipei_z21/images/TPS_00002.jpg
TPS_00004,25.037558,121.561632,10,taipei_udd_Image_2025,21,4,1756722,897843,0,ok,taipei_z21/images/TPS_00004.jpg
TPS_00005,25.033277,121.548796,9,taipei_udd_Image_2025,21,4,1756647,897870,0,ok,taipei_z21/images/TPS_00005.jpg
TPS_00003,25.045626,121.532892,11,taipei_udd_Image_2025,21,4,1756554,897791,0,ok,taipei_z21/images/TPS_00003.jpg
TPS_00006,25.02815,121.548523,9,taipei_udd_Image_2025,21,4,1756645,897903,0,ok,taipei_z21/images/TPS_00006.jpg
TPS_00007,25.043301,121.529888,9,taipei_udd_Image_2025,21,4,1756537,897806,0,ok,taipei_z21/images/TPS_00007.jpg
TPS_00008,25.037827,121.549649,9,taipei_udd_Image_2025,21,4,1756652,897841,0,ok,taipei_z21/images/TPS_00008.jpg
TPS_00009,25.048845,121.565374,9,taipei_udd_Image_2025,21,4,1756744,897770,0,ok,taipei_z21/images/TPS_00009.jpg
TPS_00010,25.037968,121.543694,8,taipei_udd_Image_2025,21,4,1756617,897840,0,ok,taipei_z21/images/TPS_00010.jpg
TPS_00011,25.037142,121.548829,8,taipei_udd_Image_2025,21,4,1756647,897846,0,ok,taipei_z21/images/TPS_00011.jpg
TPS_00012,25.038583,121.548842,8,taipei_udd_Image_2025,21,4,1756647,897836,0,ok,taipei_z21/images/TPS_00012.jpg
TPS_00013,25.03781,121.551314,8,taipei_udd_Image_2025,21,4,1756662,897841,0,ok,taipei_z21/images/TPS_00013.jpg
TPS_00014,25.038149,121.532822,8,taipei_udd_Image_2025,21,4,1756554,897839,0,ok,taipei_z21/images/TPS_00014.jpg
TPS_00015,25.040151,121.53283,8,taipei_udd_Image_2025,21,4,1756554,897826,0,ok,taipei_z21/images/TPS_00015.jpg
TPS_00016,25.095771,121.527928,8,taipei_udd_Image_2025,21,4,1756525,897469,0,ok,taipei_z21/images/TPS_00016.jpg
TPS_00017,25.01115,121.537088,8,taipei_udd_Image_2025,21,4,1756579,898013,0,ok,taipei_z21/images/TPS_00017.jpg
TPS_00018,25.048127,121.553739,8,taipei_udd_Image_2025,21,4,1756676,897775,0,ok,taipei_z21/images/TPS_00018.jpg
TPS_00020,25.059581,121.586376,8,taipei_udd_Image_2025,21,4,1756866,897701,0,ok,taipei_z21/images/TPS_00020.jpg
TPS_00021,24.987653,121.575982,7,taipei_udd_Image_2025,21,4,1756805,898164,0,ok,taipei_z21/images/TPS_00021.jpg
TPS_00019,25.061639,121.563182,8,taipei_udd_Image_2025,21,4,1756731,897688,0,ok,taipei_z21/images/TPS_00019.jpg
TPS_00022,25.037924,121.548064,7,taipei_udd_Image_2025,21,4,1756643,897841,0,ok,taipei_z21/images/TPS_00022.jpg
TPS_00023,25.037688,121.557576,7,taipei_udd_Image_2025,21,4,1756698,897842,0,ok,taipei_z21/images/TPS_00023.jpg
TPS_00024,25.029959,121.548744,7,taipei_udd_Image_2025,21,4,1756647,897892,0,ok,taipei_z21/images/TPS_00024.jpg
TPS_00026,25.058192,121.563499,7,taipei_udd_Image_2025,21,4,1756733,897710,0,ok,taipei_z21/images/TPS_00026.jpg
TPS_00025,25.014142,121.552178,7,taipei_udd_Image_2025,21,4,1756667,897993,0,ok,taipei_z21/images/TPS_00025.jpg
TPS_00027,25.054337,121.567314,7,taipei_udd_Image_2025,21,4,1756755,897735,0,ok,taipei_z21/images/TPS_00027.jpg
TPS_00028,24.988532,121.561906,7,taipei_udd_Image_2025,21,4,1756723,898158,0,ok,taipei_z21/images/TPS_00028.jpg
TPS_00029,25.035119,121.503311,7,taipei_udd_Image_2025,21,4,1756382,897859,0,ok,taipei_z21/images/TPS_00029.jpg
TPS_00030,25.07281,121.535802,7,taipei_udd_Image_2025,21,4,1756571,897616,0,ok,taipei_z21/images/TPS_00030.jpg
TPS_00031,25.021195,121.548841,7,taipei_udd_Image_2025,21,4,1756647,897948,0,ok,taipei_z21/images/TPS_00031.jpg
TPS_00033,24.98288,121.565513,7,taipei_udd_Image_2025,21,4,1756744,898194,0,ok,taipei_z21/images/TPS_00033.jpg
TPS_00032,25.069273,121.57474,7,taipei_udd_Image_2025,21,4,1756798,897639,0,ok,taipei_z21/images/TPS_00032.jpg
TPS_00034,24.988563,121.568577,7,taipei_udd_Image_2025,21,4,1756762,898158,0,ok,taipei_z21/images/TPS_00034.jpg
TPS_00035,25.050075,121.548848,7,taipei_udd_Image_2025,21,4,1756647,897762,0,ok,taipei_z21/images/TPS_00035.jpg
TPS_00036,25.044506,121.519277,6,taipei_udd_Image_2025,21,4,1756475,897798,0,ok,taipei_z21/images/TPS_00036.jpg
TPS_00037,25.047149,121.520301,6,taipei_udd_Image_2025,21,4,1756481,897781,0,ok,taipei_z21/images/TPS_00037.jpg
TPS_00038,25.033206,121.552478,6,taipei_udd_Image_2025,21,4,1756669,897871,0,ok,taipei_z21/images/TPS_00038.jpg
TPS_00039,25.033382,121.543607,6,taipei_udd_Image_2025,21,4,1756617,897870,0,ok,taipei_z21/images/TPS_00039.jpg
TPS_00040,25.033096,121.557485,6,taipei_udd_Image_2025,21,4,1756698,897872,0,ok,taipei_z21/images/TPS_00040.jpg
TPS_00041,25.045113,121.557755,6,taipei_udd_Image_2025,21,4,1756699,897794,0,ok,taipei_z21/images/TPS_00041.jpg
TPS_00042,25.041746,121.537087,6,taipei_udd_Image_2025,21,4,1756579,897816,0,ok,taipei_z21/images/TPS_00042.jpg
TPS_00043,25.032991,121.561372,6,taipei_udd_Image_2025,21,4,1756720,897872,0,ok,taipei_z21/images/TPS_00043.jpg
TPS_00044,25.068446,121.522861,6,taipei_udd_Image_2025,21,4,1756496,897644,0,ok,taipei_z21/images/TPS_00044.jpg
TPS_00045,25.062636,121.527631,6,taipei_udd_Image_2025,21,4,1756524,897682,0,ok,taipei_z21/images/TPS_00045.jpg
TPS_00046,25.022778,121.548721,6,taipei_udd_Image_2025,21,4,1756647,897938,0,ok,taipei_z21/images/TPS_00046.jpg
TPS_00047,25.038249,121.528313,6,taipei_udd_Image_2025,21,4,1756528,897839,0,ok,taipei_z21/images/TPS_00047.jpg
TPS_00048,25.034083,121.527273,6,taipei_udd_Image_2025,21,4,1756522,897865,0,ok,taipei_z21/images/TPS_00048.jpg
TPS_00049,25.062769,121.522623,6,taipei_udd_Image_2025,21,4,1756495,897681,0,ok,taipei_z21/images/TPS_00049.jpg
TPS_00050,25.046043,121.530736,6,taipei_udd_Image_2025,21,4,1756542,897788,0,ok,taipei_z21/images/TPS_00050.jpg
TPS_00051,25.052251,121.522553,6,taipei_udd_Image_2025,21,4,1756494,897748,0,ok,taipei_z21/images/TPS_00051.jpg
TPS_00052,25.05721,121.581374,6,taipei_udd_Image_2025,21,4,1756837,897717,0,ok,taipei_z21/images/TPS_00052.jpg
TPS_00053,24.98247,121.567043,6,taipei_udd_Image_2025,21,4,1756753,898197,0,ok,taipei_z21/images/TPS_00053.jpg
TPS_00054,25.100433,121.550776,6,taipei_udd_Image_2025,21,4,1756659,897439,0,ok,taipei_z21/images/TPS_00054.jpg
TPS_00055,25.054805,121.533208,6,taipei_udd_Image_2025,21,4,1756556,897732,0,ok,taipei_z21/images/TPS_00055.jpg
TPS_00056,24.998851,121.543463,6,taipei_udd_Image_2025,21,4,1756616,898092,0,ok,taipei_z21/images/TPS_00056.jpg
TPS_00057,25.072281,121.551376,6,taipei_udd_Image_2025,21,4,1756662,897620,0,ok,taipei_z21/images/TPS_00057.jpg
TPS_00058,25.054001,121.560672,6,taipei_udd_Image_2025,21,4,1756716,897737,0,ok,taipei_z21/images/TPS_00058.jpg
TPS_00059,25.048235,121.558356,6,taipei_udd_Image_2025,21,4,1756703,897774,0,ok,taipei_z21/images/TPS_00059.jpg
TPS_00060,25.064918,121.536701,6,taipei_udd_Image_2025,21,4,1756577,897667,0,ok,taipei_z21/images/TPS_00060.jpg
TPS_00061,25.042595,121.548877,6,taipei_udd_Image_2025,21,4,1756648,897811,0,ok,taipei_z21/images/TPS_00061.jpg
TPS_00062,25.04356,121.54888,6,taipei_udd_Image_2025,21,4,1756648,897804,0,ok,taipei_z21/images/TPS_00062.jpg
TPS_00063,25.046144,121.548903,6,taipei_udd_Image_2025,21,4,1756648,897788,0,ok,taipei_z21/images/TPS_00063.jpg
TPS_00064,25.03096,121.548781,6,taipei_udd_Image_2025,21,4,1756647,897885,0,ok,taipei_z21/images/TPS_00064.jpg
TPS_00065,25.047095,121.541855,6,taipei_udd_Image_2025,21,4,1756607,897782,0,ok,taipei_z21/images/TPS_00065.jpg
TPS_00066,25.056623,121.560467,6,taipei_udd_Image_2025,21,4,1756715,897720,0,ok,taipei_z21/images/TPS_00066.jpg
TPS_00067,25.034906,121.516701,5,taipei_udd_Image_2025,21,4,1756460,897860,0,ok,taipei_z21/images/TPS_00067.jpg
TPS_00068,25.110499,121.511255,5,taipei_udd_Image_2025,21,4,1756428,897374,0,ok,taipei_z21/images/TPS_00068.jpg
TPS_00069,25.090261,121.527383,5,taipei_udd_Image_2025,21,4,1756522,897504,0,ok,taipei_z21/images/TPS_00069.jpg
TPS_00070,25.033934,121.504698,5,taipei_udd_Image_2025,21,4,1756390,897866,0,ok,taipei_z21/images/TPS_00070.jpg
TPS_00071,25.041301,121.557689,5,taipei_udd_Image_2025,21,4,1756699,897819,0,ok,taipei_z21/images/TPS_00071.jpg
TPS_00072,25.038015,121.538228,5,taipei_udd_Image_2025,21,4,1756585,897840,0,ok,taipei_z21/images/TPS_00072.jpg
TPS_00074,25.048199,121.552586,5,taipei_udd_Image_2025,21,4,1756669,897775,0,ok,taipei_z21/images/TPS_00074.jpg
TPS_00073,25.033041,121.559566,5,taipei_udd_Image_2025,21,4,1756710,897872,0,ok,taipei_z21/images/TPS_00073.jpg
TPS_00075,25.033699,121.532466,5,taipei_udd_Image_2025,21,4,1756552,897868,0,ok,taipei_z21/images/TPS_00075.jpg
TPS_00076,25.066566,121.53329,5,taipei_udd_Image_2025,21,4,1756557,897656,0,ok,taipei_z21/images/TPS_00076.jpg
TPS_00077,25.05607,121.544119,5,taipei_udd_Image_2025,21,4,1756620,897724,0,ok,taipei_z21/images/TPS_00077.jpg
TPS_00078,25.063013,121.513602,5,taipei_udd_Image_2025,21,4,1756442,897679,0,ok,taipei_z21/images/TPS_00078.jpg
TPS_00079,25.061928,121.554591,5,taipei_udd_Image_2025,21,4,1756681,897686,0,ok,taipei_z21/images/TPS_00079.jpg
TPS_00080,25.049845,121.571033,5,taipei_udd_Image_2025,21,4,1756777,897764,0,ok,taipei_z21/images/TPS_00080.jpg
TPS_00081,25.030613,121.533608,5,taipei_udd_Image_2025,21,4,1756559,897888,0,ok,taipei_z21/images/TPS_00081.jpg
TPS_00082,25.049435,121.513325,5,taipei_udd_Image_2025,21,4,1756440,897767,0,ok,taipei_z21/images/TPS_00082.jpg
TPS_00084,24.993045,121.541092,5,taipei_udd_Image_2025,21,4,1756602,898129,0,ok,taipei_z21/images/TPS_00084.jpg
TPS_00083,25.055829,121.579002,5,taipei_udd_Image_2025,21,4,1756823,897725,0,ok,taipei_z21/images/TPS_00083.jpg
TPS_00085,25.029182,121.491497,5,taipei_udd_Image_2025,21,4,1756313,897897,0,ok,taipei_z21/images/TPS_00085.jpg
TPS_00086,25.038171,121.517446,5,taipei_udd_Image_2025,21,4,1756464,897839,0,ok,taipei_z21/images/TPS_00086.jpg
TPS_00087,25.076139,121.571175,5,taipei_udd_Image_2025,21,4,1756777,897595,0,ok,taipei_z21/images/TPS_00087.jpg
TPS_00088,24.990634,121.56645,5,taipei_udd_Image_2025,21,4,1756750,898145,0,ok,taipei_z21/images/TPS_00088.jpg
TPS_00089,25.101773,121.521344,5,taipei_udd_Image_2025,21,4,1756487,897430,0,ok,taipei_z21/images/TPS_00089.jpg
TPS_00090,25.012988,121.563283,5,taipei_udd_Image_2025,21,4,1756731,898001,0,ok,taipei_z21/images/TPS_00090.jpg
TPS_00091,25.056112,121.540582,5,taipei_udd_Image_2025,21,4,1756599,897724,0,ok,taipei_z21/images/TPS_00091.jpg
TPS_00093,25.06207,121.547943,5,taipei_udd_Image_2025,21,4,1756642,897685,0,ok,taipei_z21/images/TPS_00093.jpg
TPS_00092,24.997261,121.562076,5,taipei_udd_Image_2025,21,4,1756724,898102,0,ok,taipei_z21/images/TPS_00092.jpg
TPS_00094,25.056183,121.536971,5,taipei_udd_Image_2025,21,4,1756578,897723,0,ok,taipei_z21/images/TPS_00094.jpg
TPS_00095,25.051385,121.566048,5,taipei_udd_Image_2025,21,4,1756748,897754,0,ok,taipei_z21/images/TPS_00095.jpg
TPS_00096,25.051295,121.568372,5,taipei_udd_Image_2025,21,4,1756761,897755,0,ok,taipei_z21/images/TPS_00096.jpg
TPS_00097,25.026845,121.548812,5,taipei_udd_Image_2025,21,4,1756647,897912,0,ok,taipei_z21/images/TPS_00097.jpg
TPS_00098,25.072435,121.542308,5,taipei_udd_Image_2025,21,4,1756609,897619,0,ok,taipei_z21/images/TPS_00098.jpg
TPS_00099,25.048219,121.547187,5,taipei_udd_Image_2025,21,4,1756638,897774,0,ok,taipei_z21/images/TPS_00099.jpg
TPS_00100,25.044597,121.542245,5,taipei_udd_Image_2025,21,4,1756609,897798,0,ok,taipei_z21/images/TPS_00100.jpg
TPS_00101,25.044859,121.543864,4,taipei_udd_Image_2025,21,4,1756618,897796,0,ok,taipei_z21/images/TPS_00101.jpg
TPS_00102,25.016305,121.532724,4,taipei_udd_Image_2025,21,4,1756553,897980,0,ok,taipei_z21/images/TPS_00102.jpg
TPS_00103,25.035277,121.5125,4,taipei_udd_Image_2025,21,4,1756436,897858,0,ok,taipei_z21/images/TPS_00103.jpg
TPS_00104,25.027245,121.51597,4,taipei_udd_Image_2025,21,4,1756456,897909,0,ok,taipei_z21/images/TPS_00104.jpg
TPS_00105,25.041623,121.543776,4,taipei_udd_Image_2025,21,4,1756618,897817,0,ok,taipei_z21/images/TPS_00105.jpg
TPS_00106,25.027071,121.522428,4,taipei_udd_Image_2025,21,4,1756493,897910,0,ok,taipei_z21/images/TPS_00106.jpg
TPS_00107,25.053164,121.616281,4,taipei_udd_Image_2025,21,4,1757040,897743,0,ok,taipei_z21/images/TPS_00107.jpg
TPS_00108,25.07943,121.576867,4,taipei_udd_Image_2025,21,4,1756811,897574,0,ok,taipei_z21/images/TPS_00108.jpg
TPS_00109,25.073344,121.605733,4,taipei_udd_Image_2025,21,4,1756979,897613,0,ok,taipei_z21/images/TPS_00109.jpg
TPS_00110,25.037307,121.506878,4,taipei_udd_Image_2025,21,4,1756403,897845,0,ok,taipei_z21/images/TPS_00110.jpg
TPS_00111,25.035675,121.510809,4,taipei_udd_Image_2025,21,4,1756426,897855,0,ok,taipei_z21/images/TPS_00111.jpg
TPS_00112,25.03128,121.507778,4,taipei_udd_Image_2025,21,4,1756408,897883,0,ok,taipei_z21/images/TPS_00112.jpg
TPS_00113,25.007963,121.538251,4,taipei_udd_Image_2025,21,4,1756586,898033,0,ok,taipei_z21/images/TPS_00113.jpg
TPS_00114,25.046339,121.523799,4,taipei_udd_Image_2025,21,4,1756501,897786,0,ok,taipei_z21/images/TPS_00114.jpg
TPS_00115,25.07972,121.544422,4,taipei_udd_Image_2025,21,4,1756622,897572,0,ok,taipei_z21/images/TPS_00115.jpg
TPS_00116,24.987139,121.578282,4,taipei_udd_Image_2025,21,4,1756819,898167,0,ok,taipei_z21/images/TPS_00116.jpg
TPS_00117,25.065758,121.61091,4,taipei_udd_Image_2025,21,4,1757009,897662,0,ok,taipei_z21/images/TPS_00117.jpg
TPS_00118,25.064992,121.610942,4,taipei_udd_Image_2025,21,4,1757009,897667,0,ok,taipei_z21/images/TPS_00118.jpg
TPS_00119,25.039241,121.507437,4,taipei_udd_Image_2025,21,4,1756406,897832,0,ok,taipei_z21/images/TPS_00119.jpg
TPS_00120,25.003462,121.562866,4,taipei_udd_Image_2025,21,4,1756729,898062,0,ok,taipei_z21/images/TPS_00120.jpg
TPS_00121,25.035021,121.514722,4,taipei_udd_Image_2025,21,4,1756449,897859,0,ok,taipei_z21/images/TPS_00121.jpg
TPS_00122,25.027561,121.514546,4,taipei_udd_Image_2025,21,4,1756448,897907,0,ok,taipei_z21/images/TPS_00122.jpg
TPS_00123,25.11444,121.527409,4,taipei_udd_Image_2025,21,4,1756522,897348,0,ok,taipei_z21/images/TPS_00123.jpg
TPS_00125,25.037926,121.546041,4,taipei_udd_Image_2025,21,4,1756631,897841,0,ok,taipei_z21/images/TPS_00125.jpg
TPS_00124,25.041896,121.518502,4,taipei_udd_Image_2025,21,4,1756471,897815,0,ok,taipei_z21/images/TPS_00124.jpg
TPS_00126,25.070837,121.574748,4,taipei_udd_Image_2025,21,4,1756798,897629,0,ok,taipei_z21/images/TPS_00126.jpg
TPS_00127,25.037729,121.555445,4,taipei_udd_Image_2025,21,4,1756686,897842,0,ok,taipei_z21/images/TPS_00127.jpg
TPS_00128,25.037779,121.552936,4,taipei_udd_Image_2025,21,4,1756671,897842,0,ok,taipei_z21/images/TPS_00128.jpg
TPS_00129,25.041154,121.564489,4,taipei_udd_Image_2025,21,4,1756738,897820,0,ok,taipei_z21/images/TPS_00129.jpg
TPS_00130,25.049843,121.552719,4,taipei_udd_Image_2025,21,4,1756670,897764,0,ok,taipei_z21/images/TPS_00130.jpg
TPS_00131,25.024886,121.543426,4,taipei_udd_Image_2025,21,4,1756616,897924,0,ok,taipei_z21/images/TPS_00131.jpg
TPS_00132,25.052088,121.527706,4,taipei_udd_Image_2025,21,4,1756524,897750,0,ok,taipei_z21/images/TPS_00132.jpg
TPS_00134,25.026046,121.534872,4,taipei_udd_Image_2025,21,4,1756566,897917,0,ok,taipei_z21/images/TPS_00134.jpg
TPS_00133,25.03283,121.568327,4,taipei_udd_Image_2025,21,4,1756761,897873,0,ok,taipei_z21/images/TPS_00133.jpg
TPS_00135,25.05777,121.544156,4,taipei_udd_Image_2025,21,4,1756620,897713,0,ok,taipei_z21/images/TPS_00135.jpg
TPS_00137,25.03883,121.576774,4,taipei_udd_Image_2025,21,4,1756810,897835,0,ok,taipei_z21/images/TPS_00137.jpg
TPS_00138,25.040826,121.577853,4,taipei_udd_Image_2025,21,4,1756816,897822,0,ok,taipei_z21/images/TPS_00138.jpg
TPS_00136,25.052032,121.533006,4,taipei_udd_Image_2025,21,4,1756555,897750,0,ok,taipei_z21/images/TPS_00136.jpg
TPS_00139,25.075206,121.520147,4,taipei_udd_Image_2025,21,4,1756480,897601,0,ok,taipei_z21/images/TPS_00139.jpg
TPS_00140,25.062893,121.518296,4,taipei_udd_Image_2025,21,4,1756469,897680,0,ok,taipei_z21/images/TPS_00140.jpg
TPS_00141,25.080251,121.522157,4,taipei_udd_Image_2025,21,4,1756492,897568,0,ok,taipei_z21/images/TPS_00141.jpg
TPS_00142,25.05125,121.570364,4,taipei_udd_Image_2025,21,4,1756773,897755,0,ok,taipei_z21/images/TPS_00142.jpg
TPS_00143,25.057864,121.522856,4,taipei_udd_Image_2025,21,4,1756496,897712,0,ok,taipei_z21/images/TPS_00143.jpg
TPS_00145,25.04565,121.570397,4,taipei_udd_Image_2025,21,4,1756773,897791,0,ok,taipei_z21/images/TPS_00145.jpg
TPS_00144,25.057319,121.518167,4,taipei_udd_Image_2025,21,4,1756469,897716,0,ok,taipei_z21/images/TPS_00144.jpg
TPS_00146,25.052118,121.52538,4,taipei_udd_Image_2025,21,4,1756511,897749,0,ok,taipei_z21/images/TPS_00146.jpg
TPS_00147,25.048213,121.521006,4,taipei_udd_Image_2025,21,4,1756485,897774,0,ok,taipei_z21/images/TPS_00147.jpg
TPS_00148,25.048013,121.577792,4,taipei_udd_Image_2025,21,4,1756816,897776,0,ok,taipei_z21/images/TPS_00148.jpg
TPS_00149,25.045362,121.580714,4,taipei_udd_Image_2025,21,4,1756833,897793,0,ok,taipei_z21/images/TPS_00149.jpg
TPS_00151,25.084119,121.523538,4,taipei_udd_Image_2025,21,4,1756500,897544,0,ok,taipei_z21/images/TPS_00151.jpg
TPS_00150,25.02681,121.525911,4,taipei_udd_Image_2025,21,4,1756514,897912,0,ok,taipei_z21/images/TPS_00150.jpg
TPS_00152,25.052641,121.52037,4,taipei_udd_Image_2025,21,4,1756481,897746,0,ok,taipei_z21/images/TPS_00152.jpg
TPS_00153,25.053258,121.517703,4,taipei_udd_Image_2025,21,4,1756466,897742,0,ok,taipei_z21/images/TPS_00153.jpg
TPS_00154,25.091036,121.516451,4,taipei_udd_Image_2025,21,4,1756459,897499,0,ok,taipei_z21/images/TPS_00154.jpg
TPS_00155,25.085595,121.505682,4,taipei_udd_Image_2025,21,4,1756396,897534,0,ok,taipei_z21/images/TPS_00155.jpg
TPS_00156,25.05411,121.514484,4,taipei_udd_Image_2025,21,4,1756447,897737,0,ok,taipei_z21/images/TPS_00156.jpg
TPS_00157,25.04877,121.51644,4,taipei_udd_Image_2025,21,4,1756459,897771,0,ok,taipei_z21/images/TPS_00157.jpg
TPS_00158,25.048941,121.506343,4,taipei_udd_Image_2025,21,4,1756400,897770,0,ok,taipei_z21/images/TPS_00158.jpg
TPS_00159,25.035416,121.494368,4,taipei_udd_Image_2025,21,4,1756330,897857,0,ok,taipei_z21/images/TPS_00159.jpg
TPS_00160,25.06857,121.510818,4,taipei_udd_Image_2025,21,4,1756426,897644,0,ok,taipei_z21/images/TPS_00160.jpg
TPS_00161,25.04516,121.509151,4,taipei_udd_Image_2025,21,4,1756416,897794,0,ok,taipei_z21/images/TPS_00161.jpg
TPS_00162,25.054383,121.594781,4,taipei_udd_Image_2025,21,4,1756915,897735,0,ok,taipei_z21/images/TPS_00162.jpg
TPS_00163,25.050778,121.595688,4,taipei_udd_Image_2025,21,4,1756920,897758,0,ok,taipei_z21/images/TPS_00163.jpg
TPS_00164,25.123094,121.46895,4,taipei_udd_Image_2025,21,4,1756182,897293,0,ok,taipei_z21/images/TPS_00164.jpg
TPS_00165,25.054459,121.616476,4,taipei_udd_Image_2025,21,4,1757041,897734,0,ok,taipei_z21/images/TPS_00165.jpg
TPS_00167,25.068965,121.590846,4,taipei_udd_Image_2025,21,4,1756892,897641,0,ok,taipei_z21/images/TPS_00167.jpg
TPS_00166,25.054843,121.618715,4,taipei_udd_Image_2025,21,4,1757054,897732,0,ok,taipei_z21/images/TPS_00166.jpg
TPS_00168,25.052834,121.583173,4,taipei_udd_Image_2025,21,4,1756847,897745,0,ok,taipei_z21/images/TPS_00168.jpg
TPS_00169,25.044253,121.508892,4,taipei_udd_Image_2025,21,4,1756415,897800,0,ok,taipei_z21/images/TPS_00169.jpg
TPS_00170,25.093783,121.52804,4,taipei_udd_Image_2025,21,4,1756526,897481,0,ok,taipei_z21/images/TPS_00170.jpg
TPS_00171,25.07995,121.556326,4,taipei_udd_Image_2025,21,4,1756691,897570,0,ok,taipei_z21/images/TPS_00171.jpg
TPS_00172,25.077158,121.556343,4,taipei_udd_Image_2025,21,4,1756691,897588,0,ok,taipei_z21/images/TPS_00172.jpg
TPS_00173,25.045223,121.521641,4,taipei_udd_Image_2025,21,4,1756489,897794,0,ok,taipei_z21/images/TPS_00173.jpg
TPS_00174,25.134588,121.496329,4,taipei_udd_Image_2025,21,4,1756341,897219,0,ok,taipei_z21/images/TPS_00174.jpg
TPS_00175,25.073513,121.602986,4,taipei_udd_Image_2025,21,4,1756963,897612,0,ok,taipei_z21/images/TPS_00175.jpg
TPS_00176,24.990142,121.539707,4,taipei_udd_Image_2025,21,4,1756594,898148,0,ok,taipei_z21/images/TPS_00176.jpg
TPS_00177,24.988727,121.56017,4,taipei_udd_Image_2025,21,4,1756713,898157,0,ok,taipei_z21/images/TPS_00177.jpg
TPS_00178,24.990636,121.576814,4,taipei_udd_Image_2025,21,4,1756810,898145,0,ok,taipei_z21/images/TPS_00178.jpg
TPS_00179,24.989743,121.564874,4,taipei_udd_Image_2025,21,4,1756741,898150,0,ok,taipei_z21/images/TPS_00179.jpg
TPS_00180,24.987247,121.548863,4,taipei_udd_Image_2025,21,4,1756647,898166,0,ok,taipei_z21/images/TPS_00180.jpg
TPS_00181,24.991651,121.573682,4,taipei_udd_Image_2025,21,4,1756792,898138,0,ok,taipei_z21/images/TPS_00181.jpg
TPS_00182,24.987484,121.550036,4,taipei_udd_Image_2025,21,4,1756654,898165,0,ok,taipei_z21/images/TPS_00182.jpg
TPS_00183,25.029427,121.500524,4,taipei_udd_Image_2025,21,4,1756366,897895,0,ok,taipei_z21/images/TPS_00183.jpg
TPS_00184,25.033162,121.497957,4,taipei_udd_Image_2025,21,4,1756351,897871,0,ok,taipei_z21/images/TPS_00184.jpg
TPS_00185,25.028718,121.495628,4,taipei_udd_Image_2025,21,4,1756337,897900,0,ok,taipei_z21/images/TPS_00185.jpg
TPS_00186,25.031097,121.496813,4,taipei_udd_Image_2025,21,4,1756344,897884,0,ok,taipei_z21/images/TPS_00186.jpg
TPS_00187,25.068847,121.612077,4,taipei_udd_Image_2025,21,4,1757016,897642,0,ok,taipei_z21/images/TPS_00187.jpg
TPS_00190,25.034959,121.515223,4,taipei_udd_Image_2025,21,4,1756451,897860,0,ok,taipei_z21/images/TPS_00190.jpg
TPS_00189,25.030505,121.509401,4,taipei_udd_Image_2025,21,4,1756418,897888,0,ok,taipei_z21/images/TPS_00189.jpg
TPS_00188,25.097795,121.527358,4,taipei_udd_Image_2025,21,4,1756522,897456,0,ok,taipei_z21/images/TPS_00188.jpg
TPS_00191,25.051478,121.595492,4,taipei_udd_Image_2025,21,4,1756919,897753,0,ok,taipei_z21/images/TPS_00191.jpg
TPS_00192,25.040516,121.507812,4,taipei_udd_Image_2025,21,4,1756408,897824,0,ok,taipei_z21/images/TPS_00192.jpg
TPS_00193,25.082906,121.54448,4,taipei_udd_Image_2025,21,4,1756622,897551,0,ok,taipei_z21/images/TPS_00193.jpg
TPS_00194,25.045285,121.615421,4,taipei_udd_Image_2025,21,4,1757035,897793,0,ok,taipei_z21/images/TPS_00194.jpg
TPS_00195,25.002019,121.56671,4,taipei_udd_Image_2025,21,4,1756751,898071,0,ok,taipei_z21/images/TPS_00195.jpg
TPS_00196,25.009863,121.537396,4,taipei_udd_Image_2025,21,4,1756581,898021,0,ok,taipei_z21/images/TPS_00196.jpg
TPS_00197,25.055962,121.513934,4,taipei_udd_Image_2025,21,4,1756444,897725,0,ok,taipei_z21/images/TPS_00197.jpg
TPS_00198,25.085794,121.525683,4,taipei_udd_Image_2025,21,4,1756512,897533,0,ok,taipei_z21/images/TPS_00198.jpg
TPS_00200,25.118043,121.53244,4,taipei_udd_Image_2025,21,4,1756552,897325,0,ok,taipei_z21/images/TPS_00200.jpg
TPS_00199,25.063114,121.564882,4,taipei_udd_Image_2025,21,4,1756741,897679,0,ok,taipei_z21/images/TPS_00199.jpg
TPS_00202,25.052011,121.605457,4,taipei_udd_Image_2025,21,4,1756977,897750,0,ok,taipei_z21/images/TPS_00202.jpg
TPS_00201,24.998977,121.591668,4,taipei_udd_Image_2025,21,4,1756897,898091,0,ok,taipei_z21/images/TPS_00201.jpg
TPS_00203,25.055734,121.54916,4,taipei_udd_Image_2025,21,4,1756649,897726,0,ok,taipei_z21/images/TPS_00203.jpg
TPS_00204,24.989313,121.573758,4,taipei_udd_Image_2025,21,4,1756792,898153,0,ok,taipei_z21/images/TPS_00204.jpg
TPS_00207,24.986129,121.556238,4,taipei_udd_Image_2025,21,4,1756690,898174,0,ok,taipei_z21/images/TPS_00207.jpg
TPS_00205,25.058179,121.554282,4,taipei_udd_Image_2025,21,4,1756679,897710,0,ok,taipei_z21/images/TPS_00205.jpg
TPS_00206,25.059025,121.56492,4,taipei_udd_Image_2025,21,4,1756741,897705,0,ok,taipei_z21/images/TPS_00206.jpg
TPS_00209,24.984499,121.561689,4,taipei_udd_Image_2025,21,4,1756722,898184,0,ok,taipei_z21/images/TPS_00209.jpg
TPS_00210,24.988385,121.565304,4,taipei_udd_Image_2025,21,4,1756743,898159,0,ok,taipei_z21/images/TPS_00210.jpg
TPS_00208,24.988111,121.573604,4,taipei_udd_Image_2025,21,4,1756792,898161,0,ok,taipei_z21/images/TPS_00208.jpg
TPS_00211,25.021367,121.496077,4,taipei_udd_Image_2025,21,4,1756340,897947,0,ok,taipei_z21/images/TPS_00211.jpg
TPS_00212,24.982643,121.562362,4,taipei_udd_Image_2025,21,4,1756726,898196,0,ok,taipei_z21/images/TPS_00212.jpg
TPS_00213,24.987773,121.570669,4,taipei_udd_Image_2025,21,4,1756774,898163,0,ok,taipei_z21/images/TPS_00213.jpg
TPS_00214,24.983178,121.56919,4,taipei_udd_Image_2025,21,4,1756766,898193,0,ok,taipei_z21/images/TPS_00214.jpg
TPS_00215,24.988678,121.570638,4,taipei_udd_Image_2025,21,4,1756774,898157,0,ok,taipei_z21/images/TPS_00215.jpg
TPS_00218,25.003145,121.547872,4,taipei_udd_Image_2025,21,4,1756642,898064,0,ok,taipei_z21/images/TPS_00218.jpg
TPS_00216,25.054173,121.563863,4,taipei_udd_Image_2025,21,4,1756735,897736,0,ok,taipei_z21/images/TPS_00216.jpg
TPS_00219,24.986769,121.562659,4,taipei_udd_Image_2025,21,4,1756728,898169,0,ok,taipei_z21/images/TPS_00219.jpg
TPS_00217,24.991698,121.571117,4,taipei_udd_Image_2025,21,4,1756777,898138,0,ok,taipei_z21/images/TPS_00217.jpg
TPS_00220,24.985619,121.567415,4,taipei_udd_Image_2025,21,4,1756756,898177,0,ok,taipei_z21/images/TPS_00220.jpg
TPS_00221,24.987768,121.56223,4,taipei_udd_Image_2025,21,4,1756725,898163,0,ok,taipei_z21/images/TPS_00221.jpg
TPS_00222,24.98476,121.566767,4,taipei_udd_Image_2025,21,4,1756752,898182,0,ok,taipei_z21/images/TPS_00222.jpg
TPS_00223,24.986858,121.568369,4,taipei_udd_Image_2025,21,4,1756761,898169,0,ok,taipei_z21/images/TPS_00223.jpg
TPS_00224,24.991473,121.568321,4,taipei_udd_Image_2025,21,4,1756761,898139,0,ok,taipei_z21/images/TPS_00224.jpg
TPS_00225,25.079098,121.573539,4,taipei_udd_Image_2025,21,4,1756791,897576,0,ok,taipei_z21/images/TPS_00225.jpg
TPS_00226,24.986623,121.560925,4,taipei_udd_Image_2025,21,4,1756718,898170,0,ok,taipei_z21/images/TPS_00226.jpg
TPS_00227,24.98767,121.560554,4,taipei_udd_Image_2025,21,4,1756716,898164,0,ok,taipei_z21/images/TPS_00227.jpg
TPS_00228,24.996126,121.544684,4,taipei_udd_Image_2025,21,4,1756623,898109,0,ok,taipei_z21/images/TPS_00228.jpg
TPS_00229,24.99512,121.544682,4,taipei_udd_Image_2025,21,4,1756623,898116,0,ok,taipei_z21/images/TPS_00229.jpg
TPS_00230,24.999336,121.547259,4,taipei_udd_Image_2025,21,4,1756638,898089,0,ok,taipei_z21/images/TPS_00230.jpg
TPS_00231,25.000818,121.54982,4,taipei_udd_Image_2025,21,4,1756653,898079,0,ok,taipei_z21/images/TPS_00231.jpg
TPS_00232,25.001543,121.552593,4,taipei_udd_Image_2025,21,4,1756669,898074,0,ok,taipei_z21/images/TPS_00232.jpg
TPS_00233,25.000844,121.554576,4,taipei_udd_Image_2025,21,4,1756681,898079,0,ok,taipei_z21/images/TPS_00233.jpg
TPS_00234,25.062071,121.546676,4,taipei_udd_Image_2025,21,4,1756635,897685,0,ok,taipei_z21/images/TPS_00234.jpg
TPS_00235,25.063341,121.547146,4,taipei_udd_Image_2025,21,4,1756637,897677,0,ok,taipei_z21/images/TPS_00235.jpg
TPS_00236,25.063357,121.542539,4,taipei_udd_Image_2025,21,4,1756611,897677,0,ok,taipei_z21/images/TPS_00236.jpg
TPS_00237,25.051985,121.563777,4,taipei_udd_Image_2025,21,4,1756734,897750,0,ok,taipei_z21/images/TPS_00237.jpg
TPS_00238,25.053767,121.557715,4,taipei_udd_Image_2025,21,4,1756699,897739,0,ok,taipei_z21/images/TPS_00238.jpg
TPS_00239,25.053477,121.555096,4,taipei_udd_Image_2025,21,4,1756684,897741,0,ok,taipei_z21/images/TPS_00239.jpg
TPS_00240,25.057731,121.54623,4,taipei_udd_Image_2025,21,4,1756632,897713,0,ok,taipei_z21/images/TPS_00240.jpg
TPS_00241,25.056067,121.542166,4,taipei_udd_Image_2025,21,4,1756608,897724,0,ok,taipei_z21/images/TPS_00241.jpg
TPS_00242,25.056154,121.539133,4,taipei_udd_Image_2025,21,4,1756591,897723,0,ok,taipei_z21/images/TPS_00242.jpg
TPS_00243,25.051631,121.555215,4,taipei_udd_Image_2025,21,4,1756684,897752,0,ok,taipei_z21/images/TPS_00243.jpg
TPS_00244,25.050071,121.565378,4,taipei_udd_Image_2025,21,4,1756744,897762,0,ok,taipei_z21/images/TPS_00244.jpg
TPS_00245,25.056253,121.55561,4,taipei_udd_Image_2025,21,4,1756687,897723,0,ok,taipei_z21/images/TPS_00245.jpg
TPS_00246,25.057829,121.550514,4,taipei_udd_Image_2025,21,4,1756657,897713,0,ok,taipei_z21/images/TPS_00246.jpg
TPS_00247,25.063371,121.544248,4,taipei_udd_Image_2025,21,4,1756621,897677,0,ok,taipei_z21/images/TPS_00247.jpg
TPS_00248,25.064305,121.544257,4,taipei_udd_Image_2025,21,4,1756621,897671,0,ok,taipei_z21/images/TPS_00248.jpg
TPS_00249,25.053629,121.533041,4,taipei_udd_Image_2025,21,4,1756555,897740,0,ok,taipei_z21/images/TPS_00249.jpg
TPS_00250,25.060357,121.533223,4,taipei_udd_Image_2025,21,4,1756556,897696,0,ok,taipei_z21/images/TPS_00250.jpg
TPS_00251,25.06368,121.537037,4,taipei_udd_Image_2025,21,4,1756579,897675,0,ok,taipei_z21/images/TPS_00251.jpg
TPS_00252,25.101228,121.503637,4,taipei_udd_Image_2025,21,4,1756384,897433,0,ok,taipei_z21/images/TPS_00252.jpg
TPS_00253,25.06807,121.538231,4,taipei_udd_Image_2025,21,4,1756586,897647,0,ok,taipei_z21/images/TPS_00253.jpg
TPS_00254,25.068651,121.512275,4,taipei_udd_Image_2025,21,4,1756434,897643,0,ok,taipei_z21/images/TPS_00254.jpg
TPS_00255,25.068597,121.515877,4,taipei_udd_Image_2025,21,4,1756455,897643,0,ok,taipei_z21/images/TPS_00255.jpg
TPS_00256,25.05625,121.552966,4,taipei_udd_Image_2025,21,4,1756671,897723,0,ok,taipei_z21/images/TPS_00256.jpg
TPS_00257,25.060172,121.551226,4,taipei_udd_Image_2025,21,4,1756661,897698,0,ok,taipei_z21/images/TPS_00257.jpg
TPS_00258,25.064331,121.565759,4,taipei_udd_Image_2025,21,4,1756746,897671,0,ok,taipei_z21/images/TPS_00258.jpg
TPS_00259,25.063997,121.581849,4,taipei_udd_Image_2025,21,4,1756840,897673,0,ok,taipei_z21/images/TPS_00259.jpg
TPS_00260,25.064191,121.580046,4,taipei_udd_Image_2025,21,4,1756829,897672,0,ok,taipei_z21/images/TPS_00260.jpg
TPS_00261,25.064287,121.540949,4,taipei_udd_Image_2025,21,4,1756601,897671,0,ok,taipei_z21/images/TPS_00261.jpg
TPS_00262,25.081427,121.565216,4,taipei_udd_Image_2025,21,4,1756743,897561,0,ok,taipei_z21/images/TPS_00262.jpg
TPS_00263,25.038557,121.515303,4,taipei_udd_Image_2025,21,4,1756452,897837,0,ok,taipei_z21/images/TPS_00263.jpg
TPS_00264,25.026794,121.521055,3,taipei_udd_Image_2025,21,4,1756485,897912,0,ok,taipei_z21/images/TPS_00264.jpg
TPS_00266,25.043809,121.616188,3,taipei_udd_Image_2025,21,4,1757040,897803,0,ok,taipei_z21/images/TPS_00266.jpg
TPS_00267,25.084126,121.595131,3,taipei_udd_Image_2025,21,4,1756917,897543,0,ok,taipei_z21/images/TPS_00267.jpg
TPS_00265,25.02983,121.520415,3,taipei_udd_Image_2025,21,4,1756482,897893,0,ok,taipei_z21/images/TPS_00265.jpg
TPS_00268,25.036818,121.508041,3,taipei_udd_Image_2025,21,4,1756410,897848,0,ok,taipei_z21/images/TPS_00268.jpg
TPS_00269,25.038308,121.525203,3,taipei_udd_Image_2025,21,4,1756510,897838,0,ok,taipei_z21/images/TPS_00269.jpg
TPS_00270,25.022672,121.534466,3,taipei_udd_Image_2025,21,4,1756564,897939,0,ok,taipei_z21/images/TPS_00270.jpg
TPS_00271,24.997176,121.540987,3,taipei_udd_Image_2025,21,4,1756602,898103,0,ok,taipei_z21/images/TPS_00271.jpg
TPS_00272,25.104041,121.524866,3,taipei_udd_Image_2025,21,4,1756508,897415,0,ok,taipei_z21/images/TPS_00272.jpg
TPS_00273,25.1025,121.525504,3,taipei_udd_Image_2025,21,4,1756511,897425,0,ok,taipei_z21/images/TPS_00273.jpg
TPS_00274,25.077319,121.550871,3,taipei_udd_Image_2025,21,4,1756659,897587,0,ok,taipei_z21/images/TPS_00274.jpg
TPS_00275,25.006084,121.558155,3,taipei_udd_Image_2025,21,4,1756702,898045,0,ok,taipei_z21/images/TPS_00275.jpg
TPS_00276,25.005578,121.566978,3,taipei_udd_Image_2025,21,4,1756753,898049,0,ok,taipei_z21/images/TPS_00276.jpg
TPS_00277,25.055145,121.616655,3,taipei_udd_Image_2025,21,4,1757042,897730,0,ok,taipei_z21/images/TPS_00277.jpg
TPS_00278,24.980045,121.554075,3,taipei_udd_Image_2025,21,4,1756678,898213,0,ok,taipei_z21/images/TPS_00278.jpg
TPS_00279,25.015029,121.532347,3,taipei_udd_Image_2025,21,4,1756551,897988,0,ok,taipei_z21/images/TPS_00279.jpg
TPS_00280,25.042,121.508459,3,taipei_udd_Image_2025,21,4,1756412,897814,0,ok,taipei_z21/images/TPS_00280.jpg
TPS_00281,25.013128,121.539507,3,taipei_udd_Image_2025,21,4,1756593,898000,0,ok,taipei_z21/images/TPS_00281.jpg
TPS_00282,25.001454,121.565634,3,taipei_udd_Image_2025,21,4,1756745,898075,0,ok,taipei_z21/images/TPS_00282.jpg
TPS_00283,25.005695,121.559961,3,taipei_udd_Image_2025,21,4,1756712,898048,0,ok,taipei_z21/images/TPS_00283.jpg
TPS_00284,25.138524,121.49126,3,taipei_udd_Image_2025,21,4,1756312,897194,0,ok,taipei_z21/images/TPS_00284.jpg
TPS_00285,25.125728,121.498534,3,taipei_udd_Image_2025,21,4,1756354,897276,0,ok,taipei_z21/images/TPS_00285.jpg
TPS_00286,25.033334,121.545975,3,taipei_udd_Image_2025,21,4,1756631,897870,0,ok,taipei_z21/images/TPS_00286.jpg
TPS_00287,25.038765,121.521608,3,taipei_udd_Image_2025,21,4,1756489,897835,0,ok,taipei_z21/images/TPS_00287.jpg
TPS_00288,25.049809,121.516803,3,taipei_udd_Image_2025,21,4,1756461,897764,0,ok,taipei_z21/images/TPS_00288.jpg
TPS_00289,25.066844,121.522433,3,taipei_udd_Image_2025,21,4,1756493,897655,0,ok,taipei_z21/images/TPS_00289.jpg
TPS_00290,25.118089,121.534658,3,taipei_udd_Image_2025,21,4,1756565,897325,0,ok,taipei_z21/images/TPS_00290.jpg
TPS_00291,25.11829,121.530117,3,taipei_udd_Image_2025,21,4,1756538,897324,0,ok,taipei_z21/images/TPS_00291.jpg
TPS_00292,25.072775,121.57317,3,taipei_udd_Image_2025,21,4,1756789,897616,0,ok,taipei_z21/images/TPS_00292.jpg
TPS_00293,25.074627,121.572337,3,taipei_udd_Image_2025,21,4,1756784,897605,0,ok,taipei_z21/images/TPS_00293.jpg
TPS_00294,25.033467,121.539477,3,taipei_udd_Image_2025,21,4,1756593,897869,0,ok,taipei_z21/images/TPS_00294.jpg
TPS_00295,25.041629,121.541534,3,taipei_udd_Image_2025,21,4,1756605,897817,0,ok,taipei_z21/images/TPS_00295.jpg
TPS_00296,25.033506,121.537588,3,taipei_udd_Image_2025,21,4,1756582,897869,0,ok,taipei_z21/images/TPS_00296.jpg
TPS_00297,25.033421,121.541898,3,taipei_udd_Image_2025,21,4,1756607,897870,0,ok,taipei_z21/images/TPS_00297.jpg
TPS_00298,25.033166,121.554291,3,taipei_udd_Image_2025,21,4,1756679,897871,0,ok,taipei_z21/images/TPS_00298.jpg
TPS_00299,25.029832,121.557605,3,taipei_udd_Image_2025,21,4,1756698,897893,0,ok,taipei_z21/images/TPS_00299.jpg
TPS_00300,25.044752,121.536908,3,taipei_udd_Image_2025,21,4,1756578,897797,0,ok,taipei_z21/images/TPS_00300.jpg
TPS_00301,25.072209,121.53153,3,taipei_udd_Image_2025,21,4,1756546,897620,0,ok,taipei_z21/images/TPS_00301.jpg
TPS_00302,25.035914,121.561281,3,taipei_udd_Image_2025,21,4,1756720,897854,0,ok,taipei_z21/images/TPS_00302.jpg
TPS_00303,25.033445,121.532917,3,taipei_udd_Image_2025,21,4,1756555,897869,0,ok,taipei_z21/images/TPS_00303.jpg
TPS_00304,25.036708,121.532789,3,taipei_udd_Image_2025,21,4,1756554,897848,0,ok,taipei_z21/images/TPS_00304.jpg
TPS_00305,25.033548,121.535875,3,taipei_udd_Image_2025,21,4,1756572,897869,0,ok,taipei_z21/images/TPS_00305.jpg
TPS_00306,25.048394,121.536528,3,taipei_udd_Image_2025,21,4,1756576,897773,0,ok,taipei_z21/images/TPS_00306.jpg
TPS_00307,25.050108,121.543976,3,taipei_udd_Image_2025,21,4,1756619,897762,0,ok,taipei_z21/images/TPS_00307.jpg
TPS_00308,25.041023,121.568558,3,taipei_udd_Image_2025,21,4,1756762,897821,0,ok,taipei_z21/images/TPS_00308.jpg
TPS_00309,25.024508,121.550314,3,taipei_udd_Image_2025,21,4,1756656,897927,0,ok,taipei_z21/images/TPS_00309.jpg
TPS_00310,24.999775,121.575642,3,taipei_udd_Image_2025,21,4,1756803,898086,0,ok,taipei_z21/images/TPS_00310.jpg
TPS_00311,25.067141,121.543289,3,taipei_udd_Image_2025,21,4,1756615,897653,0,ok,taipei_z21/images/TPS_00311.jpg
TPS_00312,25.033593,121.574567,3,taipei_udd_Image_2025,21,4,1756797,897868,0,ok,taipei_z21/images/TPS_00312.jpg
TPS_00313,25.019018,121.546495,3,taipei_udd_Image_2025,21,4,1756634,897962,0,ok,taipei_z21/images/TPS_00313.jpg
TPS_00314,25.017221,121.544343,3,taipei_udd_Image_2025,21,4,1756621,897974,0,ok,taipei_z21/images/TPS_00314.jpg
TPS_00315,25.033726,121.52998,3,taipei_udd_Image_2025,21,4,1756537,897868,0,ok,taipei_z21/images/TPS_00315.jpg
TPS_00316,25.038235,121.529393,3,taipei_udd_Image_2025,21,4,1756534,897839,0,ok,taipei_z21/images/TPS_00316.jpg
TPS_00317,25.076285,121.509482,3,taipei_udd_Image_2025,21,4,1756418,897594,0,ok,taipei_z21/images/TPS_00317.jpg
TPS_00318,25.07623,121.508844,3,taipei_udd_Image_2025,21,4,1756414,897594,0,ok,taipei_z21/images/TPS_00318.jpg
TPS_00319,25.060789,121.513538,3,taipei_udd_Image_2025,21,4,1756442,897694,0,ok,taipei_z21/images/TPS_00319.jpg
TPS_00320,25.062962,121.515967,3,taipei_udd_Image_2025,21,4,1756456,897680,0,ok,taipei_z21/images/TPS_00320.jpg
TPS_00321,25.064905,121.522257,3,taipei_udd_Image_2025,21,4,1756492,897667,0,ok,taipei_z21/images/TPS_00321.jpg
TPS_00322,25.065925,121.518379,3,taipei_udd_Image_2025,21,4,1756470,897661,0,ok,taipei_z21/images/TPS_00322.jpg
TPS_00323,25.05662,121.551908,3,taipei_udd_Image_2025,21,4,1756665,897720,0,ok,taipei_z21/images/TPS_00323.jpg
TPS_00324,25.060339,121.522964,3,taipei_udd_Image_2025,21,4,1756497,897696,0,ok,taipei_z21/images/TPS_00324.jpg
TPS_00325,25.048342,121.529753,3,taipei_udd_Image_2025,21,4,1756536,897774,0,ok,taipei_z21/images/TPS_00325.jpg
TPS_00327,25.007398,121.558701,3,taipei_udd_Image_2025,21,4,1756705,898037,0,ok,taipei_z21/images/TPS_00327.jpg
TPS_00326,25.006726,121.558602,3,taipei_udd_Image_2025,21,4,1756704,898041,0,ok,taipei_z21/images/TPS_00326.jpg
TPS_00328,25.044957,121.534651,3,taipei_udd_Image_2025,21,4,1756565,897795,0,ok,taipei_z21/images/TPS_00328.jpg
TPS_00329,25.049981,121.572274,3,taipei_udd_Image_2025,21,4,1756784,897763,0,ok,taipei_z21/images/TPS_00329.jpg
TPS_00330,25.047887,121.52061,3,taipei_udd_Image_2025,21,4,1756483,897777,0,ok,taipei_z21/images/TPS_00330.jpg
TPS_00331,25.04983,121.521621,3,taipei_udd_Image_2025,21,4,1756489,897764,0,ok,taipei_z21/images/TPS_00331.jpg
TPS_00332,25.045804,121.519753,3,taipei_udd_Image_2025,21,4,1756478,897790,0,ok,taipei_z21/images/TPS_00332.jpg
TPS_00333,25.036745,121.580511,3,taipei_udd_Image_2025,21,4,1756832,897848,0,ok,taipei_z21/images/TPS_00333.jpg
TPS_00334,25.048401,121.580096,3,taipei_udd_Image_2025,21,4,1756829,897773,0,ok,taipei_z21/images/TPS_00334.jpg
TPS_00335,25.045469,121.577818,3,taipei_udd_Image_2025,21,4,1756816,897792,0,ok,taipei_z21/images/TPS_00335.jpg
TPS_00336,25.04529,121.582686,3,taipei_udd_Image_2025,21,4,1756844,897793,0,ok,taipei_z21/images/TPS_00336.jpg
TPS_00337,25.05004,121.577763,3,taipei_udd_Image_2025,21,4,1756816,897763,0,ok,taipei_z21/images/TPS_00337.jpg
TPS_00338,25.001658,121.595007,3,taipei_udd_Image_2025,21,4,1756916,898074,0,ok,taipei_z21/images/TPS_00338.jpg
TPS_00339,25.002908,121.587466,3,taipei_udd_Image_2025,21,4,1756872,898066,0,ok,taipei_z21/images/TPS_00339.jpg
TPS_00340,25.001073,121.589223,3,taipei_udd_Image_2025,21,4,1756883,898077,0,ok,taipei_z21/images/TPS_00340.jpg
TPS_00341,25.003163,121.586569,3,taipei_udd_Image_2025,21,4,1756867,898064,0,ok,taipei_z21/images/TPS_00341.jpg
TPS_00342,25.031694,121.526832,3,taipei_udd_Image_2025,21,4,1756519,897881,0,ok,taipei_z21/images/TPS_00342.jpg
TPS_00343,25.084225,121.524734,3,taipei_udd_Image_2025,21,4,1756507,897543,0,ok,taipei_z21/images/TPS_00343.jpg
TPS_00344,25.054991,121.522706,3,taipei_udd_Image_2025,21,4,1756495,897731,0,ok,taipei_z21/images/TPS_00344.jpg
TPS_00345,25.057674,121.520722,3,taipei_udd_Image_2025,21,4,1756484,897714,0,ok,taipei_z21/images/TPS_00345.jpg
TPS_00346,25.083905,121.511946,3,taipei_udd_Image_2025,21,4,1756432,897545,0,ok,taipei_z21/images/TPS_00346.jpg
TPS_00347,25.047025,121.509677,3,taipei_udd_Image_2025,21,4,1756419,897782,0,ok,taipei_z21/images/TPS_00347.jpg
TPS_00348,25.09929,121.536521,3,taipei_udd_Image_2025,21,4,1756576,897446,0,ok,taipei_z21/images/TPS_00348.jpg
TPS_00349,25.028674,121.491863,3,taipei_udd_Image_2025,21,4,1756315,897900,0,ok,taipei_z21/images/TPS_00349.jpg
TPS_00350,25.035296,121.497577,3,taipei_udd_Image_2025,21,4,1756349,897857,0,ok,taipei_z21/images/TPS_00350.jpg
TPS_00351,25.044736,121.581262,3,taipei_udd_Image_2025,21,4,1756836,897797,0,ok,taipei_z21/images/TPS_00351.jpg
TPS_00352,25.043249,121.581217,3,taipei_udd_Image_2025,21,4,1756836,897806,0,ok,taipei_z21/images/TPS_00352.jpg
TPS_00353,25.064821,121.513692,3,taipei_udd_Image_2025,21,4,1756443,897668,0,ok,taipei_z21/images/TPS_00353.jpg
TPS_00354,25.065937,121.513695,3,taipei_udd_Image_2025,21,4,1756443,897660,0,ok,taipei_z21/images/TPS_00354.jpg
TPS_00355,25.005419,121.55727,3,taipei_udd_Image_2025,21,4,1756696,898050,0,ok,taipei_z21/images/TPS_00355.jpg
TPS_00356,25.004342,121.556794,3,taipei_udd_Image_2025,21,4,1756694,898056,0,ok,taipei_z21/images/TPS_00356.jpg
TPS_00357,24.992738,121.558805,3,taipei_udd_Image_2025,21,4,1756705,898131,0,ok,taipei_z21/images/TPS_00357.jpg
TPS_00358,24.999115,121.566947,3,taipei_udd_Image_2025,21,4,1756753,898090,0,ok,taipei_z21/images/TPS_00358.jpg
TPS_00359,25.000475,121.53968,3,taipei_udd_Image_2025,21,4,1756594,898081,0,ok,taipei_z21/images/TPS_00359.jpg
TPS_00360,25.000456,121.568778,3,taipei_udd_Image_2025,21,4,1756763,898081,0,ok,taipei_z21/images/TPS_00360.jpg
TPS_00362,25.035451,121.524353,3,taipei_udd_Image_2025,21,4,1756505,897856,0,ok,taipei_z21/images/TPS_00362.jpg
TPS_00363,24.988756,121.57761,3,taipei_udd_Image_2025,21,4,1756815,898157,0,ok,taipei_z21/images/TPS_00363.jpg
TPS_00361,25.02811,121.521623,3,taipei_udd_Image_2025,21,4,1756489,897904,0,ok,taipei_z21/images/TPS_00361.jpg
TPS_00364,25.0589,121.580308,3,taipei_udd_Image_2025,21,4,1756831,897706,0,ok,taipei_z21/images/TPS_00364.jpg
TPS_00365,25.081111,121.572248,3,taipei_udd_Image_2025,21,4,1756784,897563,0,ok,taipei_z21/images/TPS_00365.jpg
TPS_00366,24.985779,121.579839,3,taipei_udd_Image_2025,21,4,1756828,898176,0,ok,taipei_z21/images/TPS_00366.jpg
TPS_00367,25.055252,121.613943,3,taipei_udd_Image_2025,21,4,1757027,897729,0,ok,taipei_z21/images/TPS_00367.jpg
TPS_00369,25.04389,121.526813,3,taipei_udd_Image_2025,21,4,1756519,897802,0,ok,taipei_z21/images/TPS_00369.jpg
TPS_00368,25.077384,121.568766,3,taipei_udd_Image_2025,21,4,1756763,897587,0,ok,taipei_z21/images/TPS_00368.jpg
TPS_00370,25.121204,121.499425,3,taipei_udd_Image_2025,21,4,1756359,897305,0,ok,taipei_z21/images/TPS_00370.jpg
TPS_00371,25.077742,121.538964,3,taipei_udd_Image_2025,21,4,1756590,897585,0,ok,taipei_z21/images/TPS_00371.jpg
TPS_00372,24.992546,121.544136,3,taipei_udd_Image_2025,21,4,1756620,898132,0,ok,taipei_z21/images/TPS_00372.jpg
TPS_00373,25.038524,121.523416,3,taipei_udd_Image_2025,21,4,1756499,897837,0,ok,taipei_z21/images/TPS_00373.jpg
TPS_00374,25.036239,121.522744,3,taipei_udd_Image_2025,21,4,1756495,897851,0,ok,taipei_z21/images/TPS_00374.jpg
TPS_00375,24.994933,121.541323,3,taipei_udd_Image_2025,21,4,1756604,898117,0,ok,taipei_z21/images/TPS_00375.jpg
TPS_00376,25.028485,121.492447,3,taipei_udd_Image_2025,21,4,1756319,897901,0,ok,taipei_z21/images/TPS_00376.jpg
TPS_00377,25.039203,121.518348,3,taipei_udd_Image_2025,21,4,1756470,897832,0,ok,taipei_z21/images/TPS_00377.jpg
TPS_00378,25.14587,121.523034,3,taipei_udd_Image_2025,21,4,1756497,897146,0,ok,taipei_z21/images/TPS_00378.jpg
TPS_00379,24.995242,121.559725,3,taipei_udd_Image_2025,21,4,1756711,898115,0,ok,taipei_z21/images/TPS_00379.jpg
TPS_00380,25.085353,121.553994,3,taipei_udd_Image_2025,21,4,1756677,897536,0,ok,taipei_z21/images/TPS_00380.jpg
TPS_00382,25.010942,121.53632,3,taipei_udd_Image_2025,21,4,1756574,898014,0,ok,taipei_z21/images/TPS_00382.jpg
TPS_00381,25.063563,121.590651,3,taipei_udd_Image_2025,21,4,1756891,897676,0,ok,taipei_z21/images/TPS_00381.jpg
TPS_00383,25.004367,121.538743,3,taipei_udd_Image_2025,21,4,1756588,898056,0,ok,taipei_z21/images/TPS_00383.jpg
TPS_00385,25.024168,121.512445,3,taipei_udd_Image_2025,21,4,1756435,897929,0,ok,taipei_z21/images/TPS_00385.jpg
TPS_00384,24.996793,121.559966,3,taipei_udd_Image_2025,21,4,1756712,898105,0,ok,taipei_z21/images/TPS_00384.jpg
TPS_00386,25.016637,121.495634,3,taipei_udd_Image_2025,21,4,1756337,897977,0,ok,taipei_z21/images/TPS_00386.jpg
TPS_00387,24.991718,121.569797,3,taipei_udd_Image_2025,21,4,1756769,898138,0,ok,taipei_z21/images/TPS_00387.jpg
TPS_00388,25.029237,121.524142,3,taipei_udd_Image_2025,21,4,1756503,897896,0,ok,taipei_z21/images/TPS_00388.jpg
TPS_00389,25.001297,121.59631,3,taipei_udd_Image_2025,21,4,1756924,898076,0,ok,taipei_z21/images/TPS_00389.jpg
TPS_00390,25.046017,121.509349,3,taipei_udd_Image_2025,21,4,1756417,897789,0,ok,taipei_z21/images/TPS_00390.jpg
TPS_00391,25.068561,121.595322,3,taipei_udd_Image_2025,21,4,1756918,897644,0,ok,taipei_z21/images/TPS_00391.jpg
TPS_00393,25.05434,121.615251,3,taipei_udd_Image_2025,21,4,1757034,897735,0,ok,taipei_z21/images/TPS_00393.jpg
TPS_00394,25.03707,121.52106,3,taipei_udd_Image_2025,21,4,1756485,897846,0,ok,taipei_z21/images/TPS_00394.jpg
TPS_00392,25.03792,121.539829,3,taipei_udd_Image_2025,21,4,1756595,897841,0,ok,taipei_z21/images/TPS_00392.jpg
TPS_00395,24.998915,121.594274,3,taipei_udd_Image_2025,21,4,1756912,898091,0,ok,taipei_z21/images/TPS_00395.jpg
TPS_00397,25.002421,121.568635,3,taipei_udd_Image_2025,21,4,1756763,898069,0,ok,taipei_z21/images/TPS_00397.jpg
TPS_00396,24.988764,121.558962,3,taipei_udd_Image_2025,21,4,1756706,898157,0,ok,taipei_z21/images/TPS_00396.jpg
TPS_00398,25.002232,121.570518,3,taipei_udd_Image_2025,21,4,1756774,898070,0,ok,taipei_z21/images/TPS_00398.jpg
TPS_00399,25.002347,121.571847,3,taipei_udd_Image_2025,21,4,1756781,898069,0,ok,taipei_z21/images/TPS_00399.jpg
TPS_00401,25.055345,121.514092,3,taipei_udd_Image_2025,21,4,1756445,897729,0,ok,taipei_z21/images/TPS_00401.jpg
TPS_00400,25.038896,121.495985,3,taipei_udd_Image_2025,21,4,1756339,897834,0,ok,taipei_z21/images/TPS_00400.jpg
TPS_00402,25.101574,121.512292,3,taipei_udd_Image_2025,21,4,1756434,897431,0,ok,taipei_z21/images/TPS_00402.jpg
TPS_00403,25.03939,121.557589,3,taipei_udd_Image_2025,21,4,1756698,897831,0,ok,taipei_z21/images/TPS_00403.jpg
TPS_00405,25.024212,121.508323,3,taipei_udd_Image_2025,21,4,1756411,897929,0,ok,taipei_z21/images/TPS_00405.jpg
TPS_00404,25.041054,121.566131,3,taipei_udd_Image_2025,21,4,1756748,897820,0,ok,taipei_z21/images/TPS_00404.jpg
TPS_00406,25.000671,121.573126,3,taipei_udd_Image_2025,21,4,1756789,898080,0,ok,taipei_z21/images/TPS_00406.jpg
TPS_00407,24.998657,121.574952,3,taipei_udd_Image_2025,21,4,1756799,898093,0,ok,taipei_z21/images/TPS_00407.jpg
TPS_00408,25.101393,121.508128,3,taipei_udd_Image_2025,21,4,1756410,897432,0,ok,taipei_z21/images/TPS_00408.jpg
TPS_00409,25.076517,121.527119,3,taipei_udd_Image_2025,21,4,1756521,897592,0,ok,taipei_z21/images/TPS_00409.jpg
TPS_00410,25.076874,121.525173,3,taipei_udd_Image_2025,21,4,1756509,897590,0,ok,taipei_z21/images/TPS_00410.jpg
TPS_00411,24.986596,121.570638,3,taipei_udd_Image_2025,21,4,1756774,898171,0,ok,taipei_z21/images/TPS_00411.jpg
TPS_00412,25.002088,121.593951,3,taipei_udd_Image_2025,21,4,1756910,898071,0,ok,taipei_z21/images/TPS_00412.jpg
TPS_00413,25.07797,121.613635,3,taipei_udd_Image_2025,21,4,1757025,897583,0,ok,taipei_z21/images/TPS_00413.jpg
TPS_00414,24.998846,121.569066,3,taipei_udd_Image_2025,21,4,1756765,898092,0,ok,taipei_z21/images/TPS_00414.jpg
TPS_00415,25.000223,121.576861,3,taipei_udd_Image_2025,21,4,1756811,898083,0,ok,taipei_z21/images/TPS_00415.jpg
TPS_00416,24.98216,121.562517,3,taipei_udd_Image_2025,21,4,1756727,898199,0,ok,taipei_z21/images/TPS_00416.jpg
TPS_00417,24.986996,121.564683,3,taipei_udd_Image_2025,21,4,1756740,898168,0,ok,taipei_z21/images/TPS_00417.jpg
TPS_00419,24.985551,121.561269,3,taipei_udd_Image_2025,21,4,1756720,898177,0,ok,taipei_z21/images/TPS_00419.jpg
TPS_00418,24.998173,121.553109,3,taipei_udd_Image_2025,21,4,1756672,898096,0,ok,taipei_z21/images/TPS_00418.jpg
TPS_00420,25.072203,121.580739,3,taipei_udd_Image_2025,21,4,1756833,897620,0,ok,taipei_z21/images/TPS_00420.jpg
TPS_00421,25.005747,121.5588,3,taipei_udd_Image_2025,21,4,1756705,898047,0,ok,taipei_z21/images/TPS_00421.jpg
TPS_00422,25.064272,121.542521,3,taipei_udd_Image_2025,21,4,1756611,897671,0,ok,taipei_z21/images/TPS_00422.jpg
TPS_00423,24.98767,121.568644,3,taipei_udd_Image_2025,21,4,1756763,898164,0,ok,taipei_z21/images/TPS_00423.jpg
TPS_00424,25.005464,121.564369,3,taipei_udd_Image_2025,21,4,1756738,898049,0,ok,taipei_z21/images/TPS_00424.jpg
TPS_00425,25.098596,121.5476,3,taipei_udd_Image_2025,21,4,1756640,897450,0,ok,taipei_z21/images/TPS_00425.jpg
TPS_00426,25.113413,121.566412,3,taipei_udd_Image_2025,21,4,1756750,897355,0,ok,taipei_z21/images/TPS_00426.jpg
TPS_00427,25.099443,121.508171,3,taipei_udd_Image_2025,21,4,1756410,897445,0,ok,taipei_z21/images/TPS_00427.jpg
TPS_00428,25.057024,121.614105,3,taipei_udd_Image_2025,21,4,1757028,897718,0,ok,taipei_z21/images/TPS_00428.jpg
TPS_00429,25.04811,121.546028,3,taipei_udd_Image_2025,21,4,1756631,897775,0,ok,taipei_z21/images/TPS_00429.jpg
TPS_00430,24.991895,121.574871,3,taipei_udd_Image_2025,21,4,1756799,898136,0,ok,taipei_z21/images/TPS_00430.jpg
TPS_00431,24.988682,121.576991,3,taipei_udd_Image_2025,21,4,1756811,898157,0,ok,taipei_z21/images/TPS_00431.jpg
TPS_00432,24.988663,121.567439,3,taipei_udd_Image_2025,21,4,1756756,898157,0,ok,taipei_z21/images/TPS_00432.jpg
TPS_00433,24.97624,121.557587,3,taipei_udd_Image_2025,21,4,1756698,898237,0,ok,taipei_z21/images/TPS_00433.jpg
TPS_00434,24.984073,121.559161,3,taipei_udd_Image_2025,21,4,1756707,898187,0,ok,taipei_z21/images/TPS_00434.jpg
TPS_00435,25.000384,121.548525,3,taipei_udd_Image_2025,21,4,1756645,898082,0,ok,taipei_z21/images/TPS_00435.jpg
TPS_00436,25.00152,121.55099,3,taipei_udd_Image_2025,21,4,1756660,898075,0,ok,taipei_z21/images/TPS_00436.jpg
TPS_00437,25.001872,121.551779,3,taipei_udd_Image_2025,21,4,1756664,898072,0,ok,taipei_z21/images/TPS_00437.jpg
TPS_00438,25.054234,121.566196,3,taipei_udd_Image_2025,21,4,1756748,897736,0,ok,taipei_z21/images/TPS_00438.jpg
TPS_00439,25.054039,121.562063,3,taipei_udd_Image_2025,21,4,1756724,897737,0,ok,taipei_z21/images/TPS_00439.jpg
TPS_00440,25.053924,121.559141,3,taipei_udd_Image_2025,21,4,1756707,897738,0,ok,taipei_z21/images/TPS_00440.jpg
TPS_00441,25.053628,121.556495,3,taipei_udd_Image_2025,21,4,1756692,897740,0,ok,taipei_z21/images/TPS_00441.jpg
TPS_00442,25.060175,121.544133,3,taipei_udd_Image_2025,21,4,1756620,897698,0,ok,taipei_z21/images/TPS_00442.jpg
TPS_00443,25.05165,121.547616,3,taipei_udd_Image_2025,21,4,1756640,897752,0,ok,taipei_z21/images/TPS_00443.jpg
TPS_00444,25.051849,121.546701,3,taipei_udd_Image_2025,21,4,1756635,897751,0,ok,taipei_z21/images/TPS_00444.jpg
TPS_00445,25.051917,121.543813,3,taipei_udd_Image_2025,21,4,1756618,897751,0,ok,taipei_z21/images/TPS_00445.jpg
TPS_00446,25.045928,121.567392,3,taipei_udd_Image_2025,21,4,1756755,897789,0,ok,taipei_z21/images/TPS_00446.jpg
TPS_00447,25.049381,121.56901,3,taipei_udd_Image_2025,21,4,1756765,897767,0,ok,taipei_z21/images/TPS_00447.jpg
TPS_00448,25.06117,121.568604,3,taipei_udd_Image_2025,21,4,1756762,897691,0,ok,taipei_z21/images/TPS_00448.jpg
TPS_00449,25.05465,121.555877,3,taipei_udd_Image_2025,21,4,1756688,897733,0,ok,taipei_z21/images/TPS_00449.jpg
TPS_00450,25.055387,121.555714,3,taipei_udd_Image_2025,21,4,1756687,897728,0,ok,taipei_z21/images/TPS_00450.jpg
TPS_00451,25.05264,121.557006,3,taipei_udd_Image_2025,21,4,1756695,897746,0,ok,taipei_z21/images/TPS_00451.jpg
TPS_00452,25.048375,121.560091,3,taipei_udd_Image_2025,21,4,1756713,897773,0,ok,taipei_z21/images/TPS_00452.jpg
TPS_00453,25.049176,121.567282,3,taipei_udd_Image_2025,21,4,1756755,897768,0,ok,taipei_z21/images/TPS_00453.jpg
TPS_00454,25.04907,121.566235,3,taipei_udd_Image_2025,21,4,1756749,897769,0,ok,taipei_z21/images/TPS_00454.jpg
TPS_00455,25.062771,121.563064,3,taipei_udd_Image_2025,21,4,1756730,897681,0,ok,taipei_z21/images/TPS_00455.jpg
TPS_00456,25.097112,121.542493,3,taipei_udd_Image_2025,21,4,1756610,897460,0,ok,taipei_z21/images/TPS_00456.jpg
TPS_00457,25.097328,121.539896,3,taipei_udd_Image_2025,21,4,1756595,897459,0,ok,taipei_z21/images/TPS_00457.jpg
TPS_00458,25.042056,121.532911,3,taipei_udd_Image_2025,21,4,1756555,897814,0,ok,taipei_z21/images/TPS_00458.jpg
TPS_00459,25.068016,121.533341,3,taipei_udd_Image_2025,21,4,1756557,897647,0,ok,taipei_z21/images/TPS_00459.jpg
TPS_00460,25.059547,121.537215,3,taipei_udd_Image_2025,21,4,1756580,897702,0,ok,taipei_z21/images/TPS_00460.jpg
TPS_00461,25.101074,121.500792,3,taipei_udd_Image_2025,21,4,1756367,897434,0,ok,taipei_z21/images/TPS_00461.jpg
TPS_00462,25.055731,121.547102,3,taipei_udd_Image_2025,21,4,1756637,897726,0,ok,taipei_z21/images/TPS_00462.jpg
TPS_00463,25.06805,121.540983,3,taipei_udd_Image_2025,21,4,1756602,897647,0,ok,taipei_z21/images/TPS_00463.jpg
TPS_00464,25.06837,121.524644,3,taipei_udd_Image_2025,21,4,1756506,897645,0,ok,taipei_z21/images/TPS_00464.jpg
TPS_00465,25.06853,121.513889,3,taipei_udd_Image_2025,21,4,1756444,897644,0,ok,taipei_z21/images/TPS_00465.jpg
TPS_00466,25.068653,121.514899,3,taipei_udd_Image_2025,21,4,1756450,897643,0,ok,taipei_z21/images/TPS_00466.jpg
TPS_00467,25.068618,121.516763,3,taipei_udd_Image_2025,21,4,1756460,897643,0,ok,taipei_z21/images/TPS_00467.jpg
TPS_00468,25.04636,121.538158,3,taipei_udd_Image_2025,21,4,1756585,897786,0,ok,taipei_z21/images/TPS_00468.jpg
TPS_00469,25.046413,121.539141,3,taipei_udd_Image_2025,21,4,1756591,897786,0,ok,taipei_z21/images/TPS_00469.jpg
TPS_00470,25.04677,121.540522,3,taipei_udd_Image_2025,21,4,1756599,897784,0,ok,taipei_z21/images/TPS_00470.jpg
TPS_00471,25.04823,121.550638,3,taipei_udd_Image_2025,21,4,1756658,897774,0,ok,taipei_z21/images/TPS_00471.jpg
TPS_00473,25.054223,121.552157,3,taipei_udd_Image_2025,21,4,1756667,897736,0,ok,taipei_z21/images/TPS_00473.jpg
TPS_00472,25.047993,121.556279,3,taipei_udd_Image_2025,21,4,1756691,897776,0,ok,taipei_z21/images/TPS_00472.jpg
TPS_00474,25.054217,121.552871,3,taipei_udd_Image_2025,21,4,1756671,897736,0,ok,taipei_z21/images/TPS_00474.jpg
TPS_00475,25.053361,121.553713,3,taipei_udd_Image_2025,21,4,1756676,897741,0,ok,taipei_z21/images/TPS_00475.jpg
TPS_00476,25.056397,121.557176,3,taipei_udd_Image_2025,21,4,1756696,897722,0,ok,taipei_z21/images/TPS_00476.jpg
TPS_00477,25.034227,121.619131,3,taipei_udd_Image_2025,21,4,1757057,897864,0,ok,taipei_z21/images/TPS_00477.jpg
TPS_00478,25.058799,121.562898,3,taipei_udd_Image_2025,21,4,1756729,897706,0,ok,taipei_z21/images/TPS_00478.jpg
TPS_00479,25.058985,121.563942,3,taipei_udd_Image_2025,21,4,1756735,897705,0,ok,taipei_z21/images/TPS_00479.jpg
TPS_00480,25.05935,121.563316,3,taipei_udd_Image_2025,21,4,1756732,897703,0,ok,taipei_z21/images/TPS_00480.jpg
TPS_00481,25.056767,121.561811,3,taipei_udd_Image_2025,21,4,1756723,897719,0,ok,taipei_z21/images/TPS_00481.jpg
TPS_00482,25.057404,121.577115,3,taipei_udd_Image_2025,21,4,1756812,897715,0,ok,taipei_z21/images/TPS_00482.jpg
TPS_00483,25.065897,121.565529,3,taipei_udd_Image_2025,21,4,1756745,897661,0,ok,taipei_z21/images/TPS_00483.jpg
TPS_00484,25.060658,121.567172,3,taipei_udd_Image_2025,21,4,1756754,897694,0,ok,taipei_z21/images/TPS_00484.jpg
TPS_00485,25.06434,121.539659,3,taipei_udd_Image_2025,21,4,1756594,897671,0,ok,taipei_z21/images/TPS_00485.jpg
TPS_00486,25.05363,121.516123,2,taipei_udd_Image_2025,21,4,1756457,897740,0,ok,taipei_z21/images/TPS_00486.jpg
TPS_00487,25.020129,121.522853,2,taipei_udd_Image_2025,21,4,1756496,897955,0,ok,taipei_z21/images/TPS_00487.jpg
TPS_00488,25.022301,121.526312,2,taipei_udd_Image_2025,21,4,1756516,897941,0,ok,taipei_z21/images/TPS_00488.jpg
TPS_00489,25.123845,121.46435,2,taipei_udd_Image_2025,21,4,1756155,897288,0,ok,taipei_z21/images/TPS_00489.jpg
TPS_00491,25.025681,121.516373,2,taipei_udd_Image_2025,21,4,1756458,897919,0,ok,taipei_z21/images/TPS_00491.jpg
TPS_00490,25.029789,121.515265,2,taipei_udd_Image_2025,21,4,1756452,897893,0,ok,taipei_z21/images/TPS_00490.jpg
TPS_00492,25.031911,121.514413,2,taipei_udd_Image_2025,21,4,1756447,897879,0,ok,taipei_z21/images/TPS_00492.jpg
TPS_00493,25.026719,121.51799,2,taipei_udd_Image_2025,21,4,1756468,897913,0,ok,taipei_z21/images/TPS_00493.jpg
TPS_00494,25.016935,121.533312,2,taipei_udd_Image_2025,21,4,1756557,897976,0,ok,taipei_z21/images/TPS_00494.jpg
TPS_00495,25.043458,121.518888,2,taipei_udd_Image_2025,21,4,1756473,897805,0,ok,taipei_z21/images/TPS_00495.jpg
TPS_00496,25.021173,121.527643,2,taipei_udd_Image_2025,21,4,1756524,897948,0,ok,taipei_z21/images/TPS_00496.jpg
TPS_00497,25.053072,121.615257,2,taipei_udd_Image_2025,21,4,1757034,897743,0,ok,taipei_z21/images/TPS_00497.jpg
TPS_00498,25.078516,121.579585,2,taipei_udd_Image_2025,21,4,1756826,897580,0,ok,taipei_z21/images/TPS_00498.jpg
TPS_00499,25.082385,121.565518,2,taipei_udd_Image_2025,21,4,1756744,897555,0,ok,taipei_z21/images/TPS_00499.jpg
TPS_00500,25.082103,121.569087,2,taipei_udd_Image_2025,21,4,1756765,897556,0,ok,taipei_z21/images/TPS_00500.jpg
TPS_00501,25.067492,121.574683,2,taipei_udd_Image_2025,21,4,1756798,897650,0,ok,taipei_z21/images/TPS_00501.jpg
TPS_00503,25.080772,121.522438,2,taipei_udd_Image_2025,21,4,1756494,897565,0,ok,taipei_z21/images/TPS_00503.jpg
TPS_00502,25.12288,121.471439,2,taipei_udd_Image_2025,21,4,1756196,897294,0,ok,taipei_z21/images/TPS_00502.jpg
TPS_00504,25.026594,121.528513,2,taipei_udd_Image_2025,21,4,1756529,897913,0,ok,taipei_z21/images/TPS_00504.jpg
TPS_00505,25.077797,121.528999,2,taipei_udd_Image_2025,21,4,1756532,897584,0,ok,taipei_z21/images/TPS_00505.jpg
TPS_00506,25.040843,121.529194,2,taipei_udd_Image_2025,21,4,1756533,897822,0,ok,taipei_z21/images/TPS_00506.jpg
TPS_00507,25.002209,121.538874,2,taipei_udd_Image_2025,21,4,1756589,898070,0,ok,taipei_z21/images/TPS_00507.jpg
TPS_00508,24.999666,121.539894,2,taipei_udd_Image_2025,21,4,1756595,898087,0,ok,taipei_z21/images/TPS_00508.jpg
TPS_00509,24.995959,121.541148,2,taipei_udd_Image_2025,21,4,1756603,898110,0,ok,taipei_z21/images/TPS_00509.jpg
TPS_00510,25.094411,121.521906,2,taipei_udd_Image_2025,21,4,1756490,897477,0,ok,taipei_z21/images/TPS_00510.jpg
TPS_00511,25.106467,121.524897,2,taipei_udd_Image_2025,21,4,1756508,897400,0,ok,taipei_z21/images/TPS_00511.jpg
TPS_00512,25.110369,121.52552,2,taipei_udd_Image_2025,21,4,1756511,897375,0,ok,taipei_z21/images/TPS_00512.jpg
TPS_00513,25.111774,121.525998,2,taipei_udd_Image_2025,21,4,1756514,897366,0,ok,taipei_z21/images/TPS_00513.jpg
TPS_00514,25.112416,121.531071,2,taipei_udd_Image_2025,21,4,1756544,897361,0,ok,taipei_z21/images/TPS_00514.jpg
TPS_00515,25.108391,121.53032,2,taipei_udd_Image_2025,21,4,1756539,897387,0,ok,taipei_z21/images/TPS_00515.jpg
TPS_00516,25.10223,121.524695,2,taipei_udd_Image_2025,21,4,1756507,897427,0,ok,taipei_z21/images/TPS_00516.jpg
TPS_00517,25.118881,121.530538,2,taipei_udd_Image_2025,21,4,1756541,897320,0,ok,taipei_z21/images/TPS_00517.jpg
TPS_00518,25.047072,121.518012,2,taipei_udd_Image_2025,21,4,1756468,897782,0,ok,taipei_z21/images/TPS_00518.jpg
TPS_00519,25.082204,121.566919,2,taipei_udd_Image_2025,21,4,1756753,897556,0,ok,taipei_z21/images/TPS_00519.jpg
TPS_00520,25.082178,121.578236,2,taipei_udd_Image_2025,21,4,1756819,897556,0,ok,taipei_z21/images/TPS_00520.jpg
TPS_00521,25.081548,121.570878,2,taipei_udd_Image_2025,21,4,1756776,897560,0,ok,taipei_z21/images/TPS_00521.jpg
TPS_00522,25.078068,121.57601,2,taipei_udd_Image_2025,21,4,1756806,897582,0,ok,taipei_z21/images/TPS_00522.jpg
TPS_00523,25.082137,121.568387,2,taipei_udd_Image_2025,21,4,1756761,897556,0,ok,taipei_z21/images/TPS_00523.jpg
TPS_00524,25.080755,121.577846,2,taipei_udd_Image_2025,21,4,1756816,897565,0,ok,taipei_z21/images/TPS_00524.jpg
TPS_00525,25.07988,121.547118,2,taipei_udd_Image_2025,21,4,1756637,897571,0,ok,taipei_z21/images/TPS_00525.jpg
TPS_00526,25.080502,121.548171,2,taipei_udd_Image_2025,21,4,1756643,897567,0,ok,taipei_z21/images/TPS_00526.jpg
TPS_00527,25.08288,121.549013,2,taipei_udd_Image_2025,21,4,1756648,897551,0,ok,taipei_z21/images/TPS_00527.jpg
TPS_00528,25.084828,121.558442,2,taipei_udd_Image_2025,21,4,1756703,897539,0,ok,taipei_z21/images/TPS_00528.jpg
TPS_00529,24.99109,121.558906,2,taipei_udd_Image_2025,21,4,1756706,898142,0,ok,taipei_z21/images/TPS_00529.jpg
TPS_00530,25.097966,121.546544,2,taipei_udd_Image_2025,21,4,1756634,897454,0,ok,taipei_z21/images/TPS_00530.jpg
TPS_00531,25.02635,121.531603,2,taipei_udd_Image_2025,21,4,1756547,897915,0,ok,taipei_z21/images/TPS_00531.jpg
TPS_00532,25.155357,121.546018,2,taipei_udd_Image_2025,21,4,1756631,897085,0,ok,taipei_z21/images/TPS_00532.jpg
TPS_00533,25.080043,121.56183,2,taipei_udd_Image_2025,21,4,1756723,897570,0,ok,taipei_z21/images/TPS_00533.jpg
TPS_00534,25.079908,121.56021,2,taipei_udd_Image_2025,21,4,1756714,897571,0,ok,taipei_z21/images/TPS_00534.jpg
TPS_00535,25.085699,121.55278,2,taipei_udd_Image_2025,21,4,1756670,897533,0,ok,taipei_z21/images/TPS_00535.jpg
TPS_00536,25.068775,121.584317,2,taipei_udd_Image_2025,21,4,1756854,897642,0,ok,taipei_z21/images/TPS_00536.jpg
TPS_00537,25.07998,121.553231,2,taipei_udd_Image_2025,21,4,1756673,897570,0,ok,taipei_z21/images/TPS_00537.jpg
TPS_00538,25.079969,121.554397,2,taipei_udd_Image_2025,21,4,1756680,897570,0,ok,taipei_z21/images/TPS_00538.jpg
TPS_00539,25.08271,121.55115,2,taipei_udd_Image_2025,21,4,1756661,897553,0,ok,taipei_z21/images/TPS_00539.jpg
TPS_00540,25.079928,121.558505,2,taipei_udd_Image_2025,21,4,1756704,897570,0,ok,taipei_z21/images/TPS_00540.jpg
TPS_00541,24.975961,121.55541,2,taipei_udd_Image_2025,21,4,1756686,898239,0,ok,taipei_z21/images/TPS_00541.jpg
TPS_00542,25.028181,121.49523,2,taipei_udd_Image_2025,21,4,1756335,897903,0,ok,taipei_z21/images/TPS_00542.jpg
TPS_00543,25.000177,121.566728,2,taipei_udd_Image_2025,21,4,1756752,898083,0,ok,taipei_z21/images/TPS_00543.jpg
TPS_00544,24.987813,121.552329,2,taipei_udd_Image_2025,21,4,1756668,898163,0,ok,taipei_z21/images/TPS_00544.jpg
TPS_00545,25.123264,121.499241,2,taipei_udd_Image_2025,21,4,1756358,897292,0,ok,taipei_z21/images/TPS_00545.jpg
TPS_00546,25.131378,121.496225,2,taipei_udd_Image_2025,21,4,1756341,897239,0,ok,taipei_z21/images/TPS_00546.jpg
TPS_00547,25.126171,121.500592,2,taipei_udd_Image_2025,21,4,1756366,897273,0,ok,taipei_z21/images/TPS_00547.jpg
TPS_00548,25.126686,121.503538,2,taipei_udd_Image_2025,21,4,1756383,897270,0,ok,taipei_z21/images/TPS_00548.jpg
TPS_00549,25.036083,121.543665,2,taipei_udd_Image_2025,21,4,1756617,897852,0,ok,taipei_z21/images/TPS_00549.jpg
TPS_00550,25.119532,121.501489,2,taipei_udd_Image_2025,21,4,1756371,897316,0,ok,taipei_z21/images/TPS_00550.jpg
TPS_00551,25.152358,121.547179,2,taipei_udd_Image_2025,21,4,1756638,897104,0,ok,taipei_z21/images/TPS_00551.jpg
TPS_00552,25.032939,121.518126,2,taipei_udd_Image_2025,21,4,1756468,897873,0,ok,taipei_z21/images/TPS_00552.jpg
TPS_00553,25.079522,121.541263,2,taipei_udd_Image_2025,21,4,1756603,897573,0,ok,taipei_z21/images/TPS_00553.jpg
TPS_00554,25.027548,121.512834,2,taipei_udd_Image_2025,21,4,1756438,897907,0,ok,taipei_z21/images/TPS_00554.jpg
TPS_00555,25.031231,121.506753,2,taipei_udd_Image_2025,21,4,1756402,897884,0,ok,taipei_z21/images/TPS_00555.jpg
TPS_00556,25.01872,121.533701,2,taipei_udd_Image_2025,21,4,1756559,897964,0,ok,taipei_z21/images/TPS_00556.jpg
TPS_00557,25.137237,121.503888,2,taipei_udd_Image_2025,21,4,1756385,897202,0,ok,taipei_z21/images/TPS_00557.jpg
TPS_00558,25.148973,121.549393,2,taipei_udd_Image_2025,21,4,1756651,897126,0,ok,taipei_z21/images/TPS_00558.jpg
TPS_00559,25.026445,121.530423,2,taipei_udd_Image_2025,21,4,1756540,897914,0,ok,taipei_z21/images/TPS_00559.jpg
TPS_00560,25.101914,121.522962,2,taipei_udd_Image_2025,21,4,1756497,897429,0,ok,taipei_z21/images/TPS_00560.jpg
TPS_00562,25.101869,121.52246,2,taipei_udd_Image_2025,21,4,1756494,897429,0,ok,taipei_z21/images/TPS_00562.jpg
TPS_00561,25.103282,121.519622,2,taipei_udd_Image_2025,21,4,1756477,897420,0,ok,taipei_z21/images/TPS_00561.jpg
TPS_00563,25.116548,121.534137,2,taipei_udd_Image_2025,21,4,1756562,897335,0,ok,taipei_z21/images/TPS_00563.jpg
TPS_00564,25.115209,121.527819,2,taipei_udd_Image_2025,21,4,1756525,897344,0,ok,taipei_z21/images/TPS_00564.jpg
TPS_00565,25.116424,121.528575,2,taipei_udd_Image_2025,21,4,1756529,897336,0,ok,taipei_z21/images/TPS_00565.jpg
TPS_00566,25.123043,121.532127,2,taipei_udd_Image_2025,21,4,1756550,897293,0,ok,taipei_z21/images/TPS_00566.jpg
TPS_00567,25.118026,121.531725,2,taipei_udd_Image_2025,21,4,1756548,897325,0,ok,taipei_z21/images/TPS_00567.jpg
TPS_00568,25.050618,121.513641,2,taipei_udd_Image_2025,21,4,1756442,897759,0,ok,taipei_z21/images/TPS_00568.jpg
TPS_00569,25.084126,121.54932,2,taipei_udd_Image_2025,21,4,1756650,897543,0,ok,taipei_z21/images/TPS_00569.jpg
TPS_00570,25.112116,121.558671,2,taipei_udd_Image_2025,21,4,1756705,897363,0,ok,taipei_z21/images/TPS_00570.jpg
TPS_00571,25.035121,121.543644,2,taipei_udd_Image_2025,21,4,1756617,897859,0,ok,taipei_z21/images/TPS_00571.jpg
TPS_00572,25.034668,121.552507,2,taipei_udd_Image_2025,21,4,1756669,897862,0,ok,taipei_z21/images/TPS_00572.jpg
TPS_00573,25.034273,121.552499,2,taipei_udd_Image_2025,21,4,1756669,897864,0,ok,taipei_z21/images/TPS_00573.jpg
TPS_00574,25.035419,121.552526,2,taipei_udd_Image_2025,21,4,1756669,897857,0,ok,taipei_z21/images/TPS_00574.jpg
TPS_00575,25.033211,121.551609,2,taipei_udd_Image_2025,21,4,1756663,897871,0,ok,taipei_z21/images/TPS_00575.jpg
TPS_00576,25.036214,121.552495,2,taipei_udd_Image_2025,21,4,1756669,897852,0,ok,taipei_z21/images/TPS_00576.jpg
TPS_00577,25.03982,121.543745,2,taipei_udd_Image_2025,21,4,1756618,897828,0,ok,taipei_z21/images/TPS_00577.jpg
TPS_00578,25.041566,121.54721,2,taipei_udd_Image_2025,21,4,1756638,897817,0,ok,taipei_z21/images/TPS_00578.jpg
TPS_00579,25.041587,121.546141,2,taipei_udd_Image_2025,21,4,1756632,897817,0,ok,taipei_z21/images/TPS_00579.jpg
TPS_00580,25.04438,121.553769,2,taipei_udd_Image_2025,21,4,1756676,897799,0,ok,taipei_z21/images/TPS_00580.jpg
TPS_00581,25.042575,121.554182,2,taipei_udd_Image_2025,21,4,1756678,897811,0,ok,taipei_z21/images/TPS_00581.jpg
TPS_00582,25.041411,121.55449,2,taipei_udd_Image_2025,21,4,1756680,897818,0,ok,taipei_z21/images/TPS_00582.jpg
TPS_00583,25.041444,121.552978,2,taipei_udd_Image_2025,21,4,1756671,897818,0,ok,taipei_z21/images/TPS_00583.jpg
TPS_00584,25.043822,121.536885,2,taipei_udd_Image_2025,21,4,1756578,897803,0,ok,taipei_z21/images/TPS_00584.jpg
TPS_00585,25.035433,121.557534,2,taipei_udd_Image_2025,21,4,1756698,897857,0,ok,taipei_z21/images/TPS_00585.jpg
TPS_00586,25.036507,121.557558,2,taipei_udd_Image_2025,21,4,1756698,897850,0,ok,taipei_z21/images/TPS_00586.jpg
TPS_00587,25.029204,121.543525,2,taipei_udd_Image_2025,21,4,1756616,897897,0,ok,taipei_z21/images/TPS_00587.jpg
TPS_00588,25.028402,121.543508,2,taipei_udd_Image_2025,21,4,1756616,897902,0,ok,taipei_z21/images/TPS_00588.jpg
TPS_00589,25.030935,121.552428,2,taipei_udd_Image_2025,21,4,1756668,897886,0,ok,taipei_z21/images/TPS_00589.jpg
TPS_00590,25.031081,121.543562,2,taipei_udd_Image_2025,21,4,1756617,897885,0,ok,taipei_z21/images/TPS_00590.jpg
TPS_00591,25.029062,121.55083,2,taipei_udd_Image_2025,21,4,1756659,897898,0,ok,taipei_z21/images/TPS_00591.jpg
TPS_00592,25.031986,121.558954,2,taipei_udd_Image_2025,21,4,1756706,897879,0,ok,taipei_z21/images/TPS_00592.jpg
TPS_00593,25.032136,121.557442,2,taipei_udd_Image_2025,21,4,1756697,897878,0,ok,taipei_z21/images/TPS_00593.jpg
TPS_00594,25.029816,121.551661,2,taipei_udd_Image_2025,21,4,1756664,897893,0,ok,taipei_z21/images/TPS_00594.jpg
TPS_00595,25.032636,121.551591,2,taipei_udd_Image_2025,21,4,1756663,897875,0,ok,taipei_z21/images/TPS_00595.jpg
TPS_00596,25.032626,121.552466,2,taipei_udd_Image_2025,21,4,1756668,897875,0,ok,taipei_z21/images/TPS_00596.jpg
TPS_00597,25.028055,121.549831,2,taipei_udd_Image_2025,21,4,1756653,897904,0,ok,taipei_z21/images/TPS_00597.jpg
TPS_00598,25.044896,121.556687,2,taipei_udd_Image_2025,21,4,1756693,897796,0,ok,taipei_z21/images/TPS_00598.jpg
TPS_00599,25.046656,121.557785,2,taipei_udd_Image_2025,21,4,1756699,897784,0,ok,taipei_z21/images/TPS_00599.jpg
TPS_00600,25.041672,121.539708,2,taipei_udd_Image_2025,21,4,1756594,897816,0,ok,taipei_z21/images/TPS_00600.jpg
TPS_00601,25.04477,121.536362,2,taipei_udd_Image_2025,21,4,1756575,897797,0,ok,taipei_z21/images/TPS_00601.jpg
TPS_00602,25.041197,121.562659,2,taipei_udd_Image_2025,21,4,1756728,897820,0,ok,taipei_z21/images/TPS_00602.jpg
TPS_00603,25.032902,121.565416,2,taipei_udd_Image_2025,21,4,1756744,897873,0,ok,taipei_z21/images/TPS_00603.jpg
TPS_00604,25.034244,121.557507,2,taipei_udd_Image_2025,21,4,1756698,897864,0,ok,taipei_z21/images/TPS_00604.jpg
TPS_00605,25.04123,121.561584,2,taipei_udd_Image_2025,21,4,1756722,897819,0,ok,taipei_z21/images/TPS_00605.jpg
TPS_00606,25.035829,121.568378,2,taipei_udd_Image_2025,21,4,1756761,897854,0,ok,taipei_z21/images/TPS_00606.jpg
TPS_00607,25.049149,121.557835,2,taipei_udd_Image_2025,21,4,1756700,897768,0,ok,taipei_z21/images/TPS_00607.jpg
TPS_00608,25.045102,121.546125,2,taipei_udd_Image_2025,21,4,1756631,897794,0,ok,taipei_z21/images/TPS_00608.jpg
TPS_00609,25.062393,121.536801,2,taipei_udd_Image_2025,21,4,1756577,897683,0,ok,taipei_z21/images/TPS_00609.jpg
TPS_00610,25.065399,121.536231,2,taipei_udd_Image_2025,21,4,1756574,897664,0,ok,taipei_z21/images/TPS_00610.jpg
TPS_00611,25.062385,121.537253,2,taipei_udd_Image_2025,21,4,1756580,897683,0,ok,taipei_z21/images/TPS_00611.jpg
TPS_00612,25.025623,121.537916,2,taipei_udd_Image_2025,21,4,1756584,897920,0,ok,taipei_z21/images/TPS_00612.jpg
TPS_00613,25.025687,121.537464,2,taipei_udd_Image_2025,21,4,1756581,897919,0,ok,taipei_z21/images/TPS_00613.jpg
TPS_00614,25.029852,121.543537,2,taipei_udd_Image_2025,21,4,1756616,897892,0,ok,taipei_z21/images/TPS_00614.jpg
TPS_00615,25.022678,121.543379,2,taipei_udd_Image_2025,21,4,1756616,897939,0,ok,taipei_z21/images/TPS_00615.jpg
TPS_00616,25.027771,121.543494,2,taipei_udd_Image_2025,21,4,1756616,897906,0,ok,taipei_z21/images/TPS_00616.jpg
TPS_00617,25.026525,121.543464,2,taipei_udd_Image_2025,21,4,1756616,897914,0,ok,taipei_z21/images/TPS_00617.jpg
TPS_00618,25.024784,121.545109,2,taipei_udd_Image_2025,21,4,1756626,897925,0,ok,taipei_z21/images/TPS_00618.jpg
TPS_00619,25.024691,121.546706,2,taipei_udd_Image_2025,21,4,1756635,897926,0,ok,taipei_z21/images/TPS_00619.jpg
TPS_00620,25.025493,121.538852,2,taipei_udd_Image_2025,21,4,1756589,897921,0,ok,taipei_z21/images/TPS_00620.jpg
TPS_00621,25.025104,121.541772,2,taipei_udd_Image_2025,21,4,1756606,897923,0,ok,taipei_z21/images/TPS_00621.jpg
TPS_00622,25.025304,121.540269,2,taipei_udd_Image_2025,21,4,1756597,897922,0,ok,taipei_z21/images/TPS_00622.jpg
TPS_00623,25.052006,121.536539,2,taipei_udd_Image_2025,21,4,1756576,897750,0,ok,taipei_z21/images/TPS_00623.jpg
TPS_00624,25.051995,121.537025,2,taipei_udd_Image_2025,21,4,1756578,897750,0,ok,taipei_z21/images/TPS_00624.jpg
TPS_00625,25.051926,121.540463,2,taipei_udd_Image_2025,21,4,1756599,897751,0,ok,taipei_z21/images/TPS_00625.jpg
TPS_00626,25.051885,121.542059,2,taipei_udd_Image_2025,21,4,1756608,897751,0,ok,taipei_z21/images/TPS_00626.jpg
TPS_00627,25.057894,121.536715,2,taipei_udd_Image_2025,21,4,1756577,897712,0,ok,taipei_z21/images/TPS_00627.jpg
TPS_00628,25.057897,121.537154,2,taipei_udd_Image_2025,21,4,1756579,897712,0,ok,taipei_z21/images/TPS_00628.jpg
TPS_00629,25.048256,121.543948,2,taipei_udd_Image_2025,21,4,1756619,897774,0,ok,taipei_z21/images/TPS_00629.jpg
TPS_00630,25.027237,121.56647,2,taipei_udd_Image_2025,21,4,1756750,897909,0,ok,taipei_z21/images/TPS_00630.jpg
TPS_00631,25.028509,121.568342,2,taipei_udd_Image_2025,21,4,1756761,897901,0,ok,taipei_z21/images/TPS_00631.jpg
TPS_00632,25.02562,121.556869,2,taipei_udd_Image_2025,21,4,1756694,897920,0,ok,taipei_z21/images/TPS_00632.jpg
TPS_00633,25.031908,121.568297,2,taipei_udd_Image_2025,21,4,1756761,897879,0,ok,taipei_z21/images/TPS_00633.jpg
TPS_00634,25.026661,121.568366,2,taipei_udd_Image_2025,21,4,1756761,897913,0,ok,taipei_z21/images/TPS_00634.jpg
TPS_00635,25.040971,121.571932,2,taipei_udd_Image_2025,21,4,1756782,897821,0,ok,taipei_z21/images/TPS_00635.jpg
TPS_00636,25.039076,121.56844,2,taipei_udd_Image_2025,21,4,1756761,897833,0,ok,taipei_z21/images/TPS_00636.jpg
TPS_00637,25.026133,121.550022,2,taipei_udd_Image_2025,21,4,1756654,897916,0,ok,taipei_z21/images/TPS_00637.jpg
TPS_00638,25.026659,121.551709,2,taipei_udd_Image_2025,21,4,1756664,897913,0,ok,taipei_z21/images/TPS_00638.jpg
TPS_00639,25.025875,121.552002,2,taipei_udd_Image_2025,21,4,1756666,897918,0,ok,taipei_z21/images/TPS_00639.jpg
TPS_00640,25.025386,121.550174,2,taipei_udd_Image_2025,21,4,1756655,897921,0,ok,taipei_z21/images/TPS_00640.jpg
TPS_00641,25.02303,121.55393,2,taipei_udd_Image_2025,21,4,1756677,897936,0,ok,taipei_z21/images/TPS_00641.jpg
TPS_00644,25.019867,121.529082,2,taipei_udd_Image_2025,21,4,1756532,897957,0,ok,taipei_z21/images/TPS_00644.jpg
TPS_00642,25.027393,121.555974,2,taipei_udd_Image_2025,21,4,1756689,897908,0,ok,taipei_z21/images/TPS_00642.jpg
TPS_00643,25.019555,121.529389,2,taipei_udd_Image_2025,21,4,1756534,897959,0,ok,taipei_z21/images/TPS_00643.jpg
TPS_00645,25.020865,121.525734,2,taipei_udd_Image_2025,21,4,1756513,897950,0,ok,taipei_z21/images/TPS_00645.jpg
TPS_00646,25.022244,121.534423,2,taipei_udd_Image_2025,21,4,1756563,897941,0,ok,taipei_z21/images/TPS_00646.jpg
TPS_00647,25.05786,121.539178,2,taipei_udd_Image_2025,21,4,1756591,897712,0,ok,taipei_z21/images/TPS_00647.jpg
TPS_00648,25.057833,121.54066,2,taipei_udd_Image_2025,21,4,1756600,897713,0,ok,taipei_z21/images/TPS_00648.jpg
TPS_00649,25.058024,121.548975,2,taipei_udd_Image_2025,21,4,1756648,897711,0,ok,taipei_z21/images/TPS_00649.jpg
TPS_00650,25.054571,121.544098,2,taipei_udd_Image_2025,21,4,1756620,897734,0,ok,taipei_z21/images/TPS_00650.jpg
TPS_00651,25.053309,121.544076,2,taipei_udd_Image_2025,21,4,1756620,897742,0,ok,taipei_z21/images/TPS_00651.jpg
TPS_00652,25.057806,121.542166,2,taipei_udd_Image_2025,21,4,1756608,897713,0,ok,taipei_z21/images/TPS_00652.jpg
TPS_00653,25.036236,121.578479,2,taipei_udd_Image_2025,21,4,1756820,897851,0,ok,taipei_z21/images/TPS_00653.jpg
TPS_00654,25.040897,121.575379,2,taipei_udd_Image_2025,21,4,1756802,897821,0,ok,taipei_z21/images/TPS_00654.jpg
TPS_00655,25.040823,121.576967,2,taipei_udd_Image_2025,21,4,1756811,897822,0,ok,taipei_z21/images/TPS_00655.jpg
TPS_00656,25.039571,121.577854,2,taipei_udd_Image_2025,21,4,1756816,897830,0,ok,taipei_z21/images/TPS_00656.jpg
TPS_00658,25.036109,121.577934,2,taipei_udd_Image_2025,21,4,1756817,897852,0,ok,taipei_z21/images/TPS_00658.jpg
TPS_00657,25.040926,121.574031,2,taipei_udd_Image_2025,21,4,1756794,897821,0,ok,taipei_z21/images/TPS_00657.jpg
TPS_00659,25.035261,121.576846,2,taipei_udd_Image_2025,21,4,1756810,897858,0,ok,taipei_z21/images/TPS_00659.jpg
TPS_00660,25.037448,121.574842,2,taipei_udd_Image_2025,21,4,1756799,897844,0,ok,taipei_z21/images/TPS_00660.jpg
TPS_00661,25.03416,121.575359,2,taipei_udd_Image_2025,21,4,1756802,897865,0,ok,taipei_z21/images/TPS_00661.jpg
TPS_00662,25.041528,121.579218,2,taipei_udd_Image_2025,21,4,1756824,897817,0,ok,taipei_z21/images/TPS_00662.jpg
TPS_00663,25.068292,121.530462,2,taipei_udd_Image_2025,21,4,1756540,897645,0,ok,taipei_z21/images/TPS_00663.jpg
TPS_00664,25.068515,121.519939,2,taipei_udd_Image_2025,21,4,1756479,897644,0,ok,taipei_z21/images/TPS_00664.jpg
TPS_00665,25.052058,121.530091,2,taipei_udd_Image_2025,21,4,1756538,897750,0,ok,taipei_z21/images/TPS_00665.jpg
TPS_00666,25.022363,121.554643,2,taipei_udd_Image_2025,21,4,1756681,897941,0,ok,taipei_z21/images/TPS_00666.jpg
TPS_00667,25.020564,121.556598,2,taipei_udd_Image_2025,21,4,1756693,897952,0,ok,taipei_z21/images/TPS_00667.jpg
TPS_00668,25.019674,121.557525,2,taipei_udd_Image_2025,21,4,1756698,897958,0,ok,taipei_z21/images/TPS_00668.jpg
TPS_00669,25.018162,121.559168,2,taipei_udd_Image_2025,21,4,1756707,897968,0,ok,taipei_z21/images/TPS_00669.jpg
TPS_00670,25.015746,121.560917,2,taipei_udd_Image_2025,21,4,1756718,897983,0,ok,taipei_z21/images/TPS_00670.jpg
TPS_00671,25.021529,121.555543,2,taipei_udd_Image_2025,21,4,1756686,897946,0,ok,taipei_z21/images/TPS_00671.jpg
TPS_00672,25.018833,121.558431,2,taipei_udd_Image_2025,21,4,1756703,897963,0,ok,taipei_z21/images/TPS_00672.jpg
TPS_00673,25.024092,121.555662,2,taipei_udd_Image_2025,21,4,1756687,897930,0,ok,taipei_z21/images/TPS_00673.jpg
TPS_00674,25.022386,121.550301,2,taipei_udd_Image_2025,21,4,1756656,897940,0,ok,taipei_z21/images/TPS_00674.jpg
TPS_00675,25.019306,121.546835,2,taipei_udd_Image_2025,21,4,1756636,897960,0,ok,taipei_z21/images/TPS_00675.jpg
TPS_00676,25.015763,121.542569,2,taipei_udd_Image_2025,21,4,1756611,897983,0,ok,taipei_z21/images/TPS_00676.jpg
TPS_00677,25.057958,121.531766,2,taipei_udd_Image_2025,21,4,1756548,897712,0,ok,taipei_z21/images/TPS_00677.jpg
TPS_00678,25.06253,121.531746,2,taipei_udd_Image_2025,21,4,1756548,897682,0,ok,taipei_z21/images/TPS_00678.jpg
TPS_00679,25.062441,121.534931,2,taipei_udd_Image_2025,21,4,1756566,897683,0,ok,taipei_z21/images/TPS_00679.jpg
TPS_00680,25.035083,121.527393,2,taipei_udd_Image_2025,21,4,1756522,897859,0,ok,taipei_z21/images/TPS_00680.jpg
TPS_00681,25.072173,121.509134,2,taipei_udd_Image_2025,21,4,1756416,897620,0,ok,taipei_z21/images/TPS_00681.jpg
TPS_00682,25.076505,121.512029,2,taipei_udd_Image_2025,21,4,1756433,897592,0,ok,taipei_z21/images/TPS_00682.jpg
TPS_00683,25.081093,121.513101,2,taipei_udd_Image_2025,21,4,1756439,897563,0,ok,taipei_z21/images/TPS_00683.jpg
TPS_00684,25.071917,121.51861,2,taipei_udd_Image_2025,21,4,1756471,897622,0,ok,taipei_z21/images/TPS_00684.jpg
TPS_00685,25.065893,121.515875,2,taipei_udd_Image_2025,21,4,1756455,897661,0,ok,taipei_z21/images/TPS_00685.jpg
TPS_00686,25.072921,121.513814,2,taipei_udd_Image_2025,21,4,1756443,897616,0,ok,taipei_z21/images/TPS_00686.jpg
TPS_00687,25.070543,121.518458,2,taipei_udd_Image_2025,21,4,1756470,897631,0,ok,taipei_z21/images/TPS_00687.jpg
TPS_00688,25.082194,121.523133,2,taipei_udd_Image_2025,21,4,1756498,897556,0,ok,taipei_z21/images/TPS_00688.jpg
TPS_00689,25.070518,121.513778,2,taipei_udd_Image_2025,21,4,1756443,897631,0,ok,taipei_z21/images/TPS_00689.jpg
TPS_00690,25.067293,121.518385,2,taipei_udd_Image_2025,21,4,1756470,897652,0,ok,taipei_z21/images/TPS_00690.jpg
TPS_00691,25.073964,121.519672,2,taipei_udd_Image_2025,21,4,1756477,897609,0,ok,taipei_z21/images/TPS_00691.jpg
TPS_00692,25.073047,121.519125,2,taipei_udd_Image_2025,21,4,1756474,897615,0,ok,taipei_z21/images/TPS_00692.jpg
TPS_00693,25.058274,121.555235,2,taipei_udd_Image_2025,21,4,1756685,897710,0,ok,taipei_z21/images/TPS_00693.jpg
TPS_00694,25.058408,121.557027,2,taipei_udd_Image_2025,21,4,1756695,897709,0,ok,taipei_z21/images/TPS_00694.jpg
TPS_00695,25.058061,121.552931,2,taipei_udd_Image_2025,21,4,1756671,897711,0,ok,taipei_z21/images/TPS_00695.jpg
TPS_00696,25.056885,121.563594,2,taipei_udd_Image_2025,21,4,1756733,897719,0,ok,taipei_z21/images/TPS_00696.jpg
TPS_00697,25.066782,121.528008,2,taipei_udd_Image_2025,21,4,1756526,897655,0,ok,taipei_z21/images/TPS_00697.jpg
TPS_00698,25.062591,121.528999,2,taipei_udd_Image_2025,21,4,1756532,897682,0,ok,taipei_z21/images/TPS_00698.jpg
TPS_00699,25.054905,121.52755,2,taipei_udd_Image_2025,21,4,1756523,897731,0,ok,taipei_z21/images/TPS_00699.jpg
TPS_00700,25.048461,121.53297,2,taipei_udd_Image_2025,21,4,1756555,897773,0,ok,taipei_z21/images/TPS_00700.jpg
TPS_00701,25.059911,121.563323,2,taipei_udd_Image_2025,21,4,1756732,897699,0,ok,taipei_z21/images/TPS_00701.jpg
TPS_00702,25.061738,121.566392,2,taipei_udd_Image_2025,21,4,1756750,897687,0,ok,taipei_z21/images/TPS_00702.jpg
TPS_00703,25.060908,121.563232,2,taipei_udd_Image_2025,21,4,1756731,897693,0,ok,taipei_z21/images/TPS_00703.jpg
TPS_00704,25.059053,121.565937,2,taipei_udd_Image_2025,21,4,1756747,897705,0,ok,taipei_z21/images/TPS_00704.jpg
TPS_00705,25.057431,121.563545,2,taipei_udd_Image_2025,21,4,1756733,897715,0,ok,taipei_z21/images/TPS_00705.jpg
TPS_00706,25.044379,121.532913,2,taipei_udd_Image_2025,21,4,1756555,897799,0,ok,taipei_z21/images/TPS_00706.jpg
TPS_00707,25.043367,121.528985,2,taipei_udd_Image_2025,21,4,1756532,897806,0,ok,taipei_z21/images/TPS_00707.jpg
TPS_00708,25.042895,121.530741,2,taipei_udd_Image_2025,21,4,1756542,897809,0,ok,taipei_z21/images/TPS_00708.jpg
TPS_00709,25.060351,121.527857,2,taipei_udd_Image_2025,21,4,1756525,897696,0,ok,taipei_z21/images/TPS_00709.jpg
TPS_00710,25.054822,121.518192,2,taipei_udd_Image_2025,21,4,1756469,897732,0,ok,taipei_z21/images/TPS_00710.jpg
TPS_00711,25.06293,121.511212,2,taipei_udd_Image_2025,21,4,1756428,897680,0,ok,taipei_z21/images/TPS_00711.jpg
TPS_00712,25.056991,121.513775,2,taipei_udd_Image_2025,21,4,1756443,897718,0,ok,taipei_z21/images/TPS_00712.jpg
TPS_00713,25.047101,121.532948,2,taipei_udd_Image_2025,21,4,1756555,897782,0,ok,taipei_z21/images/TPS_00713.jpg
TPS_00714,25.050196,121.532997,2,taipei_udd_Image_2025,21,4,1756555,897762,0,ok,taipei_z21/images/TPS_00714.jpg
TPS_00715,25.052049,121.531506,2,taipei_udd_Image_2025,21,4,1756546,897750,0,ok,taipei_z21/images/TPS_00715.jpg
TPS_00716,25.05202,121.534793,2,taipei_udd_Image_2025,21,4,1756565,897750,0,ok,taipei_z21/images/TPS_00716.jpg
TPS_00717,25.058748,121.561571,2,taipei_udd_Image_2025,21,4,1756721,897707,0,ok,taipei_z21/images/TPS_00717.jpg
TPS_00718,25.05866,121.560525,2,taipei_udd_Image_2025,21,4,1756715,897707,0,ok,taipei_z21/images/TPS_00718.jpg
TPS_00719,25.051488,121.560791,2,taipei_udd_Image_2025,21,4,1756717,897753,0,ok,taipei_z21/images/TPS_00719.jpg
TPS_00720,25.049348,121.572234,2,taipei_udd_Image_2025,21,4,1756784,897767,0,ok,taipei_z21/images/TPS_00720.jpg
TPS_00721,25.045699,121.568841,2,taipei_udd_Image_2025,21,4,1756764,897791,0,ok,taipei_z21/images/TPS_00721.jpg
TPS_00722,25.045599,121.572099,2,taipei_udd_Image_2025,21,4,1756783,897791,0,ok,taipei_z21/images/TPS_00722.jpg
TPS_00723,25.046874,121.572145,2,taipei_udd_Image_2025,21,4,1756783,897783,0,ok,taipei_z21/images/TPS_00723.jpg
TPS_00724,25.048074,121.522505,2,taipei_udd_Image_2025,21,4,1756494,897775,0,ok,taipei_z21/images/TPS_00724.jpg
TPS_00725,25.045379,121.519584,2,taipei_udd_Image_2025,21,4,1756477,897793,0,ok,taipei_z21/images/TPS_00725.jpg
TPS_00727,25.044916,121.523505,2,taipei_udd_Image_2025,21,4,1756500,897796,0,ok,taipei_z21/images/TPS_00727.jpg
TPS_00726,25.044705,121.523201,2,taipei_udd_Image_2025,21,4,1756498,897797,0,ok,taipei_z21/images/TPS_00726.jpg
TPS_00728,25.047941,121.524343,2,taipei_udd_Image_2025,21,4,1756505,897776,0,ok,taipei_z21/images/TPS_00728.jpg
TPS_00729,25.050893,121.51704,2,taipei_udd_Image_2025,21,4,1756462,897757,0,ok,taipei_z21/images/TPS_00729.jpg
TPS_00730,25.047661,121.524075,2,taipei_udd_Image_2025,21,4,1756503,897778,0,ok,taipei_z21/images/TPS_00730.jpg
TPS_00731,25.037999,121.583792,2,taipei_udd_Image_2025,21,4,1756851,897840,0,ok,taipei_z21/images/TPS_00731.jpg
TPS_00732,25.037156,121.581493,2,taipei_udd_Image_2025,21,4,1756838,897846,0,ok,taipei_z21/images/TPS_00732.jpg
TPS_00733,25.041008,121.570159,2,taipei_udd_Image_2025,21,4,1756772,897821,0,ok,taipei_z21/images/TPS_00733.jpg
TPS_00734,25.049276,121.576001,2,taipei_udd_Image_2025,21,4,1756806,897768,0,ok,taipei_z21/images/TPS_00734.jpg
TPS_00735,25.048417,121.575998,2,taipei_udd_Image_2025,21,4,1756806,897773,0,ok,taipei_z21/images/TPS_00735.jpg
TPS_00736,25.050022,121.575985,2,taipei_udd_Image_2025,21,4,1756805,897763,0,ok,taipei_z21/images/TPS_00736.jpg
TPS_00737,25.044318,121.577813,2,taipei_udd_Image_2025,21,4,1756816,897799,0,ok,taipei_z21/images/TPS_00737.jpg
TPS_00738,25.045534,121.574188,2,taipei_udd_Image_2025,21,4,1756795,897792,0,ok,taipei_z21/images/TPS_00738.jpg
TPS_00739,25.044649,121.572064,2,taipei_udd_Image_2025,21,4,1756783,897797,0,ok,taipei_z21/images/TPS_00739.jpg
TPS_00740,25.044425,121.568817,2,taipei_udd_Image_2025,21,4,1756764,897799,0,ok,taipei_z21/images/TPS_00740.jpg
TPS_00741,25.045513,121.575482,2,taipei_udd_Image_2025,21,4,1756803,897792,0,ok,taipei_z21/images/TPS_00741.jpg
TPS_00742,25.047647,121.580499,2,taipei_udd_Image_2025,21,4,1756832,897778,0,ok,taipei_z21/images/TPS_00742.jpg
TPS_00743,25.048117,121.579234,2,taipei_udd_Image_2025,21,4,1756824,897775,0,ok,taipei_z21/images/TPS_00743.jpg
TPS_00744,25.050372,121.579667,2,taipei_udd_Image_2025,21,4,1756827,897761,0,ok,taipei_z21/images/TPS_00744.jpg
TPS_00745,25.046482,121.580672,2,taipei_udd_Image_2025,21,4,1756833,897786,0,ok,taipei_z21/images/TPS_00745.jpg
TPS_00746,25.046645,121.577799,2,taipei_udd_Image_2025,21,4,1756816,897785,0,ok,taipei_z21/images/TPS_00746.jpg
TPS_00747,25.045471,121.57701,2,taipei_udd_Image_2025,21,4,1756811,897792,0,ok,taipei_z21/images/TPS_00747.jpg
TPS_00749,25.048917,121.580108,2,taipei_udd_Image_2025,21,4,1756829,897770,0,ok,taipei_z21/images/TPS_00749.jpg
TPS_00748,25.051493,121.580037,2,taipei_udd_Image_2025,21,4,1756829,897753,0,ok,taipei_z21/images/TPS_00748.jpg
TPS_00750,25.065998,121.578809,2,taipei_udd_Image_2025,21,4,1756822,897660,0,ok,taipei_z21/images/TPS_00750.jpg
TPS_00751,25.066978,121.581323,2,taipei_udd_Image_2025,21,4,1756837,897654,0,ok,taipei_z21/images/TPS_00751.jpg
TPS_00752,25.063546,121.576716,2,taipei_udd_Image_2025,21,4,1756810,897676,0,ok,taipei_z21/images/TPS_00752.jpg
TPS_00753,25.065626,121.575174,2,taipei_udd_Image_2025,21,4,1756801,897662,0,ok,taipei_z21/images/TPS_00753.jpg
TPS_00754,25.065949,121.574997,2,taipei_udd_Image_2025,21,4,1756800,897660,0,ok,taipei_z21/images/TPS_00754.jpg
TPS_00755,25.051531,121.582562,2,taipei_udd_Image_2025,21,4,1756844,897753,0,ok,taipei_z21/images/TPS_00755.jpg
TPS_00756,25.072529,121.538509,2,taipei_udd_Image_2025,21,4,1756587,897618,0,ok,taipei_z21/images/TPS_00756.jpg
TPS_00757,25.058506,121.558361,2,taipei_udd_Image_2025,21,4,1756703,897708,0,ok,taipei_z21/images/TPS_00757.jpg
TPS_00758,25.057987,121.552105,2,taipei_udd_Image_2025,21,4,1756666,897712,0,ok,taipei_z21/images/TPS_00758.jpg
TPS_00759,25.00201,121.581047,2,taipei_udd_Image_2025,21,4,1756835,898071,0,ok,taipei_z21/images/TPS_00759.jpg
TPS_00760,25.001825,121.597327,2,taipei_udd_Image_2025,21,4,1756930,898073,0,ok,taipei_z21/images/TPS_00760.jpg
TPS_00761,25.028312,121.534508,2,taipei_udd_Image_2025,21,4,1756564,897902,0,ok,taipei_z21/images/TPS_00761.jpg
TPS_00762,25.028888,121.526319,2,taipei_udd_Image_2025,21,4,1756516,897899,0,ok,taipei_z21/images/TPS_00762.jpg
TPS_00763,25.033016,121.527086,2,taipei_udd_Image_2025,21,4,1756521,897872,0,ok,taipei_z21/images/TPS_00763.jpg
TPS_00765,25.026319,121.531984,2,taipei_udd_Image_2025,21,4,1756549,897915,0,ok,taipei_z21/images/TPS_00765.jpg
TPS_00764,25.03019,121.526571,2,taipei_udd_Image_2025,21,4,1756518,897890,0,ok,taipei_z21/images/TPS_00764.jpg
TPS_00766,25.084137,121.525468,2,taipei_udd_Image_2025,21,4,1756511,897543,0,ok,taipei_z21/images/TPS_00766.jpg
TPS_00767,25.088835,121.52154,2,taipei_udd_Image_2025,21,4,1756488,897513,0,ok,taipei_z21/images/TPS_00767.jpg
TPS_00768,25.086728,121.509288,2,taipei_udd_Image_2025,21,4,1756417,897527,0,ok,taipei_z21/images/TPS_00768.jpg
TPS_00769,25.094652,121.497341,2,taipei_udd_Image_2025,21,4,1756347,897476,0,ok,taipei_z21/images/TPS_00769.jpg
TPS_00770,25.089547,121.506813,2,taipei_udd_Image_2025,21,4,1756402,897509,0,ok,taipei_z21/images/TPS_00770.jpg
TPS_00771,25.056876,121.508238,2,taipei_udd_Image_2025,21,4,1756411,897719,0,ok,taipei_z21/images/TPS_00771.jpg
TPS_00772,25.051569,121.513915,2,taipei_udd_Image_2025,21,4,1756444,897753,0,ok,taipei_z21/images/TPS_00772.jpg
TPS_00773,25.049883,121.511976,2,taipei_udd_Image_2025,21,4,1756433,897764,0,ok,taipei_z21/images/TPS_00773.jpg
TPS_00774,25.048636,121.50763,2,taipei_udd_Image_2025,21,4,1756407,897772,0,ok,taipei_z21/images/TPS_00774.jpg
TPS_00775,25.048153,121.509996,2,taipei_udd_Image_2025,21,4,1756421,897775,0,ok,taipei_z21/images/TPS_00775.jpg
TPS_00776,25.050175,121.510519,2,taipei_udd_Image_2025,21,4,1756424,897762,0,ok,taipei_z21/images/TPS_00776.jpg
TPS_00777,25.047254,121.513273,2,taipei_udd_Image_2025,21,4,1756440,897781,0,ok,taipei_z21/images/TPS_00777.jpg
TPS_00778,25.091359,121.500296,2,taipei_udd_Image_2025,21,4,1756365,897497,0,ok,taipei_z21/images/TPS_00778.jpg
TPS_00779,25.089394,121.503778,2,taipei_udd_Image_2025,21,4,1756385,897510,0,ok,taipei_z21/images/TPS_00779.jpg
TPS_00780,25.062985,121.514752,2,taipei_udd_Image_2025,21,4,1756449,897679,0,ok,taipei_z21/images/TPS_00780.jpg
TPS_00781,25.058427,121.518201,2,taipei_udd_Image_2025,21,4,1756469,897709,0,ok,taipei_z21/images/TPS_00781.jpg
TPS_00782,25.058199,121.513656,2,taipei_udd_Image_2025,21,4,1756442,897710,0,ok,taipei_z21/images/TPS_00782.jpg
TPS_00783,25.062816,121.520832,2,taipei_udd_Image_2025,21,4,1756484,897681,0,ok,taipei_z21/images/TPS_00783.jpg
TPS_00784,25.061188,121.527441,2,taipei_udd_Image_2025,21,4,1756523,897691,0,ok,taipei_z21/images/TPS_00784.jpg
TPS_00785,25.062689,121.52563,2,taipei_udd_Image_2025,21,4,1756512,897681,0,ok,taipei_z21/images/TPS_00785.jpg
TPS_00786,25.096542,121.532131,2,taipei_udd_Image_2025,21,4,1756550,897464,0,ok,taipei_z21/images/TPS_00786.jpg
TPS_00787,25.08959,121.51987,2,taipei_udd_Image_2025,21,4,1756479,897508,0,ok,taipei_z21/images/TPS_00787.jpg
TPS_00788,25.089903,121.518399,2,taipei_udd_Image_2025,21,4,1756470,897506,0,ok,taipei_z21/images/TPS_00788.jpg
TPS_00789,25.09609,121.514023,2,taipei_udd_Image_2025,21,4,1756444,897467,0,ok,taipei_z21/images/TPS_00789.jpg
TPS_00790,25.098952,121.512862,2,taipei_udd_Image_2025,21,4,1756438,897448,0,ok,taipei_z21/images/TPS_00790.jpg
TPS_00791,25.03125,121.504158,2,taipei_udd_Image_2025,21,4,1756387,897884,0,ok,taipei_z21/images/TPS_00791.jpg
TPS_00792,25.027555,121.494488,2,taipei_udd_Image_2025,21,4,1756331,897907,0,ok,taipei_z21/images/TPS_00792.jpg
TPS_00793,25.022303,121.498152,2,taipei_udd_Image_2025,21,4,1756352,897941,0,ok,taipei_z21/images/TPS_00793.jpg
TPS_00794,25.022661,121.499368,2,taipei_udd_Image_2025,21,4,1756359,897939,0,ok,taipei_z21/images/TPS_00794.jpg
TPS_00795,25.035524,121.490834,2,taipei_udd_Image_2025,21,4,1756309,897856,0,ok,taipei_z21/images/TPS_00795.jpg
TPS_00796,25.03851,121.497149,2,taipei_udd_Image_2025,21,4,1756346,897837,0,ok,taipei_z21/images/TPS_00796.jpg
TPS_00797,25.040079,121.497902,2,taipei_udd_Image_2025,21,4,1756351,897827,0,ok,taipei_z21/images/TPS_00797.jpg
TPS_00798,25.032868,121.492108,2,taipei_udd_Image_2025,21,4,1756317,897873,0,ok,taipei_z21/images/TPS_00798.jpg
TPS_00799,25.066726,121.578496,2,taipei_udd_Image_2025,21,4,1756820,897655,0,ok,taipei_z21/images/TPS_00799.jpg
TPS_00800,25.067958,121.581562,2,taipei_udd_Image_2025,21,4,1756838,897647,0,ok,taipei_z21/images/TPS_00800.jpg
TPS_00801,25.026186,121.533626,2,taipei_udd_Image_2025,21,4,1756559,897916,0,ok,taipei_z21/images/TPS_00801.jpg
TPS_00802,25.044212,121.581944,2,taipei_udd_Image_2025,21,4,1756840,897800,0,ok,taipei_z21/images/TPS_00802.jpg
TPS_00803,25.062951,121.512174,2,taipei_udd_Image_2025,21,4,1756434,897680,0,ok,taipei_z21/images/TPS_00803.jpg
TPS_00804,25.067256,121.513719,2,taipei_udd_Image_2025,21,4,1756443,897652,0,ok,taipei_z21/images/TPS_00804.jpg
TPS_00805,25.000591,121.543207,2,taipei_udd_Image_2025,21,4,1756614,898081,0,ok,taipei_z21/images/TPS_00805.jpg
TPS_00806,24.99988,121.554081,2,taipei_udd_Image_2025,21,4,1756678,898085,0,ok,taipei_z21/images/TPS_00806.jpg
TPS_00807,25.003651,121.556333,2,taipei_udd_Image_2025,21,4,1756691,898061,0,ok,taipei_z21/images/TPS_00807.jpg
TPS_00808,25.004243,121.570306,2,taipei_udd_Image_2025,21,4,1756772,898057,0,ok,taipei_z21/images/TPS_00808.jpg
TPS_00809,25.032343,121.522557,2,taipei_udd_Image_2025,21,4,1756494,897876,0,ok,taipei_z21/images/TPS_00809.jpg
TPS_00810,24.999456,121.544004,2,taipei_udd_Image_2025,21,4,1756619,898088,0,ok,taipei_z21/images/TPS_00810.jpg
TPS_00811,24.999311,121.557463,2,taipei_udd_Image_2025,21,4,1756698,898089,0,ok,taipei_z21/images/TPS_00811.jpg
TPS_00812,24.997764,121.559228,2,taipei_udd_Image_2025,21,4,1756708,898099,0,ok,taipei_z21/images/TPS_00812.jpg
TPS_00813,25.000203,121.556015,2,taipei_udd_Image_2025,21,4,1756689,898083,0,ok,taipei_z21/images/TPS_00813.jpg
TPS_00814,25.002209,121.555429,2,taipei_udd_Image_2025,21,4,1756686,898070,0,ok,taipei_z21/images/TPS_00814.jpg
TPS_00815,24.998066,121.558854,2,taipei_udd_Image_2025,21,4,1756706,898097,0,ok,taipei_z21/images/TPS_00815.jpg
TPS_00816,25.020386,121.534041,2,taipei_udd_Image_2025,21,4,1756561,897953,0,ok,taipei_z21/images/TPS_00816.jpg
TPS_00817,25.061796,121.578035,2,taipei_udd_Image_2025,21,4,1756817,897687,0,ok,taipei_z21/images/TPS_00817.jpg
TPS_00818,25.064818,121.585643,2,taipei_udd_Image_2025,21,4,1756862,897668,0,ok,taipei_z21/images/TPS_00818.jpg
TPS_00819,25.066286,121.585739,2,taipei_udd_Image_2025,21,4,1756862,897658,0,ok,taipei_z21/images/TPS_00819.jpg
TPS_00820,25.069049,121.587825,2,taipei_udd_Image_2025,21,4,1756874,897640,0,ok,taipei_z21/images/TPS_00820.jpg
TPS_00821,25.031219,121.502274,2,taipei_udd_Image_2025,21,4,1756376,897884,0,ok,taipei_z21/images/TPS_00821.jpg
TPS_00822,25.026484,121.518951,2,taipei_udd_Image_2025,21,4,1756473,897914,0,ok,taipei_z21/images/TPS_00822.jpg
TPS_00823,25.029008,121.512096,2,taipei_udd_Image_2025,21,4,1756433,897898,0,ok,taipei_z21/images/TPS_00823.jpg
TPS_00824,25.029512,121.508893,2,taipei_udd_Image_2025,21,4,1756415,897895,0,ok,taipei_z21/images/TPS_00824.jpg
TPS_00825,25.028504,121.510169,2,taipei_udd_Image_2025,21,4,1756422,897901,0,ok,taipei_z21/images/TPS_00825.jpg
TPS_00826,25.028162,121.510796,2,taipei_udd_Image_2025,21,4,1756426,897903,0,ok,taipei_z21/images/TPS_00826.jpg
TPS_00827,25.029696,121.502305,2,taipei_udd_Image_2025,21,4,1756376,897893,0,ok,taipei_z21/images/TPS_00827.jpg
TPS_00828,25.02772,121.500504,2,taipei_udd_Image_2025,21,4,1756366,897906,0,ok,taipei_z21/images/TPS_00828.jpg
TPS_00829,25.033895,121.493012,2,taipei_udd_Image_2025,21,4,1756322,897866,0,ok,taipei_z21/images/TPS_00829.jpg
TPS_00830,25.086693,121.562689,2,taipei_udd_Image_2025,21,4,1756728,897527,0,ok,taipei_z21/images/TPS_00830.jpg
TPS_00831,25.086403,121.568026,2,taipei_udd_Image_2025,21,4,1756759,897529,0,ok,taipei_z21/images/TPS_00831.jpg
TPS_00832,25.078609,121.578943,2,taipei_udd_Image_2025,21,4,1756823,897579,0,ok,taipei_z21/images/TPS_00832.jpg
TPS_00833,25.078544,121.583597,2,taipei_udd_Image_2025,21,4,1756850,897579,0,ok,taipei_z21/images/TPS_00833.jpg
TPS_00834,25.078812,121.587953,2,taipei_udd_Image_2025,21,4,1756875,897578,0,ok,taipei_z21/images/TPS_00834.jpg
TPS_00835,25.067919,121.617413,2,taipei_udd_Image_2025,21,4,1757047,897648,0,ok,taipei_z21/images/TPS_00835.jpg
TPS_00836,25.068231,121.616222,2,taipei_udd_Image_2025,21,4,1757040,897646,0,ok,taipei_z21/images/TPS_00836.jpg
TPS_00837,25.071958,121.608833,2,taipei_udd_Image_2025,21,4,1756997,897622,0,ok,taipei_z21/images/TPS_00837.jpg
TPS_00840,25.073162,121.606166,2,taipei_udd_Image_2025,21,4,1756981,897614,0,ok,taipei_z21/images/TPS_00840.jpg
TPS_00838,25.084326,121.60139,2,taipei_udd_Image_2025,21,4,1756953,897542,0,ok,taipei_z21/images/TPS_00838.jpg
TPS_00839,25.081985,121.6065,2,taipei_udd_Image_2025,21,4,1756983,897557,0,ok,taipei_z21/images/TPS_00839.jpg
TPS_00841,25.000202,121.583566,2,taipei_udd_Image_2025,21,4,1756850,898083,0,ok,taipei_z21/images/TPS_00841.jpg
TPS_00842,25.057586,121.616801,2,taipei_udd_Image_2025,21,4,1757043,897714,0,ok,taipei_z21/images/TPS_00842.jpg
TPS_00843,25.057953,121.592749,2,taipei_udd_Image_2025,21,4,1756903,897712,0,ok,taipei_z21/images/TPS_00843.jpg
TPS_00844,25.050424,121.594021,2,taipei_udd_Image_2025,21,4,1756911,897760,0,ok,taipei_z21/images/TPS_00844.jpg
TPS_00846,25.058097,121.616836,2,taipei_udd_Image_2025,21,4,1757043,897711,0,ok,taipei_z21/images/TPS_00846.jpg
TPS_00845,25.054821,121.594592,2,taipei_udd_Image_2025,21,4,1756914,897732,0,ok,taipei_z21/images/TPS_00845.jpg
TPS_00847,25.056302,121.61961,2,taipei_udd_Image_2025,21,4,1757060,897722,0,ok,taipei_z21/images/TPS_00847.jpg
TPS_00848,25.052355,121.609073,2,taipei_udd_Image_2025,21,4,1756998,897748,0,ok,taipei_z21/images/TPS_00848.jpg
TPS_00849,25.059062,121.619492,2,taipei_udd_Image_2025,21,4,1757059,897705,0,ok,taipei_z21/images/TPS_00849.jpg
TPS_00850,25.110038,121.511796,2,taipei_udd_Image_2025,21,4,1756432,897377,0,ok,taipei_z21/images/TPS_00850.jpg
TPS_00851,25.108732,121.525261,2,taipei_udd_Image_2025,21,4,1756510,897385,0,ok,taipei_z21/images/TPS_00851.jpg
TPS_00852,25.061032,121.61803,2,taipei_udd_Image_2025,21,4,1757050,897692,0,ok,taipei_z21/images/TPS_00852.jpg
TPS_00853,25.059349,121.616567,2,taipei_udd_Image_2025,21,4,1757042,897703,0,ok,taipei_z21/images/TPS_00853.jpg
TPS_00854,25.060527,121.614465,2,taipei_udd_Image_2025,21,4,1757030,897695,0,ok,taipei_z21/images/TPS_00854.jpg
TPS_00855,25.068946,121.586017,2,taipei_udd_Image_2025,21,4,1756864,897641,0,ok,taipei_z21/images/TPS_00855.jpg
TPS_00856,25.060621,121.591338,2,taipei_udd_Image_2025,21,4,1756895,897695,0,ok,taipei_z21/images/TPS_00856.jpg
TPS_00857,25.048021,121.585066,2,taipei_udd_Image_2025,21,4,1756858,897776,0,ok,taipei_z21/images/TPS_00857.jpg
TPS_00858,25.063808,121.611153,2,taipei_udd_Image_2025,21,4,1757010,897674,0,ok,taipei_z21/images/TPS_00858.jpg
TPS_00859,25.060476,121.596868,2,taipei_udd_Image_2025,21,4,1756927,897696,0,ok,taipei_z21/images/TPS_00859.jpg
TPS_00860,25.121955,121.486267,2,taipei_udd_Image_2025,21,4,1756283,897300,0,ok,taipei_z21/images/TPS_00860.jpg
TPS_00861,25.067739,121.611806,2,taipei_udd_Image_2025,21,4,1757014,897649,0,ok,taipei_z21/images/TPS_00861.jpg
TPS_00862,25.051978,121.616081,2,taipei_udd_Image_2025,21,4,1757039,897750,0,ok,taipei_z21/images/TPS_00862.jpg
TPS_00863,25.051186,121.593732,2,taipei_udd_Image_2025,21,4,1756909,897755,0,ok,taipei_z21/images/TPS_00863.jpg
TPS_00864,25.054795,121.582505,2,taipei_udd_Image_2025,21,4,1756843,897732,0,ok,taipei_z21/images/TPS_00864.jpg
TPS_00865,25.068372,121.618257,2,taipei_udd_Image_2025,21,4,1757052,897645,0,ok,taipei_z21/images/TPS_00865.jpg
TPS_00866,25.08265,121.556341,2,taipei_udd_Image_2025,21,4,1756691,897553,0,ok,taipei_z21/images/TPS_00866.jpg
TPS_00867,25.084653,121.556295,2,taipei_udd_Image_2025,21,4,1756691,897540,0,ok,taipei_z21/images/TPS_00867.jpg
TPS_00868,25.083939,121.556339,2,taipei_udd_Image_2025,21,4,1756691,897545,0,ok,taipei_z21/images/TPS_00868.jpg
TPS_00869,25.079241,121.556313,2,taipei_udd_Image_2025,21,4,1756691,897575,0,ok,taipei_z21/images/TPS_00869.jpg
TPS_00870,25.076119,121.563157,2,taipei_udd_Image_2025,21,4,1756731,897595,0,ok,taipei_z21/images/TPS_00870.jpg
TPS_00871,25.097944,121.534437,2,taipei_udd_Image_2025,21,4,1756563,897455,0,ok,taipei_z21/images/TPS_00871.jpg
TPS_00872,25.100033,121.55007,2,taipei_udd_Image_2025,21,4,1756654,897441,0,ok,taipei_z21/images/TPS_00872.jpg
TPS_00874,25.04776,121.522252,2,taipei_udd_Image_2025,21,4,1756492,897777,0,ok,taipei_z21/images/TPS_00874.jpg
TPS_00873,25.044035,121.521316,2,taipei_udd_Image_2025,21,4,1756487,897801,0,ok,taipei_z21/images/TPS_00873.jpg
TPS_00875,25.048828,121.615846,2,taipei_udd_Image_2025,21,4,1757038,897770,0,ok,taipei_z21/images/TPS_00875.jpg
TPS_00876,25.047684,121.615707,2,taipei_udd_Image_2025,21,4,1757037,897778,0,ok,taipei_z21/images/TPS_00876.jpg
TPS_00877,25.052775,121.612616,2,taipei_udd_Image_2025,21,4,1757019,897745,0,ok,taipei_z21/images/TPS_00877.jpg
TPS_00878,25.08283,121.605458,2,taipei_udd_Image_2025,21,4,1756977,897552,0,ok,taipei_z21/images/TPS_00878.jpg
TPS_00879,25.132688,121.497539,2,taipei_udd_Image_2025,21,4,1756348,897231,0,ok,taipei_z21/images/TPS_00879.jpg
TPS_00880,25.074098,121.601841,2,taipei_udd_Image_2025,21,4,1756956,897608,0,ok,taipei_z21/images/TPS_00880.jpg
TPS_00881,25.110008,121.520251,2,taipei_udd_Image_2025,21,4,1756481,897377,0,ok,taipei_z21/images/TPS_00881.jpg
TPS_00882,25.118077,121.517514,2,taipei_udd_Image_2025,21,4,1756465,897325,0,ok,taipei_z21/images/TPS_00882.jpg
TPS_00883,25.114372,121.507197,2,taipei_udd_Image_2025,21,4,1756405,897349,0,ok,taipei_z21/images/TPS_00883.jpg
TPS_00884,25.112454,121.509293,2,taipei_udd_Image_2025,21,4,1756417,897361,0,ok,taipei_z21/images/TPS_00884.jpg
TPS_00885,25.121738,121.526787,2,taipei_udd_Image_2025,21,4,1756519,897302,0,ok,taipei_z21/images/TPS_00885.jpg
TPS_00886,25.046824,121.515019,2,taipei_udd_Image_2025,21,4,1756450,897783,0,ok,taipei_z21/images/TPS_00886.jpg
TPS_00887,25.046205,121.517512,2,taipei_udd_Image_2025,21,4,1756465,897787,0,ok,taipei_z21/images/TPS_00887.jpg
TPS_00888,25.048369,121.508721,2,taipei_udd_Image_2025,21,4,1756414,897773,0,ok,taipei_z21/images/TPS_00888.jpg
TPS_00889,25.044477,121.52525,2,taipei_udd_Image_2025,21,4,1756510,897798,0,ok,taipei_z21/images/TPS_00889.jpg
TPS_00890,25.095026,121.524623,2,taipei_udd_Image_2025,21,4,1756506,897473,0,ok,taipei_z21/images/TPS_00890.jpg
TPS_00891,25.083783,121.550833,2,taipei_udd_Image_2025,21,4,1756659,897546,0,ok,taipei_z21/images/TPS_00891.jpg
TPS_00892,25.082071,121.548814,2,taipei_udd_Image_2025,21,4,1756647,897557,0,ok,taipei_z21/images/TPS_00892.jpg
TPS_00893,25.079989,121.552105,2,taipei_udd_Image_2025,21,4,1756666,897570,0,ok,taipei_z21/images/TPS_00893.jpg
TPS_00894,25.07794,121.534995,2,taipei_udd_Image_2025,21,4,1756567,897583,0,ok,taipei_z21/images/TPS_00894.jpg
TPS_00895,25.079381,121.539125,2,taipei_udd_Image_2025,21,4,1756591,897574,0,ok,taipei_z21/images/TPS_00895.jpg
TPS_00896,25.060274,121.579209,2,taipei_udd_Image_2025,21,4,1756824,897697,0,ok,taipei_z21/images/TPS_00896.jpg
TPS_00897,25.062663,121.584714,2,taipei_udd_Image_2025,21,4,1756856,897682,0,ok,taipei_z21/images/TPS_00897.jpg
TPS_00898,25.060593,121.582655,2,taipei_udd_Image_2025,21,4,1756844,897695,0,ok,taipei_z21/images/TPS_00898.jpg
TPS_00899,24.992781,121.543334,2,taipei_udd_Image_2025,21,4,1756615,898131,0,ok,taipei_z21/images/TPS_00899.jpg
TPS_00900,24.989866,121.540947,2,taipei_udd_Image_2025,21,4,1756601,898150,0,ok,taipei_z21/images/TPS_00900.jpg
TPS_00901,24.988069,121.553793,2,taipei_udd_Image_2025,21,4,1756676,898161,0,ok,taipei_z21/images/TPS_00901.jpg
TPS_00902,24.986932,121.566788,2,taipei_udd_Image_2025,21,4,1756752,898168,0,ok,taipei_z21/images/TPS_00902.jpg
TPS_00903,25.059235,121.513635,2,taipei_udd_Image_2025,21,4,1756442,897704,0,ok,taipei_z21/images/TPS_00903.jpg
TPS_00904,25.056928,121.510738,2,taipei_udd_Image_2025,21,4,1756425,897718,0,ok,taipei_z21/images/TPS_00904.jpg
TPS_00905,25.05822,121.511503,2,taipei_udd_Image_2025,21,4,1756430,897710,0,ok,taipei_z21/images/TPS_00905.jpg
TPS_00906,25.060211,121.518234,2,taipei_udd_Image_2025,21,4,1756469,897697,0,ok,taipei_z21/images/TPS_00906.jpg
TPS_00907,25.110754,121.494369,2,taipei_udd_Image_2025,21,4,1756330,897372,0,ok,taipei_z21/images/TPS_00907.jpg
TPS_00908,25.036054,121.506539,2,taipei_udd_Image_2025,21,4,1756401,897853,0,ok,taipei_z21/images/TPS_00908.jpg
TPS_00909,24.99417,121.541132,2,taipei_udd_Image_2025,21,4,1756602,898122,0,ok,taipei_z21/images/TPS_00909.jpg
TPS_00910,24.988184,121.555117,2,taipei_udd_Image_2025,21,4,1756684,898160,0,ok,taipei_z21/images/TPS_00910.jpg
TPS_00911,25.080701,121.590882,2,taipei_udd_Image_2025,21,4,1756892,897566,0,ok,taipei_z21/images/TPS_00911.jpg
TPS_00912,24.988508,121.556592,2,taipei_udd_Image_2025,21,4,1756692,898158,0,ok,taipei_z21/images/TPS_00912.jpg
TPS_00913,24.986737,121.545362,2,taipei_udd_Image_2025,21,4,1756627,898170,0,ok,taipei_z21/images/TPS_00913.jpg
TPS_00914,24.986752,121.545999,2,taipei_udd_Image_2025,21,4,1756631,898170,0,ok,taipei_z21/images/TPS_00914.jpg
TPS_00915,25.028721,121.494321,2,taipei_udd_Image_2025,21,4,1756330,897900,0,ok,taipei_z21/images/TPS_00915.jpg
TPS_00916,25.033402,121.505292,2,taipei_udd_Image_2025,21,4,1756394,897870,0,ok,taipei_z21/images/TPS_00916.jpg
TPS_00917,25.02856,121.489029,2,taipei_udd_Image_2025,21,4,1756299,897901,0,ok,taipei_z21/images/TPS_00917.jpg
TPS_00918,25.026335,121.500462,2,taipei_udd_Image_2025,21,4,1756365,897915,0,ok,taipei_z21/images/TPS_00918.jpg
TPS_00919,25.035227,121.501219,2,taipei_udd_Image_2025,21,4,1756370,897858,0,ok,taipei_z21/images/TPS_00919.jpg
TPS_00920,25.026933,121.493744,2,taipei_udd_Image_2025,21,4,1756326,897911,0,ok,taipei_z21/images/TPS_00920.jpg
TPS_00921,25.03453,121.505665,2,taipei_udd_Image_2025,21,4,1756396,897862,0,ok,taipei_z21/images/TPS_00921.jpg
TPS_00922,25.031182,121.500583,2,taipei_udd_Image_2025,21,4,1756366,897884,0,ok,taipei_z21/images/TPS_00922.jpg
TPS_00923,25.033275,121.502236,2,taipei_udd_Image_2025,21,4,1756376,897870,0,ok,taipei_z21/images/TPS_00923.jpg
TPS_00924,25.032673,121.495944,2,taipei_udd_Image_2025,21,4,1756339,897874,0,ok,taipei_z21/images/TPS_00924.jpg
TPS_00925,25.030646,121.507227,2,taipei_udd_Image_2025,21,4,1756405,897887,0,ok,taipei_z21/images/TPS_00925.jpg
TPS_00926,25.030047,121.504147,2,taipei_udd_Image_2025,21,4,1756387,897891,0,ok,taipei_z21/images/TPS_00926.jpg
TPS_00927,25.031337,121.490752,2,taipei_udd_Image_2025,21,4,1756309,897883,0,ok,taipei_z21/images/TPS_00927.jpg
TPS_00928,25.032985,121.500531,2,taipei_udd_Image_2025,21,4,1756366,897872,0,ok,taipei_z21/images/TPS_00928.jpg
TPS_00929,25.031007,121.493982,2,taipei_udd_Image_2025,21,4,1756328,897885,0,ok,taipei_z21/images/TPS_00929.jpg
TPS_00930,25.036924,121.495693,2,taipei_udd_Image_2025,21,4,1756338,897847,0,ok,taipei_z21/images/TPS_00930.jpg
TPS_00931,25.035139,121.499117,2,taipei_udd_Image_2025,21,4,1756358,897858,0,ok,taipei_z21/images/TPS_00931.jpg
TPS_00932,25.036802,121.505078,2,taipei_udd_Image_2025,21,4,1756392,897848,0,ok,taipei_z21/images/TPS_00932.jpg
TPS_00933,25.032059,121.491389,2,taipei_udd_Image_2025,21,4,1756313,897878,0,ok,taipei_z21/images/TPS_00933.jpg
TPS_00934,25.049051,121.588179,2,taipei_udd_Image_2025,21,4,1756876,897769,0,ok,taipei_z21/images/TPS_00934.jpg
TPS_00935,25.049261,121.589117,2,taipei_udd_Image_2025,21,4,1756882,897768,0,ok,taipei_z21/images/TPS_00935.jpg
TPS_00936,25.068542,121.615093,2,taipei_udd_Image_2025,21,4,1757033,897644,0,ok,taipei_z21/images/TPS_00936.jpg
TPS_00937,25.039489,121.528754,2,taipei_udd_Image_2025,21,4,1756530,897831,0,ok,taipei_z21/images/TPS_00937.jpg
TPS_00938,25.039534,121.517747,2,taipei_udd_Image_2025,21,4,1756466,897830,0,ok,taipei_z21/images/TPS_00938.jpg
TPS_00939,25.136848,121.546364,2,taipei_udd_Image_2025,21,4,1756633,897204,0,ok,taipei_z21/images/TPS_00939.jpg
TPS_00940,25.121513,121.531552,2,taipei_udd_Image_2025,21,4,1756547,897303,0,ok,taipei_z21/images/TPS_00940.jpg
TPS_00941,25.120222,121.531056,2,taipei_udd_Image_2025,21,4,1756544,897311,0,ok,taipei_z21/images/TPS_00941.jpg
TPS_00942,25.118143,121.53641,2,taipei_udd_Image_2025,21,4,1756575,897325,0,ok,taipei_z21/images/TPS_00942.jpg
TPS_00943,25.107644,121.530163,2,taipei_udd_Image_2025,21,4,1756539,897392,0,ok,taipei_z21/images/TPS_00943.jpg
TPS_00944,25.116424,121.539065,2,taipei_udd_Image_2025,21,4,1756590,897336,0,ok,taipei_z21/images/TPS_00944.jpg
TPS_00945,25.105609,121.528983,2,taipei_udd_Image_2025,21,4,1756532,897405,0,ok,taipei_z21/images/TPS_00945.jpg
TPS_00946,25.114917,121.532932,2,taipei_udd_Image_2025,21,4,1756555,897345,0,ok,taipei_z21/images/TPS_00946.jpg
TPS_00947,25.112741,121.533559,2,taipei_udd_Image_2025,21,4,1756558,897359,0,ok,taipei_z21/images/TPS_00947.jpg
TPS_00949,25.04312,121.518924,2,taipei_udd_Image_2025,21,4,1756473,897807,0,ok,taipei_z21/images/TPS_00949.jpg
TPS_00948,25.034844,121.568363,2,taipei_udd_Image_2025,21,4,1756761,897860,0,ok,taipei_z21/images/TPS_00948.jpg
TPS_00950,25.096781,121.54713,2,taipei_udd_Image_2025,21,4,1756637,897462,0,ok,taipei_z21/images/TPS_00950.jpg
TPS_00951,25.101635,121.552438,2,taipei_udd_Image_2025,21,4,1756668,897431,0,ok,taipei_z21/images/TPS_00951.jpg
TPS_00952,25.097115,121.544248,2,taipei_udd_Image_2025,21,4,1756621,897460,0,ok,taipei_z21/images/TPS_00952.jpg
TPS_00953,25.096812,121.520901,2,taipei_udd_Image_2025,21,4,1756485,897462,0,ok,taipei_z21/images/TPS_00953.jpg
TPS_00954,25.094553,121.522533,2,taipei_udd_Image_2025,21,4,1756494,897476,0,ok,taipei_z21/images/TPS_00954.jpg
TPS_00955,25.104253,121.526639,2,taipei_udd_Image_2025,21,4,1756518,897414,0,ok,taipei_z21/images/TPS_00955.jpg
TPS_00956,25.097788,121.513331,2,taipei_udd_Image_2025,21,4,1756440,897456,0,ok,taipei_z21/images/TPS_00956.jpg
TPS_00957,25.091849,121.517721,2,taipei_udd_Image_2025,21,4,1756466,897494,0,ok,taipei_z21/images/TPS_00957.jpg
TPS_00958,25.092455,121.518654,2,taipei_udd_Image_2025,21,4,1756471,897490,0,ok,taipei_z21/images/TPS_00958.jpg
TPS_00959,25.093371,121.520036,2,taipei_udd_Image_2025,21,4,1756480,897484,0,ok,taipei_z21/images/TPS_00959.jpg
TPS_00960,25.071878,121.589757,2,taipei_udd_Image_2025,21,4,1756886,897622,0,ok,taipei_z21/images/TPS_00960.jpg
TPS_00961,24.993506,121.559116,2,taipei_udd_Image_2025,21,4,1756707,898126,0,ok,taipei_z21/images/TPS_00961.jpg
TPS_00962,25.035584,121.503835,2,taipei_udd_Image_2025,21,4,1756385,897856,0,ok,taipei_z21/images/TPS_00962.jpg
TPS_00964,25.030526,121.493457,2,taipei_udd_Image_2025,21,4,1756325,897888,0,ok,taipei_z21/images/TPS_00964.jpg
TPS_00963,25.03031,121.500535,2,taipei_udd_Image_2025,21,4,1756366,897890,0,ok,taipei_z21/images/TPS_00963.jpg
TPS_00965,25.031758,121.494793,2,taipei_udd_Image_2025,21,4,1756332,897880,0,ok,taipei_z21/images/TPS_00965.jpg
TPS_00966,25.069665,121.5834,2,taipei_udd_Image_2025,21,4,1756849,897636,0,ok,taipei_z21/images/TPS_00966.jpg
TPS_00969,25.071521,121.589782,2,taipei_udd_Image_2025,21,4,1756886,897625,0,ok,taipei_z21/images/TPS_00969.jpg
TPS_00967,25.083269,121.563517,2,taipei_udd_Image_2025,21,4,1756733,897549,0,ok,taipei_z21/images/TPS_00967.jpg
TPS_00968,25.078857,121.564284,2,taipei_udd_Image_2025,21,4,1756737,897577,0,ok,taipei_z21/images/TPS_00968.jpg
TPS_00970,25.084454,121.561181,2,taipei_udd_Image_2025,21,4,1756719,897541,0,ok,taipei_z21/images/TPS_00970.jpg
TPS_00971,25.077455,121.589956,2,taipei_udd_Image_2025,21,4,1756887,897586,0,ok,taipei_z21/images/TPS_00971.jpg
TPS_00972,25.078519,121.581169,2,taipei_udd_Image_2025,21,4,1756836,897580,0,ok,taipei_z21/images/TPS_00972.jpg
TPS_00973,25.081942,121.551399,2,taipei_udd_Image_2025,21,4,1756662,897558,0,ok,taipei_z21/images/TPS_00973.jpg
TPS_00974,25.073708,121.606013,2,taipei_udd_Image_2025,21,4,1756980,897610,0,ok,taipei_z21/images/TPS_00974.jpg
TPS_00975,25.079809,121.577138,2,taipei_udd_Image_2025,21,4,1756812,897571,0,ok,taipei_z21/images/TPS_00975.jpg
TPS_00976,25.079022,121.576595,2,taipei_udd_Image_2025,21,4,1756809,897576,0,ok,taipei_z21/images/TPS_00976.jpg
TPS_00977,25.065089,121.572325,2,taipei_udd_Image_2025,21,4,1756784,897666,0,ok,taipei_z21/images/TPS_00977.jpg
TPS_00978,25.003201,121.541211,2,taipei_udd_Image_2025,21,4,1756603,898064,0,ok,taipei_z21/images/TPS_00978.jpg
TPS_00979,25.081212,121.548598,2,taipei_udd_Image_2025,21,4,1756646,897562,0,ok,taipei_z21/images/TPS_00979.jpg
TPS_00980,25.048921,121.577771,2,taipei_udd_Image_2025,21,4,1756816,897770,0,ok,taipei_z21/images/TPS_00980.jpg
TPS_00981,25.049494,121.580087,2,taipei_udd_Image_2025,21,4,1756829,897766,0,ok,taipei_z21/images/TPS_00981.jpg
TPS_00982,25.049517,121.577772,2,taipei_udd_Image_2025,21,4,1756816,897766,0,ok,taipei_z21/images/TPS_00982.jpg
TPS_00983,25.05317,121.606455,2,taipei_udd_Image_2025,21,4,1756983,897743,0,ok,taipei_z21/images/TPS_00983.jpg
TPS_00984,25.052218,121.607918,2,taipei_udd_Image_2025,21,4,1756991,897749,0,ok,taipei_z21/images/TPS_00984.jpg
TPS_00985,25.053363,121.607711,2,taipei_udd_Image_2025,21,4,1756990,897741,0,ok,taipei_z21/images/TPS_00985.jpg
TPS_00986,25.049647,121.583815,2,taipei_udd_Image_2025,21,4,1756851,897765,0,ok,taipei_z21/images/TPS_00986.jpg
TPS_00987,25.052994,121.605366,2,taipei_udd_Image_2025,21,4,1756977,897744,0,ok,taipei_z21/images/TPS_00987.jpg
TPS_00988,25.052692,121.603376,2,taipei_udd_Image_2025,21,4,1756965,897746,0,ok,taipei_z21/images/TPS_00988.jpg
TPS_00989,25.04868,121.586597,2,taipei_udd_Image_2025,21,4,1756867,897771,0,ok,taipei_z21/images/TPS_00989.jpg
TPS_00990,25.051719,121.603563,2,taipei_udd_Image_2025,21,4,1756966,897752,0,ok,taipei_z21/images/TPS_00990.jpg
TPS_00991,25.050509,121.508163,2,taipei_udd_Image_2025,21,4,1756410,897760,0,ok,taipei_z21/images/TPS_00991.jpg
TPS_00992,25.065184,121.590253,2,taipei_udd_Image_2025,21,4,1756889,897665,0,ok,taipei_z21/images/TPS_00992.jpg
TPS_00993,25.063113,121.584982,2,taipei_udd_Image_2025,21,4,1756858,897679,0,ok,taipei_z21/images/TPS_00993.jpg
TPS_00994,25.085005,121.574642,2,taipei_udd_Image_2025,21,4,1756798,897538,0,ok,taipei_z21/images/TPS_00994.jpg
TPS_00995,25.076353,121.574915,2,taipei_udd_Image_2025,21,4,1756799,897593,0,ok,taipei_z21/images/TPS_00995.jpg
TPS_00996,25.13353,121.501948,2,taipei_udd_Image_2025,21,4,1756374,897226,0,ok,taipei_z21/images/TPS_00996.jpg
TPS_00997,25.081197,121.54444,2,taipei_udd_Image_2025,21,4,1756622,897562,0,ok,taipei_z21/images/TPS_00997.jpg
TPS_00998,25.07925,121.552296,2,taipei_udd_Image_2025,21,4,1756667,897575,0,ok,taipei_z21/images/TPS_00998.jpg
TPS_00999,25.078032,121.530294,2,taipei_udd_Image_2025,21,4,1756539,897583,0,ok,taipei_z21/images/TPS_00999.jpg
TPS_01000,25.070414,121.590246,2,taipei_udd_Image_2025,21,4,1756889,897632,0,ok,taipei_z21/images/TPS_01000.jpg
TPS_01001,25.068898,121.592799,2,taipei_udd_Image_2025,21,4,1756903,897641,0,ok,taipei_z21/images/TPS_01001.jpg
TPS_01002,25.069005,121.589223,2,taipei_udd_Image_2025,21,4,1756883,897641,0,ok,taipei_z21/images/TPS_01002.jpg
TPS_01003,25.067564,121.590715,2,taipei_udd_Image_2025,21,4,1756891,897650,0,ok,taipei_z21/images/TPS_01003.jpg
TPS_01004,25.066084,121.590517,2,taipei_udd_Image_2025,21,4,1756890,897660,0,ok,taipei_z21/images/TPS_01004.jpg
TPS_01005,25.067537,121.59753,2,taipei_udd_Image_2025,21,4,1756931,897650,0,ok,taipei_z21/images/TPS_01005.jpg
TPS_01006,25.06693,121.600472,2,taipei_udd_Image_2025,21,4,1756948,897654,0,ok,taipei_z21/images/TPS_01006.jpg
TPS_01007,25.050544,121.589469,2,taipei_udd_Image_2025,21,4,1756884,897759,0,ok,taipei_z21/images/TPS_01007.jpg
TPS_01008,25.070403,121.611268,2,taipei_udd_Image_2025,21,4,1757011,897632,0,ok,taipei_z21/images/TPS_01008.jpg
TPS_01009,25.072576,121.605169,2,taipei_udd_Image_2025,21,4,1756975,897618,0,ok,taipei_z21/images/TPS_01009.jpg
TPS_01010,25.03042,121.505926,2,taipei_udd_Image_2025,21,4,1756397,897889,0,ok,taipei_z21/images/TPS_01010.jpg
TPS_01011,25.072265,121.608113,2,taipei_udd_Image_2025,21,4,1756993,897620,0,ok,taipei_z21/images/TPS_01011.jpg
TPS_01012,25.072828,121.606893,2,taipei_udd_Image_2025,21,4,1756985,897616,0,ok,taipei_z21/images/TPS_01012.jpg
TPS_01013,25.129598,121.49705,2,taipei_udd_Image_2025,21,4,1756346,897251,0,ok,taipei_z21/images/TPS_01013.jpg
TPS_01014,25.136079,121.497171,2,taipei_udd_Image_2025,21,4,1756346,897209,0,ok,taipei_z21/images/TPS_01014.jpg
TPS_01016,25.137083,121.501049,2,taipei_udd_Image_2025,21,4,1756369,897203,0,ok,taipei_z21/images/TPS_01016.jpg
TPS_01015,25.117345,121.503878,2,taipei_udd_Image_2025,21,4,1756385,897330,0,ok,taipei_z21/images/TPS_01015.jpg
TPS_01017,25.021572,121.498675,2,taipei_udd_Image_2025,21,4,1756355,897946,0,ok,taipei_z21/images/TPS_01017.jpg
TPS_01018,25.034406,121.498765,2,taipei_udd_Image_2025,21,4,1756356,897863,0,ok,taipei_z21/images/TPS_01018.jpg
TPS_01019,24.996227,121.535698,2,taipei_udd_Image_2025,21,4,1756571,898109,0,ok,taipei_z21/images/TPS_01019.jpg
TPS_01020,24.986978,121.547318,2,taipei_udd_Image_2025,21,4,1756638,898168,0,ok,taipei_z21/images/TPS_01020.jpg
TPS_01021,24.988742,121.557721,2,taipei_udd_Image_2025,21,4,1756699,898157,0,ok,taipei_z21/images/TPS_01021.jpg
TPS_01022,24.99492,121.571766,2,taipei_udd_Image_2025,21,4,1756781,898117,0,ok,taipei_z21/images/TPS_01022.jpg
TPS_01023,24.998184,121.57459,2,taipei_udd_Image_2025,21,4,1756797,898096,0,ok,taipei_z21/images/TPS_01023.jpg
TPS_01024,25.073472,121.604092,2,taipei_udd_Image_2025,21,4,1756969,897612,0,ok,taipei_z21/images/TPS_01024.jpg
TPS_01025,25.082064,121.592349,2,taipei_udd_Image_2025,21,4,1756901,897557,0,ok,taipei_z21/images/TPS_01025.jpg
TPS_01026,25.082383,121.59669,2,taipei_udd_Image_2025,21,4,1756926,897555,0,ok,taipei_z21/images/TPS_01026.jpg
TPS_01027,25.084687,121.598703,2,taipei_udd_Image_2025,21,4,1756938,897540,0,ok,taipei_z21/images/TPS_01027.jpg
TPS_01028,25.08065,121.598219,2,taipei_udd_Image_2025,21,4,1756935,897566,0,ok,taipei_z21/images/TPS_01028.jpg
TPS_01029,25.118682,121.51998,2,taipei_udd_Image_2025,21,4,1756479,897321,0,ok,taipei_z21/images/TPS_01029.jpg
TPS_01030,25.050186,121.520097,2,taipei_udd_Image_2025,21,4,1756480,897762,0,ok,taipei_z21/images/TPS_01030.jpg
TPS_01031,25.048076,121.511285,2,taipei_udd_Image_2025,21,4,1756429,897775,0,ok,taipei_z21/images/TPS_01031.jpg
TPS_01032,25.024229,121.500221,2,taipei_udd_Image_2025,21,4,1756364,897929,0,ok,taipei_z21/images/TPS_01032.jpg
TPS_01033,25.025382,121.500439,2,taipei_udd_Image_2025,21,4,1756365,897921,0,ok,taipei_z21/images/TPS_01033.jpg
TPS_01034,25.083002,121.593584,2,taipei_udd_Image_2025,21,4,1756908,897551,0,ok,taipei_z21/images/TPS_01034.jpg
TPS_01035,25.075004,121.583688,2,taipei_udd_Image_2025,21,4,1756850,897602,0,ok,taipei_z21/images/TPS_01035.jpg
TPS_01036,25.020147,121.497785,2,taipei_udd_Image_2025,21,4,1756350,897955,0,ok,taipei_z21/images/TPS_01036.jpg
TPS_01037,25.026671,121.527586,2,taipei_udd_Image_2025,21,4,1756524,897913,0,ok,taipei_z21/images/TPS_01037.jpg
TPS_01038,25.073145,121.589881,2,taipei_udd_Image_2025,21,4,1756886,897614,0,ok,taipei_z21/images/TPS_01038.jpg
TPS_01039,25.083487,121.595707,2,taipei_udd_Image_2025,21,4,1756920,897548,0,ok,taipei_z21/images/TPS_01039.jpg
TPS_01040,25.09696,121.532934,2,taipei_udd_Image_2025,21,4,1756555,897461,0,ok,taipei_z21/images/TPS_01040.jpg
TPS_01041,25.001974,121.542002,2,taipei_udd_Image_2025,21,4,1756607,898072,0,ok,taipei_z21/images/TPS_01041.jpg
TPS_01042,25.003896,121.540743,2,taipei_udd_Image_2025,21,4,1756600,898059,0,ok,taipei_z21/images/TPS_01042.jpg
TPS_01045,24.998964,121.557967,2,taipei_udd_Image_2025,21,4,1756700,898091,0,ok,taipei_z21/images/TPS_01045.jpg
TPS_01043,25.026486,121.554945,2,taipei_udd_Image_2025,21,4,1756683,897914,0,ok,taipei_z21/images/TPS_01043.jpg
TPS_01044,24.998756,121.544188,2,taipei_udd_Image_2025,21,4,1756620,898092,0,ok,taipei_z21/images/TPS_01044.jpg
TPS_01046,24.98952,121.559802,2,taipei_udd_Image_2025,21,4,1756711,898152,0,ok,taipei_z21/images/TPS_01046.jpg
TPS_01047,24.998508,121.544648,2,taipei_udd_Image_2025,21,4,1756623,898094,0,ok,taipei_z21/images/TPS_01047.jpg
TPS_01048,24.993783,121.544599,2,taipei_udd_Image_2025,21,4,1756623,898124,0,ok,taipei_z21/images/TPS_01048.jpg
TPS_01049,25.023091,121.516851,2,taipei_udd_Image_2025,21,4,1756461,897936,0,ok,taipei_z21/images/TPS_01049.jpg
TPS_01050,25.033296,121.520456,2,taipei_udd_Image_2025,21,4,1756482,897870,0,ok,taipei_z21/images/TPS_01050.jpg
TPS_01051,24.992134,121.540515,2,taipei_udd_Image_2025,21,4,1756599,898135,0,ok,taipei_z21/images/TPS_01051.jpg
TPS_01052,25.094812,121.523676,2,taipei_udd_Image_2025,21,4,1756501,897475,0,ok,taipei_z21/images/TPS_01052.jpg
TPS_01054,25.024045,121.511985,2,taipei_udd_Image_2025,21,4,1756433,897930,0,ok,taipei_z21/images/TPS_01054.jpg
TPS_01053,25.021054,121.525165,2,taipei_udd_Image_2025,21,4,1756509,897949,0,ok,taipei_z21/images/TPS_01053.jpg
TPS_01055,25.031985,121.506985,2,taipei_udd_Image_2025,21,4,1756403,897879,0,ok,taipei_z21/images/TPS_01055.jpg
TPS_01056,25.03042,121.568317,2,taipei_udd_Image_2025,21,4,1756761,897889,0,ok,taipei_z21/images/TPS_01056.jpg
TPS_01057,25.032329,121.5047,2,taipei_udd_Image_2025,21,4,1756390,897877,0,ok,taipei_z21/images/TPS_01057.jpg
TPS_01058,25.029194,121.504737,2,taipei_udd_Image_2025,21,4,1756390,897897,0,ok,taipei_z21/images/TPS_01058.jpg
TPS_01059,25.032,121.497312,2,taipei_udd_Image_2025,21,4,1756347,897879,0,ok,taipei_z21/images/TPS_01059.jpg
TPS_01060,25.04196,121.535334,2,taipei_udd_Image_2025,21,4,1756569,897815,0,ok,taipei_z21/images/TPS_01060.jpg
TPS_01061,25.026964,121.523937,2,taipei_udd_Image_2025,21,4,1756502,897911,0,ok,taipei_z21/images/TPS_01061.jpg
TPS_01062,25.049788,121.591305,2,taipei_udd_Image_2025,21,4,1756895,897764,0,ok,taipei_z21/images/TPS_01062.jpg
TPS_01063,25.137007,121.499106,2,taipei_udd_Image_2025,21,4,1756358,897203,0,ok,taipei_z21/images/TPS_01063.jpg
TPS_01064,25.116228,121.505106,2,taipei_udd_Image_2025,21,4,1756393,897337,0,ok,taipei_z21/images/TPS_01064.jpg
TPS_01065,25.025008,121.491497,2,taipei_udd_Image_2025,21,4,1756313,897924,0,ok,taipei_z21/images/TPS_01065.jpg
TPS_01066,25.025901,121.492522,2,taipei_udd_Image_2025,21,4,1756319,897918,0,ok,taipei_z21/images/TPS_01066.jpg
TPS_01067,25.028586,121.493365,2,taipei_udd_Image_2025,21,4,1756324,897901,0,ok,taipei_z21/images/TPS_01067.jpg
TPS_01068,25.030141,121.496328,2,taipei_udd_Image_2025,21,4,1756341,897891,0,ok,taipei_z21/images/TPS_01068.jpg
TPS_01069,25.06255,121.530337,2,taipei_udd_Image_2025,21,4,1756540,897682,0,ok,taipei_z21/images/TPS_01069.jpg
TPS_01070,25.077775,121.538128,2,taipei_udd_Image_2025,21,4,1756585,897584,0,ok,taipei_z21/images/TPS_01070.jpg
TPS_01071,25.077804,121.537642,2,taipei_udd_Image_2025,21,4,1756582,897584,0,ok,taipei_z21/images/TPS_01071.jpg
TPS_01072,25.077388,121.547686,2,taipei_udd_Image_2025,21,4,1756641,897587,0,ok,taipei_z21/images/TPS_01072.jpg
TPS_01073,25.079031,121.599565,2,taipei_udd_Image_2025,21,4,1756943,897576,0,ok,taipei_z21/images/TPS_01073.jpg
TPS_01074,24.9877,121.551314,2,taipei_udd_Image_2025,21,4,1756662,898163,0,ok,taipei_z21/images/TPS_01074.jpg
TPS_01075,25.037563,121.506367,2,taipei_udd_Image_2025,21,4,1756400,897843,0,ok,taipei_z21/images/TPS_01075.jpg
TPS_01077,25.051758,121.60393,2,taipei_udd_Image_2025,21,4,1756968,897752,0,ok,taipei_z21/images/TPS_01077.jpg
TPS_01076,25.064426,121.590277,2,taipei_udd_Image_2025,21,4,1756889,897670,0,ok,taipei_z21/images/TPS_01076.jpg
TPS_01078,25.030196,121.505008,2,taipei_udd_Image_2025,21,4,1756392,897890,0,ok,taipei_z21/images/TPS_01078.jpg
TPS_01079,25.034414,121.512865,2,taipei_udd_Image_2025,21,4,1756438,897863,0,ok,taipei_z21/images/TPS_01079.jpg
TPS_01080,25.095404,121.526297,2,taipei_udd_Image_2025,21,4,1756516,897471,0,ok,taipei_z21/images/TPS_01080.jpg
TPS_01081,25.040901,121.518149,2,taipei_udd_Image_2025,21,4,1756469,897821,0,ok,taipei_z21/images/TPS_01081.jpg
TPS_01083,25.109874,121.512179,2,taipei_udd_Image_2025,21,4,1756434,897378,0,ok,taipei_z21/images/TPS_01083.jpg
TPS_01082,25.040543,121.518171,2,taipei_udd_Image_2025,21,4,1756469,897824,0,ok,taipei_z21/images/TPS_01082.jpg
TPS_01084,25.106146,121.51661,2,taipei_udd_Image_2025,21,4,1756460,897402,0,ok,taipei_z21/images/TPS_01084.jpg
TPS_01085,25.106891,121.515627,2,taipei_udd_Image_2025,21,4,1756454,897397,0,ok,taipei_z21/images/TPS_01085.jpg
TPS_01086,25.105396,121.517602,2,taipei_udd_Image_2025,21,4,1756465,897407,0,ok,taipei_z21/images/TPS_01086.jpg
TPS_01087,25.110663,121.53064,2,taipei_udd_Image_2025,21,4,1756541,897373,0,ok,taipei_z21/images/TPS_01087.jpg
TPS_01088,25.113474,121.537308,2,taipei_udd_Image_2025,21,4,1756580,897355,0,ok,taipei_z21/images/TPS_01088.jpg
TPS_01089,25.112951,121.526621,2,taipei_udd_Image_2025,21,4,1756518,897358,0,ok,taipei_z21/images/TPS_01089.jpg
TPS_01090,25.002079,121.561652,2,taipei_udd_Image_2025,21,4,1756722,898071,0,ok,taipei_z21/images/TPS_01090.jpg
TPS_01091,25.00138,121.567685,2,taipei_udd_Image_2025,21,4,1756757,898076,0,ok,taipei_z21/images/TPS_01091.jpg
TPS_01092,25.072044,121.513794,2,taipei_udd_Image_2025,21,4,1756443,897621,0,ok,taipei_z21/images/TPS_01092.jpg
TPS_01093,25.093982,121.497765,2,taipei_udd_Image_2025,21,4,1756350,897480,0,ok,taipei_z21/images/TPS_01093.jpg
TPS_01094,24.991593,121.540279,2,taipei_udd_Image_2025,21,4,1756597,898138,0,ok,taipei_z21/images/TPS_01094.jpg
TPS_01095,25.076155,121.621174,2,taipei_udd_Image_2025,21,4,1757069,897595,0,ok,taipei_z21/images/TPS_01095.jpg
TPS_01096,25.03163,121.51908,2,taipei_udd_Image_2025,21,4,1756474,897881,0,ok,taipei_z21/images/TPS_01096.jpg
TPS_01097,25.050774,121.615613,2,taipei_udd_Image_2025,21,4,1757036,897758,0,ok,taipei_z21/images/TPS_01097.jpg
TPS_01098,25.04369,121.56762,2,taipei_udd_Image_2025,21,4,1756757,897804,0,ok,taipei_z21/images/TPS_01098.jpg
TPS_01099,25.017113,121.560148,2,taipei_udd_Image_2025,21,4,1756713,897974,0,ok,taipei_z21/images/TPS_01099.jpg
TPS_01100,25.015342,121.561255,2,taipei_udd_Image_2025,21,4,1756720,897986,0,ok,taipei_z21/images/TPS_01100.jpg
TPS_01101,25.038341,121.537694,2,taipei_udd_Image_2025,21,4,1756582,897838,0,ok,taipei_z21/images/TPS_01101.jpg
TPS_01102,25.051932,121.517332,2,taipei_udd_Image_2025,21,4,1756464,897751,0,ok,taipei_z21/images/TPS_01102.jpg
TPS_01103,24.997266,121.573553,2,taipei_udd_Image_2025,21,4,1756791,898102,0,ok,taipei_z21/images/TPS_01103.jpg
TPS_01104,25.024279,121.516731,2,taipei_udd_Image_2025,21,4,1756460,897928,0,ok,taipei_z21/images/TPS_01104.jpg
TPS_01105,25.068779,121.613947,2,taipei_udd_Image_2025,21,4,1757027,897642,0,ok,taipei_z21/images/TPS_01105.jpg
TPS_01107,25.024804,121.544756,2,taipei_udd_Image_2025,21,4,1756624,897925,0,ok,taipei_z21/images/TPS_01107.jpg
TPS_01106,25.036944,121.505856,2,taipei_udd_Image_2025,21,4,1756397,897847,0,ok,taipei_z21/images/TPS_01106.jpg
TPS_01108,25.034429,121.50414,2,taipei_udd_Image_2025,21,4,1756387,897863,0,ok,taipei_z21/images/TPS_01108.jpg
TPS_01110,24.997782,121.574132,2,taipei_udd_Image_2025,21,4,1756795,898099,0,ok,taipei_z21/images/TPS_01110.jpg
TPS_01109,25.023959,121.534626,2,taipei_udd_Image_2025,21,4,1756565,897930,0,ok,taipei_z21/images/TPS_01109.jpg
TPS_01111,24.992421,121.571277,2,taipei_udd_Image_2025,21,4,1756778,898133,0,ok,taipei_z21/images/TPS_01111.jpg
TPS_01112,25.064861,121.533056,2,taipei_udd_Image_2025,21,4,1756555,897667,0,ok,taipei_z21/images/TPS_01112.jpg
TPS_01113,25.035198,121.50232,2,taipei_udd_Image_2025,21,4,1756376,897858,0,ok,taipei_z21/images/TPS_01113.jpg
TPS_01114,25.05416,121.549101,2,taipei_udd_Image_2025,21,4,1756649,897736,0,ok,taipei_z21/images/TPS_01114.jpg
TPS_01115,25.054625,121.548859,2,taipei_udd_Image_2025,21,4,1756647,897733,0,ok,taipei_z21/images/TPS_01115.jpg
TPS_01116,25.057509,121.549137,2,taipei_udd_Image_2025,21,4,1756649,897715,0,ok,taipei_z21/images/TPS_01116.jpg
TPS_01117,25.051453,121.549081,2,taipei_udd_Image_2025,21,4,1756649,897754,0,ok,taipei_z21/images/TPS_01117.jpg
TPS_01118,25.051704,121.548479,2,taipei_udd_Image_2025,21,4,1756645,897752,0,ok,taipei_z21/images/TPS_01118.jpg
TPS_01119,25.052021,121.548838,2,taipei_udd_Image_2025,21,4,1756647,897750,0,ok,taipei_z21/images/TPS_01119.jpg
TPS_01120,25.107917,121.514307,2,taipei_udd_Image_2025,21,4,1756446,897390,0,ok,taipei_z21/images/TPS_01120.jpg
TPS_01121,25.11193,121.49886,2,taipei_udd_Image_2025,21,4,1756356,897365,0,ok,taipei_z21/images/TPS_01121.jpg
TPS_01122,25.037654,121.496381,2,taipei_udd_Image_2025,21,4,1756342,897842,0,ok,taipei_z21/images/TPS_01122.jpg
TPS_01123,25.101715,121.514736,2,taipei_udd_Image_2025,21,4,1756449,897430,0,ok,taipei_z21/images/TPS_01123.jpg
TPS_01124,25.100537,121.508159,2,taipei_udd_Image_2025,21,4,1756410,897438,0,ok,taipei_z21/images/TPS_01124.jpg
TPS_01125,25.096337,121.547442,2,taipei_udd_Image_2025,21,4,1756639,897465,0,ok,taipei_z21/images/TPS_01125.jpg
TPS_01126,25.112995,121.510242,2,taipei_udd_Image_2025,21,4,1756422,897358,0,ok,taipei_z21/images/TPS_01126.jpg
TPS_01127,25.053866,121.515109,2,taipei_udd_Image_2025,21,4,1756451,897738,0,ok,taipei_z21/images/TPS_01127.jpg
TPS_01128,25.027966,121.511352,2,taipei_udd_Image_2025,21,4,1756429,897905,0,ok,taipei_z21/images/TPS_01128.jpg
TPS_01129,25.078302,121.607059,2,taipei_udd_Image_2025,21,4,1756986,897581,0,ok,taipei_z21/images/TPS_01129.jpg
TPS_01130,25.083036,121.604309,2,taipei_udd_Image_2025,21,4,1756970,897550,0,ok,taipei_z21/images/TPS_01130.jpg
TPS_01131,25.013896,121.540407,2,taipei_udd_Image_2025,21,4,1756598,897995,0,ok,taipei_z21/images/TPS_01131.jpg
TPS_01132,25.131007,121.546916,2,taipei_udd_Image_2025,21,4,1756636,897242,0,ok,taipei_z21/images/TPS_01132.jpg
TPS_01133,25.047473,121.563059,2,taipei_udd_Image_2025,21,4,1756730,897779,0,ok,taipei_z21/images/TPS_01133.jpg
TPS_01134,25.098169,121.537419,2,taipei_udd_Image_2025,21,4,1756581,897453,0,ok,taipei_z21/images/TPS_01134.jpg
TPS_01135,25.099479,121.549146,2,taipei_udd_Image_2025,21,4,1756649,897445,0,ok,taipei_z21/images/TPS_01135.jpg
TPS_01136,25.093296,121.525162,2,taipei_udd_Image_2025,21,4,1756509,897484,0,ok,taipei_z21/images/TPS_01136.jpg
TPS_01138,24.990509,121.559269,2,taipei_udd_Image_2025,21,4,1756708,898145,0,ok,taipei_z21/images/TPS_01138.jpg
TPS_01137,25.037423,121.568407,2,taipei_udd_Image_2025,21,4,1756761,897844,0,ok,taipei_z21/images/TPS_01137.jpg
TPS_01139,25.045411,121.57889,2,taipei_udd_Image_2025,21,4,1756822,897792,0,ok,taipei_z21/images/TPS_01139.jpg
TPS_01140,25.033056,121.520971,2,taipei_udd_Image_2025,21,4,1756485,897872,0,ok,taipei_z21/images/TPS_01140.jpg
TPS_01141,25.031884,121.525546,2,taipei_udd_Image_2025,21,4,1756512,897879,0,ok,taipei_z21/images/TPS_01141.jpg
TPS_01142,25.017683,121.493993,2,taipei_udd_Image_2025,21,4,1756328,897971,0,ok,taipei_z21/images/TPS_01142.jpg
TPS_01143,25.077583,121.541685,2,taipei_udd_Image_2025,21,4,1756606,897586,0,ok,taipei_z21/images/TPS_01143.jpg
TPS_01144,25.048152,121.574429,2,taipei_udd_Image_2025,21,4,1756796,897775,0,ok,taipei_z21/images/TPS_01144.jpg
TPS_01145,25.097555,121.53385,2,taipei_udd_Image_2025,21,4,1756560,897457,0,ok,taipei_z21/images/TPS_01145.jpg
TPS_01146,25.0611,121.550713,2,taipei_udd_Image_2025,21,4,1756658,897692,0,ok,taipei_z21/images/TPS_01146.jpg
TPS_01147,25.024239,121.49088,2,taipei_udd_Image_2025,21,4,1756310,897929,0,ok,taipei_z21/images/TPS_01147.jpg
TPS_01148,25.074046,121.511444,2,taipei_udd_Image_2025,21,4,1756429,897608,0,ok,taipei_z21/images/TPS_01148.jpg
TPS_01149,25.032926,121.5718,2,taipei_udd_Image_2025,21,4,1756781,897873,0,ok,taipei_z21/images/TPS_01149.jpg
TPS_01150,25.052683,121.595202,2,taipei_udd_Image_2025,21,4,1756917,897746,0,ok,taipei_z21/images/TPS_01150.jpg
TPS_01151,25.036416,121.504558,2,taipei_udd_Image_2025,21,4,1756389,897850,0,ok,taipei_z21/images/TPS_01151.jpg
TPS_01152,25.051877,121.54438,2,taipei_udd_Image_2025,21,4,1756621,897751,0,ok,taipei_z21/images/TPS_01152.jpg
TPS_01153,25.05157,121.554816,2,taipei_udd_Image_2025,21,4,1756682,897753,0,ok,taipei_z21/images/TPS_01153.jpg
TPS_01154,25.045504,121.535296,2,taipei_udd_Image_2025,21,4,1756568,897792,0,ok,taipei_z21/images/TPS_01154.jpg
TPS_01155,24.989068,121.563044,2,taipei_udd_Image_2025,21,4,1756730,898155,0,ok,taipei_z21/images/TPS_01155.jpg
TPS_01156,24.98904,121.563491,2,taipei_udd_Image_2025,21,4,1756733,898155,0,ok,taipei_z21/images/TPS_01156.jpg
TPS_01157,24.990476,121.570766,2,taipei_udd_Image_2025,21,4,1756775,898146,0,ok,taipei_z21/images/TPS_01157.jpg
TPS_01159,24.987083,121.566085,2,taipei_udd_Image_2025,21,4,1756748,898167,0,ok,taipei_z21/images/TPS_01159.jpg
TPS_01158,24.986995,121.565674,2,taipei_udd_Image_2025,21,4,1756745,898168,0,ok,taipei_z21/images/TPS_01158.jpg
TPS_01160,24.990185,121.570228,2,taipei_udd_Image_2025,21,4,1756772,898147,0,ok,taipei_z21/images/TPS_01160.jpg
TPS_01161,24.996463,121.593042,2,taipei_udd_Image_2025,21,4,1756905,898107,0,ok,taipei_z21/images/TPS_01161.jpg
TPS_01163,24.997037,121.544604,2,taipei_udd_Image_2025,21,4,1756623,898103,0,ok,taipei_z21/images/TPS_01163.jpg
TPS_01162,25.069795,121.590516,2,taipei_udd_Image_2025,21,4,1756890,897636,0,ok,taipei_z21/images/TPS_01162.jpg
TPS_01164,24.996747,121.544792,2,taipei_udd_Image_2025,21,4,1756624,898105,0,ok,taipei_z21/images/TPS_01164.jpg
TPS_01165,24.999091,121.546612,2,taipei_udd_Image_2025,21,4,1756634,898090,0,ok,taipei_z21/images/TPS_01165.jpg
TPS_01166,25.114258,121.502279,2,taipei_udd_Image_2025,21,4,1756376,897350,0,ok,taipei_z21/images/TPS_01166.jpg
TPS_01167,24.996792,121.57083,2,taipei_udd_Image_2025,21,4,1756775,898105,0,ok,taipei_z21/images/TPS_01167.jpg
TPS_01168,25.005137,121.567659,2,taipei_udd_Image_2025,21,4,1756757,898051,0,ok,taipei_z21/images/TPS_01168.jpg
TPS_01169,25.051779,121.549435,2,taipei_udd_Image_2025,21,4,1756651,897752,0,ok,taipei_z21/images/TPS_01169.jpg
TPS_01171,25.062503,121.542615,2,taipei_udd_Image_2025,21,4,1756611,897683,0,ok,taipei_z21/images/TPS_01171.jpg
TPS_01170,25.062208,121.54234,2,taipei_udd_Image_2025,21,4,1756609,897684,0,ok,taipei_z21/images/TPS_01170.jpg
TPS_01172,25.061758,121.550743,2,taipei_udd_Image_2025,21,4,1756658,897687,0,ok,taipei_z21/images/TPS_01172.jpg
TPS_01173,25.06213,121.543951,2,taipei_udd_Image_2025,21,4,1756619,897685,0,ok,taipei_z21/images/TPS_01173.jpg
TPS_01174,25.054545,121.569623,2,taipei_udd_Image_2025,21,4,1756768,897734,0,ok,taipei_z21/images/TPS_01174.jpg
TPS_01175,25.043191,121.565769,2,taipei_udd_Image_2025,21,4,1756746,897807,0,ok,taipei_z21/images/TPS_01175.jpg
TPS_01177,25.049248,121.569564,2,taipei_udd_Image_2025,21,4,1756768,897768,0,ok,taipei_z21/images/TPS_01177.jpg
TPS_01176,25.048045,121.568815,2,taipei_udd_Image_2025,21,4,1756764,897776,0,ok,taipei_z21/images/TPS_01176.jpg
TPS_01178,25.052695,121.570164,2,taipei_udd_Image_2025,21,4,1756772,897746,0,ok,taipei_z21/images/TPS_01178.jpg
TPS_01179,25.056345,121.569511,2,taipei_udd_Image_2025,21,4,1756768,897722,0,ok,taipei_z21/images/TPS_01179.jpg
TPS_01180,25.057407,121.569176,2,taipei_udd_Image_2025,21,4,1756766,897715,0,ok,taipei_z21/images/TPS_01180.jpg
TPS_01181,25.059358,121.568766,2,taipei_udd_Image_2025,21,4,1756763,897703,0,ok,taipei_z21/images/TPS_01181.jpg
TPS_01182,25.063374,121.56824,2,taipei_udd_Image_2025,21,4,1756760,897677,0,ok,taipei_z21/images/TPS_01182.jpg
TPS_01183,25.051294,121.569452,2,taipei_udd_Image_2025,21,4,1756767,897755,0,ok,taipei_z21/images/TPS_01183.jpg
TPS_01184,25.051346,121.56412,2,taipei_udd_Image_2025,21,4,1756736,897754,0,ok,taipei_z21/images/TPS_01184.jpg
TPS_01185,25.057231,121.555429,2,taipei_udd_Image_2025,21,4,1756686,897716,0,ok,taipei_z21/images/TPS_01185.jpg
TPS_01187,25.048677,121.567322,2,taipei_udd_Image_2025,21,4,1756755,897771,0,ok,taipei_z21/images/TPS_01187.jpg
TPS_01186,25.04856,121.560781,2,taipei_udd_Image_2025,21,4,1756717,897772,0,ok,taipei_z21/images/TPS_01186.jpg
TPS_01189,25.072361,121.544568,2,taipei_udd_Image_2025,21,4,1756622,897619,0,ok,taipei_z21/images/TPS_01189.jpg
TPS_01188,25.062019,121.556368,2,taipei_udd_Image_2025,21,4,1756691,897686,0,ok,taipei_z21/images/TPS_01188.jpg
TPS_01190,25.071964,121.544371,2,taipei_udd_Image_2025,21,4,1756621,897622,0,ok,taipei_z21/images/TPS_01190.jpg
TPS_01191,25.06834,121.568139,2,taipei_udd_Image_2025,21,4,1756760,897645,0,ok,taipei_z21/images/TPS_01191.jpg
TPS_01192,25.098422,121.546652,2,taipei_udd_Image_2025,21,4,1756635,897452,0,ok,taipei_z21/images/TPS_01192.jpg
TPS_01193,25.062298,121.560076,2,taipei_udd_Image_2025,21,4,1756713,897684,0,ok,taipei_z21/images/TPS_01193.jpg
TPS_01194,25.062514,121.54102,2,taipei_udd_Image_2025,21,4,1756602,897682,0,ok,taipei_z21/images/TPS_01194.jpg
TPS_01195,25.062193,121.540675,2,taipei_udd_Image_2025,21,4,1756600,897685,0,ok,taipei_z21/images/TPS_01195.jpg
TPS_01196,25.066206,121.544489,2,taipei_udd_Image_2025,21,4,1756622,897659,0,ok,taipei_z21/images/TPS_01196.jpg
TPS_01197,25.06668,121.544117,2,taipei_udd_Image_2025,21,4,1756620,897656,0,ok,taipei_z21/images/TPS_01197.jpg
TPS_01198,25.064632,121.533427,2,taipei_udd_Image_2025,21,4,1756558,897669,0,ok,taipei_z21/images/TPS_01198.jpg
TPS_01200,25.06245,121.53292,2,taipei_udd_Image_2025,21,4,1756555,897683,0,ok,taipei_z21/images/TPS_01200.jpg
TPS_01199,25.062206,121.533238,2,taipei_udd_Image_2025,21,4,1756556,897684,0,ok,taipei_z21/images/TPS_01199.jpg
TPS_01201,25.062529,121.533468,2,taipei_udd_Image_2025,21,4,1756558,897682,0,ok,taipei_z21/images/TPS_01201.jpg
TPS_01202,25.059716,121.536743,2,taipei_udd_Image_2025,21,4,1756577,897700,0,ok,taipei_z21/images/TPS_01202.jpg
TPS_01203,25.066361,121.535923,2,taipei_udd_Image_2025,21,4,1756572,897658,0,ok,taipei_z21/images/TPS_01203.jpg
TPS_01204,25.066097,121.535303,2,taipei_udd_Image_2025,21,4,1756568,897659,0,ok,taipei_z21/images/TPS_01204.jpg
TPS_01205,25.067008,121.534123,2,taipei_udd_Image_2025,21,4,1756562,897654,0,ok,taipei_z21/images/TPS_01205.jpg
TPS_01206,25.067328,121.534665,2,taipei_udd_Image_2025,21,4,1756565,897652,0,ok,taipei_z21/images/TPS_01206.jpg
TPS_01207,25.048432,121.548803,2,taipei_udd_Image_2025,21,4,1756647,897773,0,ok,taipei_z21/images/TPS_01207.jpg
TPS_01208,25.041771,121.548747,2,taipei_udd_Image_2025,21,4,1756647,897816,0,ok,taipei_z21/images/TPS_01208.jpg
TPS_01209,25.041232,121.548992,2,taipei_udd_Image_2025,21,4,1756648,897819,0,ok,taipei_z21/images/TPS_01209.jpg
TPS_01210,25.047937,121.549046,2,taipei_udd_Image_2025,21,4,1756649,897776,0,ok,taipei_z21/images/TPS_01210.jpg
TPS_01211,25.024346,121.548832,2,taipei_udd_Image_2025,21,4,1756647,897928,0,ok,taipei_z21/images/TPS_01211.jpg
TPS_01212,25.024772,121.548596,2,taipei_udd_Image_2025,21,4,1756646,897925,0,ok,taipei_z21/images/TPS_01212.jpg
TPS_01213,25.017005,121.548805,2,taipei_udd_Image_2025,21,4,1756647,897975,0,ok,taipei_z21/images/TPS_01213.jpg
TPS_01214,25.016918,121.549296,2,taipei_udd_Image_2025,21,4,1756650,897976,0,ok,taipei_z21/images/TPS_01214.jpg
TPS_01215,25.021403,121.543566,2,taipei_udd_Image_2025,21,4,1756617,897947,0,ok,taipei_z21/images/TPS_01215.jpg
TPS_01216,25.021133,121.543111,2,taipei_udd_Image_2025,21,4,1756614,897949,0,ok,taipei_z21/images/TPS_01216.jpg
TPS_01217,25.022441,121.538079,2,taipei_udd_Image_2025,21,4,1756585,897940,0,ok,taipei_z21/images/TPS_01217.jpg
TPS_01218,25.022957,121.537572,2,taipei_udd_Image_2025,21,4,1756582,897937,0,ok,taipei_z21/images/TPS_01218.jpg
TPS_01219,25.022504,121.537518,2,taipei_udd_Image_2025,21,4,1756581,897940,0,ok,taipei_z21/images/TPS_01219.jpg
TPS_01220,25.022624,121.535386,2,taipei_udd_Image_2025,21,4,1756569,897939,0,ok,taipei_z21/images/TPS_01220.jpg
TPS_01221,25.068075,121.536187,2,taipei_udd_Image_2025,21,4,1756574,897647,0,ok,taipei_z21/images/TPS_01221.jpg
TPS_01222,25.06843,121.527602,2,taipei_udd_Image_2025,21,4,1756524,897644,0,ok,taipei_z21/images/TPS_01222.jpg
TPS_01223,25.068256,121.528143,2,taipei_udd_Image_2025,21,4,1756527,897646,0,ok,taipei_z21/images/TPS_01223.jpg
TPS_01224,25.070821,121.5278,2,taipei_udd_Image_2025,21,4,1756525,897629,0,ok,taipei_z21/images/TPS_01224.jpg
TPS_01225,25.068413,121.518601,2,taipei_udd_Image_2025,21,4,1756471,897645,0,ok,taipei_z21/images/TPS_01225.jpg
TPS_01226,25.072571,121.536727,2,taipei_udd_Image_2025,21,4,1756577,897618,0,ok,taipei_z21/images/TPS_01226.jpg
TPS_01228,25.048109,121.545532,2,taipei_udd_Image_2025,21,4,1756628,897775,0,ok,taipei_z21/images/TPS_01228.jpg
TPS_01227,25.04373,121.502617,2,taipei_udd_Image_2025,21,4,1756378,897803,0,ok,taipei_z21/images/TPS_01227.jpg
TPS_01229,25.048735,121.562594,2,taipei_udd_Image_2025,21,4,1756727,897771,0,ok,taipei_z21/images/TPS_01229.jpg
TPS_01230,25.048857,121.563855,2,taipei_udd_Image_2025,21,4,1756735,897770,0,ok,taipei_z21/images/TPS_01230.jpg
TPS_01231,25.053414,121.552943,2,taipei_udd_Image_2025,21,4,1756671,897741,0,ok,taipei_z21/images/TPS_01231.jpg
TPS_01232,25.053265,121.552592,2,taipei_udd_Image_2025,21,4,1756669,897742,0,ok,taipei_z21/images/TPS_01232.jpg
TPS_01234,25.059302,121.56816,2,taipei_udd_Image_2025,21,4,1756760,897703,0,ok,taipei_z21/images/TPS_01234.jpg
TPS_01233,25.059898,121.551927,2,taipei_udd_Image_2025,21,4,1756665,897699,0,ok,taipei_z21/images/TPS_01233.jpg
TPS_01235,25.062564,121.579367,2,taipei_udd_Image_2025,21,4,1756825,897682,0,ok,taipei_z21/images/TPS_01235.jpg
TPS_01236,25.063906,121.564711,2,taipei_udd_Image_2025,21,4,1756740,897674,0,ok,taipei_z21/images/TPS_01236.jpg
TPS_01237,25.045152,121.548767,2,taipei_udd_Image_2025,21,4,1756647,897794,0,ok,taipei_z21/images/TPS_01237.jpg
TPS_01238,25.044583,121.549009,2,taipei_udd_Image_2025,21,4,1756648,897798,0,ok,taipei_z21/images/TPS_01238.jpg
TPS_01240,25.07996,121.524199,2,taipei_udd_Image_2025,21,4,1756504,897570,0,ok,taipei_z21/images/TPS_01240.jpg
TPS_01239,25.079684,121.524511,2,taipei_udd_Image_2025,21,4,1756506,897572,0,ok,taipei_z21/images/TPS_01239.jpg
TPS_01241,25.074505,121.525837,2,taipei_udd_Image_2025,21,4,1756513,897605,0,ok,taipei_z21/images/TPS_01241.jpg
TPS_01242,25.070553,121.523489,2,taipei_udd_Image_2025,21,4,1756500,897631,0,ok,taipei_z21/images/TPS_01242.jpg
TPS_01243,25.062321,121.551883,2,taipei_udd_Image_2025,21,4,1756665,897684,0,ok,taipei_z21/images/TPS_01243.jpg
TPS_01244,25.05126,121.515441,1,taipei_udd_Image_2025,21,4,1756453,897755,0,ok,taipei_z21/images/TPS_01244.jpg
TPS_01245,25.023786,121.524781,1,taipei_udd_Image_2025,21,4,1756507,897931,0,ok,taipei_z21/images/TPS_01245.jpg
TPS_01246,25.028972,121.518843,1,taipei_udd_Image_2025,21,4,1756473,897898,0,ok,taipei_z21/images/TPS_01246.jpg
TPS_01247,25.075008,121.585194,1,taipei_udd_Image_2025,21,4,1756859,897602,0,ok,taipei_z21/images/TPS_01247.jpg
TPS_01248,25.072838,121.576095,1,taipei_udd_Image_2025,21,4,1756806,897616,0,ok,taipei_z21/images/TPS_01248.jpg
TPS_01249,25.084782,121.593724,1,taipei_udd_Image_2025,21,4,1756909,897539,0,ok,taipei_z21/images/TPS_01249.jpg
TPS_01250,25.125352,121.471658,1,taipei_udd_Image_2025,21,4,1756198,897278,0,ok,taipei_z21/images/TPS_01250.jpg
TPS_01251,25.126698,121.471811,1,taipei_udd_Image_2025,21,4,1756199,897270,0,ok,taipei_z21/images/TPS_01251.jpg
TPS_01252,25.024654,121.528582,1,taipei_udd_Image_2025,21,4,1756529,897926,0,ok,taipei_z21/images/TPS_01252.jpg
TPS_01253,25.025434,121.522754,1,taipei_udd_Image_2025,21,4,1756495,897921,0,ok,taipei_z21/images/TPS_01253.jpg
TPS_01254,25.041919,121.50009,1,taipei_udd_Image_2025,21,4,1756363,897815,0,ok,taipei_z21/images/TPS_01254.jpg
TPS_01255,25.022569,121.528383,1,taipei_udd_Image_2025,21,4,1756528,897939,0,ok,taipei_z21/images/TPS_01255.jpg
TPS_01256,25.024109,121.52169,1,taipei_udd_Image_2025,21,4,1756489,897929,0,ok,taipei_z21/images/TPS_01256.jpg
TPS_01257,25.04199,121.524416,1,taipei_udd_Image_2025,21,4,1756505,897814,0,ok,taipei_z21/images/TPS_01257.jpg
TPS_01258,25.042757,121.526494,1,taipei_udd_Image_2025,21,4,1756517,897810,0,ok,taipei_z21/images/TPS_01258.jpg
TPS_01259,25.043168,121.524767,1,taipei_udd_Image_2025,21,4,1756507,897807,0,ok,taipei_z21/images/TPS_01259.jpg
TPS_01260,25.041584,121.526154,1,taipei_udd_Image_2025,21,4,1756515,897817,0,ok,taipei_z21/images/TPS_01260.jpg
TPS_01261,25.045028,121.517154,1,taipei_udd_Image_2025,21,4,1756463,897795,0,ok,taipei_z21/images/TPS_01261.jpg
TPS_01262,25.022292,121.523908,1,taipei_udd_Image_2025,21,4,1756502,897941,0,ok,taipei_z21/images/TPS_01262.jpg
TPS_01263,25.021963,121.531542,1,taipei_udd_Image_2025,21,4,1756547,897943,0,ok,taipei_z21/images/TPS_01263.jpg
TPS_01264,25.025808,121.523285,1,taipei_udd_Image_2025,21,4,1756498,897918,0,ok,taipei_z21/images/TPS_01264.jpg
TPS_01265,25.109741,121.534154,1,taipei_udd_Image_2025,21,4,1756562,897379,0,ok,taipei_z21/images/TPS_01265.jpg
TPS_01266,25.151234,121.550069,1,taipei_udd_Image_2025,21,4,1756654,897112,0,ok,taipei_z21/images/TPS_01266.jpg
TPS_01267,25.118975,121.552869,1,taipei_udd_Image_2025,21,4,1756671,897319,0,ok,taipei_z21/images/TPS_01267.jpg
TPS_01268,25.045927,121.525541,1,taipei_udd_Image_2025,21,4,1756512,897789,0,ok,taipei_z21/images/TPS_01268.jpg
TPS_01269,25.075729,121.576012,1,taipei_udd_Image_2025,21,4,1756806,897597,0,ok,taipei_z21/images/TPS_01269.jpg
TPS_01270,25.083945,121.571921,1,taipei_udd_Image_2025,21,4,1756782,897545,0,ok,taipei_z21/images/TPS_01270.jpg
TPS_01271,25.084577,121.565555,1,taipei_udd_Image_2025,21,4,1756745,897541,0,ok,taipei_z21/images/TPS_01271.jpg
TPS_01272,25.080384,121.57026,1,taipei_udd_Image_2025,21,4,1756772,897568,0,ok,taipei_z21/images/TPS_01272.jpg
TPS_01273,25.078852,121.56945,1,taipei_udd_Image_2025,21,4,1756767,897577,0,ok,taipei_z21/images/TPS_01273.jpg
TPS_01274,25.081146,121.568338,1,taipei_udd_Image_2025,21,4,1756761,897563,0,ok,taipei_z21/images/TPS_01274.jpg
TPS_01275,25.080353,121.567884,1,taipei_udd_Image_2025,21,4,1756758,897568,0,ok,taipei_z21/images/TPS_01275.jpg
TPS_01276,25.079729,121.567489,1,taipei_udd_Image_2025,21,4,1756756,897572,0,ok,taipei_z21/images/TPS_01276.jpg
TPS_01277,25.07734,121.572829,1,taipei_udd_Image_2025,21,4,1756787,897587,0,ok,taipei_z21/images/TPS_01277.jpg
TPS_01278,25.084546,121.600514,1,taipei_udd_Image_2025,21,4,1756948,897541,0,ok,taipei_z21/images/TPS_01278.jpg
TPS_01279,25.083566,121.573263,1,taipei_udd_Image_2025,21,4,1756790,897547,0,ok,taipei_z21/images/TPS_01279.jpg
TPS_01280,25.082252,121.572782,1,taipei_udd_Image_2025,21,4,1756787,897556,0,ok,taipei_z21/images/TPS_01280.jpg
TPS_01281,25.085333,121.573776,1,taipei_udd_Image_2025,21,4,1756793,897536,0,ok,taipei_z21/images/TPS_01281.jpg
TPS_01282,25.075111,121.576932,1,taipei_udd_Image_2025,21,4,1756811,897601,0,ok,taipei_z21/images/TPS_01282.jpg
TPS_01283,25.084432,121.578994,1,taipei_udd_Image_2025,21,4,1756823,897542,0,ok,taipei_z21/images/TPS_01283.jpg
TPS_01284,25.026366,121.556463,1,taipei_udd_Image_2025,21,4,1756692,897915,0,ok,taipei_z21/images/TPS_01284.jpg
TPS_01285,25.105179,121.557241,1,taipei_udd_Image_2025,21,4,1756696,897408,0,ok,taipei_z21/images/TPS_01285.jpg
TPS_01286,25.119631,121.580118,1,taipei_udd_Image_2025,21,4,1756830,897315,0,ok,taipei_z21/images/TPS_01286.jpg
TPS_01287,25.137904,121.546554,1,taipei_udd_Image_2025,21,4,1756634,897197,0,ok,taipei_z21/images/TPS_01287.jpg
TPS_01288,25.042432,121.616983,1,taipei_udd_Image_2025,21,4,1757044,897812,0,ok,taipei_z21/images/TPS_01288.jpg
TPS_01289,25.124679,121.587673,1,taipei_udd_Image_2025,21,4,1756874,897283,0,ok,taipei_z21/images/TPS_01289.jpg
TPS_01290,25.12611,121.587724,1,taipei_udd_Image_2025,21,4,1756874,897273,0,ok,taipei_z21/images/TPS_01290.jpg
TPS_01291,25.086667,121.588543,1,taipei_udd_Image_2025,21,4,1756879,897527,0,ok,taipei_z21/images/TPS_01291.jpg
TPS_01292,25.084306,121.585138,1,taipei_udd_Image_2025,21,4,1756859,897542,0,ok,taipei_z21/images/TPS_01292.jpg
TPS_01293,25.167482,121.540094,1,taipei_udd_Image_2025,21,4,1756596,897007,0,ok,taipei_z21/images/TPS_01293.jpg
TPS_01294,25.086204,121.550311,1,taipei_udd_Image_2025,21,4,1756656,897530,0,ok,taipei_z21/images/TPS_01294.jpg
TPS_01295,25.085771,121.549491,1,taipei_udd_Image_2025,21,4,1756651,897533,0,ok,taipei_z21/images/TPS_01295.jpg
TPS_01296,25.085265,121.55021,1,taipei_udd_Image_2025,21,4,1756655,897536,0,ok,taipei_z21/images/TPS_01296.jpg
TPS_01297,25.083462,121.552273,1,taipei_udd_Image_2025,21,4,1756667,897548,0,ok,taipei_z21/images/TPS_01297.jpg
TPS_01298,25.082643,121.560649,1,taipei_udd_Image_2025,21,4,1756716,897553,0,ok,taipei_z21/images/TPS_01298.jpg
TPS_01299,25.022201,121.533173,1,taipei_udd_Image_2025,21,4,1756556,897942,0,ok,taipei_z21/images/TPS_01299.jpg
TPS_01300,24.980214,121.554902,1,taipei_udd_Image_2025,21,4,1756683,898212,0,ok,taipei_z21/images/TPS_01300.jpg
TPS_01301,25.041799,121.500854,1,taipei_udd_Image_2025,21,4,1756368,897816,0,ok,taipei_z21/images/TPS_01301.jpg
TPS_01302,25.040966,121.50074,1,taipei_udd_Image_2025,21,4,1756367,897821,0,ok,taipei_z21/images/TPS_01302.jpg
TPS_01304,25.00191,121.562011,1,taipei_udd_Image_2025,21,4,1756724,898072,0,ok,taipei_z21/images/TPS_01304.jpg
TPS_01303,25.026226,121.513921,1,taipei_udd_Image_2025,21,4,1756444,897916,0,ok,taipei_z21/images/TPS_01303.jpg
TPS_01305,25.137152,121.482846,1,taipei_udd_Image_2025,21,4,1756263,897202,0,ok,taipei_z21/images/TPS_01305.jpg
TPS_01306,25.135109,121.478212,1,taipei_udd_Image_2025,21,4,1756236,897215,0,ok,taipei_z21/images/TPS_01306.jpg
TPS_01307,25.130164,121.471867,1,taipei_udd_Image_2025,21,4,1756199,897247,0,ok,taipei_z21/images/TPS_01307.jpg
TPS_01308,25.128427,121.468908,1,taipei_udd_Image_2025,21,4,1756182,897258,0,ok,taipei_z21/images/TPS_01308.jpg
TPS_01309,25.125998,121.470084,1,taipei_udd_Image_2025,21,4,1756189,897274,0,ok,taipei_z21/images/TPS_01309.jpg
TPS_01310,25.135841,121.479871,1,taipei_udd_Image_2025,21,4,1756246,897211,0,ok,taipei_z21/images/TPS_01310.jpg
TPS_01311,25.138136,121.485135,1,taipei_udd_Image_2025,21,4,1756276,897196,0,ok,taipei_z21/images/TPS_01311.jpg
TPS_01312,25.136979,121.482091,1,taipei_udd_Image_2025,21,4,1756258,897203,0,ok,taipei_z21/images/TPS_01312.jpg
TPS_01313,25.130799,121.502016,1,taipei_udd_Image_2025,21,4,1756375,897243,0,ok,taipei_z21/images/TPS_01313.jpg
TPS_01314,25.089767,121.522763,1,taipei_udd_Image_2025,21,4,1756495,897507,0,ok,taipei_z21/images/TPS_01314.jpg
TPS_01315,25.126623,121.465977,1,taipei_udd_Image_2025,21,4,1756165,897270,0,ok,taipei_z21/images/TPS_01315.jpg
TPS_01316,24.988895,121.552339,1,taipei_udd_Image_2025,21,4,1756668,898156,0,ok,taipei_z21/images/TPS_01316.jpg
TPS_01317,24.984885,121.554201,1,taipei_udd_Image_2025,21,4,1756679,898182,0,ok,taipei_z21/images/TPS_01317.jpg
TPS_01318,24.983222,121.554039,1,taipei_udd_Image_2025,21,4,1756678,898192,0,ok,taipei_z21/images/TPS_01318.jpg
TPS_01319,24.981977,121.553722,1,taipei_udd_Image_2025,21,4,1756676,898200,0,ok,taipei_z21/images/TPS_01319.jpg
TPS_01320,25.121571,121.493558,1,taipei_udd_Image_2025,21,4,1756325,897303,0,ok,taipei_z21/images/TPS_01320.jpg
TPS_01321,25.121461,121.493121,1,taipei_udd_Image_2025,21,4,1756323,897303,0,ok,taipei_z21/images/TPS_01321.jpg
TPS_01322,25.126373,121.501502,1,taipei_udd_Image_2025,21,4,1756372,897272,0,ok,taipei_z21/images/TPS_01322.jpg
TPS_01323,25.127571,121.507528,1,taipei_udd_Image_2025,21,4,1756407,897264,0,ok,taipei_z21/images/TPS_01323.jpg
TPS_01324,25.035544,121.515007,1,taipei_udd_Image_2025,21,4,1756450,897856,0,ok,taipei_z21/images/TPS_01324.jpg
TPS_01325,25.101847,121.529121,1,taipei_udd_Image_2025,21,4,1756532,897429,0,ok,taipei_z21/images/TPS_01325.jpg
TPS_01326,25.104907,121.522378,1,taipei_udd_Image_2025,21,4,1756493,897410,0,ok,taipei_z21/images/TPS_01326.jpg
TPS_01327,25.036034,121.546014,1,taipei_udd_Image_2025,21,4,1756631,897853,0,ok,taipei_z21/images/TPS_01327.jpg
TPS_01328,25.031028,121.546062,1,taipei_udd_Image_2025,21,4,1756631,897885,0,ok,taipei_z21/images/TPS_01328.jpg
TPS_01329,25.032403,121.51635,1,taipei_udd_Image_2025,21,4,1756458,897876,0,ok,taipei_z21/images/TPS_01329.jpg
TPS_01331,25.03302,121.505073,1,taipei_udd_Image_2025,21,4,1756392,897872,0,ok,taipei_z21/images/TPS_01331.jpg
TPS_01330,25.112317,121.51947,1,taipei_udd_Image_2025,21,4,1756476,897362,0,ok,taipei_z21/images/TPS_01330.jpg
TPS_01332,25.049201,121.514873,1,taipei_udd_Image_2025,21,4,1756449,897768,0,ok,taipei_z21/images/TPS_01332.jpg
TPS_01333,25.06667,121.525748,1,taipei_udd_Image_2025,21,4,1756513,897656,0,ok,taipei_z21/images/TPS_01333.jpg
TPS_01334,25.138421,121.504992,1,taipei_udd_Image_2025,21,4,1756392,897194,0,ok,taipei_z21/images/TPS_01334.jpg
TPS_01336,25.104634,121.521975,1,taipei_udd_Image_2025,21,4,1756491,897412,0,ok,taipei_z21/images/TPS_01336.jpg
TPS_01335,25.144446,121.527143,1,taipei_udd_Image_2025,21,4,1756521,897155,0,ok,taipei_z21/images/TPS_01335.jpg
TPS_01337,25.102325,121.520813,1,taipei_udd_Image_2025,21,4,1756484,897426,0,ok,taipei_z21/images/TPS_01337.jpg
TPS_01338,25.119107,121.522366,1,taipei_udd_Image_2025,21,4,1756493,897318,0,ok,taipei_z21/images/TPS_01338.jpg
TPS_01339,25.118451,121.526121,1,taipei_udd_Image_2025,21,4,1756515,897323,0,ok,taipei_z21/images/TPS_01339.jpg
TPS_01340,25.014012,121.535003,1,taipei_udd_Image_2025,21,4,1756567,897994,0,ok,taipei_z21/images/TPS_01340.jpg
TPS_01341,25.013521,121.534457,1,taipei_udd_Image_2025,21,4,1756564,897997,0,ok,taipei_z21/images/TPS_01341.jpg
TPS_01342,25.040598,121.524014,1,taipei_udd_Image_2025,21,4,1756503,897823,0,ok,taipei_z21/images/TPS_01342.jpg
TPS_01343,25.113606,121.515881,1,taipei_udd_Image_2025,21,4,1756455,897354,0,ok,taipei_z21/images/TPS_01343.jpg
TPS_01344,25.117498,121.513195,1,taipei_udd_Image_2025,21,4,1756440,897329,0,ok,taipei_z21/images/TPS_01344.jpg
TPS_01345,25.119944,121.509928,1,taipei_udd_Image_2025,21,4,1756421,897313,0,ok,taipei_z21/images/TPS_01345.jpg
TPS_01346,25.120396,121.507512,1,taipei_udd_Image_2025,21,4,1756407,897310,0,ok,taipei_z21/images/TPS_01346.jpg
TPS_01347,25.12271,121.502922,1,taipei_udd_Image_2025,21,4,1756380,897295,0,ok,taipei_z21/images/TPS_01347.jpg
TPS_01348,25.121379,121.502672,1,taipei_udd_Image_2025,21,4,1756378,897304,0,ok,taipei_z21/images/TPS_01348.jpg
TPS_01349,25.118415,121.528478,1,taipei_udd_Image_2025,21,4,1756529,897323,0,ok,taipei_z21/images/TPS_01349.jpg
TPS_01350,25.116362,121.574014,1,taipei_udd_Image_2025,21,4,1756794,897336,0,ok,taipei_z21/images/TPS_01350.jpg
TPS_01351,25.035995,121.548125,1,taipei_udd_Image_2025,21,4,1756643,897853,0,ok,taipei_z21/images/TPS_01351.jpg
TPS_01352,25.035493,121.549063,1,taipei_udd_Image_2025,21,4,1756649,897856,0,ok,taipei_z21/images/TPS_01352.jpg
TPS_01353,25.039804,121.545205,1,taipei_udd_Image_2025,21,4,1756626,897829,0,ok,taipei_z21/images/TPS_01353.jpg
TPS_01354,25.038997,121.546063,1,taipei_udd_Image_2025,21,4,1756631,897834,0,ok,taipei_z21/images/TPS_01354.jpg
TPS_01355,25.028274,121.546014,1,taipei_udd_Image_2025,21,4,1756631,897903,0,ok,taipei_z21/images/TPS_01355.jpg
TPS_01356,25.071213,121.571895,1,taipei_udd_Image_2025,21,4,1756782,897627,0,ok,taipei_z21/images/TPS_01356.jpg
TPS_01357,25.071694,121.574358,1,taipei_udd_Image_2025,21,4,1756796,897623,0,ok,taipei_z21/images/TPS_01357.jpg
TPS_01358,25.039372,121.555025,1,taipei_udd_Image_2025,21,4,1756683,897831,0,ok,taipei_z21/images/TPS_01358.jpg
TPS_01359,25.034419,121.538042,1,taipei_udd_Image_2025,21,4,1756584,897863,0,ok,taipei_z21/images/TPS_01359.jpg
TPS_01360,25.038382,121.541268,1,taipei_udd_Image_2025,21,4,1756603,897838,0,ok,taipei_z21/images/TPS_01360.jpg
TPS_01361,25.033494,121.538023,1,taipei_udd_Image_2025,21,4,1756584,897869,0,ok,taipei_z21/images/TPS_01361.jpg
TPS_01362,25.035121,121.555968,1,taipei_udd_Image_2025,21,4,1756689,897859,0,ok,taipei_z21/images/TPS_01362.jpg
TPS_01363,25.037056,121.552927,1,taipei_udd_Image_2025,21,4,1756671,897846,0,ok,taipei_z21/images/TPS_01363.jpg
TPS_01364,25.037003,121.555549,1,taipei_udd_Image_2025,21,4,1756686,897847,0,ok,taipei_z21/images/TPS_01364.jpg
TPS_01365,25.030985,121.548028,1,taipei_udd_Image_2025,21,4,1756643,897885,0,ok,taipei_z21/images/TPS_01365.jpg
TPS_01366,25.028185,121.551144,1,taipei_udd_Image_2025,21,4,1756661,897903,0,ok,taipei_z21/images/TPS_01366.jpg
TPS_01367,25.02994,121.550457,1,taipei_udd_Image_2025,21,4,1756657,897892,0,ok,taipei_z21/images/TPS_01367.jpg
TPS_01368,25.03245,121.554287,1,taipei_udd_Image_2025,21,4,1756679,897876,0,ok,taipei_z21/images/TPS_01368.jpg
TPS_01369,25.030194,121.55422,1,taipei_udd_Image_2025,21,4,1756679,897890,0,ok,taipei_z21/images/TPS_01369.jpg
TPS_01370,25.03213,121.551576,1,taipei_udd_Image_2025,21,4,1756663,897878,0,ok,taipei_z21/images/TPS_01370.jpg
TPS_01371,25.028305,121.552641,1,taipei_udd_Image_2025,21,4,1756669,897902,0,ok,taipei_z21/images/TPS_01371.jpg
TPS_01372,25.032539,121.553331,1,taipei_udd_Image_2025,21,4,1756673,897875,0,ok,taipei_z21/images/TPS_01372.jpg
TPS_01373,25.030946,121.551544,1,taipei_udd_Image_2025,21,4,1756663,897885,0,ok,taipei_z21/images/TPS_01373.jpg
TPS_01374,25.032867,121.550142,1,taipei_udd_Image_2025,21,4,1756655,897873,0,ok,taipei_z21/images/TPS_01374.jpg
TPS_01375,25.047472,121.55633,1,taipei_udd_Image_2025,21,4,1756691,897779,0,ok,taipei_z21/images/TPS_01375.jpg
TPS_01376,25.046488,121.55645,1,taipei_udd_Image_2025,21,4,1756692,897786,0,ok,taipei_z21/images/TPS_01376.jpg
TPS_01377,25.046182,121.553566,1,taipei_udd_Image_2025,21,4,1756675,897787,0,ok,taipei_z21/images/TPS_01377.jpg
TPS_01378,25.046157,121.54969,1,taipei_udd_Image_2025,21,4,1756652,897788,0,ok,taipei_z21/images/TPS_01378.jpg
TPS_01379,25.032086,121.561355,1,taipei_udd_Image_2025,21,4,1756720,897878,0,ok,taipei_z21/images/TPS_01379.jpg
TPS_01381,25.035934,121.561956,1,taipei_udd_Image_2025,21,4,1756724,897853,0,ok,taipei_z21/images/TPS_01381.jpg
TPS_01380,25.039199,121.56154,1,taipei_udd_Image_2025,21,4,1756721,897832,0,ok,taipei_z21/images/TPS_01380.jpg
TPS_01383,25.043936,121.55384,1,taipei_udd_Image_2025,21,4,1756676,897802,0,ok,taipei_z21/images/TPS_01383.jpg
TPS_01382,25.044379,121.554697,1,taipei_udd_Image_2025,21,4,1756681,897799,0,ok,taipei_z21/images/TPS_01382.jpg
TPS_01384,25.04979,121.555084,1,taipei_udd_Image_2025,21,4,1756684,897764,0,ok,taipei_z21/images/TPS_01384.jpg
TPS_01385,25.050152,121.560776,1,taipei_udd_Image_2025,21,4,1756717,897762,0,ok,taipei_z21/images/TPS_01385.jpg
TPS_01386,25.045953,121.536179,1,taipei_udd_Image_2025,21,4,1756574,897789,0,ok,taipei_z21/images/TPS_01386.jpg
TPS_01387,25.031141,121.539433,1,taipei_udd_Image_2025,21,4,1756593,897884,0,ok,taipei_z21/images/TPS_01387.jpg
TPS_01389,25.034548,121.537601,1,taipei_udd_Image_2025,21,4,1756582,897862,0,ok,taipei_z21/images/TPS_01389.jpg
TPS_01388,25.028741,121.539393,1,taipei_udd_Image_2025,21,4,1756592,897900,0,ok,taipei_z21/images/TPS_01388.jpg
TPS_01391,25.036838,121.537477,1,taipei_udd_Image_2025,21,4,1756581,897848,0,ok,taipei_z21/images/TPS_01391.jpg
TPS_01390,25.036458,121.537464,1,taipei_udd_Image_2025,21,4,1756581,897850,0,ok,taipei_z21/images/TPS_01390.jpg
TPS_01392,25.036825,121.538252,1,taipei_udd_Image_2025,21,4,1756586,897848,0,ok,taipei_z21/images/TPS_01392.jpg
TPS_01393,25.040153,121.537442,1,taipei_udd_Image_2025,21,4,1756581,897826,0,ok,taipei_z21/images/TPS_01393.jpg
TPS_01394,25.028843,121.537974,1,taipei_udd_Image_2025,21,4,1756584,897899,0,ok,taipei_z21/images/TPS_01394.jpg
TPS_01395,25.025016,121.537896,1,taipei_udd_Image_2025,21,4,1756584,897924,0,ok,taipei_z21/images/TPS_01395.jpg
TPS_01396,25.027052,121.547997,1,taipei_udd_Image_2025,21,4,1756642,897910,0,ok,taipei_z21/images/TPS_01396.jpg
TPS_01397,25.027717,121.537955,1,taipei_udd_Image_2025,21,4,1756584,897906,0,ok,taipei_z21/images/TPS_01397.jpg
TPS_01398,25.05092,121.537017,1,taipei_udd_Image_2025,21,4,1756578,897757,0,ok,taipei_z21/images/TPS_01398.jpg
TPS_01399,25.049957,121.542183,1,taipei_udd_Image_2025,21,4,1756609,897763,0,ok,taipei_z21/images/TPS_01399.jpg
TPS_01401,25.048376,121.536939,1,taipei_udd_Image_2025,21,4,1756578,897773,0,ok,taipei_z21/images/TPS_01401.jpg
TPS_01400,25.048278,121.542147,1,taipei_udd_Image_2025,21,4,1756608,897774,0,ok,taipei_z21/images/TPS_01400.jpg
TPS_01402,25.048357,121.539107,1,taipei_udd_Image_2025,21,4,1756591,897774,0,ok,taipei_z21/images/TPS_01402.jpg
TPS_01403,25.048328,121.540405,1,taipei_udd_Image_2025,21,4,1756598,897774,0,ok,taipei_z21/images/TPS_01403.jpg
TPS_01404,25.050128,121.547494,1,taipei_udd_Image_2025,21,4,1756639,897762,0,ok,taipei_z21/images/TPS_01404.jpg
TPS_01405,25.049973,121.540431,1,taipei_udd_Image_2025,21,4,1756598,897763,0,ok,taipei_z21/images/TPS_01405.jpg
TPS_01406,25.027097,121.55828,1,taipei_udd_Image_2025,21,4,1756702,897910,0,ok,taipei_z21/images/TPS_01406.jpg
TPS_01407,25.02587,121.560854,1,taipei_udd_Image_2025,21,4,1756717,897918,0,ok,taipei_z21/images/TPS_01407.jpg
TPS_01408,25.039701,121.571889,1,taipei_udd_Image_2025,21,4,1756782,897829,0,ok,taipei_z21/images/TPS_01408.jpg
TPS_01410,25.040041,121.5719,1,taipei_udd_Image_2025,21,4,1756782,897827,0,ok,taipei_z21/images/TPS_01410.jpg
TPS_01409,25.039118,121.566098,1,taipei_udd_Image_2025,21,4,1756748,897833,0,ok,taipei_z21/images/TPS_01409.jpg
TPS_01411,25.028695,121.562997,1,taipei_udd_Image_2025,21,4,1756730,897900,0,ok,taipei_z21/images/TPS_01411.jpg
TPS_01412,25.029122,121.564958,1,taipei_udd_Image_2025,21,4,1756741,897897,0,ok,taipei_z21/images/TPS_01412.jpg
TPS_01413,25.027481,121.565525,1,taipei_udd_Image_2025,21,4,1756745,897908,0,ok,taipei_z21/images/TPS_01413.jpg
TPS_01414,25.028731,121.558162,1,taipei_udd_Image_2025,21,4,1756702,897900,0,ok,taipei_z21/images/TPS_01414.jpg
TPS_01415,25.030725,121.56131,1,taipei_udd_Image_2025,21,4,1756720,897887,0,ok,taipei_z21/images/TPS_01415.jpg
TPS_01417,25.029555,121.562296,1,taipei_udd_Image_2025,21,4,1756726,897894,0,ok,taipei_z21/images/TPS_01417.jpg
TPS_01416,25.029264,121.56186,1,taipei_udd_Image_2025,21,4,1756723,897896,0,ok,taipei_z21/images/TPS_01416.jpg
TPS_01418,25.031967,121.565408,1,taipei_udd_Image_2025,21,4,1756744,897879,0,ok,taipei_z21/images/TPS_01418.jpg
TPS_01419,25.028042,121.56357,1,taipei_udd_Image_2025,21,4,1756733,897904,0,ok,taipei_z21/images/TPS_01419.jpg
TPS_01420,25.027698,121.563171,1,taipei_udd_Image_2025,21,4,1756731,897906,0,ok,taipei_z21/images/TPS_01420.jpg
TPS_01421,25.039052,121.569808,1,taipei_udd_Image_2025,21,4,1756769,897833,0,ok,taipei_z21/images/TPS_01421.jpg
TPS_01422,25.034013,121.565428,1,taipei_udd_Image_2025,21,4,1756744,897866,0,ok,taipei_z21/images/TPS_01422.jpg
TPS_01423,25.039015,121.571865,1,taipei_udd_Image_2025,21,4,1756781,897834,0,ok,taipei_z21/images/TPS_01423.jpg
TPS_01426,25.024999,121.537439,1,taipei_udd_Image_2025,21,4,1756581,897924,0,ok,taipei_z21/images/TPS_01426.jpg
TPS_01424,25.023415,121.569812,1,taipei_udd_Image_2025,21,4,1756769,897934,0,ok,taipei_z21/images/TPS_01424.jpg
TPS_01425,25.024808,121.569402,1,taipei_udd_Image_2025,21,4,1756767,897925,0,ok,taipei_z21/images/TPS_01425.jpg
TPS_01427,25.018206,121.527811,1,taipei_udd_Image_2025,21,4,1756525,897967,0,ok,taipei_z21/images/TPS_01427.jpg
TPS_01428,25.018511,121.527457,1,taipei_udd_Image_2025,21,4,1756523,897965,0,ok,taipei_z21/images/TPS_01428.jpg
TPS_01429,25.006905,121.57593,1,taipei_udd_Image_2025,21,4,1756805,898040,0,ok,taipei_z21/images/TPS_01429.jpg
TPS_01430,25.064681,121.535029,1,taipei_udd_Image_2025,21,4,1756567,897669,0,ok,taipei_z21/images/TPS_01430.jpg
TPS_01431,25.060276,121.537213,1,taipei_udd_Image_2025,21,4,1756580,897697,0,ok,taipei_z21/images/TPS_01431.jpg
TPS_01432,25.060248,121.53922,1,taipei_udd_Image_2025,21,4,1756591,897697,0,ok,taipei_z21/images/TPS_01432.jpg
TPS_01433,25.060227,121.540746,1,taipei_udd_Image_2025,21,4,1756600,897697,0,ok,taipei_z21/images/TPS_01433.jpg
TPS_01434,25.065134,121.543702,1,taipei_udd_Image_2025,21,4,1756617,897666,0,ok,taipei_z21/images/TPS_01434.jpg
TPS_01435,25.066014,121.538318,1,taipei_udd_Image_2025,21,4,1756586,897660,0,ok,taipei_z21/images/TPS_01435.jpg
TPS_01436,25.062029,121.544918,1,taipei_udd_Image_2025,21,4,1756624,897686,0,ok,taipei_z21/images/TPS_01436.jpg
TPS_01437,25.065993,121.540974,1,taipei_udd_Image_2025,21,4,1756601,897660,0,ok,taipei_z21/images/TPS_01437.jpg
TPS_01438,25.054651,121.540524,1,taipei_udd_Image_2025,21,4,1756599,897733,0,ok,taipei_z21/images/TPS_01438.jpg
TPS_01439,25.054762,121.536626,1,taipei_udd_Image_2025,21,4,1756576,897732,0,ok,taipei_z21/images/TPS_01439.jpg
TPS_01440,25.054683,121.53909,1,taipei_udd_Image_2025,21,4,1756591,897733,0,ok,taipei_z21/images/TPS_01440.jpg
TPS_01441,25.054734,121.537086,1,taipei_udd_Image_2025,21,4,1756579,897733,0,ok,taipei_z21/images/TPS_01441.jpg
TPS_01442,25.076716,121.526353,1,taipei_udd_Image_2025,21,4,1756516,897591,0,ok,taipei_z21/images/TPS_01442.jpg
TPS_01443,25.053345,121.542089,1,taipei_udd_Image_2025,21,4,1756608,897741,0,ok,taipei_z21/images/TPS_01443.jpg
TPS_01444,25.054605,121.542134,1,taipei_udd_Image_2025,21,4,1756608,897733,0,ok,taipei_z21/images/TPS_01444.jpg
TPS_01445,25.037721,121.578201,1,taipei_udd_Image_2025,21,4,1756818,897842,0,ok,taipei_z21/images/TPS_01445.jpg
TPS_01446,25.036366,121.579133,1,taipei_udd_Image_2025,21,4,1756824,897851,0,ok,taipei_z21/images/TPS_01446.jpg
TPS_01447,25.033575,121.571774,1,taipei_udd_Image_2025,21,4,1756781,897869,0,ok,taipei_z21/images/TPS_01447.jpg
TPS_01448,25.034684,121.573522,1,taipei_udd_Image_2025,21,4,1756791,897861,0,ok,taipei_z21/images/TPS_01448.jpg
TPS_01449,25.036509,121.573553,1,taipei_udd_Image_2025,21,4,1756791,897850,0,ok,taipei_z21/images/TPS_01449.jpg
TPS_01450,25.034193,121.571772,1,taipei_udd_Image_2025,21,4,1756781,897865,0,ok,taipei_z21/images/TPS_01450.jpg
TPS_01451,25.036486,121.574531,1,taipei_udd_Image_2025,21,4,1756797,897850,0,ok,taipei_z21/images/TPS_01451.jpg
TPS_01452,25.057982,121.530209,1,taipei_udd_Image_2025,21,4,1756539,897712,0,ok,taipei_z21/images/TPS_01452.jpg
TPS_01453,25.054862,121.530148,1,taipei_udd_Image_2025,21,4,1756538,897732,0,ok,taipei_z21/images/TPS_01453.jpg
TPS_01454,25.064873,121.527955,1,taipei_udd_Image_2025,21,4,1756526,897667,0,ok,taipei_z21/images/TPS_01454.jpg
TPS_01455,25.064828,121.530358,1,taipei_udd_Image_2025,21,4,1756540,897668,0,ok,taipei_z21/images/TPS_01455.jpg
TPS_01458,25.01847,121.558959,1,taipei_udd_Image_2025,21,4,1756706,897966,0,ok,taipei_z21/images/TPS_01458.jpg
TPS_01456,25.018272,121.550975,1,taipei_udd_Image_2025,21,4,1756660,897967,0,ok,taipei_z21/images/TPS_01456.jpg
TPS_01457,25.020339,121.552707,1,taipei_udd_Image_2025,21,4,1756670,897954,0,ok,taipei_z21/images/TPS_01457.jpg
TPS_01459,25.018524,121.556891,1,taipei_udd_Image_2025,21,4,1756694,897965,0,ok,taipei_z21/images/TPS_01459.jpg
TPS_01460,25.01779,121.557875,1,taipei_udd_Image_2025,21,4,1756700,897970,0,ok,taipei_z21/images/TPS_01460.jpg
TPS_01461,25.018692,121.554576,1,taipei_udd_Image_2025,21,4,1756681,897964,0,ok,taipei_z21/images/TPS_01461.jpg
TPS_01462,25.017021,121.558396,1,taipei_udd_Image_2025,21,4,1756703,897975,0,ok,taipei_z21/images/TPS_01462.jpg
TPS_01464,25.016802,121.559888,1,taipei_udd_Image_2025,21,4,1756712,897976,0,ok,taipei_z21/images/TPS_01464.jpg
TPS_01463,25.01848,121.557416,1,taipei_udd_Image_2025,21,4,1756697,897966,0,ok,taipei_z21/images/TPS_01463.jpg
TPS_01465,25.015069,121.561653,1,taipei_udd_Image_2025,21,4,1756722,897988,0,ok,taipei_z21/images/TPS_01465.jpg
TPS_01466,25.019717,121.55351,1,taipei_udd_Image_2025,21,4,1756675,897958,0,ok,taipei_z21/images/TPS_01466.jpg
TPS_01467,25.064802,121.531741,1,taipei_udd_Image_2025,21,4,1756548,897668,0,ok,taipei_z21/images/TPS_01467.jpg
TPS_01468,25.022915,121.546895,1,taipei_udd_Image_2025,21,4,1756636,897937,0,ok,taipei_z21/images/TPS_01468.jpg
TPS_01469,25.060312,121.534875,1,taipei_udd_Image_2025,21,4,1756566,897697,0,ok,taipei_z21/images/TPS_01469.jpg
TPS_01470,25.060283,121.536733,1,taipei_udd_Image_2025,21,4,1756577,897697,0,ok,taipei_z21/images/TPS_01470.jpg
TPS_01471,25.077053,121.512107,1,taipei_udd_Image_2025,21,4,1756433,897589,0,ok,taipei_z21/images/TPS_01471.jpg
TPS_01472,25.075875,121.511892,1,taipei_udd_Image_2025,21,4,1756432,897597,0,ok,taipei_z21/images/TPS_01472.jpg
TPS_01473,25.075781,121.517701,1,taipei_udd_Image_2025,21,4,1756466,897597,0,ok,taipei_z21/images/TPS_01473.jpg
TPS_01474,25.067293,121.515937,1,taipei_udd_Image_2025,21,4,1756456,897652,0,ok,taipei_z21/images/TPS_01474.jpg
TPS_01475,25.070529,121.515906,1,taipei_udd_Image_2025,21,4,1756455,897631,0,ok,taipei_z21/images/TPS_01475.jpg
TPS_01476,25.071985,121.515888,1,taipei_udd_Image_2025,21,4,1756455,897622,0,ok,taipei_z21/images/TPS_01476.jpg
TPS_01477,25.073048,121.515857,1,taipei_udd_Image_2025,21,4,1756455,897615,0,ok,taipei_z21/images/TPS_01477.jpg
TPS_01479,25.06851,121.519538,1,taipei_udd_Image_2025,21,4,1756477,897644,0,ok,taipei_z21/images/TPS_01479.jpg
TPS_01478,25.072105,121.510996,1,taipei_udd_Image_2025,21,4,1756427,897621,0,ok,taipei_z21/images/TPS_01478.jpg
TPS_01480,25.074588,121.513915,1,taipei_udd_Image_2025,21,4,1756444,897605,0,ok,taipei_z21/images/TPS_01480.jpg
TPS_01481,25.073032,121.511232,1,taipei_udd_Image_2025,21,4,1756428,897615,0,ok,taipei_z21/images/TPS_01481.jpg
TPS_01482,25.072074,121.512637,1,taipei_udd_Image_2025,21,4,1756436,897621,0,ok,taipei_z21/images/TPS_01482.jpg
TPS_01483,25.07998,121.51093,1,taipei_udd_Image_2025,21,4,1756426,897570,0,ok,taipei_z21/images/TPS_01483.jpg
TPS_01486,25.068091,121.568339,1,taipei_udd_Image_2025,21,4,1756761,897647,0,ok,taipei_z21/images/TPS_01486.jpg
TPS_01484,25.084114,121.509938,1,taipei_udd_Image_2025,21,4,1756421,897544,0,ok,taipei_z21/images/TPS_01484.jpg
TPS_01485,25.053282,121.545193,1,taipei_udd_Image_2025,21,4,1756626,897742,0,ok,taipei_z21/images/TPS_01485.jpg
TPS_01487,25.055854,121.560307,1,taipei_udd_Image_2025,21,4,1756714,897725,0,ok,taipei_z21/images/TPS_01487.jpg
TPS_01488,25.066559,121.531801,1,taipei_udd_Image_2025,21,4,1756548,897656,0,ok,taipei_z21/images/TPS_01488.jpg
TPS_01489,25.066566,121.530432,1,taipei_udd_Image_2025,21,4,1756540,897656,0,ok,taipei_z21/images/TPS_01489.jpg
TPS_01490,25.064852,121.529057,1,taipei_udd_Image_2025,21,4,1756532,897667,0,ok,taipei_z21/images/TPS_01490.jpg
TPS_01491,25.058024,121.527433,1,taipei_udd_Image_2025,21,4,1756523,897711,0,ok,taipei_z21/images/TPS_01491.jpg
TPS_01492,25.058019,121.527783,1,taipei_udd_Image_2025,21,4,1756525,897711,0,ok,taipei_z21/images/TPS_01492.jpg
TPS_01493,25.061058,121.56542,1,taipei_udd_Image_2025,21,4,1756744,897692,0,ok,taipei_z21/images/TPS_01493.jpg
TPS_01494,25.059634,121.56588,1,taipei_udd_Image_2025,21,4,1756747,897701,0,ok,taipei_z21/images/TPS_01494.jpg
TPS_01495,25.057148,121.567357,1,taipei_udd_Image_2025,21,4,1756755,897717,0,ok,taipei_z21/images/TPS_01495.jpg
TPS_01496,25.056185,121.563665,1,taipei_udd_Image_2025,21,4,1756734,897723,0,ok,taipei_z21/images/TPS_01496.jpg
TPS_01497,25.055647,121.563721,1,taipei_udd_Image_2025,21,4,1756734,897727,0,ok,taipei_z21/images/TPS_01497.jpg
TPS_01498,25.055472,121.567202,1,taipei_udd_Image_2025,21,4,1756754,897728,0,ok,taipei_z21/images/TPS_01498.jpg
TPS_01499,25.052373,121.567998,1,taipei_udd_Image_2025,21,4,1756759,897748,0,ok,taipei_z21/images/TPS_01499.jpg
TPS_01500,25.044102,121.531815,1,taipei_udd_Image_2025,21,4,1756548,897801,0,ok,taipei_z21/images/TPS_01500.jpg
TPS_01501,25.061208,121.530273,1,taipei_udd_Image_2025,21,4,1756539,897691,0,ok,taipei_z21/images/TPS_01501.jpg
TPS_01502,25.058961,121.530229,1,taipei_udd_Image_2025,21,4,1756539,897705,0,ok,taipei_z21/images/TPS_01502.jpg
TPS_01503,25.060334,121.528969,1,taipei_udd_Image_2025,21,4,1756532,897696,0,ok,taipei_z21/images/TPS_01503.jpg
TPS_01504,25.060351,121.530257,1,taipei_udd_Image_2025,21,4,1756539,897696,0,ok,taipei_z21/images/TPS_01504.jpg
TPS_01505,25.060262,121.52748,1,taipei_udd_Image_2025,21,4,1756523,897697,0,ok,taipei_z21/images/TPS_01505.jpg
TPS_01507,25.047995,121.530057,1,taipei_udd_Image_2025,21,4,1756538,897776,0,ok,taipei_z21/images/TPS_01507.jpg
TPS_01506,25.050991,121.534775,1,taipei_udd_Image_2025,21,4,1756565,897757,0,ok,taipei_z21/images/TPS_01506.jpg
TPS_01508,25.048428,121.534728,1,taipei_udd_Image_2025,21,4,1756565,897773,0,ok,taipei_z21/images/TPS_01508.jpg
TPS_01509,25.048485,121.531447,1,taipei_udd_Image_2025,21,4,1756546,897773,0,ok,taipei_z21/images/TPS_01509.jpg
TPS_01510,25.049731,121.530039,1,taipei_udd_Image_2025,21,4,1756538,897765,0,ok,taipei_z21/images/TPS_01510.jpg
TPS_01511,25.0501,121.52856,1,taipei_udd_Image_2025,21,4,1756529,897762,0,ok,taipei_z21/images/TPS_01511.jpg
TPS_01512,25.050513,121.531479,1,taipei_udd_Image_2025,21,4,1756546,897760,0,ok,taipei_z21/images/TPS_01512.jpg
TPS_01513,25.050515,121.530057,1,taipei_udd_Image_2025,21,4,1756538,897760,0,ok,taipei_z21/images/TPS_01513.jpg
TPS_01514,25.053674,121.530125,1,taipei_udd_Image_2025,21,4,1756538,897739,0,ok,taipei_z21/images/TPS_01514.jpg
TPS_01515,25.053653,121.531533,1,taipei_udd_Image_2025,21,4,1756546,897739,0,ok,taipei_z21/images/TPS_01515.jpg
TPS_01516,25.054821,121.531563,1,taipei_udd_Image_2025,21,4,1756547,897732,0,ok,taipei_z21/images/TPS_01516.jpg
TPS_01517,25.057443,121.527769,1,taipei_udd_Image_2025,21,4,1756525,897715,0,ok,taipei_z21/images/TPS_01517.jpg
TPS_01518,25.056047,121.530171,1,taipei_udd_Image_2025,21,4,1756539,897724,0,ok,taipei_z21/images/TPS_01518.jpg
TPS_01519,25.056058,121.528892,1,taipei_udd_Image_2025,21,4,1756531,897724,0,ok,taipei_z21/images/TPS_01519.jpg
TPS_01520,25.054883,121.528869,1,taipei_udd_Image_2025,21,4,1756531,897732,0,ok,taipei_z21/images/TPS_01520.jpg
TPS_01521,25.058002,121.528896,1,taipei_udd_Image_2025,21,4,1756531,897711,0,ok,taipei_z21/images/TPS_01521.jpg
TPS_01522,25.057014,121.515574,1,taipei_udd_Image_2025,21,4,1756454,897718,0,ok,taipei_z21/images/TPS_01522.jpg
TPS_01523,25.049992,121.564512,1,taipei_udd_Image_2025,21,4,1756739,897763,0,ok,taipei_z21/images/TPS_01523.jpg
TPS_01524,25.050387,121.528088,1,taipei_udd_Image_2025,21,4,1756526,897760,0,ok,taipei_z21/images/TPS_01524.jpg
TPS_01525,25.050348,121.524954,1,taipei_udd_Image_2025,21,4,1756508,897761,0,ok,taipei_z21/images/TPS_01525.jpg
TPS_01527,25.04954,121.522847,1,taipei_udd_Image_2025,21,4,1756496,897766,0,ok,taipei_z21/images/TPS_01527.jpg
TPS_01526,25.052123,121.523571,1,taipei_udd_Image_2025,21,4,1756500,897749,0,ok,taipei_z21/images/TPS_01526.jpg
TPS_01528,25.049068,121.522707,1,taipei_udd_Image_2025,21,4,1756495,897769,0,ok,taipei_z21/images/TPS_01528.jpg
TPS_01529,25.048334,121.52813,1,taipei_udd_Image_2025,21,4,1756527,897774,0,ok,taipei_z21/images/TPS_01529.jpg
TPS_01530,25.048739,121.526372,1,taipei_udd_Image_2025,21,4,1756516,897771,0,ok,taipei_z21/images/TPS_01530.jpg
TPS_01531,25.047553,121.526028,1,taipei_udd_Image_2025,21,4,1756514,897779,0,ok,taipei_z21/images/TPS_01531.jpg
TPS_01533,25.045664,121.519205,1,taipei_udd_Image_2025,21,4,1756475,897791,0,ok,taipei_z21/images/TPS_01533.jpg
TPS_01532,25.049147,121.524575,1,taipei_udd_Image_2025,21,4,1756506,897768,0,ok,taipei_z21/images/TPS_01532.jpg
TPS_01534,25.037558,121.582685,1,taipei_udd_Image_2025,21,4,1756844,897843,0,ok,taipei_z21/images/TPS_01534.jpg
TPS_01535,25.032746,121.578956,1,taipei_udd_Image_2025,21,4,1756823,897874,0,ok,taipei_z21/images/TPS_01535.jpg
TPS_01536,25.040771,121.580749,1,taipei_udd_Image_2025,21,4,1756833,897822,0,ok,taipei_z21/images/TPS_01536.jpg
TPS_01537,25.039573,121.579258,1,taipei_udd_Image_2025,21,4,1756825,897830,0,ok,taipei_z21/images/TPS_01537.jpg
TPS_01538,25.047922,121.572183,1,taipei_udd_Image_2025,21,4,1756783,897776,0,ok,taipei_z21/images/TPS_01538.jpg
TPS_01539,25.047962,121.570442,1,taipei_udd_Image_2025,21,4,1756773,897776,0,ok,taipei_z21/images/TPS_01539.jpg
TPS_01540,25.042298,121.570207,1,taipei_udd_Image_2025,21,4,1756772,897812,0,ok,taipei_z21/images/TPS_01540.jpg
TPS_01541,25.04224,121.571977,1,taipei_udd_Image_2025,21,4,1756782,897813,0,ok,taipei_z21/images/TPS_01541.jpg
TPS_01542,25.042075,121.577791,1,taipei_udd_Image_2025,21,4,1756816,897814,0,ok,taipei_z21/images/TPS_01542.jpg
TPS_01543,25.043528,121.570233,1,taipei_udd_Image_2025,21,4,1756772,897805,0,ok,taipei_z21/images/TPS_01543.jpg
TPS_01544,25.043474,121.572022,1,taipei_udd_Image_2025,21,4,1756782,897805,0,ok,taipei_z21/images/TPS_01544.jpg
TPS_01545,25.043251,121.577778,1,taipei_udd_Image_2025,21,4,1756816,897806,0,ok,taipei_z21/images/TPS_01545.jpg
TPS_01547,25.051589,121.581438,1,taipei_udd_Image_2025,21,4,1756837,897753,0,ok,taipei_z21/images/TPS_01547.jpg
TPS_01546,25.048914,121.579232,1,taipei_udd_Image_2025,21,4,1756824,897770,0,ok,taipei_z21/images/TPS_01546.jpg
TPS_01548,25.051124,121.581567,1,taipei_udd_Image_2025,21,4,1756838,897756,0,ok,taipei_z21/images/TPS_01548.jpg
TPS_01549,25.052189,121.580215,1,taipei_udd_Image_2025,21,4,1756830,897749,0,ok,taipei_z21/images/TPS_01549.jpg
TPS_01550,25.052117,121.579871,1,taipei_udd_Image_2025,21,4,1756828,897749,0,ok,taipei_z21/images/TPS_01550.jpg
TPS_01551,25.064249,121.578163,1,taipei_udd_Image_2025,21,4,1756818,897671,0,ok,taipei_z21/images/TPS_01551.jpg
TPS_01552,25.064913,121.57955,1,taipei_udd_Image_2025,21,4,1756826,897667,0,ok,taipei_z21/images/TPS_01552.jpg
TPS_01553,25.062594,121.581222,1,taipei_udd_Image_2025,21,4,1756836,897682,0,ok,taipei_z21/images/TPS_01553.jpg
TPS_01554,25.063329,121.580692,1,taipei_udd_Image_2025,21,4,1756833,897677,0,ok,taipei_z21/images/TPS_01554.jpg
TPS_01555,25.050944,121.577708,1,taipei_udd_Image_2025,21,4,1756815,897757,0,ok,taipei_z21/images/TPS_01555.jpg
TPS_01556,25.060777,121.561393,1,taipei_udd_Image_2025,21,4,1756720,897694,0,ok,taipei_z21/images/TPS_01556.jpg
TPS_01557,25.060703,121.560328,1,taipei_udd_Image_2025,21,4,1756714,897694,0,ok,taipei_z21/images/TPS_01557.jpg
TPS_01558,25.060469,121.556981,1,taipei_udd_Image_2025,21,4,1756695,897696,0,ok,taipei_z21/images/TPS_01558.jpg
TPS_01559,25.060322,121.554873,1,taipei_udd_Image_2025,21,4,1756682,897697,0,ok,taipei_z21/images/TPS_01559.jpg
TPS_01560,25.00065,121.583256,1,taipei_udd_Image_2025,21,4,1756848,898080,0,ok,taipei_z21/images/TPS_01560.jpg
TPS_01562,25.028575,121.528296,1,taipei_udd_Image_2025,21,4,1756528,897901,0,ok,taipei_z21/images/TPS_01562.jpg
TPS_01561,25.002994,121.584281,1,taipei_udd_Image_2025,21,4,1756854,898065,0,ok,taipei_z21/images/TPS_01561.jpg
TPS_01563,25.031601,121.527442,1,taipei_udd_Image_2025,21,4,1756523,897881,0,ok,taipei_z21/images/TPS_01563.jpg
TPS_01564,25.02976,121.530636,1,taipei_udd_Image_2025,21,4,1756541,897893,0,ok,taipei_z21/images/TPS_01564.jpg
TPS_01565,25.031392,121.52879,1,taipei_udd_Image_2025,21,4,1756531,897883,0,ok,taipei_z21/images/TPS_01565.jpg
TPS_01566,25.029883,121.528546,1,taipei_udd_Image_2025,21,4,1756529,897892,0,ok,taipei_z21/images/TPS_01566.jpg
TPS_01567,25.03001,121.531555,1,taipei_udd_Image_2025,21,4,1756547,897891,0,ok,taipei_z21/images/TPS_01567.jpg
TPS_01569,25.079924,121.523689,1,taipei_udd_Image_2025,21,4,1756501,897571,0,ok,taipei_z21/images/TPS_01569.jpg
TPS_01568,25.02977,121.5295,1,taipei_udd_Image_2025,21,4,1756535,897893,0,ok,taipei_z21/images/TPS_01568.jpg
TPS_01570,25.056241,121.525475,1,taipei_udd_Image_2025,21,4,1756511,897723,0,ok,taipei_z21/images/TPS_01570.jpg
TPS_01571,25.054362,121.525434,1,taipei_udd_Image_2025,21,4,1756511,897735,0,ok,taipei_z21/images/TPS_01571.jpg
TPS_01572,25.053892,121.525424,1,taipei_udd_Image_2025,21,4,1756511,897738,0,ok,taipei_z21/images/TPS_01572.jpg
TPS_01573,25.05494,121.525447,1,taipei_udd_Image_2025,21,4,1756511,897731,0,ok,taipei_z21/images/TPS_01573.jpg
TPS_01574,25.058054,121.525515,1,taipei_udd_Image_2025,21,4,1756511,897711,0,ok,taipei_z21/images/TPS_01574.jpg
TPS_01575,25.053809,121.527379,1,taipei_udd_Image_2025,21,4,1756522,897738,0,ok,taipei_z21/images/TPS_01575.jpg
TPS_01576,25.083383,121.510082,1,taipei_udd_Image_2025,21,4,1756422,897548,0,ok,taipei_z21/images/TPS_01576.jpg
TPS_01577,25.08749,121.511443,1,taipei_udd_Image_2025,21,4,1756429,897522,0,ok,taipei_z21/images/TPS_01577.jpg
TPS_01578,25.089371,121.504868,1,taipei_udd_Image_2025,21,4,1756391,897510,0,ok,taipei_z21/images/TPS_01578.jpg
TPS_01579,25.087697,121.508971,1,taipei_udd_Image_2025,21,4,1756415,897521,0,ok,taipei_z21/images/TPS_01579.jpg
TPS_01580,25.088958,121.510617,1,taipei_udd_Image_2025,21,4,1756425,897512,0,ok,taipei_z21/images/TPS_01580.jpg
TPS_01581,25.090485,121.501265,1,taipei_udd_Image_2025,21,4,1756370,897503,0,ok,taipei_z21/images/TPS_01581.jpg
TPS_01582,25.053873,121.511757,1,taipei_udd_Image_2025,21,4,1756431,897738,0,ok,taipei_z21/images/TPS_01582.jpg
TPS_01583,25.052394,121.507294,1,taipei_udd_Image_2025,21,4,1756405,897748,0,ok,taipei_z21/images/TPS_01583.jpg
TPS_01584,25.056941,121.511582,1,taipei_udd_Image_2025,21,4,1756430,897718,0,ok,taipei_z21/images/TPS_01584.jpg
TPS_01585,25.052004,121.508565,1,taipei_udd_Image_2025,21,4,1756413,897750,0,ok,taipei_z21/images/TPS_01585.jpg
TPS_01586,25.052043,121.511856,1,taipei_udd_Image_2025,21,4,1756432,897750,0,ok,taipei_z21/images/TPS_01586.jpg
TPS_01587,25.046217,121.503256,1,taipei_udd_Image_2025,21,4,1756382,897787,0,ok,taipei_z21/images/TPS_01587.jpg
TPS_01588,25.089412,121.505301,1,taipei_udd_Image_2025,21,4,1756394,897509,0,ok,taipei_z21/images/TPS_01588.jpg
TPS_01589,25.088657,121.50832,1,taipei_udd_Image_2025,21,4,1756411,897514,0,ok,taipei_z21/images/TPS_01589.jpg
TPS_01590,25.062797,121.524362,1,taipei_udd_Image_2025,21,4,1756505,897681,0,ok,taipei_z21/images/TPS_01590.jpg
TPS_01591,25.066706,121.524316,1,taipei_udd_Image_2025,21,4,1756504,897656,0,ok,taipei_z21/images/TPS_01591.jpg
TPS_01592,25.06407,121.525678,1,taipei_udd_Image_2025,21,4,1756512,897672,0,ok,taipei_z21/images/TPS_01592.jpg
TPS_01594,25.060228,121.518811,1,taipei_udd_Image_2025,21,4,1756472,897697,0,ok,taipei_z21/images/TPS_01594.jpg
TPS_01593,25.060808,121.514341,1,taipei_udd_Image_2025,21,4,1756446,897693,0,ok,taipei_z21/images/TPS_01593.jpg
TPS_01595,25.057464,121.51919,1,taipei_udd_Image_2025,21,4,1756475,897715,0,ok,taipei_z21/images/TPS_01595.jpg
TPS_01596,25.061702,121.525605,1,taipei_udd_Image_2025,21,4,1756512,897688,0,ok,taipei_z21/images/TPS_01596.jpg
TPS_01597,25.062789,121.519641,1,taipei_udd_Image_2025,21,4,1756477,897681,0,ok,taipei_z21/images/TPS_01597.jpg
TPS_01598,25.059069,121.525538,1,taipei_udd_Image_2025,21,4,1756512,897705,0,ok,taipei_z21/images/TPS_01598.jpg
TPS_01599,25.058054,121.523966,1,taipei_udd_Image_2025,21,4,1756502,897711,0,ok,taipei_z21/images/TPS_01599.jpg
TPS_01600,25.060288,121.525565,1,taipei_udd_Image_2025,21,4,1756512,897697,0,ok,taipei_z21/images/TPS_01600.jpg
TPS_01601,25.064883,121.52573,1,taipei_udd_Image_2025,21,4,1756513,897667,0,ok,taipei_z21/images/TPS_01601.jpg
TPS_01602,25.085752,121.511326,1,taipei_udd_Image_2025,21,4,1756429,897533,0,ok,taipei_z21/images/TPS_01602.jpg
TPS_01605,25.085677,121.510982,1,taipei_udd_Image_2025,21,4,1756427,897533,0,ok,taipei_z21/images/TPS_01605.jpg
TPS_01604,25.084515,121.509873,1,taipei_udd_Image_2025,21,4,1756420,897541,0,ok,taipei_z21/images/TPS_01604.jpg
TPS_01603,25.081988,121.512819,1,taipei_udd_Image_2025,21,4,1756437,897557,0,ok,taipei_z21/images/TPS_01603.jpg
TPS_01606,25.082081,121.510327,1,taipei_udd_Image_2025,21,4,1756423,897557,0,ok,taipei_z21/images/TPS_01606.jpg
TPS_01607,25.085721,121.509554,1,taipei_udd_Image_2025,21,4,1756418,897533,0,ok,taipei_z21/images/TPS_01607.jpg
TPS_01608,25.083679,121.508547,1,taipei_udd_Image_2025,21,4,1756413,897546,0,ok,taipei_z21/images/TPS_01608.jpg
TPS_01609,25.082657,121.510212,1,taipei_udd_Image_2025,21,4,1756422,897553,0,ok,taipei_z21/images/TPS_01609.jpg
TPS_01610,25.100818,121.537593,1,taipei_udd_Image_2025,21,4,1756582,897436,0,ok,taipei_z21/images/TPS_01610.jpg
TPS_01611,25.04786,121.506207,1,taipei_udd_Image_2025,21,4,1756399,897777,0,ok,taipei_z21/images/TPS_01611.jpg
TPS_01613,25.021818,121.495973,1,taipei_udd_Image_2025,21,4,1756339,897944,0,ok,taipei_z21/images/TPS_01613.jpg
TPS_01612,25.023664,121.495421,1,taipei_udd_Image_2025,21,4,1756336,897932,0,ok,taipei_z21/images/TPS_01612.jpg
TPS_01614,25.03782,121.494385,1,taipei_udd_Image_2025,21,4,1756330,897841,0,ok,taipei_z21/images/TPS_01614.jpg
TPS_01615,25.036984,121.492658,1,taipei_udd_Image_2025,21,4,1756320,897847,0,ok,taipei_z21/images/TPS_01615.jpg
TPS_01616,25.038453,121.499766,1,taipei_udd_Image_2025,21,4,1756361,897837,0,ok,taipei_z21/images/TPS_01616.jpg
TPS_01617,25.041476,121.49956,1,taipei_udd_Image_2025,21,4,1756360,897818,0,ok,taipei_z21/images/TPS_01617.jpg
TPS_01618,25.069004,121.576486,1,taipei_udd_Image_2025,21,4,1756808,897641,0,ok,taipei_z21/images/TPS_01618.jpg
TPS_01619,25.067448,121.580406,1,taipei_udd_Image_2025,21,4,1756831,897651,0,ok,taipei_z21/images/TPS_01619.jpg
TPS_01620,25.06729,121.582637,1,taipei_udd_Image_2025,21,4,1756844,897652,0,ok,taipei_z21/images/TPS_01620.jpg
TPS_01621,25.042759,121.583566,1,taipei_udd_Image_2025,21,4,1756850,897810,0,ok,taipei_z21/images/TPS_01621.jpg
TPS_01622,25.041798,121.587541,1,taipei_udd_Image_2025,21,4,1756873,897816,0,ok,taipei_z21/images/TPS_01622.jpg
TPS_01623,25.04156,121.585481,1,taipei_udd_Image_2025,21,4,1756861,897817,0,ok,taipei_z21/images/TPS_01623.jpg
TPS_01624,25.042166,121.584386,1,taipei_udd_Image_2025,21,4,1756854,897813,0,ok,taipei_z21/images/TPS_01624.jpg
TPS_01625,25.037497,121.591298,1,taipei_udd_Image_2025,21,4,1756895,897843,0,ok,taipei_z21/images/TPS_01625.jpg
TPS_01626,25.040417,121.592897,1,taipei_udd_Image_2025,21,4,1756904,897825,0,ok,taipei_z21/images/TPS_01626.jpg
TPS_01627,25.041329,121.590984,1,taipei_udd_Image_2025,21,4,1756893,897819,0,ok,taipei_z21/images/TPS_01627.jpg
TPS_01628,25.040366,121.590613,1,taipei_udd_Image_2025,21,4,1756891,897825,0,ok,taipei_z21/images/TPS_01628.jpg
TPS_01629,25.039762,121.589294,1,taipei_udd_Image_2025,21,4,1756883,897829,0,ok,taipei_z21/images/TPS_01629.jpg
TPS_01630,25.039285,121.587578,1,taipei_udd_Image_2025,21,4,1756873,897832,0,ok,taipei_z21/images/TPS_01630.jpg
TPS_01631,25.039984,121.584582,1,taipei_udd_Image_2025,21,4,1756856,897827,0,ok,taipei_z21/images/TPS_01631.jpg
TPS_01632,25.038836,121.586015,1,taipei_udd_Image_2025,21,4,1756864,897835,0,ok,taipei_z21/images/TPS_01632.jpg
TPS_01633,25.040751,121.585044,1,taipei_udd_Image_2025,21,4,1756858,897822,0,ok,taipei_z21/images/TPS_01633.jpg
TPS_01634,25.038536,121.58488,1,taipei_udd_Image_2025,21,4,1756857,897837,0,ok,taipei_z21/images/TPS_01634.jpg
TPS_01635,25.038272,121.584077,1,taipei_udd_Image_2025,21,4,1756853,897838,0,ok,taipei_z21/images/TPS_01635.jpg
TPS_01636,25.060652,121.511353,1,taipei_udd_Image_2025,21,4,1756429,897694,0,ok,taipei_z21/images/TPS_01636.jpg
TPS_01637,25.065932,121.511022,1,taipei_udd_Image_2025,21,4,1756427,897660,0,ok,taipei_z21/images/TPS_01637.jpg
TPS_01638,25.070136,121.510874,1,taipei_udd_Image_2025,21,4,1756426,897633,0,ok,taipei_z21/images/TPS_01638.jpg
TPS_01639,25.067212,121.510941,1,taipei_udd_Image_2025,21,4,1756427,897652,0,ok,taipei_z21/images/TPS_01639.jpg
TPS_01640,25.000924,121.551502,1,taipei_udd_Image_2025,21,4,1756663,898078,0,ok,taipei_z21/images/TPS_01640.jpg
TPS_01641,25.000129,121.550322,1,taipei_udd_Image_2025,21,4,1756656,898084,0,ok,taipei_z21/images/TPS_01641.jpg
TPS_01642,24.999303,121.555453,1,taipei_udd_Image_2025,21,4,1756686,898089,0,ok,taipei_z21/images/TPS_01642.jpg
TPS_01643,25.004781,121.535715,1,taipei_udd_Image_2025,21,4,1756571,898054,0,ok,taipei_z21/images/TPS_01643.jpg
TPS_01644,25.004747,121.536472,1,taipei_udd_Image_2025,21,4,1756575,898054,0,ok,taipei_z21/images/TPS_01644.jpg
TPS_01645,25.014314,121.546997,1,taipei_udd_Image_2025,21,4,1756637,897992,0,ok,taipei_z21/images/TPS_01645.jpg
TPS_01646,25.003603,121.53859,1,taipei_udd_Image_2025,21,4,1756588,898061,0,ok,taipei_z21/images/TPS_01646.jpg
TPS_01647,25.002017,121.53552,1,taipei_udd_Image_2025,21,4,1756570,898071,0,ok,taipei_z21/images/TPS_01647.jpg
TPS_01648,24.996409,121.547528,1,taipei_udd_Image_2025,21,4,1756640,898107,0,ok,taipei_z21/images/TPS_01648.jpg
TPS_01649,24.997248,121.547868,1,taipei_udd_Image_2025,21,4,1756642,898102,0,ok,taipei_z21/images/TPS_01649.jpg
TPS_01650,24.998289,121.54772,1,taipei_udd_Image_2025,21,4,1756641,898095,0,ok,taipei_z21/images/TPS_01650.jpg
TPS_01651,25.011325,121.541006,1,taipei_udd_Image_2025,21,4,1756602,898012,0,ok,taipei_z21/images/TPS_01651.jpg
TPS_01652,25.001922,121.548709,1,taipei_udd_Image_2025,21,4,1756647,898072,0,ok,taipei_z21/images/TPS_01652.jpg
TPS_01653,25.005425,121.540919,1,taipei_udd_Image_2025,21,4,1756601,898050,0,ok,taipei_z21/images/TPS_01653.jpg
TPS_01654,25.029571,121.522018,1,taipei_udd_Image_2025,21,4,1756491,897894,0,ok,taipei_z21/images/TPS_01654.jpg
TPS_01655,25.030887,121.52229,1,taipei_udd_Image_2025,21,4,1756493,897886,0,ok,taipei_z21/images/TPS_01655.jpg
TPS_01656,25.000113,121.546053,1,taipei_udd_Image_2025,21,4,1756631,898084,0,ok,taipei_z21/images/TPS_01656.jpg
TPS_01657,24.999539,121.55498,1,taipei_udd_Image_2025,21,4,1756683,898087,0,ok,taipei_z21/images/TPS_01657.jpg
TPS_01658,24.987359,121.577211,1,taipei_udd_Image_2025,21,4,1756813,898166,0,ok,taipei_z21/images/TPS_01658.jpg
TPS_01659,25.028294,121.517713,1,taipei_udd_Image_2025,21,4,1756466,897903,0,ok,taipei_z21/images/TPS_01659.jpg
TPS_01660,25.032047,121.514954,1,taipei_udd_Image_2025,21,4,1756450,897878,0,ok,taipei_z21/images/TPS_01660.jpg
TPS_01661,25.017398,121.531512,1,taipei_udd_Image_2025,21,4,1756546,897973,0,ok,taipei_z21/images/TPS_01661.jpg
TPS_01662,25.015694,121.531335,1,taipei_udd_Image_2025,21,4,1756545,897984,0,ok,taipei_z21/images/TPS_01662.jpg
TPS_01663,25.012587,121.53528,1,taipei_udd_Image_2025,21,4,1756568,898003,0,ok,taipei_z21/images/TPS_01663.jpg
TPS_01664,25.012976,121.535991,1,taipei_udd_Image_2025,21,4,1756572,898001,0,ok,taipei_z21/images/TPS_01664.jpg
TPS_01665,25.060696,121.575425,1,taipei_udd_Image_2025,21,4,1756802,897694,0,ok,taipei_z21/images/TPS_01665.jpg
TPS_01666,25.063681,121.587631,1,taipei_udd_Image_2025,21,4,1756873,897675,0,ok,taipei_z21/images/TPS_01666.jpg
TPS_01667,25.066077,121.583937,1,taipei_udd_Image_2025,21,4,1756852,897660,0,ok,taipei_z21/images/TPS_01667.jpg
TPS_01668,25.061423,121.588703,1,taipei_udd_Image_2025,21,4,1756880,897689,0,ok,taipei_z21/images/TPS_01668.jpg
TPS_01669,25.062749,121.587668,1,taipei_udd_Image_2025,21,4,1756874,897681,0,ok,taipei_z21/images/TPS_01669.jpg
TPS_01670,25.064663,121.588996,1,taipei_udd_Image_2025,21,4,1756881,897669,0,ok,taipei_z21/images/TPS_01670.jpg
TPS_01671,25.065328,121.587741,1,taipei_udd_Image_2025,21,4,1756874,897664,0,ok,taipei_z21/images/TPS_01671.jpg
TPS_01672,25.063132,121.588962,1,taipei_udd_Image_2025,21,4,1756881,897678,0,ok,taipei_z21/images/TPS_01672.jpg
TPS_01673,25.064475,121.587662,1,taipei_udd_Image_2025,21,4,1756873,897670,0,ok,taipei_z21/images/TPS_01673.jpg
TPS_01674,25.064619,121.582847,1,taipei_udd_Image_2025,21,4,1756845,897669,0,ok,taipei_z21/images/TPS_01674.jpg
TPS_01675,25.062551,121.586269,1,taipei_udd_Image_2025,21,4,1756865,897682,0,ok,taipei_z21/images/TPS_01675.jpg
TPS_01676,25.047579,121.507328,1,taipei_udd_Image_2025,21,4,1756405,897779,0,ok,taipei_z21/images/TPS_01676.jpg
TPS_01677,25.044808,121.506523,1,taipei_udd_Image_2025,21,4,1756401,897796,0,ok,taipei_z21/images/TPS_01677.jpg
TPS_01679,25.047343,121.508326,1,taipei_udd_Image_2025,21,4,1756411,897780,0,ok,taipei_z21/images/TPS_01679.jpg
TPS_01678,25.04395,121.505088,1,taipei_udd_Image_2025,21,4,1756392,897802,0,ok,taipei_z21/images/TPS_01678.jpg
TPS_01680,25.046818,121.505904,1,taipei_udd_Image_2025,21,4,1756397,897783,0,ok,taipei_z21/images/TPS_01680.jpg
TPS_01681,25.046555,121.50703,1,taipei_udd_Image_2025,21,4,1756404,897785,0,ok,taipei_z21/images/TPS_01681.jpg
TPS_01682,25.045938,121.505645,1,taipei_udd_Image_2025,21,4,1756396,897789,0,ok,taipei_z21/images/TPS_01682.jpg
TPS_01683,25.045673,121.506775,1,taipei_udd_Image_2025,21,4,1756402,897791,0,ok,taipei_z21/images/TPS_01683.jpg
TPS_01684,25.043685,121.506197,1,taipei_udd_Image_2025,21,4,1756399,897804,0,ok,taipei_z21/images/TPS_01684.jpg
TPS_01685,25.04597,121.510718,1,taipei_udd_Image_2025,21,4,1756425,897789,0,ok,taipei_z21/images/TPS_01685.jpg
TPS_01686,25.045161,121.510476,1,taipei_udd_Image_2025,21,4,1756424,897794,0,ok,taipei_z21/images/TPS_01686.jpg
TPS_01687,25.060526,121.509318,1,taipei_udd_Image_2025,21,4,1756417,897695,0,ok,taipei_z21/images/TPS_01687.jpg
TPS_01688,25.060554,121.509927,1,taipei_udd_Image_2025,21,4,1756421,897695,0,ok,taipei_z21/images/TPS_01688.jpg
TPS_01689,25.056905,121.509838,1,taipei_udd_Image_2025,21,4,1756420,897719,0,ok,taipei_z21/images/TPS_01689.jpg
TPS_01690,25.058208,121.509692,1,taipei_udd_Image_2025,21,4,1756419,897710,0,ok,taipei_z21/images/TPS_01690.jpg
TPS_01691,25.05688,121.508933,1,taipei_udd_Image_2025,21,4,1756415,897719,0,ok,taipei_z21/images/TPS_01691.jpg
TPS_01692,25.053827,121.511043,1,taipei_udd_Image_2025,21,4,1756427,897738,0,ok,taipei_z21/images/TPS_01692.jpg
TPS_01693,25.038432,121.500582,1,taipei_udd_Image_2025,21,4,1756366,897837,0,ok,taipei_z21/images/TPS_01693.jpg
TPS_01695,25.03552,121.499318,1,taipei_udd_Image_2025,21,4,1756359,897856,0,ok,taipei_z21/images/TPS_01695.jpg
TPS_01694,25.036687,121.499377,1,taipei_udd_Image_2025,21,4,1756359,897849,0,ok,taipei_z21/images/TPS_01694.jpg
TPS_01696,25.039552,121.505407,1,taipei_udd_Image_2025,21,4,1756394,897830,0,ok,taipei_z21/images/TPS_01696.jpg
TPS_01697,25.037771,121.505168,1,taipei_udd_Image_2025,21,4,1756393,897842,0,ok,taipei_z21/images/TPS_01697.jpg
TPS_01698,25.042253,121.511492,1,taipei_udd_Image_2025,21,4,1756430,897813,0,ok,taipei_z21/images/TPS_01698.jpg
TPS_01699,25.040076,121.511308,1,taipei_udd_Image_2025,21,4,1756429,897827,0,ok,taipei_z21/images/TPS_01699.jpg
TPS_01700,25.041513,121.504535,1,taipei_udd_Image_2025,21,4,1756389,897818,0,ok,taipei_z21/images/TPS_01700.jpg
TPS_01701,25.040393,121.504325,1,taipei_udd_Image_2025,21,4,1756388,897825,0,ok,taipei_z21/images/TPS_01701.jpg
TPS_01702,25.040713,121.506056,1,taipei_udd_Image_2025,21,4,1756398,897823,0,ok,taipei_z21/images/TPS_01702.jpg
TPS_01703,25.041664,121.50946,1,taipei_udd_Image_2025,21,4,1756418,897817,0,ok,taipei_z21/images/TPS_01703.jpg
TPS_01704,25.04165,121.505978,1,taipei_udd_Image_2025,21,4,1756398,897817,0,ok,taipei_z21/images/TPS_01704.jpg
TPS_01705,25.039419,121.506223,1,taipei_udd_Image_2025,21,4,1756399,897831,0,ok,taipei_z21/images/TPS_01705.jpg
TPS_01706,25.039743,121.504191,1,taipei_udd_Image_2025,21,4,1756387,897829,0,ok,taipei_z21/images/TPS_01706.jpg
TPS_01707,25.04142,121.506925,1,taipei_udd_Image_2025,21,4,1756403,897818,0,ok,taipei_z21/images/TPS_01707.jpg
TPS_01708,25.035716,121.50774,1,taipei_udd_Image_2025,21,4,1756408,897855,0,ok,taipei_z21/images/TPS_01708.jpg
TPS_01709,25.041244,121.500083,1,taipei_udd_Image_2025,21,4,1756363,897819,0,ok,taipei_z21/images/TPS_01709.jpg
TPS_01710,25.040149,121.499882,1,taipei_udd_Image_2025,21,4,1756362,897826,0,ok,taipei_z21/images/TPS_01710.jpg
TPS_01711,25.040201,121.500688,1,taipei_udd_Image_2025,21,4,1756367,897826,0,ok,taipei_z21/images/TPS_01711.jpg
TPS_01712,25.025398,121.517449,1,taipei_udd_Image_2025,21,4,1756464,897921,0,ok,taipei_z21/images/TPS_01712.jpg
TPS_01713,25.025049,121.519021,1,taipei_udd_Image_2025,21,4,1756474,897923,0,ok,taipei_z21/images/TPS_01713.jpg
TPS_01714,25.023373,121.519011,1,taipei_udd_Image_2025,21,4,1756474,897934,0,ok,taipei_z21/images/TPS_01714.jpg
TPS_01715,25.04218,121.509609,1,taipei_udd_Image_2025,21,4,1756419,897813,0,ok,taipei_z21/images/TPS_01715.jpg
TPS_01716,25.057874,121.515296,1,taipei_udd_Image_2025,21,4,1756452,897712,0,ok,taipei_z21/images/TPS_01716.jpg
TPS_01717,25.024788,121.494886,1,taipei_udd_Image_2025,21,4,1756333,897925,0,ok,taipei_z21/images/TPS_01717.jpg
TPS_01718,25.025929,121.496457,1,taipei_udd_Image_2025,21,4,1756342,897918,0,ok,taipei_z21/images/TPS_01718.jpg
TPS_01719,25.02603,121.49433,1,taipei_udd_Image_2025,21,4,1756330,897917,0,ok,taipei_z21/images/TPS_01719.jpg
TPS_01720,25.026095,121.506486,1,taipei_udd_Image_2025,21,4,1756401,897917,0,ok,taipei_z21/images/TPS_01720.jpg
TPS_01721,25.025419,121.501742,1,taipei_udd_Image_2025,21,4,1756373,897921,0,ok,taipei_z21/images/TPS_01721.jpg
TPS_01722,25.026453,121.501709,1,taipei_udd_Image_2025,21,4,1756373,897914,0,ok,taipei_z21/images/TPS_01722.jpg
TPS_01725,25.028894,121.495181,1,taipei_udd_Image_2025,21,4,1756335,897899,0,ok,taipei_z21/images/TPS_01725.jpg
TPS_01723,25.024406,121.497169,1,taipei_udd_Image_2025,21,4,1756346,897928,0,ok,taipei_z21/images/TPS_01723.jpg
TPS_01724,25.032363,121.488872,1,taipei_udd_Image_2025,21,4,1756298,897876,0,ok,taipei_z21/images/TPS_01724.jpg
TPS_01726,25.0236,121.497546,1,taipei_udd_Image_2025,21,4,1756349,897933,0,ok,taipei_z21/images/TPS_01726.jpg
TPS_01727,25.083835,121.566915,1,taipei_udd_Image_2025,21,4,1756753,897545,0,ok,taipei_z21/images/TPS_01727.jpg
TPS_01728,25.085447,121.56555,1,taipei_udd_Image_2025,21,4,1756745,897535,0,ok,taipei_z21/images/TPS_01728.jpg
TPS_01729,25.08649,121.564061,1,taipei_udd_Image_2025,21,4,1756736,897528,0,ok,taipei_z21/images/TPS_01729.jpg
TPS_01730,25.074544,121.581078,1,taipei_udd_Image_2025,21,4,1756835,897605,0,ok,taipei_z21/images/TPS_01730.jpg
TPS_01731,25.079361,121.589337,1,taipei_udd_Image_2025,21,4,1756883,897574,0,ok,taipei_z21/images/TPS_01731.jpg
TPS_01732,25.084448,121.576001,1,taipei_udd_Image_2025,21,4,1756806,897541,0,ok,taipei_z21/images/TPS_01732.jpg
TPS_01733,25.066955,121.612301,1,taipei_udd_Image_2025,21,4,1757017,897654,0,ok,taipei_z21/images/TPS_01733.jpg
TPS_01734,25.075109,121.610117,1,taipei_udd_Image_2025,21,4,1757004,897601,0,ok,taipei_z21/images/TPS_01734.jpg
TPS_01735,25.072026,121.615577,1,taipei_udd_Image_2025,21,4,1757036,897621,0,ok,taipei_z21/images/TPS_01735.jpg
TPS_01736,25.073355,121.619511,1,taipei_udd_Image_2025,21,4,1757059,897613,0,ok,taipei_z21/images/TPS_01736.jpg
TPS_01737,25.04596,121.592401,1,taipei_udd_Image_2025,21,4,1756901,897789,0,ok,taipei_z21/images/TPS_01737.jpg
TPS_01738,24.992585,121.573725,1,taipei_udd_Image_2025,21,4,1756792,898132,0,ok,taipei_z21/images/TPS_01738.jpg
TPS_01739,25.056231,121.598279,1,taipei_udd_Image_2025,21,4,1756935,897723,0,ok,taipei_z21/images/TPS_01739.jpg
TPS_01740,25.056848,121.594758,1,taipei_udd_Image_2025,21,4,1756915,897719,0,ok,taipei_z21/images/TPS_01740.jpg
TPS_01741,25.058312,121.593938,1,taipei_udd_Image_2025,21,4,1756910,897709,0,ok,taipei_z21/images/TPS_01741.jpg
TPS_01742,24.985346,121.579954,1,taipei_udd_Image_2025,21,4,1756829,898179,0,ok,taipei_z21/images/TPS_01742.jpg
TPS_01743,25.057627,121.602352,1,taipei_udd_Image_2025,21,4,1756959,897714,0,ok,taipei_z21/images/TPS_01743.jpg
TPS_01744,25.057296,121.600932,1,taipei_udd_Image_2025,21,4,1756951,897716,0,ok,taipei_z21/images/TPS_01744.jpg
TPS_01745,25.056576,121.599061,1,taipei_udd_Image_2025,21,4,1756940,897721,0,ok,taipei_z21/images/TPS_01745.jpg
TPS_01746,25.054059,121.605042,1,taipei_udd_Image_2025,21,4,1756975,897737,0,ok,taipei_z21/images/TPS_01746.jpg
TPS_01747,25.05848,121.597314,1,taipei_udd_Image_2025,21,4,1756930,897708,0,ok,taipei_z21/images/TPS_01747.jpg
TPS_01748,25.057308,121.596037,1,taipei_udd_Image_2025,21,4,1756922,897716,0,ok,taipei_z21/images/TPS_01748.jpg
TPS_01749,25.057758,121.597607,1,taipei_udd_Image_2025,21,4,1756931,897713,0,ok,taipei_z21/images/TPS_01749.jpg
TPS_01750,25.057755,121.614108,1,taipei_udd_Image_2025,21,4,1757028,897713,0,ok,taipei_z21/images/TPS_01750.jpg
TPS_01751,25.059051,121.61421,1,taipei_udd_Image_2025,21,4,1757028,897705,0,ok,taipei_z21/images/TPS_01751.jpg
TPS_01752,25.060055,121.611369,1,taipei_udd_Image_2025,21,4,1757012,897698,0,ok,taipei_z21/images/TPS_01752.jpg
TPS_01753,25.05498,121.610321,1,taipei_udd_Image_2025,21,4,1757005,897731,0,ok,taipei_z21/images/TPS_01753.jpg
TPS_01754,25.059104,121.609811,1,taipei_udd_Image_2025,21,4,1757002,897704,0,ok,taipei_z21/images/TPS_01754.jpg
TPS_01755,25.057878,121.605339,1,taipei_udd_Image_2025,21,4,1756976,897712,0,ok,taipei_z21/images/TPS_01755.jpg
TPS_01756,25.058355,121.595781,1,taipei_udd_Image_2025,21,4,1756921,897709,0,ok,taipei_z21/images/TPS_01756.jpg
TPS_01757,25.060919,121.611029,1,taipei_udd_Image_2025,21,4,1757010,897693,0,ok,taipei_z21/images/TPS_01757.jpg
TPS_01758,25.056159,121.613987,1,taipei_udd_Image_2025,21,4,1757027,897723,0,ok,taipei_z21/images/TPS_01758.jpg
TPS_01759,25.058103,121.606702,1,taipei_udd_Image_2025,21,4,1756984,897711,0,ok,taipei_z21/images/TPS_01759.jpg
TPS_01760,25.054449,121.593224,1,taipei_udd_Image_2025,21,4,1756906,897734,0,ok,taipei_z21/images/TPS_01760.jpg
TPS_01761,25.055337,121.605946,1,taipei_udd_Image_2025,21,4,1756980,897729,0,ok,taipei_z21/images/TPS_01761.jpg
TPS_01762,25.124686,121.46904,1,taipei_udd_Image_2025,21,4,1756182,897283,0,ok,taipei_z21/images/TPS_01762.jpg
TPS_01764,25.123414,121.466938,1,taipei_udd_Image_2025,21,4,1756170,897291,0,ok,taipei_z21/images/TPS_01764.jpg
TPS_01763,25.124399,121.464893,1,taipei_udd_Image_2025,21,4,1756158,897284,0,ok,taipei_z21/images/TPS_01763.jpg
TPS_01765,25.123061,121.466912,1,taipei_udd_Image_2025,21,4,1756170,897293,0,ok,taipei_z21/images/TPS_01765.jpg
TPS_01766,25.127852,121.467641,1,taipei_udd_Image_2025,21,4,1756174,897262,0,ok,taipei_z21/images/TPS_01766.jpg
TPS_01767,25.126029,121.465525,1,taipei_udd_Image_2025,21,4,1756162,897274,0,ok,taipei_z21/images/TPS_01767.jpg
TPS_01768,25.127208,121.466683,1,taipei_udd_Image_2025,21,4,1756169,897266,0,ok,taipei_z21/images/TPS_01768.jpg
TPS_01769,25.12819,121.46837,1,taipei_udd_Image_2025,21,4,1756179,897260,0,ok,taipei_z21/images/TPS_01769.jpg
TPS_01770,25.066166,121.613684,1,taipei_udd_Image_2025,21,4,1757025,897659,0,ok,taipei_z21/images/TPS_01770.jpg
TPS_01771,25.055704,121.603808,1,taipei_udd_Image_2025,21,4,1756968,897726,0,ok,taipei_z21/images/TPS_01771.jpg
TPS_01773,25.058277,121.614148,1,taipei_udd_Image_2025,21,4,1757028,897710,0,ok,taipei_z21/images/TPS_01773.jpg
TPS_01772,25.056156,121.601693,1,taipei_udd_Image_2025,21,4,1756955,897723,0,ok,taipei_z21/images/TPS_01772.jpg
TPS_01774,25.055981,121.611975,1,taipei_udd_Image_2025,21,4,1757015,897724,0,ok,taipei_z21/images/TPS_01774.jpg
TPS_01775,25.056407,121.610145,1,taipei_udd_Image_2025,21,4,1757004,897722,0,ok,taipei_z21/images/TPS_01775.jpg
TPS_01776,25.057713,121.604314,1,taipei_udd_Image_2025,21,4,1756970,897713,0,ok,taipei_z21/images/TPS_01776.jpg
TPS_01777,25.055335,121.612454,1,taipei_udd_Image_2025,21,4,1757018,897729,0,ok,taipei_z21/images/TPS_01777.jpg
TPS_01778,25.059508,121.610634,1,taipei_udd_Image_2025,21,4,1757007,897702,0,ok,taipei_z21/images/TPS_01778.jpg
TPS_01779,25.055104,121.603021,1,taipei_udd_Image_2025,21,4,1756963,897730,0,ok,taipei_z21/images/TPS_01779.jpg
TPS_01780,25.055312,121.613189,1,taipei_udd_Image_2025,21,4,1757022,897729,0,ok,taipei_z21/images/TPS_01780.jpg
TPS_01781,25.106189,121.521562,1,taipei_udd_Image_2025,21,4,1756488,897402,0,ok,taipei_z21/images/TPS_01781.jpg
TPS_01782,25.10549,121.523078,1,taipei_udd_Image_2025,21,4,1756497,897406,0,ok,taipei_z21/images/TPS_01782.jpg
TPS_01783,25.108976,121.523368,1,taipei_udd_Image_2025,21,4,1756499,897384,0,ok,taipei_z21/images/TPS_01783.jpg
TPS_01784,25.110684,121.520816,1,taipei_udd_Image_2025,21,4,1756484,897373,0,ok,taipei_z21/images/TPS_01784.jpg
TPS_01785,25.061366,121.61534,1,taipei_udd_Image_2025,21,4,1757035,897690,0,ok,taipei_z21/images/TPS_01785.jpg
TPS_01786,25.060294,121.617266,1,taipei_udd_Image_2025,21,4,1757046,897697,0,ok,taipei_z21/images/TPS_01786.jpg
TPS_01787,25.046522,121.587805,1,taipei_udd_Image_2025,21,4,1756874,897785,0,ok,taipei_z21/images/TPS_01787.jpg
TPS_01788,25.046381,121.586972,1,taipei_udd_Image_2025,21,4,1756869,897786,0,ok,taipei_z21/images/TPS_01788.jpg
TPS_01789,25.055273,121.595943,1,taipei_udd_Image_2025,21,4,1756922,897729,0,ok,taipei_z21/images/TPS_01789.jpg
TPS_01790,25.058962,121.606576,1,taipei_udd_Image_2025,21,4,1756984,897705,0,ok,taipei_z21/images/TPS_01790.jpg
TPS_01791,25.054056,121.597605,1,taipei_udd_Image_2025,21,4,1756931,897737,0,ok,taipei_z21/images/TPS_01791.jpg
TPS_01792,25.062577,121.593498,1,taipei_udd_Image_2025,21,4,1756907,897682,0,ok,taipei_z21/images/TPS_01792.jpg
TPS_01793,25.066945,121.594358,1,taipei_udd_Image_2025,21,4,1756912,897654,0,ok,taipei_z21/images/TPS_01793.jpg
TPS_01794,25.062884,121.595741,1,taipei_udd_Image_2025,21,4,1756921,897680,0,ok,taipei_z21/images/TPS_01794.jpg
TPS_01795,25.062641,121.59492,1,taipei_udd_Image_2025,21,4,1756916,897682,0,ok,taipei_z21/images/TPS_01795.jpg
TPS_01796,25.056448,121.593741,1,taipei_udd_Image_2025,21,4,1756909,897721,0,ok,taipei_z21/images/TPS_01796.jpg
TPS_01797,25.053665,121.598895,1,taipei_udd_Image_2025,21,4,1756939,897739,0,ok,taipei_z21/images/TPS_01797.jpg
TPS_01798,25.053457,121.599692,1,taipei_udd_Image_2025,21,4,1756944,897741,0,ok,taipei_z21/images/TPS_01798.jpg
TPS_01799,25.053751,121.603313,1,taipei_udd_Image_2025,21,4,1756965,897739,0,ok,taipei_z21/images/TPS_01799.jpg
TPS_01800,25.05449,121.607501,1,taipei_udd_Image_2025,21,4,1756989,897734,0,ok,taipei_z21/images/TPS_01800.jpg
TPS_01801,25.055265,121.615263,1,taipei_udd_Image_2025,21,4,1757034,897729,0,ok,taipei_z21/images/TPS_01801.jpg
TPS_01802,25.054687,121.60861,1,taipei_udd_Image_2025,21,4,1756995,897733,0,ok,taipei_z21/images/TPS_01802.jpg
TPS_01803,25.053018,121.588381,1,taipei_udd_Image_2025,21,4,1756878,897744,0,ok,taipei_z21/images/TPS_01803.jpg
TPS_01804,25.05335,121.589798,1,taipei_udd_Image_2025,21,4,1756886,897741,0,ok,taipei_z21/images/TPS_01804.jpg
TPS_01805,25.054203,121.592299,1,taipei_udd_Image_2025,21,4,1756900,897736,0,ok,taipei_z21/images/TPS_01805.jpg
TPS_01806,25.055705,121.592927,1,taipei_udd_Image_2025,21,4,1756904,897726,0,ok,taipei_z21/images/TPS_01806.jpg
TPS_01807,25.05304,121.586844,1,taipei_udd_Image_2025,21,4,1756869,897743,0,ok,taipei_z21/images/TPS_01807.jpg
TPS_01808,25.052302,121.584333,1,taipei_udd_Image_2025,21,4,1756854,897748,0,ok,taipei_z21/images/TPS_01808.jpg
TPS_01809,25.052162,121.590642,1,taipei_udd_Image_2025,21,4,1756891,897749,0,ok,taipei_z21/images/TPS_01809.jpg
TPS_01810,25.062182,121.613228,1,taipei_udd_Image_2025,21,4,1757022,897685,0,ok,taipei_z21/images/TPS_01810.jpg
TPS_01811,25.060674,121.599198,1,taipei_udd_Image_2025,21,4,1756941,897694,0,ok,taipei_z21/images/TPS_01811.jpg
TPS_01812,25.062851,121.598896,1,taipei_udd_Image_2025,21,4,1756939,897680,0,ok,taipei_z21/images/TPS_01812.jpg
TPS_01813,25.061067,121.602732,1,taipei_udd_Image_2025,21,4,1756961,897692,0,ok,taipei_z21/images/TPS_01813.jpg
TPS_01814,25.063364,121.609531,1,taipei_udd_Image_2025,21,4,1757001,897677,0,ok,taipei_z21/images/TPS_01814.jpg
TPS_01817,25.121892,121.485895,1,taipei_udd_Image_2025,21,4,1756281,897301,0,ok,taipei_z21/images/TPS_01817.jpg
TPS_01815,25.062176,121.596459,1,taipei_udd_Image_2025,21,4,1756925,897685,0,ok,taipei_z21/images/TPS_01815.jpg
TPS_01816,25.120809,121.469306,1,taipei_udd_Image_2025,21,4,1756184,897307,0,ok,taipei_z21/images/TPS_01816.jpg
TPS_01818,25.120032,121.467036,1,taipei_udd_Image_2025,21,4,1756171,897312,0,ok,taipei_z21/images/TPS_01818.jpg
TPS_01819,25.059893,121.614273,1,taipei_udd_Image_2025,21,4,1757028,897699,0,ok,taipei_z21/images/TPS_01819.jpg
TPS_01820,25.05884,121.609167,1,taipei_udd_Image_2025,21,4,1756999,897706,0,ok,taipei_z21/images/TPS_01820.jpg
TPS_01821,25.043412,121.513221,1,taipei_udd_Image_2025,21,4,1756440,897805,0,ok,taipei_z21/images/TPS_01821.jpg
TPS_01822,25.045981,121.514196,1,taipei_udd_Image_2025,21,4,1756445,897789,0,ok,taipei_z21/images/TPS_01822.jpg
TPS_01823,25.045978,121.515024,1,taipei_udd_Image_2025,21,4,1756450,897789,0,ok,taipei_z21/images/TPS_01823.jpg
TPS_01824,25.045171,121.513243,1,taipei_udd_Image_2025,21,4,1756440,897794,0,ok,taipei_z21/images/TPS_01824.jpg
TPS_01825,25.04094,121.513964,1,taipei_udd_Image_2025,21,4,1756444,897821,0,ok,taipei_z21/images/TPS_01825.jpg
TPS_01827,25.043818,121.508958,1,taipei_udd_Image_2025,21,4,1756415,897803,0,ok,taipei_z21/images/TPS_01827.jpg
TPS_01826,25.054269,121.606206,1,taipei_udd_Image_2025,21,4,1756981,897735,0,ok,taipei_z21/images/TPS_01826.jpg
TPS_01828,25.045168,121.51141,1,taipei_udd_Image_2025,21,4,1756429,897794,0,ok,taipei_z21/images/TPS_01828.jpg
TPS_01829,25.045167,121.514166,1,taipei_udd_Image_2025,21,4,1756445,897794,0,ok,taipei_z21/images/TPS_01829.jpg
TPS_01830,25.045986,121.513249,1,taipei_udd_Image_2025,21,4,1756440,897789,0,ok,taipei_z21/images/TPS_01830.jpg
TPS_01831,25.044051,121.514126,1,taipei_udd_Image_2025,21,4,1756445,897801,0,ok,taipei_z21/images/TPS_01831.jpg
TPS_01832,25.045162,121.515025,1,taipei_udd_Image_2025,21,4,1756450,897794,0,ok,taipei_z21/images/TPS_01832.jpg
TPS_01833,25.044122,121.511537,1,taipei_udd_Image_2025,21,4,1756430,897801,0,ok,taipei_z21/images/TPS_01833.jpg
TPS_01834,25.044144,121.510184,1,taipei_udd_Image_2025,21,4,1756422,897801,0,ok,taipei_z21/images/TPS_01834.jpg
TPS_01835,25.045993,121.511318,1,taipei_udd_Image_2025,21,4,1756429,897789,0,ok,taipei_z21/images/TPS_01835.jpg
TPS_01836,25.057983,121.582801,1,taipei_udd_Image_2025,21,4,1756845,897712,0,ok,taipei_z21/images/TPS_01836.jpg
TPS_01837,25.055708,121.582219,1,taipei_udd_Image_2025,21,4,1756842,897726,0,ok,taipei_z21/images/TPS_01837.jpg
TPS_01840,25.056822,121.581652,1,taipei_udd_Image_2025,21,4,1756838,897719,0,ok,taipei_z21/images/TPS_01840.jpg
TPS_01838,25.060197,121.59064,1,taipei_udd_Image_2025,21,4,1756891,897697,0,ok,taipei_z21/images/TPS_01838.jpg
TPS_01839,25.056633,121.583721,1,taipei_udd_Image_2025,21,4,1756851,897720,0,ok,taipei_z21/images/TPS_01839.jpg
TPS_01841,25.057469,121.588148,1,taipei_udd_Image_2025,21,4,1756876,897715,0,ok,taipei_z21/images/TPS_01841.jpg
TPS_01842,25.057972,121.587147,1,taipei_udd_Image_2025,21,4,1756870,897712,0,ok,taipei_z21/images/TPS_01842.jpg
TPS_01843,25.057387,121.58552,1,taipei_udd_Image_2025,21,4,1756861,897715,0,ok,taipei_z21/images/TPS_01843.jpg
TPS_01844,25.05587,121.584959,1,taipei_udd_Image_2025,21,4,1756858,897725,0,ok,taipei_z21/images/TPS_01844.jpg
TPS_01845,25.056928,121.584452,1,taipei_udd_Image_2025,21,4,1756855,897718,0,ok,taipei_z21/images/TPS_01845.jpg
TPS_01846,25.050016,121.592513,1,taipei_udd_Image_2025,21,4,1756902,897763,0,ok,taipei_z21/images/TPS_01846.jpg
TPS_01847,25.038494,121.498427,1,taipei_udd_Image_2025,21,4,1756354,897837,0,ok,taipei_z21/images/TPS_01847.jpg
TPS_01848,25.069459,121.618668,1,taipei_udd_Image_2025,21,4,1757054,897638,0,ok,taipei_z21/images/TPS_01848.jpg
TPS_01849,25.047278,121.585913,1,taipei_udd_Image_2025,21,4,1756863,897780,0,ok,taipei_z21/images/TPS_01849.jpg
TPS_01850,25.045089,121.583851,1,taipei_udd_Image_2025,21,4,1756851,897795,0,ok,taipei_z21/images/TPS_01850.jpg
TPS_01851,25.046047,121.585818,1,taipei_udd_Image_2025,21,4,1756863,897788,0,ok,taipei_z21/images/TPS_01851.jpg
TPS_01852,25.078113,121.623026,1,taipei_udd_Image_2025,21,4,1757079,897582,0,ok,taipei_z21/images/TPS_01852.jpg
TPS_01853,25.071881,121.619278,1,taipei_udd_Image_2025,21,4,1757058,897622,0,ok,taipei_z21/images/TPS_01853.jpg
TPS_01854,25.070156,121.615991,1,taipei_udd_Image_2025,21,4,1757038,897633,0,ok,taipei_z21/images/TPS_01854.jpg
TPS_01855,25.061817,121.592799,1,taipei_udd_Image_2025,21,4,1756903,897687,0,ok,taipei_z21/images/TPS_01855.jpg
TPS_01856,25.079752,121.559645,1,taipei_udd_Image_2025,21,4,1756710,897572,0,ok,taipei_z21/images/TPS_01856.jpg
TPS_01857,25.055162,121.516539,1,taipei_udd_Image_2025,21,4,1756459,897730,0,ok,taipei_z21/images/TPS_01857.jpg
TPS_01858,25.046771,121.522087,1,taipei_udd_Image_2025,21,4,1756491,897784,0,ok,taipei_z21/images/TPS_01858.jpg
TPS_01859,25.048274,121.513379,1,taipei_udd_Image_2025,21,4,1756441,897774,0,ok,taipei_z21/images/TPS_01859.jpg
TPS_01860,25.129786,121.465981,1,taipei_udd_Image_2025,21,4,1756165,897250,0,ok,taipei_z21/images/TPS_01860.jpg
TPS_01861,25.131524,121.498475,1,taipei_udd_Image_2025,21,4,1756354,897239,0,ok,taipei_z21/images/TPS_01861.jpg
TPS_01862,25.132976,121.467227,1,taipei_udd_Image_2025,21,4,1756172,897229,0,ok,taipei_z21/images/TPS_01862.jpg
TPS_01863,25.129423,121.470962,1,taipei_udd_Image_2025,21,4,1756194,897252,0,ok,taipei_z21/images/TPS_01863.jpg
TPS_01864,25.130859,121.472725,1,taipei_udd_Image_2025,21,4,1756204,897243,0,ok,taipei_z21/images/TPS_01864.jpg
TPS_01865,25.132551,121.474874,1,taipei_udd_Image_2025,21,4,1756216,897232,0,ok,taipei_z21/images/TPS_01865.jpg
TPS_01866,25.128793,121.469812,1,taipei_udd_Image_2025,21,4,1756187,897256,0,ok,taipei_z21/images/TPS_01866.jpg
TPS_01867,25.134611,121.477413,1,taipei_udd_Image_2025,21,4,1756231,897219,0,ok,taipei_z21/images/TPS_01867.jpg
TPS_01868,25.072971,121.599482,1,taipei_udd_Image_2025,21,4,1756942,897615,0,ok,taipei_z21/images/TPS_01868.jpg
TPS_01869,25.073266,121.601462,1,taipei_udd_Image_2025,21,4,1756954,897613,0,ok,taipei_z21/images/TPS_01869.jpg
TPS_01870,25.110664,121.548801,1,taipei_udd_Image_2025,21,4,1756647,897373,0,ok,taipei_z21/images/TPS_01870.jpg
TPS_01871,25.11312,121.522014,1,taipei_udd_Image_2025,21,4,1756491,897357,0,ok,taipei_z21/images/TPS_01871.jpg
TPS_01872,25.11195,121.52154,1,taipei_udd_Image_2025,21,4,1756488,897364,0,ok,taipei_z21/images/TPS_01872.jpg
TPS_01873,25.114195,121.516054,1,taipei_udd_Image_2025,21,4,1756456,897350,0,ok,taipei_z21/images/TPS_01873.jpg
TPS_01874,25.11316,121.516766,1,taipei_udd_Image_2025,21,4,1756460,897357,0,ok,taipei_z21/images/TPS_01874.jpg
TPS_01875,25.1153,121.517652,1,taipei_udd_Image_2025,21,4,1756466,897343,0,ok,taipei_z21/images/TPS_01875.jpg
TPS_01876,25.118824,121.518855,1,taipei_udd_Image_2025,21,4,1756473,897320,0,ok,taipei_z21/images/TPS_01876.jpg
TPS_01877,25.118988,121.513241,1,taipei_udd_Image_2025,21,4,1756440,897319,0,ok,taipei_z21/images/TPS_01877.jpg
TPS_01878,25.114038,121.512218,1,taipei_udd_Image_2025,21,4,1756434,897351,0,ok,taipei_z21/images/TPS_01878.jpg
TPS_01879,25.116972,121.52617,1,taipei_udd_Image_2025,21,4,1756515,897332,0,ok,taipei_z21/images/TPS_01879.jpg
TPS_01880,25.128882,121.528224,1,taipei_udd_Image_2025,21,4,1756527,897256,0,ok,taipei_z21/images/TPS_01880.jpg
TPS_01881,25.143957,121.526736,1,taipei_udd_Image_2025,21,4,1756519,897159,0,ok,taipei_z21/images/TPS_01881.jpg
TPS_01883,25.044376,121.524877,1,taipei_udd_Image_2025,21,4,1756508,897799,0,ok,taipei_z21/images/TPS_01883.jpg
TPS_01882,25.130585,121.528045,1,taipei_udd_Image_2025,21,4,1756526,897245,0,ok,taipei_z21/images/TPS_01882.jpg
TPS_01884,25.085924,121.525164,1,taipei_udd_Image_2025,21,4,1756509,897532,0,ok,taipei_z21/images/TPS_01884.jpg
TPS_01885,25.082737,121.550328,1,taipei_udd_Image_2025,21,4,1756656,897552,0,ok,taipei_z21/images/TPS_01885.jpg
TPS_01886,25.082918,121.546355,1,taipei_udd_Image_2025,21,4,1756633,897551,0,ok,taipei_z21/images/TPS_01886.jpg
TPS_01887,25.084486,121.544367,1,taipei_udd_Image_2025,21,4,1756621,897541,0,ok,taipei_z21/images/TPS_01887.jpg
TPS_01888,25.080012,121.55113,1,taipei_udd_Image_2025,21,4,1756661,897570,0,ok,taipei_z21/images/TPS_01888.jpg
TPS_01889,25.080035,121.550272,1,taipei_udd_Image_2025,21,4,1756656,897570,0,ok,taipei_z21/images/TPS_01889.jpg
TPS_01890,25.080036,121.549322,1,taipei_udd_Image_2025,21,4,1756650,897570,0,ok,taipei_z21/images/TPS_01890.jpg
TPS_01891,25.080199,121.548602,1,taipei_udd_Image_2025,21,4,1756646,897569,0,ok,taipei_z21/images/TPS_01891.jpg
TPS_01892,25.07905,121.546257,1,taipei_udd_Image_2025,21,4,1756632,897576,0,ok,taipei_z21/images/TPS_01892.jpg
TPS_01893,25.077508,121.544558,1,taipei_udd_Image_2025,21,4,1756622,897586,0,ok,taipei_z21/images/TPS_01893.jpg
TPS_01894,25.078649,121.549648,1,taipei_udd_Image_2025,21,4,1756652,897579,0,ok,taipei_z21/images/TPS_01894.jpg
TPS_01895,25.078661,121.547692,1,taipei_udd_Image_2025,21,4,1756641,897579,0,ok,taipei_z21/images/TPS_01895.jpg
TPS_01896,25.078025,121.545758,1,taipei_udd_Image_2025,21,4,1756629,897583,0,ok,taipei_z21/images/TPS_01896.jpg
TPS_01897,25.130654,121.501154,1,taipei_udd_Image_2025,21,4,1756370,897244,0,ok,taipei_z21/images/TPS_01897.jpg
TPS_01898,25.099664,121.523384,1,taipei_udd_Image_2025,21,4,1756499,897444,0,ok,taipei_z21/images/TPS_01898.jpg
TPS_01899,25.098371,121.532383,1,taipei_udd_Image_2025,21,4,1756551,897452,0,ok,taipei_z21/images/TPS_01899.jpg
TPS_01900,25.099085,121.530357,1,taipei_udd_Image_2025,21,4,1756540,897447,0,ok,taipei_z21/images/TPS_01900.jpg
TPS_01901,25.09849,121.531228,1,taipei_udd_Image_2025,21,4,1756545,897451,0,ok,taipei_z21/images/TPS_01901.jpg
TPS_01902,25.082666,121.554404,1,taipei_udd_Image_2025,21,4,1756680,897553,0,ok,taipei_z21/images/TPS_01902.jpg
TPS_01903,25.083964,121.554407,1,taipei_udd_Image_2025,21,4,1756680,897545,0,ok,taipei_z21/images/TPS_01903.jpg
TPS_01904,25.082695,121.552308,1,taipei_udd_Image_2025,21,4,1756668,897553,0,ok,taipei_z21/images/TPS_01904.jpg
TPS_01905,25.083912,121.558561,1,taipei_udd_Image_2025,21,4,1756704,897545,0,ok,taipei_z21/images/TPS_01905.jpg
TPS_01906,25.081593,121.561162,1,taipei_udd_Image_2025,21,4,1756719,897560,0,ok,taipei_z21/images/TPS_01906.jpg
TPS_01907,25.082634,121.558537,1,taipei_udd_Image_2025,21,4,1756704,897553,0,ok,taipei_z21/images/TPS_01907.jpg
TPS_01908,25.043316,121.503559,1,taipei_udd_Image_2025,21,4,1756384,897806,0,ok,taipei_z21/images/TPS_01908.jpg
TPS_01909,25.042748,121.505941,1,taipei_udd_Image_2025,21,4,1756397,897810,0,ok,taipei_z21/images/TPS_01909.jpg
TPS_01910,25.04302,121.504824,1,taipei_udd_Image_2025,21,4,1756391,897808,0,ok,taipei_z21/images/TPS_01910.jpg
TPS_01911,24.999065,121.538086,1,taipei_udd_Image_2025,21,4,1756585,898090,0,ok,taipei_z21/images/TPS_01911.jpg
TPS_01912,24.996025,121.542826,1,taipei_udd_Image_2025,21,4,1756612,898110,0,ok,taipei_z21/images/TPS_01912.jpg
TPS_01913,24.980827,121.557193,1,taipei_udd_Image_2025,21,4,1756696,898208,0,ok,taipei_z21/images/TPS_01913.jpg
TPS_01914,24.981328,121.559128,1,taipei_udd_Image_2025,21,4,1756707,898204,0,ok,taipei_z21/images/TPS_01914.jpg
TPS_01915,25.000051,121.53537,1,taipei_udd_Image_2025,21,4,1756569,898084,0,ok,taipei_z21/images/TPS_01915.jpg
TPS_01916,24.985528,121.55381,1,taipei_udd_Image_2025,21,4,1756676,898177,0,ok,taipei_z21/images/TPS_01916.jpg
TPS_01917,24.982509,121.564224,1,taipei_udd_Image_2025,21,4,1756737,898197,0,ok,taipei_z21/images/TPS_01917.jpg
TPS_01918,24.983589,121.55705,1,taipei_udd_Image_2025,21,4,1756695,898190,0,ok,taipei_z21/images/TPS_01918.jpg
TPS_01919,25.059505,121.514766,1,taipei_udd_Image_2025,21,4,1756449,897702,0,ok,taipei_z21/images/TPS_01919.jpg
TPS_01920,25.060344,121.520661,1,taipei_udd_Image_2025,21,4,1756483,897696,0,ok,taipei_z21/images/TPS_01920.jpg
TPS_01921,25.059808,121.515898,1,taipei_udd_Image_2025,21,4,1756455,897700,0,ok,taipei_z21/images/TPS_01921.jpg
TPS_01922,25.059158,121.512839,1,taipei_udd_Image_2025,21,4,1756438,897704,0,ok,taipei_z21/images/TPS_01922.jpg
TPS_01923,25.058255,121.510546,1,taipei_udd_Image_2025,21,4,1756424,897710,0,ok,taipei_z21/images/TPS_01923.jpg
TPS_01924,25.058998,121.511455,1,taipei_udd_Image_2025,21,4,1756430,897705,0,ok,taipei_z21/images/TPS_01924.jpg
TPS_01925,25.064641,121.511104,1,taipei_udd_Image_2025,21,4,1756427,897669,0,ok,taipei_z21/images/TPS_01925.jpg
TPS_01926,25.112116,121.528965,1,taipei_udd_Image_2025,21,4,1756532,897363,0,ok,taipei_z21/images/TPS_01926.jpg
TPS_01927,25.11066,121.514698,1,taipei_udd_Image_2025,21,4,1756448,897373,0,ok,taipei_z21/images/TPS_01927.jpg
TPS_01931,25.045514,121.515027,1,taipei_udd_Image_2025,21,4,1756450,897792,0,ok,taipei_z21/images/TPS_01931.jpg
TPS_01928,25.092189,121.52536,1,taipei_udd_Image_2025,21,4,1756511,897492,0,ok,taipei_z21/images/TPS_01928.jpg
TPS_01929,25.040363,121.509089,1,taipei_udd_Image_2025,21,4,1756416,897825,1,ok,taipei_z21/images/TPS_01929.jpg
TPS_01930,25.107729,121.528458,1,taipei_udd_Image_2025,21,4,1756529,897392,0,ok,taipei_z21/images/TPS_01930.jpg
TPS_01932,25.091351,121.521537,1,taipei_udd_Image_2025,21,4,1756488,897497,0,ok,taipei_z21/images/TPS_01932.jpg
TPS_01933,24.990804,121.541214,1,taipei_udd_Image_2025,21,4,1756603,898143,0,ok,taipei_z21/images/TPS_01933.jpg
TPS_01934,24.991042,121.543442,1,taipei_udd_Image_2025,21,4,1756616,898142,0,ok,taipei_z21/images/TPS_01934.jpg
TPS_01935,24.981529,121.55997,1,taipei_udd_Image_2025,21,4,1756712,898203,0,ok,taipei_z21/images/TPS_01935.jpg
TPS_01936,24.983273,121.566713,1,taipei_udd_Image_2025,21,4,1756751,898192,0,ok,taipei_z21/images/TPS_01936.jpg
TPS_01937,25.129976,121.498515,1,taipei_udd_Image_2025,21,4,1756354,897249,0,ok,taipei_z21/images/TPS_01937.jpg
TPS_01938,24.988489,121.564622,1,taipei_udd_Image_2025,21,4,1756739,898158,0,ok,taipei_z21/images/TPS_01938.jpg
TPS_01939,24.988301,121.542168,1,taipei_udd_Image_2025,21,4,1756608,898160,0,ok,taipei_z21/images/TPS_01939.jpg
TPS_01940,24.988408,121.540865,1,taipei_udd_Image_2025,21,4,1756601,898159,0,ok,taipei_z21/images/TPS_01940.jpg
TPS_01941,25.079956,121.595024,1,taipei_udd_Image_2025,21,4,1756916,897570,0,ok,taipei_z21/images/TPS_01941.jpg
TPS_01942,25.04558,121.503175,1,taipei_udd_Image_2025,21,4,1756381,897791,0,ok,taipei_z21/images/TPS_01942.jpg
TPS_01943,25.036609,121.501465,1,taipei_udd_Image_2025,21,4,1756371,897849,0,ok,taipei_z21/images/TPS_01943.jpg
TPS_01944,25.045038,121.58644,1,taipei_udd_Image_2025,21,4,1756866,897795,0,ok,taipei_z21/images/TPS_01944.jpg
TPS_01945,25.045934,121.587905,1,taipei_udd_Image_2025,21,4,1756875,897789,0,ok,taipei_z21/images/TPS_01945.jpg
TPS_01946,25.045046,121.587491,1,taipei_udd_Image_2025,21,4,1756872,897795,0,ok,taipei_z21/images/TPS_01946.jpg
TPS_01947,25.044218,121.586748,1,taipei_udd_Image_2025,21,4,1756868,897800,0,ok,taipei_z21/images/TPS_01947.jpg
TPS_01949,25.040191,121.525779,1,taipei_udd_Image_2025,21,4,1756513,897826,0,ok,taipei_z21/images/TPS_01949.jpg
TPS_01948,25.039443,121.523675,1,taipei_udd_Image_2025,21,4,1756501,897831,0,ok,taipei_z21/images/TPS_01948.jpg
TPS_01950,25.039157,121.517162,1,taipei_udd_Image_2025,21,4,1756463,897833,0,ok,taipei_z21/images/TPS_01950.jpg
TPS_01951,25.138645,121.499244,1,taipei_udd_Image_2025,21,4,1756358,897193,0,ok,taipei_z21/images/TPS_01951.jpg
TPS_01952,25.139756,121.501013,1,taipei_udd_Image_2025,21,4,1756369,897186,0,ok,taipei_z21/images/TPS_01952.jpg
TPS_01953,25.141254,121.499463,1,taipei_udd_Image_2025,21,4,1756360,897176,0,ok,taipei_z21/images/TPS_01953.jpg
TPS_01954,25.132735,121.528496,1,taipei_udd_Image_2025,21,4,1756529,897231,0,ok,taipei_z21/images/TPS_01954.jpg
TPS_01955,25.121218,121.529257,1,taipei_udd_Image_2025,21,4,1756533,897305,0,ok,taipei_z21/images/TPS_01955.jpg
TPS_01956,25.122202,121.529375,1,taipei_udd_Image_2025,21,4,1756534,897299,0,ok,taipei_z21/images/TPS_01956.jpg
TPS_01957,25.138983,121.546438,1,taipei_udd_Image_2025,21,4,1756633,897191,0,ok,taipei_z21/images/TPS_01957.jpg
TPS_01960,25.136903,121.545998,1,taipei_udd_Image_2025,21,4,1756631,897204,0,ok,taipei_z21/images/TPS_01960.jpg
TPS_01958,25.119939,121.526445,1,taipei_udd_Image_2025,21,4,1756517,897313,0,ok,taipei_z21/images/TPS_01958.jpg
TPS_01959,25.123068,121.531325,1,taipei_udd_Image_2025,21,4,1756545,897293,0,ok,taipei_z21/images/TPS_01959.jpg
TPS_01961,25.114479,121.517462,1,taipei_udd_Image_2025,21,4,1756465,897348,0,ok,taipei_z21/images/TPS_01961.jpg
TPS_01962,25.114204,121.519824,1,taipei_udd_Image_2025,21,4,1756478,897350,0,ok,taipei_z21/images/TPS_01962.jpg
TPS_01963,25.113654,121.522144,1,taipei_udd_Image_2025,21,4,1756492,897354,0,ok,taipei_z21/images/TPS_01963.jpg
TPS_01964,25.126834,121.532297,1,taipei_udd_Image_2025,21,4,1756551,897269,0,ok,taipei_z21/images/TPS_01964.jpg
TPS_01965,25.120759,121.531219,1,taipei_udd_Image_2025,21,4,1756545,897308,0,ok,taipei_z21/images/TPS_01965.jpg
TPS_01969,25.119328,121.552977,1,taipei_udd_Image_2025,21,4,1756671,897317,0,ok,taipei_z21/images/TPS_01969.jpg
TPS_01966,25.122708,121.551674,1,taipei_udd_Image_2025,21,4,1756664,897295,0,ok,taipei_z21/images/TPS_01966.jpg
TPS_01967,25.125597,121.549796,1,taipei_udd_Image_2025,21,4,1756653,897277,0,ok,taipei_z21/images/TPS_01967.jpg
TPS_01968,25.110317,121.53758,1,taipei_udd_Image_2025,21,4,1756582,897375,0,ok,taipei_z21/images/TPS_01968.jpg
TPS_01970,25.120914,121.528052,1,taipei_udd_Image_2025,21,4,1756526,897307,0,ok,taipei_z21/images/TPS_01970.jpg
TPS_01971,25.110037,121.535899,1,taipei_udd_Image_2025,21,4,1756572,897377,0,ok,taipei_z21/images/TPS_01971.jpg
TPS_01972,25.109229,121.532699,1,taipei_udd_Image_2025,21,4,1756553,897382,0,ok,taipei_z21/images/TPS_01972.jpg
TPS_01973,25.149767,121.549606,1,taipei_udd_Image_2025,21,4,1756652,897121,0,ok,taipei_z21/images/TPS_01973.jpg
TPS_01977,25.09812,121.537843,1,taipei_udd_Image_2025,21,4,1756583,897453,0,ok,taipei_z21/images/TPS_01977.jpg
TPS_01974,25.032897,121.563267,1,taipei_udd_Image_2025,21,4,1756731,897873,0,ok,taipei_z21/images/TPS_01974.jpg
TPS_01975,25.097315,121.524023,1,taipei_udd_Image_2025,21,4,1756503,897459,0,ok,taipei_z21/images/TPS_01975.jpg
TPS_01976,25.109875,121.557119,1,taipei_udd_Image_2025,21,4,1756696,897378,0,ok,taipei_z21/images/TPS_01976.jpg
TPS_01978,25.094039,121.519435,1,taipei_udd_Image_2025,21,4,1756476,897480,0,ok,taipei_z21/images/TPS_01978.jpg
TPS_01979,25.096115,121.521194,1,taipei_udd_Image_2025,21,4,1756486,897466,0,ok,taipei_z21/images/TPS_01979.jpg
TPS_01980,25.104624,121.531156,1,taipei_udd_Image_2025,21,4,1756544,897412,0,ok,taipei_z21/images/TPS_01980.jpg
TPS_01981,25.098841,121.52964,1,taipei_udd_Image_2025,21,4,1756535,897449,0,ok,taipei_z21/images/TPS_01981.jpg
TPS_01982,25.100563,121.537339,1,taipei_udd_Image_2025,21,4,1756580,897438,0,ok,taipei_z21/images/TPS_01982.jpg
TPS_01983,25.094827,121.516698,1,taipei_udd_Image_2025,21,4,1756460,897475,0,ok,taipei_z21/images/TPS_01983.jpg
TPS_01984,25.095134,121.518434,1,taipei_udd_Image_2025,21,4,1756470,897473,0,ok,taipei_z21/images/TPS_01984.jpg
TPS_01985,25.100734,121.522601,1,taipei_udd_Image_2025,21,4,1756494,897437,0,ok,taipei_z21/images/TPS_01985.jpg
TPS_01986,25.105772,121.53126,1,taipei_udd_Image_2025,21,4,1756545,897404,0,ok,taipei_z21/images/TPS_01986.jpg
TPS_01987,25.120923,121.500177,1,taipei_udd_Image_2025,21,4,1756364,897307,0,ok,taipei_z21/images/TPS_01987.jpg
TPS_01988,25.12838,121.501202,1,taipei_udd_Image_2025,21,4,1756370,897259,0,ok,taipei_z21/images/TPS_01988.jpg
TPS_01989,25.107468,121.545518,1,taipei_udd_Image_2025,21,4,1756628,897393,0,ok,taipei_z21/images/TPS_01989.jpg
TPS_01990,25.029557,121.51422,1,taipei_udd_Image_2025,21,4,1756446,897894,0,ok,taipei_z21/images/TPS_01990.jpg
TPS_01991,25.036089,121.501387,1,taipei_udd_Image_2025,21,4,1756371,897852,0,ok,taipei_z21/images/TPS_01991.jpg
TPS_01992,25.03335,121.504192,1,taipei_udd_Image_2025,21,4,1756387,897870,0,ok,taipei_z21/images/TPS_01992.jpg
TPS_01993,25.076495,121.58665,1,taipei_udd_Image_2025,21,4,1756868,897593,0,ok,taipei_z21/images/TPS_01993.jpg
TPS_01994,25.077018,121.588128,1,taipei_udd_Image_2025,21,4,1756876,897589,0,ok,taipei_z21/images/TPS_01994.jpg
TPS_01995,25.069696,121.581115,1,taipei_udd_Image_2025,21,4,1756835,897636,0,ok,taipei_z21/images/TPS_01995.jpg
TPS_01996,25.068342,121.582666,1,taipei_udd_Image_2025,21,4,1756844,897645,0,ok,taipei_z21/images/TPS_01996.jpg
TPS_01997,25.0704,121.580358,1,taipei_udd_Image_2025,21,4,1756831,897632,0,ok,taipei_z21/images/TPS_01997.jpg
TPS_01998,25.082023,121.590325,1,taipei_udd_Image_2025,21,4,1756889,897557,0,ok,taipei_z21/images/TPS_01998.jpg
TPS_01999,25.070753,121.582286,1,taipei_udd_Image_2025,21,4,1756842,897629,0,ok,taipei_z21/images/TPS_01999.jpg
TPS_02000,25.079066,121.567112,1,taipei_udd_Image_2025,21,4,1756754,897576,0,ok,taipei_z21/images/TPS_02000.jpg
TPS_02001,25.079991,121.564779,1,taipei_udd_Image_2025,21,4,1756740,897570,0,ok,taipei_z21/images/TPS_02001.jpg
TPS_02002,25.074399,121.578054,1,taipei_udd_Image_2025,21,4,1756817,897606,0,ok,taipei_z21/images/TPS_02002.jpg
TPS_02003,25.077932,121.563506,1,taipei_udd_Image_2025,21,4,1756733,897583,0,ok,taipei_z21/images/TPS_02003.jpg
TPS_02005,25.079594,121.589631,1,taipei_udd_Image_2025,21,4,1756885,897573,0,ok,taipei_z21/images/TPS_02005.jpg
TPS_02004,25.084667,121.560209,1,taipei_udd_Image_2025,21,4,1756714,897540,0,ok,taipei_z21/images/TPS_02004.jpg
TPS_02007,25.078941,121.589588,1,taipei_udd_Image_2025,21,4,1756885,897577,0,ok,taipei_z21/images/TPS_02007.jpg
TPS_02008,25.079017,121.589031,1,taipei_udd_Image_2025,21,4,1756881,897576,0,ok,taipei_z21/images/TPS_02008.jpg
TPS_02006,25.077771,121.551534,1,taipei_udd_Image_2025,21,4,1756663,897584,0,ok,taipei_z21/images/TPS_02006.jpg
TPS_02009,25.058772,121.576308,1,taipei_udd_Image_2025,21,4,1756807,897707,0,ok,taipei_z21/images/TPS_02009.jpg
TPS_02010,25.065245,121.574053,1,taipei_udd_Image_2025,21,4,1756794,897665,0,ok,taipei_z21/images/TPS_02010.jpg
TPS_02011,25.061827,121.581764,1,taipei_udd_Image_2025,21,4,1756839,897687,0,ok,taipei_z21/images/TPS_02011.jpg
TPS_02012,25.049094,121.581471,1,taipei_udd_Image_2025,21,4,1756837,897769,0,ok,taipei_z21/images/TPS_02012.jpg
TPS_02013,25.049485,121.581641,1,taipei_udd_Image_2025,21,4,1756838,897766,0,ok,taipei_z21/images/TPS_02013.jpg
TPS_02014,25.053556,121.60884,1,taipei_udd_Image_2025,21,4,1756997,897740,0,ok,taipei_z21/images/TPS_02014.jpg
TPS_02015,25.042421,121.522657,1,taipei_udd_Image_2025,21,4,1756495,897812,0,ok,taipei_z21/images/TPS_02015.jpg
TPS_02016,25.043627,121.523,1,taipei_udd_Image_2025,21,4,1756497,897804,0,ok,taipei_z21/images/TPS_02016.jpg
TPS_02017,25.041016,121.522252,1,taipei_udd_Image_2025,21,4,1756492,897821,0,ok,taipei_z21/images/TPS_02017.jpg
TPS_02018,25.054087,121.612221,1,taipei_udd_Image_2025,21,4,1757017,897737,0,ok,taipei_z21/images/TPS_02018.jpg
TPS_02019,25.053627,121.602616,1,taipei_udd_Image_2025,21,4,1756961,897740,0,ok,taipei_z21/images/TPS_02019.jpg
TPS_02020,25.030622,121.490058,1,taipei_udd_Image_2025,21,4,1756305,897888,0,ok,taipei_z21/images/TPS_02020.jpg
TPS_02021,25.047195,121.504431,1,taipei_udd_Image_2025,21,4,1756389,897781,0,ok,taipei_z21/images/TPS_02021.jpg
TPS_02022,25.046473,121.50357,1,taipei_udd_Image_2025,21,4,1756384,897786,0,ok,taipei_z21/images/TPS_02022.jpg
TPS_02024,25.064653,121.591006,1,taipei_udd_Image_2025,21,4,1756893,897669,0,ok,taipei_z21/images/TPS_02024.jpg
TPS_02023,25.065163,121.59087,1,taipei_udd_Image_2025,21,4,1756892,897665,0,ok,taipei_z21/images/TPS_02023.jpg
TPS_02025,25.064253,121.590904,1,taipei_udd_Image_2025,21,4,1756892,897671,0,ok,taipei_z21/images/TPS_02025.jpg
TPS_02026,25.06201,121.589765,1,taipei_udd_Image_2025,21,4,1756886,897686,0,ok,taipei_z21/images/TPS_02026.jpg
TPS_02027,25.086385,121.56557,1,taipei_udd_Image_2025,21,4,1756745,897529,0,ok,taipei_z21/images/TPS_02027.jpg
TPS_02028,25.084701,121.580856,1,taipei_udd_Image_2025,21,4,1756834,897540,0,ok,taipei_z21/images/TPS_02028.jpg
TPS_02029,25.079808,121.582769,1,taipei_udd_Image_2025,21,4,1756845,897571,0,ok,taipei_z21/images/TPS_02029.jpg
TPS_02030,25.085276,121.591623,1,taipei_udd_Image_2025,21,4,1756897,897536,0,ok,taipei_z21/images/TPS_02030.jpg
TPS_02031,25.080805,121.565036,1,taipei_udd_Image_2025,21,4,1756742,897565,0,ok,taipei_z21/images/TPS_02031.jpg
TPS_02032,25.118866,121.514281,1,taipei_udd_Image_2025,21,4,1756446,897320,0,ok,taipei_z21/images/TPS_02032.jpg
TPS_02033,25.117637,121.522289,1,taipei_udd_Image_2025,21,4,1756493,897328,0,ok,taipei_z21/images/TPS_02033.jpg
TPS_02036,25.11952,121.522544,1,taipei_udd_Image_2025,21,4,1756494,897316,0,ok,taipei_z21/images/TPS_02036.jpg
TPS_02034,25.115511,121.520075,1,taipei_udd_Image_2025,21,4,1756480,897342,0,ok,taipei_z21/images/TPS_02034.jpg
TPS_02035,25.123817,121.525941,1,taipei_udd_Image_2025,21,4,1756514,897288,0,ok,taipei_z21/images/TPS_02035.jpg
TPS_02037,25.120849,121.522825,1,taipei_udd_Image_2025,21,4,1756496,897307,0,ok,taipei_z21/images/TPS_02037.jpg
TPS_02038,25.121981,121.523802,1,taipei_udd_Image_2025,21,4,1756501,897300,0,ok,taipei_z21/images/TPS_02038.jpg
TPS_02039,25.085706,121.572795,1,taipei_udd_Image_2025,21,4,1756787,897533,0,ok,taipei_z21/images/TPS_02039.jpg
TPS_02040,25.080915,121.57319,1,taipei_udd_Image_2025,21,4,1756789,897564,0,ok,taipei_z21/images/TPS_02040.jpg
TPS_02041,25.080458,121.574486,1,taipei_udd_Image_2025,21,4,1756797,897567,0,ok,taipei_z21/images/TPS_02041.jpg
TPS_02042,25.079932,121.575816,1,taipei_udd_Image_2025,21,4,1756804,897570,0,ok,taipei_z21/images/TPS_02042.jpg
TPS_02043,25.079418,121.593715,1,taipei_udd_Image_2025,21,4,1756909,897574,0,ok,taipei_z21/images/TPS_02043.jpg
TPS_02044,25.130933,121.503673,1,taipei_udd_Image_2025,21,4,1756384,897242,0,ok,taipei_z21/images/TPS_02044.jpg
TPS_02045,25.133178,121.501514,1,taipei_udd_Image_2025,21,4,1756372,897228,0,ok,taipei_z21/images/TPS_02045.jpg
TPS_02046,25.142009,121.490296,1,taipei_udd_Image_2025,21,4,1756306,897171,0,ok,taipei_z21/images/TPS_02046.jpg
TPS_02047,25.142421,121.490052,1,taipei_udd_Image_2025,21,4,1756305,897168,0,ok,taipei_z21/images/TPS_02047.jpg
TPS_02048,25.142673,121.489114,1,taipei_udd_Image_2025,21,4,1756299,897167,0,ok,taipei_z21/images/TPS_02048.jpg
TPS_02049,25.042815,121.520986,1,taipei_udd_Image_2025,21,4,1756485,897809,0,ok,taipei_z21/images/TPS_02049.jpg
TPS_02050,25.079244,121.553307,1,taipei_udd_Image_2025,21,4,1756673,897575,0,ok,taipei_z21/images/TPS_02050.jpg
TPS_02051,25.123887,121.503088,1,taipei_udd_Image_2025,21,4,1756381,897288,0,ok,taipei_z21/images/TPS_02051.jpg
TPS_02052,25.126481,121.507985,1,taipei_udd_Image_2025,21,4,1756409,897271,0,ok,taipei_z21/images/TPS_02052.jpg
TPS_02053,25.023299,121.528453,1,taipei_udd_Image_2025,21,4,1756529,897935,0,ok,taipei_z21/images/TPS_02053.jpg
TPS_02054,25.067442,121.592676,1,taipei_udd_Image_2025,21,4,1756903,897651,0,ok,taipei_z21/images/TPS_02054.jpg
TPS_02055,25.066531,121.595671,1,taipei_udd_Image_2025,21,4,1756920,897657,0,ok,taipei_z21/images/TPS_02055.jpg
TPS_02056,25.065432,121.592554,1,taipei_udd_Image_2025,21,4,1756902,897664,0,ok,taipei_z21/images/TPS_02056.jpg
TPS_02057,25.06887,121.592001,1,taipei_udd_Image_2025,21,4,1756899,897642,0,ok,taipei_z21/images/TPS_02057.jpg
TPS_02058,25.067612,121.589165,1,taipei_udd_Image_2025,21,4,1756882,897650,0,ok,taipei_z21/images/TPS_02058.jpg
TPS_02059,24.991634,121.543746,1,taipei_udd_Image_2025,21,4,1756618,898138,0,ok,taipei_z21/images/TPS_02059.jpg
TPS_02060,24.990587,121.543183,1,taipei_udd_Image_2025,21,4,1756614,898145,0,ok,taipei_z21/images/TPS_02060.jpg
TPS_02061,25.053414,121.5087,1,taipei_udd_Image_2025,21,4,1756413,897741,0,ok,taipei_z21/images/TPS_02061.jpg
TPS_02062,25.053255,121.51033,1,taipei_udd_Image_2025,21,4,1756423,897742,0,ok,taipei_z21/images/TPS_02062.jpg
TPS_02063,25.069406,121.598818,1,taipei_udd_Image_2025,21,4,1756938,897638,0,ok,taipei_z21/images/TPS_02063.jpg
TPS_02065,25.040137,121.538014,1,taipei_udd_Image_2025,21,4,1756584,897826,0,ok,taipei_z21/images/TPS_02065.jpg
TPS_02064,25.0688,121.598366,1,taipei_udd_Image_2025,21,4,1756936,897642,0,ok,taipei_z21/images/TPS_02064.jpg
TPS_02067,25.011537,121.54132,1,taipei_udd_Image_2025,21,4,1756604,898010,0,ok,taipei_z21/images/TPS_02067.jpg
TPS_02066,25.039828,121.521929,1,taipei_udd_Image_2025,21,4,1756491,897828,0,ok,taipei_z21/images/TPS_02066.jpg
TPS_02068,25.012837,121.543249,1,taipei_udd_Image_2025,21,4,1756615,898002,0,ok,taipei_z21/images/TPS_02068.jpg
TPS_02069,25.043381,121.516695,1,taipei_udd_Image_2025,21,4,1756460,897806,0,ok,taipei_z21/images/TPS_02069.jpg
TPS_02070,25.04338,121.515016,1,taipei_udd_Image_2025,21,4,1756450,897806,0,ok,taipei_z21/images/TPS_02070.jpg
TPS_02071,25.043405,121.514102,1,taipei_udd_Image_2025,21,4,1756445,897805,0,ok,taipei_z21/images/TPS_02071.jpg
TPS_02072,25.041295,121.516083,1,taipei_udd_Image_2025,21,4,1756456,897819,0,ok,taipei_z21/images/TPS_02072.jpg
TPS_02073,25.02746,121.505206,1,taipei_udd_Image_2025,21,4,1756393,897908,0,ok,taipei_z21/images/TPS_02073.jpg
TPS_02074,25.026764,121.503131,1,taipei_udd_Image_2025,21,4,1756381,897912,0,ok,taipei_z21/images/TPS_02074.jpg
TPS_02075,25.025227,121.503739,1,taipei_udd_Image_2025,21,4,1756385,897922,0,ok,taipei_z21/images/TPS_02075.jpg
TPS_02076,25.028707,121.505263,1,taipei_udd_Image_2025,21,4,1756393,897900,0,ok,taipei_z21/images/TPS_02076.jpg
TPS_02077,24.998137,121.536891,1,taipei_udd_Image_2025,21,4,1756578,898096,0,ok,taipei_z21/images/TPS_02077.jpg
TPS_02078,25.069834,121.611853,1,taipei_udd_Image_2025,21,4,1757014,897635,0,ok,taipei_z21/images/TPS_02078.jpg
TPS_02080,25.026339,121.499799,1,taipei_udd_Image_2025,21,4,1756362,897915,0,ok,taipei_z21/images/TPS_02080.jpg
TPS_02079,25.022775,121.495688,1,taipei_udd_Image_2025,21,4,1756338,897938,0,ok,taipei_z21/images/TPS_02079.jpg
TPS_02081,25.025141,121.496826,1,taipei_udd_Image_2025,21,4,1756344,897923,0,ok,taipei_z21/images/TPS_02081.jpg
TPS_02082,25.004939,121.568116,1,taipei_udd_Image_2025,21,4,1756760,898053,0,ok,taipei_z21/images/TPS_02082.jpg
TPS_02084,25.004446,121.535622,1,taipei_udd_Image_2025,21,4,1756570,898056,0,ok,taipei_z21/images/TPS_02084.jpg
TPS_02083,25.007897,121.537345,1,taipei_udd_Image_2025,21,4,1756580,898034,0,ok,taipei_z21/images/TPS_02083.jpg
TPS_02085,25.046558,121.589834,1,taipei_udd_Image_2025,21,4,1756886,897785,0,ok,taipei_z21/images/TPS_02085.jpg
TPS_02086,25.127199,121.49796,1,taipei_udd_Image_2025,21,4,1756351,897266,0,ok,taipei_z21/images/TPS_02086.jpg
TPS_02087,25.131107,121.504627,1,taipei_udd_Image_2025,21,4,1756390,897241,0,ok,taipei_z21/images/TPS_02087.jpg
TPS_02088,25.132636,121.503083,1,taipei_udd_Image_2025,21,4,1756381,897231,0,ok,taipei_z21/images/TPS_02088.jpg
TPS_02089,25.119408,121.51149,1,taipei_udd_Image_2025,21,4,1756430,897317,0,ok,taipei_z21/images/TPS_02089.jpg
TPS_02090,25.119757,121.511726,1,taipei_udd_Image_2025,21,4,1756431,897314,0,ok,taipei_z21/images/TPS_02090.jpg
TPS_02091,25.120954,121.506819,1,taipei_udd_Image_2025,21,4,1756403,897307,0,ok,taipei_z21/images/TPS_02091.jpg
TPS_02092,25.130953,121.498992,1,taipei_udd_Image_2025,21,4,1756357,897242,0,ok,taipei_z21/images/TPS_02092.jpg
TPS_02093,25.134783,121.499543,1,taipei_udd_Image_2025,21,4,1756360,897218,0,ok,taipei_z21/images/TPS_02093.jpg
TPS_02094,25.135262,121.498806,1,taipei_udd_Image_2025,21,4,1756356,897214,0,ok,taipei_z21/images/TPS_02094.jpg
TPS_02095,25.022056,121.502589,1,taipei_udd_Image_2025,21,4,1756378,897943,0,ok,taipei_z21/images/TPS_02095.jpg
TPS_02096,25.039576,121.515586,1,taipei_udd_Image_2025,21,4,1756454,897830,0,ok,taipei_z21/images/TPS_02096.jpg
TPS_02097,25.021292,121.502361,1,taipei_udd_Image_2025,21,4,1756377,897948,0,ok,taipei_z21/images/TPS_02097.jpg
TPS_02098,25.034619,121.50112,1,taipei_udd_Image_2025,21,4,1756369,897862,0,ok,taipei_z21/images/TPS_02098.jpg
TPS_02099,25.033603,121.507367,1,taipei_udd_Image_2025,21,4,1756406,897868,0,ok,taipei_z21/images/TPS_02099.jpg
TPS_02100,25.051746,121.513267,1,taipei_udd_Image_2025,21,4,1756440,897752,0,ok,taipei_z21/images/TPS_02100.jpg
TPS_02102,25.057188,121.51697,1,taipei_udd_Image_2025,21,4,1756462,897717,0,ok,taipei_z21/images/TPS_02102.jpg
TPS_02101,25.052036,121.510474,1,taipei_udd_Image_2025,21,4,1756424,897750,0,ok,taipei_z21/images/TPS_02101.jpg
TPS_02103,25.056655,121.517016,1,taipei_udd_Image_2025,21,4,1756462,897720,0,ok,taipei_z21/images/TPS_02103.jpg
TPS_02104,25.070662,121.619083,1,taipei_udd_Image_2025,21,4,1757057,897630,0,ok,taipei_z21/images/TPS_02104.jpg
TPS_02105,25.077159,121.612775,1,taipei_udd_Image_2025,21,4,1757020,897588,0,ok,taipei_z21/images/TPS_02105.jpg
TPS_02106,25.0809,121.593262,1,taipei_udd_Image_2025,21,4,1756906,897564,0,ok,taipei_z21/images/TPS_02106.jpg
TPS_02107,25.11888,121.523188,1,taipei_udd_Image_2025,21,4,1756498,897320,0,ok,taipei_z21/images/TPS_02107.jpg
TPS_02108,25.080199,121.595519,1,taipei_udd_Image_2025,21,4,1756919,897569,0,ok,taipei_z21/images/TPS_02108.jpg
TPS_02109,25.08068,121.59647,1,taipei_udd_Image_2025,21,4,1756925,897566,0,ok,taipei_z21/images/TPS_02109.jpg
TPS_02110,25.081403,121.597517,1,taipei_udd_Image_2025,21,4,1756931,897561,0,ok,taipei_z21/images/TPS_02110.jpg
TPS_02111,25.093724,121.524982,1,taipei_udd_Image_2025,21,4,1756508,897482,0,ok,taipei_z21/images/TPS_02111.jpg
TPS_02112,24.98061,121.55638,1,taipei_udd_Image_2025,21,4,1756691,898209,0,ok,taipei_z21/images/TPS_02112.jpg
TPS_02113,24.981714,121.56077,1,taipei_udd_Image_2025,21,4,1756717,898202,0,ok,taipei_z21/images/TPS_02113.jpg
TPS_02114,25.085779,121.590268,1,taipei_udd_Image_2025,21,4,1756889,897533,0,ok,taipei_z21/images/TPS_02114.jpg
TPS_02115,25.086153,121.592166,1,taipei_udd_Image_2025,21,4,1756900,897530,0,ok,taipei_z21/images/TPS_02115.jpg
TPS_02116,25.086245,121.589216,1,taipei_udd_Image_2025,21,4,1756883,897530,0,ok,taipei_z21/images/TPS_02116.jpg
TPS_02118,25.02282,121.502672,1,taipei_udd_Image_2025,21,4,1756378,897938,0,ok,taipei_z21/images/TPS_02118.jpg
TPS_02117,25.023579,121.502755,1,taipei_udd_Image_2025,21,4,1756379,897933,0,ok,taipei_z21/images/TPS_02117.jpg
TPS_02119,25.028424,121.503597,1,taipei_udd_Image_2025,21,4,1756384,897902,0,ok,taipei_z21/images/TPS_02119.jpg
TPS_02120,25.026563,121.502206,1,taipei_udd_Image_2025,21,4,1756376,897914,0,ok,taipei_z21/images/TPS_02120.jpg
TPS_02121,25.02563,121.504968,1,taipei_udd_Image_2025,21,4,1756392,897920,0,ok,taipei_z21/images/TPS_02121.jpg
TPS_02123,25.027994,121.505907,1,taipei_udd_Image_2025,21,4,1756397,897904,0,ok,taipei_z21/images/TPS_02123.jpg
TPS_02122,25.025487,121.502579,1,taipei_udd_Image_2025,21,4,1756378,897921,0,ok,taipei_z21/images/TPS_02122.jpg
TPS_02124,25.087935,121.587179,1,taipei_udd_Image_2025,21,4,1756871,897519,0,ok,taipei_z21/images/TPS_02124.jpg
TPS_02125,24.991246,121.541315,1,taipei_udd_Image_2025,21,4,1756603,898141,0,ok,taipei_z21/images/TPS_02125.jpg
TPS_02126,25.040385,121.531108,1,taipei_udd_Image_2025,21,4,1756544,897825,0,ok,taipei_z21/images/TPS_02126.jpg
TPS_02127,25.050612,121.518258,1,taipei_udd_Image_2025,21,4,1756469,897759,0,ok,taipei_z21/images/TPS_02127.jpg
TPS_02128,25.054786,121.534819,1,taipei_udd_Image_2025,21,4,1756566,897732,0,ok,taipei_z21/images/TPS_02128.jpg
TPS_02129,25.041353,121.580912,1,taipei_udd_Image_2025,21,4,1756834,897819,0,ok,taipei_z21/images/TPS_02129.jpg
TPS_02131,25.04176,121.581,1,taipei_udd_Image_2025,21,4,1756835,897816,0,ok,taipei_z21/images/TPS_02131.jpg
TPS_02130,25.046877,121.582062,1,taipei_udd_Image_2025,21,4,1756841,897783,0,ok,taipei_z21/images/TPS_02130.jpg
TPS_02132,25.096247,121.530263,1,taipei_udd_Image_2025,21,4,1756539,897466,0,ok,taipei_z21/images/TPS_02132.jpg
TPS_02133,25.095833,121.531252,1,taipei_udd_Image_2025,21,4,1756545,897468,0,ok,taipei_z21/images/TPS_02133.jpg
TPS_02134,25.14541,121.49294,1,taipei_udd_Image_2025,21,4,1756322,897149,0,ok,taipei_z21/images/TPS_02134.jpg
TPS_02135,24.993813,121.539156,1,taipei_udd_Image_2025,21,4,1756591,898124,0,ok,taipei_z21/images/TPS_02135.jpg
TPS_02137,25.134425,121.502381,1,taipei_udd_Image_2025,21,4,1756377,897220,0,ok,taipei_z21/images/TPS_02137.jpg
TPS_02136,25.104218,121.538223,1,taipei_udd_Image_2025,21,4,1756585,897414,0,ok,taipei_z21/images/TPS_02136.jpg
TPS_02139,25.002727,121.58404,1,taipei_udd_Image_2025,21,4,1756852,898067,0,ok,taipei_z21/images/TPS_02139.jpg
TPS_02140,25.020498,121.522796,1,taipei_udd_Image_2025,21,4,1756496,897953,0,ok,taipei_z21/images/TPS_02140.jpg
TPS_02138,24.994881,121.537283,1,taipei_udd_Image_2025,21,4,1756580,898117,0,ok,taipei_z21/images/TPS_02138.jpg
TPS_02141,25.023224,121.517421,1,taipei_udd_Image_2025,21,4,1756464,897935,0,ok,taipei_z21/images/TPS_02141.jpg
TPS_02142,25.025201,121.513147,1,taipei_udd_Image_2025,21,4,1756439,897922,0,ok,taipei_z21/images/TPS_02142.jpg
TPS_02143,25.022497,121.532471,1,taipei_udd_Image_2025,21,4,1756552,897940,0,ok,taipei_z21/images/TPS_02143.jpg
TPS_02144,25.032053,121.519758,1,taipei_udd_Image_2025,21,4,1756478,897878,0,ok,taipei_z21/images/TPS_02144.jpg
TPS_02145,25.04544,121.507788,1,taipei_udd_Image_2025,21,4,1756408,897792,0,ok,taipei_z21/images/TPS_02145.jpg
TPS_02146,25.045068,121.505414,1,taipei_udd_Image_2025,21,4,1756394,897795,0,ok,taipei_z21/images/TPS_02146.jpg
TPS_02147,25.021197,121.499909,1,taipei_udd_Image_2025,21,4,1756362,897948,0,ok,taipei_z21/images/TPS_02147.jpg
TPS_02148,25.021999,121.50165,1,taipei_udd_Image_2025,21,4,1756372,897943,0,ok,taipei_z21/images/TPS_02148.jpg
TPS_02149,25.023024,121.501515,1,taipei_udd_Image_2025,21,4,1756372,897936,0,ok,taipei_z21/images/TPS_02149.jpg
TPS_02150,25.023567,121.501601,1,taipei_udd_Image_2025,21,4,1756372,897933,0,ok,taipei_z21/images/TPS_02150.jpg
TPS_02151,25.038377,121.501773,1,taipei_udd_Image_2025,21,4,1756373,897838,0,ok,taipei_z21/images/TPS_02151.jpg
TPS_02152,25.040073,121.502,1,taipei_udd_Image_2025,21,4,1756374,897827,0,ok,taipei_z21/images/TPS_02152.jpg
TPS_02153,25.04506,121.560271,1,taipei_udd_Image_2025,21,4,1756714,897795,0,ok,taipei_z21/images/TPS_02153.jpg
TPS_02154,25.025904,121.510535,1,taipei_udd_Image_2025,21,4,1756424,897918,0,ok,taipei_z21/images/TPS_02154.jpg
TPS_02157,25.024213,121.524687,1,taipei_udd_Image_2025,21,4,1756507,897929,0,ok,taipei_z21/images/TPS_02157.jpg
TPS_02155,25.022845,121.508537,1,taipei_udd_Image_2025,21,4,1756413,897938,0,ok,taipei_z21/images/TPS_02155.jpg
TPS_02156,25.035386,121.491503,1,taipei_udd_Image_2025,21,4,1756313,897857,0,ok,taipei_z21/images/TPS_02156.jpg
TPS_02161,25.00439,121.535205,1,taipei_udd_Image_2025,21,4,1756568,898056,0,ok,taipei_z21/images/TPS_02161.jpg
TPS_02159,25.028956,121.50856,1,taipei_udd_Image_2025,21,4,1756413,897898,0,ok,taipei_z21/images/TPS_02159.jpg
TPS_02158,25.027059,121.510916,1,taipei_udd_Image_2025,21,4,1756426,897910,0,ok,taipei_z21/images/TPS_02158.jpg
TPS_02160,25.003759,121.535422,1,taipei_udd_Image_2025,21,4,1756569,898060,0,ok,taipei_z21/images/TPS_02160.jpg
TPS_02162,25.005979,121.536128,1,taipei_udd_Image_2025,21,4,1756573,898046,0,ok,taipei_z21/images/TPS_02162.jpg
TPS_02163,25.030476,121.565391,1,taipei_udd_Image_2025,21,4,1756744,897888,0,ok,taipei_z21/images/TPS_02163.jpg
TPS_02164,25.032281,121.500545,1,taipei_udd_Image_2025,21,4,1756366,897877,0,ok,taipei_z21/images/TPS_02164.jpg
TPS_02165,25.028669,121.504108,1,taipei_udd_Image_2025,21,4,1756387,897900,0,ok,taipei_z21/images/TPS_02165.jpg
TPS_02166,25.122362,121.469506,1,taipei_udd_Image_2025,21,4,1756185,897297,0,ok,taipei_z21/images/TPS_02166.jpg
TPS_02167,25.026123,121.557477,1,taipei_udd_Image_2025,21,4,1756698,897916,0,ok,taipei_z21/images/TPS_02167.jpg
TPS_02168,25.086309,121.57108,1,taipei_udd_Image_2025,21,4,1756777,897529,0,ok,taipei_z21/images/TPS_02168.jpg
TPS_02169,25.08136,121.58756,1,taipei_udd_Image_2025,21,4,1756873,897561,0,ok,taipei_z21/images/TPS_02169.jpg
TPS_02172,25.082373,121.59268,1,taipei_udd_Image_2025,21,4,1756903,897555,0,ok,taipei_z21/images/TPS_02172.jpg
TPS_02170,25.038992,121.501865,1,taipei_udd_Image_2025,21,4,1756374,897834,0,ok,taipei_z21/images/TPS_02170.jpg
TPS_02173,25.136895,121.504225,1,taipei_udd_Image_2025,21,4,1756387,897204,0,ok,taipei_z21/images/TPS_02173.jpg
TPS_02171,25.038508,121.503936,1,taipei_udd_Image_2025,21,4,1756386,897837,0,ok,taipei_z21/images/TPS_02171.jpg
TPS_02174,25.132287,121.49881,1,taipei_udd_Image_2025,21,4,1756356,897234,0,ok,taipei_z21/images/TPS_02174.jpg
TPS_02176,25.139277,121.501488,1,taipei_udd_Image_2025,21,4,1756371,897189,0,ok,taipei_z21/images/TPS_02176.jpg
TPS_02175,25.141857,121.51012,1,taipei_udd_Image_2025,21,4,1756422,897172,0,ok,taipei_z21/images/TPS_02175.jpg
TPS_02177,25.141074,121.489655,1,taipei_udd_Image_2025,21,4,1756303,897177,0,ok,taipei_z21/images/TPS_02177.jpg
TPS_02178,25.138212,121.485615,1,taipei_udd_Image_2025,21,4,1756279,897196,0,ok,taipei_z21/images/TPS_02178.jpg
TPS_02179,25.049538,121.536495,1,taipei_udd_Image_2025,21,4,1756575,897766,0,ok,taipei_z21/images/TPS_02179.jpg
TPS_02180,25.049547,121.536997,1,taipei_udd_Image_2025,21,4,1756578,897766,0,ok,taipei_z21/images/TPS_02180.jpg
TPS_02181,25.014515,121.534478,1,taipei_udd_Image_2025,21,4,1756564,897991,0,ok,taipei_z21/images/TPS_02181.jpg
TPS_02182,25.027702,121.492976,1,taipei_udd_Image_2025,21,4,1756322,897906,0,ok,taipei_z21/images/TPS_02182.jpg
TPS_02183,25.029408,121.499181,1,taipei_udd_Image_2025,21,4,1756358,897895,0,ok,taipei_z21/images/TPS_02183.jpg
TPS_02184,25.119373,121.469147,1,taipei_udd_Image_2025,21,4,1756183,897317,0,ok,taipei_z21/images/TPS_02184.jpg
TPS_02185,25.083924,121.578145,1,taipei_udd_Image_2025,21,4,1756818,897545,0,ok,taipei_z21/images/TPS_02185.jpg
TPS_02186,25.086401,121.566949,1,taipei_udd_Image_2025,21,4,1756753,897529,0,ok,taipei_z21/images/TPS_02186.jpg
TPS_02187,25.028082,121.553629,1,taipei_udd_Image_2025,21,4,1756675,897904,0,ok,taipei_z21/images/TPS_02187.jpg
TPS_02188,25.055453,121.511667,1,taipei_udd_Image_2025,21,4,1756431,897728,0,ok,taipei_z21/images/TPS_02188.jpg
TPS_02189,25.118997,121.521332,1,taipei_udd_Image_2025,21,4,1756487,897319,0,ok,taipei_z21/images/TPS_02189.jpg
TPS_02190,24.988527,121.543854,1,taipei_udd_Image_2025,21,4,1756618,898158,0,ok,taipei_z21/images/TPS_02190.jpg
TPS_02191,25.050697,121.50685,1,taipei_udd_Image_2025,21,4,1756403,897758,0,ok,taipei_z21/images/TPS_02191.jpg
TPS_02192,25.076843,121.573979,1,taipei_udd_Image_2025,21,4,1756794,897590,0,ok,taipei_z21/images/TPS_02192.jpg
TPS_02193,25.085,121.592658,1,taipei_udd_Image_2025,21,4,1756903,897538,0,ok,taipei_z21/images/TPS_02193.jpg
TPS_02196,25.032463,121.488502,1,taipei_udd_Image_2025,21,4,1756296,897876,0,ok,taipei_z21/images/TPS_02196.jpg
TPS_02194,25.073724,121.579162,1,taipei_udd_Image_2025,21,4,1756824,897610,0,ok,taipei_z21/images/TPS_02194.jpg
TPS_02195,25.029243,121.48829,1,taipei_udd_Image_2025,21,4,1756295,897896,0,ok,taipei_z21/images/TPS_02195.jpg
TPS_02197,24.995801,121.546965,1,taipei_udd_Image_2025,21,4,1756636,898111,0,ok,taipei_z21/images/TPS_02197.jpg
TPS_02198,25.074265,121.608509,1,taipei_udd_Image_2025,21,4,1756995,897607,0,ok,taipei_z21/images/TPS_02198.jpg
TPS_02199,25.051285,121.578824,1,taipei_udd_Image_2025,21,4,1756822,897755,0,ok,taipei_z21/images/TPS_02199.jpg
TPS_02200,25.03204,121.524082,1,taipei_udd_Image_2025,21,4,1756503,897878,0,ok,taipei_z21/images/TPS_02200.jpg
TPS_02201,25.037257,121.511,1,taipei_udd_Image_2025,21,4,1756427,897845,0,ok,taipei_z21/images/TPS_02201.jpg
TPS_02202,25.036044,121.515026,1,taipei_udd_Image_2025,21,4,1756450,897853,0,ok,taipei_z21/images/TPS_02202.jpg
TPS_02203,25.034357,121.514932,1,taipei_udd_Image_2025,21,4,1756450,897864,0,ok,taipei_z21/images/TPS_02203.jpg
TPS_02205,25.042622,121.581478,1,taipei_udd_Image_2025,21,4,1756837,897810,0,ok,taipei_z21/images/TPS_02205.jpg
TPS_02204,25.039209,121.58417,1,taipei_udd_Image_2025,21,4,1756853,897832,0,ok,taipei_z21/images/TPS_02204.jpg
TPS_02206,25.042419,121.581153,1,taipei_udd_Image_2025,21,4,1756836,897812,0,ok,taipei_z21/images/TPS_02206.jpg
TPS_02207,25.040795,121.582458,1,taipei_udd_Image_2025,21,4,1756843,897822,0,ok,taipei_z21/images/TPS_02207.jpg
TPS_02208,25.039982,121.58018,1,taipei_udd_Image_2025,21,4,1756830,897827,0,ok,taipei_z21/images/TPS_02208.jpg
TPS_02209,25.038409,121.539844,1,taipei_udd_Image_2025,21,4,1756595,897837,0,ok,taipei_z21/images/TPS_02209.jpg
TPS_02210,25.054372,121.516311,1,taipei_udd_Image_2025,21,4,1756458,897735,0,ok,taipei_z21/images/TPS_02210.jpg
TPS_02213,25.02418,121.524265,1,taipei_udd_Image_2025,21,4,1756504,897929,0,ok,taipei_z21/images/TPS_02213.jpg
TPS_02211,25.000531,121.552232,1,taipei_udd_Image_2025,21,4,1756667,898081,0,ok,taipei_z21/images/TPS_02211.jpg
TPS_02212,25.095181,121.525509,1,taipei_udd_Image_2025,21,4,1756511,897472,0,ok,taipei_z21/images/TPS_02212.jpg
TPS_02214,25.038929,121.511171,1,taipei_udd_Image_2025,21,4,1756428,897834,0,ok,taipei_z21/images/TPS_02214.jpg
TPS_02216,25.041216,121.511409,1,taipei_udd_Image_2025,21,4,1756429,897819,0,ok,taipei_z21/images/TPS_02216.jpg
TPS_02215,25.03914,121.508722,1,taipei_udd_Image_2025,21,4,1756414,897833,0,ok,taipei_z21/images/TPS_02215.jpg
TPS_02217,25.027506,121.518305,1,taipei_udd_Image_2025,21,4,1756469,897908,0,ok,taipei_z21/images/TPS_02217.jpg
TPS_02218,25.090395,121.522279,1,taipei_udd_Image_2025,21,4,1756493,897503,0,ok,taipei_z21/images/TPS_02218.jpg
TPS_02219,25.039934,121.512914,1,taipei_udd_Image_2025,21,4,1756438,897828,0,ok,taipei_z21/images/TPS_02219.jpg
TPS_02220,25.035286,121.509298,1,taipei_udd_Image_2025,21,4,1756417,897858,0,ok,taipei_z21/images/TPS_02220.jpg
TPS_02221,25.035556,121.508312,1,taipei_udd_Image_2025,21,4,1756411,897856,0,ok,taipei_z21/images/TPS_02221.jpg
TPS_02222,25.108013,121.518429,1,taipei_udd_Image_2025,21,4,1756470,897390,0,ok,taipei_z21/images/TPS_02222.jpg
TPS_02223,25.107432,121.517939,1,taipei_udd_Image_2025,21,4,1756467,897394,0,ok,taipei_z21/images/TPS_02223.jpg
TPS_02224,25.043075,121.511511,1,taipei_udd_Image_2025,21,4,1756430,897807,0,ok,taipei_z21/images/TPS_02224.jpg
TPS_02225,25.125333,121.527041,1,taipei_udd_Image_2025,21,4,1756520,897278,0,ok,taipei_z21/images/TPS_02225.jpg
TPS_02226,24.989502,121.542409,1,taipei_udd_Image_2025,21,4,1756610,898152,0,ok,taipei_z21/images/TPS_02226.jpg
TPS_02229,25.054217,121.613077,1,taipei_udd_Image_2025,21,4,1757022,897736,0,ok,taipei_z21/images/TPS_02229.jpg
TPS_02227,25.014393,121.53324,1,taipei_udd_Image_2025,21,4,1756556,897992,0,ok,taipei_z21/images/TPS_02227.jpg
TPS_02228,25.054012,121.613406,1,taipei_udd_Image_2025,21,4,1757023,897737,0,ok,taipei_z21/images/TPS_02228.jpg
TPS_02232,25.046716,121.586863,1,taipei_udd_Image_2025,21,4,1756869,897784,0,ok,taipei_z21/images/TPS_02232.jpg
TPS_02230,25.108595,121.532748,1,taipei_udd_Image_2025,21,4,1756554,897386,0,ok,taipei_z21/images/TPS_02230.jpg
TPS_02231,24.986846,121.563513,1,taipei_udd_Image_2025,21,4,1756733,898169,0,ok,taipei_z21/images/TPS_02231.jpg
TPS_02233,25.066285,121.587897,1,taipei_udd_Image_2025,21,4,1756875,897658,0,ok,taipei_z21/images/TPS_02233.jpg
TPS_02235,25.040528,121.502079,1,taipei_udd_Image_2025,21,4,1756375,897824,0,ok,taipei_z21/images/TPS_02235.jpg
TPS_02234,25.114158,121.550445,1,taipei_udd_Image_2025,21,4,1756657,897350,0,ok,taipei_z21/images/TPS_02234.jpg
TPS_02236,25.041695,121.502282,1,taipei_udd_Image_2025,21,4,1756376,897816,0,ok,taipei_z21/images/TPS_02236.jpg
TPS_02237,25.118427,121.527346,1,taipei_udd_Image_2025,21,4,1756522,897323,0,ok,taipei_z21/images/TPS_02237.jpg
TPS_02238,25.115106,121.514848,1,taipei_udd_Image_2025,21,4,1756449,897344,0,ok,taipei_z21/images/TPS_02238.jpg
TPS_02240,24.986614,121.553124,1,taipei_udd_Image_2025,21,4,1756672,898170,0,ok,taipei_z21/images/TPS_02240.jpg
TPS_02239,24.986179,121.553351,1,taipei_udd_Image_2025,21,4,1756674,898173,0,ok,taipei_z21/images/TPS_02239.jpg
TPS_02241,25.043381,121.523893,1,taipei_udd_Image_2025,21,4,1756502,897806,0,ok,taipei_z21/images/TPS_02241.jpg
TPS_02242,25.039003,121.510181,1,taipei_udd_Image_2025,21,4,1756422,897834,0,ok,taipei_z21/images/TPS_02242.jpg
TPS_02243,25.040193,121.510305,1,taipei_udd_Image_2025,21,4,1756423,897826,0,ok,taipei_z21/images/TPS_02243.jpg
TPS_02244,25.041343,121.510423,1,taipei_udd_Image_2025,21,4,1756424,897819,0,ok,taipei_z21/images/TPS_02244.jpg
TPS_02245,25.042325,121.514075,1,taipei_udd_Image_2025,21,4,1756445,897812,0,ok,taipei_z21/images/TPS_02245.jpg
TPS_02246,25.042321,121.51322,1,taipei_udd_Image_2025,21,4,1756440,897812,0,ok,taipei_z21/images/TPS_02246.jpg
TPS_02247,25.089067,121.511679,1,taipei_udd_Image_2025,21,4,1756431,897512,0,ok,taipei_z21/images/TPS_02247.jpg
TPS_02248,24.98397,121.568808,1,taipei_udd_Image_2025,21,4,1756764,898187,0,ok,taipei_z21/images/TPS_02248.jpg
TPS_02249,25.041045,121.51305,1,taipei_udd_Image_2025,21,4,1756439,897821,0,ok,taipei_z21/images/TPS_02249.jpg
TPS_02250,25.044064,121.513229,1,taipei_udd_Image_2025,21,4,1756440,897801,0,ok,taipei_z21/images/TPS_02250.jpg
TPS_02251,25.048664,121.594121,1,taipei_udd_Image_2025,21,4,1756911,897772,0,ok,taipei_z21/images/TPS_02251.jpg
TPS_02252,25.136543,121.496119,1,taipei_udd_Image_2025,21,4,1756340,897206,0,ok,taipei_z21/images/TPS_02252.jpg
TPS_02253,25.024752,121.520226,1,taipei_udd_Image_2025,21,4,1756481,897925,0,ok,taipei_z21/images/TPS_02253.jpg
TPS_02254,25.024382,121.511149,1,taipei_udd_Image_2025,21,4,1756428,897928,0,ok,taipei_z21/images/TPS_02254.jpg
TPS_02255,24.998421,121.535574,1,taipei_udd_Image_2025,21,4,1756570,898095,0,ok,taipei_z21/images/TPS_02255.jpg
TPS_02256,25.049925,121.574089,1,taipei_udd_Image_2025,21,4,1756794,897763,0,ok,taipei_z21/images/TPS_02256.jpg
TPS_02258,25.066971,121.527649,1,taipei_udd_Image_2025,21,4,1756524,897654,0,ok,taipei_z21/images/TPS_02258.jpg
TPS_02257,25.066229,121.527633,1,taipei_udd_Image_2025,21,4,1756524,897659,0,ok,taipei_z21/images/TPS_02257.jpg
TPS_02259,25.032283,121.537551,1,taipei_udd_Image_2025,21,4,1756582,897877,0,ok,taipei_z21/images/TPS_02259.jpg
TPS_02260,25.03228,121.538004,1,taipei_udd_Image_2025,21,4,1756584,897877,0,ok,taipei_z21/images/TPS_02260.jpg
TPS_02262,25.030665,121.53752,1,taipei_udd_Image_2025,21,4,1756581,897887,0,ok,taipei_z21/images/TPS_02262.jpg
TPS_02261,25.030665,121.537991,1,taipei_udd_Image_2025,21,4,1756584,897887,0,ok,taipei_z21/images/TPS_02261.jpg
TPS_02263,25.043429,121.566121,1,taipei_udd_Image_2025,21,4,1756748,897805,0,ok,taipei_z21/images/TPS_02263.jpg
TPS_02264,25.081028,121.510594,1,taipei_udd_Image_2025,21,4,1756425,897563,0,ok,taipei_z21/images/TPS_02264.jpg
TPS_02265,25.079125,121.511237,1,taipei_udd_Image_2025,21,4,1756428,897576,0,ok,taipei_z21/images/TPS_02265.jpg
TPS_02266,25.026622,121.512224,1,taipei_udd_Image_2025,21,4,1756434,897913,0,ok,taipei_z21/images/TPS_02266.jpg
TPS_02267,25.051714,121.608603,1,taipei_udd_Image_2025,21,4,1756995,897752,0,ok,taipei_z21/images/TPS_02267.jpg
TPS_02268,25.011745,121.544176,1,taipei_udd_Image_2025,21,4,1756620,898009,0,ok,taipei_z21/images/TPS_02268.jpg
TPS_02269,25.050337,121.562565,1,taipei_udd_Image_2025,21,4,1756727,897761,0,ok,taipei_z21/images/TPS_02269.jpg
TPS_02270,25.138256,121.502547,1,taipei_udd_Image_2025,21,4,1756378,897195,0,ok,taipei_z21/images/TPS_02270.jpg
TPS_02271,25.022655,121.533225,1,taipei_udd_Image_2025,21,4,1756556,897939,0,ok,taipei_z21/images/TPS_02271.jpg
TPS_02273,24.998838,121.535534,1,taipei_udd_Image_2025,21,4,1756570,898092,0,ok,taipei_z21/images/TPS_02273.jpg
TPS_02272,24.996718,121.53963,1,taipei_udd_Image_2025,21,4,1756594,898105,0,ok,taipei_z21/images/TPS_02272.jpg
TPS_02274,25.02885,121.537472,1,taipei_udd_Image_2025,21,4,1756581,897899,0,ok,taipei_z21/images/TPS_02274.jpg
TPS_02275,25.028429,121.542318,1,taipei_udd_Image_2025,21,4,1756609,897902,0,ok,taipei_z21/images/TPS_02275.jpg
TPS_02277,25.086317,121.525365,1,taipei_udd_Image_2025,21,4,1756511,897529,0,ok,taipei_z21/images/TPS_02277.jpg
TPS_02276,25.084406,121.596525,1,taipei_udd_Image_2025,21,4,1756925,897542,0,ok,taipei_z21/images/TPS_02276.jpg
TPS_02278,25.034104,121.518538,1,taipei_udd_Image_2025,21,4,1756471,897865,0,ok,taipei_z21/images/TPS_02278.jpg
TPS_02281,25.022282,121.495834,1,taipei_udd_Image_2025,21,4,1756339,897941,0,ok,taipei_z21/images/TPS_02281.jpg
TPS_02279,25.016683,121.529896,1,taipei_udd_Image_2025,21,4,1756537,897977,0,ok,taipei_z21/images/TPS_02279.jpg
TPS_02282,25.023016,121.497819,1,taipei_udd_Image_2025,21,4,1756350,897936,0,ok,taipei_z21/images/TPS_02282.jpg
TPS_02280,25.050285,121.515186,1,taipei_udd_Image_2025,21,4,1756451,897761,0,ok,taipei_z21/images/TPS_02280.jpg
TPS_02284,25.026607,121.510762,1,taipei_udd_Image_2025,21,4,1756425,897913,0,ok,taipei_z21/images/TPS_02284.jpg
TPS_02283,25.023226,121.522806,1,taipei_udd_Image_2025,21,4,1756496,897935,0,ok,taipei_z21/images/TPS_02283.jpg
TPS_02285,25.043696,121.536355,1,taipei_udd_Image_2025,21,4,1756575,897803,0,ok,taipei_z21/images/TPS_02285.jpg
TPS_02286,25.071417,121.604443,1,taipei_udd_Image_2025,21,4,1756971,897625,0,ok,taipei_z21/images/TPS_02286.jpg
TPS_02287,25.067099,121.617259,1,taipei_udd_Image_2025,21,4,1757046,897653,0,ok,taipei_z21/images/TPS_02287.jpg
TPS_02288,25.027958,121.490672,1,taipei_udd_Image_2025,21,4,1756308,897905,0,ok,taipei_z21/images/TPS_02288.jpg
TPS_02290,24.991949,121.543913,1,taipei_udd_Image_2025,21,4,1756619,898136,0,ok,taipei_z21/images/TPS_02290.jpg
TPS_02289,25.0297,121.621266,1,taipei_udd_Image_2025,21,4,1757069,897893,0,ok,taipei_z21/images/TPS_02289.jpg
TPS_02291,25.116432,121.537599,1,taipei_udd_Image_2025,21,4,1756582,897336,0,ok,taipei_z21/images/TPS_02291.jpg
TPS_02292,25.060559,121.558176,1,taipei_udd_Image_2025,21,4,1756702,897695,0,ok,taipei_z21/images/TPS_02292.jpg
TPS_02293,25.136263,121.480651,1,taipei_udd_Image_2025,21,4,1756250,897208,0,ok,taipei_z21/images/TPS_02293.jpg
TPS_02294,25.138323,121.486769,1,taipei_udd_Image_2025,21,4,1756286,897195,0,ok,taipei_z21/images/TPS_02294.jpg
TPS_02295,25.135305,121.478626,1,taipei_udd_Image_2025,21,4,1756238,897214,0,ok,taipei_z21/images/TPS_02295.jpg
TPS_02298,25.046574,121.588307,1,taipei_udd_Image_2025,21,4,1756877,897785,0,ok,taipei_z21/images/TPS_02298.jpg
TPS_02296,25.042363,121.507495,1,taipei_udd_Image_2025,21,4,1756406,897812,0,ok,taipei_z21/images/TPS_02296.jpg
TPS_02297,25.063616,121.603265,1,taipei_udd_Image_2025,21,4,1756964,897675,0,ok,taipei_z21/images/TPS_02297.jpg
TPS_02299,25.050311,121.519559,1,taipei_udd_Image_2025,21,4,1756477,897761,0,ok,taipei_z21/images/TPS_02299.jpg
TPS_02300,25.030036,121.516465,1,taipei_udd_Image_2025,21,4,1756459,897891,0,ok,taipei_z21/images/TPS_02300.jpg
TPS_02301,25.030707,121.517639,1,taipei_udd_Image_2025,21,4,1756466,897887,0,ok,taipei_z21/images/TPS_02301.jpg
TPS_02302,25.026759,121.507087,1,taipei_udd_Image_2025,21,4,1756404,897912,0,ok,taipei_z21/images/TPS_02302.jpg
TPS_02303,25.025837,121.50815,1,taipei_udd_Image_2025,21,4,1756410,897918,0,ok,taipei_z21/images/TPS_02303.jpg
TPS_02304,25.024992,121.509141,1,taipei_udd_Image_2025,21,4,1756416,897924,0,ok,taipei_z21/images/TPS_02304.jpg
TPS_02305,25.024649,121.510138,1,taipei_udd_Image_2025,21,4,1756422,897926,0,ok,taipei_z21/images/TPS_02305.jpg
TPS_02306,25.027653,121.507748,1,taipei_udd_Image_2025,21,4,1756408,897907,0,ok,taipei_z21/images/TPS_02306.jpg
TPS_02307,25.028072,121.508052,1,taipei_udd_Image_2025,21,4,1756410,897904,0,ok,taipei_z21/images/TPS_02307.jpg
TPS_02308,25.028513,121.508299,1,taipei_udd_Image_2025,21,4,1756411,897901,0,ok,taipei_z21/images/TPS_02308.jpg
TPS_02312,25.084519,121.560692,1,taipei_udd_Image_2025,21,4,1756716,897541,0,ok,taipei_z21/images/TPS_02312.jpg
TPS_02309,25.03132,121.51216,1,taipei_udd_Image_2025,21,4,1756434,897883,0,ok,taipei_z21/images/TPS_02309.jpg
TPS_02310,25.031709,121.513646,1,taipei_udd_Image_2025,21,4,1756442,897881,0,ok,taipei_z21/images/TPS_02310.jpg
TPS_02311,24.981066,121.558094,1,taipei_udd_Image_2025,21,4,1756701,898206,0,ok,taipei_z21/images/TPS_02311.jpg
TPS_02313,25.05064,121.54044,1,taipei_udd_Image_2025,21,4,1756598,897759,0,ok,taipei_z21/images/TPS_02313.jpg
TPS_02314,25.028529,121.541202,1,taipei_udd_Image_2025,21,4,1756603,897901,0,ok,taipei_z21/images/TPS_02314.jpg
TPS_02316,25.120609,121.506326,1,taipei_udd_Image_2025,21,4,1756400,897309,0,ok,taipei_z21/images/TPS_02316.jpg
TPS_02315,25.057046,121.5661,1,taipei_udd_Image_2025,21,4,1756748,897718,0,ok,taipei_z21/images/TPS_02315.jpg
TPS_02318,25.054445,121.548473,1,taipei_udd_Image_2025,21,4,1756645,897734,0,ok,taipei_z21/images/TPS_02318.jpg
TPS_02320,25.057787,121.549502,1,taipei_udd_Image_2025,21,4,1756651,897713,0,ok,taipei_z21/images/TPS_02320.jpg
TPS_02317,25.01794,121.524296,1,taipei_udd_Image_2025,21,4,1756504,897969,0,ok,taipei_z21/images/TPS_02317.jpg
TPS_02319,25.05763,121.54835,1,taipei_udd_Image_2025,21,4,1756644,897714,0,ok,taipei_z21/images/TPS_02319.jpg
TPS_02321,25.051389,121.514732,1,taipei_udd_Image_2025,21,4,1756449,897754,0,ok,taipei_z21/images/TPS_02321.jpg
TPS_02322,25.115186,121.52175,1,taipei_udd_Image_2025,21,4,1756490,897344,0,ok,taipei_z21/images/TPS_02322.jpg
TPS_02323,25.116771,121.516224,1,taipei_udd_Image_2025,21,4,1756457,897333,0,ok,taipei_z21/images/TPS_02323.jpg
TPS_02324,25.121178,121.505605,1,taipei_udd_Image_2025,21,4,1756395,897305,0,ok,taipei_z21/images/TPS_02324.jpg
TPS_02325,25.1207,121.508122,1,taipei_udd_Image_2025,21,4,1756410,897308,0,ok,taipei_z21/images/TPS_02325.jpg
TPS_02326,25.120314,121.508029,1,taipei_udd_Image_2025,21,4,1756410,897311,0,ok,taipei_z21/images/TPS_02326.jpg
TPS_02328,25.126911,121.498192,1,taipei_udd_Image_2025,21,4,1756352,897268,0,ok,taipei_z21/images/TPS_02328.jpg
TPS_02327,25.120165,121.502026,1,taipei_udd_Image_2025,21,4,1756375,897312,0,ok,taipei_z21/images/TPS_02327.jpg
TPS_02329,25.120053,121.522734,1,taipei_udd_Image_2025,21,4,1756495,897312,0,ok,taipei_z21/images/TPS_02329.jpg
TPS_02330,25.124698,121.526241,1,taipei_udd_Image_2025,21,4,1756516,897282,0,ok,taipei_z21/images/TPS_02330.jpg
TPS_02331,25.13691,121.495325,1,taipei_udd_Image_2025,21,4,1756336,897204,0,ok,taipei_z21/images/TPS_02331.jpg
TPS_02332,25.13783,121.493106,1,taipei_udd_Image_2025,21,4,1756323,897198,0,ok,taipei_z21/images/TPS_02332.jpg
TPS_02333,25.109436,121.4953,1,taipei_udd_Image_2025,21,4,1756335,897381,0,ok,taipei_z21/images/TPS_02333.jpg
TPS_02334,25.111941,121.492557,1,taipei_udd_Image_2025,21,4,1756319,897365,0,ok,taipei_z21/images/TPS_02334.jpg
TPS_02335,25.033609,121.491014,1,taipei_udd_Image_2025,21,4,1756310,897868,0,ok,taipei_z21/images/TPS_02335.jpg
TPS_02336,25.041592,121.503545,1,taipei_udd_Image_2025,21,4,1756383,897817,0,ok,taipei_z21/images/TPS_02336.jpg
TPS_02337,25.08454,121.566954,1,taipei_udd_Image_2025,21,4,1756753,897541,0,ok,taipei_z21/images/TPS_02337.jpg
TPS_02338,25.100586,121.509917,1,taipei_udd_Image_2025,21,4,1756421,897438,0,ok,taipei_z21/images/TPS_02338.jpg
TPS_02339,25.092179,121.520921,1,taipei_udd_Image_2025,21,4,1756485,897492,0,ok,taipei_z21/images/TPS_02339.jpg
TPS_02340,25.13323,121.498128,1,taipei_udd_Image_2025,21,4,1756352,897228,0,ok,taipei_z21/images/TPS_02340.jpg
TPS_02341,25.138434,121.489289,1,taipei_udd_Image_2025,21,4,1756300,897194,0,ok,taipei_z21/images/TPS_02341.jpg
TPS_02342,25.136445,121.504282,1,taipei_udd_Image_2025,21,4,1756388,897207,0,ok,taipei_z21/images/TPS_02342.jpg
TPS_02343,25.113146,121.550082,1,taipei_udd_Image_2025,21,4,1756655,897357,0,ok,taipei_z21/images/TPS_02343.jpg
TPS_02344,25.101108,121.522134,1,taipei_udd_Image_2025,21,4,1756492,897434,0,ok,taipei_z21/images/TPS_02344.jpg
TPS_02345,25.130243,121.499645,1,taipei_udd_Image_2025,21,4,1756361,897247,0,ok,taipei_z21/images/TPS_02345.jpg
TPS_02346,25.127722,121.500431,1,taipei_udd_Image_2025,21,4,1756365,897263,0,ok,taipei_z21/images/TPS_02346.jpg
TPS_02347,25.121927,121.502784,1,taipei_udd_Image_2025,21,4,1756379,897300,0,ok,taipei_z21/images/TPS_02347.jpg
TPS_02348,25.120892,121.50482,1,taipei_udd_Image_2025,21,4,1756391,897307,0,ok,taipei_z21/images/TPS_02348.jpg
TPS_02349,25.121311,121.50491,1,taipei_udd_Image_2025,21,4,1756391,897304,0,ok,taipei_z21/images/TPS_02349.jpg
TPS_02350,25.120149,121.508774,1,taipei_udd_Image_2025,21,4,1756414,897312,0,ok,taipei_z21/images/TPS_02350.jpg
TPS_02351,25.120528,121.508971,1,taipei_udd_Image_2025,21,4,1756415,897309,0,ok,taipei_z21/images/TPS_02351.jpg
TPS_02352,25.119011,121.512654,1,taipei_udd_Image_2025,21,4,1756437,897319,0,ok,taipei_z21/images/TPS_02352.jpg
TPS_02353,25.11779,121.51355,1,taipei_udd_Image_2025,21,4,1756442,897327,0,ok,taipei_z21/images/TPS_02353.jpg
TPS_02354,25.115367,121.515245,1,taipei_udd_Image_2025,21,4,1756452,897343,0,ok,taipei_z21/images/TPS_02354.jpg
TPS_02357,25.110702,121.51846,1,taipei_udd_Image_2025,21,4,1756470,897373,0,ok,taipei_z21/images/TPS_02357.jpg
TPS_02355,25.111993,121.516876,1,taipei_udd_Image_2025,21,4,1756461,897364,0,ok,taipei_z21/images/TPS_02355.jpg
TPS_02356,25.110455,121.518068,1,taipei_udd_Image_2025,21,4,1756468,897374,0,ok,taipei_z21/images/TPS_02356.jpg
TPS_02358,25.1123,121.517471,1,taipei_udd_Image_2025,21,4,1756465,897362,0,ok,taipei_z21/images/TPS_02358.jpg
TPS_02361,25.108006,121.520303,1,taipei_udd_Image_2025,21,4,1756481,897390,0,ok,taipei_z21/images/TPS_02361.jpg
TPS_02359,25.109351,121.519402,1,taipei_udd_Image_2025,21,4,1756476,897381,0,ok,taipei_z21/images/TPS_02359.jpg
TPS_02360,25.107787,121.519914,1,taipei_udd_Image_2025,21,4,1756479,897391,0,ok,taipei_z21/images/TPS_02360.jpg
TPS_02362,25.118572,121.524301,1,taipei_udd_Image_2025,21,4,1756504,897322,0,ok,taipei_z21/images/TPS_02362.jpg
TPS_02365,25.030301,121.489909,1,taipei_udd_Image_2025,21,4,1756304,897890,0,ok,taipei_z21/images/TPS_02365.jpg
TPS_02363,25.083463,121.592156,1,taipei_udd_Image_2025,21,4,1756900,897548,0,ok,taipei_z21/images/TPS_02363.jpg
TPS_02364,25.065277,121.568054,1,taipei_udd_Image_2025,21,4,1756759,897665,0,ok,taipei_z21/images/TPS_02364.jpg
TPS_02366,25.019893,121.504304,1,taipei_udd_Image_2025,21,4,1756388,897957,0,ok,taipei_z21/images/TPS_02366.jpg
TPS_02367,25.086409,121.569041,1,taipei_udd_Image_2025,21,4,1756765,897529,0,ok,taipei_z21/images/TPS_02367.jpg
TPS_02368,25.066704,121.513614,1,taipei_udd_Image_2025,21,4,1756442,897656,0,ok,taipei_z21/images/TPS_02368.jpg
TPS_02369,25.024416,121.502924,1,taipei_udd_Image_2025,21,4,1756380,897927,0,ok,taipei_z21/images/TPS_02369.jpg
TPS_02370,25.013736,121.535546,1,taipei_udd_Image_2025,21,4,1756570,897996,0,ok,taipei_z21/images/TPS_02370.jpg
TPS_02371,25.019449,121.551674,1,taipei_udd_Image_2025,21,4,1756664,897959,0,ok,taipei_z21/images/TPS_02371.jpg
TPS_02372,25.055932,121.516766,1,taipei_udd_Image_2025,21,4,1756460,897725,0,ok,taipei_z21/images/TPS_02372.jpg
TPS_02373,25.081348,121.591639,1,taipei_udd_Image_2025,21,4,1756897,897561,0,ok,taipei_z21/images/TPS_02373.jpg
TPS_02375,25.082512,121.592994,1,taipei_udd_Image_2025,21,4,1756905,897554,0,ok,taipei_z21/images/TPS_02375.jpg
TPS_02374,25.081108,121.591384,1,taipei_udd_Image_2025,21,4,1756895,897563,0,ok,taipei_z21/images/TPS_02374.jpg
TPS_02376,25.093413,121.530697,1,taipei_udd_Image_2025,21,4,1756542,897484,0,ok,taipei_z21/images/TPS_02376.jpg
TPS_02377,25.027972,121.502671,1,taipei_udd_Image_2025,21,4,1756378,897905,0,ok,taipei_z21/images/TPS_02377.jpg
TPS_02378,25.062135,121.614679,1,taipei_udd_Image_2025,21,4,1757031,897685,0,ok,taipei_z21/images/TPS_02378.jpg
TPS_02379,25.021636,121.541175,1,taipei_udd_Image_2025,21,4,1756603,897945,0,ok,taipei_z21/images/TPS_02379.jpg
TPS_02380,25.074426,121.609281,1,taipei_udd_Image_2025,21,4,1756999,897606,0,ok,taipei_z21/images/TPS_02380.jpg
TPS_02381,25.001981,121.59983,1,taipei_udd_Image_2025,21,4,1756944,898072,0,ok,taipei_z21/images/TPS_02381.jpg
TPS_02383,25.092364,121.525962,1,taipei_udd_Image_2025,21,4,1756514,897490,0,ok,taipei_z21/images/TPS_02383.jpg
TPS_02382,25.056918,121.5998,1,taipei_udd_Image_2025,21,4,1756944,897718,0,ok,taipei_z21/images/TPS_02382.jpg
TPS_02387,25.047183,121.562857,1,taipei_udd_Image_2025,21,4,1756729,897781,0,ok,taipei_z21/images/TPS_02387.jpg
TPS_02384,25.05451,121.546189,1,taipei_udd_Image_2025,21,4,1756632,897734,0,ok,taipei_z21/images/TPS_02384.jpg
TPS_02385,25.026865,121.549783,1,taipei_udd_Image_2025,21,4,1756653,897912,0,ok,taipei_z21/images/TPS_02385.jpg
TPS_02386,25.029355,121.546024,1,taipei_udd_Image_2025,21,4,1756631,897896,0,ok,taipei_z21/images/TPS_02386.jpg
TPS_02389,25.077494,121.544208,1,taipei_udd_Image_2025,21,4,1756620,897586,0,ok,taipei_z21/images/TPS_02389.jpg
TPS_02388,25.119242,121.521875,1,taipei_udd_Image_2025,21,4,1756490,897318,0,ok,taipei_z21/images/TPS_02388.jpg
TPS_02392,25.064042,121.603211,1,taipei_udd_Image_2025,21,4,1756964,897673,0,ok,taipei_z21/images/TPS_02392.jpg
TPS_02390,25.025804,121.568853,1,taipei_udd_Image_2025,21,4,1756764,897919,0,ok,taipei_z21/images/TPS_02390.jpg
TPS_02391,25.12212,121.531828,1,taipei_udd_Image_2025,21,4,1756548,897299,0,ok,taipei_z21/images/TPS_02391.jpg
TPS_02393,25.045717,121.50261,1,taipei_udd_Image_2025,21,4,1756378,897790,0,ok,taipei_z21/images/TPS_02393.jpg
TPS_02394,25.109513,121.547207,1,taipei_udd_Image_2025,21,4,1756638,897380,0,ok,taipei_z21/images/TPS_02394.jpg
TPS_02395,25.045762,121.559931,1,taipei_udd_Image_2025,21,4,1756712,897790,0,ok,taipei_z21/images/TPS_02395.jpg
TPS_02396,25.037103,121.515072,1,taipei_udd_Image_2025,21,4,1756451,897846,0,ok,taipei_z21/images/TPS_02396.jpg
TPS_02397,25.027513,121.495716,1,taipei_udd_Image_2025,21,4,1756338,897908,0,ok,taipei_z21/images/TPS_02397.jpg
TPS_02398,25.026031,121.503415,1,taipei_udd_Image_2025,21,4,1756383,897917,0,ok,taipei_z21/images/TPS_02398.jpg
TPS_02399,25.038162,121.502966,1,taipei_udd_Image_2025,21,4,1756380,897839,0,ok,taipei_z21/images/TPS_02399.jpg
TPS_02400,25.078118,121.57109,1,taipei_udd_Image_2025,21,4,1756777,897582,0,ok,taipei_z21/images/TPS_02400.jpg
TPS_02401,25.049502,121.594461,1,taipei_udd_Image_2025,21,4,1756913,897766,0,ok,taipei_z21/images/TPS_02401.jpg
TPS_02402,25.027702,121.537455,1,taipei_udd_Image_2025,21,4,1756581,897906,0,ok,taipei_z21/images/TPS_02402.jpg
TPS_02403,25.061655,121.527527,1,taipei_udd_Image_2025,21,4,1756523,897688,0,ok,taipei_z21/images/TPS_02403.jpg
TPS_02404,25.054872,121.529541,1,taipei_udd_Image_2025,21,4,1756535,897732,0,ok,taipei_z21/images/TPS_02404.jpg
TPS_02405,25.031111,121.511517,1,taipei_udd_Image_2025,21,4,1756430,897884,0,ok,taipei_z21/images/TPS_02405.jpg
TPS_02406,25.023778,121.539523,1,taipei_udd_Image_2025,21,4,1756593,897932,0,ok,taipei_z21/images/TPS_02406.jpg
TPS_02407,25.099239,121.532535,1,taipei_udd_Image_2025,21,4,1756552,897446,0,ok,taipei_z21/images/TPS_02407.jpg
TPS_02409,25.054087,121.59186,1,taipei_udd_Image_2025,21,4,1756898,897737,0,ok,taipei_z21/images/TPS_02409.jpg
TPS_02408,25.069508,121.615593,1,taipei_udd_Image_2025,21,4,1757036,897637,0,ok,taipei_z21/images/TPS_02408.jpg
TPS_02410,25.024539,121.548249,1,taipei_udd_Image_2025,21,4,1756644,897927,0,ok,taipei_z21/images/TPS_02410.jpg
TPS_02413,25.024658,121.49087,1,taipei_udd_Image_2025,21,4,1756310,897926,0,ok,taipei_z21/images/TPS_02413.jpg
TPS_02411,25.036544,121.50353,1,taipei_udd_Image_2025,21,4,1756383,897849,0,ok,taipei_z21/images/TPS_02411.jpg
TPS_02412,25.039145,121.563613,1,taipei_udd_Image_2025,21,4,1756733,897833,0,ok,taipei_z21/images/TPS_02412.jpg
TPS_02414,25.069778,121.574669,1,taipei_udd_Image_2025,21,4,1756798,897636,0,ok,taipei_z21/images/TPS_02414.jpg
TPS_02415,25.038014,121.503834,1,taipei_udd_Image_2025,21,4,1756385,897840,0,ok,taipei_z21/images/TPS_02415.jpg
TPS_02416,25.035895,121.563565,1,taipei_udd_Image_2025,21,4,1756733,897854,0,ok,taipei_z21/images/TPS_02416.jpg
TPS_02418,25.039107,121.565561,1,taipei_udd_Image_2025,21,4,1756745,897833,0,ok,taipei_z21/images/TPS_02418.jpg
TPS_02417,25.038786,121.512835,1,taipei_udd_Image_2025,21,4,1756438,897835,0,ok,taipei_z21/images/TPS_02417.jpg
TPS_02419,25.05141,121.61697,1,taipei_udd_Image_2025,21,4,1757044,897754,0,ok,taipei_z21/images/TPS_02419.jpg
TPS_02422,25.0422,121.50796,1,taipei_udd_Image_2025,21,4,1756409,897813,0,ok,taipei_z21/images/TPS_02422.jpg
TPS_02420,24.984902,121.575238,1,taipei_udd_Image_2025,21,4,1756801,898181,0,ok,taipei_z21/images/TPS_02420.jpg
TPS_02421,25.100418,121.503692,1,taipei_udd_Image_2025,21,4,1756384,897439,0,ok,taipei_z21/images/TPS_02421.jpg
TPS_02424,25.035332,121.499617,1,taipei_udd_Image_2025,21,4,1756361,897857,0,ok,taipei_z21/images/TPS_02424.jpg
TPS_02423,25.024962,121.534886,1,taipei_udd_Image_2025,21,4,1756566,897924,0,ok,taipei_z21/images/TPS_02423.jpg
TPS_02425,25.000158,121.583054,1,taipei_udd_Image_2025,21,4,1756847,898083,0,ok,taipei_z21/images/TPS_02425.jpg
TPS_02427,25.036446,121.505136,1,taipei_udd_Image_2025,21,4,1756393,897850,0,ok,taipei_z21/images/TPS_02427.jpg
TPS_02426,24.998753,121.580146,1,taipei_udd_Image_2025,21,4,1756830,898092,0,ok,taipei_z21/images/TPS_02426.jpg
TPS_02428,25.04448,121.502866,1,taipei_udd_Image_2025,21,4,1756379,897798,0,ok,taipei_z21/images/TPS_02428.jpg
TPS_02430,25.045429,121.517269,1,taipei_udd_Image_2025,21,4,1756463,897792,0,ok,taipei_z21/images/TPS_02430.jpg
TPS_02429,25.05311,121.575123,1,taipei_udd_Image_2025,21,4,1756800,897743,0,ok,taipei_z21/images/TPS_02429.jpg
TPS_02431,25.002847,121.583572,1,taipei_udd_Image_2025,21,4,1756850,898066,0,ok,taipei_z21/images/TPS_02431.jpg
TPS_02432,24.990768,121.570937,1,taipei_udd_Image_2025,21,4,1756776,898144,0,ok,taipei_z21/images/TPS_02432.jpg
TPS_02433,24.988639,121.564233,1,taipei_udd_Image_2025,21,4,1756737,898157,0,ok,taipei_z21/images/TPS_02433.jpg
TPS_02434,25.035877,121.565444,1,taipei_udd_Image_2025,21,4,1756744,897854,0,ok,taipei_z21/images/TPS_02434.jpg
TPS_02435,25.0391,121.567133,1,taipei_udd_Image_2025,21,4,1756754,897833,0,ok,taipei_z21/images/TPS_02435.jpg
TPS_02436,25.061525,121.550299,1,taipei_udd_Image_2025,21,4,1756656,897689,0,ok,taipei_z21/images/TPS_02436.jpg
TPS_02439,25.061844,121.544319,1,taipei_udd_Image_2025,21,4,1756621,897687,0,ok,taipei_z21/images/TPS_02439.jpg
TPS_02437,25.061595,121.551328,1,taipei_udd_Image_2025,21,4,1756662,897688,0,ok,taipei_z21/images/TPS_02437.jpg
TPS_02438,25.062547,121.544161,1,taipei_udd_Image_2025,21,4,1756620,897682,0,ok,taipei_z21/images/TPS_02438.jpg
TPS_02440,25.062225,121.544563,1,taipei_udd_Image_2025,21,4,1756622,897684,0,ok,taipei_z21/images/TPS_02440.jpg
TPS_02444,25.051578,121.544111,1,taipei_udd_Image_2025,21,4,1756620,897753,0,ok,taipei_z21/images/TPS_02444.jpg
TPS_02441,25.054386,121.569945,1,taipei_udd_Image_2025,21,4,1756770,897735,0,ok,taipei_z21/images/TPS_02441.jpg
TPS_02442,25.053758,121.556884,1,taipei_udd_Image_2025,21,4,1756694,897739,0,ok,taipei_z21/images/TPS_02442.jpg
TPS_02443,25.051811,121.549979,1,taipei_udd_Image_2025,21,4,1756654,897751,0,ok,taipei_z21/images/TPS_02443.jpg
TPS_02445,25.05173,121.552983,1,taipei_udd_Image_2025,21,4,1756671,897752,0,ok,taipei_z21/images/TPS_02445.jpg
TPS_02448,25.051924,121.552612,1,taipei_udd_Image_2025,21,4,1756669,897751,0,ok,taipei_z21/images/TPS_02448.jpg
TPS_02446,25.051607,121.552347,1,taipei_udd_Image_2025,21,4,1756668,897753,0,ok,taipei_z21/images/TPS_02446.jpg
TPS_02447,25.051415,121.552751,1,taipei_udd_Image_2025,21,4,1756670,897754,0,ok,taipei_z21/images/TPS_02447.jpg
TPS_02449,25.051534,121.55439,1,taipei_udd_Image_2025,21,4,1756680,897753,0,ok,taipei_z21/images/TPS_02449.jpg
TPS_02451,25.051806,121.557249,1,taipei_udd_Image_2025,21,4,1756696,897751,0,ok,taipei_z21/images/TPS_02451.jpg
TPS_02450,25.051669,121.556521,1,taipei_udd_Image_2025,21,4,1756692,897752,0,ok,taipei_z21/images/TPS_02450.jpg
TPS_02452,25.051491,121.557025,1,taipei_udd_Image_2025,21,4,1756695,897753,0,ok,taipei_z21/images/TPS_02452.jpg
TPS_02453,25.051602,121.558218,1,taipei_udd_Image_2025,21,4,1756702,897753,0,ok,taipei_z21/images/TPS_02453.jpg
TPS_02455,25.037527,121.563356,1,taipei_udd_Image_2025,21,4,1756732,897843,0,ok,taipei_z21/images/TPS_02455.jpg
TPS_02454,25.051218,121.55794,1,taipei_udd_Image_2025,21,4,1756700,897755,0,ok,taipei_z21/images/TPS_02454.jpg
TPS_02457,25.037789,121.563584,1,taipei_udd_Image_2025,21,4,1756733,897841,0,ok,taipei_z21/images/TPS_02457.jpg
TPS_02456,25.037265,121.563573,1,taipei_udd_Image_2025,21,4,1756733,897845,0,ok,taipei_z21/images/TPS_02456.jpg
TPS_02458,25.04372,121.565907,1,taipei_udd_Image_2025,21,4,1756747,897803,0,ok,taipei_z21/images/TPS_02458.jpg
TPS_02459,25.051323,121.56513,1,taipei_udd_Image_2025,21,4,1756742,897754,0,ok,taipei_z21/images/TPS_02459.jpg
TPS_02460,25.048145,121.565626,1,taipei_udd_Image_2025,21,4,1756745,897775,0,ok,taipei_z21/images/TPS_02460.jpg
TPS_02462,25.045885,121.566876,1,taipei_udd_Image_2025,21,4,1756752,897789,0,ok,taipei_z21/images/TPS_02462.jpg
TPS_02461,25.048061,121.565979,1,taipei_udd_Image_2025,21,4,1756747,897775,0,ok,taipei_z21/images/TPS_02461.jpg
TPS_02464,25.048946,121.56879,1,taipei_udd_Image_2025,21,4,1756764,897770,0,ok,taipei_z21/images/TPS_02464.jpg
TPS_02465,25.049647,121.569379,1,taipei_udd_Image_2025,21,4,1756767,897765,0,ok,taipei_z21/images/TPS_02465.jpg
TPS_02466,25.048922,121.569264,1,taipei_udd_Image_2025,21,4,1756766,897770,0,ok,taipei_z21/images/TPS_02466.jpg
TPS_02463,25.045369,121.567104,1,taipei_udd_Image_2025,21,4,1756754,897793,0,ok,taipei_z21/images/TPS_02463.jpg
TPS_02467,25.057213,121.56944,1,taipei_udd_Image_2025,21,4,1756767,897717,0,ok,taipei_z21/images/TPS_02467.jpg
TPS_02468,25.059127,121.569108,1,taipei_udd_Image_2025,21,4,1756765,897704,0,ok,taipei_z21/images/TPS_02468.jpg
TPS_02470,25.060331,121.568771,1,taipei_udd_Image_2025,21,4,1756763,897697,0,ok,taipei_z21/images/TPS_02470.jpg
TPS_02469,25.060053,121.568943,1,taipei_udd_Image_2025,21,4,1756764,897698,0,ok,taipei_z21/images/TPS_02469.jpg
TPS_02471,25.063797,121.56815,1,taipei_udd_Image_2025,21,4,1756760,897674,0,ok,taipei_z21/images/TPS_02471.jpg
TPS_02472,25.051363,121.56354,1,taipei_udd_Image_2025,21,4,1756733,897754,0,ok,taipei_z21/images/TPS_02472.jpg
TPS_02474,25.051582,121.559401,1,taipei_udd_Image_2025,21,4,1756709,897753,0,ok,taipei_z21/images/TPS_02474.jpg
TPS_02473,25.051445,121.559023,1,taipei_udd_Image_2025,21,4,1756707,897754,0,ok,taipei_z21/images/TPS_02473.jpg
TPS_02475,25.048402,121.557769,1,taipei_udd_Image_2025,21,4,1756699,897773,0,ok,taipei_z21/images/TPS_02475.jpg
TPS_02476,25.048161,121.557536,1,taipei_udd_Image_2025,21,4,1756698,897775,0,ok,taipei_z21/images/TPS_02476.jpg
TPS_02477,25.070099,121.573416,1,taipei_udd_Image_2025,21,4,1756790,897634,0,ok,taipei_z21/images/TPS_02477.jpg
TPS_02479,25.035531,121.548568,1,taipei_udd_Image_2025,21,4,1756646,897856,0,ok,taipei_z21/images/TPS_02479.jpg
TPS_02478,25.035843,121.56697,1,taipei_udd_Image_2025,21,4,1756753,897854,0,ok,taipei_z21/images/TPS_02478.jpg
TPS_02480,25.072538,121.544229,1,taipei_udd_Image_2025,21,4,1756620,897618,0,ok,taipei_z21/images/TPS_02480.jpg
TPS_02481,25.072202,121.543978,1,taipei_udd_Image_2025,21,4,1756619,897620,0,ok,taipei_z21/images/TPS_02481.jpg
TPS_02482,25.066593,121.567874,1,taipei_udd_Image_2025,21,4,1756758,897656,0,ok,taipei_z21/images/TPS_02482.jpg
TPS_02483,25.066173,121.567955,1,taipei_udd_Image_2025,21,4,1756759,897659,0,ok,taipei_z21/images/TPS_02483.jpg
TPS_02484,25.066386,121.567529,1,taipei_udd_Image_2025,21,4,1756756,897658,0,ok,taipei_z21/images/TPS_02484.jpg
TPS_02485,25.062413,121.559332,1,taipei_udd_Image_2025,21,4,1756708,897683,0,ok,taipei_z21/images/TPS_02485.jpg
TPS_02487,25.062538,121.560297,1,taipei_udd_Image_2025,21,4,1756714,897682,0,ok,taipei_z21/images/TPS_02487.jpg
TPS_02486,25.062227,121.558971,1,taipei_udd_Image_2025,21,4,1756706,897684,0,ok,taipei_z21/images/TPS_02486.jpg
TPS_02489,25.06351,121.565867,1,taipei_udd_Image_2025,21,4,1756747,897676,0,ok,taipei_z21/images/TPS_02489.jpg
TPS_02488,25.063359,121.56624,1,taipei_udd_Image_2025,21,4,1756749,897677,0,ok,taipei_z21/images/TPS_02488.jpg
TPS_02490,25.063142,121.565728,1,taipei_udd_Image_2025,21,4,1756746,897678,0,ok,taipei_z21/images/TPS_02490.jpg
TPS_02491,25.062984,121.566074,1,taipei_udd_Image_2025,21,4,1756748,897679,0,ok,taipei_z21/images/TPS_02491.jpg
TPS_02494,25.04234,121.533207,1,taipei_udd_Image_2025,21,4,1756556,897812,0,ok,taipei_z21/images/TPS_02494.jpg
TPS_02492,25.049643,121.57001,1,taipei_udd_Image_2025,21,4,1756771,897765,0,ok,taipei_z21/images/TPS_02492.jpg
TPS_02493,25.042353,121.532434,1,taipei_udd_Image_2025,21,4,1756552,897812,0,ok,taipei_z21/images/TPS_02493.jpg
TPS_02497,25.068495,121.533029,1,taipei_udd_Image_2025,21,4,1756555,897644,0,ok,taipei_z21/images/TPS_02497.jpg
TPS_02495,25.067381,121.533371,1,taipei_udd_Image_2025,21,4,1756557,897651,0,ok,taipei_z21/images/TPS_02495.jpg
TPS_02496,25.068294,121.53376,1,taipei_udd_Image_2025,21,4,1756559,897645,0,ok,taipei_z21/images/TPS_02496.jpg
TPS_02498,25.068206,121.53281,1,taipei_udd_Image_2025,21,4,1756554,897646,0,ok,taipei_z21/images/TPS_02498.jpg
TPS_02499,25.062755,121.533156,1,taipei_udd_Image_2025,21,4,1756556,897681,0,ok,taipei_z21/images/TPS_02499.jpg
TPS_02501,25.0582,121.533078,1,taipei_udd_Image_2025,21,4,1756555,897710,0,ok,taipei_z21/images/TPS_02501.jpg
TPS_02500,25.058,121.533502,1,taipei_udd_Image_2025,21,4,1756558,897711,0,ok,taipei_z21/images/TPS_02500.jpg
TPS_02502,25.057942,121.532785,1,taipei_udd_Image_2025,21,4,1756554,897712,0,ok,taipei_z21/images/TPS_02502.jpg
TPS_02503,25.057646,121.533219,1,taipei_udd_Image_2025,21,4,1756556,897714,0,ok,taipei_z21/images/TPS_02503.jpg
TPS_02504,25.05481,121.532731,1,taipei_udd_Image_2025,21,4,1756553,897732,0,ok,taipei_z21/images/TPS_02504.jpg
TPS_02506,25.039895,121.54941,1,taipei_udd_Image_2025,21,4,1756651,897828,0,ok,taipei_z21/images/TPS_02506.jpg
TPS_02505,25.039713,121.549102,1,taipei_udd_Image_2025,21,4,1756649,897829,0,ok,taipei_z21/images/TPS_02505.jpg
TPS_02507,25.041586,121.549342,1,taipei_udd_Image_2025,21,4,1756650,897817,0,ok,taipei_z21/images/TPS_02507.jpg
TPS_02508,25.041472,121.548374,1,taipei_udd_Image_2025,21,4,1756645,897818,0,ok,taipei_z21/images/TPS_02508.jpg
TPS_02509,25.048196,121.549475,1,taipei_udd_Image_2025,21,4,1756651,897775,0,ok,taipei_z21/images/TPS_02509.jpg
TPS_02510,25.024605,121.549164,1,taipei_udd_Image_2025,21,4,1756649,897926,0,ok,taipei_z21/images/TPS_02510.jpg
TPS_02512,25.016634,121.54878,1,taipei_udd_Image_2025,21,4,1756647,897977,0,ok,taipei_z21/images/TPS_02512.jpg
TPS_02511,25.017278,121.54923,1,taipei_udd_Image_2025,21,4,1756650,897973,0,ok,taipei_z21/images/TPS_02511.jpg
TPS_02516,25.020882,121.54339,1,taipei_udd_Image_2025,21,4,1756616,897950,0,ok,taipei_z21/images/TPS_02516.jpg
TPS_02513,25.014695,121.552722,1,taipei_udd_Image_2025,21,4,1756670,897990,0,ok,taipei_z21/images/TPS_02513.jpg
TPS_02514,25.015383,121.551096,1,taipei_udd_Image_2025,21,4,1756660,897986,0,ok,taipei_z21/images/TPS_02514.jpg
TPS_02515,25.015355,121.551622,1,taipei_udd_Image_2025,21,4,1756664,897986,0,ok,taipei_z21/images/TPS_02515.jpg
TPS_02518,25.022155,121.537412,1,taipei_udd_Image_2025,21,4,1756581,897942,0,ok,taipei_z21/images/TPS_02518.jpg
TPS_02517,25.021676,121.5433,1,taipei_udd_Image_2025,21,4,1756615,897945,0,ok,taipei_z21/images/TPS_02517.jpg
TPS_02519,25.06824,121.536748,1,taipei_udd_Image_2025,21,4,1756577,897646,0,ok,taipei_z21/images/TPS_02519.jpg
TPS_02521,25.068452,121.525906,1,taipei_udd_Image_2025,21,4,1756514,897644,0,ok,taipei_z21/images/TPS_02521.jpg
TPS_02520,25.068356,121.525547,1,taipei_udd_Image_2025,21,4,1756512,897645,0,ok,taipei_z21/images/TPS_02520.jpg
TPS_02522,25.071371,121.529933,1,taipei_udd_Image_2025,21,4,1756537,897626,0,ok,taipei_z21/images/TPS_02522.jpg
TPS_02523,25.068651,121.51342,1,taipei_udd_Image_2025,21,4,1756441,897643,0,ok,taipei_z21/images/TPS_02523.jpg
TPS_02524,25.068904,121.513634,1,taipei_udd_Image_2025,21,4,1756442,897641,0,ok,taipei_z21/images/TPS_02524.jpg
TPS_02525,25.068508,121.518095,1,taipei_udd_Image_2025,21,4,1756468,897644,0,ok,taipei_z21/images/TPS_02525.jpg
TPS_02526,25.06878,121.518344,1,taipei_udd_Image_2025,21,4,1756470,897642,0,ok,taipei_z21/images/TPS_02526.jpg
TPS_02527,25.068681,121.511166,1,taipei_udd_Image_2025,21,4,1756428,897643,0,ok,taipei_z21/images/TPS_02527.jpg
TPS_02530,25.043475,121.502915,1,taipei_udd_Image_2025,21,4,1756380,897805,0,ok,taipei_z21/images/TPS_02530.jpg
TPS_02528,25.068891,121.509118,1,taipei_udd_Image_2025,21,4,1756416,897641,0,ok,taipei_z21/images/TPS_02528.jpg
TPS_02529,25.043257,121.502563,1,taipei_udd_Image_2025,21,4,1756378,897806,0,ok,taipei_z21/images/TPS_02529.jpg
TPS_02531,25.045719,121.535736,1,taipei_udd_Image_2025,21,4,1756571,897790,0,ok,taipei_z21/images/TPS_02531.jpg
TPS_02532,25.046148,121.537086,1,taipei_udd_Image_2025,21,4,1756579,897788,0,ok,taipei_z21/images/TPS_02532.jpg
TPS_02534,25.046309,121.536418,1,taipei_udd_Image_2025,21,4,1756575,897787,0,ok,taipei_z21/images/TPS_02534.jpg
TPS_02536,25.047763,121.543869,1,taipei_udd_Image_2025,21,4,1756618,897777,0,ok,taipei_z21/images/TPS_02536.jpg
TPS_02533,25.04585,121.536913,1,taipei_udd_Image_2025,21,4,1756578,897790,0,ok,taipei_z21/images/TPS_02533.jpg
TPS_02535,25.04748,121.543556,1,taipei_udd_Image_2025,21,4,1756617,897779,0,ok,taipei_z21/images/TPS_02535.jpg
TPS_02537,25.047317,121.543998,1,taipei_udd_Image_2025,21,4,1756619,897780,0,ok,taipei_z21/images/TPS_02537.jpg
TPS_02538,25.047662,121.544263,1,taipei_udd_Image_2025,21,4,1756621,897778,0,ok,taipei_z21/images/TPS_02538.jpg
TPS_02539,25.048206,121.54838,1,taipei_udd_Image_2025,21,4,1756645,897774,0,ok,taipei_z21/images/TPS_02539.jpg
TPS_02542,25.048524,121.561217,1,taipei_udd_Image_2025,21,4,1756719,897772,0,ok,taipei_z21/images/TPS_02542.jpg
TPS_02540,25.048087,121.554875,1,taipei_udd_Image_2025,21,4,1756682,897775,0,ok,taipei_z21/images/TPS_02540.jpg
TPS_02541,25.048048,121.555231,1,taipei_udd_Image_2025,21,4,1756685,897775,0,ok,taipei_z21/images/TPS_02541.jpg
TPS_02543,25.04871,121.563023,1,taipei_udd_Image_2025,21,4,1756730,897771,0,ok,taipei_z21/images/TPS_02543.jpg
TPS_02545,25.048828,121.564259,1,taipei_udd_Image_2025,21,4,1756737,897770,0,ok,taipei_z21/images/TPS_02545.jpg
TPS_02544,25.048448,121.562813,1,taipei_udd_Image_2025,21,4,1756729,897773,0,ok,taipei_z21/images/TPS_02544.jpg
TPS_02547,25.053185,121.574763,1,taipei_udd_Image_2025,21,4,1756798,897742,0,ok,taipei_z21/images/TPS_02547.jpg
TPS_02546,25.060765,121.587448,1,taipei_udd_Image_2025,21,4,1756872,897694,0,ok,taipei_z21/images/TPS_02546.jpg
TPS_02548,25.043755,121.530359,1,taipei_udd_Image_2025,21,4,1756540,897803,0,ok,taipei_z21/images/TPS_02548.jpg
TPS_02550,25.044802,121.548435,1,taipei_udd_Image_2025,21,4,1756645,897796,0,ok,taipei_z21/images/TPS_02550.jpg
TPS_02549,25.0658,121.617839,1,taipei_udd_Image_2025,21,4,1757049,897661,0,ok,taipei_z21/images/TPS_02549.jpg
TPS_02551,25.044912,121.54934,1,taipei_udd_Image_2025,21,4,1756650,897796,0,ok,taipei_z21/images/TPS_02551.jpg
TPS_02554,25.045435,121.560081,1,taipei_udd_Image_2025,21,4,1756713,897792,0,ok,taipei_z21/images/TPS_02554.jpg
TPS_02553,25.0451,121.560691,1,taipei_udd_Image_2025,21,4,1756716,897794,0,ok,taipei_z21/images/TPS_02553.jpg
TPS_02552,25.04474,121.539595,1,taipei_udd_Image_2025,21,4,1756593,897797,0,ok,taipei_z21/images/TPS_02552.jpg
TPS_02555,25.070949,121.523458,1,taipei_udd_Image_2025,21,4,1756499,897628,0,ok,taipei_z21/images/TPS_02555.jpg
