{"type":"FeatureCollection","features":[{"type":"Feature","geometry":{"type":"Point","coordinates":[121.56734,25.04863]},"properties":{"hotspot_id":"臺北市-51882","hotspot_type":"road_segment","county":"臺北市","township":"信義區市","road_or_intersection":"民大道5段","accident_count":12,"motorcycle_accident_count":12,"pedestrian_accident_count":1,"death_count":0,"injury_count":18,"fatal_accident_count":0,"risk_score":86.5,"risk_level":"extreme","confidence":"probable","motorcycle_accident_ratio":1.0,"pedestrian_accident_ratio":0.0833}},{"type":"Feature","geometry":{"type":"Point","coordinates":[121.52115,25.10395]},"properties":{"hotspot_id":"臺北市-51422","hotspot_type":"road_segment","county":"臺北市","township":"士林區","road_or_intersection":"德行西路","accident_count":25,"motorcycle_accident_count":24,"pedestrian_accident_count":3,"death_count":0,"injury_count":38,"fatal_accident_count":0,"risk_score":84.2,"risk_level":"extreme","confidence":"probable","motorcycle_accident_ratio":0.96,"pedestrian_accident_ratio":0.12}},{"type":"Feature","geometry":{"type":"Point","coordinates":[121.56369,25.02724]},"properties":{"hotspot_id":"臺北市-51660","hotspot_type":"road_segment","county":"臺北市","township":"信義區","road_or_intersection":"吳興街","accident_count":11,"motorcycle_accident_count":11,"pedestrian_accident_count":1,"death_count":0,"injury_count":14,"fatal_accident_count":0,"risk_score":84.1,"risk_level":"extreme","confidence":"probable","motorcycle_accident_ratio":1.0,"pedestrian_accident_ratio":0.0909}},{"type":"Feature","geometry":{"type":"Point","coordinates":[121.51037,25.06304]},"properties":{"hotspot_id":"臺北市-51760","hotspot_type":"road_segment","county":"臺北市","township":"大同區","road_or_intersection":"台北橋機慢車道","accident_count":22,"motorcycle_accident_count":22,"pedestrian_accident_count":0,"death_count":0,"injury_count":32,"fatal_accident_count":0,"risk_score":83.7,"risk_level":"extreme","confidence":"probable","motorcycle_accident_ratio":1.0,"pedestrian_accident_ratio":0.0}},{"type":"Feature","geometry":{"type":"Point","coordinates":[121.51686,25.02348]},"properties":{"hotspot_id":"臺北市-51590","hotspot_type":"road_segment","county":"臺北市","township":"中正區","road_or_intersection":"中正橋前0.0公尺","accident_count":35,"motorcycle_accident_count":32,"pedestrian_accident_count":1,"death_count":0,"injury_count":51,"fatal_accident_count":0,"risk_score":83.3,"risk_level":"extreme","confidence":"probable","motorcycle_accident_ratio":0.9143,"pedestrian_accident_ratio":0.0286}},{"type":"Feature","geometry":{"type":"Point","coordinates":[121.51264,25.05701]},"properties":{"hotspot_id":"臺北市-51715","hotspot_type":"road_segment","county":"臺北市","township":"大同區","road_or_intersection":"民生西路","accident_count":28,"motorcycle_accident_count":25,"pedestrian_accident_count":3,"death_count":0,"injury_count":38,"fatal_accident_count":0,"risk_score":83.2,"risk_level":"extreme","confidence":"low_confidence","motorcycle_accident_ratio":0.8929,"pedestrian_accident_ratio":0.1071}},{"type":"Feature","geometry":{"type":"Point","coordinates":[121.54407,25.09693]},"properties":{"hotspot_id":"臺北市-51362","hotspot_type":"road_segment","county":"臺北市","township":"士林區","road_or_intersection":"至善路2段","accident_count":23,"motorcycle_accident_count":21,"pedestrian_accident_count":1,"death_count":0,"injury_count":32,"fatal_accident_count":0,"risk_score":82.7,"risk_level":"extreme","confidence":"low_confidence","motorcycle_accident_ratio":0.913,"pedestrian_accident_ratio":0.0435}},{"type":"Feature","geometry":{"type":"Point","coordinates":[121.52101,25.05007]},"properties":{"hotspot_id":"臺北市-51756","hotspot_type":"road_segment","county":"臺北市","township":"中山區","road_or_intersection":"長安西路","accident_count":30,"motorcycle_accident_count":26,"pedestrian_accident_count":2,"death_count":0,"injury_count":38,"fatal_accident_count":0,"risk_score":82.3,"risk_level":"extreme","confidence":"probable","motorcycle_accident_ratio":0.8667,"pedestrian_accident_ratio":0.0667}},{"type":"Feature","geometry":{"type":"Point","coordinates":[121.57323,25.08055]},"properties":{"hotspot_id":"臺北市-51452","hotspot_type":"road_segment","county":"臺北市","township":"內湖區","road_or_intersection":"內湖路1段","accident_count":10,"motorcycle_accident_count":10,"pedestrian_accident_count":1,"death_count":0,"injury_count":11,"fatal_accident_count":0,"risk_score":81.1,"risk_level":"extreme","confidence":"probable","motorcycle_accident_ratio":1.0,"pedestrian_accident_ratio":0.1}},{"type":"Feature","geometry":{"type":"Point","coordinates":[121.51044,25.11139]},"properties":{"hotspot_id":"臺北市-51426","hotspot_type":"road_segment","county":"臺北市","township":"北投區","road_or_intersection":"承德路7段","accident_count":13,"motorcycle_accident_count":13,"pedestrian_accident_count":0,"death_count":0,"injury_count":21,"fatal_accident_count":0,"risk_score":81.0,"risk_level":"extreme","confidence":"probable","motorcycle_accident_ratio":1.0,"pedestrian_accident_ratio":0.0}},{"type":"Feature","geometry":{"type":"Point","coordinates":[121.5859,25.04826]},"properties":{"hotspot_id":"臺北市-51667","hotspot_type":"road_segment","county":"臺北市","township":"南港區","road_or_intersection":"忠孝東路6段","accident_count":17,"motorcycle_accident_count":15,"pedestrian_accident_count":1,"death_count":0,"injury_count":22,"fatal_accident_count":0,"risk_score":80.6,"risk_level":"extreme","confidence":"probable","motorcycle_accident_ratio":0.8824,"pedestrian_accident_ratio":0.0588}},{"type":"Feature","geometry":{"type":"Point","coordinates":[121.54716,25.04508]},"properties":{"hotspot_id":"臺北市-51822","hotspot_type":"road_segment","county":"臺北市","township":"松山區市","road_or_intersection":"民大道4段","accident_count":14,"motorcycle_accident_count":14,"pedestrian_accident_count":0,"death_count":0,"injury_count":18,"fatal_accident_count":0,"risk_score":80.4,"risk_level":"extreme","confidence":"probable","motorcycle_accident_ratio":1.0,"pedestrian_accident_ratio":0.0}},{"type":"Feature","geometry":{"type":"Point","coordinates":[121.50806,25.12047]},"properties":{"hotspot_id":"臺北市-51411","hotspot_type":"road_segment","county":"臺北市","township":"北投區","road_or_intersection":"東華街2段","accident_count":16,"motorcycle_accident_count":15,"pedestrian_accident_count":1,"death_count":0,"injury_count":18,"fatal_accident_count":0,"risk_score":80.3,"risk_level":"extreme","confidence":"probable","motorcycle_accident_ratio":0.9375,"pedestrian_accident_ratio":0.0625}},{"type":"Feature","geometry":{"type":"Point","coordinates":[121.5719,24.99548]},"properties":{"hotspot_id":"臺北市-51420","hotspot_type":"road_segment","county":"臺北市","township":"文山區","road_or_intersection":"木柵路4段","accident_count":18,"motorcycle_accident_count":15,"pedestrian_accident_count":2,"death_count":0,"injury_count":21,"fatal_accident_count":0,"risk_score":80.0,"risk_level":"extreme","confidence":"low_confidence","motorcycle_accident_ratio":0.8333,"pedestrian_accident_ratio":0.1111}},{"type":"Feature","geometry":{"type":"Point","coordinates":[121.52777,25.04386]},"properties":{"hotspot_id":"臺北市-51777","hotspot_type":"road_segment","county":"臺北市","township":"中正區","road_or_intersection":"忠孝東路2段","accident_count":15,"motorcycle_accident_count":13,"pedestrian_accident_count":2,"death_count":0,"injury_count":19,"fatal_accident_count":0,"risk_score":79.9,"risk_level":"extreme","confidence":"probable","motorcycle_accident_ratio":0.8667,"pedestrian_accident_ratio":0.1333}},{"type":"Feature","geometry":{"type":"Point","coordinates":[121.56398,24.98261]},"properties":{"hotspot_id":"臺北市-51396","hotspot_type":"road_segment","county":"臺北市","township":"文山區","road_or_intersection":"木新路3段","accident_count":18,"motorcycle_accident_count":13,"pedestrian_accident_count":4,"death_count":0,"injury_count":24,"fatal_accident_count":0,"risk_score":79.9,"risk_level":"extreme","confidence":"probable","motorcycle_accident_ratio":0.7222,"pedestrian_accident_ratio":0.2222}},{"type":"Feature","geometry":{"type":"Point","coordinates":[121.53911,25.00519]},"properties":{"hotspot_id":"臺北市-51380","hotspot_type":"road_segment","county":"臺北市","township":"文山區","road_or_intersection":"羅斯福路5段","accident_count":13,"motorcycle_accident_count":12,"pedestrian_accident_count":1,"death_count":0,"injury_count":19,"fatal_accident_count":0,"risk_score":79.9,"risk_level":"extreme","confidence":"probable","motorcycle_accident_ratio":0.9231,"pedestrian_accident_ratio":0.0769}},{"type":"Feature","geometry":{"type":"Point","coordinates":[121.55175,25.02372]},"properties":{"hotspot_id":"臺北市-51824","hotspot_type":"road_segment","county":"臺北市","township":"大安區","road_or_intersection":"基隆路2段","accident_count":17,"motorcycle_accident_count":13,"pedestrian_accident_count":2,"death_count":0,"injury_count":27,"fatal_accident_count":0,"risk_score":79.8,"risk_level":"extreme","confidence":"probable","motorcycle_accident_ratio":0.7647,"pedestrian_accident_ratio":0.1176}},{"type":"Feature","geometry":{"type":"Point","coordinates":[121.51796,25.06869]},"properties":{"hotspot_id":"臺北市-51695","hotspot_type":"road_segment","county":"臺北市","township":"大同區","road_or_intersection":"民族西路","accident_count":15,"motorcycle_accident_count":13,"pedestrian_accident_count":1,"death_count":0,"injury_count":21,"fatal_accident_count":0,"risk_score":79.8,"risk_level":"extreme","confidence":"probable","motorcycle_accident_ratio":0.8667,"pedestrian_accident_ratio":0.0667}},{"type":"Feature","geometry":{"type":"Point","coordinates":[121.52885,25.07775]},"properties":{"hotspot_id":"臺北市-51537","hotspot_type":"road_segment","county":"臺北市","township":"中山區","road_or_intersection":"北安路","accident_count":13,"motorcycle_accident_count":13,"pedestrian_accident_count":0,"death_count":0,"injury_count":17,"fatal_accident_count":0,"risk_score":79.7,"risk_level":"extreme","confidence":"probable","motorcycle_accident_ratio":1.0,"pedestrian_accident_ratio":0.0}},{"type":"Feature","geometry":{"type":"Point","coordinates":[121.51353,25.08918]},"properties":{"hotspot_id":"臺北市-51485","hotspot_type":"road_segment","county":"臺北市","township":"士林區","road_or_intersection":"百齡橋前0.0公尺","accident_count":22,"motorcycle_accident_count":15,"pedestrian_accident_count":1,"death_count":0,"injury_count":35,"fatal_accident_count":0,"risk_score":79.5,"risk_level":"extreme","confidence":"probable","motorcycle_accident_ratio":0.6818,"pedestrian_accident_ratio":0.0455}},{"type":"Feature","geometry":{"type":"Point","coordinates":[121.52495,25.06265]},"properties":{"hotspot_id":"臺北市-51812","hotspot_type":"road_segment","county":"臺北市","township":"中山區","road_or_intersection":"民權東路1段","accident_count":20,"motorcycle_accident_count":16,"pedestrian_accident_count":1,"death_count":0,"injury_count":23,"fatal_accident_count":0,"risk_score":79.4,"risk_level":"extreme","confidence":"probable","motorcycle_accident_ratio":0.8,"pedestrian_accident_ratio":0.05}},{"type":"Feature","geometry":{"type":"Point","coordinates":[121.50679,25.06354]},"properties":{"hotspot_id":"臺北市-51744","hotspot_type":"road_segment","county":"臺北市","township":"大同區","road_or_intersection":"台北橋機慢車道","accident_count":10,"motorcycle_accident_count":10,"pedestrian_accident_count":0,"death_count":0,"injury_count":20,"fatal_accident_count":0,"risk_score":79.4,"risk_level":"extreme","confidence":"probable","motorcycle_accident_ratio":1.0,"pedestrian_accident_ratio":0.0}},{"type":"Feature","geometry":{"type":"Point","coordinates":[121.51632,25.06285]},"properties":{"hotspot_id":"臺北市-51728","hotspot_type":"road_segment","county":"臺北市","township":"大同區","road_or_intersection":"民權西路","accident_count":20,"motorcycle_accident_count":15,"pedestrian_accident_count":1,"death_count":0,"injury_count":27,"fatal_accident_count":0,"risk_score":79.3,"risk_level":"extreme","confidence":"probable","motorcycle_accident_ratio":0.75,"pedestrian_accident_ratio":0.05}},{"type":"Feature","geometry":{"type":"Point","coordinates":[121.53749,25.0368]},"properties":{"hotspot_id":"臺北市-51641","hotspot_type":"road_segment","county":"臺北市","township":"大安區","road_or_intersection":"建國南路1段","accident_count":15,"motorcycle_accident_count":13,"pedestrian_accident_count":1,"death_count":0,"injury_count":19,"fatal_accident_count":0,"risk_score":79.2,"risk_level":"extreme","confidence":"probable","motorcycle_accident_ratio":0.8667,"pedestrian_accident_ratio":0.0667}},{"type":"Feature","geometry":{"type":"Point","coordinates":[121.51722,25.07228]},"properties":{"hotspot_id":"臺北市-51649","hotspot_type":"road_segment","county":"臺北市","township":"大同區","road_or_intersection":"酒泉街","accident_count":13,"motorcycle_accident_count":11,"pedestrian_accident_count":2,"death_count":0,"injury_count":19,"fatal_accident_count":0,"risk_score":79.1,"risk_level":"high","confidence":"probable","motorcycle_accident_ratio":0.8462,"pedestrian_accident_ratio":0.1538}},{"type":"Feature","geometry":{"type":"Point","coordinates":[121.54761,25.02493]},"properties":{"hotspot_id":"臺北市-51766","hotspot_type":"road_segment","county":"臺北市","township":"大安區","road_or_intersection":"和平東路3段","accident_count":17,"motorcycle_accident_count":13,"pedestrian_accident_count":2,"death_count":0,"injury_count":22,"fatal_accident_count":0,"risk_score":79.1,"risk_level":"high","confidence":"probable","motorcycle_accident_ratio":0.7647,"pedestrian_accident_ratio":0.1176}},{"type":"Feature","geometry":{"type":"Point","coordinates":[121.56237,25.08656]},"properties":{"hotspot_id":"臺北市-51443","hotspot_type":"road_segment","county":"臺北市","township":"內湖區","road_or_intersection":"文湖街","accident_count":7,"motorcycle_accident_count":7,"pedestrian_accident_count":1,"death_count":0,"injury_count":11,"fatal_accident_count":0,"risk_score":79.0,"risk_level":"high","confidence":"probable","motorcycle_accident_ratio":1.0,"pedestrian_accident_ratio":0.1429}},{"type":"Feature","geometry":{"type":"Point","coordinates":[121.53399,25.05199]},"properties":{"hotspot_id":"臺北市-51804","hotspot_type":"road_segment","county":"臺北市","township":"中山區","road_or_intersection":"南京東路2段","accident_count":11,"motorcycle_accident_count":11,"pedestrian_accident_count":0,"death_count":0,"injury_count":17,"fatal_accident_count":0,"risk_score":78.9,"risk_level":"high","confidence":"probable","motorcycle_accident_ratio":1.0,"pedestrian_accident_ratio":0.0}},{"type":"Feature","geometry":{"type":"Point","coordinates":[121.54387,25.04333]},"properties":{"hotspot_id":"臺北市-51813","hotspot_type":"road_segment","county":"臺北市","township":"大安區","road_or_intersection":"復興南路1段","accident_count":8,"motorcycle_accident_count":8,"pedestrian_accident_count":1,"death_count":0,"injury_count":10,"fatal_accident_count":0,"risk_score":78.7,"risk_level":"high","confidence":"probable","motorcycle_accident_ratio":1.0,"pedestrian_accident_ratio":0.125}},{"type":"Feature","geometry":{"type":"Point","coordinates":[121.50666,25.04545]},"properties":{"hotspot_id":"臺北市-51741","hotspot_type":"road_segment","county":"臺北市","township":"萬華區","road_or_intersection":"西寧南路","accident_count":8,"motorcycle_accident_count":8,"pedestrian_accident_count":1,"death_count":0,"injury_count":10,"fatal_accident_count":0,"risk_score":78.7,"risk_level":"high","confidence":"probable","motorcycle_accident_ratio":1.0,"pedestrian_accident_ratio":0.125}},{"type":"Feature","geometry":{"type":"Point","coordinates":[121.52227,25.06465]},"properties":{"hotspot_id":"臺北市-51808","hotspot_type":"road_segment","county":"臺北市","township":"中山區","road_or_intersection":"中山北路3段","accident_count":8,"motorcycle_accident_count":8,"pedestrian_accident_count":1,"death_count":0,"injury_count":10,"fatal_accident_count":0,"risk_score":78.7,"risk_level":"high","confidence":"probable","motorcycle_accident_ratio":1.0,"pedestrian_accident_ratio":0.125}},{"type":"Feature","geometry":{"type":"Point","coordinates":[121.53257,25.07814]},"properties":{"hotspot_id":"臺北市-51538","hotspot_type":"road_segment","county":"臺北市","township":"中山區","road_or_intersection":"北安路","accident_count":12,"motorcycle_accident_count":12,"pedestrian_accident_count":0,"death_count":0,"injury_count":15,"fatal_accident_count":0,"risk_score":78.4,"risk_level":"high","confidence":"probable","motorcycle_accident_ratio":1.0,"pedestrian_accident_ratio":0.0}},{"type":"Feature","geometry":{"type":"Point","coordinates":[121.55755,25.00846]},"properties":{"hotspot_id":"臺北市-51348","hotspot_type":"road_segment","county":"臺北市","township":"文山區","road_or_intersection":"辛亥隧道","accident_count":12,"motorcycle_accident_count":11,"pedestrian_accident_count":1,"death_count":0,"injury_count":16,"fatal_accident_count":0,"risk_score":78.2,"risk_level":"high","confidence":"low_confidence","motorcycle_accident_ratio":0.9167,"pedestrian_accident_ratio":0.0833}},{"type":"Feature","geometry":{"type":"Point","coordinates":[121.56339,25.06285]},"properties":{"hotspot_id":"臺北市-51623","hotspot_type":"road_segment","county":"臺北市","township":"松山區","road_or_intersection":"民權東路5段","accident_count":12,"motorcycle_accident_count":11,"pedestrian_accident_count":1,"death_count":0,"injury_count":16,"fatal_accident_count":0,"risk_score":78.2,"risk_level":"high","confidence":"probable","motorcycle_accident_ratio":0.9167,"pedestrian_accident_ratio":0.0833}},{"type":"Feature","geometry":{"type":"Point","coordinates":[121.52513,25.07759]},"properties":{"hotspot_id":"臺北市-51534","hotspot_type":"road_segment","county":"臺北市","township":"士林區","road_or_intersection":"中山北路4段","accident_count":11,"motorcycle_accident_count":11,"pedestrian_accident_count":0,"death_count":0,"injury_count":15,"fatal_accident_count":0,"risk_score":77.9,"risk_level":"high","confidence":"low_confidence","motorcycle_accident_ratio":1.0,"pedestrian_accident_ratio":0.0}},{"type":"Feature","geometry":{"type":"Point","coordinates":[121.50451,25.02001]},"properties":{"hotspot_id":"臺北市-51526","hotspot_type":"road_segment","county":"臺北市","township":"萬華區","road_or_intersection":"水源路","accident_count":15,"motorcycle_accident_count":8,"pedestrian_accident_count":3,"death_count":0,"injury_count":21,"fatal_accident_count":0,"risk_score":77.8,"risk_level":"high","confidence":"probable","motorcycle_accident_ratio":0.5333,"pedestrian_accident_ratio":0.2}},{"type":"Feature","geometry":{"type":"Point","coordinates":[121.58596,25.04602]},"properties":{"hotspot_id":"臺北市-51666","hotspot_type":"road_segment","county":"臺北市","township":"南港區","road_or_intersection":"同德路","accident_count":15,"motorcycle_accident_count":11,"pedestrian_accident_count":5,"death_count":0,"injury_count":17,"fatal_accident_count":0,"risk_score":77.8,"risk_level":"high","confidence":"low_confidence","motorcycle_accident_ratio":0.7333,"pedestrian_accident_ratio":0.3333}},{"type":"Feature","geometry":{"type":"Point","coordinates":[121.4932,25.12148]},"properties":{"hotspot_id":"臺北市-51408","hotspot_type":"road_segment","county":"臺北市","township":"北投區","road_or_intersection":"大度路","accident_count":8,"motorcycle_accident_count":8,"pedestrian_accident_count":0,"death_count":0,"injury_count":19,"fatal_accident_count":0,"risk_score":77.6,"risk_level":"high","confidence":"probable","motorcycle_accident_ratio":1.0,"pedestrian_accident_ratio":0.0}},{"type":"Feature","geometry":{"type":"Point","coordinates":[121.52896,25.06266]},"properties":{"hotspot_id":"臺北市-51817","hotspot_type":"road_segment","county":"臺北市","township":"中山區","road_or_intersection":"民權東路2段","accident_count":10,"motorcycle_accident_count":9,"pedestrian_accident_count":2,"death_count":0,"injury_count":15,"fatal_accident_count":0,"risk_score":77.4,"risk_level":"high","confidence":"probable","motorcycle_accident_ratio":0.9,"pedestrian_accident_ratio":0.2}},{"type":"Feature","geometry":{"type":"Point","coordinates":[121.58495,25.05676]},"properties":{"hotspot_id":"臺北市-51640","hotspot_type":"road_segment","county":"臺北市","township":"內湖區","road_or_intersection":"新明路","accident_count":11,"motorcycle_accident_count":11,"pedestrian_accident_count":0,"death_count":0,"injury_count":14,"fatal_accident_count":0,"risk_score":77.3,"risk_level":"high","confidence":"low_confidence","motorcycle_accident_ratio":1.0,"pedestrian_accident_ratio":0.0}},{"type":"Feature","geometry":{"type":"Point","coordinates":[121.49968,25.13514]},"properties":{"hotspot_id":"臺北市-51428","hotspot_type":"road_segment","county":"臺北市","township":"北投區","road_or_intersection":"育仁路","accident_count":6,"motorcycle_accident_count":6,"pedestrian_accident_count":2,"death_count":0,"injury_count":10,"fatal_accident_count":0,"risk_score":77.3,"risk_level":"high","confidence":"probable","motorcycle_accident_ratio":1.0,"pedestrian_accident_ratio":0.3333}},{"type":"Feature","geometry":{"type":"Point","coordinates":[121.49871,25.04114]},"properties":{"hotspot_id":"臺北市-51699","hotspot_type":"road_segment","county":"臺北市","township":"萬華區","road_or_intersection":"堤外便道","accident_count":9,"motorcycle_accident_count":9,"pedestrian_accident_count":0,"death_count":0,"injury_count":16,"fatal_accident_count":0,"risk_score":77.2,"risk_level":"high","confidence":"probable","motorcycle_accident_ratio":1.0,"pedestrian_accident_ratio":0.0}},{"type":"Feature","geometry":{"type":"Point","coordinates":[121.52847,25.0243]},"properties":{"hotspot_id":"臺北市-51579","hotspot_type":"road_segment","county":"臺北市","township":"大安區","road_or_intersection":"師大路","accident_count":14,"motorcycle_accident_count":10,"pedestrian_accident_count":5,"death_count":0,"injury_count":16,"fatal_accident_count":0,"risk_score":77.1,"risk_level":"high","confidence":"probable","motorcycle_accident_ratio":0.7143,"pedestrian_accident_ratio":0.3571}},{"type":"Feature","geometry":{"type":"Point","coordinates":[121.51337,25.06288]},"properties":{"hotspot_id":"臺北市-51733","hotspot_type":"road_segment","county":"臺北市","township":"大同區","road_or_intersection":"民權西路","accident_count":10,"motorcycle_accident_count":9,"pedestrian_accident_count":1,"death_count":0,"injury_count":16,"fatal_accident_count":0,"risk_score":77.1,"risk_level":"high","confidence":"probable","motorcycle_accident_ratio":0.9,"pedestrian_accident_ratio":0.1}},{"type":"Feature","geometry":{"type":"Point","coordinates":[121.53785,25.02966]},"properties":{"hotspot_id":"臺北市-51571","hotspot_type":"road_segment","county":"臺北市","township":"大安區","road_or_intersection":"建國南路2段","accident_count":14,"motorcycle_accident_count":9,"pedestrian_accident_count":2,"death_count":0,"injury_count":19,"fatal_accident_count":0,"risk_score":76.9,"risk_level":"high","confidence":"probable","motorcycle_accident_ratio":0.6429,"pedestrian_accident_ratio":0.1429}},{"type":"Feature","geometry":{"type":"Point","coordinates":[121.49725,25.01923]},"properties":{"hotspot_id":"臺北市-51540","hotspot_type":"road_segment","county":"臺北市","township":"萬華區","road_or_intersection":"萬大路","accident_count":12,"motorcycle_accident_count":10,"pedestrian_accident_count":2,"death_count":0,"injury_count":15,"fatal_accident_count":0,"risk_score":76.8,"risk_level":"high","confidence":"probable","motorcycle_accident_ratio":0.8333,"pedestrian_accident_ratio":0.1667}},{"type":"Feature","geometry":{"type":"Point","coordinates":[121.52294,25.0588]},"properties":{"hotspot_id":"臺北市-51802","hotspot_type":"road_segment","county":"臺北市","township":"中山區","road_or_intersection":"中山北路2段","accident_count":15,"motorcycle_accident_count":11,"pedestrian_accident_count":1,"death_count":0,"injury_count":18,"fatal_accident_count":0,"risk_score":76.7,"risk_level":"high","confidence":"probable","motorcycle_accident_ratio":0.7333,"pedestrian_accident_ratio":0.0667}},{"type":"Feature","geometry":{"type":"Point","coordinates":[121.51809,25.06527]},"properties":{"hotspot_id":"臺北市-51717","hotspot_type":"road_segment","county":"臺北市","township":"大同區","road_or_intersection":"承德路3段","accident_count":10,"motorcycle_accident_count":10,"pedestrian_accident_count":0,"death_count":0,"injury_count":14,"fatal_accident_count":0,"risk_score":76.7,"risk_level":"high","confidence":"probable","motorcycle_accident_ratio":1.0,"pedestrian_accident_ratio":0.0}},{"type":"Feature","geometry":{"type":"Point","coordinates":[121.52039,25.02668]},"properties":{"hotspot_id":"臺北市-51599","hotspot_type":"road_segment","county":"臺北市","township":"中正區","road_or_intersection":"和平西路1段","accident_count":10,"motorcycle_accident_count":10,"pedestrian_accident_count":0,"death_count":0,"injury_count":14,"fatal_accident_count":0,"risk_score":76.7,"risk_level":"high","confidence":"probable","motorcycle_accident_ratio":1.0,"pedestrian_accident_ratio":0.0}},{"type":"Feature","geometry":{"type":"Point","coordinates":[121.49421,25.02784]},"properties":{"hotspot_id":"臺北市-51520","hotspot_type":"road_segment","county":"臺北市","township":"萬華區","road_or_intersection":"西園路2段","accident_count":12,"motorcycle_accident_count":10,"pedestrian_accident_count":1,"death_count":0,"injury_count":16,"fatal_accident_count":0,"risk_score":76.6,"risk_level":"high","confidence":"low_confidence","motorcycle_accident_ratio":0.8333,"pedestrian_accident_ratio":0.0833}},{"type":"Feature","geometry":{"type":"Point","coordinates":[121.52083,25.04136]},"properties":{"hotspot_id":"臺北市-51650","hotspot_type":"road_segment","county":"臺北市","township":"中正區","road_or_intersection":"徐州路","accident_count":11,"motorcycle_accident_count":10,"pedestrian_accident_count":2,"death_count":0,"injury_count":13,"fatal_accident_count":0,"risk_score":76.6,"risk_level":"high","confidence":"probable","motorcycle_accident_ratio":0.9091,"pedestrian_accident_ratio":0.1818}},{"type":"Feature","geometry":{"type":"Point","coordinates":[121.57745,25.08085]},"properties":{"hotspot_id":"臺北市-51456","hotspot_type":"road_segment","county":"臺北市","township":"內湖區","road_or_intersection":"內湖路1段","accident_count":10,"motorcycle_accident_count":9,"pedestrian_accident_count":6,"death_count":0,"injury_count":12,"fatal_accident_count":0,"risk_score":75.9,"risk_level":"high","confidence":"probable","motorcycle_accident_ratio":0.9,"pedestrian_accident_ratio":0.6}},{"type":"Feature","geometry":{"type":"Point","coordinates":[121.52272,25.04364]},"properties":{"hotspot_id":"臺北市-51747","hotspot_type":"road_segment","county":"臺北市","township":"中正區","road_or_intersection":"青島東路","accident_count":10,"motorcycle_accident_count":9,"pedestrian_accident_count":1,"death_count":0,"injury_count":14,"fatal_accident_count":0,"risk_score":75.9,"risk_level":"high","confidence":"probable","motorcycle_accident_ratio":0.9,"pedestrian_accident_ratio":0.1}},{"type":"Feature","geometry":{"type":"Point","coordinates":[121.52177,25.07974]},"properties":{"hotspot_id":"臺北市-51542","hotspot_type":"road_segment","county":"臺北市","township":"士林區","road_or_intersection":"承德橋前0.0公尺","accident_count":8,"motorcycle_accident_count":8,"pedestrian_accident_count":0,"death_count":0,"injury_count":15,"fatal_accident_count":0,"risk_score":75.8,"risk_level":"high","confidence":"probable","motorcycle_accident_ratio":1.0,"pedestrian_accident_ratio":0.0}},{"type":"Feature","geometry":{"type":"Point","coordinates":[121.54036,25.05907]},"properties":{"hotspot_id":"臺北市-51720","hotspot_type":"road_segment","county":"臺北市","township":"中山區","road_or_intersection":"錦州街","accident_count":12,"motorcycle_accident_count":9,"pedestrian_accident_count":1,"death_count":0,"injury_count":17,"fatal_accident_count":0,"risk_score":75.8,"risk_level":"high","confidence":"probable","motorcycle_accident_ratio":0.75,"pedestrian_accident_ratio":0.0833}},{"type":"Feature","geometry":{"type":"Point","coordinates":[121.54741,24.987]},"properties":{"hotspot_id":"臺北市-51382","hotspot_type":"road_segment","county":"臺北市","township":"文山區","road_or_intersection":"木柵路1段","accident_count":11,"motorcycle_accident_count":11,"pedestrian_accident_count":0,"death_count":0,"injury_count":12,"fatal_accident_count":0,"risk_score":75.7,"risk_level":"high","confidence":"probable","motorcycle_accident_ratio":1.0,"pedestrian_accident_ratio":0.0}},{"type":"Feature","geometry":{"type":"Point","coordinates":[121.53827,25.01223]},"properties":{"hotspot_id":"臺北市-51580","hotspot_type":"road_segment","county":"臺北市","township":"大安區","road_or_intersection":"基隆路4段","accident_count":11,"motorcycle_accident_count":11,"pedestrian_accident_count":0,"death_count":0,"injury_count":12,"fatal_accident_count":0,"risk_score":75.7,"risk_level":"high","confidence":"probable","motorcycle_accident_ratio":1.0,"pedestrian_accident_ratio":0.0}},{"type":"Feature","geometry":{"type":"Point","coordinates":[121.5237,25.07155]},"properties":{"hotspot_id":"臺北市-51780","hotspot_type":"road_segment","county":"臺北市","township":"中山區","road_or_intersection":"中山北路3段","accident_count":28,"motorcycle_accident_count":24,"pedestrian_accident_count":0,"death_count":0,"injury_count":44,"fatal_accident_count":0,"risk_score":75.6,"risk_level":"high","confidence":"probable","motorcycle_accident_ratio":0.8571,"pedestrian_accident_ratio":0.0}},{"type":"Feature","geometry":{"type":"Point","coordinates":[121.55758,25.03586]},"properties":{"hotspot_id":"臺北市-51866","hotspot_type":"road_segment","county":"臺北市","township":"信義區","road_or_intersection":"光復南路","accident_count":12,"motorcycle_accident_count":6,"pedestrian_accident_count":2,"death_count":0,"injury_count":18,"fatal_accident_count":0,"risk_score":75.5,"risk_level":"high","confidence":"low_confidence","motorcycle_accident_ratio":0.5,"pedestrian_accident_ratio":0.1667}},{"type":"Feature","geometry":{"type":"Point","coordinates":[121.52679,25.05212]},"properties":{"hotspot_id":"臺北市-51685","hotspot_type":"road_segment","county":"臺北市","township":"中山區","road_or_intersection":"南京東路1段","accident_count":6,"motorcycle_accident_count":6,"pedestrian_accident_count":1,"death_count":0,"injury_count":9,"fatal_accident_count":0,"risk_score":75.4,"risk_level":"high","confidence":"probable","motorcycle_accident_ratio":1.0,"pedestrian_accident_ratio":0.1667}},{"type":"Feature","geometry":{"type":"Point","coordinates":[121.59146,25.08559]},"properties":{"hotspot_id":"臺北市-51419","hotspot_type":"road_segment","county":"臺北市","township":"內湖區","road_or_intersection":"金龍路","accident_count":6,"motorcycle_accident_count":6,"pedestrian_accident_count":1,"death_count":0,"injury_count":9,"fatal_accident_count":0,"risk_score":75.4,"risk_level":"high","confidence":"probable","motorcycle_accident_ratio":1.0,"pedestrian_accident_ratio":0.1667}},{"type":"Feature","geometry":{"type":"Point","coordinates":[121.56719,25.06344]},"properties":{"hotspot_id":"臺北市-51627","hotspot_type":"road_segment","county":"臺北市","township":"松山區","road_or_intersection":"民權大橋前0.0公尺","accident_count":16,"motorcycle_accident_count":15,"pedestrian_accident_count":0,"death_count":0,"injury_count":25,"fatal_accident_count":0,"risk_score":75.4,"risk_level":"high","confidence":"probable","motorcycle_accident_ratio":0.9375,"pedestrian_accident_ratio":0.0}},{"type":"Feature","geometry":{"type":"Point","coordinates":[121.55232,25.01458]},"properties":{"hotspot_id":"臺北市-51465","hotspot_type":"road_segment","county":"臺北市","township":"大安區","road_or_intersection":"辛亥路3段","accident_count":9,"motorcycle_accident_count":9,"pedestrian_accident_count":0,"death_count":0,"injury_count":13,"fatal_accident_count":0,"risk_score":75.3,"risk_level":"high","confidence":"probable","motorcycle_accident_ratio":1.0,"pedestrian_accident_ratio":0.0}},{"type":"Feature","geometry":{"type":"Point","coordinates":[121.50336,25.11767]},"properties":{"hotspot_id":"臺北市-51401","hotspot_type":"road_segment","county":"臺北市","township":"北投區","road_or_intersection":"承德路7段","accident_count":14,"motorcycle_accident_count":13,"pedestrian_accident_count":0,"death_count":1,"injury_count":19,"fatal_accident_count":1,"risk_score":75.2,"risk_level":"high","confidence":"low_confidence","motorcycle_accident_ratio":0.9286,"pedestrian_accident_ratio":0.0}},{"type":"Feature","geometry":{"type":"Point","coordinates":[121.55838,25.06226]},"properties":{"hotspot_id":"臺北市-51632","hotspot_type":"road_segment","county":"臺北市","township":"松山區","road_or_intersection":"民權東路4段","accident_count":8,"motorcycle_accident_count":8,"pedestrian_accident_count":0,"death_count":0,"injury_count":14,"fatal_accident_count":0,"risk_score":75.2,"risk_level":"high","confidence":"probable","motorcycle_accident_ratio":1.0,"pedestrian_accident_ratio":0.0}},{"type":"Feature","geometry":{"type":"Point","coordinates":[121.52536,25.03178]},"properties":{"hotspot_id":"臺北市-51552","hotspot_type":"road_segment","county":"臺北市","township":"大安區","road_or_intersection":"愛國東路","accident_count":11,"motorcycle_accident_count":10,"pedestrian_accident_count":1,"death_count":0,"injury_count":12,"fatal_accident_count":0,"risk_score":75.0,"risk_level":"high","confidence":"low_confidence","motorcycle_accident_ratio":0.9091,"pedestrian_accident_ratio":0.0909}},{"type":"Feature","geometry":{"type":"Point","coordinates":[121.49082,25.02457]},"properties":{"hotspot_id":"臺北市-51528","hotspot_type":"road_segment","county":"臺北市","township":"萬華區","road_or_intersection":"光復橋前0.0公尺","accident_count":17,"motorcycle_accident_count":16,"pedestrian_accident_count":0,"death_count":0,"injury_count":21,"fatal_accident_count":0,"risk_score":74.9,"risk_level":"high","confidence":"low_confidence","motorcycle_accident_ratio":0.9412,"pedestrian_accident_ratio":0.0}},{"type":"Feature","geometry":{"type":"Point","coordinates":[121.56716,25.05135]},"properties":{"hotspot_id":"臺北市-51895","hotspot_type":"road_segment","county":"臺北市","township":"松山區","road_or_intersection":"南京東路5段","accident_count":21,"motorcycle_accident_count":18,"pedestrian_accident_count":0,"death_count":0,"injury_count":30,"fatal_accident_count":0,"risk_score":74.9,"risk_level":"high","confidence":"probable","motorcycle_accident_ratio":0.8571,"pedestrian_accident_ratio":0.0}},{"type":"Feature","geometry":{"type":"Point","coordinates":[121.50946,25.05041]},"properties":{"hotspot_id":"臺北市-51750","hotspot_type":"road_segment","county":"臺北市","township":"大同區","road_or_intersection":"鄭州路","accident_count":16,"motorcycle_accident_count":15,"pedestrian_accident_count":0,"death_count":0,"injury_count":21,"fatal_accident_count":0,"risk_score":74.7,"risk_level":"high","confidence":"probable","motorcycle_accident_ratio":0.9375,"pedestrian_accident_ratio":0.0}},{"type":"Feature","geometry":{"type":"Point","coordinates":[121.52061,25.07652]},"properties":{"hotspot_id":"臺北市-51541","hotspot_type":"road_segment","county":"臺北市","township":"大同區","road_or_intersection":"承德橋前0.0公尺","accident_count":9,"motorcycle_accident_count":9,"pedestrian_accident_count":0,"death_count":0,"injury_count":12,"fatal_accident_count":0,"risk_score":74.5,"risk_level":"high","confidence":"probable","motorcycle_accident_ratio":1.0,"pedestrian_accident_ratio":0.0}},{"type":"Feature","geometry":{"type":"Point","coordinates":[121.52257,25.06291]},"properties":{"hotspot_id":"臺北市-51820","hotspot_type":"road_segment","county":"臺北市","township":"中山區","road_or_intersection":"中山北路2段","accident_count":9,"motorcycle_accident_count":9,"pedestrian_accident_count":0,"death_count":0,"injury_count":12,"fatal_accident_count":0,"risk_score":74.5,"risk_level":"high","confidence":"probable","motorcycle_accident_ratio":1.0,"pedestrian_accident_ratio":0.0}},{"type":"Feature","geometry":{"type":"Point","coordinates":[121.52212,25.058]},"properties":{"hotspot_id":"臺北市-51803","hotspot_type":"road_segment","county":"臺北市","township":"中山區","road_or_intersection":"民生西路","accident_count":19,"motorcycle_accident_count":16,"pedestrian_accident_count":0,"death_count":0,"injury_count":29,"fatal_accident_count":0,"risk_score":74.4,"risk_level":"high","confidence":"low_confidence","motorcycle_accident_ratio":0.8421,"pedestrian_accident_ratio":0.0}},{"type":"Feature","geometry":{"type":"Point","coordinates":[121.59943,25.06063]},"properties":{"hotspot_id":"臺北市-51468","hotspot_type":"road_segment","county":"臺北市","township":"內湖區","road_or_intersection":"潭美街","accident_count":10,"motorcycle_accident_count":9,"pedestrian_accident_count":1,"death_count":0,"injury_count":12,"fatal_accident_count":0,"risk_score":74.4,"risk_level":"high","confidence":"probable","motorcycle_accident_ratio":0.9,"pedestrian_accident_ratio":0.1}},{"type":"Feature","geometry":{"type":"Point","coordinates":[121.58285,25.03971]},"properties":{"hotspot_id":"臺北市-51643","hotspot_type":"road_segment","county":"臺北市","township":"信義區","road_or_intersection":"大道","accident_count":11,"motorcycle_accident_count":7,"pedestrian_accident_count":1,"death_count":0,"injury_count":16,"fatal_accident_count":0,"risk_score":74.0,"risk_level":"high","confidence":"probable","motorcycle_accident_ratio":0.6364,"pedestrian_accident_ratio":0.0909}},{"type":"Feature","geometry":{"type":"Point","coordinates":[121.52901,25.04664]},"properties":{"hotspot_id":"臺北市-51842","hotspot_type":"road_segment","county":"臺北市","township":"中山區市","road_or_intersection":"民大道2段","accident_count":14,"motorcycle_accident_count":13,"pedestrian_accident_count":0,"death_count":0,"injury_count":20,"fatal_accident_count":0,"risk_score":73.9,"risk_level":"high","confidence":"probable","motorcycle_accident_ratio":0.9286,"pedestrian_accident_ratio":0.0}},{"type":"Feature","geometry":{"type":"Point","coordinates":[121.52722,25.02141]},"properties":{"hotspot_id":"臺北市-51588","hotspot_type":"road_segment","county":"臺北市","township":"中正區","road_or_intersection":"羅斯福路3段","accident_count":16,"motorcycle_accident_count":15,"pedestrian_accident_count":0,"death_count":0,"injury_count":18,"fatal_accident_count":0,"risk_score":73.8,"risk_level":"high","confidence":"probable","motorcycle_accident_ratio":0.9375,"pedestrian_accident_ratio":0.0}},{"type":"Feature","geometry":{"type":"Point","coordinates":[121.48632,25.12196]},"properties":{"hotspot_id":"臺北市-51373","hotspot_type":"road_segment","county":"臺北市","township":"北投區","road_or_intersection":"大度路","accident_count":12,"motorcycle_accident_count":11,"pedestrian_accident_count":0,"death_count":1,"injury_count":14,"fatal_accident_count":1,"risk_score":73.8,"risk_level":"high","confidence":"probable","motorcycle_accident_ratio":0.9167,"pedestrian_accident_ratio":0.0}},{"type":"Feature","geometry":{"type":"Point","coordinates":[121.5028,25.03823]},"properties":{"hotspot_id":"臺北市-51693","hotspot_type":"road_segment","county":"臺北市","township":"萬華區","road_or_intersection":"桂林路","accident_count":9,"motorcycle_accident_count":8,"pedestrian_accident_count":1,"death_count":0,"injury_count":12,"fatal_accident_count":0,"risk_score":73.6,"risk_level":"high","confidence":"probable","motorcycle_accident_ratio":0.8889,"pedestrian_accident_ratio":0.1111}},{"type":"Feature","geometry":{"type":"Point","coordinates":[121.54912,25.03545]},"properties":{"hotspot_id":"臺北市-51670","hotspot_type":"road_segment","county":"臺北市","township":"大安區","road_or_intersection":"敦化南路1段","accident_count":11,"motorcycle_accident_count":8,"pedestrian_accident_count":1,"death_count":0,"injury_count":14,"fatal_accident_count":0,"risk_score":73.6,"risk_level":"high","confidence":"probable","motorcycle_accident_ratio":0.7273,"pedestrian_accident_ratio":0.0909}},{"type":"Feature","geometry":{"type":"Point","coordinates":[121.53743,25.01012]},"properties":{"hotspot_id":"臺北市-51562","hotspot_type":"road_segment","county":"臺北市","township":"大安區","road_or_intersection":"羅斯福路4段","accident_count":8,"motorcycle_accident_count":8,"pedestrian_accident_count":0,"death_count":0,"injury_count":12,"fatal_accident_count":0,"risk_score":73.6,"risk_level":"high","confidence":"probable","motorcycle_accident_ratio":1.0,"pedestrian_accident_ratio":0.0}},{"type":"Feature","geometry":{"type":"Point","coordinates":[121.60853,25.06293]},"properties":{"hotspot_id":"臺北市-51492","hotspot_type":"road_segment","county":"臺北市","township":"內湖區","road_or_intersection":"潭美街","accident_count":8,"motorcycle_accident_count":8,"pedestrian_accident_count":0,"death_count":0,"injury_count":12,"fatal_accident_count":0,"risk_score":73.6,"risk_level":"high","confidence":"probable","motorcycle_accident_ratio":1.0,"pedestrian_accident_ratio":0.0}},{"type":"Feature","geometry":{"type":"Point","coordinates":[121.55671,25.02812]},"properties":{"hotspot_id":"臺北市-51852","hotspot_type":"road_segment","county":"臺北市","township":"信義區","road_or_intersection":"基隆路2段","accident_count":9,"motorcycle_accident_count":9,"pedestrian_accident_count":0,"death_count":0,"injury_count":11,"fatal_accident_count":0,"risk_score":73.5,"risk_level":"high","confidence":"probable","motorcycle_accident_ratio":1.0,"pedestrian_accident_ratio":0.0}},{"type":"Feature","geometry":{"type":"Point","coordinates":[121.55432,25.02586]},"properties":{"hotspot_id":"臺北市-51874","hotspot_type":"road_segment","county":"臺北市","township":"信義區","road_or_intersection":"基隆路2段","accident_count":12,"motorcycle_accident_count":11,"pedestrian_accident_count":0,"death_count":1,"injury_count":12,"fatal_accident_count":1,"risk_score":73.5,"risk_level":"high","confidence":"probable","motorcycle_accident_ratio":0.9167,"pedestrian_accident_ratio":0.0}},{"type":"Feature","geometry":{"type":"Point","coordinates":[121.52362,25.0458]},"properties":{"hotspot_id":"臺北市-51738","hotspot_type":"road_segment","county":"臺北市","township":"中正區","road_or_intersection":"林森北路","accident_count":7,"motorcycle_accident_count":7,"pedestrian_accident_count":0,"death_count":0,"injury_count":13,"fatal_accident_count":0,"risk_score":73.4,"risk_level":"high","confidence":"probable","motorcycle_accident_ratio":1.0,"pedestrian_accident_ratio":0.0}},{"type":"Feature","geometry":{"type":"Point","coordinates":[121.54409,25.05667]},"properties":{"hotspot_id":"臺北市-51718","hotspot_type":"road_segment","county":"臺北市","township":"中山區","road_or_intersection":"復興北路","accident_count":10,"motorcycle_accident_count":8,"pedestrian_accident_count":1,"death_count":0,"injury_count":13,"fatal_accident_count":0,"risk_score":73.3,"risk_level":"high","confidence":"probable","motorcycle_accident_ratio":0.8,"pedestrian_accident_ratio":0.1}},{"type":"Feature","geometry":{"type":"Point","coordinates":[121.51051,25.03614]},"properties":{"hotspot_id":"臺北市-51563","hotspot_type":"road_segment","county":"臺北市","township":"中正區","road_or_intersection":"博愛路","accident_count":7,"motorcycle_accident_count":7,"pedestrian_accident_count":1,"death_count":0,"injury_count":7,"fatal_accident_count":0,"risk_score":73.3,"risk_level":"high","confidence":"probable","motorcycle_accident_ratio":1.0,"pedestrian_accident_ratio":0.1429}},{"type":"Feature","geometry":{"type":"Point","coordinates":[121.52993,25.0133]},"properties":{"hotspot_id":"臺北市-51558","hotspot_type":"road_segment","county":"臺北市","township":"中正區","road_or_intersection":"思源街","accident_count":14,"motorcycle_accident_count":13,"pedestrian_accident_count":0,"death_count":0,"injury_count":18,"fatal_accident_count":0,"risk_score":73.2,"risk_level":"high","confidence":"low_confidence","motorcycle_accident_ratio":0.9286,"pedestrian_accident_ratio":0.0}},{"type":"Feature","geometry":{"type":"Point","coordinates":[121.56464,25.01084]},"properties":{"hotspot_id":"臺北市-51356","hotspot_type":"road_segment","county":"臺北市","township":"信義區","road_or_intersection":"和平東路3段","accident_count":14,"motorcycle_accident_count":13,"pedestrian_accident_count":0,"death_count":0,"injury_count":18,"fatal_accident_count":0,"risk_score":73.2,"risk_level":"high","confidence":"low_confidence","motorcycle_accident_ratio":0.9286,"pedestrian_accident_ratio":0.0}},{"type":"Feature","geometry":{"type":"Point","coordinates":[121.57993,25.05933]},"properties":{"hotspot_id":"臺北市-51634","hotspot_type":"road_segment","county":"臺北市","township":"內湖區","road_or_intersection":"舊宗路1段","accident_count":10,"motorcycle_accident_count":10,"pedestrian_accident_count":0,"death_count":0,"injury_count":10,"fatal_accident_count":0,"risk_score":73.1,"risk_level":"high","confidence":"probable","motorcycle_accident_ratio":1.0,"pedestrian_accident_ratio":0.0}},{"type":"Feature","geometry":{"type":"Point","coordinates":[121.55873,25.03157]},"properties":{"hotspot_id":"臺北市-51858","hotspot_type":"road_segment","county":"臺北市","township":"信義區","road_or_intersection":"基隆路2段","accident_count":15,"motorcycle_accident_count":14,"pedestrian_accident_count":0,"death_count":0,"injury_count":17,"fatal_accident_count":0,"risk_score":73.1,"risk_level":"high","confidence":"low_confidence","motorcycle_accident_ratio":0.9333,"pedestrian_accident_ratio":0.0}},{"type":"Feature","geometry":{"type":"Point","coordinates":[121.55788,24.99941]},"properties":{"hotspot_id":"臺北市-51355","hotspot_type":"road_segment","county":"臺北市","township":"文山區","road_or_intersection":"興隆路3段","accident_count":10,"motorcycle_accident_count":7,"pedestrian_accident_count":2,"death_count":0,"injury_count":13,"fatal_accident_count":0,"risk_score":73.0,"risk_level":"high","confidence":"low_confidence","motorcycle_accident_ratio":0.7,"pedestrian_accident_ratio":0.2}},{"type":"Feature","geometry":{"type":"Point","coordinates":[121.53935,25.13479]},"properties":{"hotspot_id":"臺北市-51337","hotspot_type":"road_segment","county":"臺北市","township":"士林區","road_or_intersection":"光華路","accident_count":13,"motorcycle_accident_count":12,"pedestrian_accident_count":0,"death_count":0,"injury_count":18,"fatal_accident_count":0,"risk_score":72.8,"risk_level":"high","confidence":"probable","motorcycle_accident_ratio":0.9231,"pedestrian_accident_ratio":0.0}},{"type":"Feature","geometry":{"type":"Point","coordinates":[121.53032,25.01039]},"properties":{"hotspot_id":"臺北市-51455","hotspot_type":"road_segment","county":"臺北市","township":"中正區","road_or_intersection":"古亭河濱公園前0.0公尺","accident_count":9,"motorcycle_accident_count":1,"pedestrian_accident_count":2,"death_count":0,"injury_count":16,"fatal_accident_count":0,"risk_score":72.8,"risk_level":"high","confidence":"low_confidence","motorcycle_accident_ratio":0.1111,"pedestrian_accident_ratio":0.2222}},{"type":"Feature","geometry":{"type":"Point","coordinates":[121.53684,25.1078]},"properties":{"hotspot_id":"臺北市-51390","hotspot_type":"road_segment","county":"臺北市","township":"士林區","road_or_intersection":"仰德大道1段","accident_count":8,"motorcycle_accident_count":8,"pedestrian_accident_count":0,"death_count":0,"injury_count":11,"fatal_accident_count":0,"risk_score":72.7,"risk_level":"high","confidence":"probable","motorcycle_accident_ratio":1.0,"pedestrian_accident_ratio":0.0}},{"type":"Feature","geometry":{"type":"Point","coordinates":[121.53756,25.04865]},"properties":{"hotspot_id":"臺北市-51839","hotspot_type":"road_segment","county":"臺北市","township":"中山區","road_or_intersection":"長安東路2段","accident_count":17,"motorcycle_accident_count":14,"pedestrian_accident_count":0,"death_count":0,"injury_count":21,"fatal_accident_count":0,"risk_score":72.6,"risk_level":"high","confidence":"probable","motorcycle_accident_ratio":0.8235,"pedestrian_accident_ratio":0.0}},{"type":"Feature","geometry":{"type":"Point","coordinates":[121.5152,25.09346]},"properties":{"hotspot_id":"臺北市-51496","hotspot_type":"road_segment","county":"臺北市","township":"士林區","road_or_intersection":"承德路5段","accident_count":7,"motorcycle_accident_count":7,"pedestrian_accident_count":0,"death_count":0,"injury_count":12,"fatal_accident_count":0,"risk_score":72.6,"risk_level":"high","confidence":"probable","motorcycle_accident_ratio":1.0,"pedestrian_accident_ratio":0.0}},{"type":"Feature","geometry":{"type":"Point","coordinates":[121.61536,25.04658]},"properties":{"hotspot_id":"臺北市-51342","hotspot_type":"road_segment","county":"臺北市","township":"南港區","road_or_intersection":"研究院路2段","accident_count":9,"motorcycle_accident_count":9,"pedestrian_accident_count":0,"death_count":0,"injury_count":10,"fatal_accident_count":0,"risk_score":72.4,"risk_level":"high","confidence":"probable","motorcycle_accident_ratio":1.0,"pedestrian_accident_ratio":0.0}},{"type":"Feature","geometry":{"type":"Point","coordinates":[121.50044,25.04298]},"properties":{"hotspot_id":"臺北市-51712","hotspot_type":"road_segment","county":"臺北市","township":"萬華區","road_or_intersection":"中興橋前0.0公尺","accident_count":9,"motorcycle_accident_count":9,"pedestrian_accident_count":0,"death_count":0,"injury_count":10,"fatal_accident_count":0,"risk_score":72.4,"risk_level":"high","confidence":"probable","motorcycle_accident_ratio":1.0,"pedestrian_accident_ratio":0.0}},{"type":"Feature","geometry":{"type":"Point","coordinates":[121.5791,25.03761]},"properties":{"hotspot_id":"臺北市-51722","hotspot_type":"road_segment","county":"臺北市","township":"信義區","road_or_intersection":"林口街","accident_count":10,"motorcycle_accident_count":8,"pedestrian_accident_count":1,"death_count":0,"injury_count":12,"fatal_accident_count":0,"risk_score":72.4,"risk_level":"high","confidence":"probable","motorcycle_accident_ratio":0.8,"pedestrian_accident_ratio":0.1}},{"type":"Feature","geometry":{"type":"Point","coordinates":[121.50198,25.13392]},"properties":{"hotspot_id":"臺北市-51425","hotspot_type":"road_segment","county":"臺北市","township":"北投區","road_or_intersection":"光明路","accident_count":8,"motorcycle_accident_count":7,"pedestrian_accident_count":2,"death_count":0,"injury_count":11,"fatal_accident_count":0,"risk_score":72.4,"risk_level":"high","confidence":"probable","motorcycle_accident_ratio":0.875,"pedestrian_accident_ratio":0.25}},{"type":"Feature","geometry":{"type":"Point","coordinates":[121.49855,25.12541]},"properties":{"hotspot_id":"臺北市-51383","hotspot_type":"road_segment","county":"臺北市","township":"北投區","road_or_intersection":"大業路","accident_count":9,"motorcycle_accident_count":9,"pedestrian_accident_count":0,"death_count":0,"injury_count":10,"fatal_accident_count":0,"risk_score":72.4,"risk_level":"high","confidence":"low_confidence","motorcycle_accident_ratio":1.0,"pedestrian_accident_ratio":0.0}},{"type":"Feature","geometry":{"type":"Point","coordinates":[121.59604,25.05444]},"properties":{"hotspot_id":"臺北市-51637","hotspot_type":"road_segment","county":"臺北市","township":"南港區","road_or_intersection":"南港路2段","accident_count":9,"motorcycle_accident_count":9,"pedestrian_accident_count":0,"death_count":0,"injury_count":10,"fatal_accident_count":0,"risk_score":72.4,"risk_level":"high","confidence":"probable","motorcycle_accident_ratio":1.0,"pedestrian_accident_ratio":0.0}},{"type":"Feature","geometry":{"type":"Point","coordinates":[121.51176,25.03876]},"properties":{"hotspot_id":"臺北市-51568","hotspot_type":"road_segment","county":"臺北市","township":"中正區","road_or_intersection":"貴陽街1段","accident_count":5,"motorcycle_accident_count":5,"pedestrian_accident_count":1,"death_count":0,"injury_count":8,"fatal_accident_count":0,"risk_score":72.4,"risk_level":"high","confidence":"probable","motorcycle_accident_ratio":1.0,"pedestrian_accident_ratio":0.2}},{"type":"Feature","geometry":{"type":"Point","coordinates":[121.57981,24.98443]},"properties":{"hotspot_id":"臺北市-51372","hotspot_type":"road_segment","county":"臺北市","township":"文山區","road_or_intersection":"指南路3段","accident_count":6,"motorcycle_accident_count":6,"pedestrian_accident_count":1,"death_count":0,"injury_count":7,"fatal_accident_count":0,"risk_score":72.2,"risk_level":"high","confidence":"probable","motorcycle_accident_ratio":1.0,"pedestrian_accident_ratio":0.1667}},{"type":"Feature","geometry":{"type":"Point","coordinates":[121.53526,25.02605]},"properties":{"hotspot_id":"臺北市-51585","hotspot_type":"road_segment","county":"臺北市","township":"大安區","road_or_intersection":"和平東路1段","accident_count":11,"motorcycle_accident_count":7,"pedestrian_accident_count":2,"death_count":0,"injury_count":12,"fatal_accident_count":0,"risk_score":72.1,"risk_level":"high","confidence":"probable","motorcycle_accident_ratio":0.6364,"pedestrian_accident_ratio":0.1818}},{"type":"Feature","geometry":{"type":"Point","coordinates":[121.61893,25.03652]},"properties":{"hotspot_id":"臺北市-51341","hotspot_type":"road_segment","county":"臺北市","township":"南港區","road_or_intersection":"國道","accident_count":11,"motorcycle_accident_count":4,"pedestrian_accident_count":2,"death_count":0,"injury_count":13,"fatal_accident_count":0,"risk_score":72.1,"risk_level":"high","confidence":"probable","motorcycle_accident_ratio":0.3636,"pedestrian_accident_ratio":0.1818}},{"type":"Feature","geometry":{"type":"Point","coordinates":[121.59459,25.06408]},"properties":{"hotspot_id":"臺北市-51508","hotspot_type":"road_segment","county":"臺北市","township":"內湖區","road_or_intersection":"國道","accident_count":26,"motorcycle_accident_count":1,"pedestrian_accident_count":0,"death_count":1,"injury_count":38,"fatal_accident_count":1,"risk_score":71.9,"risk_level":"high","confidence":"probable","motorcycle_accident_ratio":0.0385,"pedestrian_accident_ratio":0.0}},{"type":"Feature","geometry":{"type":"Point","coordinates":[121.54503,25.07258]},"properties":{"hotspot_id":"臺北市-51511","hotspot_type":"road_segment","county":"臺北市","township":"中山區","road_or_intersection":"國道","accident_count":25,"motorcycle_accident_count":10,"pedestrian_accident_count":0,"death_count":0,"injury_count":35,"fatal_accident_count":0,"risk_score":71.8,"risk_level":"high","confidence":"low_confidence","motorcycle_accident_ratio":0.4,"pedestrian_accident_ratio":0.0}},{"type":"Feature","geometry":{"type":"Point","coordinates":[121.52135,25.06282]},"properties":{"hotspot_id":"臺北市-51833","hotspot_type":"road_segment","county":"臺北市","township":"中山區","road_or_intersection":"民權西路","accident_count":7,"motorcycle_accident_count":7,"pedestrian_accident_count":0,"death_count":0,"injury_count":11,"fatal_accident_count":0,"risk_score":71.7,"risk_level":"high","confidence":"probable","motorcycle_accident_ratio":1.0,"pedestrian_accident_ratio":0.0}},{"type":"Feature","geometry":{"type":"Point","coordinates":[121.55723,25.0291]},"properties":{"hotspot_id":"臺北市-51851","hotspot_type":"road_segment","county":"臺北市","township":"信義區","road_or_intersection":"基隆路2段","accident_count":17,"motorcycle_accident_count":14,"pedestrian_accident_count":0,"death_count":0,"injury_count":18,"fatal_accident_count":0,"risk_score":71.7,"risk_level":"high","confidence":"probable","motorcycle_accident_ratio":0.8235,"pedestrian_accident_ratio":0.0}},{"type":"Feature","geometry":{"type":"Point","coordinates":[121.5219,25.08742]},"properties":{"hotspot_id":"臺北市-51480","hotspot_type":"road_segment","county":"臺北市","township":"士林區","road_or_intersection":"承德路4段","accident_count":13,"motorcycle_accident_count":11,"pedestrian_accident_count":0,"death_count":0,"injury_count":19,"fatal_accident_count":0,"risk_score":71.7,"risk_level":"high","confidence":"probable","motorcycle_accident_ratio":0.8462,"pedestrian_accident_ratio":0.0}},{"type":"Feature","geometry":{"type":"Point","coordinates":[121.53872,25.06768]},"properties":{"hotspot_id":"臺北市-51681","hotspot_type":"road_segment","county":"臺北市","township":"中山區","road_or_intersection":"民族東路","accident_count":9,"motorcycle_accident_count":7,"pedestrian_accident_count":3,"death_count":0,"injury_count":11,"fatal_accident_count":0,"risk_score":71.6,"risk_level":"high","confidence":"probable","motorcycle_accident_ratio":0.7778,"pedestrian_accident_ratio":0.3333}},{"type":"Feature","geometry":{"type":"Point","coordinates":[121.57004,25.05367]},"properties":{"hotspot_id":"臺北市-51891","hotspot_type":"road_segment","county":"臺北市","township":"松山區","road_or_intersection":"塔悠路","accident_count":8,"motorcycle_accident_count":7,"pedestrian_accident_count":1,"death_count":0,"injury_count":11,"fatal_accident_count":0,"risk_score":71.6,"risk_level":"high","confidence":"probable","motorcycle_accident_ratio":0.875,"pedestrian_accident_ratio":0.125}},{"type":"Feature","geometry":{"type":"Point","coordinates":[121.47316,25.10946]},"properties":{"hotspot_id":"臺北市-51324","hotspot_type":"road_segment","county":"臺北市","township":"士林區","road_or_intersection":"延平北路9段","accident_count":9,"motorcycle_accident_count":5,"pedestrian_accident_count":1,"death_count":0,"injury_count":14,"fatal_accident_count":0,"risk_score":71.6,"risk_level":"high","confidence":"probable","motorcycle_accident_ratio":0.5556,"pedestrian_accident_ratio":0.1111}},{"type":"Feature","geometry":{"type":"Point","coordinates":[121.54854,24.98951]},"properties":{"hotspot_id":"臺北市-51378","hotspot_type":"road_segment","county":"臺北市","township":"文山區","road_or_intersection":"試院路","accident_count":8,"motorcycle_accident_count":8,"pedestrian_accident_count":0,"death_count":0,"injury_count":10,"fatal_accident_count":0,"risk_score":71.5,"risk_level":"high","confidence":"probable","motorcycle_accident_ratio":1.0,"pedestrian_accident_ratio":0.0}},{"type":"Feature","geometry":{"type":"Point","coordinates":[121.54025,24.99851]},"properties":{"hotspot_id":"臺北市-51388","hotspot_type":"road_segment","county":"臺北市","township":"文山區","road_or_intersection":"羅斯福路6段","accident_count":12,"motorcycle_accident_count":11,"pedestrian_accident_count":0,"death_count":0,"injury_count":16,"fatal_accident_count":0,"risk_score":71.5,"risk_level":"high","confidence":"probable","motorcycle_accident_ratio":0.9167,"pedestrian_accident_ratio":0.0}},{"type":"Feature","geometry":{"type":"Point","coordinates":[121.51939,25.03354]},"properties":{"hotspot_id":"臺北市-51572","hotspot_type":"road_segment","county":"臺北市","township":"中正區","road_or_intersection":"愛國東路","accident_count":8,"motorcycle_accident_count":8,"pedestrian_accident_count":0,"death_count":0,"injury_count":10,"fatal_accident_count":0,"risk_score":71.5,"risk_level":"high","confidence":"probable","motorcycle_accident_ratio":1.0,"pedestrian_accident_ratio":0.0}},{"type":"Feature","geometry":{"type":"Point","coordinates":[121.58126,25.08412]},"properties":{"hotspot_id":"臺北市-51442","hotspot_type":"road_segment","county":"臺北市","township":"內湖區","road_or_intersection":"內湖路2段","accident_count":13,"motorcycle_accident_count":12,"pedestrian_accident_count":0,"death_count":0,"injury_count":15,"fatal_accident_count":0,"risk_score":71.4,"risk_level":"high","confidence":"probable","motorcycle_accident_ratio":0.9231,"pedestrian_accident_ratio":0.0}},{"type":"Feature","geometry":{"type":"Point","coordinates":[121.53268,25.11915]},"properties":{"hotspot_id":"臺北市-51392","hotspot_type":"road_segment","county":"臺北市","township":"士林區","road_or_intersection":"天母東路","accident_count":10,"motorcycle_accident_count":8,"pedestrian_accident_count":2,"death_count":0,"injury_count":10,"fatal_accident_count":0,"risk_score":71.1,"risk_level":"high","confidence":"probable","motorcycle_accident_ratio":0.8,"pedestrian_accident_ratio":0.2}},{"type":"Feature","geometry":{"type":"Point","coordinates":[121.50634,25.116]},"properties":{"hotspot_id":"臺北市-51402","hotspot_type":"road_segment","county":"臺北市","township":"北投區","road_or_intersection":"承德路7段","accident_count":5,"motorcycle_accident_count":5,"pedestrian_accident_count":1,"death_count":0,"injury_count":7,"fatal_accident_count":0,"risk_score":70.7,"risk_level":"high","confidence":"probable","motorcycle_accident_ratio":1.0,"pedestrian_accident_ratio":0.2}},{"type":"Feature","geometry":{"type":"Point","coordinates":[121.54365,25.03054]},"properties":{"hotspot_id":"臺北市-51652","hotspot_type":"road_segment","county":"臺北市","township":"大安區","road_or_intersection":"復興南路2段","accident_count":5,"motorcycle_accident_count":5,"pedestrian_accident_count":1,"death_count":0,"injury_count":7,"fatal_accident_count":0,"risk_score":70.7,"risk_level":"high","confidence":"probable","motorcycle_accident_ratio":1.0,"pedestrian_accident_ratio":0.2}},{"type":"Feature","geometry":{"type":"Point","coordinates":[121.51634,25.07853]},"properties":{"hotspot_id":"臺北市-51545","hotspot_type":"road_segment","county":"臺北市","township":"大同區","road_or_intersection":"通河西街1段","accident_count":11,"motorcycle_accident_count":8,"pedestrian_accident_count":0,"death_count":1,"injury_count":18,"fatal_accident_count":1,"risk_score":70.7,"risk_level":"high","confidence":"probable","motorcycle_accident_ratio":0.7273,"pedestrian_accident_ratio":0.0}},{"type":"Feature","geometry":{"type":"Point","coordinates":[121.52541,25.0857]},"properties":{"hotspot_id":"臺北市-51489","hotspot_type":"road_segment","county":"臺北市","township":"士林區","road_or_intersection":"中山北路5段","accident_count":5,"motorcycle_accident_count":5,"pedestrian_accident_count":1,"death_count":0,"injury_count":7,"fatal_accident_count":0,"risk_score":70.7,"risk_level":"high","confidence":"probable","motorcycle_accident_ratio":1.0,"pedestrian_accident_ratio":0.2}},{"type":"Feature","geometry":{"type":"Point","coordinates":[121.49291,25.03739]},"properties":{"hotspot_id":"臺北市-51708","hotspot_type":"road_segment","county":"臺北市","township":"萬華區","road_or_intersection":"華江橋前0.0公尺","accident_count":8,"motorcycle_accident_count":6,"pedestrian_accident_count":1,"death_count":0,"injury_count":12,"fatal_accident_count":0,"risk_score":70.5,"risk_level":"high","confidence":"probable","motorcycle_accident_ratio":0.75,"pedestrian_accident_ratio":0.125}},{"type":"Feature","geometry":{"type":"Point","coordinates":[121.53821,25.10436]},"properties":{"hotspot_id":"臺北市-51391","hotspot_type":"road_segment","county":"臺北市","township":"士林區","road_or_intersection":"仰德大道1段","accident_count":7,"motorcycle_accident_count":7,"pedestrian_accident_count":0,"death_count":0,"injury_count":10,"fatal_accident_count":0,"risk_score":70.5,"risk_level":"high","confidence":"probable","motorcycle_accident_ratio":1.0,"pedestrian_accident_ratio":0.0}},{"type":"Feature","geometry":{"type":"Point","coordinates":[121.49541,25.01064]},"properties":{"hotspot_id":"臺北市-51519","hotspot_type":"road_segment","county":"臺北市","township":"萬華區","road_or_intersection":"華中橋前0.0公尺","accident_count":5,"motorcycle_accident_count":5,"pedestrian_accident_count":0,"death_count":0,"injury_count":13,"fatal_accident_count":0,"risk_score":70.5,"risk_level":"high","confidence":"probable","motorcycle_accident_ratio":1.0,"pedestrian_accident_ratio":0.0}},{"type":"Feature","geometry":{"type":"Point","coordinates":[121.47085,25.12328]},"properties":{"hotspot_id":"臺北市-51340","hotspot_type":"road_segment","county":"臺北市","township":"北投區","road_or_intersection":"大度路3段","accident_count":11,"motorcycle_accident_count":10,"pedestrian_accident_count":0,"death_count":0,"injury_count":15,"fatal_accident_count":0,"risk_score":70.4,"risk_level":"high","confidence":"probable","motorcycle_accident_ratio":0.9091,"pedestrian_accident_ratio":0.0}},{"type":"Feature","geometry":{"type":"Point","coordinates":[121.55602,25.07713]},"properties":{"hotspot_id":"臺北市-51366","hotspot_type":"road_segment","county":"臺北市","township":"中山區","road_or_intersection":"樂群一路","accident_count":9,"motorcycle_accident_count":4,"pedestrian_accident_count":1,"death_count":0,"injury_count":13,"fatal_accident_count":0,"risk_score":70.3,"risk_level":"high","confidence":"probable","motorcycle_accident_ratio":0.4444,"pedestrian_accident_ratio":0.1111}},{"type":"Feature","geometry":{"type":"Point","coordinates":[121.56266,25.04111]},"properties":{"hotspot_id":"臺北市-51906","hotspot_type":"road_segment","county":"臺北市","township":"信義區","road_or_intersection":"忠孝東路4段","accident_count":10,"motorcycle_accident_count":8,"pedestrian_accident_count":1,"death_count":0,"injury_count":10,"fatal_accident_count":0,"risk_score":70.3,"risk_level":"high","confidence":"probable","motorcycle_accident_ratio":0.8,"pedestrian_accident_ratio":0.1}},{"type":"Feature","geometry":{"type":"Point","coordinates":[121.52545,25.06055]},"properties":{"hotspot_id":"臺北市-51762","hotspot_type":"road_segment","county":"臺北市","township":"中山區","road_or_intersection":"林森北路","accident_count":10,"motorcycle_accident_count":8,"pedestrian_accident_count":1,"death_count":0,"injury_count":10,"fatal_accident_count":0,"risk_score":70.3,"risk_level":"high","confidence":"probable","motorcycle_accident_ratio":0.8,"pedestrian_accident_ratio":0.1}},{"type":"Feature","geometry":{"type":"Point","coordinates":[121.52767,25.09253]},"properties":{"hotspot_id":"臺北市-51484","hotspot_type":"road_segment","county":"臺北市","township":"士林區","road_or_intersection":"中山北路5段","accident_count":8,"motorcycle_accident_count":8,"pedestrian_accident_count":0,"death_count":0,"injury_count":9,"fatal_accident_count":0,"risk_score":70.2,"risk_level":"high","confidence":"probable","motorcycle_accident_ratio":1.0,"pedestrian_accident_ratio":0.0}},{"type":"Feature","geometry":{"type":"Point","coordinates":[121.61341,25.05291]},"properties":{"hotspot_id":"臺北市-51603","hotspot_type":"road_segment","county":"臺北市","township":"南港區","road_or_intersection":"忠孝東路7段","accident_count":8,"motorcycle_accident_count":8,"pedestrian_accident_count":0,"death_count":0,"injury_count":9,"fatal_accident_count":0,"risk_score":70.2,"risk_level":"high","confidence":"probable","motorcycle_accident_ratio":1.0,"pedestrian_accident_ratio":0.0}},{"type":"Feature","geometry":{"type":"Point","coordinates":[121.55289,25.04884]},"properties":{"hotspot_id":"臺北市-51678","hotspot_type":"road_segment","county":"臺北市","township":"松山區","road_or_intersection":"北寧路","accident_count":11,"motorcycle_accident_count":10,"pedestrian_accident_count":0,"death_count":0,"injury_count":14,"fatal_accident_count":0,"risk_score":69.8,"risk_level":"high","confidence":"probable","motorcycle_accident_ratio":0.9091,"pedestrian_accident_ratio":0.0}},{"type":"Feature","geometry":{"type":"Point","coordinates":[121.51193,25.07626]},"properties":{"hotspot_id":"臺北市-51606","hotspot_type":"road_segment","county":"臺北市","township":"大同區","road_or_intersection":"延平北路4段","accident_count":12,"motorcycle_accident_count":10,"pedestrian_accident_count":0,"death_count":0,"injury_count":16,"fatal_accident_count":0,"risk_score":69.8,"risk_level":"high","confidence":"probable","motorcycle_accident_ratio":0.8333,"pedestrian_accident_ratio":0.0}},{"type":"Feature","geometry":{"type":"Point","coordinates":[121.56838,25.02848]},"properties":{"hotspot_id":"臺北市-51654","hotspot_type":"road_segment","county":"臺北市","township":"信義區","road_or_intersection":"松仁路","accident_count":9,"motorcycle_accident_count":6,"pedestrian_accident_count":1,"death_count":0,"injury_count":11,"fatal_accident_count":0,"risk_score":69.6,"risk_level":"high","confidence":"probable","motorcycle_accident_ratio":0.6667,"pedestrian_accident_ratio":0.1111}},{"type":"Feature","geometry":{"type":"Point","coordinates":[121.57841,25.04671]},"properties":{"hotspot_id":"臺北市-51840","hotspot_type":"road_segment","county":"臺北市","township":"信義區","road_or_intersection":"永吉路","accident_count":8,"motorcycle_accident_count":6,"pedestrian_accident_count":3,"death_count":0,"injury_count":10,"fatal_accident_count":0,"risk_score":69.4,"risk_level":"high","confidence":"probable","motorcycle_accident_ratio":0.75,"pedestrian_accident_ratio":0.375}},{"type":"Feature","geometry":{"type":"Point","coordinates":[121.52524,25.05487]},"properties":{"hotspot_id":"臺北市-51768","hotspot_type":"road_segment","county":"臺北市","township":"中山區","road_or_intersection":"林森北路","accident_count":9,"motorcycle_accident_count":7,"pedestrian_accident_count":1,"death_count":0,"injury_count":10,"fatal_accident_count":0,"risk_score":69.4,"risk_level":"high","confidence":"probable","motorcycle_accident_ratio":0.7778,"pedestrian_accident_ratio":0.1111}},{"type":"Feature","geometry":{"type":"Point","coordinates":[121.49677,25.03693]},"properties":{"hotspot_id":"臺北市-51702","hotspot_type":"road_segment","county":"臺北市","township":"萬華區","road_or_intersection":"廣州街","accident_count":8,"motorcycle_accident_count":4,"pedestrian_accident_count":5,"death_count":0,"injury_count":11,"fatal_accident_count":0,"risk_score":69.3,"risk_level":"high","confidence":"probable","motorcycle_accident_ratio":0.5,"pedestrian_accident_ratio":0.625}},{"type":"Feature","geometry":{"type":"Point","coordinates":[121.53854,25.04466]},"properties":{"hotspot_id":"臺北市-51809","hotspot_type":"road_segment","county":"臺北市","township":"中山區市","road_or_intersection":"民大道3段","accident_count":15,"motorcycle_accident_count":10,"pedestrian_accident_count":0,"death_count":0,"injury_count":17,"fatal_accident_count":0,"risk_score":69.3,"risk_level":"high","confidence":"low_confidence","motorcycle_accident_ratio":0.6667,"pedestrian_accident_ratio":0.0}},{"type":"Feature","geometry":{"type":"Point","coordinates":[121.50321,25.13568]},"properties":{"hotspot_id":"臺北市-51423","hotspot_type":"road_segment","county":"臺北市","township":"北投區","road_or_intersection":"光明路","accident_count":6,"motorcycle_accident_count":6,"pedestrian_accident_count":0,"death_count":0,"injury_count":10,"fatal_accident_count":0,"risk_score":69.2,"risk_level":"high","confidence":"probable","motorcycle_accident_ratio":1.0,"pedestrian_accident_ratio":0.0}},{"type":"Feature","geometry":{"type":"Point","coordinates":[121.54383,25.06751]},"properties":{"hotspot_id":"臺北市-51680","hotspot_type":"road_segment","county":"臺北市","township":"松山區","road_or_intersection":"復興北路","accident_count":7,"motorcycle_accident_count":7,"pedestrian_accident_count":0,"death_count":0,"injury_count":9,"fatal_accident_count":0,"risk_score":69.2,"risk_level":"high","confidence":"probable","motorcycle_accident_ratio":1.0,"pedestrian_accident_ratio":0.0}},{"type":"Feature","geometry":{"type":"Point","coordinates":[121.50805,25.0485]},"properties":{"hotspot_id":"臺北市-51772","hotspot_type":"road_segment","county":"臺北市","township":"萬華區","road_or_intersection":"忠孝西路2段","accident_count":6,"motorcycle_accident_count":6,"pedestrian_accident_count":0,"death_count":0,"injury_count":10,"fatal_accident_count":0,"risk_score":69.2,"risk_level":"high","confidence":"probable","motorcycle_accident_ratio":1.0,"pedestrian_accident_ratio":0.0}},{"type":"Feature","geometry":{"type":"Point","coordinates":[121.53421,25.06251]},"properties":{"hotspot_id":"臺北市-51837","hotspot_type":"road_segment","county":"臺北市","township":"中山區","road_or_intersection":"民權東路2段","accident_count":11,"motorcycle_accident_count":10,"pedestrian_accident_count":0,"death_count":0,"injury_count":13,"fatal_accident_count":0,"risk_score":69.0,"risk_level":"high","confidence":"probable","motorcycle_accident_ratio":0.9091,"pedestrian_accident_ratio":0.0}},{"type":"Feature","geometry":{"type":"Point","coordinates":[121.46248,25.12241]},"properties":{"hotspot_id":"臺北市-51335","hotspot_type":"road_segment","county":"臺北市","township":"北投區","road_or_intersection":"中央北路4段","accident_count":10,"motorcycle_accident_count":9,"pedestrian_accident_count":0,"death_count":0,"injury_count":14,"fatal_accident_count":0,"risk_score":69.0,"risk_level":"high","confidence":"probable","motorcycle_accident_ratio":0.9,"pedestrian_accident_ratio":0.0}},{"type":"Feature","geometry":{"type":"Point","coordinates":[121.54774,25.05151]},"properties":{"hotspot_id":"臺北市-51675","hotspot_type":"road_segment","county":"臺北市","township":"松山區","road_or_intersection":"南京東路3段","accident_count":11,"motorcycle_accident_count":10,"pedestrian_accident_count":0,"death_count":0,"injury_count":13,"fatal_accident_count":0,"risk_score":69.0,"risk_level":"high","confidence":"probable","motorcycle_accident_ratio":0.9091,"pedestrian_accident_ratio":0.0}},{"type":"Feature","geometry":{"type":"Point","coordinates":[121.54168,24.98904]},"properties":{"hotspot_id":"臺北市-51384","hotspot_type":"road_segment","county":"臺北市","township":"文山區","road_or_intersection":"木柵路1段","accident_count":11,"motorcycle_accident_count":10,"pedestrian_accident_count":0,"death_count":0,"injury_count":13,"fatal_accident_count":0,"risk_score":69.0,"risk_level":"high","confidence":"probable","motorcycle_accident_ratio":0.9091,"pedestrian_accident_ratio":0.0}},{"type":"Feature","geometry":{"type":"Point","coordinates":[121.56964,25.02301]},"properties":{"hotspot_id":"臺北市-51651","hotspot_type":"road_segment","county":"臺北市","township":"信義區","road_or_intersection":"吳興街","accident_count":5,"motorcycle_accident_count":5,"pedestrian_accident_count":1,"death_count":0,"injury_count":6,"fatal_accident_count":0,"risk_score":68.9,"risk_level":"high","confidence":"probable","motorcycle_accident_ratio":1.0,"pedestrian_accident_ratio":0.2}},{"type":"Feature","geometry":{"type":"Point","coordinates":[121.55506,25.0621]},"properties":{"hotspot_id":"臺北市-51631","hotspot_type":"road_segment","county":"臺北市","township":"松山區","road_or_intersection":"民權東路4段","accident_count":11,"motorcycle_accident_count":8,"pedestrian_accident_count":0,"death_count":0,"injury_count":18,"fatal_accident_count":0,"risk_score":68.8,"risk_level":"high","confidence":"low_confidence","motorcycle_accident_ratio":0.7273,"pedestrian_accident_ratio":0.0}},{"type":"Feature","geometry":{"type":"Point","coordinates":[121.51816,25.08713]},"properties":{"hotspot_id":"臺北市-51473","hotspot_type":"road_segment","county":"臺北市","township":"士林區","road_or_intersection":"中山北路4段","accident_count":9,"motorcycle_accident_count":7,"pedestrian_accident_count":2,"death_count":0,"injury_count":9,"fatal_accident_count":0,"risk_score":68.8,"risk_level":"high","confidence":"probable","motorcycle_accident_ratio":0.7778,"pedestrian_accident_ratio":0.2222}},{"type":"Feature","geometry":{"type":"Point","coordinates":[121.54947,25.05216]},"properties":{"hotspot_id":"臺北市-51676","hotspot_type":"road_segment","county":"臺北市","township":"松山區","road_or_intersection":"南京東路4段","accident_count":8,"motorcycle_accident_count":5,"pedestrian_accident_count":3,"death_count":0,"injury_count":10,"fatal_accident_count":0,"risk_score":68.5,"risk_level":"high","confidence":"probable","motorcycle_accident_ratio":0.625,"pedestrian_accident_ratio":0.375}},{"type":"Feature","geometry":{"type":"Point","coordinates":[121.54417,25.14996]},"properties":{"hotspot_id":"臺北市-51318","hotspot_type":"road_segment","county":"臺北市","township":"北投區","road_or_intersection":"陽明路1段","accident_count":12,"motorcycle_accident_count":8,"pedestrian_accident_count":0,"death_count":0,"injury_count":17,"fatal_accident_count":0,"risk_score":68.4,"risk_level":"high","confidence":"probable","motorcycle_accident_ratio":0.6667,"pedestrian_accident_ratio":0.0}},{"type":"Feature","geometry":{"type":"Point","coordinates":[121.52726,25.0898]},"properties":{"hotspot_id":"臺北市-51488","hotspot_type":"road_segment","county":"臺北市","township":"士林區","road_or_intersection":"中山北路5段","accident_count":10,"motorcycle_accident_count":7,"pedestrian_accident_count":0,"death_count":0,"injury_count":19,"fatal_accident_count":0,"risk_score":68.4,"risk_level":"high","confidence":"probable","motorcycle_accident_ratio":0.7,"pedestrian_accident_ratio":0.0}},{"type":"Feature","geometry":{"type":"Point","coordinates":[121.56381,25.04015]},"properties":{"hotspot_id":"臺北市-51900","hotspot_type":"road_segment","county":"臺北市","township":"信義區","road_or_intersection":"基隆路","accident_count":10,"motorcycle_accident_count":9,"pedestrian_accident_count":0,"death_count":0,"injury_count":13,"fatal_accident_count":0,"risk_score":68.3,"risk_level":"high","confidence":"low_confidence","motorcycle_accident_ratio":0.9,"pedestrian_accident_ratio":0.0}},{"type":"Feature","geometry":{"type":"Point","coordinates":[121.49971,25.03303]},"properties":{"hotspot_id":"臺北市-51664","hotspot_type":"road_segment","county":"臺北市","township":"萬華區","road_or_intersection":"艋舺大道","accident_count":11,"motorcycle_accident_count":10,"pedestrian_accident_count":0,"death_count":0,"injury_count":12,"fatal_accident_count":0,"risk_score":68.2,"risk_level":"medium","confidence":"probable","motorcycle_accident_ratio":0.9091,"pedestrian_accident_ratio":0.0}},{"type":"Feature","geometry":{"type":"Point","coordinates":[121.56826,25.03489]},"properties":{"hotspot_id":"臺北市-51816","hotspot_type":"road_segment","county":"臺北市","township":"信義區","road_or_intersection":"松仁路","accident_count":9,"motorcycle_accident_count":7,"pedestrian_accident_count":1,"death_count":0,"injury_count":9,"fatal_accident_count":0,"risk_score":68.0,"risk_level":"medium","confidence":"probable","motorcycle_accident_ratio":0.7778,"pedestrian_accident_ratio":0.1111}},{"type":"Feature","geometry":{"type":"Point","coordinates":[121.52092,25.12025]},"properties":{"hotspot_id":"臺北市-51395","hotspot_type":"road_segment","county":"臺北市","township":"士林區","road_or_intersection":"中山北路5段","accident_count":7,"motorcycle_accident_count":6,"pedestrian_accident_count":0,"death_count":1,"injury_count":9,"fatal_accident_count":1,"risk_score":68.0,"risk_level":"medium","confidence":"probable","motorcycle_accident_ratio":0.8571,"pedestrian_accident_ratio":0.0}},{"type":"Feature","geometry":{"type":"Point","coordinates":[121.59411,25.07082]},"properties":{"hotspot_id":"臺北市-51551","hotspot_type":"road_segment","county":"臺北市","township":"內湖區","road_or_intersection":"新湖三路","accident_count":9,"motorcycle_accident_count":7,"pedestrian_accident_count":1,"death_count":0,"injury_count":9,"fatal_accident_count":0,"risk_score":68.0,"risk_level":"medium","confidence":"probable","motorcycle_accident_ratio":0.7778,"pedestrian_accident_ratio":0.1111}},{"type":"Feature","geometry":{"type":"Point","coordinates":[121.52804,25.01152]},"properties":{"hotspot_id":"臺北市-51559","hotspot_type":"road_segment","county":"臺北市","township":"中正區","road_or_intersection":"永福橋前0.0公尺","accident_count":6,"motorcycle_accident_count":6,"pedestrian_accident_count":0,"death_count":0,"injury_count":9,"fatal_accident_count":0,"risk_score":67.9,"risk_level":"medium","confidence":"probable","motorcycle_accident_ratio":1.0,"pedestrian_accident_ratio":0.0}},{"type":"Feature","geometry":{"type":"Point","coordinates":[121.49973,25.01674]},"properties":{"hotspot_id":"臺北市-51527","hotspot_type":"road_segment","county":"臺北市","township":"萬華區","road_or_intersection":"堤外便道","accident_count":6,"motorcycle_accident_count":6,"pedestrian_accident_count":0,"death_count":0,"injury_count":9,"fatal_accident_count":0,"risk_score":67.9,"risk_level":"medium","confidence":"probable","motorcycle_accident_ratio":1.0,"pedestrian_accident_ratio":0.0}},{"type":"Feature","geometry":{"type":"Point","coordinates":[121.57082,25.04103]},"properties":{"hotspot_id":"臺北市-51871","hotspot_type":"road_segment","county":"臺北市","township":"信義區","road_or_intersection":"忠孝東路5段","accident_count":6,"motorcycle_accident_count":6,"pedestrian_accident_count":0,"death_count":0,"injury_count":9,"fatal_accident_count":0,"risk_score":67.9,"risk_level":"medium","confidence":"probable","motorcycle_accident_ratio":1.0,"pedestrian_accident_ratio":0.0}},{"type":"Feature","geometry":{"type":"Point","coordinates":[121.55692,24.98085]},"properties":{"hotspot_id":"臺北市-51397","hotspot_type":"road_segment","county":"臺北市","township":"文山區","road_or_intersection":"木新路3段","accident_count":8,"motorcycle_accident_count":6,"pedestrian_accident_count":2,"death_count":0,"injury_count":9,"fatal_accident_count":0,"risk_score":67.8,"risk_level":"medium","confidence":"probable","motorcycle_accident_ratio":0.75,"pedestrian_accident_ratio":0.25}},{"type":"Feature","geometry":{"type":"Point","coordinates":[121.50311,25.08875]},"properties":{"hotspot_id":"臺北市-51472","hotspot_type":"road_segment","county":"臺北市","township":"士林區","road_or_intersection":"環河北路3段","accident_count":8,"motorcycle_accident_count":3,"pedestrian_accident_count":1,"death_count":0,"injury_count":11,"fatal_accident_count":0,"risk_score":67.7,"risk_level":"medium","confidence":"probable","motorcycle_accident_ratio":0.375,"pedestrian_accident_ratio":0.125}},{"type":"Feature","geometry":{"type":"Point","coordinates":[121.5239,25.04936]},"properties":{"hotspot_id":"臺北市-51757","hotspot_type":"road_segment","county":"臺北市","township":"中山區","road_or_intersection":"長安東路1段","accident_count":6,"motorcycle_accident_count":5,"pedestrian_accident_count":1,"death_count":0,"injury_count":10,"fatal_accident_count":0,"risk_score":67.7,"risk_level":"medium","confidence":"probable","motorcycle_accident_ratio":0.8333,"pedestrian_accident_ratio":0.1667}},{"type":"Feature","geometry":{"type":"Point","coordinates":[121.51037,25.04932]},"properties":{"hotspot_id":"臺北市-51748","hotspot_type":"road_segment","county":"臺北市","township":"大同區","road_or_intersection":"塔城街","accident_count":7,"motorcycle_accident_count":7,"pedestrian_accident_count":0,"death_count":0,"injury_count":8,"fatal_accident_count":0,"risk_score":67.6,"risk_level":"medium","confidence":"probable","motorcycle_accident_ratio":1.0,"pedestrian_accident_ratio":0.0}},{"type":"Feature","geometry":{"type":"Point","coordinates":[121.53431,25.0404]},"properties":{"hotspot_id":"臺北市-51642","hotspot_type":"road_segment","county":"臺北市","township":"大安區","road_or_intersection":"濟南路3段","accident_count":7,"motorcycle_accident_count":6,"pedestrian_accident_count":4,"death_count":0,"injury_count":8,"fatal_accident_count":0,"risk_score":67.5,"risk_level":"medium","confidence":"probable","motorcycle_accident_ratio":0.8571,"pedestrian_accident_ratio":0.5714}},{"type":"Feature","geometry":{"type":"Point","coordinates":[121.57689,25.0748]},"properties":{"hotspot_id":"臺北市-51454","hotspot_type":"road_segment","county":"臺北市","township":"內湖區","road_or_intersection":"瑞光路","accident_count":12,"motorcycle_accident_count":9,"pedestrian_accident_count":0,"death_count":0,"injury_count":14,"fatal_accident_count":0,"risk_score":67.4,"risk_level":"medium","confidence":"probable","motorcycle_accident_ratio":0.75,"pedestrian_accident_ratio":0.0}},{"type":"Feature","geometry":{"type":"Point","coordinates":[121.52676,25.04152]},"properties":{"hotspot_id":"臺北市-51724","hotspot_type":"road_segment","county":"臺北市","township":"中正區","road_or_intersection":"濟南路2段","accident_count":9,"motorcycle_accident_count":8,"pedestrian_accident_count":0,"death_count":0,"injury_count":13,"fatal_accident_count":0,"risk_score":67.4,"risk_level":"medium","confidence":"probable","motorcycle_accident_ratio":0.8889,"pedestrian_accident_ratio":0.0}},{"type":"Feature","geometry":{"type":"Point","coordinates":[121.58982,25.0718]},"properties":{"hotspot_id":"臺北市-51583","hotspot_type":"road_segment","county":"臺北市","township":"內湖區","road_or_intersection":"成功路2段","accident_count":11,"motorcycle_accident_count":9,"pedestrian_accident_count":0,"death_count":0,"injury_count":13,"fatal_accident_count":0,"risk_score":67.2,"risk_level":"medium","confidence":"low_confidence","motorcycle_accident_ratio":0.8182,"pedestrian_accident_ratio":0.0}},{"type":"Feature","geometry":{"type":"Point","coordinates":[121.50039,25.13422]},"properties":{"hotspot_id":"臺北市-51429","hotspot_type":"road_segment","county":"臺北市","township":"北投區","road_or_intersection":"中央北路1段","accident_count":6,"motorcycle_accident_count":5,"pedestrian_accident_count":3,"death_count":0,"injury_count":9,"fatal_accident_count":0,"risk_score":67.1,"risk_level":"medium","confidence":"probable","motorcycle_accident_ratio":0.8333,"pedestrian_accident_ratio":0.5}},{"type":"Feature","geometry":{"type":"Point","coordinates":[121.61473,25.05289]},"properties":{"hotspot_id":"臺北市-51604","hotspot_type":"road_segment","county":"臺北市","township":"南港區","road_or_intersection":"忠孝東路7段","accident_count":5,"motorcycle_accident_count":5,"pedestrian_accident_count":1,"death_count":0,"injury_count":5,"fatal_accident_count":0,"risk_score":67.0,"risk_level":"medium","confidence":"probable","motorcycle_accident_ratio":1.0,"pedestrian_accident_ratio":0.2}},{"type":"Feature","geometry":{"type":"Point","coordinates":[121.5561,25.04807]},"properties":{"hotspot_id":"臺北市-51626","hotspot_type":"road_segment","county":"臺北市","township":"松山區","road_or_intersection":"八德路3段","accident_count":6,"motorcycle_accident_count":5,"pedestrian_accident_count":2,"death_count":0,"injury_count":9,"fatal_accident_count":0,"risk_score":66.9,"risk_level":"medium","confidence":"probable","motorcycle_accident_ratio":0.8333,"pedestrian_accident_ratio":0.3333}},{"type":"Feature","geometry":{"type":"Point","coordinates":[121.51974,25.04322]},"properties":{"hotspot_id":"臺北市-51734","hotspot_type":"road_segment","county":"臺北市","township":"中正區","road_or_intersection":"濟南路1段","accident_count":6,"motorcycle_accident_count":6,"pedestrian_accident_count":0,"death_count":0,"injury_count":8,"fatal_accident_count":0,"risk_score":66.4,"risk_level":"medium","confidence":"probable","motorcycle_accident_ratio":1.0,"pedestrian_accident_ratio":0.0}},{"type":"Feature","geometry":{"type":"Point","coordinates":[121.54326,25.0149]},"properties":{"hotspot_id":"臺北市-51567","hotspot_type":"road_segment","county":"臺北市","township":"大安區","road_or_intersection":"基隆路3段","accident_count":6,"motorcycle_accident_count":6,"pedestrian_accident_count":0,"death_count":0,"injury_count":8,"fatal_accident_count":0,"risk_score":66.4,"risk_level":"medium","confidence":"probable","motorcycle_accident_ratio":1.0,"pedestrian_accident_ratio":0.0}},{"type":"Feature","geometry":{"type":"Point","coordinates":[121.5262,25.0345]},"properties":{"hotspot_id":"臺北市-51554","hotspot_type":"road_segment","county":"臺北市","township":"大安區","road_or_intersection":"信義路2段","accident_count":6,"motorcycle_accident_count":6,"pedestrian_accident_count":0,"death_count":0,"injury_count":8,"fatal_accident_count":0,"risk_score":66.4,"risk_level":"medium","confidence":"probable","motorcycle_accident_ratio":1.0,"pedestrian_accident_ratio":0.0}},{"type":"Feature","geometry":{"type":"Point","coordinates":[121.49896,25.0359]},"properties":{"hotspot_id":"臺北市-51688","hotspot_type":"road_segment","county":"臺北市","township":"萬華區","road_or_intersection":"和平西路3段","accident_count":7,"motorcycle_accident_count":6,"pedestrian_accident_count":1,"death_count":0,"injury_count":8,"fatal_accident_count":0,"risk_score":66.4,"risk_level":"medium","confidence":"probable","motorcycle_accident_ratio":0.8571,"pedestrian_accident_ratio":0.1429}},{"type":"Feature","geometry":{"type":"Point","coordinates":[121.57025,25.07851]},"properties":{"hotspot_id":"臺北市-51460","hotspot_type":"road_segment","county":"臺北市","township":"內湖區","road_or_intersection":"瑞光路","accident_count":6,"motorcycle_accident_count":6,"pedestrian_accident_count":0,"death_count":0,"injury_count":8,"fatal_accident_count":0,"risk_score":66.4,"risk_level":"medium","confidence":"probable","motorcycle_accident_ratio":1.0,"pedestrian_accident_ratio":0.0}},{"type":"Feature","geometry":{"type":"Point","coordinates":[121.5908,25.04619]},"properties":{"hotspot_id":"臺北市-51464","hotspot_type":"road_segment","county":"臺北市","township":"南港區","road_or_intersection":"東新街","accident_count":6,"motorcycle_accident_count":6,"pedestrian_accident_count":0,"death_count":0,"injury_count":8,"fatal_accident_count":0,"risk_score":66.4,"risk_level":"medium","confidence":"probable","motorcycle_accident_ratio":1.0,"pedestrian_accident_ratio":0.0}},{"type":"Feature","geometry":{"type":"Point","coordinates":[121.54299,25.10442]},"properties":{"hotspot_id":"臺北市-51364","hotspot_type":"road_segment","county":"臺北市","township":"士林區","road_or_intersection":"仰德大道2段","accident_count":6,"motorcycle_accident_count":6,"pedestrian_accident_count":0,"death_count":0,"injury_count":8,"fatal_accident_count":0,"risk_score":66.4,"risk_level":"medium","confidence":"probable","motorcycle_accident_ratio":1.0,"pedestrian_accident_ratio":0.0}},{"type":"Feature","geometry":{"type":"Point","coordinates":[121.55543,25.02387]},"properties":{"hotspot_id":"臺北市-51797","hotspot_type":"road_segment","county":"臺北市","township":"信義區","road_or_intersection":"信安街","accident_count":6,"motorcycle_accident_count":5,"pedestrian_accident_count":1,"death_count":0,"injury_count":9,"fatal_accident_count":0,"risk_score":66.3,"risk_level":"medium","confidence":"probable","motorcycle_accident_ratio":0.8333,"pedestrian_accident_ratio":0.1667}},{"type":"Feature","geometry":{"type":"Point","coordinates":[121.47862,25.12227]},"properties":{"hotspot_id":"臺北市-51333","hotspot_type":"road_segment","county":"臺北市","township":"北投區","road_or_intersection":"大度路3段","accident_count":5,"motorcycle_accident_count":5,"pedestrian_accident_count":0,"death_count":0,"injury_count":9,"fatal_accident_count":0,"risk_score":66.2,"risk_level":"medium","confidence":"probable","motorcycle_accident_ratio":1.0,"pedestrian_accident_ratio":0.0}},{"type":"Feature","geometry":{"type":"Point","coordinates":[121.52075,25.02949]},"properties":{"hotspot_id":"臺北市-51565","hotspot_type":"road_segment","county":"臺北市","township":"中正區","road_or_intersection":"羅斯福路2段","accident_count":7,"motorcycle_accident_count":7,"pedestrian_accident_count":0,"death_count":0,"injury_count":7,"fatal_accident_count":0,"risk_score":65.9,"risk_level":"medium","confidence":"probable","motorcycle_accident_ratio":1.0,"pedestrian_accident_ratio":0.0}},{"type":"Feature","geometry":{"type":"Point","coordinates":[121.56729,25.0389]},"properties":{"hotspot_id":"臺北市-51877","hotspot_type":"road_segment","county":"臺北市","township":"信義區","road_or_intersection":"松高路","accident_count":6,"motorcycle_accident_count":4,"pedestrian_accident_count":1,"death_count":0,"injury_count":10,"fatal_accident_count":0,"risk_score":65.7,"risk_level":"medium","confidence":"probable","motorcycle_accident_ratio":0.6667,"pedestrian_accident_ratio":0.1667}},{"type":"Feature","geometry":{"type":"Point","coordinates":[121.56779,25.00224]},"properties":{"hotspot_id":"臺北市-51393","hotspot_type":"road_segment","county":"臺北市","township":"文山區","road_or_intersection":"萬美街1段","accident_count":9,"motorcycle_accident_count":8,"pedestrian_accident_count":0,"death_count":0,"injury_count":11,"fatal_accident_count":0,"risk_score":65.6,"risk_level":"medium","confidence":"probable","motorcycle_accident_ratio":0.8889,"pedestrian_accident_ratio":0.0}},{"type":"Feature","geometry":{"type":"Point","coordinates":[121.55763,25.03909]},"properties":{"hotspot_id":"臺北市-51887","hotspot_type":"road_segment","county":"臺北市","township":"信義區","road_or_intersection":"光復南路","accident_count":10,"motorcycle_accident_count":8,"pedestrian_accident_count":0,"death_count":0,"injury_count":12,"fatal_accident_count":0,"risk_score":65.5,"risk_level":"medium","confidence":"probable","motorcycle_accident_ratio":0.8,"pedestrian_accident_ratio":0.0}},{"type":"Feature","geometry":{"type":"Point","coordinates":[121.54369,25.02197]},"properties":{"hotspot_id":"臺北市-51784","hotspot_type":"road_segment","county":"臺北市","township":"大安區","road_or_intersection":"復興南路2段","accident_count":8,"motorcycle_accident_count":7,"pedestrian_accident_count":0,"death_count":0,"injury_count":12,"fatal_accident_count":0,"risk_score":65.4,"risk_level":"medium","confidence":"probable","motorcycle_accident_ratio":0.875,"pedestrian_accident_ratio":0.0}},{"type":"Feature","geometry":{"type":"Point","coordinates":[121.55015,25.04467]},"properties":{"hotspot_id":"臺北市-51868","hotspot_type":"road_segment","county":"臺北市","township":"大安區市","road_or_intersection":"民大道4段","accident_count":8,"motorcycle_accident_count":7,"pedestrian_accident_count":0,"death_count":0,"injury_count":12,"fatal_accident_count":0,"risk_score":65.4,"risk_level":"medium","confidence":"probable","motorcycle_accident_ratio":0.875,"pedestrian_accident_ratio":0.0}},{"type":"Feature","geometry":{"type":"Point","coordinates":[121.57151,25.07796]},"properties":{"hotspot_id":"臺北市-51459","hotspot_type":"road_segment","county":"臺北市","township":"內湖區","road_or_intersection":"瑞光路","accident_count":6,"motorcycle_accident_count":6,"pedestrian_accident_count":0,"death_count":0,"injury_count":7,"fatal_accident_count":0,"risk_score":64.7,"risk_level":"medium","confidence":"probable","motorcycle_accident_ratio":1.0,"pedestrian_accident_ratio":0.0}},{"type":"Feature","geometry":{"type":"Point","coordinates":[121.55991,25.0826]},"properties":{"hotspot_id":"臺北市-51444","hotspot_type":"road_segment","county":"臺北市","township":"中山區","road_or_intersection":"樂群三路","accident_count":6,"motorcycle_accident_count":6,"pedestrian_accident_count":0,"death_count":0,"injury_count":7,"fatal_accident_count":0,"risk_score":64.7,"risk_level":"medium","confidence":"probable","motorcycle_accident_ratio":1.0,"pedestrian_accident_ratio":0.0}},{"type":"Feature","geometry":{"type":"Point","coordinates":[121.56522,25.08011]},"properties":{"hotspot_id":"臺北市-51441","hotspot_type":"road_segment","county":"臺北市","township":"內湖區","road_or_intersection":"基湖路","accident_count":6,"motorcycle_accident_count":6,"pedestrian_accident_count":0,"death_count":0,"injury_count":7,"fatal_accident_count":0,"risk_score":64.7,"risk_level":"medium","confidence":"probable","motorcycle_accident_ratio":1.0,"pedestrian_accident_ratio":0.0}},{"type":"Feature","geometry":{"type":"Point","coordinates":[121.58825,25.08153]},"properties":{"hotspot_id":"臺北市-51439","hotspot_type":"road_segment","county":"臺北市","township":"內湖區","road_or_intersection":"內湖路2段","accident_count":5,"motorcycle_accident_count":5,"pedestrian_accident_count":0,"death_count":0,"injury_count":8,"fatal_accident_count":0,"risk_score":64.7,"risk_level":"medium","confidence":"probable","motorcycle_accident_ratio":1.0,"pedestrian_accident_ratio":0.0}},{"type":"Feature","geometry":{"type":"Point","coordinates":[121.49467,25.02566]},"properties":{"hotspot_id":"臺北市-51518","hotspot_type":"road_segment","county":"臺北市","township":"萬華區","road_or_intersection":"寶興街","accident_count":5,"motorcycle_accident_count":5,"pedestrian_accident_count":0,"death_count":0,"injury_count":8,"fatal_accident_count":0,"risk_score":64.7,"risk_level":"medium","confidence":"probable","motorcycle_accident_ratio":1.0,"pedestrian_accident_ratio":0.0}},{"type":"Feature","geometry":{"type":"Point","coordinates":[121.49643,25.02997]},"properties":{"hotspot_id":"臺北市-51516","hotspot_type":"road_segment","county":"臺北市","township":"萬華區","road_or_intersection":"西園路2段","accident_count":6,"motorcycle_accident_count":6,"pedestrian_accident_count":0,"death_count":0,"injury_count":7,"fatal_accident_count":0,"risk_score":64.7,"risk_level":"medium","confidence":"probable","motorcycle_accident_ratio":1.0,"pedestrian_accident_ratio":0.0}},{"type":"Feature","geometry":{"type":"Point","coordinates":[121.49556,25.01426]},"properties":{"hotspot_id":"臺北市-51539","hotspot_type":"road_segment","county":"臺北市","township":"萬華區","road_or_intersection":"華中橋前0.0公尺","accident_count":5,"motorcycle_accident_count":5,"pedestrian_accident_count":0,"death_count":0,"injury_count":8,"fatal_accident_count":0,"risk_score":64.7,"risk_level":"medium","confidence":"probable","motorcycle_accident_ratio":1.0,"pedestrian_accident_ratio":0.0}},{"type":"Feature","geometry":{"type":"Point","coordinates":[121.51302,25.06623]},"properties":{"hotspot_id":"臺北市-51705","hotspot_type":"road_segment","county":"臺北市","township":"大同區","road_or_intersection":"昌吉街","accident_count":5,"motorcycle_accident_count":5,"pedestrian_accident_count":0,"death_count":0,"injury_count":8,"fatal_accident_count":0,"risk_score":64.7,"risk_level":"medium","confidence":"probable","motorcycle_accident_ratio":1.0,"pedestrian_accident_ratio":0.0}},{"type":"Feature","geometry":{"type":"Point","coordinates":[121.54212,25.02142]},"properties":{"hotspot_id":"臺北市-51764","hotspot_type":"road_segment","county":"臺北市","township":"大安區","road_or_intersection":"辛亥路2段","accident_count":5,"motorcycle_accident_count":5,"pedestrian_accident_count":0,"death_count":0,"injury_count":8,"fatal_accident_count":0,"risk_score":64.7,"risk_level":"medium","confidence":"probable","motorcycle_accident_ratio":1.0,"pedestrian_accident_ratio":0.0}},{"type":"Feature","geometry":{"type":"Point","coordinates":[121.53145,25.0426]},"properties":{"hotspot_id":"臺北市-51778","hotspot_type":"road_segment","county":"臺北市","township":"中正區","road_or_intersection":"忠孝東路2段","accident_count":6,"motorcycle_accident_count":6,"pedestrian_accident_count":0,"death_count":0,"injury_count":7,"fatal_accident_count":0,"risk_score":64.7,"risk_level":"medium","confidence":"probable","motorcycle_accident_ratio":1.0,"pedestrian_accident_ratio":0.0}},{"type":"Feature","geometry":{"type":"Point","coordinates":[121.5445,25.04147]},"properties":{"hotspot_id":"臺北市-51854","hotspot_type":"road_segment","county":"臺北市","township":"大安區","road_or_intersection":"忠孝東路4段","accident_count":8,"motorcycle_accident_count":7,"pedestrian_accident_count":0,"death_count":0,"injury_count":11,"fatal_accident_count":0,"risk_score":64.5,"risk_level":"medium","confidence":"probable","motorcycle_accident_ratio":0.875,"pedestrian_accident_ratio":0.0}},{"type":"Feature","geometry":{"type":"Point","coordinates":[121.60726,25.07265]},"properties":{"hotspot_id":"臺北市-51368","hotspot_type":"road_segment","county":"臺北市","township":"內湖區","road_or_intersection":"康寧路3段","accident_count":9,"motorcycle_accident_count":8,"pedestrian_accident_count":0,"death_count":0,"injury_count":10,"fatal_accident_count":0,"risk_score":64.4,"risk_level":"medium","confidence":"probable","motorcycle_accident_ratio":0.8889,"pedestrian_accident_ratio":0.0}},{"type":"Feature","geometry":{"type":"Point","coordinates":[121.54446,25.07549]},"properties":{"hotspot_id":"臺北市-51513","hotspot_type":"road_segment","county":"臺北市","township":"中山區","road_or_intersection":"大直橋前0.0公尺","accident_count":8,"motorcycle_accident_count":5,"pedestrian_accident_count":0,"death_count":0,"injury_count":14,"fatal_accident_count":0,"risk_score":63.9,"risk_level":"medium","confidence":"probable","motorcycle_accident_ratio":0.625,"pedestrian_accident_ratio":0.0}},{"type":"Feature","geometry":{"type":"Point","coordinates":[121.51203,25.04983]},"properties":{"hotspot_id":"臺北市-51749","hotspot_type":"road_segment","county":"臺北市","township":"大同區市","road_or_intersection":"民高架道","accident_count":9,"motorcycle_accident_count":5,"pedestrian_accident_count":0,"death_count":0,"injury_count":13,"fatal_accident_count":0,"risk_score":63.8,"risk_level":"medium","confidence":"probable","motorcycle_accident_ratio":0.5556,"pedestrian_accident_ratio":0.0}},{"type":"Feature","geometry":{"type":"Point","coordinates":[121.56067,25.03474]},"properties":{"hotspot_id":"臺北市-51832","hotspot_type":"road_segment","county":"臺北市","township":"信義區","road_or_intersection":"基隆路1段","accident_count":9,"motorcycle_accident_count":7,"pedestrian_accident_count":0,"death_count":0,"injury_count":11,"fatal_accident_count":0,"risk_score":63.5,"risk_level":"medium","confidence":"probable","motorcycle_accident_ratio":0.7778,"pedestrian_accident_ratio":0.0}},{"type":"Feature","geometry":{"type":"Point","coordinates":[121.55599,25.05873]},"properties":{"hotspot_id":"臺北市-51625","hotspot_type":"road_segment","county":"臺北市","township":"松山區","road_or_intersection":"民生東路5段","accident_count":10,"motorcycle_accident_count":7,"pedestrian_accident_count":0,"death_count":0,"injury_count":11,"fatal_accident_count":0,"risk_score":63.5,"risk_level":"medium","confidence":"probable","motorcycle_accident_ratio":0.7,"pedestrian_accident_ratio":0.0}},{"type":"Feature","geometry":{"type":"Point","coordinates":[121.5263,25.05497]},"properties":{"hotspot_id":"臺北市-51767","hotspot_type":"road_segment","county":"臺北市","township":"中山區","road_or_intersection":"長春路","accident_count":5,"motorcycle_accident_count":4,"pedestrian_accident_count":3,"death_count":0,"injury_count":8,"fatal_accident_count":0,"risk_score":63.4,"risk_level":"medium","confidence":"probable","motorcycle_accident_ratio":0.8,"pedestrian_accident_ratio":0.6}},{"type":"Feature","geometry":{"type":"Point","coordinates":[121.5081,25.05688]},"properties":{"hotspot_id":"臺北市-51729","hotspot_type":"road_segment","county":"臺北市","township":"大同區","road_or_intersection":"大稻埕堤外便道","accident_count":8,"motorcycle_accident_count":6,"pedestrian_accident_count":0,"death_count":0,"injury_count":12,"fatal_accident_count":0,"risk_score":63.3,"risk_level":"medium","confidence":"probable","motorcycle_accident_ratio":0.75,"pedestrian_accident_ratio":0.0}},{"type":"Feature","geometry":{"type":"Point","coordinates":[121.58991,25.12487]},"properties":{"hotspot_id":"臺北市-51315","hotspot_type":"road_segment","county":"臺北市","township":"士林區","road_or_intersection":"萬溪產業道","accident_count":8,"motorcycle_accident_count":6,"pedestrian_accident_count":0,"death_count":0,"injury_count":12,"fatal_accident_count":0,"risk_score":63.3,"risk_level":"medium","confidence":"probable","motorcycle_accident_ratio":0.75,"pedestrian_accident_ratio":0.0}},{"type":"Feature","geometry":{"type":"Point","coordinates":[121.5865,25.08112]},"properties":{"hotspot_id":"臺北市-51438","hotspot_type":"road_segment","county":"臺北市","township":"內湖區","road_or_intersection":"內湖路2段","accident_count":7,"motorcycle_accident_count":6,"pedestrian_accident_count":0,"death_count":0,"injury_count":11,"fatal_accident_count":0,"risk_score":63.1,"risk_level":"medium","confidence":"probable","motorcycle_accident_ratio":0.8571,"pedestrian_accident_ratio":0.0}},{"type":"Feature","geometry":{"type":"Point","coordinates":[121.49324,25.02047]},"properties":{"hotspot_id":"臺北市-51424","hotspot_type":"road_segment","county":"臺北市","township":"萬華區","road_or_intersection":"堤外便道","accident_count":5,"motorcycle_accident_count":5,"pedestrian_accident_count":0,"death_count":0,"injury_count":7,"fatal_accident_count":0,"risk_score":63.0,"risk_level":"medium","confidence":"probable","motorcycle_accident_ratio":1.0,"pedestrian_accident_ratio":0.0}},{"type":"Feature","geometry":{"type":"Point","coordinates":[121.51718,25.0673]},"properties":{"hotspot_id":"臺北市-51694","hotspot_type":"road_segment","county":"臺北市","township":"大同區","road_or_intersection":"大龍街","accident_count":5,"motorcycle_accident_count":5,"pedestrian_accident_count":0,"death_count":0,"injury_count":7,"fatal_accident_count":0,"risk_score":63.0,"risk_level":"medium","confidence":"probable","motorcycle_accident_ratio":1.0,"pedestrian_accident_ratio":0.0}},{"type":"Feature","geometry":{"type":"Point","coordinates":[121.54086,25.04462]},"properties":{"hotspot_id":"臺北市-51698","hotspot_type":"road_segment","county":"臺北市","township":"中山區市","road_or_intersection":"民大道3段","accident_count":5,"motorcycle_accident_count":5,"pedestrian_accident_count":0,"death_count":0,"injury_count":7,"fatal_accident_count":0,"risk_score":63.0,"risk_level":"medium","confidence":"probable","motorcycle_accident_ratio":1.0,"pedestrian_accident_ratio":0.0}},{"type":"Feature","geometry":{"type":"Point","coordinates":[121.52482,25.06441]},"properties":{"hotspot_id":"臺北市-51697","hotspot_type":"road_segment","county":"臺北市","township":"中山區","road_or_intersection":"農安街","accident_count":5,"motorcycle_accident_count":5,"pedestrian_accident_count":0,"death_count":0,"injury_count":7,"fatal_accident_count":0,"risk_score":63.0,"risk_level":"medium","confidence":"probable","motorcycle_accident_ratio":1.0,"pedestrian_accident_ratio":0.0}},{"type":"Feature","geometry":{"type":"Point","coordinates":[121.51318,25.04204]},"properties":{"hotspot_id":"臺北市-51679","hotspot_type":"road_segment","county":"臺北市","township":"中正區","road_or_intersection":"重慶南路1段","accident_count":5,"motorcycle_accident_count":5,"pedestrian_accident_count":0,"death_count":0,"injury_count":7,"fatal_accident_count":0,"risk_score":63.0,"risk_level":"medium","confidence":"probable","motorcycle_accident_ratio":1.0,"pedestrian_accident_ratio":0.0}},{"type":"Feature","geometry":{"type":"Point","coordinates":[121.50087,25.02675]},"properties":{"hotspot_id":"臺北市-51530","hotspot_type":"road_segment","county":"臺北市","township":"萬華區","road_or_intersection":"萬大路","accident_count":5,"motorcycle_accident_count":5,"pedestrian_accident_count":0,"death_count":0,"injury_count":7,"fatal_accident_count":0,"risk_score":63.0,"risk_level":"medium","confidence":"probable","motorcycle_accident_ratio":1.0,"pedestrian_accident_ratio":0.0}},{"type":"Feature","geometry":{"type":"Point","coordinates":[121.50984,25.08488]},"properties":{"hotspot_id":"臺北市-51478","hotspot_type":"road_segment","county":"臺北市","township":"士林區","road_or_intersection":"延平北路5段","accident_count":5,"motorcycle_accident_count":5,"pedestrian_accident_count":0,"death_count":0,"injury_count":7,"fatal_accident_count":0,"risk_score":63.0,"risk_level":"medium","confidence":"probable","motorcycle_accident_ratio":1.0,"pedestrian_accident_ratio":0.0}},{"type":"Feature","geometry":{"type":"Point","coordinates":[121.56416,25.07061]},"properties":{"hotspot_id":"臺北市-51331","hotspot_type":"road_segment","county":"臺北市","township":"松山區","road_or_intersection":"撫遠街","accident_count":5,"motorcycle_accident_count":2,"pedestrian_accident_count":0,"death_count":2,"injury_count":6,"fatal_accident_count":1,"risk_score":62.9,"risk_level":"medium","confidence":"probable","motorcycle_accident_ratio":0.4,"pedestrian_accident_ratio":0.0}},{"type":"Feature","geometry":{"type":"Point","coordinates":[121.55629,25.04141]},"properties":{"hotspot_id":"臺北市-51894","hotspot_type":"road_segment","county":"臺北市","township":"大安區","road_or_intersection":"忠孝東路4段","accident_count":8,"motorcycle_accident_count":5,"pedestrian_accident_count":0,"death_count":0,"injury_count":12,"fatal_accident_count":0,"risk_score":62.4,"risk_level":"medium","confidence":"probable","motorcycle_accident_ratio":0.625,"pedestrian_accident_ratio":0.0}},{"type":"Feature","geometry":{"type":"Point","coordinates":[121.56637,25.04109]},"properties":{"hotspot_id":"臺北市-51905","hotspot_type":"road_segment","county":"臺北市","township":"信義區","road_or_intersection":"忠孝東路5段","accident_count":8,"motorcycle_accident_count":6,"pedestrian_accident_count":0,"death_count":0,"injury_count":11,"fatal_accident_count":0,"risk_score":62.4,"risk_level":"medium","confidence":"probable","motorcycle_accident_ratio":0.75,"pedestrian_accident_ratio":0.0}},{"type":"Feature","geometry":{"type":"Point","coordinates":[121.5778,25.04184]},"properties":{"hotspot_id":"臺北市-51886","hotspot_type":"road_segment","county":"臺北市","township":"信義區","road_or_intersection":"松山路","accident_count":9,"motorcycle_accident_count":7,"pedestrian_accident_count":0,"death_count":0,"injury_count":10,"fatal_accident_count":0,"risk_score":62.3,"risk_level":"medium","confidence":"probable","motorcycle_accident_ratio":0.7778,"pedestrian_accident_ratio":0.0}},{"type":"Feature","geometry":{"type":"Point","coordinates":[121.5665,25.04461]},"properties":{"hotspot_id":"臺北市-51892","hotspot_type":"road_segment","county":"臺北市","township":"信義區","road_or_intersection":"基隆路1段","accident_count":7,"motorcycle_accident_count":5,"pedestrian_accident_count":0,"death_count":0,"injury_count":12,"fatal_accident_count":0,"risk_score":62.0,"risk_level":"medium","confidence":"probable","motorcycle_accident_ratio":0.7143,"pedestrian_accident_ratio":0.0}},{"type":"Feature","geometry":{"type":"Point","coordinates":[121.49864,25.02934]},"properties":{"hotspot_id":"臺北市-51523","hotspot_type":"road_segment","county":"臺北市","township":"萬華區","road_or_intersection":"西藏路","accident_count":7,"motorcycle_accident_count":6,"pedestrian_accident_count":0,"death_count":0,"injury_count":10,"fatal_accident_count":0,"risk_score":61.9,"risk_level":"medium","confidence":"probable","motorcycle_accident_ratio":0.8571,"pedestrian_accident_ratio":0.0}},{"type":"Feature","geometry":{"type":"Point","coordinates":[121.53221,25.0382]},"properties":{"hotspot_id":"臺北市-51505","hotspot_type":"road_segment","county":"臺北市","township":"中正區","road_or_intersection":"仁愛路2段","accident_count":7,"motorcycle_accident_count":6,"pedestrian_accident_count":0,"death_count":0,"injury_count":10,"fatal_accident_count":0,"risk_score":61.9,"risk_level":"medium","confidence":"probable","motorcycle_accident_ratio":0.8571,"pedestrian_accident_ratio":0.0}},{"type":"Feature","geometry":{"type":"Point","coordinates":[121.50798,25.05572]},"properties":{"hotspot_id":"臺北市-51730","hotspot_type":"road_segment","county":"臺北市","township":"大同區","road_or_intersection":"環河北路1段","accident_count":7,"motorcycle_accident_count":6,"pedestrian_accident_count":0,"death_count":0,"injury_count":10,"fatal_accident_count":0,"risk_score":61.9,"risk_level":"medium","confidence":"probable","motorcycle_accident_ratio":0.8571,"pedestrian_accident_ratio":0.0}},{"type":"Feature","geometry":{"type":"Point","coordinates":[121.47366,25.12266]},"properties":{"hotspot_id":"臺北市-51339","hotspot_type":"road_segment","county":"臺北市","township":"北投區","road_or_intersection":"大度路","accident_count":7,"motorcycle_accident_count":6,"pedestrian_accident_count":0,"death_count":0,"injury_count":10,"fatal_accident_count":0,"risk_score":61.9,"risk_level":"medium","confidence":"probable","motorcycle_accident_ratio":0.8571,"pedestrian_accident_ratio":0.0}},{"type":"Feature","geometry":{"type":"Point","coordinates":[121.55048,25.07991]},"properties":{"hotspot_id":"臺北市-51510","hotspot_type":"road_segment","county":"臺北市","township":"中山區","road_or_intersection":"北安路","accident_count":7,"motorcycle_accident_count":4,"pedestrian_accident_count":1,"death_count":0,"injury_count":7,"fatal_accident_count":0,"risk_score":61.8,"risk_level":"medium","confidence":"probable","motorcycle_accident_ratio":0.5714,"pedestrian_accident_ratio":0.1429}},{"type":"Feature","geometry":{"type":"Point","coordinates":[121.53671,25.04613]},"properties":{"hotspot_id":"臺北市-51841","hotspot_type":"road_segment","county":"臺北市","township":"中山區","road_or_intersection":"建國北路1段","accident_count":6,"motorcycle_accident_count":3,"pedestrian_accident_count":0,"death_count":1,"injury_count":5,"fatal_accident_count":1,"risk_score":61.7,"risk_level":"medium","confidence":"probable","motorcycle_accident_ratio":0.5,"pedestrian_accident_ratio":0.0}},{"type":"Feature","geometry":{"type":"Point","coordinates":[121.48846,25.14332]},"properties":{"hotspot_id":"臺北市-51346","hotspot_type":"road_segment","county":"臺北市","township":"北投區","road_or_intersection":"稻香路","accident_count":8,"motorcycle_accident_count":6,"pedestrian_accident_count":0,"death_count":0,"injury_count":10,"fatal_accident_count":0,"risk_score":61.2,"risk_level":"medium","confidence":"probable","motorcycle_accident_ratio":0.75,"pedestrian_accident_ratio":0.0}},{"type":"Feature","geometry":{"type":"Point","coordinates":[121.57481,25.07857]},"properties":{"hotspot_id":"臺北市-51453","hotspot_type":"road_segment","county":"臺北市","township":"內湖區","road_or_intersection":"洲子街","accident_count":5,"motorcycle_accident_count":5,"pedestrian_accident_count":0,"death_count":0,"injury_count":6,"fatal_accident_count":0,"risk_score":61.2,"risk_level":"medium","confidence":"probable","motorcycle_accident_ratio":1.0,"pedestrian_accident_ratio":0.0}},{"type":"Feature","geometry":{"type":"Point","coordinates":[121.54989,25.04818]},"properties":{"hotspot_id":"臺北市-51533","hotspot_type":"road_segment","county":"臺北市","township":"松山區","road_or_intersection":"八德路3段","accident_count":5,"motorcycle_accident_count":5,"pedestrian_accident_count":0,"death_count":0,"injury_count":6,"fatal_accident_count":0,"risk_score":61.2,"risk_level":"medium","confidence":"probable","motorcycle_accident_ratio":1.0,"pedestrian_accident_ratio":0.0}},{"type":"Feature","geometry":{"type":"Point","coordinates":[121.55282,25.04119]},"properties":{"hotspot_id":"臺北市-51879","hotspot_type":"road_segment","county":"臺北市","township":"大安區","road_or_intersection":"忠孝東路4段","accident_count":5,"motorcycle_accident_count":5,"pedestrian_accident_count":0,"death_count":0,"injury_count":6,"fatal_accident_count":0,"risk_score":61.2,"risk_level":"medium","confidence":"probable","motorcycle_accident_ratio":1.0,"pedestrian_accident_ratio":0.0}},{"type":"Feature","geometry":{"type":"Point","coordinates":[121.60548,25.09455]},"properties":{"hotspot_id":"臺北市-51322","hotspot_type":"road_segment","county":"臺北市","township":"內湖區","road_or_intersection":"大湖街","accident_count":5,"motorcycle_accident_count":4,"pedestrian_accident_count":1,"death_count":0,"injury_count":7,"fatal_accident_count":0,"risk_score":61.1,"risk_level":"medium","confidence":"probable","motorcycle_accident_ratio":0.8,"pedestrian_accident_ratio":0.2}},{"type":"Feature","geometry":{"type":"Point","coordinates":[121.54722,25.0482]},"properties":{"hotspot_id":"臺北市-51829","hotspot_type":"road_segment","county":"臺北市","township":"松山區","road_or_intersection":"八德路2段","accident_count":5,"motorcycle_accident_count":4,"pedestrian_accident_count":1,"death_count":0,"injury_count":7,"fatal_accident_count":0,"risk_score":61.1,"risk_level":"medium","confidence":"probable","motorcycle_accident_ratio":0.8,"pedestrian_accident_ratio":0.2}},{"type":"Feature","geometry":{"type":"Point","coordinates":[121.5218,25.0448]},"properties":{"hotspot_id":"臺北市-51746","hotspot_type":"road_segment","county":"臺北市","township":"中正區","road_or_intersection":"忠孝東路1段","accident_count":7,"motorcycle_accident_count":6,"pedestrian_accident_count":0,"death_count":0,"injury_count":9,"fatal_accident_count":0,"risk_score":60.6,"risk_level":"medium","confidence":"probable","motorcycle_accident_ratio":0.8571,"pedestrian_accident_ratio":0.0}},{"type":"Feature","geometry":{"type":"Point","coordinates":[121.57879,25.06683]},"properties":{"hotspot_id":"臺北市-51610","hotspot_type":"road_segment","county":"臺北市","township":"內湖區","road_or_intersection":"民權大橋前0.0公尺","accident_count":7,"motorcycle_accident_count":6,"pedestrian_accident_count":0,"death_count":0,"injury_count":9,"fatal_accident_count":0,"risk_score":60.6,"risk_level":"medium","confidence":"probable","motorcycle_accident_ratio":0.8571,"pedestrian_accident_ratio":0.0}},{"type":"Feature","geometry":{"type":"Point","coordinates":[121.58302,25.00042]},"properties":{"hotspot_id":"臺北市-51358","hotspot_type":"road_segment","county":"臺北市","township":"文山區","road_or_intersection":"新光路2段","accident_count":7,"motorcycle_accident_count":6,"pedestrian_accident_count":0,"death_count":0,"injury_count":9,"fatal_accident_count":0,"risk_score":60.6,"risk_level":"medium","confidence":"probable","motorcycle_accident_ratio":0.8571,"pedestrian_accident_ratio":0.0}},{"type":"Feature","geometry":{"type":"Point","coordinates":[121.58981,25.0787]},"properties":{"hotspot_id":"臺北市-51436","hotspot_type":"road_segment","county":"臺北市","township":"內湖區","road_or_intersection":"成功路3段","accident_count":8,"motorcycle_accident_count":7,"pedestrian_accident_count":0,"death_count":0,"injury_count":8,"fatal_accident_count":0,"risk_score":60.4,"risk_level":"medium","confidence":"probable","motorcycle_accident_ratio":0.875,"pedestrian_accident_ratio":0.0}},{"type":"Feature","geometry":{"type":"Point","coordinates":[121.55173,24.99116]},"properties":{"hotspot_id":"臺北市-51376","hotspot_type":"road_segment","county":"臺北市","township":"文山區","road_or_intersection":"辛亥路6段","accident_count":8,"motorcycle_accident_count":7,"pedestrian_accident_count":0,"death_count":0,"injury_count":8,"fatal_accident_count":0,"risk_score":60.4,"risk_level":"medium","confidence":"probable","motorcycle_accident_ratio":0.875,"pedestrian_accident_ratio":0.0}},{"type":"Feature","geometry":{"type":"Point","coordinates":[121.56872,25.04304]},"properties":{"hotspot_id":"臺北市-51888","hotspot_type":"road_segment","county":"臺北市","township":"信義區","road_or_intersection":"永吉路","accident_count":6,"motorcycle_accident_count":4,"pedestrian_accident_count":3,"death_count":0,"injury_count":6,"fatal_accident_count":0,"risk_score":60.2,"risk_level":"medium","confidence":"probable","motorcycle_accident_ratio":0.6667,"pedestrian_accident_ratio":0.5}},{"type":"Feature","geometry":{"type":"Point","coordinates":[121.57828,25.0495]},"properties":{"hotspot_id":"臺北市-51884","hotspot_type":"road_segment","county":"臺北市","township":"松山區","road_or_intersection":"八德路4段","accident_count":5,"motorcycle_accident_count":3,"pedestrian_accident_count":3,"death_count":0,"injury_count":7,"fatal_accident_count":0,"risk_score":60.1,"risk_level":"medium","confidence":"probable","motorcycle_accident_ratio":0.6,"pedestrian_accident_ratio":0.6}},{"type":"Feature","geometry":{"type":"Point","coordinates":[121.56845,25.0376]},"properties":{"hotspot_id":"臺北市-51896","hotspot_type":"road_segment","county":"臺北市","township":"信義區","road_or_intersection":"松仁路","accident_count":8,"motorcycle_accident_count":6,"pedestrian_accident_count":0,"death_count":0,"injury_count":9,"fatal_accident_count":0,"risk_score":59.9,"risk_level":"medium","confidence":"probable","motorcycle_accident_ratio":0.75,"pedestrian_accident_ratio":0.0}},{"type":"Feature","geometry":{"type":"Point","coordinates":[121.53616,24.99661]},"properties":{"hotspot_id":"臺北市-51349","hotspot_type":"road_segment","county":"臺北市","township":"文山區","road_or_intersection":"景福街","accident_count":7,"motorcycle_accident_count":5,"pedestrian_accident_count":0,"death_count":0,"injury_count":10,"fatal_accident_count":0,"risk_score":59.9,"risk_level":"medium","confidence":"probable","motorcycle_accident_ratio":0.7143,"pedestrian_accident_ratio":0.0}},{"type":"Feature","geometry":{"type":"Point","coordinates":[121.54182,25.01495]},"properties":{"hotspot_id":"臺北市-51566","hotspot_type":"road_segment","county":"臺北市","township":"大安區","road_or_intersection":"基隆路","accident_count":6,"motorcycle_accident_count":4,"pedestrian_accident_count":0,"death_count":0,"injury_count":11,"fatal_accident_count":0,"risk_score":59.4,"risk_level":"medium","confidence":"probable","motorcycle_accident_ratio":0.6667,"pedestrian_accident_ratio":0.0}},{"type":"Feature","geometry":{"type":"Point","coordinates":[121.59515,25.05309]},"properties":{"hotspot_id":"臺北市-51636","hotspot_type":"road_segment","county":"臺北市","township":"南港區","road_or_intersection":"向陽路","accident_count":5,"motorcycle_accident_count":3,"pedestrian_accident_count":1,"death_count":0,"injury_count":7,"fatal_accident_count":0,"risk_score":59.4,"risk_level":"medium","confidence":"probable","motorcycle_accident_ratio":0.6,"pedestrian_accident_ratio":0.2}},{"type":"Feature","geometry":{"type":"Point","coordinates":[121.54074,24.99268]},"properties":{"hotspot_id":"臺北市-51389","hotspot_type":"road_segment","county":"臺北市","township":"文山區","road_or_intersection":"羅斯福路6段","accident_count":6,"motorcycle_accident_count":4,"pedestrian_accident_count":1,"death_count":0,"injury_count":6,"fatal_accident_count":0,"risk_score":59.3,"risk_level":"medium","confidence":"probable","motorcycle_accident_ratio":0.6667,"pedestrian_accident_ratio":0.1667}},{"type":"Feature","geometry":{"type":"Point","coordinates":[121.59254,25.05391]},"properties":{"hotspot_id":"臺北市-51470","hotspot_type":"road_segment","county":"臺北市","township":"南港區","road_or_intersection":"昆陽街","accident_count":5,"motorcycle_accident_count":4,"pedestrian_accident_count":1,"death_count":0,"injury_count":6,"fatal_accident_count":0,"risk_score":59.2,"risk_level":"medium","confidence":"probable","motorcycle_accident_ratio":0.8,"pedestrian_accident_ratio":0.2}},{"type":"Feature","geometry":{"type":"Point","coordinates":[121.56844,25.03971]},"properties":{"hotspot_id":"臺北市-51899","hotspot_type":"road_segment","county":"臺北市","township":"信義區","road_or_intersection":"松仁路","accident_count":5,"motorcycle_accident_count":5,"pedestrian_accident_count":0,"death_count":0,"injury_count":5,"fatal_accident_count":0,"risk_score":59.2,"risk_level":"medium","confidence":"probable","motorcycle_accident_ratio":1.0,"pedestrian_accident_ratio":0.0}},{"type":"Feature","geometry":{"type":"Point","coordinates":[121.54705,25.04161]},"properties":{"hotspot_id":"臺北市-51864","hotspot_type":"road_segment","county":"臺北市","township":"大安區","road_or_intersection":"忠孝東路4段","accident_count":5,"motorcycle_accident_count":4,"pedestrian_accident_count":1,"death_count":0,"injury_count":6,"fatal_accident_count":0,"risk_score":59.2,"risk_level":"medium","confidence":"probable","motorcycle_accident_ratio":0.8,"pedestrian_accident_ratio":0.2}},{"type":"Feature","geometry":{"type":"Point","coordinates":[121.50952,25.04517]},"properties":{"hotspot_id":"臺北市-51736","hotspot_type":"road_segment","county":"臺北市","township":"中正區","road_or_intersection":"漢口街1段","accident_count":6,"motorcycle_accident_count":5,"pedestrian_accident_count":0,"death_count":0,"injury_count":9,"fatal_accident_count":0,"risk_score":58.8,"risk_level":"medium","confidence":"probable","motorcycle_accident_ratio":0.8333,"pedestrian_accident_ratio":0.0}},{"type":"Feature","geometry":{"type":"Point","coordinates":[121.57001,25.05137]},"properties":{"hotspot_id":"臺北市-51897","hotspot_type":"road_segment","county":"臺北市","township":"松山區","road_or_intersection":"麥帥一橋前0.0公尺","accident_count":6,"motorcycle_accident_count":5,"pedestrian_accident_count":0,"death_count":0,"injury_count":9,"fatal_accident_count":0,"risk_score":58.8,"risk_level":"medium","confidence":"probable","motorcycle_accident_ratio":0.8333,"pedestrian_accident_ratio":0.0}},{"type":"Feature","geometry":{"type":"Point","coordinates":[121.53434,25.02866]},"properties":{"hotspot_id":"臺北市-51564","hotspot_type":"road_segment","county":"臺北市","township":"大安區","road_or_intersection":"新生南路2段","accident_count":6,"motorcycle_accident_count":5,"pedestrian_accident_count":0,"death_count":0,"injury_count":9,"fatal_accident_count":0,"risk_score":58.8,"risk_level":"medium","confidence":"probable","motorcycle_accident_ratio":0.8333,"pedestrian_accident_ratio":0.0}},{"type":"Feature","geometry":{"type":"Point","coordinates":[121.56153,25.05876]},"properties":{"hotspot_id":"臺北市-51621","hotspot_type":"road_segment","county":"臺北市","township":"松山區","road_or_intersection":"民生東路5段","accident_count":8,"motorcycle_accident_count":6,"pedestrian_accident_count":0,"death_count":0,"injury_count":8,"fatal_accident_count":0,"risk_score":58.4,"risk_level":"medium","confidence":"probable","motorcycle_accident_ratio":0.75,"pedestrian_accident_ratio":0.0}},{"type":"Feature","geometry":{"type":"Point","coordinates":[121.55234,25.1197]},"properties":{"hotspot_id":"臺北市-51316","hotspot_type":"road_segment","county":"臺北市","township":"士林區","road_or_intersection":"仰德大道3段","accident_count":8,"motorcycle_accident_count":6,"pedestrian_accident_count":0,"death_count":0,"injury_count":8,"fatal_accident_count":0,"risk_score":58.4,"risk_level":"medium","confidence":"probable","motorcycle_accident_ratio":0.75,"pedestrian_accident_ratio":0.0}},{"type":"Feature","geometry":{"type":"Point","coordinates":[121.55113,25.00263]},"properties":{"hotspot_id":"臺北市-51353","hotspot_type":"road_segment","county":"臺北市","township":"文山區","road_or_intersection":"福興路","accident_count":5,"motorcycle_accident_count":3,"pedestrian_accident_count":2,"death_count":0,"injury_count":6,"fatal_accident_count":0,"risk_score":58.0,"risk_level":"medium","confidence":"probable","motorcycle_accident_ratio":0.6,"pedestrian_accident_ratio":0.4}},{"type":"Feature","geometry":{"type":"Point","coordinates":[121.558,25.04986]},"properties":{"hotspot_id":"臺北市-51630","hotspot_type":"road_segment","county":"臺北市","township":"松山區","road_or_intersection":"光復北路","accident_count":6,"motorcycle_accident_count":3,"pedestrian_accident_count":0,"death_count":0,"injury_count":10,"fatal_accident_count":0,"risk_score":57.4,"risk_level":"medium","confidence":"probable","motorcycle_accident_ratio":0.5,"pedestrian_accident_ratio":0.0}},{"type":"Feature","geometry":{"type":"Point","coordinates":[121.54365,25.16286]},"properties":{"hotspot_id":"臺北市-51317","hotspot_type":"road_segment","county":"臺北市","township":"北投區","road_or_intersection":"竹子湖路","accident_count":7,"motorcycle_accident_count":5,"pedestrian_accident_count":0,"death_count":0,"injury_count":8,"fatal_accident_count":0,"risk_score":57.0,"risk_level":"medium","confidence":"probable","motorcycle_accident_ratio":0.7143,"pedestrian_accident_ratio":0.0}},{"type":"Feature","geometry":{"type":"Point","coordinates":[121.56311,25.0493]},"properties":{"hotspot_id":"臺北市-51843","hotspot_type":"road_segment","county":"臺北市","township":"松山區","road_or_intersection":"八德路4段","accident_count":7,"motorcycle_accident_count":5,"pedestrian_accident_count":0,"death_count":0,"injury_count":8,"fatal_accident_count":0,"risk_score":57.0,"risk_level":"medium","confidence":"probable","motorcycle_accident_ratio":0.7143,"pedestrian_accident_ratio":0.0}},{"type":"Feature","geometry":{"type":"Point","coordinates":[121.53863,25.07792]},"properties":{"hotspot_id":"臺北市-51474","hotspot_type":"road_segment","county":"臺北市","township":"中山區","road_or_intersection":"北安路","accident_count":6,"motorcycle_accident_count":4,"pedestrian_accident_count":0,"death_count":0,"injury_count":9,"fatal_accident_count":0,"risk_score":56.9,"risk_level":"medium","confidence":"probable","motorcycle_accident_ratio":0.6667,"pedestrian_accident_ratio":0.0}},{"type":"Feature","geometry":{"type":"Point","coordinates":[121.54559,25.04058]},"properties":{"hotspot_id":"臺北市-51865","hotspot_type":"road_segment","county":"臺北市","township":"大安區","road_or_intersection":"大安路1段","accident_count":5,"motorcycle_accident_count":3,"pedestrian_accident_count":2,"death_count":0,"injury_count":5,"fatal_accident_count":0,"risk_score":56.1,"risk_level":"medium","confidence":"probable","motorcycle_accident_ratio":0.6,"pedestrian_accident_ratio":0.4}},{"type":"Feature","geometry":{"type":"Point","coordinates":[121.56609,25.04776]},"properties":{"hotspot_id":"臺北市-51889","hotspot_type":"road_segment","county":"臺北市","township":"信義區","road_or_intersection":"東興路","accident_count":6,"motorcycle_accident_count":5,"pedestrian_accident_count":0,"death_count":0,"injury_count":7,"fatal_accident_count":0,"risk_score":55.6,"risk_level":"medium","confidence":"probable","motorcycle_accident_ratio":0.8333,"pedestrian_accident_ratio":0.0}},{"type":"Feature","geometry":{"type":"Point","coordinates":[121.5515,25.04451]},"properties":{"hotspot_id":"臺北市-51869","hotspot_type":"road_segment","county":"臺北市","township":"大安區市","road_or_intersection":"民大道4段","accident_count":6,"motorcycle_accident_count":5,"pedestrian_accident_count":0,"death_count":0,"injury_count":7,"fatal_accident_count":0,"risk_score":55.6,"risk_level":"medium","confidence":"probable","motorcycle_accident_ratio":0.8333,"pedestrian_accident_ratio":0.0}},{"type":"Feature","geometry":{"type":"Point","coordinates":[121.56716,25.03593]},"properties":{"hotspot_id":"臺北市-51815","hotspot_type":"road_segment","county":"臺北市","township":"信義區","road_or_intersection":"松壽路","accident_count":6,"motorcycle_accident_count":5,"pedestrian_accident_count":0,"death_count":0,"injury_count":7,"fatal_accident_count":0,"risk_score":55.6,"risk_level":"medium","confidence":"probable","motorcycle_accident_ratio":0.8333,"pedestrian_accident_ratio":0.0}},{"type":"Feature","geometry":{"type":"Point","coordinates":[121.53682,25.0519]},"properties":{"hotspot_id":"臺北市-51835","hotspot_type":"road_segment","county":"臺北市","township":"中山區","road_or_intersection":"建國北路1段","accident_count":6,"motorcycle_accident_count":5,"pedestrian_accident_count":0,"death_count":0,"injury_count":7,"fatal_accident_count":0,"risk_score":55.6,"risk_level":"medium","confidence":"probable","motorcycle_accident_ratio":0.8333,"pedestrian_accident_ratio":0.0}},{"type":"Feature","geometry":{"type":"Point","coordinates":[121.53474,25.02444]},"properties":{"hotspot_id":"臺北市-51586","hotspot_type":"road_segment","county":"臺北市","township":"大安區","road_or_intersection":"新生南路3段","accident_count":6,"motorcycle_accident_count":5,"pedestrian_accident_count":0,"death_count":0,"injury_count":7,"fatal_accident_count":0,"risk_score":55.6,"risk_level":"medium","confidence":"probable","motorcycle_accident_ratio":0.8333,"pedestrian_accident_ratio":0.0}},{"type":"Feature","geometry":{"type":"Point","coordinates":[121.50384,25.08535]},"properties":{"hotspot_id":"臺北市-51476","hotspot_type":"road_segment","county":"臺北市","township":"士林區","road_or_intersection":"重陽橋前0.0公尺","accident_count":6,"motorcycle_accident_count":5,"pedestrian_accident_count":0,"death_count":0,"injury_count":7,"fatal_accident_count":0,"risk_score":55.6,"risk_level":"medium","confidence":"probable","motorcycle_accident_ratio":0.8333,"pedestrian_accident_ratio":0.0}},{"type":"Feature","geometry":{"type":"Point","coordinates":[121.51802,25.02692]},"properties":{"hotspot_id":"臺北市-51589","hotspot_type":"road_segment","county":"臺北市","township":"中正區","road_or_intersection":"廈門街","accident_count":6,"motorcycle_accident_count":4,"pedestrian_accident_count":0,"death_count":0,"injury_count":8,"fatal_accident_count":0,"risk_score":55.4,"risk_level":"medium","confidence":"probable","motorcycle_accident_ratio":0.6667,"pedestrian_accident_ratio":0.0}},{"type":"Feature","geometry":{"type":"Point","coordinates":[121.53349,25.00939]},"properties":{"hotspot_id":"臺北市-51555","hotspot_type":"road_segment","county":"臺北市","township":"中正區","road_or_intersection":"福和橋前0.0公尺","accident_count":5,"motorcycle_accident_count":4,"pedestrian_accident_count":0,"death_count":0,"injury_count":8,"fatal_accident_count":0,"risk_score":55.0,"risk_level":"medium","confidence":"probable","motorcycle_accident_ratio":0.8,"pedestrian_accident_ratio":0.0}},{"type":"Feature","geometry":{"type":"Point","coordinates":[121.49963,25.09229]},"properties":{"hotspot_id":"臺北市-51466","hotspot_type":"road_segment","county":"臺北市","township":"士林區","road_or_intersection":"延平北路6段","accident_count":6,"motorcycle_accident_count":3,"pedestrian_accident_count":0,"death_count":0,"injury_count":8,"fatal_accident_count":0,"risk_score":54.6,"risk_level":"medium","confidence":"probable","motorcycle_accident_ratio":0.5,"pedestrian_accident_ratio":0.0}},{"type":"Feature","geometry":{"type":"Point","coordinates":[121.55766,25.03274]},"properties":{"hotspot_id":"臺北市-51823","hotspot_type":"road_segment","county":"臺北市","township":"信義區","road_or_intersection":"光復南路","accident_count":6,"motorcycle_accident_count":5,"pedestrian_accident_count":0,"death_count":0,"injury_count":6,"fatal_accident_count":0,"risk_score":53.8,"risk_level":"medium","confidence":"probable","motorcycle_accident_ratio":0.8333,"pedestrian_accident_ratio":0.0}},{"type":"Feature","geometry":{"type":"Point","coordinates":[121.57809,25.0789]},"properties":{"hotspot_id":"臺北市-51457","hotspot_type":"road_segment","county":"臺北市","township":"內湖區","road_or_intersection":"內湖路1段","accident_count":6,"motorcycle_accident_count":5,"pedestrian_accident_count":0,"death_count":0,"injury_count":6,"fatal_accident_count":0,"risk_score":53.8,"risk_level":"medium","confidence":"probable","motorcycle_accident_ratio":0.8333,"pedestrian_accident_ratio":0.0}},{"type":"Feature","geometry":{"type":"Point","coordinates":[121.53066,25.02646]},"properties":{"hotspot_id":"臺北市-51578","hotspot_type":"road_segment","county":"臺北市","township":"大安區","road_or_intersection":"和平東路1段","accident_count":5,"motorcycle_accident_count":3,"pedestrian_accident_count":0,"death_count":0,"injury_count":8,"fatal_accident_count":0,"risk_score":53.4,"risk_level":"medium","confidence":"probable","motorcycle_accident_ratio":0.6,"pedestrian_accident_ratio":0.0}},{"type":"Feature","geometry":{"type":"Point","coordinates":[121.50848,25.05827]},"properties":{"hotspot_id":"臺北市-51727","hotspot_type":"road_segment","county":"臺北市","township":"大同區","road_or_intersection":"環河北路1段","accident_count":5,"motorcycle_accident_count":4,"pedestrian_accident_count":0,"death_count":0,"injury_count":7,"fatal_accident_count":0,"risk_score":53.3,"risk_level":"medium","confidence":"probable","motorcycle_accident_ratio":0.8,"pedestrian_accident_ratio":0.0}},{"type":"Feature","geometry":{"type":"Point","coordinates":[121.50064,25.04417]},"properties":{"hotspot_id":"臺北市-51711","hotspot_type":"road_segment","county":"臺北市","township":"萬華區","road_or_intersection":"堤外便道","accident_count":5,"motorcycle_accident_count":4,"pedestrian_accident_count":0,"death_count":0,"injury_count":7,"fatal_accident_count":0,"risk_score":53.3,"risk_level":"medium","confidence":"probable","motorcycle_accident_ratio":0.8,"pedestrian_accident_ratio":0.0}},{"type":"Feature","geometry":{"type":"Point","coordinates":[121.50002,25.09523]},"properties":{"hotspot_id":"臺北市-51467","hotspot_type":"road_segment","county":"臺北市","township":"士林區","road_or_intersection":"延平北路7段","accident_count":5,"motorcycle_accident_count":4,"pedestrian_accident_count":0,"death_count":0,"injury_count":7,"fatal_accident_count":0,"risk_score":53.3,"risk_level":"medium","confidence":"probable","motorcycle_accident_ratio":0.8,"pedestrian_accident_ratio":0.0}},{"type":"Feature","geometry":{"type":"Point","coordinates":[121.56365,25.04492]},"properties":{"hotspot_id":"臺北市-51782","hotspot_type":"road_segment","county":"臺北市","township":"信義區市","road_or_intersection":"民高架永吉路","accident_count":5,"motorcycle_accident_count":2,"pedestrian_accident_count":0,"death_count":0,"injury_count":8,"fatal_accident_count":0,"risk_score":52.6,"risk_level":"medium","confidence":"probable","motorcycle_accident_ratio":0.4,"pedestrian_accident_ratio":0.0}},{"type":"Feature","geometry":{"type":"Point","coordinates":[121.56973,25.0557]},"properties":{"hotspot_id":"臺北市-51836","hotspot_type":"road_segment","county":"臺北市","township":"松山區","road_or_intersection":"塔悠路","accident_count":5,"motorcycle_accident_count":3,"pedestrian_accident_count":0,"death_count":0,"injury_count":7,"fatal_accident_count":0,"risk_score":51.6,"risk_level":"medium","confidence":"probable","motorcycle_accident_ratio":0.6,"pedestrian_accident_ratio":0.0}},{"type":"Feature","geometry":{"type":"Point","coordinates":[121.5179,25.03437]},"properties":{"hotspot_id":"臺北市-51574","hotspot_type":"road_segment","county":"臺北市","township":"中正區","road_or_intersection":"愛國東路","accident_count":5,"motorcycle_accident_count":4,"pedestrian_accident_count":0,"death_count":0,"injury_count":6,"fatal_accident_count":0,"risk_score":51.5,"risk_level":"medium","confidence":"probable","motorcycle_accident_ratio":0.8,"pedestrian_accident_ratio":0.0}},{"type":"Feature","geometry":{"type":"Point","coordinates":[121.50656,25.03562]},"properties":{"hotspot_id":"臺北市-51576","hotspot_type":"road_segment","county":"臺北市","township":"中正區","road_or_intersection":"中華路2段","accident_count":5,"motorcycle_accident_count":4,"pedestrian_accident_count":0,"death_count":0,"injury_count":6,"fatal_accident_count":0,"risk_score":51.5,"risk_level":"medium","confidence":"probable","motorcycle_accident_ratio":0.8,"pedestrian_accident_ratio":0.0}},{"type":"Feature","geometry":{"type":"Point","coordinates":[121.57402,24.99762]},"properties":{"hotspot_id":"臺北市-51421","hotspot_type":"road_segment","county":"臺北市","township":"文山區","road_or_intersection":"木柵路4段","accident_count":6,"motorcycle_accident_count":3,"pedestrian_accident_count":0,"death_count":0,"injury_count":6,"fatal_accident_count":0,"risk_score":51.0,"risk_level":"medium","confidence":"probable","motorcycle_accident_ratio":0.5,"pedestrian_accident_ratio":0.0}},{"type":"Feature","geometry":{"type":"Point","coordinates":[121.55434,25.04134]},"properties":{"hotspot_id":"臺北市-51893","hotspot_type":"road_segment","county":"臺北市","township":"大安區","road_or_intersection":"忠孝東路4段","accident_count":6,"motorcycle_accident_count":3,"pedestrian_accident_count":0,"death_count":0,"injury_count":6,"fatal_accident_count":0,"risk_score":51.0,"risk_level":"medium","confidence":"probable","motorcycle_accident_ratio":0.5,"pedestrian_accident_ratio":0.0}},{"type":"Feature","geometry":{"type":"Point","coordinates":[121.53485,25.07321]},"properties":{"hotspot_id":"臺北市-51432","hotspot_type":"road_segment","county":"臺北市","township":"中山區","road_or_intersection":"濱江街","accident_count":5,"motorcycle_accident_count":4,"pedestrian_accident_count":0,"death_count":0,"injury_count":5,"fatal_accident_count":0,"risk_score":49.6,"risk_level":"medium","confidence":"probable","motorcycle_accident_ratio":0.8,"pedestrian_accident_ratio":0.0}},{"type":"Feature","geometry":{"type":"Point","coordinates":[121.54226,25.0483]},"properties":{"hotspot_id":"臺北市-51827","hotspot_type":"road_segment","county":"臺北市","township":"中山區","road_or_intersection":"長安東路2段","accident_count":5,"motorcycle_accident_count":4,"pedestrian_accident_count":0,"death_count":0,"injury_count":5,"fatal_accident_count":0,"risk_score":49.6,"risk_level":"medium","confidence":"probable","motorcycle_accident_ratio":0.8,"pedestrian_accident_ratio":0.0}},{"type":"Feature","geometry":{"type":"Point","coordinates":[121.55557,25.00041]},"properties":{"hotspot_id":"臺北市-51354","hotspot_type":"road_segment","county":"臺北市","township":"文山區","road_or_intersection":"興隆路3段","accident_count":5,"motorcycle_accident_count":4,"pedestrian_accident_count":0,"death_count":0,"injury_count":5,"fatal_accident_count":0,"risk_score":49.6,"risk_level":"medium","confidence":"probable","motorcycle_accident_ratio":0.8,"pedestrian_accident_ratio":0.0}},{"type":"Feature","geometry":{"type":"Point","coordinates":[121.48641,25.10321]},"properties":{"hotspot_id":"臺北市-51321","hotspot_type":"road_segment","county":"臺北市","township":"士林區","road_or_intersection":"延平北路8段","accident_count":5,"motorcycle_accident_count":4,"pedestrian_accident_count":0,"death_count":0,"injury_count":5,"fatal_accident_count":0,"risk_score":49.6,"risk_level":"medium","confidence":"probable","motorcycle_accident_ratio":0.8,"pedestrian_accident_ratio":0.0}},{"type":"Feature","geometry":{"type":"Point","coordinates":[121.58727,25.00831]},"properties":{"hotspot_id":"臺北市-51329","hotspot_type":"road_segment","county":"臺北市","township":"文山區","road_or_intersection":"木柵路5段","accident_count":5,"motorcycle_accident_count":2,"pedestrian_accident_count":0,"death_count":0,"injury_count":6,"fatal_accident_count":0,"risk_score":49.1,"risk_level":"medium","confidence":"probable","motorcycle_accident_ratio":0.4,"pedestrian_accident_ratio":0.0}},{"type":"Feature","geometry":{"type":"Point","coordinates":[121.52152,25.02029]},"properties":{"hotspot_id":"臺北市-51561","hotspot_type":"road_segment","county":"臺北市","township":"中正區","road_or_intersection":"水源快速道","accident_count":5,"motorcycle_accident_count":1,"pedestrian_accident_count":0,"death_count":0,"injury_count":6,"fatal_accident_count":0,"risk_score":49.0,"risk_level":"medium","confidence":"probable","motorcycle_accident_ratio":0.2,"pedestrian_accident_ratio":0.0}},{"type":"Feature","geometry":{"type":"Point","coordinates":[121.52104,25.04848]},"properties":{"hotspot_id":"臺北市-51758","hotspot_type":"road_segment","county":"臺北市","township":"中山區","road_or_intersection":"中山北路1段","accident_count":5,"motorcycle_accident_count":3,"pedestrian_accident_count":0,"death_count":0,"injury_count":5,"fatal_accident_count":0,"risk_score":47.9,"risk_level":"low","confidence":"probable","motorcycle_accident_ratio":0.6,"pedestrian_accident_ratio":0.0}}]}