{"type":"FeatureCollection","features":[{"type":"Feature","id":"TPS_00000","properties":{"id":"TPS_00000","n_nodes":16},"geometry":{"type":"Point","coordinates":[121.576396,25.054528]}},{"type":"Feature","id":"TPS_00001","properties":{"id":"TPS_00001","n_nodes":14},"geometry":{"type":"Point","coordinates":[121.552503,25.024346]}},{"type":"Feature","id":"TPS_00002","properties":{"id":"TPS_00002","n_nodes":12},"geometry":{"type":"Point","coordinates":[121.56269,25.08044]}},{"type":"Feature","id":"TPS_00003","properties":{"id":"TPS_00003","n_nodes":11},"geometry":{"type":"Point","coordinates":[121.532892,25.045626]}},{"type":"Feature","id":"TPS_00004","properties":{"id":"TPS_00004","n_nodes":10},"geometry":{"type":"Point","coordinates":[121.561632,25.037558]}},{"type":"Feature","id":"TPS_00005","properties":{"id":"TPS_00005","n_nodes":9},"geometry":{"type":"Point","coordinates":[121.548796,25.033277]}},{"type":"Feature","id":"TPS_00006","properties":{"id":"TPS_00006","n_nodes":9},"geometry":{"type":"Point","coordinates":[121.548523,25.02815]}},{"type":"Feature","id":"TPS_00007","properties":{"id":"TPS_00007","n_nodes":9},"geometry":{"type":"Point","coordinates":[121.529888,25.043301]}},{"type":"Feature","id":"TPS_00008","properties":{"id":"TPS_00008","n_nodes":9},"geometry":{"type":"Point","coordinates":[121.549649,25.037827]}},{"type":"Feature","id":"TPS_00009","properties":{"id":"TPS_00009","n_nodes":9},"geometry":{"type":"Point","coordinates":[121.565374,25.048845]}},{"type":"Feature","id":"TPS_00010","properties":{"id":"TPS_00010","n_nodes":8},"geometry":{"type":"Point","coordinates":[121.543694,25.037968]}},{"type":"Feature","id":"TPS_00011","properties":{"id":"TPS_00011","n_nodes":8},"geometry":{"type":"Point","coordinates":[121.548829,25.037142]}},{"type":"Feature","id":"TPS_00012","properties":{"id":"TPS_00012","n_nodes":8},"geometry":{"type":"Point","coordinates":[121.548842,25.038583]}},{"type":"Feature","id":"TPS_00013","properties":{"id":"TPS_00013","n_nodes":8},"geometry":{"type":"Point","coordinates":[121.551314,25.03781]}},{"type":"Feature","id":"TPS_00014","properties":{"id":"TPS_00014","n_nodes":8},"geometry":{"type":"Point","coordinates":[121.532822,25.038149]}},{"type":"Feature","id":"TPS_00015","properties":{"id":"TPS_00015","n_nodes":8},"geometry":{"type":"Point","coordinates":[121.53283,25.040151]}},{"type":"Feature","id":"TPS_00016","properties":{"id":"TPS_00016","n_nodes":8},"geometry":{"type":"Point","coordinates":[121.527928,25.095771]}},{"type":"Feature","id":"TPS_00017","properties":{"id":"TPS_00017","n_nodes":8},"geometry":{"type":"Point","coordinates":[121.537088,25.01115]}},{"type":"Feature","id":"TPS_00018","properties":{"id":"TPS_00018","n_nodes":8},"geometry":{"type":"Point","coordinates":[121.553739,25.048127]}},{"type":"Feature","id":"TPS_00019","properties":{"id":"TPS_00019","n_nodes":8},"geometry":{"type":"Point","coordinates":[121.563182,25.061639]}},{"type":"Feature","id":"TPS_00020","properties":{"id":"TPS_00020","n_nodes":8},"geometry":{"type":"Point","coordinates":[121.586376,25.059581]}},{"type":"Feature","id":"TPS_00021","properties":{"id":"TPS_00021","n_nodes":7},"geometry":{"type":"Point","coordinates":[121.575982,24.987653]}},{"type":"Feature","id":"TPS_00022","properties":{"id":"TPS_00022","n_nodes":7},"geometry":{"type":"Point","coordinates":[121.548064,25.037924]}},{"type":"Feature","id":"TPS_00023","properties":{"id":"TPS_00023","n_nodes":7},"geometry":{"type":"Point","coordinates":[121.557576,25.037688]}},{"type":"Feature","id":"TPS_00024","properties":{"id":"TPS_00024","n_nodes":7},"geometry":{"type":"Point","coordinates":[121.548744,25.029959]}},{"type":"Feature","id":"TPS_00025","properties":{"id":"TPS_00025","n_nodes":7},"geometry":{"type":"Point","coordinates":[121.552178,25.014142]}},{"type":"Feature","id":"TPS_00026","properties":{"id":"TPS_00026","n_nodes":7},"geometry":{"type":"Point","coordinates":[121.563499,25.058192]}},{"type":"Feature","id":"TPS_00027","properties":{"id":"TPS_00027","n_nodes":7},"geometry":{"type":"Point","coordinates":[121.567314,25.054337]}},{"type":"Feature","id":"TPS_00028","properties":{"id":"TPS_00028","n_nodes":7},"geometry":{"type":"Point","coordinates":[121.561906,24.988532]}},{"type":"Feature","id":"TPS_00029","properties":{"id":"TPS_00029","n_nodes":7},"geometry":{"type":"Point","coordinates":[121.503311,25.035119]}},{"type":"Feature","id":"TPS_00030","properties":{"id":"TPS_00030","n_nodes":7},"geometry":{"type":"Point","coordinates":[121.535802,25.07281]}},{"type":"Feature","id":"TPS_00031","properties":{"id":"TPS_00031","n_nodes":7},"geometry":{"type":"Point","coordinates":[121.548841,25.021195]}},{"type":"Feature","id":"TPS_00032","properties":{"id":"TPS_00032","n_nodes":7},"geometry":{"type":"Point","coordinates":[121.57474,25.069273]}},{"type":"Feature","id":"TPS_00033","properties":{"id":"TPS_00033","n_nodes":7},"geometry":{"type":"Point","coordinates":[121.565513,24.98288]}},{"type":"Feature","id":"TPS_00034","properties":{"id":"TPS_00034","n_nodes":7},"geometry":{"type":"Point","coordinates":[121.568577,24.988563]}},{"type":"Feature","id":"TPS_00035","properties":{"id":"TPS_00035","n_nodes":7},"geometry":{"type":"Point","coordinates":[121.548848,25.050075]}},{"type":"Feature","id":"TPS_00036","properties":{"id":"TPS_00036","n_nodes":6},"geometry":{"type":"Point","coordinates":[121.519277,25.044506]}},{"type":"Feature","id":"TPS_00037","properties":{"id":"TPS_00037","n_nodes":6},"geometry":{"type":"Point","coordinates":[121.520301,25.047149]}},{"type":"Feature","id":"TPS_00038","properties":{"id":"TPS_00038","n_nodes":6},"geometry":{"type":"Point","coordinates":[121.552478,25.033206]}},{"type":"Feature","id":"TPS_00039","properties":{"id":"TPS_00039","n_nodes":6},"geometry":{"type":"Point","coordinates":[121.543607,25.033382]}},{"type":"Feature","id":"TPS_00040","properties":{"id":"TPS_00040","n_nodes":6},"geometry":{"type":"Point","coordinates":[121.557485,25.033096]}},{"type":"Feature","id":"TPS_00041","properties":{"id":"TPS_00041","n_nodes":6},"geometry":{"type":"Point","coordinates":[121.557755,25.045113]}},{"type":"Feature","id":"TPS_00042","properties":{"id":"TPS_00042","n_nodes":6},"geometry":{"type":"Point","coordinates":[121.537087,25.041746]}},{"type":"Feature","id":"TPS_00043","properties":{"id":"TPS_00043","n_nodes":6},"geometry":{"type":"Point","coordinates":[121.561372,25.032991]}},{"type":"Feature","id":"TPS_00044","properties":{"id":"TPS_00044","n_nodes":6},"geometry":{"type":"Point","coordinates":[121.522861,25.068446]}},{"type":"Feature","id":"TPS_00045","properties":{"id":"TPS_00045","n_nodes":6},"geometry":{"type":"Point","coordinates":[121.527631,25.062636]}},{"type":"Feature","id":"TPS_00046","properties":{"id":"TPS_00046","n_nodes":6},"geometry":{"type":"Point","coordinates":[121.548721,25.022778]}},{"type":"Feature","id":"TPS_00047","properties":{"id":"TPS_00047","n_nodes":6},"geometry":{"type":"Point","coordinates":[121.528313,25.038249]}},{"type":"Feature","id":"TPS_00048","properties":{"id":"TPS_00048","n_nodes":6},"geometry":{"type":"Point","coordinates":[121.527273,25.034083]}},{"type":"Feature","id":"TPS_00049","properties":{"id":"TPS_00049","n_nodes":6},"geometry":{"type":"Point","coordinates":[121.522623,25.062769]}},{"type":"Feature","id":"TPS_00050","properties":{"id":"TPS_00050","n_nodes":6},"geometry":{"type":"Point","coordinates":[121.530736,25.046043]}},{"type":"Feature","id":"TPS_00051","properties":{"id":"TPS_00051","n_nodes":6},"geometry":{"type":"Point","coordinates":[121.522553,25.052251]}},{"type":"Feature","id":"TPS_00052","properties":{"id":"TPS_00052","n_nodes":6},"geometry":{"type":"Point","coordinates":[121.581374,25.05721]}},{"type":"Feature","id":"TPS_00053","properties":{"id":"TPS_00053","n_nodes":6},"geometry":{"type":"Point","coordinates":[121.567043,24.98247]}},{"type":"Feature","id":"TPS_00054","properties":{"id":"TPS_00054","n_nodes":6},"geometry":{"type":"Point","coordinates":[121.550776,25.100433]}},{"type":"Feature","id":"TPS_00055","properties":{"id":"TPS_00055","n_nodes":6},"geometry":{"type":"Point","coordinates":[121.533208,25.054805]}},{"type":"Feature","id":"TPS_00056","properties":{"id":"TPS_00056","n_nodes":6},"geometry":{"type":"Point","coordinates":[121.543463,24.998851]}},{"type":"Feature","id":"TPS_00057","properties":{"id":"TPS_00057","n_nodes":6},"geometry":{"type":"Point","coordinates":[121.551376,25.072281]}},{"type":"Feature","id":"TPS_00058","properties":{"id":"TPS_00058","n_nodes":6},"geometry":{"type":"Point","coordinates":[121.560672,25.054001]}},{"type":"Feature","id":"TPS_00059","properties":{"id":"TPS_00059","n_nodes":6},"geometry":{"type":"Point","coordinates":[121.558356,25.048235]}},{"type":"Feature","id":"TPS_00060","properties":{"id":"TPS_00060","n_nodes":6},"geometry":{"type":"Point","coordinates":[121.536701,25.064918]}},{"type":"Feature","id":"TPS_00061","properties":{"id":"TPS_00061","n_nodes":6},"geometry":{"type":"Point","coordinates":[121.548877,25.042595]}},{"type":"Feature","id":"TPS_00062","properties":{"id":"TPS_00062","n_nodes":6},"geometry":{"type":"Point","coordinates":[121.54888,25.04356]}},{"type":"Feature","id":"TPS_00063","properties":{"id":"TPS_00063","n_nodes":6},"geometry":{"type":"Point","coordinates":[121.548903,25.046144]}},{"type":"Feature","id":"TPS_00064","properties":{"id":"TPS_00064","n_nodes":6},"geometry":{"type":"Point","coordinates":[121.548781,25.03096]}},{"type":"Feature","id":"TPS_00065","properties":{"id":"TPS_00065","n_nodes":6},"geometry":{"type":"Point","coordinates":[121.541855,25.047095]}},{"type":"Feature","id":"TPS_00066","properties":{"id":"TPS_00066","n_nodes":6},"geometry":{"type":"Point","coordinates":[121.560467,25.056623]}},{"type":"Feature","id":"TPS_00067","properties":{"id":"TPS_00067","n_nodes":5},"geometry":{"type":"Point","coordinates":[121.516701,25.034906]}},{"type":"Feature","id":"TPS_00068","properties":{"id":"TPS_00068","n_nodes":5},"geometry":{"type":"Point","coordinates":[121.511255,25.110499]}},{"type":"Feature","id":"TPS_00069","properties":{"id":"TPS_00069","n_nodes":5},"geometry":{"type":"Point","coordinates":[121.527383,25.090261]}},{"type":"Feature","id":"TPS_00070","properties":{"id":"TPS_00070","n_nodes":5},"geometry":{"type":"Point","coordinates":[121.504698,25.033934]}},{"type":"Feature","id":"TPS_00071","properties":{"id":"TPS_00071","n_nodes":5},"geometry":{"type":"Point","coordinates":[121.557689,25.041301]}},{"type":"Feature","id":"TPS_00072","properties":{"id":"TPS_00072","n_nodes":5},"geometry":{"type":"Point","coordinates":[121.538228,25.038015]}},{"type":"Feature","id":"TPS_00073","properties":{"id":"TPS_00073","n_nodes":5},"geometry":{"type":"Point","coordinates":[121.559566,25.033041]}},{"type":"Feature","id":"TPS_00074","properties":{"id":"TPS_00074","n_nodes":5},"geometry":{"type":"Point","coordinates":[121.552586,25.048199]}},{"type":"Feature","id":"TPS_00075","properties":{"id":"TPS_00075","n_nodes":5},"geometry":{"type":"Point","coordinates":[121.532466,25.033699]}},{"type":"Feature","id":"TPS_00076","properties":{"id":"TPS_00076","n_nodes":5},"geometry":{"type":"Point","coordinates":[121.53329,25.066566]}},{"type":"Feature","id":"TPS_00077","properties":{"id":"TPS_00077","n_nodes":5},"geometry":{"type":"Point","coordinates":[121.544119,25.05607]}},{"type":"Feature","id":"TPS_00078","properties":{"id":"TPS_00078","n_nodes":5},"geometry":{"type":"Point","coordinates":[121.513602,25.063013]}},{"type":"Feature","id":"TPS_00079","properties":{"id":"TPS_00079","n_nodes":5},"geometry":{"type":"Point","coordinates":[121.554591,25.061928]}},{"type":"Feature","id":"TPS_00080","properties":{"id":"TPS_00080","n_nodes":5},"geometry":{"type":"Point","coordinates":[121.571033,25.049845]}},{"type":"Feature","id":"TPS_00081","properties":{"id":"TPS_00081","n_nodes":5},"geometry":{"type":"Point","coordinates":[121.533608,25.030613]}},{"type":"Feature","id":"TPS_00082","properties":{"id":"TPS_00082","n_nodes":5},"geometry":{"type":"Point","coordinates":[121.513325,25.049435]}},{"type":"Feature","id":"TPS_00083","properties":{"id":"TPS_00083","n_nodes":5},"geometry":{"type":"Point","coordinates":[121.579002,25.055829]}},{"type":"Feature","id":"TPS_00084","properties":{"id":"TPS_00084","n_nodes":5},"geometry":{"type":"Point","coordinates":[121.541092,24.993045]}},{"type":"Feature","id":"TPS_00085","properties":{"id":"TPS_00085","n_nodes":5},"geometry":{"type":"Point","coordinates":[121.491497,25.029182]}},{"type":"Feature","id":"TPS_00086","properties":{"id":"TPS_00086","n_nodes":5},"geometry":{"type":"Point","coordinates":[121.517446,25.038171]}},{"type":"Feature","id":"TPS_00087","properties":{"id":"TPS_00087","n_nodes":5},"geometry":{"type":"Point","coordinates":[121.571175,25.076139]}},{"type":"Feature","id":"TPS_00088","properties":{"id":"TPS_00088","n_nodes":5},"geometry":{"type":"Point","coordinates":[121.56645,24.990634]}},{"type":"Feature","id":"TPS_00089","properties":{"id":"TPS_00089","n_nodes":5},"geometry":{"type":"Point","coordinates":[121.521344,25.101773]}},{"type":"Feature","id":"TPS_00090","properties":{"id":"TPS_00090","n_nodes":5},"geometry":{"type":"Point","coordinates":[121.563283,25.012988]}},{"type":"Feature","id":"TPS_00091","properties":{"id":"TPS_00091","n_nodes":5},"geometry":{"type":"Point","coordinates":[121.540582,25.056112]}},{"type":"Feature","id":"TPS_00092","properties":{"id":"TPS_00092","n_nodes":5},"geometry":{"type":"Point","coordinates":[121.562076,24.997261]}},{"type":"Feature","id":"TPS_00093","properties":{"id":"TPS_00093","n_nodes":5},"geometry":{"type":"Point","coordinates":[121.547943,25.06207]}},{"type":"Feature","id":"TPS_00094","properties":{"id":"TPS_00094","n_nodes":5},"geometry":{"type":"Point","coordinates":[121.536971,25.056183]}},{"type":"Feature","id":"TPS_00095","properties":{"id":"TPS_00095","n_nodes":5},"geometry":{"type":"Point","coordinates":[121.566048,25.051385]}},{"type":"Feature","id":"TPS_00096","properties":{"id":"TPS_00096","n_nodes":5},"geometry":{"type":"Point","coordinates":[121.568372,25.051295]}},{"type":"Feature","id":"TPS_00097","properties":{"id":"TPS_00097","n_nodes":5},"geometry":{"type":"Point","coordinates":[121.548812,25.026845]}},{"type":"Feature","id":"TPS_00098","properties":{"id":"TPS_00098","n_nodes":5},"geometry":{"type":"Point","coordinates":[121.542308,25.072435]}},{"type":"Feature","id":"TPS_00099","properties":{"id":"TPS_00099","n_nodes":5},"geometry":{"type":"Point","coordinates":[121.547187,25.048219]}},{"type":"Feature","id":"TPS_00100","properties":{"id":"TPS_00100","n_nodes":5},"geometry":{"type":"Point","coordinates":[121.542245,25.044597]}},{"type":"Feature","id":"TPS_00101","properties":{"id":"TPS_00101","n_nodes":4},"geometry":{"type":"Point","coordinates":[121.543864,25.044859]}},{"type":"Feature","id":"TPS_00102","properties":{"id":"TPS_00102","n_nodes":4},"geometry":{"type":"Point","coordinates":[121.532724,25.016305]}},{"type":"Feature","id":"TPS_00103","properties":{"id":"TPS_00103","n_nodes":4},"geometry":{"type":"Point","coordinates":[121.5125,25.035277]}},{"type":"Feature","id":"TPS_00104","properties":{"id":"TPS_00104","n_nodes":4},"geometry":{"type":"Point","coordinates":[121.51597,25.027245]}},{"type":"Feature","id":"TPS_00105","properties":{"id":"TPS_00105","n_nodes":4},"geometry":{"type":"Point","coordinates":[121.543776,25.041623]}},{"type":"Feature","id":"TPS_00106","properties":{"id":"TPS_00106","n_nodes":4},"geometry":{"type":"Point","coordinates":[121.522428,25.027071]}},{"type":"Feature","id":"TPS_00107","properties":{"id":"TPS_00107","n_nodes":4},"geometry":{"type":"Point","coordinates":[121.616281,25.053164]}},{"type":"Feature","id":"TPS_00108","properties":{"id":"TPS_00108","n_nodes":4},"geometry":{"type":"Point","coordinates":[121.576867,25.07943]}},{"type":"Feature","id":"TPS_00109","properties":{"id":"TPS_00109","n_nodes":4},"geometry":{"type":"Point","coordinates":[121.605733,25.073344]}},{"type":"Feature","id":"TPS_00110","properties":{"id":"TPS_00110","n_nodes":4},"geometry":{"type":"Point","coordinates":[121.506878,25.037307]}},{"type":"Feature","id":"TPS_00111","properties":{"id":"TPS_00111","n_nodes":4},"geometry":{"type":"Point","coordinates":[121.510809,25.035675]}},{"type":"Feature","id":"TPS_00112","properties":{"id":"TPS_00112","n_nodes":4},"geometry":{"type":"Point","coordinates":[121.507778,25.03128]}},{"type":"Feature","id":"TPS_00113","properties":{"id":"TPS_00113","n_nodes":4},"geometry":{"type":"Point","coordinates":[121.538251,25.007963]}},{"type":"Feature","id":"TPS_00114","properties":{"id":"TPS_00114","n_nodes":4},"geometry":{"type":"Point","coordinates":[121.523799,25.046339]}},{"type":"Feature","id":"TPS_00115","properties":{"id":"TPS_00115","n_nodes":4},"geometry":{"type":"Point","coordinates":[121.544422,25.07972]}},{"type":"Feature","id":"TPS_00116","properties":{"id":"TPS_00116","n_nodes":4},"geometry":{"type":"Point","coordinates":[121.578282,24.987139]}},{"type":"Feature","id":"TPS_00117","properties":{"id":"TPS_00117","n_nodes":4},"geometry":{"type":"Point","coordinates":[121.61091,25.065758]}},{"type":"Feature","id":"TPS_00118","properties":{"id":"TPS_00118","n_nodes":4},"geometry":{"type":"Point","coordinates":[121.610942,25.064992]}},{"type":"Feature","id":"TPS_00119","properties":{"id":"TPS_00119","n_nodes":4},"geometry":{"type":"Point","coordinates":[121.507437,25.039241]}},{"type":"Feature","id":"TPS_00120","properties":{"id":"TPS_00120","n_nodes":4},"geometry":{"type":"Point","coordinates":[121.562866,25.003462]}},{"type":"Feature","id":"TPS_00121","properties":{"id":"TPS_00121","n_nodes":4},"geometry":{"type":"Point","coordinates":[121.514722,25.035021]}},{"type":"Feature","id":"TPS_00122","properties":{"id":"TPS_00122","n_nodes":4},"geometry":{"type":"Point","coordinates":[121.514546,25.027561]}},{"type":"Feature","id":"TPS_00123","properties":{"id":"TPS_00123","n_nodes":4},"geometry":{"type":"Point","coordinates":[121.527409,25.11444]}},{"type":"Feature","id":"TPS_00124","properties":{"id":"TPS_00124","n_nodes":4},"geometry":{"type":"Point","coordinates":[121.518502,25.041896]}},{"type":"Feature","id":"TPS_00125","properties":{"id":"TPS_00125","n_nodes":4},"geometry":{"type":"Point","coordinates":[121.546041,25.037926]}},{"type":"Feature","id":"TPS_00126","properties":{"id":"TPS_00126","n_nodes":4},"geometry":{"type":"Point","coordinates":[121.574748,25.070837]}},{"type":"Feature","id":"TPS_00127","properties":{"id":"TPS_00127","n_nodes":4},"geometry":{"type":"Point","coordinates":[121.555445,25.037729]}},{"type":"Feature","id":"TPS_00128","properties":{"id":"TPS_00128","n_nodes":4},"geometry":{"type":"Point","coordinates":[121.552936,25.037779]}},{"type":"Feature","id":"TPS_00129","properties":{"id":"TPS_00129","n_nodes":4},"geometry":{"type":"Point","coordinates":[121.564489,25.041154]}},{"type":"Feature","id":"TPS_00130","properties":{"id":"TPS_00130","n_nodes":4},"geometry":{"type":"Point","coordinates":[121.552719,25.049843]}},{"type":"Feature","id":"TPS_00131","properties":{"id":"TPS_00131","n_nodes":4},"geometry":{"type":"Point","coordinates":[121.543426,25.024886]}},{"type":"Feature","id":"TPS_00132","properties":{"id":"TPS_00132","n_nodes":4},"geometry":{"type":"Point","coordinates":[121.527706,25.052088]}},{"type":"Feature","id":"TPS_00133","properties":{"id":"TPS_00133","n_nodes":4},"geometry":{"type":"Point","coordinates":[121.568327,25.03283]}},{"type":"Feature","id":"TPS_00134","properties":{"id":"TPS_00134","n_nodes":4},"geometry":{"type":"Point","coordinates":[121.534872,25.026046]}},{"type":"Feature","id":"TPS_00135","properties":{"id":"TPS_00135","n_nodes":4},"geometry":{"type":"Point","coordinates":[121.544156,25.05777]}},{"type":"Feature","id":"TPS_00136","properties":{"id":"TPS_00136","n_nodes":4},"geometry":{"type":"Point","coordinates":[121.533006,25.052032]}},{"type":"Feature","id":"TPS_00137","properties":{"id":"TPS_00137","n_nodes":4},"geometry":{"type":"Point","coordinates":[121.576774,25.03883]}},{"type":"Feature","id":"TPS_00138","properties":{"id":"TPS_00138","n_nodes":4},"geometry":{"type":"Point","coordinates":[121.577853,25.040826]}},{"type":"Feature","id":"TPS_00139","properties":{"id":"TPS_00139","n_nodes":4},"geometry":{"type":"Point","coordinates":[121.520147,25.075206]}},{"type":"Feature","id":"TPS_00140","properties":{"id":"TPS_00140","n_nodes":4},"geometry":{"type":"Point","coordinates":[121.518296,25.062893]}},{"type":"Feature","id":"TPS_00141","properties":{"id":"TPS_00141","n_nodes":4},"geometry":{"type":"Point","coordinates":[121.522157,25.080251]}},{"type":"Feature","id":"TPS_00142","properties":{"id":"TPS_00142","n_nodes":4},"geometry":{"type":"Point","coordinates":[121.570364,25.05125]}},{"type":"Feature","id":"TPS_00143","properties":{"id":"TPS_00143","n_nodes":4},"geometry":{"type":"Point","coordinates":[121.522856,25.057864]}},{"type":"Feature","id":"TPS_00144","properties":{"id":"TPS_00144","n_nodes":4},"geometry":{"type":"Point","coordinates":[121.518167,25.057319]}},{"type":"Feature","id":"TPS_00145","properties":{"id":"TPS_00145","n_nodes":4},"geometry":{"type":"Point","coordinates":[121.570397,25.04565]}},{"type":"Feature","id":"TPS_00146","properties":{"id":"TPS_00146","n_nodes":4},"geometry":{"type":"Point","coordinates":[121.52538,25.052118]}},{"type":"Feature","id":"TPS_00147","properties":{"id":"TPS_00147","n_nodes":4},"geometry":{"type":"Point","coordinates":[121.521006,25.048213]}},{"type":"Feature","id":"TPS_00148","properties":{"id":"TPS_00148","n_nodes":4},"geometry":{"type":"Point","coordinates":[121.577792,25.048013]}},{"type":"Feature","id":"TPS_00149","properties":{"id":"TPS_00149","n_nodes":4},"geometry":{"type":"Point","coordinates":[121.580714,25.045362]}},{"type":"Feature","id":"TPS_00150","properties":{"id":"TPS_00150","n_nodes":4},"geometry":{"type":"Point","coordinates":[121.525911,25.02681]}},{"type":"Feature","id":"TPS_00151","properties":{"id":"TPS_00151","n_nodes":4},"geometry":{"type":"Point","coordinates":[121.523538,25.084119]}},{"type":"Feature","id":"TPS_00152","properties":{"id":"TPS_00152","n_nodes":4},"geometry":{"type":"Point","coordinates":[121.52037,25.052641]}},{"type":"Feature","id":"TPS_00153","properties":{"id":"TPS_00153","n_nodes":4},"geometry":{"type":"Point","coordinates":[121.517703,25.053258]}},{"type":"Feature","id":"TPS_00154","properties":{"id":"TPS_00154","n_nodes":4},"geometry":{"type":"Point","coordinates":[121.516451,25.091036]}},{"type":"Feature","id":"TPS_00155","properties":{"id":"TPS_00155","n_nodes":4},"geometry":{"type":"Point","coordinates":[121.505682,25.085595]}},{"type":"Feature","id":"TPS_00156","properties":{"id":"TPS_00156","n_nodes":4},"geometry":{"type":"Point","coordinates":[121.514484,25.05411]}},{"type":"Feature","id":"TPS_00157","properties":{"id":"TPS_00157","n_nodes":4},"geometry":{"type":"Point","coordinates":[121.51644,25.04877]}},{"type":"Feature","id":"TPS_00158","properties":{"id":"TPS_00158","n_nodes":4},"geometry":{"type":"Point","coordinates":[121.506343,25.048941]}},{"type":"Feature","id":"TPS_00159","properties":{"id":"TPS_00159","n_nodes":4},"geometry":{"type":"Point","coordinates":[121.494368,25.035416]}},{"type":"Feature","id":"TPS_00160","properties":{"id":"TPS_00160","n_nodes":4},"geometry":{"type":"Point","coordinates":[121.510818,25.06857]}},{"type":"Feature","id":"TPS_00161","properties":{"id":"TPS_00161","n_nodes":4},"geometry":{"type":"Point","coordinates":[121.509151,25.04516]}},{"type":"Feature","id":"TPS_00162","properties":{"id":"TPS_00162","n_nodes":4},"geometry":{"type":"Point","coordinates":[121.594781,25.054383]}},{"type":"Feature","id":"TPS_00163","properties":{"id":"TPS_00163","n_nodes":4},"geometry":{"type":"Point","coordinates":[121.595688,25.050778]}},{"type":"Feature","id":"TPS_00164","properties":{"id":"TPS_00164","n_nodes":4},"geometry":{"type":"Point","coordinates":[121.46895,25.123094]}},{"type":"Feature","id":"TPS_00165","properties":{"id":"TPS_00165","n_nodes":4},"geometry":{"type":"Point","coordinates":[121.616476,25.054459]}},{"type":"Feature","id":"TPS_00166","properties":{"id":"TPS_00166","n_nodes":4},"geometry":{"type":"Point","coordinates":[121.618715,25.054843]}},{"type":"Feature","id":"TPS_00167","properties":{"id":"TPS_00167","n_nodes":4},"geometry":{"type":"Point","coordinates":[121.590846,25.068965]}},{"type":"Feature","id":"TPS_00168","properties":{"id":"TPS_00168","n_nodes":4},"geometry":{"type":"Point","coordinates":[121.583173,25.052834]}},{"type":"Feature","id":"TPS_00169","properties":{"id":"TPS_00169","n_nodes":4},"geometry":{"type":"Point","coordinates":[121.508892,25.044253]}},{"type":"Feature","id":"TPS_00170","properties":{"id":"TPS_00170","n_nodes":4},"geometry":{"type":"Point","coordinates":[121.52804,25.093783]}},{"type":"Feature","id":"TPS_00171","properties":{"id":"TPS_00171","n_nodes":4},"geometry":{"type":"Point","coordinates":[121.556326,25.07995]}},{"type":"Feature","id":"TPS_00172","properties":{"id":"TPS_00172","n_nodes":4},"geometry":{"type":"Point","coordinates":[121.556343,25.077158]}},{"type":"Feature","id":"TPS_00173","properties":{"id":"TPS_00173","n_nodes":4},"geometry":{"type":"Point","coordinates":[121.521641,25.045223]}},{"type":"Feature","id":"TPS_00174","properties":{"id":"TPS_00174","n_nodes":4},"geometry":{"type":"Point","coordinates":[121.496329,25.134588]}},{"type":"Feature","id":"TPS_00175","properties":{"id":"TPS_00175","n_nodes":4},"geometry":{"type":"Point","coordinates":[121.602986,25.073513]}},{"type":"Feature","id":"TPS_00176","properties":{"id":"TPS_00176","n_nodes":4},"geometry":{"type":"Point","coordinates":[121.539707,24.990142]}},{"type":"Feature","id":"TPS_00177","properties":{"id":"TPS_00177","n_nodes":4},"geometry":{"type":"Point","coordinates":[121.56017,24.988727]}},{"type":"Feature","id":"TPS_00178","properties":{"id":"TPS_00178","n_nodes":4},"geometry":{"type":"Point","coordinates":[121.576814,24.990636]}},{"type":"Feature","id":"TPS_00179","properties":{"id":"TPS_00179","n_nodes":4},"geometry":{"type":"Point","coordinates":[121.564874,24.989743]}},{"type":"Feature","id":"TPS_00180","properties":{"id":"TPS_00180","n_nodes":4},"geometry":{"type":"Point","coordinates":[121.548863,24.987247]}},{"type":"Feature","id":"TPS_00181","properties":{"id":"TPS_00181","n_nodes":4},"geometry":{"type":"Point","coordinates":[121.573682,24.991651]}},{"type":"Feature","id":"TPS_00182","properties":{"id":"TPS_00182","n_nodes":4},"geometry":{"type":"Point","coordinates":[121.550036,24.987484]}},{"type":"Feature","id":"TPS_00183","properties":{"id":"TPS_00183","n_nodes":4},"geometry":{"type":"Point","coordinates":[121.500524,25.029427]}},{"type":"Feature","id":"TPS_00184","properties":{"id":"TPS_00184","n_nodes":4},"geometry":{"type":"Point","coordinates":[121.497957,25.033162]}},{"type":"Feature","id":"TPS_00185","properties":{"id":"TPS_00185","n_nodes":4},"geometry":{"type":"Point","coordinates":[121.495628,25.028718]}},{"type":"Feature","id":"TPS_00186","properties":{"id":"TPS_00186","n_nodes":4},"geometry":{"type":"Point","coordinates":[121.496813,25.031097]}},{"type":"Feature","id":"TPS_00187","properties":{"id":"TPS_00187","n_nodes":4},"geometry":{"type":"Point","coordinates":[121.612077,25.068847]}},{"type":"Feature","id":"TPS_00188","properties":{"id":"TPS_00188","n_nodes":4},"geometry":{"type":"Point","coordinates":[121.527358,25.097795]}},{"type":"Feature","id":"TPS_00189","properties":{"id":"TPS_00189","n_nodes":4},"geometry":{"type":"Point","coordinates":[121.509401,25.030505]}},{"type":"Feature","id":"TPS_00190","properties":{"id":"TPS_00190","n_nodes":4},"geometry":{"type":"Point","coordinates":[121.515223,25.034959]}},{"type":"Feature","id":"TPS_00191","properties":{"id":"TPS_00191","n_nodes":4},"geometry":{"type":"Point","coordinates":[121.595492,25.051478]}},{"type":"Feature","id":"TPS_00192","properties":{"id":"TPS_00192","n_nodes":4},"geometry":{"type":"Point","coordinates":[121.507812,25.040516]}},{"type":"Feature","id":"TPS_00193","properties":{"id":"TPS_00193","n_nodes":4},"geometry":{"type":"Point","coordinates":[121.54448,25.082906]}},{"type":"Feature","id":"TPS_00194","properties":{"id":"TPS_00194","n_nodes":4},"geometry":{"type":"Point","coordinates":[121.615421,25.045285]}},{"type":"Feature","id":"TPS_00195","properties":{"id":"TPS_00195","n_nodes":4},"geometry":{"type":"Point","coordinates":[121.56671,25.002019]}},{"type":"Feature","id":"TPS_00196","properties":{"id":"TPS_00196","n_nodes":4},"geometry":{"type":"Point","coordinates":[121.537396,25.009863]}},{"type":"Feature","id":"TPS_00197","properties":{"id":"TPS_00197","n_nodes":4},"geometry":{"type":"Point","coordinates":[121.513934,25.055962]}},{"type":"Feature","id":"TPS_00198","properties":{"id":"TPS_00198","n_nodes":4},"geometry":{"type":"Point","coordinates":[121.525683,25.085794]}},{"type":"Feature","id":"TPS_00199","properties":{"id":"TPS_00199","n_nodes":4},"geometry":{"type":"Point","coordinates":[121.564882,25.063114]}},{"type":"Feature","id":"TPS_00200","properties":{"id":"TPS_00200","n_nodes":4},"geometry":{"type":"Point","coordinates":[121.53244,25.118043]}},{"type":"Feature","id":"TPS_00201","properties":{"id":"TPS_00201","n_nodes":4},"geometry":{"type":"Point","coordinates":[121.591668,24.998977]}},{"type":"Feature","id":"TPS_00202","properties":{"id":"TPS_00202","n_nodes":4},"geometry":{"type":"Point","coordinates":[121.605457,25.052011]}},{"type":"Feature","id":"TPS_00203","properties":{"id":"TPS_00203","n_nodes":4},"geometry":{"type":"Point","coordinates":[121.54916,25.055734]}},{"type":"Feature","id":"TPS_00204","properties":{"id":"TPS_00204","n_nodes":4},"geometry":{"type":"Point","coordinates":[121.573758,24.989313]}},{"type":"Feature","id":"TPS_00205","properties":{"id":"TPS_00205","n_nodes":4},"geometry":{"type":"Point","coordinates":[121.554282,25.058179]}},{"type":"Feature","id":"TPS_00206","properties":{"id":"TPS_00206","n_nodes":4},"geometry":{"type":"Point","coordinates":[121.56492,25.059025]}},{"type":"Feature","id":"TPS_00207","properties":{"id":"TPS_00207","n_nodes":4},"geometry":{"type":"Point","coordinates":[121.556238,24.986129]}},{"type":"Feature","id":"TPS_00208","properties":{"id":"TPS_00208","n_nodes":4},"geometry":{"type":"Point","coordinates":[121.573604,24.988111]}},{"type":"Feature","id":"TPS_00209","properties":{"id":"TPS_00209","n_nodes":4},"geometry":{"type":"Point","coordinates":[121.561689,24.984499]}},{"type":"Feature","id":"TPS_00210","properties":{"id":"TPS_00210","n_nodes":4},"geometry":{"type":"Point","coordinates":[121.565304,24.988385]}},{"type":"Feature","id":"TPS_00211","properties":{"id":"TPS_00211","n_nodes":4},"geometry":{"type":"Point","coordinates":[121.496077,25.021367]}},{"type":"Feature","id":"TPS_00212","properties":{"id":"TPS_00212","n_nodes":4},"geometry":{"type":"Point","coordinates":[121.562362,24.982643]}},{"type":"Feature","id":"TPS_00213","properties":{"id":"TPS_00213","n_nodes":4},"geometry":{"type":"Point","coordinates":[121.570669,24.987773]}},{"type":"Feature","id":"TPS_00214","properties":{"id":"TPS_00214","n_nodes":4},"geometry":{"type":"Point","coordinates":[121.56919,24.983178]}},{"type":"Feature","id":"TPS_00215","properties":{"id":"TPS_00215","n_nodes":4},"geometry":{"type":"Point","coordinates":[121.570638,24.988678]}},{"type":"Feature","id":"TPS_00216","properties":{"id":"TPS_00216","n_nodes":4},"geometry":{"type":"Point","coordinates":[121.563863,25.054173]}},{"type":"Feature","id":"TPS_00217","properties":{"id":"TPS_00217","n_nodes":4},"geometry":{"type":"Point","coordinates":[121.571117,24.991698]}},{"type":"Feature","id":"TPS_00218","properties":{"id":"TPS_00218","n_nodes":4},"geometry":{"type":"Point","coordinates":[121.547872,25.003145]}},{"type":"Feature","id":"TPS_00219","properties":{"id":"TPS_00219","n_nodes":4},"geometry":{"type":"Point","coordinates":[121.562659,24.986769]}},{"type":"Feature","id":"TPS_00220","properties":{"id":"TPS_00220","n_nodes":4},"geometry":{"type":"Point","coordinates":[121.567415,24.985619]}},{"type":"Feature","id":"TPS_00221","properties":{"id":"TPS_00221","n_nodes":4},"geometry":{"type":"Point","coordinates":[121.56223,24.987768]}},{"type":"Feature","id":"TPS_00222","properties":{"id":"TPS_00222","n_nodes":4},"geometry":{"type":"Point","coordinates":[121.566767,24.98476]}},{"type":"Feature","id":"TPS_00223","properties":{"id":"TPS_00223","n_nodes":4},"geometry":{"type":"Point","coordinates":[121.568369,24.986858]}},{"type":"Feature","id":"TPS_00224","properties":{"id":"TPS_00224","n_nodes":4},"geometry":{"type":"Point","coordinates":[121.568321,24.991473]}},{"type":"Feature","id":"TPS_00225","properties":{"id":"TPS_00225","n_nodes":4},"geometry":{"type":"Point","coordinates":[121.573539,25.079098]}},{"type":"Feature","id":"TPS_00226","properties":{"id":"TPS_00226","n_nodes":4},"geometry":{"type":"Point","coordinates":[121.560925,24.986623]}},{"type":"Feature","id":"TPS_00227","properties":{"id":"TPS_00227","n_nodes":4},"geometry":{"type":"Point","coordinates":[121.560554,24.98767]}},{"type":"Feature","id":"TPS_00228","properties":{"id":"TPS_00228","n_nodes":4},"geometry":{"type":"Point","coordinates":[121.544684,24.996126]}},{"type":"Feature","id":"TPS_00229","properties":{"id":"TPS_00229","n_nodes":4},"geometry":{"type":"Point","coordinates":[121.544682,24.99512]}},{"type":"Feature","id":"TPS_00230","properties":{"id":"TPS_00230","n_nodes":4},"geometry":{"type":"Point","coordinates":[121.547259,24.999336]}},{"type":"Feature","id":"TPS_00231","properties":{"id":"TPS_00231","n_nodes":4},"geometry":{"type":"Point","coordinates":[121.54982,25.000818]}},{"type":"Feature","id":"TPS_00232","properties":{"id":"TPS_00232","n_nodes":4},"geometry":{"type":"Point","coordinates":[121.552593,25.001543]}},{"type":"Feature","id":"TPS_00233","properties":{"id":"TPS_00233","n_nodes":4},"geometry":{"type":"Point","coordinates":[121.554576,25.000844]}},{"type":"Feature","id":"TPS_00234","properties":{"id":"TPS_00234","n_nodes":4},"geometry":{"type":"Point","coordinates":[121.546676,25.062071]}},{"type":"Feature","id":"TPS_00235","properties":{"id":"TPS_00235","n_nodes":4},"geometry":{"type":"Point","coordinates":[121.547146,25.063341]}},{"type":"Feature","id":"TPS_00236","properties":{"id":"TPS_00236","n_nodes":4},"geometry":{"type":"Point","coordinates":[121.542539,25.063357]}},{"type":"Feature","id":"TPS_00237","properties":{"id":"TPS_00237","n_nodes":4},"geometry":{"type":"Point","coordinates":[121.563777,25.051985]}},{"type":"Feature","id":"TPS_00238","properties":{"id":"TPS_00238","n_nodes":4},"geometry":{"type":"Point","coordinates":[121.557715,25.053767]}},{"type":"Feature","id":"TPS_00239","properties":{"id":"TPS_00239","n_nodes":4},"geometry":{"type":"Point","coordinates":[121.555096,25.053477]}},{"type":"Feature","id":"TPS_00240","properties":{"id":"TPS_00240","n_nodes":4},"geometry":{"type":"Point","coordinates":[121.54623,25.057731]}},{"type":"Feature","id":"TPS_00241","properties":{"id":"TPS_00241","n_nodes":4},"geometry":{"type":"Point","coordinates":[121.542166,25.056067]}},{"type":"Feature","id":"TPS_00242","properties":{"id":"TPS_00242","n_nodes":4},"geometry":{"type":"Point","coordinates":[121.539133,25.056154]}},{"type":"Feature","id":"TPS_00243","properties":{"id":"TPS_00243","n_nodes":4},"geometry":{"type":"Point","coordinates":[121.555215,25.051631]}},{"type":"Feature","id":"TPS_00244","properties":{"id":"TPS_00244","n_nodes":4},"geometry":{"type":"Point","coordinates":[121.565378,25.050071]}},{"type":"Feature","id":"TPS_00245","properties":{"id":"TPS_00245","n_nodes":4},"geometry":{"type":"Point","coordinates":[121.55561,25.056253]}},{"type":"Feature","id":"TPS_00246","properties":{"id":"TPS_00246","n_nodes":4},"geometry":{"type":"Point","coordinates":[121.550514,25.057829]}},{"type":"Feature","id":"TPS_00247","properties":{"id":"TPS_00247","n_nodes":4},"geometry":{"type":"Point","coordinates":[121.544248,25.063371]}},{"type":"Feature","id":"TPS_00248","properties":{"id":"TPS_00248","n_nodes":4},"geometry":{"type":"Point","coordinates":[121.544257,25.064305]}},{"type":"Feature","id":"TPS_00249","properties":{"id":"TPS_00249","n_nodes":4},"geometry":{"type":"Point","coordinates":[121.533041,25.053629]}},{"type":"Feature","id":"TPS_00250","properties":{"id":"TPS_00250","n_nodes":4},"geometry":{"type":"Point","coordinates":[121.533223,25.060357]}},{"type":"Feature","id":"TPS_00251","properties":{"id":"TPS_00251","n_nodes":4},"geometry":{"type":"Point","coordinates":[121.537037,25.06368]}},{"type":"Feature","id":"TPS_00252","properties":{"id":"TPS_00252","n_nodes":4},"geometry":{"type":"Point","coordinates":[121.503637,25.101228]}},{"type":"Feature","id":"TPS_00253","properties":{"id":"TPS_00253","n_nodes":4},"geometry":{"type":"Point","coordinates":[121.538231,25.06807]}},{"type":"Feature","id":"TPS_00254","properties":{"id":"TPS_00254","n_nodes":4},"geometry":{"type":"Point","coordinates":[121.512275,25.068651]}},{"type":"Feature","id":"TPS_00255","properties":{"id":"TPS_00255","n_nodes":4},"geometry":{"type":"Point","coordinates":[121.515877,25.068597]}},{"type":"Feature","id":"TPS_00256","properties":{"id":"TPS_00256","n_nodes":4},"geometry":{"type":"Point","coordinates":[121.552966,25.05625]}},{"type":"Feature","id":"TPS_00257","properties":{"id":"TPS_00257","n_nodes":4},"geometry":{"type":"Point","coordinates":[121.551226,25.060172]}},{"type":"Feature","id":"TPS_00258","properties":{"id":"TPS_00258","n_nodes":4},"geometry":{"type":"Point","coordinates":[121.565759,25.064331]}},{"type":"Feature","id":"TPS_00259","properties":{"id":"TPS_00259","n_nodes":4},"geometry":{"type":"Point","coordinates":[121.581849,25.063997]}},{"type":"Feature","id":"TPS_00260","properties":{"id":"TPS_00260","n_nodes":4},"geometry":{"type":"Point","coordinates":[121.580046,25.064191]}},{"type":"Feature","id":"TPS_00261","properties":{"id":"TPS_00261","n_nodes":4},"geometry":{"type":"Point","coordinates":[121.540949,25.064287]}},{"type":"Feature","id":"TPS_00262","properties":{"id":"TPS_00262","n_nodes":4},"geometry":{"type":"Point","coordinates":[121.565216,25.081427]}},{"type":"Feature","id":"TPS_00263","properties":{"id":"TPS_00263","n_nodes":4},"geometry":{"type":"Point","coordinates":[121.515303,25.038557]}},{"type":"Feature","id":"TPS_00264","properties":{"id":"TPS_00264","n_nodes":3},"geometry":{"type":"Point","coordinates":[121.521055,25.026794]}},{"type":"Feature","id":"TPS_00265","properties":{"id":"TPS_00265","n_nodes":3},"geometry":{"type":"Point","coordinates":[121.520415,25.02983]}},{"type":"Feature","id":"TPS_00266","properties":{"id":"TPS_00266","n_nodes":3},"geometry":{"type":"Point","coordinates":[121.616188,25.043809]}},{"type":"Feature","id":"TPS_00267","properties":{"id":"TPS_00267","n_nodes":3},"geometry":{"type":"Point","coordinates":[121.595131,25.084126]}},{"type":"Feature","id":"TPS_00268","properties":{"id":"TPS_00268","n_nodes":3},"geometry":{"type":"Point","coordinates":[121.508041,25.036818]}},{"type":"Feature","id":"TPS_00269","properties":{"id":"TPS_00269","n_nodes":3},"geometry":{"type":"Point","coordinates":[121.525203,25.038308]}},{"type":"Feature","id":"TPS_00270","properties":{"id":"TPS_00270","n_nodes":3},"geometry":{"type":"Point","coordinates":[121.534466,25.022672]}},{"type":"Feature","id":"TPS_00271","properties":{"id":"TPS_00271","n_nodes":3},"geometry":{"type":"Point","coordinates":[121.540987,24.997176]}},{"type":"Feature","id":"TPS_00272","properties":{"id":"TPS_00272","n_nodes":3},"geometry":{"type":"Point","coordinates":[121.524866,25.104041]}},{"type":"Feature","id":"TPS_00273","properties":{"id":"TPS_00273","n_nodes":3},"geometry":{"type":"Point","coordinates":[121.525504,25.1025]}},{"type":"Feature","id":"TPS_00274","properties":{"id":"TPS_00274","n_nodes":3},"geometry":{"type":"Point","coordinates":[121.550871,25.077319]}},{"type":"Feature","id":"TPS_00275","properties":{"id":"TPS_00275","n_nodes":3},"geometry":{"type":"Point","coordinates":[121.558155,25.006084]}},{"type":"Feature","id":"TPS_00276","properties":{"id":"TPS_00276","n_nodes":3},"geometry":{"type":"Point","coordinates":[121.566978,25.005578]}},{"type":"Feature","id":"TPS_00277","properties":{"id":"TPS_00277","n_nodes":3},"geometry":{"type":"Point","coordinates":[121.616655,25.055145]}},{"type":"Feature","id":"TPS_00278","properties":{"id":"TPS_00278","n_nodes":3},"geometry":{"type":"Point","coordinates":[121.554075,24.980045]}},{"type":"Feature","id":"TPS_00279","properties":{"id":"TPS_00279","n_nodes":3},"geometry":{"type":"Point","coordinates":[121.532347,25.015029]}},{"type":"Feature","id":"TPS_00280","properties":{"id":"TPS_00280","n_nodes":3},"geometry":{"type":"Point","coordinates":[121.508459,25.042]}},{"type":"Feature","id":"TPS_00281","properties":{"id":"TPS_00281","n_nodes":3},"geometry":{"type":"Point","coordinates":[121.539507,25.013128]}},{"type":"Feature","id":"TPS_00282","properties":{"id":"TPS_00282","n_nodes":3},"geometry":{"type":"Point","coordinates":[121.565634,25.001454]}},{"type":"Feature","id":"TPS_00283","properties":{"id":"TPS_00283","n_nodes":3},"geometry":{"type":"Point","coordinates":[121.559961,25.005695]}},{"type":"Feature","id":"TPS_00284","properties":{"id":"TPS_00284","n_nodes":3},"geometry":{"type":"Point","coordinates":[121.49126,25.138524]}},{"type":"Feature","id":"TPS_00285","properties":{"id":"TPS_00285","n_nodes":3},"geometry":{"type":"Point","coordinates":[121.498534,25.125728]}},{"type":"Feature","id":"TPS_00286","properties":{"id":"TPS_00286","n_nodes":3},"geometry":{"type":"Point","coordinates":[121.545975,25.033334]}},{"type":"Feature","id":"TPS_00287","properties":{"id":"TPS_00287","n_nodes":3},"geometry":{"type":"Point","coordinates":[121.521608,25.038765]}},{"type":"Feature","id":"TPS_00288","properties":{"id":"TPS_00288","n_nodes":3},"geometry":{"type":"Point","coordinates":[121.516803,25.049809]}},{"type":"Feature","id":"TPS_00289","properties":{"id":"TPS_00289","n_nodes":3},"geometry":{"type":"Point","coordinates":[121.522433,25.066844]}},{"type":"Feature","id":"TPS_00290","properties":{"id":"TPS_00290","n_nodes":3},"geometry":{"type":"Point","coordinates":[121.534658,25.118089]}},{"type":"Feature","id":"TPS_00291","properties":{"id":"TPS_00291","n_nodes":3},"geometry":{"type":"Point","coordinates":[121.530117,25.11829]}},{"type":"Feature","id":"TPS_00292","properties":{"id":"TPS_00292","n_nodes":3},"geometry":{"type":"Point","coordinates":[121.57317,25.072775]}},{"type":"Feature","id":"TPS_00293","properties":{"id":"TPS_00293","n_nodes":3},"geometry":{"type":"Point","coordinates":[121.572337,25.074627]}},{"type":"Feature","id":"TPS_00294","properties":{"id":"TPS_00294","n_nodes":3},"geometry":{"type":"Point","coordinates":[121.539477,25.033467]}},{"type":"Feature","id":"TPS_00295","properties":{"id":"TPS_00295","n_nodes":3},"geometry":{"type":"Point","coordinates":[121.541534,25.041629]}},{"type":"Feature","id":"TPS_00296","properties":{"id":"TPS_00296","n_nodes":3},"geometry":{"type":"Point","coordinates":[121.537588,25.033506]}},{"type":"Feature","id":"TPS_00297","properties":{"id":"TPS_00297","n_nodes":3},"geometry":{"type":"Point","coordinates":[121.541898,25.033421]}},{"type":"Feature","id":"TPS_00298","properties":{"id":"TPS_00298","n_nodes":3},"geometry":{"type":"Point","coordinates":[121.554291,25.033166]}},{"type":"Feature","id":"TPS_00299","properties":{"id":"TPS_00299","n_nodes":3},"geometry":{"type":"Point","coordinates":[121.557605,25.029832]}},{"type":"Feature","id":"TPS_00300","properties":{"id":"TPS_00300","n_nodes":3},"geometry":{"type":"Point","coordinates":[121.536908,25.044752]}},{"type":"Feature","id":"TPS_00301","properties":{"id":"TPS_00301","n_nodes":3},"geometry":{"type":"Point","coordinates":[121.53153,25.072209]}},{"type":"Feature","id":"TPS_00302","properties":{"id":"TPS_00302","n_nodes":3},"geometry":{"type":"Point","coordinates":[121.561281,25.035914]}},{"type":"Feature","id":"TPS_00303","properties":{"id":"TPS_00303","n_nodes":3},"geometry":{"type":"Point","coordinates":[121.532917,25.033445]}},{"type":"Feature","id":"TPS_00304","properties":{"id":"TPS_00304","n_nodes":3},"geometry":{"type":"Point","coordinates":[121.532789,25.036708]}},{"type":"Feature","id":"TPS_00305","properties":{"id":"TPS_00305","n_nodes":3},"geometry":{"type":"Point","coordinates":[121.535875,25.033548]}},{"type":"Feature","id":"TPS_00306","properties":{"id":"TPS_00306","n_nodes":3},"geometry":{"type":"Point","coordinates":[121.536528,25.048394]}},{"type":"Feature","id":"TPS_00307","properties":{"id":"TPS_00307","n_nodes":3},"geometry":{"type":"Point","coordinates":[121.543976,25.050108]}},{"type":"Feature","id":"TPS_00308","properties":{"id":"TPS_00308","n_nodes":3},"geometry":{"type":"Point","coordinates":[121.568558,25.041023]}},{"type":"Feature","id":"TPS_00309","properties":{"id":"TPS_00309","n_nodes":3},"geometry":{"type":"Point","coordinates":[121.550314,25.024508]}},{"type":"Feature","id":"TPS_00310","properties":{"id":"TPS_00310","n_nodes":3},"geometry":{"type":"Point","coordinates":[121.575642,24.999775]}},{"type":"Feature","id":"TPS_00311","properties":{"id":"TPS_00311","n_nodes":3},"geometry":{"type":"Point","coordinates":[121.543289,25.067141]}},{"type":"Feature","id":"TPS_00312","properties":{"id":"TPS_00312","n_nodes":3},"geometry":{"type":"Point","coordinates":[121.574567,25.033593]}},{"type":"Feature","id":"TPS_00313","properties":{"id":"TPS_00313","n_nodes":3},"geometry":{"type":"Point","coordinates":[121.546495,25.019018]}},{"type":"Feature","id":"TPS_00314","properties":{"id":"TPS_00314","n_nodes":3},"geometry":{"type":"Point","coordinates":[121.544343,25.017221]}},{"type":"Feature","id":"TPS_00315","properties":{"id":"TPS_00315","n_nodes":3},"geometry":{"type":"Point","coordinates":[121.52998,25.033726]}},{"type":"Feature","id":"TPS_00316","properties":{"id":"TPS_00316","n_nodes":3},"geometry":{"type":"Point","coordinates":[121.529393,25.038235]}},{"type":"Feature","id":"TPS_00317","properties":{"id":"TPS_00317","n_nodes":3},"geometry":{"type":"Point","coordinates":[121.509482,25.076285]}},{"type":"Feature","id":"TPS_00318","properties":{"id":"TPS_00318","n_nodes":3},"geometry":{"type":"Point","coordinates":[121.508844,25.07623]}},{"type":"Feature","id":"TPS_00319","properties":{"id":"TPS_00319","n_nodes":3},"geometry":{"type":"Point","coordinates":[121.513538,25.060789]}},{"type":"Feature","id":"TPS_00320","properties":{"id":"TPS_00320","n_nodes":3},"geometry":{"type":"Point","coordinates":[121.515967,25.062962]}},{"type":"Feature","id":"TPS_00321","properties":{"id":"TPS_00321","n_nodes":3},"geometry":{"type":"Point","coordinates":[121.522257,25.064905]}},{"type":"Feature","id":"TPS_00322","properties":{"id":"TPS_00322","n_nodes":3},"geometry":{"type":"Point","coordinates":[121.518379,25.065925]}},{"type":"Feature","id":"TPS_00323","properties":{"id":"TPS_00323","n_nodes":3},"geometry":{"type":"Point","coordinates":[121.551908,25.05662]}},{"type":"Feature","id":"TPS_00324","properties":{"id":"TPS_00324","n_nodes":3},"geometry":{"type":"Point","coordinates":[121.522964,25.060339]}},{"type":"Feature","id":"TPS_00325","properties":{"id":"TPS_00325","n_nodes":3},"geometry":{"type":"Point","coordinates":[121.529753,25.048342]}},{"type":"Feature","id":"TPS_00326","properties":{"id":"TPS_00326","n_nodes":3},"geometry":{"type":"Point","coordinates":[121.558602,25.006726]}},{"type":"Feature","id":"TPS_00327","properties":{"id":"TPS_00327","n_nodes":3},"geometry":{"type":"Point","coordinates":[121.558701,25.007398]}},{"type":"Feature","id":"TPS_00328","properties":{"id":"TPS_00328","n_nodes":3},"geometry":{"type":"Point","coordinates":[121.534651,25.044957]}},{"type":"Feature","id":"TPS_00329","properties":{"id":"TPS_00329","n_nodes":3},"geometry":{"type":"Point","coordinates":[121.572274,25.049981]}},{"type":"Feature","id":"TPS_00330","properties":{"id":"TPS_00330","n_nodes":3},"geometry":{"type":"Point","coordinates":[121.52061,25.047887]}},{"type":"Feature","id":"TPS_00331","properties":{"id":"TPS_00331","n_nodes":3},"geometry":{"type":"Point","coordinates":[121.521621,25.04983]}},{"type":"Feature","id":"TPS_00332","properties":{"id":"TPS_00332","n_nodes":3},"geometry":{"type":"Point","coordinates":[121.519753,25.045804]}},{"type":"Feature","id":"TPS_00333","properties":{"id":"TPS_00333","n_nodes":3},"geometry":{"type":"Point","coordinates":[121.580511,25.036745]}},{"type":"Feature","id":"TPS_00334","properties":{"id":"TPS_00334","n_nodes":3},"geometry":{"type":"Point","coordinates":[121.580096,25.048401]}},{"type":"Feature","id":"TPS_00335","properties":{"id":"TPS_00335","n_nodes":3},"geometry":{"type":"Point","coordinates":[121.577818,25.045469]}},{"type":"Feature","id":"TPS_00336","properties":{"id":"TPS_00336","n_nodes":3},"geometry":{"type":"Point","coordinates":[121.582686,25.04529]}},{"type":"Feature","id":"TPS_00337","properties":{"id":"TPS_00337","n_nodes":3},"geometry":{"type":"Point","coordinates":[121.577763,25.05004]}},{"type":"Feature","id":"TPS_00338","properties":{"id":"TPS_00338","n_nodes":3},"geometry":{"type":"Point","coordinates":[121.595007,25.001658]}},{"type":"Feature","id":"TPS_00339","properties":{"id":"TPS_00339","n_nodes":3},"geometry":{"type":"Point","coordinates":[121.587466,25.002908]}},{"type":"Feature","id":"TPS_00340","properties":{"id":"TPS_00340","n_nodes":3},"geometry":{"type":"Point","coordinates":[121.589223,25.001073]}},{"type":"Feature","id":"TPS_00341","properties":{"id":"TPS_00341","n_nodes":3},"geometry":{"type":"Point","coordinates":[121.586569,25.003163]}},{"type":"Feature","id":"TPS_00342","properties":{"id":"TPS_00342","n_nodes":3},"geometry":{"type":"Point","coordinates":[121.526832,25.031694]}},{"type":"Feature","id":"TPS_00343","properties":{"id":"TPS_00343","n_nodes":3},"geometry":{"type":"Point","coordinates":[121.524734,25.084225]}},{"type":"Feature","id":"TPS_00344","properties":{"id":"TPS_00344","n_nodes":3},"geometry":{"type":"Point","coordinates":[121.522706,25.054991]}},{"type":"Feature","id":"TPS_00345","properties":{"id":"TPS_00345","n_nodes":3},"geometry":{"type":"Point","coordinates":[121.520722,25.057674]}},{"type":"Feature","id":"TPS_00346","properties":{"id":"TPS_00346","n_nodes":3},"geometry":{"type":"Point","coordinates":[121.511946,25.083905]}},{"type":"Feature","id":"TPS_00347","properties":{"id":"TPS_00347","n_nodes":3},"geometry":{"type":"Point","coordinates":[121.509677,25.047025]}},{"type":"Feature","id":"TPS_00348","properties":{"id":"TPS_00348","n_nodes":3},"geometry":{"type":"Point","coordinates":[121.536521,25.09929]}},{"type":"Feature","id":"TPS_00349","properties":{"id":"TPS_00349","n_nodes":3},"geometry":{"type":"Point","coordinates":[121.491863,25.028674]}},{"type":"Feature","id":"TPS_00350","properties":{"id":"TPS_00350","n_nodes":3},"geometry":{"type":"Point","coordinates":[121.497577,25.035296]}},{"type":"Feature","id":"TPS_00351","properties":{"id":"TPS_00351","n_nodes":3},"geometry":{"type":"Point","coordinates":[121.581262,25.044736]}},{"type":"Feature","id":"TPS_00352","properties":{"id":"TPS_00352","n_nodes":3},"geometry":{"type":"Point","coordinates":[121.581217,25.043249]}},{"type":"Feature","id":"TPS_00353","properties":{"id":"TPS_00353","n_nodes":3},"geometry":{"type":"Point","coordinates":[121.513692,25.064821]}},{"type":"Feature","id":"TPS_00354","properties":{"id":"TPS_00354","n_nodes":3},"geometry":{"type":"Point","coordinates":[121.513695,25.065937]}},{"type":"Feature","id":"TPS_00355","properties":{"id":"TPS_00355","n_nodes":3},"geometry":{"type":"Point","coordinates":[121.55727,25.005419]}},{"type":"Feature","id":"TPS_00356","properties":{"id":"TPS_00356","n_nodes":3},"geometry":{"type":"Point","coordinates":[121.556794,25.004342]}},{"type":"Feature","id":"TPS_00357","properties":{"id":"TPS_00357","n_nodes":3},"geometry":{"type":"Point","coordinates":[121.558805,24.992738]}},{"type":"Feature","id":"TPS_00358","properties":{"id":"TPS_00358","n_nodes":3},"geometry":{"type":"Point","coordinates":[121.566947,24.999115]}},{"type":"Feature","id":"TPS_00359","properties":{"id":"TPS_00359","n_nodes":3},"geometry":{"type":"Point","coordinates":[121.53968,25.000475]}},{"type":"Feature","id":"TPS_00360","properties":{"id":"TPS_00360","n_nodes":3},"geometry":{"type":"Point","coordinates":[121.568778,25.000456]}},{"type":"Feature","id":"TPS_00361","properties":{"id":"TPS_00361","n_nodes":3},"geometry":{"type":"Point","coordinates":[121.521623,25.02811]}},{"type":"Feature","id":"TPS_00362","properties":{"id":"TPS_00362","n_nodes":3},"geometry":{"type":"Point","coordinates":[121.524353,25.035451]}},{"type":"Feature","id":"TPS_00363","properties":{"id":"TPS_00363","n_nodes":3},"geometry":{"type":"Point","coordinates":[121.57761,24.988756]}},{"type":"Feature","id":"TPS_00364","properties":{"id":"TPS_00364","n_nodes":3},"geometry":{"type":"Point","coordinates":[121.580308,25.0589]}},{"type":"Feature","id":"TPS_00365","properties":{"id":"TPS_00365","n_nodes":3},"geometry":{"type":"Point","coordinates":[121.572248,25.081111]}},{"type":"Feature","id":"TPS_00366","properties":{"id":"TPS_00366","n_nodes":3},"geometry":{"type":"Point","coordinates":[121.579839,24.985779]}},{"type":"Feature","id":"TPS_00367","properties":{"id":"TPS_00367","n_nodes":3},"geometry":{"type":"Point","coordinates":[121.613943,25.055252]}},{"type":"Feature","id":"TPS_00368","properties":{"id":"TPS_00368","n_nodes":3},"geometry":{"type":"Point","coordinates":[121.568766,25.077384]}},{"type":"Feature","id":"TPS_00369","properties":{"id":"TPS_00369","n_nodes":3},"geometry":{"type":"Point","coordinates":[121.526813,25.04389]}},{"type":"Feature","id":"TPS_00370","properties":{"id":"TPS_00370","n_nodes":3},"geometry":{"type":"Point","coordinates":[121.499425,25.121204]}},{"type":"Feature","id":"TPS_00371","properties":{"id":"TPS_00371","n_nodes":3},"geometry":{"type":"Point","coordinates":[121.538964,25.077742]}},{"type":"Feature","id":"TPS_00372","properties":{"id":"TPS_00372","n_nodes":3},"geometry":{"type":"Point","coordinates":[121.544136,24.992546]}},{"type":"Feature","id":"TPS_00373","properties":{"id":"TPS_00373","n_nodes":3},"geometry":{"type":"Point","coordinates":[121.523416,25.038524]}},{"type":"Feature","id":"TPS_00374","properties":{"id":"TPS_00374","n_nodes":3},"geometry":{"type":"Point","coordinates":[121.522744,25.036239]}},{"type":"Feature","id":"TPS_00375","properties":{"id":"TPS_00375","n_nodes":3},"geometry":{"type":"Point","coordinates":[121.541323,24.994933]}},{"type":"Feature","id":"TPS_00376","properties":{"id":"TPS_00376","n_nodes":3},"geometry":{"type":"Point","coordinates":[121.492447,25.028485]}},{"type":"Feature","id":"TPS_00377","properties":{"id":"TPS_00377","n_nodes":3},"geometry":{"type":"Point","coordinates":[121.518348,25.039203]}},{"type":"Feature","id":"TPS_00378","properties":{"id":"TPS_00378","n_nodes":3},"geometry":{"type":"Point","coordinates":[121.523034,25.14587]}},{"type":"Feature","id":"TPS_00379","properties":{"id":"TPS_00379","n_nodes":3},"geometry":{"type":"Point","coordinates":[121.559725,24.995242]}},{"type":"Feature","id":"TPS_00380","properties":{"id":"TPS_00380","n_nodes":3},"geometry":{"type":"Point","coordinates":[121.553994,25.085353]}},{"type":"Feature","id":"TPS_00381","properties":{"id":"TPS_00381","n_nodes":3},"geometry":{"type":"Point","coordinates":[121.590651,25.063563]}},{"type":"Feature","id":"TPS_00382","properties":{"id":"TPS_00382","n_nodes":3},"geometry":{"type":"Point","coordinates":[121.53632,25.010942]}},{"type":"Feature","id":"TPS_00383","properties":{"id":"TPS_00383","n_nodes":3},"geometry":{"type":"Point","coordinates":[121.538743,25.004367]}},{"type":"Feature","id":"TPS_00384","properties":{"id":"TPS_00384","n_nodes":3},"geometry":{"type":"Point","coordinates":[121.559966,24.996793]}},{"type":"Feature","id":"TPS_00385","properties":{"id":"TPS_00385","n_nodes":3},"geometry":{"type":"Point","coordinates":[121.512445,25.024168]}},{"type":"Feature","id":"TPS_00386","properties":{"id":"TPS_00386","n_nodes":3},"geometry":{"type":"Point","coordinates":[121.495634,25.016637]}},{"type":"Feature","id":"TPS_00387","properties":{"id":"TPS_00387","n_nodes":3},"geometry":{"type":"Point","coordinates":[121.569797,24.991718]}},{"type":"Feature","id":"TPS_00388","properties":{"id":"TPS_00388","n_nodes":3},"geometry":{"type":"Point","coordinates":[121.524142,25.029237]}},{"type":"Feature","id":"TPS_00389","properties":{"id":"TPS_00389","n_nodes":3},"geometry":{"type":"Point","coordinates":[121.59631,25.001297]}},{"type":"Feature","id":"TPS_00390","properties":{"id":"TPS_00390","n_nodes":3},"geometry":{"type":"Point","coordinates":[121.509349,25.046017]}},{"type":"Feature","id":"TPS_00391","properties":{"id":"TPS_00391","n_nodes":3},"geometry":{"type":"Point","coordinates":[121.595322,25.068561]}},{"type":"Feature","id":"TPS_00392","properties":{"id":"TPS_00392","n_nodes":3},"geometry":{"type":"Point","coordinates":[121.539829,25.03792]}},{"type":"Feature","id":"TPS_00393","properties":{"id":"TPS_00393","n_nodes":3},"geometry":{"type":"Point","coordinates":[121.615251,25.05434]}},{"type":"Feature","id":"TPS_00394","properties":{"id":"TPS_00394","n_nodes":3},"geometry":{"type":"Point","coordinates":[121.52106,25.03707]}},{"type":"Feature","id":"TPS_00395","properties":{"id":"TPS_00395","n_nodes":3},"geometry":{"type":"Point","coordinates":[121.594274,24.998915]}},{"type":"Feature","id":"TPS_00396","properties":{"id":"TPS_00396","n_nodes":3},"geometry":{"type":"Point","coordinates":[121.558962,24.988764]}},{"type":"Feature","id":"TPS_00397","properties":{"id":"TPS_00397","n_nodes":3},"geometry":{"type":"Point","coordinates":[121.568635,25.002421]}},{"type":"Feature","id":"TPS_00398","properties":{"id":"TPS_00398","n_nodes":3},"geometry":{"type":"Point","coordinates":[121.570518,25.002232]}},{"type":"Feature","id":"TPS_00399","properties":{"id":"TPS_00399","n_nodes":3},"geometry":{"type":"Point","coordinates":[121.571847,25.002347]}},{"type":"Feature","id":"TPS_00400","properties":{"id":"TPS_00400","n_nodes":3},"geometry":{"type":"Point","coordinates":[121.495985,25.038896]}},{"type":"Feature","id":"TPS_00401","properties":{"id":"TPS_00401","n_nodes":3},"geometry":{"type":"Point","coordinates":[121.514092,25.055345]}},{"type":"Feature","id":"TPS_00402","properties":{"id":"TPS_00402","n_nodes":3},"geometry":{"type":"Point","coordinates":[121.512292,25.101574]}},{"type":"Feature","id":"TPS_00403","properties":{"id":"TPS_00403","n_nodes":3},"geometry":{"type":"Point","coordinates":[121.557589,25.03939]}},{"type":"Feature","id":"TPS_00404","properties":{"id":"TPS_00404","n_nodes":3},"geometry":{"type":"Point","coordinates":[121.566131,25.041054]}},{"type":"Feature","id":"TPS_00405","properties":{"id":"TPS_00405","n_nodes":3},"geometry":{"type":"Point","coordinates":[121.508323,25.024212]}},{"type":"Feature","id":"TPS_00406","properties":{"id":"TPS_00406","n_nodes":3},"geometry":{"type":"Point","coordinates":[121.573126,25.000671]}},{"type":"Feature","id":"TPS_00407","properties":{"id":"TPS_00407","n_nodes":3},"geometry":{"type":"Point","coordinates":[121.574952,24.998657]}},{"type":"Feature","id":"TPS_00408","properties":{"id":"TPS_00408","n_nodes":3},"geometry":{"type":"Point","coordinates":[121.508128,25.101393]}},{"type":"Feature","id":"TPS_00409","properties":{"id":"TPS_00409","n_nodes":3},"geometry":{"type":"Point","coordinates":[121.527119,25.076517]}},{"type":"Feature","id":"TPS_00410","properties":{"id":"TPS_00410","n_nodes":3},"geometry":{"type":"Point","coordinates":[121.525173,25.076874]}},{"type":"Feature","id":"TPS_00411","properties":{"id":"TPS_00411","n_nodes":3},"geometry":{"type":"Point","coordinates":[121.570638,24.986596]}},{"type":"Feature","id":"TPS_00412","properties":{"id":"TPS_00412","n_nodes":3},"geometry":{"type":"Point","coordinates":[121.593951,25.002088]}},{"type":"Feature","id":"TPS_00413","properties":{"id":"TPS_00413","n_nodes":3},"geometry":{"type":"Point","coordinates":[121.613635,25.07797]}},{"type":"Feature","id":"TPS_00414","properties":{"id":"TPS_00414","n_nodes":3},"geometry":{"type":"Point","coordinates":[121.569066,24.998846]}},{"type":"Feature","id":"TPS_00415","properties":{"id":"TPS_00415","n_nodes":3},"geometry":{"type":"Point","coordinates":[121.576861,25.000223]}},{"type":"Feature","id":"TPS_00416","properties":{"id":"TPS_00416","n_nodes":3},"geometry":{"type":"Point","coordinates":[121.562517,24.98216]}},{"type":"Feature","id":"TPS_00417","properties":{"id":"TPS_00417","n_nodes":3},"geometry":{"type":"Point","coordinates":[121.564683,24.986996]}},{"type":"Feature","id":"TPS_00418","properties":{"id":"TPS_00418","n_nodes":3},"geometry":{"type":"Point","coordinates":[121.553109,24.998173]}},{"type":"Feature","id":"TPS_00419","properties":{"id":"TPS_00419","n_nodes":3},"geometry":{"type":"Point","coordinates":[121.561269,24.985551]}},{"type":"Feature","id":"TPS_00420","properties":{"id":"TPS_00420","n_nodes":3},"geometry":{"type":"Point","coordinates":[121.580739,25.072203]}},{"type":"Feature","id":"TPS_00421","properties":{"id":"TPS_00421","n_nodes":3},"geometry":{"type":"Point","coordinates":[121.5588,25.005747]}},{"type":"Feature","id":"TPS_00422","properties":{"id":"TPS_00422","n_nodes":3},"geometry":{"type":"Point","coordinates":[121.542521,25.064272]}},{"type":"Feature","id":"TPS_00423","properties":{"id":"TPS_00423","n_nodes":3},"geometry":{"type":"Point","coordinates":[121.568644,24.98767]}},{"type":"Feature","id":"TPS_00424","properties":{"id":"TPS_00424","n_nodes":3},"geometry":{"type":"Point","coordinates":[121.564369,25.005464]}},{"type":"Feature","id":"TPS_00425","properties":{"id":"TPS_00425","n_nodes":3},"geometry":{"type":"Point","coordinates":[121.5476,25.098596]}},{"type":"Feature","id":"TPS_00426","properties":{"id":"TPS_00426","n_nodes":3},"geometry":{"type":"Point","coordinates":[121.566412,25.113413]}},{"type":"Feature","id":"TPS_00427","properties":{"id":"TPS_00427","n_nodes":3},"geometry":{"type":"Point","coordinates":[121.508171,25.099443]}},{"type":"Feature","id":"TPS_00428","properties":{"id":"TPS_00428","n_nodes":3},"geometry":{"type":"Point","coordinates":[121.614105,25.057024]}},{"type":"Feature","id":"TPS_00429","properties":{"id":"TPS_00429","n_nodes":3},"geometry":{"type":"Point","coordinates":[121.546028,25.04811]}},{"type":"Feature","id":"TPS_00430","properties":{"id":"TPS_00430","n_nodes":3},"geometry":{"type":"Point","coordinates":[121.574871,24.991895]}},{"type":"Feature","id":"TPS_00431","properties":{"id":"TPS_00431","n_nodes":3},"geometry":{"type":"Point","coordinates":[121.576991,24.988682]}},{"type":"Feature","id":"TPS_00432","properties":{"id":"TPS_00432","n_nodes":3},"geometry":{"type":"Point","coordinates":[121.567439,24.988663]}},{"type":"Feature","id":"TPS_00433","properties":{"id":"TPS_00433","n_nodes":3},"geometry":{"type":"Point","coordinates":[121.557587,24.97624]}},{"type":"Feature","id":"TPS_00434","properties":{"id":"TPS_00434","n_nodes":3},"geometry":{"type":"Point","coordinates":[121.559161,24.984073]}},{"type":"Feature","id":"TPS_00435","properties":{"id":"TPS_00435","n_nodes":3},"geometry":{"type":"Point","coordinates":[121.548525,25.000384]}},{"type":"Feature","id":"TPS_00436","properties":{"id":"TPS_00436","n_nodes":3},"geometry":{"type":"Point","coordinates":[121.55099,25.00152]}},{"type":"Feature","id":"TPS_00437","properties":{"id":"TPS_00437","n_nodes":3},"geometry":{"type":"Point","coordinates":[121.551779,25.001872]}},{"type":"Feature","id":"TPS_00438","properties":{"id":"TPS_00438","n_nodes":3},"geometry":{"type":"Point","coordinates":[121.566196,25.054234]}},{"type":"Feature","id":"TPS_00439","properties":{"id":"TPS_00439","n_nodes":3},"geometry":{"type":"Point","coordinates":[121.562063,25.054039]}},{"type":"Feature","id":"TPS_00440","properties":{"id":"TPS_00440","n_nodes":3},"geometry":{"type":"Point","coordinates":[121.559141,25.053924]}},{"type":"Feature","id":"TPS_00441","properties":{"id":"TPS_00441","n_nodes":3},"geometry":{"type":"Point","coordinates":[121.556495,25.053628]}},{"type":"Feature","id":"TPS_00442","properties":{"id":"TPS_00442","n_nodes":3},"geometry":{"type":"Point","coordinates":[121.544133,25.060175]}},{"type":"Feature","id":"TPS_00443","properties":{"id":"TPS_00443","n_nodes":3},"geometry":{"type":"Point","coordinates":[121.547616,25.05165]}},{"type":"Feature","id":"TPS_00444","properties":{"id":"TPS_00444","n_nodes":3},"geometry":{"type":"Point","coordinates":[121.546701,25.051849]}},{"type":"Feature","id":"TPS_00445","properties":{"id":"TPS_00445","n_nodes":3},"geometry":{"type":"Point","coordinates":[121.543813,25.051917]}},{"type":"Feature","id":"TPS_00446","properties":{"id":"TPS_00446","n_nodes":3},"geometry":{"type":"Point","coordinates":[121.567392,25.045928]}},{"type":"Feature","id":"TPS_00447","properties":{"id":"TPS_00447","n_nodes":3},"geometry":{"type":"Point","coordinates":[121.56901,25.049381]}},{"type":"Feature","id":"TPS_00448","properties":{"id":"TPS_00448","n_nodes":3},"geometry":{"type":"Point","coordinates":[121.568604,25.06117]}},{"type":"Feature","id":"TPS_00449","properties":{"id":"TPS_00449","n_nodes":3},"geometry":{"type":"Point","coordinates":[121.555877,25.05465]}},{"type":"Feature","id":"TPS_00450","properties":{"id":"TPS_00450","n_nodes":3},"geometry":{"type":"Point","coordinates":[121.555714,25.055387]}},{"type":"Feature","id":"TPS_00451","properties":{"id":"TPS_00451","n_nodes":3},"geometry":{"type":"Point","coordinates":[121.557006,25.05264]}},{"type":"Feature","id":"TPS_00452","properties":{"id":"TPS_00452","n_nodes":3},"geometry":{"type":"Point","coordinates":[121.560091,25.048375]}},{"type":"Feature","id":"TPS_00453","properties":{"id":"TPS_00453","n_nodes":3},"geometry":{"type":"Point","coordinates":[121.567282,25.049176]}},{"type":"Feature","id":"TPS_00454","properties":{"id":"TPS_00454","n_nodes":3},"geometry":{"type":"Point","coordinates":[121.566235,25.04907]}},{"type":"Feature","id":"TPS_00455","properties":{"id":"TPS_00455","n_nodes":3},"geometry":{"type":"Point","coordinates":[121.563064,25.062771]}},{"type":"Feature","id":"TPS_00456","properties":{"id":"TPS_00456","n_nodes":3},"geometry":{"type":"Point","coordinates":[121.542493,25.097112]}},{"type":"Feature","id":"TPS_00457","properties":{"id":"TPS_00457","n_nodes":3},"geometry":{"type":"Point","coordinates":[121.539896,25.097328]}},{"type":"Feature","id":"TPS_00458","properties":{"id":"TPS_00458","n_nodes":3},"geometry":{"type":"Point","coordinates":[121.532911,25.042056]}},{"type":"Feature","id":"TPS_00459","properties":{"id":"TPS_00459","n_nodes":3},"geometry":{"type":"Point","coordinates":[121.533341,25.068016]}},{"type":"Feature","id":"TPS_00460","properties":{"id":"TPS_00460","n_nodes":3},"geometry":{"type":"Point","coordinates":[121.537215,25.059547]}},{"type":"Feature","id":"TPS_00461","properties":{"id":"TPS_00461","n_nodes":3},"geometry":{"type":"Point","coordinates":[121.500792,25.101074]}},{"type":"Feature","id":"TPS_00462","properties":{"id":"TPS_00462","n_nodes":3},"geometry":{"type":"Point","coordinates":[121.547102,25.055731]}},{"type":"Feature","id":"TPS_00463","properties":{"id":"TPS_00463","n_nodes":3},"geometry":{"type":"Point","coordinates":[121.540983,25.06805]}},{"type":"Feature","id":"TPS_00464","properties":{"id":"TPS_00464","n_nodes":3},"geometry":{"type":"Point","coordinates":[121.524644,25.06837]}},{"type":"Feature","id":"TPS_00465","properties":{"id":"TPS_00465","n_nodes":3},"geometry":{"type":"Point","coordinates":[121.513889,25.06853]}},{"type":"Feature","id":"TPS_00466","properties":{"id":"TPS_00466","n_nodes":3},"geometry":{"type":"Point","coordinates":[121.514899,25.068653]}},{"type":"Feature","id":"TPS_00467","properties":{"id":"TPS_00467","n_nodes":3},"geometry":{"type":"Point","coordinates":[121.516763,25.068618]}},{"type":"Feature","id":"TPS_00468","properties":{"id":"TPS_00468","n_nodes":3},"geometry":{"type":"Point","coordinates":[121.538158,25.04636]}},{"type":"Feature","id":"TPS_00469","properties":{"id":"TPS_00469","n_nodes":3},"geometry":{"type":"Point","coordinates":[121.539141,25.046413]}},{"type":"Feature","id":"TPS_00470","properties":{"id":"TPS_00470","n_nodes":3},"geometry":{"type":"Point","coordinates":[121.540522,25.04677]}},{"type":"Feature","id":"TPS_00471","properties":{"id":"TPS_00471","n_nodes":3},"geometry":{"type":"Point","coordinates":[121.550638,25.04823]}},{"type":"Feature","id":"TPS_00472","properties":{"id":"TPS_00472","n_nodes":3},"geometry":{"type":"Point","coordinates":[121.556279,25.047993]}},{"type":"Feature","id":"TPS_00473","properties":{"id":"TPS_00473","n_nodes":3},"geometry":{"type":"Point","coordinates":[121.552157,25.054223]}},{"type":"Feature","id":"TPS_00474","properties":{"id":"TPS_00474","n_nodes":3},"geometry":{"type":"Point","coordinates":[121.552871,25.054217]}},{"type":"Feature","id":"TPS_00475","properties":{"id":"TPS_00475","n_nodes":3},"geometry":{"type":"Point","coordinates":[121.553713,25.053361]}},{"type":"Feature","id":"TPS_00476","properties":{"id":"TPS_00476","n_nodes":3},"geometry":{"type":"Point","coordinates":[121.557176,25.056397]}},{"type":"Feature","id":"TPS_00477","properties":{"id":"TPS_00477","n_nodes":3},"geometry":{"type":"Point","coordinates":[121.619131,25.034227]}},{"type":"Feature","id":"TPS_00478","properties":{"id":"TPS_00478","n_nodes":3},"geometry":{"type":"Point","coordinates":[121.562898,25.058799]}},{"type":"Feature","id":"TPS_00479","properties":{"id":"TPS_00479","n_nodes":3},"geometry":{"type":"Point","coordinates":[121.563942,25.058985]}},{"type":"Feature","id":"TPS_00480","properties":{"id":"TPS_00480","n_nodes":3},"geometry":{"type":"Point","coordinates":[121.563316,25.05935]}},{"type":"Feature","id":"TPS_00481","properties":{"id":"TPS_00481","n_nodes":3},"geometry":{"type":"Point","coordinates":[121.561811,25.056767]}},{"type":"Feature","id":"TPS_00482","properties":{"id":"TPS_00482","n_nodes":3},"geometry":{"type":"Point","coordinates":[121.577115,25.057404]}},{"type":"Feature","id":"TPS_00483","properties":{"id":"TPS_00483","n_nodes":3},"geometry":{"type":"Point","coordinates":[121.565529,25.065897]}},{"type":"Feature","id":"TPS_00484","properties":{"id":"TPS_00484","n_nodes":3},"geometry":{"type":"Point","coordinates":[121.567172,25.060658]}},{"type":"Feature","id":"TPS_00485","properties":{"id":"TPS_00485","n_nodes":3},"geometry":{"type":"Point","coordinates":[121.539659,25.06434]}},{"type":"Feature","id":"TPS_00486","properties":{"id":"TPS_00486","n_nodes":2},"geometry":{"type":"Point","coordinates":[121.516123,25.05363]}},{"type":"Feature","id":"TPS_00487","properties":{"id":"TPS_00487","n_nodes":2},"geometry":{"type":"Point","coordinates":[121.522853,25.020129]}},{"type":"Feature","id":"TPS_00488","properties":{"id":"TPS_00488","n_nodes":2},"geometry":{"type":"Point","coordinates":[121.526312,25.022301]}},{"type":"Feature","id":"TPS_00489","properties":{"id":"TPS_00489","n_nodes":2},"geometry":{"type":"Point","coordinates":[121.46435,25.123845]}},{"type":"Feature","id":"TPS_00490","properties":{"id":"TPS_00490","n_nodes":2},"geometry":{"type":"Point","coordinates":[121.515265,25.029789]}},{"type":"Feature","id":"TPS_00491","properties":{"id":"TPS_00491","n_nodes":2},"geometry":{"type":"Point","coordinates":[121.516373,25.025681]}},{"type":"Feature","id":"TPS_00492","properties":{"id":"TPS_00492","n_nodes":2},"geometry":{"type":"Point","coordinates":[121.514413,25.031911]}},{"type":"Feature","id":"TPS_00493","properties":{"id":"TPS_00493","n_nodes":2},"geometry":{"type":"Point","coordinates":[121.51799,25.026719]}},{"type":"Feature","id":"TPS_00494","properties":{"id":"TPS_00494","n_nodes":2},"geometry":{"type":"Point","coordinates":[121.533312,25.016935]}},{"type":"Feature","id":"TPS_00495","properties":{"id":"TPS_00495","n_nodes":2},"geometry":{"type":"Point","coordinates":[121.518888,25.043458]}},{"type":"Feature","id":"TPS_00496","properties":{"id":"TPS_00496","n_nodes":2},"geometry":{"type":"Point","coordinates":[121.527643,25.021173]}},{"type":"Feature","id":"TPS_00497","properties":{"id":"TPS_00497","n_nodes":2},"geometry":{"type":"Point","coordinates":[121.615257,25.053072]}},{"type":"Feature","id":"TPS_00498","properties":{"id":"TPS_00498","n_nodes":2},"geometry":{"type":"Point","coordinates":[121.579585,25.078516]}},{"type":"Feature","id":"TPS_00499","properties":{"id":"TPS_00499","n_nodes":2},"geometry":{"type":"Point","coordinates":[121.565518,25.082385]}},{"type":"Feature","id":"TPS_00500","properties":{"id":"TPS_00500","n_nodes":2},"geometry":{"type":"Point","coordinates":[121.569087,25.082103]}},{"type":"Feature","id":"TPS_00501","properties":{"id":"TPS_00501","n_nodes":2},"geometry":{"type":"Point","coordinates":[121.574683,25.067492]}},{"type":"Feature","id":"TPS_00502","properties":{"id":"TPS_00502","n_nodes":2},"geometry":{"type":"Point","coordinates":[121.471439,25.12288]}},{"type":"Feature","id":"TPS_00503","properties":{"id":"TPS_00503","n_nodes":2},"geometry":{"type":"Point","coordinates":[121.522438,25.080772]}},{"type":"Feature","id":"TPS_00504","properties":{"id":"TPS_00504","n_nodes":2},"geometry":{"type":"Point","coordinates":[121.528513,25.026594]}},{"type":"Feature","id":"TPS_00505","properties":{"id":"TPS_00505","n_nodes":2},"geometry":{"type":"Point","coordinates":[121.528999,25.077797]}},{"type":"Feature","id":"TPS_00506","properties":{"id":"TPS_00506","n_nodes":2},"geometry":{"type":"Point","coordinates":[121.529194,25.040843]}},{"type":"Feature","id":"TPS_00507","properties":{"id":"TPS_00507","n_nodes":2},"geometry":{"type":"Point","coordinates":[121.538874,25.002209]}},{"type":"Feature","id":"TPS_00508","properties":{"id":"TPS_00508","n_nodes":2},"geometry":{"type":"Point","coordinates":[121.539894,24.999666]}},{"type":"Feature","id":"TPS_00509","properties":{"id":"TPS_00509","n_nodes":2},"geometry":{"type":"Point","coordinates":[121.541148,24.995959]}},{"type":"Feature","id":"TPS_00510","properties":{"id":"TPS_00510","n_nodes":2},"geometry":{"type":"Point","coordinates":[121.521906,25.094411]}},{"type":"Feature","id":"TPS_00511","properties":{"id":"TPS_00511","n_nodes":2},"geometry":{"type":"Point","coordinates":[121.524897,25.106467]}},{"type":"Feature","id":"TPS_00512","properties":{"id":"TPS_00512","n_nodes":2},"geometry":{"type":"Point","coordinates":[121.52552,25.110369]}},{"type":"Feature","id":"TPS_00513","properties":{"id":"TPS_00513","n_nodes":2},"geometry":{"type":"Point","coordinates":[121.525998,25.111774]}},{"type":"Feature","id":"TPS_00514","properties":{"id":"TPS_00514","n_nodes":2},"geometry":{"type":"Point","coordinates":[121.531071,25.112416]}},{"type":"Feature","id":"TPS_00515","properties":{"id":"TPS_00515","n_nodes":2},"geometry":{"type":"Point","coordinates":[121.53032,25.108391]}},{"type":"Feature","id":"TPS_00516","properties":{"id":"TPS_00516","n_nodes":2},"geometry":{"type":"Point","coordinates":[121.524695,25.10223]}},{"type":"Feature","id":"TPS_00517","properties":{"id":"TPS_00517","n_nodes":2},"geometry":{"type":"Point","coordinates":[121.530538,25.118881]}},{"type":"Feature","id":"TPS_00518","properties":{"id":"TPS_00518","n_nodes":2},"geometry":{"type":"Point","coordinates":[121.518012,25.047072]}},{"type":"Feature","id":"TPS_00519","properties":{"id":"TPS_00519","n_nodes":2},"geometry":{"type":"Point","coordinates":[121.566919,25.082204]}},{"type":"Feature","id":"TPS_00520","properties":{"id":"TPS_00520","n_nodes":2},"geometry":{"type":"Point","coordinates":[121.578236,25.082178]}},{"type":"Feature","id":"TPS_00521","properties":{"id":"TPS_00521","n_nodes":2},"geometry":{"type":"Point","coordinates":[121.570878,25.081548]}},{"type":"Feature","id":"TPS_00522","properties":{"id":"TPS_00522","n_nodes":2},"geometry":{"type":"Point","coordinates":[121.57601,25.078068]}},{"type":"Feature","id":"TPS_00523","properties":{"id":"TPS_00523","n_nodes":2},"geometry":{"type":"Point","coordinates":[121.568387,25.082137]}},{"type":"Feature","id":"TPS_00524","properties":{"id":"TPS_00524","n_nodes":2},"geometry":{"type":"Point","coordinates":[121.577846,25.080755]}},{"type":"Feature","id":"TPS_00525","properties":{"id":"TPS_00525","n_nodes":2},"geometry":{"type":"Point","coordinates":[121.547118,25.07988]}},{"type":"Feature","id":"TPS_00526","properties":{"id":"TPS_00526","n_nodes":2},"geometry":{"type":"Point","coordinates":[121.548171,25.080502]}},{"type":"Feature","id":"TPS_00527","properties":{"id":"TPS_00527","n_nodes":2},"geometry":{"type":"Point","coordinates":[121.549013,25.08288]}},{"type":"Feature","id":"TPS_00528","properties":{"id":"TPS_00528","n_nodes":2},"geometry":{"type":"Point","coordinates":[121.558442,25.084828]}},{"type":"Feature","id":"TPS_00529","properties":{"id":"TPS_00529","n_nodes":2},"geometry":{"type":"Point","coordinates":[121.558906,24.99109]}},{"type":"Feature","id":"TPS_00530","properties":{"id":"TPS_00530","n_nodes":2},"geometry":{"type":"Point","coordinates":[121.546544,25.097966]}},{"type":"Feature","id":"TPS_00531","properties":{"id":"TPS_00531","n_nodes":2},"geometry":{"type":"Point","coordinates":[121.531603,25.02635]}},{"type":"Feature","id":"TPS_00532","properties":{"id":"TPS_00532","n_nodes":2},"geometry":{"type":"Point","coordinates":[121.546018,25.155357]}},{"type":"Feature","id":"TPS_00533","properties":{"id":"TPS_00533","n_nodes":2},"geometry":{"type":"Point","coordinates":[121.56183,25.080043]}},{"type":"Feature","id":"TPS_00534","properties":{"id":"TPS_00534","n_nodes":2},"geometry":{"type":"Point","coordinates":[121.56021,25.079908]}},{"type":"Feature","id":"TPS_00535","properties":{"id":"TPS_00535","n_nodes":2},"geometry":{"type":"Point","coordinates":[121.55278,25.085699]}},{"type":"Feature","id":"TPS_00536","properties":{"id":"TPS_00536","n_nodes":2},"geometry":{"type":"Point","coordinates":[121.584317,25.068775]}},{"type":"Feature","id":"TPS_00537","properties":{"id":"TPS_00537","n_nodes":2},"geometry":{"type":"Point","coordinates":[121.553231,25.07998]}},{"type":"Feature","id":"TPS_00538","properties":{"id":"TPS_00538","n_nodes":2},"geometry":{"type":"Point","coordinates":[121.554397,25.079969]}},{"type":"Feature","id":"TPS_00539","properties":{"id":"TPS_00539","n_nodes":2},"geometry":{"type":"Point","coordinates":[121.55115,25.08271]}},{"type":"Feature","id":"TPS_00540","properties":{"id":"TPS_00540","n_nodes":2},"geometry":{"type":"Point","coordinates":[121.558505,25.079928]}},{"type":"Feature","id":"TPS_00541","properties":{"id":"TPS_00541","n_nodes":2},"geometry":{"type":"Point","coordinates":[121.55541,24.975961]}},{"type":"Feature","id":"TPS_00542","properties":{"id":"TPS_00542","n_nodes":2},"geometry":{"type":"Point","coordinates":[121.49523,25.028181]}},{"type":"Feature","id":"TPS_00543","properties":{"id":"TPS_00543","n_nodes":2},"geometry":{"type":"Point","coordinates":[121.566728,25.000177]}},{"type":"Feature","id":"TPS_00544","properties":{"id":"TPS_00544","n_nodes":2},"geometry":{"type":"Point","coordinates":[121.552329,24.987813]}},{"type":"Feature","id":"TPS_00545","properties":{"id":"TPS_00545","n_nodes":2},"geometry":{"type":"Point","coordinates":[121.499241,25.123264]}},{"type":"Feature","id":"TPS_00546","properties":{"id":"TPS_00546","n_nodes":2},"geometry":{"type":"Point","coordinates":[121.496225,25.131378]}},{"type":"Feature","id":"TPS_00547","properties":{"id":"TPS_00547","n_nodes":2},"geometry":{"type":"Point","coordinates":[121.500592,25.126171]}},{"type":"Feature","id":"TPS_00548","properties":{"id":"TPS_00548","n_nodes":2},"geometry":{"type":"Point","coordinates":[121.503538,25.126686]}},{"type":"Feature","id":"TPS_00549","properties":{"id":"TPS_00549","n_nodes":2},"geometry":{"type":"Point","coordinates":[121.543665,25.036083]}},{"type":"Feature","id":"TPS_00550","properties":{"id":"TPS_00550","n_nodes":2},"geometry":{"type":"Point","coordinates":[121.501489,25.119532]}},{"type":"Feature","id":"TPS_00551","properties":{"id":"TPS_00551","n_nodes":2},"geometry":{"type":"Point","coordinates":[121.547179,25.152358]}},{"type":"Feature","id":"TPS_00552","properties":{"id":"TPS_00552","n_nodes":2},"geometry":{"type":"Point","coordinates":[121.518126,25.032939]}},{"type":"Feature","id":"TPS_00553","properties":{"id":"TPS_00553","n_nodes":2},"geometry":{"type":"Point","coordinates":[121.541263,25.079522]}},{"type":"Feature","id":"TPS_00554","properties":{"id":"TPS_00554","n_nodes":2},"geometry":{"type":"Point","coordinates":[121.512834,25.027548]}},{"type":"Feature","id":"TPS_00555","properties":{"id":"TPS_00555","n_nodes":2},"geometry":{"type":"Point","coordinates":[121.506753,25.031231]}},{"type":"Feature","id":"TPS_00556","properties":{"id":"TPS_00556","n_nodes":2},"geometry":{"type":"Point","coordinates":[121.533701,25.01872]}},{"type":"Feature","id":"TPS_00557","properties":{"id":"TPS_00557","n_nodes":2},"geometry":{"type":"Point","coordinates":[121.503888,25.137237]}},{"type":"Feature","id":"TPS_00558","properties":{"id":"TPS_00558","n_nodes":2},"geometry":{"type":"Point","coordinates":[121.549393,25.148973]}},{"type":"Feature","id":"TPS_00559","properties":{"id":"TPS_00559","n_nodes":2},"geometry":{"type":"Point","coordinates":[121.530423,25.026445]}},{"type":"Feature","id":"TPS_00560","properties":{"id":"TPS_00560","n_nodes":2},"geometry":{"type":"Point","coordinates":[121.522962,25.101914]}},{"type":"Feature","id":"TPS_00561","properties":{"id":"TPS_00561","n_nodes":2},"geometry":{"type":"Point","coordinates":[121.519622,25.103282]}},{"type":"Feature","id":"TPS_00562","properties":{"id":"TPS_00562","n_nodes":2},"geometry":{"type":"Point","coordinates":[121.52246,25.101869]}},{"type":"Feature","id":"TPS_00563","properties":{"id":"TPS_00563","n_nodes":2},"geometry":{"type":"Point","coordinates":[121.534137,25.116548]}},{"type":"Feature","id":"TPS_00564","properties":{"id":"TPS_00564","n_nodes":2},"geometry":{"type":"Point","coordinates":[121.527819,25.115209]}},{"type":"Feature","id":"TPS_00565","properties":{"id":"TPS_00565","n_nodes":2},"geometry":{"type":"Point","coordinates":[121.528575,25.116424]}},{"type":"Feature","id":"TPS_00566","properties":{"id":"TPS_00566","n_nodes":2},"geometry":{"type":"Point","coordinates":[121.532127,25.123043]}},{"type":"Feature","id":"TPS_00567","properties":{"id":"TPS_00567","n_nodes":2},"geometry":{"type":"Point","coordinates":[121.531725,25.118026]}},{"type":"Feature","id":"TPS_00568","properties":{"id":"TPS_00568","n_nodes":2},"geometry":{"type":"Point","coordinates":[121.513641,25.050618]}},{"type":"Feature","id":"TPS_00569","properties":{"id":"TPS_00569","n_nodes":2},"geometry":{"type":"Point","coordinates":[121.54932,25.084126]}},{"type":"Feature","id":"TPS_00570","properties":{"id":"TPS_00570","n_nodes":2},"geometry":{"type":"Point","coordinates":[121.558671,25.112116]}},{"type":"Feature","id":"TPS_00571","properties":{"id":"TPS_00571","n_nodes":2},"geometry":{"type":"Point","coordinates":[121.543644,25.035121]}},{"type":"Feature","id":"TPS_00572","properties":{"id":"TPS_00572","n_nodes":2},"geometry":{"type":"Point","coordinates":[121.552507,25.034668]}},{"type":"Feature","id":"TPS_00573","properties":{"id":"TPS_00573","n_nodes":2},"geometry":{"type":"Point","coordinates":[121.552499,25.034273]}},{"type":"Feature","id":"TPS_00574","properties":{"id":"TPS_00574","n_nodes":2},"geometry":{"type":"Point","coordinates":[121.552526,25.035419]}},{"type":"Feature","id":"TPS_00575","properties":{"id":"TPS_00575","n_nodes":2},"geometry":{"type":"Point","coordinates":[121.551609,25.033211]}},{"type":"Feature","id":"TPS_00576","properties":{"id":"TPS_00576","n_nodes":2},"geometry":{"type":"Point","coordinates":[121.552495,25.036214]}},{"type":"Feature","id":"TPS_00577","properties":{"id":"TPS_00577","n_nodes":2},"geometry":{"type":"Point","coordinates":[121.543745,25.03982]}},{"type":"Feature","id":"TPS_00578","properties":{"id":"TPS_00578","n_nodes":2},"geometry":{"type":"Point","coordinates":[121.54721,25.041566]}},{"type":"Feature","id":"TPS_00579","properties":{"id":"TPS_00579","n_nodes":2},"geometry":{"type":"Point","coordinates":[121.546141,25.041587]}},{"type":"Feature","id":"TPS_00580","properties":{"id":"TPS_00580","n_nodes":2},"geometry":{"type":"Point","coordinates":[121.553769,25.04438]}},{"type":"Feature","id":"TPS_00581","properties":{"id":"TPS_00581","n_nodes":2},"geometry":{"type":"Point","coordinates":[121.554182,25.042575]}},{"type":"Feature","id":"TPS_00582","properties":{"id":"TPS_00582","n_nodes":2},"geometry":{"type":"Point","coordinates":[121.55449,25.041411]}},{"type":"Feature","id":"TPS_00583","properties":{"id":"TPS_00583","n_nodes":2},"geometry":{"type":"Point","coordinates":[121.552978,25.041444]}},{"type":"Feature","id":"TPS_00584","properties":{"id":"TPS_00584","n_nodes":2},"geometry":{"type":"Point","coordinates":[121.536885,25.043822]}},{"type":"Feature","id":"TPS_00585","properties":{"id":"TPS_00585","n_nodes":2},"geometry":{"type":"Point","coordinates":[121.557534,25.035433]}},{"type":"Feature","id":"TPS_00586","properties":{"id":"TPS_00586","n_nodes":2},"geometry":{"type":"Point","coordinates":[121.557558,25.036507]}},{"type":"Feature","id":"TPS_00587","properties":{"id":"TPS_00587","n_nodes":2},"geometry":{"type":"Point","coordinates":[121.543525,25.029204]}},{"type":"Feature","id":"TPS_00588","properties":{"id":"TPS_00588","n_nodes":2},"geometry":{"type":"Point","coordinates":[121.543508,25.028402]}},{"type":"Feature","id":"TPS_00589","properties":{"id":"TPS_00589","n_nodes":2},"geometry":{"type":"Point","coordinates":[121.552428,25.030935]}},{"type":"Feature","id":"TPS_00590","properties":{"id":"TPS_00590","n_nodes":2},"geometry":{"type":"Point","coordinates":[121.543562,25.031081]}},{"type":"Feature","id":"TPS_00591","properties":{"id":"TPS_00591","n_nodes":2},"geometry":{"type":"Point","coordinates":[121.55083,25.029062]}},{"type":"Feature","id":"TPS_00592","properties":{"id":"TPS_00592","n_nodes":2},"geometry":{"type":"Point","coordinates":[121.558954,25.031986]}},{"type":"Feature","id":"TPS_00593","properties":{"id":"TPS_00593","n_nodes":2},"geometry":{"type":"Point","coordinates":[121.557442,25.032136]}},{"type":"Feature","id":"TPS_00594","properties":{"id":"TPS_00594","n_nodes":2},"geometry":{"type":"Point","coordinates":[121.551661,25.029816]}},{"type":"Feature","id":"TPS_00595","properties":{"id":"TPS_00595","n_nodes":2},"geometry":{"type":"Point","coordinates":[121.551591,25.032636]}},{"type":"Feature","id":"TPS_00596","properties":{"id":"TPS_00596","n_nodes":2},"geometry":{"type":"Point","coordinates":[121.552466,25.032626]}},{"type":"Feature","id":"TPS_00597","properties":{"id":"TPS_00597","n_nodes":2},"geometry":{"type":"Point","coordinates":[121.549831,25.028055]}},{"type":"Feature","id":"TPS_00598","properties":{"id":"TPS_00598","n_nodes":2},"geometry":{"type":"Point","coordinates":[121.556687,25.044896]}},{"type":"Feature","id":"TPS_00599","properties":{"id":"TPS_00599","n_nodes":2},"geometry":{"type":"Point","coordinates":[121.557785,25.046656]}},{"type":"Feature","id":"TPS_00600","properties":{"id":"TPS_00600","n_nodes":2},"geometry":{"type":"Point","coordinates":[121.539708,25.041672]}},{"type":"Feature","id":"TPS_00601","properties":{"id":"TPS_00601","n_nodes":2},"geometry":{"type":"Point","coordinates":[121.536362,25.04477]}},{"type":"Feature","id":"TPS_00602","properties":{"id":"TPS_00602","n_nodes":2},"geometry":{"type":"Point","coordinates":[121.562659,25.041197]}},{"type":"Feature","id":"TPS_00603","properties":{"id":"TPS_00603","n_nodes":2},"geometry":{"type":"Point","coordinates":[121.565416,25.032902]}},{"type":"Feature","id":"TPS_00604","properties":{"id":"TPS_00604","n_nodes":2},"geometry":{"type":"Point","coordinates":[121.557507,25.034244]}},{"type":"Feature","id":"TPS_00605","properties":{"id":"TPS_00605","n_nodes":2},"geometry":{"type":"Point","coordinates":[121.561584,25.04123]}},{"type":"Feature","id":"TPS_00606","properties":{"id":"TPS_00606","n_nodes":2},"geometry":{"type":"Point","coordinates":[121.568378,25.035829]}},{"type":"Feature","id":"TPS_00607","properties":{"id":"TPS_00607","n_nodes":2},"geometry":{"type":"Point","coordinates":[121.557835,25.049149]}},{"type":"Feature","id":"TPS_00608","properties":{"id":"TPS_00608","n_nodes":2},"geometry":{"type":"Point","coordinates":[121.546125,25.045102]}},{"type":"Feature","id":"TPS_00609","properties":{"id":"TPS_00609","n_nodes":2},"geometry":{"type":"Point","coordinates":[121.536801,25.062393]}},{"type":"Feature","id":"TPS_00610","properties":{"id":"TPS_00610","n_nodes":2},"geometry":{"type":"Point","coordinates":[121.536231,25.065399]}},{"type":"Feature","id":"TPS_00611","properties":{"id":"TPS_00611","n_nodes":2},"geometry":{"type":"Point","coordinates":[121.537253,25.062385]}},{"type":"Feature","id":"TPS_00612","properties":{"id":"TPS_00612","n_nodes":2},"geometry":{"type":"Point","coordinates":[121.537916,25.025623]}},{"type":"Feature","id":"TPS_00613","properties":{"id":"TPS_00613","n_nodes":2},"geometry":{"type":"Point","coordinates":[121.537464,25.025687]}},{"type":"Feature","id":"TPS_00614","properties":{"id":"TPS_00614","n_nodes":2},"geometry":{"type":"Point","coordinates":[121.543537,25.029852]}},{"type":"Feature","id":"TPS_00615","properties":{"id":"TPS_00615","n_nodes":2},"geometry":{"type":"Point","coordinates":[121.543379,25.022678]}},{"type":"Feature","id":"TPS_00616","properties":{"id":"TPS_00616","n_nodes":2},"geometry":{"type":"Point","coordinates":[121.543494,25.027771]}},{"type":"Feature","id":"TPS_00617","properties":{"id":"TPS_00617","n_nodes":2},"geometry":{"type":"Point","coordinates":[121.543464,25.026525]}},{"type":"Feature","id":"TPS_00618","properties":{"id":"TPS_00618","n_nodes":2},"geometry":{"type":"Point","coordinates":[121.545109,25.024784]}},{"type":"Feature","id":"TPS_00619","properties":{"id":"TPS_00619","n_nodes":2},"geometry":{"type":"Point","coordinates":[121.546706,25.024691]}},{"type":"Feature","id":"TPS_00620","properties":{"id":"TPS_00620","n_nodes":2},"geometry":{"type":"Point","coordinates":[121.538852,25.025493]}},{"type":"Feature","id":"TPS_00621","properties":{"id":"TPS_00621","n_nodes":2},"geometry":{"type":"Point","coordinates":[121.541772,25.025104]}},{"type":"Feature","id":"TPS_00622","properties":{"id":"TPS_00622","n_nodes":2},"geometry":{"type":"Point","coordinates":[121.540269,25.025304]}},{"type":"Feature","id":"TPS_00623","properties":{"id":"TPS_00623","n_nodes":2},"geometry":{"type":"Point","coordinates":[121.536539,25.052006]}},{"type":"Feature","id":"TPS_00624","properties":{"id":"TPS_00624","n_nodes":2},"geometry":{"type":"Point","coordinates":[121.537025,25.051995]}},{"type":"Feature","id":"TPS_00625","properties":{"id":"TPS_00625","n_nodes":2},"geometry":{"type":"Point","coordinates":[121.540463,25.051926]}},{"type":"Feature","id":"TPS_00626","properties":{"id":"TPS_00626","n_nodes":2},"geometry":{"type":"Point","coordinates":[121.542059,25.051885]}},{"type":"Feature","id":"TPS_00627","properties":{"id":"TPS_00627","n_nodes":2},"geometry":{"type":"Point","coordinates":[121.536715,25.057894]}},{"type":"Feature","id":"TPS_00628","properties":{"id":"TPS_00628","n_nodes":2},"geometry":{"type":"Point","coordinates":[121.537154,25.057897]}},{"type":"Feature","id":"TPS_00629","properties":{"id":"TPS_00629","n_nodes":2},"geometry":{"type":"Point","coordinates":[121.543948,25.048256]}},{"type":"Feature","id":"TPS_00630","properties":{"id":"TPS_00630","n_nodes":2},"geometry":{"type":"Point","coordinates":[121.56647,25.027237]}},{"type":"Feature","id":"TPS_00631","properties":{"id":"TPS_00631","n_nodes":2},"geometry":{"type":"Point","coordinates":[121.568342,25.028509]}},{"type":"Feature","id":"TPS_00632","properties":{"id":"TPS_00632","n_nodes":2},"geometry":{"type":"Point","coordinates":[121.556869,25.02562]}},{"type":"Feature","id":"TPS_00633","properties":{"id":"TPS_00633","n_nodes":2},"geometry":{"type":"Point","coordinates":[121.568297,25.031908]}},{"type":"Feature","id":"TPS_00634","properties":{"id":"TPS_00634","n_nodes":2},"geometry":{"type":"Point","coordinates":[121.568366,25.026661]}},{"type":"Feature","id":"TPS_00635","properties":{"id":"TPS_00635","n_nodes":2},"geometry":{"type":"Point","coordinates":[121.571932,25.040971]}},{"type":"Feature","id":"TPS_00636","properties":{"id":"TPS_00636","n_nodes":2},"geometry":{"type":"Point","coordinates":[121.56844,25.039076]}},{"type":"Feature","id":"TPS_00637","properties":{"id":"TPS_00637","n_nodes":2},"geometry":{"type":"Point","coordinates":[121.550022,25.026133]}},{"type":"Feature","id":"TPS_00638","properties":{"id":"TPS_00638","n_nodes":2},"geometry":{"type":"Point","coordinates":[121.551709,25.026659]}},{"type":"Feature","id":"TPS_00639","properties":{"id":"TPS_00639","n_nodes":2},"geometry":{"type":"Point","coordinates":[121.552002,25.025875]}},{"type":"Feature","id":"TPS_00640","properties":{"id":"TPS_00640","n_nodes":2},"geometry":{"type":"Point","coordinates":[121.550174,25.025386]}},{"type":"Feature","id":"TPS_00641","properties":{"id":"TPS_00641","n_nodes":2},"geometry":{"type":"Point","coordinates":[121.55393,25.02303]}},{"type":"Feature","id":"TPS_00642","properties":{"id":"TPS_00642","n_nodes":2},"geometry":{"type":"Point","coordinates":[121.555974,25.027393]}},{"type":"Feature","id":"TPS_00643","properties":{"id":"TPS_00643","n_nodes":2},"geometry":{"type":"Point","coordinates":[121.529389,25.019555]}},{"type":"Feature","id":"TPS_00644","properties":{"id":"TPS_00644","n_nodes":2},"geometry":{"type":"Point","coordinates":[121.529082,25.019867]}},{"type":"Feature","id":"TPS_00645","properties":{"id":"TPS_00645","n_nodes":2},"geometry":{"type":"Point","coordinates":[121.525734,25.020865]}},{"type":"Feature","id":"TPS_00646","properties":{"id":"TPS_00646","n_nodes":2},"geometry":{"type":"Point","coordinates":[121.534423,25.022244]}},{"type":"Feature","id":"TPS_00647","properties":{"id":"TPS_00647","n_nodes":2},"geometry":{"type":"Point","coordinates":[121.539178,25.05786]}},{"type":"Feature","id":"TPS_00648","properties":{"id":"TPS_00648","n_nodes":2},"geometry":{"type":"Point","coordinates":[121.54066,25.057833]}},{"type":"Feature","id":"TPS_00649","properties":{"id":"TPS_00649","n_nodes":2},"geometry":{"type":"Point","coordinates":[121.548975,25.058024]}},{"type":"Feature","id":"TPS_00650","properties":{"id":"TPS_00650","n_nodes":2},"geometry":{"type":"Point","coordinates":[121.544098,25.054571]}},{"type":"Feature","id":"TPS_00651","properties":{"id":"TPS_00651","n_nodes":2},"geometry":{"type":"Point","coordinates":[121.544076,25.053309]}},{"type":"Feature","id":"TPS_00652","properties":{"id":"TPS_00652","n_nodes":2},"geometry":{"type":"Point","coordinates":[121.542166,25.057806]}},{"type":"Feature","id":"TPS_00653","properties":{"id":"TPS_00653","n_nodes":2},"geometry":{"type":"Point","coordinates":[121.578479,25.036236]}},{"type":"Feature","id":"TPS_00654","properties":{"id":"TPS_00654","n_nodes":2},"geometry":{"type":"Point","coordinates":[121.575379,25.040897]}},{"type":"Feature","id":"TPS_00655","properties":{"id":"TPS_00655","n_nodes":2},"geometry":{"type":"Point","coordinates":[121.576967,25.040823]}},{"type":"Feature","id":"TPS_00656","properties":{"id":"TPS_00656","n_nodes":2},"geometry":{"type":"Point","coordinates":[121.577854,25.039571]}},{"type":"Feature","id":"TPS_00657","properties":{"id":"TPS_00657","n_nodes":2},"geometry":{"type":"Point","coordinates":[121.574031,25.040926]}},{"type":"Feature","id":"TPS_00658","properties":{"id":"TPS_00658","n_nodes":2},"geometry":{"type":"Point","coordinates":[121.577934,25.036109]}},{"type":"Feature","id":"TPS_00659","properties":{"id":"TPS_00659","n_nodes":2},"geometry":{"type":"Point","coordinates":[121.576846,25.035261]}},{"type":"Feature","id":"TPS_00660","properties":{"id":"TPS_00660","n_nodes":2},"geometry":{"type":"Point","coordinates":[121.574842,25.037448]}},{"type":"Feature","id":"TPS_00661","properties":{"id":"TPS_00661","n_nodes":2},"geometry":{"type":"Point","coordinates":[121.575359,25.03416]}},{"type":"Feature","id":"TPS_00662","properties":{"id":"TPS_00662","n_nodes":2},"geometry":{"type":"Point","coordinates":[121.579218,25.041528]}},{"type":"Feature","id":"TPS_00663","properties":{"id":"TPS_00663","n_nodes":2},"geometry":{"type":"Point","coordinates":[121.530462,25.068292]}},{"type":"Feature","id":"TPS_00664","properties":{"id":"TPS_00664","n_nodes":2},"geometry":{"type":"Point","coordinates":[121.519939,25.068515]}},{"type":"Feature","id":"TPS_00665","properties":{"id":"TPS_00665","n_nodes":2},"geometry":{"type":"Point","coordinates":[121.530091,25.052058]}},{"type":"Feature","id":"TPS_00666","properties":{"id":"TPS_00666","n_nodes":2},"geometry":{"type":"Point","coordinates":[121.554643,25.022363]}},{"type":"Feature","id":"TPS_00667","properties":{"id":"TPS_00667","n_nodes":2},"geometry":{"type":"Point","coordinates":[121.556598,25.020564]}},{"type":"Feature","id":"TPS_00668","properties":{"id":"TPS_00668","n_nodes":2},"geometry":{"type":"Point","coordinates":[121.557525,25.019674]}},{"type":"Feature","id":"TPS_00669","properties":{"id":"TPS_00669","n_nodes":2},"geometry":{"type":"Point","coordinates":[121.559168,25.018162]}},{"type":"Feature","id":"TPS_00670","properties":{"id":"TPS_00670","n_nodes":2},"geometry":{"type":"Point","coordinates":[121.560917,25.015746]}},{"type":"Feature","id":"TPS_00671","properties":{"id":"TPS_00671","n_nodes":2},"geometry":{"type":"Point","coordinates":[121.555543,25.021529]}},{"type":"Feature","id":"TPS_00672","properties":{"id":"TPS_00672","n_nodes":2},"geometry":{"type":"Point","coordinates":[121.558431,25.018833]}},{"type":"Feature","id":"TPS_00673","properties":{"id":"TPS_00673","n_nodes":2},"geometry":{"type":"Point","coordinates":[121.555662,25.024092]}},{"type":"Feature","id":"TPS_00674","properties":{"id":"TPS_00674","n_nodes":2},"geometry":{"type":"Point","coordinates":[121.550301,25.022386]}},{"type":"Feature","id":"TPS_00675","properties":{"id":"TPS_00675","n_nodes":2},"geometry":{"type":"Point","coordinates":[121.546835,25.019306]}},{"type":"Feature","id":"TPS_00676","properties":{"id":"TPS_00676","n_nodes":2},"geometry":{"type":"Point","coordinates":[121.542569,25.015763]}},{"type":"Feature","id":"TPS_00677","properties":{"id":"TPS_00677","n_nodes":2},"geometry":{"type":"Point","coordinates":[121.531766,25.057958]}},{"type":"Feature","id":"TPS_00678","properties":{"id":"TPS_00678","n_nodes":2},"geometry":{"type":"Point","coordinates":[121.531746,25.06253]}},{"type":"Feature","id":"TPS_00679","properties":{"id":"TPS_00679","n_nodes":2},"geometry":{"type":"Point","coordinates":[121.534931,25.062441]}},{"type":"Feature","id":"TPS_00680","properties":{"id":"TPS_00680","n_nodes":2},"geometry":{"type":"Point","coordinates":[121.527393,25.035083]}},{"type":"Feature","id":"TPS_00681","properties":{"id":"TPS_00681","n_nodes":2},"geometry":{"type":"Point","coordinates":[121.509134,25.072173]}},{"type":"Feature","id":"TPS_00682","properties":{"id":"TPS_00682","n_nodes":2},"geometry":{"type":"Point","coordinates":[121.512029,25.076505]}},{"type":"Feature","id":"TPS_00683","properties":{"id":"TPS_00683","n_nodes":2},"geometry":{"type":"Point","coordinates":[121.513101,25.081093]}},{"type":"Feature","id":"TPS_00684","properties":{"id":"TPS_00684","n_nodes":2},"geometry":{"type":"Point","coordinates":[121.51861,25.071917]}},{"type":"Feature","id":"TPS_00685","properties":{"id":"TPS_00685","n_nodes":2},"geometry":{"type":"Point","coordinates":[121.515875,25.065893]}},{"type":"Feature","id":"TPS_00686","properties":{"id":"TPS_00686","n_nodes":2},"geometry":{"type":"Point","coordinates":[121.513814,25.072921]}},{"type":"Feature","id":"TPS_00687","properties":{"id":"TPS_00687","n_nodes":2},"geometry":{"type":"Point","coordinates":[121.518458,25.070543]}},{"type":"Feature","id":"TPS_00688","properties":{"id":"TPS_00688","n_nodes":2},"geometry":{"type":"Point","coordinates":[121.523133,25.082194]}},{"type":"Feature","id":"TPS_00689","properties":{"id":"TPS_00689","n_nodes":2},"geometry":{"type":"Point","coordinates":[121.513778,25.070518]}},{"type":"Feature","id":"TPS_00690","properties":{"id":"TPS_00690","n_nodes":2},"geometry":{"type":"Point","coordinates":[121.518385,25.067293]}},{"type":"Feature","id":"TPS_00691","properties":{"id":"TPS_00691","n_nodes":2},"geometry":{"type":"Point","coordinates":[121.519672,25.073964]}},{"type":"Feature","id":"TPS_00692","properties":{"id":"TPS_00692","n_nodes":2},"geometry":{"type":"Point","coordinates":[121.519125,25.073047]}},{"type":"Feature","id":"TPS_00693","properties":{"id":"TPS_00693","n_nodes":2},"geometry":{"type":"Point","coordinates":[121.555235,25.058274]}},{"type":"Feature","id":"TPS_00694","properties":{"id":"TPS_00694","n_nodes":2},"geometry":{"type":"Point","coordinates":[121.557027,25.058408]}},{"type":"Feature","id":"TPS_00695","properties":{"id":"TPS_00695","n_nodes":2},"geometry":{"type":"Point","coordinates":[121.552931,25.058061]}},{"type":"Feature","id":"TPS_00696","properties":{"id":"TPS_00696","n_nodes":2},"geometry":{"type":"Point","coordinates":[121.563594,25.056885]}},{"type":"Feature","id":"TPS_00697","properties":{"id":"TPS_00697","n_nodes":2},"geometry":{"type":"Point","coordinates":[121.528008,25.066782]}},{"type":"Feature","id":"TPS_00698","properties":{"id":"TPS_00698","n_nodes":2},"geometry":{"type":"Point","coordinates":[121.528999,25.062591]}},{"type":"Feature","id":"TPS_00699","properties":{"id":"TPS_00699","n_nodes":2},"geometry":{"type":"Point","coordinates":[121.52755,25.054905]}},{"type":"Feature","id":"TPS_00700","properties":{"id":"TPS_00700","n_nodes":2},"geometry":{"type":"Point","coordinates":[121.53297,25.048461]}},{"type":"Feature","id":"TPS_00701","properties":{"id":"TPS_00701","n_nodes":2},"geometry":{"type":"Point","coordinates":[121.563323,25.059911]}},{"type":"Feature","id":"TPS_00702","properties":{"id":"TPS_00702","n_nodes":2},"geometry":{"type":"Point","coordinates":[121.566392,25.061738]}},{"type":"Feature","id":"TPS_00703","properties":{"id":"TPS_00703","n_nodes":2},"geometry":{"type":"Point","coordinates":[121.563232,25.060908]}},{"type":"Feature","id":"TPS_00704","properties":{"id":"TPS_00704","n_nodes":2},"geometry":{"type":"Point","coordinates":[121.565937,25.059053]}},{"type":"Feature","id":"TPS_00705","properties":{"id":"TPS_00705","n_nodes":2},"geometry":{"type":"Point","coordinates":[121.563545,25.057431]}},{"type":"Feature","id":"TPS_00706","properties":{"id":"TPS_00706","n_nodes":2},"geometry":{"type":"Point","coordinates":[121.532913,25.044379]}},{"type":"Feature","id":"TPS_00707","properties":{"id":"TPS_00707","n_nodes":2},"geometry":{"type":"Point","coordinates":[121.528985,25.043367]}},{"type":"Feature","id":"TPS_00708","properties":{"id":"TPS_00708","n_nodes":2},"geometry":{"type":"Point","coordinates":[121.530741,25.042895]}},{"type":"Feature","id":"TPS_00709","properties":{"id":"TPS_00709","n_nodes":2},"geometry":{"type":"Point","coordinates":[121.527857,25.060351]}},{"type":"Feature","id":"TPS_00710","properties":{"id":"TPS_00710","n_nodes":2},"geometry":{"type":"Point","coordinates":[121.518192,25.054822]}},{"type":"Feature","id":"TPS_00711","properties":{"id":"TPS_00711","n_nodes":2},"geometry":{"type":"Point","coordinates":[121.511212,25.06293]}},{"type":"Feature","id":"TPS_00712","properties":{"id":"TPS_00712","n_nodes":2},"geometry":{"type":"Point","coordinates":[121.513775,25.056991]}},{"type":"Feature","id":"TPS_00713","properties":{"id":"TPS_00713","n_nodes":2},"geometry":{"type":"Point","coordinates":[121.532948,25.047101]}},{"type":"Feature","id":"TPS_00714","properties":{"id":"TPS_00714","n_nodes":2},"geometry":{"type":"Point","coordinates":[121.532997,25.050196]}},{"type":"Feature","id":"TPS_00715","properties":{"id":"TPS_00715","n_nodes":2},"geometry":{"type":"Point","coordinates":[121.531506,25.052049]}},{"type":"Feature","id":"TPS_00716","properties":{"id":"TPS_00716","n_nodes":2},"geometry":{"type":"Point","coordinates":[121.534793,25.05202]}},{"type":"Feature","id":"TPS_00717","properties":{"id":"TPS_00717","n_nodes":2},"geometry":{"type":"Point","coordinates":[121.561571,25.058748]}},{"type":"Feature","id":"TPS_00718","properties":{"id":"TPS_00718","n_nodes":2},"geometry":{"type":"Point","coordinates":[121.560525,25.05866]}},{"type":"Feature","id":"TPS_00719","properties":{"id":"TPS_00719","n_nodes":2},"geometry":{"type":"Point","coordinates":[121.560791,25.051488]}},{"type":"Feature","id":"TPS_00720","properties":{"id":"TPS_00720","n_nodes":2},"geometry":{"type":"Point","coordinates":[121.572234,25.049348]}},{"type":"Feature","id":"TPS_00721","properties":{"id":"TPS_00721","n_nodes":2},"geometry":{"type":"Point","coordinates":[121.568841,25.045699]}},{"type":"Feature","id":"TPS_00722","properties":{"id":"TPS_00722","n_nodes":2},"geometry":{"type":"Point","coordinates":[121.572099,25.045599]}},{"type":"Feature","id":"TPS_00723","properties":{"id":"TPS_00723","n_nodes":2},"geometry":{"type":"Point","coordinates":[121.572145,25.046874]}},{"type":"Feature","id":"TPS_00724","properties":{"id":"TPS_00724","n_nodes":2},"geometry":{"type":"Point","coordinates":[121.522505,25.048074]}},{"type":"Feature","id":"TPS_00725","properties":{"id":"TPS_00725","n_nodes":2},"geometry":{"type":"Point","coordinates":[121.519584,25.045379]}},{"type":"Feature","id":"TPS_00726","properties":{"id":"TPS_00726","n_nodes":2},"geometry":{"type":"Point","coordinates":[121.523201,25.044705]}},{"type":"Feature","id":"TPS_00727","properties":{"id":"TPS_00727","n_nodes":2},"geometry":{"type":"Point","coordinates":[121.523505,25.044916]}},{"type":"Feature","id":"TPS_00728","properties":{"id":"TPS_00728","n_nodes":2},"geometry":{"type":"Point","coordinates":[121.524343,25.047941]}},{"type":"Feature","id":"TPS_00729","properties":{"id":"TPS_00729","n_nodes":2},"geometry":{"type":"Point","coordinates":[121.51704,25.050893]}},{"type":"Feature","id":"TPS_00730","properties":{"id":"TPS_00730","n_nodes":2},"geometry":{"type":"Point","coordinates":[121.524075,25.047661]}},{"type":"Feature","id":"TPS_00731","properties":{"id":"TPS_00731","n_nodes":2},"geometry":{"type":"Point","coordinates":[121.583792,25.037999]}},{"type":"Feature","id":"TPS_00732","properties":{"id":"TPS_00732","n_nodes":2},"geometry":{"type":"Point","coordinates":[121.581493,25.037156]}},{"type":"Feature","id":"TPS_00733","properties":{"id":"TPS_00733","n_nodes":2},"geometry":{"type":"Point","coordinates":[121.570159,25.041008]}},{"type":"Feature","id":"TPS_00734","properties":{"id":"TPS_00734","n_nodes":2},"geometry":{"type":"Point","coordinates":[121.576001,25.049276]}},{"type":"Feature","id":"TPS_00735","properties":{"id":"TPS_00735","n_nodes":2},"geometry":{"type":"Point","coordinates":[121.575998,25.048417]}},{"type":"Feature","id":"TPS_00736","properties":{"id":"TPS_00736","n_nodes":2},"geometry":{"type":"Point","coordinates":[121.575985,25.050022]}},{"type":"Feature","id":"TPS_00737","properties":{"id":"TPS_00737","n_nodes":2},"geometry":{"type":"Point","coordinates":[121.577813,25.044318]}},{"type":"Feature","id":"TPS_00738","properties":{"id":"TPS_00738","n_nodes":2},"geometry":{"type":"Point","coordinates":[121.574188,25.045534]}},{"type":"Feature","id":"TPS_00739","properties":{"id":"TPS_00739","n_nodes":2},"geometry":{"type":"Point","coordinates":[121.572064,25.044649]}},{"type":"Feature","id":"TPS_00740","properties":{"id":"TPS_00740","n_nodes":2},"geometry":{"type":"Point","coordinates":[121.568817,25.044425]}},{"type":"Feature","id":"TPS_00741","properties":{"id":"TPS_00741","n_nodes":2},"geometry":{"type":"Point","coordinates":[121.575482,25.045513]}},{"type":"Feature","id":"TPS_00742","properties":{"id":"TPS_00742","n_nodes":2},"geometry":{"type":"Point","coordinates":[121.580499,25.047647]}},{"type":"Feature","id":"TPS_00743","properties":{"id":"TPS_00743","n_nodes":2},"geometry":{"type":"Point","coordinates":[121.579234,25.048117]}},{"type":"Feature","id":"TPS_00744","properties":{"id":"TPS_00744","n_nodes":2},"geometry":{"type":"Point","coordinates":[121.579667,25.050372]}},{"type":"Feature","id":"TPS_00745","properties":{"id":"TPS_00745","n_nodes":2},"geometry":{"type":"Point","coordinates":[121.580672,25.046482]}},{"type":"Feature","id":"TPS_00746","properties":{"id":"TPS_00746","n_nodes":2},"geometry":{"type":"Point","coordinates":[121.577799,25.046645]}},{"type":"Feature","id":"TPS_00747","properties":{"id":"TPS_00747","n_nodes":2},"geometry":{"type":"Point","coordinates":[121.57701,25.045471]}},{"type":"Feature","id":"TPS_00748","properties":{"id":"TPS_00748","n_nodes":2},"geometry":{"type":"Point","coordinates":[121.580037,25.051493]}},{"type":"Feature","id":"TPS_00749","properties":{"id":"TPS_00749","n_nodes":2},"geometry":{"type":"Point","coordinates":[121.580108,25.048917]}},{"type":"Feature","id":"TPS_00750","properties":{"id":"TPS_00750","n_nodes":2},"geometry":{"type":"Point","coordinates":[121.578809,25.065998]}},{"type":"Feature","id":"TPS_00751","properties":{"id":"TPS_00751","n_nodes":2},"geometry":{"type":"Point","coordinates":[121.581323,25.066978]}},{"type":"Feature","id":"TPS_00752","properties":{"id":"TPS_00752","n_nodes":2},"geometry":{"type":"Point","coordinates":[121.576716,25.063546]}},{"type":"Feature","id":"TPS_00753","properties":{"id":"TPS_00753","n_nodes":2},"geometry":{"type":"Point","coordinates":[121.575174,25.065626]}},{"type":"Feature","id":"TPS_00754","properties":{"id":"TPS_00754","n_nodes":2},"geometry":{"type":"Point","coordinates":[121.574997,25.065949]}},{"type":"Feature","id":"TPS_00755","properties":{"id":"TPS_00755","n_nodes":2},"geometry":{"type":"Point","coordinates":[121.582562,25.051531]}},{"type":"Feature","id":"TPS_00756","properties":{"id":"TPS_00756","n_nodes":2},"geometry":{"type":"Point","coordinates":[121.538509,25.072529]}},{"type":"Feature","id":"TPS_00757","properties":{"id":"TPS_00757","n_nodes":2},"geometry":{"type":"Point","coordinates":[121.558361,25.058506]}},{"type":"Feature","id":"TPS_00758","properties":{"id":"TPS_00758","n_nodes":2},"geometry":{"type":"Point","coordinates":[121.552105,25.057987]}},{"type":"Feature","id":"TPS_00759","properties":{"id":"TPS_00759","n_nodes":2},"geometry":{"type":"Point","coordinates":[121.581047,25.00201]}},{"type":"Feature","id":"TPS_00760","properties":{"id":"TPS_00760","n_nodes":2},"geometry":{"type":"Point","coordinates":[121.597327,25.001825]}},{"type":"Feature","id":"TPS_00761","properties":{"id":"TPS_00761","n_nodes":2},"geometry":{"type":"Point","coordinates":[121.534508,25.028312]}},{"type":"Feature","id":"TPS_00762","properties":{"id":"TPS_00762","n_nodes":2},"geometry":{"type":"Point","coordinates":[121.526319,25.028888]}},{"type":"Feature","id":"TPS_00763","properties":{"id":"TPS_00763","n_nodes":2},"geometry":{"type":"Point","coordinates":[121.527086,25.033016]}},{"type":"Feature","id":"TPS_00764","properties":{"id":"TPS_00764","n_nodes":2},"geometry":{"type":"Point","coordinates":[121.526571,25.03019]}},{"type":"Feature","id":"TPS_00765","properties":{"id":"TPS_00765","n_nodes":2},"geometry":{"type":"Point","coordinates":[121.531984,25.026319]}},{"type":"Feature","id":"TPS_00766","properties":{"id":"TPS_00766","n_nodes":2},"geometry":{"type":"Point","coordinates":[121.525468,25.084137]}},{"type":"Feature","id":"TPS_00767","properties":{"id":"TPS_00767","n_nodes":2},"geometry":{"type":"Point","coordinates":[121.52154,25.088835]}},{"type":"Feature","id":"TPS_00768","properties":{"id":"TPS_00768","n_nodes":2},"geometry":{"type":"Point","coordinates":[121.509288,25.086728]}},{"type":"Feature","id":"TPS_00769","properties":{"id":"TPS_00769","n_nodes":2},"geometry":{"type":"Point","coordinates":[121.497341,25.094652]}},{"type":"Feature","id":"TPS_00770","properties":{"id":"TPS_00770","n_nodes":2},"geometry":{"type":"Point","coordinates":[121.506813,25.089547]}},{"type":"Feature","id":"TPS_00771","properties":{"id":"TPS_00771","n_nodes":2},"geometry":{"type":"Point","coordinates":[121.508238,25.056876]}},{"type":"Feature","id":"TPS_00772","properties":{"id":"TPS_00772","n_nodes":2},"geometry":{"type":"Point","coordinates":[121.513915,25.051569]}},{"type":"Feature","id":"TPS_00773","properties":{"id":"TPS_00773","n_nodes":2},"geometry":{"type":"Point","coordinates":[121.511976,25.049883]}},{"type":"Feature","id":"TPS_00774","properties":{"id":"TPS_00774","n_nodes":2},"geometry":{"type":"Point","coordinates":[121.50763,25.048636]}},{"type":"Feature","id":"TPS_00775","properties":{"id":"TPS_00775","n_nodes":2},"geometry":{"type":"Point","coordinates":[121.509996,25.048153]}},{"type":"Feature","id":"TPS_00776","properties":{"id":"TPS_00776","n_nodes":2},"geometry":{"type":"Point","coordinates":[121.510519,25.050175]}},{"type":"Feature","id":"TPS_00777","properties":{"id":"TPS_00777","n_nodes":2},"geometry":{"type":"Point","coordinates":[121.513273,25.047254]}},{"type":"Feature","id":"TPS_00778","properties":{"id":"TPS_00778","n_nodes":2},"geometry":{"type":"Point","coordinates":[121.500296,25.091359]}},{"type":"Feature","id":"TPS_00779","properties":{"id":"TPS_00779","n_nodes":2},"geometry":{"type":"Point","coordinates":[121.503778,25.089394]}},{"type":"Feature","id":"TPS_00780","properties":{"id":"TPS_00780","n_nodes":2},"geometry":{"type":"Point","coordinates":[121.514752,25.062985]}},{"type":"Feature","id":"TPS_00781","properties":{"id":"TPS_00781","n_nodes":2},"geometry":{"type":"Point","coordinates":[121.518201,25.058427]}},{"type":"Feature","id":"TPS_00782","properties":{"id":"TPS_00782","n_nodes":2},"geometry":{"type":"Point","coordinates":[121.513656,25.058199]}},{"type":"Feature","id":"TPS_00783","properties":{"id":"TPS_00783","n_nodes":2},"geometry":{"type":"Point","coordinates":[121.520832,25.062816]}},{"type":"Feature","id":"TPS_00784","properties":{"id":"TPS_00784","n_nodes":2},"geometry":{"type":"Point","coordinates":[121.527441,25.061188]}},{"type":"Feature","id":"TPS_00785","properties":{"id":"TPS_00785","n_nodes":2},"geometry":{"type":"Point","coordinates":[121.52563,25.062689]}},{"type":"Feature","id":"TPS_00786","properties":{"id":"TPS_00786","n_nodes":2},"geometry":{"type":"Point","coordinates":[121.532131,25.096542]}},{"type":"Feature","id":"TPS_00787","properties":{"id":"TPS_00787","n_nodes":2},"geometry":{"type":"Point","coordinates":[121.51987,25.08959]}},{"type":"Feature","id":"TPS_00788","properties":{"id":"TPS_00788","n_nodes":2},"geometry":{"type":"Point","coordinates":[121.518399,25.089903]}},{"type":"Feature","id":"TPS_00789","properties":{"id":"TPS_00789","n_nodes":2},"geometry":{"type":"Point","coordinates":[121.514023,25.09609]}},{"type":"Feature","id":"TPS_00790","properties":{"id":"TPS_00790","n_nodes":2},"geometry":{"type":"Point","coordinates":[121.512862,25.098952]}},{"type":"Feature","id":"TPS_00791","properties":{"id":"TPS_00791","n_nodes":2},"geometry":{"type":"Point","coordinates":[121.504158,25.03125]}},{"type":"Feature","id":"TPS_00792","properties":{"id":"TPS_00792","n_nodes":2},"geometry":{"type":"Point","coordinates":[121.494488,25.027555]}},{"type":"Feature","id":"TPS_00793","properties":{"id":"TPS_00793","n_nodes":2},"geometry":{"type":"Point","coordinates":[121.498152,25.022303]}},{"type":"Feature","id":"TPS_00794","properties":{"id":"TPS_00794","n_nodes":2},"geometry":{"type":"Point","coordinates":[121.499368,25.022661]}},{"type":"Feature","id":"TPS_00795","properties":{"id":"TPS_00795","n_nodes":2},"geometry":{"type":"Point","coordinates":[121.490834,25.035524]}},{"type":"Feature","id":"TPS_00796","properties":{"id":"TPS_00796","n_nodes":2},"geometry":{"type":"Point","coordinates":[121.497149,25.03851]}},{"type":"Feature","id":"TPS_00797","properties":{"id":"TPS_00797","n_nodes":2},"geometry":{"type":"Point","coordinates":[121.497902,25.040079]}},{"type":"Feature","id":"TPS_00798","properties":{"id":"TPS_00798","n_nodes":2},"geometry":{"type":"Point","coordinates":[121.492108,25.032868]}},{"type":"Feature","id":"TPS_00799","properties":{"id":"TPS_00799","n_nodes":2},"geometry":{"type":"Point","coordinates":[121.578496,25.066726]}},{"type":"Feature","id":"TPS_00800","properties":{"id":"TPS_00800","n_nodes":2},"geometry":{"type":"Point","coordinates":[121.581562,25.067958]}},{"type":"Feature","id":"TPS_00801","properties":{"id":"TPS_00801","n_nodes":2},"geometry":{"type":"Point","coordinates":[121.533626,25.026186]}},{"type":"Feature","id":"TPS_00802","properties":{"id":"TPS_00802","n_nodes":2},"geometry":{"type":"Point","coordinates":[121.581944,25.044212]}},{"type":"Feature","id":"TPS_00803","properties":{"id":"TPS_00803","n_nodes":2},"geometry":{"type":"Point","coordinates":[121.512174,25.062951]}},{"type":"Feature","id":"TPS_00804","properties":{"id":"TPS_00804","n_nodes":2},"geometry":{"type":"Point","coordinates":[121.513719,25.067256]}},{"type":"Feature","id":"TPS_00805","properties":{"id":"TPS_00805","n_nodes":2},"geometry":{"type":"Point","coordinates":[121.543207,25.000591]}},{"type":"Feature","id":"TPS_00806","properties":{"id":"TPS_00806","n_nodes":2},"geometry":{"type":"Point","coordinates":[121.554081,24.99988]}},{"type":"Feature","id":"TPS_00807","properties":{"id":"TPS_00807","n_nodes":2},"geometry":{"type":"Point","coordinates":[121.556333,25.003651]}},{"type":"Feature","id":"TPS_00808","properties":{"id":"TPS_00808","n_nodes":2},"geometry":{"type":"Point","coordinates":[121.570306,25.004243]}},{"type":"Feature","id":"TPS_00809","properties":{"id":"TPS_00809","n_nodes":2},"geometry":{"type":"Point","coordinates":[121.522557,25.032343]}},{"type":"Feature","id":"TPS_00810","properties":{"id":"TPS_00810","n_nodes":2},"geometry":{"type":"Point","coordinates":[121.544004,24.999456]}},{"type":"Feature","id":"TPS_00811","properties":{"id":"TPS_00811","n_nodes":2},"geometry":{"type":"Point","coordinates":[121.557463,24.999311]}},{"type":"Feature","id":"TPS_00812","properties":{"id":"TPS_00812","n_nodes":2},"geometry":{"type":"Point","coordinates":[121.559228,24.997764]}},{"type":"Feature","id":"TPS_00813","properties":{"id":"TPS_00813","n_nodes":2},"geometry":{"type":"Point","coordinates":[121.556015,25.000203]}},{"type":"Feature","id":"TPS_00814","properties":{"id":"TPS_00814","n_nodes":2},"geometry":{"type":"Point","coordinates":[121.555429,25.002209]}},{"type":"Feature","id":"TPS_00815","properties":{"id":"TPS_00815","n_nodes":2},"geometry":{"type":"Point","coordinates":[121.558854,24.998066]}},{"type":"Feature","id":"TPS_00816","properties":{"id":"TPS_00816","n_nodes":2},"geometry":{"type":"Point","coordinates":[121.534041,25.020386]}},{"type":"Feature","id":"TPS_00817","properties":{"id":"TPS_00817","n_nodes":2},"geometry":{"type":"Point","coordinates":[121.578035,25.061796]}},{"type":"Feature","id":"TPS_00818","properties":{"id":"TPS_00818","n_nodes":2},"geometry":{"type":"Point","coordinates":[121.585643,25.064818]}},{"type":"Feature","id":"TPS_00819","properties":{"id":"TPS_00819","n_nodes":2},"geometry":{"type":"Point","coordinates":[121.585739,25.066286]}},{"type":"Feature","id":"TPS_00820","properties":{"id":"TPS_00820","n_nodes":2},"geometry":{"type":"Point","coordinates":[121.587825,25.069049]}},{"type":"Feature","id":"TPS_00821","properties":{"id":"TPS_00821","n_nodes":2},"geometry":{"type":"Point","coordinates":[121.502274,25.031219]}},{"type":"Feature","id":"TPS_00822","properties":{"id":"TPS_00822","n_nodes":2},"geometry":{"type":"Point","coordinates":[121.518951,25.026484]}},{"type":"Feature","id":"TPS_00823","properties":{"id":"TPS_00823","n_nodes":2},"geometry":{"type":"Point","coordinates":[121.512096,25.029008]}},{"type":"Feature","id":"TPS_00824","properties":{"id":"TPS_00824","n_nodes":2},"geometry":{"type":"Point","coordinates":[121.508893,25.029512]}},{"type":"Feature","id":"TPS_00825","properties":{"id":"TPS_00825","n_nodes":2},"geometry":{"type":"Point","coordinates":[121.510169,25.028504]}},{"type":"Feature","id":"TPS_00826","properties":{"id":"TPS_00826","n_nodes":2},"geometry":{"type":"Point","coordinates":[121.510796,25.028162]}},{"type":"Feature","id":"TPS_00827","properties":{"id":"TPS_00827","n_nodes":2},"geometry":{"type":"Point","coordinates":[121.502305,25.029696]}},{"type":"Feature","id":"TPS_00828","properties":{"id":"TPS_00828","n_nodes":2},"geometry":{"type":"Point","coordinates":[121.500504,25.02772]}},{"type":"Feature","id":"TPS_00829","properties":{"id":"TPS_00829","n_nodes":2},"geometry":{"type":"Point","coordinates":[121.493012,25.033895]}},{"type":"Feature","id":"TPS_00830","properties":{"id":"TPS_00830","n_nodes":2},"geometry":{"type":"Point","coordinates":[121.562689,25.086693]}},{"type":"Feature","id":"TPS_00831","properties":{"id":"TPS_00831","n_nodes":2},"geometry":{"type":"Point","coordinates":[121.568026,25.086403]}},{"type":"Feature","id":"TPS_00832","properties":{"id":"TPS_00832","n_nodes":2},"geometry":{"type":"Point","coordinates":[121.578943,25.078609]}},{"type":"Feature","id":"TPS_00833","properties":{"id":"TPS_00833","n_nodes":2},"geometry":{"type":"Point","coordinates":[121.583597,25.078544]}},{"type":"Feature","id":"TPS_00834","properties":{"id":"TPS_00834","n_nodes":2},"geometry":{"type":"Point","coordinates":[121.587953,25.078812]}},{"type":"Feature","id":"TPS_00835","properties":{"id":"TPS_00835","n_nodes":2},"geometry":{"type":"Point","coordinates":[121.617413,25.067919]}},{"type":"Feature","id":"TPS_00836","properties":{"id":"TPS_00836","n_nodes":2},"geometry":{"type":"Point","coordinates":[121.616222,25.068231]}},{"type":"Feature","id":"TPS_00837","properties":{"id":"TPS_00837","n_nodes":2},"geometry":{"type":"Point","coordinates":[121.608833,25.071958]}},{"type":"Feature","id":"TPS_00838","properties":{"id":"TPS_00838","n_nodes":2},"geometry":{"type":"Point","coordinates":[121.60139,25.084326]}},{"type":"Feature","id":"TPS_00839","properties":{"id":"TPS_00839","n_nodes":2},"geometry":{"type":"Point","coordinates":[121.6065,25.081985]}},{"type":"Feature","id":"TPS_00840","properties":{"id":"TPS_00840","n_nodes":2},"geometry":{"type":"Point","coordinates":[121.606166,25.073162]}},{"type":"Feature","id":"TPS_00841","properties":{"id":"TPS_00841","n_nodes":2},"geometry":{"type":"Point","coordinates":[121.583566,25.000202]}},{"type":"Feature","id":"TPS_00842","properties":{"id":"TPS_00842","n_nodes":2},"geometry":{"type":"Point","coordinates":[121.616801,25.057586]}},{"type":"Feature","id":"TPS_00843","properties":{"id":"TPS_00843","n_nodes":2},"geometry":{"type":"Point","coordinates":[121.592749,25.057953]}},{"type":"Feature","id":"TPS_00844","properties":{"id":"TPS_00844","n_nodes":2},"geometry":{"type":"Point","coordinates":[121.594021,25.050424]}},{"type":"Feature","id":"TPS_00845","properties":{"id":"TPS_00845","n_nodes":2},"geometry":{"type":"Point","coordinates":[121.594592,25.054821]}},{"type":"Feature","id":"TPS_00846","properties":{"id":"TPS_00846","n_nodes":2},"geometry":{"type":"Point","coordinates":[121.616836,25.058097]}},{"type":"Feature","id":"TPS_00847","properties":{"id":"TPS_00847","n_nodes":2},"geometry":{"type":"Point","coordinates":[121.61961,25.056302]}},{"type":"Feature","id":"TPS_00848","properties":{"id":"TPS_00848","n_nodes":2},"geometry":{"type":"Point","coordinates":[121.609073,25.052355]}},{"type":"Feature","id":"TPS_00849","properties":{"id":"TPS_00849","n_nodes":2},"geometry":{"type":"Point","coordinates":[121.619492,25.059062]}},{"type":"Feature","id":"TPS_00850","properties":{"id":"TPS_00850","n_nodes":2},"geometry":{"type":"Point","coordinates":[121.511796,25.110038]}},{"type":"Feature","id":"TPS_00851","properties":{"id":"TPS_00851","n_nodes":2},"geometry":{"type":"Point","coordinates":[121.525261,25.108732]}},{"type":"Feature","id":"TPS_00852","properties":{"id":"TPS_00852","n_nodes":2},"geometry":{"type":"Point","coordinates":[121.61803,25.061032]}},{"type":"Feature","id":"TPS_00853","properties":{"id":"TPS_00853","n_nodes":2},"geometry":{"type":"Point","coordinates":[121.616567,25.059349]}},{"type":"Feature","id":"TPS_00854","properties":{"id":"TPS_00854","n_nodes":2},"geometry":{"type":"Point","coordinates":[121.614465,25.060527]}},{"type":"Feature","id":"TPS_00855","properties":{"id":"TPS_00855","n_nodes":2},"geometry":{"type":"Point","coordinates":[121.586017,25.068946]}},{"type":"Feature","id":"TPS_00856","properties":{"id":"TPS_00856","n_nodes":2},"geometry":{"type":"Point","coordinates":[121.591338,25.060621]}},{"type":"Feature","id":"TPS_00857","properties":{"id":"TPS_00857","n_nodes":2},"geometry":{"type":"Point","coordinates":[121.585066,25.048021]}},{"type":"Feature","id":"TPS_00858","properties":{"id":"TPS_00858","n_nodes":2},"geometry":{"type":"Point","coordinates":[121.611153,25.063808]}},{"type":"Feature","id":"TPS_00859","properties":{"id":"TPS_00859","n_nodes":2},"geometry":{"type":"Point","coordinates":[121.596868,25.060476]}},{"type":"Feature","id":"TPS_00860","properties":{"id":"TPS_00860","n_nodes":2},"geometry":{"type":"Point","coordinates":[121.486267,25.121955]}},{"type":"Feature","id":"TPS_00861","properties":{"id":"TPS_00861","n_nodes":2},"geometry":{"type":"Point","coordinates":[121.611806,25.067739]}},{"type":"Feature","id":"TPS_00862","properties":{"id":"TPS_00862","n_nodes":2},"geometry":{"type":"Point","coordinates":[121.616081,25.051978]}},{"type":"Feature","id":"TPS_00863","properties":{"id":"TPS_00863","n_nodes":2},"geometry":{"type":"Point","coordinates":[121.593732,25.051186]}},{"type":"Feature","id":"TPS_00864","properties":{"id":"TPS_00864","n_nodes":2},"geometry":{"type":"Point","coordinates":[121.582505,25.054795]}},{"type":"Feature","id":"TPS_00865","properties":{"id":"TPS_00865","n_nodes":2},"geometry":{"type":"Point","coordinates":[121.618257,25.068372]}},{"type":"Feature","id":"TPS_00866","properties":{"id":"TPS_00866","n_nodes":2},"geometry":{"type":"Point","coordinates":[121.556341,25.08265]}},{"type":"Feature","id":"TPS_00867","properties":{"id":"TPS_00867","n_nodes":2},"geometry":{"type":"Point","coordinates":[121.556295,25.084653]}},{"type":"Feature","id":"TPS_00868","properties":{"id":"TPS_00868","n_nodes":2},"geometry":{"type":"Point","coordinates":[121.556339,25.083939]}},{"type":"Feature","id":"TPS_00869","properties":{"id":"TPS_00869","n_nodes":2},"geometry":{"type":"Point","coordinates":[121.556313,25.079241]}},{"type":"Feature","id":"TPS_00870","properties":{"id":"TPS_00870","n_nodes":2},"geometry":{"type":"Point","coordinates":[121.563157,25.076119]}},{"type":"Feature","id":"TPS_00871","properties":{"id":"TPS_00871","n_nodes":2},"geometry":{"type":"Point","coordinates":[121.534437,25.097944]}},{"type":"Feature","id":"TPS_00872","properties":{"id":"TPS_00872","n_nodes":2},"geometry":{"type":"Point","coordinates":[121.55007,25.100033]}},{"type":"Feature","id":"TPS_00873","properties":{"id":"TPS_00873","n_nodes":2},"geometry":{"type":"Point","coordinates":[121.521316,25.044035]}},{"type":"Feature","id":"TPS_00874","properties":{"id":"TPS_00874","n_nodes":2},"geometry":{"type":"Point","coordinates":[121.522252,25.04776]}},{"type":"Feature","id":"TPS_00875","properties":{"id":"TPS_00875","n_nodes":2},"geometry":{"type":"Point","coordinates":[121.615846,25.048828]}},{"type":"Feature","id":"TPS_00876","properties":{"id":"TPS_00876","n_nodes":2},"geometry":{"type":"Point","coordinates":[121.615707,25.047684]}},{"type":"Feature","id":"TPS_00877","properties":{"id":"TPS_00877","n_nodes":2},"geometry":{"type":"Point","coordinates":[121.612616,25.052775]}},{"type":"Feature","id":"TPS_00878","properties":{"id":"TPS_00878","n_nodes":2},"geometry":{"type":"Point","coordinates":[121.605458,25.08283]}},{"type":"Feature","id":"TPS_00879","properties":{"id":"TPS_00879","n_nodes":2},"geometry":{"type":"Point","coordinates":[121.497539,25.132688]}},{"type":"Feature","id":"TPS_00880","properties":{"id":"TPS_00880","n_nodes":2},"geometry":{"type":"Point","coordinates":[121.601841,25.074098]}},{"type":"Feature","id":"TPS_00881","properties":{"id":"TPS_00881","n_nodes":2},"geometry":{"type":"Point","coordinates":[121.520251,25.110008]}},{"type":"Feature","id":"TPS_00882","properties":{"id":"TPS_00882","n_nodes":2},"geometry":{"type":"Point","coordinates":[121.517514,25.118077]}},{"type":"Feature","id":"TPS_00883","properties":{"id":"TPS_00883","n_nodes":2},"geometry":{"type":"Point","coordinates":[121.507197,25.114372]}},{"type":"Feature","id":"TPS_00884","properties":{"id":"TPS_00884","n_nodes":2},"geometry":{"type":"Point","coordinates":[121.509293,25.112454]}},{"type":"Feature","id":"TPS_00885","properties":{"id":"TPS_00885","n_nodes":2},"geometry":{"type":"Point","coordinates":[121.526787,25.121738]}},{"type":"Feature","id":"TPS_00886","properties":{"id":"TPS_00886","n_nodes":2},"geometry":{"type":"Point","coordinates":[121.515019,25.046824]}},{"type":"Feature","id":"TPS_00887","properties":{"id":"TPS_00887","n_nodes":2},"geometry":{"type":"Point","coordinates":[121.517512,25.046205]}},{"type":"Feature","id":"TPS_00888","properties":{"id":"TPS_00888","n_nodes":2},"geometry":{"type":"Point","coordinates":[121.508721,25.048369]}},{"type":"Feature","id":"TPS_00889","properties":{"id":"TPS_00889","n_nodes":2},"geometry":{"type":"Point","coordinates":[121.52525,25.044477]}},{"type":"Feature","id":"TPS_00890","properties":{"id":"TPS_00890","n_nodes":2},"geometry":{"type":"Point","coordinates":[121.524623,25.095026]}},{"type":"Feature","id":"TPS_00891","properties":{"id":"TPS_00891","n_nodes":2},"geometry":{"type":"Point","coordinates":[121.550833,25.083783]}},{"type":"Feature","id":"TPS_00892","properties":{"id":"TPS_00892","n_nodes":2},"geometry":{"type":"Point","coordinates":[121.548814,25.082071]}},{"type":"Feature","id":"TPS_00893","properties":{"id":"TPS_00893","n_nodes":2},"geometry":{"type":"Point","coordinates":[121.552105,25.079989]}},{"type":"Feature","id":"TPS_00894","properties":{"id":"TPS_00894","n_nodes":2},"geometry":{"type":"Point","coordinates":[121.534995,25.07794]}},{"type":"Feature","id":"TPS_00895","properties":{"id":"TPS_00895","n_nodes":2},"geometry":{"type":"Point","coordinates":[121.539125,25.079381]}},{"type":"Feature","id":"TPS_00896","properties":{"id":"TPS_00896","n_nodes":2},"geometry":{"type":"Point","coordinates":[121.579209,25.060274]}},{"type":"Feature","id":"TPS_00897","properties":{"id":"TPS_00897","n_nodes":2},"geometry":{"type":"Point","coordinates":[121.584714,25.062663]}},{"type":"Feature","id":"TPS_00898","properties":{"id":"TPS_00898","n_nodes":2},"geometry":{"type":"Point","coordinates":[121.582655,25.060593]}},{"type":"Feature","id":"TPS_00899","properties":{"id":"TPS_00899","n_nodes":2},"geometry":{"type":"Point","coordinates":[121.543334,24.992781]}},{"type":"Feature","id":"TPS_00900","properties":{"id":"TPS_00900","n_nodes":2},"geometry":{"type":"Point","coordinates":[121.540947,24.989866]}},{"type":"Feature","id":"TPS_00901","properties":{"id":"TPS_00901","n_nodes":2},"geometry":{"type":"Point","coordinates":[121.553793,24.988069]}},{"type":"Feature","id":"TPS_00902","properties":{"id":"TPS_00902","n_nodes":2},"geometry":{"type":"Point","coordinates":[121.566788,24.986932]}},{"type":"Feature","id":"TPS_00903","properties":{"id":"TPS_00903","n_nodes":2},"geometry":{"type":"Point","coordinates":[121.513635,25.059235]}},{"type":"Feature","id":"TPS_00904","properties":{"id":"TPS_00904","n_nodes":2},"geometry":{"type":"Point","coordinates":[121.510738,25.056928]}},{"type":"Feature","id":"TPS_00905","properties":{"id":"TPS_00905","n_nodes":2},"geometry":{"type":"Point","coordinates":[121.511503,25.05822]}},{"type":"Feature","id":"TPS_00906","properties":{"id":"TPS_00906","n_nodes":2},"geometry":{"type":"Point","coordinates":[121.518234,25.060211]}},{"type":"Feature","id":"TPS_00907","properties":{"id":"TPS_00907","n_nodes":2},"geometry":{"type":"Point","coordinates":[121.494369,25.110754]}},{"type":"Feature","id":"TPS_00908","properties":{"id":"TPS_00908","n_nodes":2},"geometry":{"type":"Point","coordinates":[121.506539,25.036054]}},{"type":"Feature","id":"TPS_00909","properties":{"id":"TPS_00909","n_nodes":2},"geometry":{"type":"Point","coordinates":[121.541132,24.99417]}},{"type":"Feature","id":"TPS_00910","properties":{"id":"TPS_00910","n_nodes":2},"geometry":{"type":"Point","coordinates":[121.555117,24.988184]}},{"type":"Feature","id":"TPS_00911","properties":{"id":"TPS_00911","n_nodes":2},"geometry":{"type":"Point","coordinates":[121.590882,25.080701]}},{"type":"Feature","id":"TPS_00912","properties":{"id":"TPS_00912","n_nodes":2},"geometry":{"type":"Point","coordinates":[121.556592,24.988508]}},{"type":"Feature","id":"TPS_00913","properties":{"id":"TPS_00913","n_nodes":2},"geometry":{"type":"Point","coordinates":[121.545362,24.986737]}},{"type":"Feature","id":"TPS_00914","properties":{"id":"TPS_00914","n_nodes":2},"geometry":{"type":"Point","coordinates":[121.545999,24.986752]}},{"type":"Feature","id":"TPS_00915","properties":{"id":"TPS_00915","n_nodes":2},"geometry":{"type":"Point","coordinates":[121.494321,25.028721]}},{"type":"Feature","id":"TPS_00916","properties":{"id":"TPS_00916","n_nodes":2},"geometry":{"type":"Point","coordinates":[121.505292,25.033402]}},{"type":"Feature","id":"TPS_00917","properties":{"id":"TPS_00917","n_nodes":2},"geometry":{"type":"Point","coordinates":[121.489029,25.02856]}},{"type":"Feature","id":"TPS_00918","properties":{"id":"TPS_00918","n_nodes":2},"geometry":{"type":"Point","coordinates":[121.500462,25.026335]}},{"type":"Feature","id":"TPS_00919","properties":{"id":"TPS_00919","n_nodes":2},"geometry":{"type":"Point","coordinates":[121.501219,25.035227]}},{"type":"Feature","id":"TPS_00920","properties":{"id":"TPS_00920","n_nodes":2},"geometry":{"type":"Point","coordinates":[121.493744,25.026933]}},{"type":"Feature","id":"TPS_00921","properties":{"id":"TPS_00921","n_nodes":2},"geometry":{"type":"Point","coordinates":[121.505665,25.03453]}},{"type":"Feature","id":"TPS_00922","properties":{"id":"TPS_00922","n_nodes":2},"geometry":{"type":"Point","coordinates":[121.500583,25.031182]}},{"type":"Feature","id":"TPS_00923","properties":{"id":"TPS_00923","n_nodes":2},"geometry":{"type":"Point","coordinates":[121.502236,25.033275]}},{"type":"Feature","id":"TPS_00924","properties":{"id":"TPS_00924","n_nodes":2},"geometry":{"type":"Point","coordinates":[121.495944,25.032673]}},{"type":"Feature","id":"TPS_00925","properties":{"id":"TPS_00925","n_nodes":2},"geometry":{"type":"Point","coordinates":[121.507227,25.030646]}},{"type":"Feature","id":"TPS_00926","properties":{"id":"TPS_00926","n_nodes":2},"geometry":{"type":"Point","coordinates":[121.504147,25.030047]}},{"type":"Feature","id":"TPS_00927","properties":{"id":"TPS_00927","n_nodes":2},"geometry":{"type":"Point","coordinates":[121.490752,25.031337]}},{"type":"Feature","id":"TPS_00928","properties":{"id":"TPS_00928","n_nodes":2},"geometry":{"type":"Point","coordinates":[121.500531,25.032985]}},{"type":"Feature","id":"TPS_00929","properties":{"id":"TPS_00929","n_nodes":2},"geometry":{"type":"Point","coordinates":[121.493982,25.031007]}},{"type":"Feature","id":"TPS_00930","properties":{"id":"TPS_00930","n_nodes":2},"geometry":{"type":"Point","coordinates":[121.495693,25.036924]}},{"type":"Feature","id":"TPS_00931","properties":{"id":"TPS_00931","n_nodes":2},"geometry":{"type":"Point","coordinates":[121.499117,25.035139]}},{"type":"Feature","id":"TPS_00932","properties":{"id":"TPS_00932","n_nodes":2},"geometry":{"type":"Point","coordinates":[121.505078,25.036802]}},{"type":"Feature","id":"TPS_00933","properties":{"id":"TPS_00933","n_nodes":2},"geometry":{"type":"Point","coordinates":[121.491389,25.032059]}},{"type":"Feature","id":"TPS_00934","properties":{"id":"TPS_00934","n_nodes":2},"geometry":{"type":"Point","coordinates":[121.588179,25.049051]}},{"type":"Feature","id":"TPS_00935","properties":{"id":"TPS_00935","n_nodes":2},"geometry":{"type":"Point","coordinates":[121.589117,25.049261]}},{"type":"Feature","id":"TPS_00936","properties":{"id":"TPS_00936","n_nodes":2},"geometry":{"type":"Point","coordinates":[121.615093,25.068542]}},{"type":"Feature","id":"TPS_00937","properties":{"id":"TPS_00937","n_nodes":2},"geometry":{"type":"Point","coordinates":[121.528754,25.039489]}},{"type":"Feature","id":"TPS_00938","properties":{"id":"TPS_00938","n_nodes":2},"geometry":{"type":"Point","coordinates":[121.517747,25.039534]}},{"type":"Feature","id":"TPS_00939","properties":{"id":"TPS_00939","n_nodes":2},"geometry":{"type":"Point","coordinates":[121.546364,25.136848]}},{"type":"Feature","id":"TPS_00940","properties":{"id":"TPS_00940","n_nodes":2},"geometry":{"type":"Point","coordinates":[121.531552,25.121513]}},{"type":"Feature","id":"TPS_00941","properties":{"id":"TPS_00941","n_nodes":2},"geometry":{"type":"Point","coordinates":[121.531056,25.120222]}},{"type":"Feature","id":"TPS_00942","properties":{"id":"TPS_00942","n_nodes":2},"geometry":{"type":"Point","coordinates":[121.53641,25.118143]}},{"type":"Feature","id":"TPS_00943","properties":{"id":"TPS_00943","n_nodes":2},"geometry":{"type":"Point","coordinates":[121.530163,25.107644]}},{"type":"Feature","id":"TPS_00944","properties":{"id":"TPS_00944","n_nodes":2},"geometry":{"type":"Point","coordinates":[121.539065,25.116424]}},{"type":"Feature","id":"TPS_00945","properties":{"id":"TPS_00945","n_nodes":2},"geometry":{"type":"Point","coordinates":[121.528983,25.105609]}},{"type":"Feature","id":"TPS_00946","properties":{"id":"TPS_00946","n_nodes":2},"geometry":{"type":"Point","coordinates":[121.532932,25.114917]}},{"type":"Feature","id":"TPS_00947","properties":{"id":"TPS_00947","n_nodes":2},"geometry":{"type":"Point","coordinates":[121.533559,25.112741]}},{"type":"Feature","id":"TPS_00948","properties":{"id":"TPS_00948","n_nodes":2},"geometry":{"type":"Point","coordinates":[121.568363,25.034844]}},{"type":"Feature","id":"TPS_00949","properties":{"id":"TPS_00949","n_nodes":2},"geometry":{"type":"Point","coordinates":[121.518924,25.04312]}},{"type":"Feature","id":"TPS_00950","properties":{"id":"TPS_00950","n_nodes":2},"geometry":{"type":"Point","coordinates":[121.54713,25.096781]}},{"type":"Feature","id":"TPS_00951","properties":{"id":"TPS_00951","n_nodes":2},"geometry":{"type":"Point","coordinates":[121.552438,25.101635]}},{"type":"Feature","id":"TPS_00952","properties":{"id":"TPS_00952","n_nodes":2},"geometry":{"type":"Point","coordinates":[121.544248,25.097115]}},{"type":"Feature","id":"TPS_00953","properties":{"id":"TPS_00953","n_nodes":2},"geometry":{"type":"Point","coordinates":[121.520901,25.096812]}},{"type":"Feature","id":"TPS_00954","properties":{"id":"TPS_00954","n_nodes":2},"geometry":{"type":"Point","coordinates":[121.522533,25.094553]}},{"type":"Feature","id":"TPS_00955","properties":{"id":"TPS_00955","n_nodes":2},"geometry":{"type":"Point","coordinates":[121.526639,25.104253]}},{"type":"Feature","id":"TPS_00956","properties":{"id":"TPS_00956","n_nodes":2},"geometry":{"type":"Point","coordinates":[121.513331,25.097788]}},{"type":"Feature","id":"TPS_00957","properties":{"id":"TPS_00957","n_nodes":2},"geometry":{"type":"Point","coordinates":[121.517721,25.091849]}},{"type":"Feature","id":"TPS_00958","properties":{"id":"TPS_00958","n_nodes":2},"geometry":{"type":"Point","coordinates":[121.518654,25.092455]}},{"type":"Feature","id":"TPS_00959","properties":{"id":"TPS_00959","n_nodes":2},"geometry":{"type":"Point","coordinates":[121.520036,25.093371]}},{"type":"Feature","id":"TPS_00960","properties":{"id":"TPS_00960","n_nodes":2},"geometry":{"type":"Point","coordinates":[121.589757,25.071878]}},{"type":"Feature","id":"TPS_00961","properties":{"id":"TPS_00961","n_nodes":2},"geometry":{"type":"Point","coordinates":[121.559116,24.993506]}},{"type":"Feature","id":"TPS_00962","properties":{"id":"TPS_00962","n_nodes":2},"geometry":{"type":"Point","coordinates":[121.503835,25.035584]}},{"type":"Feature","id":"TPS_00963","properties":{"id":"TPS_00963","n_nodes":2},"geometry":{"type":"Point","coordinates":[121.500535,25.03031]}},{"type":"Feature","id":"TPS_00964","properties":{"id":"TPS_00964","n_nodes":2},"geometry":{"type":"Point","coordinates":[121.493457,25.030526]}},{"type":"Feature","id":"TPS_00965","properties":{"id":"TPS_00965","n_nodes":2},"geometry":{"type":"Point","coordinates":[121.494793,25.031758]}},{"type":"Feature","id":"TPS_00966","properties":{"id":"TPS_00966","n_nodes":2},"geometry":{"type":"Point","coordinates":[121.5834,25.069665]}},{"type":"Feature","id":"TPS_00967","properties":{"id":"TPS_00967","n_nodes":2},"geometry":{"type":"Point","coordinates":[121.563517,25.083269]}},{"type":"Feature","id":"TPS_00968","properties":{"id":"TPS_00968","n_nodes":2},"geometry":{"type":"Point","coordinates":[121.564284,25.078857]}},{"type":"Feature","id":"TPS_00969","properties":{"id":"TPS_00969","n_nodes":2},"geometry":{"type":"Point","coordinates":[121.589782,25.071521]}},{"type":"Feature","id":"TPS_00970","properties":{"id":"TPS_00970","n_nodes":2},"geometry":{"type":"Point","coordinates":[121.561181,25.084454]}},{"type":"Feature","id":"TPS_00971","properties":{"id":"TPS_00971","n_nodes":2},"geometry":{"type":"Point","coordinates":[121.589956,25.077455]}},{"type":"Feature","id":"TPS_00972","properties":{"id":"TPS_00972","n_nodes":2},"geometry":{"type":"Point","coordinates":[121.581169,25.078519]}},{"type":"Feature","id":"TPS_00973","properties":{"id":"TPS_00973","n_nodes":2},"geometry":{"type":"Point","coordinates":[121.551399,25.081942]}},{"type":"Feature","id":"TPS_00974","properties":{"id":"TPS_00974","n_nodes":2},"geometry":{"type":"Point","coordinates":[121.606013,25.073708]}},{"type":"Feature","id":"TPS_00975","properties":{"id":"TPS_00975","n_nodes":2},"geometry":{"type":"Point","coordinates":[121.577138,25.079809]}},{"type":"Feature","id":"TPS_00976","properties":{"id":"TPS_00976","n_nodes":2},"geometry":{"type":"Point","coordinates":[121.576595,25.079022]}},{"type":"Feature","id":"TPS_00977","properties":{"id":"TPS_00977","n_nodes":2},"geometry":{"type":"Point","coordinates":[121.572325,25.065089]}},{"type":"Feature","id":"TPS_00978","properties":{"id":"TPS_00978","n_nodes":2},"geometry":{"type":"Point","coordinates":[121.541211,25.003201]}},{"type":"Feature","id":"TPS_00979","properties":{"id":"TPS_00979","n_nodes":2},"geometry":{"type":"Point","coordinates":[121.548598,25.081212]}},{"type":"Feature","id":"TPS_00980","properties":{"id":"TPS_00980","n_nodes":2},"geometry":{"type":"Point","coordinates":[121.577771,25.048921]}},{"type":"Feature","id":"TPS_00981","properties":{"id":"TPS_00981","n_nodes":2},"geometry":{"type":"Point","coordinates":[121.580087,25.049494]}},{"type":"Feature","id":"TPS_00982","properties":{"id":"TPS_00982","n_nodes":2},"geometry":{"type":"Point","coordinates":[121.577772,25.049517]}},{"type":"Feature","id":"TPS_00983","properties":{"id":"TPS_00983","n_nodes":2},"geometry":{"type":"Point","coordinates":[121.606455,25.05317]}},{"type":"Feature","id":"TPS_00984","properties":{"id":"TPS_00984","n_nodes":2},"geometry":{"type":"Point","coordinates":[121.607918,25.052218]}},{"type":"Feature","id":"TPS_00985","properties":{"id":"TPS_00985","n_nodes":2},"geometry":{"type":"Point","coordinates":[121.607711,25.053363]}},{"type":"Feature","id":"TPS_00986","properties":{"id":"TPS_00986","n_nodes":2},"geometry":{"type":"Point","coordinates":[121.583815,25.049647]}},{"type":"Feature","id":"TPS_00987","properties":{"id":"TPS_00987","n_nodes":2},"geometry":{"type":"Point","coordinates":[121.605366,25.052994]}},{"type":"Feature","id":"TPS_00988","properties":{"id":"TPS_00988","n_nodes":2},"geometry":{"type":"Point","coordinates":[121.603376,25.052692]}},{"type":"Feature","id":"TPS_00989","properties":{"id":"TPS_00989","n_nodes":2},"geometry":{"type":"Point","coordinates":[121.586597,25.04868]}},{"type":"Feature","id":"TPS_00990","properties":{"id":"TPS_00990","n_nodes":2},"geometry":{"type":"Point","coordinates":[121.603563,25.051719]}},{"type":"Feature","id":"TPS_00991","properties":{"id":"TPS_00991","n_nodes":2},"geometry":{"type":"Point","coordinates":[121.508163,25.050509]}},{"type":"Feature","id":"TPS_00992","properties":{"id":"TPS_00992","n_nodes":2},"geometry":{"type":"Point","coordinates":[121.590253,25.065184]}},{"type":"Feature","id":"TPS_00993","properties":{"id":"TPS_00993","n_nodes":2},"geometry":{"type":"Point","coordinates":[121.584982,25.063113]}},{"type":"Feature","id":"TPS_00994","properties":{"id":"TPS_00994","n_nodes":2},"geometry":{"type":"Point","coordinates":[121.574642,25.085005]}},{"type":"Feature","id":"TPS_00995","properties":{"id":"TPS_00995","n_nodes":2},"geometry":{"type":"Point","coordinates":[121.574915,25.076353]}},{"type":"Feature","id":"TPS_00996","properties":{"id":"TPS_00996","n_nodes":2},"geometry":{"type":"Point","coordinates":[121.501948,25.13353]}},{"type":"Feature","id":"TPS_00997","properties":{"id":"TPS_00997","n_nodes":2},"geometry":{"type":"Point","coordinates":[121.54444,25.081197]}},{"type":"Feature","id":"TPS_00998","properties":{"id":"TPS_00998","n_nodes":2},"geometry":{"type":"Point","coordinates":[121.552296,25.07925]}},{"type":"Feature","id":"TPS_00999","properties":{"id":"TPS_00999","n_nodes":2},"geometry":{"type":"Point","coordinates":[121.530294,25.078032]}},{"type":"Feature","id":"TPS_01000","properties":{"id":"TPS_01000","n_nodes":2},"geometry":{"type":"Point","coordinates":[121.590246,25.070414]}},{"type":"Feature","id":"TPS_01001","properties":{"id":"TPS_01001","n_nodes":2},"geometry":{"type":"Point","coordinates":[121.592799,25.068898]}},{"type":"Feature","id":"TPS_01002","properties":{"id":"TPS_01002","n_nodes":2},"geometry":{"type":"Point","coordinates":[121.589223,25.069005]}},{"type":"Feature","id":"TPS_01003","properties":{"id":"TPS_01003","n_nodes":2},"geometry":{"type":"Point","coordinates":[121.590715,25.067564]}},{"type":"Feature","id":"TPS_01004","properties":{"id":"TPS_01004","n_nodes":2},"geometry":{"type":"Point","coordinates":[121.590517,25.066084]}},{"type":"Feature","id":"TPS_01005","properties":{"id":"TPS_01005","n_nodes":2},"geometry":{"type":"Point","coordinates":[121.59753,25.067537]}},{"type":"Feature","id":"TPS_01006","properties":{"id":"TPS_01006","n_nodes":2},"geometry":{"type":"Point","coordinates":[121.600472,25.06693]}},{"type":"Feature","id":"TPS_01007","properties":{"id":"TPS_01007","n_nodes":2},"geometry":{"type":"Point","coordinates":[121.589469,25.050544]}},{"type":"Feature","id":"TPS_01008","properties":{"id":"TPS_01008","n_nodes":2},"geometry":{"type":"Point","coordinates":[121.611268,25.070403]}},{"type":"Feature","id":"TPS_01009","properties":{"id":"TPS_01009","n_nodes":2},"geometry":{"type":"Point","coordinates":[121.605169,25.072576]}},{"type":"Feature","id":"TPS_01010","properties":{"id":"TPS_01010","n_nodes":2},"geometry":{"type":"Point","coordinates":[121.505926,25.03042]}},{"type":"Feature","id":"TPS_01011","properties":{"id":"TPS_01011","n_nodes":2},"geometry":{"type":"Point","coordinates":[121.608113,25.072265]}},{"type":"Feature","id":"TPS_01012","properties":{"id":"TPS_01012","n_nodes":2},"geometry":{"type":"Point","coordinates":[121.606893,25.072828]}},{"type":"Feature","id":"TPS_01013","properties":{"id":"TPS_01013","n_nodes":2},"geometry":{"type":"Point","coordinates":[121.49705,25.129598]}},{"type":"Feature","id":"TPS_01014","properties":{"id":"TPS_01014","n_nodes":2},"geometry":{"type":"Point","coordinates":[121.497171,25.136079]}},{"type":"Feature","id":"TPS_01015","properties":{"id":"TPS_01015","n_nodes":2},"geometry":{"type":"Point","coordinates":[121.503878,25.117345]}},{"type":"Feature","id":"TPS_01016","properties":{"id":"TPS_01016","n_nodes":2},"geometry":{"type":"Point","coordinates":[121.501049,25.137083]}},{"type":"Feature","id":"TPS_01017","properties":{"id":"TPS_01017","n_nodes":2},"geometry":{"type":"Point","coordinates":[121.498675,25.021572]}},{"type":"Feature","id":"TPS_01018","properties":{"id":"TPS_01018","n_nodes":2},"geometry":{"type":"Point","coordinates":[121.498765,25.034406]}},{"type":"Feature","id":"TPS_01019","properties":{"id":"TPS_01019","n_nodes":2},"geometry":{"type":"Point","coordinates":[121.535698,24.996227]}},{"type":"Feature","id":"TPS_01020","properties":{"id":"TPS_01020","n_nodes":2},"geometry":{"type":"Point","coordinates":[121.547318,24.986978]}},{"type":"Feature","id":"TPS_01021","properties":{"id":"TPS_01021","n_nodes":2},"geometry":{"type":"Point","coordinates":[121.557721,24.988742]}},{"type":"Feature","id":"TPS_01022","properties":{"id":"TPS_01022","n_nodes":2},"geometry":{"type":"Point","coordinates":[121.571766,24.99492]}},{"type":"Feature","id":"TPS_01023","properties":{"id":"TPS_01023","n_nodes":2},"geometry":{"type":"Point","coordinates":[121.57459,24.998184]}},{"type":"Feature","id":"TPS_01024","properties":{"id":"TPS_01024","n_nodes":2},"geometry":{"type":"Point","coordinates":[121.604092,25.073472]}},{"type":"Feature","id":"TPS_01025","properties":{"id":"TPS_01025","n_nodes":2},"geometry":{"type":"Point","coordinates":[121.592349,25.082064]}},{"type":"Feature","id":"TPS_01026","properties":{"id":"TPS_01026","n_nodes":2},"geometry":{"type":"Point","coordinates":[121.59669,25.082383]}},{"type":"Feature","id":"TPS_01027","properties":{"id":"TPS_01027","n_nodes":2},"geometry":{"type":"Point","coordinates":[121.598703,25.084687]}},{"type":"Feature","id":"TPS_01028","properties":{"id":"TPS_01028","n_nodes":2},"geometry":{"type":"Point","coordinates":[121.598219,25.08065]}},{"type":"Feature","id":"TPS_01029","properties":{"id":"TPS_01029","n_nodes":2},"geometry":{"type":"Point","coordinates":[121.51998,25.118682]}},{"type":"Feature","id":"TPS_01030","properties":{"id":"TPS_01030","n_nodes":2},"geometry":{"type":"Point","coordinates":[121.520097,25.050186]}},{"type":"Feature","id":"TPS_01031","properties":{"id":"TPS_01031","n_nodes":2},"geometry":{"type":"Point","coordinates":[121.511285,25.048076]}},{"type":"Feature","id":"TPS_01032","properties":{"id":"TPS_01032","n_nodes":2},"geometry":{"type":"Point","coordinates":[121.500221,25.024229]}},{"type":"Feature","id":"TPS_01033","properties":{"id":"TPS_01033","n_nodes":2},"geometry":{"type":"Point","coordinates":[121.500439,25.025382]}},{"type":"Feature","id":"TPS_01034","properties":{"id":"TPS_01034","n_nodes":2},"geometry":{"type":"Point","coordinates":[121.593584,25.083002]}},{"type":"Feature","id":"TPS_01035","properties":{"id":"TPS_01035","n_nodes":2},"geometry":{"type":"Point","coordinates":[121.583688,25.075004]}},{"type":"Feature","id":"TPS_01036","properties":{"id":"TPS_01036","n_nodes":2},"geometry":{"type":"Point","coordinates":[121.497785,25.020147]}},{"type":"Feature","id":"TPS_01037","properties":{"id":"TPS_01037","n_nodes":2},"geometry":{"type":"Point","coordinates":[121.527586,25.026671]}},{"type":"Feature","id":"TPS_01038","properties":{"id":"TPS_01038","n_nodes":2},"geometry":{"type":"Point","coordinates":[121.589881,25.073145]}},{"type":"Feature","id":"TPS_01039","properties":{"id":"TPS_01039","n_nodes":2},"geometry":{"type":"Point","coordinates":[121.595707,25.083487]}},{"type":"Feature","id":"TPS_01040","properties":{"id":"TPS_01040","n_nodes":2},"geometry":{"type":"Point","coordinates":[121.532934,25.09696]}},{"type":"Feature","id":"TPS_01041","properties":{"id":"TPS_01041","n_nodes":2},"geometry":{"type":"Point","coordinates":[121.542002,25.001974]}},{"type":"Feature","id":"TPS_01042","properties":{"id":"TPS_01042","n_nodes":2},"geometry":{"type":"Point","coordinates":[121.540743,25.003896]}},{"type":"Feature","id":"TPS_01043","properties":{"id":"TPS_01043","n_nodes":2},"geometry":{"type":"Point","coordinates":[121.554945,25.026486]}},{"type":"Feature","id":"TPS_01044","properties":{"id":"TPS_01044","n_nodes":2},"geometry":{"type":"Point","coordinates":[121.544188,24.998756]}},{"type":"Feature","id":"TPS_01045","properties":{"id":"TPS_01045","n_nodes":2},"geometry":{"type":"Point","coordinates":[121.557967,24.998964]}},{"type":"Feature","id":"TPS_01046","properties":{"id":"TPS_01046","n_nodes":2},"geometry":{"type":"Point","coordinates":[121.559802,24.98952]}},{"type":"Feature","id":"TPS_01047","properties":{"id":"TPS_01047","n_nodes":2},"geometry":{"type":"Point","coordinates":[121.544648,24.998508]}},{"type":"Feature","id":"TPS_01048","properties":{"id":"TPS_01048","n_nodes":2},"geometry":{"type":"Point","coordinates":[121.544599,24.993783]}},{"type":"Feature","id":"TPS_01049","properties":{"id":"TPS_01049","n_nodes":2},"geometry":{"type":"Point","coordinates":[121.516851,25.023091]}},{"type":"Feature","id":"TPS_01050","properties":{"id":"TPS_01050","n_nodes":2},"geometry":{"type":"Point","coordinates":[121.520456,25.033296]}},{"type":"Feature","id":"TPS_01051","properties":{"id":"TPS_01051","n_nodes":2},"geometry":{"type":"Point","coordinates":[121.540515,24.992134]}},{"type":"Feature","id":"TPS_01052","properties":{"id":"TPS_01052","n_nodes":2},"geometry":{"type":"Point","coordinates":[121.523676,25.094812]}},{"type":"Feature","id":"TPS_01053","properties":{"id":"TPS_01053","n_nodes":2},"geometry":{"type":"Point","coordinates":[121.525165,25.021054]}},{"type":"Feature","id":"TPS_01054","properties":{"id":"TPS_01054","n_nodes":2},"geometry":{"type":"Point","coordinates":[121.511985,25.024045]}},{"type":"Feature","id":"TPS_01055","properties":{"id":"TPS_01055","n_nodes":2},"geometry":{"type":"Point","coordinates":[121.506985,25.031985]}},{"type":"Feature","id":"TPS_01056","properties":{"id":"TPS_01056","n_nodes":2},"geometry":{"type":"Point","coordinates":[121.568317,25.03042]}},{"type":"Feature","id":"TPS_01057","properties":{"id":"TPS_01057","n_nodes":2},"geometry":{"type":"Point","coordinates":[121.5047,25.032329]}},{"type":"Feature","id":"TPS_01058","properties":{"id":"TPS_01058","n_nodes":2},"geometry":{"type":"Point","coordinates":[121.504737,25.029194]}},{"type":"Feature","id":"TPS_01059","properties":{"id":"TPS_01059","n_nodes":2},"geometry":{"type":"Point","coordinates":[121.497312,25.032]}},{"type":"Feature","id":"TPS_01060","properties":{"id":"TPS_01060","n_nodes":2},"geometry":{"type":"Point","coordinates":[121.535334,25.04196]}},{"type":"Feature","id":"TPS_01061","properties":{"id":"TPS_01061","n_nodes":2},"geometry":{"type":"Point","coordinates":[121.523937,25.026964]}},{"type":"Feature","id":"TPS_01062","properties":{"id":"TPS_01062","n_nodes":2},"geometry":{"type":"Point","coordinates":[121.591305,25.049788]}},{"type":"Feature","id":"TPS_01063","properties":{"id":"TPS_01063","n_nodes":2},"geometry":{"type":"Point","coordinates":[121.499106,25.137007]}},{"type":"Feature","id":"TPS_01064","properties":{"id":"TPS_01064","n_nodes":2},"geometry":{"type":"Point","coordinates":[121.505106,25.116228]}},{"type":"Feature","id":"TPS_01065","properties":{"id":"TPS_01065","n_nodes":2},"geometry":{"type":"Point","coordinates":[121.491497,25.025008]}},{"type":"Feature","id":"TPS_01066","properties":{"id":"TPS_01066","n_nodes":2},"geometry":{"type":"Point","coordinates":[121.492522,25.025901]}},{"type":"Feature","id":"TPS_01067","properties":{"id":"TPS_01067","n_nodes":2},"geometry":{"type":"Point","coordinates":[121.493365,25.028586]}},{"type":"Feature","id":"TPS_01068","properties":{"id":"TPS_01068","n_nodes":2},"geometry":{"type":"Point","coordinates":[121.496328,25.030141]}},{"type":"Feature","id":"TPS_01069","properties":{"id":"TPS_01069","n_nodes":2},"geometry":{"type":"Point","coordinates":[121.530337,25.06255]}},{"type":"Feature","id":"TPS_01070","properties":{"id":"TPS_01070","n_nodes":2},"geometry":{"type":"Point","coordinates":[121.538128,25.077775]}},{"type":"Feature","id":"TPS_01071","properties":{"id":"TPS_01071","n_nodes":2},"geometry":{"type":"Point","coordinates":[121.537642,25.077804]}},{"type":"Feature","id":"TPS_01072","properties":{"id":"TPS_01072","n_nodes":2},"geometry":{"type":"Point","coordinates":[121.547686,25.077388]}},{"type":"Feature","id":"TPS_01073","properties":{"id":"TPS_01073","n_nodes":2},"geometry":{"type":"Point","coordinates":[121.599565,25.079031]}},{"type":"Feature","id":"TPS_01074","properties":{"id":"TPS_01074","n_nodes":2},"geometry":{"type":"Point","coordinates":[121.551314,24.9877]}},{"type":"Feature","id":"TPS_01075","properties":{"id":"TPS_01075","n_nodes":2},"geometry":{"type":"Point","coordinates":[121.506367,25.037563]}},{"type":"Feature","id":"TPS_01076","properties":{"id":"TPS_01076","n_nodes":2},"geometry":{"type":"Point","coordinates":[121.590277,25.064426]}},{"type":"Feature","id":"TPS_01077","properties":{"id":"TPS_01077","n_nodes":2},"geometry":{"type":"Point","coordinates":[121.60393,25.051758]}},{"type":"Feature","id":"TPS_01078","properties":{"id":"TPS_01078","n_nodes":2},"geometry":{"type":"Point","coordinates":[121.505008,25.030196]}},{"type":"Feature","id":"TPS_01079","properties":{"id":"TPS_01079","n_nodes":2},"geometry":{"type":"Point","coordinates":[121.512865,25.034414]}},{"type":"Feature","id":"TPS_01080","properties":{"id":"TPS_01080","n_nodes":2},"geometry":{"type":"Point","coordinates":[121.526297,25.095404]}},{"type":"Feature","id":"TPS_01081","properties":{"id":"TPS_01081","n_nodes":2},"geometry":{"type":"Point","coordinates":[121.518149,25.040901]}},{"type":"Feature","id":"TPS_01082","properties":{"id":"TPS_01082","n_nodes":2},"geometry":{"type":"Point","coordinates":[121.518171,25.040543]}},{"type":"Feature","id":"TPS_01083","properties":{"id":"TPS_01083","n_nodes":2},"geometry":{"type":"Point","coordinates":[121.512179,25.109874]}},{"type":"Feature","id":"TPS_01084","properties":{"id":"TPS_01084","n_nodes":2},"geometry":{"type":"Point","coordinates":[121.51661,25.106146]}},{"type":"Feature","id":"TPS_01085","properties":{"id":"TPS_01085","n_nodes":2},"geometry":{"type":"Point","coordinates":[121.515627,25.106891]}},{"type":"Feature","id":"TPS_01086","properties":{"id":"TPS_01086","n_nodes":2},"geometry":{"type":"Point","coordinates":[121.517602,25.105396]}},{"type":"Feature","id":"TPS_01087","properties":{"id":"TPS_01087","n_nodes":2},"geometry":{"type":"Point","coordinates":[121.53064,25.110663]}},{"type":"Feature","id":"TPS_01088","properties":{"id":"TPS_01088","n_nodes":2},"geometry":{"type":"Point","coordinates":[121.537308,25.113474]}},{"type":"Feature","id":"TPS_01089","properties":{"id":"TPS_01089","n_nodes":2},"geometry":{"type":"Point","coordinates":[121.526621,25.112951]}},{"type":"Feature","id":"TPS_01090","properties":{"id":"TPS_01090","n_nodes":2},"geometry":{"type":"Point","coordinates":[121.561652,25.002079]}},{"type":"Feature","id":"TPS_01091","properties":{"id":"TPS_01091","n_nodes":2},"geometry":{"type":"Point","coordinates":[121.567685,25.00138]}},{"type":"Feature","id":"TPS_01092","properties":{"id":"TPS_01092","n_nodes":2},"geometry":{"type":"Point","coordinates":[121.513794,25.072044]}},{"type":"Feature","id":"TPS_01093","properties":{"id":"TPS_01093","n_nodes":2},"geometry":{"type":"Point","coordinates":[121.497765,25.093982]}},{"type":"Feature","id":"TPS_01094","properties":{"id":"TPS_01094","n_nodes":2},"geometry":{"type":"Point","coordinates":[121.540279,24.991593]}},{"type":"Feature","id":"TPS_01095","properties":{"id":"TPS_01095","n_nodes":2},"geometry":{"type":"Point","coordinates":[121.621174,25.076155]}},{"type":"Feature","id":"TPS_01096","properties":{"id":"TPS_01096","n_nodes":2},"geometry":{"type":"Point","coordinates":[121.51908,25.03163]}},{"type":"Feature","id":"TPS_01097","properties":{"id":"TPS_01097","n_nodes":2},"geometry":{"type":"Point","coordinates":[121.615613,25.050774]}},{"type":"Feature","id":"TPS_01098","properties":{"id":"TPS_01098","n_nodes":2},"geometry":{"type":"Point","coordinates":[121.56762,25.04369]}},{"type":"Feature","id":"TPS_01099","properties":{"id":"TPS_01099","n_nodes":2},"geometry":{"type":"Point","coordinates":[121.560148,25.017113]}},{"type":"Feature","id":"TPS_01100","properties":{"id":"TPS_01100","n_nodes":2},"geometry":{"type":"Point","coordinates":[121.561255,25.015342]}},{"type":"Feature","id":"TPS_01101","properties":{"id":"TPS_01101","n_nodes":2},"geometry":{"type":"Point","coordinates":[121.537694,25.038341]}},{"type":"Feature","id":"TPS_01102","properties":{"id":"TPS_01102","n_nodes":2},"geometry":{"type":"Point","coordinates":[121.517332,25.051932]}},{"type":"Feature","id":"TPS_01103","properties":{"id":"TPS_01103","n_nodes":2},"geometry":{"type":"Point","coordinates":[121.573553,24.997266]}},{"type":"Feature","id":"TPS_01104","properties":{"id":"TPS_01104","n_nodes":2},"geometry":{"type":"Point","coordinates":[121.516731,25.024279]}},{"type":"Feature","id":"TPS_01105","properties":{"id":"TPS_01105","n_nodes":2},"geometry":{"type":"Point","coordinates":[121.613947,25.068779]}},{"type":"Feature","id":"TPS_01106","properties":{"id":"TPS_01106","n_nodes":2},"geometry":{"type":"Point","coordinates":[121.505856,25.036944]}},{"type":"Feature","id":"TPS_01107","properties":{"id":"TPS_01107","n_nodes":2},"geometry":{"type":"Point","coordinates":[121.544756,25.024804]}},{"type":"Feature","id":"TPS_01108","properties":{"id":"TPS_01108","n_nodes":2},"geometry":{"type":"Point","coordinates":[121.50414,25.034429]}},{"type":"Feature","id":"TPS_01109","properties":{"id":"TPS_01109","n_nodes":2},"geometry":{"type":"Point","coordinates":[121.534626,25.023959]}},{"type":"Feature","id":"TPS_01110","properties":{"id":"TPS_01110","n_nodes":2},"geometry":{"type":"Point","coordinates":[121.574132,24.997782]}},{"type":"Feature","id":"TPS_01111","properties":{"id":"TPS_01111","n_nodes":2},"geometry":{"type":"Point","coordinates":[121.571277,24.992421]}},{"type":"Feature","id":"TPS_01112","properties":{"id":"TPS_01112","n_nodes":2},"geometry":{"type":"Point","coordinates":[121.533056,25.064861]}},{"type":"Feature","id":"TPS_01113","properties":{"id":"TPS_01113","n_nodes":2},"geometry":{"type":"Point","coordinates":[121.50232,25.035198]}},{"type":"Feature","id":"TPS_01114","properties":{"id":"TPS_01114","n_nodes":2},"geometry":{"type":"Point","coordinates":[121.549101,25.05416]}},{"type":"Feature","id":"TPS_01115","properties":{"id":"TPS_01115","n_nodes":2},"geometry":{"type":"Point","coordinates":[121.548859,25.054625]}},{"type":"Feature","id":"TPS_01116","properties":{"id":"TPS_01116","n_nodes":2},"geometry":{"type":"Point","coordinates":[121.549137,25.057509]}},{"type":"Feature","id":"TPS_01117","properties":{"id":"TPS_01117","n_nodes":2},"geometry":{"type":"Point","coordinates":[121.549081,25.051453]}},{"type":"Feature","id":"TPS_01118","properties":{"id":"TPS_01118","n_nodes":2},"geometry":{"type":"Point","coordinates":[121.548479,25.051704]}},{"type":"Feature","id":"TPS_01119","properties":{"id":"TPS_01119","n_nodes":2},"geometry":{"type":"Point","coordinates":[121.548838,25.052021]}},{"type":"Feature","id":"TPS_01120","properties":{"id":"TPS_01120","n_nodes":2},"geometry":{"type":"Point","coordinates":[121.514307,25.107917]}},{"type":"Feature","id":"TPS_01121","properties":{"id":"TPS_01121","n_nodes":2},"geometry":{"type":"Point","coordinates":[121.49886,25.11193]}},{"type":"Feature","id":"TPS_01122","properties":{"id":"TPS_01122","n_nodes":2},"geometry":{"type":"Point","coordinates":[121.496381,25.037654]}},{"type":"Feature","id":"TPS_01123","properties":{"id":"TPS_01123","n_nodes":2},"geometry":{"type":"Point","coordinates":[121.514736,25.101715]}},{"type":"Feature","id":"TPS_01124","properties":{"id":"TPS_01124","n_nodes":2},"geometry":{"type":"Point","coordinates":[121.508159,25.100537]}},{"type":"Feature","id":"TPS_01125","properties":{"id":"TPS_01125","n_nodes":2},"geometry":{"type":"Point","coordinates":[121.547442,25.096337]}},{"type":"Feature","id":"TPS_01126","properties":{"id":"TPS_01126","n_nodes":2},"geometry":{"type":"Point","coordinates":[121.510242,25.112995]}},{"type":"Feature","id":"TPS_01127","properties":{"id":"TPS_01127","n_nodes":2},"geometry":{"type":"Point","coordinates":[121.515109,25.053866]}},{"type":"Feature","id":"TPS_01128","properties":{"id":"TPS_01128","n_nodes":2},"geometry":{"type":"Point","coordinates":[121.511352,25.027966]}},{"type":"Feature","id":"TPS_01129","properties":{"id":"TPS_01129","n_nodes":2},"geometry":{"type":"Point","coordinates":[121.607059,25.078302]}},{"type":"Feature","id":"TPS_01130","properties":{"id":"TPS_01130","n_nodes":2},"geometry":{"type":"Point","coordinates":[121.604309,25.083036]}},{"type":"Feature","id":"TPS_01131","properties":{"id":"TPS_01131","n_nodes":2},"geometry":{"type":"Point","coordinates":[121.540407,25.013896]}},{"type":"Feature","id":"TPS_01132","properties":{"id":"TPS_01132","n_nodes":2},"geometry":{"type":"Point","coordinates":[121.546916,25.131007]}},{"type":"Feature","id":"TPS_01133","properties":{"id":"TPS_01133","n_nodes":2},"geometry":{"type":"Point","coordinates":[121.563059,25.047473]}},{"type":"Feature","id":"TPS_01134","properties":{"id":"TPS_01134","n_nodes":2},"geometry":{"type":"Point","coordinates":[121.537419,25.098169]}},{"type":"Feature","id":"TPS_01135","properties":{"id":"TPS_01135","n_nodes":2},"geometry":{"type":"Point","coordinates":[121.549146,25.099479]}},{"type":"Feature","id":"TPS_01136","properties":{"id":"TPS_01136","n_nodes":2},"geometry":{"type":"Point","coordinates":[121.525162,25.093296]}},{"type":"Feature","id":"TPS_01137","properties":{"id":"TPS_01137","n_nodes":2},"geometry":{"type":"Point","coordinates":[121.568407,25.037423]}},{"type":"Feature","id":"TPS_01138","properties":{"id":"TPS_01138","n_nodes":2},"geometry":{"type":"Point","coordinates":[121.559269,24.990509]}},{"type":"Feature","id":"TPS_01139","properties":{"id":"TPS_01139","n_nodes":2},"geometry":{"type":"Point","coordinates":[121.57889,25.045411]}},{"type":"Feature","id":"TPS_01140","properties":{"id":"TPS_01140","n_nodes":2},"geometry":{"type":"Point","coordinates":[121.520971,25.033056]}},{"type":"Feature","id":"TPS_01141","properties":{"id":"TPS_01141","n_nodes":2},"geometry":{"type":"Point","coordinates":[121.525546,25.031884]}},{"type":"Feature","id":"TPS_01142","properties":{"id":"TPS_01142","n_nodes":2},"geometry":{"type":"Point","coordinates":[121.493993,25.017683]}},{"type":"Feature","id":"TPS_01143","properties":{"id":"TPS_01143","n_nodes":2},"geometry":{"type":"Point","coordinates":[121.541685,25.077583]}},{"type":"Feature","id":"TPS_01144","properties":{"id":"TPS_01144","n_nodes":2},"geometry":{"type":"Point","coordinates":[121.574429,25.048152]}},{"type":"Feature","id":"TPS_01145","properties":{"id":"TPS_01145","n_nodes":2},"geometry":{"type":"Point","coordinates":[121.53385,25.097555]}},{"type":"Feature","id":"TPS_01146","properties":{"id":"TPS_01146","n_nodes":2},"geometry":{"type":"Point","coordinates":[121.550713,25.0611]}},{"type":"Feature","id":"TPS_01147","properties":{"id":"TPS_01147","n_nodes":2},"geometry":{"type":"Point","coordinates":[121.49088,25.024239]}},{"type":"Feature","id":"TPS_01148","properties":{"id":"TPS_01148","n_nodes":2},"geometry":{"type":"Point","coordinates":[121.511444,25.074046]}},{"type":"Feature","id":"TPS_01149","properties":{"id":"TPS_01149","n_nodes":2},"geometry":{"type":"Point","coordinates":[121.5718,25.032926]}},{"type":"Feature","id":"TPS_01150","properties":{"id":"TPS_01150","n_nodes":2},"geometry":{"type":"Point","coordinates":[121.595202,25.052683]}},{"type":"Feature","id":"TPS_01151","properties":{"id":"TPS_01151","n_nodes":2},"geometry":{"type":"Point","coordinates":[121.504558,25.036416]}},{"type":"Feature","id":"TPS_01152","properties":{"id":"TPS_01152","n_nodes":2},"geometry":{"type":"Point","coordinates":[121.54438,25.051877]}},{"type":"Feature","id":"TPS_01153","properties":{"id":"TPS_01153","n_nodes":2},"geometry":{"type":"Point","coordinates":[121.554816,25.05157]}},{"type":"Feature","id":"TPS_01154","properties":{"id":"TPS_01154","n_nodes":2},"geometry":{"type":"Point","coordinates":[121.535296,25.045504]}},{"type":"Feature","id":"TPS_01155","properties":{"id":"TPS_01155","n_nodes":2},"geometry":{"type":"Point","coordinates":[121.563044,24.989068]}},{"type":"Feature","id":"TPS_01156","properties":{"id":"TPS_01156","n_nodes":2},"geometry":{"type":"Point","coordinates":[121.563491,24.98904]}},{"type":"Feature","id":"TPS_01157","properties":{"id":"TPS_01157","n_nodes":2},"geometry":{"type":"Point","coordinates":[121.570766,24.990476]}},{"type":"Feature","id":"TPS_01158","properties":{"id":"TPS_01158","n_nodes":2},"geometry":{"type":"Point","coordinates":[121.565674,24.986995]}},{"type":"Feature","id":"TPS_01159","properties":{"id":"TPS_01159","n_nodes":2},"geometry":{"type":"Point","coordinates":[121.566085,24.987083]}},{"type":"Feature","id":"TPS_01160","properties":{"id":"TPS_01160","n_nodes":2},"geometry":{"type":"Point","coordinates":[121.570228,24.990185]}},{"type":"Feature","id":"TPS_01161","properties":{"id":"TPS_01161","n_nodes":2},"geometry":{"type":"Point","coordinates":[121.593042,24.996463]}},{"type":"Feature","id":"TPS_01162","properties":{"id":"TPS_01162","n_nodes":2},"geometry":{"type":"Point","coordinates":[121.590516,25.069795]}},{"type":"Feature","id":"TPS_01163","properties":{"id":"TPS_01163","n_nodes":2},"geometry":{"type":"Point","coordinates":[121.544604,24.997037]}},{"type":"Feature","id":"TPS_01164","properties":{"id":"TPS_01164","n_nodes":2},"geometry":{"type":"Point","coordinates":[121.544792,24.996747]}},{"type":"Feature","id":"TPS_01165","properties":{"id":"TPS_01165","n_nodes":2},"geometry":{"type":"Point","coordinates":[121.546612,24.999091]}},{"type":"Feature","id":"TPS_01166","properties":{"id":"TPS_01166","n_nodes":2},"geometry":{"type":"Point","coordinates":[121.502279,25.114258]}},{"type":"Feature","id":"TPS_01167","properties":{"id":"TPS_01167","n_nodes":2},"geometry":{"type":"Point","coordinates":[121.57083,24.996792]}},{"type":"Feature","id":"TPS_01168","properties":{"id":"TPS_01168","n_nodes":2},"geometry":{"type":"Point","coordinates":[121.567659,25.005137]}},{"type":"Feature","id":"TPS_01169","properties":{"id":"TPS_01169","n_nodes":2},"geometry":{"type":"Point","coordinates":[121.549435,25.051779]}},{"type":"Feature","id":"TPS_01170","properties":{"id":"TPS_01170","n_nodes":2},"geometry":{"type":"Point","coordinates":[121.54234,25.062208]}},{"type":"Feature","id":"TPS_01171","properties":{"id":"TPS_01171","n_nodes":2},"geometry":{"type":"Point","coordinates":[121.542615,25.062503]}},{"type":"Feature","id":"TPS_01172","properties":{"id":"TPS_01172","n_nodes":2},"geometry":{"type":"Point","coordinates":[121.550743,25.061758]}},{"type":"Feature","id":"TPS_01173","properties":{"id":"TPS_01173","n_nodes":2},"geometry":{"type":"Point","coordinates":[121.543951,25.06213]}},{"type":"Feature","id":"TPS_01174","properties":{"id":"TPS_01174","n_nodes":2},"geometry":{"type":"Point","coordinates":[121.569623,25.054545]}},{"type":"Feature","id":"TPS_01175","properties":{"id":"TPS_01175","n_nodes":2},"geometry":{"type":"Point","coordinates":[121.565769,25.043191]}},{"type":"Feature","id":"TPS_01176","properties":{"id":"TPS_01176","n_nodes":2},"geometry":{"type":"Point","coordinates":[121.568815,25.048045]}},{"type":"Feature","id":"TPS_01177","properties":{"id":"TPS_01177","n_nodes":2},"geometry":{"type":"Point","coordinates":[121.569564,25.049248]}},{"type":"Feature","id":"TPS_01178","properties":{"id":"TPS_01178","n_nodes":2},"geometry":{"type":"Point","coordinates":[121.570164,25.052695]}},{"type":"Feature","id":"TPS_01179","properties":{"id":"TPS_01179","n_nodes":2},"geometry":{"type":"Point","coordinates":[121.569511,25.056345]}},{"type":"Feature","id":"TPS_01180","properties":{"id":"TPS_01180","n_nodes":2},"geometry":{"type":"Point","coordinates":[121.569176,25.057407]}},{"type":"Feature","id":"TPS_01181","properties":{"id":"TPS_01181","n_nodes":2},"geometry":{"type":"Point","coordinates":[121.568766,25.059358]}},{"type":"Feature","id":"TPS_01182","properties":{"id":"TPS_01182","n_nodes":2},"geometry":{"type":"Point","coordinates":[121.56824,25.063374]}},{"type":"Feature","id":"TPS_01183","properties":{"id":"TPS_01183","n_nodes":2},"geometry":{"type":"Point","coordinates":[121.569452,25.051294]}},{"type":"Feature","id":"TPS_01184","properties":{"id":"TPS_01184","n_nodes":2},"geometry":{"type":"Point","coordinates":[121.56412,25.051346]}},{"type":"Feature","id":"TPS_01185","properties":{"id":"TPS_01185","n_nodes":2},"geometry":{"type":"Point","coordinates":[121.555429,25.057231]}},{"type":"Feature","id":"TPS_01186","properties":{"id":"TPS_01186","n_nodes":2},"geometry":{"type":"Point","coordinates":[121.560781,25.04856]}},{"type":"Feature","id":"TPS_01187","properties":{"id":"TPS_01187","n_nodes":2},"geometry":{"type":"Point","coordinates":[121.567322,25.048677]}},{"type":"Feature","id":"TPS_01188","properties":{"id":"TPS_01188","n_nodes":2},"geometry":{"type":"Point","coordinates":[121.556368,25.062019]}},{"type":"Feature","id":"TPS_01189","properties":{"id":"TPS_01189","n_nodes":2},"geometry":{"type":"Point","coordinates":[121.544568,25.072361]}},{"type":"Feature","id":"TPS_01190","properties":{"id":"TPS_01190","n_nodes":2},"geometry":{"type":"Point","coordinates":[121.544371,25.071964]}},{"type":"Feature","id":"TPS_01191","properties":{"id":"TPS_01191","n_nodes":2},"geometry":{"type":"Point","coordinates":[121.568139,25.06834]}},{"type":"Feature","id":"TPS_01192","properties":{"id":"TPS_01192","n_nodes":2},"geometry":{"type":"Point","coordinates":[121.546652,25.098422]}},{"type":"Feature","id":"TPS_01193","properties":{"id":"TPS_01193","n_nodes":2},"geometry":{"type":"Point","coordinates":[121.560076,25.062298]}},{"type":"Feature","id":"TPS_01194","properties":{"id":"TPS_01194","n_nodes":2},"geometry":{"type":"Point","coordinates":[121.54102,25.062514]}},{"type":"Feature","id":"TPS_01195","properties":{"id":"TPS_01195","n_nodes":2},"geometry":{"type":"Point","coordinates":[121.540675,25.062193]}},{"type":"Feature","id":"TPS_01196","properties":{"id":"TPS_01196","n_nodes":2},"geometry":{"type":"Point","coordinates":[121.544489,25.066206]}},{"type":"Feature","id":"TPS_01197","properties":{"id":"TPS_01197","n_nodes":2},"geometry":{"type":"Point","coordinates":[121.544117,25.06668]}},{"type":"Feature","id":"TPS_01198","properties":{"id":"TPS_01198","n_nodes":2},"geometry":{"type":"Point","coordinates":[121.533427,25.064632]}},{"type":"Feature","id":"TPS_01199","properties":{"id":"TPS_01199","n_nodes":2},"geometry":{"type":"Point","coordinates":[121.533238,25.062206]}},{"type":"Feature","id":"TPS_01200","properties":{"id":"TPS_01200","n_nodes":2},"geometry":{"type":"Point","coordinates":[121.53292,25.06245]}},{"type":"Feature","id":"TPS_01201","properties":{"id":"TPS_01201","n_nodes":2},"geometry":{"type":"Point","coordinates":[121.533468,25.062529]}},{"type":"Feature","id":"TPS_01202","properties":{"id":"TPS_01202","n_nodes":2},"geometry":{"type":"Point","coordinates":[121.536743,25.059716]}},{"type":"Feature","id":"TPS_01203","properties":{"id":"TPS_01203","n_nodes":2},"geometry":{"type":"Point","coordinates":[121.535923,25.066361]}},{"type":"Feature","id":"TPS_01204","properties":{"id":"TPS_01204","n_nodes":2},"geometry":{"type":"Point","coordinates":[121.535303,25.066097]}},{"type":"Feature","id":"TPS_01205","properties":{"id":"TPS_01205","n_nodes":2},"geometry":{"type":"Point","coordinates":[121.534123,25.067008]}},{"type":"Feature","id":"TPS_01206","properties":{"id":"TPS_01206","n_nodes":2},"geometry":{"type":"Point","coordinates":[121.534665,25.067328]}},{"type":"Feature","id":"TPS_01207","properties":{"id":"TPS_01207","n_nodes":2},"geometry":{"type":"Point","coordinates":[121.548803,25.048432]}},{"type":"Feature","id":"TPS_01208","properties":{"id":"TPS_01208","n_nodes":2},"geometry":{"type":"Point","coordinates":[121.548747,25.041771]}},{"type":"Feature","id":"TPS_01209","properties":{"id":"TPS_01209","n_nodes":2},"geometry":{"type":"Point","coordinates":[121.548992,25.041232]}},{"type":"Feature","id":"TPS_01210","properties":{"id":"TPS_01210","n_nodes":2},"geometry":{"type":"Point","coordinates":[121.549046,25.047937]}},{"type":"Feature","id":"TPS_01211","properties":{"id":"TPS_01211","n_nodes":2},"geometry":{"type":"Point","coordinates":[121.548832,25.024346]}},{"type":"Feature","id":"TPS_01212","properties":{"id":"TPS_01212","n_nodes":2},"geometry":{"type":"Point","coordinates":[121.548596,25.024772]}},{"type":"Feature","id":"TPS_01213","properties":{"id":"TPS_01213","n_nodes":2},"geometry":{"type":"Point","coordinates":[121.548805,25.017005]}},{"type":"Feature","id":"TPS_01214","properties":{"id":"TPS_01214","n_nodes":2},"geometry":{"type":"Point","coordinates":[121.549296,25.016918]}},{"type":"Feature","id":"TPS_01215","properties":{"id":"TPS_01215","n_nodes":2},"geometry":{"type":"Point","coordinates":[121.543566,25.021403]}},{"type":"Feature","id":"TPS_01216","properties":{"id":"TPS_01216","n_nodes":2},"geometry":{"type":"Point","coordinates":[121.543111,25.021133]}},{"type":"Feature","id":"TPS_01217","properties":{"id":"TPS_01217","n_nodes":2},"geometry":{"type":"Point","coordinates":[121.538079,25.022441]}},{"type":"Feature","id":"TPS_01218","properties":{"id":"TPS_01218","n_nodes":2},"geometry":{"type":"Point","coordinates":[121.537572,25.022957]}},{"type":"Feature","id":"TPS_01219","properties":{"id":"TPS_01219","n_nodes":2},"geometry":{"type":"Point","coordinates":[121.537518,25.022504]}},{"type":"Feature","id":"TPS_01220","properties":{"id":"TPS_01220","n_nodes":2},"geometry":{"type":"Point","coordinates":[121.535386,25.022624]}},{"type":"Feature","id":"TPS_01221","properties":{"id":"TPS_01221","n_nodes":2},"geometry":{"type":"Point","coordinates":[121.536187,25.068075]}},{"type":"Feature","id":"TPS_01222","properties":{"id":"TPS_01222","n_nodes":2},"geometry":{"type":"Point","coordinates":[121.527602,25.06843]}},{"type":"Feature","id":"TPS_01223","properties":{"id":"TPS_01223","n_nodes":2},"geometry":{"type":"Point","coordinates":[121.528143,25.068256]}},{"type":"Feature","id":"TPS_01224","properties":{"id":"TPS_01224","n_nodes":2},"geometry":{"type":"Point","coordinates":[121.5278,25.070821]}},{"type":"Feature","id":"TPS_01225","properties":{"id":"TPS_01225","n_nodes":2},"geometry":{"type":"Point","coordinates":[121.518601,25.068413]}},{"type":"Feature","id":"TPS_01226","properties":{"id":"TPS_01226","n_nodes":2},"geometry":{"type":"Point","coordinates":[121.536727,25.072571]}},{"type":"Feature","id":"TPS_01227","properties":{"id":"TPS_01227","n_nodes":2},"geometry":{"type":"Point","coordinates":[121.502617,25.04373]}},{"type":"Feature","id":"TPS_01228","properties":{"id":"TPS_01228","n_nodes":2},"geometry":{"type":"Point","coordinates":[121.545532,25.048109]}},{"type":"Feature","id":"TPS_01229","properties":{"id":"TPS_01229","n_nodes":2},"geometry":{"type":"Point","coordinates":[121.562594,25.048735]}},{"type":"Feature","id":"TPS_01230","properties":{"id":"TPS_01230","n_nodes":2},"geometry":{"type":"Point","coordinates":[121.563855,25.048857]}},{"type":"Feature","id":"TPS_01231","properties":{"id":"TPS_01231","n_nodes":2},"geometry":{"type":"Point","coordinates":[121.552943,25.053414]}},{"type":"Feature","id":"TPS_01232","properties":{"id":"TPS_01232","n_nodes":2},"geometry":{"type":"Point","coordinates":[121.552592,25.053265]}},{"type":"Feature","id":"TPS_01233","properties":{"id":"TPS_01233","n_nodes":2},"geometry":{"type":"Point","coordinates":[121.551927,25.059898]}},{"type":"Feature","id":"TPS_01234","properties":{"id":"TPS_01234","n_nodes":2},"geometry":{"type":"Point","coordinates":[121.56816,25.059302]}},{"type":"Feature","id":"TPS_01235","properties":{"id":"TPS_01235","n_nodes":2},"geometry":{"type":"Point","coordinates":[121.579367,25.062564]}},{"type":"Feature","id":"TPS_01236","properties":{"id":"TPS_01236","n_nodes":2},"geometry":{"type":"Point","coordinates":[121.564711,25.063906]}},{"type":"Feature","id":"TPS_01237","properties":{"id":"TPS_01237","n_nodes":2},"geometry":{"type":"Point","coordinates":[121.548767,25.045152]}},{"type":"Feature","id":"TPS_01238","properties":{"id":"TPS_01238","n_nodes":2},"geometry":{"type":"Point","coordinates":[121.549009,25.044583]}},{"type":"Feature","id":"TPS_01239","properties":{"id":"TPS_01239","n_nodes":2},"geometry":{"type":"Point","coordinates":[121.524511,25.079684]}},{"type":"Feature","id":"TPS_01240","properties":{"id":"TPS_01240","n_nodes":2},"geometry":{"type":"Point","coordinates":[121.524199,25.07996]}},{"type":"Feature","id":"TPS_01241","properties":{"id":"TPS_01241","n_nodes":2},"geometry":{"type":"Point","coordinates":[121.525837,25.074505]}},{"type":"Feature","id":"TPS_01242","properties":{"id":"TPS_01242","n_nodes":2},"geometry":{"type":"Point","coordinates":[121.523489,25.070553]}},{"type":"Feature","id":"TPS_01243","properties":{"id":"TPS_01243","n_nodes":2},"geometry":{"type":"Point","coordinates":[121.551883,25.062321]}},{"type":"Feature","id":"TPS_01244","properties":{"id":"TPS_01244","n_nodes":1},"geometry":{"type":"Point","coordinates":[121.515441,25.05126]}},{"type":"Feature","id":"TPS_01245","properties":{"id":"TPS_01245","n_nodes":1},"geometry":{"type":"Point","coordinates":[121.524781,25.023786]}},{"type":"Feature","id":"TPS_01246","properties":{"id":"TPS_01246","n_nodes":1},"geometry":{"type":"Point","coordinates":[121.518843,25.028972]}},{"type":"Feature","id":"TPS_01247","properties":{"id":"TPS_01247","n_nodes":1},"geometry":{"type":"Point","coordinates":[121.585194,25.075008]}},{"type":"Feature","id":"TPS_01248","properties":{"id":"TPS_01248","n_nodes":1},"geometry":{"type":"Point","coordinates":[121.576095,25.072838]}},{"type":"Feature","id":"TPS_01249","properties":{"id":"TPS_01249","n_nodes":1},"geometry":{"type":"Point","coordinates":[121.593724,25.084782]}},{"type":"Feature","id":"TPS_01250","properties":{"id":"TPS_01250","n_nodes":1},"geometry":{"type":"Point","coordinates":[121.471658,25.125352]}},{"type":"Feature","id":"TPS_01251","properties":{"id":"TPS_01251","n_nodes":1},"geometry":{"type":"Point","coordinates":[121.471811,25.126698]}},{"type":"Feature","id":"TPS_01252","properties":{"id":"TPS_01252","n_nodes":1},"geometry":{"type":"Point","coordinates":[121.528582,25.024654]}},{"type":"Feature","id":"TPS_01253","properties":{"id":"TPS_01253","n_nodes":1},"geometry":{"type":"Point","coordinates":[121.522754,25.025434]}},{"type":"Feature","id":"TPS_01254","properties":{"id":"TPS_01254","n_nodes":1},"geometry":{"type":"Point","coordinates":[121.50009,25.041919]}},{"type":"Feature","id":"TPS_01255","properties":{"id":"TPS_01255","n_nodes":1},"geometry":{"type":"Point","coordinates":[121.528383,25.022569]}},{"type":"Feature","id":"TPS_01256","properties":{"id":"TPS_01256","n_nodes":1},"geometry":{"type":"Point","coordinates":[121.52169,25.024109]}},{"type":"Feature","id":"TPS_01257","properties":{"id":"TPS_01257","n_nodes":1},"geometry":{"type":"Point","coordinates":[121.524416,25.04199]}},{"type":"Feature","id":"TPS_01258","properties":{"id":"TPS_01258","n_nodes":1},"geometry":{"type":"Point","coordinates":[121.526494,25.042757]}},{"type":"Feature","id":"TPS_01259","properties":{"id":"TPS_01259","n_nodes":1},"geometry":{"type":"Point","coordinates":[121.524767,25.043168]}},{"type":"Feature","id":"TPS_01260","properties":{"id":"TPS_01260","n_nodes":1},"geometry":{"type":"Point","coordinates":[121.526154,25.041584]}},{"type":"Feature","id":"TPS_01261","properties":{"id":"TPS_01261","n_nodes":1},"geometry":{"type":"Point","coordinates":[121.517154,25.045028]}},{"type":"Feature","id":"TPS_01262","properties":{"id":"TPS_01262","n_nodes":1},"geometry":{"type":"Point","coordinates":[121.523908,25.022292]}},{"type":"Feature","id":"TPS_01263","properties":{"id":"TPS_01263","n_nodes":1},"geometry":{"type":"Point","coordinates":[121.531542,25.021963]}},{"type":"Feature","id":"TPS_01264","properties":{"id":"TPS_01264","n_nodes":1},"geometry":{"type":"Point","coordinates":[121.523285,25.025808]}},{"type":"Feature","id":"TPS_01265","properties":{"id":"TPS_01265","n_nodes":1},"geometry":{"type":"Point","coordinates":[121.534154,25.109741]}},{"type":"Feature","id":"TPS_01266","properties":{"id":"TPS_01266","n_nodes":1},"geometry":{"type":"Point","coordinates":[121.550069,25.151234]}},{"type":"Feature","id":"TPS_01267","properties":{"id":"TPS_01267","n_nodes":1},"geometry":{"type":"Point","coordinates":[121.552869,25.118975]}},{"type":"Feature","id":"TPS_01268","properties":{"id":"TPS_01268","n_nodes":1},"geometry":{"type":"Point","coordinates":[121.525541,25.045927]}},{"type":"Feature","id":"TPS_01269","properties":{"id":"TPS_01269","n_nodes":1},"geometry":{"type":"Point","coordinates":[121.576012,25.075729]}},{"type":"Feature","id":"TPS_01270","properties":{"id":"TPS_01270","n_nodes":1},"geometry":{"type":"Point","coordinates":[121.571921,25.083945]}},{"type":"Feature","id":"TPS_01271","properties":{"id":"TPS_01271","n_nodes":1},"geometry":{"type":"Point","coordinates":[121.565555,25.084577]}},{"type":"Feature","id":"TPS_01272","properties":{"id":"TPS_01272","n_nodes":1},"geometry":{"type":"Point","coordinates":[121.57026,25.080384]}},{"type":"Feature","id":"TPS_01273","properties":{"id":"TPS_01273","n_nodes":1},"geometry":{"type":"Point","coordinates":[121.56945,25.078852]}},{"type":"Feature","id":"TPS_01274","properties":{"id":"TPS_01274","n_nodes":1},"geometry":{"type":"Point","coordinates":[121.568338,25.081146]}},{"type":"Feature","id":"TPS_01275","properties":{"id":"TPS_01275","n_nodes":1},"geometry":{"type":"Point","coordinates":[121.567884,25.080353]}},{"type":"Feature","id":"TPS_01276","properties":{"id":"TPS_01276","n_nodes":1},"geometry":{"type":"Point","coordinates":[121.567489,25.079729]}},{"type":"Feature","id":"TPS_01277","properties":{"id":"TPS_01277","n_nodes":1},"geometry":{"type":"Point","coordinates":[121.572829,25.07734]}},{"type":"Feature","id":"TPS_01278","properties":{"id":"TPS_01278","n_nodes":1},"geometry":{"type":"Point","coordinates":[121.600514,25.084546]}},{"type":"Feature","id":"TPS_01279","properties":{"id":"TPS_01279","n_nodes":1},"geometry":{"type":"Point","coordinates":[121.573263,25.083566]}},{"type":"Feature","id":"TPS_01280","properties":{"id":"TPS_01280","n_nodes":1},"geometry":{"type":"Point","coordinates":[121.572782,25.082252]}},{"type":"Feature","id":"TPS_01281","properties":{"id":"TPS_01281","n_nodes":1},"geometry":{"type":"Point","coordinates":[121.573776,25.085333]}},{"type":"Feature","id":"TPS_01282","properties":{"id":"TPS_01282","n_nodes":1},"geometry":{"type":"Point","coordinates":[121.576932,25.075111]}},{"type":"Feature","id":"TPS_01283","properties":{"id":"TPS_01283","n_nodes":1},"geometry":{"type":"Point","coordinates":[121.578994,25.084432]}},{"type":"Feature","id":"TPS_01284","properties":{"id":"TPS_01284","n_nodes":1},"geometry":{"type":"Point","coordinates":[121.556463,25.026366]}},{"type":"Feature","id":"TPS_01285","properties":{"id":"TPS_01285","n_nodes":1},"geometry":{"type":"Point","coordinates":[121.557241,25.105179]}},{"type":"Feature","id":"TPS_01286","properties":{"id":"TPS_01286","n_nodes":1},"geometry":{"type":"Point","coordinates":[121.580118,25.119631]}},{"type":"Feature","id":"TPS_01287","properties":{"id":"TPS_01287","n_nodes":1},"geometry":{"type":"Point","coordinates":[121.546554,25.137904]}},{"type":"Feature","id":"TPS_01288","properties":{"id":"TPS_01288","n_nodes":1},"geometry":{"type":"Point","coordinates":[121.616983,25.042432]}},{"type":"Feature","id":"TPS_01289","properties":{"id":"TPS_01289","n_nodes":1},"geometry":{"type":"Point","coordinates":[121.587673,25.124679]}},{"type":"Feature","id":"TPS_01290","properties":{"id":"TPS_01290","n_nodes":1},"geometry":{"type":"Point","coordinates":[121.587724,25.12611]}},{"type":"Feature","id":"TPS_01291","properties":{"id":"TPS_01291","n_nodes":1},"geometry":{"type":"Point","coordinates":[121.588543,25.086667]}},{"type":"Feature","id":"TPS_01292","properties":{"id":"TPS_01292","n_nodes":1},"geometry":{"type":"Point","coordinates":[121.585138,25.084306]}},{"type":"Feature","id":"TPS_01293","properties":{"id":"TPS_01293","n_nodes":1},"geometry":{"type":"Point","coordinates":[121.540094,25.167482]}},{"type":"Feature","id":"TPS_01294","properties":{"id":"TPS_01294","n_nodes":1},"geometry":{"type":"Point","coordinates":[121.550311,25.086204]}},{"type":"Feature","id":"TPS_01295","properties":{"id":"TPS_01295","n_nodes":1},"geometry":{"type":"Point","coordinates":[121.549491,25.085771]}},{"type":"Feature","id":"TPS_01296","properties":{"id":"TPS_01296","n_nodes":1},"geometry":{"type":"Point","coordinates":[121.55021,25.085265]}},{"type":"Feature","id":"TPS_01297","properties":{"id":"TPS_01297","n_nodes":1},"geometry":{"type":"Point","coordinates":[121.552273,25.083462]}},{"type":"Feature","id":"TPS_01298","properties":{"id":"TPS_01298","n_nodes":1},"geometry":{"type":"Point","coordinates":[121.560649,25.082643]}},{"type":"Feature","id":"TPS_01299","properties":{"id":"TPS_01299","n_nodes":1},"geometry":{"type":"Point","coordinates":[121.533173,25.022201]}},{"type":"Feature","id":"TPS_01300","properties":{"id":"TPS_01300","n_nodes":1},"geometry":{"type":"Point","coordinates":[121.554902,24.980214]}},{"type":"Feature","id":"TPS_01301","properties":{"id":"TPS_01301","n_nodes":1},"geometry":{"type":"Point","coordinates":[121.500854,25.041799]}},{"type":"Feature","id":"TPS_01302","properties":{"id":"TPS_01302","n_nodes":1},"geometry":{"type":"Point","coordinates":[121.50074,25.040966]}},{"type":"Feature","id":"TPS_01303","properties":{"id":"TPS_01303","n_nodes":1},"geometry":{"type":"Point","coordinates":[121.513921,25.026226]}},{"type":"Feature","id":"TPS_01304","properties":{"id":"TPS_01304","n_nodes":1},"geometry":{"type":"Point","coordinates":[121.562011,25.00191]}},{"type":"Feature","id":"TPS_01305","properties":{"id":"TPS_01305","n_nodes":1},"geometry":{"type":"Point","coordinates":[121.482846,25.137152]}},{"type":"Feature","id":"TPS_01306","properties":{"id":"TPS_01306","n_nodes":1},"geometry":{"type":"Point","coordinates":[121.478212,25.135109]}},{"type":"Feature","id":"TPS_01307","properties":{"id":"TPS_01307","n_nodes":1},"geometry":{"type":"Point","coordinates":[121.471867,25.130164]}},{"type":"Feature","id":"TPS_01308","properties":{"id":"TPS_01308","n_nodes":1},"geometry":{"type":"Point","coordinates":[121.468908,25.128427]}},{"type":"Feature","id":"TPS_01309","properties":{"id":"TPS_01309","n_nodes":1},"geometry":{"type":"Point","coordinates":[121.470084,25.125998]}},{"type":"Feature","id":"TPS_01310","properties":{"id":"TPS_01310","n_nodes":1},"geometry":{"type":"Point","coordinates":[121.479871,25.135841]}},{"type":"Feature","id":"TPS_01311","properties":{"id":"TPS_01311","n_nodes":1},"geometry":{"type":"Point","coordinates":[121.485135,25.138136]}},{"type":"Feature","id":"TPS_01312","properties":{"id":"TPS_01312","n_nodes":1},"geometry":{"type":"Point","coordinates":[121.482091,25.136979]}},{"type":"Feature","id":"TPS_01313","properties":{"id":"TPS_01313","n_nodes":1},"geometry":{"type":"Point","coordinates":[121.502016,25.130799]}},{"type":"Feature","id":"TPS_01314","properties":{"id":"TPS_01314","n_nodes":1},"geometry":{"type":"Point","coordinates":[121.522763,25.089767]}},{"type":"Feature","id":"TPS_01315","properties":{"id":"TPS_01315","n_nodes":1},"geometry":{"type":"Point","coordinates":[121.465977,25.126623]}},{"type":"Feature","id":"TPS_01316","properties":{"id":"TPS_01316","n_nodes":1},"geometry":{"type":"Point","coordinates":[121.552339,24.988895]}},{"type":"Feature","id":"TPS_01317","properties":{"id":"TPS_01317","n_nodes":1},"geometry":{"type":"Point","coordinates":[121.554201,24.984885]}},{"type":"Feature","id":"TPS_01318","properties":{"id":"TPS_01318","n_nodes":1},"geometry":{"type":"Point","coordinates":[121.554039,24.983222]}},{"type":"Feature","id":"TPS_01319","properties":{"id":"TPS_01319","n_nodes":1},"geometry":{"type":"Point","coordinates":[121.553722,24.981977]}},{"type":"Feature","id":"TPS_01320","properties":{"id":"TPS_01320","n_nodes":1},"geometry":{"type":"Point","coordinates":[121.493558,25.121571]}},{"type":"Feature","id":"TPS_01321","properties":{"id":"TPS_01321","n_nodes":1},"geometry":{"type":"Point","coordinates":[121.493121,25.121461]}},{"type":"Feature","id":"TPS_01322","properties":{"id":"TPS_01322","n_nodes":1},"geometry":{"type":"Point","coordinates":[121.501502,25.126373]}},{"type":"Feature","id":"TPS_01323","properties":{"id":"TPS_01323","n_nodes":1},"geometry":{"type":"Point","coordinates":[121.507528,25.127571]}},{"type":"Feature","id":"TPS_01324","properties":{"id":"TPS_01324","n_nodes":1},"geometry":{"type":"Point","coordinates":[121.515007,25.035544]}},{"type":"Feature","id":"TPS_01325","properties":{"id":"TPS_01325","n_nodes":1},"geometry":{"type":"Point","coordinates":[121.529121,25.101847]}},{"type":"Feature","id":"TPS_01326","properties":{"id":"TPS_01326","n_nodes":1},"geometry":{"type":"Point","coordinates":[121.522378,25.104907]}},{"type":"Feature","id":"TPS_01327","properties":{"id":"TPS_01327","n_nodes":1},"geometry":{"type":"Point","coordinates":[121.546014,25.036034]}},{"type":"Feature","id":"TPS_01328","properties":{"id":"TPS_01328","n_nodes":1},"geometry":{"type":"Point","coordinates":[121.546062,25.031028]}},{"type":"Feature","id":"TPS_01329","properties":{"id":"TPS_01329","n_nodes":1},"geometry":{"type":"Point","coordinates":[121.51635,25.032403]}},{"type":"Feature","id":"TPS_01330","properties":{"id":"TPS_01330","n_nodes":1},"geometry":{"type":"Point","coordinates":[121.51947,25.112317]}},{"type":"Feature","id":"TPS_01331","properties":{"id":"TPS_01331","n_nodes":1},"geometry":{"type":"Point","coordinates":[121.505073,25.03302]}},{"type":"Feature","id":"TPS_01332","properties":{"id":"TPS_01332","n_nodes":1},"geometry":{"type":"Point","coordinates":[121.514873,25.049201]}},{"type":"Feature","id":"TPS_01333","properties":{"id":"TPS_01333","n_nodes":1},"geometry":{"type":"Point","coordinates":[121.525748,25.06667]}},{"type":"Feature","id":"TPS_01334","properties":{"id":"TPS_01334","n_nodes":1},"geometry":{"type":"Point","coordinates":[121.504992,25.138421]}},{"type":"Feature","id":"TPS_01335","properties":{"id":"TPS_01335","n_nodes":1},"geometry":{"type":"Point","coordinates":[121.527143,25.144446]}},{"type":"Feature","id":"TPS_01336","properties":{"id":"TPS_01336","n_nodes":1},"geometry":{"type":"Point","coordinates":[121.521975,25.104634]}},{"type":"Feature","id":"TPS_01337","properties":{"id":"TPS_01337","n_nodes":1},"geometry":{"type":"Point","coordinates":[121.520813,25.102325]}},{"type":"Feature","id":"TPS_01338","properties":{"id":"TPS_01338","n_nodes":1},"geometry":{"type":"Point","coordinates":[121.522366,25.119107]}},{"type":"Feature","id":"TPS_01339","properties":{"id":"TPS_01339","n_nodes":1},"geometry":{"type":"Point","coordinates":[121.526121,25.118451]}},{"type":"Feature","id":"TPS_01340","properties":{"id":"TPS_01340","n_nodes":1},"geometry":{"type":"Point","coordinates":[121.535003,25.014012]}},{"type":"Feature","id":"TPS_01341","properties":{"id":"TPS_01341","n_nodes":1},"geometry":{"type":"Point","coordinates":[121.534457,25.013521]}},{"type":"Feature","id":"TPS_01342","properties":{"id":"TPS_01342","n_nodes":1},"geometry":{"type":"Point","coordinates":[121.524014,25.040598]}},{"type":"Feature","id":"TPS_01343","properties":{"id":"TPS_01343","n_nodes":1},"geometry":{"type":"Point","coordinates":[121.515881,25.113606]}},{"type":"Feature","id":"TPS_01344","properties":{"id":"TPS_01344","n_nodes":1},"geometry":{"type":"Point","coordinates":[121.513195,25.117498]}},{"type":"Feature","id":"TPS_01345","properties":{"id":"TPS_01345","n_nodes":1},"geometry":{"type":"Point","coordinates":[121.509928,25.119944]}},{"type":"Feature","id":"TPS_01346","properties":{"id":"TPS_01346","n_nodes":1},"geometry":{"type":"Point","coordinates":[121.507512,25.120396]}},{"type":"Feature","id":"TPS_01347","properties":{"id":"TPS_01347","n_nodes":1},"geometry":{"type":"Point","coordinates":[121.502922,25.12271]}},{"type":"Feature","id":"TPS_01348","properties":{"id":"TPS_01348","n_nodes":1},"geometry":{"type":"Point","coordinates":[121.502672,25.121379]}},{"type":"Feature","id":"TPS_01349","properties":{"id":"TPS_01349","n_nodes":1},"geometry":{"type":"Point","coordinates":[121.528478,25.118415]}},{"type":"Feature","id":"TPS_01350","properties":{"id":"TPS_01350","n_nodes":1},"geometry":{"type":"Point","coordinates":[121.574014,25.116362]}},{"type":"Feature","id":"TPS_01351","properties":{"id":"TPS_01351","n_nodes":1},"geometry":{"type":"Point","coordinates":[121.548125,25.035995]}},{"type":"Feature","id":"TPS_01352","properties":{"id":"TPS_01352","n_nodes":1},"geometry":{"type":"Point","coordinates":[121.549063,25.035493]}},{"type":"Feature","id":"TPS_01353","properties":{"id":"TPS_01353","n_nodes":1},"geometry":{"type":"Point","coordinates":[121.545205,25.039804]}},{"type":"Feature","id":"TPS_01354","properties":{"id":"TPS_01354","n_nodes":1},"geometry":{"type":"Point","coordinates":[121.546063,25.038997]}},{"type":"Feature","id":"TPS_01355","properties":{"id":"TPS_01355","n_nodes":1},"geometry":{"type":"Point","coordinates":[121.546014,25.028274]}},{"type":"Feature","id":"TPS_01356","properties":{"id":"TPS_01356","n_nodes":1},"geometry":{"type":"Point","coordinates":[121.571895,25.071213]}},{"type":"Feature","id":"TPS_01357","properties":{"id":"TPS_01357","n_nodes":1},"geometry":{"type":"Point","coordinates":[121.574358,25.071694]}},{"type":"Feature","id":"TPS_01358","properties":{"id":"TPS_01358","n_nodes":1},"geometry":{"type":"Point","coordinates":[121.555025,25.039372]}},{"type":"Feature","id":"TPS_01359","properties":{"id":"TPS_01359","n_nodes":1},"geometry":{"type":"Point","coordinates":[121.538042,25.034419]}},{"type":"Feature","id":"TPS_01360","properties":{"id":"TPS_01360","n_nodes":1},"geometry":{"type":"Point","coordinates":[121.541268,25.038382]}},{"type":"Feature","id":"TPS_01361","properties":{"id":"TPS_01361","n_nodes":1},"geometry":{"type":"Point","coordinates":[121.538023,25.033494]}},{"type":"Feature","id":"TPS_01362","properties":{"id":"TPS_01362","n_nodes":1},"geometry":{"type":"Point","coordinates":[121.555968,25.035121]}},{"type":"Feature","id":"TPS_01363","properties":{"id":"TPS_01363","n_nodes":1},"geometry":{"type":"Point","coordinates":[121.552927,25.037056]}},{"type":"Feature","id":"TPS_01364","properties":{"id":"TPS_01364","n_nodes":1},"geometry":{"type":"Point","coordinates":[121.555549,25.037003]}},{"type":"Feature","id":"TPS_01365","properties":{"id":"TPS_01365","n_nodes":1},"geometry":{"type":"Point","coordinates":[121.548028,25.030985]}},{"type":"Feature","id":"TPS_01366","properties":{"id":"TPS_01366","n_nodes":1},"geometry":{"type":"Point","coordinates":[121.551144,25.028185]}},{"type":"Feature","id":"TPS_01367","properties":{"id":"TPS_01367","n_nodes":1},"geometry":{"type":"Point","coordinates":[121.550457,25.02994]}},{"type":"Feature","id":"TPS_01368","properties":{"id":"TPS_01368","n_nodes":1},"geometry":{"type":"Point","coordinates":[121.554287,25.03245]}},{"type":"Feature","id":"TPS_01369","properties":{"id":"TPS_01369","n_nodes":1},"geometry":{"type":"Point","coordinates":[121.55422,25.030194]}},{"type":"Feature","id":"TPS_01370","properties":{"id":"TPS_01370","n_nodes":1},"geometry":{"type":"Point","coordinates":[121.551576,25.03213]}},{"type":"Feature","id":"TPS_01371","properties":{"id":"TPS_01371","n_nodes":1},"geometry":{"type":"Point","coordinates":[121.552641,25.028305]}},{"type":"Feature","id":"TPS_01372","properties":{"id":"TPS_01372","n_nodes":1},"geometry":{"type":"Point","coordinates":[121.553331,25.032539]}},{"type":"Feature","id":"TPS_01373","properties":{"id":"TPS_01373","n_nodes":1},"geometry":{"type":"Point","coordinates":[121.551544,25.030946]}},{"type":"Feature","id":"TPS_01374","properties":{"id":"TPS_01374","n_nodes":1},"geometry":{"type":"Point","coordinates":[121.550142,25.032867]}},{"type":"Feature","id":"TPS_01375","properties":{"id":"TPS_01375","n_nodes":1},"geometry":{"type":"Point","coordinates":[121.55633,25.047472]}},{"type":"Feature","id":"TPS_01376","properties":{"id":"TPS_01376","n_nodes":1},"geometry":{"type":"Point","coordinates":[121.55645,25.046488]}},{"type":"Feature","id":"TPS_01377","properties":{"id":"TPS_01377","n_nodes":1},"geometry":{"type":"Point","coordinates":[121.553566,25.046182]}},{"type":"Feature","id":"TPS_01378","properties":{"id":"TPS_01378","n_nodes":1},"geometry":{"type":"Point","coordinates":[121.54969,25.046157]}},{"type":"Feature","id":"TPS_01379","properties":{"id":"TPS_01379","n_nodes":1},"geometry":{"type":"Point","coordinates":[121.561355,25.032086]}},{"type":"Feature","id":"TPS_01380","properties":{"id":"TPS_01380","n_nodes":1},"geometry":{"type":"Point","coordinates":[121.56154,25.039199]}},{"type":"Feature","id":"TPS_01381","properties":{"id":"TPS_01381","n_nodes":1},"geometry":{"type":"Point","coordinates":[121.561956,25.035934]}},{"type":"Feature","id":"TPS_01382","properties":{"id":"TPS_01382","n_nodes":1},"geometry":{"type":"Point","coordinates":[121.554697,25.044379]}},{"type":"Feature","id":"TPS_01383","properties":{"id":"TPS_01383","n_nodes":1},"geometry":{"type":"Point","coordinates":[121.55384,25.043936]}},{"type":"Feature","id":"TPS_01384","properties":{"id":"TPS_01384","n_nodes":1},"geometry":{"type":"Point","coordinates":[121.555084,25.04979]}},{"type":"Feature","id":"TPS_01385","properties":{"id":"TPS_01385","n_nodes":1},"geometry":{"type":"Point","coordinates":[121.560776,25.050152]}},{"type":"Feature","id":"TPS_01386","properties":{"id":"TPS_01386","n_nodes":1},"geometry":{"type":"Point","coordinates":[121.536179,25.045953]}},{"type":"Feature","id":"TPS_01387","properties":{"id":"TPS_01387","n_nodes":1},"geometry":{"type":"Point","coordinates":[121.539433,25.031141]}},{"type":"Feature","id":"TPS_01388","properties":{"id":"TPS_01388","n_nodes":1},"geometry":{"type":"Point","coordinates":[121.539393,25.028741]}},{"type":"Feature","id":"TPS_01389","properties":{"id":"TPS_01389","n_nodes":1},"geometry":{"type":"Point","coordinates":[121.537601,25.034548]}},{"type":"Feature","id":"TPS_01390","properties":{"id":"TPS_01390","n_nodes":1},"geometry":{"type":"Point","coordinates":[121.537464,25.036458]}},{"type":"Feature","id":"TPS_01391","properties":{"id":"TPS_01391","n_nodes":1},"geometry":{"type":"Point","coordinates":[121.537477,25.036838]}},{"type":"Feature","id":"TPS_01392","properties":{"id":"TPS_01392","n_nodes":1},"geometry":{"type":"Point","coordinates":[121.538252,25.036825]}},{"type":"Feature","id":"TPS_01393","properties":{"id":"TPS_01393","n_nodes":1},"geometry":{"type":"Point","coordinates":[121.537442,25.040153]}},{"type":"Feature","id":"TPS_01394","properties":{"id":"TPS_01394","n_nodes":1},"geometry":{"type":"Point","coordinates":[121.537974,25.028843]}},{"type":"Feature","id":"TPS_01395","properties":{"id":"TPS_01395","n_nodes":1},"geometry":{"type":"Point","coordinates":[121.537896,25.025016]}},{"type":"Feature","id":"TPS_01396","properties":{"id":"TPS_01396","n_nodes":1},"geometry":{"type":"Point","coordinates":[121.547997,25.027052]}},{"type":"Feature","id":"TPS_01397","properties":{"id":"TPS_01397","n_nodes":1},"geometry":{"type":"Point","coordinates":[121.537955,25.027717]}},{"type":"Feature","id":"TPS_01398","properties":{"id":"TPS_01398","n_nodes":1},"geometry":{"type":"Point","coordinates":[121.537017,25.05092]}},{"type":"Feature","id":"TPS_01399","properties":{"id":"TPS_01399","n_nodes":1},"geometry":{"type":"Point","coordinates":[121.542183,25.049957]}},{"type":"Feature","id":"TPS_01400","properties":{"id":"TPS_01400","n_nodes":1},"geometry":{"type":"Point","coordinates":[121.542147,25.048278]}},{"type":"Feature","id":"TPS_01401","properties":{"id":"TPS_01401","n_nodes":1},"geometry":{"type":"Point","coordinates":[121.536939,25.048376]}},{"type":"Feature","id":"TPS_01402","properties":{"id":"TPS_01402","n_nodes":1},"geometry":{"type":"Point","coordinates":[121.539107,25.048357]}},{"type":"Feature","id":"TPS_01403","properties":{"id":"TPS_01403","n_nodes":1},"geometry":{"type":"Point","coordinates":[121.540405,25.048328]}},{"type":"Feature","id":"TPS_01404","properties":{"id":"TPS_01404","n_nodes":1},"geometry":{"type":"Point","coordinates":[121.547494,25.050128]}},{"type":"Feature","id":"TPS_01405","properties":{"id":"TPS_01405","n_nodes":1},"geometry":{"type":"Point","coordinates":[121.540431,25.049973]}},{"type":"Feature","id":"TPS_01406","properties":{"id":"TPS_01406","n_nodes":1},"geometry":{"type":"Point","coordinates":[121.55828,25.027097]}},{"type":"Feature","id":"TPS_01407","properties":{"id":"TPS_01407","n_nodes":1},"geometry":{"type":"Point","coordinates":[121.560854,25.02587]}},{"type":"Feature","id":"TPS_01408","properties":{"id":"TPS_01408","n_nodes":1},"geometry":{"type":"Point","coordinates":[121.571889,25.039701]}},{"type":"Feature","id":"TPS_01409","properties":{"id":"TPS_01409","n_nodes":1},"geometry":{"type":"Point","coordinates":[121.566098,25.039118]}},{"type":"Feature","id":"TPS_01410","properties":{"id":"TPS_01410","n_nodes":1},"geometry":{"type":"Point","coordinates":[121.5719,25.040041]}},{"type":"Feature","id":"TPS_01411","properties":{"id":"TPS_01411","n_nodes":1},"geometry":{"type":"Point","coordinates":[121.562997,25.028695]}},{"type":"Feature","id":"TPS_01412","properties":{"id":"TPS_01412","n_nodes":1},"geometry":{"type":"Point","coordinates":[121.564958,25.029122]}},{"type":"Feature","id":"TPS_01413","properties":{"id":"TPS_01413","n_nodes":1},"geometry":{"type":"Point","coordinates":[121.565525,25.027481]}},{"type":"Feature","id":"TPS_01414","properties":{"id":"TPS_01414","n_nodes":1},"geometry":{"type":"Point","coordinates":[121.558162,25.028731]}},{"type":"Feature","id":"TPS_01415","properties":{"id":"TPS_01415","n_nodes":1},"geometry":{"type":"Point","coordinates":[121.56131,25.030725]}},{"type":"Feature","id":"TPS_01416","properties":{"id":"TPS_01416","n_nodes":1},"geometry":{"type":"Point","coordinates":[121.56186,25.029264]}},{"type":"Feature","id":"TPS_01417","properties":{"id":"TPS_01417","n_nodes":1},"geometry":{"type":"Point","coordinates":[121.562296,25.029555]}},{"type":"Feature","id":"TPS_01418","properties":{"id":"TPS_01418","n_nodes":1},"geometry":{"type":"Point","coordinates":[121.565408,25.031967]}},{"type":"Feature","id":"TPS_01419","properties":{"id":"TPS_01419","n_nodes":1},"geometry":{"type":"Point","coordinates":[121.56357,25.028042]}},{"type":"Feature","id":"TPS_01420","properties":{"id":"TPS_01420","n_nodes":1},"geometry":{"type":"Point","coordinates":[121.563171,25.027698]}},{"type":"Feature","id":"TPS_01421","properties":{"id":"TPS_01421","n_nodes":1},"geometry":{"type":"Point","coordinates":[121.569808,25.039052]}},{"type":"Feature","id":"TPS_01422","properties":{"id":"TPS_01422","n_nodes":1},"geometry":{"type":"Point","coordinates":[121.565428,25.034013]}},{"type":"Feature","id":"TPS_01423","properties":{"id":"TPS_01423","n_nodes":1},"geometry":{"type":"Point","coordinates":[121.571865,25.039015]}},{"type":"Feature","id":"TPS_01424","properties":{"id":"TPS_01424","n_nodes":1},"geometry":{"type":"Point","coordinates":[121.569812,25.023415]}},{"type":"Feature","id":"TPS_01425","properties":{"id":"TPS_01425","n_nodes":1},"geometry":{"type":"Point","coordinates":[121.569402,25.024808]}},{"type":"Feature","id":"TPS_01426","properties":{"id":"TPS_01426","n_nodes":1},"geometry":{"type":"Point","coordinates":[121.537439,25.024999]}},{"type":"Feature","id":"TPS_01427","properties":{"id":"TPS_01427","n_nodes":1},"geometry":{"type":"Point","coordinates":[121.527811,25.018206]}},{"type":"Feature","id":"TPS_01428","properties":{"id":"TPS_01428","n_nodes":1},"geometry":{"type":"Point","coordinates":[121.527457,25.018511]}},{"type":"Feature","id":"TPS_01429","properties":{"id":"TPS_01429","n_nodes":1},"geometry":{"type":"Point","coordinates":[121.57593,25.006905]}},{"type":"Feature","id":"TPS_01430","properties":{"id":"TPS_01430","n_nodes":1},"geometry":{"type":"Point","coordinates":[121.535029,25.064681]}},{"type":"Feature","id":"TPS_01431","properties":{"id":"TPS_01431","n_nodes":1},"geometry":{"type":"Point","coordinates":[121.537213,25.060276]}},{"type":"Feature","id":"TPS_01432","properties":{"id":"TPS_01432","n_nodes":1},"geometry":{"type":"Point","coordinates":[121.53922,25.060248]}},{"type":"Feature","id":"TPS_01433","properties":{"id":"TPS_01433","n_nodes":1},"geometry":{"type":"Point","coordinates":[121.540746,25.060227]}},{"type":"Feature","id":"TPS_01434","properties":{"id":"TPS_01434","n_nodes":1},"geometry":{"type":"Point","coordinates":[121.543702,25.065134]}},{"type":"Feature","id":"TPS_01435","properties":{"id":"TPS_01435","n_nodes":1},"geometry":{"type":"Point","coordinates":[121.538318,25.066014]}},{"type":"Feature","id":"TPS_01436","properties":{"id":"TPS_01436","n_nodes":1},"geometry":{"type":"Point","coordinates":[121.544918,25.062029]}},{"type":"Feature","id":"TPS_01437","properties":{"id":"TPS_01437","n_nodes":1},"geometry":{"type":"Point","coordinates":[121.540974,25.065993]}},{"type":"Feature","id":"TPS_01438","properties":{"id":"TPS_01438","n_nodes":1},"geometry":{"type":"Point","coordinates":[121.540524,25.054651]}},{"type":"Feature","id":"TPS_01439","properties":{"id":"TPS_01439","n_nodes":1},"geometry":{"type":"Point","coordinates":[121.536626,25.054762]}},{"type":"Feature","id":"TPS_01440","properties":{"id":"TPS_01440","n_nodes":1},"geometry":{"type":"Point","coordinates":[121.53909,25.054683]}},{"type":"Feature","id":"TPS_01441","properties":{"id":"TPS_01441","n_nodes":1},"geometry":{"type":"Point","coordinates":[121.537086,25.054734]}},{"type":"Feature","id":"TPS_01442","properties":{"id":"TPS_01442","n_nodes":1},"geometry":{"type":"Point","coordinates":[121.526353,25.076716]}},{"type":"Feature","id":"TPS_01443","properties":{"id":"TPS_01443","n_nodes":1},"geometry":{"type":"Point","coordinates":[121.542089,25.053345]}},{"type":"Feature","id":"TPS_01444","properties":{"id":"TPS_01444","n_nodes":1},"geometry":{"type":"Point","coordinates":[121.542134,25.054605]}},{"type":"Feature","id":"TPS_01445","properties":{"id":"TPS_01445","n_nodes":1},"geometry":{"type":"Point","coordinates":[121.578201,25.037721]}},{"type":"Feature","id":"TPS_01446","properties":{"id":"TPS_01446","n_nodes":1},"geometry":{"type":"Point","coordinates":[121.579133,25.036366]}},{"type":"Feature","id":"TPS_01447","properties":{"id":"TPS_01447","n_nodes":1},"geometry":{"type":"Point","coordinates":[121.571774,25.033575]}},{"type":"Feature","id":"TPS_01448","properties":{"id":"TPS_01448","n_nodes":1},"geometry":{"type":"Point","coordinates":[121.573522,25.034684]}},{"type":"Feature","id":"TPS_01449","properties":{"id":"TPS_01449","n_nodes":1},"geometry":{"type":"Point","coordinates":[121.573553,25.036509]}},{"type":"Feature","id":"TPS_01450","properties":{"id":"TPS_01450","n_nodes":1},"geometry":{"type":"Point","coordinates":[121.571772,25.034193]}},{"type":"Feature","id":"TPS_01451","properties":{"id":"TPS_01451","n_nodes":1},"geometry":{"type":"Point","coordinates":[121.574531,25.036486]}},{"type":"Feature","id":"TPS_01452","properties":{"id":"TPS_01452","n_nodes":1},"geometry":{"type":"Point","coordinates":[121.530209,25.057982]}},{"type":"Feature","id":"TPS_01453","properties":{"id":"TPS_01453","n_nodes":1},"geometry":{"type":"Point","coordinates":[121.530148,25.054862]}},{"type":"Feature","id":"TPS_01454","properties":{"id":"TPS_01454","n_nodes":1},"geometry":{"type":"Point","coordinates":[121.527955,25.064873]}},{"type":"Feature","id":"TPS_01455","properties":{"id":"TPS_01455","n_nodes":1},"geometry":{"type":"Point","coordinates":[121.530358,25.064828]}},{"type":"Feature","id":"TPS_01456","properties":{"id":"TPS_01456","n_nodes":1},"geometry":{"type":"Point","coordinates":[121.550975,25.018272]}},{"type":"Feature","id":"TPS_01457","properties":{"id":"TPS_01457","n_nodes":1},"geometry":{"type":"Point","coordinates":[121.552707,25.020339]}},{"type":"Feature","id":"TPS_01458","properties":{"id":"TPS_01458","n_nodes":1},"geometry":{"type":"Point","coordinates":[121.558959,25.01847]}},{"type":"Feature","id":"TPS_01459","properties":{"id":"TPS_01459","n_nodes":1},"geometry":{"type":"Point","coordinates":[121.556891,25.018524]}},{"type":"Feature","id":"TPS_01460","properties":{"id":"TPS_01460","n_nodes":1},"geometry":{"type":"Point","coordinates":[121.557875,25.01779]}},{"type":"Feature","id":"TPS_01461","properties":{"id":"TPS_01461","n_nodes":1},"geometry":{"type":"Point","coordinates":[121.554576,25.018692]}},{"type":"Feature","id":"TPS_01462","properties":{"id":"TPS_01462","n_nodes":1},"geometry":{"type":"Point","coordinates":[121.558396,25.017021]}},{"type":"Feature","id":"TPS_01463","properties":{"id":"TPS_01463","n_nodes":1},"geometry":{"type":"Point","coordinates":[121.557416,25.01848]}},{"type":"Feature","id":"TPS_01464","properties":{"id":"TPS_01464","n_nodes":1},"geometry":{"type":"Point","coordinates":[121.559888,25.016802]}},{"type":"Feature","id":"TPS_01465","properties":{"id":"TPS_01465","n_nodes":1},"geometry":{"type":"Point","coordinates":[121.561653,25.015069]}},{"type":"Feature","id":"TPS_01466","properties":{"id":"TPS_01466","n_nodes":1},"geometry":{"type":"Point","coordinates":[121.55351,25.019717]}},{"type":"Feature","id":"TPS_01467","properties":{"id":"TPS_01467","n_nodes":1},"geometry":{"type":"Point","coordinates":[121.531741,25.064802]}},{"type":"Feature","id":"TPS_01468","properties":{"id":"TPS_01468","n_nodes":1},"geometry":{"type":"Point","coordinates":[121.546895,25.022915]}},{"type":"Feature","id":"TPS_01469","properties":{"id":"TPS_01469","n_nodes":1},"geometry":{"type":"Point","coordinates":[121.534875,25.060312]}},{"type":"Feature","id":"TPS_01470","properties":{"id":"TPS_01470","n_nodes":1},"geometry":{"type":"Point","coordinates":[121.536733,25.060283]}},{"type":"Feature","id":"TPS_01471","properties":{"id":"TPS_01471","n_nodes":1},"geometry":{"type":"Point","coordinates":[121.512107,25.077053]}},{"type":"Feature","id":"TPS_01472","properties":{"id":"TPS_01472","n_nodes":1},"geometry":{"type":"Point","coordinates":[121.511892,25.075875]}},{"type":"Feature","id":"TPS_01473","properties":{"id":"TPS_01473","n_nodes":1},"geometry":{"type":"Point","coordinates":[121.517701,25.075781]}},{"type":"Feature","id":"TPS_01474","properties":{"id":"TPS_01474","n_nodes":1},"geometry":{"type":"Point","coordinates":[121.515937,25.067293]}},{"type":"Feature","id":"TPS_01475","properties":{"id":"TPS_01475","n_nodes":1},"geometry":{"type":"Point","coordinates":[121.515906,25.070529]}},{"type":"Feature","id":"TPS_01476","properties":{"id":"TPS_01476","n_nodes":1},"geometry":{"type":"Point","coordinates":[121.515888,25.071985]}},{"type":"Feature","id":"TPS_01477","properties":{"id":"TPS_01477","n_nodes":1},"geometry":{"type":"Point","coordinates":[121.515857,25.073048]}},{"type":"Feature","id":"TPS_01478","properties":{"id":"TPS_01478","n_nodes":1},"geometry":{"type":"Point","coordinates":[121.510996,25.072105]}},{"type":"Feature","id":"TPS_01479","properties":{"id":"TPS_01479","n_nodes":1},"geometry":{"type":"Point","coordinates":[121.519538,25.06851]}},{"type":"Feature","id":"TPS_01480","properties":{"id":"TPS_01480","n_nodes":1},"geometry":{"type":"Point","coordinates":[121.513915,25.074588]}},{"type":"Feature","id":"TPS_01481","properties":{"id":"TPS_01481","n_nodes":1},"geometry":{"type":"Point","coordinates":[121.511232,25.073032]}},{"type":"Feature","id":"TPS_01482","properties":{"id":"TPS_01482","n_nodes":1},"geometry":{"type":"Point","coordinates":[121.512637,25.072074]}},{"type":"Feature","id":"TPS_01483","properties":{"id":"TPS_01483","n_nodes":1},"geometry":{"type":"Point","coordinates":[121.51093,25.07998]}},{"type":"Feature","id":"TPS_01484","properties":{"id":"TPS_01484","n_nodes":1},"geometry":{"type":"Point","coordinates":[121.509938,25.084114]}},{"type":"Feature","id":"TPS_01485","properties":{"id":"TPS_01485","n_nodes":1},"geometry":{"type":"Point","coordinates":[121.545193,25.053282]}},{"type":"Feature","id":"TPS_01486","properties":{"id":"TPS_01486","n_nodes":1},"geometry":{"type":"Point","coordinates":[121.568339,25.068091]}},{"type":"Feature","id":"TPS_01487","properties":{"id":"TPS_01487","n_nodes":1},"geometry":{"type":"Point","coordinates":[121.560307,25.055854]}},{"type":"Feature","id":"TPS_01488","properties":{"id":"TPS_01488","n_nodes":1},"geometry":{"type":"Point","coordinates":[121.531801,25.066559]}},{"type":"Feature","id":"TPS_01489","properties":{"id":"TPS_01489","n_nodes":1},"geometry":{"type":"Point","coordinates":[121.530432,25.066566]}},{"type":"Feature","id":"TPS_01490","properties":{"id":"TPS_01490","n_nodes":1},"geometry":{"type":"Point","coordinates":[121.529057,25.064852]}},{"type":"Feature","id":"TPS_01491","properties":{"id":"TPS_01491","n_nodes":1},"geometry":{"type":"Point","coordinates":[121.527433,25.058024]}},{"type":"Feature","id":"TPS_01492","properties":{"id":"TPS_01492","n_nodes":1},"geometry":{"type":"Point","coordinates":[121.527783,25.058019]}},{"type":"Feature","id":"TPS_01493","properties":{"id":"TPS_01493","n_nodes":1},"geometry":{"type":"Point","coordinates":[121.56542,25.061058]}},{"type":"Feature","id":"TPS_01494","properties":{"id":"TPS_01494","n_nodes":1},"geometry":{"type":"Point","coordinates":[121.56588,25.059634]}},{"type":"Feature","id":"TPS_01495","properties":{"id":"TPS_01495","n_nodes":1},"geometry":{"type":"Point","coordinates":[121.567357,25.057148]}},{"type":"Feature","id":"TPS_01496","properties":{"id":"TPS_01496","n_nodes":1},"geometry":{"type":"Point","coordinates":[121.563665,25.056185]}},{"type":"Feature","id":"TPS_01497","properties":{"id":"TPS_01497","n_nodes":1},"geometry":{"type":"Point","coordinates":[121.563721,25.055647]}},{"type":"Feature","id":"TPS_01498","properties":{"id":"TPS_01498","n_nodes":1},"geometry":{"type":"Point","coordinates":[121.567202,25.055472]}},{"type":"Feature","id":"TPS_01499","properties":{"id":"TPS_01499","n_nodes":1},"geometry":{"type":"Point","coordinates":[121.567998,25.052373]}},{"type":"Feature","id":"TPS_01500","properties":{"id":"TPS_01500","n_nodes":1},"geometry":{"type":"Point","coordinates":[121.531815,25.044102]}},{"type":"Feature","id":"TPS_01501","properties":{"id":"TPS_01501","n_nodes":1},"geometry":{"type":"Point","coordinates":[121.530273,25.061208]}},{"type":"Feature","id":"TPS_01502","properties":{"id":"TPS_01502","n_nodes":1},"geometry":{"type":"Point","coordinates":[121.530229,25.058961]}},{"type":"Feature","id":"TPS_01503","properties":{"id":"TPS_01503","n_nodes":1},"geometry":{"type":"Point","coordinates":[121.528969,25.060334]}},{"type":"Feature","id":"TPS_01504","properties":{"id":"TPS_01504","n_nodes":1},"geometry":{"type":"Point","coordinates":[121.530257,25.060351]}},{"type":"Feature","id":"TPS_01505","properties":{"id":"TPS_01505","n_nodes":1},"geometry":{"type":"Point","coordinates":[121.52748,25.060262]}},{"type":"Feature","id":"TPS_01506","properties":{"id":"TPS_01506","n_nodes":1},"geometry":{"type":"Point","coordinates":[121.534775,25.050991]}},{"type":"Feature","id":"TPS_01507","properties":{"id":"TPS_01507","n_nodes":1},"geometry":{"type":"Point","coordinates":[121.530057,25.047995]}},{"type":"Feature","id":"TPS_01508","properties":{"id":"TPS_01508","n_nodes":1},"geometry":{"type":"Point","coordinates":[121.534728,25.048428]}},{"type":"Feature","id":"TPS_01509","properties":{"id":"TPS_01509","n_nodes":1},"geometry":{"type":"Point","coordinates":[121.531447,25.048485]}},{"type":"Feature","id":"TPS_01510","properties":{"id":"TPS_01510","n_nodes":1},"geometry":{"type":"Point","coordinates":[121.530039,25.049731]}},{"type":"Feature","id":"TPS_01511","properties":{"id":"TPS_01511","n_nodes":1},"geometry":{"type":"Point","coordinates":[121.52856,25.0501]}},{"type":"Feature","id":"TPS_01512","properties":{"id":"TPS_01512","n_nodes":1},"geometry":{"type":"Point","coordinates":[121.531479,25.050513]}},{"type":"Feature","id":"TPS_01513","properties":{"id":"TPS_01513","n_nodes":1},"geometry":{"type":"Point","coordinates":[121.530057,25.050515]}},{"type":"Feature","id":"TPS_01514","properties":{"id":"TPS_01514","n_nodes":1},"geometry":{"type":"Point","coordinates":[121.530125,25.053674]}},{"type":"Feature","id":"TPS_01515","properties":{"id":"TPS_01515","n_nodes":1},"geometry":{"type":"Point","coordinates":[121.531533,25.053653]}},{"type":"Feature","id":"TPS_01516","properties":{"id":"TPS_01516","n_nodes":1},"geometry":{"type":"Point","coordinates":[121.531563,25.054821]}},{"type":"Feature","id":"TPS_01517","properties":{"id":"TPS_01517","n_nodes":1},"geometry":{"type":"Point","coordinates":[121.527769,25.057443]}},{"type":"Feature","id":"TPS_01518","properties":{"id":"TPS_01518","n_nodes":1},"geometry":{"type":"Point","coordinates":[121.530171,25.056047]}},{"type":"Feature","id":"TPS_01519","properties":{"id":"TPS_01519","n_nodes":1},"geometry":{"type":"Point","coordinates":[121.528892,25.056058]}},{"type":"Feature","id":"TPS_01520","properties":{"id":"TPS_01520","n_nodes":1},"geometry":{"type":"Point","coordinates":[121.528869,25.054883]}},{"type":"Feature","id":"TPS_01521","properties":{"id":"TPS_01521","n_nodes":1},"geometry":{"type":"Point","coordinates":[121.528896,25.058002]}},{"type":"Feature","id":"TPS_01522","properties":{"id":"TPS_01522","n_nodes":1},"geometry":{"type":"Point","coordinates":[121.515574,25.057014]}},{"type":"Feature","id":"TPS_01523","properties":{"id":"TPS_01523","n_nodes":1},"geometry":{"type":"Point","coordinates":[121.564512,25.049992]}},{"type":"Feature","id":"TPS_01524","properties":{"id":"TPS_01524","n_nodes":1},"geometry":{"type":"Point","coordinates":[121.528088,25.050387]}},{"type":"Feature","id":"TPS_01525","properties":{"id":"TPS_01525","n_nodes":1},"geometry":{"type":"Point","coordinates":[121.524954,25.050348]}},{"type":"Feature","id":"TPS_01526","properties":{"id":"TPS_01526","n_nodes":1},"geometry":{"type":"Point","coordinates":[121.523571,25.052123]}},{"type":"Feature","id":"TPS_01527","properties":{"id":"TPS_01527","n_nodes":1},"geometry":{"type":"Point","coordinates":[121.522847,25.04954]}},{"type":"Feature","id":"TPS_01528","properties":{"id":"TPS_01528","n_nodes":1},"geometry":{"type":"Point","coordinates":[121.522707,25.049068]}},{"type":"Feature","id":"TPS_01529","properties":{"id":"TPS_01529","n_nodes":1},"geometry":{"type":"Point","coordinates":[121.52813,25.048334]}},{"type":"Feature","id":"TPS_01530","properties":{"id":"TPS_01530","n_nodes":1},"geometry":{"type":"Point","coordinates":[121.526372,25.048739]}},{"type":"Feature","id":"TPS_01531","properties":{"id":"TPS_01531","n_nodes":1},"geometry":{"type":"Point","coordinates":[121.526028,25.047553]}},{"type":"Feature","id":"TPS_01532","properties":{"id":"TPS_01532","n_nodes":1},"geometry":{"type":"Point","coordinates":[121.524575,25.049147]}},{"type":"Feature","id":"TPS_01533","properties":{"id":"TPS_01533","n_nodes":1},"geometry":{"type":"Point","coordinates":[121.519205,25.045664]}},{"type":"Feature","id":"TPS_01534","properties":{"id":"TPS_01534","n_nodes":1},"geometry":{"type":"Point","coordinates":[121.582685,25.037558]}},{"type":"Feature","id":"TPS_01535","properties":{"id":"TPS_01535","n_nodes":1},"geometry":{"type":"Point","coordinates":[121.578956,25.032746]}},{"type":"Feature","id":"TPS_01536","properties":{"id":"TPS_01536","n_nodes":1},"geometry":{"type":"Point","coordinates":[121.580749,25.040771]}},{"type":"Feature","id":"TPS_01537","properties":{"id":"TPS_01537","n_nodes":1},"geometry":{"type":"Point","coordinates":[121.579258,25.039573]}},{"type":"Feature","id":"TPS_01538","properties":{"id":"TPS_01538","n_nodes":1},"geometry":{"type":"Point","coordinates":[121.572183,25.047922]}},{"type":"Feature","id":"TPS_01539","properties":{"id":"TPS_01539","n_nodes":1},"geometry":{"type":"Point","coordinates":[121.570442,25.047962]}},{"type":"Feature","id":"TPS_01540","properties":{"id":"TPS_01540","n_nodes":1},"geometry":{"type":"Point","coordinates":[121.570207,25.042298]}},{"type":"Feature","id":"TPS_01541","properties":{"id":"TPS_01541","n_nodes":1},"geometry":{"type":"Point","coordinates":[121.571977,25.04224]}},{"type":"Feature","id":"TPS_01542","properties":{"id":"TPS_01542","n_nodes":1},"geometry":{"type":"Point","coordinates":[121.577791,25.042075]}},{"type":"Feature","id":"TPS_01543","properties":{"id":"TPS_01543","n_nodes":1},"geometry":{"type":"Point","coordinates":[121.570233,25.043528]}},{"type":"Feature","id":"TPS_01544","properties":{"id":"TPS_01544","n_nodes":1},"geometry":{"type":"Point","coordinates":[121.572022,25.043474]}},{"type":"Feature","id":"TPS_01545","properties":{"id":"TPS_01545","n_nodes":1},"geometry":{"type":"Point","coordinates":[121.577778,25.043251]}},{"type":"Feature","id":"TPS_01546","properties":{"id":"TPS_01546","n_nodes":1},"geometry":{"type":"Point","coordinates":[121.579232,25.048914]}},{"type":"Feature","id":"TPS_01547","properties":{"id":"TPS_01547","n_nodes":1},"geometry":{"type":"Point","coordinates":[121.581438,25.051589]}},{"type":"Feature","id":"TPS_01548","properties":{"id":"TPS_01548","n_nodes":1},"geometry":{"type":"Point","coordinates":[121.581567,25.051124]}},{"type":"Feature","id":"TPS_01549","properties":{"id":"TPS_01549","n_nodes":1},"geometry":{"type":"Point","coordinates":[121.580215,25.052189]}},{"type":"Feature","id":"TPS_01550","properties":{"id":"TPS_01550","n_nodes":1},"geometry":{"type":"Point","coordinates":[121.579871,25.052117]}},{"type":"Feature","id":"TPS_01551","properties":{"id":"TPS_01551","n_nodes":1},"geometry":{"type":"Point","coordinates":[121.578163,25.064249]}},{"type":"Feature","id":"TPS_01552","properties":{"id":"TPS_01552","n_nodes":1},"geometry":{"type":"Point","coordinates":[121.57955,25.064913]}},{"type":"Feature","id":"TPS_01553","properties":{"id":"TPS_01553","n_nodes":1},"geometry":{"type":"Point","coordinates":[121.581222,25.062594]}},{"type":"Feature","id":"TPS_01554","properties":{"id":"TPS_01554","n_nodes":1},"geometry":{"type":"Point","coordinates":[121.580692,25.063329]}},{"type":"Feature","id":"TPS_01555","properties":{"id":"TPS_01555","n_nodes":1},"geometry":{"type":"Point","coordinates":[121.577708,25.050944]}},{"type":"Feature","id":"TPS_01556","properties":{"id":"TPS_01556","n_nodes":1},"geometry":{"type":"Point","coordinates":[121.561393,25.060777]}},{"type":"Feature","id":"TPS_01557","properties":{"id":"TPS_01557","n_nodes":1},"geometry":{"type":"Point","coordinates":[121.560328,25.060703]}},{"type":"Feature","id":"TPS_01558","properties":{"id":"TPS_01558","n_nodes":1},"geometry":{"type":"Point","coordinates":[121.556981,25.060469]}},{"type":"Feature","id":"TPS_01559","properties":{"id":"TPS_01559","n_nodes":1},"geometry":{"type":"Point","coordinates":[121.554873,25.060322]}},{"type":"Feature","id":"TPS_01560","properties":{"id":"TPS_01560","n_nodes":1},"geometry":{"type":"Point","coordinates":[121.583256,25.00065]}},{"type":"Feature","id":"TPS_01561","properties":{"id":"TPS_01561","n_nodes":1},"geometry":{"type":"Point","coordinates":[121.584281,25.002994]}},{"type":"Feature","id":"TPS_01562","properties":{"id":"TPS_01562","n_nodes":1},"geometry":{"type":"Point","coordinates":[121.528296,25.028575]}},{"type":"Feature","id":"TPS_01563","properties":{"id":"TPS_01563","n_nodes":1},"geometry":{"type":"Point","coordinates":[121.527442,25.031601]}},{"type":"Feature","id":"TPS_01564","properties":{"id":"TPS_01564","n_nodes":1},"geometry":{"type":"Point","coordinates":[121.530636,25.02976]}},{"type":"Feature","id":"TPS_01565","properties":{"id":"TPS_01565","n_nodes":1},"geometry":{"type":"Point","coordinates":[121.52879,25.031392]}},{"type":"Feature","id":"TPS_01566","properties":{"id":"TPS_01566","n_nodes":1},"geometry":{"type":"Point","coordinates":[121.528546,25.029883]}},{"type":"Feature","id":"TPS_01567","properties":{"id":"TPS_01567","n_nodes":1},"geometry":{"type":"Point","coordinates":[121.531555,25.03001]}},{"type":"Feature","id":"TPS_01568","properties":{"id":"TPS_01568","n_nodes":1},"geometry":{"type":"Point","coordinates":[121.5295,25.02977]}},{"type":"Feature","id":"TPS_01569","properties":{"id":"TPS_01569","n_nodes":1},"geometry":{"type":"Point","coordinates":[121.523689,25.079924]}},{"type":"Feature","id":"TPS_01570","properties":{"id":"TPS_01570","n_nodes":1},"geometry":{"type":"Point","coordinates":[121.525475,25.056241]}},{"type":"Feature","id":"TPS_01571","properties":{"id":"TPS_01571","n_nodes":1},"geometry":{"type":"Point","coordinates":[121.525434,25.054362]}},{"type":"Feature","id":"TPS_01572","properties":{"id":"TPS_01572","n_nodes":1},"geometry":{"type":"Point","coordinates":[121.525424,25.053892]}},{"type":"Feature","id":"TPS_01573","properties":{"id":"TPS_01573","n_nodes":1},"geometry":{"type":"Point","coordinates":[121.525447,25.05494]}},{"type":"Feature","id":"TPS_01574","properties":{"id":"TPS_01574","n_nodes":1},"geometry":{"type":"Point","coordinates":[121.525515,25.058054]}},{"type":"Feature","id":"TPS_01575","properties":{"id":"TPS_01575","n_nodes":1},"geometry":{"type":"Point","coordinates":[121.527379,25.053809]}},{"type":"Feature","id":"TPS_01576","properties":{"id":"TPS_01576","n_nodes":1},"geometry":{"type":"Point","coordinates":[121.510082,25.083383]}},{"type":"Feature","id":"TPS_01577","properties":{"id":"TPS_01577","n_nodes":1},"geometry":{"type":"Point","coordinates":[121.511443,25.08749]}},{"type":"Feature","id":"TPS_01578","properties":{"id":"TPS_01578","n_nodes":1},"geometry":{"type":"Point","coordinates":[121.504868,25.089371]}},{"type":"Feature","id":"TPS_01579","properties":{"id":"TPS_01579","n_nodes":1},"geometry":{"type":"Point","coordinates":[121.508971,25.087697]}},{"type":"Feature","id":"TPS_01580","properties":{"id":"TPS_01580","n_nodes":1},"geometry":{"type":"Point","coordinates":[121.510617,25.088958]}},{"type":"Feature","id":"TPS_01581","properties":{"id":"TPS_01581","n_nodes":1},"geometry":{"type":"Point","coordinates":[121.501265,25.090485]}},{"type":"Feature","id":"TPS_01582","properties":{"id":"TPS_01582","n_nodes":1},"geometry":{"type":"Point","coordinates":[121.511757,25.053873]}},{"type":"Feature","id":"TPS_01583","properties":{"id":"TPS_01583","n_nodes":1},"geometry":{"type":"Point","coordinates":[121.507294,25.052394]}},{"type":"Feature","id":"TPS_01584","properties":{"id":"TPS_01584","n_nodes":1},"geometry":{"type":"Point","coordinates":[121.511582,25.056941]}},{"type":"Feature","id":"TPS_01585","properties":{"id":"TPS_01585","n_nodes":1},"geometry":{"type":"Point","coordinates":[121.508565,25.052004]}},{"type":"Feature","id":"TPS_01586","properties":{"id":"TPS_01586","n_nodes":1},"geometry":{"type":"Point","coordinates":[121.511856,25.052043]}},{"type":"Feature","id":"TPS_01587","properties":{"id":"TPS_01587","n_nodes":1},"geometry":{"type":"Point","coordinates":[121.503256,25.046217]}},{"type":"Feature","id":"TPS_01588","properties":{"id":"TPS_01588","n_nodes":1},"geometry":{"type":"Point","coordinates":[121.505301,25.089412]}},{"type":"Feature","id":"TPS_01589","properties":{"id":"TPS_01589","n_nodes":1},"geometry":{"type":"Point","coordinates":[121.50832,25.088657]}},{"type":"Feature","id":"TPS_01590","properties":{"id":"TPS_01590","n_nodes":1},"geometry":{"type":"Point","coordinates":[121.524362,25.062797]}},{"type":"Feature","id":"TPS_01591","properties":{"id":"TPS_01591","n_nodes":1},"geometry":{"type":"Point","coordinates":[121.524316,25.066706]}},{"type":"Feature","id":"TPS_01592","properties":{"id":"TPS_01592","n_nodes":1},"geometry":{"type":"Point","coordinates":[121.525678,25.06407]}},{"type":"Feature","id":"TPS_01593","properties":{"id":"TPS_01593","n_nodes":1},"geometry":{"type":"Point","coordinates":[121.514341,25.060808]}},{"type":"Feature","id":"TPS_01594","properties":{"id":"TPS_01594","n_nodes":1},"geometry":{"type":"Point","coordinates":[121.518811,25.060228]}},{"type":"Feature","id":"TPS_01595","properties":{"id":"TPS_01595","n_nodes":1},"geometry":{"type":"Point","coordinates":[121.51919,25.057464]}},{"type":"Feature","id":"TPS_01596","properties":{"id":"TPS_01596","n_nodes":1},"geometry":{"type":"Point","coordinates":[121.525605,25.061702]}},{"type":"Feature","id":"TPS_01597","properties":{"id":"TPS_01597","n_nodes":1},"geometry":{"type":"Point","coordinates":[121.519641,25.062789]}},{"type":"Feature","id":"TPS_01598","properties":{"id":"TPS_01598","n_nodes":1},"geometry":{"type":"Point","coordinates":[121.525538,25.059069]}},{"type":"Feature","id":"TPS_01599","properties":{"id":"TPS_01599","n_nodes":1},"geometry":{"type":"Point","coordinates":[121.523966,25.058054]}},{"type":"Feature","id":"TPS_01600","properties":{"id":"TPS_01600","n_nodes":1},"geometry":{"type":"Point","coordinates":[121.525565,25.060288]}},{"type":"Feature","id":"TPS_01601","properties":{"id":"TPS_01601","n_nodes":1},"geometry":{"type":"Point","coordinates":[121.52573,25.064883]}},{"type":"Feature","id":"TPS_01602","properties":{"id":"TPS_01602","n_nodes":1},"geometry":{"type":"Point","coordinates":[121.511326,25.085752]}},{"type":"Feature","id":"TPS_01603","properties":{"id":"TPS_01603","n_nodes":1},"geometry":{"type":"Point","coordinates":[121.512819,25.081988]}},{"type":"Feature","id":"TPS_01604","properties":{"id":"TPS_01604","n_nodes":1},"geometry":{"type":"Point","coordinates":[121.509873,25.084515]}},{"type":"Feature","id":"TPS_01605","properties":{"id":"TPS_01605","n_nodes":1},"geometry":{"type":"Point","coordinates":[121.510982,25.085677]}},{"type":"Feature","id":"TPS_01606","properties":{"id":"TPS_01606","n_nodes":1},"geometry":{"type":"Point","coordinates":[121.510327,25.082081]}},{"type":"Feature","id":"TPS_01607","properties":{"id":"TPS_01607","n_nodes":1},"geometry":{"type":"Point","coordinates":[121.509554,25.085721]}},{"type":"Feature","id":"TPS_01608","properties":{"id":"TPS_01608","n_nodes":1},"geometry":{"type":"Point","coordinates":[121.508547,25.083679]}},{"type":"Feature","id":"TPS_01609","properties":{"id":"TPS_01609","n_nodes":1},"geometry":{"type":"Point","coordinates":[121.510212,25.082657]}},{"type":"Feature","id":"TPS_01610","properties":{"id":"TPS_01610","n_nodes":1},"geometry":{"type":"Point","coordinates":[121.537593,25.100818]}},{"type":"Feature","id":"TPS_01611","properties":{"id":"TPS_01611","n_nodes":1},"geometry":{"type":"Point","coordinates":[121.506207,25.04786]}},{"type":"Feature","id":"TPS_01612","properties":{"id":"TPS_01612","n_nodes":1},"geometry":{"type":"Point","coordinates":[121.495421,25.023664]}},{"type":"Feature","id":"TPS_01613","properties":{"id":"TPS_01613","n_nodes":1},"geometry":{"type":"Point","coordinates":[121.495973,25.021818]}},{"type":"Feature","id":"TPS_01614","properties":{"id":"TPS_01614","n_nodes":1},"geometry":{"type":"Point","coordinates":[121.494385,25.03782]}},{"type":"Feature","id":"TPS_01615","properties":{"id":"TPS_01615","n_nodes":1},"geometry":{"type":"Point","coordinates":[121.492658,25.036984]}},{"type":"Feature","id":"TPS_01616","properties":{"id":"TPS_01616","n_nodes":1},"geometry":{"type":"Point","coordinates":[121.499766,25.038453]}},{"type":"Feature","id":"TPS_01617","properties":{"id":"TPS_01617","n_nodes":1},"geometry":{"type":"Point","coordinates":[121.49956,25.041476]}},{"type":"Feature","id":"TPS_01618","properties":{"id":"TPS_01618","n_nodes":1},"geometry":{"type":"Point","coordinates":[121.576486,25.069004]}},{"type":"Feature","id":"TPS_01619","properties":{"id":"TPS_01619","n_nodes":1},"geometry":{"type":"Point","coordinates":[121.580406,25.067448]}},{"type":"Feature","id":"TPS_01620","properties":{"id":"TPS_01620","n_nodes":1},"geometry":{"type":"Point","coordinates":[121.582637,25.06729]}},{"type":"Feature","id":"TPS_01621","properties":{"id":"TPS_01621","n_nodes":1},"geometry":{"type":"Point","coordinates":[121.583566,25.042759]}},{"type":"Feature","id":"TPS_01622","properties":{"id":"TPS_01622","n_nodes":1},"geometry":{"type":"Point","coordinates":[121.587541,25.041798]}},{"type":"Feature","id":"TPS_01623","properties":{"id":"TPS_01623","n_nodes":1},"geometry":{"type":"Point","coordinates":[121.585481,25.04156]}},{"type":"Feature","id":"TPS_01624","properties":{"id":"TPS_01624","n_nodes":1},"geometry":{"type":"Point","coordinates":[121.584386,25.042166]}},{"type":"Feature","id":"TPS_01625","properties":{"id":"TPS_01625","n_nodes":1},"geometry":{"type":"Point","coordinates":[121.591298,25.037497]}},{"type":"Feature","id":"TPS_01626","properties":{"id":"TPS_01626","n_nodes":1},"geometry":{"type":"Point","coordinates":[121.592897,25.040417]}},{"type":"Feature","id":"TPS_01627","properties":{"id":"TPS_01627","n_nodes":1},"geometry":{"type":"Point","coordinates":[121.590984,25.041329]}},{"type":"Feature","id":"TPS_01628","properties":{"id":"TPS_01628","n_nodes":1},"geometry":{"type":"Point","coordinates":[121.590613,25.040366]}},{"type":"Feature","id":"TPS_01629","properties":{"id":"TPS_01629","n_nodes":1},"geometry":{"type":"Point","coordinates":[121.589294,25.039762]}},{"type":"Feature","id":"TPS_01630","properties":{"id":"TPS_01630","n_nodes":1},"geometry":{"type":"Point","coordinates":[121.587578,25.039285]}},{"type":"Feature","id":"TPS_01631","properties":{"id":"TPS_01631","n_nodes":1},"geometry":{"type":"Point","coordinates":[121.584582,25.039984]}},{"type":"Feature","id":"TPS_01632","properties":{"id":"TPS_01632","n_nodes":1},"geometry":{"type":"Point","coordinates":[121.586015,25.038836]}},{"type":"Feature","id":"TPS_01633","properties":{"id":"TPS_01633","n_nodes":1},"geometry":{"type":"Point","coordinates":[121.585044,25.040751]}},{"type":"Feature","id":"TPS_01634","properties":{"id":"TPS_01634","n_nodes":1},"geometry":{"type":"Point","coordinates":[121.58488,25.038536]}},{"type":"Feature","id":"TPS_01635","properties":{"id":"TPS_01635","n_nodes":1},"geometry":{"type":"Point","coordinates":[121.584077,25.038272]}},{"type":"Feature","id":"TPS_01636","properties":{"id":"TPS_01636","n_nodes":1},"geometry":{"type":"Point","coordinates":[121.511353,25.060652]}},{"type":"Feature","id":"TPS_01637","properties":{"id":"TPS_01637","n_nodes":1},"geometry":{"type":"Point","coordinates":[121.511022,25.065932]}},{"type":"Feature","id":"TPS_01638","properties":{"id":"TPS_01638","n_nodes":1},"geometry":{"type":"Point","coordinates":[121.510874,25.070136]}},{"type":"Feature","id":"TPS_01639","properties":{"id":"TPS_01639","n_nodes":1},"geometry":{"type":"Point","coordinates":[121.510941,25.067212]}},{"type":"Feature","id":"TPS_01640","properties":{"id":"TPS_01640","n_nodes":1},"geometry":{"type":"Point","coordinates":[121.551502,25.000924]}},{"type":"Feature","id":"TPS_01641","properties":{"id":"TPS_01641","n_nodes":1},"geometry":{"type":"Point","coordinates":[121.550322,25.000129]}},{"type":"Feature","id":"TPS_01642","properties":{"id":"TPS_01642","n_nodes":1},"geometry":{"type":"Point","coordinates":[121.555453,24.999303]}},{"type":"Feature","id":"TPS_01643","properties":{"id":"TPS_01643","n_nodes":1},"geometry":{"type":"Point","coordinates":[121.535715,25.004781]}},{"type":"Feature","id":"TPS_01644","properties":{"id":"TPS_01644","n_nodes":1},"geometry":{"type":"Point","coordinates":[121.536472,25.004747]}},{"type":"Feature","id":"TPS_01645","properties":{"id":"TPS_01645","n_nodes":1},"geometry":{"type":"Point","coordinates":[121.546997,25.014314]}},{"type":"Feature","id":"TPS_01646","properties":{"id":"TPS_01646","n_nodes":1},"geometry":{"type":"Point","coordinates":[121.53859,25.003603]}},{"type":"Feature","id":"TPS_01647","properties":{"id":"TPS_01647","n_nodes":1},"geometry":{"type":"Point","coordinates":[121.53552,25.002017]}},{"type":"Feature","id":"TPS_01648","properties":{"id":"TPS_01648","n_nodes":1},"geometry":{"type":"Point","coordinates":[121.547528,24.996409]}},{"type":"Feature","id":"TPS_01649","properties":{"id":"TPS_01649","n_nodes":1},"geometry":{"type":"Point","coordinates":[121.547868,24.997248]}},{"type":"Feature","id":"TPS_01650","properties":{"id":"TPS_01650","n_nodes":1},"geometry":{"type":"Point","coordinates":[121.54772,24.998289]}},{"type":"Feature","id":"TPS_01651","properties":{"id":"TPS_01651","n_nodes":1},"geometry":{"type":"Point","coordinates":[121.541006,25.011325]}},{"type":"Feature","id":"TPS_01652","properties":{"id":"TPS_01652","n_nodes":1},"geometry":{"type":"Point","coordinates":[121.548709,25.001922]}},{"type":"Feature","id":"TPS_01653","properties":{"id":"TPS_01653","n_nodes":1},"geometry":{"type":"Point","coordinates":[121.540919,25.005425]}},{"type":"Feature","id":"TPS_01654","properties":{"id":"TPS_01654","n_nodes":1},"geometry":{"type":"Point","coordinates":[121.522018,25.029571]}},{"type":"Feature","id":"TPS_01655","properties":{"id":"TPS_01655","n_nodes":1},"geometry":{"type":"Point","coordinates":[121.52229,25.030887]}},{"type":"Feature","id":"TPS_01656","properties":{"id":"TPS_01656","n_nodes":1},"geometry":{"type":"Point","coordinates":[121.546053,25.000113]}},{"type":"Feature","id":"TPS_01657","properties":{"id":"TPS_01657","n_nodes":1},"geometry":{"type":"Point","coordinates":[121.55498,24.999539]}},{"type":"Feature","id":"TPS_01658","properties":{"id":"TPS_01658","n_nodes":1},"geometry":{"type":"Point","coordinates":[121.577211,24.987359]}},{"type":"Feature","id":"TPS_01659","properties":{"id":"TPS_01659","n_nodes":1},"geometry":{"type":"Point","coordinates":[121.517713,25.028294]}},{"type":"Feature","id":"TPS_01660","properties":{"id":"TPS_01660","n_nodes":1},"geometry":{"type":"Point","coordinates":[121.514954,25.032047]}},{"type":"Feature","id":"TPS_01661","properties":{"id":"TPS_01661","n_nodes":1},"geometry":{"type":"Point","coordinates":[121.531512,25.017398]}},{"type":"Feature","id":"TPS_01662","properties":{"id":"TPS_01662","n_nodes":1},"geometry":{"type":"Point","coordinates":[121.531335,25.015694]}},{"type":"Feature","id":"TPS_01663","properties":{"id":"TPS_01663","n_nodes":1},"geometry":{"type":"Point","coordinates":[121.53528,25.012587]}},{"type":"Feature","id":"TPS_01664","properties":{"id":"TPS_01664","n_nodes":1},"geometry":{"type":"Point","coordinates":[121.535991,25.012976]}},{"type":"Feature","id":"TPS_01665","properties":{"id":"TPS_01665","n_nodes":1},"geometry":{"type":"Point","coordinates":[121.575425,25.060696]}},{"type":"Feature","id":"TPS_01666","properties":{"id":"TPS_01666","n_nodes":1},"geometry":{"type":"Point","coordinates":[121.587631,25.063681]}},{"type":"Feature","id":"TPS_01667","properties":{"id":"TPS_01667","n_nodes":1},"geometry":{"type":"Point","coordinates":[121.583937,25.066077]}},{"type":"Feature","id":"TPS_01668","properties":{"id":"TPS_01668","n_nodes":1},"geometry":{"type":"Point","coordinates":[121.588703,25.061423]}},{"type":"Feature","id":"TPS_01669","properties":{"id":"TPS_01669","n_nodes":1},"geometry":{"type":"Point","coordinates":[121.587668,25.062749]}},{"type":"Feature","id":"TPS_01670","properties":{"id":"TPS_01670","n_nodes":1},"geometry":{"type":"Point","coordinates":[121.588996,25.064663]}},{"type":"Feature","id":"TPS_01671","properties":{"id":"TPS_01671","n_nodes":1},"geometry":{"type":"Point","coordinates":[121.587741,25.065328]}},{"type":"Feature","id":"TPS_01672","properties":{"id":"TPS_01672","n_nodes":1},"geometry":{"type":"Point","coordinates":[121.588962,25.063132]}},{"type":"Feature","id":"TPS_01673","properties":{"id":"TPS_01673","n_nodes":1},"geometry":{"type":"Point","coordinates":[121.587662,25.064475]}},{"type":"Feature","id":"TPS_01674","properties":{"id":"TPS_01674","n_nodes":1},"geometry":{"type":"Point","coordinates":[121.582847,25.064619]}},{"type":"Feature","id":"TPS_01675","properties":{"id":"TPS_01675","n_nodes":1},"geometry":{"type":"Point","coordinates":[121.586269,25.062551]}},{"type":"Feature","id":"TPS_01676","properties":{"id":"TPS_01676","n_nodes":1},"geometry":{"type":"Point","coordinates":[121.507328,25.047579]}},{"type":"Feature","id":"TPS_01677","properties":{"id":"TPS_01677","n_nodes":1},"geometry":{"type":"Point","coordinates":[121.506523,25.044808]}},{"type":"Feature","id":"TPS_01678","properties":{"id":"TPS_01678","n_nodes":1},"geometry":{"type":"Point","coordinates":[121.505088,25.04395]}},{"type":"Feature","id":"TPS_01679","properties":{"id":"TPS_01679","n_nodes":1},"geometry":{"type":"Point","coordinates":[121.508326,25.047343]}},{"type":"Feature","id":"TPS_01680","properties":{"id":"TPS_01680","n_nodes":1},"geometry":{"type":"Point","coordinates":[121.505904,25.046818]}},{"type":"Feature","id":"TPS_01681","properties":{"id":"TPS_01681","n_nodes":1},"geometry":{"type":"Point","coordinates":[121.50703,25.046555]}},{"type":"Feature","id":"TPS_01682","properties":{"id":"TPS_01682","n_nodes":1},"geometry":{"type":"Point","coordinates":[121.505645,25.045938]}},{"type":"Feature","id":"TPS_01683","properties":{"id":"TPS_01683","n_nodes":1},"geometry":{"type":"Point","coordinates":[121.506775,25.045673]}},{"type":"Feature","id":"TPS_01684","properties":{"id":"TPS_01684","n_nodes":1},"geometry":{"type":"Point","coordinates":[121.506197,25.043685]}},{"type":"Feature","id":"TPS_01685","properties":{"id":"TPS_01685","n_nodes":1},"geometry":{"type":"Point","coordinates":[121.510718,25.04597]}},{"type":"Feature","id":"TPS_01686","properties":{"id":"TPS_01686","n_nodes":1},"geometry":{"type":"Point","coordinates":[121.510476,25.045161]}},{"type":"Feature","id":"TPS_01687","properties":{"id":"TPS_01687","n_nodes":1},"geometry":{"type":"Point","coordinates":[121.509318,25.060526]}},{"type":"Feature","id":"TPS_01688","properties":{"id":"TPS_01688","n_nodes":1},"geometry":{"type":"Point","coordinates":[121.509927,25.060554]}},{"type":"Feature","id":"TPS_01689","properties":{"id":"TPS_01689","n_nodes":1},"geometry":{"type":"Point","coordinates":[121.509838,25.056905]}},{"type":"Feature","id":"TPS_01690","properties":{"id":"TPS_01690","n_nodes":1},"geometry":{"type":"Point","coordinates":[121.509692,25.058208]}},{"type":"Feature","id":"TPS_01691","properties":{"id":"TPS_01691","n_nodes":1},"geometry":{"type":"Point","coordinates":[121.508933,25.05688]}},{"type":"Feature","id":"TPS_01692","properties":{"id":"TPS_01692","n_nodes":1},"geometry":{"type":"Point","coordinates":[121.511043,25.053827]}},{"type":"Feature","id":"TPS_01693","properties":{"id":"TPS_01693","n_nodes":1},"geometry":{"type":"Point","coordinates":[121.500582,25.038432]}},{"type":"Feature","id":"TPS_01694","properties":{"id":"TPS_01694","n_nodes":1},"geometry":{"type":"Point","coordinates":[121.499377,25.036687]}},{"type":"Feature","id":"TPS_01695","properties":{"id":"TPS_01695","n_nodes":1},"geometry":{"type":"Point","coordinates":[121.499318,25.03552]}},{"type":"Feature","id":"TPS_01696","properties":{"id":"TPS_01696","n_nodes":1},"geometry":{"type":"Point","coordinates":[121.505407,25.039552]}},{"type":"Feature","id":"TPS_01697","properties":{"id":"TPS_01697","n_nodes":1},"geometry":{"type":"Point","coordinates":[121.505168,25.037771]}},{"type":"Feature","id":"TPS_01698","properties":{"id":"TPS_01698","n_nodes":1},"geometry":{"type":"Point","coordinates":[121.511492,25.042253]}},{"type":"Feature","id":"TPS_01699","properties":{"id":"TPS_01699","n_nodes":1},"geometry":{"type":"Point","coordinates":[121.511308,25.040076]}},{"type":"Feature","id":"TPS_01700","properties":{"id":"TPS_01700","n_nodes":1},"geometry":{"type":"Point","coordinates":[121.504535,25.041513]}},{"type":"Feature","id":"TPS_01701","properties":{"id":"TPS_01701","n_nodes":1},"geometry":{"type":"Point","coordinates":[121.504325,25.040393]}},{"type":"Feature","id":"TPS_01702","properties":{"id":"TPS_01702","n_nodes":1},"geometry":{"type":"Point","coordinates":[121.506056,25.040713]}},{"type":"Feature","id":"TPS_01703","properties":{"id":"TPS_01703","n_nodes":1},"geometry":{"type":"Point","coordinates":[121.50946,25.041664]}},{"type":"Feature","id":"TPS_01704","properties":{"id":"TPS_01704","n_nodes":1},"geometry":{"type":"Point","coordinates":[121.505978,25.04165]}},{"type":"Feature","id":"TPS_01705","properties":{"id":"TPS_01705","n_nodes":1},"geometry":{"type":"Point","coordinates":[121.506223,25.039419]}},{"type":"Feature","id":"TPS_01706","properties":{"id":"TPS_01706","n_nodes":1},"geometry":{"type":"Point","coordinates":[121.504191,25.039743]}},{"type":"Feature","id":"TPS_01707","properties":{"id":"TPS_01707","n_nodes":1},"geometry":{"type":"Point","coordinates":[121.506925,25.04142]}},{"type":"Feature","id":"TPS_01708","properties":{"id":"TPS_01708","n_nodes":1},"geometry":{"type":"Point","coordinates":[121.50774,25.035716]}},{"type":"Feature","id":"TPS_01709","properties":{"id":"TPS_01709","n_nodes":1},"geometry":{"type":"Point","coordinates":[121.500083,25.041244]}},{"type":"Feature","id":"TPS_01710","properties":{"id":"TPS_01710","n_nodes":1},"geometry":{"type":"Point","coordinates":[121.499882,25.040149]}},{"type":"Feature","id":"TPS_01711","properties":{"id":"TPS_01711","n_nodes":1},"geometry":{"type":"Point","coordinates":[121.500688,25.040201]}},{"type":"Feature","id":"TPS_01712","properties":{"id":"TPS_01712","n_nodes":1},"geometry":{"type":"Point","coordinates":[121.517449,25.025398]}},{"type":"Feature","id":"TPS_01713","properties":{"id":"TPS_01713","n_nodes":1},"geometry":{"type":"Point","coordinates":[121.519021,25.025049]}},{"type":"Feature","id":"TPS_01714","properties":{"id":"TPS_01714","n_nodes":1},"geometry":{"type":"Point","coordinates":[121.519011,25.023373]}},{"type":"Feature","id":"TPS_01715","properties":{"id":"TPS_01715","n_nodes":1},"geometry":{"type":"Point","coordinates":[121.509609,25.04218]}},{"type":"Feature","id":"TPS_01716","properties":{"id":"TPS_01716","n_nodes":1},"geometry":{"type":"Point","coordinates":[121.515296,25.057874]}},{"type":"Feature","id":"TPS_01717","properties":{"id":"TPS_01717","n_nodes":1},"geometry":{"type":"Point","coordinates":[121.494886,25.024788]}},{"type":"Feature","id":"TPS_01718","properties":{"id":"TPS_01718","n_nodes":1},"geometry":{"type":"Point","coordinates":[121.496457,25.025929]}},{"type":"Feature","id":"TPS_01719","properties":{"id":"TPS_01719","n_nodes":1},"geometry":{"type":"Point","coordinates":[121.49433,25.02603]}},{"type":"Feature","id":"TPS_01720","properties":{"id":"TPS_01720","n_nodes":1},"geometry":{"type":"Point","coordinates":[121.506486,25.026095]}},{"type":"Feature","id":"TPS_01721","properties":{"id":"TPS_01721","n_nodes":1},"geometry":{"type":"Point","coordinates":[121.501742,25.025419]}},{"type":"Feature","id":"TPS_01722","properties":{"id":"TPS_01722","n_nodes":1},"geometry":{"type":"Point","coordinates":[121.501709,25.026453]}},{"type":"Feature","id":"TPS_01723","properties":{"id":"TPS_01723","n_nodes":1},"geometry":{"type":"Point","coordinates":[121.497169,25.024406]}},{"type":"Feature","id":"TPS_01724","properties":{"id":"TPS_01724","n_nodes":1},"geometry":{"type":"Point","coordinates":[121.488872,25.032363]}},{"type":"Feature","id":"TPS_01725","properties":{"id":"TPS_01725","n_nodes":1},"geometry":{"type":"Point","coordinates":[121.495181,25.028894]}},{"type":"Feature","id":"TPS_01726","properties":{"id":"TPS_01726","n_nodes":1},"geometry":{"type":"Point","coordinates":[121.497546,25.0236]}},{"type":"Feature","id":"TPS_01727","properties":{"id":"TPS_01727","n_nodes":1},"geometry":{"type":"Point","coordinates":[121.566915,25.083835]}},{"type":"Feature","id":"TPS_01728","properties":{"id":"TPS_01728","n_nodes":1},"geometry":{"type":"Point","coordinates":[121.56555,25.085447]}},{"type":"Feature","id":"TPS_01729","properties":{"id":"TPS_01729","n_nodes":1},"geometry":{"type":"Point","coordinates":[121.564061,25.08649]}},{"type":"Feature","id":"TPS_01730","properties":{"id":"TPS_01730","n_nodes":1},"geometry":{"type":"Point","coordinates":[121.581078,25.074544]}},{"type":"Feature","id":"TPS_01731","properties":{"id":"TPS_01731","n_nodes":1},"geometry":{"type":"Point","coordinates":[121.589337,25.079361]}},{"type":"Feature","id":"TPS_01732","properties":{"id":"TPS_01732","n_nodes":1},"geometry":{"type":"Point","coordinates":[121.576001,25.084448]}},{"type":"Feature","id":"TPS_01733","properties":{"id":"TPS_01733","n_nodes":1},"geometry":{"type":"Point","coordinates":[121.612301,25.066955]}},{"type":"Feature","id":"TPS_01734","properties":{"id":"TPS_01734","n_nodes":1},"geometry":{"type":"Point","coordinates":[121.610117,25.075109]}},{"type":"Feature","id":"TPS_01735","properties":{"id":"TPS_01735","n_nodes":1},"geometry":{"type":"Point","coordinates":[121.615577,25.072026]}},{"type":"Feature","id":"TPS_01736","properties":{"id":"TPS_01736","n_nodes":1},"geometry":{"type":"Point","coordinates":[121.619511,25.073355]}},{"type":"Feature","id":"TPS_01737","properties":{"id":"TPS_01737","n_nodes":1},"geometry":{"type":"Point","coordinates":[121.592401,25.04596]}},{"type":"Feature","id":"TPS_01738","properties":{"id":"TPS_01738","n_nodes":1},"geometry":{"type":"Point","coordinates":[121.573725,24.992585]}},{"type":"Feature","id":"TPS_01739","properties":{"id":"TPS_01739","n_nodes":1},"geometry":{"type":"Point","coordinates":[121.598279,25.056231]}},{"type":"Feature","id":"TPS_01740","properties":{"id":"TPS_01740","n_nodes":1},"geometry":{"type":"Point","coordinates":[121.594758,25.056848]}},{"type":"Feature","id":"TPS_01741","properties":{"id":"TPS_01741","n_nodes":1},"geometry":{"type":"Point","coordinates":[121.593938,25.058312]}},{"type":"Feature","id":"TPS_01742","properties":{"id":"TPS_01742","n_nodes":1},"geometry":{"type":"Point","coordinates":[121.579954,24.985346]}},{"type":"Feature","id":"TPS_01743","properties":{"id":"TPS_01743","n_nodes":1},"geometry":{"type":"Point","coordinates":[121.602352,25.057627]}},{"type":"Feature","id":"TPS_01744","properties":{"id":"TPS_01744","n_nodes":1},"geometry":{"type":"Point","coordinates":[121.600932,25.057296]}},{"type":"Feature","id":"TPS_01745","properties":{"id":"TPS_01745","n_nodes":1},"geometry":{"type":"Point","coordinates":[121.599061,25.056576]}},{"type":"Feature","id":"TPS_01746","properties":{"id":"TPS_01746","n_nodes":1},"geometry":{"type":"Point","coordinates":[121.605042,25.054059]}},{"type":"Feature","id":"TPS_01747","properties":{"id":"TPS_01747","n_nodes":1},"geometry":{"type":"Point","coordinates":[121.597314,25.05848]}},{"type":"Feature","id":"TPS_01748","properties":{"id":"TPS_01748","n_nodes":1},"geometry":{"type":"Point","coordinates":[121.596037,25.057308]}},{"type":"Feature","id":"TPS_01749","properties":{"id":"TPS_01749","n_nodes":1},"geometry":{"type":"Point","coordinates":[121.597607,25.057758]}},{"type":"Feature","id":"TPS_01750","properties":{"id":"TPS_01750","n_nodes":1},"geometry":{"type":"Point","coordinates":[121.614108,25.057755]}},{"type":"Feature","id":"TPS_01751","properties":{"id":"TPS_01751","n_nodes":1},"geometry":{"type":"Point","coordinates":[121.61421,25.059051]}},{"type":"Feature","id":"TPS_01752","properties":{"id":"TPS_01752","n_nodes":1},"geometry":{"type":"Point","coordinates":[121.611369,25.060055]}},{"type":"Feature","id":"TPS_01753","properties":{"id":"TPS_01753","n_nodes":1},"geometry":{"type":"Point","coordinates":[121.610321,25.05498]}},{"type":"Feature","id":"TPS_01754","properties":{"id":"TPS_01754","n_nodes":1},"geometry":{"type":"Point","coordinates":[121.609811,25.059104]}},{"type":"Feature","id":"TPS_01755","properties":{"id":"TPS_01755","n_nodes":1},"geometry":{"type":"Point","coordinates":[121.605339,25.057878]}},{"type":"Feature","id":"TPS_01756","properties":{"id":"TPS_01756","n_nodes":1},"geometry":{"type":"Point","coordinates":[121.595781,25.058355]}},{"type":"Feature","id":"TPS_01757","properties":{"id":"TPS_01757","n_nodes":1},"geometry":{"type":"Point","coordinates":[121.611029,25.060919]}},{"type":"Feature","id":"TPS_01758","properties":{"id":"TPS_01758","n_nodes":1},"geometry":{"type":"Point","coordinates":[121.613987,25.056159]}},{"type":"Feature","id":"TPS_01759","properties":{"id":"TPS_01759","n_nodes":1},"geometry":{"type":"Point","coordinates":[121.606702,25.058103]}},{"type":"Feature","id":"TPS_01760","properties":{"id":"TPS_01760","n_nodes":1},"geometry":{"type":"Point","coordinates":[121.593224,25.054449]}},{"type":"Feature","id":"TPS_01761","properties":{"id":"TPS_01761","n_nodes":1},"geometry":{"type":"Point","coordinates":[121.605946,25.055337]}},{"type":"Feature","id":"TPS_01762","properties":{"id":"TPS_01762","n_nodes":1},"geometry":{"type":"Point","coordinates":[121.46904,25.124686]}},{"type":"Feature","id":"TPS_01763","properties":{"id":"TPS_01763","n_nodes":1},"geometry":{"type":"Point","coordinates":[121.464893,25.124399]}},{"type":"Feature","id":"TPS_01764","properties":{"id":"TPS_01764","n_nodes":1},"geometry":{"type":"Point","coordinates":[121.466938,25.123414]}},{"type":"Feature","id":"TPS_01765","properties":{"id":"TPS_01765","n_nodes":1},"geometry":{"type":"Point","coordinates":[121.466912,25.123061]}},{"type":"Feature","id":"TPS_01766","properties":{"id":"TPS_01766","n_nodes":1},"geometry":{"type":"Point","coordinates":[121.467641,25.127852]}},{"type":"Feature","id":"TPS_01767","properties":{"id":"TPS_01767","n_nodes":1},"geometry":{"type":"Point","coordinates":[121.465525,25.126029]}},{"type":"Feature","id":"TPS_01768","properties":{"id":"TPS_01768","n_nodes":1},"geometry":{"type":"Point","coordinates":[121.466683,25.127208]}},{"type":"Feature","id":"TPS_01769","properties":{"id":"TPS_01769","n_nodes":1},"geometry":{"type":"Point","coordinates":[121.46837,25.12819]}},{"type":"Feature","id":"TPS_01770","properties":{"id":"TPS_01770","n_nodes":1},"geometry":{"type":"Point","coordinates":[121.613684,25.066166]}},{"type":"Feature","id":"TPS_01771","properties":{"id":"TPS_01771","n_nodes":1},"geometry":{"type":"Point","coordinates":[121.603808,25.055704]}},{"type":"Feature","id":"TPS_01772","properties":{"id":"TPS_01772","n_nodes":1},"geometry":{"type":"Point","coordinates":[121.601693,25.056156]}},{"type":"Feature","id":"TPS_01773","properties":{"id":"TPS_01773","n_nodes":1},"geometry":{"type":"Point","coordinates":[121.614148,25.058277]}},{"type":"Feature","id":"TPS_01774","properties":{"id":"TPS_01774","n_nodes":1},"geometry":{"type":"Point","coordinates":[121.611975,25.055981]}},{"type":"Feature","id":"TPS_01775","properties":{"id":"TPS_01775","n_nodes":1},"geometry":{"type":"Point","coordinates":[121.610145,25.056407]}},{"type":"Feature","id":"TPS_01776","properties":{"id":"TPS_01776","n_nodes":1},"geometry":{"type":"Point","coordinates":[121.604314,25.057713]}},{"type":"Feature","id":"TPS_01777","properties":{"id":"TPS_01777","n_nodes":1},"geometry":{"type":"Point","coordinates":[121.612454,25.055335]}},{"type":"Feature","id":"TPS_01778","properties":{"id":"TPS_01778","n_nodes":1},"geometry":{"type":"Point","coordinates":[121.610634,25.059508]}},{"type":"Feature","id":"TPS_01779","properties":{"id":"TPS_01779","n_nodes":1},"geometry":{"type":"Point","coordinates":[121.603021,25.055104]}},{"type":"Feature","id":"TPS_01780","properties":{"id":"TPS_01780","n_nodes":1},"geometry":{"type":"Point","coordinates":[121.613189,25.055312]}},{"type":"Feature","id":"TPS_01781","properties":{"id":"TPS_01781","n_nodes":1},"geometry":{"type":"Point","coordinates":[121.521562,25.106189]}},{"type":"Feature","id":"TPS_01782","properties":{"id":"TPS_01782","n_nodes":1},"geometry":{"type":"Point","coordinates":[121.523078,25.10549]}},{"type":"Feature","id":"TPS_01783","properties":{"id":"TPS_01783","n_nodes":1},"geometry":{"type":"Point","coordinates":[121.523368,25.108976]}},{"type":"Feature","id":"TPS_01784","properties":{"id":"TPS_01784","n_nodes":1},"geometry":{"type":"Point","coordinates":[121.520816,25.110684]}},{"type":"Feature","id":"TPS_01785","properties":{"id":"TPS_01785","n_nodes":1},"geometry":{"type":"Point","coordinates":[121.61534,25.061366]}},{"type":"Feature","id":"TPS_01786","properties":{"id":"TPS_01786","n_nodes":1},"geometry":{"type":"Point","coordinates":[121.617266,25.060294]}},{"type":"Feature","id":"TPS_01787","properties":{"id":"TPS_01787","n_nodes":1},"geometry":{"type":"Point","coordinates":[121.587805,25.046522]}},{"type":"Feature","id":"TPS_01788","properties":{"id":"TPS_01788","n_nodes":1},"geometry":{"type":"Point","coordinates":[121.586972,25.046381]}},{"type":"Feature","id":"TPS_01789","properties":{"id":"TPS_01789","n_nodes":1},"geometry":{"type":"Point","coordinates":[121.595943,25.055273]}},{"type":"Feature","id":"TPS_01790","properties":{"id":"TPS_01790","n_nodes":1},"geometry":{"type":"Point","coordinates":[121.606576,25.058962]}},{"type":"Feature","id":"TPS_01791","properties":{"id":"TPS_01791","n_nodes":1},"geometry":{"type":"Point","coordinates":[121.597605,25.054056]}},{"type":"Feature","id":"TPS_01792","properties":{"id":"TPS_01792","n_nodes":1},"geometry":{"type":"Point","coordinates":[121.593498,25.062577]}},{"type":"Feature","id":"TPS_01793","properties":{"id":"TPS_01793","n_nodes":1},"geometry":{"type":"Point","coordinates":[121.594358,25.066945]}},{"type":"Feature","id":"TPS_01794","properties":{"id":"TPS_01794","n_nodes":1},"geometry":{"type":"Point","coordinates":[121.595741,25.062884]}},{"type":"Feature","id":"TPS_01795","properties":{"id":"TPS_01795","n_nodes":1},"geometry":{"type":"Point","coordinates":[121.59492,25.062641]}},{"type":"Feature","id":"TPS_01796","properties":{"id":"TPS_01796","n_nodes":1},"geometry":{"type":"Point","coordinates":[121.593741,25.056448]}},{"type":"Feature","id":"TPS_01797","properties":{"id":"TPS_01797","n_nodes":1},"geometry":{"type":"Point","coordinates":[121.598895,25.053665]}},{"type":"Feature","id":"TPS_01798","properties":{"id":"TPS_01798","n_nodes":1},"geometry":{"type":"Point","coordinates":[121.599692,25.053457]}},{"type":"Feature","id":"TPS_01799","properties":{"id":"TPS_01799","n_nodes":1},"geometry":{"type":"Point","coordinates":[121.603313,25.053751]}},{"type":"Feature","id":"TPS_01800","properties":{"id":"TPS_01800","n_nodes":1},"geometry":{"type":"Point","coordinates":[121.607501,25.05449]}},{"type":"Feature","id":"TPS_01801","properties":{"id":"TPS_01801","n_nodes":1},"geometry":{"type":"Point","coordinates":[121.615263,25.055265]}},{"type":"Feature","id":"TPS_01802","properties":{"id":"TPS_01802","n_nodes":1},"geometry":{"type":"Point","coordinates":[121.60861,25.054687]}},{"type":"Feature","id":"TPS_01803","properties":{"id":"TPS_01803","n_nodes":1},"geometry":{"type":"Point","coordinates":[121.588381,25.053018]}},{"type":"Feature","id":"TPS_01804","properties":{"id":"TPS_01804","n_nodes":1},"geometry":{"type":"Point","coordinates":[121.589798,25.05335]}},{"type":"Feature","id":"TPS_01805","properties":{"id":"TPS_01805","n_nodes":1},"geometry":{"type":"Point","coordinates":[121.592299,25.054203]}},{"type":"Feature","id":"TPS_01806","properties":{"id":"TPS_01806","n_nodes":1},"geometry":{"type":"Point","coordinates":[121.592927,25.055705]}},{"type":"Feature","id":"TPS_01807","properties":{"id":"TPS_01807","n_nodes":1},"geometry":{"type":"Point","coordinates":[121.586844,25.05304]}},{"type":"Feature","id":"TPS_01808","properties":{"id":"TPS_01808","n_nodes":1},"geometry":{"type":"Point","coordinates":[121.584333,25.052302]}},{"type":"Feature","id":"TPS_01809","properties":{"id":"TPS_01809","n_nodes":1},"geometry":{"type":"Point","coordinates":[121.590642,25.052162]}},{"type":"Feature","id":"TPS_01810","properties":{"id":"TPS_01810","n_nodes":1},"geometry":{"type":"Point","coordinates":[121.613228,25.062182]}},{"type":"Feature","id":"TPS_01811","properties":{"id":"TPS_01811","n_nodes":1},"geometry":{"type":"Point","coordinates":[121.599198,25.060674]}},{"type":"Feature","id":"TPS_01812","properties":{"id":"TPS_01812","n_nodes":1},"geometry":{"type":"Point","coordinates":[121.598896,25.062851]}},{"type":"Feature","id":"TPS_01813","properties":{"id":"TPS_01813","n_nodes":1},"geometry":{"type":"Point","coordinates":[121.602732,25.061067]}},{"type":"Feature","id":"TPS_01814","properties":{"id":"TPS_01814","n_nodes":1},"geometry":{"type":"Point","coordinates":[121.609531,25.063364]}},{"type":"Feature","id":"TPS_01815","properties":{"id":"TPS_01815","n_nodes":1},"geometry":{"type":"Point","coordinates":[121.596459,25.062176]}},{"type":"Feature","id":"TPS_01816","properties":{"id":"TPS_01816","n_nodes":1},"geometry":{"type":"Point","coordinates":[121.469306,25.120809]}},{"type":"Feature","id":"TPS_01817","properties":{"id":"TPS_01817","n_nodes":1},"geometry":{"type":"Point","coordinates":[121.485895,25.121892]}},{"type":"Feature","id":"TPS_01818","properties":{"id":"TPS_01818","n_nodes":1},"geometry":{"type":"Point","coordinates":[121.467036,25.120032]}},{"type":"Feature","id":"TPS_01819","properties":{"id":"TPS_01819","n_nodes":1},"geometry":{"type":"Point","coordinates":[121.614273,25.059893]}},{"type":"Feature","id":"TPS_01820","properties":{"id":"TPS_01820","n_nodes":1},"geometry":{"type":"Point","coordinates":[121.609167,25.05884]}},{"type":"Feature","id":"TPS_01821","properties":{"id":"TPS_01821","n_nodes":1},"geometry":{"type":"Point","coordinates":[121.513221,25.043412]}},{"type":"Feature","id":"TPS_01822","properties":{"id":"TPS_01822","n_nodes":1},"geometry":{"type":"Point","coordinates":[121.514196,25.045981]}},{"type":"Feature","id":"TPS_01823","properties":{"id":"TPS_01823","n_nodes":1},"geometry":{"type":"Point","coordinates":[121.515024,25.045978]}},{"type":"Feature","id":"TPS_01824","properties":{"id":"TPS_01824","n_nodes":1},"geometry":{"type":"Point","coordinates":[121.513243,25.045171]}},{"type":"Feature","id":"TPS_01825","properties":{"id":"TPS_01825","n_nodes":1},"geometry":{"type":"Point","coordinates":[121.513964,25.04094]}},{"type":"Feature","id":"TPS_01826","properties":{"id":"TPS_01826","n_nodes":1},"geometry":{"type":"Point","coordinates":[121.606206,25.054269]}},{"type":"Feature","id":"TPS_01827","properties":{"id":"TPS_01827","n_nodes":1},"geometry":{"type":"Point","coordinates":[121.508958,25.043818]}},{"type":"Feature","id":"TPS_01828","properties":{"id":"TPS_01828","n_nodes":1},"geometry":{"type":"Point","coordinates":[121.51141,25.045168]}},{"type":"Feature","id":"TPS_01829","properties":{"id":"TPS_01829","n_nodes":1},"geometry":{"type":"Point","coordinates":[121.514166,25.045167]}},{"type":"Feature","id":"TPS_01830","properties":{"id":"TPS_01830","n_nodes":1},"geometry":{"type":"Point","coordinates":[121.513249,25.045986]}},{"type":"Feature","id":"TPS_01831","properties":{"id":"TPS_01831","n_nodes":1},"geometry":{"type":"Point","coordinates":[121.514126,25.044051]}},{"type":"Feature","id":"TPS_01832","properties":{"id":"TPS_01832","n_nodes":1},"geometry":{"type":"Point","coordinates":[121.515025,25.045162]}},{"type":"Feature","id":"TPS_01833","properties":{"id":"TPS_01833","n_nodes":1},"geometry":{"type":"Point","coordinates":[121.511537,25.044122]}},{"type":"Feature","id":"TPS_01834","properties":{"id":"TPS_01834","n_nodes":1},"geometry":{"type":"Point","coordinates":[121.510184,25.044144]}},{"type":"Feature","id":"TPS_01835","properties":{"id":"TPS_01835","n_nodes":1},"geometry":{"type":"Point","coordinates":[121.511318,25.045993]}},{"type":"Feature","id":"TPS_01836","properties":{"id":"TPS_01836","n_nodes":1},"geometry":{"type":"Point","coordinates":[121.582801,25.057983]}},{"type":"Feature","id":"TPS_01837","properties":{"id":"TPS_01837","n_nodes":1},"geometry":{"type":"Point","coordinates":[121.582219,25.055708]}},{"type":"Feature","id":"TPS_01838","properties":{"id":"TPS_01838","n_nodes":1},"geometry":{"type":"Point","coordinates":[121.59064,25.060197]}},{"type":"Feature","id":"TPS_01839","properties":{"id":"TPS_01839","n_nodes":1},"geometry":{"type":"Point","coordinates":[121.583721,25.056633]}},{"type":"Feature","id":"TPS_01840","properties":{"id":"TPS_01840","n_nodes":1},"geometry":{"type":"Point","coordinates":[121.581652,25.056822]}},{"type":"Feature","id":"TPS_01841","properties":{"id":"TPS_01841","n_nodes":1},"geometry":{"type":"Point","coordinates":[121.588148,25.057469]}},{"type":"Feature","id":"TPS_01842","properties":{"id":"TPS_01842","n_nodes":1},"geometry":{"type":"Point","coordinates":[121.587147,25.057972]}},{"type":"Feature","id":"TPS_01843","properties":{"id":"TPS_01843","n_nodes":1},"geometry":{"type":"Point","coordinates":[121.58552,25.057387]}},{"type":"Feature","id":"TPS_01844","properties":{"id":"TPS_01844","n_nodes":1},"geometry":{"type":"Point","coordinates":[121.584959,25.05587]}},{"type":"Feature","id":"TPS_01845","properties":{"id":"TPS_01845","n_nodes":1},"geometry":{"type":"Point","coordinates":[121.584452,25.056928]}},{"type":"Feature","id":"TPS_01846","properties":{"id":"TPS_01846","n_nodes":1},"geometry":{"type":"Point","coordinates":[121.592513,25.050016]}},{"type":"Feature","id":"TPS_01847","properties":{"id":"TPS_01847","n_nodes":1},"geometry":{"type":"Point","coordinates":[121.498427,25.038494]}},{"type":"Feature","id":"TPS_01848","properties":{"id":"TPS_01848","n_nodes":1},"geometry":{"type":"Point","coordinates":[121.618668,25.069459]}},{"type":"Feature","id":"TPS_01849","properties":{"id":"TPS_01849","n_nodes":1},"geometry":{"type":"Point","coordinates":[121.585913,25.047278]}},{"type":"Feature","id":"TPS_01850","properties":{"id":"TPS_01850","n_nodes":1},"geometry":{"type":"Point","coordinates":[121.583851,25.045089]}},{"type":"Feature","id":"TPS_01851","properties":{"id":"TPS_01851","n_nodes":1},"geometry":{"type":"Point","coordinates":[121.585818,25.046047]}},{"type":"Feature","id":"TPS_01852","properties":{"id":"TPS_01852","n_nodes":1},"geometry":{"type":"Point","coordinates":[121.623026,25.078113]}},{"type":"Feature","id":"TPS_01853","properties":{"id":"TPS_01853","n_nodes":1},"geometry":{"type":"Point","coordinates":[121.619278,25.071881]}},{"type":"Feature","id":"TPS_01854","properties":{"id":"TPS_01854","n_nodes":1},"geometry":{"type":"Point","coordinates":[121.615991,25.070156]}},{"type":"Feature","id":"TPS_01855","properties":{"id":"TPS_01855","n_nodes":1},"geometry":{"type":"Point","coordinates":[121.592799,25.061817]}},{"type":"Feature","id":"TPS_01856","properties":{"id":"TPS_01856","n_nodes":1},"geometry":{"type":"Point","coordinates":[121.559645,25.079752]}},{"type":"Feature","id":"TPS_01857","properties":{"id":"TPS_01857","n_nodes":1},"geometry":{"type":"Point","coordinates":[121.516539,25.055162]}},{"type":"Feature","id":"TPS_01858","properties":{"id":"TPS_01858","n_nodes":1},"geometry":{"type":"Point","coordinates":[121.522087,25.046771]}},{"type":"Feature","id":"TPS_01859","properties":{"id":"TPS_01859","n_nodes":1},"geometry":{"type":"Point","coordinates":[121.513379,25.048274]}},{"type":"Feature","id":"TPS_01860","properties":{"id":"TPS_01860","n_nodes":1},"geometry":{"type":"Point","coordinates":[121.465981,25.129786]}},{"type":"Feature","id":"TPS_01861","properties":{"id":"TPS_01861","n_nodes":1},"geometry":{"type":"Point","coordinates":[121.498475,25.131524]}},{"type":"Feature","id":"TPS_01862","properties":{"id":"TPS_01862","n_nodes":1},"geometry":{"type":"Point","coordinates":[121.467227,25.132976]}},{"type":"Feature","id":"TPS_01863","properties":{"id":"TPS_01863","n_nodes":1},"geometry":{"type":"Point","coordinates":[121.470962,25.129423]}},{"type":"Feature","id":"TPS_01864","properties":{"id":"TPS_01864","n_nodes":1},"geometry":{"type":"Point","coordinates":[121.472725,25.130859]}},{"type":"Feature","id":"TPS_01865","properties":{"id":"TPS_01865","n_nodes":1},"geometry":{"type":"Point","coordinates":[121.474874,25.132551]}},{"type":"Feature","id":"TPS_01866","properties":{"id":"TPS_01866","n_nodes":1},"geometry":{"type":"Point","coordinates":[121.469812,25.128793]}},{"type":"Feature","id":"TPS_01867","properties":{"id":"TPS_01867","n_nodes":1},"geometry":{"type":"Point","coordinates":[121.477413,25.134611]}},{"type":"Feature","id":"TPS_01868","properties":{"id":"TPS_01868","n_nodes":1},"geometry":{"type":"Point","coordinates":[121.599482,25.072971]}},{"type":"Feature","id":"TPS_01869","properties":{"id":"TPS_01869","n_nodes":1},"geometry":{"type":"Point","coordinates":[121.601462,25.073266]}},{"type":"Feature","id":"TPS_01870","properties":{"id":"TPS_01870","n_nodes":1},"geometry":{"type":"Point","coordinates":[121.548801,25.110664]}},{"type":"Feature","id":"TPS_01871","properties":{"id":"TPS_01871","n_nodes":1},"geometry":{"type":"Point","coordinates":[121.522014,25.11312]}},{"type":"Feature","id":"TPS_01872","properties":{"id":"TPS_01872","n_nodes":1},"geometry":{"type":"Point","coordinates":[121.52154,25.11195]}},{"type":"Feature","id":"TPS_01873","properties":{"id":"TPS_01873","n_nodes":1},"geometry":{"type":"Point","coordinates":[121.516054,25.114195]}},{"type":"Feature","id":"TPS_01874","properties":{"id":"TPS_01874","n_nodes":1},"geometry":{"type":"Point","coordinates":[121.516766,25.11316]}},{"type":"Feature","id":"TPS_01875","properties":{"id":"TPS_01875","n_nodes":1},"geometry":{"type":"Point","coordinates":[121.517652,25.1153]}},{"type":"Feature","id":"TPS_01876","properties":{"id":"TPS_01876","n_nodes":1},"geometry":{"type":"Point","coordinates":[121.518855,25.118824]}},{"type":"Feature","id":"TPS_01877","properties":{"id":"TPS_01877","n_nodes":1},"geometry":{"type":"Point","coordinates":[121.513241,25.118988]}},{"type":"Feature","id":"TPS_01878","properties":{"id":"TPS_01878","n_nodes":1},"geometry":{"type":"Point","coordinates":[121.512218,25.114038]}},{"type":"Feature","id":"TPS_01879","properties":{"id":"TPS_01879","n_nodes":1},"geometry":{"type":"Point","coordinates":[121.52617,25.116972]}},{"type":"Feature","id":"TPS_01880","properties":{"id":"TPS_01880","n_nodes":1},"geometry":{"type":"Point","coordinates":[121.528224,25.128882]}},{"type":"Feature","id":"TPS_01881","properties":{"id":"TPS_01881","n_nodes":1},"geometry":{"type":"Point","coordinates":[121.526736,25.143957]}},{"type":"Feature","id":"TPS_01882","properties":{"id":"TPS_01882","n_nodes":1},"geometry":{"type":"Point","coordinates":[121.528045,25.130585]}},{"type":"Feature","id":"TPS_01883","properties":{"id":"TPS_01883","n_nodes":1},"geometry":{"type":"Point","coordinates":[121.524877,25.044376]}},{"type":"Feature","id":"TPS_01884","properties":{"id":"TPS_01884","n_nodes":1},"geometry":{"type":"Point","coordinates":[121.525164,25.085924]}},{"type":"Feature","id":"TPS_01885","properties":{"id":"TPS_01885","n_nodes":1},"geometry":{"type":"Point","coordinates":[121.550328,25.082737]}},{"type":"Feature","id":"TPS_01886","properties":{"id":"TPS_01886","n_nodes":1},"geometry":{"type":"Point","coordinates":[121.546355,25.082918]}},{"type":"Feature","id":"TPS_01887","properties":{"id":"TPS_01887","n_nodes":1},"geometry":{"type":"Point","coordinates":[121.544367,25.084486]}},{"type":"Feature","id":"TPS_01888","properties":{"id":"TPS_01888","n_nodes":1},"geometry":{"type":"Point","coordinates":[121.55113,25.080012]}},{"type":"Feature","id":"TPS_01889","properties":{"id":"TPS_01889","n_nodes":1},"geometry":{"type":"Point","coordinates":[121.550272,25.080035]}},{"type":"Feature","id":"TPS_01890","properties":{"id":"TPS_01890","n_nodes":1},"geometry":{"type":"Point","coordinates":[121.549322,25.080036]}},{"type":"Feature","id":"TPS_01891","properties":{"id":"TPS_01891","n_nodes":1},"geometry":{"type":"Point","coordinates":[121.548602,25.080199]}},{"type":"Feature","id":"TPS_01892","properties":{"id":"TPS_01892","n_nodes":1},"geometry":{"type":"Point","coordinates":[121.546257,25.07905]}},{"type":"Feature","id":"TPS_01893","properties":{"id":"TPS_01893","n_nodes":1},"geometry":{"type":"Point","coordinates":[121.544558,25.077508]}},{"type":"Feature","id":"TPS_01894","properties":{"id":"TPS_01894","n_nodes":1},"geometry":{"type":"Point","coordinates":[121.549648,25.078649]}},{"type":"Feature","id":"TPS_01895","properties":{"id":"TPS_01895","n_nodes":1},"geometry":{"type":"Point","coordinates":[121.547692,25.078661]}},{"type":"Feature","id":"TPS_01896","properties":{"id":"TPS_01896","n_nodes":1},"geometry":{"type":"Point","coordinates":[121.545758,25.078025]}},{"type":"Feature","id":"TPS_01897","properties":{"id":"TPS_01897","n_nodes":1},"geometry":{"type":"Point","coordinates":[121.501154,25.130654]}},{"type":"Feature","id":"TPS_01898","properties":{"id":"TPS_01898","n_nodes":1},"geometry":{"type":"Point","coordinates":[121.523384,25.099664]}},{"type":"Feature","id":"TPS_01899","properties":{"id":"TPS_01899","n_nodes":1},"geometry":{"type":"Point","coordinates":[121.532383,25.098371]}},{"type":"Feature","id":"TPS_01900","properties":{"id":"TPS_01900","n_nodes":1},"geometry":{"type":"Point","coordinates":[121.530357,25.099085]}},{"type":"Feature","id":"TPS_01901","properties":{"id":"TPS_01901","n_nodes":1},"geometry":{"type":"Point","coordinates":[121.531228,25.09849]}},{"type":"Feature","id":"TPS_01902","properties":{"id":"TPS_01902","n_nodes":1},"geometry":{"type":"Point","coordinates":[121.554404,25.082666]}},{"type":"Feature","id":"TPS_01903","properties":{"id":"TPS_01903","n_nodes":1},"geometry":{"type":"Point","coordinates":[121.554407,25.083964]}},{"type":"Feature","id":"TPS_01904","properties":{"id":"TPS_01904","n_nodes":1},"geometry":{"type":"Point","coordinates":[121.552308,25.082695]}},{"type":"Feature","id":"TPS_01905","properties":{"id":"TPS_01905","n_nodes":1},"geometry":{"type":"Point","coordinates":[121.558561,25.083912]}},{"type":"Feature","id":"TPS_01906","properties":{"id":"TPS_01906","n_nodes":1},"geometry":{"type":"Point","coordinates":[121.561162,25.081593]}},{"type":"Feature","id":"TPS_01907","properties":{"id":"TPS_01907","n_nodes":1},"geometry":{"type":"Point","coordinates":[121.558537,25.082634]}},{"type":"Feature","id":"TPS_01908","properties":{"id":"TPS_01908","n_nodes":1},"geometry":{"type":"Point","coordinates":[121.503559,25.043316]}},{"type":"Feature","id":"TPS_01909","properties":{"id":"TPS_01909","n_nodes":1},"geometry":{"type":"Point","coordinates":[121.505941,25.042748]}},{"type":"Feature","id":"TPS_01910","properties":{"id":"TPS_01910","n_nodes":1},"geometry":{"type":"Point","coordinates":[121.504824,25.04302]}},{"type":"Feature","id":"TPS_01911","properties":{"id":"TPS_01911","n_nodes":1},"geometry":{"type":"Point","coordinates":[121.538086,24.999065]}},{"type":"Feature","id":"TPS_01912","properties":{"id":"TPS_01912","n_nodes":1},"geometry":{"type":"Point","coordinates":[121.542826,24.996025]}},{"type":"Feature","id":"TPS_01913","properties":{"id":"TPS_01913","n_nodes":1},"geometry":{"type":"Point","coordinates":[121.557193,24.980827]}},{"type":"Feature","id":"TPS_01914","properties":{"id":"TPS_01914","n_nodes":1},"geometry":{"type":"Point","coordinates":[121.559128,24.981328]}},{"type":"Feature","id":"TPS_01915","properties":{"id":"TPS_01915","n_nodes":1},"geometry":{"type":"Point","coordinates":[121.53537,25.000051]}},{"type":"Feature","id":"TPS_01916","properties":{"id":"TPS_01916","n_nodes":1},"geometry":{"type":"Point","coordinates":[121.55381,24.985528]}},{"type":"Feature","id":"TPS_01917","properties":{"id":"TPS_01917","n_nodes":1},"geometry":{"type":"Point","coordinates":[121.564224,24.982509]}},{"type":"Feature","id":"TPS_01918","properties":{"id":"TPS_01918","n_nodes":1},"geometry":{"type":"Point","coordinates":[121.55705,24.983589]}},{"type":"Feature","id":"TPS_01919","properties":{"id":"TPS_01919","n_nodes":1},"geometry":{"type":"Point","coordinates":[121.514766,25.059505]}},{"type":"Feature","id":"TPS_01920","properties":{"id":"TPS_01920","n_nodes":1},"geometry":{"type":"Point","coordinates":[121.520661,25.060344]}},{"type":"Feature","id":"TPS_01921","properties":{"id":"TPS_01921","n_nodes":1},"geometry":{"type":"Point","coordinates":[121.515898,25.059808]}},{"type":"Feature","id":"TPS_01922","properties":{"id":"TPS_01922","n_nodes":1},"geometry":{"type":"Point","coordinates":[121.512839,25.059158]}},{"type":"Feature","id":"TPS_01923","properties":{"id":"TPS_01923","n_nodes":1},"geometry":{"type":"Point","coordinates":[121.510546,25.058255]}},{"type":"Feature","id":"TPS_01924","properties":{"id":"TPS_01924","n_nodes":1},"geometry":{"type":"Point","coordinates":[121.511455,25.058998]}},{"type":"Feature","id":"TPS_01925","properties":{"id":"TPS_01925","n_nodes":1},"geometry":{"type":"Point","coordinates":[121.511104,25.064641]}},{"type":"Feature","id":"TPS_01926","properties":{"id":"TPS_01926","n_nodes":1},"geometry":{"type":"Point","coordinates":[121.528965,25.112116]}},{"type":"Feature","id":"TPS_01927","properties":{"id":"TPS_01927","n_nodes":1},"geometry":{"type":"Point","coordinates":[121.514698,25.11066]}},{"type":"Feature","id":"TPS_01928","properties":{"id":"TPS_01928","n_nodes":1},"geometry":{"type":"Point","coordinates":[121.52536,25.092189]}},{"type":"Feature","id":"TPS_01929","properties":{"id":"TPS_01929","n_nodes":1},"geometry":{"type":"Point","coordinates":[121.509089,25.040363]}},{"type":"Feature","id":"TPS_01930","properties":{"id":"TPS_01930","n_nodes":1},"geometry":{"type":"Point","coordinates":[121.528458,25.107729]}},{"type":"Feature","id":"TPS_01931","properties":{"id":"TPS_01931","n_nodes":1},"geometry":{"type":"Point","coordinates":[121.515027,25.045514]}},{"type":"Feature","id":"TPS_01932","properties":{"id":"TPS_01932","n_nodes":1},"geometry":{"type":"Point","coordinates":[121.521537,25.091351]}},{"type":"Feature","id":"TPS_01933","properties":{"id":"TPS_01933","n_nodes":1},"geometry":{"type":"Point","coordinates":[121.541214,24.990804]}},{"type":"Feature","id":"TPS_01934","properties":{"id":"TPS_01934","n_nodes":1},"geometry":{"type":"Point","coordinates":[121.543442,24.991042]}},{"type":"Feature","id":"TPS_01935","properties":{"id":"TPS_01935","n_nodes":1},"geometry":{"type":"Point","coordinates":[121.55997,24.981529]}},{"type":"Feature","id":"TPS_01936","properties":{"id":"TPS_01936","n_nodes":1},"geometry":{"type":"Point","coordinates":[121.566713,24.983273]}},{"type":"Feature","id":"TPS_01937","properties":{"id":"TPS_01937","n_nodes":1},"geometry":{"type":"Point","coordinates":[121.498515,25.129976]}},{"type":"Feature","id":"TPS_01938","properties":{"id":"TPS_01938","n_nodes":1},"geometry":{"type":"Point","coordinates":[121.564622,24.988489]}},{"type":"Feature","id":"TPS_01939","properties":{"id":"TPS_01939","n_nodes":1},"geometry":{"type":"Point","coordinates":[121.542168,24.988301]}},{"type":"Feature","id":"TPS_01940","properties":{"id":"TPS_01940","n_nodes":1},"geometry":{"type":"Point","coordinates":[121.540865,24.988408]}},{"type":"Feature","id":"TPS_01941","properties":{"id":"TPS_01941","n_nodes":1},"geometry":{"type":"Point","coordinates":[121.595024,25.079956]}},{"type":"Feature","id":"TPS_01942","properties":{"id":"TPS_01942","n_nodes":1},"geometry":{"type":"Point","coordinates":[121.503175,25.04558]}},{"type":"Feature","id":"TPS_01943","properties":{"id":"TPS_01943","n_nodes":1},"geometry":{"type":"Point","coordinates":[121.501465,25.036609]}},{"type":"Feature","id":"TPS_01944","properties":{"id":"TPS_01944","n_nodes":1},"geometry":{"type":"Point","coordinates":[121.58644,25.045038]}},{"type":"Feature","id":"TPS_01945","properties":{"id":"TPS_01945","n_nodes":1},"geometry":{"type":"Point","coordinates":[121.587905,25.045934]}},{"type":"Feature","id":"TPS_01946","properties":{"id":"TPS_01946","n_nodes":1},"geometry":{"type":"Point","coordinates":[121.587491,25.045046]}},{"type":"Feature","id":"TPS_01947","properties":{"id":"TPS_01947","n_nodes":1},"geometry":{"type":"Point","coordinates":[121.586748,25.044218]}},{"type":"Feature","id":"TPS_01948","properties":{"id":"TPS_01948","n_nodes":1},"geometry":{"type":"Point","coordinates":[121.523675,25.039443]}},{"type":"Feature","id":"TPS_01949","properties":{"id":"TPS_01949","n_nodes":1},"geometry":{"type":"Point","coordinates":[121.525779,25.040191]}},{"type":"Feature","id":"TPS_01950","properties":{"id":"TPS_01950","n_nodes":1},"geometry":{"type":"Point","coordinates":[121.517162,25.039157]}},{"type":"Feature","id":"TPS_01951","properties":{"id":"TPS_01951","n_nodes":1},"geometry":{"type":"Point","coordinates":[121.499244,25.138645]}},{"type":"Feature","id":"TPS_01952","properties":{"id":"TPS_01952","n_nodes":1},"geometry":{"type":"Point","coordinates":[121.501013,25.139756]}},{"type":"Feature","id":"TPS_01953","properties":{"id":"TPS_01953","n_nodes":1},"geometry":{"type":"Point","coordinates":[121.499463,25.141254]}},{"type":"Feature","id":"TPS_01954","properties":{"id":"TPS_01954","n_nodes":1},"geometry":{"type":"Point","coordinates":[121.528496,25.132735]}},{"type":"Feature","id":"TPS_01955","properties":{"id":"TPS_01955","n_nodes":1},"geometry":{"type":"Point","coordinates":[121.529257,25.121218]}},{"type":"Feature","id":"TPS_01956","properties":{"id":"TPS_01956","n_nodes":1},"geometry":{"type":"Point","coordinates":[121.529375,25.122202]}},{"type":"Feature","id":"TPS_01957","properties":{"id":"TPS_01957","n_nodes":1},"geometry":{"type":"Point","coordinates":[121.546438,25.138983]}},{"type":"Feature","id":"TPS_01958","properties":{"id":"TPS_01958","n_nodes":1},"geometry":{"type":"Point","coordinates":[121.526445,25.119939]}},{"type":"Feature","id":"TPS_01959","properties":{"id":"TPS_01959","n_nodes":1},"geometry":{"type":"Point","coordinates":[121.531325,25.123068]}},{"type":"Feature","id":"TPS_01960","properties":{"id":"TPS_01960","n_nodes":1},"geometry":{"type":"Point","coordinates":[121.545998,25.136903]}},{"type":"Feature","id":"TPS_01961","properties":{"id":"TPS_01961","n_nodes":1},"geometry":{"type":"Point","coordinates":[121.517462,25.114479]}},{"type":"Feature","id":"TPS_01962","properties":{"id":"TPS_01962","n_nodes":1},"geometry":{"type":"Point","coordinates":[121.519824,25.114204]}},{"type":"Feature","id":"TPS_01963","properties":{"id":"TPS_01963","n_nodes":1},"geometry":{"type":"Point","coordinates":[121.522144,25.113654]}},{"type":"Feature","id":"TPS_01964","properties":{"id":"TPS_01964","n_nodes":1},"geometry":{"type":"Point","coordinates":[121.532297,25.126834]}},{"type":"Feature","id":"TPS_01965","properties":{"id":"TPS_01965","n_nodes":1},"geometry":{"type":"Point","coordinates":[121.531219,25.120759]}},{"type":"Feature","id":"TPS_01966","properties":{"id":"TPS_01966","n_nodes":1},"geometry":{"type":"Point","coordinates":[121.551674,25.122708]}},{"type":"Feature","id":"TPS_01967","properties":{"id":"TPS_01967","n_nodes":1},"geometry":{"type":"Point","coordinates":[121.549796,25.125597]}},{"type":"Feature","id":"TPS_01968","properties":{"id":"TPS_01968","n_nodes":1},"geometry":{"type":"Point","coordinates":[121.53758,25.110317]}},{"type":"Feature","id":"TPS_01969","properties":{"id":"TPS_01969","n_nodes":1},"geometry":{"type":"Point","coordinates":[121.552977,25.119328]}},{"type":"Feature","id":"TPS_01970","properties":{"id":"TPS_01970","n_nodes":1},"geometry":{"type":"Point","coordinates":[121.528052,25.120914]}},{"type":"Feature","id":"TPS_01971","properties":{"id":"TPS_01971","n_nodes":1},"geometry":{"type":"Point","coordinates":[121.535899,25.110037]}},{"type":"Feature","id":"TPS_01972","properties":{"id":"TPS_01972","n_nodes":1},"geometry":{"type":"Point","coordinates":[121.532699,25.109229]}},{"type":"Feature","id":"TPS_01973","properties":{"id":"TPS_01973","n_nodes":1},"geometry":{"type":"Point","coordinates":[121.549606,25.149767]}},{"type":"Feature","id":"TPS_01974","properties":{"id":"TPS_01974","n_nodes":1},"geometry":{"type":"Point","coordinates":[121.563267,25.032897]}},{"type":"Feature","id":"TPS_01975","properties":{"id":"TPS_01975","n_nodes":1},"geometry":{"type":"Point","coordinates":[121.524023,25.097315]}},{"type":"Feature","id":"TPS_01976","properties":{"id":"TPS_01976","n_nodes":1},"geometry":{"type":"Point","coordinates":[121.557119,25.109875]}},{"type":"Feature","id":"TPS_01977","properties":{"id":"TPS_01977","n_nodes":1},"geometry":{"type":"Point","coordinates":[121.537843,25.09812]}},{"type":"Feature","id":"TPS_01978","properties":{"id":"TPS_01978","n_nodes":1},"geometry":{"type":"Point","coordinates":[121.519435,25.094039]}},{"type":"Feature","id":"TPS_01979","properties":{"id":"TPS_01979","n_nodes":1},"geometry":{"type":"Point","coordinates":[121.521194,25.096115]}},{"type":"Feature","id":"TPS_01980","properties":{"id":"TPS_01980","n_nodes":1},"geometry":{"type":"Point","coordinates":[121.531156,25.104624]}},{"type":"Feature","id":"TPS_01981","properties":{"id":"TPS_01981","n_nodes":1},"geometry":{"type":"Point","coordinates":[121.52964,25.098841]}},{"type":"Feature","id":"TPS_01982","properties":{"id":"TPS_01982","n_nodes":1},"geometry":{"type":"Point","coordinates":[121.537339,25.100563]}},{"type":"Feature","id":"TPS_01983","properties":{"id":"TPS_01983","n_nodes":1},"geometry":{"type":"Point","coordinates":[121.516698,25.094827]}},{"type":"Feature","id":"TPS_01984","properties":{"id":"TPS_01984","n_nodes":1},"geometry":{"type":"Point","coordinates":[121.518434,25.095134]}},{"type":"Feature","id":"TPS_01985","properties":{"id":"TPS_01985","n_nodes":1},"geometry":{"type":"Point","coordinates":[121.522601,25.100734]}},{"type":"Feature","id":"TPS_01986","properties":{"id":"TPS_01986","n_nodes":1},"geometry":{"type":"Point","coordinates":[121.53126,25.105772]}},{"type":"Feature","id":"TPS_01987","properties":{"id":"TPS_01987","n_nodes":1},"geometry":{"type":"Point","coordinates":[121.500177,25.120923]}},{"type":"Feature","id":"TPS_01988","properties":{"id":"TPS_01988","n_nodes":1},"geometry":{"type":"Point","coordinates":[121.501202,25.12838]}},{"type":"Feature","id":"TPS_01989","properties":{"id":"TPS_01989","n_nodes":1},"geometry":{"type":"Point","coordinates":[121.545518,25.107468]}},{"type":"Feature","id":"TPS_01990","properties":{"id":"TPS_01990","n_nodes":1},"geometry":{"type":"Point","coordinates":[121.51422,25.029557]}},{"type":"Feature","id":"TPS_01991","properties":{"id":"TPS_01991","n_nodes":1},"geometry":{"type":"Point","coordinates":[121.501387,25.036089]}},{"type":"Feature","id":"TPS_01992","properties":{"id":"TPS_01992","n_nodes":1},"geometry":{"type":"Point","coordinates":[121.504192,25.03335]}},{"type":"Feature","id":"TPS_01993","properties":{"id":"TPS_01993","n_nodes":1},"geometry":{"type":"Point","coordinates":[121.58665,25.076495]}},{"type":"Feature","id":"TPS_01994","properties":{"id":"TPS_01994","n_nodes":1},"geometry":{"type":"Point","coordinates":[121.588128,25.077018]}},{"type":"Feature","id":"TPS_01995","properties":{"id":"TPS_01995","n_nodes":1},"geometry":{"type":"Point","coordinates":[121.581115,25.069696]}},{"type":"Feature","id":"TPS_01996","properties":{"id":"TPS_01996","n_nodes":1},"geometry":{"type":"Point","coordinates":[121.582666,25.068342]}},{"type":"Feature","id":"TPS_01997","properties":{"id":"TPS_01997","n_nodes":1},"geometry":{"type":"Point","coordinates":[121.580358,25.0704]}},{"type":"Feature","id":"TPS_01998","properties":{"id":"TPS_01998","n_nodes":1},"geometry":{"type":"Point","coordinates":[121.590325,25.082023]}},{"type":"Feature","id":"TPS_01999","properties":{"id":"TPS_01999","n_nodes":1},"geometry":{"type":"Point","coordinates":[121.582286,25.070753]}},{"type":"Feature","id":"TPS_02000","properties":{"id":"TPS_02000","n_nodes":1},"geometry":{"type":"Point","coordinates":[121.567112,25.079066]}},{"type":"Feature","id":"TPS_02001","properties":{"id":"TPS_02001","n_nodes":1},"geometry":{"type":"Point","coordinates":[121.564779,25.079991]}},{"type":"Feature","id":"TPS_02002","properties":{"id":"TPS_02002","n_nodes":1},"geometry":{"type":"Point","coordinates":[121.578054,25.074399]}},{"type":"Feature","id":"TPS_02003","properties":{"id":"TPS_02003","n_nodes":1},"geometry":{"type":"Point","coordinates":[121.563506,25.077932]}},{"type":"Feature","id":"TPS_02004","properties":{"id":"TPS_02004","n_nodes":1},"geometry":{"type":"Point","coordinates":[121.560209,25.084667]}},{"type":"Feature","id":"TPS_02005","properties":{"id":"TPS_02005","n_nodes":1},"geometry":{"type":"Point","coordinates":[121.589631,25.079594]}},{"type":"Feature","id":"TPS_02006","properties":{"id":"TPS_02006","n_nodes":1},"geometry":{"type":"Point","coordinates":[121.551534,25.077771]}},{"type":"Feature","id":"TPS_02007","properties":{"id":"TPS_02007","n_nodes":1},"geometry":{"type":"Point","coordinates":[121.589588,25.078941]}},{"type":"Feature","id":"TPS_02008","properties":{"id":"TPS_02008","n_nodes":1},"geometry":{"type":"Point","coordinates":[121.589031,25.079017]}},{"type":"Feature","id":"TPS_02009","properties":{"id":"TPS_02009","n_nodes":1},"geometry":{"type":"Point","coordinates":[121.576308,25.058772]}},{"type":"Feature","id":"TPS_02010","properties":{"id":"TPS_02010","n_nodes":1},"geometry":{"type":"Point","coordinates":[121.574053,25.065245]}},{"type":"Feature","id":"TPS_02011","properties":{"id":"TPS_02011","n_nodes":1},"geometry":{"type":"Point","coordinates":[121.581764,25.061827]}},{"type":"Feature","id":"TPS_02012","properties":{"id":"TPS_02012","n_nodes":1},"geometry":{"type":"Point","coordinates":[121.581471,25.049094]}},{"type":"Feature","id":"TPS_02013","properties":{"id":"TPS_02013","n_nodes":1},"geometry":{"type":"Point","coordinates":[121.581641,25.049485]}},{"type":"Feature","id":"TPS_02014","properties":{"id":"TPS_02014","n_nodes":1},"geometry":{"type":"Point","coordinates":[121.60884,25.053556]}},{"type":"Feature","id":"TPS_02015","properties":{"id":"TPS_02015","n_nodes":1},"geometry":{"type":"Point","coordinates":[121.522657,25.042421]}},{"type":"Feature","id":"TPS_02016","properties":{"id":"TPS_02016","n_nodes":1},"geometry":{"type":"Point","coordinates":[121.523,25.043627]}},{"type":"Feature","id":"TPS_02017","properties":{"id":"TPS_02017","n_nodes":1},"geometry":{"type":"Point","coordinates":[121.522252,25.041016]}},{"type":"Feature","id":"TPS_02018","properties":{"id":"TPS_02018","n_nodes":1},"geometry":{"type":"Point","coordinates":[121.612221,25.054087]}},{"type":"Feature","id":"TPS_02019","properties":{"id":"TPS_02019","n_nodes":1},"geometry":{"type":"Point","coordinates":[121.602616,25.053627]}},{"type":"Feature","id":"TPS_02020","properties":{"id":"TPS_02020","n_nodes":1},"geometry":{"type":"Point","coordinates":[121.490058,25.030622]}},{"type":"Feature","id":"TPS_02021","properties":{"id":"TPS_02021","n_nodes":1},"geometry":{"type":"Point","coordinates":[121.504431,25.047195]}},{"type":"Feature","id":"TPS_02022","properties":{"id":"TPS_02022","n_nodes":1},"geometry":{"type":"Point","coordinates":[121.50357,25.046473]}},{"type":"Feature","id":"TPS_02023","properties":{"id":"TPS_02023","n_nodes":1},"geometry":{"type":"Point","coordinates":[121.59087,25.065163]}},{"type":"Feature","id":"TPS_02024","properties":{"id":"TPS_02024","n_nodes":1},"geometry":{"type":"Point","coordinates":[121.591006,25.064653]}},{"type":"Feature","id":"TPS_02025","properties":{"id":"TPS_02025","n_nodes":1},"geometry":{"type":"Point","coordinates":[121.590904,25.064253]}},{"type":"Feature","id":"TPS_02026","properties":{"id":"TPS_02026","n_nodes":1},"geometry":{"type":"Point","coordinates":[121.589765,25.06201]}},{"type":"Feature","id":"TPS_02027","properties":{"id":"TPS_02027","n_nodes":1},"geometry":{"type":"Point","coordinates":[121.56557,25.086385]}},{"type":"Feature","id":"TPS_02028","properties":{"id":"TPS_02028","n_nodes":1},"geometry":{"type":"Point","coordinates":[121.580856,25.084701]}},{"type":"Feature","id":"TPS_02029","properties":{"id":"TPS_02029","n_nodes":1},"geometry":{"type":"Point","coordinates":[121.582769,25.079808]}},{"type":"Feature","id":"TPS_02030","properties":{"id":"TPS_02030","n_nodes":1},"geometry":{"type":"Point","coordinates":[121.591623,25.085276]}},{"type":"Feature","id":"TPS_02031","properties":{"id":"TPS_02031","n_nodes":1},"geometry":{"type":"Point","coordinates":[121.565036,25.080805]}},{"type":"Feature","id":"TPS_02032","properties":{"id":"TPS_02032","n_nodes":1},"geometry":{"type":"Point","coordinates":[121.514281,25.118866]}},{"type":"Feature","id":"TPS_02033","properties":{"id":"TPS_02033","n_nodes":1},"geometry":{"type":"Point","coordinates":[121.522289,25.117637]}},{"type":"Feature","id":"TPS_02034","properties":{"id":"TPS_02034","n_nodes":1},"geometry":{"type":"Point","coordinates":[121.520075,25.115511]}},{"type":"Feature","id":"TPS_02035","properties":{"id":"TPS_02035","n_nodes":1},"geometry":{"type":"Point","coordinates":[121.525941,25.123817]}},{"type":"Feature","id":"TPS_02036","properties":{"id":"TPS_02036","n_nodes":1},"geometry":{"type":"Point","coordinates":[121.522544,25.11952]}},{"type":"Feature","id":"TPS_02037","properties":{"id":"TPS_02037","n_nodes":1},"geometry":{"type":"Point","coordinates":[121.522825,25.120849]}},{"type":"Feature","id":"TPS_02038","properties":{"id":"TPS_02038","n_nodes":1},"geometry":{"type":"Point","coordinates":[121.523802,25.121981]}},{"type":"Feature","id":"TPS_02039","properties":{"id":"TPS_02039","n_nodes":1},"geometry":{"type":"Point","coordinates":[121.572795,25.085706]}},{"type":"Feature","id":"TPS_02040","properties":{"id":"TPS_02040","n_nodes":1},"geometry":{"type":"Point","coordinates":[121.57319,25.080915]}},{"type":"Feature","id":"TPS_02041","properties":{"id":"TPS_02041","n_nodes":1},"geometry":{"type":"Point","coordinates":[121.574486,25.080458]}},{"type":"Feature","id":"TPS_02042","properties":{"id":"TPS_02042","n_nodes":1},"geometry":{"type":"Point","coordinates":[121.575816,25.079932]}},{"type":"Feature","id":"TPS_02043","properties":{"id":"TPS_02043","n_nodes":1},"geometry":{"type":"Point","coordinates":[121.593715,25.079418]}},{"type":"Feature","id":"TPS_02044","properties":{"id":"TPS_02044","n_nodes":1},"geometry":{"type":"Point","coordinates":[121.503673,25.130933]}},{"type":"Feature","id":"TPS_02045","properties":{"id":"TPS_02045","n_nodes":1},"geometry":{"type":"Point","coordinates":[121.501514,25.133178]}},{"type":"Feature","id":"TPS_02046","properties":{"id":"TPS_02046","n_nodes":1},"geometry":{"type":"Point","coordinates":[121.490296,25.142009]}},{"type":"Feature","id":"TPS_02047","properties":{"id":"TPS_02047","n_nodes":1},"geometry":{"type":"Point","coordinates":[121.490052,25.142421]}},{"type":"Feature","id":"TPS_02048","properties":{"id":"TPS_02048","n_nodes":1},"geometry":{"type":"Point","coordinates":[121.489114,25.142673]}},{"type":"Feature","id":"TPS_02049","properties":{"id":"TPS_02049","n_nodes":1},"geometry":{"type":"Point","coordinates":[121.520986,25.042815]}},{"type":"Feature","id":"TPS_02050","properties":{"id":"TPS_02050","n_nodes":1},"geometry":{"type":"Point","coordinates":[121.553307,25.079244]}},{"type":"Feature","id":"TPS_02051","properties":{"id":"TPS_02051","n_nodes":1},"geometry":{"type":"Point","coordinates":[121.503088,25.123887]}},{"type":"Feature","id":"TPS_02052","properties":{"id":"TPS_02052","n_nodes":1},"geometry":{"type":"Point","coordinates":[121.507985,25.126481]}},{"type":"Feature","id":"TPS_02053","properties":{"id":"TPS_02053","n_nodes":1},"geometry":{"type":"Point","coordinates":[121.528453,25.023299]}},{"type":"Feature","id":"TPS_02054","properties":{"id":"TPS_02054","n_nodes":1},"geometry":{"type":"Point","coordinates":[121.592676,25.067442]}},{"type":"Feature","id":"TPS_02055","properties":{"id":"TPS_02055","n_nodes":1},"geometry":{"type":"Point","coordinates":[121.595671,25.066531]}},{"type":"Feature","id":"TPS_02056","properties":{"id":"TPS_02056","n_nodes":1},"geometry":{"type":"Point","coordinates":[121.592554,25.065432]}},{"type":"Feature","id":"TPS_02057","properties":{"id":"TPS_02057","n_nodes":1},"geometry":{"type":"Point","coordinates":[121.592001,25.06887]}},{"type":"Feature","id":"TPS_02058","properties":{"id":"TPS_02058","n_nodes":1},"geometry":{"type":"Point","coordinates":[121.589165,25.067612]}},{"type":"Feature","id":"TPS_02059","properties":{"id":"TPS_02059","n_nodes":1},"geometry":{"type":"Point","coordinates":[121.543746,24.991634]}},{"type":"Feature","id":"TPS_02060","properties":{"id":"TPS_02060","n_nodes":1},"geometry":{"type":"Point","coordinates":[121.543183,24.990587]}},{"type":"Feature","id":"TPS_02061","properties":{"id":"TPS_02061","n_nodes":1},"geometry":{"type":"Point","coordinates":[121.5087,25.053414]}},{"type":"Feature","id":"TPS_02062","properties":{"id":"TPS_02062","n_nodes":1},"geometry":{"type":"Point","coordinates":[121.51033,25.053255]}},{"type":"Feature","id":"TPS_02063","properties":{"id":"TPS_02063","n_nodes":1},"geometry":{"type":"Point","coordinates":[121.598818,25.069406]}},{"type":"Feature","id":"TPS_02064","properties":{"id":"TPS_02064","n_nodes":1},"geometry":{"type":"Point","coordinates":[121.598366,25.0688]}},{"type":"Feature","id":"TPS_02065","properties":{"id":"TPS_02065","n_nodes":1},"geometry":{"type":"Point","coordinates":[121.538014,25.040137]}},{"type":"Feature","id":"TPS_02066","properties":{"id":"TPS_02066","n_nodes":1},"geometry":{"type":"Point","coordinates":[121.521929,25.039828]}},{"type":"Feature","id":"TPS_02067","properties":{"id":"TPS_02067","n_nodes":1},"geometry":{"type":"Point","coordinates":[121.54132,25.011537]}},{"type":"Feature","id":"TPS_02068","properties":{"id":"TPS_02068","n_nodes":1},"geometry":{"type":"Point","coordinates":[121.543249,25.012837]}},{"type":"Feature","id":"TPS_02069","properties":{"id":"TPS_02069","n_nodes":1},"geometry":{"type":"Point","coordinates":[121.516695,25.043381]}},{"type":"Feature","id":"TPS_02070","properties":{"id":"TPS_02070","n_nodes":1},"geometry":{"type":"Point","coordinates":[121.515016,25.04338]}},{"type":"Feature","id":"TPS_02071","properties":{"id":"TPS_02071","n_nodes":1},"geometry":{"type":"Point","coordinates":[121.514102,25.043405]}},{"type":"Feature","id":"TPS_02072","properties":{"id":"TPS_02072","n_nodes":1},"geometry":{"type":"Point","coordinates":[121.516083,25.041295]}},{"type":"Feature","id":"TPS_02073","properties":{"id":"TPS_02073","n_nodes":1},"geometry":{"type":"Point","coordinates":[121.505206,25.02746]}},{"type":"Feature","id":"TPS_02074","properties":{"id":"TPS_02074","n_nodes":1},"geometry":{"type":"Point","coordinates":[121.503131,25.026764]}},{"type":"Feature","id":"TPS_02075","properties":{"id":"TPS_02075","n_nodes":1},"geometry":{"type":"Point","coordinates":[121.503739,25.025227]}},{"type":"Feature","id":"TPS_02076","properties":{"id":"TPS_02076","n_nodes":1},"geometry":{"type":"Point","coordinates":[121.505263,25.028707]}},{"type":"Feature","id":"TPS_02077","properties":{"id":"TPS_02077","n_nodes":1},"geometry":{"type":"Point","coordinates":[121.536891,24.998137]}},{"type":"Feature","id":"TPS_02078","properties":{"id":"TPS_02078","n_nodes":1},"geometry":{"type":"Point","coordinates":[121.611853,25.069834]}},{"type":"Feature","id":"TPS_02079","properties":{"id":"TPS_02079","n_nodes":1},"geometry":{"type":"Point","coordinates":[121.495688,25.022775]}},{"type":"Feature","id":"TPS_02080","properties":{"id":"TPS_02080","n_nodes":1},"geometry":{"type":"Point","coordinates":[121.499799,25.026339]}},{"type":"Feature","id":"TPS_02081","properties":{"id":"TPS_02081","n_nodes":1},"geometry":{"type":"Point","coordinates":[121.496826,25.025141]}},{"type":"Feature","id":"TPS_02082","properties":{"id":"TPS_02082","n_nodes":1},"geometry":{"type":"Point","coordinates":[121.568116,25.004939]}},{"type":"Feature","id":"TPS_02083","properties":{"id":"TPS_02083","n_nodes":1},"geometry":{"type":"Point","coordinates":[121.537345,25.007897]}},{"type":"Feature","id":"TPS_02084","properties":{"id":"TPS_02084","n_nodes":1},"geometry":{"type":"Point","coordinates":[121.535622,25.004446]}},{"type":"Feature","id":"TPS_02085","properties":{"id":"TPS_02085","n_nodes":1},"geometry":{"type":"Point","coordinates":[121.589834,25.046558]}},{"type":"Feature","id":"TPS_02086","properties":{"id":"TPS_02086","n_nodes":1},"geometry":{"type":"Point","coordinates":[121.49796,25.127199]}},{"type":"Feature","id":"TPS_02087","properties":{"id":"TPS_02087","n_nodes":1},"geometry":{"type":"Point","coordinates":[121.504627,25.131107]}},{"type":"Feature","id":"TPS_02088","properties":{"id":"TPS_02088","n_nodes":1},"geometry":{"type":"Point","coordinates":[121.503083,25.132636]}},{"type":"Feature","id":"TPS_02089","properties":{"id":"TPS_02089","n_nodes":1},"geometry":{"type":"Point","coordinates":[121.51149,25.119408]}},{"type":"Feature","id":"TPS_02090","properties":{"id":"TPS_02090","n_nodes":1},"geometry":{"type":"Point","coordinates":[121.511726,25.119757]}},{"type":"Feature","id":"TPS_02091","properties":{"id":"TPS_02091","n_nodes":1},"geometry":{"type":"Point","coordinates":[121.506819,25.120954]}},{"type":"Feature","id":"TPS_02092","properties":{"id":"TPS_02092","n_nodes":1},"geometry":{"type":"Point","coordinates":[121.498992,25.130953]}},{"type":"Feature","id":"TPS_02093","properties":{"id":"TPS_02093","n_nodes":1},"geometry":{"type":"Point","coordinates":[121.499543,25.134783]}},{"type":"Feature","id":"TPS_02094","properties":{"id":"TPS_02094","n_nodes":1},"geometry":{"type":"Point","coordinates":[121.498806,25.135262]}},{"type":"Feature","id":"TPS_02095","properties":{"id":"TPS_02095","n_nodes":1},"geometry":{"type":"Point","coordinates":[121.502589,25.022056]}},{"type":"Feature","id":"TPS_02096","properties":{"id":"TPS_02096","n_nodes":1},"geometry":{"type":"Point","coordinates":[121.515586,25.039576]}},{"type":"Feature","id":"TPS_02097","properties":{"id":"TPS_02097","n_nodes":1},"geometry":{"type":"Point","coordinates":[121.502361,25.021292]}},{"type":"Feature","id":"TPS_02098","properties":{"id":"TPS_02098","n_nodes":1},"geometry":{"type":"Point","coordinates":[121.50112,25.034619]}},{"type":"Feature","id":"TPS_02099","properties":{"id":"TPS_02099","n_nodes":1},"geometry":{"type":"Point","coordinates":[121.507367,25.033603]}},{"type":"Feature","id":"TPS_02100","properties":{"id":"TPS_02100","n_nodes":1},"geometry":{"type":"Point","coordinates":[121.513267,25.051746]}},{"type":"Feature","id":"TPS_02101","properties":{"id":"TPS_02101","n_nodes":1},"geometry":{"type":"Point","coordinates":[121.510474,25.052036]}},{"type":"Feature","id":"TPS_02102","properties":{"id":"TPS_02102","n_nodes":1},"geometry":{"type":"Point","coordinates":[121.51697,25.057188]}},{"type":"Feature","id":"TPS_02103","properties":{"id":"TPS_02103","n_nodes":1},"geometry":{"type":"Point","coordinates":[121.517016,25.056655]}},{"type":"Feature","id":"TPS_02104","properties":{"id":"TPS_02104","n_nodes":1},"geometry":{"type":"Point","coordinates":[121.619083,25.070662]}},{"type":"Feature","id":"TPS_02105","properties":{"id":"TPS_02105","n_nodes":1},"geometry":{"type":"Point","coordinates":[121.612775,25.077159]}},{"type":"Feature","id":"TPS_02106","properties":{"id":"TPS_02106","n_nodes":1},"geometry":{"type":"Point","coordinates":[121.593262,25.0809]}},{"type":"Feature","id":"TPS_02107","properties":{"id":"TPS_02107","n_nodes":1},"geometry":{"type":"Point","coordinates":[121.523188,25.11888]}},{"type":"Feature","id":"TPS_02108","properties":{"id":"TPS_02108","n_nodes":1},"geometry":{"type":"Point","coordinates":[121.595519,25.080199]}},{"type":"Feature","id":"TPS_02109","properties":{"id":"TPS_02109","n_nodes":1},"geometry":{"type":"Point","coordinates":[121.59647,25.08068]}},{"type":"Feature","id":"TPS_02110","properties":{"id":"TPS_02110","n_nodes":1},"geometry":{"type":"Point","coordinates":[121.597517,25.081403]}},{"type":"Feature","id":"TPS_02111","properties":{"id":"TPS_02111","n_nodes":1},"geometry":{"type":"Point","coordinates":[121.524982,25.093724]}},{"type":"Feature","id":"TPS_02112","properties":{"id":"TPS_02112","n_nodes":1},"geometry":{"type":"Point","coordinates":[121.55638,24.98061]}},{"type":"Feature","id":"TPS_02113","properties":{"id":"TPS_02113","n_nodes":1},"geometry":{"type":"Point","coordinates":[121.56077,24.981714]}},{"type":"Feature","id":"TPS_02114","properties":{"id":"TPS_02114","n_nodes":1},"geometry":{"type":"Point","coordinates":[121.590268,25.085779]}},{"type":"Feature","id":"TPS_02115","properties":{"id":"TPS_02115","n_nodes":1},"geometry":{"type":"Point","coordinates":[121.592166,25.086153]}},{"type":"Feature","id":"TPS_02116","properties":{"id":"TPS_02116","n_nodes":1},"geometry":{"type":"Point","coordinates":[121.589216,25.086245]}},{"type":"Feature","id":"TPS_02117","properties":{"id":"TPS_02117","n_nodes":1},"geometry":{"type":"Point","coordinates":[121.502755,25.023579]}},{"type":"Feature","id":"TPS_02118","properties":{"id":"TPS_02118","n_nodes":1},"geometry":{"type":"Point","coordinates":[121.502672,25.02282]}},{"type":"Feature","id":"TPS_02119","properties":{"id":"TPS_02119","n_nodes":1},"geometry":{"type":"Point","coordinates":[121.503597,25.028424]}},{"type":"Feature","id":"TPS_02120","properties":{"id":"TPS_02120","n_nodes":1},"geometry":{"type":"Point","coordinates":[121.502206,25.026563]}},{"type":"Feature","id":"TPS_02121","properties":{"id":"TPS_02121","n_nodes":1},"geometry":{"type":"Point","coordinates":[121.504968,25.02563]}},{"type":"Feature","id":"TPS_02122","properties":{"id":"TPS_02122","n_nodes":1},"geometry":{"type":"Point","coordinates":[121.502579,25.025487]}},{"type":"Feature","id":"TPS_02123","properties":{"id":"TPS_02123","n_nodes":1},"geometry":{"type":"Point","coordinates":[121.505907,25.027994]}},{"type":"Feature","id":"TPS_02124","properties":{"id":"TPS_02124","n_nodes":1},"geometry":{"type":"Point","coordinates":[121.587179,25.087935]}},{"type":"Feature","id":"TPS_02125","properties":{"id":"TPS_02125","n_nodes":1},"geometry":{"type":"Point","coordinates":[121.541315,24.991246]}},{"type":"Feature","id":"TPS_02126","properties":{"id":"TPS_02126","n_nodes":1},"geometry":{"type":"Point","coordinates":[121.531108,25.040385]}},{"type":"Feature","id":"TPS_02127","properties":{"id":"TPS_02127","n_nodes":1},"geometry":{"type":"Point","coordinates":[121.518258,25.050612]}},{"type":"Feature","id":"TPS_02128","properties":{"id":"TPS_02128","n_nodes":1},"geometry":{"type":"Point","coordinates":[121.534819,25.054786]}},{"type":"Feature","id":"TPS_02129","properties":{"id":"TPS_02129","n_nodes":1},"geometry":{"type":"Point","coordinates":[121.580912,25.041353]}},{"type":"Feature","id":"TPS_02130","properties":{"id":"TPS_02130","n_nodes":1},"geometry":{"type":"Point","coordinates":[121.582062,25.046877]}},{"type":"Feature","id":"TPS_02131","properties":{"id":"TPS_02131","n_nodes":1},"geometry":{"type":"Point","coordinates":[121.581,25.04176]}},{"type":"Feature","id":"TPS_02132","properties":{"id":"TPS_02132","n_nodes":1},"geometry":{"type":"Point","coordinates":[121.530263,25.096247]}},{"type":"Feature","id":"TPS_02133","properties":{"id":"TPS_02133","n_nodes":1},"geometry":{"type":"Point","coordinates":[121.531252,25.095833]}},{"type":"Feature","id":"TPS_02134","properties":{"id":"TPS_02134","n_nodes":1},"geometry":{"type":"Point","coordinates":[121.49294,25.14541]}},{"type":"Feature","id":"TPS_02135","properties":{"id":"TPS_02135","n_nodes":1},"geometry":{"type":"Point","coordinates":[121.539156,24.993813]}},{"type":"Feature","id":"TPS_02136","properties":{"id":"TPS_02136","n_nodes":1},"geometry":{"type":"Point","coordinates":[121.538223,25.104218]}},{"type":"Feature","id":"TPS_02137","properties":{"id":"TPS_02137","n_nodes":1},"geometry":{"type":"Point","coordinates":[121.502381,25.134425]}},{"type":"Feature","id":"TPS_02138","properties":{"id":"TPS_02138","n_nodes":1},"geometry":{"type":"Point","coordinates":[121.537283,24.994881]}},{"type":"Feature","id":"TPS_02139","properties":{"id":"TPS_02139","n_nodes":1},"geometry":{"type":"Point","coordinates":[121.58404,25.002727]}},{"type":"Feature","id":"TPS_02140","properties":{"id":"TPS_02140","n_nodes":1},"geometry":{"type":"Point","coordinates":[121.522796,25.020498]}},{"type":"Feature","id":"TPS_02141","properties":{"id":"TPS_02141","n_nodes":1},"geometry":{"type":"Point","coordinates":[121.517421,25.023224]}},{"type":"Feature","id":"TPS_02142","properties":{"id":"TPS_02142","n_nodes":1},"geometry":{"type":"Point","coordinates":[121.513147,25.025201]}},{"type":"Feature","id":"TPS_02143","properties":{"id":"TPS_02143","n_nodes":1},"geometry":{"type":"Point","coordinates":[121.532471,25.022497]}},{"type":"Feature","id":"TPS_02144","properties":{"id":"TPS_02144","n_nodes":1},"geometry":{"type":"Point","coordinates":[121.519758,25.032053]}},{"type":"Feature","id":"TPS_02145","properties":{"id":"TPS_02145","n_nodes":1},"geometry":{"type":"Point","coordinates":[121.507788,25.04544]}},{"type":"Feature","id":"TPS_02146","properties":{"id":"TPS_02146","n_nodes":1},"geometry":{"type":"Point","coordinates":[121.505414,25.045068]}},{"type":"Feature","id":"TPS_02147","properties":{"id":"TPS_02147","n_nodes":1},"geometry":{"type":"Point","coordinates":[121.499909,25.021197]}},{"type":"Feature","id":"TPS_02148","properties":{"id":"TPS_02148","n_nodes":1},"geometry":{"type":"Point","coordinates":[121.50165,25.021999]}},{"type":"Feature","id":"TPS_02149","properties":{"id":"TPS_02149","n_nodes":1},"geometry":{"type":"Point","coordinates":[121.501515,25.023024]}},{"type":"Feature","id":"TPS_02150","properties":{"id":"TPS_02150","n_nodes":1},"geometry":{"type":"Point","coordinates":[121.501601,25.023567]}},{"type":"Feature","id":"TPS_02151","properties":{"id":"TPS_02151","n_nodes":1},"geometry":{"type":"Point","coordinates":[121.501773,25.038377]}},{"type":"Feature","id":"TPS_02152","properties":{"id":"TPS_02152","n_nodes":1},"geometry":{"type":"Point","coordinates":[121.502,25.040073]}},{"type":"Feature","id":"TPS_02153","properties":{"id":"TPS_02153","n_nodes":1},"geometry":{"type":"Point","coordinates":[121.560271,25.04506]}},{"type":"Feature","id":"TPS_02154","properties":{"id":"TPS_02154","n_nodes":1},"geometry":{"type":"Point","coordinates":[121.510535,25.025904]}},{"type":"Feature","id":"TPS_02155","properties":{"id":"TPS_02155","n_nodes":1},"geometry":{"type":"Point","coordinates":[121.508537,25.022845]}},{"type":"Feature","id":"TPS_02156","properties":{"id":"TPS_02156","n_nodes":1},"geometry":{"type":"Point","coordinates":[121.491503,25.035386]}},{"type":"Feature","id":"TPS_02157","properties":{"id":"TPS_02157","n_nodes":1},"geometry":{"type":"Point","coordinates":[121.524687,25.024213]}},{"type":"Feature","id":"TPS_02158","properties":{"id":"TPS_02158","n_nodes":1},"geometry":{"type":"Point","coordinates":[121.510916,25.027059]}},{"type":"Feature","id":"TPS_02159","properties":{"id":"TPS_02159","n_nodes":1},"geometry":{"type":"Point","coordinates":[121.50856,25.028956]}},{"type":"Feature","id":"TPS_02160","properties":{"id":"TPS_02160","n_nodes":1},"geometry":{"type":"Point","coordinates":[121.535422,25.003759]}},{"type":"Feature","id":"TPS_02161","properties":{"id":"TPS_02161","n_nodes":1},"geometry":{"type":"Point","coordinates":[121.535205,25.00439]}},{"type":"Feature","id":"TPS_02162","properties":{"id":"TPS_02162","n_nodes":1},"geometry":{"type":"Point","coordinates":[121.536128,25.005979]}},{"type":"Feature","id":"TPS_02163","properties":{"id":"TPS_02163","n_nodes":1},"geometry":{"type":"Point","coordinates":[121.565391,25.030476]}},{"type":"Feature","id":"TPS_02164","properties":{"id":"TPS_02164","n_nodes":1},"geometry":{"type":"Point","coordinates":[121.500545,25.032281]}},{"type":"Feature","id":"TPS_02165","properties":{"id":"TPS_02165","n_nodes":1},"geometry":{"type":"Point","coordinates":[121.504108,25.028669]}},{"type":"Feature","id":"TPS_02166","properties":{"id":"TPS_02166","n_nodes":1},"geometry":{"type":"Point","coordinates":[121.469506,25.122362]}},{"type":"Feature","id":"TPS_02167","properties":{"id":"TPS_02167","n_nodes":1},"geometry":{"type":"Point","coordinates":[121.557477,25.026123]}},{"type":"Feature","id":"TPS_02168","properties":{"id":"TPS_02168","n_nodes":1},"geometry":{"type":"Point","coordinates":[121.57108,25.086309]}},{"type":"Feature","id":"TPS_02169","properties":{"id":"TPS_02169","n_nodes":1},"geometry":{"type":"Point","coordinates":[121.58756,25.08136]}},{"type":"Feature","id":"TPS_02170","properties":{"id":"TPS_02170","n_nodes":1},"geometry":{"type":"Point","coordinates":[121.501865,25.038992]}},{"type":"Feature","id":"TPS_02171","properties":{"id":"TPS_02171","n_nodes":1},"geometry":{"type":"Point","coordinates":[121.503936,25.038508]}},{"type":"Feature","id":"TPS_02172","properties":{"id":"TPS_02172","n_nodes":1},"geometry":{"type":"Point","coordinates":[121.59268,25.082373]}},{"type":"Feature","id":"TPS_02173","properties":{"id":"TPS_02173","n_nodes":1},"geometry":{"type":"Point","coordinates":[121.504225,25.136895]}},{"type":"Feature","id":"TPS_02174","properties":{"id":"TPS_02174","n_nodes":1},"geometry":{"type":"Point","coordinates":[121.49881,25.132287]}},{"type":"Feature","id":"TPS_02175","properties":{"id":"TPS_02175","n_nodes":1},"geometry":{"type":"Point","coordinates":[121.51012,25.141857]}},{"type":"Feature","id":"TPS_02176","properties":{"id":"TPS_02176","n_nodes":1},"geometry":{"type":"Point","coordinates":[121.501488,25.139277]}},{"type":"Feature","id":"TPS_02177","properties":{"id":"TPS_02177","n_nodes":1},"geometry":{"type":"Point","coordinates":[121.489655,25.141074]}},{"type":"Feature","id":"TPS_02178","properties":{"id":"TPS_02178","n_nodes":1},"geometry":{"type":"Point","coordinates":[121.485615,25.138212]}},{"type":"Feature","id":"TPS_02179","properties":{"id":"TPS_02179","n_nodes":1},"geometry":{"type":"Point","coordinates":[121.536495,25.049538]}},{"type":"Feature","id":"TPS_02180","properties":{"id":"TPS_02180","n_nodes":1},"geometry":{"type":"Point","coordinates":[121.536997,25.049547]}},{"type":"Feature","id":"TPS_02181","properties":{"id":"TPS_02181","n_nodes":1},"geometry":{"type":"Point","coordinates":[121.534478,25.014515]}},{"type":"Feature","id":"TPS_02182","properties":{"id":"TPS_02182","n_nodes":1},"geometry":{"type":"Point","coordinates":[121.492976,25.027702]}},{"type":"Feature","id":"TPS_02183","properties":{"id":"TPS_02183","n_nodes":1},"geometry":{"type":"Point","coordinates":[121.499181,25.029408]}},{"type":"Feature","id":"TPS_02184","properties":{"id":"TPS_02184","n_nodes":1},"geometry":{"type":"Point","coordinates":[121.469147,25.119373]}},{"type":"Feature","id":"TPS_02185","properties":{"id":"TPS_02185","n_nodes":1},"geometry":{"type":"Point","coordinates":[121.578145,25.083924]}},{"type":"Feature","id":"TPS_02186","properties":{"id":"TPS_02186","n_nodes":1},"geometry":{"type":"Point","coordinates":[121.566949,25.086401]}},{"type":"Feature","id":"TPS_02187","properties":{"id":"TPS_02187","n_nodes":1},"geometry":{"type":"Point","coordinates":[121.553629,25.028082]}},{"type":"Feature","id":"TPS_02188","properties":{"id":"TPS_02188","n_nodes":1},"geometry":{"type":"Point","coordinates":[121.511667,25.055453]}},{"type":"Feature","id":"TPS_02189","properties":{"id":"TPS_02189","n_nodes":1},"geometry":{"type":"Point","coordinates":[121.521332,25.118997]}},{"type":"Feature","id":"TPS_02190","properties":{"id":"TPS_02190","n_nodes":1},"geometry":{"type":"Point","coordinates":[121.543854,24.988527]}},{"type":"Feature","id":"TPS_02191","properties":{"id":"TPS_02191","n_nodes":1},"geometry":{"type":"Point","coordinates":[121.50685,25.050697]}},{"type":"Feature","id":"TPS_02192","properties":{"id":"TPS_02192","n_nodes":1},"geometry":{"type":"Point","coordinates":[121.573979,25.076843]}},{"type":"Feature","id":"TPS_02193","properties":{"id":"TPS_02193","n_nodes":1},"geometry":{"type":"Point","coordinates":[121.592658,25.085]}},{"type":"Feature","id":"TPS_02194","properties":{"id":"TPS_02194","n_nodes":1},"geometry":{"type":"Point","coordinates":[121.579162,25.073724]}},{"type":"Feature","id":"TPS_02195","properties":{"id":"TPS_02195","n_nodes":1},"geometry":{"type":"Point","coordinates":[121.48829,25.029243]}},{"type":"Feature","id":"TPS_02196","properties":{"id":"TPS_02196","n_nodes":1},"geometry":{"type":"Point","coordinates":[121.488502,25.032463]}},{"type":"Feature","id":"TPS_02197","properties":{"id":"TPS_02197","n_nodes":1},"geometry":{"type":"Point","coordinates":[121.546965,24.995801]}},{"type":"Feature","id":"TPS_02198","properties":{"id":"TPS_02198","n_nodes":1},"geometry":{"type":"Point","coordinates":[121.608509,25.074265]}},{"type":"Feature","id":"TPS_02199","properties":{"id":"TPS_02199","n_nodes":1},"geometry":{"type":"Point","coordinates":[121.578824,25.051285]}},{"type":"Feature","id":"TPS_02200","properties":{"id":"TPS_02200","n_nodes":1},"geometry":{"type":"Point","coordinates":[121.524082,25.03204]}},{"type":"Feature","id":"TPS_02201","properties":{"id":"TPS_02201","n_nodes":1},"geometry":{"type":"Point","coordinates":[121.511,25.037257]}},{"type":"Feature","id":"TPS_02202","properties":{"id":"TPS_02202","n_nodes":1},"geometry":{"type":"Point","coordinates":[121.515026,25.036044]}},{"type":"Feature","id":"TPS_02203","properties":{"id":"TPS_02203","n_nodes":1},"geometry":{"type":"Point","coordinates":[121.514932,25.034357]}},{"type":"Feature","id":"TPS_02204","properties":{"id":"TPS_02204","n_nodes":1},"geometry":{"type":"Point","coordinates":[121.58417,25.039209]}},{"type":"Feature","id":"TPS_02205","properties":{"id":"TPS_02205","n_nodes":1},"geometry":{"type":"Point","coordinates":[121.581478,25.042622]}},{"type":"Feature","id":"TPS_02206","properties":{"id":"TPS_02206","n_nodes":1},"geometry":{"type":"Point","coordinates":[121.581153,25.042419]}},{"type":"Feature","id":"TPS_02207","properties":{"id":"TPS_02207","n_nodes":1},"geometry":{"type":"Point","coordinates":[121.582458,25.040795]}},{"type":"Feature","id":"TPS_02208","properties":{"id":"TPS_02208","n_nodes":1},"geometry":{"type":"Point","coordinates":[121.58018,25.039982]}},{"type":"Feature","id":"TPS_02209","properties":{"id":"TPS_02209","n_nodes":1},"geometry":{"type":"Point","coordinates":[121.539844,25.038409]}},{"type":"Feature","id":"TPS_02210","properties":{"id":"TPS_02210","n_nodes":1},"geometry":{"type":"Point","coordinates":[121.516311,25.054372]}},{"type":"Feature","id":"TPS_02211","properties":{"id":"TPS_02211","n_nodes":1},"geometry":{"type":"Point","coordinates":[121.552232,25.000531]}},{"type":"Feature","id":"TPS_02212","properties":{"id":"TPS_02212","n_nodes":1},"geometry":{"type":"Point","coordinates":[121.525509,25.095181]}},{"type":"Feature","id":"TPS_02213","properties":{"id":"TPS_02213","n_nodes":1},"geometry":{"type":"Point","coordinates":[121.524265,25.02418]}},{"type":"Feature","id":"TPS_02214","properties":{"id":"TPS_02214","n_nodes":1},"geometry":{"type":"Point","coordinates":[121.511171,25.038929]}},{"type":"Feature","id":"TPS_02215","properties":{"id":"TPS_02215","n_nodes":1},"geometry":{"type":"Point","coordinates":[121.508722,25.03914]}},{"type":"Feature","id":"TPS_02216","properties":{"id":"TPS_02216","n_nodes":1},"geometry":{"type":"Point","coordinates":[121.511409,25.041216]}},{"type":"Feature","id":"TPS_02217","properties":{"id":"TPS_02217","n_nodes":1},"geometry":{"type":"Point","coordinates":[121.518305,25.027506]}},{"type":"Feature","id":"TPS_02218","properties":{"id":"TPS_02218","n_nodes":1},"geometry":{"type":"Point","coordinates":[121.522279,25.090395]}},{"type":"Feature","id":"TPS_02219","properties":{"id":"TPS_02219","n_nodes":1},"geometry":{"type":"Point","coordinates":[121.512914,25.039934]}},{"type":"Feature","id":"TPS_02220","properties":{"id":"TPS_02220","n_nodes":1},"geometry":{"type":"Point","coordinates":[121.509298,25.035286]}},{"type":"Feature","id":"TPS_02221","properties":{"id":"TPS_02221","n_nodes":1},"geometry":{"type":"Point","coordinates":[121.508312,25.035556]}},{"type":"Feature","id":"TPS_02222","properties":{"id":"TPS_02222","n_nodes":1},"geometry":{"type":"Point","coordinates":[121.518429,25.108013]}},{"type":"Feature","id":"TPS_02223","properties":{"id":"TPS_02223","n_nodes":1},"geometry":{"type":"Point","coordinates":[121.517939,25.107432]}},{"type":"Feature","id":"TPS_02224","properties":{"id":"TPS_02224","n_nodes":1},"geometry":{"type":"Point","coordinates":[121.511511,25.043075]}},{"type":"Feature","id":"TPS_02225","properties":{"id":"TPS_02225","n_nodes":1},"geometry":{"type":"Point","coordinates":[121.527041,25.125333]}},{"type":"Feature","id":"TPS_02226","properties":{"id":"TPS_02226","n_nodes":1},"geometry":{"type":"Point","coordinates":[121.542409,24.989502]}},{"type":"Feature","id":"TPS_02227","properties":{"id":"TPS_02227","n_nodes":1},"geometry":{"type":"Point","coordinates":[121.53324,25.014393]}},{"type":"Feature","id":"TPS_02228","properties":{"id":"TPS_02228","n_nodes":1},"geometry":{"type":"Point","coordinates":[121.613406,25.054012]}},{"type":"Feature","id":"TPS_02229","properties":{"id":"TPS_02229","n_nodes":1},"geometry":{"type":"Point","coordinates":[121.613077,25.054217]}},{"type":"Feature","id":"TPS_02230","properties":{"id":"TPS_02230","n_nodes":1},"geometry":{"type":"Point","coordinates":[121.532748,25.108595]}},{"type":"Feature","id":"TPS_02231","properties":{"id":"TPS_02231","n_nodes":1},"geometry":{"type":"Point","coordinates":[121.563513,24.986846]}},{"type":"Feature","id":"TPS_02232","properties":{"id":"TPS_02232","n_nodes":1},"geometry":{"type":"Point","coordinates":[121.586863,25.046716]}},{"type":"Feature","id":"TPS_02233","properties":{"id":"TPS_02233","n_nodes":1},"geometry":{"type":"Point","coordinates":[121.587897,25.066285]}},{"type":"Feature","id":"TPS_02234","properties":{"id":"TPS_02234","n_nodes":1},"geometry":{"type":"Point","coordinates":[121.550445,25.114158]}},{"type":"Feature","id":"TPS_02235","properties":{"id":"TPS_02235","n_nodes":1},"geometry":{"type":"Point","coordinates":[121.502079,25.040528]}},{"type":"Feature","id":"TPS_02236","properties":{"id":"TPS_02236","n_nodes":1},"geometry":{"type":"Point","coordinates":[121.502282,25.041695]}},{"type":"Feature","id":"TPS_02237","properties":{"id":"TPS_02237","n_nodes":1},"geometry":{"type":"Point","coordinates":[121.527346,25.118427]}},{"type":"Feature","id":"TPS_02238","properties":{"id":"TPS_02238","n_nodes":1},"geometry":{"type":"Point","coordinates":[121.514848,25.115106]}},{"type":"Feature","id":"TPS_02239","properties":{"id":"TPS_02239","n_nodes":1},"geometry":{"type":"Point","coordinates":[121.553351,24.986179]}},{"type":"Feature","id":"TPS_02240","properties":{"id":"TPS_02240","n_nodes":1},"geometry":{"type":"Point","coordinates":[121.553124,24.986614]}},{"type":"Feature","id":"TPS_02241","properties":{"id":"TPS_02241","n_nodes":1},"geometry":{"type":"Point","coordinates":[121.523893,25.043381]}},{"type":"Feature","id":"TPS_02242","properties":{"id":"TPS_02242","n_nodes":1},"geometry":{"type":"Point","coordinates":[121.510181,25.039003]}},{"type":"Feature","id":"TPS_02243","properties":{"id":"TPS_02243","n_nodes":1},"geometry":{"type":"Point","coordinates":[121.510305,25.040193]}},{"type":"Feature","id":"TPS_02244","properties":{"id":"TPS_02244","n_nodes":1},"geometry":{"type":"Point","coordinates":[121.510423,25.041343]}},{"type":"Feature","id":"TPS_02245","properties":{"id":"TPS_02245","n_nodes":1},"geometry":{"type":"Point","coordinates":[121.514075,25.042325]}},{"type":"Feature","id":"TPS_02246","properties":{"id":"TPS_02246","n_nodes":1},"geometry":{"type":"Point","coordinates":[121.51322,25.042321]}},{"type":"Feature","id":"TPS_02247","properties":{"id":"TPS_02247","n_nodes":1},"geometry":{"type":"Point","coordinates":[121.511679,25.089067]}},{"type":"Feature","id":"TPS_02248","properties":{"id":"TPS_02248","n_nodes":1},"geometry":{"type":"Point","coordinates":[121.568808,24.98397]}},{"type":"Feature","id":"TPS_02249","properties":{"id":"TPS_02249","n_nodes":1},"geometry":{"type":"Point","coordinates":[121.51305,25.041045]}},{"type":"Feature","id":"TPS_02250","properties":{"id":"TPS_02250","n_nodes":1},"geometry":{"type":"Point","coordinates":[121.513229,25.044064]}},{"type":"Feature","id":"TPS_02251","properties":{"id":"TPS_02251","n_nodes":1},"geometry":{"type":"Point","coordinates":[121.594121,25.048664]}},{"type":"Feature","id":"TPS_02252","properties":{"id":"TPS_02252","n_nodes":1},"geometry":{"type":"Point","coordinates":[121.496119,25.136543]}},{"type":"Feature","id":"TPS_02253","properties":{"id":"TPS_02253","n_nodes":1},"geometry":{"type":"Point","coordinates":[121.520226,25.024752]}},{"type":"Feature","id":"TPS_02254","properties":{"id":"TPS_02254","n_nodes":1},"geometry":{"type":"Point","coordinates":[121.511149,25.024382]}},{"type":"Feature","id":"TPS_02255","properties":{"id":"TPS_02255","n_nodes":1},"geometry":{"type":"Point","coordinates":[121.535574,24.998421]}},{"type":"Feature","id":"TPS_02256","properties":{"id":"TPS_02256","n_nodes":1},"geometry":{"type":"Point","coordinates":[121.574089,25.049925]}},{"type":"Feature","id":"TPS_02257","properties":{"id":"TPS_02257","n_nodes":1},"geometry":{"type":"Point","coordinates":[121.527633,25.066229]}},{"type":"Feature","id":"TPS_02258","properties":{"id":"TPS_02258","n_nodes":1},"geometry":{"type":"Point","coordinates":[121.527649,25.066971]}},{"type":"Feature","id":"TPS_02259","properties":{"id":"TPS_02259","n_nodes":1},"geometry":{"type":"Point","coordinates":[121.537551,25.032283]}},{"type":"Feature","id":"TPS_02260","properties":{"id":"TPS_02260","n_nodes":1},"geometry":{"type":"Point","coordinates":[121.538004,25.03228]}},{"type":"Feature","id":"TPS_02261","properties":{"id":"TPS_02261","n_nodes":1},"geometry":{"type":"Point","coordinates":[121.537991,25.030665]}},{"type":"Feature","id":"TPS_02262","properties":{"id":"TPS_02262","n_nodes":1},"geometry":{"type":"Point","coordinates":[121.53752,25.030665]}},{"type":"Feature","id":"TPS_02263","properties":{"id":"TPS_02263","n_nodes":1},"geometry":{"type":"Point","coordinates":[121.566121,25.043429]}},{"type":"Feature","id":"TPS_02264","properties":{"id":"TPS_02264","n_nodes":1},"geometry":{"type":"Point","coordinates":[121.510594,25.081028]}},{"type":"Feature","id":"TPS_02265","properties":{"id":"TPS_02265","n_nodes":1},"geometry":{"type":"Point","coordinates":[121.511237,25.079125]}},{"type":"Feature","id":"TPS_02266","properties":{"id":"TPS_02266","n_nodes":1},"geometry":{"type":"Point","coordinates":[121.512224,25.026622]}},{"type":"Feature","id":"TPS_02267","properties":{"id":"TPS_02267","n_nodes":1},"geometry":{"type":"Point","coordinates":[121.608603,25.051714]}},{"type":"Feature","id":"TPS_02268","properties":{"id":"TPS_02268","n_nodes":1},"geometry":{"type":"Point","coordinates":[121.544176,25.011745]}},{"type":"Feature","id":"TPS_02269","properties":{"id":"TPS_02269","n_nodes":1},"geometry":{"type":"Point","coordinates":[121.562565,25.050337]}},{"type":"Feature","id":"TPS_02270","properties":{"id":"TPS_02270","n_nodes":1},"geometry":{"type":"Point","coordinates":[121.502547,25.138256]}},{"type":"Feature","id":"TPS_02271","properties":{"id":"TPS_02271","n_nodes":1},"geometry":{"type":"Point","coordinates":[121.533225,25.022655]}},{"type":"Feature","id":"TPS_02272","properties":{"id":"TPS_02272","n_nodes":1},"geometry":{"type":"Point","coordinates":[121.53963,24.996718]}},{"type":"Feature","id":"TPS_02273","properties":{"id":"TPS_02273","n_nodes":1},"geometry":{"type":"Point","coordinates":[121.535534,24.998838]}},{"type":"Feature","id":"TPS_02274","properties":{"id":"TPS_02274","n_nodes":1},"geometry":{"type":"Point","coordinates":[121.537472,25.02885]}},{"type":"Feature","id":"TPS_02275","properties":{"id":"TPS_02275","n_nodes":1},"geometry":{"type":"Point","coordinates":[121.542318,25.028429]}},{"type":"Feature","id":"TPS_02276","properties":{"id":"TPS_02276","n_nodes":1},"geometry":{"type":"Point","coordinates":[121.596525,25.084406]}},{"type":"Feature","id":"TPS_02277","properties":{"id":"TPS_02277","n_nodes":1},"geometry":{"type":"Point","coordinates":[121.525365,25.086317]}},{"type":"Feature","id":"TPS_02278","properties":{"id":"TPS_02278","n_nodes":1},"geometry":{"type":"Point","coordinates":[121.518538,25.034104]}},{"type":"Feature","id":"TPS_02279","properties":{"id":"TPS_02279","n_nodes":1},"geometry":{"type":"Point","coordinates":[121.529896,25.016683]}},{"type":"Feature","id":"TPS_02280","properties":{"id":"TPS_02280","n_nodes":1},"geometry":{"type":"Point","coordinates":[121.515186,25.050285]}},{"type":"Feature","id":"TPS_02281","properties":{"id":"TPS_02281","n_nodes":1},"geometry":{"type":"Point","coordinates":[121.495834,25.022282]}},{"type":"Feature","id":"TPS_02282","properties":{"id":"TPS_02282","n_nodes":1},"geometry":{"type":"Point","coordinates":[121.497819,25.023016]}},{"type":"Feature","id":"TPS_02283","properties":{"id":"TPS_02283","n_nodes":1},"geometry":{"type":"Point","coordinates":[121.522806,25.023226]}},{"type":"Feature","id":"TPS_02284","properties":{"id":"TPS_02284","n_nodes":1},"geometry":{"type":"Point","coordinates":[121.510762,25.026607]}},{"type":"Feature","id":"TPS_02285","properties":{"id":"TPS_02285","n_nodes":1},"geometry":{"type":"Point","coordinates":[121.536355,25.043696]}},{"type":"Feature","id":"TPS_02286","properties":{"id":"TPS_02286","n_nodes":1},"geometry":{"type":"Point","coordinates":[121.604443,25.071417]}},{"type":"Feature","id":"TPS_02287","properties":{"id":"TPS_02287","n_nodes":1},"geometry":{"type":"Point","coordinates":[121.617259,25.067099]}},{"type":"Feature","id":"TPS_02288","properties":{"id":"TPS_02288","n_nodes":1},"geometry":{"type":"Point","coordinates":[121.490672,25.027958]}},{"type":"Feature","id":"TPS_02289","properties":{"id":"TPS_02289","n_nodes":1},"geometry":{"type":"Point","coordinates":[121.621266,25.0297]}},{"type":"Feature","id":"TPS_02290","properties":{"id":"TPS_02290","n_nodes":1},"geometry":{"type":"Point","coordinates":[121.543913,24.991949]}},{"type":"Feature","id":"TPS_02291","properties":{"id":"TPS_02291","n_nodes":1},"geometry":{"type":"Point","coordinates":[121.537599,25.116432]}},{"type":"Feature","id":"TPS_02292","properties":{"id":"TPS_02292","n_nodes":1},"geometry":{"type":"Point","coordinates":[121.558176,25.060559]}},{"type":"Feature","id":"TPS_02293","properties":{"id":"TPS_02293","n_nodes":1},"geometry":{"type":"Point","coordinates":[121.480651,25.136263]}},{"type":"Feature","id":"TPS_02294","properties":{"id":"TPS_02294","n_nodes":1},"geometry":{"type":"Point","coordinates":[121.486769,25.138323]}},{"type":"Feature","id":"TPS_02295","properties":{"id":"TPS_02295","n_nodes":1},"geometry":{"type":"Point","coordinates":[121.478626,25.135305]}},{"type":"Feature","id":"TPS_02296","properties":{"id":"TPS_02296","n_nodes":1},"geometry":{"type":"Point","coordinates":[121.507495,25.042363]}},{"type":"Feature","id":"TPS_02297","properties":{"id":"TPS_02297","n_nodes":1},"geometry":{"type":"Point","coordinates":[121.603265,25.063616]}},{"type":"Feature","id":"TPS_02298","properties":{"id":"TPS_02298","n_nodes":1},"geometry":{"type":"Point","coordinates":[121.588307,25.046574]}},{"type":"Feature","id":"TPS_02299","properties":{"id":"TPS_02299","n_nodes":1},"geometry":{"type":"Point","coordinates":[121.519559,25.050311]}},{"type":"Feature","id":"TPS_02300","properties":{"id":"TPS_02300","n_nodes":1},"geometry":{"type":"Point","coordinates":[121.516465,25.030036]}},{"type":"Feature","id":"TPS_02301","properties":{"id":"TPS_02301","n_nodes":1},"geometry":{"type":"Point","coordinates":[121.517639,25.030707]}},{"type":"Feature","id":"TPS_02302","properties":{"id":"TPS_02302","n_nodes":1},"geometry":{"type":"Point","coordinates":[121.507087,25.026759]}},{"type":"Feature","id":"TPS_02303","properties":{"id":"TPS_02303","n_nodes":1},"geometry":{"type":"Point","coordinates":[121.50815,25.025837]}},{"type":"Feature","id":"TPS_02304","properties":{"id":"TPS_02304","n_nodes":1},"geometry":{"type":"Point","coordinates":[121.509141,25.024992]}},{"type":"Feature","id":"TPS_02305","properties":{"id":"TPS_02305","n_nodes":1},"geometry":{"type":"Point","coordinates":[121.510138,25.024649]}},{"type":"Feature","id":"TPS_02306","properties":{"id":"TPS_02306","n_nodes":1},"geometry":{"type":"Point","coordinates":[121.507748,25.027653]}},{"type":"Feature","id":"TPS_02307","properties":{"id":"TPS_02307","n_nodes":1},"geometry":{"type":"Point","coordinates":[121.508052,25.028072]}},{"type":"Feature","id":"TPS_02308","properties":{"id":"TPS_02308","n_nodes":1},"geometry":{"type":"Point","coordinates":[121.508299,25.028513]}},{"type":"Feature","id":"TPS_02309","properties":{"id":"TPS_02309","n_nodes":1},"geometry":{"type":"Point","coordinates":[121.51216,25.03132]}},{"type":"Feature","id":"TPS_02310","properties":{"id":"TPS_02310","n_nodes":1},"geometry":{"type":"Point","coordinates":[121.513646,25.031709]}},{"type":"Feature","id":"TPS_02311","properties":{"id":"TPS_02311","n_nodes":1},"geometry":{"type":"Point","coordinates":[121.558094,24.981066]}},{"type":"Feature","id":"TPS_02312","properties":{"id":"TPS_02312","n_nodes":1},"geometry":{"type":"Point","coordinates":[121.560692,25.084519]}},{"type":"Feature","id":"TPS_02313","properties":{"id":"TPS_02313","n_nodes":1},"geometry":{"type":"Point","coordinates":[121.54044,25.05064]}},{"type":"Feature","id":"TPS_02314","properties":{"id":"TPS_02314","n_nodes":1},"geometry":{"type":"Point","coordinates":[121.541202,25.028529]}},{"type":"Feature","id":"TPS_02315","properties":{"id":"TPS_02315","n_nodes":1},"geometry":{"type":"Point","coordinates":[121.5661,25.057046]}},{"type":"Feature","id":"TPS_02316","properties":{"id":"TPS_02316","n_nodes":1},"geometry":{"type":"Point","coordinates":[121.506326,25.120609]}},{"type":"Feature","id":"TPS_02317","properties":{"id":"TPS_02317","n_nodes":1},"geometry":{"type":"Point","coordinates":[121.524296,25.01794]}},{"type":"Feature","id":"TPS_02318","properties":{"id":"TPS_02318","n_nodes":1},"geometry":{"type":"Point","coordinates":[121.548473,25.054445]}},{"type":"Feature","id":"TPS_02319","properties":{"id":"TPS_02319","n_nodes":1},"geometry":{"type":"Point","coordinates":[121.54835,25.05763]}},{"type":"Feature","id":"TPS_02320","properties":{"id":"TPS_02320","n_nodes":1},"geometry":{"type":"Point","coordinates":[121.549502,25.057787]}},{"type":"Feature","id":"TPS_02321","properties":{"id":"TPS_02321","n_nodes":1},"geometry":{"type":"Point","coordinates":[121.514732,25.051389]}},{"type":"Feature","id":"TPS_02322","properties":{"id":"TPS_02322","n_nodes":1},"geometry":{"type":"Point","coordinates":[121.52175,25.115186]}},{"type":"Feature","id":"TPS_02323","properties":{"id":"TPS_02323","n_nodes":1},"geometry":{"type":"Point","coordinates":[121.516224,25.116771]}},{"type":"Feature","id":"TPS_02324","properties":{"id":"TPS_02324","n_nodes":1},"geometry":{"type":"Point","coordinates":[121.505605,25.121178]}},{"type":"Feature","id":"TPS_02325","properties":{"id":"TPS_02325","n_nodes":1},"geometry":{"type":"Point","coordinates":[121.508122,25.1207]}},{"type":"Feature","id":"TPS_02326","properties":{"id":"TPS_02326","n_nodes":1},"geometry":{"type":"Point","coordinates":[121.508029,25.120314]}},{"type":"Feature","id":"TPS_02327","properties":{"id":"TPS_02327","n_nodes":1},"geometry":{"type":"Point","coordinates":[121.502026,25.120165]}},{"type":"Feature","id":"TPS_02328","properties":{"id":"TPS_02328","n_nodes":1},"geometry":{"type":"Point","coordinates":[121.498192,25.126911]}},{"type":"Feature","id":"TPS_02329","properties":{"id":"TPS_02329","n_nodes":1},"geometry":{"type":"Point","coordinates":[121.522734,25.120053]}},{"type":"Feature","id":"TPS_02330","properties":{"id":"TPS_02330","n_nodes":1},"geometry":{"type":"Point","coordinates":[121.526241,25.124698]}},{"type":"Feature","id":"TPS_02331","properties":{"id":"TPS_02331","n_nodes":1},"geometry":{"type":"Point","coordinates":[121.495325,25.13691]}},{"type":"Feature","id":"TPS_02332","properties":{"id":"TPS_02332","n_nodes":1},"geometry":{"type":"Point","coordinates":[121.493106,25.13783]}},{"type":"Feature","id":"TPS_02333","properties":{"id":"TPS_02333","n_nodes":1},"geometry":{"type":"Point","coordinates":[121.4953,25.109436]}},{"type":"Feature","id":"TPS_02334","properties":{"id":"TPS_02334","n_nodes":1},"geometry":{"type":"Point","coordinates":[121.492557,25.111941]}},{"type":"Feature","id":"TPS_02335","properties":{"id":"TPS_02335","n_nodes":1},"geometry":{"type":"Point","coordinates":[121.491014,25.033609]}},{"type":"Feature","id":"TPS_02336","properties":{"id":"TPS_02336","n_nodes":1},"geometry":{"type":"Point","coordinates":[121.503545,25.041592]}},{"type":"Feature","id":"TPS_02337","properties":{"id":"TPS_02337","n_nodes":1},"geometry":{"type":"Point","coordinates":[121.566954,25.08454]}},{"type":"Feature","id":"TPS_02338","properties":{"id":"TPS_02338","n_nodes":1},"geometry":{"type":"Point","coordinates":[121.509917,25.100586]}},{"type":"Feature","id":"TPS_02339","properties":{"id":"TPS_02339","n_nodes":1},"geometry":{"type":"Point","coordinates":[121.520921,25.092179]}},{"type":"Feature","id":"TPS_02340","properties":{"id":"TPS_02340","n_nodes":1},"geometry":{"type":"Point","coordinates":[121.498128,25.13323]}},{"type":"Feature","id":"TPS_02341","properties":{"id":"TPS_02341","n_nodes":1},"geometry":{"type":"Point","coordinates":[121.489289,25.138434]}},{"type":"Feature","id":"TPS_02342","properties":{"id":"TPS_02342","n_nodes":1},"geometry":{"type":"Point","coordinates":[121.504282,25.136445]}},{"type":"Feature","id":"TPS_02343","properties":{"id":"TPS_02343","n_nodes":1},"geometry":{"type":"Point","coordinates":[121.550082,25.113146]}},{"type":"Feature","id":"TPS_02344","properties":{"id":"TPS_02344","n_nodes":1},"geometry":{"type":"Point","coordinates":[121.522134,25.101108]}},{"type":"Feature","id":"TPS_02345","properties":{"id":"TPS_02345","n_nodes":1},"geometry":{"type":"Point","coordinates":[121.499645,25.130243]}},{"type":"Feature","id":"TPS_02346","properties":{"id":"TPS_02346","n_nodes":1},"geometry":{"type":"Point","coordinates":[121.500431,25.127722]}},{"type":"Feature","id":"TPS_02347","properties":{"id":"TPS_02347","n_nodes":1},"geometry":{"type":"Point","coordinates":[121.502784,25.121927]}},{"type":"Feature","id":"TPS_02348","properties":{"id":"TPS_02348","n_nodes":1},"geometry":{"type":"Point","coordinates":[121.50482,25.120892]}},{"type":"Feature","id":"TPS_02349","properties":{"id":"TPS_02349","n_nodes":1},"geometry":{"type":"Point","coordinates":[121.50491,25.121311]}},{"type":"Feature","id":"TPS_02350","properties":{"id":"TPS_02350","n_nodes":1},"geometry":{"type":"Point","coordinates":[121.508774,25.120149]}},{"type":"Feature","id":"TPS_02351","properties":{"id":"TPS_02351","n_nodes":1},"geometry":{"type":"Point","coordinates":[121.508971,25.120528]}},{"type":"Feature","id":"TPS_02352","properties":{"id":"TPS_02352","n_nodes":1},"geometry":{"type":"Point","coordinates":[121.512654,25.119011]}},{"type":"Feature","id":"TPS_02353","properties":{"id":"TPS_02353","n_nodes":1},"geometry":{"type":"Point","coordinates":[121.51355,25.11779]}},{"type":"Feature","id":"TPS_02354","properties":{"id":"TPS_02354","n_nodes":1},"geometry":{"type":"Point","coordinates":[121.515245,25.115367]}},{"type":"Feature","id":"TPS_02355","properties":{"id":"TPS_02355","n_nodes":1},"geometry":{"type":"Point","coordinates":[121.516876,25.111993]}},{"type":"Feature","id":"TPS_02356","properties":{"id":"TPS_02356","n_nodes":1},"geometry":{"type":"Point","coordinates":[121.518068,25.110455]}},{"type":"Feature","id":"TPS_02357","properties":{"id":"TPS_02357","n_nodes":1},"geometry":{"type":"Point","coordinates":[121.51846,25.110702]}},{"type":"Feature","id":"TPS_02358","properties":{"id":"TPS_02358","n_nodes":1},"geometry":{"type":"Point","coordinates":[121.517471,25.1123]}},{"type":"Feature","id":"TPS_02359","properties":{"id":"TPS_02359","n_nodes":1},"geometry":{"type":"Point","coordinates":[121.519402,25.109351]}},{"type":"Feature","id":"TPS_02360","properties":{"id":"TPS_02360","n_nodes":1},"geometry":{"type":"Point","coordinates":[121.519914,25.107787]}},{"type":"Feature","id":"TPS_02361","properties":{"id":"TPS_02361","n_nodes":1},"geometry":{"type":"Point","coordinates":[121.520303,25.108006]}},{"type":"Feature","id":"TPS_02362","properties":{"id":"TPS_02362","n_nodes":1},"geometry":{"type":"Point","coordinates":[121.524301,25.118572]}},{"type":"Feature","id":"TPS_02363","properties":{"id":"TPS_02363","n_nodes":1},"geometry":{"type":"Point","coordinates":[121.592156,25.083463]}},{"type":"Feature","id":"TPS_02364","properties":{"id":"TPS_02364","n_nodes":1},"geometry":{"type":"Point","coordinates":[121.568054,25.065277]}},{"type":"Feature","id":"TPS_02365","properties":{"id":"TPS_02365","n_nodes":1},"geometry":{"type":"Point","coordinates":[121.489909,25.030301]}},{"type":"Feature","id":"TPS_02366","properties":{"id":"TPS_02366","n_nodes":1},"geometry":{"type":"Point","coordinates":[121.504304,25.019893]}},{"type":"Feature","id":"TPS_02367","properties":{"id":"TPS_02367","n_nodes":1},"geometry":{"type":"Point","coordinates":[121.569041,25.086409]}},{"type":"Feature","id":"TPS_02368","properties":{"id":"TPS_02368","n_nodes":1},"geometry":{"type":"Point","coordinates":[121.513614,25.066704]}},{"type":"Feature","id":"TPS_02369","properties":{"id":"TPS_02369","n_nodes":1},"geometry":{"type":"Point","coordinates":[121.502924,25.024416]}},{"type":"Feature","id":"TPS_02370","properties":{"id":"TPS_02370","n_nodes":1},"geometry":{"type":"Point","coordinates":[121.535546,25.013736]}},{"type":"Feature","id":"TPS_02371","properties":{"id":"TPS_02371","n_nodes":1},"geometry":{"type":"Point","coordinates":[121.551674,25.019449]}},{"type":"Feature","id":"TPS_02372","properties":{"id":"TPS_02372","n_nodes":1},"geometry":{"type":"Point","coordinates":[121.516766,25.055932]}},{"type":"Feature","id":"TPS_02373","properties":{"id":"TPS_02373","n_nodes":1},"geometry":{"type":"Point","coordinates":[121.591639,25.081348]}},{"type":"Feature","id":"TPS_02374","properties":{"id":"TPS_02374","n_nodes":1},"geometry":{"type":"Point","coordinates":[121.591384,25.081108]}},{"type":"Feature","id":"TPS_02375","properties":{"id":"TPS_02375","n_nodes":1},"geometry":{"type":"Point","coordinates":[121.592994,25.082512]}},{"type":"Feature","id":"TPS_02376","properties":{"id":"TPS_02376","n_nodes":1},"geometry":{"type":"Point","coordinates":[121.530697,25.093413]}},{"type":"Feature","id":"TPS_02377","properties":{"id":"TPS_02377","n_nodes":1},"geometry":{"type":"Point","coordinates":[121.502671,25.027972]}},{"type":"Feature","id":"TPS_02378","properties":{"id":"TPS_02378","n_nodes":1},"geometry":{"type":"Point","coordinates":[121.614679,25.062135]}},{"type":"Feature","id":"TPS_02379","properties":{"id":"TPS_02379","n_nodes":1},"geometry":{"type":"Point","coordinates":[121.541175,25.021636]}},{"type":"Feature","id":"TPS_02380","properties":{"id":"TPS_02380","n_nodes":1},"geometry":{"type":"Point","coordinates":[121.609281,25.074426]}},{"type":"Feature","id":"TPS_02381","properties":{"id":"TPS_02381","n_nodes":1},"geometry":{"type":"Point","coordinates":[121.59983,25.001981]}},{"type":"Feature","id":"TPS_02382","properties":{"id":"TPS_02382","n_nodes":1},"geometry":{"type":"Point","coordinates":[121.5998,25.056918]}},{"type":"Feature","id":"TPS_02383","properties":{"id":"TPS_02383","n_nodes":1},"geometry":{"type":"Point","coordinates":[121.525962,25.092364]}},{"type":"Feature","id":"TPS_02384","properties":{"id":"TPS_02384","n_nodes":1},"geometry":{"type":"Point","coordinates":[121.546189,25.05451]}},{"type":"Feature","id":"TPS_02385","properties":{"id":"TPS_02385","n_nodes":1},"geometry":{"type":"Point","coordinates":[121.549783,25.026865]}},{"type":"Feature","id":"TPS_02386","properties":{"id":"TPS_02386","n_nodes":1},"geometry":{"type":"Point","coordinates":[121.546024,25.029355]}},{"type":"Feature","id":"TPS_02387","properties":{"id":"TPS_02387","n_nodes":1},"geometry":{"type":"Point","coordinates":[121.562857,25.047183]}},{"type":"Feature","id":"TPS_02388","properties":{"id":"TPS_02388","n_nodes":1},"geometry":{"type":"Point","coordinates":[121.521875,25.119242]}},{"type":"Feature","id":"TPS_02389","properties":{"id":"TPS_02389","n_nodes":1},"geometry":{"type":"Point","coordinates":[121.544208,25.077494]}},{"type":"Feature","id":"TPS_02390","properties":{"id":"TPS_02390","n_nodes":1},"geometry":{"type":"Point","coordinates":[121.568853,25.025804]}},{"type":"Feature","id":"TPS_02391","properties":{"id":"TPS_02391","n_nodes":1},"geometry":{"type":"Point","coordinates":[121.531828,25.12212]}},{"type":"Feature","id":"TPS_02392","properties":{"id":"TPS_02392","n_nodes":1},"geometry":{"type":"Point","coordinates":[121.603211,25.064042]}},{"type":"Feature","id":"TPS_02393","properties":{"id":"TPS_02393","n_nodes":1},"geometry":{"type":"Point","coordinates":[121.50261,25.045717]}},{"type":"Feature","id":"TPS_02394","properties":{"id":"TPS_02394","n_nodes":1},"geometry":{"type":"Point","coordinates":[121.547207,25.109513]}},{"type":"Feature","id":"TPS_02395","properties":{"id":"TPS_02395","n_nodes":1},"geometry":{"type":"Point","coordinates":[121.559931,25.045762]}},{"type":"Feature","id":"TPS_02396","properties":{"id":"TPS_02396","n_nodes":1},"geometry":{"type":"Point","coordinates":[121.515072,25.037103]}},{"type":"Feature","id":"TPS_02397","properties":{"id":"TPS_02397","n_nodes":1},"geometry":{"type":"Point","coordinates":[121.495716,25.027513]}},{"type":"Feature","id":"TPS_02398","properties":{"id":"TPS_02398","n_nodes":1},"geometry":{"type":"Point","coordinates":[121.503415,25.026031]}},{"type":"Feature","id":"TPS_02399","properties":{"id":"TPS_02399","n_nodes":1},"geometry":{"type":"Point","coordinates":[121.502966,25.038162]}},{"type":"Feature","id":"TPS_02400","properties":{"id":"TPS_02400","n_nodes":1},"geometry":{"type":"Point","coordinates":[121.57109,25.078118]}},{"type":"Feature","id":"TPS_02401","properties":{"id":"TPS_02401","n_nodes":1},"geometry":{"type":"Point","coordinates":[121.594461,25.049502]}},{"type":"Feature","id":"TPS_02402","properties":{"id":"TPS_02402","n_nodes":1},"geometry":{"type":"Point","coordinates":[121.537455,25.027702]}},{"type":"Feature","id":"TPS_02403","properties":{"id":"TPS_02403","n_nodes":1},"geometry":{"type":"Point","coordinates":[121.527527,25.061655]}},{"type":"Feature","id":"TPS_02404","properties":{"id":"TPS_02404","n_nodes":1},"geometry":{"type":"Point","coordinates":[121.529541,25.054872]}},{"type":"Feature","id":"TPS_02405","properties":{"id":"TPS_02405","n_nodes":1},"geometry":{"type":"Point","coordinates":[121.511517,25.031111]}},{"type":"Feature","id":"TPS_02406","properties":{"id":"TPS_02406","n_nodes":1},"geometry":{"type":"Point","coordinates":[121.539523,25.023778]}},{"type":"Feature","id":"TPS_02407","properties":{"id":"TPS_02407","n_nodes":1},"geometry":{"type":"Point","coordinates":[121.532535,25.099239]}},{"type":"Feature","id":"TPS_02408","properties":{"id":"TPS_02408","n_nodes":1},"geometry":{"type":"Point","coordinates":[121.615593,25.069508]}},{"type":"Feature","id":"TPS_02409","properties":{"id":"TPS_02409","n_nodes":1},"geometry":{"type":"Point","coordinates":[121.59186,25.054087]}},{"type":"Feature","id":"TPS_02410","properties":{"id":"TPS_02410","n_nodes":1},"geometry":{"type":"Point","coordinates":[121.548249,25.024539]}},{"type":"Feature","id":"TPS_02411","properties":{"id":"TPS_02411","n_nodes":1},"geometry":{"type":"Point","coordinates":[121.50353,25.036544]}},{"type":"Feature","id":"TPS_02412","properties":{"id":"TPS_02412","n_nodes":1},"geometry":{"type":"Point","coordinates":[121.563613,25.039145]}},{"type":"Feature","id":"TPS_02413","properties":{"id":"TPS_02413","n_nodes":1},"geometry":{"type":"Point","coordinates":[121.49087,25.024658]}},{"type":"Feature","id":"TPS_02414","properties":{"id":"TPS_02414","n_nodes":1},"geometry":{"type":"Point","coordinates":[121.574669,25.069778]}},{"type":"Feature","id":"TPS_02415","properties":{"id":"TPS_02415","n_nodes":1},"geometry":{"type":"Point","coordinates":[121.503834,25.038014]}},{"type":"Feature","id":"TPS_02416","properties":{"id":"TPS_02416","n_nodes":1},"geometry":{"type":"Point","coordinates":[121.563565,25.035895]}},{"type":"Feature","id":"TPS_02417","properties":{"id":"TPS_02417","n_nodes":1},"geometry":{"type":"Point","coordinates":[121.512835,25.038786]}},{"type":"Feature","id":"TPS_02418","properties":{"id":"TPS_02418","n_nodes":1},"geometry":{"type":"Point","coordinates":[121.565561,25.039107]}},{"type":"Feature","id":"TPS_02419","properties":{"id":"TPS_02419","n_nodes":1},"geometry":{"type":"Point","coordinates":[121.61697,25.05141]}},{"type":"Feature","id":"TPS_02420","properties":{"id":"TPS_02420","n_nodes":1},"geometry":{"type":"Point","coordinates":[121.575238,24.984902]}},{"type":"Feature","id":"TPS_02421","properties":{"id":"TPS_02421","n_nodes":1},"geometry":{"type":"Point","coordinates":[121.503692,25.100418]}},{"type":"Feature","id":"TPS_02422","properties":{"id":"TPS_02422","n_nodes":1},"geometry":{"type":"Point","coordinates":[121.50796,25.0422]}},{"type":"Feature","id":"TPS_02423","properties":{"id":"TPS_02423","n_nodes":1},"geometry":{"type":"Point","coordinates":[121.534886,25.024962]}},{"type":"Feature","id":"TPS_02424","properties":{"id":"TPS_02424","n_nodes":1},"geometry":{"type":"Point","coordinates":[121.499617,25.035332]}},{"type":"Feature","id":"TPS_02425","properties":{"id":"TPS_02425","n_nodes":1},"geometry":{"type":"Point","coordinates":[121.583054,25.000158]}},{"type":"Feature","id":"TPS_02426","properties":{"id":"TPS_02426","n_nodes":1},"geometry":{"type":"Point","coordinates":[121.580146,24.998753]}},{"type":"Feature","id":"TPS_02427","properties":{"id":"TPS_02427","n_nodes":1},"geometry":{"type":"Point","coordinates":[121.505136,25.036446]}},{"type":"Feature","id":"TPS_02428","properties":{"id":"TPS_02428","n_nodes":1},"geometry":{"type":"Point","coordinates":[121.502866,25.04448]}},{"type":"Feature","id":"TPS_02429","properties":{"id":"TPS_02429","n_nodes":1},"geometry":{"type":"Point","coordinates":[121.575123,25.05311]}},{"type":"Feature","id":"TPS_02430","properties":{"id":"TPS_02430","n_nodes":1},"geometry":{"type":"Point","coordinates":[121.517269,25.045429]}},{"type":"Feature","id":"TPS_02431","properties":{"id":"TPS_02431","n_nodes":1},"geometry":{"type":"Point","coordinates":[121.583572,25.002847]}},{"type":"Feature","id":"TPS_02432","properties":{"id":"TPS_02432","n_nodes":1},"geometry":{"type":"Point","coordinates":[121.570937,24.990768]}},{"type":"Feature","id":"TPS_02433","properties":{"id":"TPS_02433","n_nodes":1},"geometry":{"type":"Point","coordinates":[121.564233,24.988639]}},{"type":"Feature","id":"TPS_02434","properties":{"id":"TPS_02434","n_nodes":1},"geometry":{"type":"Point","coordinates":[121.565444,25.035877]}},{"type":"Feature","id":"TPS_02435","properties":{"id":"TPS_02435","n_nodes":1},"geometry":{"type":"Point","coordinates":[121.567133,25.0391]}},{"type":"Feature","id":"TPS_02436","properties":{"id":"TPS_02436","n_nodes":1},"geometry":{"type":"Point","coordinates":[121.550299,25.061525]}},{"type":"Feature","id":"TPS_02437","properties":{"id":"TPS_02437","n_nodes":1},"geometry":{"type":"Point","coordinates":[121.551328,25.061595]}},{"type":"Feature","id":"TPS_02438","properties":{"id":"TPS_02438","n_nodes":1},"geometry":{"type":"Point","coordinates":[121.544161,25.062547]}},{"type":"Feature","id":"TPS_02439","properties":{"id":"TPS_02439","n_nodes":1},"geometry":{"type":"Point","coordinates":[121.544319,25.061844]}},{"type":"Feature","id":"TPS_02440","properties":{"id":"TPS_02440","n_nodes":1},"geometry":{"type":"Point","coordinates":[121.544563,25.062225]}},{"type":"Feature","id":"TPS_02441","properties":{"id":"TPS_02441","n_nodes":1},"geometry":{"type":"Point","coordinates":[121.569945,25.054386]}},{"type":"Feature","id":"TPS_02442","properties":{"id":"TPS_02442","n_nodes":1},"geometry":{"type":"Point","coordinates":[121.556884,25.053758]}},{"type":"Feature","id":"TPS_02443","properties":{"id":"TPS_02443","n_nodes":1},"geometry":{"type":"Point","coordinates":[121.549979,25.051811]}},{"type":"Feature","id":"TPS_02444","properties":{"id":"TPS_02444","n_nodes":1},"geometry":{"type":"Point","coordinates":[121.544111,25.051578]}},{"type":"Feature","id":"TPS_02445","properties":{"id":"TPS_02445","n_nodes":1},"geometry":{"type":"Point","coordinates":[121.552983,25.05173]}},{"type":"Feature","id":"TPS_02446","properties":{"id":"TPS_02446","n_nodes":1},"geometry":{"type":"Point","coordinates":[121.552347,25.051607]}},{"type":"Feature","id":"TPS_02447","properties":{"id":"TPS_02447","n_nodes":1},"geometry":{"type":"Point","coordinates":[121.552751,25.051415]}},{"type":"Feature","id":"TPS_02448","properties":{"id":"TPS_02448","n_nodes":1},"geometry":{"type":"Point","coordinates":[121.552612,25.051924]}},{"type":"Feature","id":"TPS_02449","properties":{"id":"TPS_02449","n_nodes":1},"geometry":{"type":"Point","coordinates":[121.55439,25.051534]}},{"type":"Feature","id":"TPS_02450","properties":{"id":"TPS_02450","n_nodes":1},"geometry":{"type":"Point","coordinates":[121.556521,25.051669]}},{"type":"Feature","id":"TPS_02451","properties":{"id":"TPS_02451","n_nodes":1},"geometry":{"type":"Point","coordinates":[121.557249,25.051806]}},{"type":"Feature","id":"TPS_02452","properties":{"id":"TPS_02452","n_nodes":1},"geometry":{"type":"Point","coordinates":[121.557025,25.051491]}},{"type":"Feature","id":"TPS_02453","properties":{"id":"TPS_02453","n_nodes":1},"geometry":{"type":"Point","coordinates":[121.558218,25.051602]}},{"type":"Feature","id":"TPS_02454","properties":{"id":"TPS_02454","n_nodes":1},"geometry":{"type":"Point","coordinates":[121.55794,25.051218]}},{"type":"Feature","id":"TPS_02455","properties":{"id":"TPS_02455","n_nodes":1},"geometry":{"type":"Point","coordinates":[121.563356,25.037527]}},{"type":"Feature","id":"TPS_02456","properties":{"id":"TPS_02456","n_nodes":1},"geometry":{"type":"Point","coordinates":[121.563573,25.037265]}},{"type":"Feature","id":"TPS_02457","properties":{"id":"TPS_02457","n_nodes":1},"geometry":{"type":"Point","coordinates":[121.563584,25.037789]}},{"type":"Feature","id":"TPS_02458","properties":{"id":"TPS_02458","n_nodes":1},"geometry":{"type":"Point","coordinates":[121.565907,25.04372]}},{"type":"Feature","id":"TPS_02459","properties":{"id":"TPS_02459","n_nodes":1},"geometry":{"type":"Point","coordinates":[121.56513,25.051323]}},{"type":"Feature","id":"TPS_02460","properties":{"id":"TPS_02460","n_nodes":1},"geometry":{"type":"Point","coordinates":[121.565626,25.048145]}},{"type":"Feature","id":"TPS_02461","properties":{"id":"TPS_02461","n_nodes":1},"geometry":{"type":"Point","coordinates":[121.565979,25.048061]}},{"type":"Feature","id":"TPS_02462","properties":{"id":"TPS_02462","n_nodes":1},"geometry":{"type":"Point","coordinates":[121.566876,25.045885]}},{"type":"Feature","id":"TPS_02463","properties":{"id":"TPS_02463","n_nodes":1},"geometry":{"type":"Point","coordinates":[121.567104,25.045369]}},{"type":"Feature","id":"TPS_02464","properties":{"id":"TPS_02464","n_nodes":1},"geometry":{"type":"Point","coordinates":[121.56879,25.048946]}},{"type":"Feature","id":"TPS_02465","properties":{"id":"TPS_02465","n_nodes":1},"geometry":{"type":"Point","coordinates":[121.569379,25.049647]}},{"type":"Feature","id":"TPS_02466","properties":{"id":"TPS_02466","n_nodes":1},"geometry":{"type":"Point","coordinates":[121.569264,25.048922]}},{"type":"Feature","id":"TPS_02467","properties":{"id":"TPS_02467","n_nodes":1},"geometry":{"type":"Point","coordinates":[121.56944,25.057213]}},{"type":"Feature","id":"TPS_02468","properties":{"id":"TPS_02468","n_nodes":1},"geometry":{"type":"Point","coordinates":[121.569108,25.059127]}},{"type":"Feature","id":"TPS_02469","properties":{"id":"TPS_02469","n_nodes":1},"geometry":{"type":"Point","coordinates":[121.568943,25.060053]}},{"type":"Feature","id":"TPS_02470","properties":{"id":"TPS_02470","n_nodes":1},"geometry":{"type":"Point","coordinates":[121.568771,25.060331]}},{"type":"Feature","id":"TPS_02471","properties":{"id":"TPS_02471","n_nodes":1},"geometry":{"type":"Point","coordinates":[121.56815,25.063797]}},{"type":"Feature","id":"TPS_02472","properties":{"id":"TPS_02472","n_nodes":1},"geometry":{"type":"Point","coordinates":[121.56354,25.051363]}},{"type":"Feature","id":"TPS_02473","properties":{"id":"TPS_02473","n_nodes":1},"geometry":{"type":"Point","coordinates":[121.559023,25.051445]}},{"type":"Feature","id":"TPS_02474","properties":{"id":"TPS_02474","n_nodes":1},"geometry":{"type":"Point","coordinates":[121.559401,25.051582]}},{"type":"Feature","id":"TPS_02475","properties":{"id":"TPS_02475","n_nodes":1},"geometry":{"type":"Point","coordinates":[121.557769,25.048402]}},{"type":"Feature","id":"TPS_02476","properties":{"id":"TPS_02476","n_nodes":1},"geometry":{"type":"Point","coordinates":[121.557536,25.048161]}},{"type":"Feature","id":"TPS_02477","properties":{"id":"TPS_02477","n_nodes":1},"geometry":{"type":"Point","coordinates":[121.573416,25.070099]}},{"type":"Feature","id":"TPS_02478","properties":{"id":"TPS_02478","n_nodes":1},"geometry":{"type":"Point","coordinates":[121.56697,25.035843]}},{"type":"Feature","id":"TPS_02479","properties":{"id":"TPS_02479","n_nodes":1},"geometry":{"type":"Point","coordinates":[121.548568,25.035531]}},{"type":"Feature","id":"TPS_02480","properties":{"id":"TPS_02480","n_nodes":1},"geometry":{"type":"Point","coordinates":[121.544229,25.072538]}},{"type":"Feature","id":"TPS_02481","properties":{"id":"TPS_02481","n_nodes":1},"geometry":{"type":"Point","coordinates":[121.543978,25.072202]}},{"type":"Feature","id":"TPS_02482","properties":{"id":"TPS_02482","n_nodes":1},"geometry":{"type":"Point","coordinates":[121.567874,25.066593]}},{"type":"Feature","id":"TPS_02483","properties":{"id":"TPS_02483","n_nodes":1},"geometry":{"type":"Point","coordinates":[121.567955,25.066173]}},{"type":"Feature","id":"TPS_02484","properties":{"id":"TPS_02484","n_nodes":1},"geometry":{"type":"Point","coordinates":[121.567529,25.066386]}},{"type":"Feature","id":"TPS_02485","properties":{"id":"TPS_02485","n_nodes":1},"geometry":{"type":"Point","coordinates":[121.559332,25.062413]}},{"type":"Feature","id":"TPS_02486","properties":{"id":"TPS_02486","n_nodes":1},"geometry":{"type":"Point","coordinates":[121.558971,25.062227]}},{"type":"Feature","id":"TPS_02487","properties":{"id":"TPS_02487","n_nodes":1},"geometry":{"type":"Point","coordinates":[121.560297,25.062538]}},{"type":"Feature","id":"TPS_02488","properties":{"id":"TPS_02488","n_nodes":1},"geometry":{"type":"Point","coordinates":[121.56624,25.063359]}},{"type":"Feature","id":"TPS_02489","properties":{"id":"TPS_02489","n_nodes":1},"geometry":{"type":"Point","coordinates":[121.565867,25.06351]}},{"type":"Feature","id":"TPS_02490","properties":{"id":"TPS_02490","n_nodes":1},"geometry":{"type":"Point","coordinates":[121.565728,25.063142]}},{"type":"Feature","id":"TPS_02491","properties":{"id":"TPS_02491","n_nodes":1},"geometry":{"type":"Point","coordinates":[121.566074,25.062984]}},{"type":"Feature","id":"TPS_02492","properties":{"id":"TPS_02492","n_nodes":1},"geometry":{"type":"Point","coordinates":[121.57001,25.049643]}},{"type":"Feature","id":"TPS_02493","properties":{"id":"TPS_02493","n_nodes":1},"geometry":{"type":"Point","coordinates":[121.532434,25.042353]}},{"type":"Feature","id":"TPS_02494","properties":{"id":"TPS_02494","n_nodes":1},"geometry":{"type":"Point","coordinates":[121.533207,25.04234]}},{"type":"Feature","id":"TPS_02495","properties":{"id":"TPS_02495","n_nodes":1},"geometry":{"type":"Point","coordinates":[121.533371,25.067381]}},{"type":"Feature","id":"TPS_02496","properties":{"id":"TPS_02496","n_nodes":1},"geometry":{"type":"Point","coordinates":[121.53376,25.068294]}},{"type":"Feature","id":"TPS_02497","properties":{"id":"TPS_02497","n_nodes":1},"geometry":{"type":"Point","coordinates":[121.533029,25.068495]}},{"type":"Feature","id":"TPS_02498","properties":{"id":"TPS_02498","n_nodes":1},"geometry":{"type":"Point","coordinates":[121.53281,25.068206]}},{"type":"Feature","id":"TPS_02499","properties":{"id":"TPS_02499","n_nodes":1},"geometry":{"type":"Point","coordinates":[121.533156,25.062755]}},{"type":"Feature","id":"TPS_02500","properties":{"id":"TPS_02500","n_nodes":1},"geometry":{"type":"Point","coordinates":[121.533502,25.058]}},{"type":"Feature","id":"TPS_02501","properties":{"id":"TPS_02501","n_nodes":1},"geometry":{"type":"Point","coordinates":[121.533078,25.0582]}},{"type":"Feature","id":"TPS_02502","properties":{"id":"TPS_02502","n_nodes":1},"geometry":{"type":"Point","coordinates":[121.532785,25.057942]}},{"type":"Feature","id":"TPS_02503","properties":{"id":"TPS_02503","n_nodes":1},"geometry":{"type":"Point","coordinates":[121.533219,25.057646]}},{"type":"Feature","id":"TPS_02504","properties":{"id":"TPS_02504","n_nodes":1},"geometry":{"type":"Point","coordinates":[121.532731,25.05481]}},{"type":"Feature","id":"TPS_02505","properties":{"id":"TPS_02505","n_nodes":1},"geometry":{"type":"Point","coordinates":[121.549102,25.039713]}},{"type":"Feature","id":"TPS_02506","properties":{"id":"TPS_02506","n_nodes":1},"geometry":{"type":"Point","coordinates":[121.54941,25.039895]}},{"type":"Feature","id":"TPS_02507","properties":{"id":"TPS_02507","n_nodes":1},"geometry":{"type":"Point","coordinates":[121.549342,25.041586]}},{"type":"Feature","id":"TPS_02508","properties":{"id":"TPS_02508","n_nodes":1},"geometry":{"type":"Point","coordinates":[121.548374,25.041472]}},{"type":"Feature","id":"TPS_02509","properties":{"id":"TPS_02509","n_nodes":1},"geometry":{"type":"Point","coordinates":[121.549475,25.048196]}},{"type":"Feature","id":"TPS_02510","properties":{"id":"TPS_02510","n_nodes":1},"geometry":{"type":"Point","coordinates":[121.549164,25.024605]}},{"type":"Feature","id":"TPS_02511","properties":{"id":"TPS_02511","n_nodes":1},"geometry":{"type":"Point","coordinates":[121.54923,25.017278]}},{"type":"Feature","id":"TPS_02512","properties":{"id":"TPS_02512","n_nodes":1},"geometry":{"type":"Point","coordinates":[121.54878,25.016634]}},{"type":"Feature","id":"TPS_02513","properties":{"id":"TPS_02513","n_nodes":1},"geometry":{"type":"Point","coordinates":[121.552722,25.014695]}},{"type":"Feature","id":"TPS_02514","properties":{"id":"TPS_02514","n_nodes":1},"geometry":{"type":"Point","coordinates":[121.551096,25.015383]}},{"type":"Feature","id":"TPS_02515","properties":{"id":"TPS_02515","n_nodes":1},"geometry":{"type":"Point","coordinates":[121.551622,25.015355]}},{"type":"Feature","id":"TPS_02516","properties":{"id":"TPS_02516","n_nodes":1},"geometry":{"type":"Point","coordinates":[121.54339,25.020882]}},{"type":"Feature","id":"TPS_02517","properties":{"id":"TPS_02517","n_nodes":1},"geometry":{"type":"Point","coordinates":[121.5433,25.021676]}},{"type":"Feature","id":"TPS_02518","properties":{"id":"TPS_02518","n_nodes":1},"geometry":{"type":"Point","coordinates":[121.537412,25.022155]}},{"type":"Feature","id":"TPS_02519","properties":{"id":"TPS_02519","n_nodes":1},"geometry":{"type":"Point","coordinates":[121.536748,25.06824]}},{"type":"Feature","id":"TPS_02520","properties":{"id":"TPS_02520","n_nodes":1},"geometry":{"type":"Point","coordinates":[121.525547,25.068356]}},{"type":"Feature","id":"TPS_02521","properties":{"id":"TPS_02521","n_nodes":1},"geometry":{"type":"Point","coordinates":[121.525906,25.068452]}},{"type":"Feature","id":"TPS_02522","properties":{"id":"TPS_02522","n_nodes":1},"geometry":{"type":"Point","coordinates":[121.529933,25.071371]}},{"type":"Feature","id":"TPS_02523","properties":{"id":"TPS_02523","n_nodes":1},"geometry":{"type":"Point","coordinates":[121.51342,25.068651]}},{"type":"Feature","id":"TPS_02524","properties":{"id":"TPS_02524","n_nodes":1},"geometry":{"type":"Point","coordinates":[121.513634,25.068904]}},{"type":"Feature","id":"TPS_02525","properties":{"id":"TPS_02525","n_nodes":1},"geometry":{"type":"Point","coordinates":[121.518095,25.068508]}},{"type":"Feature","id":"TPS_02526","properties":{"id":"TPS_02526","n_nodes":1},"geometry":{"type":"Point","coordinates":[121.518344,25.06878]}},{"type":"Feature","id":"TPS_02527","properties":{"id":"TPS_02527","n_nodes":1},"geometry":{"type":"Point","coordinates":[121.511166,25.068681]}},{"type":"Feature","id":"TPS_02528","properties":{"id":"TPS_02528","n_nodes":1},"geometry":{"type":"Point","coordinates":[121.509118,25.068891]}},{"type":"Feature","id":"TPS_02529","properties":{"id":"TPS_02529","n_nodes":1},"geometry":{"type":"Point","coordinates":[121.502563,25.043257]}},{"type":"Feature","id":"TPS_02530","properties":{"id":"TPS_02530","n_nodes":1},"geometry":{"type":"Point","coordinates":[121.502915,25.043475]}},{"type":"Feature","id":"TPS_02531","properties":{"id":"TPS_02531","n_nodes":1},"geometry":{"type":"Point","coordinates":[121.535736,25.045719]}},{"type":"Feature","id":"TPS_02532","properties":{"id":"TPS_02532","n_nodes":1},"geometry":{"type":"Point","coordinates":[121.537086,25.046148]}},{"type":"Feature","id":"TPS_02533","properties":{"id":"TPS_02533","n_nodes":1},"geometry":{"type":"Point","coordinates":[121.536913,25.04585]}},{"type":"Feature","id":"TPS_02534","properties":{"id":"TPS_02534","n_nodes":1},"geometry":{"type":"Point","coordinates":[121.536418,25.046309]}},{"type":"Feature","id":"TPS_02535","properties":{"id":"TPS_02535","n_nodes":1},"geometry":{"type":"Point","coordinates":[121.543556,25.04748]}},{"type":"Feature","id":"TPS_02536","properties":{"id":"TPS_02536","n_nodes":1},"geometry":{"type":"Point","coordinates":[121.543869,25.047763]}},{"type":"Feature","id":"TPS_02537","properties":{"id":"TPS_02537","n_nodes":1},"geometry":{"type":"Point","coordinates":[121.543998,25.047317]}},{"type":"Feature","id":"TPS_02538","properties":{"id":"TPS_02538","n_nodes":1},"geometry":{"type":"Point","coordinates":[121.544263,25.047662]}},{"type":"Feature","id":"TPS_02539","properties":{"id":"TPS_02539","n_nodes":1},"geometry":{"type":"Point","coordinates":[121.54838,25.048206]}},{"type":"Feature","id":"TPS_02540","properties":{"id":"TPS_02540","n_nodes":1},"geometry":{"type":"Point","coordinates":[121.554875,25.048087]}},{"type":"Feature","id":"TPS_02541","properties":{"id":"TPS_02541","n_nodes":1},"geometry":{"type":"Point","coordinates":[121.555231,25.048048]}},{"type":"Feature","id":"TPS_02542","properties":{"id":"TPS_02542","n_nodes":1},"geometry":{"type":"Point","coordinates":[121.561217,25.048524]}},{"type":"Feature","id":"TPS_02543","properties":{"id":"TPS_02543","n_nodes":1},"geometry":{"type":"Point","coordinates":[121.563023,25.04871]}},{"type":"Feature","id":"TPS_02544","properties":{"id":"TPS_02544","n_nodes":1},"geometry":{"type":"Point","coordinates":[121.562813,25.048448]}},{"type":"Feature","id":"TPS_02545","properties":{"id":"TPS_02545","n_nodes":1},"geometry":{"type":"Point","coordinates":[121.564259,25.048828]}},{"type":"Feature","id":"TPS_02546","properties":{"id":"TPS_02546","n_nodes":1},"geometry":{"type":"Point","coordinates":[121.587448,25.060765]}},{"type":"Feature","id":"TPS_02547","properties":{"id":"TPS_02547","n_nodes":1},"geometry":{"type":"Point","coordinates":[121.574763,25.053185]}},{"type":"Feature","id":"TPS_02548","properties":{"id":"TPS_02548","n_nodes":1},"geometry":{"type":"Point","coordinates":[121.530359,25.043755]}},{"type":"Feature","id":"TPS_02549","properties":{"id":"TPS_02549","n_nodes":1},"geometry":{"type":"Point","coordinates":[121.617839,25.0658]}},{"type":"Feature","id":"TPS_02550","properties":{"id":"TPS_02550","n_nodes":1},"geometry":{"type":"Point","coordinates":[121.548435,25.044802]}},{"type":"Feature","id":"TPS_02551","properties":{"id":"TPS_02551","n_nodes":1},"geometry":{"type":"Point","coordinates":[121.54934,25.044912]}},{"type":"Feature","id":"TPS_02552","properties":{"id":"TPS_02552","n_nodes":1},"geometry":{"type":"Point","coordinates":[121.539595,25.04474]}},{"type":"Feature","id":"TPS_02553","properties":{"id":"TPS_02553","n_nodes":1},"geometry":{"type":"Point","coordinates":[121.560691,25.0451]}},{"type":"Feature","id":"TPS_02554","properties":{"id":"TPS_02554","n_nodes":1},"geometry":{"type":"Point","coordinates":[121.560081,25.045435]}},{"type":"Feature","id":"TPS_02555","properties":{"id":"TPS_02555","n_nodes":1},"geometry":{"type":"Point","coordinates":[121.523458,25.070949]}}]}