{"type":"FeatureCollection","features":[{"type":"Feature","geometry":{"type":"Point","coordinates":[121.6022,25.05371]},"properties":{"hotspot_id":"臺北市-49819","hotspot_type":"intersection","county":"臺北市","township":"南港區","road_or_intersection":"南港路2段","accident_count":23,"motorcycle_accident_count":23,"pedestrian_accident_count":3,"death_count":0,"injury_count":31,"fatal_accident_count":0,"risk_score":90.9,"risk_level":"extreme","confidence":"confirmed","motorcycle_accident_ratio":1.0,"pedestrian_accident_ratio":0.1304}},{"type":"Feature","geometry":{"type":"Point","coordinates":[121.52255,25.0978]},"properties":{"hotspot_id":"臺北市-50130","hotspot_type":"intersection","county":"臺北市","township":"士林區","road_or_intersection":"文林路","accident_count":20,"motorcycle_accident_count":20,"pedestrian_accident_count":2,"death_count":0,"injury_count":37,"fatal_accident_count":0,"risk_score":90.7,"risk_level":"extreme","confidence":"confirmed","motorcycle_accident_ratio":1.0,"pedestrian_accident_ratio":0.1}},{"type":"Feature","geometry":{"type":"Point","coordinates":[121.51604,25.02728]},"properties":{"hotspot_id":"臺北市-48891","hotspot_type":"intersection","county":"臺北市","township":"中正區","road_or_intersection":"和平西路1段 x 重慶南路3段","accident_count":30,"motorcycle_accident_count":30,"pedestrian_accident_count":1,"death_count":0,"injury_count":42,"fatal_accident_count":0,"risk_score":90.6,"risk_level":"extreme","confidence":"confirmed","motorcycle_accident_ratio":1.0,"pedestrian_accident_ratio":0.0333}},{"type":"Feature","geometry":{"type":"Point","coordinates":[121.52602,25.11109]},"properties":{"hotspot_id":"臺北市-51398","hotspot_type":"intersection","county":"臺北市","township":"士林區","road_or_intersection":"中山北路6段","accident_count":27,"motorcycle_accident_count":27,"pedestrian_accident_count":2,"death_count":0,"injury_count":35,"fatal_accident_count":0,"risk_score":90.6,"risk_level":"extreme","confidence":"probable","motorcycle_accident_ratio":1.0,"pedestrian_accident_ratio":0.0741}},{"type":"Feature","geometry":{"type":"Point","coordinates":[121.6162,25.04314]},"properties":{"hotspot_id":"臺北市-49891","hotspot_type":"intersection","county":"臺北市","township":"南港區","road_or_intersection":"研究院路2段","accident_count":19,"motorcycle_accident_count":19,"pedestrian_accident_count":3,"death_count":0,"injury_count":24,"fatal_accident_count":0,"risk_score":90.1,"risk_level":"extreme","confidence":"confirmed","motorcycle_accident_ratio":1.0,"pedestrian_accident_ratio":0.1579}},{"type":"Feature","geometry":{"type":"Point","coordinates":[121.51258,25.03495]},"properties":{"hotspot_id":"臺北市-48969","hotspot_type":"intersection","county":"臺北市","township":"中正區","road_or_intersection":"愛國西路 x 重慶南路2段","accident_count":16,"motorcycle_accident_count":16,"pedestrian_accident_count":1,"death_count":1,"injury_count":25,"fatal_accident_count":1,"risk_score":89.8,"risk_level":"extreme","confidence":"confirmed","motorcycle_accident_ratio":1.0,"pedestrian_accident_ratio":0.0625}},{"type":"Feature","geometry":{"type":"Point","coordinates":[121.53083,25.01587]},"properties":{"hotspot_id":"臺北市-49019","hotspot_type":"intersection","county":"臺北市","township":"中正區","road_or_intersection":"汀州路3段","accident_count":17,"motorcycle_accident_count":17,"pedestrian_accident_count":2,"death_count":0,"injury_count":24,"fatal_accident_count":0,"risk_score":89.6,"risk_level":"extreme","confidence":"confirmed","motorcycle_accident_ratio":1.0,"pedestrian_accident_ratio":0.1176}},{"type":"Feature","geometry":{"type":"Point","coordinates":[121.58642,25.05429]},"properties":{"hotspot_id":"臺北市-49830","hotspot_type":"intersection","county":"臺北市","township":"南港區","road_or_intersection":"南港路3段 x 松河街","accident_count":17,"motorcycle_accident_count":17,"pedestrian_accident_count":2,"death_count":0,"injury_count":24,"fatal_accident_count":0,"risk_score":89.6,"risk_level":"extreme","confidence":"confirmed","motorcycle_accident_ratio":1.0,"pedestrian_accident_ratio":0.1176}},{"type":"Feature","geometry":{"type":"Point","coordinates":[121.59979,25.06324]},"properties":{"hotspot_id":"臺北市-49326","hotspot_type":"intersection","county":"臺北市","township":"內湖區","road_or_intersection":"安康路","accident_count":18,"motorcycle_accident_count":18,"pedestrian_accident_count":1,"death_count":0,"injury_count":27,"fatal_accident_count":0,"risk_score":89.5,"risk_level":"extreme","confidence":"confirmed","motorcycle_accident_ratio":1.0,"pedestrian_accident_ratio":0.0556}},{"type":"Feature","geometry":{"type":"Point","coordinates":[121.49989,25.09745]},"properties":{"hotspot_id":"臺北市-50077","hotspot_type":"intersection","county":"臺北市","township":"士林區","road_or_intersection":"延平北路7段","accident_count":19,"motorcycle_accident_count":19,"pedestrian_accident_count":1,"death_count":0,"injury_count":26,"fatal_accident_count":0,"risk_score":89.5,"risk_level":"extreme","confidence":"confirmed","motorcycle_accident_ratio":1.0,"pedestrian_accident_ratio":0.0526}},{"type":"Feature","geometry":{"type":"Point","coordinates":[121.48343,25.13744]},"properties":{"hotspot_id":"臺北市-49504","hotspot_type":"intersection","county":"臺北市","township":"北投區","road_or_intersection":"中央北路3段","accident_count":18,"motorcycle_accident_count":18,"pedestrian_accident_count":1,"death_count":0,"injury_count":25,"fatal_accident_count":0,"risk_score":89.2,"risk_level":"extreme","confidence":"confirmed","motorcycle_accident_ratio":1.0,"pedestrian_accident_ratio":0.0556}},{"type":"Feature","geometry":{"type":"Point","coordinates":[121.51897,25.04186]},"properties":{"hotspot_id":"臺北市-48764","hotspot_type":"intersection","county":"臺北市","township":"中正區","road_or_intersection":"中山南路 x 徐州路","accident_count":14,"motorcycle_accident_count":14,"pedestrian_accident_count":1,"death_count":0,"injury_count":25,"fatal_accident_count":0,"risk_score":88.7,"risk_level":"extreme","confidence":"confirmed","motorcycle_accident_ratio":1.0,"pedestrian_accident_ratio":0.0714}},{"type":"Feature","geometry":{"type":"Point","coordinates":[121.53462,25.04521]},"properties":{"hotspot_id":"臺北市-51845","hotspot_type":"intersection","county":"臺北市","township":"中山區","road_or_intersection":"民大道3段","accident_count":16,"motorcycle_accident_count":16,"pedestrian_accident_count":1,"death_count":0,"injury_count":23,"fatal_accident_count":0,"risk_score":88.7,"risk_level":"extreme","confidence":"probable","motorcycle_accident_ratio":1.0,"pedestrian_accident_ratio":0.0625}},{"type":"Feature","geometry":{"type":"Point","coordinates":[121.50121,25.03824]},"properties":{"hotspot_id":"臺北市-51173","hotspot_type":"intersection","county":"臺北市","township":"萬華區","road_or_intersection":"康定路 x 桂林路","accident_count":16,"motorcycle_accident_count":16,"pedestrian_accident_count":1,"death_count":0,"injury_count":22,"fatal_accident_count":0,"risk_score":88.5,"risk_level":"extreme","confidence":"confirmed","motorcycle_accident_ratio":1.0,"pedestrian_accident_ratio":0.0625}},{"type":"Feature","geometry":{"type":"Point","coordinates":[121.53081,25.01744]},"properties":{"hotspot_id":"臺北市-49051","hotspot_type":"intersection","county":"臺北市","township":"中正區","road_or_intersection":"羅斯福路3段","accident_count":15,"motorcycle_accident_count":15,"pedestrian_accident_count":1,"death_count":0,"injury_count":21,"fatal_accident_count":0,"risk_score":88.1,"risk_level":"extreme","confidence":"confirmed","motorcycle_accident_ratio":1.0,"pedestrian_accident_ratio":0.0667}},{"type":"Feature","geometry":{"type":"Point","coordinates":[121.52861,25.02659]},"properties":{"hotspot_id":"臺北市-50474","hotspot_type":"intersection","county":"臺北市","township":"大安區","road_or_intersection":"和平東路1段 x 師大路","accident_count":12,"motorcycle_accident_count":12,"pedestrian_accident_count":1,"death_count":0,"injury_count":19,"fatal_accident_count":0,"risk_score":86.9,"risk_level":"extreme","confidence":"confirmed","motorcycle_accident_ratio":1.0,"pedestrian_accident_ratio":0.0833}},{"type":"Feature","geometry":{"type":"Point","coordinates":[121.51644,25.11234]},"properties":{"hotspot_id":"臺北市-49776","hotspot_type":"intersection","county":"臺北市","township":"北投區","road_or_intersection":"西安街1段","accident_count":11,"motorcycle_accident_count":11,"pedestrian_accident_count":3,"death_count":0,"injury_count":17,"fatal_accident_count":0,"risk_score":86.9,"risk_level":"extreme","confidence":"confirmed","motorcycle_accident_ratio":1.0,"pedestrian_accident_ratio":0.2727}},{"type":"Feature","geometry":{"type":"Point","coordinates":[121.50311,25.02885]},"properties":{"hotspot_id":"臺北市-51531","hotspot_type":"intersection","county":"臺北市","township":"萬華區","road_or_intersection":"西藏路","accident_count":11,"motorcycle_accident_count":11,"pedestrian_accident_count":2,"death_count":0,"injury_count":18,"fatal_accident_count":0,"risk_score":86.9,"risk_level":"extreme","confidence":"probable","motorcycle_accident_ratio":1.0,"pedestrian_accident_ratio":0.1818}},{"type":"Feature","geometry":{"type":"Point","coordinates":[121.55201,25.04438]},"properties":{"hotspot_id":"臺北市-50682","hotspot_type":"intersection","county":"臺北市","township":"大安區市","road_or_intersection":"忠孝東路4段 x 民大道4段","accident_count":13,"motorcycle_accident_count":13,"pedestrian_accident_count":1,"death_count":0,"injury_count":17,"fatal_accident_count":0,"risk_score":86.4,"risk_level":"extreme","confidence":"confirmed","motorcycle_accident_ratio":1.0,"pedestrian_accident_ratio":0.0769}},{"type":"Feature","geometry":{"type":"Point","coordinates":[121.55844,25.03735]},"properties":{"hotspot_id":"臺北市-49110","hotspot_type":"intersection","county":"臺北市","township":"信義區","road_or_intersection":"仁愛路4段 x 光復南路","accident_count":12,"motorcycle_accident_count":12,"pedestrian_accident_count":3,"death_count":0,"injury_count":15,"fatal_accident_count":0,"risk_score":86.3,"risk_level":"extreme","confidence":"confirmed","motorcycle_accident_ratio":1.0,"pedestrian_accident_ratio":0.25}},{"type":"Feature","geometry":{"type":"Point","coordinates":[121.52544,25.05597]},"properties":{"hotspot_id":"臺北市-48439","hotspot_type":"intersection","county":"臺北市","township":"中山區","road_or_intersection":"中山北路2段 x 林森北路","accident_count":13,"motorcycle_accident_count":13,"pedestrian_accident_count":2,"death_count":0,"injury_count":15,"fatal_accident_count":0,"risk_score":86.1,"risk_level":"extreme","confidence":"confirmed","motorcycle_accident_ratio":1.0,"pedestrian_accident_ratio":0.1538}},{"type":"Feature","geometry":{"type":"Point","coordinates":[121.5837,25.07894]},"properties":{"hotspot_id":"臺北市-51445","hotspot_type":"intersection","county":"臺北市","township":"內湖區","road_or_intersection":"文德路","accident_count":13,"motorcycle_accident_count":13,"pedestrian_accident_count":1,"death_count":0,"injury_count":16,"fatal_accident_count":0,"risk_score":85.9,"risk_level":"extreme","confidence":"probable","motorcycle_accident_ratio":1.0,"pedestrian_accident_ratio":0.0769}},{"type":"Feature","geometry":{"type":"Point","coordinates":[121.52424,25.11923]},"properties":{"hotspot_id":"臺北市-51394","hotspot_type":"intersection","county":"臺北市","township":"士林區","road_or_intersection":"天母西路","accident_count":11,"motorcycle_accident_count":11,"pedestrian_accident_count":3,"death_count":0,"injury_count":15,"fatal_accident_count":0,"risk_score":85.9,"risk_level":"extreme","confidence":"probable","motorcycle_accident_ratio":1.0,"pedestrian_accident_ratio":0.2727}},{"type":"Feature","geometry":{"type":"Point","coordinates":[121.50182,25.12483]},"properties":{"hotspot_id":"臺北市-51412","hotspot_type":"intersection","county":"臺北市","township":"北投區","road_or_intersection":"北投路1段","accident_count":13,"motorcycle_accident_count":13,"pedestrian_accident_count":1,"death_count":0,"injury_count":16,"fatal_accident_count":0,"risk_score":85.9,"risk_level":"extreme","confidence":"probable","motorcycle_accident_ratio":1.0,"pedestrian_accident_ratio":0.0769}},{"type":"Feature","geometry":{"type":"Point","coordinates":[121.47823,25.13421]},"properties":{"hotspot_id":"臺北市-51325","hotspot_type":"intersection","county":"臺北市","township":"北投區","road_or_intersection":"大業路","accident_count":11,"motorcycle_accident_count":11,"pedestrian_accident_count":1,"death_count":0,"injury_count":17,"fatal_accident_count":0,"risk_score":85.7,"risk_level":"extreme","confidence":"probable","motorcycle_accident_ratio":1.0,"pedestrian_accident_ratio":0.0909}},{"type":"Feature","geometry":{"type":"Point","coordinates":[121.53086,25.10501]},"properties":{"hotspot_id":"臺北市-51374","hotspot_type":"intersection","county":"臺北市","township":"士林區","road_or_intersection":"雨聲街","accident_count":12,"motorcycle_accident_count":12,"pedestrian_accident_count":1,"death_count":0,"injury_count":16,"fatal_accident_count":0,"risk_score":85.6,"risk_level":"extreme","confidence":"low_confidence","motorcycle_accident_ratio":1.0,"pedestrian_accident_ratio":0.0833}},{"type":"Feature","geometry":{"type":"Point","coordinates":[121.51453,25.05377]},"properties":{"hotspot_id":"臺北市-50223","hotspot_type":"intersection","county":"臺北市","township":"大同區","road_or_intersection":"南京西路","accident_count":10,"motorcycle_accident_count":10,"pedestrian_accident_count":2,"death_count":0,"injury_count":16,"fatal_accident_count":0,"risk_score":85.6,"risk_level":"extreme","confidence":"confirmed","motorcycle_accident_ratio":1.0,"pedestrian_accident_ratio":0.2}},{"type":"Feature","geometry":{"type":"Point","coordinates":[121.53856,25.00769]},"properties":{"hotspot_id":"臺北市-50861","hotspot_type":"intersection","county":"臺北市","township":"文山區","road_or_intersection":"羅斯福路5段 x 萬盛街","accident_count":11,"motorcycle_accident_count":11,"pedestrian_accident_count":1,"death_count":0,"injury_count":16,"fatal_accident_count":0,"risk_score":85.2,"risk_level":"extreme","confidence":"confirmed","motorcycle_accident_ratio":1.0,"pedestrian_accident_ratio":0.0909}},{"type":"Feature","geometry":{"type":"Point","coordinates":[121.52225,25.02706]},"properties":{"hotspot_id":"臺北市-48890","hotspot_type":"intersection","county":"臺北市","township":"中正區","road_or_intersection":"和平西路1段 x 羅斯福路2段","accident_count":10,"motorcycle_accident_count":10,"pedestrian_accident_count":2,"death_count":0,"injury_count":15,"fatal_accident_count":0,"risk_score":85.1,"risk_level":"extreme","confidence":"confirmed","motorcycle_accident_ratio":1.0,"pedestrian_accident_ratio":0.2}},{"type":"Feature","geometry":{"type":"Point","coordinates":[121.53111,25.1092]},"properties":{"hotspot_id":"臺北市-50091","hotspot_type":"intersection","county":"臺北市","township":"士林區","road_or_intersection":"德行東路","accident_count":30,"motorcycle_accident_count":29,"pedestrian_accident_count":5,"death_count":0,"injury_count":40,"fatal_accident_count":0,"risk_score":84.7,"risk_level":"extreme","confidence":"confirmed","motorcycle_accident_ratio":0.9667,"pedestrian_accident_ratio":0.1667}},{"type":"Feature","geometry":{"type":"Point","coordinates":[121.53742,25.01131]},"properties":{"hotspot_id":"臺北市-50530","hotspot_type":"intersection","county":"臺北市","township":"大安區","road_or_intersection":"基隆路4段 x 羅斯福路4段","accident_count":40,"motorcycle_accident_count":40,"pedestrian_accident_count":0,"death_count":0,"injury_count":57,"fatal_accident_count":0,"risk_score":84.4,"risk_level":"extreme","confidence":"confirmed","motorcycle_accident_ratio":1.0,"pedestrian_accident_ratio":0.0}},{"type":"Feature","geometry":{"type":"Point","coordinates":[121.56965,25.08246]},"properties":{"hotspot_id":"臺北市-49270","hotspot_type":"intersection","county":"臺北市","township":"內湖區","road_or_intersection":"內湖路1段","accident_count":45,"motorcycle_accident_count":40,"pedestrian_accident_count":9,"death_count":0,"injury_count":55,"fatal_accident_count":0,"risk_score":84.2,"risk_level":"extreme","confidence":"confirmed","motorcycle_accident_ratio":0.8889,"pedestrian_accident_ratio":0.2}},{"type":"Feature","geometry":{"type":"Point","coordinates":[121.49971,25.02393]},"properties":{"hotspot_id":"臺北市-51284","hotspot_type":"intersection","county":"臺北市","township":"萬華區","road_or_intersection":"萬大路","accident_count":52,"motorcycle_accident_count":48,"pedestrian_accident_count":5,"death_count":0,"injury_count":71,"fatal_accident_count":0,"risk_score":84.1,"risk_level":"extreme","confidence":"confirmed","motorcycle_accident_ratio":0.9231,"pedestrian_accident_ratio":0.0962}},{"type":"Feature","geometry":{"type":"Point","coordinates":[121.54686,25.08176]},"properties":{"hotspot_id":"臺北市-48492","hotspot_type":"intersection","county":"臺北市","township":"中山區","road_or_intersection":"北安路","accident_count":44,"motorcycle_accident_count":43,"pedestrian_accident_count":2,"death_count":0,"injury_count":56,"fatal_accident_count":0,"risk_score":84.0,"risk_level":"extreme","confidence":"confirmed","motorcycle_accident_ratio":0.9773,"pedestrian_accident_ratio":0.0455}},{"type":"Feature","geometry":{"type":"Point","coordinates":[121.59219,25.0686]},"properties":{"hotspot_id":"臺北市-49409","hotspot_type":"intersection","county":"臺北市","township":"內湖區","road_or_intersection":"民權東路6段","accident_count":123,"motorcycle_accident_count":114,"pedestrian_accident_count":10,"death_count":0,"injury_count":164,"fatal_accident_count":0,"risk_score":84.0,"risk_level":"extreme","confidence":"confirmed","motorcycle_accident_ratio":0.9268,"pedestrian_accident_ratio":0.0813}},{"type":"Feature","geometry":{"type":"Point","coordinates":[121.49931,25.1416]},"properties":{"hotspot_id":"臺北市-49483","hotspot_type":"intersection","county":"臺北市","township":"北投區","road_or_intersection":"中和街","accident_count":21,"motorcycle_accident_count":19,"pedestrian_accident_count":5,"death_count":0,"injury_count":30,"fatal_accident_count":0,"risk_score":83.8,"risk_level":"extreme","confidence":"confirmed","motorcycle_accident_ratio":0.9048,"pedestrian_accident_ratio":0.2381}},{"type":"Feature","geometry":{"type":"Point","coordinates":[121.5966,25.07901]},"properties":{"hotspot_id":"臺北市-51371","hotspot_type":"intersection","county":"臺北市","township":"內湖區","road_or_intersection":"康寧路1段","accident_count":7,"motorcycle_accident_count":7,"pedestrian_accident_count":2,"death_count":1,"injury_count":7,"fatal_accident_count":1,"risk_score":83.8,"risk_level":"extreme","confidence":"probable","motorcycle_accident_ratio":1.0,"pedestrian_accident_ratio":0.2857}},{"type":"Feature","geometry":{"type":"Point","coordinates":[121.52024,25.08034]},"properties":{"hotspot_id":"臺北市-50117","hotspot_type":"intersection","county":"臺北市","township":"士林區","road_or_intersection":"承德路4段 x 通河街","accident_count":33,"motorcycle_accident_count":32,"pedestrian_accident_count":1,"death_count":0,"injury_count":46,"fatal_accident_count":0,"risk_score":83.8,"risk_level":"extreme","confidence":"confirmed","motorcycle_accident_ratio":0.9697,"pedestrian_accident_ratio":0.0303}},{"type":"Feature","geometry":{"type":"Point","coordinates":[121.51056,25.0502]},"properties":{"hotspot_id":"臺北市-50257","hotspot_type":"intersection","county":"臺北市","township":"大同區","road_or_intersection":"塔城街 x 鄭州路","accident_count":29,"motorcycle_accident_count":27,"pedestrian_accident_count":2,"death_count":0,"injury_count":45,"fatal_accident_count":0,"risk_score":83.7,"risk_level":"extreme","confidence":"confirmed","motorcycle_accident_ratio":0.931,"pedestrian_accident_ratio":0.069}},{"type":"Feature","geometry":{"type":"Point","coordinates":[121.51415,25.09611]},"properties":{"hotspot_id":"臺北市-50033","hotspot_type":"intersection","county":"臺北市","township":"士林區","road_or_intersection":"士商路 x 承德路5段","accident_count":27,"motorcycle_accident_count":27,"pedestrian_accident_count":0,"death_count":0,"injury_count":30,"fatal_accident_count":0,"risk_score":83.7,"risk_level":"extreme","confidence":"confirmed","motorcycle_accident_ratio":1.0,"pedestrian_accident_ratio":0.0}},{"type":"Feature","geometry":{"type":"Point","coordinates":[121.5773,25.07387]},"properties":{"hotspot_id":"臺北市-49439","hotspot_type":"intersection","county":"臺北市","township":"內湖區","road_or_intersection":"瑞光路","accident_count":34,"motorcycle_accident_count":32,"pedestrian_accident_count":1,"death_count":1,"injury_count":46,"fatal_accident_count":1,"risk_score":83.7,"risk_level":"extreme","confidence":"confirmed","motorcycle_accident_ratio":0.9412,"pedestrian_accident_ratio":0.0294}},{"type":"Feature","geometry":{"type":"Point","coordinates":[121.56544,25.0492]},"properties":{"hotspot_id":"臺北市-50960","hotspot_type":"intersection","county":"臺北市","township":"松山區","road_or_intersection":"八德路4段","accident_count":30,"motorcycle_accident_count":29,"pedestrian_accident_count":1,"death_count":0,"injury_count":43,"fatal_accident_count":0,"risk_score":83.7,"risk_level":"extreme","confidence":"confirmed","motorcycle_accident_ratio":0.9667,"pedestrian_accident_ratio":0.0333}},{"type":"Feature","geometry":{"type":"Point","coordinates":[121.55397,25.02085]},"properties":{"hotspot_id":"臺北市-50493","hotspot_type":"intersection","county":"臺北市","township":"大安區","road_or_intersection":"和平東路3段","accident_count":24,"motorcycle_accident_count":23,"pedestrian_accident_count":2,"death_count":0,"injury_count":32,"fatal_accident_count":0,"risk_score":83.6,"risk_level":"extreme","confidence":"confirmed","motorcycle_accident_ratio":0.9583,"pedestrian_accident_ratio":0.0833}},{"type":"Feature","geometry":{"type":"Point","coordinates":[121.60754,25.05439]},"properties":{"hotspot_id":"臺北市-49816","hotspot_type":"intersection","county":"臺北市","township":"南港區","road_or_intersection":"南港路1段 x 興中路","accident_count":10,"motorcycle_accident_count":10,"pedestrian_accident_count":1,"death_count":0,"injury_count":14,"fatal_accident_count":0,"risk_score":83.6,"risk_level":"extreme","confidence":"confirmed","motorcycle_accident_ratio":1.0,"pedestrian_accident_ratio":0.1}},{"type":"Feature","geometry":{"type":"Point","coordinates":[121.52621,25.11093]},"properties":{"hotspot_id":"臺北市-49945","hotspot_type":"intersection","county":"臺北市","township":"士林區","road_or_intersection":"中山北路6段","accident_count":29,"motorcycle_accident_count":28,"pedestrian_accident_count":1,"death_count":0,"injury_count":38,"fatal_accident_count":0,"risk_score":83.6,"risk_level":"extreme","confidence":"confirmed","motorcycle_accident_ratio":0.9655,"pedestrian_accident_ratio":0.0345}},{"type":"Feature","geometry":{"type":"Point","coordinates":[121.56158,24.98558]},"properties":{"hotspot_id":"臺北市-50883","hotspot_type":"intersection","county":"臺北市","township":"文山區","road_or_intersection":"興隆路4段","accident_count":26,"motorcycle_accident_count":23,"pedestrian_accident_count":5,"death_count":0,"injury_count":39,"fatal_accident_count":0,"risk_score":83.6,"risk_level":"extreme","confidence":"confirmed","motorcycle_accident_ratio":0.8846,"pedestrian_accident_ratio":0.1923}},{"type":"Feature","geometry":{"type":"Point","coordinates":[121.59033,25.0695]},"properties":{"hotspot_id":"臺北市-49356","hotspot_type":"intersection","county":"臺北市","township":"內湖區","road_or_intersection":"成功路2段","accident_count":41,"motorcycle_accident_count":38,"pedestrian_accident_count":2,"death_count":0,"injury_count":49,"fatal_accident_count":0,"risk_score":83.6,"risk_level":"extreme","confidence":"confirmed","motorcycle_accident_ratio":0.9268,"pedestrian_accident_ratio":0.0488}},{"type":"Feature","geometry":{"type":"Point","coordinates":[121.51445,25.03189]},"properties":{"hotspot_id":"臺北市-48866","hotspot_type":"intersection","county":"臺北市","township":"中正區","road_or_intersection":"南海路 x 重慶南路2段","accident_count":22,"motorcycle_accident_count":22,"pedestrian_accident_count":0,"death_count":0,"injury_count":31,"fatal_accident_count":0,"risk_score":83.6,"risk_level":"extreme","confidence":"confirmed","motorcycle_accident_ratio":1.0,"pedestrian_accident_ratio":0.0}},{"type":"Feature","geometry":{"type":"Point","coordinates":[121.56853,25.04074]},"properties":{"hotspot_id":"臺北市-49184","hotspot_type":"intersection","county":"臺北市","township":"信義區","road_or_intersection":"忠孝東路5段 x 松仁路","accident_count":29,"motorcycle_accident_count":28,"pedestrian_accident_count":1,"death_count":0,"injury_count":39,"fatal_accident_count":0,"risk_score":83.6,"risk_level":"extreme","confidence":"confirmed","motorcycle_accident_ratio":0.9655,"pedestrian_accident_ratio":0.0345}},{"type":"Feature","geometry":{"type":"Point","coordinates":[121.59374,25.05024]},"properties":{"hotspot_id":"臺北市-51638","hotspot_type":"intersection","county":"臺北市","township":"南港區","road_or_intersection":"昆陽街","accident_count":20,"motorcycle_accident_count":18,"pedestrian_accident_count":4,"death_count":0,"injury_count":31,"fatal_accident_count":0,"risk_score":83.5,"risk_level":"extreme","confidence":"probable","motorcycle_accident_ratio":0.9,"pedestrian_accident_ratio":0.2}},{"type":"Feature","geometry":{"type":"Point","coordinates":[121.55816,24.9973]},"properties":{"hotspot_id":"臺北市-50880","hotspot_type":"intersection","county":"臺北市","township":"文山區","road_or_intersection":"興隆路3段","accident_count":27,"motorcycle_accident_count":24,"pedestrian_accident_count":4,"death_count":0,"injury_count":39,"fatal_accident_count":0,"risk_score":83.5,"risk_level":"extreme","confidence":"confirmed","motorcycle_accident_ratio":0.8889,"pedestrian_accident_ratio":0.1481}},{"type":"Feature","geometry":{"type":"Point","coordinates":[121.54373,25.07897]},"properties":{"hotspot_id":"臺北市-48500","hotspot_type":"intersection","county":"臺北市","township":"中山區","road_or_intersection":"北安路 x 明水路","accident_count":28,"motorcycle_accident_count":27,"pedestrian_accident_count":1,"death_count":0,"injury_count":37,"fatal_accident_count":0,"risk_score":83.5,"risk_level":"extreme","confidence":"confirmed","motorcycle_accident_ratio":0.9643,"pedestrian_accident_ratio":0.0357}},{"type":"Feature","geometry":{"type":"Point","coordinates":[121.60016,25.06134]},"properties":{"hotspot_id":"臺北市-49333","hotspot_type":"intersection","county":"臺北市","township":"內湖區","road_or_intersection":"安康路 x 潭美街","accident_count":20,"motorcycle_accident_count":20,"pedestrian_accident_count":0,"death_count":1,"injury_count":22,"fatal_accident_count":1,"risk_score":83.5,"risk_level":"extreme","confidence":"confirmed","motorcycle_accident_ratio":1.0,"pedestrian_accident_ratio":0.0}},{"type":"Feature","geometry":{"type":"Point","coordinates":[121.50996,25.08393]},"properties":{"hotspot_id":"臺北市-50065","hotspot_type":"intersection","county":"臺北市","township":"士林區","road_or_intersection":"延平北路5段","accident_count":25,"motorcycle_accident_count":24,"pedestrian_accident_count":1,"death_count":0,"injury_count":38,"fatal_accident_count":0,"risk_score":83.5,"risk_level":"extreme","confidence":"confirmed","motorcycle_accident_ratio":0.96,"pedestrian_accident_ratio":0.04}},{"type":"Feature","geometry":{"type":"Point","coordinates":[121.55701,25.0049]},"properties":{"hotspot_id":"臺北市-50904","hotspot_type":"intersection","county":"臺北市","township":"文山區","road_or_intersection":"辛亥路4段","accident_count":29,"motorcycle_accident_count":28,"pedestrian_accident_count":1,"death_count":0,"injury_count":35,"fatal_accident_count":0,"risk_score":83.5,"risk_level":"extreme","confidence":"confirmed","motorcycle_accident_ratio":0.9655,"pedestrian_accident_ratio":0.0345}},{"type":"Feature","geometry":{"type":"Point","coordinates":[121.55934,24.9882]},"properties":{"hotspot_id":"臺北市-51409","hotspot_type":"intersection","county":"臺北市","township":"文山區","road_or_intersection":"興隆路4段","accident_count":23,"motorcycle_accident_count":22,"pedestrian_accident_count":2,"death_count":0,"injury_count":30,"fatal_accident_count":0,"risk_score":83.5,"risk_level":"extreme","confidence":"low_confidence","motorcycle_accident_ratio":0.9565,"pedestrian_accident_ratio":0.087}},{"type":"Feature","geometry":{"type":"Point","coordinates":[121.54963,24.98752]},"properties":{"hotspot_id":"臺北市-50819","hotspot_type":"intersection","county":"臺北市","township":"文山區","road_or_intersection":"木柵路1段","accident_count":26,"motorcycle_accident_count":25,"pedestrian_accident_count":1,"death_count":0,"injury_count":33,"fatal_accident_count":0,"risk_score":83.4,"risk_level":"extreme","confidence":"confirmed","motorcycle_accident_ratio":0.9615,"pedestrian_accident_ratio":0.0385}},{"type":"Feature","geometry":{"type":"Point","coordinates":[121.57351,24.99668]},"properties":{"hotspot_id":"臺北市-50830","hotspot_type":"intersection","county":"臺北市","township":"文山區","road_or_intersection":"木柵路4段","accident_count":26,"motorcycle_accident_count":25,"pedestrian_accident_count":1,"death_count":0,"injury_count":34,"fatal_accident_count":0,"risk_score":83.4,"risk_level":"extreme","confidence":"confirmed","motorcycle_accident_ratio":0.9615,"pedestrian_accident_ratio":0.0385}},{"type":"Feature","geometry":{"type":"Point","coordinates":[121.59479,25.0793]},"properties":{"hotspot_id":"臺北市-49338","hotspot_type":"intersection","county":"臺北市","township":"內湖區","road_or_intersection":"康寧路1段","accident_count":21,"motorcycle_accident_count":20,"pedestrian_accident_count":2,"death_count":0,"injury_count":30,"fatal_accident_count":0,"risk_score":83.4,"risk_level":"extreme","confidence":"confirmed","motorcycle_accident_ratio":0.9524,"pedestrian_accident_ratio":0.0952}},{"type":"Feature","geometry":{"type":"Point","coordinates":[121.59961,25.06072]},"properties":{"hotspot_id":"臺北市-49336","hotspot_type":"intersection","county":"臺北市","township":"內湖區","road_or_intersection":"安美街 x 潭美街","accident_count":18,"motorcycle_accident_count":18,"pedestrian_accident_count":0,"death_count":1,"injury_count":23,"fatal_accident_count":1,"risk_score":83.4,"risk_level":"extreme","confidence":"confirmed","motorcycle_accident_ratio":1.0,"pedestrian_accident_ratio":0.0}},{"type":"Feature","geometry":{"type":"Point","coordinates":[121.58352,25.05655]},"properties":{"hotspot_id":"臺北市-49382","hotspot_type":"intersection","county":"臺北市","township":"內湖區","road_or_intersection":"新明路","accident_count":26,"motorcycle_accident_count":25,"pedestrian_accident_count":1,"death_count":0,"injury_count":35,"fatal_accident_count":0,"risk_score":83.4,"risk_level":"extreme","confidence":"confirmed","motorcycle_accident_ratio":0.9615,"pedestrian_accident_ratio":0.0385}},{"type":"Feature","geometry":{"type":"Point","coordinates":[121.56396,25.02628]},"properties":{"hotspot_id":"臺北市-49143","hotspot_type":"intersection","county":"臺北市","township":"信義區","road_or_intersection":"吳興街","accident_count":76,"motorcycle_accident_count":67,"pedestrian_accident_count":8,"death_count":0,"injury_count":99,"fatal_accident_count":0,"risk_score":83.4,"risk_level":"extreme","confidence":"confirmed","motorcycle_accident_ratio":0.8816,"pedestrian_accident_ratio":0.1053}},{"type":"Feature","geometry":{"type":"Point","coordinates":[121.52252,25.05651]},"properties":{"hotspot_id":"臺北市-48434","hotspot_type":"intersection","county":"臺北市","township":"中山區","road_or_intersection":"中山北路2段","accident_count":29,"motorcycle_accident_count":27,"pedestrian_accident_count":1,"death_count":0,"injury_count":42,"fatal_accident_count":0,"risk_score":83.4,"risk_level":"extreme","confidence":"confirmed","motorcycle_accident_ratio":0.931,"pedestrian_accident_ratio":0.0345}},{"type":"Feature","geometry":{"type":"Point","coordinates":[121.50822,25.05055]},"properties":{"hotspot_id":"臺北市-50389","hotspot_type":"intersection","county":"臺北市","township":"大同區","road_or_intersection":"西寧北路 x 鄭州路","accident_count":52,"motorcycle_accident_count":47,"pedestrian_accident_count":3,"death_count":0,"injury_count":65,"fatal_accident_count":0,"risk_score":83.3,"risk_level":"extreme","confidence":"confirmed","motorcycle_accident_ratio":0.9038,"pedestrian_accident_ratio":0.0577}},{"type":"Feature","geometry":{"type":"Point","coordinates":[121.56027,25.02574]},"properties":{"hotspot_id":"臺北市-51614","hotspot_type":"intersection","county":"臺北市","township":"信義區","road_or_intersection":"信安街","accident_count":22,"motorcycle_accident_count":22,"pedestrian_accident_count":0,"death_count":0,"injury_count":26,"fatal_accident_count":0,"risk_score":83.2,"risk_level":"extreme","confidence":"low_confidence","motorcycle_accident_ratio":1.0,"pedestrian_accident_ratio":0.0}},{"type":"Feature","geometry":{"type":"Point","coordinates":[121.51147,25.11445]},"properties":{"hotspot_id":"臺北市-49733","hotspot_type":"intersection","county":"臺北市","township":"北投區","road_or_intersection":"石牌路1段","accident_count":17,"motorcycle_accident_count":15,"pedestrian_accident_count":6,"death_count":0,"injury_count":29,"fatal_accident_count":0,"risk_score":83.2,"risk_level":"extreme","confidence":"confirmed","motorcycle_accident_ratio":0.8824,"pedestrian_accident_ratio":0.3529}},{"type":"Feature","geometry":{"type":"Point","coordinates":[121.51125,25.06282]},"properties":{"hotspot_id":"臺北市-50294","hotspot_type":"intersection","county":"臺北市","township":"大同區","road_or_intersection":"延平北路2段 x 民權西路","accident_count":18,"motorcycle_accident_count":18,"pedestrian_accident_count":0,"death_count":0,"injury_count":29,"fatal_accident_count":0,"risk_score":83.2,"risk_level":"extreme","confidence":"confirmed","motorcycle_accident_ratio":1.0,"pedestrian_accident_ratio":0.0}},{"type":"Feature","geometry":{"type":"Point","coordinates":[121.55107,25.00063]},"properties":{"hotspot_id":"臺北市-50877","hotspot_type":"intersection","county":"臺北市","township":"文山區","road_or_intersection":"興隆路2段","accident_count":32,"motorcycle_accident_count":29,"pedestrian_accident_count":2,"death_count":0,"injury_count":43,"fatal_accident_count":0,"risk_score":83.2,"risk_level":"extreme","confidence":"confirmed","motorcycle_accident_ratio":0.9062,"pedestrian_accident_ratio":0.0625}},{"type":"Feature","geometry":{"type":"Point","coordinates":[121.54883,25.04474]},"properties":{"hotspot_id":"臺北市-50683","hotspot_type":"intersection","county":"臺北市","township":"大安區市","road_or_intersection":"敦化南路1段 x 民大道4段","accident_count":18,"motorcycle_accident_count":18,"pedestrian_accident_count":0,"death_count":0,"injury_count":29,"fatal_accident_count":0,"risk_score":83.2,"risk_level":"extreme","confidence":"confirmed","motorcycle_accident_ratio":1.0,"pedestrian_accident_ratio":0.0}},{"type":"Feature","geometry":{"type":"Point","coordinates":[121.50641,25.02999]},"properties":{"hotspot_id":"臺北市-48788","hotspot_type":"intersection","county":"臺北市","township":"中正區","road_or_intersection":"中華路2段","accident_count":25,"motorcycle_accident_count":22,"pedestrian_accident_count":3,"death_count":1,"injury_count":40,"fatal_accident_count":1,"risk_score":83.2,"risk_level":"extreme","confidence":"confirmed","motorcycle_accident_ratio":0.88,"pedestrian_accident_ratio":0.12}},{"type":"Feature","geometry":{"type":"Point","coordinates":[121.56428,25.0287]},"properties":{"hotspot_id":"臺北市-49246","hotspot_type":"intersection","county":"臺北市","township":"信義區","road_or_intersection":"莊敬路","accident_count":25,"motorcycle_accident_count":23,"pedestrian_accident_count":2,"death_count":0,"injury_count":33,"fatal_accident_count":0,"risk_score":83.2,"risk_level":"extreme","confidence":"confirmed","motorcycle_accident_ratio":0.92,"pedestrian_accident_ratio":0.08}},{"type":"Feature","geometry":{"type":"Point","coordinates":[121.6154,25.0553]},"properties":{"hotspot_id":"臺北市-49790","hotspot_type":"intersection","county":"臺北市","township":"南港區","road_or_intersection":"中南街 x 南港路1段","accident_count":9,"motorcycle_accident_count":9,"pedestrian_accident_count":1,"death_count":0,"injury_count":14,"fatal_accident_count":0,"risk_score":83.1,"risk_level":"extreme","confidence":"confirmed","motorcycle_accident_ratio":1.0,"pedestrian_accident_ratio":0.1111}},{"type":"Feature","geometry":{"type":"Point","coordinates":[121.50487,25.12483]},"properties":{"hotspot_id":"臺北市-49539","hotspot_type":"intersection","county":"臺北市","township":"北投區","road_or_intersection":"公館路","accident_count":26,"motorcycle_accident_count":24,"pedestrian_accident_count":1,"death_count":0,"injury_count":35,"fatal_accident_count":0,"risk_score":83.1,"risk_level":"extreme","confidence":"confirmed","motorcycle_accident_ratio":0.9231,"pedestrian_accident_ratio":0.0385}},{"type":"Feature","geometry":{"type":"Point","coordinates":[121.51473,25.06259]},"properties":{"hotspot_id":"臺北市-50349","hotspot_type":"intersection","county":"臺北市","township":"大同區","road_or_intersection":"民權西路","accident_count":32,"motorcycle_accident_count":29,"pedestrian_accident_count":1,"death_count":0,"injury_count":49,"fatal_accident_count":0,"risk_score":83.1,"risk_level":"extreme","confidence":"confirmed","motorcycle_accident_ratio":0.9062,"pedestrian_accident_ratio":0.0312}},{"type":"Feature","geometry":{"type":"Point","coordinates":[121.51623,25.05093]},"properties":{"hotspot_id":"臺北市-50409","hotspot_type":"intersection","county":"臺北市","township":"大同區","road_or_intersection":"長安西路","accident_count":9,"motorcycle_accident_count":9,"pedestrian_accident_count":1,"death_count":0,"injury_count":14,"fatal_accident_count":0,"risk_score":83.1,"risk_level":"extreme","confidence":"confirmed","motorcycle_accident_ratio":1.0,"pedestrian_accident_ratio":0.1111}},{"type":"Feature","geometry":{"type":"Point","coordinates":[121.52015,25.11984]},"properties":{"hotspot_id":"臺北市-49740","hotspot_type":"intersection","county":"臺北市","township":"北投區","road_or_intersection":"石牌路2段","accident_count":22,"motorcycle_accident_count":20,"pedestrian_accident_count":3,"death_count":0,"injury_count":28,"fatal_accident_count":0,"risk_score":83.1,"risk_level":"extreme","confidence":"confirmed","motorcycle_accident_ratio":0.9091,"pedestrian_accident_ratio":0.1364}},{"type":"Feature","geometry":{"type":"Point","coordinates":[121.51249,25.07209]},"properties":{"hotspot_id":"臺北市-50394","hotspot_type":"intersection","county":"臺北市","township":"大同區","road_or_intersection":"迪化街2段 x 酒泉街","accident_count":6,"motorcycle_accident_count":6,"pedestrian_accident_count":1,"death_count":1,"injury_count":10,"fatal_accident_count":1,"risk_score":83.0,"risk_level":"extreme","confidence":"confirmed","motorcycle_accident_ratio":1.0,"pedestrian_accident_ratio":0.1667}},{"type":"Feature","geometry":{"type":"Point","coordinates":[121.55229,24.98778]},"properties":{"hotspot_id":"臺北市-50824","hotspot_type":"intersection","county":"臺北市","township":"文山區","road_or_intersection":"木柵路1段 x 辛亥路7段","accident_count":18,"motorcycle_accident_count":18,"pedestrian_accident_count":0,"death_count":0,"injury_count":27,"fatal_accident_count":0,"risk_score":83.0,"risk_level":"extreme","confidence":"confirmed","motorcycle_accident_ratio":1.0,"pedestrian_accident_ratio":0.0}},{"type":"Feature","geometry":{"type":"Point","coordinates":[121.56178,24.98196]},"properties":{"hotspot_id":"臺北市-50815","hotspot_type":"intersection","county":"臺北市","township":"文山區","road_or_intersection":"木新路3段","accident_count":32,"motorcycle_accident_count":29,"pedestrian_accident_count":1,"death_count":0,"injury_count":42,"fatal_accident_count":0,"risk_score":83.0,"risk_level":"extreme","confidence":"confirmed","motorcycle_accident_ratio":0.9062,"pedestrian_accident_ratio":0.0312}},{"type":"Feature","geometry":{"type":"Point","coordinates":[121.49528,25.02813]},"properties":{"hotspot_id":"臺北市-51213","hotspot_type":"intersection","county":"臺北市","township":"萬華區","road_or_intersection":"東園街 x 西園路2段","accident_count":17,"motorcycle_accident_count":16,"pedestrian_accident_count":2,"death_count":0,"injury_count":28,"fatal_accident_count":0,"risk_score":83.0,"risk_level":"extreme","confidence":"confirmed","motorcycle_accident_ratio":0.9412,"pedestrian_accident_ratio":0.1176}},{"type":"Feature","geometry":{"type":"Point","coordinates":[121.58787,25.05307]},"properties":{"hotspot_id":"臺北市-49825","hotspot_type":"intersection","county":"臺北市","township":"南港區","road_or_intersection":"南港路3段","accident_count":18,"motorcycle_accident_count":18,"pedestrian_accident_count":0,"death_count":0,"injury_count":27,"fatal_accident_count":0,"risk_score":83.0,"risk_level":"extreme","confidence":"confirmed","motorcycle_accident_ratio":1.0,"pedestrian_accident_ratio":0.0}},{"type":"Feature","geometry":{"type":"Point","coordinates":[121.61066,25.07129]},"properties":{"hotspot_id":"臺北市-49344","hotspot_type":"intersection","county":"臺北市","township":"內湖區","road_or_intersection":"康寧路3段","accident_count":46,"motorcycle_accident_count":40,"pedestrian_accident_count":5,"death_count":0,"injury_count":58,"fatal_accident_count":0,"risk_score":83.0,"risk_level":"extreme","confidence":"confirmed","motorcycle_accident_ratio":0.8696,"pedestrian_accident_ratio":0.1087}},{"type":"Feature","geometry":{"type":"Point","coordinates":[121.51793,25.03858]},"properties":{"hotspot_id":"臺北市-48761","hotspot_type":"intersection","county":"臺北市","township":"中正區","road_or_intersection":"中山南路 x 信義路1段","accident_count":23,"motorcycle_accident_count":21,"pedestrian_accident_count":2,"death_count":0,"injury_count":31,"fatal_accident_count":0,"risk_score":83.0,"risk_level":"extreme","confidence":"confirmed","motorcycle_accident_ratio":0.913,"pedestrian_accident_ratio":0.087}},{"type":"Feature","geometry":{"type":"Point","coordinates":[121.54001,25.05901]},"properties":{"hotspot_id":"臺北市-48729","hotspot_type":"intersection","county":"臺北市","township":"中山區","road_or_intersection":"龍江路","accident_count":26,"motorcycle_accident_count":23,"pedestrian_accident_count":3,"death_count":0,"injury_count":35,"fatal_accident_count":0,"risk_score":83.0,"risk_level":"extreme","confidence":"confirmed","motorcycle_accident_ratio":0.8846,"pedestrian_accident_ratio":0.1154}},{"type":"Feature","geometry":{"type":"Point","coordinates":[121.54674,25.07966]},"properties":{"hotspot_id":"臺北市-48495","hotspot_type":"intersection","county":"臺北市","township":"中山區","road_or_intersection":"北安路 x 大直街","accident_count":38,"motorcycle_accident_count":34,"pedestrian_accident_count":2,"death_count":0,"injury_count":47,"fatal_accident_count":0,"risk_score":83.0,"risk_level":"extreme","confidence":"confirmed","motorcycle_accident_ratio":0.8947,"pedestrian_accident_ratio":0.0526}},{"type":"Feature","geometry":{"type":"Point","coordinates":[121.51122,25.07191]},"properties":{"hotspot_id":"臺北市-50306","hotspot_type":"intersection","county":"臺北市","township":"大同區","road_or_intersection":"延平北路4段 x 迪化街2段","accident_count":10,"motorcycle_accident_count":10,"pedestrian_accident_count":1,"death_count":0,"injury_count":13,"fatal_accident_count":0,"risk_score":82.9,"risk_level":"extreme","confidence":"confirmed","motorcycle_accident_ratio":1.0,"pedestrian_accident_ratio":0.1}},{"type":"Feature","geometry":{"type":"Point","coordinates":[121.53257,25.09666]},"properties":{"hotspot_id":"臺北市-50172","hotspot_type":"intersection","county":"臺北市","township":"士林區","road_or_intersection":"福林路","accident_count":10,"motorcycle_accident_count":10,"pedestrian_accident_count":1,"death_count":0,"injury_count":13,"fatal_accident_count":0,"risk_score":82.9,"risk_level":"extreme","confidence":"confirmed","motorcycle_accident_ratio":1.0,"pedestrian_accident_ratio":0.1}},{"type":"Feature","geometry":{"type":"Point","coordinates":[121.52894,25.06049]},"properties":{"hotspot_id":"臺北市-48417","hotspot_type":"intersection","county":"臺北市","township":"中山區","road_or_intersection":"中原街 x 新生北路2段","accident_count":10,"motorcycle_accident_count":10,"pedestrian_accident_count":1,"death_count":0,"injury_count":13,"fatal_accident_count":0,"risk_score":82.9,"risk_level":"extreme","confidence":"confirmed","motorcycle_accident_ratio":1.0,"pedestrian_accident_ratio":0.1}},{"type":"Feature","geometry":{"type":"Point","coordinates":[121.52245,25.06279]},"properties":{"hotspot_id":"臺北市-48441","hotspot_type":"intersection","county":"臺北市","township":"中山區","road_or_intersection":"中山北路2段 x 民權西路","accident_count":24,"motorcycle_accident_count":22,"pedestrian_accident_count":1,"death_count":0,"injury_count":34,"fatal_accident_count":0,"risk_score":82.9,"risk_level":"extreme","confidence":"confirmed","motorcycle_accident_ratio":0.9167,"pedestrian_accident_ratio":0.0417}},{"type":"Feature","geometry":{"type":"Point","coordinates":[121.58012,25.03806]},"properties":{"hotspot_id":"臺北市-49239","hotspot_type":"intersection","county":"臺北市","township":"信義區","road_or_intersection":"林口街 x 福德街","accident_count":15,"motorcycle_accident_count":14,"pedestrian_accident_count":3,"death_count":0,"injury_count":25,"fatal_accident_count":0,"risk_score":82.9,"risk_level":"extreme","confidence":"confirmed","motorcycle_accident_ratio":0.9333,"pedestrian_accident_ratio":0.2}},{"type":"Feature","geometry":{"type":"Point","coordinates":[121.57602,25.04137]},"properties":{"hotspot_id":"臺北市-49183","hotspot_type":"intersection","county":"臺北市","township":"信義區","road_or_intersection":"忠孝東路5段","accident_count":60,"motorcycle_accident_count":53,"pedestrian_accident_count":3,"death_count":0,"injury_count":78,"fatal_accident_count":0,"risk_score":82.9,"risk_level":"extreme","confidence":"confirmed","motorcycle_accident_ratio":0.8833,"pedestrian_accident_ratio":0.05}},{"type":"Feature","geometry":{"type":"Point","coordinates":[121.59132,25.08552]},"properties":{"hotspot_id":"臺北市-49291","hotspot_type":"intersection","county":"臺北市","township":"內湖區","road_or_intersection":"內湖路3段 x 金龍路","accident_count":19,"motorcycle_accident_count":18,"pedestrian_accident_count":2,"death_count":0,"injury_count":25,"fatal_accident_count":0,"risk_score":82.8,"risk_level":"extreme","confidence":"confirmed","motorcycle_accident_ratio":0.9474,"pedestrian_accident_ratio":0.1053}},{"type":"Feature","geometry":{"type":"Point","coordinates":[121.58297,25.0515]},"properties":{"hotspot_id":"臺北市-51668","hotspot_type":"intersection","county":"臺北市","township":"南港區","road_or_intersection":"成美橋前0.0公尺","accident_count":19,"motorcycle_accident_count":18,"pedestrian_accident_count":2,"death_count":0,"injury_count":24,"fatal_accident_count":0,"risk_score":82.7,"risk_level":"extreme","confidence":"low_confidence","motorcycle_accident_ratio":0.9474,"pedestrian_accident_ratio":0.1053}},{"type":"Feature","geometry":{"type":"Point","coordinates":[121.51349,25.0629]},"properties":{"hotspot_id":"臺北市-50353","hotspot_type":"intersection","county":"臺北市","township":"大同區","road_or_intersection":"民權西路 x 重慶北路2段","accident_count":19,"motorcycle_accident_count":18,"pedestrian_accident_count":1,"death_count":0,"injury_count":28,"fatal_accident_count":0,"risk_score":82.7,"risk_level":"extreme","confidence":"confirmed","motorcycle_accident_ratio":0.9474,"pedestrian_accident_ratio":0.0526}},{"type":"Feature","geometry":{"type":"Point","coordinates":[121.52278,25.02694]},"properties":{"hotspot_id":"臺北市-50480","hotspot_type":"intersection","county":"臺北市","township":"大安區","road_or_intersection":"和平東路1段 x 羅斯福路2段","accident_count":29,"motorcycle_accident_count":26,"pedestrian_accident_count":1,"death_count":0,"injury_count":40,"fatal_accident_count":0,"risk_score":82.7,"risk_level":"extreme","confidence":"confirmed","motorcycle_accident_ratio":0.8966,"pedestrian_accident_ratio":0.0345}},{"type":"Feature","geometry":{"type":"Point","coordinates":[121.53022,25.10818]},"properties":{"hotspot_id":"臺北市-50092","hotspot_type":"intersection","county":"臺北市","township":"士林區","road_or_intersection":"德行東路 x 忠誠路1段","accident_count":18,"motorcycle_accident_count":18,"pedestrian_accident_count":0,"death_count":0,"injury_count":25,"fatal_accident_count":0,"risk_score":82.7,"risk_level":"extreme","confidence":"confirmed","motorcycle_accident_ratio":1.0,"pedestrian_accident_ratio":0.0}},{"type":"Feature","geometry":{"type":"Point","coordinates":[121.51869,25.10969]},"properties":{"hotspot_id":"臺北市-51418","hotspot_type":"intersection","county":"臺北市","township":"北投區","road_or_intersection":"東華街1段","accident_count":20,"motorcycle_accident_count":19,"pedestrian_accident_count":1,"death_count":0,"injury_count":26,"fatal_accident_count":0,"risk_score":82.6,"risk_level":"extreme","confidence":"low_confidence","motorcycle_accident_ratio":0.95,"pedestrian_accident_ratio":0.05}},{"type":"Feature","geometry":{"type":"Point","coordinates":[121.47249,25.13101]},"properties":{"hotspot_id":"臺北市-49506","hotspot_type":"intersection","county":"臺北市","township":"北投區","road_or_intersection":"中央北路4段","accident_count":18,"motorcycle_accident_count":17,"pedestrian_accident_count":1,"death_count":0,"injury_count":28,"fatal_accident_count":0,"risk_score":82.6,"risk_level":"extreme","confidence":"confirmed","motorcycle_accident_ratio":0.9444,"pedestrian_accident_ratio":0.0556}},{"type":"Feature","geometry":{"type":"Point","coordinates":[121.50408,25.11642]},"properties":{"hotspot_id":"臺北市-49654","hotspot_type":"intersection","county":"臺北市","township":"北投區","road_or_intersection":"承德路7段","accident_count":40,"motorcycle_accident_count":35,"pedestrian_accident_count":1,"death_count":1,"injury_count":55,"fatal_accident_count":1,"risk_score":82.6,"risk_level":"extreme","confidence":"confirmed","motorcycle_accident_ratio":0.875,"pedestrian_accident_ratio":0.025}},{"type":"Feature","geometry":{"type":"Point","coordinates":[121.5542,25.02963]},"properties":{"hotspot_id":"臺北市-50663","hotspot_type":"intersection","county":"臺北市","township":"大安區","road_or_intersection":"通化街","accident_count":25,"motorcycle_accident_count":22,"pedestrian_accident_count":3,"death_count":0,"injury_count":29,"fatal_accident_count":0,"risk_score":82.6,"risk_level":"extreme","confidence":"confirmed","motorcycle_accident_ratio":0.88,"pedestrian_accident_ratio":0.12}},{"type":"Feature","geometry":{"type":"Point","coordinates":[121.54405,25.06169]},"properties":{"hotspot_id":"臺北市-51716","hotspot_type":"intersection","county":"臺北市","township":"中山區","road_or_intersection":"民權東路3段","accident_count":42,"motorcycle_accident_count":36,"pedestrian_accident_count":3,"death_count":1,"injury_count":50,"fatal_accident_count":1,"risk_score":82.5,"risk_level":"extreme","confidence":"probable","motorcycle_accident_ratio":0.8571,"pedestrian_accident_ratio":0.0714}},{"type":"Feature","geometry":{"type":"Point","coordinates":[121.52406,25.04797]},"properties":{"hotspot_id":"臺北市-48742","hotspot_type":"intersection","county":"臺北市","township":"中山區市","road_or_intersection":"林森北路 x 民大道2段","accident_count":19,"motorcycle_accident_count":19,"pedestrian_accident_count":0,"death_count":0,"injury_count":23,"fatal_accident_count":0,"risk_score":82.5,"risk_level":"extreme","confidence":"confirmed","motorcycle_accident_ratio":1.0,"pedestrian_accident_ratio":0.0}},{"type":"Feature","geometry":{"type":"Point","coordinates":[121.58171,25.06877]},"properties":{"hotspot_id":"臺北市-49411","hotspot_type":"intersection","county":"臺北市","township":"內湖區","road_or_intersection":"民權東路6段 x 瑞光路","accident_count":17,"motorcycle_accident_count":17,"pedestrian_accident_count":0,"death_count":0,"injury_count":24,"fatal_accident_count":0,"risk_score":82.5,"risk_level":"extreme","confidence":"confirmed","motorcycle_accident_ratio":1.0,"pedestrian_accident_ratio":0.0}},{"type":"Feature","geometry":{"type":"Point","coordinates":[121.57518,25.03496]},"properties":{"hotspot_id":"臺北市-51731","hotspot_type":"intersection","county":"臺北市","township":"信義區","road_or_intersection":"信義路6段","accident_count":36,"motorcycle_accident_count":30,"pedestrian_accident_count":5,"death_count":1,"injury_count":45,"fatal_accident_count":1,"risk_score":82.5,"risk_level":"extreme","confidence":"probable","motorcycle_accident_ratio":0.8333,"pedestrian_accident_ratio":0.1389}},{"type":"Feature","geometry":{"type":"Point","coordinates":[121.52017,25.07518]},"properties":{"hotspot_id":"臺北市-50325","hotspot_type":"intersection","county":"臺北市","township":"大同區","road_or_intersection":"承德路3段 x 敦煌路","accident_count":23,"motorcycle_accident_count":21,"pedestrian_accident_count":1,"death_count":0,"injury_count":28,"fatal_accident_count":0,"risk_score":82.4,"risk_level":"extreme","confidence":"confirmed","motorcycle_accident_ratio":0.913,"pedestrian_accident_ratio":0.0435}},{"type":"Feature","geometry":{"type":"Point","coordinates":[121.59037,25.06029]},"properties":{"hotspot_id":"臺北市-51616","hotspot_type":"intersection","county":"臺北市","township":"內湖區","road_or_intersection":"新明路","accident_count":18,"motorcycle_accident_count":17,"pedestrian_accident_count":1,"death_count":0,"injury_count":26,"fatal_accident_count":0,"risk_score":82.4,"risk_level":"extreme","confidence":"probable","motorcycle_accident_ratio":0.9444,"pedestrian_accident_ratio":0.0556}},{"type":"Feature","geometry":{"type":"Point","coordinates":[121.59191,25.06889]},"properties":{"hotspot_id":"臺北市-49358","hotspot_type":"intersection","county":"臺北市","township":"內湖區","road_or_intersection":"成功路2段 x 民權東路6段","accident_count":21,"motorcycle_accident_count":20,"pedestrian_accident_count":1,"death_count":0,"injury_count":24,"fatal_accident_count":0,"risk_score":82.4,"risk_level":"extreme","confidence":"confirmed","motorcycle_accident_ratio":0.9524,"pedestrian_accident_ratio":0.0476}},{"type":"Feature","geometry":{"type":"Point","coordinates":[121.52752,25.09432]},"properties":{"hotspot_id":"臺北市-49930","hotspot_type":"intersection","county":"臺北市","township":"士林區","road_or_intersection":"中山北路5段","accident_count":32,"motorcycle_accident_count":28,"pedestrian_accident_count":1,"death_count":0,"injury_count":47,"fatal_accident_count":0,"risk_score":82.4,"risk_level":"extreme","confidence":"confirmed","motorcycle_accident_ratio":0.875,"pedestrian_accident_ratio":0.0312}},{"type":"Feature","geometry":{"type":"Point","coordinates":[121.58505,25.04807]},"properties":{"hotspot_id":"臺北市-49860","hotspot_type":"intersection","county":"臺北市","township":"南港區","road_or_intersection":"忠孝東路6段 x 東新街","accident_count":18,"motorcycle_accident_count":17,"pedestrian_accident_count":1,"death_count":0,"injury_count":26,"fatal_accident_count":0,"risk_score":82.4,"risk_level":"extreme","confidence":"confirmed","motorcycle_accident_ratio":0.9444,"pedestrian_accident_ratio":0.0556}},{"type":"Feature","geometry":{"type":"Point","coordinates":[121.5452,25.07946]},"properties":{"hotspot_id":"臺北市-51514","hotspot_type":"intersection","county":"臺北市","township":"中山區","road_or_intersection":"北安路","accident_count":20,"motorcycle_accident_count":19,"pedestrian_accident_count":1,"death_count":0,"injury_count":25,"fatal_accident_count":0,"risk_score":82.4,"risk_level":"extreme","confidence":"low_confidence","motorcycle_accident_ratio":0.95,"pedestrian_accident_ratio":0.05}},{"type":"Feature","geometry":{"type":"Point","coordinates":[121.53327,25.11763]},"properties":{"hotspot_id":"臺北市-50056","hotspot_type":"intersection","county":"臺北市","township":"士林區","road_or_intersection":"天母東路","accident_count":9,"motorcycle_accident_count":9,"pedestrian_accident_count":1,"death_count":0,"injury_count":13,"fatal_accident_count":0,"risk_score":82.3,"risk_level":"extreme","confidence":"confirmed","motorcycle_accident_ratio":1.0,"pedestrian_accident_ratio":0.1111}},{"type":"Feature","geometry":{"type":"Point","coordinates":[121.55073,25.0411]},"properties":{"hotspot_id":"臺北市-50587","hotspot_type":"intersection","county":"臺北市","township":"大安區","road_or_intersection":"忠孝東路4段","accident_count":30,"motorcycle_accident_count":25,"pedestrian_accident_count":4,"death_count":0,"injury_count":39,"fatal_accident_count":0,"risk_score":82.3,"risk_level":"extreme","confidence":"confirmed","motorcycle_accident_ratio":0.8333,"pedestrian_accident_ratio":0.1333}},{"type":"Feature","geometry":{"type":"Point","coordinates":[121.53046,25.05814]},"properties":{"hotspot_id":"臺北市-48540","hotspot_type":"intersection","county":"臺北市","township":"中山區","road_or_intersection":"吉林路 x 民生東路2段","accident_count":21,"motorcycle_accident_count":19,"pedestrian_accident_count":1,"death_count":0,"injury_count":30,"fatal_accident_count":0,"risk_score":82.3,"risk_level":"extreme","confidence":"confirmed","motorcycle_accident_ratio":0.9048,"pedestrian_accident_ratio":0.0476}},{"type":"Feature","geometry":{"type":"Point","coordinates":[121.58295,25.05653]},"properties":{"hotspot_id":"臺北市-49295","hotspot_type":"intersection","county":"臺北市","township":"內湖區","road_or_intersection":"南京東路6段 x 新明路","accident_count":23,"motorcycle_accident_count":20,"pedestrian_accident_count":2,"death_count":0,"injury_count":33,"fatal_accident_count":0,"risk_score":82.2,"risk_level":"extreme","confidence":"confirmed","motorcycle_accident_ratio":0.8696,"pedestrian_accident_ratio":0.087}},{"type":"Feature","geometry":{"type":"Point","coordinates":[121.5284,25.09394]},"properties":{"hotspot_id":"臺北市-49940","hotspot_type":"intersection","county":"臺北市","township":"士林區","road_or_intersection":"中山北路5段 x 福林路","accident_count":18,"motorcycle_accident_count":16,"pedestrian_accident_count":2,"death_count":0,"injury_count":28,"fatal_accident_count":0,"risk_score":82.2,"risk_level":"extreme","confidence":"confirmed","motorcycle_accident_ratio":0.8889,"pedestrian_accident_ratio":0.1111}},{"type":"Feature","geometry":{"type":"Point","coordinates":[121.52713,25.04728]},"properties":{"hotspot_id":"臺北市-48745","hotspot_type":"intersection","county":"臺北市","township":"中山區市","road_or_intersection":"民大道2段 x 長安東路1段","accident_count":16,"motorcycle_accident_count":16,"pedestrian_accident_count":0,"death_count":0,"injury_count":23,"fatal_accident_count":0,"risk_score":82.2,"risk_level":"extreme","confidence":"confirmed","motorcycle_accident_ratio":1.0,"pedestrian_accident_ratio":0.0}},{"type":"Feature","geometry":{"type":"Point","coordinates":[121.61913,25.07094]},"properties":{"hotspot_id":"臺北市-49350","hotspot_type":"intersection","county":"臺北市","township":"內湖區","road_or_intersection":"康樂街","accident_count":23,"motorcycle_accident_count":20,"pedestrian_accident_count":2,"death_count":0,"injury_count":34,"fatal_accident_count":0,"risk_score":82.2,"risk_level":"extreme","confidence":"confirmed","motorcycle_accident_ratio":0.8696,"pedestrian_accident_ratio":0.087}},{"type":"Feature","geometry":{"type":"Point","coordinates":[121.61456,25.06941]},"properties":{"hotspot_id":"臺北市-49401","hotspot_type":"intersection","county":"臺北市","township":"內湖區","road_or_intersection":"東湖路","accident_count":18,"motorcycle_accident_count":17,"pedestrian_accident_count":2,"death_count":0,"injury_count":21,"fatal_accident_count":0,"risk_score":82.1,"risk_level":"extreme","confidence":"confirmed","motorcycle_accident_ratio":0.9444,"pedestrian_accident_ratio":0.1111}},{"type":"Feature","geometry":{"type":"Point","coordinates":[121.50926,25.08679]},"properties":{"hotspot_id":"臺北市-49968","hotspot_type":"intersection","county":"臺北市","township":"士林區","road_or_intersection":"中正路 x 延平北路6段","accident_count":15,"motorcycle_accident_count":14,"pedestrian_accident_count":1,"death_count":1,"injury_count":18,"fatal_accident_count":1,"risk_score":82.1,"risk_level":"extreme","confidence":"confirmed","motorcycle_accident_ratio":0.9333,"pedestrian_accident_ratio":0.0667}},{"type":"Feature","geometry":{"type":"Point","coordinates":[121.50975,25.06208]},"properties":{"hotspot_id":"臺北市-50274","hotspot_type":"intersection","county":"臺北市","township":"大同區","road_or_intersection":"安西街 x 延平北路2段","accident_count":15,"motorcycle_accident_count":15,"pedestrian_accident_count":0,"death_count":0,"injury_count":24,"fatal_accident_count":0,"risk_score":82.1,"risk_level":"extreme","confidence":"confirmed","motorcycle_accident_ratio":1.0,"pedestrian_accident_ratio":0.0}},{"type":"Feature","geometry":{"type":"Point","coordinates":[121.51476,25.06287]},"properties":{"hotspot_id":"臺北市-50351","hotspot_type":"intersection","county":"臺北市","township":"大同區","road_or_intersection":"民權西路 x 蘭州街","accident_count":16,"motorcycle_accident_count":15,"pedestrian_accident_count":1,"death_count":0,"injury_count":26,"fatal_accident_count":0,"risk_score":82.1,"risk_level":"extreme","confidence":"confirmed","motorcycle_accident_ratio":0.9375,"pedestrian_accident_ratio":0.0625}},{"type":"Feature","geometry":{"type":"Point","coordinates":[121.5659,25.06335]},"properties":{"hotspot_id":"臺北市-51033","hotspot_type":"intersection","county":"臺北市","township":"松山區","road_or_intersection":"撫遠街 x 民權東路5段","accident_count":19,"motorcycle_accident_count":17,"pedestrian_accident_count":2,"death_count":0,"injury_count":26,"fatal_accident_count":0,"risk_score":82.1,"risk_level":"extreme","confidence":"confirmed","motorcycle_accident_ratio":0.8947,"pedestrian_accident_ratio":0.1053}},{"type":"Feature","geometry":{"type":"Point","coordinates":[121.51271,25.03902]},"properties":{"hotspot_id":"臺北市-49069","hotspot_type":"intersection","county":"臺北市","township":"中正區","road_or_intersection":"重慶南路1段","accident_count":10,"motorcycle_accident_count":10,"pedestrian_accident_count":1,"death_count":0,"injury_count":12,"fatal_accident_count":0,"risk_score":82.1,"risk_level":"extreme","confidence":"confirmed","motorcycle_accident_ratio":1.0,"pedestrian_accident_ratio":0.1}},{"type":"Feature","geometry":{"type":"Point","coordinates":[121.51391,25.0516]},"properties":{"hotspot_id":"臺北市-50404","hotspot_type":"intersection","county":"臺北市","township":"大同區","road_or_intersection":"重慶北路1段 x 長安西路","accident_count":20,"motorcycle_accident_count":19,"pedestrian_accident_count":1,"death_count":0,"injury_count":23,"fatal_accident_count":0,"risk_score":82.1,"risk_level":"extreme","confidence":"confirmed","motorcycle_accident_ratio":0.95,"pedestrian_accident_ratio":0.05}},{"type":"Feature","geometry":{"type":"Point","coordinates":[121.49916,25.14072]},"properties":{"hotspot_id":"臺北市-51386","hotspot_type":"intersection","county":"臺北市","township":"北投區","road_or_intersection":"中和街","accident_count":10,"motorcycle_accident_count":10,"pedestrian_accident_count":1,"death_count":0,"injury_count":12,"fatal_accident_count":0,"risk_score":82.1,"risk_level":"extreme","confidence":"probable","motorcycle_accident_ratio":1.0,"pedestrian_accident_ratio":0.1}},{"type":"Feature","geometry":{"type":"Point","coordinates":[121.53513,25.06665]},"properties":{"hotspot_id":"臺北市-48585","hotspot_type":"intersection","county":"臺北市","township":"中山區","road_or_intersection":"建國北路3段 x 民族東路","accident_count":16,"motorcycle_accident_count":14,"pedestrian_accident_count":2,"death_count":1,"injury_count":23,"fatal_accident_count":1,"risk_score":82.1,"risk_level":"extreme","confidence":"confirmed","motorcycle_accident_ratio":0.875,"pedestrian_accident_ratio":0.125}},{"type":"Feature","geometry":{"type":"Point","coordinates":[121.5389,25.00372]},"properties":{"hotspot_id":"臺北市-50859","hotspot_type":"intersection","county":"臺北市","township":"文山區","road_or_intersection":"羅斯福路5段","accident_count":17,"motorcycle_accident_count":17,"pedestrian_accident_count":0,"death_count":0,"injury_count":22,"fatal_accident_count":0,"risk_score":82.1,"risk_level":"extreme","confidence":"confirmed","motorcycle_accident_ratio":1.0,"pedestrian_accident_ratio":0.0}},{"type":"Feature","geometry":{"type":"Point","coordinates":[121.53023,25.05765]},"properties":{"hotspot_id":"臺北市-48531","hotspot_type":"intersection","county":"臺北市","township":"中山區","road_or_intersection":"吉林路","accident_count":16,"motorcycle_accident_count":15,"pedestrian_accident_count":2,"death_count":0,"injury_count":22,"fatal_accident_count":0,"risk_score":82.1,"risk_level":"extreme","confidence":"confirmed","motorcycle_accident_ratio":0.9375,"pedestrian_accident_ratio":0.125}},{"type":"Feature","geometry":{"type":"Point","coordinates":[121.53061,25.06264]},"properties":{"hotspot_id":"臺北市-48539","hotspot_type":"intersection","county":"臺北市","township":"中山區","road_or_intersection":"吉林路 x 民權東路2段","accident_count":19,"motorcycle_accident_count":17,"pedestrian_accident_count":2,"death_count":0,"injury_count":26,"fatal_accident_count":0,"risk_score":82.1,"risk_level":"extreme","confidence":"confirmed","motorcycle_accident_ratio":0.8947,"pedestrian_accident_ratio":0.1053}},{"type":"Feature","geometry":{"type":"Point","coordinates":[121.56361,25.05162]},"properties":{"hotspot_id":"臺北市-50984","hotspot_type":"intersection","county":"臺北市","township":"松山區","road_or_intersection":"南京東路5段","accident_count":33,"motorcycle_accident_count":28,"pedestrian_accident_count":2,"death_count":0,"injury_count":44,"fatal_accident_count":0,"risk_score":82.0,"risk_level":"extreme","confidence":"confirmed","motorcycle_accident_ratio":0.8485,"pedestrian_accident_ratio":0.0606}},{"type":"Feature","geometry":{"type":"Point","coordinates":[121.52173,25.05311]},"properties":{"hotspot_id":"臺北市-51755","hotspot_type":"intersection","county":"臺北市","township":"中山區","road_or_intersection":"南京西路","accident_count":22,"motorcycle_accident_count":19,"pedestrian_accident_count":2,"death_count":0,"injury_count":31,"fatal_accident_count":0,"risk_score":82.0,"risk_level":"extreme","confidence":"low_confidence","motorcycle_accident_ratio":0.8636,"pedestrian_accident_ratio":0.0909}},{"type":"Feature","geometry":{"type":"Point","coordinates":[121.50865,25.06349]},"properties":{"hotspot_id":"臺北市-51774","hotspot_type":"intersection","county":"臺北市","township":"大同區","road_or_intersection":"台北橋機慢車道","accident_count":13,"motorcycle_accident_count":13,"pedestrian_accident_count":0,"death_count":0,"injury_count":27,"fatal_accident_count":0,"risk_score":82.0,"risk_level":"extreme","confidence":"probable","motorcycle_accident_ratio":1.0,"pedestrian_accident_ratio":0.0}},{"type":"Feature","geometry":{"type":"Point","coordinates":[121.55091,25.08503]},"properties":{"hotspot_id":"臺北市-51506","hotspot_type":"intersection","county":"臺北市","township":"中山區","road_or_intersection":"北安路","accident_count":18,"motorcycle_accident_count":17,"pedestrian_accident_count":1,"death_count":0,"injury_count":23,"fatal_accident_count":0,"risk_score":81.9,"risk_level":"extreme","confidence":"probable","motorcycle_accident_ratio":0.9444,"pedestrian_accident_ratio":0.0556}},{"type":"Feature","geometry":{"type":"Point","coordinates":[121.56979,25.0545]},"properties":{"hotspot_id":"臺北市-50926","hotspot_type":"intersection","county":"臺北市","township":"松山區","road_or_intersection":"健康路 x 塔悠路","accident_count":14,"motorcycle_accident_count":14,"pedestrian_accident_count":0,"death_count":0,"injury_count":24,"fatal_accident_count":0,"risk_score":81.9,"risk_level":"extreme","confidence":"confirmed","motorcycle_accident_ratio":1.0,"pedestrian_accident_ratio":0.0}},{"type":"Feature","geometry":{"type":"Point","coordinates":[121.56868,24.98805]},"properties":{"hotspot_id":"臺北市-51404","hotspot_type":"intersection","county":"臺北市","township":"文山區","road_or_intersection":"木柵路3段","accident_count":42,"motorcycle_accident_count":32,"pedestrian_accident_count":8,"death_count":0,"injury_count":49,"fatal_accident_count":0,"risk_score":81.9,"risk_level":"extreme","confidence":"probable","motorcycle_accident_ratio":0.7619,"pedestrian_accident_ratio":0.1905}},{"type":"Feature","geometry":{"type":"Point","coordinates":[121.54366,25.02811]},"properties":{"hotspot_id":"臺北市-50581","hotspot_type":"intersection","county":"臺北市","township":"大安區","road_or_intersection":"復興南路2段","accident_count":34,"motorcycle_accident_count":29,"pedestrian_accident_count":1,"death_count":0,"injury_count":45,"fatal_accident_count":0,"risk_score":81.9,"risk_level":"extreme","confidence":"confirmed","motorcycle_accident_ratio":0.8529,"pedestrian_accident_ratio":0.0294}},{"type":"Feature","geometry":{"type":"Point","coordinates":[121.55134,25.02973]},"properties":{"hotspot_id":"臺北市-50542","hotspot_type":"intersection","county":"臺北市","township":"大安區","road_or_intersection":"安和路2段","accident_count":15,"motorcycle_accident_count":14,"pedestrian_accident_count":1,"death_count":1,"injury_count":16,"fatal_accident_count":1,"risk_score":81.9,"risk_level":"extreme","confidence":"confirmed","motorcycle_accident_ratio":0.9333,"pedestrian_accident_ratio":0.0667}},{"type":"Feature","geometry":{"type":"Point","coordinates":[121.5041,25.04718]},"properties":{"hotspot_id":"臺北市-51743","hotspot_type":"intersection","county":"臺北市","township":"萬華區","road_or_intersection":"堤外便道","accident_count":17,"motorcycle_accident_count":16,"pedestrian_accident_count":1,"death_count":0,"injury_count":23,"fatal_accident_count":0,"risk_score":81.8,"risk_level":"extreme","confidence":"probable","motorcycle_accident_ratio":0.9412,"pedestrian_accident_ratio":0.0588}},{"type":"Feature","geometry":{"type":"Point","coordinates":[121.54457,25.06232]},"properties":{"hotspot_id":"臺北市-51018","hotspot_type":"intersection","county":"臺北市","township":"松山區","road_or_intersection":"復興北路 x 民權東路3段","accident_count":16,"motorcycle_accident_count":15,"pedestrian_accident_count":1,"death_count":0,"injury_count":24,"fatal_accident_count":0,"risk_score":81.8,"risk_level":"extreme","confidence":"confirmed","motorcycle_accident_ratio":0.9375,"pedestrian_accident_ratio":0.0625}},{"type":"Feature","geometry":{"type":"Point","coordinates":[121.50812,25.03691]},"properties":{"hotspot_id":"臺北市-48930","hotspot_type":"intersection","county":"臺北市","township":"中正區","road_or_intersection":"延平南路 x 愛國西路","accident_count":14,"motorcycle_accident_count":14,"pedestrian_accident_count":0,"death_count":0,"injury_count":23,"fatal_accident_count":0,"risk_score":81.7,"risk_level":"extreme","confidence":"confirmed","motorcycle_accident_ratio":1.0,"pedestrian_accident_ratio":0.0}},{"type":"Feature","geometry":{"type":"Point","coordinates":[121.52427,25.02646]},"properties":{"hotspot_id":"臺北市-51598","hotspot_type":"intersection","county":"臺北市","township":"大安區","road_or_intersection":"和平東路1段","accident_count":27,"motorcycle_accident_count":23,"pedestrian_accident_count":1,"death_count":0,"injury_count":36,"fatal_accident_count":0,"risk_score":81.7,"risk_level":"extreme","confidence":"probable","motorcycle_accident_ratio":0.8519,"pedestrian_accident_ratio":0.037}},{"type":"Feature","geometry":{"type":"Point","coordinates":[121.54625,24.99592]},"properties":{"hotspot_id":"臺北市-50794","hotspot_type":"intersection","county":"臺北市","township":"文山區","road_or_intersection":"景華街","accident_count":15,"motorcycle_accident_count":14,"pedestrian_accident_count":2,"death_count":0,"injury_count":21,"fatal_accident_count":0,"risk_score":81.7,"risk_level":"extreme","confidence":"confirmed","motorcycle_accident_ratio":0.9333,"pedestrian_accident_ratio":0.1333}},{"type":"Feature","geometry":{"type":"Point","coordinates":[121.55459,25.06189]},"properties":{"hotspot_id":"臺北市-50940","hotspot_type":"intersection","county":"臺北市","township":"松山區","road_or_intersection":"光復北路 x 民權東路4段","accident_count":19,"motorcycle_accident_count":17,"pedestrian_accident_count":1,"death_count":0,"injury_count":26,"fatal_accident_count":0,"risk_score":81.6,"risk_level":"extreme","confidence":"confirmed","motorcycle_accident_ratio":0.8947,"pedestrian_accident_ratio":0.0526}},{"type":"Feature","geometry":{"type":"Point","coordinates":[121.50899,25.02959]},"properties":{"hotspot_id":"臺北市-48748","hotspot_type":"intersection","county":"臺北市","township":"中正區","road_or_intersection":"三元街 x 南海路","accident_count":8,"motorcycle_accident_count":8,"pedestrian_accident_count":1,"death_count":0,"injury_count":13,"fatal_accident_count":0,"risk_score":81.6,"risk_level":"extreme","confidence":"confirmed","motorcycle_accident_ratio":1.0,"pedestrian_accident_ratio":0.125}},{"type":"Feature","geometry":{"type":"Point","coordinates":[121.51344,25.06935]},"properties":{"hotspot_id":"臺北市-51700","hotspot_type":"intersection","county":"臺北市","township":"大同區","road_or_intersection":"民族西路","accident_count":18,"motorcycle_accident_count":16,"pedestrian_accident_count":3,"death_count":0,"injury_count":21,"fatal_accident_count":0,"risk_score":81.6,"risk_level":"extreme","confidence":"probable","motorcycle_accident_ratio":0.8889,"pedestrian_accident_ratio":0.1667}},{"type":"Feature","geometry":{"type":"Point","coordinates":[121.56147,25.03584]},"properties":{"hotspot_id":"臺北市-49164","hotspot_type":"intersection","county":"臺北市","township":"信義區","road_or_intersection":"基隆路1段 x 松壽路","accident_count":17,"motorcycle_accident_count":16,"pedestrian_accident_count":1,"death_count":0,"injury_count":22,"fatal_accident_count":0,"risk_score":81.6,"risk_level":"extreme","confidence":"confirmed","motorcycle_accident_ratio":0.9412,"pedestrian_accident_ratio":0.0588}},{"type":"Feature","geometry":{"type":"Point","coordinates":[121.56638,25.08405]},"properties":{"hotspot_id":"臺北市-51446","hotspot_type":"intersection","county":"臺北市","township":"內湖區","road_or_intersection":"內湖路1段","accident_count":17,"motorcycle_accident_count":15,"pedestrian_accident_count":2,"death_count":0,"injury_count":25,"fatal_accident_count":0,"risk_score":81.6,"risk_level":"extreme","confidence":"probable","motorcycle_accident_ratio":0.8824,"pedestrian_accident_ratio":0.1176}},{"type":"Feature","geometry":{"type":"Point","coordinates":[121.56107,24.98842]},"properties":{"hotspot_id":"臺北市-50827","hotspot_type":"intersection","county":"臺北市","township":"文山區","road_or_intersection":"木柵路2段 x 興隆路4段","accident_count":15,"motorcycle_accident_count":14,"pedestrian_accident_count":3,"death_count":0,"injury_count":19,"fatal_accident_count":0,"risk_score":81.6,"risk_level":"extreme","confidence":"confirmed","motorcycle_accident_ratio":0.9333,"pedestrian_accident_ratio":0.2}},{"type":"Feature","geometry":{"type":"Point","coordinates":[121.51324,25.04411]},"properties":{"hotspot_id":"臺北市-49003","hotspot_type":"intersection","county":"臺北市","township":"中正區","road_or_intersection":"武昌街1段 x 重慶南路1段","accident_count":6,"motorcycle_accident_count":6,"pedestrian_accident_count":1,"death_count":0,"injury_count":16,"fatal_accident_count":0,"risk_score":81.5,"risk_level":"extreme","confidence":"confirmed","motorcycle_accident_ratio":1.0,"pedestrian_accident_ratio":0.1667}},{"type":"Feature","geometry":{"type":"Point","coordinates":[121.55922,25.03261]},"properties":{"hotspot_id":"臺北市-49121","hotspot_type":"intersection","county":"臺北市","township":"信義區","road_or_intersection":"信義路4段 x 基隆路2段","accident_count":9,"motorcycle_accident_count":9,"pedestrian_accident_count":1,"death_count":0,"injury_count":12,"fatal_accident_count":0,"risk_score":81.5,"risk_level":"extreme","confidence":"confirmed","motorcycle_accident_ratio":1.0,"pedestrian_accident_ratio":0.1111}},{"type":"Feature","geometry":{"type":"Point","coordinates":[121.58968,25.06823]},"properties":{"hotspot_id":"臺北市-51597","hotspot_type":"intersection","county":"臺北市","township":"內湖區","road_or_intersection":"民權東路6段","accident_count":19,"motorcycle_accident_count":17,"pedestrian_accident_count":1,"death_count":0,"injury_count":25,"fatal_accident_count":0,"risk_score":81.5,"risk_level":"extreme","confidence":"probable","motorcycle_accident_ratio":0.8947,"pedestrian_accident_ratio":0.0526}},{"type":"Feature","geometry":{"type":"Point","coordinates":[121.4863,25.12213]},"properties":{"hotspot_id":"臺北市-49498","hotspot_type":"intersection","county":"臺北市","township":"北投區","road_or_intersection":"中央北路2段 x 大度路","accident_count":12,"motorcycle_accident_count":12,"pedestrian_accident_count":0,"death_count":1,"injury_count":16,"fatal_accident_count":1,"risk_score":81.5,"risk_level":"extreme","confidence":"confirmed","motorcycle_accident_ratio":1.0,"pedestrian_accident_ratio":0.0}},{"type":"Feature","geometry":{"type":"Point","coordinates":[121.52553,25.06249]},"properties":{"hotspot_id":"臺北市-48673","hotspot_type":"intersection","county":"臺北市","township":"中山區","road_or_intersection":"林森北路 x 民權東路1段","accident_count":20,"motorcycle_accident_count":17,"pedestrian_accident_count":2,"death_count":0,"injury_count":28,"fatal_accident_count":0,"risk_score":81.4,"risk_level":"extreme","confidence":"confirmed","motorcycle_accident_ratio":0.85,"pedestrian_accident_ratio":0.1}},{"type":"Feature","geometry":{"type":"Point","coordinates":[121.51524,25.0386]},"properties":{"hotspot_id":"臺北市-48834","hotspot_type":"intersection","county":"臺北市","township":"中正區","road_or_intersection":"公園路 x 貴陽街1段","accident_count":13,"motorcycle_accident_count":13,"pedestrian_accident_count":0,"death_count":0,"injury_count":23,"fatal_accident_count":0,"risk_score":81.4,"risk_level":"extreme","confidence":"confirmed","motorcycle_accident_ratio":1.0,"pedestrian_accident_ratio":0.0}},{"type":"Feature","geometry":{"type":"Point","coordinates":[121.50774,25.03507]},"properties":{"hotspot_id":"臺北市-48929","hotspot_type":"intersection","county":"臺北市","township":"中正區","road_or_intersection":"延平南路","accident_count":9,"motorcycle_accident_count":9,"pedestrian_accident_count":2,"death_count":0,"injury_count":11,"fatal_accident_count":0,"risk_score":81.4,"risk_level":"extreme","confidence":"confirmed","motorcycle_accident_ratio":1.0,"pedestrian_accident_ratio":0.2222}},{"type":"Feature","geometry":{"type":"Point","coordinates":[121.50624,25.02779]},"properties":{"hotspot_id":"臺北市-51100","hotspot_type":"intersection","county":"臺北市","township":"萬華區","road_or_intersection":"中華路2段","accident_count":13,"motorcycle_accident_count":12,"pedestrian_accident_count":3,"death_count":0,"injury_count":20,"fatal_accident_count":0,"risk_score":81.4,"risk_level":"extreme","confidence":"confirmed","motorcycle_accident_ratio":0.9231,"pedestrian_accident_ratio":0.2308}},{"type":"Feature","geometry":{"type":"Point","coordinates":[121.58282,25.07792]},"properties":{"hotspot_id":"臺北市-49376","hotspot_type":"intersection","county":"臺北市","township":"內湖區","road_or_intersection":"文德路","accident_count":18,"motorcycle_accident_count":16,"pedestrian_accident_count":1,"death_count":0,"injury_count":25,"fatal_accident_count":0,"risk_score":81.3,"risk_level":"extreme","confidence":"confirmed","motorcycle_accident_ratio":0.8889,"pedestrian_accident_ratio":0.0556}},{"type":"Feature","geometry":{"type":"Point","coordinates":[121.57409,25.08498]},"properties":{"hotspot_id":"臺北市-49445","hotspot_type":"intersection","county":"臺北市","township":"內湖區","road_or_intersection":"環山路2段","accident_count":14,"motorcycle_accident_count":14,"pedestrian_accident_count":0,"death_count":0,"injury_count":21,"fatal_accident_count":0,"risk_score":81.3,"risk_level":"extreme","confidence":"confirmed","motorcycle_accident_ratio":1.0,"pedestrian_accident_ratio":0.0}},{"type":"Feature","geometry":{"type":"Point","coordinates":[121.54425,25.03784]},"properties":{"hotspot_id":"臺北市-51662","hotspot_type":"intersection","county":"臺北市","township":"大安區","road_or_intersection":"復興南路1段","accident_count":18,"motorcycle_accident_count":15,"pedestrian_accident_count":3,"death_count":0,"injury_count":26,"fatal_accident_count":0,"risk_score":81.3,"risk_level":"extreme","confidence":"probable","motorcycle_accident_ratio":0.8333,"pedestrian_accident_ratio":0.1667}},{"type":"Feature","geometry":{"type":"Point","coordinates":[121.50801,25.06361]},"properties":{"hotspot_id":"臺北市-51775","hotspot_type":"intersection","county":"臺北市","township":"大同區","road_or_intersection":"台北橋機慢車道","accident_count":13,"motorcycle_accident_count":13,"pedestrian_accident_count":0,"death_count":0,"injury_count":22,"fatal_accident_count":0,"risk_score":81.2,"risk_level":"extreme","confidence":"probable","motorcycle_accident_ratio":1.0,"pedestrian_accident_ratio":0.0}},{"type":"Feature","geometry":{"type":"Point","coordinates":[121.50635,25.0489]},"properties":{"hotspot_id":"臺北市-51796","hotspot_type":"intersection","county":"臺北市","township":"萬華區","road_or_intersection":"忠孝橋前0.0公尺","accident_count":13,"motorcycle_accident_count":13,"pedestrian_accident_count":0,"death_count":0,"injury_count":22,"fatal_accident_count":0,"risk_score":81.2,"risk_level":"extreme","confidence":"probable","motorcycle_accident_ratio":1.0,"pedestrian_accident_ratio":0.0}},{"type":"Feature","geometry":{"type":"Point","coordinates":[121.56354,25.05749]},"properties":{"hotspot_id":"臺北市-50907","hotspot_type":"intersection","county":"臺北市","township":"松山區","road_or_intersection":"三民路","accident_count":21,"motorcycle_accident_count":16,"pedestrian_accident_count":5,"death_count":0,"injury_count":29,"fatal_accident_count":0,"risk_score":81.2,"risk_level":"extreme","confidence":"confirmed","motorcycle_accident_ratio":0.7619,"pedestrian_accident_ratio":0.2381}},{"type":"Feature","geometry":{"type":"Point","coordinates":[121.4891,25.03491]},"properties":{"hotspot_id":"臺北市-51646","hotspot_type":"intersection","county":"臺北市","township":"萬華區","road_or_intersection":"華江橋前0.0公尺","accident_count":34,"motorcycle_accident_count":27,"pedestrian_accident_count":3,"death_count":0,"injury_count":56,"fatal_accident_count":0,"risk_score":81.2,"risk_level":"extreme","confidence":"probable","motorcycle_accident_ratio":0.7941,"pedestrian_accident_ratio":0.0882}},{"type":"Feature","geometry":{"type":"Point","coordinates":[121.55201,25.04733]},"properties":{"hotspot_id":"臺北市-50953","hotspot_type":"intersection","county":"臺北市","township":"松山區","road_or_intersection":"八德路3段","accident_count":30,"motorcycle_accident_count":23,"pedestrian_accident_count":4,"death_count":0,"injury_count":36,"fatal_accident_count":0,"risk_score":81.2,"risk_level":"extreme","confidence":"confirmed","motorcycle_accident_ratio":0.7667,"pedestrian_accident_ratio":0.1333}},{"type":"Feature","geometry":{"type":"Point","coordinates":[121.49285,25.03394]},"properties":{"hotspot_id":"臺北市-51257","hotspot_type":"intersection","county":"臺北市","township":"萬華區","road_or_intersection":"環河南路2段","accident_count":22,"motorcycle_accident_count":17,"pedestrian_accident_count":4,"death_count":0,"injury_count":30,"fatal_accident_count":0,"risk_score":81.1,"risk_level":"extreme","confidence":"confirmed","motorcycle_accident_ratio":0.7727,"pedestrian_accident_ratio":0.1818}},{"type":"Feature","geometry":{"type":"Point","coordinates":[121.53895,25.04635]},"properties":{"hotspot_id":"臺北市-48479","hotspot_type":"intersection","county":"臺北市","township":"中山區","road_or_intersection":"八德路2段","accident_count":17,"motorcycle_accident_count":15,"pedestrian_accident_count":1,"death_count":0,"injury_count":25,"fatal_accident_count":0,"risk_score":81.1,"risk_level":"extreme","confidence":"confirmed","motorcycle_accident_ratio":0.8824,"pedestrian_accident_ratio":0.0588}},{"type":"Feature","geometry":{"type":"Point","coordinates":[121.53094,25.06266]},"properties":{"hotspot_id":"臺北市-51818","hotspot_type":"intersection","county":"臺北市","township":"中山區","road_or_intersection":"民權東路2段","accident_count":15,"motorcycle_accident_count":14,"pedestrian_accident_count":2,"death_count":0,"injury_count":19,"fatal_accident_count":0,"risk_score":81.1,"risk_level":"extreme","confidence":"probable","motorcycle_accident_ratio":0.9333,"pedestrian_accident_ratio":0.1333}},{"type":"Feature","geometry":{"type":"Point","coordinates":[121.53668,25.06491]},"properties":{"hotspot_id":"臺北市-48588","hotspot_type":"intersection","county":"臺北市","township":"中山區","road_or_intersection":"建國北路3段 x 農安街","accident_count":16,"motorcycle_accident_count":15,"pedestrian_accident_count":1,"death_count":0,"injury_count":20,"fatal_accident_count":0,"risk_score":81.0,"risk_level":"extreme","confidence":"confirmed","motorcycle_accident_ratio":0.9375,"pedestrian_accident_ratio":0.0625}},{"type":"Feature","geometry":{"type":"Point","coordinates":[121.55964,25.02625]},"properties":{"hotspot_id":"臺北市-49114","hotspot_type":"intersection","county":"臺北市","township":"信義區","road_or_intersection":"信安街 x 吳興街","accident_count":16,"motorcycle_accident_count":15,"pedestrian_accident_count":1,"death_count":0,"injury_count":20,"fatal_accident_count":0,"risk_score":81.0,"risk_level":"extreme","confidence":"confirmed","motorcycle_accident_ratio":0.9375,"pedestrian_accident_ratio":0.0625}},{"type":"Feature","geometry":{"type":"Point","coordinates":[121.51822,25.03196]},"properties":{"hotspot_id":"臺北市-51573","hotspot_type":"intersection","county":"臺北市","township":"中正區","road_or_intersection":"羅斯福路1段","accident_count":15,"motorcycle_accident_count":14,"pedestrian_accident_count":1,"death_count":0,"injury_count":21,"fatal_accident_count":0,"risk_score":81.0,"risk_level":"extreme","confidence":"probable","motorcycle_accident_ratio":0.9333,"pedestrian_accident_ratio":0.0667}},{"type":"Feature","geometry":{"type":"Point","coordinates":[121.57483,25.04143]},"properties":{"hotspot_id":"臺北市-49194","hotspot_type":"intersection","county":"臺北市","township":"信義區","road_or_intersection":"忠孝東路5段 x 虎林街","accident_count":14,"motorcycle_accident_count":12,"pedestrian_accident_count":3,"death_count":0,"injury_count":23,"fatal_accident_count":0,"risk_score":81.0,"risk_level":"extreme","confidence":"confirmed","motorcycle_accident_ratio":0.8571,"pedestrian_accident_ratio":0.2143}},{"type":"Feature","geometry":{"type":"Point","coordinates":[121.57465,25.07233]},"properties":{"hotspot_id":"臺北市-51451","hotspot_type":"intersection","county":"臺北市","township":"內湖區","road_or_intersection":"舊宗路2段","accident_count":23,"motorcycle_accident_count":19,"pedestrian_accident_count":1,"death_count":0,"injury_count":33,"fatal_accident_count":0,"risk_score":80.9,"risk_level":"extreme","confidence":"probable","motorcycle_accident_ratio":0.8261,"pedestrian_accident_ratio":0.0435}},{"type":"Feature","geometry":{"type":"Point","coordinates":[121.55735,25.05127]},"properties":{"hotspot_id":"臺北市-50932","hotspot_type":"intersection","county":"臺北市","township":"松山區","road_or_intersection":"光復北路","accident_count":18,"motorcycle_accident_count":15,"pedestrian_accident_count":3,"death_count":0,"injury_count":23,"fatal_accident_count":0,"risk_score":80.9,"risk_level":"extreme","confidence":"confirmed","motorcycle_accident_ratio":0.8333,"pedestrian_accident_ratio":0.1667}},{"type":"Feature","geometry":{"type":"Point","coordinates":[121.54919,25.0548]},"properties":{"hotspot_id":"臺北市-51036","hotspot_type":"intersection","county":"臺北市","township":"松山區","road_or_intersection":"敦化北路","accident_count":23,"motorcycle_accident_count":19,"pedestrian_accident_count":2,"death_count":0,"injury_count":27,"fatal_accident_count":0,"risk_score":80.9,"risk_level":"extreme","confidence":"confirmed","motorcycle_accident_ratio":0.8261,"pedestrian_accident_ratio":0.087}},{"type":"Feature","geometry":{"type":"Point","coordinates":[121.46461,25.12402]},"properties":{"hotspot_id":"臺北市-49507","hotspot_type":"intersection","county":"臺北市","township":"北投區","road_or_intersection":"中央北路4段 x 大度路3段","accident_count":20,"motorcycle_accident_count":17,"pedestrian_accident_count":1,"death_count":0,"injury_count":27,"fatal_accident_count":0,"risk_score":80.9,"risk_level":"extreme","confidence":"confirmed","motorcycle_accident_ratio":0.85,"pedestrian_accident_ratio":0.05}},{"type":"Feature","geometry":{"type":"Point","coordinates":[121.49616,25.03911]},"properties":{"hotspot_id":"臺北市-51706","hotspot_type":"intersection","county":"臺北市","township":"萬華區","road_or_intersection":"堤外便道","accident_count":16,"motorcycle_accident_count":14,"pedestrian_accident_count":1,"death_count":0,"injury_count":26,"fatal_accident_count":0,"risk_score":80.9,"risk_level":"extreme","confidence":"probable","motorcycle_accident_ratio":0.875,"pedestrian_accident_ratio":0.0625}},{"type":"Feature","geometry":{"type":"Point","coordinates":[121.53294,25.06234]},"properties":{"hotspot_id":"臺北市-48662","hotspot_type":"intersection","county":"臺北市","township":"中山區","road_or_intersection":"松江路 x 民權東路2段","accident_count":24,"motorcycle_accident_count":17,"pedestrian_accident_count":6,"death_count":0,"injury_count":30,"fatal_accident_count":0,"risk_score":80.9,"risk_level":"extreme","confidence":"confirmed","motorcycle_accident_ratio":0.7083,"pedestrian_accident_ratio":0.25}},{"type":"Feature","geometry":{"type":"Point","coordinates":[121.6035,25.06407]},"properties":{"hotspot_id":"臺北市-49332","hotspot_type":"intersection","county":"臺北市","township":"內湖區","road_or_intersection":"安康路 x 永保街","accident_count":14,"motorcycle_accident_count":14,"pedestrian_accident_count":0,"death_count":0,"injury_count":19,"fatal_accident_count":0,"risk_score":80.8,"risk_level":"extreme","confidence":"confirmed","motorcycle_accident_ratio":1.0,"pedestrian_accident_ratio":0.0}},{"type":"Feature","geometry":{"type":"Point","coordinates":[121.52306,25.08143]},"properties":{"hotspot_id":"臺北市-49929","hotspot_type":"intersection","county":"臺北市","township":"士林區","road_or_intersection":"中山北路4段 x 通河街","accident_count":14,"motorcycle_accident_count":14,"pedestrian_accident_count":0,"death_count":0,"injury_count":19,"fatal_accident_count":0,"risk_score":80.8,"risk_level":"extreme","confidence":"confirmed","motorcycle_accident_ratio":1.0,"pedestrian_accident_ratio":0.0}},{"type":"Feature","geometry":{"type":"Point","coordinates":[121.51504,25.03203]},"properties":{"hotspot_id":"臺北市-48863","hotspot_type":"intersection","county":"臺北市","township":"中正區","road_or_intersection":"南海路 x 牯嶺街","accident_count":16,"motorcycle_accident_count":16,"pedestrian_accident_count":0,"death_count":0,"injury_count":18,"fatal_accident_count":0,"risk_score":80.8,"risk_level":"extreme","confidence":"confirmed","motorcycle_accident_ratio":1.0,"pedestrian_accident_ratio":0.0}},{"type":"Feature","geometry":{"type":"Point","coordinates":[121.50014,25.04198]},"properties":{"hotspot_id":"臺北市-51118","hotspot_type":"intersection","county":"臺北市","township":"萬華區","road_or_intersection":"內江街 x 環河南路1段","accident_count":13,"motorcycle_accident_count":13,"pedestrian_accident_count":0,"death_count":0,"injury_count":20,"fatal_accident_count":0,"risk_score":80.8,"risk_level":"extreme","confidence":"confirmed","motorcycle_accident_ratio":1.0,"pedestrian_accident_ratio":0.0}},{"type":"Feature","geometry":{"type":"Point","coordinates":[121.53531,25.06239]},"properties":{"hotspot_id":"臺北市-51838","hotspot_type":"intersection","county":"臺北市","township":"中山區","road_or_intersection":"民權東路2段","accident_count":14,"motorcycle_accident_count":12,"pedestrian_accident_count":1,"death_count":0,"injury_count":35,"fatal_accident_count":0,"risk_score":80.8,"risk_level":"extreme","confidence":"low_confidence","motorcycle_accident_ratio":0.8571,"pedestrian_accident_ratio":0.0714}},{"type":"Feature","geometry":{"type":"Point","coordinates":[121.49961,25.04151]},"properties":{"hotspot_id":"臺北市-51255","hotspot_type":"intersection","county":"臺北市","township":"萬華區","road_or_intersection":"環河南路1段 x 長沙街2段","accident_count":8,"motorcycle_accident_count":8,"pedestrian_accident_count":1,"death_count":0,"injury_count":12,"fatal_accident_count":0,"risk_score":80.8,"risk_level":"extreme","confidence":"confirmed","motorcycle_accident_ratio":1.0,"pedestrian_accident_ratio":0.125}},{"type":"Feature","geometry":{"type":"Point","coordinates":[121.50632,25.04265]},"properties":{"hotspot_id":"臺北市-51683","hotspot_type":"intersection","county":"臺北市","township":"萬華區","road_or_intersection":"成都路","accident_count":15,"motorcycle_accident_count":14,"pedestrian_accident_count":1,"death_count":0,"injury_count":20,"fatal_accident_count":0,"risk_score":80.8,"risk_level":"extreme","confidence":"probable","motorcycle_accident_ratio":0.9333,"pedestrian_accident_ratio":0.0667}},{"type":"Feature","geometry":{"type":"Point","coordinates":[121.46631,25.12348]},"properties":{"hotspot_id":"臺北市-51334","hotspot_type":"intersection","county":"臺北市","township":"北投區","road_or_intersection":"大度路3段","accident_count":15,"motorcycle_accident_count":14,"pedestrian_accident_count":1,"death_count":0,"injury_count":20,"fatal_accident_count":0,"risk_score":80.8,"risk_level":"extreme","confidence":"probable","motorcycle_accident_ratio":0.9333,"pedestrian_accident_ratio":0.0667}},{"type":"Feature","geometry":{"type":"Point","coordinates":[121.53229,25.01816]},"properties":{"hotspot_id":"臺北市-51557","hotspot_type":"intersection","county":"臺北市","township":"大安區","road_or_intersection":"羅斯福路3段","accident_count":17,"motorcycle_accident_count":15,"pedestrian_accident_count":1,"death_count":0,"injury_count":23,"fatal_accident_count":0,"risk_score":80.8,"risk_level":"extreme","confidence":"probable","motorcycle_accident_ratio":0.8824,"pedestrian_accident_ratio":0.0588}},{"type":"Feature","geometry":{"type":"Point","coordinates":[121.54352,25.01617]},"properties":{"hotspot_id":"臺北市-50520","hotspot_type":"intersection","county":"臺北市","township":"大安區","road_or_intersection":"基隆路3段","accident_count":15,"motorcycle_accident_count":13,"pedestrian_accident_count":1,"death_count":0,"injury_count":27,"fatal_accident_count":0,"risk_score":80.7,"risk_level":"extreme","confidence":"confirmed","motorcycle_accident_ratio":0.8667,"pedestrian_accident_ratio":0.0667}},{"type":"Feature","geometry":{"type":"Point","coordinates":[121.55308,25.05807]},"properties":{"hotspot_id":"臺北市-51061","hotspot_type":"intersection","county":"臺北市","township":"松山區","road_or_intersection":"民生東路4段","accident_count":15,"motorcycle_accident_count":15,"pedestrian_accident_count":0,"death_count":0,"injury_count":18,"fatal_accident_count":0,"risk_score":80.7,"risk_level":"extreme","confidence":"confirmed","motorcycle_accident_ratio":1.0,"pedestrian_accident_ratio":0.0}},{"type":"Feature","geometry":{"type":"Point","coordinates":[121.61581,25.05034]},"properties":{"hotspot_id":"臺北市-49889","hotspot_type":"intersection","county":"臺北市","township":"南港區","road_or_intersection":"研究院路1段","accident_count":15,"motorcycle_accident_count":15,"pedestrian_accident_count":0,"death_count":0,"injury_count":18,"fatal_accident_count":0,"risk_score":80.7,"risk_level":"extreme","confidence":"confirmed","motorcycle_accident_ratio":1.0,"pedestrian_accident_ratio":0.0}},{"type":"Feature","geometry":{"type":"Point","coordinates":[121.51712,25.0521]},"properties":{"hotspot_id":"臺北市-51672","hotspot_type":"intersection","county":"臺北市","township":"大同區","road_or_intersection":"承德路1段","accident_count":23,"motorcycle_accident_count":19,"pedestrian_accident_count":2,"death_count":0,"injury_count":26,"fatal_accident_count":0,"risk_score":80.7,"risk_level":"extreme","confidence":"probable","motorcycle_accident_ratio":0.8261,"pedestrian_accident_ratio":0.087}},{"type":"Feature","geometry":{"type":"Point","coordinates":[121.57158,25.04443]},"properties":{"hotspot_id":"臺北市-49241","hotspot_type":"intersection","county":"臺北市","township":"信義區","road_or_intersection":"永吉路","accident_count":50,"motorcycle_accident_count":37,"pedestrian_accident_count":4,"death_count":0,"injury_count":61,"fatal_accident_count":0,"risk_score":80.6,"risk_level":"extreme","confidence":"confirmed","motorcycle_accident_ratio":0.74,"pedestrian_accident_ratio":0.08}},{"type":"Feature","geometry":{"type":"Point","coordinates":[121.57806,25.04157]},"properties":{"hotspot_id":"臺北市-49215","hotspot_type":"intersection","county":"臺北市","township":"信義區","road_or_intersection":"松山路","accident_count":21,"motorcycle_accident_count":17,"pedestrian_accident_count":2,"death_count":0,"injury_count":26,"fatal_accident_count":0,"risk_score":80.6,"risk_level":"extreme","confidence":"confirmed","motorcycle_accident_ratio":0.8095,"pedestrian_accident_ratio":0.0952}},{"type":"Feature","geometry":{"type":"Point","coordinates":[121.54397,25.06375]},"properties":{"hotspot_id":"臺北市-48597","hotspot_type":"intersection","county":"臺北市","township":"中山區","road_or_intersection":"復興北路 x 民權東路3段","accident_count":23,"motorcycle_accident_count":19,"pedestrian_accident_count":1,"death_count":0,"injury_count":28,"fatal_accident_count":0,"risk_score":80.6,"risk_level":"extreme","confidence":"confirmed","motorcycle_accident_ratio":0.8261,"pedestrian_accident_ratio":0.0435}},{"type":"Feature","geometry":{"type":"Point","coordinates":[121.57798,25.07669]},"properties":{"hotspot_id":"臺北市-49419","hotspot_type":"intersection","county":"臺北市","township":"內湖區","road_or_intersection":"江南街","accident_count":9,"motorcycle_accident_count":9,"pedestrian_accident_count":1,"death_count":0,"injury_count":11,"fatal_accident_count":0,"risk_score":80.6,"risk_level":"extreme","confidence":"confirmed","motorcycle_accident_ratio":1.0,"pedestrian_accident_ratio":0.1111}},{"type":"Feature","geometry":{"type":"Point","coordinates":[121.5094,25.03038]},"properties":{"hotspot_id":"臺北市-51536","hotspot_type":"intersection","county":"臺北市","township":"中正區","road_or_intersection":"和平西路2段","accident_count":9,"motorcycle_accident_count":9,"pedestrian_accident_count":1,"death_count":0,"injury_count":11,"fatal_accident_count":0,"risk_score":80.6,"risk_level":"extreme","confidence":"probable","motorcycle_accident_ratio":1.0,"pedestrian_accident_ratio":0.1111}},{"type":"Feature","geometry":{"type":"Point","coordinates":[121.57188,25.00199]},"properties":{"hotspot_id":"臺北市-51406","hotspot_type":"intersection","county":"臺北市","township":"文山區","road_or_intersection":"和平東路4段","accident_count":9,"motorcycle_accident_count":9,"pedestrian_accident_count":1,"death_count":0,"injury_count":11,"fatal_accident_count":0,"risk_score":80.6,"risk_level":"extreme","confidence":"low_confidence","motorcycle_accident_ratio":1.0,"pedestrian_accident_ratio":0.1111}},{"type":"Feature","geometry":{"type":"Point","coordinates":[121.56163,24.98897]},"properties":{"hotspot_id":"臺北市-50825","hotspot_type":"intersection","county":"臺北市","township":"文山區","road_or_intersection":"木柵路2段","accident_count":16,"motorcycle_accident_count":15,"pedestrian_accident_count":3,"death_count":0,"injury_count":16,"fatal_accident_count":0,"risk_score":80.5,"risk_level":"extreme","confidence":"confirmed","motorcycle_accident_ratio":0.9375,"pedestrian_accident_ratio":0.1875}},{"type":"Feature","geometry":{"type":"Point","coordinates":[121.55413,25.04177]},"properties":{"hotspot_id":"臺北市-50559","hotspot_type":"intersection","county":"臺北市","township":"大安區","road_or_intersection":"延吉街 x 忠孝東路4段","accident_count":21,"motorcycle_accident_count":17,"pedestrian_accident_count":2,"death_count":0,"injury_count":25,"fatal_accident_count":0,"risk_score":80.5,"risk_level":"extreme","confidence":"confirmed","motorcycle_accident_ratio":0.8095,"pedestrian_accident_ratio":0.0952}},{"type":"Feature","geometry":{"type":"Point","coordinates":[121.52569,25.02679]},"properties":{"hotspot_id":"臺北市-50473","hotspot_type":"intersection","county":"臺北市","township":"大安區","road_or_intersection":"和平東路1段","accident_count":13,"motorcycle_accident_count":13,"pedestrian_accident_count":0,"death_count":0,"injury_count":19,"fatal_accident_count":0,"risk_score":80.5,"risk_level":"extreme","confidence":"confirmed","motorcycle_accident_ratio":1.0,"pedestrian_accident_ratio":0.0}},{"type":"Feature","geometry":{"type":"Point","coordinates":[121.57288,25.04086]},"properties":{"hotspot_id":"臺北市-51872","hotspot_type":"intersection","county":"臺北市","township":"信義區","road_or_intersection":"忠孝東路5段","accident_count":14,"motorcycle_accident_count":13,"pedestrian_accident_count":2,"death_count":0,"injury_count":18,"fatal_accident_count":0,"risk_score":80.5,"risk_level":"extreme","confidence":"probable","motorcycle_accident_ratio":0.9286,"pedestrian_accident_ratio":0.1429}},{"type":"Feature","geometry":{"type":"Point","coordinates":[121.51316,25.04628]},"properties":{"hotspot_id":"臺北市-51732","hotspot_type":"intersection","county":"臺北市","township":"中正區","road_or_intersection":"重慶南路1段","accident_count":18,"motorcycle_accident_count":15,"pedestrian_accident_count":3,"death_count":0,"injury_count":21,"fatal_accident_count":0,"risk_score":80.5,"risk_level":"extreme","confidence":"probable","motorcycle_accident_ratio":0.8333,"pedestrian_accident_ratio":0.1667}},{"type":"Feature","geometry":{"type":"Point","coordinates":[121.56043,25.08468]},"properties":{"hotspot_id":"臺北市-51448","hotspot_type":"intersection","county":"臺北市","township":"內湖區","road_or_intersection":"內湖路1段","accident_count":15,"motorcycle_accident_count":13,"pedestrian_accident_count":2,"death_count":0,"injury_count":21,"fatal_accident_count":0,"risk_score":80.4,"risk_level":"extreme","confidence":"probable","motorcycle_accident_ratio":0.8667,"pedestrian_accident_ratio":0.1333}},{"type":"Feature","geometry":{"type":"Point","coordinates":[121.53136,25.01581]},"properties":{"hotspot_id":"臺北市-49020","hotspot_type":"intersection","county":"臺北市","township":"中正區","road_or_intersection":"汀州路3段 x 羅斯福路3段","accident_count":14,"motorcycle_accident_count":14,"pedestrian_accident_count":0,"death_count":0,"injury_count":18,"fatal_accident_count":0,"risk_score":80.4,"risk_level":"extreme","confidence":"confirmed","motorcycle_accident_ratio":1.0,"pedestrian_accident_ratio":0.0}},{"type":"Feature","geometry":{"type":"Point","coordinates":[121.5163,25.10634]},"properties":{"hotspot_id":"臺北市-49670","hotspot_type":"intersection","county":"臺北市","township":"北投區","road_or_intersection":"文林北路","accident_count":10,"motorcycle_accident_count":10,"pedestrian_accident_count":0,"death_count":1,"injury_count":15,"fatal_accident_count":1,"risk_score":80.3,"risk_level":"extreme","confidence":"confirmed","motorcycle_accident_ratio":1.0,"pedestrian_accident_ratio":0.0}},{"type":"Feature","geometry":{"type":"Point","coordinates":[121.56643,25.04373]},"properties":{"hotspot_id":"臺北市-49165","hotspot_type":"intersection","county":"臺北市","township":"信義區","road_or_intersection":"基隆路1段 x 松隆路","accident_count":18,"motorcycle_accident_count":15,"pedestrian_accident_count":1,"death_count":0,"injury_count":26,"fatal_accident_count":0,"risk_score":80.3,"risk_level":"extreme","confidence":"confirmed","motorcycle_accident_ratio":0.8333,"pedestrian_accident_ratio":0.0556}},{"type":"Feature","geometry":{"type":"Point","coordinates":[121.54897,25.03802]},"properties":{"hotspot_id":"臺北市-50431","hotspot_type":"intersection","county":"臺北市","township":"大安區","road_or_intersection":"仁愛路4段 x 敦化南路1段","accident_count":36,"motorcycle_accident_count":27,"pedestrian_accident_count":1,"death_count":0,"injury_count":44,"fatal_accident_count":0,"risk_score":80.3,"risk_level":"extreme","confidence":"confirmed","motorcycle_accident_ratio":0.75,"pedestrian_accident_ratio":0.0278}},{"type":"Feature","geometry":{"type":"Point","coordinates":[121.52539,25.0843]},"properties":{"hotspot_id":"臺北市-49932","hotspot_type":"intersection","county":"臺北市","township":"士林區","road_or_intersection":"中山北路5段 x 劍潭路","accident_count":15,"motorcycle_accident_count":14,"pedestrian_accident_count":2,"death_count":0,"injury_count":17,"fatal_accident_count":0,"risk_score":80.3,"risk_level":"extreme","confidence":"confirmed","motorcycle_accident_ratio":0.9333,"pedestrian_accident_ratio":0.1333}},{"type":"Feature","geometry":{"type":"Point","coordinates":[121.60212,25.05251]},"properties":{"hotspot_id":"臺北市-49916","hotspot_type":"intersection","county":"臺北市","township":"南港區市","road_or_intersection":"南港路2段 x 民大道8段","accident_count":6,"motorcycle_accident_count":6,"pedestrian_accident_count":2,"death_count":0,"injury_count":13,"fatal_accident_count":0,"risk_score":80.3,"risk_level":"extreme","confidence":"confirmed","motorcycle_accident_ratio":1.0,"pedestrian_accident_ratio":0.3333}},{"type":"Feature","geometry":{"type":"Point","coordinates":[121.58843,25.0577]},"properties":{"hotspot_id":"臺北市-49383","hotspot_type":"intersection","county":"臺北市","township":"內湖區","road_or_intersection":"新明路 x 潭美街","accident_count":10,"motorcycle_accident_count":9,"pedestrian_accident_count":2,"death_count":1,"injury_count":14,"fatal_accident_count":1,"risk_score":80.2,"risk_level":"extreme","confidence":"confirmed","motorcycle_accident_ratio":0.9,"pedestrian_accident_ratio":0.2}},{"type":"Feature","geometry":{"type":"Point","coordinates":[121.5467,25.01913]},"properties":{"hotspot_id":"臺北市-50527","hotspot_type":"intersection","county":"臺北市","township":"大安區","road_or_intersection":"基隆路3段 x 辛亥路3段","accident_count":27,"motorcycle_accident_count":20,"pedestrian_accident_count":2,"death_count":0,"injury_count":37,"fatal_accident_count":0,"risk_score":80.2,"risk_level":"extreme","confidence":"confirmed","motorcycle_accident_ratio":0.7407,"pedestrian_accident_ratio":0.0741}},{"type":"Feature","geometry":{"type":"Point","coordinates":[121.5222,25.06592]},"properties":{"hotspot_id":"臺北市-48456","hotspot_type":"intersection","county":"臺北市","township":"中山區","road_or_intersection":"中山北路3段 x 民族西路","accident_count":15,"motorcycle_accident_count":13,"pedestrian_accident_count":2,"death_count":0,"injury_count":20,"fatal_accident_count":0,"risk_score":80.2,"risk_level":"extreme","confidence":"confirmed","motorcycle_accident_ratio":0.8667,"pedestrian_accident_ratio":0.1333}},{"type":"Feature","geometry":{"type":"Point","coordinates":[121.53466,25.01392]},"properties":{"hotspot_id":"臺北市-51581","hotspot_type":"intersection","county":"臺北市","township":"中正區","road_or_intersection":"羅斯福路4段","accident_count":24,"motorcycle_accident_count":18,"pedestrian_accident_count":2,"death_count":0,"injury_count":33,"fatal_accident_count":0,"risk_score":80.2,"risk_level":"extreme","confidence":"low_confidence","motorcycle_accident_ratio":0.75,"pedestrian_accident_ratio":0.0833}},{"type":"Feature","geometry":{"type":"Point","coordinates":[121.52575,25.05803]},"properties":{"hotspot_id":"臺北市-48674","hotspot_type":"intersection","county":"臺北市","township":"中山區","road_or_intersection":"林森北路 x 民生東路1段","accident_count":14,"motorcycle_accident_count":12,"pedestrian_accident_count":1,"death_count":0,"injury_count":26,"fatal_accident_count":0,"risk_score":80.2,"risk_level":"extreme","confidence":"confirmed","motorcycle_accident_ratio":0.8571,"pedestrian_accident_ratio":0.0714}},{"type":"Feature","geometry":{"type":"Point","coordinates":[121.5646,25.02812]},"properties":{"hotspot_id":"臺北市-49146","hotspot_type":"intersection","county":"臺北市","township":"信義區","road_or_intersection":"吳興街 x 莊敬路","accident_count":18,"motorcycle_accident_count":13,"pedestrian_accident_count":5,"death_count":0,"injury_count":24,"fatal_accident_count":0,"risk_score":80.1,"risk_level":"extreme","confidence":"confirmed","motorcycle_accident_ratio":0.7222,"pedestrian_accident_ratio":0.2778}},{"type":"Feature","geometry":{"type":"Point","coordinates":[121.61561,25.06697]},"properties":{"hotspot_id":"臺北市-49267","hotspot_type":"intersection","county":"臺北市","township":"內湖區","road_or_intersection":"五分街 x 安康路","accident_count":12,"motorcycle_accident_count":12,"pedestrian_accident_count":0,"death_count":0,"injury_count":19,"fatal_accident_count":0,"risk_score":80.1,"risk_level":"extreme","confidence":"confirmed","motorcycle_accident_ratio":1.0,"pedestrian_accident_ratio":0.0}},{"type":"Feature","geometry":{"type":"Point","coordinates":[121.5877,25.08195]},"properties":{"hotspot_id":"臺北市-49281","hotspot_type":"intersection","county":"臺北市","township":"內湖區","road_or_intersection":"內湖路2段","accident_count":14,"motorcycle_accident_count":13,"pedestrian_accident_count":2,"death_count":0,"injury_count":17,"fatal_accident_count":0,"risk_score":80.1,"risk_level":"extreme","confidence":"confirmed","motorcycle_accident_ratio":0.9286,"pedestrian_accident_ratio":0.1429}},{"type":"Feature","geometry":{"type":"Point","coordinates":[121.57552,24.98806]},"properties":{"hotspot_id":"臺北市-51385","hotspot_type":"intersection","county":"臺北市","township":"文山區","road_or_intersection":"指南路2段","accident_count":20,"motorcycle_accident_count":16,"pedestrian_accident_count":2,"death_count":0,"injury_count":24,"fatal_accident_count":0,"risk_score":80.0,"risk_level":"extreme","confidence":"low_confidence","motorcycle_accident_ratio":0.8,"pedestrian_accident_ratio":0.1}},{"type":"Feature","geometry":{"type":"Point","coordinates":[121.53364,25.09911]},"properties":{"hotspot_id":"臺北市-51377","hotspot_type":"intersection","county":"臺北市","township":"士林區","road_or_intersection":"福林路","accident_count":14,"motorcycle_accident_count":14,"pedestrian_accident_count":0,"death_count":0,"injury_count":17,"fatal_accident_count":0,"risk_score":80.0,"risk_level":"extreme","confidence":"low_confidence","motorcycle_accident_ratio":1.0,"pedestrian_accident_ratio":0.0}},{"type":"Feature","geometry":{"type":"Point","coordinates":[121.58082,25.07422]},"properties":{"hotspot_id":"臺北市-49469","hotspot_type":"intersection","county":"臺北市","township":"內湖區","road_or_intersection":"陽光街","accident_count":14,"motorcycle_accident_count":14,"pedestrian_accident_count":0,"death_count":0,"injury_count":17,"fatal_accident_count":0,"risk_score":80.0,"risk_level":"extreme","confidence":"confirmed","motorcycle_accident_ratio":1.0,"pedestrian_accident_ratio":0.0}},{"type":"Feature","geometry":{"type":"Point","coordinates":[121.55528,25.03839]},"properties":{"hotspot_id":"臺北市-50468","hotspot_type":"intersection","county":"臺北市","township":"大安區","road_or_intersection":"光復南路 x 延吉街","accident_count":18,"motorcycle_accident_count":14,"pedestrian_accident_count":2,"death_count":0,"injury_count":27,"fatal_accident_count":0,"risk_score":80.0,"risk_level":"extreme","confidence":"confirmed","motorcycle_accident_ratio":0.7778,"pedestrian_accident_ratio":0.1111}},{"type":"Feature","geometry":{"type":"Point","coordinates":[121.53181,25.0333]},"properties":{"hotspot_id":"臺北市-51548","hotspot_type":"intersection","county":"臺北市","township":"大安區","road_or_intersection":"信義路2段","accident_count":26,"motorcycle_accident_count":15,"pedestrian_accident_count":5,"death_count":0,"injury_count":31,"fatal_accident_count":0,"risk_score":80.0,"risk_level":"extreme","confidence":"probable","motorcycle_accident_ratio":0.5769,"pedestrian_accident_ratio":0.1923}},{"type":"Feature","geometry":{"type":"Point","coordinates":[121.54303,25.02477]},"properties":{"hotspot_id":"臺北市-51783","hotspot_type":"intersection","county":"臺北市","township":"大安區","road_or_intersection":"和平東路2段","accident_count":22,"motorcycle_accident_count":17,"pedestrian_accident_count":2,"death_count":0,"injury_count":27,"fatal_accident_count":0,"risk_score":80.0,"risk_level":"extreme","confidence":"probable","motorcycle_accident_ratio":0.7727,"pedestrian_accident_ratio":0.0909}},{"type":"Feature","geometry":{"type":"Point","coordinates":[121.54228,25.10558]},"properties":{"hotspot_id":"臺北市-49991","hotspot_type":"intersection","county":"臺北市","township":"士林區","road_or_intersection":"仰德大道2段","accident_count":14,"motorcycle_accident_count":13,"pedestrian_accident_count":1,"death_count":0,"injury_count":18,"fatal_accident_count":0,"risk_score":79.9,"risk_level":"extreme","confidence":"confirmed","motorcycle_accident_ratio":0.9286,"pedestrian_accident_ratio":0.0714}},{"type":"Feature","geometry":{"type":"Point","coordinates":[121.56243,25.02857]},"properties":{"hotspot_id":"臺北市-51659","hotspot_type":"intersection","county":"臺北市","township":"信義區","road_or_intersection":"吳興街","accident_count":17,"motorcycle_accident_count":13,"pedestrian_accident_count":4,"death_count":0,"injury_count":22,"fatal_accident_count":0,"risk_score":79.9,"risk_level":"extreme","confidence":"probable","motorcycle_accident_ratio":0.7647,"pedestrian_accident_ratio":0.2353}},{"type":"Feature","geometry":{"type":"Point","coordinates":[121.49095,25.03117]},"properties":{"hotspot_id":"臺北市-51262","hotspot_type":"intersection","county":"臺北市","township":"萬華區","road_or_intersection":"環河南路2段 x 長順街","accident_count":10,"motorcycle_accident_count":10,"pedestrian_accident_count":0,"death_count":1,"injury_count":12,"fatal_accident_count":1,"risk_score":79.9,"risk_level":"extreme","confidence":"confirmed","motorcycle_accident_ratio":1.0,"pedestrian_accident_ratio":0.0}},{"type":"Feature","geometry":{"type":"Point","coordinates":[121.52248,25.02249]},"properties":{"hotspot_id":"臺北市-49018","hotspot_type":"intersection","county":"臺北市","township":"中正區","road_or_intersection":"汀州路2段 x 金門街","accident_count":8,"motorcycle_accident_count":8,"pedestrian_accident_count":1,"death_count":0,"injury_count":11,"fatal_accident_count":0,"risk_score":79.9,"risk_level":"extreme","confidence":"confirmed","motorcycle_accident_ratio":1.0,"pedestrian_accident_ratio":0.125}},{"type":"Feature","geometry":{"type":"Point","coordinates":[121.50876,25.11283]},"properties":{"hotspot_id":"臺北市-51427","hotspot_type":"intersection","county":"臺北市","township":"北投區","road_or_intersection":"承德路7段","accident_count":7,"motorcycle_accident_count":7,"pedestrian_accident_count":1,"death_count":0,"injury_count":12,"fatal_accident_count":0,"risk_score":79.9,"risk_level":"extreme","confidence":"probable","motorcycle_accident_ratio":1.0,"pedestrian_accident_ratio":0.1429}},{"type":"Feature","geometry":{"type":"Point","coordinates":[121.52244,25.05718]},"properties":{"hotspot_id":"臺北市-48443","hotspot_type":"intersection","county":"臺北市","township":"中山區","road_or_intersection":"中山北路2段 x 民生西路","accident_count":17,"motorcycle_accident_count":14,"pedestrian_accident_count":2,"death_count":0,"injury_count":22,"fatal_accident_count":0,"risk_score":79.9,"risk_level":"extreme","confidence":"confirmed","motorcycle_accident_ratio":0.8235,"pedestrian_accident_ratio":0.1176}},{"type":"Feature","geometry":{"type":"Point","coordinates":[121.53338,25.03761]},"properties":{"hotspot_id":"臺北市-50420","hotspot_type":"intersection","county":"臺北市","township":"大安區","road_or_intersection":"仁愛路3段 x 新生南路1段","accident_count":8,"motorcycle_accident_count":8,"pedestrian_accident_count":1,"death_count":0,"injury_count":11,"fatal_accident_count":0,"risk_score":79.9,"risk_level":"extreme","confidence":"confirmed","motorcycle_accident_ratio":1.0,"pedestrian_accident_ratio":0.125}},{"type":"Feature","geometry":{"type":"Point","coordinates":[121.54273,25.00124]},"properties":{"hotspot_id":"臺北市-50874","hotspot_type":"intersection","county":"臺北市","township":"文山區","road_or_intersection":"興隆路1段","accident_count":13,"motorcycle_accident_count":12,"pedestrian_accident_count":1,"death_count":0,"injury_count":19,"fatal_accident_count":0,"risk_score":79.9,"risk_level":"extreme","confidence":"confirmed","motorcycle_accident_ratio":0.9231,"pedestrian_accident_ratio":0.0769}},{"type":"Feature","geometry":{"type":"Point","coordinates":[121.58528,25.03894]},"properties":{"hotspot_id":"臺北市-49245","hotspot_type":"intersection","county":"臺北市","township":"信義區","road_or_intersection":"福德街","accident_count":16,"motorcycle_accident_count":12,"pedestrian_accident_count":5,"death_count":0,"injury_count":23,"fatal_accident_count":0,"risk_score":79.9,"risk_level":"extreme","confidence":"confirmed","motorcycle_accident_ratio":0.75,"pedestrian_accident_ratio":0.3125}},{"type":"Feature","geometry":{"type":"Point","coordinates":[121.57419,25.04423]},"properties":{"hotspot_id":"臺北市-49242","hotspot_type":"intersection","county":"臺北市","township":"信義區","road_or_intersection":"永吉路 x 虎林街","accident_count":16,"motorcycle_accident_count":14,"pedestrian_accident_count":1,"death_count":0,"injury_count":20,"fatal_accident_count":0,"risk_score":79.8,"risk_level":"extreme","confidence":"confirmed","motorcycle_accident_ratio":0.875,"pedestrian_accident_ratio":0.0625}},{"type":"Feature","geometry":{"type":"Point","coordinates":[121.53874,25.06439]},"properties":{"hotspot_id":"臺北市-48470","hotspot_type":"intersection","county":"臺北市","township":"中山區","road_or_intersection":"五常街 x 龍江路","accident_count":15,"motorcycle_accident_count":13,"pedestrian_accident_count":1,"death_count":0,"injury_count":21,"fatal_accident_count":0,"risk_score":79.8,"risk_level":"extreme","confidence":"confirmed","motorcycle_accident_ratio":0.8667,"pedestrian_accident_ratio":0.0667}},{"type":"Feature","geometry":{"type":"Point","coordinates":[121.46946,25.12288]},"properties":{"hotspot_id":"臺北市-49591","hotspot_type":"intersection","county":"臺北市","township":"北投區","road_or_intersection":"大度路3段 x 關渡路","accident_count":15,"motorcycle_accident_count":15,"pedestrian_accident_count":0,"death_count":0,"injury_count":16,"fatal_accident_count":0,"risk_score":79.8,"risk_level":"extreme","confidence":"confirmed","motorcycle_accident_ratio":1.0,"pedestrian_accident_ratio":0.0}},{"type":"Feature","geometry":{"type":"Point","coordinates":[121.59898,25.05151]},"properties":{"hotspot_id":"臺北市-51584","hotspot_type":"intersection","county":"臺北市","township":"南港區","road_or_intersection":"忠孝東路7段","accident_count":13,"motorcycle_accident_count":13,"pedestrian_accident_count":0,"death_count":0,"injury_count":17,"fatal_accident_count":0,"risk_score":79.7,"risk_level":"extreme","confidence":"probable","motorcycle_accident_ratio":1.0,"pedestrian_accident_ratio":0.0}},{"type":"Feature","geometry":{"type":"Point","coordinates":[121.55397,25.03097]},"properties":{"hotspot_id":"臺北市-51701","hotspot_type":"intersection","county":"臺北市","township":"大安區","road_or_intersection":"通化街","accident_count":20,"motorcycle_accident_count":16,"pedestrian_accident_count":2,"death_count":0,"injury_count":22,"fatal_accident_count":0,"risk_score":79.7,"risk_level":"extreme","confidence":"probable","motorcycle_accident_ratio":0.8,"pedestrian_accident_ratio":0.1}},{"type":"Feature","geometry":{"type":"Point","coordinates":[121.51113,25.06558]},"properties":{"hotspot_id":"臺北市-51723","hotspot_type":"intersection","county":"臺北市","township":"大同區","road_or_intersection":"延平北路3段","accident_count":8,"motorcycle_accident_count":8,"pedestrian_accident_count":3,"death_count":0,"injury_count":10,"fatal_accident_count":0,"risk_score":79.7,"risk_level":"extreme","confidence":"probable","motorcycle_accident_ratio":1.0,"pedestrian_accident_ratio":0.375}},{"type":"Feature","geometry":{"type":"Point","coordinates":[121.51105,25.0722]},"properties":{"hotspot_id":"臺北市-50307","hotspot_type":"intersection","county":"臺北市","township":"大同區","road_or_intersection":"延平北路4段 x 酒泉街","accident_count":13,"motorcycle_accident_count":11,"pedestrian_accident_count":3,"death_count":0,"injury_count":19,"fatal_accident_count":0,"risk_score":79.6,"risk_level":"extreme","confidence":"confirmed","motorcycle_accident_ratio":0.8462,"pedestrian_accident_ratio":0.2308}},{"type":"Feature","geometry":{"type":"Point","coordinates":[121.53317,25.04187]},"properties":{"hotspot_id":"臺北市-50586","hotspot_type":"intersection","county":"臺北市","township":"大安區","road_or_intersection":"忠孝東路3段 x 新生南路1段","accident_count":17,"motorcycle_accident_count":13,"pedestrian_accident_count":1,"death_count":1,"injury_count":22,"fatal_accident_count":1,"risk_score":79.6,"risk_level":"extreme","confidence":"confirmed","motorcycle_accident_ratio":0.7647,"pedestrian_accident_ratio":0.0588}},{"type":"Feature","geometry":{"type":"Point","coordinates":[121.52505,25.09566]},"properties":{"hotspot_id":"臺北市-49973","hotspot_type":"intersection","county":"臺北市","township":"士林區","road_or_intersection":"中正路 x 文林路","accident_count":16,"motorcycle_accident_count":14,"pedestrian_accident_count":1,"death_count":0,"injury_count":19,"fatal_accident_count":0,"risk_score":79.5,"risk_level":"extreme","confidence":"confirmed","motorcycle_accident_ratio":0.875,"pedestrian_accident_ratio":0.0625}},{"type":"Feature","geometry":{"type":"Point","coordinates":[121.52817,25.05217]},"properties":{"hotspot_id":"臺北市-51684","hotspot_type":"intersection","county":"臺北市","township":"中山區","road_or_intersection":"南京東路2段","accident_count":15,"motorcycle_accident_count":13,"pedestrian_accident_count":2,"death_count":0,"injury_count":18,"fatal_accident_count":0,"risk_score":79.5,"risk_level":"extreme","confidence":"probable","motorcycle_accident_ratio":0.8667,"pedestrian_accident_ratio":0.1333}},{"type":"Feature","geometry":{"type":"Point","coordinates":[121.57949,25.03839]},"properties":{"hotspot_id":"臺北市-49238","hotspot_type":"intersection","county":"臺北市","township":"信義區","road_or_intersection":"林口街","accident_count":8,"motorcycle_accident_count":8,"pedestrian_accident_count":2,"death_count":0,"injury_count":10,"fatal_accident_count":0,"risk_score":79.5,"risk_level":"extreme","confidence":"confirmed","motorcycle_accident_ratio":1.0,"pedestrian_accident_ratio":0.25}},{"type":"Feature","geometry":{"type":"Point","coordinates":[121.56883,25.0303]},"properties":{"hotspot_id":"臺北市-49197","hotspot_type":"intersection","county":"臺北市","township":"信義區","road_or_intersection":"松仁路","accident_count":14,"motorcycle_accident_count":12,"pedestrian_accident_count":2,"death_count":0,"injury_count":19,"fatal_accident_count":0,"risk_score":79.5,"risk_level":"extreme","confidence":"confirmed","motorcycle_accident_ratio":0.8571,"pedestrian_accident_ratio":0.1429}},{"type":"Feature","geometry":{"type":"Point","coordinates":[121.50856,25.08653]},"properties":{"hotspot_id":"臺北市-51495","hotspot_type":"intersection","county":"臺北市","township":"士林區","road_or_intersection":"中正路","accident_count":12,"motorcycle_accident_count":10,"pedestrian_accident_count":2,"death_count":0,"injury_count":23,"fatal_accident_count":0,"risk_score":79.5,"risk_level":"extreme","confidence":"low_confidence","motorcycle_accident_ratio":0.8333,"pedestrian_accident_ratio":0.1667}},{"type":"Feature","geometry":{"type":"Point","coordinates":[121.53131,25.0469]},"properties":{"hotspot_id":"臺北市-48741","hotspot_type":"intersection","county":"臺北市","township":"中山區市","road_or_intersection":"松江路 x 民大道3段","accident_count":13,"motorcycle_accident_count":12,"pedestrian_accident_count":1,"death_count":0,"injury_count":18,"fatal_accident_count":0,"risk_score":79.5,"risk_level":"extreme","confidence":"confirmed","motorcycle_accident_ratio":0.9231,"pedestrian_accident_ratio":0.0769}},{"type":"Feature","geometry":{"type":"Point","coordinates":[121.56984,25.04521]},"properties":{"hotspot_id":"臺北市-49234","hotspot_type":"intersection","county":"臺北市","township":"信義區","road_or_intersection":"松隆路 x 永吉路","accident_count":21,"motorcycle_accident_count":15,"pedestrian_accident_count":2,"death_count":0,"injury_count":25,"fatal_accident_count":0,"risk_score":79.3,"risk_level":"extreme","confidence":"confirmed","motorcycle_accident_ratio":0.7143,"pedestrian_accident_ratio":0.0952}},{"type":"Feature","geometry":{"type":"Point","coordinates":[121.59414,25.08291]},"properties":{"hotspot_id":"臺北市-49369","hotspot_type":"intersection","county":"臺北市","township":"內湖區","road_or_intersection":"成功路4段","accident_count":16,"motorcycle_accident_count":12,"pedestrian_accident_count":2,"death_count":0,"injury_count":25,"fatal_accident_count":0,"risk_score":79.3,"risk_level":"extreme","confidence":"confirmed","motorcycle_accident_ratio":0.75,"pedestrian_accident_ratio":0.125}},{"type":"Feature","geometry":{"type":"Point","coordinates":[121.52141,25.09341]},"properties":{"hotspot_id":"臺北市-50018","hotspot_type":"intersection","county":"臺北市","township":"士林區","road_or_intersection":"基河路","accident_count":14,"motorcycle_accident_count":12,"pedestrian_accident_count":2,"death_count":0,"injury_count":18,"fatal_accident_count":0,"risk_score":79.2,"risk_level":"extreme","confidence":"confirmed","motorcycle_accident_ratio":0.8571,"pedestrian_accident_ratio":0.1429}},{"type":"Feature","geometry":{"type":"Point","coordinates":[121.49553,25.01599]},"properties":{"hotspot_id":"臺北市-51544","hotspot_type":"intersection","county":"臺北市","township":"萬華區","road_or_intersection":"華中橋前0.0公尺","accident_count":9,"motorcycle_accident_count":9,"pedestrian_accident_count":0,"death_count":1,"injury_count":12,"fatal_accident_count":1,"risk_score":79.2,"risk_level":"extreme","confidence":"probable","motorcycle_accident_ratio":1.0,"pedestrian_accident_ratio":0.0}},{"type":"Feature","geometry":{"type":"Point","coordinates":[121.51893,25.04322]},"properties":{"hotspot_id":"臺北市-48769","hotspot_type":"intersection","county":"臺北市","township":"中正區","road_or_intersection":"中山南路 x 濟南路1段","accident_count":10,"motorcycle_accident_count":10,"pedestrian_accident_count":0,"death_count":0,"injury_count":19,"fatal_accident_count":0,"risk_score":79.1,"risk_level":"high","confidence":"confirmed","motorcycle_accident_ratio":1.0,"pedestrian_accident_ratio":0.0}},{"type":"Feature","geometry":{"type":"Point","coordinates":[121.50652,25.02652]},"properties":{"hotspot_id":"臺北市-51512","hotspot_type":"intersection","county":"臺北市","township":"萬華區","road_or_intersection":"中華路2段","accident_count":18,"motorcycle_accident_count":13,"pedestrian_accident_count":2,"death_count":0,"injury_count":24,"fatal_accident_count":0,"risk_score":79.1,"risk_level":"high","confidence":"probable","motorcycle_accident_ratio":0.7222,"pedestrian_accident_ratio":0.1111}},{"type":"Feature","geometry":{"type":"Point","coordinates":[121.55236,24.98787]},"properties":{"hotspot_id":"臺北市-50823","hotspot_type":"intersection","county":"臺北市","township":"文山區","road_or_intersection":"木柵路1段 x 辛亥路6段","accident_count":13,"motorcycle_accident_count":12,"pedestrian_accident_count":1,"death_count":0,"injury_count":17,"fatal_accident_count":0,"risk_score":79.1,"risk_level":"high","confidence":"confirmed","motorcycle_accident_ratio":0.9231,"pedestrian_accident_ratio":0.0769}},{"type":"Feature","geometry":{"type":"Point","coordinates":[121.56927,24.98458]},"properties":{"hotspot_id":"臺北市-50810","hotspot_type":"intersection","county":"臺北市","township":"文山區","road_or_intersection":"木新路2段","accident_count":12,"motorcycle_accident_count":11,"pedestrian_accident_count":1,"death_count":0,"injury_count":18,"fatal_accident_count":0,"risk_score":79.1,"risk_level":"high","confidence":"confirmed","motorcycle_accident_ratio":0.9167,"pedestrian_accident_ratio":0.0833}},{"type":"Feature","geometry":{"type":"Point","coordinates":[121.55732,25.03857]},"properties":{"hotspot_id":"臺北市-50466","hotspot_type":"intersection","county":"臺北市","township":"大安區","road_or_intersection":"光復南路","accident_count":17,"motorcycle_accident_count":13,"pedestrian_accident_count":2,"death_count":0,"injury_count":22,"fatal_accident_count":0,"risk_score":79.1,"risk_level":"high","confidence":"confirmed","motorcycle_accident_ratio":0.7647,"pedestrian_accident_ratio":0.1176}},{"type":"Feature","geometry":{"type":"Point","coordinates":[121.49439,25.13157]},"properties":{"hotspot_id":"臺北市-49592","hotspot_type":"intersection","county":"臺北市","township":"北投區","road_or_intersection":"大業路","accident_count":12,"motorcycle_accident_count":11,"pedestrian_accident_count":1,"death_count":0,"injury_count":18,"fatal_accident_count":0,"risk_score":79.1,"risk_level":"high","confidence":"confirmed","motorcycle_accident_ratio":0.9167,"pedestrian_accident_ratio":0.0833}},{"type":"Feature","geometry":{"type":"Point","coordinates":[121.51051,25.05204]},"properties":{"hotspot_id":"臺北市-50258","hotspot_type":"intersection","county":"臺北市","township":"大同區","road_or_intersection":"塔城街 x 長安西路","accident_count":13,"motorcycle_accident_count":12,"pedestrian_accident_count":1,"death_count":0,"injury_count":17,"fatal_accident_count":0,"risk_score":79.1,"risk_level":"high","confidence":"confirmed","motorcycle_accident_ratio":0.9231,"pedestrian_accident_ratio":0.0769}},{"type":"Feature","geometry":{"type":"Point","coordinates":[121.51106,25.0655]},"properties":{"hotspot_id":"臺北市-50297","hotspot_type":"intersection","county":"臺北市","township":"大同區","road_or_intersection":"延平北路3段","accident_count":14,"motorcycle_accident_count":12,"pedestrian_accident_count":1,"death_count":0,"injury_count":20,"fatal_accident_count":0,"risk_score":79.1,"risk_level":"high","confidence":"confirmed","motorcycle_accident_ratio":0.8571,"pedestrian_accident_ratio":0.0714}},{"type":"Feature","geometry":{"type":"Point","coordinates":[121.5682,25.06415]},"properties":{"hotspot_id":"臺北市-50996","hotspot_type":"intersection","county":"臺北市","township":"松山區","road_or_intersection":"塔悠路 x 撫遠街","accident_count":13,"motorcycle_accident_count":12,"pedestrian_accident_count":1,"death_count":0,"injury_count":17,"fatal_accident_count":0,"risk_score":79.1,"risk_level":"high","confidence":"confirmed","motorcycle_accident_ratio":0.9231,"pedestrian_accident_ratio":0.0769}},{"type":"Feature","geometry":{"type":"Point","coordinates":[121.52792,25.12974]},"properties":{"hotspot_id":"臺北市-49773","hotspot_type":"intersection","county":"臺北市","township":"北投區","road_or_intersection":"行義路","accident_count":16,"motorcycle_accident_count":12,"pedestrian_accident_count":4,"death_count":0,"injury_count":20,"fatal_accident_count":0,"risk_score":79.1,"risk_level":"high","confidence":"confirmed","motorcycle_accident_ratio":0.75,"pedestrian_accident_ratio":0.25}},{"type":"Feature","geometry":{"type":"Point","coordinates":[121.51784,25.09166]},"properties":{"hotspot_id":"臺北市-49977","hotspot_type":"intersection","county":"臺北市","township":"士林區","road_or_intersection":"中正路 x 福港街","accident_count":14,"motorcycle_accident_count":13,"pedestrian_accident_count":1,"death_count":0,"injury_count":16,"fatal_accident_count":0,"risk_score":79.0,"risk_level":"high","confidence":"confirmed","motorcycle_accident_ratio":0.9286,"pedestrian_accident_ratio":0.0714}},{"type":"Feature","geometry":{"type":"Point","coordinates":[121.56636,25.062]},"properties":{"hotspot_id":"臺北市-51002","hotspot_type":"intersection","county":"臺北市","township":"松山區","road_or_intersection":"富錦街 x 撫遠街","accident_count":7,"motorcycle_accident_count":7,"pedestrian_accident_count":1,"death_count":0,"injury_count":11,"fatal_accident_count":0,"risk_score":79.0,"risk_level":"high","confidence":"confirmed","motorcycle_accident_ratio":1.0,"pedestrian_accident_ratio":0.1429}},{"type":"Feature","geometry":{"type":"Point","coordinates":[121.53731,25.0624]},"properties":{"hotspot_id":"臺北市-48587","hotspot_type":"intersection","county":"臺北市","township":"中山區","road_or_intersection":"建國北路3段 x 民權東路3段","accident_count":16,"motorcycle_accident_count":12,"pedestrian_accident_count":2,"death_count":0,"injury_count":23,"fatal_accident_count":0,"risk_score":79.0,"risk_level":"high","confidence":"confirmed","motorcycle_accident_ratio":0.75,"pedestrian_accident_ratio":0.125}},{"type":"Feature","geometry":{"type":"Point","coordinates":[121.6142,25.05871]},"properties":{"hotspot_id":"臺北市-49784","hotspot_type":"intersection","county":"臺北市","township":"南港區","road_or_intersection":"三重路 x 經貿二路","accident_count":12,"motorcycle_accident_count":12,"pedestrian_accident_count":0,"death_count":0,"injury_count":16,"fatal_accident_count":0,"risk_score":78.9,"risk_level":"high","confidence":"confirmed","motorcycle_accident_ratio":1.0,"pedestrian_accident_ratio":0.0}},{"type":"Feature","geometry":{"type":"Point","coordinates":[121.50724,25.03065]},"properties":{"hotspot_id":"臺北市-49012","hotspot_type":"intersection","county":"臺北市","township":"中正區","road_or_intersection":"汀州路1段 x 西藏路","accident_count":11,"motorcycle_accident_count":11,"pedestrian_accident_count":0,"death_count":0,"injury_count":17,"fatal_accident_count":0,"risk_score":78.9,"risk_level":"high","confidence":"confirmed","motorcycle_accident_ratio":1.0,"pedestrian_accident_ratio":0.0}},{"type":"Feature","geometry":{"type":"Point","coordinates":[121.61865,25.04133]},"properties":{"hotspot_id":"臺北市-51343","hotspot_type":"intersection","county":"臺北市","township":"南港區","road_or_intersection":"舊莊街1段","accident_count":16,"motorcycle_accident_count":13,"pedestrian_accident_count":1,"death_count":0,"injury_count":21,"fatal_accident_count":0,"risk_score":78.9,"risk_level":"high","confidence":"low_confidence","motorcycle_accident_ratio":0.8125,"pedestrian_accident_ratio":0.0625}},{"type":"Feature","geometry":{"type":"Point","coordinates":[121.53009,25.04852]},"properties":{"hotspot_id":"臺北市-48544","hotspot_type":"intersection","county":"臺北市","township":"中山區","road_or_intersection":"吉林路 x 長安東路2段","accident_count":12,"motorcycle_accident_count":12,"pedestrian_accident_count":0,"death_count":0,"injury_count":16,"fatal_accident_count":0,"risk_score":78.9,"risk_level":"high","confidence":"confirmed","motorcycle_accident_ratio":1.0,"pedestrian_accident_ratio":0.0}},{"type":"Feature","geometry":{"type":"Point","coordinates":[121.57663,25.04165]},"properties":{"hotspot_id":"臺北市-49247","hotspot_type":"intersection","county":"臺北市","township":"信義區","road_or_intersection":"虎林街","accident_count":11,"motorcycle_accident_count":11,"pedestrian_accident_count":0,"death_count":0,"injury_count":17,"fatal_accident_count":0,"risk_score":78.9,"risk_level":"high","confidence":"confirmed","motorcycle_accident_ratio":1.0,"pedestrian_accident_ratio":0.0}},{"type":"Feature","geometry":{"type":"Point","coordinates":[121.60495,25.05267]},"properties":{"hotspot_id":"臺北市-51593","hotspot_type":"intersection","county":"臺北市","township":"南港區","road_or_intersection":"忠孝東路7段","accident_count":17,"motorcycle_accident_count":13,"pedestrian_accident_count":1,"death_count":0,"injury_count":24,"fatal_accident_count":0,"risk_score":78.9,"risk_level":"high","confidence":"probable","motorcycle_accident_ratio":0.7647,"pedestrian_accident_ratio":0.0588}},{"type":"Feature","geometry":{"type":"Point","coordinates":[121.52441,25.06228]},"properties":{"hotspot_id":"臺北市-48690","hotspot_type":"intersection","county":"臺北市","township":"中山區","road_or_intersection":"民權東路1段","accident_count":12,"motorcycle_accident_count":12,"pedestrian_accident_count":0,"death_count":0,"injury_count":16,"fatal_accident_count":0,"risk_score":78.9,"risk_level":"high","confidence":"confirmed","motorcycle_accident_ratio":1.0,"pedestrian_accident_ratio":0.0}},{"type":"Feature","geometry":{"type":"Point","coordinates":[121.54317,25.03019]},"properties":{"hotspot_id":"臺北市-50582","hotspot_type":"intersection","county":"臺北市","township":"大安區","road_or_intersection":"復興南路2段 x 瑞安街","accident_count":11,"motorcycle_accident_count":11,"pedestrian_accident_count":0,"death_count":0,"injury_count":17,"fatal_accident_count":0,"risk_score":78.9,"risk_level":"high","confidence":"confirmed","motorcycle_accident_ratio":1.0,"pedestrian_accident_ratio":0.0}},{"type":"Feature","geometry":{"type":"Point","coordinates":[121.4972,25.03102]},"properties":{"hotspot_id":"臺北市-51280","hotspot_type":"intersection","county":"臺北市","township":"萬華區","road_or_intersection":"莒光路 x 西園路2段","accident_count":11,"motorcycle_accident_count":11,"pedestrian_accident_count":0,"death_count":0,"injury_count":17,"fatal_accident_count":0,"risk_score":78.9,"risk_level":"high","confidence":"confirmed","motorcycle_accident_ratio":1.0,"pedestrian_accident_ratio":0.0}},{"type":"Feature","geometry":{"type":"Point","coordinates":[121.49605,25.13481]},"properties":{"hotspot_id":"臺北市-51403","hotspot_type":"intersection","county":"臺北市","township":"北投區","road_or_intersection":"大業路","accident_count":15,"motorcycle_accident_count":13,"pedestrian_accident_count":1,"death_count":0,"injury_count":18,"fatal_accident_count":0,"risk_score":78.9,"risk_level":"high","confidence":"probable","motorcycle_accident_ratio":0.8667,"pedestrian_accident_ratio":0.0667}},{"type":"Feature","geometry":{"type":"Point","coordinates":[121.52554,25.052]},"properties":{"hotspot_id":"臺北市-48507","hotspot_type":"intersection","county":"臺北市","township":"中山區","road_or_intersection":"南京東路1段 x 林森北路","accident_count":20,"motorcycle_accident_count":13,"pedestrian_accident_count":3,"death_count":0,"injury_count":23,"fatal_accident_count":0,"risk_score":78.8,"risk_level":"high","confidence":"confirmed","motorcycle_accident_ratio":0.65,"pedestrian_accident_ratio":0.15}},{"type":"Feature","geometry":{"type":"Point","coordinates":[121.51445,25.04319]},"properties":{"hotspot_id":"臺北市-49058","hotspot_type":"intersection","county":"臺北市","township":"中正區","road_or_intersection":"衡陽路 x 重慶南路1段","accident_count":6,"motorcycle_accident_count":6,"pedestrian_accident_count":1,"death_count":0,"injury_count":12,"fatal_accident_count":0,"risk_score":78.8,"risk_level":"high","confidence":"confirmed","motorcycle_accident_ratio":1.0,"pedestrian_accident_ratio":0.1667}},{"type":"Feature","geometry":{"type":"Point","coordinates":[121.55373,25.03374]},"properties":{"hotspot_id":"臺北市-50451","hotspot_type":"intersection","county":"臺北市","township":"大安區","road_or_intersection":"信義路4段","accident_count":13,"motorcycle_accident_count":11,"pedestrian_accident_count":3,"death_count":0,"injury_count":17,"fatal_accident_count":0,"risk_score":78.8,"risk_level":"high","confidence":"confirmed","motorcycle_accident_ratio":0.8462,"pedestrian_accident_ratio":0.2308}},{"type":"Feature","geometry":{"type":"Point","coordinates":[121.49979,25.03846]},"properties":{"hotspot_id":"臺北市-51224","hotspot_type":"intersection","county":"臺北市","township":"萬華區","road_or_intersection":"桂林路 x 西園路1段","accident_count":13,"motorcycle_accident_count":11,"pedestrian_accident_count":3,"death_count":0,"injury_count":17,"fatal_accident_count":0,"risk_score":78.8,"risk_level":"high","confidence":"confirmed","motorcycle_accident_ratio":0.8462,"pedestrian_accident_ratio":0.2308}},{"type":"Feature","geometry":{"type":"Point","coordinates":[121.55927,25.01823]},"properties":{"hotspot_id":"臺北市-49147","hotspot_type":"intersection","county":"臺北市","township":"信義區","road_or_intersection":"和平東路3段","accident_count":14,"motorcycle_accident_count":12,"pedestrian_accident_count":2,"death_count":0,"injury_count":17,"fatal_accident_count":0,"risk_score":78.7,"risk_level":"high","confidence":"confirmed","motorcycle_accident_ratio":0.8571,"pedestrian_accident_ratio":0.1429}},{"type":"Feature","geometry":{"type":"Point","coordinates":[121.55485,25.04018]},"properties":{"hotspot_id":"臺北市-50558","hotspot_type":"intersection","county":"臺北市","township":"大安區","road_or_intersection":"延吉街","accident_count":13,"motorcycle_accident_count":11,"pedestrian_accident_count":2,"death_count":0,"injury_count":18,"fatal_accident_count":0,"risk_score":78.7,"risk_level":"high","confidence":"confirmed","motorcycle_accident_ratio":0.8462,"pedestrian_accident_ratio":0.1538}},{"type":"Feature","geometry":{"type":"Point","coordinates":[121.52104,25.02682]},"properties":{"hotspot_id":"臺北市-48855","hotspot_type":"intersection","county":"臺北市","township":"中正區","road_or_intersection":"南昌路2段 x 和平西路1段","accident_count":8,"motorcycle_accident_count":8,"pedestrian_accident_count":1,"death_count":0,"injury_count":10,"fatal_accident_count":0,"risk_score":78.7,"risk_level":"high","confidence":"confirmed","motorcycle_accident_ratio":1.0,"pedestrian_accident_ratio":0.125}},{"type":"Feature","geometry":{"type":"Point","coordinates":[121.51043,25.08123]},"properties":{"hotspot_id":"臺北市-50067","hotspot_type":"intersection","county":"臺北市","township":"士林區","road_or_intersection":"延平北路5段 x 葫蘆街","accident_count":8,"motorcycle_accident_count":8,"pedestrian_accident_count":1,"death_count":0,"injury_count":10,"fatal_accident_count":0,"risk_score":78.7,"risk_level":"high","confidence":"confirmed","motorcycle_accident_ratio":1.0,"pedestrian_accident_ratio":0.125}},{"type":"Feature","geometry":{"type":"Point","coordinates":[121.54454,25.03359]},"properties":{"hotspot_id":"臺北市-51661","hotspot_type":"intersection","county":"臺北市","township":"大安區","road_or_intersection":"信義路4段","accident_count":16,"motorcycle_accident_count":13,"pedestrian_accident_count":2,"death_count":0,"injury_count":18,"fatal_accident_count":0,"risk_score":78.6,"risk_level":"high","confidence":"probable","motorcycle_accident_ratio":0.8125,"pedestrian_accident_ratio":0.125}},{"type":"Feature","geometry":{"type":"Point","coordinates":[121.5901,25.0464]},"properties":{"hotspot_id":"臺北市-49877","hotspot_type":"intersection","county":"臺北市","township":"南港區","road_or_intersection":"東新街","accident_count":17,"motorcycle_accident_count":14,"pedestrian_accident_count":1,"death_count":0,"injury_count":19,"fatal_accident_count":0,"risk_score":78.6,"risk_level":"high","confidence":"confirmed","motorcycle_accident_ratio":0.8235,"pedestrian_accident_ratio":0.0588}},{"type":"Feature","geometry":{"type":"Point","coordinates":[121.51834,25.04849]},"properties":{"hotspot_id":"臺北市-51788","hotspot_type":"intersection","county":"臺北市","township":"文山區","road_or_intersection":"民大道1段","accident_count":17,"motorcycle_accident_count":12,"pedestrian_accident_count":1,"death_count":0,"injury_count":25,"fatal_accident_count":0,"risk_score":78.5,"risk_level":"high","confidence":"probable","motorcycle_accident_ratio":0.7059,"pedestrian_accident_ratio":0.0588}},{"type":"Feature","geometry":{"type":"Point","coordinates":[121.54923,25.02947]},"properties":{"hotspot_id":"臺北市-50597","hotspot_type":"intersection","county":"臺北市","township":"大安區","road_or_intersection":"敦化南路2段","accident_count":15,"motorcycle_accident_count":11,"pedestrian_accident_count":3,"death_count":0,"injury_count":20,"fatal_accident_count":0,"risk_score":78.5,"risk_level":"high","confidence":"confirmed","motorcycle_accident_ratio":0.7333,"pedestrian_accident_ratio":0.2}},{"type":"Feature","geometry":{"type":"Point","coordinates":[121.6129,25.06962]},"properties":{"hotspot_id":"臺北市-49347","hotspot_type":"intersection","county":"臺北市","township":"內湖區","road_or_intersection":"康寧路3段 x 東湖路","accident_count":12,"motorcycle_accident_count":11,"pedestrian_accident_count":2,"death_count":0,"injury_count":15,"fatal_accident_count":0,"risk_score":78.5,"risk_level":"high","confidence":"confirmed","motorcycle_accident_ratio":0.9167,"pedestrian_accident_ratio":0.1667}},{"type":"Feature","geometry":{"type":"Point","coordinates":[121.52025,25.11146]},"properties":{"hotspot_id":"臺北市-49681","hotspot_type":"intersection","county":"臺北市","township":"北投區","road_or_intersection":"明德路","accident_count":15,"motorcycle_accident_count":13,"pedestrian_accident_count":1,"death_count":0,"injury_count":17,"fatal_accident_count":0,"risk_score":78.5,"risk_level":"high","confidence":"confirmed","motorcycle_accident_ratio":0.8667,"pedestrian_accident_ratio":0.0667}},{"type":"Feature","geometry":{"type":"Point","coordinates":[121.52563,25.04919]},"properties":{"hotspot_id":"臺北市-48678","hotspot_type":"intersection","county":"臺北市","township":"中山區","road_or_intersection":"林森北路 x 長安東路1段","accident_count":17,"motorcycle_accident_count":12,"pedestrian_accident_count":4,"death_count":0,"injury_count":19,"fatal_accident_count":0,"risk_score":78.5,"risk_level":"high","confidence":"confirmed","motorcycle_accident_ratio":0.7059,"pedestrian_accident_ratio":0.2353}},{"type":"Feature","geometry":{"type":"Point","coordinates":[121.49472,25.03516]},"properties":{"hotspot_id":"臺北市-51126","hotspot_type":"intersection","county":"臺北市","township":"萬華區","road_or_intersection":"和平西路3段","accident_count":11,"motorcycle_accident_count":11,"pedestrian_accident_count":0,"death_count":0,"injury_count":16,"fatal_accident_count":0,"risk_score":78.4,"risk_level":"high","confidence":"confirmed","motorcycle_accident_ratio":1.0,"pedestrian_accident_ratio":0.0}},{"type":"Feature","geometry":{"type":"Point","coordinates":[121.54418,25.05156]},"properties":{"hotspot_id":"臺北市-48517","hotspot_type":"intersection","county":"臺北市","township":"中山區","road_or_intersection":"南京東路3段 x 復興北路","accident_count":12,"motorcycle_accident_count":12,"pedestrian_accident_count":0,"death_count":0,"injury_count":15,"fatal_accident_count":0,"risk_score":78.4,"risk_level":"high","confidence":"confirmed","motorcycle_accident_ratio":1.0,"pedestrian_accident_ratio":0.0}},{"type":"Feature","geometry":{"type":"Point","coordinates":[121.57614,25.04088]},"properties":{"hotspot_id":"臺北市-51878","hotspot_type":"intersection","county":"臺北市","township":"信義區","road_or_intersection":"忠孝東路5段","accident_count":14,"motorcycle_accident_count":11,"pedestrian_accident_count":2,"death_count":0,"injury_count":20,"fatal_accident_count":0,"risk_score":78.4,"risk_level":"high","confidence":"low_confidence","motorcycle_accident_ratio":0.7857,"pedestrian_accident_ratio":0.1429}},{"type":"Feature","geometry":{"type":"Point","coordinates":[121.5119,25.03547]},"properties":{"hotspot_id":"臺北市-48968","hotspot_type":"intersection","county":"臺北市","township":"中正區","road_or_intersection":"愛國西路 x 重慶南路1段","accident_count":10,"motorcycle_accident_count":10,"pedestrian_accident_count":0,"death_count":0,"injury_count":17,"fatal_accident_count":0,"risk_score":78.3,"risk_level":"high","confidence":"confirmed","motorcycle_accident_ratio":1.0,"pedestrian_accident_ratio":0.0}},{"type":"Feature","geometry":{"type":"Point","coordinates":[121.55706,25.04634]},"properties":{"hotspot_id":"臺北市-50944","hotspot_type":"intersection","county":"臺北市","township":"松山區","road_or_intersection":"光復南路","accident_count":9,"motorcycle_accident_count":8,"pedestrian_accident_count":2,"death_count":1,"injury_count":9,"fatal_accident_count":1,"risk_score":78.3,"risk_level":"high","confidence":"confirmed","motorcycle_accident_ratio":0.8889,"pedestrian_accident_ratio":0.2222}},{"type":"Feature","geometry":{"type":"Point","coordinates":[121.51971,25.06299]},"properties":{"hotspot_id":"臺北市-51834","hotspot_type":"intersection","county":"臺北市","township":"中山區","road_or_intersection":"民權西路","accident_count":12,"motorcycle_accident_count":10,"pedestrian_accident_count":1,"death_count":0,"injury_count":21,"fatal_accident_count":0,"risk_score":78.3,"risk_level":"high","confidence":"probable","motorcycle_accident_ratio":0.8333,"pedestrian_accident_ratio":0.0833}},{"type":"Feature","geometry":{"type":"Point","coordinates":[121.53297,25.11315]},"properties":{"hotspot_id":"臺北市-50034","hotspot_type":"intersection","county":"臺北市","township":"士林區","road_or_intersection":"士東路","accident_count":15,"motorcycle_accident_count":12,"pedestrian_accident_count":3,"death_count":0,"injury_count":17,"fatal_accident_count":0,"risk_score":78.3,"risk_level":"high","confidence":"confirmed","motorcycle_accident_ratio":0.8,"pedestrian_accident_ratio":0.2}},{"type":"Feature","geometry":{"type":"Point","coordinates":[121.59416,25.05035]},"properties":{"hotspot_id":"臺北市-49859","hotspot_type":"intersection","county":"臺北市","township":"南港區","road_or_intersection":"忠孝東路6段 x 昆陽街","accident_count":11,"motorcycle_accident_count":10,"pedestrian_accident_count":1,"death_count":0,"injury_count":17,"fatal_accident_count":0,"risk_score":78.2,"risk_level":"high","confidence":"confirmed","motorcycle_accident_ratio":0.9091,"pedestrian_accident_ratio":0.0909}},{"type":"Feature","geometry":{"type":"Point","coordinates":[121.4972,25.02543]},"properties":{"hotspot_id":"臺北市-51521","hotspot_type":"intersection","county":"臺北市","township":"萬華區","road_or_intersection":"東園街","accident_count":11,"motorcycle_accident_count":9,"pedestrian_accident_count":4,"death_count":0,"injury_count":18,"fatal_accident_count":0,"risk_score":78.2,"risk_level":"high","confidence":"low_confidence","motorcycle_accident_ratio":0.8182,"pedestrian_accident_ratio":0.3636}},{"type":"Feature","geometry":{"type":"Point","coordinates":[121.54435,25.05149]},"properties":{"hotspot_id":"臺北市-51830","hotspot_type":"intersection","county":"臺北市","township":"松山區","road_or_intersection":"南京東路3段","accident_count":12,"motorcycle_accident_count":11,"pedestrian_accident_count":1,"death_count":0,"injury_count":16,"fatal_accident_count":0,"risk_score":78.2,"risk_level":"high","confidence":"probable","motorcycle_accident_ratio":0.9167,"pedestrian_accident_ratio":0.0833}},{"type":"Feature","geometry":{"type":"Point","coordinates":[121.56116,25.07118]},"properties":{"hotspot_id":"臺北市-51330","hotspot_type":"intersection","county":"臺北市","township":"松山區","road_or_intersection":"國道","accident_count":21,"motorcycle_accident_count":4,"pedestrian_accident_count":1,"death_count":1,"injury_count":31,"fatal_accident_count":1,"risk_score":78.1,"risk_level":"high","confidence":"low_confidence","motorcycle_accident_ratio":0.1905,"pedestrian_accident_ratio":0.0476}},{"type":"Feature","geometry":{"type":"Point","coordinates":[121.54183,25.02516]},"properties":{"hotspot_id":"臺北市-50486","hotspot_type":"intersection","county":"臺北市","township":"大安區","road_or_intersection":"和平東路2段","accident_count":18,"motorcycle_accident_count":13,"pedestrian_accident_count":1,"death_count":0,"injury_count":21,"fatal_accident_count":0,"risk_score":78.0,"risk_level":"high","confidence":"confirmed","motorcycle_accident_ratio":0.7222,"pedestrian_accident_ratio":0.0556}},{"type":"Feature","geometry":{"type":"Point","coordinates":[121.51994,25.1034]},"properties":{"hotspot_id":"臺北市-50097","hotspot_type":"intersection","county":"臺北市","township":"士林區","road_or_intersection":"德行西路 x 文林路","accident_count":10,"motorcycle_accident_count":10,"pedestrian_accident_count":0,"death_count":0,"injury_count":16,"fatal_accident_count":0,"risk_score":77.9,"risk_level":"high","confidence":"confirmed","motorcycle_accident_ratio":1.0,"pedestrian_accident_ratio":0.0}},{"type":"Feature","geometry":{"type":"Point","coordinates":[121.53304,25.05469]},"properties":{"hotspot_id":"臺北市-48659","hotspot_type":"intersection","county":"臺北市","township":"中山區","road_or_intersection":"松江路","accident_count":18,"motorcycle_accident_count":10,"pedestrian_accident_count":4,"death_count":0,"injury_count":19,"fatal_accident_count":0,"risk_score":77.9,"risk_level":"high","confidence":"confirmed","motorcycle_accident_ratio":0.5556,"pedestrian_accident_ratio":0.2222}},{"type":"Feature","geometry":{"type":"Point","coordinates":[121.51202,25.0765]},"properties":{"hotspot_id":"臺北市-50304","hotspot_type":"intersection","county":"臺北市","township":"大同區","road_or_intersection":"延平北路4段 x 敦煌路","accident_count":11,"motorcycle_accident_count":11,"pedestrian_accident_count":0,"death_count":0,"injury_count":15,"fatal_accident_count":0,"risk_score":77.9,"risk_level":"high","confidence":"confirmed","motorcycle_accident_ratio":1.0,"pedestrian_accident_ratio":0.0}},{"type":"Feature","geometry":{"type":"Point","coordinates":[121.54453,25.07971]},"properties":{"hotspot_id":"臺北市-48496","hotspot_type":"intersection","county":"臺北市","township":"中山區","road_or_intersection":"北安路 x 崇實路","accident_count":10,"motorcycle_accident_count":10,"pedestrian_accident_count":0,"death_count":0,"injury_count":16,"fatal_accident_count":0,"risk_score":77.9,"risk_level":"high","confidence":"confirmed","motorcycle_accident_ratio":1.0,"pedestrian_accident_ratio":0.0}},{"type":"Feature","geometry":{"type":"Point","coordinates":[121.55874,25.04777]},"properties":{"hotspot_id":"臺北市-50946","hotspot_type":"intersection","county":"臺北市","township":"松山區","road_or_intersection":"光復南路 x 八德路4段","accident_count":6,"motorcycle_accident_count":6,"pedestrian_accident_count":1,"death_count":0,"injury_count":11,"fatal_accident_count":0,"risk_score":77.9,"risk_level":"high","confidence":"confirmed","motorcycle_accident_ratio":1.0,"pedestrian_accident_ratio":0.1667}},{"type":"Feature","geometry":{"type":"Point","coordinates":[121.54522,25.09651]},"properties":{"hotspot_id":"臺北市-50123","hotspot_type":"intersection","county":"臺北市","township":"士林區","road_or_intersection":"故宮路","accident_count":11,"motorcycle_accident_count":11,"pedestrian_accident_count":0,"death_count":0,"injury_count":15,"fatal_accident_count":0,"risk_score":77.9,"risk_level":"high","confidence":"confirmed","motorcycle_accident_ratio":1.0,"pedestrian_accident_ratio":0.0}},{"type":"Feature","geometry":{"type":"Point","coordinates":[121.50055,25.03849]},"properties":{"hotspot_id":"臺北市-51225","hotspot_type":"intersection","county":"臺北市","township":"萬華區","road_or_intersection":"桂林路 x 西昌街","accident_count":6,"motorcycle_accident_count":6,"pedestrian_accident_count":1,"death_count":0,"injury_count":11,"fatal_accident_count":0,"risk_score":77.9,"risk_level":"high","confidence":"confirmed","motorcycle_accident_ratio":1.0,"pedestrian_accident_ratio":0.1667}},{"type":"Feature","geometry":{"type":"Point","coordinates":[121.52754,25.03333]},"properties":{"hotspot_id":"臺北市-50440","hotspot_type":"intersection","county":"臺北市","township":"大安區","road_or_intersection":"信義路2段 x 金山南路2段","accident_count":6,"motorcycle_accident_count":6,"pedestrian_accident_count":1,"death_count":0,"injury_count":11,"fatal_accident_count":0,"risk_score":77.9,"risk_level":"high","confidence":"confirmed","motorcycle_accident_ratio":1.0,"pedestrian_accident_ratio":0.1667}},{"type":"Feature","geometry":{"type":"Point","coordinates":[121.51597,25.06306]},"properties":{"hotspot_id":"臺北市-50263","hotspot_type":"intersection","county":"臺北市","township":"大同區","road_or_intersection":"大龍街 x 民權西路","accident_count":10,"motorcycle_accident_count":10,"pedestrian_accident_count":0,"death_count":0,"injury_count":16,"fatal_accident_count":0,"risk_score":77.9,"risk_level":"high","confidence":"confirmed","motorcycle_accident_ratio":1.0,"pedestrian_accident_ratio":0.0}},{"type":"Feature","geometry":{"type":"Point","coordinates":[121.55376,24.99939]},"properties":{"hotspot_id":"臺北市-50905","hotspot_type":"intersection","county":"臺北市","township":"文山區","road_or_intersection":"辛亥路5段","accident_count":12,"motorcycle_accident_count":11,"pedestrian_accident_count":1,"death_count":0,"injury_count":15,"fatal_accident_count":0,"risk_score":77.7,"risk_level":"high","confidence":"confirmed","motorcycle_accident_ratio":0.9167,"pedestrian_accident_ratio":0.0833}},{"type":"Feature","geometry":{"type":"Point","coordinates":[121.57638,25.07013]},"properties":{"hotspot_id":"臺北市-49442","hotspot_type":"intersection","county":"臺北市","township":"內湖區","road_or_intersection":"瑞湖街 x 舊宗路2段","accident_count":12,"motorcycle_accident_count":12,"pedestrian_accident_count":0,"death_count":0,"injury_count":14,"fatal_accident_count":0,"risk_score":77.7,"risk_level":"high","confidence":"confirmed","motorcycle_accident_ratio":1.0,"pedestrian_accident_ratio":0.0}},{"type":"Feature","geometry":{"type":"Point","coordinates":[121.51139,25.05931]},"properties":{"hotspot_id":"臺北市-50292","hotspot_type":"intersection","county":"臺北市","township":"大同區","road_or_intersection":"延平北路2段","accident_count":12,"motorcycle_accident_count":11,"pedestrian_accident_count":1,"death_count":0,"injury_count":15,"fatal_accident_count":0,"risk_score":77.7,"risk_level":"high","confidence":"confirmed","motorcycle_accident_ratio":0.9167,"pedestrian_accident_ratio":0.0833}},{"type":"Feature","geometry":{"type":"Point","coordinates":[121.56661,25.02681]},"properties":{"hotspot_id":"臺北市-51653","hotspot_type":"intersection","county":"臺北市","township":"信義區","road_or_intersection":"莊敬路","accident_count":12,"motorcycle_accident_count":11,"pedestrian_accident_count":1,"death_count":0,"injury_count":15,"fatal_accident_count":0,"risk_score":77.7,"risk_level":"high","confidence":"probable","motorcycle_accident_ratio":0.9167,"pedestrian_accident_ratio":0.0833}},{"type":"Feature","geometry":{"type":"Point","coordinates":[121.52615,25.05514]},"properties":{"hotspot_id":"臺北市-48636","hotspot_type":"intersection","county":"臺北市","township":"中山區","road_or_intersection":"新生北路2段 x 林森北路","accident_count":12,"motorcycle_accident_count":11,"pedestrian_accident_count":1,"death_count":0,"injury_count":15,"fatal_accident_count":0,"risk_score":77.7,"risk_level":"high","confidence":"confirmed","motorcycle_accident_ratio":0.9167,"pedestrian_accident_ratio":0.0833}},{"type":"Feature","geometry":{"type":"Point","coordinates":[121.52702,25.05578]},"properties":{"hotspot_id":"臺北市-48634","hotspot_type":"intersection","county":"臺北市","township":"中山區","road_or_intersection":"新生北路2段","accident_count":12,"motorcycle_accident_count":12,"pedestrian_accident_count":0,"death_count":0,"injury_count":14,"fatal_accident_count":0,"risk_score":77.7,"risk_level":"high","confidence":"confirmed","motorcycle_accident_ratio":1.0,"pedestrian_accident_ratio":0.0}},{"type":"Feature","geometry":{"type":"Point","coordinates":[121.54868,25.04502]},"properties":{"hotspot_id":"臺北市-51076","hotspot_type":"intersection","county":"臺北市","township":"松山區市","road_or_intersection":"敦化南路1段 x 民大道4段","accident_count":12,"motorcycle_accident_count":12,"pedestrian_accident_count":0,"death_count":0,"injury_count":14,"fatal_accident_count":0,"risk_score":77.7,"risk_level":"high","confidence":"confirmed","motorcycle_accident_ratio":1.0,"pedestrian_accident_ratio":0.0}},{"type":"Feature","geometry":{"type":"Point","coordinates":[121.47172,25.12465]},"properties":{"hotspot_id":"臺北市-49589","hotspot_type":"intersection","county":"臺北市","township":"北投區","road_or_intersection":"大度路3段 x 立德路","accident_count":9,"motorcycle_accident_count":9,"pedestrian_accident_count":0,"death_count":0,"injury_count":17,"fatal_accident_count":0,"risk_score":77.6,"risk_level":"high","confidence":"confirmed","motorcycle_accident_ratio":1.0,"pedestrian_accident_ratio":0.0}},{"type":"Feature","geometry":{"type":"Point","coordinates":[121.49572,25.01696]},"properties":{"hotspot_id":"臺北市-51543","hotspot_type":"intersection","county":"臺北市","township":"萬華區","road_or_intersection":"華中橋前0.0公尺","accident_count":8,"motorcycle_accident_count":7,"pedestrian_accident_count":2,"death_count":1,"injury_count":10,"fatal_accident_count":1,"risk_score":77.6,"risk_level":"high","confidence":"probable","motorcycle_accident_ratio":0.875,"pedestrian_accident_ratio":0.25}},{"type":"Feature","geometry":{"type":"Point","coordinates":[121.55922,24.9835]},"properties":{"hotspot_id":"臺北市-50724","hotspot_type":"intersection","county":"臺北市","township":"文山區","road_or_intersection":"忠順街1段","accident_count":14,"motorcycle_accident_count":12,"pedestrian_accident_count":1,"death_count":0,"injury_count":16,"fatal_accident_count":0,"risk_score":77.6,"risk_level":"high","confidence":"confirmed","motorcycle_accident_ratio":0.8571,"pedestrian_accident_ratio":0.0714}},{"type":"Feature","geometry":{"type":"Point","coordinates":[121.54064,25.03456]},"properties":{"hotspot_id":"臺北市-50443","hotspot_type":"intersection","county":"臺北市","township":"大安區","road_or_intersection":"信義路3段","accident_count":16,"motorcycle_accident_count":13,"pedestrian_accident_count":1,"death_count":0,"injury_count":17,"fatal_accident_count":0,"risk_score":77.6,"risk_level":"high","confidence":"confirmed","motorcycle_accident_ratio":0.8125,"pedestrian_accident_ratio":0.0625}},{"type":"Feature","geometry":{"type":"Point","coordinates":[121.54396,25.05386]},"properties":{"hotspot_id":"臺北市-51831","hotspot_type":"intersection","county":"臺北市","township":"中山區","road_or_intersection":"復興北路","accident_count":15,"motorcycle_accident_count":12,"pedestrian_accident_count":1,"death_count":0,"injury_count":18,"fatal_accident_count":0,"risk_score":77.6,"risk_level":"high","confidence":"probable","motorcycle_accident_ratio":0.8,"pedestrian_accident_ratio":0.0667}},{"type":"Feature","geometry":{"type":"Point","coordinates":[121.55009,25.06136]},"properties":{"hotspot_id":"臺北市-51037","hotspot_type":"intersection","county":"臺北市","township":"松山區","road_or_intersection":"敦化北路 x 民權東路3段","accident_count":12,"motorcycle_accident_count":10,"pedestrian_accident_count":1,"death_count":0,"injury_count":18,"fatal_accident_count":0,"risk_score":77.5,"risk_level":"high","confidence":"confirmed","motorcycle_accident_ratio":0.8333,"pedestrian_accident_ratio":0.0833}},{"type":"Feature","geometry":{"type":"Point","coordinates":[121.51029,25.0479]},"properties":{"hotspot_id":"臺北市-48778","hotspot_type":"intersection","county":"臺北市","township":"中正區","road_or_intersection":"中華路1段 x 忠孝西路1段","accident_count":12,"motorcycle_accident_count":10,"pedestrian_accident_count":1,"death_count":0,"injury_count":18,"fatal_accident_count":0,"risk_score":77.5,"risk_level":"high","confidence":"confirmed","motorcycle_accident_ratio":0.8333,"pedestrian_accident_ratio":0.0833}},{"type":"Feature","geometry":{"type":"Point","coordinates":[121.59596,25.00132]},"properties":{"hotspot_id":"臺北市-51326","hotspot_type":"intersection","county":"臺北市","township":"文山區","road_or_intersection":"新光路2段","accident_count":18,"motorcycle_accident_count":10,"pedestrian_accident_count":1,"death_count":0,"injury_count":23,"fatal_accident_count":0,"risk_score":77.5,"risk_level":"high","confidence":"probable","motorcycle_accident_ratio":0.5556,"pedestrian_accident_ratio":0.0556}},{"type":"Feature","geometry":{"type":"Point","coordinates":[121.52281,25.05223]},"properties":{"hotspot_id":"臺北市-48425","hotspot_type":"intersection","county":"臺北市","township":"中山區","road_or_intersection":"中山北路1段 x 南京東路1段","accident_count":10,"motorcycle_accident_count":8,"pedestrian_accident_count":1,"death_count":1,"injury_count":14,"fatal_accident_count":1,"risk_score":77.5,"risk_level":"high","confidence":"confirmed","motorcycle_accident_ratio":0.8,"pedestrian_accident_ratio":0.1}},{"type":"Feature","geometry":{"type":"Point","coordinates":[121.61722,25.06887]},"properties":{"hotspot_id":"臺北市-49352","hotspot_type":"intersection","county":"臺北市","township":"內湖區","road_or_intersection":"康樂街 x 東湖路","accident_count":7,"motorcycle_accident_count":7,"pedestrian_accident_count":3,"death_count":0,"injury_count":9,"fatal_accident_count":0,"risk_score":77.4,"risk_level":"high","confidence":"confirmed","motorcycle_accident_ratio":1.0,"pedestrian_accident_ratio":0.4286}},{"type":"Feature","geometry":{"type":"Point","coordinates":[121.51975,25.08948]},"properties":{"hotspot_id":"臺北市-50041","hotspot_type":"intersection","county":"臺北市","township":"士林區","road_or_intersection":"大南路","accident_count":5,"motorcycle_accident_count":5,"pedestrian_accident_count":1,"death_count":0,"injury_count":12,"fatal_accident_count":0,"risk_score":77.4,"risk_level":"high","confidence":"confirmed","motorcycle_accident_ratio":1.0,"pedestrian_accident_ratio":0.2}},{"type":"Feature","geometry":{"type":"Point","coordinates":[121.5525,25.0244]},"properties":{"hotspot_id":"臺北市-50496","hotspot_type":"intersection","county":"臺北市","township":"大安區","road_or_intersection":"和平東路3段 x 基隆路2段","accident_count":42,"motorcycle_accident_count":40,"pedestrian_accident_count":0,"death_count":0,"injury_count":56,"fatal_accident_count":0,"risk_score":77.4,"risk_level":"high","confidence":"confirmed","motorcycle_accident_ratio":0.9524,"pedestrian_accident_ratio":0.0}},{"type":"Feature","geometry":{"type":"Point","coordinates":[121.56733,25.03295]},"properties":{"hotspot_id":"臺北市-51811","hotspot_type":"intersection","county":"臺北市","township":"信義區","road_or_intersection":"信義路5段","accident_count":16,"motorcycle_accident_count":12,"pedestrian_accident_count":1,"death_count":0,"injury_count":19,"fatal_accident_count":0,"risk_score":77.4,"risk_level":"high","confidence":"probable","motorcycle_accident_ratio":0.75,"pedestrian_accident_ratio":0.0625}},{"type":"Feature","geometry":{"type":"Point","coordinates":[121.53067,25.10925]},"properties":{"hotspot_id":"臺北市-50093","hotspot_type":"intersection","county":"臺北市","township":"士林區","road_or_intersection":"德行東路 x 忠誠路2段","accident_count":11,"motorcycle_accident_count":10,"pedestrian_accident_count":2,"death_count":0,"injury_count":14,"fatal_accident_count":0,"risk_score":77.4,"risk_level":"high","confidence":"confirmed","motorcycle_accident_ratio":0.9091,"pedestrian_accident_ratio":0.1818}},{"type":"Feature","geometry":{"type":"Point","coordinates":[121.52636,25.07465]},"properties":{"hotspot_id":"臺北市-48462","hotspot_type":"intersection","county":"臺北市","township":"中山區","road_or_intersection":"中山北路4段 x 北安路","accident_count":11,"motorcycle_accident_count":11,"pedestrian_accident_count":0,"death_count":0,"injury_count":14,"fatal_accident_count":0,"risk_score":77.3,"risk_level":"high","confidence":"confirmed","motorcycle_accident_ratio":1.0,"pedestrian_accident_ratio":0.0}},{"type":"Feature","geometry":{"type":"Point","coordinates":[121.51812,25.06267]},"properties":{"hotspot_id":"臺北市-50318","hotspot_type":"intersection","county":"臺北市","township":"大同區","road_or_intersection":"承德路2段 x 民權西路","accident_count":35,"motorcycle_accident_count":33,"pedestrian_accident_count":0,"death_count":0,"injury_count":55,"fatal_accident_count":0,"risk_score":77.3,"risk_level":"high","confidence":"confirmed","motorcycle_accident_ratio":0.9429,"pedestrian_accident_ratio":0.0}},{"type":"Feature","geometry":{"type":"Point","coordinates":[121.59479,25.05451]},"properties":{"hotspot_id":"臺北市-49820","hotspot_type":"intersection","county":"臺北市","township":"南港區","road_or_intersection":"南港路2段 x 向陽路","accident_count":11,"motorcycle_accident_count":11,"pedestrian_accident_count":0,"death_count":0,"injury_count":14,"fatal_accident_count":0,"risk_score":77.3,"risk_level":"high","confidence":"confirmed","motorcycle_accident_ratio":1.0,"pedestrian_accident_ratio":0.0}},{"type":"Feature","geometry":{"type":"Point","coordinates":[121.53748,25.05791]},"properties":{"hotspot_id":"臺北市-51769","hotspot_type":"intersection","county":"臺北市","township":"中山區","road_or_intersection":"建國北路2段","accident_count":15,"motorcycle_accident_count":9,"pedestrian_accident_count":4,"death_count":0,"injury_count":18,"fatal_accident_count":0,"risk_score":77.3,"risk_level":"high","confidence":"probable","motorcycle_accident_ratio":0.6,"pedestrian_accident_ratio":0.2667}},{"type":"Feature","geometry":{"type":"Point","coordinates":[121.60514,25.07299]},"properties":{"hotspot_id":"臺北市-51369","hotspot_type":"intersection","county":"臺北市","township":"內湖區","road_or_intersection":"金湖路","accident_count":11,"motorcycle_accident_count":11,"pedestrian_accident_count":0,"death_count":0,"injury_count":14,"fatal_accident_count":0,"risk_score":77.3,"risk_level":"high","confidence":"low_confidence","motorcycle_accident_ratio":1.0,"pedestrian_accident_ratio":0.0}},{"type":"Feature","geometry":{"type":"Point","coordinates":[121.51392,25.05697]},"properties":{"hotspot_id":"臺北市-50364","hotspot_type":"intersection","county":"臺北市","township":"大同區","road_or_intersection":"民生西路 x 重慶北路2段","accident_count":11,"motorcycle_accident_count":11,"pedestrian_accident_count":0,"death_count":0,"injury_count":14,"fatal_accident_count":0,"risk_score":77.3,"risk_level":"high","confidence":"confirmed","motorcycle_accident_ratio":1.0,"pedestrian_accident_ratio":0.0}},{"type":"Feature","geometry":{"type":"Point","coordinates":[121.49167,25.02907]},"properties":{"hotspot_id":"臺北市-51275","hotspot_type":"intersection","county":"臺北市","township":"萬華區","road_or_intersection":"艋舺大道 x 西藏路","accident_count":12,"motorcycle_accident_count":10,"pedestrian_accident_count":3,"death_count":0,"injury_count":15,"fatal_accident_count":0,"risk_score":77.2,"risk_level":"high","confidence":"confirmed","motorcycle_accident_ratio":0.8333,"pedestrian_accident_ratio":0.25}},{"type":"Feature","geometry":{"type":"Point","coordinates":[121.49655,25.03227]},"properties":{"hotspot_id":"臺北市-51274","hotspot_type":"intersection","county":"臺北市","township":"萬華區","road_or_intersection":"艋舺大道 x 西園路2段","accident_count":11,"motorcycle_accident_count":10,"pedestrian_accident_count":1,"death_count":0,"injury_count":15,"fatal_accident_count":0,"risk_score":77.2,"risk_level":"high","confidence":"confirmed","motorcycle_accident_ratio":0.9091,"pedestrian_accident_ratio":0.0909}},{"type":"Feature","geometry":{"type":"Point","coordinates":[121.61645,25.06869]},"properties":{"hotspot_id":"臺北市-51498","hotspot_type":"intersection","county":"臺北市","township":"內湖區","road_or_intersection":"東湖路","accident_count":12,"motorcycle_accident_count":10,"pedestrian_accident_count":3,"death_count":0,"injury_count":15,"fatal_accident_count":0,"risk_score":77.2,"risk_level":"high","confidence":"probable","motorcycle_accident_ratio":0.8333,"pedestrian_accident_ratio":0.25}},{"type":"Feature","geometry":{"type":"Point","coordinates":[121.50266,25.12142]},"properties":{"hotspot_id":"臺北市-49540","hotspot_type":"intersection","county":"臺北市","township":"北投區","road_or_intersection":"公館路 x 北投路1段","accident_count":15,"motorcycle_accident_count":12,"pedestrian_accident_count":1,"death_count":0,"injury_count":17,"fatal_accident_count":0,"risk_score":77.2,"risk_level":"high","confidence":"confirmed","motorcycle_accident_ratio":0.8,"pedestrian_accident_ratio":0.0667}},{"type":"Feature","geometry":{"type":"Point","coordinates":[121.525,25.10404]},"properties":{"hotspot_id":"臺北市-49953","hotspot_type":"intersection","county":"臺北市","township":"士林區","road_or_intersection":"中山北路6段 x 忠誠路1段","accident_count":15,"motorcycle_accident_count":12,"pedestrian_accident_count":1,"death_count":0,"injury_count":17,"fatal_accident_count":0,"risk_score":77.2,"risk_level":"high","confidence":"confirmed","motorcycle_accident_ratio":0.8,"pedestrian_accident_ratio":0.0667}},{"type":"Feature","geometry":{"type":"Point","coordinates":[121.49854,25.0385]},"properties":{"hotspot_id":"臺北市-51223","hotspot_type":"intersection","county":"臺北市","township":"萬華區","road_or_intersection":"桂林路 x 華西街","accident_count":7,"motorcycle_accident_count":7,"pedestrian_accident_count":2,"death_count":0,"injury_count":9,"fatal_accident_count":0,"risk_score":77.2,"risk_level":"high","confidence":"confirmed","motorcycle_accident_ratio":1.0,"pedestrian_accident_ratio":0.2857}},{"type":"Feature","geometry":{"type":"Point","coordinates":[121.50717,25.0352]},"properties":{"hotspot_id":"臺北市-51577","hotspot_type":"intersection","county":"臺北市","township":"萬華區","road_or_intersection":"堤外便道","accident_count":8,"motorcycle_accident_count":8,"pedestrian_accident_count":0,"death_count":0,"injury_count":18,"fatal_accident_count":0,"risk_score":77.2,"risk_level":"high","confidence":"probable","motorcycle_accident_ratio":1.0,"pedestrian_accident_ratio":0.0}},{"type":"Feature","geometry":{"type":"Point","coordinates":[121.57861,25.06667]},"properties":{"hotspot_id":"臺北市-49416","hotspot_type":"intersection","county":"臺北市","township":"內湖區","road_or_intersection":"民權東路6段 x 行愛路","accident_count":11,"motorcycle_accident_count":10,"pedestrian_accident_count":1,"death_count":0,"injury_count":15,"fatal_accident_count":0,"risk_score":77.2,"risk_level":"high","confidence":"confirmed","motorcycle_accident_ratio":0.9091,"pedestrian_accident_ratio":0.0909}},{"type":"Feature","geometry":{"type":"Point","coordinates":[121.51936,25.04445]},"properties":{"hotspot_id":"臺北市-48771","hotspot_type":"intersection","county":"臺北市","township":"中正區","road_or_intersection":"中山南路 x 青島東路","accident_count":9,"motorcycle_accident_count":9,"pedestrian_accident_count":0,"death_count":0,"injury_count":16,"fatal_accident_count":0,"risk_score":77.2,"risk_level":"high","confidence":"confirmed","motorcycle_accident_ratio":1.0,"pedestrian_accident_ratio":0.0}},{"type":"Feature","geometry":{"type":"Point","coordinates":[121.49542,25.02863]},"properties":{"hotspot_id":"臺北市-51295","hotspot_type":"intersection","county":"臺北市","township":"萬華區","road_or_intersection":"西園路2段 x 西藏路","accident_count":28,"motorcycle_accident_count":27,"pedestrian_accident_count":0,"death_count":0,"injury_count":37,"fatal_accident_count":0,"risk_score":77.1,"risk_level":"high","confidence":"confirmed","motorcycle_accident_ratio":0.9643,"pedestrian_accident_ratio":0.0}},{"type":"Feature","geometry":{"type":"Point","coordinates":[121.51009,25.04839]},"properties":{"hotspot_id":"臺北市-50256","hotspot_type":"intersection","county":"臺北市","township":"大同區","road_or_intersection":"塔城街 x 忠孝西路2段","accident_count":10,"motorcycle_accident_count":9,"pedestrian_accident_count":1,"death_count":0,"injury_count":16,"fatal_accident_count":0,"risk_score":77.1,"risk_level":"high","confidence":"confirmed","motorcycle_accident_ratio":0.9,"pedestrian_accident_ratio":0.1}},{"type":"Feature","geometry":{"type":"Point","coordinates":[121.5708,24.99161]},"properties":{"hotspot_id":"臺北市-51405","hotspot_type":"intersection","county":"臺北市","township":"文山區","road_or_intersection":"秀明路1段","accident_count":13,"motorcycle_accident_count":11,"pedestrian_accident_count":1,"death_count":0,"injury_count":16,"fatal_accident_count":0,"risk_score":77.1,"risk_level":"high","confidence":"probable","motorcycle_accident_ratio":0.8462,"pedestrian_accident_ratio":0.0769}},{"type":"Feature","geometry":{"type":"Point","coordinates":[121.51108,25.05165]},"properties":{"hotspot_id":"臺北市-51751","hotspot_type":"intersection","county":"臺北市","township":"大同區","road_or_intersection":"塔城街","accident_count":12,"motorcycle_accident_count":11,"pedestrian_accident_count":1,"death_count":0,"injury_count":14,"fatal_accident_count":0,"risk_score":77.1,"risk_level":"high","confidence":"probable","motorcycle_accident_ratio":0.9167,"pedestrian_accident_ratio":0.0833}},{"type":"Feature","geometry":{"type":"Point","coordinates":[121.50244,25.03894]},"properties":{"hotspot_id":"臺北市-51169","hotspot_type":"intersection","county":"臺北市","township":"萬華區","road_or_intersection":"康定路","accident_count":10,"motorcycle_accident_count":9,"pedestrian_accident_count":3,"death_count":0,"injury_count":14,"fatal_accident_count":0,"risk_score":77.1,"risk_level":"high","confidence":"confirmed","motorcycle_accident_ratio":0.9,"pedestrian_accident_ratio":0.3}},{"type":"Feature","geometry":{"type":"Point","coordinates":[121.58788,25.04879]},"properties":{"hotspot_id":"臺北市-49858","hotspot_type":"intersection","county":"臺北市","township":"南港區","road_or_intersection":"忠孝東路6段","accident_count":32,"motorcycle_accident_count":31,"pedestrian_accident_count":0,"death_count":0,"injury_count":35,"fatal_accident_count":0,"risk_score":77.1,"risk_level":"high","confidence":"confirmed","motorcycle_accident_ratio":0.9688,"pedestrian_accident_ratio":0.0}},{"type":"Feature","geometry":{"type":"Point","coordinates":[121.51118,25.06313]},"properties":{"hotspot_id":"臺北市-50301","hotspot_type":"intersection","county":"臺北市","township":"大同區","road_or_intersection":"延平北路3段 x 民權西路","accident_count":27,"motorcycle_accident_count":26,"pedestrian_accident_count":0,"death_count":0,"injury_count":37,"fatal_accident_count":0,"risk_score":77.1,"risk_level":"high","confidence":"confirmed","motorcycle_accident_ratio":0.963,"pedestrian_accident_ratio":0.0}},{"type":"Feature","geometry":{"type":"Point","coordinates":[121.54617,25.03908]},"properties":{"hotspot_id":"臺北市-50532","hotspot_type":"intersection","county":"臺北市","township":"大安區","road_or_intersection":"大安路1段","accident_count":14,"motorcycle_accident_count":11,"pedestrian_accident_count":1,"death_count":0,"injury_count":18,"fatal_accident_count":0,"risk_score":77.1,"risk_level":"high","confidence":"confirmed","motorcycle_accident_ratio":0.7857,"pedestrian_accident_ratio":0.0714}},{"type":"Feature","geometry":{"type":"Point","coordinates":[121.54381,25.04834]},"properties":{"hotspot_id":"臺北市-48603","hotspot_type":"intersection","county":"臺北市","township":"中山區","road_or_intersection":"復興北路 x 長安東路2段","accident_count":12,"motorcycle_accident_count":12,"pedestrian_accident_count":0,"death_count":0,"injury_count":13,"fatal_accident_count":0,"risk_score":77.0,"risk_level":"high","confidence":"confirmed","motorcycle_accident_ratio":1.0,"pedestrian_accident_ratio":0.0}},{"type":"Feature","geometry":{"type":"Point","coordinates":[121.54468,24.99583]},"properties":{"hotspot_id":"臺北市-50789","hotspot_type":"intersection","county":"臺北市","township":"文山區","road_or_intersection":"景興路","accident_count":13,"motorcycle_accident_count":10,"pedestrian_accident_count":3,"death_count":0,"injury_count":16,"fatal_accident_count":0,"risk_score":77.0,"risk_level":"high","confidence":"confirmed","motorcycle_accident_ratio":0.7692,"pedestrian_accident_ratio":0.2308}},{"type":"Feature","geometry":{"type":"Point","coordinates":[121.49514,25.02941]},"properties":{"hotspot_id":"臺北市-51294","hotspot_type":"intersection","county":"臺北市","township":"萬華區","road_or_intersection":"西園路2段","accident_count":30,"motorcycle_accident_count":28,"pedestrian_accident_count":0,"death_count":0,"injury_count":39,"fatal_accident_count":0,"risk_score":77.0,"risk_level":"high","confidence":"confirmed","motorcycle_accident_ratio":0.9333,"pedestrian_accident_ratio":0.0}},{"type":"Feature","geometry":{"type":"Point","coordinates":[121.60653,25.05208]},"properties":{"hotspot_id":"臺北市-49863","hotspot_type":"intersection","county":"臺北市","township":"南港區","road_or_intersection":"忠孝東路7段","accident_count":25,"motorcycle_accident_count":24,"pedestrian_accident_count":0,"death_count":0,"injury_count":36,"fatal_accident_count":0,"risk_score":77.0,"risk_level":"high","confidence":"confirmed","motorcycle_accident_ratio":0.96,"pedestrian_accident_ratio":0.0}},{"type":"Feature","geometry":{"type":"Point","coordinates":[121.53735,25.03984]},"properties":{"hotspot_id":"臺北市-50562","hotspot_type":"intersection","county":"臺北市","township":"大安區","road_or_intersection":"建國南路1段","accident_count":13,"motorcycle_accident_count":9,"pedestrian_accident_count":3,"death_count":0,"injury_count":17,"fatal_accident_count":0,"risk_score":76.9,"risk_level":"high","confidence":"confirmed","motorcycle_accident_ratio":0.6923,"pedestrian_accident_ratio":0.2308}},{"type":"Feature","geometry":{"type":"Point","coordinates":[121.59938,25.08432]},"properties":{"hotspot_id":"臺北市-51375","hotspot_type":"intersection","county":"臺北市","township":"內湖區","road_or_intersection":"成功路4段","accident_count":16,"motorcycle_accident_count":11,"pedestrian_accident_count":2,"death_count":0,"injury_count":17,"fatal_accident_count":0,"risk_score":76.9,"risk_level":"high","confidence":"probable","motorcycle_accident_ratio":0.6875,"pedestrian_accident_ratio":0.125}},{"type":"Feature","geometry":{"type":"Point","coordinates":[121.49759,25.03829]},"properties":{"hotspot_id":"臺北市-51218","hotspot_type":"intersection","county":"臺北市","township":"萬華區","road_or_intersection":"桂林路","accident_count":23,"motorcycle_accident_count":22,"pedestrian_accident_count":0,"death_count":0,"injury_count":33,"fatal_accident_count":0,"risk_score":76.8,"risk_level":"high","confidence":"confirmed","motorcycle_accident_ratio":0.9565,"pedestrian_accident_ratio":0.0}},{"type":"Feature","geometry":{"type":"Point","coordinates":[121.49103,25.02312]},"properties":{"hotspot_id":"臺北市-51529","hotspot_type":"intersection","county":"臺北市","township":"萬華區","road_or_intersection":"堤外便道","accident_count":7,"motorcycle_accident_count":7,"pedestrian_accident_count":0,"death_count":1,"injury_count":10,"fatal_accident_count":1,"risk_score":76.8,"risk_level":"high","confidence":"probable","motorcycle_accident_ratio":1.0,"pedestrian_accident_ratio":0.0}},{"type":"Feature","geometry":{"type":"Point","coordinates":[121.51609,25.0679]},"properties":{"hotspot_id":"臺北市-50259","hotspot_type":"intersection","county":"臺北市","township":"大同區","road_or_intersection":"大龍街","accident_count":10,"motorcycle_accident_count":9,"pedestrian_accident_count":2,"death_count":0,"injury_count":14,"fatal_accident_count":0,"risk_score":76.7,"risk_level":"high","confidence":"confirmed","motorcycle_accident_ratio":0.9,"pedestrian_accident_ratio":0.2}},{"type":"Feature","geometry":{"type":"Point","coordinates":[121.58382,25.04491]},"properties":{"hotspot_id":"臺北市-49887","hotspot_type":"intersection","county":"臺北市","township":"南港區","road_or_intersection":"玉成街","accident_count":11,"motorcycle_accident_count":9,"pedestrian_accident_count":2,"death_count":0,"injury_count":16,"fatal_accident_count":0,"risk_score":76.7,"risk_level":"high","confidence":"confirmed","motorcycle_accident_ratio":0.8182,"pedestrian_accident_ratio":0.1818}},{"type":"Feature","geometry":{"type":"Point","coordinates":[121.5774,25.08019]},"properties":{"hotspot_id":"臺北市-49276","hotspot_type":"intersection","county":"臺北市","township":"內湖區","road_or_intersection":"內湖路1段 x 港墘路","accident_count":10,"motorcycle_accident_count":9,"pedestrian_accident_count":2,"death_count":0,"injury_count":14,"fatal_accident_count":0,"risk_score":76.7,"risk_level":"high","confidence":"confirmed","motorcycle_accident_ratio":0.9,"pedestrian_accident_ratio":0.2}},{"type":"Feature","geometry":{"type":"Point","coordinates":[121.59488,25.05589]},"properties":{"hotspot_id":"臺北市-49846","hotspot_type":"intersection","county":"臺北市","township":"南港區","road_or_intersection":"向陽路 x 重陽路","accident_count":10,"motorcycle_accident_count":10,"pedestrian_accident_count":0,"death_count":0,"injury_count":14,"fatal_accident_count":0,"risk_score":76.7,"risk_level":"high","confidence":"confirmed","motorcycle_accident_ratio":1.0,"pedestrian_accident_ratio":0.0}},{"type":"Feature","geometry":{"type":"Point","coordinates":[121.5377,25.02566]},"properties":{"hotspot_id":"臺北市-50487","hotspot_type":"intersection","county":"臺北市","township":"大安區","road_or_intersection":"和平東路2段 x 建國南路2段","accident_count":14,"motorcycle_accident_count":11,"pedestrian_accident_count":1,"death_count":0,"injury_count":17,"fatal_accident_count":0,"risk_score":76.7,"risk_level":"high","confidence":"confirmed","motorcycle_accident_ratio":0.7857,"pedestrian_accident_ratio":0.0714}},{"type":"Feature","geometry":{"type":"Point","coordinates":[121.49268,25.13752]},"properties":{"hotspot_id":"臺北市-49497","hotspot_type":"intersection","county":"臺北市","township":"北投區","road_or_intersection":"中央北路2段","accident_count":10,"motorcycle_accident_count":10,"pedestrian_accident_count":0,"death_count":0,"injury_count":14,"fatal_accident_count":0,"risk_score":76.7,"risk_level":"high","confidence":"confirmed","motorcycle_accident_ratio":1.0,"pedestrian_accident_ratio":0.0}},{"type":"Feature","geometry":{"type":"Point","coordinates":[121.51292,25.0388]},"properties":{"hotspot_id":"臺北市-49064","hotspot_type":"intersection","county":"臺北市","township":"中正區","road_or_intersection":"貴陽街1段 x 重慶南路1段","accident_count":10,"motorcycle_accident_count":10,"pedestrian_accident_count":0,"death_count":0,"injury_count":14,"fatal_accident_count":0,"risk_score":76.7,"risk_level":"high","confidence":"confirmed","motorcycle_accident_ratio":1.0,"pedestrian_accident_ratio":0.0}},{"type":"Feature","geometry":{"type":"Point","coordinates":[121.5157,25.03704]},"properties":{"hotspot_id":"臺北市-51546","hotspot_type":"intersection","county":"臺北市","township":"中正區","road_or_intersection":"公園路","accident_count":10,"motorcycle_accident_count":10,"pedestrian_accident_count":0,"death_count":0,"injury_count":14,"fatal_accident_count":0,"risk_score":76.7,"risk_level":"high","confidence":"probable","motorcycle_accident_ratio":1.0,"pedestrian_accident_ratio":0.0}},{"type":"Feature","geometry":{"type":"Point","coordinates":[121.54121,24.99168]},"properties":{"hotspot_id":"臺北市-50776","hotspot_type":"intersection","county":"臺北市","township":"文山區","road_or_intersection":"景文街 x 羅斯福路6段","accident_count":11,"motorcycle_accident_count":9,"pedestrian_accident_count":2,"death_count":0,"injury_count":16,"fatal_accident_count":0,"risk_score":76.7,"risk_level":"high","confidence":"confirmed","motorcycle_accident_ratio":0.8182,"pedestrian_accident_ratio":0.1818}},{"type":"Feature","geometry":{"type":"Point","coordinates":[121.51317,25.11092]},"properties":{"hotspot_id":"臺北市-49764","hotspot_type":"intersection","county":"臺北市","township":"北投區","road_or_intersection":"自強街","accident_count":10,"motorcycle_accident_count":10,"pedestrian_accident_count":0,"death_count":0,"injury_count":14,"fatal_accident_count":0,"risk_score":76.7,"risk_level":"high","confidence":"confirmed","motorcycle_accident_ratio":1.0,"pedestrian_accident_ratio":0.0}},{"type":"Feature","geometry":{"type":"Point","coordinates":[121.51843,25.09025]},"properties":{"hotspot_id":"臺北市-49963","hotspot_type":"intersection","county":"臺北市","township":"士林區","road_or_intersection":"中正路","accident_count":23,"motorcycle_accident_count":22,"pedestrian_accident_count":0,"death_count":0,"injury_count":30,"fatal_accident_count":0,"risk_score":76.7,"risk_level":"high","confidence":"confirmed","motorcycle_accident_ratio":0.9565,"pedestrian_accident_ratio":0.0}},{"type":"Feature","geometry":{"type":"Point","coordinates":[121.58299,25.06988]},"properties":{"hotspot_id":"臺北市-51608","hotspot_type":"intersection","county":"臺北市","township":"內湖區","road_or_intersection":"瑞光路","accident_count":10,"motorcycle_accident_count":10,"pedestrian_accident_count":0,"death_count":0,"injury_count":14,"fatal_accident_count":0,"risk_score":76.7,"risk_level":"high","confidence":"probable","motorcycle_accident_ratio":1.0,"pedestrian_accident_ratio":0.0}},{"type":"Feature","geometry":{"type":"Point","coordinates":[121.51816,25.03297]},"properties":{"hotspot_id":"臺北市-48999","hotspot_type":"intersection","county":"臺北市","township":"中正區","road_or_intersection":"林森南路 x 羅斯福路1段","accident_count":11,"motorcycle_accident_count":10,"pedestrian_accident_count":2,"death_count":0,"injury_count":13,"fatal_accident_count":0,"risk_score":76.6,"risk_level":"high","confidence":"confirmed","motorcycle_accident_ratio":0.9091,"pedestrian_accident_ratio":0.1818}},{"type":"Feature","geometry":{"type":"Point","coordinates":[121.49898,25.13243]},"properties":{"hotspot_id":"臺北市-51415","hotspot_type":"intersection","county":"臺北市","township":"北投區","road_or_intersection":"光明路","accident_count":11,"motorcycle_accident_count":10,"pedestrian_accident_count":1,"death_count":0,"injury_count":14,"fatal_accident_count":0,"risk_score":76.6,"risk_level":"high","confidence":"probable","motorcycle_accident_ratio":0.9091,"pedestrian_accident_ratio":0.0909}},{"type":"Feature","geometry":{"type":"Point","coordinates":[121.50028,25.02407]},"properties":{"hotspot_id":"臺北市-51517","hotspot_type":"intersection","county":"臺北市","township":"萬華區","road_or_intersection":"萬大路","accident_count":11,"motorcycle_accident_count":10,"pedestrian_accident_count":1,"death_count":0,"injury_count":14,"fatal_accident_count":0,"risk_score":76.6,"risk_level":"high","confidence":"probable","motorcycle_accident_ratio":0.9091,"pedestrian_accident_ratio":0.0909}},{"type":"Feature","geometry":{"type":"Point","coordinates":[121.54977,24.98743]},"properties":{"hotspot_id":"臺北市-50822","hotspot_type":"intersection","county":"臺北市","township":"文山區","road_or_intersection":"木柵路1段 x 試院路","accident_count":11,"motorcycle_accident_count":10,"pedestrian_accident_count":1,"death_count":0,"injury_count":14,"fatal_accident_count":0,"risk_score":76.6,"risk_level":"high","confidence":"confirmed","motorcycle_accident_ratio":0.9091,"pedestrian_accident_ratio":0.0909}},{"type":"Feature","geometry":{"type":"Point","coordinates":[121.55578,25.02108]},"properties":{"hotspot_id":"臺北市-51770","hotspot_type":"intersection","county":"臺北市","township":"大安區","road_or_intersection":"安居街","accident_count":8,"motorcycle_accident_count":8,"pedestrian_accident_count":2,"death_count":0,"injury_count":8,"fatal_accident_count":0,"risk_score":76.6,"risk_level":"high","confidence":"probable","motorcycle_accident_ratio":1.0,"pedestrian_accident_ratio":0.25}},{"type":"Feature","geometry":{"type":"Point","coordinates":[121.50124,25.02822]},"properties":{"hotspot_id":"臺北市-51286","hotspot_type":"intersection","county":"臺北市","township":"萬華區","road_or_intersection":"萬大路 x 西藏路","accident_count":11,"motorcycle_accident_count":11,"pedestrian_accident_count":0,"death_count":0,"injury_count":13,"fatal_accident_count":0,"risk_score":76.6,"risk_level":"high","confidence":"confirmed","motorcycle_accident_ratio":1.0,"pedestrian_accident_ratio":0.0}},{"type":"Feature","geometry":{"type":"Point","coordinates":[121.53704,25.05192]},"properties":{"hotspot_id":"臺北市-48515","hotspot_type":"intersection","county":"臺北市","township":"中山區","road_or_intersection":"南京東路3段 x 建國北路1段","accident_count":11,"motorcycle_accident_count":11,"pedestrian_accident_count":0,"death_count":0,"injury_count":13,"fatal_accident_count":0,"risk_score":76.6,"risk_level":"high","confidence":"confirmed","motorcycle_accident_ratio":1.0,"pedestrian_accident_ratio":0.0}},{"type":"Feature","geometry":{"type":"Point","coordinates":[121.60133,25.07565]},"properties":{"hotspot_id":"臺北市-49464","hotspot_type":"intersection","county":"臺北市","township":"內湖區","road_or_intersection":"金湖路","accident_count":11,"motorcycle_accident_count":10,"pedestrian_accident_count":1,"death_count":0,"injury_count":14,"fatal_accident_count":0,"risk_score":76.6,"risk_level":"high","confidence":"confirmed","motorcycle_accident_ratio":0.9091,"pedestrian_accident_ratio":0.0909}},{"type":"Feature","geometry":{"type":"Point","coordinates":[121.52722,25.04836]},"properties":{"hotspot_id":"臺北市-48722","hotspot_type":"intersection","county":"臺北市","township":"中山區","road_or_intersection":"長安東路1段","accident_count":11,"motorcycle_accident_count":10,"pedestrian_accident_count":2,"death_count":0,"injury_count":13,"fatal_accident_count":0,"risk_score":76.6,"risk_level":"high","confidence":"confirmed","motorcycle_accident_ratio":0.9091,"pedestrian_accident_ratio":0.1818}},{"type":"Feature","geometry":{"type":"Point","coordinates":[121.61655,25.05908]},"properties":{"hotspot_id":"臺北市-49898","hotspot_type":"intersection","county":"臺北市","township":"南港區","road_or_intersection":"經貿二路","accident_count":12,"motorcycle_accident_count":7,"pedestrian_accident_count":5,"death_count":0,"injury_count":18,"fatal_accident_count":0,"risk_score":76.6,"risk_level":"high","confidence":"confirmed","motorcycle_accident_ratio":0.5833,"pedestrian_accident_ratio":0.4167}},{"type":"Feature","geometry":{"type":"Point","coordinates":[121.55245,25.04473]},"properties":{"hotspot_id":"臺北市-51071","hotspot_type":"intersection","county":"臺北市","township":"松山區市","road_or_intersection":"八德路3段 x 民大道4段","accident_count":9,"motorcycle_accident_count":9,"pedestrian_accident_count":0,"death_count":0,"injury_count":15,"fatal_accident_count":0,"risk_score":76.6,"risk_level":"high","confidence":"confirmed","motorcycle_accident_ratio":1.0,"pedestrian_accident_ratio":0.0}},{"type":"Feature","geometry":{"type":"Point","coordinates":[121.53621,25.01204]},"properties":{"hotspot_id":"臺北市-51582","hotspot_type":"intersection","county":"臺北市","township":"中正區","road_or_intersection":"羅斯福路4段","accident_count":9,"motorcycle_accident_count":9,"pedestrian_accident_count":0,"death_count":0,"injury_count":15,"fatal_accident_count":0,"risk_score":76.6,"risk_level":"high","confidence":"probable","motorcycle_accident_ratio":1.0,"pedestrian_accident_ratio":0.0}},{"type":"Feature","geometry":{"type":"Point","coordinates":[121.50684,25.05056]},"properties":{"hotspot_id":"臺北市-50372","hotspot_type":"intersection","county":"臺北市","township":"大同區","road_or_intersection":"環河北路1段 x 鄭州路","accident_count":23,"motorcycle_accident_count":22,"pedestrian_accident_count":0,"death_count":0,"injury_count":29,"fatal_accident_count":0,"risk_score":76.6,"risk_level":"high","confidence":"confirmed","motorcycle_accident_ratio":0.9565,"pedestrian_accident_ratio":0.0}},{"type":"Feature","geometry":{"type":"Point","coordinates":[121.56597,25.04368]},"properties":{"hotspot_id":"臺北市-49159","hotspot_type":"intersection","county":"臺北市","township":"信義區","road_or_intersection":"基隆路1段","accident_count":24,"motorcycle_accident_count":23,"pedestrian_accident_count":0,"death_count":0,"injury_count":29,"fatal_accident_count":0,"risk_score":76.6,"risk_level":"high","confidence":"confirmed","motorcycle_accident_ratio":0.9583,"pedestrian_accident_ratio":0.0}},{"type":"Feature","geometry":{"type":"Point","coordinates":[121.50919,25.11243]},"properties":{"hotspot_id":"臺北市-49659","hotspot_type":"intersection","county":"臺北市","township":"北投區","road_or_intersection":"承德路7段 x 石牌路1段","accident_count":9,"motorcycle_accident_count":9,"pedestrian_accident_count":0,"death_count":0,"injury_count":15,"fatal_accident_count":0,"risk_score":76.6,"risk_level":"high","confidence":"confirmed","motorcycle_accident_ratio":1.0,"pedestrian_accident_ratio":0.0}},{"type":"Feature","geometry":{"type":"Point","coordinates":[121.52943,25.0462]},"properties":{"hotspot_id":"臺北市-49092","hotspot_type":"intersection","county":"臺北市","township":"中正區市","road_or_intersection":"民大道2段 x 金山北路","accident_count":11,"motorcycle_accident_count":10,"pedestrian_accident_count":1,"death_count":0,"injury_count":14,"fatal_accident_count":0,"risk_score":76.6,"risk_level":"high","confidence":"confirmed","motorcycle_accident_ratio":0.9091,"pedestrian_accident_ratio":0.0909}},{"type":"Feature","geometry":{"type":"Point","coordinates":[121.55836,25.04142]},"properties":{"hotspot_id":"臺北市-51901","hotspot_type":"intersection","county":"臺北市","township":"信義區","road_or_intersection":"忠孝東路4段","accident_count":12,"motorcycle_accident_count":10,"pedestrian_accident_count":1,"death_count":0,"injury_count":16,"fatal_accident_count":0,"risk_score":76.6,"risk_level":"high","confidence":"low_confidence","motorcycle_accident_ratio":0.8333,"pedestrian_accident_ratio":0.0833}},{"type":"Feature","geometry":{"type":"Point","coordinates":[121.54708,25.07659]},"properties":{"hotspot_id":"臺北市-48652","hotspot_type":"intersection","county":"臺北市","township":"中山區","road_or_intersection":"明水路","accident_count":11,"motorcycle_accident_count":10,"pedestrian_accident_count":1,"death_count":0,"injury_count":14,"fatal_accident_count":0,"risk_score":76.6,"risk_level":"high","confidence":"confirmed","motorcycle_accident_ratio":0.9091,"pedestrian_accident_ratio":0.0909}},{"type":"Feature","geometry":{"type":"Point","coordinates":[121.51122,25.03895]},"properties":{"hotspot_id":"臺北市-48875","hotspot_type":"intersection","county":"臺北市","township":"中正區","road_or_intersection":"博愛路 x 貴陽街1段","accident_count":9,"motorcycle_accident_count":9,"pedestrian_accident_count":0,"death_count":0,"injury_count":15,"fatal_accident_count":0,"risk_score":76.6,"risk_level":"high","confidence":"confirmed","motorcycle_accident_ratio":1.0,"pedestrian_accident_ratio":0.0}},{"type":"Feature","geometry":{"type":"Point","coordinates":[121.51324,25.11815]},"properties":{"hotspot_id":"臺北市-49702","hotspot_type":"intersection","county":"臺北市","township":"北投區","road_or_intersection":"東華街2段 x 立農街2段","accident_count":7,"motorcycle_accident_count":7,"pedestrian_accident_count":1,"death_count":0,"injury_count":9,"fatal_accident_count":0,"risk_score":76.5,"risk_level":"high","confidence":"confirmed","motorcycle_accident_ratio":1.0,"pedestrian_accident_ratio":0.1429}},{"type":"Feature","geometry":{"type":"Point","coordinates":[121.56647,24.98861]},"properties":{"hotspot_id":"臺北市-50828","hotspot_type":"intersection","county":"臺北市","township":"文山區","road_or_intersection":"木柵路3段","accident_count":12,"motorcycle_accident_count":9,"pedestrian_accident_count":3,"death_count":0,"injury_count":16,"fatal_accident_count":0,"risk_score":76.5,"risk_level":"high","confidence":"confirmed","motorcycle_accident_ratio":0.75,"pedestrian_accident_ratio":0.25}},{"type":"Feature","geometry":{"type":"Point","coordinates":[121.51853,25.06916]},"properties":{"hotspot_id":"臺北市-50323","hotspot_type":"intersection","county":"臺北市","township":"大同區","road_or_intersection":"承德路3段","accident_count":23,"motorcycle_accident_count":21,"pedestrian_accident_count":0,"death_count":0,"injury_count":35,"fatal_accident_count":0,"risk_score":76.4,"risk_level":"high","confidence":"confirmed","motorcycle_accident_ratio":0.913,"pedestrian_accident_ratio":0.0}},{"type":"Feature","geometry":{"type":"Point","coordinates":[121.52913,25.05437]},"properties":{"hotspot_id":"臺北市-48545","hotspot_type":"intersection","county":"臺北市","township":"中山區","road_or_intersection":"吉林路 x 長春路","accident_count":9,"motorcycle_accident_count":8,"pedestrian_accident_count":1,"death_count":0,"injury_count":16,"fatal_accident_count":0,"risk_score":76.3,"risk_level":"high","confidence":"confirmed","motorcycle_accident_ratio":0.8889,"pedestrian_accident_ratio":0.1111}},{"type":"Feature","geometry":{"type":"Point","coordinates":[121.51112,25.05007]},"properties":{"hotspot_id":"臺北市-50398","hotspot_type":"intersection","county":"臺北市","township":"大同區","road_or_intersection":"鄭州路","accident_count":8,"motorcycle_accident_count":8,"pedestrian_accident_count":0,"death_count":0,"injury_count":16,"fatal_accident_count":0,"risk_score":76.3,"risk_level":"high","confidence":"confirmed","motorcycle_accident_ratio":1.0,"pedestrian_accident_ratio":0.0}},{"type":"Feature","geometry":{"type":"Point","coordinates":[121.57808,25.04098]},"properties":{"hotspot_id":"臺北市-49187","hotspot_type":"intersection","county":"臺北市","township":"信義區","road_or_intersection":"忠孝東路5段 x 松山路","accident_count":11,"motorcycle_accident_count":7,"pedestrian_accident_count":2,"death_count":0,"injury_count":20,"fatal_accident_count":0,"risk_score":76.3,"risk_level":"high","confidence":"confirmed","motorcycle_accident_ratio":0.6364,"pedestrian_accident_ratio":0.1818}},{"type":"Feature","geometry":{"type":"Point","coordinates":[121.54964,25.02862]},"properties":{"hotspot_id":"臺北市-50544","hotspot_type":"intersection","county":"臺北市","township":"大安區","road_or_intersection":"安和路2段 x 敦化南路2段","accident_count":13,"motorcycle_accident_count":10,"pedestrian_accident_count":1,"death_count":0,"injury_count":17,"fatal_accident_count":0,"risk_score":76.3,"risk_level":"high","confidence":"confirmed","motorcycle_accident_ratio":0.7692,"pedestrian_accident_ratio":0.0769}},{"type":"Feature","geometry":{"type":"Point","coordinates":[121.54854,25.02884]},"properties":{"hotspot_id":"臺北市-50510","hotspot_type":"intersection","county":"臺北市","township":"大安區","road_or_intersection":"四維路 x 敦化南路2段","accident_count":13,"motorcycle_accident_count":10,"pedestrian_accident_count":1,"death_count":0,"injury_count":17,"fatal_accident_count":0,"risk_score":76.3,"risk_level":"high","confidence":"confirmed","motorcycle_accident_ratio":0.7692,"pedestrian_accident_ratio":0.0769}},{"type":"Feature","geometry":{"type":"Point","coordinates":[121.51831,25.06304]},"properties":{"hotspot_id":"臺北市-50328","hotspot_type":"intersection","county":"臺北市","township":"大同區","road_or_intersection":"承德路3段 x 民權西路","accident_count":23,"motorcycle_accident_count":21,"pedestrian_accident_count":0,"death_count":0,"injury_count":31,"fatal_accident_count":0,"risk_score":76.2,"risk_level":"high","confidence":"confirmed","motorcycle_accident_ratio":0.913,"pedestrian_accident_ratio":0.0}},{"type":"Feature","geometry":{"type":"Point","coordinates":[121.54351,25.02542]},"properties":{"hotspot_id":"臺北市-50488","hotspot_type":"intersection","county":"臺北市","township":"大安區","road_or_intersection":"和平東路2段 x 復興南路2段","accident_count":21,"motorcycle_accident_count":20,"pedestrian_accident_count":0,"death_count":0,"injury_count":26,"fatal_accident_count":0,"risk_score":76.2,"risk_level":"high","confidence":"confirmed","motorcycle_accident_ratio":0.9524,"pedestrian_accident_ratio":0.0}},{"type":"Feature","geometry":{"type":"Point","coordinates":[121.50224,25.04546]},"properties":{"hotspot_id":"臺北市-51739","hotspot_type":"intersection","county":"臺北市","township":"萬華區","road_or_intersection":"堤外便道","accident_count":18,"motorcycle_accident_count":17,"pedestrian_accident_count":0,"death_count":0,"injury_count":30,"fatal_accident_count":0,"risk_score":76.2,"risk_level":"high","confidence":"probable","motorcycle_accident_ratio":0.9444,"pedestrian_accident_ratio":0.0}},{"type":"Feature","geometry":{"type":"Point","coordinates":[121.54766,25.01862]},"properties":{"hotspot_id":"臺北市-50662","hotspot_type":"intersection","county":"臺北市","township":"大安區","road_or_intersection":"辛亥路3段","accident_count":12,"motorcycle_accident_count":12,"pedestrian_accident_count":0,"death_count":0,"injury_count":12,"fatal_accident_count":0,"risk_score":76.2,"risk_level":"high","confidence":"confirmed","motorcycle_accident_ratio":1.0,"pedestrian_accident_ratio":0.0}},{"type":"Feature","geometry":{"type":"Point","coordinates":[121.60785,25.05238]},"properties":{"hotspot_id":"臺北市-49865","hotspot_type":"intersection","county":"臺北市","township":"南港區","road_or_intersection":"忠孝東路7段 x 興中路","accident_count":10,"motorcycle_accident_count":10,"pedestrian_accident_count":0,"death_count":0,"injury_count":13,"fatal_accident_count":0,"risk_score":76.0,"risk_level":"high","confidence":"confirmed","motorcycle_accident_ratio":1.0,"pedestrian_accident_ratio":0.0}},{"type":"Feature","geometry":{"type":"Point","coordinates":[121.49114,25.1381]},"properties":{"hotspot_id":"臺北市-51359","hotspot_type":"intersection","county":"臺北市","township":"北投區","road_or_intersection":"中央北路2段","accident_count":10,"motorcycle_accident_count":10,"pedestrian_accident_count":0,"death_count":0,"injury_count":13,"fatal_accident_count":0,"risk_score":76.0,"risk_level":"high","confidence":"probable","motorcycle_accident_ratio":1.0,"pedestrian_accident_ratio":0.0}},{"type":"Feature","geometry":{"type":"Point","coordinates":[121.51059,25.08707]},"properties":{"hotspot_id":"臺北市-49983","hotspot_type":"intersection","county":"臺北市","township":"士林區","road_or_intersection":"中正路 x 重慶北路4段","accident_count":9,"motorcycle_accident_count":9,"pedestrian_accident_count":0,"death_count":0,"injury_count":14,"fatal_accident_count":0,"risk_score":76.0,"risk_level":"high","confidence":"confirmed","motorcycle_accident_ratio":1.0,"pedestrian_accident_ratio":0.0}},{"type":"Feature","geometry":{"type":"Point","coordinates":[121.51884,25.09248]},"properties":{"hotspot_id":"臺北市-49966","hotspot_type":"intersection","county":"臺北市","township":"士林區","road_or_intersection":"中正路 x 士商路","accident_count":9,"motorcycle_accident_count":9,"pedestrian_accident_count":0,"death_count":0,"injury_count":14,"fatal_accident_count":0,"risk_score":76.0,"risk_level":"high","confidence":"confirmed","motorcycle_accident_ratio":1.0,"pedestrian_accident_ratio":0.0}},{"type":"Feature","geometry":{"type":"Point","coordinates":[121.61896,25.07167]},"properties":{"hotspot_id":"臺北市-51487","hotspot_type":"intersection","county":"臺北市","township":"內湖區","road_or_intersection":"康樂街","accident_count":12,"motorcycle_accident_count":9,"pedestrian_accident_count":3,"death_count":0,"injury_count":15,"fatal_accident_count":0,"risk_score":76.0,"risk_level":"high","confidence":"probable","motorcycle_accident_ratio":0.75,"pedestrian_accident_ratio":0.25}},{"type":"Feature","geometry":{"type":"Point","coordinates":[121.57209,25.04481]},"properties":{"hotspot_id":"臺北市-49206","hotspot_type":"intersection","county":"臺北市","township":"信義區","road_or_intersection":"松信路 x 永吉路","accident_count":12,"motorcycle_accident_count":10,"pedestrian_accident_count":1,"death_count":0,"injury_count":15,"fatal_accident_count":0,"risk_score":76.0,"risk_level":"high","confidence":"confirmed","motorcycle_accident_ratio":0.8333,"pedestrian_accident_ratio":0.0833}},{"type":"Feature","geometry":{"type":"Point","coordinates":[121.52131,25.1018]},"properties":{"hotspot_id":"臺北市-50132","hotspot_type":"intersection","county":"臺北市","township":"士林區","road_or_intersection":"文林路 x 福國路","accident_count":10,"motorcycle_accident_count":10,"pedestrian_accident_count":0,"death_count":0,"injury_count":13,"fatal_accident_count":0,"risk_score":76.0,"risk_level":"high","confidence":"confirmed","motorcycle_accident_ratio":1.0,"pedestrian_accident_ratio":0.0}},{"type":"Feature","geometry":{"type":"Point","coordinates":[121.50153,25.0448]},"properties":{"hotspot_id":"臺北市-51168","hotspot_type":"intersection","county":"臺北市","township":"萬華區","road_or_intersection":"峨眉街 x 環河南路1段","accident_count":10,"motorcycle_accident_count":10,"pedestrian_accident_count":0,"death_count":0,"injury_count":13,"fatal_accident_count":0,"risk_score":76.0,"risk_level":"high","confidence":"confirmed","motorcycle_accident_ratio":1.0,"pedestrian_accident_ratio":0.0}},{"type":"Feature","geometry":{"type":"Point","coordinates":[121.50226,25.04173]},"properties":{"hotspot_id":"臺北市-51115","hotspot_type":"intersection","county":"臺北市","township":"萬華區","road_or_intersection":"內江街 x 康定路","accident_count":10,"motorcycle_accident_count":10,"pedestrian_accident_count":0,"death_count":0,"injury_count":13,"fatal_accident_count":0,"risk_score":76.0,"risk_level":"high","confidence":"confirmed","motorcycle_accident_ratio":1.0,"pedestrian_accident_ratio":0.0}},{"type":"Feature","geometry":{"type":"Point","coordinates":[121.52047,25.04802]},"properties":{"hotspot_id":"臺北市-49084","hotspot_type":"intersection","county":"臺北市","township":"中正區市","road_or_intersection":"中山北路1段 x 民大道1段","accident_count":10,"motorcycle_accident_count":10,"pedestrian_accident_count":0,"death_count":0,"injury_count":13,"fatal_accident_count":0,"risk_score":76.0,"risk_level":"high","confidence":"confirmed","motorcycle_accident_ratio":1.0,"pedestrian_accident_ratio":0.0}},{"type":"Feature","geometry":{"type":"Point","coordinates":[121.5134,25.04588]},"properties":{"hotspot_id":"臺北市-49070","hotspot_type":"intersection","county":"臺北市","township":"中正區","road_or_intersection":"重慶南路1段 x 開封街1段","accident_count":9,"motorcycle_accident_count":9,"pedestrian_accident_count":0,"death_count":0,"injury_count":14,"fatal_accident_count":0,"risk_score":76.0,"risk_level":"high","confidence":"confirmed","motorcycle_accident_ratio":1.0,"pedestrian_accident_ratio":0.0}},{"type":"Feature","geometry":{"type":"Point","coordinates":[121.53537,25.05398]},"properties":{"hotspot_id":"臺北市-48582","hotspot_type":"intersection","county":"臺北市","township":"中山區","road_or_intersection":"建國北路2段 x 長春路","accident_count":10,"motorcycle_accident_count":10,"pedestrian_accident_count":0,"death_count":0,"injury_count":13,"fatal_accident_count":0,"risk_score":76.0,"risk_level":"high","confidence":"confirmed","motorcycle_accident_ratio":1.0,"pedestrian_accident_ratio":0.0}},{"type":"Feature","geometry":{"type":"Point","coordinates":[121.51177,25.07598]},"properties":{"hotspot_id":"臺北市-50303","hotspot_type":"intersection","county":"臺北市","township":"大同區","road_or_intersection":"延平北路4段","accident_count":11,"motorcycle_accident_count":10,"pedestrian_accident_count":1,"death_count":0,"injury_count":13,"fatal_accident_count":0,"risk_score":75.9,"risk_level":"high","confidence":"confirmed","motorcycle_accident_ratio":0.9091,"pedestrian_accident_ratio":0.0909}},{"type":"Feature","geometry":{"type":"Point","coordinates":[121.5439,25.03909]},"properties":{"hotspot_id":"臺北市-50575","hotspot_type":"intersection","county":"臺北市","township":"大安區","road_or_intersection":"復興南路1段","accident_count":15,"motorcycle_accident_count":10,"pedestrian_accident_count":1,"death_count":0,"injury_count":17,"fatal_accident_count":0,"risk_score":75.9,"risk_level":"high","confidence":"confirmed","motorcycle_accident_ratio":0.6667,"pedestrian_accident_ratio":0.0667}},{"type":"Feature","geometry":{"type":"Point","coordinates":[121.61031,25.055]},"properties":{"hotspot_id":"臺北市-49810","hotspot_type":"intersection","county":"臺北市","township":"南港區","road_or_intersection":"南港路1段 x 惠民街","accident_count":11,"motorcycle_accident_count":10,"pedestrian_accident_count":1,"death_count":0,"injury_count":13,"fatal_accident_count":0,"risk_score":75.9,"risk_level":"high","confidence":"confirmed","motorcycle_accident_ratio":0.9091,"pedestrian_accident_ratio":0.0909}},{"type":"Feature","geometry":{"type":"Point","coordinates":[121.54048,25.0624]},"properties":{"hotspot_id":"臺北市-48697","hotspot_type":"intersection","county":"臺北市","township":"中山區","road_or_intersection":"民權東路3段 x 龍江路","accident_count":13,"motorcycle_accident_count":9,"pedestrian_accident_count":3,"death_count":0,"injury_count":15,"fatal_accident_count":0,"risk_score":75.9,"risk_level":"high","confidence":"confirmed","motorcycle_accident_ratio":0.6923,"pedestrian_accident_ratio":0.2308}},{"type":"Feature","geometry":{"type":"Point","coordinates":[121.51386,25.03891]},"properties":{"hotspot_id":"臺北市-48972","hotspot_type":"intersection","county":"臺北市","township":"中正區","road_or_intersection":"懷寧街 x 貴陽街1段","accident_count":17,"motorcycle_accident_count":16,"pedestrian_accident_count":0,"death_count":0,"injury_count":27,"fatal_accident_count":0,"risk_score":75.8,"risk_level":"high","confidence":"confirmed","motorcycle_accident_ratio":0.9412,"pedestrian_accident_ratio":0.0}},{"type":"Feature","geometry":{"type":"Point","coordinates":[121.565,25.04137]},"properties":{"hotspot_id":"臺北市-49161","hotspot_type":"intersection","county":"臺北市","township":"信義區","road_or_intersection":"基隆路1段 x 忠孝東路5段","accident_count":26,"motorcycle_accident_count":23,"pedestrian_accident_count":0,"death_count":0,"injury_count":33,"fatal_accident_count":0,"risk_score":75.8,"risk_level":"high","confidence":"confirmed","motorcycle_accident_ratio":0.8846,"pedestrian_accident_ratio":0.0}},{"type":"Feature","geometry":{"type":"Point","coordinates":[121.49668,25.03828]},"properties":{"hotspot_id":"臺北市-51221","hotspot_type":"intersection","county":"臺北市","township":"萬華區","road_or_intersection":"桂林路 x 環河南路2段","accident_count":14,"motorcycle_accident_count":9,"pedestrian_accident_count":1,"death_count":0,"injury_count":18,"fatal_accident_count":0,"risk_score":75.8,"risk_level":"high","confidence":"confirmed","motorcycle_accident_ratio":0.6429,"pedestrian_accident_ratio":0.0714}},{"type":"Feature","geometry":{"type":"Point","coordinates":[121.51835,25.06853]},"properties":{"hotspot_id":"臺北市-50327","hotspot_type":"intersection","county":"臺北市","township":"大同區","road_or_intersection":"承德路3段 x 民族西路","accident_count":9,"motorcycle_accident_count":8,"pedestrian_accident_count":1,"death_count":0,"injury_count":15,"fatal_accident_count":0,"risk_score":75.7,"risk_level":"high","confidence":"confirmed","motorcycle_accident_ratio":0.8889,"pedestrian_accident_ratio":0.1111}},{"type":"Feature","geometry":{"type":"Point","coordinates":[121.5627,25.05889]},"properties":{"hotspot_id":"臺北市-51062","hotspot_type":"intersection","county":"臺北市","township":"松山區","road_or_intersection":"民生東路5段","accident_count":10,"motorcycle_accident_count":8,"pedestrian_accident_count":3,"death_count":0,"injury_count":15,"fatal_accident_count":0,"risk_score":75.7,"risk_level":"high","confidence":"confirmed","motorcycle_accident_ratio":0.8,"pedestrian_accident_ratio":0.3}},{"type":"Feature","geometry":{"type":"Point","coordinates":[121.55652,25.02655]},"properties":{"hotspot_id":"臺北市-49154","hotspot_type":"intersection","county":"臺北市","township":"信義區","road_or_intersection":"嘉興街","accident_count":12,"motorcycle_accident_count":9,"pedestrian_accident_count":4,"death_count":0,"injury_count":14,"fatal_accident_count":0,"risk_score":75.6,"risk_level":"high","confidence":"confirmed","motorcycle_accident_ratio":0.75,"pedestrian_accident_ratio":0.3333}},{"type":"Feature","geometry":{"type":"Point","coordinates":[121.56296,25.04129]},"properties":{"hotspot_id":"臺北市-49181","hotspot_type":"intersection","county":"臺北市","township":"信義區","road_or_intersection":"忠孝東路4段","accident_count":12,"motorcycle_accident_count":11,"pedestrian_accident_count":1,"death_count":0,"injury_count":12,"fatal_accident_count":0,"risk_score":75.6,"risk_level":"high","confidence":"confirmed","motorcycle_accident_ratio":0.9167,"pedestrian_accident_ratio":0.0833}},{"type":"Feature","geometry":{"type":"Point","coordinates":[121.56615,25.05983]},"properties":{"hotspot_id":"臺北市-51618","hotspot_type":"intersection","county":"臺北市","township":"松山區","road_or_intersection":"新東街","accident_count":14,"motorcycle_accident_count":10,"pedestrian_accident_count":1,"death_count":0,"injury_count":16,"fatal_accident_count":0,"risk_score":75.6,"risk_level":"high","confidence":"low_confidence","motorcycle_accident_ratio":0.7143,"pedestrian_accident_ratio":0.0714}},{"type":"Feature","geometry":{"type":"Point","coordinates":[121.51969,25.0963]},"properties":{"hotspot_id":"臺北市-51461","hotspot_type":"intersection","county":"臺北市","township":"士林區","road_or_intersection":"美崙街","accident_count":20,"motorcycle_accident_count":18,"pedestrian_accident_count":0,"death_count":0,"injury_count":28,"fatal_accident_count":0,"risk_score":75.6,"risk_level":"high","confidence":"low_confidence","motorcycle_accident_ratio":0.9,"pedestrian_accident_ratio":0.0}},{"type":"Feature","geometry":{"type":"Point","coordinates":[121.53792,25.03796]},"properties":{"hotspot_id":"臺北市-50417","hotspot_type":"intersection","county":"臺北市","township":"大安區","road_or_intersection":"仁愛路3段 x 建國南路1段","accident_count":19,"motorcycle_accident_count":18,"pedestrian_accident_count":0,"death_count":0,"injury_count":23,"fatal_accident_count":0,"risk_score":75.6,"risk_level":"high","confidence":"confirmed","motorcycle_accident_ratio":0.9474,"pedestrian_accident_ratio":0.0}},{"type":"Feature","geometry":{"type":"Point","coordinates":[121.53826,25.0329]},"properties":{"hotspot_id":"臺北市-50446","hotspot_type":"intersection","county":"臺北市","township":"大安區","road_or_intersection":"信義路3段 x 建國南路2段","accident_count":11,"motorcycle_accident_count":8,"pedestrian_accident_count":2,"death_count":0,"injury_count":16,"fatal_accident_count":0,"risk_score":75.5,"risk_level":"high","confidence":"confirmed","motorcycle_accident_ratio":0.7273,"pedestrian_accident_ratio":0.1818}},{"type":"Feature","geometry":{"type":"Point","coordinates":[121.54964,25.0422]},"properties":{"hotspot_id":"臺北市-50588","hotspot_type":"intersection","county":"臺北市","township":"大安區","road_or_intersection":"忠孝東路4段 x 敦化南路1段","accident_count":54,"motorcycle_accident_count":45,"pedestrian_accident_count":0,"death_count":0,"injury_count":74,"fatal_accident_count":0,"risk_score":75.4,"risk_level":"high","confidence":"confirmed","motorcycle_accident_ratio":0.8333,"pedestrian_accident_ratio":0.0}},{"type":"Feature","geometry":{"type":"Point","coordinates":[121.52564,25.06425]},"properties":{"hotspot_id":"臺北市-48680","hotspot_type":"intersection","county":"臺北市","township":"中山區","road_or_intersection":"林森北路 x 雙城街","accident_count":12,"motorcycle_accident_count":10,"pedestrian_accident_count":1,"death_count":0,"injury_count":14,"fatal_accident_count":0,"risk_score":75.4,"risk_level":"high","confidence":"confirmed","motorcycle_accident_ratio":0.8333,"pedestrian_accident_ratio":0.0833}},{"type":"Feature","geometry":{"type":"Point","coordinates":[121.53352,25.03806]},"properties":{"hotspot_id":"臺北市-50607","hotspot_type":"intersection","county":"臺北市","township":"大安區","road_or_intersection":"新生南路1段","accident_count":19,"motorcycle_accident_count":18,"pedestrian_accident_count":0,"death_count":0,"injury_count":22,"fatal_accident_count":0,"risk_score":75.4,"risk_level":"high","confidence":"confirmed","motorcycle_accident_ratio":0.9474,"pedestrian_accident_ratio":0.0}},{"type":"Feature","geometry":{"type":"Point","coordinates":[121.51742,25.05707]},"properties":{"hotspot_id":"臺北市-51714","hotspot_type":"intersection","county":"臺北市","township":"大同區","road_or_intersection":"民生西路","accident_count":6,"motorcycle_accident_count":6,"pedestrian_accident_count":1,"death_count":0,"injury_count":9,"fatal_accident_count":0,"risk_score":75.4,"risk_level":"high","confidence":"probable","motorcycle_accident_ratio":1.0,"pedestrian_accident_ratio":0.1667}},{"type":"Feature","geometry":{"type":"Point","coordinates":[121.50679,25.03041]},"properties":{"hotspot_id":"臺北市-51535","hotspot_type":"intersection","county":"臺北市","township":"中正區","road_or_intersection":"西藏路","accident_count":6,"motorcycle_accident_count":6,"pedestrian_accident_count":1,"death_count":0,"injury_count":9,"fatal_accident_count":0,"risk_score":75.4,"risk_level":"high","confidence":"probable","motorcycle_accident_ratio":1.0,"pedestrian_accident_ratio":0.1667}},{"type":"Feature","geometry":{"type":"Point","coordinates":[121.57568,25.03443]},"properties":{"hotspot_id":"臺北市-49132","hotspot_type":"intersection","county":"臺北市","township":"信義區","road_or_intersection":"信義路6段","accident_count":12,"motorcycle_accident_count":10,"pedestrian_accident_count":1,"death_count":0,"injury_count":14,"fatal_accident_count":0,"risk_score":75.4,"risk_level":"high","confidence":"confirmed","motorcycle_accident_ratio":0.8333,"pedestrian_accident_ratio":0.0833}},{"type":"Feature","geometry":{"type":"Point","coordinates":[121.50455,25.03012]},"properties":{"hotspot_id":"臺北市-48801","hotspot_type":"intersection","county":"臺北市","township":"中正區","road_or_intersection":"中華路2段 x 西藏路","accident_count":6,"motorcycle_accident_count":6,"pedestrian_accident_count":1,"death_count":0,"injury_count":9,"fatal_accident_count":0,"risk_score":75.4,"risk_level":"high","confidence":"confirmed","motorcycle_accident_ratio":1.0,"pedestrian_accident_ratio":0.1667}},{"type":"Feature","geometry":{"type":"Point","coordinates":[121.50765,25.04867]},"properties":{"hotspot_id":"臺北市-51196","hotspot_type":"intersection","county":"臺北市","township":"萬華區","road_or_intersection":"忠孝西路2段 x 西寧南路","accident_count":17,"motorcycle_accident_count":16,"pedestrian_accident_count":0,"death_count":0,"injury_count":24,"fatal_accident_count":0,"risk_score":75.4,"risk_level":"high","confidence":"confirmed","motorcycle_accident_ratio":0.9412,"pedestrian_accident_ratio":0.0}},{"type":"Feature","geometry":{"type":"Point","coordinates":[121.56949,25.064]},"properties":{"hotspot_id":"臺北市-51628","hotspot_type":"intersection","county":"臺北市","township":"內湖區","road_or_intersection":"民權大橋前0.0公尺","accident_count":18,"motorcycle_accident_count":16,"pedestrian_accident_count":0,"death_count":0,"injury_count":31,"fatal_accident_count":0,"risk_score":75.4,"risk_level":"high","confidence":"probable","motorcycle_accident_ratio":0.8889,"pedestrian_accident_ratio":0.0}},{"type":"Feature","geometry":{"type":"Point","coordinates":[121.54182,25.04451]},"properties":{"hotspot_id":"臺北市-50676","hotspot_type":"intersection","county":"臺北市","township":"大安區市","road_or_intersection":"安東街 x 民大道3段","accident_count":9,"motorcycle_accident_count":9,"pedestrian_accident_count":0,"death_count":0,"injury_count":13,"fatal_accident_count":0,"risk_score":75.3,"risk_level":"high","confidence":"confirmed","motorcycle_accident_ratio":1.0,"pedestrian_accident_ratio":0.0}},{"type":"Feature","geometry":{"type":"Point","coordinates":[121.52936,25.01982]},"properties":{"hotspot_id":"臺北市-50648","hotspot_type":"intersection","county":"臺北市","township":"大安區","road_or_intersection":"羅斯福路3段 x 辛亥路1段","accident_count":12,"motorcycle_accident_count":9,"pedestrian_accident_count":1,"death_count":0,"injury_count":16,"fatal_accident_count":0,"risk_score":75.3,"risk_level":"high","confidence":"confirmed","motorcycle_accident_ratio":0.75,"pedestrian_accident_ratio":0.0833}},{"type":"Feature","geometry":{"type":"Point","coordinates":[121.53299,25.05219]},"properties":{"hotspot_id":"臺北市-48513","hotspot_type":"intersection","county":"臺北市","township":"中山區","road_or_intersection":"南京東路2段 x 松江路","accident_count":13,"motorcycle_accident_count":10,"pedestrian_accident_count":1,"death_count":0,"injury_count":15,"fatal_accident_count":0,"risk_score":75.3,"risk_level":"high","confidence":"confirmed","motorcycle_accident_ratio":0.7692,"pedestrian_accident_ratio":0.0769}},{"type":"Feature","geometry":{"type":"Point","coordinates":[121.5232,25.06879]},"properties":{"hotspot_id":"臺北市-48455","hotspot_type":"intersection","county":"臺北市","township":"中山區","road_or_intersection":"中山北路3段 x 民族東路","accident_count":13,"motorcycle_accident_count":10,"pedestrian_accident_count":1,"death_count":0,"injury_count":15,"fatal_accident_count":0,"risk_score":75.3,"risk_level":"high","confidence":"confirmed","motorcycle_accident_ratio":0.7692,"pedestrian_accident_ratio":0.0769}},{"type":"Feature","geometry":{"type":"Point","coordinates":[121.49526,25.12146]},"properties":{"hotspot_id":"臺北市-49577","hotspot_type":"intersection","county":"臺北市","township":"北投區","road_or_intersection":"大度路","accident_count":9,"motorcycle_accident_count":9,"pedestrian_accident_count":0,"death_count":0,"injury_count":13,"fatal_accident_count":0,"risk_score":75.3,"risk_level":"high","confidence":"confirmed","motorcycle_accident_ratio":1.0,"pedestrian_accident_ratio":0.0}},{"type":"Feature","geometry":{"type":"Point","coordinates":[121.50165,25.11964]},"properties":{"hotspot_id":"臺北市-49545","hotspot_type":"intersection","county":"臺北市","township":"北投區","road_or_intersection":"公館路 x 承德路7段","accident_count":9,"motorcycle_accident_count":9,"pedestrian_accident_count":0,"death_count":0,"injury_count":13,"fatal_accident_count":0,"risk_score":75.3,"risk_level":"high","confidence":"confirmed","motorcycle_accident_ratio":1.0,"pedestrian_accident_ratio":0.0}},{"type":"Feature","geometry":{"type":"Point","coordinates":[121.55692,25.0518]},"properties":{"hotspot_id":"臺北市-50934","hotspot_type":"intersection","county":"臺北市","township":"松山區","road_or_intersection":"光復北路 x 南京東路4段","accident_count":9,"motorcycle_accident_count":9,"pedestrian_accident_count":0,"death_count":0,"injury_count":13,"fatal_accident_count":0,"risk_score":75.3,"risk_level":"high","confidence":"confirmed","motorcycle_accident_ratio":1.0,"pedestrian_accident_ratio":0.0}},{"type":"Feature","geometry":{"type":"Point","coordinates":[121.50957,25.02767]},"properties":{"hotspot_id":"臺北市-51525","hotspot_type":"intersection","county":"臺北市","township":"中正區","road_or_intersection":"汀州路1段","accident_count":8,"motorcycle_accident_count":7,"pedestrian_accident_count":1,"death_count":0,"injury_count":16,"fatal_accident_count":0,"risk_score":75.3,"risk_level":"high","confidence":"probable","motorcycle_accident_ratio":0.875,"pedestrian_accident_ratio":0.125}},{"type":"Feature","geometry":{"type":"Point","coordinates":[121.52295,25.04367]},"properties":{"hotspot_id":"臺北市-49000","hotspot_type":"intersection","county":"臺北市","township":"中正區","road_or_intersection":"林森南路 x 青島東路","accident_count":9,"motorcycle_accident_count":9,"pedestrian_accident_count":0,"death_count":0,"injury_count":13,"fatal_accident_count":0,"risk_score":75.3,"risk_level":"high","confidence":"confirmed","motorcycle_accident_ratio":1.0,"pedestrian_accident_ratio":0.0}},{"type":"Feature","geometry":{"type":"Point","coordinates":[121.4988,25.02128]},"properties":{"hotspot_id":"臺北市-51524","hotspot_type":"intersection","county":"臺北市","township":"萬華區","road_or_intersection":"萬大路","accident_count":10,"motorcycle_accident_count":9,"pedestrian_accident_count":1,"death_count":0,"injury_count":13,"fatal_accident_count":0,"risk_score":75.2,"risk_level":"high","confidence":"low_confidence","motorcycle_accident_ratio":0.9,"pedestrian_accident_ratio":0.1}},{"type":"Feature","geometry":{"type":"Point","coordinates":[121.61633,25.05313]},"properties":{"hotspot_id":"臺北市-49864","hotspot_type":"intersection","county":"臺北市","township":"南港區","road_or_intersection":"忠孝東路7段 x 研究院路1段","accident_count":8,"motorcycle_accident_count":8,"pedestrian_accident_count":0,"death_count":0,"injury_count":14,"fatal_accident_count":0,"risk_score":75.2,"risk_level":"high","confidence":"confirmed","motorcycle_accident_ratio":1.0,"pedestrian_accident_ratio":0.0}},{"type":"Feature","geometry":{"type":"Point","coordinates":[121.50829,25.05692]},"properties":{"hotspot_id":"臺北市-50357","hotspot_type":"intersection","county":"臺北市","township":"大同區","road_or_intersection":"民生西路 x 環河北路1段","accident_count":10,"motorcycle_accident_count":9,"pedestrian_accident_count":1,"death_count":0,"injury_count":13,"fatal_accident_count":0,"risk_score":75.2,"risk_level":"high","confidence":"confirmed","motorcycle_accident_ratio":0.9,"pedestrian_accident_ratio":0.1}},{"type":"Feature","geometry":{"type":"Point","coordinates":[121.53782,25.06222]},"properties":{"hotspot_id":"臺北市-48581","hotspot_type":"intersection","county":"臺北市","township":"中山區","road_or_intersection":"建國北路2段 x 錦州街","accident_count":10,"motorcycle_accident_count":10,"pedestrian_accident_count":0,"death_count":0,"injury_count":12,"fatal_accident_count":0,"risk_score":75.2,"risk_level":"high","confidence":"confirmed","motorcycle_accident_ratio":1.0,"pedestrian_accident_ratio":0.0}},{"type":"Feature","geometry":{"type":"Point","coordinates":[121.52914,25.06029]},"properties":{"hotspot_id":"臺北市-48719","hotspot_type":"intersection","county":"臺北市","township":"中山區","road_or_intersection":"錦州街","accident_count":10,"motorcycle_accident_count":9,"pedestrian_accident_count":1,"death_count":0,"injury_count":13,"fatal_accident_count":0,"risk_score":75.2,"risk_level":"high","confidence":"confirmed","motorcycle_accident_ratio":0.9,"pedestrian_accident_ratio":0.1}},{"type":"Feature","geometry":{"type":"Point","coordinates":[121.51658,25.09088]},"properties":{"hotspot_id":"臺北市-49970","hotspot_type":"intersection","county":"臺北市","township":"士林區","road_or_intersection":"中正路 x 承德路4段","accident_count":15,"motorcycle_accident_count":14,"pedestrian_accident_count":0,"death_count":0,"injury_count":25,"fatal_accident_count":0,"risk_score":75.1,"risk_level":"high","confidence":"confirmed","motorcycle_accident_ratio":0.9333,"pedestrian_accident_ratio":0.0}},{"type":"Feature","geometry":{"type":"Point","coordinates":[121.52276,25.06239]},"properties":{"hotspot_id":"臺北市-48440","hotspot_type":"intersection","county":"臺北市","township":"中山區","road_or_intersection":"中山北路2段 x 民權東路1段","accident_count":15,"motorcycle_accident_count":14,"pedestrian_accident_count":0,"death_count":0,"injury_count":25,"fatal_accident_count":0,"risk_score":75.1,"risk_level":"high","confidence":"confirmed","motorcycle_accident_ratio":0.9333,"pedestrian_accident_ratio":0.0}},{"type":"Feature","geometry":{"type":"Point","coordinates":[121.56323,25.06096]},"properties":{"hotspot_id":"臺北市-50910","hotspot_type":"intersection","county":"臺北市","township":"松山區","road_or_intersection":"三民路 x 富錦街","accident_count":9,"motorcycle_accident_count":7,"pedestrian_accident_count":1,"death_count":1,"injury_count":8,"fatal_accident_count":1,"risk_score":75.1,"risk_level":"high","confidence":"confirmed","motorcycle_accident_ratio":0.7778,"pedestrian_accident_ratio":0.1111}},{"type":"Feature","geometry":{"type":"Point","coordinates":[121.53666,25.04843]},"properties":{"hotspot_id":"臺北市-48572","hotspot_type":"intersection","county":"臺北市","township":"中山區","road_or_intersection":"建國北路1段 x 長安東路2段","accident_count":19,"motorcycle_accident_count":18,"pedestrian_accident_count":0,"death_count":0,"injury_count":21,"fatal_accident_count":0,"risk_score":75.1,"risk_level":"high","confidence":"confirmed","motorcycle_accident_ratio":0.9474,"pedestrian_accident_ratio":0.0}},{"type":"Feature","geometry":{"type":"Point","coordinates":[121.54882,25.02458]},"properties":{"hotspot_id":"臺北市-50500","hotspot_type":"intersection","county":"臺北市","township":"大安區","road_or_intersection":"和平東路3段 x 敦化南路2段","accident_count":30,"motorcycle_accident_count":25,"pedestrian_accident_count":0,"death_count":0,"injury_count":40,"fatal_accident_count":0,"risk_score":75.1,"risk_level":"high","confidence":"confirmed","motorcycle_accident_ratio":0.8333,"pedestrian_accident_ratio":0.0}},{"type":"Feature","geometry":{"type":"Point","coordinates":[121.53697,25.04184]},"properties":{"hotspot_id":"臺北市-50563","hotspot_type":"intersection","county":"臺北市","township":"大安區","road_or_intersection":"建國南路1段 x 忠孝東路3段","accident_count":17,"motorcycle_accident_count":16,"pedestrian_accident_count":0,"death_count":0,"injury_count":22,"fatal_accident_count":0,"risk_score":75.1,"risk_level":"high","confidence":"confirmed","motorcycle_accident_ratio":0.9412,"pedestrian_accident_ratio":0.0}},{"type":"Feature","geometry":{"type":"Point","coordinates":[121.61283,25.05463]},"properties":{"hotspot_id":"臺北市-49809","hotspot_type":"intersection","county":"臺北市","township":"南港區","road_or_intersection":"南港路1段","accident_count":11,"motorcycle_accident_count":10,"pedestrian_accident_count":1,"death_count":0,"injury_count":12,"fatal_accident_count":0,"risk_score":75.0,"risk_level":"high","confidence":"confirmed","motorcycle_accident_ratio":0.9091,"pedestrian_accident_ratio":0.0909}},{"type":"Feature","geometry":{"type":"Point","coordinates":[121.50689,25.03694]},"properties":{"hotspot_id":"臺北市-48797","hotspot_type":"intersection","county":"臺北市","township":"中正區","road_or_intersection":"中華路2段 x 愛國西路","accident_count":15,"motorcycle_accident_count":14,"pedestrian_accident_count":0,"death_count":0,"injury_count":24,"fatal_accident_count":0,"risk_score":75.0,"risk_level":"high","confidence":"confirmed","motorcycle_accident_ratio":0.9333,"pedestrian_accident_ratio":0.0}},{"type":"Feature","geometry":{"type":"Point","coordinates":[121.53124,25.04256]},"properties":{"hotspot_id":"臺北市-48821","hotspot_type":"intersection","county":"臺北市","township":"中正區","road_or_intersection":"八德路1段 x 忠孝東路2段","accident_count":7,"motorcycle_accident_count":7,"pedestrian_accident_count":1,"death_count":0,"injury_count":8,"fatal_accident_count":0,"risk_score":75.0,"risk_level":"high","confidence":"confirmed","motorcycle_accident_ratio":1.0,"pedestrian_accident_ratio":0.1429}},{"type":"Feature","geometry":{"type":"Point","coordinates":[121.52741,25.05485]},"properties":{"hotspot_id":"臺北市-48642","hotspot_type":"intersection","county":"臺北市","township":"中山區","road_or_intersection":"新生北路2段 x 長春路","accident_count":7,"motorcycle_accident_count":7,"pedestrian_accident_count":1,"death_count":0,"injury_count":8,"fatal_accident_count":0,"risk_score":75.0,"risk_level":"high","confidence":"confirmed","motorcycle_accident_ratio":1.0,"pedestrian_accident_ratio":0.1429}},{"type":"Feature","geometry":{"type":"Point","coordinates":[121.48963,25.03173]},"properties":{"hotspot_id":"臺北市-51311","hotspot_type":"intersection","county":"臺北市","township":"萬華區","road_or_intersection":"長順街","accident_count":7,"motorcycle_accident_count":7,"pedestrian_accident_count":1,"death_count":0,"injury_count":8,"fatal_accident_count":0,"risk_score":75.0,"risk_level":"high","confidence":"confirmed","motorcycle_accident_ratio":1.0,"pedestrian_accident_ratio":0.1429}},{"type":"Feature","geometry":{"type":"Point","coordinates":[121.5533,25.03181]},"properties":{"hotspot_id":"臺北市-50547","hotspot_type":"intersection","county":"臺北市","township":"大安區","road_or_intersection":"安和路2段 x 通安街","accident_count":7,"motorcycle_accident_count":6,"pedestrian_accident_count":1,"death_count":1,"injury_count":8,"fatal_accident_count":1,"risk_score":74.9,"risk_level":"high","confidence":"confirmed","motorcycle_accident_ratio":0.8571,"pedestrian_accident_ratio":0.1429}},{"type":"Feature","geometry":{"type":"Point","coordinates":[121.51512,25.06869]},"properties":{"hotspot_id":"臺北市-50342","hotspot_type":"intersection","county":"臺北市","township":"大同區","road_or_intersection":"民族西路","accident_count":12,"motorcycle_accident_count":8,"pedestrian_accident_count":2,"death_count":0,"injury_count":15,"fatal_accident_count":0,"risk_score":74.9,"risk_level":"high","confidence":"confirmed","motorcycle_accident_ratio":0.6667,"pedestrian_accident_ratio":0.1667}},{"type":"Feature","geometry":{"type":"Point","coordinates":[121.50734,25.04865]},"properties":{"hotspot_id":"臺北市-51790","hotspot_type":"intersection","county":"臺北市","township":"萬華區","road_or_intersection":"忠孝橋前0.0公尺","accident_count":7,"motorcycle_accident_count":7,"pedestrian_accident_count":0,"death_count":0,"injury_count":15,"fatal_accident_count":0,"risk_score":74.8,"risk_level":"high","confidence":"probable","motorcycle_accident_ratio":1.0,"pedestrian_accident_ratio":0.0}},{"type":"Feature","geometry":{"type":"Point","coordinates":[121.55785,25.05162]},"properties":{"hotspot_id":"臺北市-50935","hotspot_type":"intersection","county":"臺北市","township":"松山區","road_or_intersection":"光復北路 x 南京東路5段","accident_count":11,"motorcycle_accident_count":9,"pedestrian_accident_count":1,"death_count":0,"injury_count":14,"fatal_accident_count":0,"risk_score":74.8,"risk_level":"high","confidence":"confirmed","motorcycle_accident_ratio":0.8182,"pedestrian_accident_ratio":0.0909}},{"type":"Feature","geometry":{"type":"Point","coordinates":[121.56185,25.03631]},"properties":{"hotspot_id":"臺北市-51806","hotspot_type":"intersection","county":"臺北市","township":"信義區","road_or_intersection":"基隆路","accident_count":17,"motorcycle_accident_count":15,"pedestrian_accident_count":0,"death_count":0,"injury_count":26,"fatal_accident_count":0,"risk_score":74.7,"risk_level":"high","confidence":"probable","motorcycle_accident_ratio":0.8824,"pedestrian_accident_ratio":0.0}},{"type":"Feature","geometry":{"type":"Point","coordinates":[121.568,25.04594]},"properties":{"hotspot_id":"臺北市-49169","hotspot_type":"intersection","county":"臺北市","township":"信義區","road_or_intersection":"基隆路1段 x 永吉路","accident_count":13,"motorcycle_accident_count":9,"pedestrian_accident_count":1,"death_count":0,"injury_count":15,"fatal_accident_count":0,"risk_score":74.7,"risk_level":"high","confidence":"confirmed","motorcycle_accident_ratio":0.6923,"pedestrian_accident_ratio":0.0769}},{"type":"Feature","geometry":{"type":"Point","coordinates":[121.56057,25.05065]},"properties":{"hotspot_id":"臺北市-51629","hotspot_type":"intersection","county":"臺北市","township":"松山區","road_or_intersection":"光復北路","accident_count":12,"motorcycle_accident_count":10,"pedestrian_accident_count":1,"death_count":0,"injury_count":13,"fatal_accident_count":0,"risk_score":74.7,"risk_level":"high","confidence":"probable","motorcycle_accident_ratio":0.8333,"pedestrian_accident_ratio":0.0833}},{"type":"Feature","geometry":{"type":"Point","coordinates":[121.54653,25.04809]},"properties":{"hotspot_id":"臺北市-50948","hotspot_type":"intersection","county":"臺北市","township":"松山區","road_or_intersection":"八德路2段","accident_count":12,"motorcycle_accident_count":10,"pedestrian_accident_count":1,"death_count":0,"injury_count":13,"fatal_accident_count":0,"risk_score":74.7,"risk_level":"high","confidence":"confirmed","motorcycle_accident_ratio":0.8333,"pedestrian_accident_ratio":0.0833}},{"type":"Feature","geometry":{"type":"Point","coordinates":[121.5207,25.08906]},"properties":{"hotspot_id":"臺北市-50044","hotspot_type":"intersection","county":"臺北市","township":"士林區","road_or_intersection":"大南路 x 承德路4段","accident_count":16,"motorcycle_accident_count":15,"pedestrian_accident_count":0,"death_count":0,"injury_count":21,"fatal_accident_count":0,"risk_score":74.7,"risk_level":"high","confidence":"confirmed","motorcycle_accident_ratio":0.9375,"pedestrian_accident_ratio":0.0}},{"type":"Feature","geometry":{"type":"Point","coordinates":[121.51749,25.03062]},"properties":{"hotspot_id":"臺北市-48848","hotspot_type":"intersection","county":"臺北市","township":"中正區","road_or_intersection":"南昌路1段 x 寧波西街","accident_count":8,"motorcycle_accident_count":7,"pedestrian_accident_count":1,"death_count":0,"injury_count":15,"fatal_accident_count":0,"risk_score":74.7,"risk_level":"high","confidence":"confirmed","motorcycle_accident_ratio":0.875,"pedestrian_accident_ratio":0.125}},{"type":"Feature","geometry":{"type":"Point","coordinates":[121.52328,25.11585]},"properties":{"hotspot_id":"臺北市-51399","hotspot_type":"intersection","county":"臺北市","township":"士林區","road_or_intersection":"光華路","accident_count":12,"motorcycle_accident_count":8,"pedestrian_accident_count":1,"death_count":0,"injury_count":16,"fatal_accident_count":0,"risk_score":74.7,"risk_level":"high","confidence":"probable","motorcycle_accident_ratio":0.6667,"pedestrian_accident_ratio":0.0833}},{"type":"Feature","geometry":{"type":"Point","coordinates":[121.52978,25.05713]},"properties":{"hotspot_id":"臺北市-51709","hotspot_type":"intersection","county":"臺北市","township":"中山區","road_or_intersection":"吉林路","accident_count":17,"motorcycle_accident_count":15,"pedestrian_accident_count":0,"death_count":0,"injury_count":26,"fatal_accident_count":0,"risk_score":74.7,"risk_level":"high","confidence":"probable","motorcycle_accident_ratio":0.8824,"pedestrian_accident_ratio":0.0}},{"type":"Feature","geometry":{"type":"Point","coordinates":[121.51738,25.03918]},"properties":{"hotspot_id":"臺北市-48762","hotspot_type":"intersection","county":"臺北市","township":"中正區","road_or_intersection":"中山南路 x 凱達格蘭大道","accident_count":23,"motorcycle_accident_count":19,"pedestrian_accident_count":0,"death_count":0,"injury_count":35,"fatal_accident_count":0,"risk_score":74.6,"risk_level":"high","confidence":"confirmed","motorcycle_accident_ratio":0.8261,"pedestrian_accident_ratio":0.0}},{"type":"Feature","geometry":{"type":"Point","coordinates":[121.53157,25.05902]},"properties":{"hotspot_id":"臺北市-48667","hotspot_type":"intersection","county":"臺北市","township":"中山區","road_or_intersection":"松江路 x 錦州街","accident_count":10,"motorcycle_accident_count":8,"pedestrian_accident_count":1,"death_count":0,"injury_count":15,"fatal_accident_count":0,"risk_score":74.6,"risk_level":"high","confidence":"confirmed","motorcycle_accident_ratio":0.8,"pedestrian_accident_ratio":0.1}},{"type":"Feature","geometry":{"type":"Point","coordinates":[121.54029,25.06099]},"properties":{"hotspot_id":"臺北市-48695","hotspot_type":"intersection","county":"臺北市","township":"中山區","road_or_intersection":"民權東路3段","accident_count":9,"motorcycle_accident_count":9,"pedestrian_accident_count":0,"death_count":0,"injury_count":12,"fatal_accident_count":0,"risk_score":74.5,"risk_level":"high","confidence":"confirmed","motorcycle_accident_ratio":1.0,"pedestrian_accident_ratio":0.0}},{"type":"Feature","geometry":{"type":"Point","coordinates":[121.51678,25.0345]},"properties":{"hotspot_id":"臺北市-48967","hotspot_type":"intersection","county":"臺北市","township":"中正區","road_or_intersection":"愛國西路 x 羅斯福路1段","accident_count":8,"motorcycle_accident_count":8,"pedestrian_accident_count":0,"death_count":0,"injury_count":13,"fatal_accident_count":0,"risk_score":74.5,"risk_level":"high","confidence":"confirmed","motorcycle_accident_ratio":1.0,"pedestrian_accident_ratio":0.0}},{"type":"Feature","geometry":{"type":"Point","coordinates":[121.50413,25.08991]},"properties":{"hotspot_id":"臺北市-50073","hotspot_type":"intersection","county":"臺北市","township":"士林區","road_or_intersection":"延平北路6段 x 社中街","accident_count":9,"motorcycle_accident_count":9,"pedestrian_accident_count":0,"death_count":0,"injury_count":12,"fatal_accident_count":0,"risk_score":74.5,"risk_level":"high","confidence":"confirmed","motorcycle_accident_ratio":1.0,"pedestrian_accident_ratio":0.0}},{"type":"Feature","geometry":{"type":"Point","coordinates":[121.53018,25.05986]},"properties":{"hotspot_id":"臺北市-51710","hotspot_type":"intersection","county":"臺北市","township":"中山區","road_or_intersection":"吉林路","accident_count":6,"motorcycle_accident_count":6,"pedestrian_accident_count":2,"death_count":0,"injury_count":8,"fatal_accident_count":0,"risk_score":74.5,"risk_level":"high","confidence":"probable","motorcycle_accident_ratio":1.0,"pedestrian_accident_ratio":0.3333}},{"type":"Feature","geometry":{"type":"Point","coordinates":[121.51333,25.04521]},"properties":{"hotspot_id":"臺北市-49032","hotspot_type":"intersection","county":"臺北市","township":"中正區","road_or_intersection":"漢口街1段 x 重慶南路1段","accident_count":8,"motorcycle_accident_count":8,"pedestrian_accident_count":0,"death_count":0,"injury_count":13,"fatal_accident_count":0,"risk_score":74.5,"risk_level":"high","confidence":"confirmed","motorcycle_accident_ratio":1.0,"pedestrian_accident_ratio":0.0}},{"type":"Feature","geometry":{"type":"Point","coordinates":[121.52033,25.02414]},"properties":{"hotspot_id":"臺北市-49014","hotspot_type":"intersection","county":"臺北市","township":"中正區","road_or_intersection":"汀州路2段","accident_count":8,"motorcycle_accident_count":8,"pedestrian_accident_count":0,"death_count":0,"injury_count":13,"fatal_accident_count":0,"risk_score":74.5,"risk_level":"high","confidence":"confirmed","motorcycle_accident_ratio":1.0,"pedestrian_accident_ratio":0.0}},{"type":"Feature","geometry":{"type":"Point","coordinates":[121.54706,25.02615]},"properties":{"hotspot_id":"臺北市-50495","hotspot_type":"intersection","county":"臺北市","township":"大安區","road_or_intersection":"和平東路3段 x 四維路","accident_count":9,"motorcycle_accident_count":9,"pedestrian_accident_count":0,"death_count":0,"injury_count":12,"fatal_accident_count":0,"risk_score":74.5,"risk_level":"high","confidence":"confirmed","motorcycle_accident_ratio":1.0,"pedestrian_accident_ratio":0.0}},{"type":"Feature","geometry":{"type":"Point","coordinates":[121.49682,25.02512]},"properties":{"hotspot_id":"臺北市-51189","hotspot_type":"intersection","county":"臺北市","township":"萬華區","road_or_intersection":"德昌街 x 民和街","accident_count":8,"motorcycle_accident_count":8,"pedestrian_accident_count":0,"death_count":0,"injury_count":13,"fatal_accident_count":0,"risk_score":74.5,"risk_level":"high","confidence":"confirmed","motorcycle_accident_ratio":1.0,"pedestrian_accident_ratio":0.0}},{"type":"Feature","geometry":{"type":"Point","coordinates":[121.53826,25.05787]},"properties":{"hotspot_id":"臺北市-48530","hotspot_type":"intersection","county":"臺北市","township":"中山區","road_or_intersection":"合江街 x 龍江路","accident_count":9,"motorcycle_accident_count":9,"pedestrian_accident_count":0,"death_count":0,"injury_count":12,"fatal_accident_count":0,"risk_score":74.5,"risk_level":"high","confidence":"confirmed","motorcycle_accident_ratio":1.0,"pedestrian_accident_ratio":0.0}},{"type":"Feature","geometry":{"type":"Point","coordinates":[121.53693,25.06245]},"properties":{"hotspot_id":"臺北市-48586","hotspot_type":"intersection","county":"臺北市","township":"中山區","road_or_intersection":"建國北路3段 x 民權東路2段","accident_count":8,"motorcycle_accident_count":8,"pedestrian_accident_count":0,"death_count":0,"injury_count":13,"fatal_accident_count":0,"risk_score":74.5,"risk_level":"high","confidence":"confirmed","motorcycle_accident_ratio":1.0,"pedestrian_accident_ratio":0.0}},{"type":"Feature","geometry":{"type":"Point","coordinates":[121.56548,25.03449]},"properties":{"hotspot_id":"臺北市-49230","hotspot_type":"intersection","county":"臺北市","township":"信義區","road_or_intersection":"松智路","accident_count":9,"motorcycle_accident_count":9,"pedestrian_accident_count":0,"death_count":0,"injury_count":12,"fatal_accident_count":0,"risk_score":74.5,"risk_level":"high","confidence":"confirmed","motorcycle_accident_ratio":1.0,"pedestrian_accident_ratio":0.0}},{"type":"Feature","geometry":{"type":"Point","coordinates":[121.5658,25.04838]},"properties":{"hotspot_id":"臺北市-51078","hotspot_type":"intersection","county":"臺北市","township":"松山區市","road_or_intersection":"東興路 x 民大道5段","accident_count":6,"motorcycle_accident_count":6,"pedestrian_accident_count":0,"death_count":1,"injury_count":7,"fatal_accident_count":1,"risk_score":74.5,"risk_level":"high","confidence":"confirmed","motorcycle_accident_ratio":1.0,"pedestrian_accident_ratio":0.0}},{"type":"Feature","geometry":{"type":"Point","coordinates":[121.51278,25.03382]},"properties":{"hotspot_id":"臺北市-49071","hotspot_type":"intersection","county":"臺北市","township":"中正區","road_or_intersection":"重慶南路2段","accident_count":8,"motorcycle_accident_count":8,"pedestrian_accident_count":0,"death_count":0,"injury_count":13,"fatal_accident_count":0,"risk_score":74.5,"risk_level":"high","confidence":"confirmed","motorcycle_accident_ratio":1.0,"pedestrian_accident_ratio":0.0}},{"type":"Feature","geometry":{"type":"Point","coordinates":[121.50349,25.03101]},"properties":{"hotspot_id":"臺北市-51108","hotspot_type":"intersection","county":"臺北市","township":"萬華區","road_or_intersection":"中華路2段 x 莒光路","accident_count":8,"motorcycle_accident_count":8,"pedestrian_accident_count":0,"death_count":0,"injury_count":13,"fatal_accident_count":0,"risk_score":74.5,"risk_level":"high","confidence":"confirmed","motorcycle_accident_ratio":1.0,"pedestrian_accident_ratio":0.0}},{"type":"Feature","geometry":{"type":"Point","coordinates":[121.51372,25.06324]},"properties":{"hotspot_id":"臺北市-50354","hotspot_type":"intersection","county":"臺北市","township":"大同區","road_or_intersection":"民權西路 x 重慶北路3段","accident_count":8,"motorcycle_accident_count":8,"pedestrian_accident_count":0,"death_count":0,"injury_count":13,"fatal_accident_count":0,"risk_score":74.5,"risk_level":"high","confidence":"confirmed","motorcycle_accident_ratio":1.0,"pedestrian_accident_ratio":0.0}},{"type":"Feature","geometry":{"type":"Point","coordinates":[121.5653,25.03038]},"properties":{"hotspot_id":"臺北市-49224","hotspot_type":"intersection","county":"臺北市","township":"信義區","road_or_intersection":"松平路 x 松智路","accident_count":9,"motorcycle_accident_count":8,"pedestrian_accident_count":1,"death_count":0,"injury_count":13,"fatal_accident_count":0,"risk_score":74.4,"risk_level":"high","confidence":"confirmed","motorcycle_accident_ratio":0.8889,"pedestrian_accident_ratio":0.1111}},{"type":"Feature","geometry":{"type":"Point","coordinates":[121.56274,24.98293]},"properties":{"hotspot_id":"臺北市-50817","hotspot_type":"intersection","county":"臺北市","township":"文山區","road_or_intersection":"木新路3段 x 興隆路4段","accident_count":9,"motorcycle_accident_count":8,"pedestrian_accident_count":2,"death_count":0,"injury_count":12,"fatal_accident_count":0,"risk_score":74.4,"risk_level":"high","confidence":"confirmed","motorcycle_accident_ratio":0.8889,"pedestrian_accident_ratio":0.2222}},{"type":"Feature","geometry":{"type":"Point","coordinates":[121.58491,25.06837]},"properties":{"hotspot_id":"臺北市-51607","hotspot_type":"intersection","county":"臺北市","township":"內湖區","road_or_intersection":"民權東路6段","accident_count":9,"motorcycle_accident_count":8,"pedestrian_accident_count":2,"death_count":0,"injury_count":12,"fatal_accident_count":0,"risk_score":74.4,"risk_level":"high","confidence":"probable","motorcycle_accident_ratio":0.8889,"pedestrian_accident_ratio":0.2222}},{"type":"Feature","geometry":{"type":"Point","coordinates":[121.52345,25.11877]},"properties":{"hotspot_id":"臺北市-49603","hotspot_type":"intersection","county":"臺北市","township":"北投區","road_or_intersection":"天母西路","accident_count":9,"motorcycle_accident_count":8,"pedestrian_accident_count":2,"death_count":0,"injury_count":12,"fatal_accident_count":0,"risk_score":74.4,"risk_level":"high","confidence":"confirmed","motorcycle_accident_ratio":0.8889,"pedestrian_accident_ratio":0.2222}},{"type":"Feature","geometry":{"type":"Point","coordinates":[121.57477,25.07107]},"properties":{"hotspot_id":"臺北市-49455","hotspot_type":"intersection","county":"臺北市","township":"內湖區","road_or_intersection":"舊宗路2段","accident_count":10,"motorcycle_accident_count":9,"pedestrian_accident_count":1,"death_count":0,"injury_count":12,"fatal_accident_count":0,"risk_score":74.4,"risk_level":"high","confidence":"confirmed","motorcycle_accident_ratio":0.9,"pedestrian_accident_ratio":0.1}},{"type":"Feature","geometry":{"type":"Point","coordinates":[121.53985,25.06748]},"properties":{"hotspot_id":"臺北市-48685","hotspot_type":"intersection","county":"臺北市","township":"中山區","road_or_intersection":"民族東路","accident_count":10,"motorcycle_accident_count":9,"pedestrian_accident_count":1,"death_count":0,"injury_count":12,"fatal_accident_count":0,"risk_score":74.4,"risk_level":"high","confidence":"confirmed","motorcycle_accident_ratio":0.9,"pedestrian_accident_ratio":0.1}},{"type":"Feature","geometry":{"type":"Point","coordinates":[121.53662,25.09814]},"properties":{"hotspot_id":"臺北市-50174","hotspot_type":"intersection","county":"臺北市","township":"士林區","road_or_intersection":"福林路 x 至善路1段","accident_count":18,"motorcycle_accident_count":16,"pedestrian_accident_count":0,"death_count":0,"injury_count":22,"fatal_accident_count":0,"risk_score":74.3,"risk_level":"high","confidence":"confirmed","motorcycle_accident_ratio":0.8889,"pedestrian_accident_ratio":0.0}},{"type":"Feature","geometry":{"type":"Point","coordinates":[121.59132,25.08155]},"properties":{"hotspot_id":"臺北市-51435","hotspot_type":"intersection","county":"臺北市","township":"內湖區","road_or_intersection":"成功路4段","accident_count":12,"motorcycle_accident_count":7,"pedestrian_accident_count":3,"death_count":0,"injury_count":14,"fatal_accident_count":0,"risk_score":74.3,"risk_level":"high","confidence":"probable","motorcycle_accident_ratio":0.5833,"pedestrian_accident_ratio":0.25}},{"type":"Feature","geometry":{"type":"Point","coordinates":[121.53286,25.05467]},"properties":{"hotspot_id":"臺北市-48726","hotspot_type":"intersection","county":"臺北市","township":"中山區","road_or_intersection":"長春路","accident_count":10,"motorcycle_accident_count":10,"pedestrian_accident_count":0,"death_count":0,"injury_count":11,"fatal_accident_count":0,"risk_score":74.2,"risk_level":"high","confidence":"confirmed","motorcycle_accident_ratio":1.0,"pedestrian_accident_ratio":0.0}},{"type":"Feature","geometry":{"type":"Point","coordinates":[121.54397,25.04176]},"properties":{"hotspot_id":"臺北市-50577","hotspot_type":"intersection","county":"臺北市","township":"大安區","road_or_intersection":"復興南路1段 x 忠孝東路4段","accident_count":12,"motorcycle_accident_count":9,"pedestrian_accident_count":1,"death_count":0,"injury_count":14,"fatal_accident_count":0,"risk_score":74.2,"risk_level":"high","confidence":"confirmed","motorcycle_accident_ratio":0.75,"pedestrian_accident_ratio":0.0833}},{"type":"Feature","geometry":{"type":"Point","coordinates":[121.58451,25.05865]},"properties":{"hotspot_id":"臺北市-49292","hotspot_type":"intersection","county":"臺北市","township":"內湖區","road_or_intersection":"南京東路6段","accident_count":9,"motorcycle_accident_count":5,"pedestrian_accident_count":1,"death_count":1,"injury_count":10,"fatal_accident_count":1,"risk_score":74.2,"risk_level":"high","confidence":"confirmed","motorcycle_accident_ratio":0.5556,"pedestrian_accident_ratio":0.1111}},{"type":"Feature","geometry":{"type":"Point","coordinates":[121.55746,25.02649]},"properties":{"hotspot_id":"臺北市-49116","hotspot_type":"intersection","county":"臺北市","township":"信義區","road_or_intersection":"信安街 x 嘉興街","accident_count":10,"motorcycle_accident_count":10,"pedestrian_accident_count":0,"death_count":0,"injury_count":11,"fatal_accident_count":0,"risk_score":74.2,"risk_level":"high","confidence":"confirmed","motorcycle_accident_ratio":1.0,"pedestrian_accident_ratio":0.0}},{"type":"Feature","geometry":{"type":"Point","coordinates":[121.53576,25.0134]},"properties":{"hotspot_id":"臺北市-48898","hotspot_type":"intersection","county":"臺北市","township":"中正區","road_or_intersection":"基隆路4段 x 羅斯福路4段","accident_count":15,"motorcycle_accident_count":14,"pedestrian_accident_count":0,"death_count":0,"injury_count":20,"fatal_accident_count":0,"risk_score":74.2,"risk_level":"high","confidence":"confirmed","motorcycle_accident_ratio":0.9333,"pedestrian_accident_ratio":0.0}},{"type":"Feature","geometry":{"type":"Point","coordinates":[121.52311,25.06843]},"properties":{"hotspot_id":"臺北市-51779","hotspot_type":"intersection","county":"臺北市","township":"中山區","road_or_intersection":"中山北路3段","accident_count":15,"motorcycle_accident_count":14,"pedestrian_accident_count":0,"death_count":0,"injury_count":20,"fatal_accident_count":0,"risk_score":74.2,"risk_level":"high","confidence":"probable","motorcycle_accident_ratio":0.9333,"pedestrian_accident_ratio":0.0}},{"type":"Feature","geometry":{"type":"Point","coordinates":[121.52101,25.0849]},"properties":{"hotspot_id":"臺北市-50114","hotspot_type":"intersection","county":"臺北市","township":"士林區","road_or_intersection":"承德路4段","accident_count":16,"motorcycle_accident_count":15,"pedestrian_accident_count":0,"death_count":0,"injury_count":19,"fatal_accident_count":0,"risk_score":74.1,"risk_level":"high","confidence":"confirmed","motorcycle_accident_ratio":0.9375,"pedestrian_accident_ratio":0.0}},{"type":"Feature","geometry":{"type":"Point","coordinates":[121.55184,25.03716]},"properties":{"hotspot_id":"臺北市-50422","hotspot_type":"intersection","county":"臺北市","township":"大安區","road_or_intersection":"仁愛路4段","accident_count":12,"motorcycle_accident_count":8,"pedestrian_accident_count":1,"death_count":0,"injury_count":15,"fatal_accident_count":0,"risk_score":74.1,"risk_level":"high","confidence":"confirmed","motorcycle_accident_ratio":0.6667,"pedestrian_accident_ratio":0.0833}},{"type":"Feature","geometry":{"type":"Point","coordinates":[121.55364,25.05196]},"properties":{"hotspot_id":"臺北市-50981","hotspot_type":"intersection","county":"臺北市","township":"松山區","road_or_intersection":"南京東路4段","accident_count":10,"motorcycle_accident_count":7,"pedestrian_accident_count":1,"death_count":0,"injury_count":16,"fatal_accident_count":0,"risk_score":74.1,"risk_level":"high","confidence":"confirmed","motorcycle_accident_ratio":0.7,"pedestrian_accident_ratio":0.1}},{"type":"Feature","geometry":{"type":"Point","coordinates":[121.52209,25.10492]},"properties":{"hotspot_id":"臺北市-50099","hotspot_type":"intersection","county":"臺北市","township":"士林區","road_or_intersection":"德行西路 x 福華路","accident_count":10,"motorcycle_accident_count":8,"pedestrian_accident_count":2,"death_count":0,"injury_count":13,"fatal_accident_count":0,"risk_score":74.1,"risk_level":"high","confidence":"confirmed","motorcycle_accident_ratio":0.8,"pedestrian_accident_ratio":0.2}},{"type":"Feature","geometry":{"type":"Point","coordinates":[121.53621,25.06796]},"properties":{"hotspot_id":"臺北市-51752","hotspot_type":"intersection","county":"臺北市","township":"中山區","road_or_intersection":"民族東路","accident_count":8,"motorcycle_accident_count":7,"pedestrian_accident_count":1,"death_count":0,"injury_count":14,"fatal_accident_count":0,"risk_score":74.1,"risk_level":"high","confidence":"probable","motorcycle_accident_ratio":0.875,"pedestrian_accident_ratio":0.125}},{"type":"Feature","geometry":{"type":"Point","coordinates":[121.61133,25.0653]},"properties":{"hotspot_id":"臺北市-49328","hotspot_type":"intersection","county":"臺北市","township":"內湖區","road_or_intersection":"安康路 x 康寧路3段","accident_count":18,"motorcycle_accident_count":15,"pedestrian_accident_count":0,"death_count":0,"injury_count":29,"fatal_accident_count":0,"risk_score":74.1,"risk_level":"high","confidence":"confirmed","motorcycle_accident_ratio":0.8333,"pedestrian_accident_ratio":0.0}},{"type":"Feature","geometry":{"type":"Point","coordinates":[121.53968,25.06668]},"properties":{"hotspot_id":"臺北市-48688","hotspot_type":"intersection","county":"臺北市","township":"中山區","road_or_intersection":"民族東路 x 龍江路","accident_count":10,"motorcycle_accident_count":8,"pedestrian_accident_count":1,"death_count":0,"injury_count":14,"fatal_accident_count":0,"risk_score":74.0,"risk_level":"high","confidence":"confirmed","motorcycle_accident_ratio":0.8,"pedestrian_accident_ratio":0.1}},{"type":"Feature","geometry":{"type":"Point","coordinates":[121.61274,25.06748]},"properties":{"hotspot_id":"臺北市-51501","hotspot_type":"intersection","county":"臺北市","township":"內湖區","road_or_intersection":"康寧路3段","accident_count":11,"motorcycle_accident_count":8,"pedestrian_accident_count":3,"death_count":0,"injury_count":13,"fatal_accident_count":0,"risk_score":74.0,"risk_level":"high","confidence":"probable","motorcycle_accident_ratio":0.7273,"pedestrian_accident_ratio":0.2727}},{"type":"Feature","geometry":{"type":"Point","coordinates":[121.52771,25.06833]},"properties":{"hotspot_id":"臺北市-48646","hotspot_type":"intersection","county":"臺北市","township":"中山區","road_or_intersection":"新生北路3段 x 民族東路","accident_count":12,"motorcycle_accident_count":11,"pedestrian_accident_count":0,"death_count":1,"injury_count":15,"fatal_accident_count":1,"risk_score":74.0,"risk_level":"high","confidence":"confirmed","motorcycle_accident_ratio":0.9167,"pedestrian_accident_ratio":0.0}},{"type":"Feature","geometry":{"type":"Point","coordinates":[121.58235,25.05613]},"properties":{"hotspot_id":"臺北市-51639","hotspot_type":"intersection","county":"臺北市","township":"內湖區","road_or_intersection":"新明路","accident_count":17,"motorcycle_accident_count":15,"pedestrian_accident_count":0,"death_count":0,"injury_count":22,"fatal_accident_count":0,"risk_score":74.0,"risk_level":"high","confidence":"probable","motorcycle_accident_ratio":0.8824,"pedestrian_accident_ratio":0.0}},{"type":"Feature","geometry":{"type":"Point","coordinates":[121.54896,25.04128]},"properties":{"hotspot_id":"臺北市-50596","hotspot_type":"intersection","county":"臺北市","township":"大安區","road_or_intersection":"敦化南路1段","accident_count":15,"motorcycle_accident_count":14,"pedestrian_accident_count":0,"death_count":0,"injury_count":19,"fatal_accident_count":0,"risk_score":73.9,"risk_level":"high","confidence":"confirmed","motorcycle_accident_ratio":0.9333,"pedestrian_accident_ratio":0.0}},{"type":"Feature","geometry":{"type":"Point","coordinates":[121.53115,25.06]},"properties":{"hotspot_id":"臺北市-48694","hotspot_type":"intersection","county":"臺北市","township":"中山區","road_or_intersection":"民權東路2段 x 錦州街","accident_count":6,"motorcycle_accident_count":6,"pedestrian_accident_count":1,"death_count":0,"injury_count":8,"fatal_accident_count":0,"risk_score":73.9,"risk_level":"high","confidence":"confirmed","motorcycle_accident_ratio":1.0,"pedestrian_accident_ratio":0.1667}},{"type":"Feature","geometry":{"type":"Point","coordinates":[121.52142,25.10719]},"properties":{"hotspot_id":"臺北市-50096","hotspot_type":"intersection","county":"臺北市","township":"士林區","road_or_intersection":"德行西路","accident_count":6,"motorcycle_accident_count":6,"pedestrian_accident_count":1,"death_count":0,"injury_count":8,"fatal_accident_count":0,"risk_score":73.9,"risk_level":"high","confidence":"confirmed","motorcycle_accident_ratio":1.0,"pedestrian_accident_ratio":0.1667}},{"type":"Feature","geometry":{"type":"Point","coordinates":[121.55339,25.00054]},"properties":{"hotspot_id":"臺北市-51352","hotspot_type":"intersection","county":"臺北市","township":"文山區","road_or_intersection":"興隆路2段","accident_count":6,"motorcycle_accident_count":6,"pedestrian_accident_count":1,"death_count":0,"injury_count":8,"fatal_accident_count":0,"risk_score":73.9,"risk_level":"high","confidence":"probable","motorcycle_accident_ratio":1.0,"pedestrian_accident_ratio":0.1667}},{"type":"Feature","geometry":{"type":"Point","coordinates":[121.49298,25.03084]},"properties":{"hotspot_id":"臺北市-51312","hotspot_type":"intersection","county":"臺北市","township":"萬華區","road_or_intersection":"雙園街","accident_count":5,"motorcycle_accident_count":5,"pedestrian_accident_count":1,"death_count":0,"injury_count":9,"fatal_accident_count":0,"risk_score":73.9,"risk_level":"high","confidence":"confirmed","motorcycle_accident_ratio":1.0,"pedestrian_accident_ratio":0.2}},{"type":"Feature","geometry":{"type":"Point","coordinates":[121.53239,25.02737]},"properties":{"hotspot_id":"臺北市-50483","hotspot_type":"intersection","county":"臺北市","township":"大安區","road_or_intersection":"和平東路1段 x 青田街","accident_count":6,"motorcycle_accident_count":6,"pedestrian_accident_count":1,"death_count":0,"injury_count":8,"fatal_accident_count":0,"risk_score":73.9,"risk_level":"high","confidence":"confirmed","motorcycle_accident_ratio":1.0,"pedestrian_accident_ratio":0.1667}},{"type":"Feature","geometry":{"type":"Point","coordinates":[121.52817,25.10156]},"properties":{"hotspot_id":"臺北市-50190","hotspot_type":"intersection","county":"臺北市","township":"士林區","road_or_intersection":"至誠路2段","accident_count":6,"motorcycle_accident_count":6,"pedestrian_accident_count":1,"death_count":0,"injury_count":8,"fatal_accident_count":0,"risk_score":73.9,"risk_level":"high","confidence":"confirmed","motorcycle_accident_ratio":1.0,"pedestrian_accident_ratio":0.1667}},{"type":"Feature","geometry":{"type":"Point","coordinates":[121.51563,25.05703]},"properties":{"hotspot_id":"臺北市-50280","hotspot_type":"intersection","county":"臺北市","township":"大同區","road_or_intersection":"寧夏路 x 民生西路","accident_count":5,"motorcycle_accident_count":5,"pedestrian_accident_count":1,"death_count":0,"injury_count":9,"fatal_accident_count":0,"risk_score":73.9,"risk_level":"high","confidence":"confirmed","motorcycle_accident_ratio":1.0,"pedestrian_accident_ratio":0.2}},{"type":"Feature","geometry":{"type":"Point","coordinates":[121.55338,25.04794]},"properties":{"hotspot_id":"臺北市-50956","hotspot_type":"intersection","county":"臺北市","township":"松山區","road_or_intersection":"八德路3段 x 延吉街","accident_count":6,"motorcycle_accident_count":6,"pedestrian_accident_count":1,"death_count":0,"injury_count":8,"fatal_accident_count":0,"risk_score":73.9,"risk_level":"high","confidence":"confirmed","motorcycle_accident_ratio":1.0,"pedestrian_accident_ratio":0.1667}},{"type":"Feature","geometry":{"type":"Point","coordinates":[121.55695,25.02871]},"properties":{"hotspot_id":"臺北市-49155","hotspot_type":"intersection","county":"臺北市","township":"信義區","road_or_intersection":"嘉興街 x 基隆路2段","accident_count":25,"motorcycle_accident_count":20,"pedestrian_accident_count":0,"death_count":0,"injury_count":29,"fatal_accident_count":0,"risk_score":73.9,"risk_level":"high","confidence":"confirmed","motorcycle_accident_ratio":0.8,"pedestrian_accident_ratio":0.0}},{"type":"Feature","geometry":{"type":"Point","coordinates":[121.54531,25.04505]},"properties":{"hotspot_id":"臺北市-51821","hotspot_type":"intersection","county":"臺北市","township":"松山區市","road_or_intersection":"民大道4段","accident_count":14,"motorcycle_accident_count":13,"pedestrian_accident_count":0,"death_count":0,"injury_count":20,"fatal_accident_count":0,"risk_score":73.9,"risk_level":"high","confidence":"low_confidence","motorcycle_accident_ratio":0.9286,"pedestrian_accident_ratio":0.0}},{"type":"Feature","geometry":{"type":"Point","coordinates":[121.53971,25.0384]},"properties":{"hotspot_id":"臺北市-50415","hotspot_type":"intersection","county":"臺北市","township":"大安區","road_or_intersection":"仁愛路3段","accident_count":18,"motorcycle_accident_count":16,"pedestrian_accident_count":0,"death_count":0,"injury_count":20,"fatal_accident_count":0,"risk_score":73.8,"risk_level":"high","confidence":"confirmed","motorcycle_accident_ratio":0.8889,"pedestrian_accident_ratio":0.0}},{"type":"Feature","geometry":{"type":"Point","coordinates":[121.54065,24.99427]},"properties":{"hotspot_id":"臺北市-50863","hotspot_type":"intersection","county":"臺北市","township":"文山區","road_or_intersection":"羅斯福路6段","accident_count":16,"motorcycle_accident_count":15,"pedestrian_accident_count":0,"death_count":0,"injury_count":18,"fatal_accident_count":0,"risk_score":73.8,"risk_level":"high","confidence":"confirmed","motorcycle_accident_ratio":0.9375,"pedestrian_accident_ratio":0.0}},{"type":"Feature","geometry":{"type":"Point","coordinates":[121.54901,25.10051]},"properties":{"hotspot_id":"臺北市-50184","hotspot_type":"intersection","county":"臺北市","township":"士林區","road_or_intersection":"至善路2段","accident_count":16,"motorcycle_accident_count":14,"pedestrian_accident_count":0,"death_count":0,"injury_count":22,"fatal_accident_count":0,"risk_score":73.7,"risk_level":"high","confidence":"confirmed","motorcycle_accident_ratio":0.875,"pedestrian_accident_ratio":0.0}},{"type":"Feature","geometry":{"type":"Point","coordinates":[121.52233,25.04783]},"properties":{"hotspot_id":"臺北市-49086","hotspot_type":"intersection","county":"臺北市","township":"中正區市","road_or_intersection":"天津街 x 民大道2段","accident_count":8,"motorcycle_accident_count":8,"pedestrian_accident_count":0,"death_count":0,"injury_count":12,"fatal_accident_count":0,"risk_score":73.6,"risk_level":"high","confidence":"confirmed","motorcycle_accident_ratio":1.0,"pedestrian_accident_ratio":0.0}},{"type":"Feature","geometry":{"type":"Point","coordinates":[121.51665,25.05006]},"properties":{"hotspot_id":"臺北市-50314","hotspot_type":"intersection","county":"臺北市","township":"大同區","road_or_intersection":"承德路1段 x 華陰街","accident_count":8,"motorcycle_accident_count":8,"pedestrian_accident_count":0,"death_count":0,"injury_count":12,"fatal_accident_count":0,"risk_score":73.6,"risk_level":"high","confidence":"confirmed","motorcycle_accident_ratio":1.0,"pedestrian_accident_ratio":0.0}},{"type":"Feature","geometry":{"type":"Point","coordinates":[121.51513,25.04447]},"properties":{"hotspot_id":"臺北市-51726","hotspot_type":"intersection","county":"臺北市","township":"中正區","road_or_intersection":"館前路","accident_count":14,"motorcycle_accident_count":13,"pedestrian_accident_count":0,"death_count":0,"injury_count":19,"fatal_accident_count":0,"risk_score":73.6,"risk_level":"high","confidence":"probable","motorcycle_accident_ratio":0.9286,"pedestrian_accident_ratio":0.0}},{"type":"Feature","geometry":{"type":"Point","coordinates":[121.53209,25.12375]},"properties":{"hotspot_id":"臺北市-49959","hotspot_type":"intersection","county":"臺北市","township":"士林區","road_or_intersection":"中山北路7段","accident_count":11,"motorcycle_accident_count":8,"pedestrian_accident_count":2,"death_count":0,"injury_count":13,"fatal_accident_count":0,"risk_score":73.6,"risk_level":"high","confidence":"confirmed","motorcycle_accident_ratio":0.7273,"pedestrian_accident_ratio":0.1818}},{"type":"Feature","geometry":{"type":"Point","coordinates":[121.58636,24.97213]},"properties":{"hotspot_id":"臺北市-51320","hotspot_type":"intersection","county":"臺北市","township":"文山區","road_or_intersection":"指南路3段","accident_count":11,"motorcycle_accident_count":8,"pedestrian_accident_count":1,"death_count":0,"injury_count":14,"fatal_accident_count":0,"risk_score":73.6,"risk_level":"high","confidence":"probable","motorcycle_accident_ratio":0.7273,"pedestrian_accident_ratio":0.0909}},{"type":"Feature","geometry":{"type":"Point","coordinates":[121.52512,25.05801]},"properties":{"hotspot_id":"臺北市-48670","hotspot_type":"intersection","county":"臺北市","township":"中山區","road_or_intersection":"林森北路","accident_count":9,"motorcycle_accident_count":8,"pedestrian_accident_count":1,"death_count":0,"injury_count":12,"fatal_accident_count":0,"risk_score":73.6,"risk_level":"high","confidence":"confirmed","motorcycle_accident_ratio":0.8889,"pedestrian_accident_ratio":0.1111}},{"type":"Feature","geometry":{"type":"Point","coordinates":[121.54776,25.03184]},"properties":{"hotspot_id":"臺北市-50507","hotspot_type":"intersection","county":"臺北市","township":"大安區","road_or_intersection":"四維路","accident_count":11,"motorcycle_accident_count":8,"pedestrian_accident_count":1,"death_count":0,"injury_count":14,"fatal_accident_count":0,"risk_score":73.6,"risk_level":"high","confidence":"confirmed","motorcycle_accident_ratio":0.7273,"pedestrian_accident_ratio":0.0909}},{"type":"Feature","geometry":{"type":"Point","coordinates":[121.51744,25.03961]},"properties":{"hotspot_id":"臺北市-48760","hotspot_type":"intersection","county":"臺北市","township":"中正區","road_or_intersection":"中山南路 x 仁愛路1段","accident_count":14,"motorcycle_accident_count":13,"pedestrian_accident_count":0,"death_count":0,"injury_count":19,"fatal_accident_count":0,"risk_score":73.6,"risk_level":"high","confidence":"confirmed","motorcycle_accident_ratio":0.9286,"pedestrian_accident_ratio":0.0}},{"type":"Feature","geometry":{"type":"Point","coordinates":[121.50931,25.04505]},"properties":{"hotspot_id":"臺北市-48781","hotspot_type":"intersection","county":"臺北市","township":"中正區","road_or_intersection":"中華路1段 x 漢口街1段","accident_count":14,"motorcycle_accident_count":13,"pedestrian_accident_count":0,"death_count":0,"injury_count":19,"fatal_accident_count":0,"risk_score":73.6,"risk_level":"high","confidence":"confirmed","motorcycle_accident_ratio":0.9286,"pedestrian_accident_ratio":0.0}},{"type":"Feature","geometry":{"type":"Point","coordinates":[121.51838,25.02666]},"properties":{"hotspot_id":"臺北市-48886","hotspot_type":"intersection","county":"臺北市","township":"中正區","road_or_intersection":"和平西路1段 x 廈門街","accident_count":8,"motorcycle_accident_count":8,"pedestrian_accident_count":0,"death_count":0,"injury_count":12,"fatal_accident_count":0,"risk_score":73.6,"risk_level":"high","confidence":"confirmed","motorcycle_accident_ratio":1.0,"pedestrian_accident_ratio":0.0}},{"type":"Feature","geometry":{"type":"Point","coordinates":[121.49604,25.0374]},"properties":{"hotspot_id":"臺北市-51141","hotspot_type":"intersection","county":"臺北市","township":"萬華區","road_or_intersection":"堤外便道 x 桂林路","accident_count":8,"motorcycle_accident_count":8,"pedestrian_accident_count":0,"death_count":0,"injury_count":12,"fatal_accident_count":0,"risk_score":73.6,"risk_level":"high","confidence":"confirmed","motorcycle_accident_ratio":1.0,"pedestrian_accident_ratio":0.0}},{"type":"Feature","geometry":{"type":"Point","coordinates":[121.55353,25.04441]},"properties":{"hotspot_id":"臺北市-51867","hotspot_type":"intersection","county":"臺北市","township":"松山區市","road_or_intersection":"民大道4段","accident_count":9,"motorcycle_accident_count":9,"pedestrian_accident_count":0,"death_count":0,"injury_count":11,"fatal_accident_count":0,"risk_score":73.5,"risk_level":"high","confidence":"probable","motorcycle_accident_ratio":1.0,"pedestrian_accident_ratio":0.0}},{"type":"Feature","geometry":{"type":"Point","coordinates":[121.52901,25.06332]},"properties":{"hotspot_id":"臺北市-48418","hotspot_type":"intersection","county":"臺北市","township":"中山區","road_or_intersection":"中原街 x 新生北路3段","accident_count":9,"motorcycle_accident_count":9,"pedestrian_accident_count":0,"death_count":0,"injury_count":11,"fatal_accident_count":0,"risk_score":73.5,"risk_level":"high","confidence":"confirmed","motorcycle_accident_ratio":1.0,"pedestrian_accident_ratio":0.0}},{"type":"Feature","geometry":{"type":"Point","coordinates":[121.48927,25.03075]},"properties":{"hotspot_id":"臺北市-51647","hotspot_type":"intersection","county":"臺北市","township":"萬華區","road_or_intersection":"堤外便道","accident_count":8,"motorcycle_accident_count":5,"pedestrian_accident_count":2,"death_count":0,"injury_count":17,"fatal_accident_count":0,"risk_score":73.5,"risk_level":"high","confidence":"probable","motorcycle_accident_ratio":0.625,"pedestrian_accident_ratio":0.25}},{"type":"Feature","geometry":{"type":"Point","coordinates":[121.49971,25.12109]},"properties":{"hotspot_id":"臺北市-49595","hotspot_type":"intersection","county":"臺北市","township":"北投區","road_or_intersection":"大業路 x 承德路7段","accident_count":9,"motorcycle_accident_count":9,"pedestrian_accident_count":0,"death_count":0,"injury_count":11,"fatal_accident_count":0,"risk_score":73.5,"risk_level":"high","confidence":"confirmed","motorcycle_accident_ratio":1.0,"pedestrian_accident_ratio":0.0}},{"type":"Feature","geometry":{"type":"Point","coordinates":[121.51627,25.02698]},"properties":{"hotspot_id":"臺北市-51592","hotspot_type":"intersection","county":"臺北市","township":"中正區","road_or_intersection":"重慶南路3段","accident_count":9,"motorcycle_accident_count":9,"pedestrian_accident_count":0,"death_count":0,"injury_count":11,"fatal_accident_count":0,"risk_score":73.5,"risk_level":"high","confidence":"probable","motorcycle_accident_ratio":1.0,"pedestrian_accident_ratio":0.0}},{"type":"Feature","geometry":{"type":"Point","coordinates":[121.57643,25.06284]},"properties":{"hotspot_id":"臺北市-51463","hotspot_type":"intersection","county":"臺北市","township":"內湖區","road_or_intersection":"舊宗路1段","accident_count":15,"motorcycle_accident_count":14,"pedestrian_accident_count":0,"death_count":0,"injury_count":18,"fatal_accident_count":0,"risk_score":73.5,"risk_level":"high","confidence":"probable","motorcycle_accident_ratio":0.9333,"pedestrian_accident_ratio":0.0}},{"type":"Feature","geometry":{"type":"Point","coordinates":[121.57723,25.04992]},"properties":{"hotspot_id":"臺北市-51883","hotspot_type":"intersection","county":"臺北市","township":"松山區","road_or_intersection":"八德路4段","accident_count":8,"motorcycle_accident_count":7,"pedestrian_accident_count":1,"death_count":0,"injury_count":13,"fatal_accident_count":0,"risk_score":73.4,"risk_level":"high","confidence":"probable","motorcycle_accident_ratio":0.875,"pedestrian_accident_ratio":0.125}},{"type":"Feature","geometry":{"type":"Point","coordinates":[121.50452,25.04014]},"properties":{"hotspot_id":"臺北市-51682","hotspot_type":"intersection","county":"臺北市","township":"萬華區","road_or_intersection":"貴陽街2段","accident_count":7,"motorcycle_accident_count":7,"pedestrian_accident_count":0,"death_count":0,"injury_count":13,"fatal_accident_count":0,"risk_score":73.4,"risk_level":"high","confidence":"probable","motorcycle_accident_ratio":1.0,"pedestrian_accident_ratio":0.0}},{"type":"Feature","geometry":{"type":"Point","coordinates":[121.52915,25.06266]},"properties":{"hotspot_id":"臺北市-48419","hotspot_type":"intersection","county":"臺北市","township":"中山區","road_or_intersection":"中原街 x 民權東路2段","accident_count":8,"motorcycle_accident_count":7,"pedestrian_accident_count":1,"death_count":0,"injury_count":13,"fatal_accident_count":0,"risk_score":73.4,"risk_level":"high","confidence":"confirmed","motorcycle_accident_ratio":0.875,"pedestrian_accident_ratio":0.125}},{"type":"Feature","geometry":{"type":"Point","coordinates":[121.54428,25.0561]},"properties":{"hotspot_id":"臺北市-51015","hotspot_type":"intersection","county":"臺北市","township":"松山區","road_or_intersection":"復興北路","accident_count":10,"motorcycle_accident_count":9,"pedestrian_accident_count":1,"death_count":0,"injury_count":11,"fatal_accident_count":0,"risk_score":73.4,"risk_level":"high","confidence":"confirmed","motorcycle_accident_ratio":0.9,"pedestrian_accident_ratio":0.1}},{"type":"Feature","geometry":{"type":"Point","coordinates":[121.52475,25.05803]},"properties":{"hotspot_id":"臺北市-51786","hotspot_type":"intersection","county":"臺北市","township":"中山區","road_or_intersection":"民生東路1段","accident_count":10,"motorcycle_accident_count":9,"pedestrian_accident_count":1,"death_count":0,"injury_count":11,"fatal_accident_count":0,"risk_score":73.4,"risk_level":"high","confidence":"probable","motorcycle_accident_ratio":0.9,"pedestrian_accident_ratio":0.1}},{"type":"Feature","geometry":{"type":"Point","coordinates":[121.59068,25.08661]},"properties":{"hotspot_id":"臺北市-49290","hotspot_type":"intersection","county":"臺北市","township":"內湖區","road_or_intersection":"內湖路3段","accident_count":10,"motorcycle_accident_count":9,"pedestrian_accident_count":1,"death_count":0,"injury_count":11,"fatal_accident_count":0,"risk_score":73.4,"risk_level":"high","confidence":"confirmed","motorcycle_accident_ratio":0.9,"pedestrian_accident_ratio":0.1}},{"type":"Feature","geometry":{"type":"Point","coordinates":[121.50443,25.04584]},"properties":{"hotspot_id":"臺北市-51205","hotspot_type":"intersection","county":"臺北市","township":"萬華區","road_or_intersection":"昆明街 x 漢口街2段","accident_count":7,"motorcycle_accident_count":7,"pedestrian_accident_count":0,"death_count":0,"injury_count":13,"fatal_accident_count":0,"risk_score":73.4,"risk_level":"high","confidence":"confirmed","motorcycle_accident_ratio":1.0,"pedestrian_accident_ratio":0.0}},{"type":"Feature","geometry":{"type":"Point","coordinates":[121.61745,25.04246]},"properties":{"hotspot_id":"臺北市-49907","hotspot_type":"intersection","county":"臺北市","township":"南港區","road_or_intersection":"舊莊街1段","accident_count":9,"motorcycle_accident_count":8,"pedestrian_accident_count":2,"death_count":0,"injury_count":11,"fatal_accident_count":0,"risk_score":73.4,"risk_level":"high","confidence":"confirmed","motorcycle_accident_ratio":0.8889,"pedestrian_accident_ratio":0.2222}},{"type":"Feature","geometry":{"type":"Point","coordinates":[121.51958,25.05489]},"properties":{"hotspot_id":"臺北市-50391","hotspot_type":"intersection","county":"臺北市","township":"大同區","road_or_intersection":"赤峰街","accident_count":8,"motorcycle_accident_count":7,"pedestrian_accident_count":1,"death_count":0,"injury_count":13,"fatal_accident_count":0,"risk_score":73.4,"risk_level":"high","confidence":"confirmed","motorcycle_accident_ratio":0.875,"pedestrian_accident_ratio":0.125}},{"type":"Feature","geometry":{"type":"Point","coordinates":[121.53418,25.02109]},"properties":{"hotspot_id":"臺北市-50611","hotspot_type":"intersection","county":"臺北市","township":"大安區","road_or_intersection":"新生南路3段","accident_count":16,"motorcycle_accident_count":15,"pedestrian_accident_count":0,"death_count":0,"injury_count":17,"fatal_accident_count":0,"risk_score":73.4,"risk_level":"high","confidence":"confirmed","motorcycle_accident_ratio":0.9375,"pedestrian_accident_ratio":0.0}},{"type":"Feature","geometry":{"type":"Point","coordinates":[121.56694,25.08536]},"properties":{"hotspot_id":"臺北市-49444","hotspot_type":"intersection","county":"臺北市","township":"內湖區","road_or_intersection":"環山路1段","accident_count":10,"motorcycle_accident_count":9,"pedestrian_accident_count":3,"death_count":0,"injury_count":10,"fatal_accident_count":0,"risk_score":73.4,"risk_level":"high","confidence":"confirmed","motorcycle_accident_ratio":0.9,"pedestrian_accident_ratio":0.3}},{"type":"Feature","geometry":{"type":"Point","coordinates":[121.5763,25.0741]},"properties":{"hotspot_id":"臺北市-49440","hotspot_type":"intersection","county":"臺北市","township":"內湖區","road_or_intersection":"瑞光路 x 瑞湖街","accident_count":7,"motorcycle_accident_count":7,"pedestrian_accident_count":1,"death_count":0,"injury_count":7,"fatal_accident_count":0,"risk_score":73.3,"risk_level":"high","confidence":"confirmed","motorcycle_accident_ratio":1.0,"pedestrian_accident_ratio":0.1429}},{"type":"Feature","geometry":{"type":"Point","coordinates":[121.52209,25.05069]},"properties":{"hotspot_id":"臺北市-48424","hotspot_type":"intersection","county":"臺北市","township":"中山區","road_or_intersection":"中山北路1段","accident_count":7,"motorcycle_accident_count":7,"pedestrian_accident_count":1,"death_count":0,"injury_count":7,"fatal_accident_count":0,"risk_score":73.3,"risk_level":"high","confidence":"confirmed","motorcycle_accident_ratio":1.0,"pedestrian_accident_ratio":0.1429}},{"type":"Feature","geometry":{"type":"Point","coordinates":[121.55675,25.00431]},"properties":{"hotspot_id":"臺北市-50873","hotspot_type":"intersection","county":"臺北市","township":"文山區","road_or_intersection":"興德路 x 辛亥路4段","accident_count":12,"motorcycle_accident_count":11,"pedestrian_accident_count":0,"death_count":0,"injury_count":21,"fatal_accident_count":0,"risk_score":73.3,"risk_level":"high","confidence":"confirmed","motorcycle_accident_ratio":0.9167,"pedestrian_accident_ratio":0.0}},{"type":"Feature","geometry":{"type":"Point","coordinates":[121.52454,25.03753]},"properties":{"hotspot_id":"臺北市-51499","hotspot_type":"intersection","county":"臺北市","township":"中正區","road_or_intersection":"杭州南路1段","accident_count":10,"motorcycle_accident_count":8,"pedestrian_accident_count":1,"death_count":0,"injury_count":13,"fatal_accident_count":0,"risk_score":73.3,"risk_level":"high","confidence":"low_confidence","motorcycle_accident_ratio":0.8,"pedestrian_accident_ratio":0.1}},{"type":"Feature","geometry":{"type":"Point","coordinates":[121.52351,25.08411]},"properties":{"hotspot_id":"臺北市-50013","hotspot_type":"intersection","county":"臺北市","township":"士林區","road_or_intersection":"劍潭路 x 承德路4段","accident_count":10,"motorcycle_accident_count":8,"pedestrian_accident_count":1,"death_count":0,"injury_count":13,"fatal_accident_count":0,"risk_score":73.3,"risk_level":"high","confidence":"confirmed","motorcycle_accident_ratio":0.8,"pedestrian_accident_ratio":0.1}},{"type":"Feature","geometry":{"type":"Point","coordinates":[121.5354,25.02546]},"properties":{"hotspot_id":"臺北市-50490","hotspot_type":"intersection","county":"臺北市","township":"大安區","road_or_intersection":"和平東路2段 x 新生南路3段","accident_count":10,"motorcycle_accident_count":8,"pedestrian_accident_count":1,"death_count":0,"injury_count":13,"fatal_accident_count":0,"risk_score":73.3,"risk_level":"high","confidence":"confirmed","motorcycle_accident_ratio":0.8,"pedestrian_accident_ratio":0.1}},{"type":"Feature","geometry":{"type":"Point","coordinates":[121.53495,25.0139]},"properties":{"hotspot_id":"臺北市-49054","hotspot_type":"intersection","county":"臺北市","township":"中正區","road_or_intersection":"羅斯福路4段","accident_count":14,"motorcycle_accident_count":13,"pedestrian_accident_count":0,"death_count":0,"injury_count":18,"fatal_accident_count":0,"risk_score":73.2,"risk_level":"high","confidence":"confirmed","motorcycle_accident_ratio":0.9286,"pedestrian_accident_ratio":0.0}},{"type":"Feature","geometry":{"type":"Point","coordinates":[121.5256,25.11839]},"properties":{"hotspot_id":"臺北市-50061","hotspot_type":"intersection","county":"臺北市","township":"士林區","road_or_intersection":"天母西路","accident_count":15,"motorcycle_accident_count":13,"pedestrian_accident_count":0,"death_count":0,"injury_count":21,"fatal_accident_count":0,"risk_score":73.2,"risk_level":"high","confidence":"confirmed","motorcycle_accident_ratio":0.8667,"pedestrian_accident_ratio":0.0}},{"type":"Feature","geometry":{"type":"Point","coordinates":[121.5161,25.06856]},"properties":{"hotspot_id":"臺北市-50262","hotspot_type":"intersection","county":"臺北市","township":"大同區","road_or_intersection":"大龍街 x 民族西路","accident_count":11,"motorcycle_accident_count":9,"pedestrian_accident_count":1,"death_count":0,"injury_count":12,"fatal_accident_count":0,"risk_score":73.2,"risk_level":"high","confidence":"confirmed","motorcycle_accident_ratio":0.8182,"pedestrian_accident_ratio":0.0909}},{"type":"Feature","geometry":{"type":"Point","coordinates":[121.52545,25.06023]},"properties":{"hotspot_id":"臺北市-48677","hotspot_type":"intersection","county":"臺北市","township":"中山區","road_or_intersection":"林森北路 x 錦州街","accident_count":11,"motorcycle_accident_count":9,"pedestrian_accident_count":1,"death_count":0,"injury_count":12,"fatal_accident_count":0,"risk_score":73.2,"risk_level":"high","confidence":"confirmed","motorcycle_accident_ratio":0.8182,"pedestrian_accident_ratio":0.0909}},{"type":"Feature","geometry":{"type":"Point","coordinates":[121.53214,25.0149]},"properties":{"hotspot_id":"臺北市-48960","hotspot_type":"intersection","county":"臺北市","township":"中正區","road_or_intersection":"思源街 x 汀州路3段","accident_count":10,"motorcycle_accident_count":10,"pedestrian_accident_count":0,"death_count":0,"injury_count":10,"fatal_accident_count":0,"risk_score":73.1,"risk_level":"high","confidence":"confirmed","motorcycle_accident_ratio":1.0,"pedestrian_accident_ratio":0.0}},{"type":"Feature","geometry":{"type":"Point","coordinates":[121.56567,24.99047]},"properties":{"hotspot_id":"臺北市-50856","hotspot_type":"intersection","county":"臺北市","township":"文山區","road_or_intersection":"秀明路1段","accident_count":9,"motorcycle_accident_count":7,"pedestrian_accident_count":2,"death_count":0,"injury_count":13,"fatal_accident_count":0,"risk_score":73.1,"risk_level":"high","confidence":"confirmed","motorcycle_accident_ratio":0.7778,"pedestrian_accident_ratio":0.2222}},{"type":"Feature","geometry":{"type":"Point","coordinates":[121.54358,25.04165]},"properties":{"hotspot_id":"臺北市-50576","hotspot_type":"intersection","county":"臺北市","township":"大安區","road_or_intersection":"復興南路1段 x 忠孝東路3段","accident_count":16,"motorcycle_accident_count":14,"pedestrian_accident_count":0,"death_count":0,"injury_count":19,"fatal_accident_count":0,"risk_score":73.0,"risk_level":"high","confidence":"confirmed","motorcycle_accident_ratio":0.875,"pedestrian_accident_ratio":0.0}},{"type":"Feature","geometry":{"type":"Point","coordinates":[121.51199,25.04992]},"properties":{"hotspot_id":"臺北市-50290","hotspot_type":"intersection","county":"臺北市","township":"大同區","road_or_intersection":"延平北路1段 x 鄭州路","accident_count":11,"motorcycle_accident_count":8,"pedestrian_accident_count":1,"death_count":0,"injury_count":13,"fatal_accident_count":0,"risk_score":72.9,"risk_level":"high","confidence":"confirmed","motorcycle_accident_ratio":0.7273,"pedestrian_accident_ratio":0.0909}},{"type":"Feature","geometry":{"type":"Point","coordinates":[121.52477,25.08417]},"properties":{"hotspot_id":"臺北市-50011","hotspot_type":"intersection","county":"臺北市","township":"士林區","road_or_intersection":"劍潭路 x 基河路","accident_count":11,"motorcycle_accident_count":7,"pedestrian_accident_count":1,"death_count":0,"injury_count":14,"fatal_accident_count":0,"risk_score":72.9,"risk_level":"high","confidence":"confirmed","motorcycle_accident_ratio":0.6364,"pedestrian_accident_ratio":0.0909}},{"type":"Feature","geometry":{"type":"Point","coordinates":[121.55147,24.98753]},"properties":{"hotspot_id":"臺北市-51379","hotspot_type":"intersection","county":"臺北市","township":"文山區","road_or_intersection":"木柵路1段","accident_count":19,"motorcycle_accident_count":15,"pedestrian_accident_count":0,"death_count":0,"injury_count":25,"fatal_accident_count":0,"risk_score":72.9,"risk_level":"high","confidence":"probable","motorcycle_accident_ratio":0.7895,"pedestrian_accident_ratio":0.0}},{"type":"Feature","geometry":{"type":"Point","coordinates":[121.5331,25.06249]},"properties":{"hotspot_id":"臺北市-48692","hotspot_type":"intersection","county":"臺北市","township":"中山區","road_or_intersection":"民權東路2段","accident_count":14,"motorcycle_accident_count":12,"pedestrian_accident_count":0,"death_count":0,"injury_count":22,"fatal_accident_count":0,"risk_score":72.9,"risk_level":"high","confidence":"confirmed","motorcycle_accident_ratio":0.8571,"pedestrian_accident_ratio":0.0}},{"type":"Feature","geometry":{"type":"Point","coordinates":[121.49648,25.02598]},"properties":{"hotspot_id":"臺北市-51210","hotspot_type":"intersection","county":"臺北市","township":"萬華區","road_or_intersection":"東園街","accident_count":13,"motorcycle_accident_count":12,"pedestrian_accident_count":0,"death_count":0,"injury_count":18,"fatal_accident_count":0,"risk_score":72.8,"risk_level":"high","confidence":"confirmed","motorcycle_accident_ratio":0.9231,"pedestrian_accident_ratio":0.0}},{"type":"Feature","geometry":{"type":"Point","coordinates":[121.53432,25.01336]},"properties":{"hotspot_id":"臺北市-49021","hotspot_type":"intersection","county":"臺北市","township":"中正區","road_or_intersection":"汀州路3段 x 羅斯福路4段","accident_count":13,"motorcycle_accident_count":12,"pedestrian_accident_count":0,"death_count":0,"injury_count":18,"fatal_accident_count":0,"risk_score":72.8,"risk_level":"high","confidence":"confirmed","motorcycle_accident_ratio":0.9231,"pedestrian_accident_ratio":0.0}},{"type":"Feature","geometry":{"type":"Point","coordinates":[121.52169,25.05035]},"properties":{"hotspot_id":"臺北市-48432","hotspot_type":"intersection","county":"臺北市","township":"中山區","road_or_intersection":"中山北路1段 x 長安東路1段","accident_count":14,"motorcycle_accident_count":13,"pedestrian_accident_count":0,"death_count":0,"injury_count":17,"fatal_accident_count":0,"risk_score":72.8,"risk_level":"high","confidence":"confirmed","motorcycle_accident_ratio":0.9286,"pedestrian_accident_ratio":0.0}},{"type":"Feature","geometry":{"type":"Point","coordinates":[121.52888,25.09578]},"properties":{"hotspot_id":"臺北市-51471","hotspot_type":"intersection","county":"臺北市","township":"士林區","road_or_intersection":"中山北路5段","accident_count":19,"motorcycle_accident_count":15,"pedestrian_accident_count":0,"death_count":0,"injury_count":24,"fatal_accident_count":0,"risk_score":72.8,"risk_level":"high","confidence":"probable","motorcycle_accident_ratio":0.7895,"pedestrian_accident_ratio":0.0}},{"type":"Feature","geometry":{"type":"Point","coordinates":[121.53479,25.0219]},"properties":{"hotspot_id":"臺北市-51549","hotspot_type":"intersection","county":"臺北市","township":"大安區","road_or_intersection":"新生南路3段","accident_count":8,"motorcycle_accident_count":8,"pedestrian_accident_count":0,"death_count":0,"injury_count":11,"fatal_accident_count":0,"risk_score":72.7,"risk_level":"high","confidence":"probable","motorcycle_accident_ratio":1.0,"pedestrian_accident_ratio":0.0}},{"type":"Feature","geometry":{"type":"Point","coordinates":[121.51291,25.08522]},"properties":{"hotspot_id":"臺北市-50030","hotspot_type":"intersection","county":"臺北市","township":"士林區","road_or_intersection":"堤外便道 x 通河西街1段","accident_count":8,"motorcycle_accident_count":8,"pedestrian_accident_count":0,"death_count":0,"injury_count":11,"fatal_accident_count":0,"risk_score":72.7,"risk_level":"high","confidence":"confirmed","motorcycle_accident_ratio":1.0,"pedestrian_accident_ratio":0.0}},{"type":"Feature","geometry":{"type":"Point","coordinates":[121.50004,25.02519]},"properties":{"hotspot_id":"臺北市-51191","hotspot_type":"intersection","county":"臺北市","township":"萬華區","road_or_intersection":"德昌街 x 萬大路","accident_count":8,"motorcycle_accident_count":8,"pedestrian_accident_count":0,"death_count":0,"injury_count":11,"fatal_accident_count":0,"risk_score":72.7,"risk_level":"high","confidence":"confirmed","motorcycle_accident_ratio":1.0,"pedestrian_accident_ratio":0.0}},{"type":"Feature","geometry":{"type":"Point","coordinates":[121.52515,25.06402]},"properties":{"hotspot_id":"臺北市-48645","hotspot_type":"intersection","county":"臺北市","township":"中山區","road_or_intersection":"新生北路3段 x 林森北路","accident_count":8,"motorcycle_accident_count":7,"pedestrian_accident_count":3,"death_count":0,"injury_count":11,"fatal_accident_count":0,"risk_score":72.7,"risk_level":"high","confidence":"confirmed","motorcycle_accident_ratio":0.875,"pedestrian_accident_ratio":0.375}},{"type":"Feature","geometry":{"type":"Point","coordinates":[121.50764,25.03924]},"properties":{"hotspot_id":"臺北市-48784","hotspot_type":"intersection","county":"臺北市","township":"中正區","road_or_intersection":"中華路1段 x 貴陽街1段","accident_count":8,"motorcycle_accident_count":8,"pedestrian_accident_count":0,"death_count":0,"injury_count":11,"fatal_accident_count":0,"risk_score":72.7,"risk_level":"high","confidence":"confirmed","motorcycle_accident_ratio":1.0,"pedestrian_accident_ratio":0.0}},{"type":"Feature","geometry":{"type":"Point","coordinates":[121.51664,25.04391]},"properties":{"hotspot_id":"臺北市-48867","hotspot_type":"intersection","county":"臺北市","township":"中正區","road_or_intersection":"南陽街 x 襄陽路","accident_count":8,"motorcycle_accident_count":7,"pedestrian_accident_count":3,"death_count":0,"injury_count":11,"fatal_accident_count":0,"risk_score":72.7,"risk_level":"high","confidence":"confirmed","motorcycle_accident_ratio":0.875,"pedestrian_accident_ratio":0.375}},{"type":"Feature","geometry":{"type":"Point","coordinates":[121.58321,25.06841]},"properties":{"hotspot_id":"臺北市-51609","hotspot_type":"intersection","county":"臺北市","township":"內湖區","road_or_intersection":"民權東路6段","accident_count":8,"motorcycle_accident_count":8,"pedestrian_accident_count":0,"death_count":0,"injury_count":11,"fatal_accident_count":0,"risk_score":72.7,"risk_level":"high","confidence":"probable","motorcycle_accident_ratio":1.0,"pedestrian_accident_ratio":0.0}},{"type":"Feature","geometry":{"type":"Point","coordinates":[121.50365,25.02871]},"properties":{"hotspot_id":"臺北市-51110","hotspot_type":"intersection","county":"臺北市","township":"萬華區","road_or_intersection":"中華路2段 x 西藏路","accident_count":8,"motorcycle_accident_count":8,"pedestrian_accident_count":0,"death_count":0,"injury_count":11,"fatal_accident_count":0,"risk_score":72.7,"risk_level":"high","confidence":"confirmed","motorcycle_accident_ratio":1.0,"pedestrian_accident_ratio":0.0}},{"type":"Feature","geometry":{"type":"Point","coordinates":[121.5593,25.03253]},"properties":{"hotspot_id":"臺北市-51857","hotspot_type":"intersection","county":"臺北市","township":"信義區","road_or_intersection":"基隆路2段","accident_count":8,"motorcycle_accident_count":8,"pedestrian_accident_count":0,"death_count":0,"injury_count":11,"fatal_accident_count":0,"risk_score":72.7,"risk_level":"high","confidence":"probable","motorcycle_accident_ratio":1.0,"pedestrian_accident_ratio":0.0}},{"type":"Feature","geometry":{"type":"Point","coordinates":[121.57538,25.0537]},"properties":{"hotspot_id":"臺北市-51635","hotspot_type":"intersection","county":"臺北市","township":"內湖區","road_or_intersection":"麥帥一橋前0.0公尺","accident_count":17,"motorcycle_accident_count":12,"pedestrian_accident_count":0,"death_count":1,"injury_count":25,"fatal_accident_count":1,"risk_score":72.7,"risk_level":"high","confidence":"probable","motorcycle_accident_ratio":0.7059,"pedestrian_accident_ratio":0.0}},{"type":"Feature","geometry":{"type":"Point","coordinates":[121.55694,25.0233]},"properties":{"hotspot_id":"臺北市-49177","hotspot_type":"intersection","county":"臺北市","township":"信義區","road_or_intersection":"富陽街 x 崇德街","accident_count":8,"motorcycle_accident_count":8,"pedestrian_accident_count":0,"death_count":0,"injury_count":11,"fatal_accident_count":0,"risk_score":72.7,"risk_level":"high","confidence":"confirmed","motorcycle_accident_ratio":1.0,"pedestrian_accident_ratio":0.0}},{"type":"Feature","geometry":{"type":"Point","coordinates":[121.52604,25.02682]},"properties":{"hotspot_id":"臺北市-50482","hotspot_type":"intersection","county":"臺北市","township":"大安區","road_or_intersection":"和平東路1段 x 金山南路2段","accident_count":12,"motorcycle_accident_count":11,"pedestrian_accident_count":0,"death_count":0,"injury_count":19,"fatal_accident_count":0,"risk_score":72.7,"risk_level":"high","confidence":"confirmed","motorcycle_accident_ratio":0.9167,"pedestrian_accident_ratio":0.0}},{"type":"Feature","geometry":{"type":"Point","coordinates":[121.57535,25.03482]},"properties":{"hotspot_id":"臺北市-49134","hotspot_type":"intersection","county":"臺北市","township":"信義區","road_or_intersection":"信義路6段 x 松德路","accident_count":8,"motorcycle_accident_count":8,"pedestrian_accident_count":0,"death_count":0,"injury_count":11,"fatal_accident_count":0,"risk_score":72.7,"risk_level":"high","confidence":"confirmed","motorcycle_accident_ratio":1.0,"pedestrian_accident_ratio":0.0}},{"type":"Feature","geometry":{"type":"Point","coordinates":[121.56587,25.03907]},"properties":{"hotspot_id":"臺北市-49231","hotspot_type":"intersection","county":"臺北市","township":"信義區","road_or_intersection":"松智路 x 松高路","accident_count":8,"motorcycle_accident_count":8,"pedestrian_accident_count":0,"death_count":0,"injury_count":11,"fatal_accident_count":0,"risk_score":72.7,"risk_level":"high","confidence":"confirmed","motorcycle_accident_ratio":1.0,"pedestrian_accident_ratio":0.0}},{"type":"Feature","geometry":{"type":"Point","coordinates":[121.55644,25.02535]},"properties":{"hotspot_id":"臺北市-51787","hotspot_type":"intersection","county":"臺北市","township":"信義區","road_or_intersection":"信安街","accident_count":10,"motorcycle_accident_count":7,"pedestrian_accident_count":4,"death_count":0,"injury_count":12,"fatal_accident_count":0,"risk_score":72.7,"risk_level":"high","confidence":"probable","motorcycle_accident_ratio":0.7,"pedestrian_accident_ratio":0.4}},{"type":"Feature","geometry":{"type":"Point","coordinates":[121.51303,25.05391]},"properties":{"hotspot_id":"臺北市-51703","hotspot_type":"intersection","county":"臺北市","township":"大同區","road_or_intersection":"南京西路","accident_count":9,"motorcycle_accident_count":8,"pedestrian_accident_count":4,"death_count":0,"injury_count":10,"fatal_accident_count":0,"risk_score":72.7,"risk_level":"high","confidence":"probable","motorcycle_accident_ratio":0.8889,"pedestrian_accident_ratio":0.4444}},{"type":"Feature","geometry":{"type":"Point","coordinates":[121.50983,25.04669]},"properties":{"hotspot_id":"臺北市-51737","hotspot_type":"intersection","county":"臺北市","township":"中正區","road_or_intersection":"中華路1段","accident_count":8,"motorcycle_accident_count":8,"pedestrian_accident_count":0,"death_count":0,"injury_count":11,"fatal_accident_count":0,"risk_score":72.7,"risk_level":"high","confidence":"probable","motorcycle_accident_ratio":1.0,"pedestrian_accident_ratio":0.0}},{"type":"Feature","geometry":{"type":"Point","coordinates":[121.51459,25.11867]},"properties":{"hotspot_id":"臺北市-49758","hotspot_type":"intersection","county":"臺北市","township":"北投區","road_or_intersection":"立農街2段","accident_count":8,"motorcycle_accident_count":8,"pedestrian_accident_count":0,"death_count":0,"injury_count":11,"fatal_accident_count":0,"risk_score":72.7,"risk_level":"high","confidence":"confirmed","motorcycle_accident_ratio":1.0,"pedestrian_accident_ratio":0.0}},{"type":"Feature","geometry":{"type":"Point","coordinates":[121.5336,25.05432]},"properties":{"hotspot_id":"臺北市-51805","hotspot_type":"intersection","county":"臺北市","township":"中山區","road_or_intersection":"松江路","accident_count":10,"motorcycle_accident_count":6,"pedestrian_accident_count":3,"death_count":0,"injury_count":13,"fatal_accident_count":0,"risk_score":72.7,"risk_level":"high","confidence":"probable","motorcycle_accident_ratio":0.6,"pedestrian_accident_ratio":0.3}},{"type":"Feature","geometry":{"type":"Point","coordinates":[121.51822,25.05729]},"properties":{"hotspot_id":"臺北市-50319","hotspot_type":"intersection","county":"臺北市","township":"大同區","road_or_intersection":"承德路2段 x 民生西路","accident_count":8,"motorcycle_accident_count":7,"pedestrian_accident_count":1,"death_count":0,"injury_count":12,"fatal_accident_count":0,"risk_score":72.6,"risk_level":"high","confidence":"confirmed","motorcycle_accident_ratio":0.875,"pedestrian_accident_ratio":0.125}},{"type":"Feature","geometry":{"type":"Point","coordinates":[121.5544,25.02155]},"properties":{"hotspot_id":"臺北市-50498","hotspot_type":"intersection","county":"臺北市","township":"大安區","road_or_intersection":"和平東路3段 x 安居街","accident_count":9,"motorcycle_accident_count":7,"pedestrian_accident_count":3,"death_count":0,"injury_count":12,"fatal_accident_count":0,"risk_score":72.6,"risk_level":"high","confidence":"confirmed","motorcycle_accident_ratio":0.7778,"pedestrian_accident_ratio":0.3333}},{"type":"Feature","geometry":{"type":"Point","coordinates":[121.50054,25.12051]},"properties":{"hotspot_id":"臺北市-49579","hotspot_type":"intersection","county":"臺北市","township":"北投區","road_or_intersection":"大度路 x 承德路7段","accident_count":9,"motorcycle_accident_count":8,"pedestrian_accident_count":1,"death_count":0,"injury_count":11,"fatal_accident_count":0,"risk_score":72.6,"risk_level":"high","confidence":"confirmed","motorcycle_accident_ratio":0.8889,"pedestrian_accident_ratio":0.1111}},{"type":"Feature","geometry":{"type":"Point","coordinates":[121.57219,25.04921]},"properties":{"hotspot_id":"臺北市-49257","hotspot_type":"intersection","county":"臺北市","township":"信義區市","road_or_intersection":"松信路 x 民大道6段","accident_count":7,"motorcycle_accident_count":7,"pedestrian_accident_count":0,"death_count":0,"injury_count":12,"fatal_accident_count":0,"risk_score":72.6,"risk_level":"high","confidence":"confirmed","motorcycle_accident_ratio":1.0,"pedestrian_accident_ratio":0.0}},{"type":"Feature","geometry":{"type":"Point","coordinates":[121.55185,25.02621]},"properties":{"hotspot_id":"臺北市-50621","hotspot_type":"intersection","county":"臺北市","township":"大安區","road_or_intersection":"樂利路","accident_count":9,"motorcycle_accident_count":8,"pedestrian_accident_count":1,"death_count":0,"injury_count":11,"fatal_accident_count":0,"risk_score":72.6,"risk_level":"high","confidence":"confirmed","motorcycle_accident_ratio":0.8889,"pedestrian_accident_ratio":0.1111}},{"type":"Feature","geometry":{"type":"Point","coordinates":[121.56537,25.05133]},"properties":{"hotspot_id":"臺北市-50988","hotspot_type":"intersection","county":"臺北市","township":"松山區","road_or_intersection":"南京東路5段 x 東興路","accident_count":8,"motorcycle_accident_count":7,"pedestrian_accident_count":1,"death_count":0,"injury_count":12,"fatal_accident_count":0,"risk_score":72.6,"risk_level":"high","confidence":"confirmed","motorcycle_accident_ratio":0.875,"pedestrian_accident_ratio":0.125}},{"type":"Feature","geometry":{"type":"Point","coordinates":[121.55785,25.03668]},"properties":{"hotspot_id":"臺北市-49136","hotspot_type":"intersection","county":"臺北市","township":"信義區","road_or_intersection":"光復南路","accident_count":16,"motorcycle_accident_count":13,"pedestrian_accident_count":0,"death_count":0,"injury_count":22,"fatal_accident_count":0,"risk_score":72.6,"risk_level":"high","confidence":"confirmed","motorcycle_accident_ratio":0.8125,"pedestrian_accident_ratio":0.0}},{"type":"Feature","geometry":{"type":"Point","coordinates":[121.56508,25.04113]},"properties":{"hotspot_id":"臺北市-51910","hotspot_type":"intersection","county":"臺北市","township":"信義區","road_or_intersection":"忠孝東路5段","accident_count":9,"motorcycle_accident_count":8,"pedestrian_accident_count":1,"death_count":0,"injury_count":11,"fatal_accident_count":0,"risk_score":72.6,"risk_level":"high","confidence":"probable","motorcycle_accident_ratio":0.8889,"pedestrian_accident_ratio":0.1111}},{"type":"Feature","geometry":{"type":"Point","coordinates":[121.53805,25.04492]},"properties":{"hotspot_id":"臺北市-48733","hotspot_type":"intersection","county":"臺北市","township":"中山區市","road_or_intersection":"八德路2段 x 民大道3段","accident_count":15,"motorcycle_accident_count":14,"pedestrian_accident_count":0,"death_count":0,"injury_count":16,"fatal_accident_count":0,"risk_score":72.6,"risk_level":"high","confidence":"confirmed","motorcycle_accident_ratio":0.9333,"pedestrian_accident_ratio":0.0}},{"type":"Feature","geometry":{"type":"Point","coordinates":[121.51599,25.02722]},"properties":{"hotspot_id":"臺北市-49072","hotspot_type":"intersection","county":"臺北市","township":"中正區","road_or_intersection":"重慶南路3段","accident_count":7,"motorcycle_accident_count":7,"pedestrian_accident_count":0,"death_count":0,"injury_count":12,"fatal_accident_count":0,"risk_score":72.6,"risk_level":"high","confidence":"confirmed","motorcycle_accident_ratio":1.0,"pedestrian_accident_ratio":0.0}},{"type":"Feature","geometry":{"type":"Point","coordinates":[121.50902,25.02869]},"properties":{"hotspot_id":"臺北市-49009","hotspot_type":"intersection","county":"臺北市","township":"中正區","road_or_intersection":"汀州路1段","accident_count":7,"motorcycle_accident_count":7,"pedestrian_accident_count":0,"death_count":0,"injury_count":12,"fatal_accident_count":0,"risk_score":72.6,"risk_level":"high","confidence":"confirmed","motorcycle_accident_ratio":1.0,"pedestrian_accident_ratio":0.0}},{"type":"Feature","geometry":{"type":"Point","coordinates":[121.52043,25.05017]},"properties":{"hotspot_id":"臺北市-48725","hotspot_type":"intersection","county":"臺北市","township":"中山區","road_or_intersection":"長安西路","accident_count":7,"motorcycle_accident_count":7,"pedestrian_accident_count":0,"death_count":0,"injury_count":12,"fatal_accident_count":0,"risk_score":72.6,"risk_level":"high","confidence":"confirmed","motorcycle_accident_ratio":1.0,"pedestrian_accident_ratio":0.0}},{"type":"Feature","geometry":{"type":"Point","coordinates":[121.50057,25.03219]},"properties":{"hotspot_id":"臺北市-51272","hotspot_type":"intersection","county":"臺北市","township":"萬華區","road_or_intersection":"艋舺大道 x 萬大路","accident_count":9,"motorcycle_accident_count":8,"pedestrian_accident_count":1,"death_count":0,"injury_count":11,"fatal_accident_count":0,"risk_score":72.6,"risk_level":"high","confidence":"confirmed","motorcycle_accident_ratio":0.8889,"pedestrian_accident_ratio":0.1111}},{"type":"Feature","geometry":{"type":"Point","coordinates":[121.526,25.07458]},"properties":{"hotspot_id":"臺北市-51532","hotspot_type":"intersection","county":"臺北市","township":"中山區","road_or_intersection":"中山橋前0.0公尺","accident_count":16,"motorcycle_accident_count":13,"pedestrian_accident_count":0,"death_count":0,"injury_count":22,"fatal_accident_count":0,"risk_score":72.6,"risk_level":"high","confidence":"probable","motorcycle_accident_ratio":0.8125,"pedestrian_accident_ratio":0.0}},{"type":"Feature","geometry":{"type":"Point","coordinates":[121.5315,25.05295]},"properties":{"hotspot_id":"臺北市-48414","hotspot_type":"intersection","county":"臺北市","township":"中山區","road_or_intersection":"一江街 x 松江路","accident_count":7,"motorcycle_accident_count":7,"pedestrian_accident_count":0,"death_count":0,"injury_count":12,"fatal_accident_count":0,"risk_score":72.6,"risk_level":"high","confidence":"confirmed","motorcycle_accident_ratio":1.0,"pedestrian_accident_ratio":0.0}},{"type":"Feature","geometry":{"type":"Point","coordinates":[121.52805,25.06257]},"properties":{"hotspot_id":"臺北市-48638","hotspot_type":"intersection","county":"臺北市","township":"中山區","road_or_intersection":"新生北路2段 x 民權東路2段","accident_count":6,"motorcycle_accident_count":5,"pedestrian_accident_count":1,"death_count":0,"injury_count":16,"fatal_accident_count":0,"risk_score":72.5,"risk_level":"high","confidence":"confirmed","motorcycle_accident_ratio":0.8333,"pedestrian_accident_ratio":0.1667}},{"type":"Feature","geometry":{"type":"Point","coordinates":[121.53193,25.04567]},"properties":{"hotspot_id":"臺北市-51860","hotspot_type":"intersection","county":"臺北市","township":"中正區市","road_or_intersection":"民大道3段","accident_count":9,"motorcycle_accident_count":9,"pedestrian_accident_count":0,"death_count":0,"injury_count":10,"fatal_accident_count":0,"risk_score":72.4,"risk_level":"high","confidence":"probable","motorcycle_accident_ratio":1.0,"pedestrian_accident_ratio":0.0}},{"type":"Feature","geometry":{"type":"Point","coordinates":[121.57775,25.04951]},"properties":{"hotspot_id":"臺北市-51080","hotspot_type":"intersection","county":"臺北市","township":"松山區市","road_or_intersection":"松山路 x 民大道6段","accident_count":10,"motorcycle_accident_count":8,"pedestrian_accident_count":1,"death_count":0,"injury_count":12,"fatal_accident_count":0,"risk_score":72.4,"risk_level":"high","confidence":"confirmed","motorcycle_accident_ratio":0.8,"pedestrian_accident_ratio":0.1}},{"type":"Feature","geometry":{"type":"Point","coordinates":[121.49931,25.03531]},"properties":{"hotspot_id":"臺北市-51136","hotspot_type":"intersection","county":"臺北市","township":"萬華區","road_or_intersection":"和平西路3段 x 西園路1段","accident_count":7,"motorcycle_accident_count":6,"pedestrian_accident_count":4,"death_count":0,"injury_count":12,"fatal_accident_count":0,"risk_score":72.4,"risk_level":"high","confidence":"confirmed","motorcycle_accident_ratio":0.8571,"pedestrian_accident_ratio":0.5714}},{"type":"Feature","geometry":{"type":"Point","coordinates":[121.5182,25.05787]},"properties":{"hotspot_id":"臺北市-50360","hotspot_type":"intersection","county":"臺北市","township":"大同區","road_or_intersection":"民生西路 x 萬全街","accident_count":13,"motorcycle_accident_count":12,"pedestrian_accident_count":0,"death_count":0,"injury_count":17,"fatal_accident_count":0,"risk_score":72.4,"risk_level":"high","confidence":"confirmed","motorcycle_accident_ratio":0.9231,"pedestrian_accident_ratio":0.0}},{"type":"Feature","geometry":{"type":"Point","coordinates":[121.50556,25.04634]},"properties":{"hotspot_id":"臺北市-51740","hotspot_type":"intersection","county":"臺北市","township":"萬華區","road_or_intersection":"昆明街","accident_count":8,"motorcycle_accident_count":7,"pedestrian_accident_count":2,"death_count":0,"injury_count":11,"fatal_accident_count":0,"risk_score":72.4,"risk_level":"high","confidence":"probable","motorcycle_accident_ratio":0.875,"pedestrian_accident_ratio":0.25}},{"type":"Feature","geometry":{"type":"Point","coordinates":[121.50934,25.0866]},"properties":{"hotspot_id":"臺北市-49967","hotspot_type":"intersection","county":"臺北市","township":"士林區","road_or_intersection":"中正路 x 延平北路5段","accident_count":13,"motorcycle_accident_count":12,"pedestrian_accident_count":0,"death_count":0,"injury_count":17,"fatal_accident_count":0,"risk_score":72.4,"risk_level":"high","confidence":"confirmed","motorcycle_accident_ratio":0.9231,"pedestrian_accident_ratio":0.0}},{"type":"Feature","geometry":{"type":"Point","coordinates":[121.52477,25.10339]},"properties":{"hotspot_id":"臺北市-49937","hotspot_type":"intersection","county":"臺北市","township":"士林區","road_or_intersection":"中山北路5段 x 福國路","accident_count":13,"motorcycle_accident_count":12,"pedestrian_accident_count":0,"death_count":0,"injury_count":17,"fatal_accident_count":0,"risk_score":72.4,"risk_level":"high","confidence":"confirmed","motorcycle_accident_ratio":0.9231,"pedestrian_accident_ratio":0.0}},{"type":"Feature","geometry":{"type":"Point","coordinates":[121.55167,25.0265]},"properties":{"hotspot_id":"臺北市-49178","hotspot_type":"intersection","county":"臺北市","township":"信義區","road_or_intersection":"崇德街","accident_count":10,"motorcycle_accident_count":8,"pedestrian_accident_count":1,"death_count":0,"injury_count":12,"fatal_accident_count":0,"risk_score":72.4,"risk_level":"high","confidence":"confirmed","motorcycle_accident_ratio":0.8,"pedestrian_accident_ratio":0.1}},{"type":"Feature","geometry":{"type":"Point","coordinates":[121.52207,25.06317]},"properties":{"hotspot_id":"臺北市-48458","hotspot_type":"intersection","county":"臺北市","township":"中山區","road_or_intersection":"中山北路3段 x 農安街","accident_count":8,"motorcycle_accident_count":7,"pedestrian_accident_count":2,"death_count":0,"injury_count":11,"fatal_accident_count":0,"risk_score":72.4,"risk_level":"high","confidence":"confirmed","motorcycle_accident_ratio":0.875,"pedestrian_accident_ratio":0.25}},{"type":"Feature","geometry":{"type":"Point","coordinates":[121.55038,25.01783]},"properties":{"hotspot_id":"臺北市-51479","hotspot_type":"intersection","county":"臺北市","township":"大安區","road_or_intersection":"臥龍街","accident_count":10,"motorcycle_accident_count":6,"pedestrian_accident_count":2,"death_count":0,"injury_count":13,"fatal_accident_count":0,"risk_score":72.4,"risk_level":"high","confidence":"probable","motorcycle_accident_ratio":0.6,"pedestrian_accident_ratio":0.2}},{"type":"Feature","geometry":{"type":"Point","coordinates":[121.53411,25.06914]},"properties":{"hotspot_id":"臺北市-48661","hotspot_type":"intersection","county":"臺北市","township":"中山區","road_or_intersection":"松江路 x 民族東路","accident_count":12,"motorcycle_accident_count":10,"pedestrian_accident_count":0,"death_count":1,"injury_count":15,"fatal_accident_count":1,"risk_score":72.3,"risk_level":"high","confidence":"confirmed","motorcycle_accident_ratio":0.8333,"pedestrian_accident_ratio":0.0}},{"type":"Feature","geometry":{"type":"Point","coordinates":[121.53613,25.06599]},"properties":{"hotspot_id":"臺北市-48583","hotspot_type":"intersection","county":"臺北市","township":"中山區","road_or_intersection":"建國北路3段","accident_count":10,"motorcycle_accident_count":8,"pedestrian_accident_count":2,"death_count":0,"injury_count":11,"fatal_accident_count":0,"risk_score":72.3,"risk_level":"high","confidence":"confirmed","motorcycle_accident_ratio":0.8,"pedestrian_accident_ratio":0.2}},{"type":"Feature","geometry":{"type":"Point","coordinates":[121.52654,25.12083]},"properties":{"hotspot_id":"臺北市-50053","hotspot_type":"intersection","county":"臺北市","township":"士林區","road_or_intersection":"天母北路","accident_count":9,"motorcycle_accident_count":7,"pedestrian_accident_count":1,"death_count":0,"injury_count":13,"fatal_accident_count":0,"risk_score":72.3,"risk_level":"high","confidence":"confirmed","motorcycle_accident_ratio":0.7778,"pedestrian_accident_ratio":0.1111}},{"type":"Feature","geometry":{"type":"Point","coordinates":[121.51429,25.04908]},"properties":{"hotspot_id":"臺北市-49067","hotspot_type":"intersection","county":"臺北市","township":"中正區","road_or_intersection":"鄭州路 x 重慶北路1段","accident_count":18,"motorcycle_accident_count":13,"pedestrian_accident_count":0,"death_count":0,"injury_count":25,"fatal_accident_count":0,"risk_score":72.2,"risk_level":"high","confidence":"confirmed","motorcycle_accident_ratio":0.7222,"pedestrian_accident_ratio":0.0}},{"type":"Feature","geometry":{"type":"Point","coordinates":[121.52534,25.14438]},"properties":{"hotspot_id":"臺北市-51319","hotspot_type":"intersection","county":"臺北市","township":"北投區","road_or_intersection":"泉源路","accident_count":10,"motorcycle_accident_count":7,"pedestrian_accident_count":1,"death_count":0,"injury_count":13,"fatal_accident_count":0,"risk_score":72.2,"risk_level":"high","confidence":"low_confidence","motorcycle_accident_ratio":0.7,"pedestrian_accident_ratio":0.1}},{"type":"Feature","geometry":{"type":"Point","coordinates":[121.55408,24.98326]},"properties":{"hotspot_id":"臺北市-50727","hotspot_type":"intersection","county":"臺北市","township":"文山區","road_or_intersection":"忠順街1段 x 辛亥路7段","accident_count":10,"motorcycle_accident_count":7,"pedestrian_accident_count":1,"death_count":0,"injury_count":13,"fatal_accident_count":0,"risk_score":72.2,"risk_level":"high","confidence":"confirmed","motorcycle_accident_ratio":0.7,"pedestrian_accident_ratio":0.1}},{"type":"Feature","geometry":{"type":"Point","coordinates":[121.51646,25.02573]},"properties":{"hotspot_id":"臺北市-49017","hotspot_type":"intersection","county":"臺北市","township":"中正區","road_or_intersection":"汀州路2段 x 重慶南路3段","accident_count":16,"motorcycle_accident_count":13,"pedestrian_accident_count":0,"death_count":0,"injury_count":20,"fatal_accident_count":0,"risk_score":72.1,"risk_level":"high","confidence":"confirmed","motorcycle_accident_ratio":0.8125,"pedestrian_accident_ratio":0.0}},{"type":"Feature","geometry":{"type":"Point","coordinates":[121.51008,25.12021]},"properties":{"hotspot_id":"臺北市-49703","hotspot_type":"intersection","county":"臺北市","township":"北投區","road_or_intersection":"東華街2段 x 致遠三路","accident_count":10,"motorcycle_accident_count":6,"pedestrian_accident_count":4,"death_count":0,"injury_count":12,"fatal_accident_count":0,"risk_score":72.0,"risk_level":"high","confidence":"confirmed","motorcycle_accident_ratio":0.6,"pedestrian_accident_ratio":0.4}},{"type":"Feature","geometry":{"type":"Point","coordinates":[121.52411,25.04771]},"properties":{"hotspot_id":"臺北市-49090","hotspot_type":"intersection","county":"臺北市","township":"中正區市","road_or_intersection":"林森北路 x 民大道2段","accident_count":13,"motorcycle_accident_count":11,"pedestrian_accident_count":0,"death_count":0,"injury_count":20,"fatal_accident_count":0,"risk_score":72.0,"risk_level":"high","confidence":"confirmed","motorcycle_accident_ratio":0.8462,"pedestrian_accident_ratio":0.0}},{"type":"Feature","geometry":{"type":"Point","coordinates":[121.61325,25.06099]},"properties":{"hotspot_id":"臺北市-51491","hotspot_type":"intersection","county":"臺北市","township":"南港區","road_or_intersection":"南湖大橋前0.0公尺","accident_count":18,"motorcycle_accident_count":14,"pedestrian_accident_count":0,"death_count":0,"injury_count":21,"fatal_accident_count":0,"risk_score":72.0,"risk_level":"high","confidence":"probable","motorcycle_accident_ratio":0.7778,"pedestrian_accident_ratio":0.0}},{"type":"Feature","geometry":{"type":"Point","coordinates":[121.54474,25.07967]},"properties":{"hotspot_id":"臺北市-48493","hotspot_type":"intersection","county":"臺北市","township":"中山區","road_or_intersection":"北安路 x 大直橋","accident_count":11,"motorcycle_accident_count":10,"pedestrian_accident_count":0,"death_count":0,"injury_count":18,"fatal_accident_count":0,"risk_score":71.8,"risk_level":"high","confidence":"confirmed","motorcycle_accident_ratio":0.9091,"pedestrian_accident_ratio":0.0}},{"type":"Feature","geometry":{"type":"Point","coordinates":[121.56551,25.04924]},"properties":{"hotspot_id":"臺北市-50967","hotspot_type":"intersection","county":"臺北市","township":"松山區","road_or_intersection":"八德路4段 x 東興路","accident_count":11,"motorcycle_accident_count":10,"pedestrian_accident_count":0,"death_count":0,"injury_count":18,"fatal_accident_count":0,"risk_score":71.8,"risk_level":"high","confidence":"confirmed","motorcycle_accident_ratio":0.9091,"pedestrian_accident_ratio":0.0}},{"type":"Feature","geometry":{"type":"Point","coordinates":[121.51329,25.04345]},"properties":{"hotspot_id":"臺北市-49059","hotspot_type":"intersection","county":"臺北市","township":"中正區","road_or_intersection":"襄陽路 x 重慶南路1段","accident_count":7,"motorcycle_accident_count":7,"pedestrian_accident_count":0,"death_count":0,"injury_count":11,"fatal_accident_count":0,"risk_score":71.7,"risk_level":"high","confidence":"confirmed","motorcycle_accident_ratio":1.0,"pedestrian_accident_ratio":0.0}},{"type":"Feature","geometry":{"type":"Point","coordinates":[121.61258,25.06712]},"properties":{"hotspot_id":"臺北市-49268","hotspot_type":"intersection","county":"臺北市","township":"內湖區","road_or_intersection":"五分街 x 康寧路3段","accident_count":7,"motorcycle_accident_count":7,"pedestrian_accident_count":0,"death_count":0,"injury_count":11,"fatal_accident_count":0,"risk_score":71.7,"risk_level":"high","confidence":"confirmed","motorcycle_accident_ratio":1.0,"pedestrian_accident_ratio":0.0}},{"type":"Feature","geometry":{"type":"Point","coordinates":[121.54399,25.04496]},"properties":{"hotspot_id":"臺北市-51075","hotspot_type":"intersection","county":"臺北市","township":"松山區市","road_or_intersection":"復興南路1段 x 民大道4段","accident_count":7,"motorcycle_accident_count":7,"pedestrian_accident_count":0,"death_count":0,"injury_count":11,"fatal_accident_count":0,"risk_score":71.7,"risk_level":"high","confidence":"confirmed","motorcycle_accident_ratio":1.0,"pedestrian_accident_ratio":0.0}},{"type":"Feature","geometry":{"type":"Point","coordinates":[121.49685,25.12117]},"properties":{"hotspot_id":"臺北市-51414","hotspot_type":"intersection","county":"臺北市","township":"北投區","road_or_intersection":"大度路","accident_count":7,"motorcycle_accident_count":7,"pedestrian_accident_count":0,"death_count":0,"injury_count":11,"fatal_accident_count":0,"risk_score":71.7,"risk_level":"high","confidence":"probable","motorcycle_accident_ratio":1.0,"pedestrian_accident_ratio":0.0}},{"type":"Feature","geometry":{"type":"Point","coordinates":[121.56682,25.00209]},"properties":{"hotspot_id":"臺北市-50889","hotspot_type":"intersection","county":"臺北市","township":"文山區","road_or_intersection":"萬和街 x 萬美街1段","accident_count":7,"motorcycle_accident_count":7,"pedestrian_accident_count":0,"death_count":0,"injury_count":11,"fatal_accident_count":0,"risk_score":71.7,"risk_level":"high","confidence":"confirmed","motorcycle_accident_ratio":1.0,"pedestrian_accident_ratio":0.0}},{"type":"Feature","geometry":{"type":"Point","coordinates":[121.54377,25.04472]},"properties":{"hotspot_id":"臺北市-50680","hotspot_type":"intersection","county":"臺北市","township":"大安區市","road_or_intersection":"復興南路1段 x 民大道3段","accident_count":7,"motorcycle_accident_count":7,"pedestrian_accident_count":0,"death_count":0,"injury_count":11,"fatal_accident_count":0,"risk_score":71.7,"risk_level":"high","confidence":"confirmed","motorcycle_accident_ratio":1.0,"pedestrian_accident_ratio":0.0}},{"type":"Feature","geometry":{"type":"Point","coordinates":[121.51352,25.06883]},"properties":{"hotspot_id":"臺北市-50345","hotspot_type":"intersection","county":"臺北市","township":"大同區","road_or_intersection":"民族西路 x 重慶北路3段","accident_count":15,"motorcycle_accident_count":12,"pedestrian_accident_count":0,"death_count":0,"injury_count":20,"fatal_accident_count":0,"risk_score":71.6,"risk_level":"high","confidence":"confirmed","motorcycle_accident_ratio":0.8,"pedestrian_accident_ratio":0.0}},{"type":"Feature","geometry":{"type":"Point","coordinates":[121.60717,25.05593]},"properties":{"hotspot_id":"臺北市-49900","hotspot_type":"intersection","county":"臺北市","township":"南港區","road_or_intersection":"興中路","accident_count":8,"motorcycle_accident_count":7,"pedestrian_accident_count":1,"death_count":0,"injury_count":11,"fatal_accident_count":0,"risk_score":71.6,"risk_level":"high","confidence":"confirmed","motorcycle_accident_ratio":0.875,"pedestrian_accident_ratio":0.125}},{"type":"Feature","geometry":{"type":"Point","coordinates":[121.51878,25.09246]},"properties":{"hotspot_id":"臺北市-50019","hotspot_type":"intersection","county":"臺北市","township":"士林區","road_or_intersection":"基河路 x 士商路","accident_count":8,"motorcycle_accident_count":7,"pedestrian_accident_count":1,"death_count":0,"injury_count":11,"fatal_accident_count":0,"risk_score":71.6,"risk_level":"high","confidence":"confirmed","motorcycle_accident_ratio":0.875,"pedestrian_accident_ratio":0.125}},{"type":"Feature","geometry":{"type":"Point","coordinates":[121.50887,25.04351]},"properties":{"hotspot_id":"臺北市-48775","hotspot_type":"intersection","county":"臺北市","township":"中正區","road_or_intersection":"中華路1段","accident_count":15,"motorcycle_accident_count":12,"pedestrian_accident_count":0,"death_count":0,"injury_count":20,"fatal_accident_count":0,"risk_score":71.6,"risk_level":"high","confidence":"confirmed","motorcycle_accident_ratio":0.8,"pedestrian_accident_ratio":0.0}},{"type":"Feature","geometry":{"type":"Point","coordinates":[121.54866,25.04234]},"properties":{"hotspot_id":"臺北市-51862","hotspot_type":"intersection","county":"臺北市","township":"大安區","road_or_intersection":"敦化南路1段","accident_count":10,"motorcycle_accident_count":6,"pedestrian_accident_count":2,"death_count":0,"injury_count":12,"fatal_accident_count":0,"risk_score":71.6,"risk_level":"high","confidence":"probable","motorcycle_accident_ratio":0.6,"pedestrian_accident_ratio":0.2}},{"type":"Feature","geometry":{"type":"Point","coordinates":[121.49898,25.03261]},"properties":{"hotspot_id":"臺北市-51271","hotspot_type":"intersection","county":"臺北市","township":"萬華區","road_or_intersection":"艋舺大道","accident_count":8,"motorcycle_accident_count":7,"pedestrian_accident_count":1,"death_count":0,"injury_count":11,"fatal_accident_count":0,"risk_score":71.6,"risk_level":"high","confidence":"confirmed","motorcycle_accident_ratio":0.875,"pedestrian_accident_ratio":0.125}},{"type":"Feature","geometry":{"type":"Point","coordinates":[121.57233,25.05003]},"properties":{"hotspot_id":"臺北市-50964","hotspot_type":"intersection","county":"臺北市","township":"松山區","road_or_intersection":"八德路4段 x 塔悠路","accident_count":8,"motorcycle_accident_count":8,"pedestrian_accident_count":0,"death_count":0,"injury_count":10,"fatal_accident_count":0,"risk_score":71.5,"risk_level":"high","confidence":"confirmed","motorcycle_accident_ratio":1.0,"pedestrian_accident_ratio":0.0}},{"type":"Feature","geometry":{"type":"Point","coordinates":[121.57375,24.99093]},"properties":{"hotspot_id":"臺北市-50755","hotspot_type":"intersection","county":"臺北市","township":"文山區","road_or_intersection":"新光路1段","accident_count":8,"motorcycle_accident_count":8,"pedestrian_accident_count":0,"death_count":0,"injury_count":10,"fatal_accident_count":0,"risk_score":71.5,"risk_level":"high","confidence":"confirmed","motorcycle_accident_ratio":1.0,"pedestrian_accident_ratio":0.0}},{"type":"Feature","geometry":{"type":"Point","coordinates":[121.53068,25.03239]},"properties":{"hotspot_id":"臺北市-50439","hotspot_type":"intersection","county":"臺北市","township":"大安區","road_or_intersection":"信義路2段 x 永康街","accident_count":8,"motorcycle_accident_count":8,"pedestrian_accident_count":0,"death_count":0,"injury_count":10,"fatal_accident_count":0,"risk_score":71.5,"risk_level":"high","confidence":"confirmed","motorcycle_accident_ratio":1.0,"pedestrian_accident_ratio":0.0}},{"type":"Feature","geometry":{"type":"Point","coordinates":[121.5459,25.03911]},"properties":{"hotspot_id":"臺北市-50426","hotspot_type":"intersection","county":"臺北市","township":"大安區","road_or_intersection":"仁愛路4段 x 大安路1段","accident_count":16,"motorcycle_accident_count":13,"pedestrian_accident_count":0,"death_count":0,"injury_count":18,"fatal_accident_count":0,"risk_score":71.5,"risk_level":"high","confidence":"confirmed","motorcycle_accident_ratio":0.8125,"pedestrian_accident_ratio":0.0}},{"type":"Feature","geometry":{"type":"Point","coordinates":[121.51699,25.05715]},"properties":{"hotspot_id":"臺北市-50270","hotspot_type":"intersection","county":"臺北市","township":"大同區","road_or_intersection":"太原路 x 民生西路","accident_count":8,"motorcycle_accident_count":8,"pedestrian_accident_count":0,"death_count":0,"injury_count":10,"fatal_accident_count":0,"risk_score":71.5,"risk_level":"high","confidence":"confirmed","motorcycle_accident_ratio":1.0,"pedestrian_accident_ratio":0.0}},{"type":"Feature","geometry":{"type":"Point","coordinates":[121.51859,25.0844]},"properties":{"hotspot_id":"臺北市-51434","hotspot_type":"intersection","county":"臺北市","township":"士林區","road_or_intersection":"前港街","accident_count":8,"motorcycle_accident_count":6,"pedestrian_accident_count":3,"death_count":0,"injury_count":12,"fatal_accident_count":0,"risk_score":71.5,"risk_level":"high","confidence":"probable","motorcycle_accident_ratio":0.75,"pedestrian_accident_ratio":0.375}},{"type":"Feature","geometry":{"type":"Point","coordinates":[121.58269,25.04543]},"properties":{"hotspot_id":"臺北市-49861","hotspot_type":"intersection","county":"臺北市","township":"南港區","road_or_intersection":"忠孝東路6段 x 永吉路","accident_count":8,"motorcycle_accident_count":8,"pedestrian_accident_count":0,"death_count":0,"injury_count":10,"fatal_accident_count":0,"risk_score":71.5,"risk_level":"high","confidence":"confirmed","motorcycle_accident_ratio":1.0,"pedestrian_accident_ratio":0.0}},{"type":"Feature","geometry":{"type":"Point","coordinates":[121.60078,25.05693]},"properties":{"hotspot_id":"臺北市-49911","hotspot_type":"intersection","county":"臺北市","township":"南港區","road_or_intersection":"重陽路","accident_count":9,"motorcycle_accident_count":8,"pedestrian_accident_count":1,"death_count":0,"injury_count":10,"fatal_accident_count":0,"risk_score":71.5,"risk_level":"high","confidence":"confirmed","motorcycle_accident_ratio":0.8889,"pedestrian_accident_ratio":0.1111}},{"type":"Feature","geometry":{"type":"Point","coordinates":[121.52468,25.08261]},"properties":{"hotspot_id":"臺北市-51481","hotspot_type":"intersection","county":"臺北市","township":"士林區","road_or_intersection":"中山北路5段","accident_count":8,"motorcycle_accident_count":8,"pedestrian_accident_count":0,"death_count":0,"injury_count":10,"fatal_accident_count":0,"risk_score":71.5,"risk_level":"high","confidence":"probable","motorcycle_accident_ratio":1.0,"pedestrian_accident_ratio":0.0}},{"type":"Feature","geometry":{"type":"Point","coordinates":[121.56181,25.0411]},"properties":{"hotspot_id":"臺北市-49182","hotspot_type":"intersection","county":"臺北市","township":"信義區","road_or_intersection":"忠孝東路4段 x 逸仙路","accident_count":16,"motorcycle_accident_count":13,"pedestrian_accident_count":0,"death_count":0,"injury_count":18,"fatal_accident_count":0,"risk_score":71.5,"risk_level":"high","confidence":"confirmed","motorcycle_accident_ratio":0.8125,"pedestrian_accident_ratio":0.0}},{"type":"Feature","geometry":{"type":"Point","coordinates":[121.55981,25.03308]},"properties":{"hotspot_id":"臺北市-49123","hotspot_type":"intersection","county":"臺北市","township":"信義區","road_or_intersection":"信義路5段 x 基隆路1段","accident_count":8,"motorcycle_accident_count":8,"pedestrian_accident_count":0,"death_count":0,"injury_count":10,"fatal_accident_count":0,"risk_score":71.5,"risk_level":"high","confidence":"confirmed","motorcycle_accident_ratio":1.0,"pedestrian_accident_ratio":0.0}},{"type":"Feature","geometry":{"type":"Point","coordinates":[121.51046,25.04222]},"properties":{"hotspot_id":"臺北市-49001","hotspot_type":"intersection","county":"臺北市","township":"中正區","road_or_intersection":"桃源街 x 衡陽路","accident_count":8,"motorcycle_accident_count":7,"pedestrian_accident_count":3,"death_count":0,"injury_count":10,"fatal_accident_count":0,"risk_score":71.5,"risk_level":"high","confidence":"confirmed","motorcycle_accident_ratio":0.875,"pedestrian_accident_ratio":0.375}},{"type":"Feature","geometry":{"type":"Point","coordinates":[121.53398,25.06465]},"properties":{"hotspot_id":"臺北市-48686","hotspot_type":"intersection","county":"臺北市","township":"中山區","road_or_intersection":"民族東路 x 濱江街","accident_count":8,"motorcycle_accident_count":8,"pedestrian_accident_count":0,"death_count":0,"injury_count":10,"fatal_accident_count":0,"risk_score":71.5,"risk_level":"high","confidence":"confirmed","motorcycle_accident_ratio":1.0,"pedestrian_accident_ratio":0.0}},{"type":"Feature","geometry":{"type":"Point","coordinates":[121.52544,25.05498]},"properties":{"hotspot_id":"臺北市-48679","hotspot_type":"intersection","county":"臺北市","township":"中山區","road_or_intersection":"林森北路 x 長春路","accident_count":11,"motorcycle_accident_count":6,"pedestrian_accident_count":4,"death_count":0,"injury_count":11,"fatal_accident_count":0,"risk_score":71.5,"risk_level":"high","confidence":"confirmed","motorcycle_accident_ratio":0.5455,"pedestrian_accident_ratio":0.3636}},{"type":"Feature","geometry":{"type":"Point","coordinates":[121.52199,25.11926]},"properties":{"hotspot_id":"臺北市-49606","hotspot_type":"intersection","county":"臺北市","township":"北投區","road_or_intersection":"天母西路 x 石牌路2段","accident_count":14,"motorcycle_accident_count":12,"pedestrian_accident_count":0,"death_count":0,"injury_count":17,"fatal_accident_count":0,"risk_score":71.4,"risk_level":"high","confidence":"confirmed","motorcycle_accident_ratio":0.8571,"pedestrian_accident_ratio":0.0}},{"type":"Feature","geometry":{"type":"Point","coordinates":[121.53981,25.01301]},"properties":{"hotspot_id":"臺北市-50529","hotspot_type":"intersection","county":"臺北市","township":"大安區","road_or_intersection":"基隆路4段","accident_count":13,"motorcycle_accident_count":12,"pedestrian_accident_count":0,"death_count":0,"injury_count":15,"fatal_accident_count":0,"risk_score":71.4,"risk_level":"high","confidence":"confirmed","motorcycle_accident_ratio":0.9231,"pedestrian_accident_ratio":0.0}},{"type":"Feature","geometry":{"type":"Point","coordinates":[121.50856,25.05201]},"properties":{"hotspot_id":"臺北市-50390","hotspot_type":"intersection","county":"臺北市","township":"大同區","road_or_intersection":"西寧北路 x 長安西路","accident_count":11,"motorcycle_accident_count":10,"pedestrian_accident_count":0,"death_count":0,"injury_count":17,"fatal_accident_count":0,"risk_score":71.4,"risk_level":"high","confidence":"confirmed","motorcycle_accident_ratio":0.9091,"pedestrian_accident_ratio":0.0}},{"type":"Feature","geometry":{"type":"Point","coordinates":[121.527,25.03175]},"properties":{"hotspot_id":"臺北市-50593","hotspot_type":"intersection","county":"臺北市","township":"大安區","road_or_intersection":"愛國東路 x 金山南路2段","accident_count":9,"motorcycle_accident_count":7,"pedestrian_accident_count":2,"death_count":0,"injury_count":11,"fatal_accident_count":0,"risk_score":71.4,"risk_level":"high","confidence":"confirmed","motorcycle_accident_ratio":0.7778,"pedestrian_accident_ratio":0.2222}},{"type":"Feature","geometry":{"type":"Point","coordinates":[121.5322,25.04885]},"properties":{"hotspot_id":"臺北市-51794","hotspot_type":"intersection","county":"臺北市","township":"中山區","road_or_intersection":"松江路","accident_count":11,"motorcycle_accident_count":10,"pedestrian_accident_count":0,"death_count":0,"injury_count":17,"fatal_accident_count":0,"risk_score":71.4,"risk_level":"high","confidence":"probable","motorcycle_accident_ratio":0.9091,"pedestrian_accident_ratio":0.0}},{"type":"Feature","geometry":{"type":"Point","coordinates":[121.5086,25.05155]},"properties":{"hotspot_id":"臺北市-51745","hotspot_type":"intersection","county":"臺北市","township":"大同區","road_or_intersection":"西寧北路","accident_count":11,"motorcycle_accident_count":10,"pedestrian_accident_count":0,"death_count":0,"injury_count":17,"fatal_accident_count":0,"risk_score":71.4,"risk_level":"high","confidence":"probable","motorcycle_accident_ratio":0.9091,"pedestrian_accident_ratio":0.0}},{"type":"Feature","geometry":{"type":"Point","coordinates":[121.51706,25.11788]},"properties":{"hotspot_id":"臺北市-51400","hotspot_type":"intersection","county":"臺北市","township":"北投區","road_or_intersection":"石牌路2段","accident_count":9,"motorcycle_accident_count":6,"pedestrian_accident_count":1,"death_count":0,"injury_count":13,"fatal_accident_count":0,"risk_score":71.4,"risk_level":"high","confidence":"probable","motorcycle_accident_ratio":0.6667,"pedestrian_accident_ratio":0.1111}},{"type":"Feature","geometry":{"type":"Point","coordinates":[121.5922,24.99038]},"properties":{"hotspot_id":"臺北市-51327","hotspot_type":"intersection","county":"臺北市","township":"文山區","road_or_intersection":"國道","accident_count":22,"motorcycle_accident_count":0,"pedestrian_accident_count":0,"death_count":0,"injury_count":44,"fatal_accident_count":0,"risk_score":71.3,"risk_level":"high","confidence":"probable","motorcycle_accident_ratio":0.0,"pedestrian_accident_ratio":0.0}},{"type":"Feature","geometry":{"type":"Point","coordinates":[121.51696,25.05087]},"properties":{"hotspot_id":"臺北市-50316","hotspot_type":"intersection","county":"臺北市","township":"大同區","road_or_intersection":"承德路1段 x 長安西路","accident_count":6,"motorcycle_accident_count":6,"pedestrian_accident_count":0,"death_count":0,"injury_count":12,"fatal_accident_count":0,"risk_score":71.3,"risk_level":"high","confidence":"confirmed","motorcycle_accident_ratio":1.0,"pedestrian_accident_ratio":0.0}},{"type":"Feature","geometry":{"type":"Point","coordinates":[121.58184,25.04213]},"properties":{"hotspot_id":"臺北市-49173","hotspot_type":"intersection","county":"臺北市","township":"信義區","road_or_intersection":"大道 x 忠孝東路5段","accident_count":13,"motorcycle_accident_count":11,"pedestrian_accident_count":0,"death_count":0,"injury_count":18,"fatal_accident_count":0,"risk_score":71.3,"risk_level":"high","confidence":"confirmed","motorcycle_accident_ratio":0.8462,"pedestrian_accident_ratio":0.0}},{"type":"Feature","geometry":{"type":"Point","coordinates":[121.55601,25.02744]},"properties":{"hotspot_id":"臺北市-50519","hotspot_type":"intersection","county":"臺北市","township":"大安區","road_or_intersection":"基隆路2段 x 通化街","accident_count":8,"motorcycle_accident_count":6,"pedestrian_accident_count":1,"death_count":0,"injury_count":13,"fatal_accident_count":0,"risk_score":71.3,"risk_level":"high","confidence":"confirmed","motorcycle_accident_ratio":0.75,"pedestrian_accident_ratio":0.125}},{"type":"Feature","geometry":{"type":"Point","coordinates":[121.5029,25.13522]},"properties":{"hotspot_id":"臺北市-49530","hotspot_type":"intersection","county":"臺北市","township":"北投區","road_or_intersection":"光明路","accident_count":7,"motorcycle_accident_count":6,"pedestrian_accident_count":3,"death_count":0,"injury_count":11,"fatal_accident_count":0,"risk_score":71.3,"risk_level":"high","confidence":"confirmed","motorcycle_accident_ratio":0.8571,"pedestrian_accident_ratio":0.4286}},{"type":"Feature","geometry":{"type":"Point","coordinates":[121.56435,24.9775]},"properties":{"hotspot_id":"臺北市-51367","hotspot_type":"intersection","county":"臺北市","township":"文山區","road_or_intersection":"國道","accident_count":21,"motorcycle_accident_count":0,"pedestrian_accident_count":0,"death_count":0,"injury_count":41,"fatal_accident_count":0,"risk_score":71.2,"risk_level":"high","confidence":"probable","motorcycle_accident_ratio":0.0,"pedestrian_accident_ratio":0.0}},{"type":"Feature","geometry":{"type":"Point","coordinates":[121.52098,25.06035]},"properties":{"hotspot_id":"臺北市-48567","hotspot_type":"intersection","county":"臺北市","township":"中山區","road_or_intersection":"天祥路 x 錦西街","accident_count":5,"motorcycle_accident_count":5,"pedestrian_accident_count":2,"death_count":0,"injury_count":7,"fatal_accident_count":0,"risk_score":71.2,"risk_level":"high","confidence":"confirmed","motorcycle_accident_ratio":1.0,"pedestrian_accident_ratio":0.4}},{"type":"Feature","geometry":{"type":"Point","coordinates":[121.55959,25.17975]},"properties":{"hotspot_id":"臺北市-51314","hotspot_type":"intersection","county":"臺北市","township":"北投區","road_or_intersection":"竹子湖路","accident_count":12,"motorcycle_accident_count":10,"pedestrian_accident_count":0,"death_count":0,"injury_count":19,"fatal_accident_count":0,"risk_score":71.1,"risk_level":"high","confidence":"probable","motorcycle_accident_ratio":0.8333,"pedestrian_accident_ratio":0.0}},{"type":"Feature","geometry":{"type":"Point","coordinates":[121.6159,25.0682]},"properties":{"hotspot_id":"臺北市-49331","hotspot_type":"intersection","county":"臺北市","township":"內湖區","road_or_intersection":"安康路 x 東湖路","accident_count":7,"motorcycle_accident_count":6,"pedestrian_accident_count":2,"death_count":0,"injury_count":11,"fatal_accident_count":0,"risk_score":71.1,"risk_level":"high","confidence":"confirmed","motorcycle_accident_ratio":0.8571,"pedestrian_accident_ratio":0.2857}},{"type":"Feature","geometry":{"type":"Point","coordinates":[121.53367,25.03059]},"properties":{"hotspot_id":"臺北市-50610","hotspot_type":"intersection","county":"臺北市","township":"大安區","road_or_intersection":"新生南路2段 x 金華街","accident_count":7,"motorcycle_accident_count":6,"pedestrian_accident_count":2,"death_count":0,"injury_count":11,"fatal_accident_count":0,"risk_score":71.1,"risk_level":"high","confidence":"confirmed","motorcycle_accident_ratio":0.8571,"pedestrian_accident_ratio":0.2857}},{"type":"Feature","geometry":{"type":"Point","coordinates":[121.53741,25.06219]},"properties":{"hotspot_id":"臺北市-48577","hotspot_type":"intersection","county":"臺北市","township":"中山區","road_or_intersection":"建國北路2段 x 民權東路3段","accident_count":12,"motorcycle_accident_count":11,"pedestrian_accident_count":0,"death_count":0,"injury_count":15,"fatal_accident_count":0,"risk_score":71.0,"risk_level":"high","confidence":"confirmed","motorcycle_accident_ratio":0.9167,"pedestrian_accident_ratio":0.0}},{"type":"Feature","geometry":{"type":"Point","coordinates":[121.53037,25.09631]},"properties":{"hotspot_id":"臺北市-49969","hotspot_type":"intersection","county":"臺北市","township":"士林區","road_or_intersection":"中正路 x 志成街","accident_count":9,"motorcycle_accident_count":9,"pedestrian_accident_count":0,"death_count":0,"injury_count":9,"fatal_accident_count":0,"risk_score":71.0,"risk_level":"high","confidence":"confirmed","motorcycle_accident_ratio":1.0,"pedestrian_accident_ratio":0.0}},{"type":"Feature","geometry":{"type":"Point","coordinates":[121.53193,25.05523]},"properties":{"hotspot_id":"臺北市-48669","hotspot_type":"intersection","county":"臺北市","township":"中山區","road_or_intersection":"松江路 x 長春路","accident_count":11,"motorcycle_accident_count":10,"pedestrian_accident_count":0,"death_count":0,"injury_count":16,"fatal_accident_count":0,"risk_score":70.9,"risk_level":"high","confidence":"confirmed","motorcycle_accident_ratio":0.9091,"pedestrian_accident_ratio":0.0}},{"type":"Feature","geometry":{"type":"Point","coordinates":[121.51423,25.0662]},"properties":{"hotspot_id":"臺北市-50335","hotspot_type":"intersection","county":"臺北市","township":"大同區","road_or_intersection":"昌吉街 x 重慶北路3段","accident_count":5,"motorcycle_accident_count":4,"pedestrian_accident_count":1,"death_count":1,"injury_count":7,"fatal_accident_count":1,"risk_score":70.9,"risk_level":"high","confidence":"confirmed","motorcycle_accident_ratio":0.8,"pedestrian_accident_ratio":0.2}},{"type":"Feature","geometry":{"type":"Point","coordinates":[121.54663,24.99899]},"properties":{"hotspot_id":"臺北市-51350","hotspot_type":"intersection","county":"臺北市","township":"文山區","road_or_intersection":"興隆路2段","accident_count":9,"motorcycle_accident_count":5,"pedestrian_accident_count":2,"death_count":0,"injury_count":12,"fatal_accident_count":0,"risk_score":70.9,"risk_level":"high","confidence":"probable","motorcycle_accident_ratio":0.5556,"pedestrian_accident_ratio":0.2222}},{"type":"Feature","geometry":{"type":"Point","coordinates":[121.54837,25.05151]},"properties":{"hotspot_id":"臺北市-50979","hotspot_type":"intersection","county":"臺北市","township":"松山區","road_or_intersection":"南京東路3段 x 敦化北路","accident_count":17,"motorcycle_accident_count":11,"pedestrian_accident_count":0,"death_count":0,"injury_count":22,"fatal_accident_count":0,"risk_score":70.9,"risk_level":"high","confidence":"confirmed","motorcycle_accident_ratio":0.6471,"pedestrian_accident_ratio":0.0}},{"type":"Feature","geometry":{"type":"Point","coordinates":[121.51633,25.02911]},"properties":{"hotspot_id":"臺北市-51591","hotspot_type":"intersection","county":"臺北市","township":"中正區","road_or_intersection":"重慶南路3段","accident_count":13,"motorcycle_accident_count":12,"pedestrian_accident_count":0,"death_count":0,"injury_count":14,"fatal_accident_count":0,"risk_score":70.8,"risk_level":"high","confidence":"probable","motorcycle_accident_ratio":0.9231,"pedestrian_accident_ratio":0.0}},{"type":"Feature","geometry":{"type":"Point","coordinates":[121.50137,25.0361]},"properties":{"hotspot_id":"臺北市-51084","hotspot_type":"intersection","county":"臺北市","township":"萬華區","road_or_intersection":"三水街 x 康定路","accident_count":5,"motorcycle_accident_count":5,"pedestrian_accident_count":1,"death_count":0,"injury_count":7,"fatal_accident_count":0,"risk_score":70.7,"risk_level":"high","confidence":"confirmed","motorcycle_accident_ratio":1.0,"pedestrian_accident_ratio":0.2}},{"type":"Feature","geometry":{"type":"Point","coordinates":[121.51842,25.08734]},"properties":{"hotspot_id":"臺北市-50176","hotspot_type":"intersection","county":"臺北市","township":"士林區","road_or_intersection":"福港街","accident_count":5,"motorcycle_accident_count":5,"pedestrian_accident_count":1,"death_count":0,"injury_count":7,"fatal_accident_count":0,"risk_score":70.7,"risk_level":"high","confidence":"confirmed","motorcycle_accident_ratio":1.0,"pedestrian_accident_ratio":0.2}},{"type":"Feature","geometry":{"type":"Point","coordinates":[121.51803,25.03289]},"properties":{"hotspot_id":"臺北市-48864","hotspot_type":"intersection","county":"臺北市","township":"中正區","road_or_intersection":"南海路 x 羅斯福路1段","accident_count":5,"motorcycle_accident_count":5,"pedestrian_accident_count":1,"death_count":0,"injury_count":7,"fatal_accident_count":0,"risk_score":70.7,"risk_level":"high","confidence":"confirmed","motorcycle_accident_ratio":1.0,"pedestrian_accident_ratio":0.2}},{"type":"Feature","geometry":{"type":"Point","coordinates":[121.5572,25.02164]},"properties":{"hotspot_id":"臺北市-49176","hotspot_type":"intersection","county":"臺北市","township":"信義區","road_or_intersection":"富陽街","accident_count":5,"motorcycle_accident_count":5,"pedestrian_accident_count":1,"death_count":0,"injury_count":7,"fatal_accident_count":0,"risk_score":70.7,"risk_level":"high","confidence":"confirmed","motorcycle_accident_ratio":1.0,"pedestrian_accident_ratio":0.2}},{"type":"Feature","geometry":{"type":"Point","coordinates":[121.55397,25.02013]},"properties":{"hotspot_id":"臺北市-50548","hotspot_type":"intersection","county":"臺北市","township":"大安區","road_or_intersection":"安居街","accident_count":5,"motorcycle_accident_count":5,"pedestrian_accident_count":1,"death_count":0,"injury_count":7,"fatal_accident_count":0,"risk_score":70.7,"risk_level":"high","confidence":"confirmed","motorcycle_accident_ratio":1.0,"pedestrian_accident_ratio":0.2}},{"type":"Feature","geometry":{"type":"Point","coordinates":[121.50641,25.03611]},"properties":{"hotspot_id":"臺北市-51104","hotspot_type":"intersection","county":"臺北市","township":"萬華區","road_or_intersection":"中華路2段 x 廣州街","accident_count":7,"motorcycle_accident_count":7,"pedestrian_accident_count":0,"death_count":0,"injury_count":10,"fatal_accident_count":0,"risk_score":70.5,"risk_level":"high","confidence":"confirmed","motorcycle_accident_ratio":1.0,"pedestrian_accident_ratio":0.0}},{"type":"Feature","geometry":{"type":"Point","coordinates":[121.54659,25.05173]},"properties":{"hotspot_id":"臺北市-50976","hotspot_type":"intersection","county":"臺北市","township":"松山區","road_or_intersection":"南京東路3段","accident_count":7,"motorcycle_accident_count":7,"pedestrian_accident_count":0,"death_count":0,"injury_count":10,"fatal_accident_count":0,"risk_score":70.5,"risk_level":"high","confidence":"confirmed","motorcycle_accident_ratio":1.0,"pedestrian_accident_ratio":0.0}},{"type":"Feature","geometry":{"type":"Point","coordinates":[121.54098,25.05303]},"properties":{"hotspot_id":"臺北市-48718","hotspot_type":"intersection","county":"臺北市","township":"中山區","road_or_intersection":"遼寧街 x 龍江路","accident_count":9,"motorcycle_accident_count":7,"pedestrian_accident_count":1,"death_count":0,"injury_count":11,"fatal_accident_count":0,"risk_score":70.5,"risk_level":"high","confidence":"confirmed","motorcycle_accident_ratio":0.7778,"pedestrian_accident_ratio":0.1111}},{"type":"Feature","geometry":{"type":"Point","coordinates":[121.55023,25.02197]},"properties":{"hotspot_id":"臺北市-50515","hotspot_type":"intersection","county":"臺北市","township":"大安區","road_or_intersection":"基隆路2段 x 樂業街","accident_count":7,"motorcycle_accident_count":7,"pedestrian_accident_count":0,"death_count":0,"injury_count":10,"fatal_accident_count":0,"risk_score":70.5,"risk_level":"high","confidence":"confirmed","motorcycle_accident_ratio":1.0,"pedestrian_accident_ratio":0.0}},{"type":"Feature","geometry":{"type":"Point","coordinates":[121.51525,25.02977]},"properties":{"hotspot_id":"臺北市-48910","hotspot_type":"intersection","county":"臺北市","township":"中正區","road_or_intersection":"寧波西街 x 重慶南路2段","accident_count":7,"motorcycle_accident_count":7,"pedestrian_accident_count":0,"death_count":0,"injury_count":10,"fatal_accident_count":0,"risk_score":70.5,"risk_level":"high","confidence":"confirmed","motorcycle_accident_ratio":1.0,"pedestrian_accident_ratio":0.0}},{"type":"Feature","geometry":{"type":"Point","coordinates":[121.50316,25.04556]},"properties":{"hotspot_id":"臺北市-51174","hotspot_type":"intersection","county":"臺北市","township":"萬華區","road_or_intersection":"康定路 x 武昌街2段","accident_count":7,"motorcycle_accident_count":7,"pedestrian_accident_count":0,"death_count":0,"injury_count":10,"fatal_accident_count":0,"risk_score":70.5,"risk_level":"high","confidence":"confirmed","motorcycle_accident_ratio":1.0,"pedestrian_accident_ratio":0.0}},{"type":"Feature","geometry":{"type":"Point","coordinates":[121.51644,25.04866]},"properties":{"hotspot_id":"臺北市-49087","hotspot_type":"intersection","county":"臺北市","township":"中正區市","road_or_intersection":"承德路1段 x 民大道1段","accident_count":7,"motorcycle_accident_count":7,"pedestrian_accident_count":0,"death_count":0,"injury_count":10,"fatal_accident_count":0,"risk_score":70.5,"risk_level":"high","confidence":"confirmed","motorcycle_accident_ratio":1.0,"pedestrian_accident_ratio":0.0}},{"type":"Feature","geometry":{"type":"Point","coordinates":[121.52655,25.03018]},"properties":{"hotspot_id":"臺北市-50666","hotspot_type":"intersection","county":"臺北市","township":"大安區","road_or_intersection":"金山南路2段 x 金華街","accident_count":8,"motorcycle_accident_count":7,"pedestrian_accident_count":1,"death_count":0,"injury_count":10,"fatal_accident_count":0,"risk_score":70.5,"risk_level":"high","confidence":"confirmed","motorcycle_accident_ratio":0.875,"pedestrian_accident_ratio":0.125}},{"type":"Feature","geometry":{"type":"Point","coordinates":[121.52901,25.06039]},"properties":{"hotspot_id":"臺北市-48422","hotspot_type":"intersection","county":"臺北市","township":"中山區","road_or_intersection":"中原街 x 錦州街","accident_count":7,"motorcycle_accident_count":7,"pedestrian_accident_count":0,"death_count":0,"injury_count":10,"fatal_accident_count":0,"risk_score":70.5,"risk_level":"high","confidence":"confirmed","motorcycle_accident_ratio":1.0,"pedestrian_accident_ratio":0.0}},{"type":"Feature","geometry":{"type":"Point","coordinates":[121.52189,25.05309]},"properties":{"hotspot_id":"臺北市-48436","hotspot_type":"intersection","county":"臺北市","township":"中山區","road_or_intersection":"中山北路2段 x 南京西路","accident_count":7,"motorcycle_accident_count":7,"pedestrian_accident_count":0,"death_count":0,"injury_count":10,"fatal_accident_count":0,"risk_score":70.5,"risk_level":"high","confidence":"confirmed","motorcycle_accident_ratio":1.0,"pedestrian_accident_ratio":0.0}},{"type":"Feature","geometry":{"type":"Point","coordinates":[121.56651,25.08283]},"properties":{"hotspot_id":"臺北市-49278","hotspot_type":"intersection","county":"臺北市","township":"內湖區","road_or_intersection":"內湖路1段 x 環山路1段","accident_count":8,"motorcycle_accident_count":7,"pedestrian_accident_count":1,"death_count":0,"injury_count":10,"fatal_accident_count":0,"risk_score":70.5,"risk_level":"high","confidence":"confirmed","motorcycle_accident_ratio":0.875,"pedestrian_accident_ratio":0.125}},{"type":"Feature","geometry":{"type":"Point","coordinates":[121.57475,25.0369]},"properties":{"hotspot_id":"臺北市-49228","hotspot_type":"intersection","county":"臺北市","township":"信義區","road_or_intersection":"松德路","accident_count":8,"motorcycle_accident_count":7,"pedestrian_accident_count":1,"death_count":0,"injury_count":10,"fatal_accident_count":0,"risk_score":70.5,"risk_level":"high","confidence":"confirmed","motorcycle_accident_ratio":0.875,"pedestrian_accident_ratio":0.125}},{"type":"Feature","geometry":{"type":"Point","coordinates":[121.50773,25.04903]},"properties":{"hotspot_id":"臺北市-50310","hotspot_type":"intersection","county":"臺北市","township":"大同區","road_or_intersection":"忠孝西路2段 x 西寧北路","accident_count":7,"motorcycle_accident_count":7,"pedestrian_accident_count":0,"death_count":0,"injury_count":10,"fatal_accident_count":0,"risk_score":70.5,"risk_level":"high","confidence":"confirmed","motorcycle_accident_ratio":1.0,"pedestrian_accident_ratio":0.0}},{"type":"Feature","geometry":{"type":"Point","coordinates":[121.52318,25.08013]},"properties":{"hotspot_id":"臺北市-50202","hotspot_type":"intersection","county":"臺北市","township":"士林區","road_or_intersection":"通河街","accident_count":7,"motorcycle_accident_count":7,"pedestrian_accident_count":0,"death_count":0,"injury_count":10,"fatal_accident_count":0,"risk_score":70.5,"risk_level":"high","confidence":"confirmed","motorcycle_accident_ratio":1.0,"pedestrian_accident_ratio":0.0}},{"type":"Feature","geometry":{"type":"Point","coordinates":[121.61763,25.04584]},"properties":{"hotspot_id":"臺北市-49851","hotspot_type":"intersection","county":"臺北市","township":"南港區","road_or_intersection":"大坑街 x 研究院路2段","accident_count":7,"motorcycle_accident_count":7,"pedestrian_accident_count":0,"death_count":0,"injury_count":10,"fatal_accident_count":0,"risk_score":70.5,"risk_level":"high","confidence":"confirmed","motorcycle_accident_ratio":1.0,"pedestrian_accident_ratio":0.0}},{"type":"Feature","geometry":{"type":"Point","coordinates":[121.52659,25.08757]},"properties":{"hotspot_id":"臺北市-51490","hotspot_type":"intersection","county":"臺北市","township":"士林區","road_or_intersection":"中山北路5段","accident_count":6,"motorcycle_accident_count":6,"pedestrian_accident_count":0,"death_count":0,"injury_count":11,"fatal_accident_count":0,"risk_score":70.4,"risk_level":"high","confidence":"probable","motorcycle_accident_ratio":1.0,"pedestrian_accident_ratio":0.0}},{"type":"Feature","geometry":{"type":"Point","coordinates":[121.52269,25.05604]},"properties":{"hotspot_id":"臺北市-48446","hotspot_type":"intersection","county":"臺北市","township":"中山區","road_or_intersection":"中山北路2段 x 長春路","accident_count":6,"motorcycle_accident_count":6,"pedestrian_accident_count":0,"death_count":0,"injury_count":11,"fatal_accident_count":0,"risk_score":70.4,"risk_level":"high","confidence":"confirmed","motorcycle_accident_ratio":1.0,"pedestrian_accident_ratio":0.0}},{"type":"Feature","geometry":{"type":"Point","coordinates":[121.5114,25.02798]},"properties":{"hotspot_id":"臺北市-48750","hotspot_type":"intersection","county":"臺北市","township":"中正區","road_or_intersection":"三元街 x 寧波西街","accident_count":7,"motorcycle_accident_count":6,"pedestrian_accident_count":1,"death_count":0,"injury_count":11,"fatal_accident_count":0,"risk_score":70.4,"risk_level":"high","confidence":"confirmed","motorcycle_accident_ratio":0.8571,"pedestrian_accident_ratio":0.1429}},{"type":"Feature","geometry":{"type":"Point","coordinates":[121.51901,25.06076]},"properties":{"hotspot_id":"臺北市-51687","hotspot_type":"intersection","county":"臺北市","township":"大同區","road_or_intersection":"承德路2段","accident_count":11,"motorcycle_accident_count":10,"pedestrian_accident_count":0,"death_count":0,"injury_count":15,"fatal_accident_count":0,"risk_score":70.4,"risk_level":"high","confidence":"probable","motorcycle_accident_ratio":0.9091,"pedestrian_accident_ratio":0.0}},{"type":"Feature","geometry":{"type":"Point","coordinates":[121.54523,25.09872]},"properties":{"hotspot_id":"臺北市-50125","hotspot_type":"intersection","county":"臺北市","township":"士林區","road_or_intersection":"故宮路 x 至善路2段","accident_count":12,"motorcycle_accident_count":11,"pedestrian_accident_count":0,"death_count":0,"injury_count":14,"fatal_accident_count":0,"risk_score":70.4,"risk_level":"high","confidence":"confirmed","motorcycle_accident_ratio":0.9167,"pedestrian_accident_ratio":0.0}},{"type":"Feature","geometry":{"type":"Point","coordinates":[121.49602,25.03889]},"properties":{"hotspot_id":"臺北市-51220","hotspot_type":"intersection","county":"臺北市","township":"萬華區","road_or_intersection":"桂林路 x 環河南路1段","accident_count":7,"motorcycle_accident_count":6,"pedestrian_accident_count":1,"death_count":0,"injury_count":11,"fatal_accident_count":0,"risk_score":70.4,"risk_level":"high","confidence":"confirmed","motorcycle_accident_ratio":0.8571,"pedestrian_accident_ratio":0.1429}},{"type":"Feature","geometry":{"type":"Point","coordinates":[121.51867,25.04853]},"properties":{"hotspot_id":"臺北市-51791","hotspot_type":"intersection","county":"臺北市","township":"大同區市","road_or_intersection":"民大道1段","accident_count":5,"motorcycle_accident_count":4,"pedestrian_accident_count":1,"death_count":1,"injury_count":6,"fatal_accident_count":1,"risk_score":70.4,"risk_level":"high","confidence":"probable","motorcycle_accident_ratio":0.8,"pedestrian_accident_ratio":0.2}},{"type":"Feature","geometry":{"type":"Point","coordinates":[121.50321,25.04613]},"properties":{"hotspot_id":"臺北市-51176","hotspot_type":"intersection","county":"臺北市","township":"萬華區","road_or_intersection":"康定路 x 環河南路1段","accident_count":11,"motorcycle_accident_count":10,"pedestrian_accident_count":0,"death_count":0,"injury_count":15,"fatal_accident_count":0,"risk_score":70.4,"risk_level":"high","confidence":"confirmed","motorcycle_accident_ratio":0.9091,"pedestrian_accident_ratio":0.0}},{"type":"Feature","geometry":{"type":"Point","coordinates":[121.50729,25.05223]},"properties":{"hotspot_id":"臺北市-50373","hotspot_type":"intersection","county":"臺北市","township":"大同區","road_or_intersection":"環河北路1段 x 長安西路","accident_count":6,"motorcycle_accident_count":6,"pedestrian_accident_count":0,"death_count":0,"injury_count":11,"fatal_accident_count":0,"risk_score":70.4,"risk_level":"high","confidence":"confirmed","motorcycle_accident_ratio":1.0,"pedestrian_accident_ratio":0.0}},{"type":"Feature","geometry":{"type":"Point","coordinates":[121.51384,25.07028]},"properties":{"hotspot_id":"臺北市-50406","hotspot_type":"intersection","county":"臺北市","township":"大同區","road_or_intersection":"重慶北路3段","accident_count":13,"motorcycle_accident_count":9,"pedestrian_accident_count":0,"death_count":0,"injury_count":21,"fatal_accident_count":0,"risk_score":70.3,"risk_level":"high","confidence":"confirmed","motorcycle_accident_ratio":0.6923,"pedestrian_accident_ratio":0.0}},{"type":"Feature","geometry":{"type":"Point","coordinates":[121.51791,25.02384]},"properties":{"hotspot_id":"臺北市-48920","hotspot_type":"intersection","county":"臺北市","township":"中正區","road_or_intersection":"廈門街","accident_count":8,"motorcycle_accident_count":6,"pedestrian_accident_count":2,"death_count":0,"injury_count":11,"fatal_accident_count":0,"risk_score":70.3,"risk_level":"high","confidence":"confirmed","motorcycle_accident_ratio":0.75,"pedestrian_accident_ratio":0.25}},{"type":"Feature","geometry":{"type":"Point","coordinates":[121.53718,25.05494]},"properties":{"hotspot_id":"臺北市-51781","hotspot_type":"intersection","county":"臺北市","township":"中山區","road_or_intersection":"建國北路2段","accident_count":8,"motorcycle_accident_count":6,"pedestrian_accident_count":2,"death_count":0,"injury_count":11,"fatal_accident_count":0,"risk_score":70.3,"risk_level":"high","confidence":"probable","motorcycle_accident_ratio":0.75,"pedestrian_accident_ratio":0.25}},{"type":"Feature","geometry":{"type":"Point","coordinates":[121.51862,25.06015]},"properties":{"hotspot_id":"臺北市-50407","hotspot_type":"intersection","county":"臺北市","township":"大同區","road_or_intersection":"錦西街","accident_count":8,"motorcycle_accident_count":6,"pedestrian_accident_count":2,"death_count":0,"injury_count":11,"fatal_accident_count":0,"risk_score":70.3,"risk_level":"high","confidence":"confirmed","motorcycle_accident_ratio":0.75,"pedestrian_accident_ratio":0.25}},{"type":"Feature","geometry":{"type":"Point","coordinates":[121.5214,25.0936]},"properties":{"hotspot_id":"臺北市-49972","hotspot_type":"intersection","county":"臺北市","township":"士林區","road_or_intersection":"中正路 x 文昌路","accident_count":8,"motorcycle_accident_count":8,"pedestrian_accident_count":0,"death_count":0,"injury_count":9,"fatal_accident_count":0,"risk_score":70.2,"risk_level":"high","confidence":"confirmed","motorcycle_accident_ratio":1.0,"pedestrian_accident_ratio":0.0}},{"type":"Feature","geometry":{"type":"Point","coordinates":[121.50519,25.03777]},"properties":{"hotspot_id":"臺北市-51215","hotspot_type":"intersection","county":"臺北市","township":"萬華區","road_or_intersection":"柳州街 x 桂林路","accident_count":8,"motorcycle_accident_count":8,"pedestrian_accident_count":0,"death_count":0,"injury_count":9,"fatal_accident_count":0,"risk_score":70.2,"risk_level":"high","confidence":"confirmed","motorcycle_accident_ratio":1.0,"pedestrian_accident_ratio":0.0}},{"type":"Feature","geometry":{"type":"Point","coordinates":[121.51833,25.06026]},"properties":{"hotspot_id":"臺北市-50322","hotspot_type":"intersection","county":"臺北市","township":"大同區","road_or_intersection":"承德路2段 x 錦西街","accident_count":8,"motorcycle_accident_count":8,"pedestrian_accident_count":0,"death_count":0,"injury_count":9,"fatal_accident_count":0,"risk_score":70.2,"risk_level":"high","confidence":"confirmed","motorcycle_accident_ratio":1.0,"pedestrian_accident_ratio":0.0}},{"type":"Feature","geometry":{"type":"Point","coordinates":[121.5763,25.07181]},"properties":{"hotspot_id":"臺北市-49443","hotspot_type":"intersection","county":"臺北市","township":"內湖區","road_or_intersection":"瑞湖街 x 陽光街","accident_count":8,"motorcycle_accident_count":8,"pedestrian_accident_count":0,"death_count":0,"injury_count":9,"fatal_accident_count":0,"risk_score":70.2,"risk_level":"high","confidence":"confirmed","motorcycle_accident_ratio":1.0,"pedestrian_accident_ratio":0.0}},{"type":"Feature","geometry":{"type":"Point","coordinates":[121.57536,25.06565]},"properties":{"hotspot_id":"臺北市-49413","hotspot_type":"intersection","county":"臺北市","township":"內湖區","road_or_intersection":"民權東路6段 x 舊宗路1段","accident_count":8,"motorcycle_accident_count":8,"pedestrian_accident_count":0,"death_count":0,"injury_count":9,"fatal_accident_count":0,"risk_score":70.2,"risk_level":"high","confidence":"confirmed","motorcycle_accident_ratio":1.0,"pedestrian_accident_ratio":0.0}},{"type":"Feature","geometry":{"type":"Point","coordinates":[121.52449,25.07304]},"properties":{"hotspot_id":"臺北市-48464","hotspot_type":"intersection","county":"臺北市","township":"中山區","road_or_intersection":"中山北路4段 x 新生高架道","accident_count":8,"motorcycle_accident_count":8,"pedestrian_accident_count":0,"death_count":0,"injury_count":9,"fatal_accident_count":0,"risk_score":70.2,"risk_level":"high","confidence":"confirmed","motorcycle_accident_ratio":1.0,"pedestrian_accident_ratio":0.0}},{"type":"Feature","geometry":{"type":"Point","coordinates":[121.51329,25.04835]},"properties":{"hotspot_id":"臺北市-48844","hotspot_type":"intersection","county":"臺北市","township":"中正區","road_or_intersection":"北平西路 x 重慶北路1段","accident_count":8,"motorcycle_accident_count":8,"pedestrian_accident_count":0,"death_count":0,"injury_count":9,"fatal_accident_count":0,"risk_score":70.2,"risk_level":"high","confidence":"confirmed","motorcycle_accident_ratio":1.0,"pedestrian_accident_ratio":0.0}},{"type":"Feature","geometry":{"type":"Point","coordinates":[121.51409,25.07451]},"properties":{"hotspot_id":"臺北市-51596","hotspot_type":"intersection","county":"臺北市","township":"大同區","road_or_intersection":"重慶北路3段","accident_count":9,"motorcycle_accident_count":5,"pedestrian_accident_count":3,"death_count":0,"injury_count":11,"fatal_accident_count":0,"risk_score":70.2,"risk_level":"high","confidence":"probable","motorcycle_accident_ratio":0.5556,"pedestrian_accident_ratio":0.3333}},{"type":"Feature","geometry":{"type":"Point","coordinates":[121.56543,25.04267]},"properties":{"hotspot_id":"臺北市-51908","hotspot_type":"intersection","county":"臺北市","township":"信義區","road_or_intersection":"基隆路1段","accident_count":8,"motorcycle_accident_count":8,"pedestrian_accident_count":0,"death_count":0,"injury_count":9,"fatal_accident_count":0,"risk_score":70.2,"risk_level":"high","confidence":"probable","motorcycle_accident_ratio":1.0,"pedestrian_accident_ratio":0.0}},{"type":"Feature","geometry":{"type":"Point","coordinates":[121.52314,25.02976]},"properties":{"hotspot_id":"臺北市-50618","hotspot_type":"intersection","county":"臺北市","township":"大安區","road_or_intersection":"杭州南路2段 x 潮州街","accident_count":8,"motorcycle_accident_count":8,"pedestrian_accident_count":0,"death_count":0,"injury_count":9,"fatal_accident_count":0,"risk_score":70.2,"risk_level":"high","confidence":"confirmed","motorcycle_accident_ratio":1.0,"pedestrian_accident_ratio":0.0}},{"type":"Feature","geometry":{"type":"Point","coordinates":[121.55627,24.98554]},"properties":{"hotspot_id":"臺北市-50709","hotspot_type":"intersection","county":"臺北市","township":"文山區","road_or_intersection":"光輝路","accident_count":8,"motorcycle_accident_count":8,"pedestrian_accident_count":0,"death_count":0,"injury_count":9,"fatal_accident_count":0,"risk_score":70.2,"risk_level":"high","confidence":"confirmed","motorcycle_accident_ratio":1.0,"pedestrian_accident_ratio":0.0}},{"type":"Feature","geometry":{"type":"Point","coordinates":[121.52985,25.04306]},"properties":{"hotspot_id":"臺北市-48954","hotspot_type":"intersection","county":"臺北市","township":"中正區","road_or_intersection":"忠孝東路2段 x 金山南路1段","accident_count":9,"motorcycle_accident_count":5,"pedestrian_accident_count":1,"death_count":0,"injury_count":12,"fatal_accident_count":0,"risk_score":70.0,"risk_level":"high","confidence":"confirmed","motorcycle_accident_ratio":0.5556,"pedestrian_accident_ratio":0.1111}},{"type":"Feature","geometry":{"type":"Point","coordinates":[121.53163,25.11305]},"properties":{"hotspot_id":"臺北市-50108","hotspot_type":"intersection","county":"臺北市","township":"士林區","road_or_intersection":"忠誠路2段","accident_count":14,"motorcycle_accident_count":11,"pedestrian_accident_count":0,"death_count":0,"injury_count":17,"fatal_accident_count":0,"risk_score":70.0,"risk_level":"high","confidence":"confirmed","motorcycle_accident_ratio":0.7857,"pedestrian_accident_ratio":0.0}},{"type":"Feature","geometry":{"type":"Point","coordinates":[121.55958,25.0329]},"properties":{"hotspot_id":"臺北市-49124","hotspot_type":"intersection","county":"臺北市","township":"信義區","road_or_intersection":"信義路5段 x 基隆路2段","accident_count":13,"motorcycle_accident_count":11,"pedestrian_accident_count":0,"death_count":0,"injury_count":15,"fatal_accident_count":0,"risk_score":69.9,"risk_level":"high","confidence":"confirmed","motorcycle_accident_ratio":0.8462,"pedestrian_accident_ratio":0.0}},{"type":"Feature","geometry":{"type":"Point","coordinates":[121.56927,25.04946]},"properties":{"hotspot_id":"臺北市-50963","hotspot_type":"intersection","county":"臺北市","township":"松山區","road_or_intersection":"八德路4段 x 基隆路1段","accident_count":5,"motorcycle_accident_count":4,"pedestrian_accident_count":1,"death_count":1,"injury_count":5,"fatal_accident_count":1,"risk_score":69.9,"risk_level":"high","confidence":"confirmed","motorcycle_accident_ratio":0.8,"pedestrian_accident_ratio":0.2}},{"type":"Feature","geometry":{"type":"Point","coordinates":[121.58883,25.06568]},"properties":{"hotspot_id":"臺北市-51601","hotspot_type":"intersection","county":"臺北市","township":"內湖區","road_or_intersection":"國道","accident_count":17,"motorcycle_accident_count":0,"pedestrian_accident_count":0,"death_count":0,"injury_count":25,"fatal_accident_count":0,"risk_score":69.9,"risk_level":"high","confidence":"probable","motorcycle_accident_ratio":0.0,"pedestrian_accident_ratio":0.0}},{"type":"Feature","geometry":{"type":"Point","coordinates":[121.5197,25.04544]},"properties":{"hotspot_id":"臺北市-48765","hotspot_type":"intersection","county":"臺北市","township":"中正區","road_or_intersection":"中山南路 x 忠孝東路1段","accident_count":4,"motorcycle_accident_count":4,"pedestrian_accident_count":2,"death_count":0,"injury_count":7,"fatal_accident_count":0,"risk_score":69.8,"risk_level":"high","confidence":"confirmed","motorcycle_accident_ratio":1.0,"pedestrian_accident_ratio":0.5}},{"type":"Feature","geometry":{"type":"Point","coordinates":[121.49465,25.03559]},"properties":{"hotspot_id":"臺北市-51133","hotspot_type":"intersection","county":"臺北市","township":"萬華區","road_or_intersection":"和平西路3段 x 環河南路2段","accident_count":12,"motorcycle_accident_count":10,"pedestrian_accident_count":0,"death_count":0,"injury_count":16,"fatal_accident_count":0,"risk_score":69.8,"risk_level":"high","confidence":"confirmed","motorcycle_accident_ratio":0.8333,"pedestrian_accident_ratio":0.0}},{"type":"Feature","geometry":{"type":"Point","coordinates":[121.57379,25.06519]},"properties":{"hotspot_id":"臺北市-51462","hotspot_type":"intersection","county":"臺北市","township":"內湖區","road_or_intersection":"民善街","accident_count":12,"motorcycle_accident_count":10,"pedestrian_accident_count":0,"death_count":0,"injury_count":16,"fatal_accident_count":0,"risk_score":69.8,"risk_level":"high","confidence":"probable","motorcycle_accident_ratio":0.8333,"pedestrian_accident_ratio":0.0}},{"type":"Feature","geometry":{"type":"Point","coordinates":[121.52215,25.06348]},"properties":{"hotspot_id":"臺北市-48452","hotspot_type":"intersection","county":"臺北市","township":"中山區","road_or_intersection":"中山北路3段 x 德惠街","accident_count":5,"motorcycle_accident_count":5,"pedestrian_accident_count":0,"death_count":0,"injury_count":12,"fatal_accident_count":0,"risk_score":69.7,"risk_level":"high","confidence":"confirmed","motorcycle_accident_ratio":1.0,"pedestrian_accident_ratio":0.0}},{"type":"Feature","geometry":{"type":"Point","coordinates":[121.57207,25.04703]},"properties":{"hotspot_id":"臺北市-49205","hotspot_type":"intersection","county":"臺北市","township":"信義區","road_or_intersection":"松信路 x 松隆路","accident_count":10,"motorcycle_accident_count":9,"pedestrian_accident_count":0,"death_count":0,"injury_count":15,"fatal_accident_count":0,"risk_score":69.6,"risk_level":"high","confidence":"confirmed","motorcycle_accident_ratio":0.9,"pedestrian_accident_ratio":0.0}},{"type":"Feature","geometry":{"type":"Point","coordinates":[121.57777,25.04807]},"properties":{"hotspot_id":"臺北市-49217","hotspot_type":"intersection","county":"臺北市","township":"信義區","road_or_intersection":"松山路 x 松隆路","accident_count":8,"motorcycle_accident_count":6,"pedestrian_accident_count":1,"death_count":0,"injury_count":11,"fatal_accident_count":0,"risk_score":69.5,"risk_level":"high","confidence":"confirmed","motorcycle_accident_ratio":0.75,"pedestrian_accident_ratio":0.125}},{"type":"Feature","geometry":{"type":"Point","coordinates":[121.59216,24.9903]},"properties":{"hotspot_id":"臺北市-51328","hotspot_type":"intersection","county":"臺北市","township":"文山區","road_or_intersection":"國道","accident_count":16,"motorcycle_accident_count":0,"pedestrian_accident_count":0,"death_count":0,"injury_count":23,"fatal_accident_count":0,"risk_score":69.5,"risk_level":"high","confidence":"probable","motorcycle_accident_ratio":0.0,"pedestrian_accident_ratio":0.0}},{"type":"Feature","geometry":{"type":"Point","coordinates":[121.534,25.10777]},"properties":{"hotspot_id":"臺北市-51387","hotspot_type":"intersection","county":"臺北市","township":"士林區","road_or_intersection":"芝玉路1段","accident_count":8,"motorcycle_accident_count":6,"pedestrian_accident_count":1,"death_count":0,"injury_count":11,"fatal_accident_count":0,"risk_score":69.5,"risk_level":"high","confidence":"probable","motorcycle_accident_ratio":0.75,"pedestrian_accident_ratio":0.125}},{"type":"Feature","geometry":{"type":"Point","coordinates":[121.59514,25.08426]},"properties":{"hotspot_id":"臺北市-49371","hotspot_type":"intersection","county":"臺北市","township":"內湖區","road_or_intersection":"成功路4段 x 金龍路","accident_count":4,"motorcycle_accident_count":4,"pedestrian_accident_count":1,"death_count":0,"injury_count":7,"fatal_accident_count":0,"risk_score":69.4,"risk_level":"high","confidence":"confirmed","motorcycle_accident_ratio":1.0,"pedestrian_accident_ratio":0.25}},{"type":"Feature","geometry":{"type":"Point","coordinates":[121.50034,25.13779]},"properties":{"hotspot_id":"臺北市-49491","hotspot_type":"intersection","county":"臺北市","township":"北投區","road_or_intersection":"中和街 x 秀山路","accident_count":4,"motorcycle_accident_count":4,"pedestrian_accident_count":1,"death_count":0,"injury_count":7,"fatal_accident_count":0,"risk_score":69.4,"risk_level":"high","confidence":"confirmed","motorcycle_accident_ratio":1.0,"pedestrian_accident_ratio":0.25}},{"type":"Feature","geometry":{"type":"Point","coordinates":[121.51652,25.09139]},"properties":{"hotspot_id":"臺北市-49971","hotspot_type":"intersection","county":"臺北市","township":"士林區","road_or_intersection":"中正路 x 承德路5段","accident_count":12,"motorcycle_accident_count":10,"pedestrian_accident_count":0,"death_count":0,"injury_count":15,"fatal_accident_count":0,"risk_score":69.3,"risk_level":"high","confidence":"confirmed","motorcycle_accident_ratio":0.8333,"pedestrian_accident_ratio":0.0}},{"type":"Feature","geometry":{"type":"Point","coordinates":[121.50862,25.045]},"properties":{"hotspot_id":"臺北市-51248","hotspot_type":"intersection","county":"臺北市","township":"萬華區","road_or_intersection":"漢口街2段 x 西寧南路","accident_count":7,"motorcycle_accident_count":5,"pedestrian_accident_count":3,"death_count":0,"injury_count":11,"fatal_accident_count":0,"risk_score":69.3,"risk_level":"high","confidence":"confirmed","motorcycle_accident_ratio":0.7143,"pedestrian_accident_ratio":0.4286}},{"type":"Feature","geometry":{"type":"Point","coordinates":[121.537,25.05711]},"properties":{"hotspot_id":"臺北市-48574","hotspot_type":"intersection","county":"臺北市","township":"中山區","road_or_intersection":"建國北路2段","accident_count":7,"motorcycle_accident_count":7,"pedestrian_accident_count":0,"death_count":0,"injury_count":9,"fatal_accident_count":0,"risk_score":69.2,"risk_level":"high","confidence":"confirmed","motorcycle_accident_ratio":1.0,"pedestrian_accident_ratio":0.0}},{"type":"Feature","geometry":{"type":"Point","coordinates":[121.52088,25.0625]},"properties":{"hotspot_id":"臺北市-48566","hotspot_type":"intersection","county":"臺北市","township":"中山區","road_or_intersection":"天祥路 x 民權西路","accident_count":7,"motorcycle_accident_count":7,"pedestrian_accident_count":0,"death_count":0,"injury_count":9,"fatal_accident_count":0,"risk_score":69.2,"risk_level":"high","confidence":"confirmed","motorcycle_accident_ratio":1.0,"pedestrian_accident_ratio":0.0}},{"type":"Feature","geometry":{"type":"Point","coordinates":[121.5222,25.04095]},"properties":{"hotspot_id":"臺北市-48940","hotspot_type":"intersection","county":"臺北市","township":"中正區","road_or_intersection":"徐州路 x 林森南路","accident_count":7,"motorcycle_accident_count":6,"pedestrian_accident_count":1,"death_count":0,"injury_count":10,"fatal_accident_count":0,"risk_score":69.2,"risk_level":"high","confidence":"confirmed","motorcycle_accident_ratio":0.8571,"pedestrian_accident_ratio":0.1429}},{"type":"Feature","geometry":{"type":"Point","coordinates":[121.51904,25.03173]},"properties":{"hotspot_id":"臺北市-48908","hotspot_type":"intersection","county":"臺北市","township":"中正區","road_or_intersection":"寧波西街 x 羅斯福路1段","accident_count":8,"motorcycle_accident_count":6,"pedestrian_accident_count":2,"death_count":0,"injury_count":10,"fatal_accident_count":0,"risk_score":69.2,"risk_level":"high","confidence":"confirmed","motorcycle_accident_ratio":0.75,"pedestrian_accident_ratio":0.25}},{"type":"Feature","geometry":{"type":"Point","coordinates":[121.59115,25.06106]},"properties":{"hotspot_id":"臺北市-49330","hotspot_type":"intersection","county":"臺北市","township":"內湖區","road_or_intersection":"安康路 x 成功路2段","accident_count":7,"motorcycle_accident_count":7,"pedestrian_accident_count":0,"death_count":0,"injury_count":9,"fatal_accident_count":0,"risk_score":69.2,"risk_level":"high","confidence":"confirmed","motorcycle_accident_ratio":1.0,"pedestrian_accident_ratio":0.0}},{"type":"Feature","geometry":{"type":"Point","coordinates":[121.57586,25.07585]},"properties":{"hotspot_id":"臺北市-49422","hotspot_type":"intersection","county":"臺北市","township":"內湖區","road_or_intersection":"江南街 x 瑞光路","accident_count":7,"motorcycle_accident_count":7,"pedestrian_accident_count":0,"death_count":0,"injury_count":9,"fatal_accident_count":0,"risk_score":69.2,"risk_level":"high","confidence":"confirmed","motorcycle_accident_ratio":1.0,"pedestrian_accident_ratio":0.0}},{"type":"Feature","geometry":{"type":"Point","coordinates":[121.46599,25.12669]},"properties":{"hotspot_id":"臺北市-49508","hotspot_type":"intersection","county":"臺北市","township":"北投區","road_or_intersection":"中央北路4段 x 學園路","accident_count":6,"motorcycle_accident_count":6,"pedestrian_accident_count":0,"death_count":0,"injury_count":10,"fatal_accident_count":0,"risk_score":69.2,"risk_level":"high","confidence":"confirmed","motorcycle_accident_ratio":1.0,"pedestrian_accident_ratio":0.0}},{"type":"Feature","geometry":{"type":"Point","coordinates":[121.59431,25.04925]},"properties":{"hotspot_id":"臺北市-49874","hotspot_type":"intersection","county":"臺北市","township":"南港區","road_or_intersection":"昆陽街","accident_count":7,"motorcycle_accident_count":6,"pedestrian_accident_count":1,"death_count":0,"injury_count":10,"fatal_accident_count":0,"risk_score":69.2,"risk_level":"high","confidence":"confirmed","motorcycle_accident_ratio":0.8571,"pedestrian_accident_ratio":0.1429}},{"type":"Feature","geometry":{"type":"Point","coordinates":[121.53239,25.09845]},"properties":{"hotspot_id":"臺北市-50102","hotspot_type":"intersection","county":"臺北市","township":"士林區","road_or_intersection":"忠勇街 x 雨農路","accident_count":7,"motorcycle_accident_count":7,"pedestrian_accident_count":0,"death_count":0,"injury_count":9,"fatal_accident_count":0,"risk_score":69.2,"risk_level":"high","confidence":"confirmed","motorcycle_accident_ratio":1.0,"pedestrian_accident_ratio":0.0}},{"type":"Feature","geometry":{"type":"Point","coordinates":[121.54248,25.09682]},"properties":{"hotspot_id":"臺北市-50182","hotspot_type":"intersection","county":"臺北市","township":"士林區","road_or_intersection":"臨溪路 x 至善路1段","accident_count":6,"motorcycle_accident_count":6,"pedestrian_accident_count":0,"death_count":0,"injury_count":10,"fatal_accident_count":0,"risk_score":69.2,"risk_level":"high","confidence":"confirmed","motorcycle_accident_ratio":1.0,"pedestrian_accident_ratio":0.0}},{"type":"Feature","geometry":{"type":"Point","coordinates":[121.52512,25.09245]},"properties":{"hotspot_id":"臺北市-50051","hotspot_type":"intersection","county":"臺北市","township":"士林區","road_or_intersection":"大東路 x 文林路","accident_count":6,"motorcycle_accident_count":6,"pedestrian_accident_count":0,"death_count":0,"injury_count":10,"fatal_accident_count":0,"risk_score":69.2,"risk_level":"high","confidence":"confirmed","motorcycle_accident_ratio":1.0,"pedestrian_accident_ratio":0.0}},{"type":"Feature","geometry":{"type":"Point","coordinates":[121.52337,25.08981]},"properties":{"hotspot_id":"臺北市-50043","hotspot_type":"intersection","county":"臺北市","township":"士林區","road_or_intersection":"大南路 x 小西街","accident_count":7,"motorcycle_accident_count":7,"pedestrian_accident_count":0,"death_count":0,"injury_count":9,"fatal_accident_count":0,"risk_score":69.2,"risk_level":"high","confidence":"confirmed","motorcycle_accident_ratio":1.0,"pedestrian_accident_ratio":0.0}},{"type":"Feature","geometry":{"type":"Point","coordinates":[121.51766,25.05327]},"properties":{"hotspot_id":"臺北市-50231","hotspot_type":"intersection","county":"臺北市","township":"大同區","road_or_intersection":"南京西路 x 承德路2段","accident_count":7,"motorcycle_accident_count":7,"pedestrian_accident_count":0,"death_count":0,"injury_count":9,"fatal_accident_count":0,"risk_score":69.2,"risk_level":"high","confidence":"confirmed","motorcycle_accident_ratio":1.0,"pedestrian_accident_ratio":0.0}},{"type":"Feature","geometry":{"type":"Point","coordinates":[121.51589,25.072]},"properties":{"hotspot_id":"臺北市-50264","hotspot_type":"intersection","county":"臺北市","township":"大同區","road_or_intersection":"大龍街 x 酒泉街","accident_count":8,"motorcycle_accident_count":4,"pedestrian_accident_count":4,"death_count":0,"injury_count":11,"fatal_accident_count":0,"risk_score":69.2,"risk_level":"high","confidence":"confirmed","motorcycle_accident_ratio":0.5,"pedestrian_accident_ratio":0.5}},{"type":"Feature","geometry":{"type":"Point","coordinates":[121.51015,25.04832]},"properties":{"hotspot_id":"臺北市-50255","hotspot_type":"intersection","county":"臺北市","township":"大同區","road_or_intersection":"塔城街 x 忠孝西路1段","accident_count":6,"motorcycle_accident_count":6,"pedestrian_accident_count":0,"death_count":0,"injury_count":10,"fatal_accident_count":0,"risk_score":69.2,"risk_level":"high","confidence":"confirmed","motorcycle_accident_ratio":1.0,"pedestrian_accident_ratio":0.0}},{"type":"Feature","geometry":{"type":"Point","coordinates":[121.51103,25.06591]},"properties":{"hotspot_id":"臺北市-50298","hotspot_type":"intersection","county":"臺北市","township":"大同區","road_or_intersection":"延平北路3段 x 昌吉街","accident_count":6,"motorcycle_accident_count":6,"pedestrian_accident_count":0,"death_count":0,"injury_count":10,"fatal_accident_count":0,"risk_score":69.2,"risk_level":"high","confidence":"confirmed","motorcycle_accident_ratio":1.0,"pedestrian_accident_ratio":0.0}},{"type":"Feature","geometry":{"type":"Point","coordinates":[121.51081,25.05692]},"properties":{"hotspot_id":"臺北市-50346","hotspot_type":"intersection","county":"臺北市","township":"大同區","road_or_intersection":"民樂街 x 民生西路","accident_count":7,"motorcycle_accident_count":6,"pedestrian_accident_count":1,"death_count":0,"injury_count":10,"fatal_accident_count":0,"risk_score":69.2,"risk_level":"high","confidence":"confirmed","motorcycle_accident_ratio":0.8571,"pedestrian_accident_ratio":0.1429}},{"type":"Feature","geometry":{"type":"Point","coordinates":[121.54368,25.0333]},"properties":{"hotspot_id":"臺北市-50460","hotspot_type":"intersection","county":"臺北市","township":"大安區","road_or_intersection":"信義路4段 x 復興南路2段","accident_count":7,"motorcycle_accident_count":7,"pedestrian_accident_count":0,"death_count":0,"injury_count":9,"fatal_accident_count":0,"risk_score":69.2,"risk_level":"high","confidence":"confirmed","motorcycle_accident_ratio":1.0,"pedestrian_accident_ratio":0.0}},{"type":"Feature","geometry":{"type":"Point","coordinates":[121.53925,25.0036]},"properties":{"hotspot_id":"臺北市-50860","hotspot_type":"intersection","county":"臺北市","township":"文山區","road_or_intersection":"羅斯福路5段 x 興隆路1段","accident_count":7,"motorcycle_accident_count":7,"pedestrian_accident_count":0,"death_count":0,"injury_count":9,"fatal_accident_count":0,"risk_score":69.2,"risk_level":"high","confidence":"confirmed","motorcycle_accident_ratio":1.0,"pedestrian_accident_ratio":0.0}},{"type":"Feature","geometry":{"type":"Point","coordinates":[121.55262,25.05137]},"properties":{"hotspot_id":"臺北市-50975","hotspot_type":"intersection","county":"臺北市","township":"松山區","road_or_intersection":"北寧路 x 南京東路4段","accident_count":7,"motorcycle_accident_count":7,"pedestrian_accident_count":0,"death_count":0,"injury_count":9,"fatal_accident_count":0,"risk_score":69.2,"risk_level":"high","confidence":"confirmed","motorcycle_accident_ratio":1.0,"pedestrian_accident_ratio":0.0}},{"type":"Feature","geometry":{"type":"Point","coordinates":[121.54916,25.04698]},"properties":{"hotspot_id":"臺北市-50958","hotspot_type":"intersection","county":"臺北市","township":"松山區","road_or_intersection":"八德路3段 x 敦化南路1段","accident_count":6,"motorcycle_accident_count":6,"pedestrian_accident_count":0,"death_count":0,"injury_count":10,"fatal_accident_count":0,"risk_score":69.2,"risk_level":"high","confidence":"confirmed","motorcycle_accident_ratio":1.0,"pedestrian_accident_ratio":0.0}},{"type":"Feature","geometry":{"type":"Point","coordinates":[121.50734,25.04761]},"properties":{"hotspot_id":"臺北市-51241","hotspot_type":"intersection","county":"臺北市","township":"萬華區","road_or_intersection":"洛陽街 x 西寧南路","accident_count":7,"motorcycle_accident_count":6,"pedestrian_accident_count":1,"death_count":0,"injury_count":10,"fatal_accident_count":0,"risk_score":69.2,"risk_level":"high","confidence":"confirmed","motorcycle_accident_ratio":0.8571,"pedestrian_accident_ratio":0.1429}},{"type":"Feature","geometry":{"type":"Point","coordinates":[121.54544,24.98679]},"properties":{"hotspot_id":"臺北市-51381","hotspot_type":"intersection","county":"臺北市","township":"文山區","road_or_intersection":"木柵路1段","accident_count":7,"motorcycle_accident_count":7,"pedestrian_accident_count":0,"death_count":0,"injury_count":9,"fatal_accident_count":0,"risk_score":69.2,"risk_level":"high","confidence":"probable","motorcycle_accident_ratio":1.0,"pedestrian_accident_ratio":0.0}},{"type":"Feature","geometry":{"type":"Point","coordinates":[121.51155,25.10803]},"properties":{"hotspot_id":"臺北市-51431","hotspot_type":"intersection","county":"臺北市","township":"北投區","road_or_intersection":"承德路6段","accident_count":6,"motorcycle_accident_count":6,"pedestrian_accident_count":0,"death_count":0,"injury_count":10,"fatal_accident_count":0,"risk_score":69.2,"risk_level":"high","confidence":"probable","motorcycle_accident_ratio":1.0,"pedestrian_accident_ratio":0.0}},{"type":"Feature","geometry":{"type":"Point","coordinates":[121.51248,25.10955]},"properties":{"hotspot_id":"臺北市-51430","hotspot_type":"intersection","county":"臺北市","township":"北投區","road_or_intersection":"文林北路","accident_count":7,"motorcycle_accident_count":7,"pedestrian_accident_count":0,"death_count":0,"injury_count":9,"fatal_accident_count":0,"risk_score":69.2,"risk_level":"high","confidence":"probable","motorcycle_accident_ratio":1.0,"pedestrian_accident_ratio":0.0}},{"type":"Feature","geometry":{"type":"Point","coordinates":[121.50992,25.08153]},"properties":{"hotspot_id":"臺北市-51469","hotspot_type":"intersection","county":"臺北市","township":"士林區","road_or_intersection":"延平北路5段","accident_count":6,"motorcycle_accident_count":6,"pedestrian_accident_count":0,"death_count":0,"injury_count":10,"fatal_accident_count":0,"risk_score":69.2,"risk_level":"high","confidence":"probable","motorcycle_accident_ratio":1.0,"pedestrian_accident_ratio":0.0}},{"type":"Feature","geometry":{"type":"Point","coordinates":[121.59675,25.06785]},"properties":{"hotspot_id":"臺北市-51450","hotspot_type":"intersection","county":"臺北市","township":"內湖區","road_or_intersection":"民權東路6段","accident_count":7,"motorcycle_accident_count":6,"pedestrian_accident_count":1,"death_count":0,"injury_count":10,"fatal_accident_count":0,"risk_score":69.2,"risk_level":"high","confidence":"probable","motorcycle_accident_ratio":0.8571,"pedestrian_accident_ratio":0.1429}},{"type":"Feature","geometry":{"type":"Point","coordinates":[121.51568,25.09172]},"properties":{"hotspot_id":"臺北市-51486","hotspot_type":"intersection","county":"臺北市","township":"士林區","road_or_intersection":"承德路5段","accident_count":6,"motorcycle_accident_count":6,"pedestrian_accident_count":0,"death_count":0,"injury_count":10,"fatal_accident_count":0,"risk_score":69.2,"risk_level":"high","confidence":"probable","motorcycle_accident_ratio":1.0,"pedestrian_accident_ratio":0.0}},{"type":"Feature","geometry":{"type":"Point","coordinates":[121.61069,25.06487]},"properties":{"hotspot_id":"臺北市-51493","hotspot_type":"intersection","county":"臺北市","township":"內湖區","road_or_intersection":"安康路","accident_count":6,"motorcycle_accident_count":6,"pedestrian_accident_count":0,"death_count":0,"injury_count":10,"fatal_accident_count":0,"risk_score":69.2,"risk_level":"high","confidence":"probable","motorcycle_accident_ratio":1.0,"pedestrian_accident_ratio":0.0}},{"type":"Feature","geometry":{"type":"Point","coordinates":[121.551,25.06158]},"properties":{"hotspot_id":"臺北市-51624","hotspot_type":"intersection","county":"臺北市","township":"松山區","road_or_intersection":"民權東路3段","accident_count":7,"motorcycle_accident_count":7,"pedestrian_accident_count":0,"death_count":0,"injury_count":9,"fatal_accident_count":0,"risk_score":69.2,"risk_level":"high","confidence":"probable","motorcycle_accident_ratio":1.0,"pedestrian_accident_ratio":0.0}},{"type":"Feature","geometry":{"type":"Point","coordinates":[121.55077,25.03318]},"properties":{"hotspot_id":"臺北市-51669","hotspot_type":"intersection","county":"臺北市","township":"大安區","road_or_intersection":"信義路4段","accident_count":9,"motorcycle_accident_count":6,"pedestrian_accident_count":2,"death_count":0,"injury_count":10,"fatal_accident_count":0,"risk_score":69.2,"risk_level":"high","confidence":"probable","motorcycle_accident_ratio":0.6667,"pedestrian_accident_ratio":0.2222}},{"type":"Feature","geometry":{"type":"Point","coordinates":[121.53157,25.05204]},"properties":{"hotspot_id":"臺北市-48413","hotspot_type":"intersection","county":"臺北市","township":"中山區","road_or_intersection":"一江街 x 南京東路2段","accident_count":8,"motorcycle_accident_count":7,"pedestrian_accident_count":1,"death_count":0,"injury_count":9,"fatal_accident_count":0,"risk_score":69.1,"risk_level":"high","confidence":"confirmed","motorcycle_accident_ratio":0.875,"pedestrian_accident_ratio":0.125}},{"type":"Feature","geometry":{"type":"Point","coordinates":[121.58386,25.04207]},"properties":{"hotspot_id":"臺北市-49106","hotspot_type":"intersection","county":"臺北市","township":"信義區","road_or_intersection":"中坡南路","accident_count":8,"motorcycle_accident_count":7,"pedestrian_accident_count":1,"death_count":0,"injury_count":9,"fatal_accident_count":0,"risk_score":69.1,"risk_level":"high","confidence":"confirmed","motorcycle_accident_ratio":0.875,"pedestrian_accident_ratio":0.125}},{"type":"Feature","geometry":{"type":"Point","coordinates":[121.5215,25.02421]},"properties":{"hotspot_id":"臺北市-48884","hotspot_type":"intersection","county":"臺北市","township":"中正區","road_or_intersection":"同安街 x 汀州路2段","accident_count":8,"motorcycle_accident_count":7,"pedestrian_accident_count":1,"death_count":0,"injury_count":9,"fatal_accident_count":0,"risk_score":69.1,"risk_level":"high","confidence":"confirmed","motorcycle_accident_ratio":0.875,"pedestrian_accident_ratio":0.125}},{"type":"Feature","geometry":{"type":"Point","coordinates":[121.56368,25.03591]},"properties":{"hotspot_id":"臺北市-49254","hotspot_type":"intersection","county":"臺北市","township":"信義區市","road_or_intersection":"府路 x 松壽路","accident_count":9,"motorcycle_accident_count":5,"pedestrian_accident_count":1,"death_count":0,"injury_count":11,"fatal_accident_count":0,"risk_score":69.1,"risk_level":"high","confidence":"confirmed","motorcycle_accident_ratio":0.5556,"pedestrian_accident_ratio":0.1111}},{"type":"Feature","geometry":{"type":"Point","coordinates":[121.61451,25.03432]},"properties":{"hotspot_id":"臺北市-49894","hotspot_type":"intersection","county":"臺北市","township":"南港區","road_or_intersection":"研究院路3段","accident_count":8,"motorcycle_accident_count":7,"pedestrian_accident_count":1,"death_count":0,"injury_count":9,"fatal_accident_count":0,"risk_score":69.1,"risk_level":"high","confidence":"confirmed","motorcycle_accident_ratio":0.875,"pedestrian_accident_ratio":0.125}},{"type":"Feature","geometry":{"type":"Point","coordinates":[121.52553,25.10822]},"properties":{"hotspot_id":"臺北市-49951","hotspot_type":"intersection","county":"臺北市","township":"士林區","road_or_intersection":"中山北路6段 x 德行東路","accident_count":11,"motorcycle_accident_count":9,"pedestrian_accident_count":0,"death_count":0,"injury_count":16,"fatal_accident_count":0,"risk_score":69.1,"risk_level":"high","confidence":"confirmed","motorcycle_accident_ratio":0.8182,"pedestrian_accident_ratio":0.0}},{"type":"Feature","geometry":{"type":"Point","coordinates":[121.60274,25.05723]},"properties":{"hotspot_id":"臺北市-51570","hotspot_type":"intersection","county":"臺北市","township":"南港區","road_or_intersection":"重陽路","accident_count":8,"motorcycle_accident_count":7,"pedestrian_accident_count":1,"death_count":0,"injury_count":9,"fatal_accident_count":0,"risk_score":69.1,"risk_level":"high","confidence":"probable","motorcycle_accident_ratio":0.875,"pedestrian_accident_ratio":0.125}},{"type":"Feature","geometry":{"type":"Point","coordinates":[121.57117,24.992]},"properties":{"hotspot_id":"臺北市-50831","hotspot_type":"intersection","county":"臺北市","township":"文山區","road_or_intersection":"木柵路4段 x 秀明路1段","accident_count":8,"motorcycle_accident_count":7,"pedestrian_accident_count":1,"death_count":0,"injury_count":9,"fatal_accident_count":0,"risk_score":69.1,"risk_level":"high","confidence":"confirmed","motorcycle_accident_ratio":0.875,"pedestrian_accident_ratio":0.125}},{"type":"Feature","geometry":{"type":"Point","coordinates":[121.53794,25.0301]},"properties":{"hotspot_id":"臺北市-50568","hotspot_type":"intersection","county":"臺北市","township":"大安區","road_or_intersection":"建國南路2段","accident_count":10,"motorcycle_accident_count":8,"pedestrian_accident_count":0,"death_count":0,"injury_count":18,"fatal_accident_count":0,"risk_score":69.1,"risk_level":"high","confidence":"confirmed","motorcycle_accident_ratio":0.8,"pedestrian_accident_ratio":0.0}},{"type":"Feature","geometry":{"type":"Point","coordinates":[121.51216,25.08637]},"properties":{"hotspot_id":"臺北市-50204","hotspot_type":"intersection","county":"臺北市","township":"士林區","road_or_intersection":"通河西街1段 x 重慶北路4段","accident_count":8,"motorcycle_accident_count":7,"pedestrian_accident_count":1,"death_count":0,"injury_count":9,"fatal_accident_count":0,"risk_score":69.1,"risk_level":"high","confidence":"confirmed","motorcycle_accident_ratio":0.875,"pedestrian_accident_ratio":0.125}},{"type":"Feature","geometry":{"type":"Point","coordinates":[121.53774,25.04705]},"properties":{"hotspot_id":"臺北市-48481","hotspot_type":"intersection","county":"臺北市","township":"中山區","road_or_intersection":"八德路2段 x 建國北路1段","accident_count":11,"motorcycle_accident_count":10,"pedestrian_accident_count":0,"death_count":0,"injury_count":13,"fatal_accident_count":0,"risk_score":69.0,"risk_level":"high","confidence":"confirmed","motorcycle_accident_ratio":0.9091,"pedestrian_accident_ratio":0.0}},{"type":"Feature","geometry":{"type":"Point","coordinates":[121.54388,25.0459]},"properties":{"hotspot_id":"臺北市-51819","hotspot_type":"intersection","county":"臺北市","township":"中山區","road_or_intersection":"復興南路1段","accident_count":11,"motorcycle_accident_count":10,"pedestrian_accident_count":0,"death_count":0,"injury_count":13,"fatal_accident_count":0,"risk_score":69.0,"risk_level":"high","confidence":"probable","motorcycle_accident_ratio":0.9091,"pedestrian_accident_ratio":0.0}},{"type":"Feature","geometry":{"type":"Point","coordinates":[121.58396,25.07594]},"properties":{"hotspot_id":"臺北市-49379","hotspot_type":"intersection","county":"臺北市","township":"內湖區","road_or_intersection":"文德路 x 陽光街","accident_count":11,"motorcycle_accident_count":10,"pedestrian_accident_count":0,"death_count":0,"injury_count":13,"fatal_accident_count":0,"risk_score":69.0,"risk_level":"high","confidence":"confirmed","motorcycle_accident_ratio":0.9091,"pedestrian_accident_ratio":0.0}},{"type":"Feature","geometry":{"type":"Point","coordinates":[121.5364,25.01106]},"properties":{"hotspot_id":"臺北市-48897","hotspot_type":"intersection","county":"臺北市","township":"中正區","road_or_intersection":"基隆路4段 x 汀州路3段","accident_count":11,"motorcycle_accident_count":10,"pedestrian_accident_count":0,"death_count":0,"injury_count":13,"fatal_accident_count":0,"risk_score":69.0,"risk_level":"high","confidence":"confirmed","motorcycle_accident_ratio":0.9091,"pedestrian_accident_ratio":0.0}},{"type":"Feature","geometry":{"type":"Point","coordinates":[121.53337,25.05817]},"properties":{"hotspot_id":"臺北市-48663","hotspot_type":"intersection","county":"臺北市","township":"中山區","road_or_intersection":"松江路 x 民生東路2段","accident_count":10,"motorcycle_accident_count":9,"pedestrian_accident_count":0,"death_count":0,"injury_count":14,"fatal_accident_count":0,"risk_score":69.0,"risk_level":"high","confidence":"confirmed","motorcycle_accident_ratio":0.9,"pedestrian_accident_ratio":0.0}},{"type":"Feature","geometry":{"type":"Point","coordinates":[121.53264,25.0382]},"properties":{"hotspot_id":"臺北市-48809","hotspot_type":"intersection","county":"臺北市","township":"中正區","road_or_intersection":"仁愛路2段 x 新生南路1段","accident_count":10,"motorcycle_accident_count":9,"pedestrian_accident_count":0,"death_count":0,"injury_count":14,"fatal_accident_count":0,"risk_score":69.0,"risk_level":"high","confidence":"confirmed","motorcycle_accident_ratio":0.9,"pedestrian_accident_ratio":0.0}},{"type":"Feature","geometry":{"type":"Point","coordinates":[121.54873,25.03934]},"properties":{"hotspot_id":"臺北市-50430","hotspot_type":"intersection","county":"臺北市","township":"大安區","road_or_intersection":"仁愛路4段 x 忠孝東路4段","accident_count":11,"motorcycle_accident_count":10,"pedestrian_accident_count":0,"death_count":0,"injury_count":13,"fatal_accident_count":0,"risk_score":69.0,"risk_level":"high","confidence":"confirmed","motorcycle_accident_ratio":0.9091,"pedestrian_accident_ratio":0.0}},{"type":"Feature","geometry":{"type":"Point","coordinates":[121.52403,25.02103]},"properties":{"hotspot_id":"臺北市-51560","hotspot_type":"intersection","county":"臺北市","township":"中正區","road_or_intersection":"汀州路2段","accident_count":12,"motorcycle_accident_count":9,"pedestrian_accident_count":0,"death_count":0,"injury_count":17,"fatal_accident_count":0,"risk_score":69.0,"risk_level":"high","confidence":"probable","motorcycle_accident_ratio":0.75,"pedestrian_accident_ratio":0.0}},{"type":"Feature","geometry":{"type":"Point","coordinates":[121.57241,25.03862]},"properties":{"hotspot_id":"臺北市-51645","hotspot_type":"intersection","county":"臺北市","township":"信義區","road_or_intersection":"忠孝東路5段","accident_count":5,"motorcycle_accident_count":5,"pedestrian_accident_count":1,"death_count":0,"injury_count":6,"fatal_accident_count":0,"risk_score":68.9,"risk_level":"high","confidence":"probable","motorcycle_accident_ratio":1.0,"pedestrian_accident_ratio":0.2}},{"type":"Feature","geometry":{"type":"Point","coordinates":[121.5654,24.98512]},"properties":{"hotspot_id":"臺北市-50728","hotspot_type":"intersection","county":"臺北市","township":"文山區","road_or_intersection":"忠順街2段","accident_count":5,"motorcycle_accident_count":5,"pedestrian_accident_count":1,"death_count":0,"injury_count":6,"fatal_accident_count":0,"risk_score":68.9,"risk_level":"high","confidence":"confirmed","motorcycle_accident_ratio":1.0,"pedestrian_accident_ratio":0.2}},{"type":"Feature","geometry":{"type":"Point","coordinates":[121.5759,25.03738]},"properties":{"hotspot_id":"臺北市-49229","hotspot_type":"intersection","county":"臺北市","township":"信義區","road_or_intersection":"松德路 x 虎林街","accident_count":5,"motorcycle_accident_count":5,"pedestrian_accident_count":1,"death_count":0,"injury_count":6,"fatal_accident_count":0,"risk_score":68.9,"risk_level":"high","confidence":"confirmed","motorcycle_accident_ratio":1.0,"pedestrian_accident_ratio":0.2}},{"type":"Feature","geometry":{"type":"Point","coordinates":[121.51117,25.06352]},"properties":{"hotspot_id":"臺北市-51753","hotspot_type":"intersection","county":"臺北市","township":"大同區","road_or_intersection":"延平北路3段","accident_count":5,"motorcycle_accident_count":5,"pedestrian_accident_count":1,"death_count":0,"injury_count":6,"fatal_accident_count":0,"risk_score":68.9,"risk_level":"high","confidence":"probable","motorcycle_accident_ratio":1.0,"pedestrian_accident_ratio":0.2}},{"type":"Feature","geometry":{"type":"Point","coordinates":[121.5279,25.05211]},"properties":{"hotspot_id":"臺北市-48512","hotspot_type":"intersection","county":"臺北市","township":"中山區","road_or_intersection":"南京東路2段 x 新生北路2段","accident_count":5,"motorcycle_accident_count":5,"pedestrian_accident_count":1,"death_count":0,"injury_count":6,"fatal_accident_count":0,"risk_score":68.9,"risk_level":"high","confidence":"confirmed","motorcycle_accident_ratio":1.0,"pedestrian_accident_ratio":0.2}},{"type":"Feature","geometry":{"type":"Point","coordinates":[121.53845,25.0436]},"properties":{"hotspot_id":"臺北市-48485","hotspot_type":"intersection","county":"臺北市","township":"中山區","road_or_intersection":"八德路2段 x 民大道3段","accident_count":5,"motorcycle_accident_count":5,"pedestrian_accident_count":1,"death_count":0,"injury_count":6,"fatal_accident_count":0,"risk_score":68.9,"risk_level":"high","confidence":"confirmed","motorcycle_accident_ratio":1.0,"pedestrian_accident_ratio":0.2}},{"type":"Feature","geometry":{"type":"Point","coordinates":[121.55766,25.02986]},"properties":{"hotspot_id":"臺北市-49138","hotspot_type":"intersection","county":"臺北市","township":"信義區","road_or_intersection":"光復南路 x 基隆路2段","accident_count":6,"motorcycle_accident_count":5,"pedestrian_accident_count":1,"death_count":0,"injury_count":11,"fatal_accident_count":0,"risk_score":68.8,"risk_level":"high","confidence":"confirmed","motorcycle_accident_ratio":0.8333,"pedestrian_accident_ratio":0.1667}},{"type":"Feature","geometry":{"type":"Point","coordinates":[121.52278,25.05075]},"properties":{"hotspot_id":"臺北市-48427","hotspot_type":"intersection","county":"臺北市","township":"中山區","road_or_intersection":"中山北路1段 x 天津街","accident_count":7,"motorcycle_accident_count":6,"pedestrian_accident_count":3,"death_count":0,"injury_count":9,"fatal_accident_count":0,"risk_score":68.8,"risk_level":"high","confidence":"confirmed","motorcycle_accident_ratio":0.8571,"pedestrian_accident_ratio":0.4286}},{"type":"Feature","geometry":{"type":"Point","coordinates":[121.57554,24.99101]},"properties":{"hotspot_id":"臺北市-50857","hotspot_type":"intersection","county":"臺北市","township":"文山區","road_or_intersection":"秀明路2段","accident_count":8,"motorcycle_accident_count":8,"pedestrian_accident_count":0,"death_count":0,"injury_count":8,"fatal_accident_count":0,"risk_score":68.7,"risk_level":"high","confidence":"confirmed","motorcycle_accident_ratio":1.0,"pedestrian_accident_ratio":0.0}},{"type":"Feature","geometry":{"type":"Point","coordinates":[121.54057,25.04159]},"properties":{"hotspot_id":"臺北市-51800","hotspot_type":"intersection","county":"臺北市","township":"大安區","road_or_intersection":"忠孝東路3段","accident_count":7,"motorcycle_accident_count":6,"pedestrian_accident_count":0,"death_count":0,"injury_count":22,"fatal_accident_count":0,"risk_score":68.7,"risk_level":"high","confidence":"probable","motorcycle_accident_ratio":0.8571,"pedestrian_accident_ratio":0.0}},{"type":"Feature","geometry":{"type":"Point","coordinates":[121.52972,25.0393]},"properties":{"hotspot_id":"臺北市-49055","hotspot_type":"intersection","county":"臺北市","township":"中正區","road_or_intersection":"臨沂街","accident_count":10,"motorcycle_accident_count":8,"pedestrian_accident_count":0,"death_count":0,"injury_count":17,"fatal_accident_count":0,"risk_score":68.7,"risk_level":"high","confidence":"confirmed","motorcycle_accident_ratio":0.8,"pedestrian_accident_ratio":0.0}},{"type":"Feature","geometry":{"type":"Point","coordinates":[121.56831,25.05215]},"properties":{"hotspot_id":"臺北市-50987","hotspot_type":"intersection","county":"臺北市","township":"松山區","road_or_intersection":"南京東路5段 x 寶清街","accident_count":10,"motorcycle_accident_count":8,"pedestrian_accident_count":0,"death_count":0,"injury_count":17,"fatal_accident_count":0,"risk_score":68.7,"risk_level":"high","confidence":"confirmed","motorcycle_accident_ratio":0.8,"pedestrian_accident_ratio":0.0}},{"type":"Feature","geometry":{"type":"Point","coordinates":[121.55203,25.02092]},"properties":{"hotspot_id":"臺北市-50623","hotspot_type":"intersection","county":"臺北市","township":"大安區","road_or_intersection":"樂業街","accident_count":7,"motorcycle_accident_count":6,"pedestrian_accident_count":2,"death_count":0,"injury_count":9,"fatal_accident_count":0,"risk_score":68.6,"risk_level":"high","confidence":"confirmed","motorcycle_accident_ratio":0.8571,"pedestrian_accident_ratio":0.2857}},{"type":"Feature","geometry":{"type":"Point","coordinates":[121.5394,25.04233]},"properties":{"hotspot_id":"臺北市-50585","hotspot_type":"intersection","county":"臺北市","township":"大安區","road_or_intersection":"忠孝東路3段","accident_count":13,"motorcycle_accident_count":11,"pedestrian_accident_count":0,"death_count":0,"injury_count":13,"fatal_accident_count":0,"risk_score":68.6,"risk_level":"high","confidence":"confirmed","motorcycle_accident_ratio":0.8462,"pedestrian_accident_ratio":0.0}},{"type":"Feature","geometry":{"type":"Point","coordinates":[121.54478,25.0483]},"properties":{"hotspot_id":"臺北市-51828","hotspot_type":"intersection","county":"臺北市","township":"松山區","road_or_intersection":"八德路2段","accident_count":12,"motorcycle_accident_count":9,"pedestrian_accident_count":0,"death_count":0,"injury_count":16,"fatal_accident_count":0,"risk_score":68.6,"risk_level":"high","confidence":"probable","motorcycle_accident_ratio":0.75,"pedestrian_accident_ratio":0.0}},{"type":"Feature","geometry":{"type":"Point","coordinates":[121.5295,25.05204]},"properties":{"hotspot_id":"臺北市-48509","hotspot_type":"intersection","county":"臺北市","township":"中山區","road_or_intersection":"南京東路2段 x 吉林路","accident_count":9,"motorcycle_accident_count":4,"pedestrian_accident_count":1,"death_count":0,"injury_count":11,"fatal_accident_count":0,"risk_score":68.5,"risk_level":"high","confidence":"confirmed","motorcycle_accident_ratio":0.4444,"pedestrian_accident_ratio":0.1111}},{"type":"Feature","geometry":{"type":"Point","coordinates":[121.5036,25.04644]},"properties":{"hotspot_id":"臺北市-51247","hotspot_type":"intersection","county":"臺北市","township":"萬華區","road_or_intersection":"漢口街2段 x 環河南路1段","accident_count":9,"motorcycle_accident_count":6,"pedestrian_accident_count":1,"death_count":0,"injury_count":10,"fatal_accident_count":0,"risk_score":68.4,"risk_level":"high","confidence":"confirmed","motorcycle_accident_ratio":0.6667,"pedestrian_accident_ratio":0.1111}},{"type":"Feature","geometry":{"type":"Point","coordinates":[121.5423,25.06158]},"properties":{"hotspot_id":"臺北市-48594","hotspot_type":"intersection","county":"臺北市","township":"中山區","road_or_intersection":"復興北路","accident_count":8,"motorcycle_accident_count":6,"pedestrian_accident_count":1,"death_count":0,"injury_count":10,"fatal_accident_count":0,"risk_score":68.4,"risk_level":"high","confidence":"confirmed","motorcycle_accident_ratio":0.75,"pedestrian_accident_ratio":0.125}},{"type":"Feature","geometry":{"type":"Point","coordinates":[121.51628,25.04676]},"properties":{"hotspot_id":"臺北市-51721","hotspot_type":"intersection","county":"臺北市","township":"中正區","road_or_intersection":"忠孝西路1段","accident_count":9,"motorcycle_accident_count":1,"pedestrian_accident_count":1,"death_count":0,"injury_count":11,"fatal_accident_count":0,"risk_score":68.3,"risk_level":"high","confidence":"probable","motorcycle_accident_ratio":0.1111,"pedestrian_accident_ratio":0.1111}},{"type":"Feature","geometry":{"type":"Point","coordinates":[121.50961,25.08688]},"properties":{"hotspot_id":"臺北市-51494","hotspot_type":"intersection","county":"臺北市","township":"士林區","road_or_intersection":"中正路","accident_count":10,"motorcycle_accident_count":9,"pedestrian_accident_count":0,"death_count":0,"injury_count":13,"fatal_accident_count":0,"risk_score":68.3,"risk_level":"high","confidence":"probable","motorcycle_accident_ratio":0.9,"pedestrian_accident_ratio":0.0}},{"type":"Feature","geometry":{"type":"Point","coordinates":[121.49491,25.01757]},"properties":{"hotspot_id":"臺北市-51265","hotspot_type":"intersection","county":"臺北市","township":"萬華區","road_or_intersection":"環河南路3段 x 萬大路","accident_count":4,"motorcycle_accident_count":3,"pedestrian_accident_count":2,"death_count":1,"injury_count":5,"fatal_accident_count":1,"risk_score":68.3,"risk_level":"high","confidence":"confirmed","motorcycle_accident_ratio":0.75,"pedestrian_accident_ratio":0.5}},{"type":"Feature","geometry":{"type":"Point","coordinates":[121.50756,25.03863]},"properties":{"hotspot_id":"臺北市-51569","hotspot_type":"intersection","county":"臺北市","township":"中正區","road_or_intersection":"中華路1段","accident_count":10,"motorcycle_accident_count":9,"pedestrian_accident_count":0,"death_count":0,"injury_count":13,"fatal_accident_count":0,"risk_score":68.3,"risk_level":"high","confidence":"probable","motorcycle_accident_ratio":0.9,"pedestrian_accident_ratio":0.0}},{"type":"Feature","geometry":{"type":"Point","coordinates":[121.57035,25.05153]},"properties":{"hotspot_id":"臺北市-50986","hotspot_type":"intersection","county":"臺北市","township":"松山區","road_or_intersection":"南京東路5段 x 塔悠路","accident_count":10,"motorcycle_accident_count":9,"pedestrian_accident_count":0,"death_count":0,"injury_count":13,"fatal_accident_count":0,"risk_score":68.3,"risk_level":"high","confidence":"confirmed","motorcycle_accident_ratio":0.9,"pedestrian_accident_ratio":0.0}},{"type":"Feature","geometry":{"type":"Point","coordinates":[121.49718,25.13601]},"properties":{"hotspot_id":"臺北市-49496","hotspot_type":"intersection","county":"臺北市","township":"北投區","road_or_intersection":"中央北路1段 x 大業路","accident_count":10,"motorcycle_accident_count":9,"pedestrian_accident_count":0,"death_count":0,"injury_count":13,"fatal_accident_count":0,"risk_score":68.3,"risk_level":"high","confidence":"confirmed","motorcycle_accident_ratio":0.9,"pedestrian_accident_ratio":0.0}},{"type":"Feature","geometry":{"type":"Point","coordinates":[121.59325,25.05734]},"properties":{"hotspot_id":"臺北市-51547","hotspot_type":"intersection","county":"臺北市","township":"南港區","road_or_intersection":"成功橋前0.0公尺","accident_count":10,"motorcycle_accident_count":9,"pedestrian_accident_count":0,"death_count":0,"injury_count":13,"fatal_accident_count":0,"risk_score":68.3,"risk_level":"high","confidence":"probable","motorcycle_accident_ratio":0.9,"pedestrian_accident_ratio":0.0}},{"type":"Feature","geometry":{"type":"Point","coordinates":[121.5149,25.03513]},"properties":{"hotspot_id":"臺北市-48831","hotspot_type":"intersection","county":"臺北市","township":"中正區","road_or_intersection":"公園路 x 愛國西路","accident_count":10,"motorcycle_accident_count":9,"pedestrian_accident_count":0,"death_count":0,"injury_count":13,"fatal_accident_count":0,"risk_score":68.3,"risk_level":"high","confidence":"confirmed","motorcycle_accident_ratio":0.9,"pedestrian_accident_ratio":0.0}},{"type":"Feature","geometry":{"type":"Point","coordinates":[121.5655,25.0327]},"properties":{"hotspot_id":"臺北市-51801","hotspot_type":"intersection","county":"臺北市","township":"信義區","road_or_intersection":"信義路5段","accident_count":10,"motorcycle_accident_count":9,"pedestrian_accident_count":0,"death_count":0,"injury_count":13,"fatal_accident_count":0,"risk_score":68.3,"risk_level":"high","confidence":"probable","motorcycle_accident_ratio":0.9,"pedestrian_accident_ratio":0.0}},{"type":"Feature","geometry":{"type":"Point","coordinates":[121.54173,24.99292]},"properties":{"hotspot_id":"臺北市-50764","hotspot_type":"intersection","county":"臺北市","township":"文山區","road_or_intersection":"景中街 x 景美街","accident_count":6,"motorcycle_accident_count":5,"pedestrian_accident_count":2,"death_count":0,"injury_count":10,"fatal_accident_count":0,"risk_score":68.3,"risk_level":"high","confidence":"confirmed","motorcycle_accident_ratio":0.8333,"pedestrian_accident_ratio":0.3333}},{"type":"Feature","geometry":{"type":"Point","coordinates":[121.49904,25.12147]},"properties":{"hotspot_id":"臺北市-51413","hotspot_type":"intersection","county":"臺北市","township":"北投區","road_or_intersection":"大度路","accident_count":10,"motorcycle_accident_count":9,"pedestrian_accident_count":0,"death_count":0,"injury_count":13,"fatal_accident_count":0,"risk_score":68.3,"risk_level":"high","confidence":"probable","motorcycle_accident_ratio":0.9,"pedestrian_accident_ratio":0.0}},{"type":"Feature","geometry":{"type":"Point","coordinates":[121.53561,25.0485]},"properties":{"hotspot_id":"臺北市-48723","hotspot_type":"intersection","county":"臺北市","township":"中山區","road_or_intersection":"長安東路2段","accident_count":11,"motorcycle_accident_count":10,"pedestrian_accident_count":0,"death_count":0,"injury_count":12,"fatal_accident_count":0,"risk_score":68.2,"risk_level":"medium","confidence":"confirmed","motorcycle_accident_ratio":0.9091,"pedestrian_accident_ratio":0.0}},{"type":"Feature","geometry":{"type":"Point","coordinates":[121.57925,25.07369]},"properties":{"hotspot_id":"臺北市-49441","hotspot_type":"intersection","county":"臺北市","township":"內湖區","road_or_intersection":"瑞光路 x 陽光街","accident_count":11,"motorcycle_accident_count":10,"pedestrian_accident_count":0,"death_count":0,"injury_count":12,"fatal_accident_count":0,"risk_score":68.2,"risk_level":"medium","confidence":"confirmed","motorcycle_accident_ratio":0.9091,"pedestrian_accident_ratio":0.0}},{"type":"Feature","geometry":{"type":"Point","coordinates":[121.46697,25.12057]},"properties":{"hotspot_id":"臺北市-49732","hotspot_type":"intersection","county":"臺北市","township":"北投區","road_or_intersection":"知行路","accident_count":8,"motorcycle_accident_count":6,"pedestrian_accident_count":4,"death_count":0,"injury_count":9,"fatal_accident_count":0,"risk_score":68.2,"risk_level":"medium","confidence":"confirmed","motorcycle_accident_ratio":0.75,"pedestrian_accident_ratio":0.5}},{"type":"Feature","geometry":{"type":"Point","coordinates":[121.5644,25.04129]},"properties":{"hotspot_id":"臺北市-49160","hotspot_type":"intersection","county":"臺北市","township":"信義區","road_or_intersection":"基隆路1段 x 忠孝東路4段","accident_count":11,"motorcycle_accident_count":10,"pedestrian_accident_count":0,"death_count":0,"injury_count":12,"fatal_accident_count":0,"risk_score":68.2,"risk_level":"medium","confidence":"confirmed","motorcycle_accident_ratio":0.9091,"pedestrian_accident_ratio":0.0}},{"type":"Feature","geometry":{"type":"Point","coordinates":[121.53665,25.06444]},"properties":{"hotspot_id":"臺北市-51793","hotspot_type":"intersection","county":"臺北市","township":"中山區","road_or_intersection":"建國北路3段","accident_count":11,"motorcycle_accident_count":9,"pedestrian_accident_count":0,"death_count":0,"injury_count":14,"fatal_accident_count":0,"risk_score":68.0,"risk_level":"medium","confidence":"probable","motorcycle_accident_ratio":0.8182,"pedestrian_accident_ratio":0.0}},{"type":"Feature","geometry":{"type":"Point","coordinates":[121.54645,25.04174]},"properties":{"hotspot_id":"臺北市-50534","hotspot_type":"intersection","county":"臺北市","township":"大安區","road_or_intersection":"大安路1段 x 忠孝東路4段","accident_count":12,"motorcycle_accident_count":10,"pedestrian_accident_count":0,"death_count":0,"injury_count":13,"fatal_accident_count":0,"risk_score":68.0,"risk_level":"medium","confidence":"confirmed","motorcycle_accident_ratio":0.8333,"pedestrian_accident_ratio":0.0}},{"type":"Feature","geometry":{"type":"Point","coordinates":[121.54532,25.03985]},"properties":{"hotspot_id":"臺北市-50533","hotspot_type":"intersection","county":"臺北市","township":"大安區","road_or_intersection":"大安路1段 x 復興南路1段","accident_count":11,"motorcycle_accident_count":9,"pedestrian_accident_count":0,"death_count":0,"injury_count":14,"fatal_accident_count":0,"risk_score":68.0,"risk_level":"medium","confidence":"confirmed","motorcycle_accident_ratio":0.8182,"pedestrian_accident_ratio":0.0}},{"type":"Feature","geometry":{"type":"Point","coordinates":[121.52781,25.09572]},"properties":{"hotspot_id":"臺北市-49931","hotspot_type":"intersection","county":"臺北市","township":"士林區","road_or_intersection":"中山北路5段 x 中正路","accident_count":11,"motorcycle_accident_count":9,"pedestrian_accident_count":0,"death_count":0,"injury_count":14,"fatal_accident_count":0,"risk_score":68.0,"risk_level":"medium","confidence":"confirmed","motorcycle_accident_ratio":0.8182,"pedestrian_accident_ratio":0.0}},{"type":"Feature","geometry":{"type":"Point","coordinates":[121.58164,25.04924]},"properties":{"hotspot_id":"臺北市-49924","hotspot_type":"intersection","county":"臺北市","township":"南港區市","road_or_intersection":"民大道7段 x 玉成街","accident_count":6,"motorcycle_accident_count":6,"pedestrian_accident_count":0,"death_count":0,"injury_count":9,"fatal_accident_count":0,"risk_score":67.9,"risk_level":"medium","confidence":"confirmed","motorcycle_accident_ratio":1.0,"pedestrian_accident_ratio":0.0}},{"type":"Feature","geometry":{"type":"Point","coordinates":[121.52599,25.11182]},"properties":{"hotspot_id":"臺北市-49947","hotspot_type":"intersection","county":"臺北市","township":"士林區","road_or_intersection":"中山北路6段 x 士東路","accident_count":6,"motorcycle_accident_count":6,"pedestrian_accident_count":0,"death_count":0,"injury_count":9,"fatal_accident_count":0,"risk_score":67.9,"risk_level":"medium","confidence":"confirmed","motorcycle_accident_ratio":1.0,"pedestrian_accident_ratio":0.0}},{"type":"Feature","geometry":{"type":"Point","coordinates":[121.55047,25.02258]},"properties":{"hotspot_id":"臺北市-50512","hotspot_type":"intersection","county":"臺北市","township":"大安區","road_or_intersection":"基隆路2段","accident_count":6,"motorcycle_accident_count":6,"pedestrian_accident_count":0,"death_count":0,"injury_count":9,"fatal_accident_count":0,"risk_score":67.9,"risk_level":"medium","confidence":"confirmed","motorcycle_accident_ratio":1.0,"pedestrian_accident_ratio":0.0}},{"type":"Feature","geometry":{"type":"Point","coordinates":[121.53208,25.11297]},"properties":{"hotspot_id":"臺北市-50036","hotspot_type":"intersection","county":"臺北市","township":"士林區","road_or_intersection":"士東路 x 忠誠路2段","accident_count":7,"motorcycle_accident_count":6,"pedestrian_accident_count":1,"death_count":0,"injury_count":9,"fatal_accident_count":0,"risk_score":67.9,"risk_level":"medium","confidence":"confirmed","motorcycle_accident_ratio":0.8571,"pedestrian_accident_ratio":0.1429}},{"type":"Feature","geometry":{"type":"Point","coordinates":[121.5087,25.11559]},"properties":{"hotspot_id":"臺北市-49565","hotspot_type":"intersection","county":"臺北市","township":"北投區","road_or_intersection":"吉利街 x 尊賢街","accident_count":6,"motorcycle_accident_count":6,"pedestrian_accident_count":0,"death_count":0,"injury_count":9,"fatal_accident_count":0,"risk_score":67.9,"risk_level":"medium","confidence":"confirmed","motorcycle_accident_ratio":1.0,"pedestrian_accident_ratio":0.0}},{"type":"Feature","geometry":{"type":"Point","coordinates":[121.61103,25.06497]},"properties":{"hotspot_id":"臺北市-49302","hotspot_type":"intersection","county":"臺北市","township":"內湖區","road_or_intersection":"南湖大橋 x 康寧路3段","accident_count":6,"motorcycle_accident_count":6,"pedestrian_accident_count":0,"death_count":0,"injury_count":9,"fatal_accident_count":0,"risk_score":67.9,"risk_level":"medium","confidence":"confirmed","motorcycle_accident_ratio":1.0,"pedestrian_accident_ratio":0.0}},{"type":"Feature","geometry":{"type":"Point","coordinates":[121.5748,25.08309]},"properties":{"hotspot_id":"臺北市-49432","hotspot_type":"intersection","county":"臺北市","township":"內湖區","road_or_intersection":"港華街","accident_count":6,"motorcycle_accident_count":6,"pedestrian_accident_count":0,"death_count":0,"injury_count":9,"fatal_accident_count":0,"risk_score":67.9,"risk_level":"medium","confidence":"confirmed","motorcycle_accident_ratio":1.0,"pedestrian_accident_ratio":0.0}},{"type":"Feature","geometry":{"type":"Point","coordinates":[121.5684,25.03896]},"properties":{"hotspot_id":"臺北市-49203","hotspot_type":"intersection","county":"臺北市","township":"信義區","road_or_intersection":"松仁路 x 松高路","accident_count":7,"motorcycle_accident_count":6,"pedestrian_accident_count":1,"death_count":0,"injury_count":9,"fatal_accident_count":0,"risk_score":67.9,"risk_level":"medium","confidence":"confirmed","motorcycle_accident_ratio":0.8571,"pedestrian_accident_ratio":0.1429}},{"type":"Feature","geometry":{"type":"Point","coordinates":[121.58618,25.039]},"properties":{"hotspot_id":"臺北市-51644","hotspot_type":"intersection","county":"臺北市","township":"信義區","road_or_intersection":"福德街","accident_count":9,"motorcycle_accident_count":5,"pedestrian_accident_count":1,"death_count":0,"injury_count":10,"fatal_accident_count":0,"risk_score":67.9,"risk_level":"medium","confidence":"probable","motorcycle_accident_ratio":0.5556,"pedestrian_accident_ratio":0.1111}},{"type":"Feature","geometry":{"type":"Point","coordinates":[121.5658,25.03426]},"properties":{"hotspot_id":"臺北市-51771","hotspot_type":"intersection","county":"臺北市","township":"信義區","road_or_intersection":"松廉路","accident_count":6,"motorcycle_accident_count":6,"pedestrian_accident_count":0,"death_count":0,"injury_count":9,"fatal_accident_count":0,"risk_score":67.9,"risk_level":"medium","confidence":"probable","motorcycle_accident_ratio":1.0,"pedestrian_accident_ratio":0.0}},{"type":"Feature","geometry":{"type":"Point","coordinates":[121.50847,25.04202]},"properties":{"hotspot_id":"臺北市-48776","hotspot_type":"intersection","county":"臺北市","township":"中正區","road_or_intersection":"中華路1段 x 寶慶路","accident_count":6,"motorcycle_accident_count":6,"pedestrian_accident_count":0,"death_count":0,"injury_count":9,"fatal_accident_count":0,"risk_score":67.9,"risk_level":"medium","confidence":"confirmed","motorcycle_accident_ratio":1.0,"pedestrian_accident_ratio":0.0}},{"type":"Feature","geometry":{"type":"Point","coordinates":[121.5059,25.04276]},"properties":{"hotspot_id":"臺北市-51200","hotspot_type":"intersection","county":"臺北市","township":"萬華區","road_or_intersection":"成都路 x 西寧南路","accident_count":7,"motorcycle_accident_count":6,"pedestrian_accident_count":1,"death_count":0,"injury_count":9,"fatal_accident_count":0,"risk_score":67.9,"risk_level":"medium","confidence":"confirmed","motorcycle_accident_ratio":0.8571,"pedestrian_accident_ratio":0.1429}},{"type":"Feature","geometry":{"type":"Point","coordinates":[121.57724,25.06643]},"properties":{"hotspot_id":"臺北市-51611","hotspot_type":"intersection","county":"臺北市","township":"內湖區","road_or_intersection":"民權大橋前0.0公尺","accident_count":6,"motorcycle_accident_count":6,"pedestrian_accident_count":0,"death_count":0,"injury_count":9,"fatal_accident_count":0,"risk_score":67.9,"risk_level":"medium","confidence":"probable","motorcycle_accident_ratio":1.0,"pedestrian_accident_ratio":0.0}},{"type":"Feature","geometry":{"type":"Point","coordinates":[121.5211,25.04821]},"properties":{"hotspot_id":"臺北市-48731","hotspot_type":"intersection","county":"臺北市","township":"中山區市","road_or_intersection":"中山北路1段 x 民大道2段","accident_count":6,"motorcycle_accident_count":6,"pedestrian_accident_count":0,"death_count":0,"injury_count":9,"fatal_accident_count":0,"risk_score":67.9,"risk_level":"medium","confidence":"confirmed","motorcycle_accident_ratio":1.0,"pedestrian_accident_ratio":0.0}},{"type":"Feature","geometry":{"type":"Point","coordinates":[121.52715,25.06204]},"properties":{"hotspot_id":"臺北市-48648","hotspot_type":"intersection","county":"臺北市","township":"中山區","road_or_intersection":"新生北路3段 x 民權東路2段","accident_count":7,"motorcycle_accident_count":6,"pedestrian_accident_count":1,"death_count":0,"injury_count":9,"fatal_accident_count":0,"risk_score":67.9,"risk_level":"medium","confidence":"confirmed","motorcycle_accident_ratio":0.8571,"pedestrian_accident_ratio":0.1429}},{"type":"Feature","geometry":{"type":"Point","coordinates":[121.53541,25.04559]},"properties":{"hotspot_id":"臺北市-48486","hotspot_type":"intersection","county":"臺北市","township":"中山區","road_or_intersection":"八德路2段 x 渭水路","accident_count":6,"motorcycle_accident_count":6,"pedestrian_accident_count":0,"death_count":0,"injury_count":9,"fatal_accident_count":0,"risk_score":67.9,"risk_level":"medium","confidence":"confirmed","motorcycle_accident_ratio":1.0,"pedestrian_accident_ratio":0.0}},{"type":"Feature","geometry":{"type":"Point","coordinates":[121.6076,25.05331]},"properties":{"hotspot_id":"臺北市-49927","hotspot_type":"intersection","county":"臺北市","township":"南港區市","road_or_intersection":"民大道8段 x 興中路","accident_count":6,"motorcycle_accident_count":5,"pedestrian_accident_count":1,"death_count":0,"injury_count":10,"fatal_accident_count":0,"risk_score":67.7,"risk_level":"medium","confidence":"confirmed","motorcycle_accident_ratio":0.8333,"pedestrian_accident_ratio":0.1667}},{"type":"Feature","geometry":{"type":"Point","coordinates":[121.53184,25.11798]},"properties":{"hotspot_id":"臺北市-50058","hotspot_type":"intersection","county":"臺北市","township":"士林區","road_or_intersection":"天母東路 x 忠誠路2段","accident_count":6,"motorcycle_accident_count":5,"pedestrian_accident_count":1,"death_count":0,"injury_count":10,"fatal_accident_count":0,"risk_score":67.7,"risk_level":"medium","confidence":"confirmed","motorcycle_accident_ratio":0.8333,"pedestrian_accident_ratio":0.1667}},{"type":"Feature","geometry":{"type":"Point","coordinates":[121.50441,25.03904]},"properties":{"hotspot_id":"臺北市-51307","hotspot_type":"intersection","county":"臺北市","township":"萬華區","road_or_intersection":"貴陽街2段","accident_count":6,"motorcycle_accident_count":5,"pedestrian_accident_count":1,"death_count":0,"injury_count":10,"fatal_accident_count":0,"risk_score":67.7,"risk_level":"medium","confidence":"confirmed","motorcycle_accident_ratio":0.8333,"pedestrian_accident_ratio":0.1667}},{"type":"Feature","geometry":{"type":"Point","coordinates":[121.52645,25.01361]},"properties":{"hotspot_id":"臺北市-51556","hotspot_type":"intersection","county":"臺北市","township":"中正區","road_or_intersection":"古亭河濱公園前0.0公尺","accident_count":7,"motorcycle_accident_count":1,"pedestrian_accident_count":1,"death_count":0,"injury_count":12,"fatal_accident_count":0,"risk_score":67.7,"risk_level":"medium","confidence":"probable","motorcycle_accident_ratio":0.1429,"pedestrian_accident_ratio":0.1429}},{"type":"Feature","geometry":{"type":"Point","coordinates":[121.52186,25.02823]},"properties":{"hotspot_id":"臺北市-48993","hotspot_type":"intersection","county":"臺北市","township":"中正區","road_or_intersection":"杭州南路2段 x 羅斯福路2段","accident_count":4,"motorcycle_accident_count":4,"pedestrian_accident_count":1,"death_count":0,"injury_count":6,"fatal_accident_count":0,"risk_score":67.6,"risk_level":"medium","confidence":"confirmed","motorcycle_accident_ratio":1.0,"pedestrian_accident_ratio":0.25}},{"type":"Feature","geometry":{"type":"Point","coordinates":[121.57647,25.07825]},"properties":{"hotspot_id":"臺北市-49426","hotspot_type":"intersection","county":"臺北市","township":"內湖區","road_or_intersection":"港墘路","accident_count":7,"motorcycle_accident_count":7,"pedestrian_accident_count":0,"death_count":0,"injury_count":8,"fatal_accident_count":0,"risk_score":67.6,"risk_level":"medium","confidence":"confirmed","motorcycle_accident_ratio":1.0,"pedestrian_accident_ratio":0.0}},{"type":"Feature","geometry":{"type":"Point","coordinates":[121.57369,25.07387]},"properties":{"hotspot_id":"臺北市-49430","hotspot_type":"intersection","county":"臺北市","township":"內湖區","road_or_intersection":"港墘路 x 舊宗路2段","accident_count":4,"motorcycle_accident_count":4,"pedestrian_accident_count":1,"death_count":0,"injury_count":6,"fatal_accident_count":0,"risk_score":67.6,"risk_level":"medium","confidence":"confirmed","motorcycle_accident_ratio":1.0,"pedestrian_accident_ratio":0.25}},{"type":"Feature","geometry":{"type":"Point","coordinates":[121.59528,25.08415]},"properties":{"hotspot_id":"臺北市-49370","hotspot_type":"intersection","county":"臺北市","township":"內湖區","road_or_intersection":"成功路4段 x 金湖路","accident_count":4,"motorcycle_accident_count":4,"pedestrian_accident_count":1,"death_count":0,"injury_count":6,"fatal_accident_count":0,"risk_score":67.6,"risk_level":"medium","confidence":"confirmed","motorcycle_accident_ratio":1.0,"pedestrian_accident_ratio":0.25}},{"type":"Feature","geometry":{"type":"Point","coordinates":[121.51418,25.11136]},"properties":{"hotspot_id":"臺北市-49769","hotspot_type":"intersection","county":"臺北市","township":"北投區","road_or_intersection":"致遠一路2段","accident_count":5,"motorcycle_accident_count":5,"pedestrian_accident_count":0,"death_count":0,"injury_count":10,"fatal_accident_count":0,"risk_score":67.6,"risk_level":"medium","confidence":"confirmed","motorcycle_accident_ratio":1.0,"pedestrian_accident_ratio":0.0}},{"type":"Feature","geometry":{"type":"Point","coordinates":[121.49702,25.09895]},"properties":{"hotspot_id":"臺北市-50027","hotspot_type":"intersection","county":"臺北市","township":"士林區","road_or_intersection":"堤外便道 x 延平北路7段","accident_count":7,"motorcycle_accident_count":7,"pedestrian_accident_count":0,"death_count":0,"injury_count":8,"fatal_accident_count":0,"risk_score":67.6,"risk_level":"medium","confidence":"confirmed","motorcycle_accident_ratio":1.0,"pedestrian_accident_ratio":0.0}},{"type":"Feature","geometry":{"type":"Point","coordinates":[121.5103,25.08892]},"properties":{"hotspot_id":"臺北市-50159","hotspot_type":"intersection","county":"臺北市","township":"士林區","road_or_intersection":"社中街 x 社正路","accident_count":7,"motorcycle_accident_count":7,"pedestrian_accident_count":0,"death_count":0,"injury_count":8,"fatal_accident_count":0,"risk_score":67.6,"risk_level":"medium","confidence":"confirmed","motorcycle_accident_ratio":1.0,"pedestrian_accident_ratio":0.0}},{"type":"Feature","geometry":{"type":"Point","coordinates":[121.52274,25.10185]},"properties":{"hotspot_id":"臺北市-50167","hotspot_type":"intersection","county":"臺北市","township":"士林區","road_or_intersection":"福國路 x 福華路","accident_count":4,"motorcycle_accident_count":4,"pedestrian_accident_count":1,"death_count":0,"injury_count":6,"fatal_accident_count":0,"risk_score":67.6,"risk_level":"medium","confidence":"confirmed","motorcycle_accident_ratio":1.0,"pedestrian_accident_ratio":0.25}},{"type":"Feature","geometry":{"type":"Point","coordinates":[121.52325,25.1042]},"properties":{"hotspot_id":"臺北市-50179","hotspot_type":"intersection","county":"臺北市","township":"士林區","road_or_intersection":"福華路","accident_count":4,"motorcycle_accident_count":4,"pedestrian_accident_count":1,"death_count":0,"injury_count":6,"fatal_accident_count":0,"risk_score":67.6,"risk_level":"medium","confidence":"confirmed","motorcycle_accident_ratio":1.0,"pedestrian_accident_ratio":0.25}},{"type":"Feature","geometry":{"type":"Point","coordinates":[121.53133,25.10409]},"properties":{"hotspot_id":"臺北市-50211","hotspot_type":"intersection","county":"臺北市","township":"士林區","road_or_intersection":"雨聲街","accident_count":7,"motorcycle_accident_count":7,"pedestrian_accident_count":0,"death_count":0,"injury_count":8,"fatal_accident_count":0,"risk_score":67.6,"risk_level":"medium","confidence":"confirmed","motorcycle_accident_ratio":1.0,"pedestrian_accident_ratio":0.0}},{"type":"Feature","geometry":{"type":"Point","coordinates":[121.50902,25.05688]},"properties":{"hotspot_id":"臺北市-50361","hotspot_type":"intersection","county":"臺北市","township":"大同區","road_or_intersection":"民生西路 x 西寧北路","accident_count":7,"motorcycle_accident_count":7,"pedestrian_accident_count":0,"death_count":0,"injury_count":8,"fatal_accident_count":0,"risk_score":67.6,"risk_level":"medium","confidence":"confirmed","motorcycle_accident_ratio":1.0,"pedestrian_accident_ratio":0.0}},{"type":"Feature","geometry":{"type":"Point","coordinates":[121.53761,25.00769]},"properties":{"hotspot_id":"臺北市-50845","hotspot_type":"intersection","county":"臺北市","township":"文山區","road_or_intersection":"汀州路4段 x 羅斯福路5段","accident_count":7,"motorcycle_accident_count":7,"pedestrian_accident_count":0,"death_count":0,"injury_count":8,"fatal_accident_count":0,"risk_score":67.6,"risk_level":"medium","confidence":"confirmed","motorcycle_accident_ratio":1.0,"pedestrian_accident_ratio":0.0}},{"type":"Feature","geometry":{"type":"Point","coordinates":[121.49105,25.03578]},"properties":{"hotspot_id":"臺北市-51130","hotspot_type":"intersection","county":"臺北市","township":"萬華區","road_or_intersection":"和平西路3段 x 桂林路","accident_count":7,"motorcycle_accident_count":7,"pedestrian_accident_count":0,"death_count":0,"injury_count":8,"fatal_accident_count":0,"risk_score":67.6,"risk_level":"medium","confidence":"confirmed","motorcycle_accident_ratio":1.0,"pedestrian_accident_ratio":0.0}},{"type":"Feature","geometry":{"type":"Point","coordinates":[121.50855,25.04826]},"properties":{"hotspot_id":"臺北市-51193","hotspot_type":"intersection","county":"臺北市","township":"萬華區","road_or_intersection":"忠孝西路2段","accident_count":7,"motorcycle_accident_count":7,"pedestrian_accident_count":0,"death_count":0,"injury_count":8,"fatal_accident_count":0,"risk_score":67.6,"risk_level":"medium","confidence":"confirmed","motorcycle_accident_ratio":1.0,"pedestrian_accident_ratio":0.0}},{"type":"Feature","geometry":{"type":"Point","coordinates":[121.50415,25.01988]},"properties":{"hotspot_id":"臺北市-51238","hotspot_type":"intersection","county":"臺北市","township":"萬華區","road_or_intersection":"水源路 x 青年路","accident_count":7,"motorcycle_accident_count":6,"pedestrian_accident_count":0,"death_count":1,"injury_count":8,"fatal_accident_count":1,"risk_score":67.6,"risk_level":"medium","confidence":"confirmed","motorcycle_accident_ratio":0.8571,"pedestrian_accident_ratio":0.0}},{"type":"Feature","geometry":{"type":"Point","coordinates":[121.50059,25.0311]},"properties":{"hotspot_id":"臺北市-51279","hotspot_type":"intersection","county":"臺北市","township":"萬華區","road_or_intersection":"莒光路 x 萬大路","accident_count":4,"motorcycle_accident_count":4,"pedestrian_accident_count":1,"death_count":0,"injury_count":6,"fatal_accident_count":0,"risk_score":67.6,"risk_level":"medium","confidence":"confirmed","motorcycle_accident_ratio":1.0,"pedestrian_accident_ratio":0.25}},{"type":"Feature","geometry":{"type":"Point","coordinates":[121.5692,25.05822]},"properties":{"hotspot_id":"臺北市-51617","hotspot_type":"intersection","county":"臺北市","township":"松山區","road_or_intersection":"塔悠路","accident_count":7,"motorcycle_accident_count":7,"pedestrian_accident_count":0,"death_count":0,"injury_count":8,"fatal_accident_count":0,"risk_score":67.6,"risk_level":"medium","confidence":"probable","motorcycle_accident_ratio":1.0,"pedestrian_accident_ratio":0.0}},{"type":"Feature","geometry":{"type":"Point","coordinates":[121.55806,25.03027]},"properties":{"hotspot_id":"臺北市-51848","hotspot_type":"intersection","county":"臺北市","township":"信義區","road_or_intersection":"基隆路2段","accident_count":7,"motorcycle_accident_count":7,"pedestrian_accident_count":0,"death_count":0,"injury_count":8,"fatal_accident_count":0,"risk_score":67.6,"risk_level":"medium","confidence":"probable","motorcycle_accident_ratio":1.0,"pedestrian_accident_ratio":0.0}},{"type":"Feature","geometry":{"type":"Point","coordinates":[121.55317,25.02493]},"properties":{"hotspot_id":"臺北市-51850","hotspot_type":"intersection","county":"臺北市","township":"信義區","road_or_intersection":"基隆路2段","accident_count":7,"motorcycle_accident_count":7,"pedestrian_accident_count":0,"death_count":0,"injury_count":8,"fatal_accident_count":0,"risk_score":67.6,"risk_level":"medium","confidence":"probable","motorcycle_accident_ratio":1.0,"pedestrian_accident_ratio":0.0}},{"type":"Feature","geometry":{"type":"Point","coordinates":[121.59984,25.05848]},"properties":{"hotspot_id":"臺北市-49882","hotspot_type":"intersection","county":"臺北市","township":"南港區","road_or_intersection":"松河街 x 重陽路","accident_count":10,"motorcycle_accident_count":9,"pedestrian_accident_count":0,"death_count":0,"injury_count":12,"fatal_accident_count":0,"risk_score":67.5,"risk_level":"medium","confidence":"confirmed","motorcycle_accident_ratio":0.9,"pedestrian_accident_ratio":0.0}},{"type":"Feature","geometry":{"type":"Point","coordinates":[121.5045,25.04159]},"properties":{"hotspot_id":"臺北市-51116","hotspot_type":"intersection","county":"臺北市","township":"萬華區","road_or_intersection":"內江街 x 昆明街","accident_count":7,"motorcycle_accident_count":4,"pedestrian_accident_count":4,"death_count":0,"injury_count":10,"fatal_accident_count":0,"risk_score":67.5,"risk_level":"medium","confidence":"confirmed","motorcycle_accident_ratio":0.5714,"pedestrian_accident_ratio":0.5714}},{"type":"Feature","geometry":{"type":"Point","coordinates":[121.50136,25.11439]},"properties":{"hotspot_id":"臺北市-51361","hotspot_type":"intersection","county":"臺北市","township":"北投區","road_or_intersection":"立賢路","accident_count":9,"motorcycle_accident_count":8,"pedestrian_accident_count":0,"death_count":0,"injury_count":13,"fatal_accident_count":0,"risk_score":67.4,"risk_level":"medium","confidence":"low_confidence","motorcycle_accident_ratio":0.8889,"pedestrian_accident_ratio":0.0}},{"type":"Feature","geometry":{"type":"Point","coordinates":[121.56208,25.03249]},"properties":{"hotspot_id":"臺北市-49131","hotspot_type":"intersection","county":"臺北市","township":"信義區","road_or_intersection":"信義路5段 x 莊敬路","accident_count":9,"motorcycle_accident_count":8,"pedestrian_accident_count":0,"death_count":0,"injury_count":13,"fatal_accident_count":0,"risk_score":67.4,"risk_level":"medium","confidence":"confirmed","motorcycle_accident_ratio":0.8889,"pedestrian_accident_ratio":0.0}},{"type":"Feature","geometry":{"type":"Point","coordinates":[121.51161,25.08231]},"properties":{"hotspot_id":"臺北市-50068","hotspot_type":"intersection","county":"臺北市","township":"士林區","road_or_intersection":"延平北路5段 x 重慶北路4段","accident_count":9,"motorcycle_accident_count":8,"pedestrian_accident_count":0,"death_count":0,"injury_count":13,"fatal_accident_count":0,"risk_score":67.4,"risk_level":"medium","confidence":"confirmed","motorcycle_accident_ratio":0.8889,"pedestrian_accident_ratio":0.0}},{"type":"Feature","geometry":{"type":"Point","coordinates":[121.5356,25.05722]},"properties":{"hotspot_id":"臺北市-48579","hotspot_type":"intersection","county":"臺北市","township":"中山區","road_or_intersection":"建國北路2段 x 民生東路3段","accident_count":11,"motorcycle_accident_count":8,"pedestrian_accident_count":0,"death_count":0,"injury_count":15,"fatal_accident_count":0,"risk_score":67.4,"risk_level":"medium","confidence":"confirmed","motorcycle_accident_ratio":0.7273,"pedestrian_accident_ratio":0.0}},{"type":"Feature","geometry":{"type":"Point","coordinates":[121.53997,24.99661]},"properties":{"hotspot_id":"臺北市-50780","hotspot_type":"intersection","county":"臺北市","township":"文山區","road_or_intersection":"景福街 x 羅斯福路6段","accident_count":9,"motorcycle_accident_count":8,"pedestrian_accident_count":0,"death_count":0,"injury_count":13,"fatal_accident_count":0,"risk_score":67.4,"risk_level":"medium","confidence":"confirmed","motorcycle_accident_ratio":0.8889,"pedestrian_accident_ratio":0.0}},{"type":"Feature","geometry":{"type":"Point","coordinates":[121.54351,25.0332]},"properties":{"hotspot_id":"臺北市-50448","hotspot_type":"intersection","county":"臺北市","township":"大安區","road_or_intersection":"信義路3段 x 復興南路2段","accident_count":8,"motorcycle_accident_count":5,"pedestrian_accident_count":1,"death_count":0,"injury_count":10,"fatal_accident_count":0,"risk_score":67.4,"risk_level":"medium","confidence":"confirmed","motorcycle_accident_ratio":0.625,"pedestrian_accident_ratio":0.125}},{"type":"Feature","geometry":{"type":"Point","coordinates":[121.51331,25.04965]},"properties":{"hotspot_id":"臺北市-50399","hotspot_type":"intersection","county":"臺北市","township":"大同區","road_or_intersection":"鄭州路 x 重慶北路1段","accident_count":11,"motorcycle_accident_count":10,"pedestrian_accident_count":0,"death_count":0,"injury_count":11,"fatal_accident_count":0,"risk_score":67.3,"risk_level":"medium","confidence":"confirmed","motorcycle_accident_ratio":0.9091,"pedestrian_accident_ratio":0.0}},{"type":"Feature","geometry":{"type":"Point","coordinates":[121.55047,25.02263]},"properties":{"hotspot_id":"臺北市-51825","hotspot_type":"intersection","county":"臺北市","township":"大安區","road_or_intersection":"基隆路2段","accident_count":7,"motorcycle_accident_count":5,"pedestrian_accident_count":1,"death_count":0,"injury_count":10,"fatal_accident_count":0,"risk_score":67.2,"risk_level":"medium","confidence":"probable","motorcycle_accident_ratio":0.7143,"pedestrian_accident_ratio":0.1429}},{"type":"Feature","geometry":{"type":"Point","coordinates":[121.58206,25.06055]},"properties":{"hotspot_id":"臺北市-49457","hotspot_type":"intersection","county":"臺北市","township":"內湖區","road_or_intersection":"行善路","accident_count":7,"motorcycle_accident_count":5,"pedestrian_accident_count":1,"death_count":0,"injury_count":10,"fatal_accident_count":0,"risk_score":67.2,"risk_level":"medium","confidence":"confirmed","motorcycle_accident_ratio":0.7143,"pedestrian_accident_ratio":0.1429}},{"type":"Feature","geometry":{"type":"Point","coordinates":[121.57204,25.04584]},"properties":{"hotspot_id":"臺北市-51847","hotspot_type":"intersection","county":"臺北市","township":"信義區","road_or_intersection":"永吉路","accident_count":11,"motorcycle_accident_count":9,"pedestrian_accident_count":0,"death_count":0,"injury_count":13,"fatal_accident_count":0,"risk_score":67.2,"risk_level":"medium","confidence":"probable","motorcycle_accident_ratio":0.8182,"pedestrian_accident_ratio":0.0}},{"type":"Feature","geometry":{"type":"Point","coordinates":[121.5577,25.04136]},"properties":{"hotspot_id":"臺北市-50469","hotspot_type":"intersection","county":"臺北市","township":"大安區","road_or_intersection":"光復南路 x 忠孝東路4段","accident_count":7,"motorcycle_accident_count":5,"pedestrian_accident_count":1,"death_count":0,"injury_count":10,"fatal_accident_count":0,"risk_score":67.2,"risk_level":"medium","confidence":"confirmed","motorcycle_accident_ratio":0.7143,"pedestrian_accident_ratio":0.1429}},{"type":"Feature","geometry":{"type":"Point","coordinates":[121.57779,25.04355]},"properties":{"hotspot_id":"臺北市-51880","hotspot_type":"intersection","county":"臺北市","township":"信義區","road_or_intersection":"松山路","accident_count":7,"motorcycle_accident_count":5,"pedestrian_accident_count":1,"death_count":0,"injury_count":10,"fatal_accident_count":0,"risk_score":67.2,"risk_level":"medium","confidence":"probable","motorcycle_accident_ratio":0.7143,"pedestrian_accident_ratio":0.1429}},{"type":"Feature","geometry":{"type":"Point","coordinates":[121.5287,25.0483]},"properties":{"hotspot_id":"臺北市-48632","hotspot_type":"intersection","county":"臺北市","township":"中山區","road_or_intersection":"新生北路1段 x 長安東路1段","accident_count":9,"motorcycle_accident_count":6,"pedestrian_accident_count":1,"death_count":0,"injury_count":9,"fatal_accident_count":0,"risk_score":67.1,"risk_level":"medium","confidence":"confirmed","motorcycle_accident_ratio":0.6667,"pedestrian_accident_ratio":0.1111}},{"type":"Feature","geometry":{"type":"Point","coordinates":[121.53625,25.05868]},"properties":{"hotspot_id":"臺北市-48578","hotspot_type":"intersection","county":"臺北市","township":"中山區","road_or_intersection":"建國北路2段 x 民生東路2段","accident_count":10,"motorcycle_accident_count":8,"pedestrian_accident_count":0,"death_count":0,"injury_count":14,"fatal_accident_count":0,"risk_score":67.1,"risk_level":"medium","confidence":"confirmed","motorcycle_accident_ratio":0.8,"pedestrian_accident_ratio":0.0}},{"type":"Feature","geometry":{"type":"Point","coordinates":[121.56633,25.06314]},"properties":{"hotspot_id":"臺北市-51031","hotspot_type":"intersection","county":"臺北市","township":"松山區","road_or_intersection":"撫遠街","accident_count":8,"motorcycle_accident_count":5,"pedestrian_accident_count":3,"death_count":0,"injury_count":9,"fatal_accident_count":0,"risk_score":67.1,"risk_level":"medium","confidence":"confirmed","motorcycle_accident_ratio":0.625,"pedestrian_accident_ratio":0.375}},{"type":"Feature","geometry":{"type":"Point","coordinates":[121.5248,25.10643]},"properties":{"hotspot_id":"臺北市-49952","hotspot_type":"intersection","county":"臺北市","township":"士林區","road_or_intersection":"中山北路6段 x 德行西路","accident_count":8,"motorcycle_accident_count":7,"pedestrian_accident_count":0,"death_count":0,"injury_count":14,"fatal_accident_count":0,"risk_score":67.0,"risk_level":"medium","confidence":"confirmed","motorcycle_accident_ratio":0.875,"pedestrian_accident_ratio":0.0}},{"type":"Feature","geometry":{"type":"Point","coordinates":[121.50472,25.12708]},"properties":{"hotspot_id":"臺北市-49475","hotspot_type":"intersection","county":"臺北市","township":"北投區","road_or_intersection":"三合街1段","accident_count":8,"motorcycle_accident_count":6,"pedestrian_accident_count":1,"death_count":0,"injury_count":9,"fatal_accident_count":0,"risk_score":67.0,"risk_level":"medium","confidence":"confirmed","motorcycle_accident_ratio":0.75,"pedestrian_accident_ratio":0.125}},{"type":"Feature","geometry":{"type":"Point","coordinates":[121.50009,25.04078]},"properties":{"hotspot_id":"臺北市-51696","hotspot_type":"intersection","county":"臺北市","township":"萬華區","road_or_intersection":"西園路1段","accident_count":5,"motorcycle_accident_count":5,"pedestrian_accident_count":1,"death_count":0,"injury_count":5,"fatal_accident_count":0,"risk_score":67.0,"risk_level":"medium","confidence":"probable","motorcycle_accident_ratio":1.0,"pedestrian_accident_ratio":0.2}},{"type":"Feature","geometry":{"type":"Point","coordinates":[121.49925,25.03612]},"properties":{"hotspot_id":"臺北市-51291","hotspot_type":"intersection","county":"臺北市","township":"萬華區","road_or_intersection":"西園路1段","accident_count":8,"motorcycle_accident_count":6,"pedestrian_accident_count":1,"death_count":0,"injury_count":9,"fatal_accident_count":0,"risk_score":67.0,"risk_level":"medium","confidence":"confirmed","motorcycle_accident_ratio":0.75,"pedestrian_accident_ratio":0.125}},{"type":"Feature","geometry":{"type":"Point","coordinates":[121.58056,25.04545]},"properties":{"hotspot_id":"臺北市-49105","hotspot_type":"intersection","county":"臺北市","township":"信義區","road_or_intersection":"中坡北路 x 永吉路","accident_count":8,"motorcycle_accident_count":5,"pedestrian_accident_count":2,"death_count":0,"injury_count":9,"fatal_accident_count":0,"risk_score":66.9,"risk_level":"medium","confidence":"confirmed","motorcycle_accident_ratio":0.625,"pedestrian_accident_ratio":0.25}},{"type":"Feature","geometry":{"type":"Point","coordinates":[121.49937,25.13059]},"properties":{"hotspot_id":"臺北市-49558","hotspot_type":"intersection","county":"臺北市","township":"北投區","road_or_intersection":"北投路2段 x 大興街","accident_count":6,"motorcycle_accident_count":5,"pedestrian_accident_count":2,"death_count":0,"injury_count":9,"fatal_accident_count":0,"risk_score":66.9,"risk_level":"medium","confidence":"confirmed","motorcycle_accident_ratio":0.8333,"pedestrian_accident_ratio":0.3333}},{"type":"Feature","geometry":{"type":"Point","coordinates":[121.52105,25.04983]},"properties":{"hotspot_id":"臺北市-48433","hotspot_type":"intersection","county":"臺北市","township":"中山區","road_or_intersection":"中山北路1段 x 長安西路","accident_count":9,"motorcycle_accident_count":7,"pedestrian_accident_count":0,"death_count":0,"injury_count":15,"fatal_accident_count":0,"risk_score":66.6,"risk_level":"medium","confidence":"confirmed","motorcycle_accident_ratio":0.7778,"pedestrian_accident_ratio":0.0}},{"type":"Feature","geometry":{"type":"Point","coordinates":[121.54857,25.05442]},"properties":{"hotspot_id":"臺北市-51041","hotspot_type":"intersection","county":"臺北市","township":"松山區","road_or_intersection":"敦化北路 x 長春路","accident_count":10,"motorcycle_accident_count":9,"pedestrian_accident_count":0,"death_count":0,"injury_count":11,"fatal_accident_count":0,"risk_score":66.5,"risk_level":"medium","confidence":"confirmed","motorcycle_accident_ratio":0.9,"pedestrian_accident_ratio":0.0}},{"type":"Feature","geometry":{"type":"Point","coordinates":[121.55326,24.98489]},"properties":{"hotspot_id":"臺北市-50906","hotspot_type":"intersection","county":"臺北市","township":"文山區","road_or_intersection":"辛亥路7段","accident_count":9,"motorcycle_accident_count":8,"pedestrian_accident_count":0,"death_count":0,"injury_count":12,"fatal_accident_count":0,"risk_score":66.5,"risk_level":"medium","confidence":"confirmed","motorcycle_accident_ratio":0.8889,"pedestrian_accident_ratio":0.0}},{"type":"Feature","geometry":{"type":"Point","coordinates":[121.52829,25.03816]},"properties":{"hotspot_id":"臺北市-48812","hotspot_type":"intersection","county":"臺北市","township":"中正區","road_or_intersection":"仁愛路2段 x 金山南路1段","accident_count":10,"motorcycle_accident_count":9,"pedestrian_accident_count":0,"death_count":0,"injury_count":11,"fatal_accident_count":0,"risk_score":66.5,"risk_level":"medium","confidence":"confirmed","motorcycle_accident_ratio":0.9,"pedestrian_accident_ratio":0.0}},{"type":"Feature","geometry":{"type":"Point","coordinates":[121.61655,25.0671]},"properties":{"hotspot_id":"臺北市-49269","hotspot_type":"intersection","county":"臺北市","township":"內湖區","road_or_intersection":"五分街 x 東湖路","accident_count":10,"motorcycle_accident_count":9,"pedestrian_accident_count":0,"death_count":0,"injury_count":11,"fatal_accident_count":0,"risk_score":66.5,"risk_level":"medium","confidence":"confirmed","motorcycle_accident_ratio":0.9,"pedestrian_accident_ratio":0.0}},{"type":"Feature","geometry":{"type":"Point","coordinates":[121.51235,25.08155]},"properties":{"hotspot_id":"臺北市-50206","hotspot_type":"intersection","county":"臺北市","township":"士林區","road_or_intersection":"重慶北路4段","accident_count":9,"motorcycle_accident_count":8,"pedestrian_accident_count":0,"death_count":0,"injury_count":12,"fatal_accident_count":0,"risk_score":66.5,"risk_level":"medium","confidence":"confirmed","motorcycle_accident_ratio":0.8889,"pedestrian_accident_ratio":0.0}},{"type":"Feature","geometry":{"type":"Point","coordinates":[121.59121,25.07822]},"properties":{"hotspot_id":"臺北市-49366","hotspot_type":"intersection","county":"臺北市","township":"內湖區","road_or_intersection":"成功路3段 x 星雲街","accident_count":6,"motorcycle_accident_count":6,"pedestrian_accident_count":0,"death_count":0,"injury_count":8,"fatal_accident_count":0,"risk_score":66.4,"risk_level":"medium","confidence":"confirmed","motorcycle_accident_ratio":1.0,"pedestrian_accident_ratio":0.0}},{"type":"Feature","geometry":{"type":"Point","coordinates":[121.57486,25.06693]},"properties":{"hotspot_id":"臺北市-49414","hotspot_type":"intersection","county":"臺北市","township":"內湖區","road_or_intersection":"民權東路6段 x 舊宗路2段","accident_count":6,"motorcycle_accident_count":6,"pedestrian_accident_count":0,"death_count":0,"injury_count":8,"fatal_accident_count":0,"risk_score":66.4,"risk_level":"medium","confidence":"confirmed","motorcycle_accident_ratio":1.0,"pedestrian_accident_ratio":0.0}},{"type":"Feature","geometry":{"type":"Point","coordinates":[121.51863,25.04834]},"properties":{"hotspot_id":"臺北市-51792","hotspot_type":"intersection","county":"臺北市","township":"中正區市","road_or_intersection":"民大道1段","accident_count":6,"motorcycle_accident_count":6,"pedestrian_accident_count":0,"death_count":0,"injury_count":8,"fatal_accident_count":0,"risk_score":66.4,"risk_level":"medium","confidence":"probable","motorcycle_accident_ratio":1.0,"pedestrian_accident_ratio":0.0}},{"type":"Feature","geometry":{"type":"Point","coordinates":[121.55794,25.01963]},"properties":{"hotspot_id":"臺北市-51754","hotspot_type":"intersection","county":"臺北市","township":"信義區","road_or_intersection":"和平東路3段","accident_count":7,"motorcycle_accident_count":6,"pedestrian_accident_count":1,"death_count":0,"injury_count":8,"fatal_accident_count":0,"risk_score":66.4,"risk_level":"medium","confidence":"probable","motorcycle_accident_ratio":0.8571,"pedestrian_accident_ratio":0.1429}},{"type":"Feature","geometry":{"type":"Point","coordinates":[121.55458,25.08495]},"properties":{"hotspot_id":"臺北市-51507","hotspot_type":"intersection","county":"臺北市","township":"中山區","road_or_intersection":"北安路","accident_count":6,"motorcycle_accident_count":6,"pedestrian_accident_count":0,"death_count":0,"injury_count":8,"fatal_accident_count":0,"risk_score":66.4,"risk_level":"medium","confidence":"probable","motorcycle_accident_ratio":1.0,"pedestrian_accident_ratio":0.0}},{"type":"Feature","geometry":{"type":"Point","coordinates":[121.51451,25.09445]},"properties":{"hotspot_id":"臺北市-51497","hotspot_type":"intersection","county":"臺北市","township":"士林區","road_or_intersection":"承德路5段","accident_count":6,"motorcycle_accident_count":6,"pedestrian_accident_count":0,"death_count":0,"injury_count":8,"fatal_accident_count":0,"risk_score":66.4,"risk_level":"medium","confidence":"probable","motorcycle_accident_ratio":1.0,"pedestrian_accident_ratio":0.0}},{"type":"Feature","geometry":{"type":"Point","coordinates":[121.55348,25.05154]},"properties":{"hotspot_id":"臺北市-51677","hotspot_type":"intersection","county":"臺北市","township":"松山區","road_or_intersection":"南京東路4段","accident_count":7,"motorcycle_accident_count":6,"pedestrian_accident_count":1,"death_count":0,"injury_count":8,"fatal_accident_count":0,"risk_score":66.4,"risk_level":"medium","confidence":"probable","motorcycle_accident_ratio":0.8571,"pedestrian_accident_ratio":0.1429}},{"type":"Feature","geometry":{"type":"Point","coordinates":[121.5171,25.09084]},"properties":{"hotspot_id":"臺北市-51482","hotspot_type":"intersection","county":"臺北市","township":"士林區","road_or_intersection":"中正路","accident_count":6,"motorcycle_accident_count":6,"pedestrian_accident_count":0,"death_count":0,"injury_count":8,"fatal_accident_count":0,"risk_score":66.4,"risk_level":"medium","confidence":"probable","motorcycle_accident_ratio":1.0,"pedestrian_accident_ratio":0.0}},{"type":"Feature","geometry":{"type":"Point","coordinates":[121.53806,25.11392]},"properties":{"hotspot_id":"臺北市-51365","hotspot_type":"intersection","county":"臺北市","township":"士林區","road_or_intersection":"士東路","accident_count":6,"motorcycle_accident_count":6,"pedestrian_accident_count":0,"death_count":0,"injury_count":8,"fatal_accident_count":0,"risk_score":66.4,"risk_level":"medium","confidence":"probable","motorcycle_accident_ratio":1.0,"pedestrian_accident_ratio":0.0}},{"type":"Feature","geometry":{"type":"Point","coordinates":[121.50208,25.02953]},"properties":{"hotspot_id":"臺北市-51303","hotspot_type":"intersection","county":"臺北市","township":"萬華區","road_or_intersection":"西藏路","accident_count":6,"motorcycle_accident_count":4,"pedestrian_accident_count":2,"death_count":0,"injury_count":10,"fatal_accident_count":0,"risk_score":66.4,"risk_level":"medium","confidence":"confirmed","motorcycle_accident_ratio":0.6667,"pedestrian_accident_ratio":0.3333}},{"type":"Feature","geometry":{"type":"Point","coordinates":[121.50265,25.04574]},"properties":{"hotspot_id":"臺北市-51232","hotspot_type":"intersection","county":"臺北市","township":"萬華區","road_or_intersection":"武昌街2段 x 環河南路1段","accident_count":6,"motorcycle_accident_count":6,"pedestrian_accident_count":0,"death_count":0,"injury_count":8,"fatal_accident_count":0,"risk_score":66.4,"risk_level":"medium","confidence":"confirmed","motorcycle_accident_ratio":1.0,"pedestrian_accident_ratio":0.0}},{"type":"Feature","geometry":{"type":"Point","coordinates":[121.49865,25.02158]},"properties":{"hotspot_id":"臺北市-51212","hotspot_type":"intersection","county":"臺北市","township":"萬華區","road_or_intersection":"東園街 x 萬大路","accident_count":6,"motorcycle_accident_count":6,"pedestrian_accident_count":0,"death_count":0,"injury_count":8,"fatal_accident_count":0,"risk_score":66.4,"risk_level":"medium","confidence":"confirmed","motorcycle_accident_ratio":1.0,"pedestrian_accident_ratio":0.0}},{"type":"Feature","geometry":{"type":"Point","coordinates":[121.49546,25.03347]},"properties":{"hotspot_id":"臺北市-51148","hotspot_type":"intersection","county":"臺北市","township":"萬華區","road_or_intersection":"大理街","accident_count":7,"motorcycle_accident_count":6,"pedestrian_accident_count":1,"death_count":0,"injury_count":8,"fatal_accident_count":0,"risk_score":66.4,"risk_level":"medium","confidence":"confirmed","motorcycle_accident_ratio":0.8571,"pedestrian_accident_ratio":0.1429}},{"type":"Feature","geometry":{"type":"Point","coordinates":[121.5526,25.04841]},"properties":{"hotspot_id":"臺北市-50954","hotspot_type":"intersection","county":"臺北市","township":"松山區","road_or_intersection":"八德路3段 x 北寧路","accident_count":6,"motorcycle_accident_count":6,"pedestrian_accident_count":0,"death_count":0,"injury_count":8,"fatal_accident_count":0,"risk_score":66.4,"risk_level":"medium","confidence":"confirmed","motorcycle_accident_ratio":1.0,"pedestrian_accident_ratio":0.0}},{"type":"Feature","geometry":{"type":"Point","coordinates":[121.56968,25.05638]},"properties":{"hotspot_id":"臺北市-51000","hotspot_type":"intersection","county":"臺北市","township":"松山區","road_or_intersection":"塔悠路 x 無名巷","accident_count":6,"motorcycle_accident_count":6,"pedestrian_accident_count":0,"death_count":0,"injury_count":8,"fatal_accident_count":0,"risk_score":66.4,"risk_level":"medium","confidence":"confirmed","motorcycle_accident_ratio":1.0,"pedestrian_accident_ratio":0.0}},{"type":"Feature","geometry":{"type":"Point","coordinates":[121.55065,25.01708]},"properties":{"hotspot_id":"臺北市-50656","hotspot_type":"intersection","county":"臺北市","township":"大安區","road_or_intersection":"臥龍街 x 辛亥路3段","accident_count":6,"motorcycle_accident_count":6,"pedestrian_accident_count":0,"death_count":0,"injury_count":8,"fatal_accident_count":0,"risk_score":66.4,"risk_level":"medium","confidence":"confirmed","motorcycle_accident_ratio":1.0,"pedestrian_accident_ratio":0.0}},{"type":"Feature","geometry":{"type":"Point","coordinates":[121.54832,25.02045]},"properties":{"hotspot_id":"臺北市-50524","hotspot_type":"intersection","county":"臺北市","township":"大安區","road_or_intersection":"基隆路3段 x 臥龍街","accident_count":6,"motorcycle_accident_count":6,"pedestrian_accident_count":0,"death_count":0,"injury_count":8,"fatal_accident_count":0,"risk_score":66.4,"risk_level":"medium","confidence":"confirmed","motorcycle_accident_ratio":1.0,"pedestrian_accident_ratio":0.0}},{"type":"Feature","geometry":{"type":"Point","coordinates":[121.52039,25.09517]},"properties":{"hotspot_id":"臺北市-50129","hotspot_type":"intersection","county":"臺北市","township":"士林區","road_or_intersection":"文昌路 x 美崙街","accident_count":6,"motorcycle_accident_count":6,"pedestrian_accident_count":0,"death_count":0,"injury_count":8,"fatal_accident_count":0,"risk_score":66.4,"risk_level":"medium","confidence":"confirmed","motorcycle_accident_ratio":1.0,"pedestrian_accident_ratio":0.0}},{"type":"Feature","geometry":{"type":"Point","coordinates":[121.537,25.04572]},"properties":{"hotspot_id":"臺北市-48482","hotspot_type":"intersection","county":"臺北市","township":"中山區","road_or_intersection":"八德路2段 x 建國南路1段","accident_count":6,"motorcycle_accident_count":6,"pedestrian_accident_count":0,"death_count":0,"injury_count":8,"fatal_accident_count":0,"risk_score":66.4,"risk_level":"medium","confidence":"confirmed","motorcycle_accident_ratio":1.0,"pedestrian_accident_ratio":0.0}},{"type":"Feature","geometry":{"type":"Point","coordinates":[121.53654,25.05192]},"properties":{"hotspot_id":"臺北市-48510","hotspot_type":"intersection","county":"臺北市","township":"中山區","road_or_intersection":"南京東路2段 x 建國北路1段","accident_count":6,"motorcycle_accident_count":6,"pedestrian_accident_count":0,"death_count":0,"injury_count":8,"fatal_accident_count":0,"risk_score":66.4,"risk_level":"medium","confidence":"confirmed","motorcycle_accident_ratio":1.0,"pedestrian_accident_ratio":0.0}},{"type":"Feature","geometry":{"type":"Point","coordinates":[121.52847,25.06702]},"properties":{"hotspot_id":"臺北市-48609","hotspot_type":"intersection","county":"臺北市","township":"中山區","road_or_intersection":"德惠街 x 新生北路3段","accident_count":6,"motorcycle_accident_count":6,"pedestrian_accident_count":0,"death_count":0,"injury_count":8,"fatal_accident_count":0,"risk_score":66.4,"risk_level":"medium","confidence":"confirmed","motorcycle_accident_ratio":1.0,"pedestrian_accident_ratio":0.0}},{"type":"Feature","geometry":{"type":"Point","coordinates":[121.52902,25.05528]},"properties":{"hotspot_id":"臺北市-48537","hotspot_type":"intersection","county":"臺北市","township":"中山區","road_or_intersection":"吉林路 x 松江路","accident_count":7,"motorcycle_accident_count":6,"pedestrian_accident_count":1,"death_count":0,"injury_count":8,"fatal_accident_count":0,"risk_score":66.4,"risk_level":"medium","confidence":"confirmed","motorcycle_accident_ratio":0.8571,"pedestrian_accident_ratio":0.1429}},{"type":"Feature","geometry":{"type":"Point","coordinates":[121.50511,25.11623]},"properties":{"hotspot_id":"臺北市-49660","hotspot_type":"intersection","county":"臺北市","township":"北投區","road_or_intersection":"承德路7段 x 立賢路","accident_count":6,"motorcycle_accident_count":6,"pedestrian_accident_count":0,"death_count":0,"injury_count":8,"fatal_accident_count":0,"risk_score":66.4,"risk_level":"medium","confidence":"confirmed","motorcycle_accident_ratio":1.0,"pedestrian_accident_ratio":0.0}},{"type":"Feature","geometry":{"type":"Point","coordinates":[121.52934,25.04013]},"properties":{"hotspot_id":"臺北市-49056","hotspot_type":"intersection","county":"臺北市","township":"中正區","road_or_intersection":"臨沂街 x 金山南路1段","accident_count":6,"motorcycle_accident_count":6,"pedestrian_accident_count":0,"death_count":0,"injury_count":8,"fatal_accident_count":0,"risk_score":66.4,"risk_level":"medium","confidence":"confirmed","motorcycle_accident_ratio":1.0,"pedestrian_accident_ratio":0.0}},{"type":"Feature","geometry":{"type":"Point","coordinates":[121.51728,25.10632]},"properties":{"hotspot_id":"臺北市-49671","hotspot_type":"intersection","county":"臺北市","township":"北投區","road_or_intersection":"文林北路 x 明德路","accident_count":6,"motorcycle_accident_count":6,"pedestrian_accident_count":0,"death_count":0,"injury_count":8,"fatal_accident_count":0,"risk_score":66.4,"risk_level":"medium","confidence":"confirmed","motorcycle_accident_ratio":1.0,"pedestrian_accident_ratio":0.0}},{"type":"Feature","geometry":{"type":"Point","coordinates":[121.58076,25.08465]},"properties":{"hotspot_id":"臺北市-49286","hotspot_type":"intersection","county":"臺北市","township":"內湖區","road_or_intersection":"內湖路2段 x 環山路3段","accident_count":7,"motorcycle_accident_count":6,"pedestrian_accident_count":1,"death_count":0,"injury_count":8,"fatal_accident_count":0,"risk_score":66.4,"risk_level":"medium","confidence":"confirmed","motorcycle_accident_ratio":0.8571,"pedestrian_accident_ratio":0.1429}},{"type":"Feature","geometry":{"type":"Point","coordinates":[121.56831,25.03192]},"properties":{"hotspot_id":"臺北市-49199","hotspot_type":"intersection","county":"臺北市","township":"信義區","road_or_intersection":"松仁路 x 松勤街","accident_count":6,"motorcycle_accident_count":6,"pedestrian_accident_count":0,"death_count":0,"injury_count":8,"fatal_accident_count":0,"risk_score":66.4,"risk_level":"medium","confidence":"confirmed","motorcycle_accident_ratio":1.0,"pedestrian_accident_ratio":0.0}},{"type":"Feature","geometry":{"type":"Point","coordinates":[121.6079,25.07076]},"properties":{"hotspot_id":"臺北市-49348","hotspot_type":"intersection","county":"臺北市","township":"內湖區","road_or_intersection":"康寧路3段 x 民權東路6段","accident_count":6,"motorcycle_accident_count":6,"pedestrian_accident_count":0,"death_count":0,"injury_count":8,"fatal_accident_count":0,"risk_score":66.4,"risk_level":"medium","confidence":"confirmed","motorcycle_accident_ratio":1.0,"pedestrian_accident_ratio":0.0}},{"type":"Feature","geometry":{"type":"Point","coordinates":[121.53173,25.03416]},"properties":{"hotspot_id":"臺北市-48816","hotspot_type":"intersection","county":"臺北市","township":"中正區","road_or_intersection":"信義路2段 x 新生南路1段","accident_count":7,"motorcycle_accident_count":6,"pedestrian_accident_count":1,"death_count":0,"injury_count":8,"fatal_accident_count":0,"risk_score":66.4,"risk_level":"medium","confidence":"confirmed","motorcycle_accident_ratio":0.8571,"pedestrian_accident_ratio":0.1429}},{"type":"Feature","geometry":{"type":"Point","coordinates":[121.54902,25.03061]},"properties":{"hotspot_id":"臺北市-51665","hotspot_type":"intersection","county":"臺北市","township":"大安區","road_or_intersection":"敦化南路2段","accident_count":10,"motorcycle_accident_count":8,"pedestrian_accident_count":0,"death_count":0,"injury_count":13,"fatal_accident_count":0,"risk_score":66.3,"risk_level":"medium","confidence":"probable","motorcycle_accident_ratio":0.8,"pedestrian_accident_ratio":0.0}},{"type":"Feature","geometry":{"type":"Point","coordinates":[121.52139,25.11902]},"properties":{"hotspot_id":"臺北市-49664","hotspot_type":"intersection","county":"臺北市","township":"北投區","road_or_intersection":"振興街 x 石牌路2段","accident_count":8,"motorcycle_accident_count":6,"pedestrian_accident_count":2,"death_count":0,"injury_count":8,"fatal_accident_count":0,"risk_score":66.3,"risk_level":"medium","confidence":"confirmed","motorcycle_accident_ratio":0.75,"pedestrian_accident_ratio":0.25}},{"type":"Feature","geometry":{"type":"Point","coordinates":[121.55108,25.0797]},"properties":{"hotspot_id":"臺北市-48655","hotspot_type":"intersection","county":"臺北市","township":"中山區","road_or_intersection":"明水路 x 樂群二路","accident_count":6,"motorcycle_accident_count":5,"pedestrian_accident_count":1,"death_count":0,"injury_count":9,"fatal_accident_count":0,"risk_score":66.3,"risk_level":"medium","confidence":"confirmed","motorcycle_accident_ratio":0.8333,"pedestrian_accident_ratio":0.1667}},{"type":"Feature","geometry":{"type":"Point","coordinates":[121.54635,25.08262]},"properties":{"hotspot_id":"臺北市-48560","hotspot_type":"intersection","county":"臺北市","township":"中山區","road_or_intersection":"大直街","accident_count":8,"motorcycle_accident_count":6,"pedestrian_accident_count":2,"death_count":0,"injury_count":8,"fatal_accident_count":0,"risk_score":66.3,"risk_level":"medium","confidence":"confirmed","motorcycle_accident_ratio":0.75,"pedestrian_accident_ratio":0.25}},{"type":"Feature","geometry":{"type":"Point","coordinates":[121.56672,25.05886]},"properties":{"hotspot_id":"臺北市-51047","hotspot_type":"intersection","county":"臺北市","township":"松山區","road_or_intersection":"新東街 x 民生東路5段","accident_count":8,"motorcycle_accident_count":4,"pedestrian_accident_count":2,"death_count":0,"injury_count":9,"fatal_accident_count":0,"risk_score":66.3,"risk_level":"medium","confidence":"confirmed","motorcycle_accident_ratio":0.5,"pedestrian_accident_ratio":0.25}},{"type":"Feature","geometry":{"type":"Point","coordinates":[121.51628,25.04892]},"properties":{"hotspot_id":"臺北市-50315","hotspot_type":"intersection","county":"臺北市","township":"大同區","road_or_intersection":"承德路1段 x 鄭州路","accident_count":3,"motorcycle_accident_count":3,"pedestrian_accident_count":1,"death_count":0,"injury_count":6,"fatal_accident_count":0,"risk_score":66.3,"risk_level":"medium","confidence":"confirmed","motorcycle_accident_ratio":1.0,"pedestrian_accident_ratio":0.3333}},{"type":"Feature","geometry":{"type":"Point","coordinates":[121.58327,24.98168]},"properties":{"hotspot_id":"臺北市-50745","hotspot_type":"intersection","county":"臺北市","township":"文山區","road_or_intersection":"指南路3段","accident_count":6,"motorcycle_accident_count":5,"pedestrian_accident_count":1,"death_count":0,"injury_count":9,"fatal_accident_count":0,"risk_score":66.3,"risk_level":"medium","confidence":"confirmed","motorcycle_accident_ratio":0.8333,"pedestrian_accident_ratio":0.1667}},{"type":"Feature","geometry":{"type":"Point","coordinates":[121.58088,25.06344]},"properties":{"hotspot_id":"臺北市-49393","hotspot_type":"intersection","county":"臺北市","township":"內湖區","road_or_intersection":"新湖二路","accident_count":3,"motorcycle_accident_count":3,"pedestrian_accident_count":1,"death_count":0,"injury_count":6,"fatal_accident_count":0,"risk_score":66.3,"risk_level":"medium","confidence":"confirmed","motorcycle_accident_ratio":1.0,"pedestrian_accident_ratio":0.3333}},{"type":"Feature","geometry":{"type":"Point","coordinates":[121.56103,25.08742]},"properties":{"hotspot_id":"臺北市-49380","hotspot_type":"intersection","county":"臺北市","township":"內湖區","road_or_intersection":"文湖街","accident_count":5,"motorcycle_accident_count":5,"pedestrian_accident_count":0,"death_count":0,"injury_count":9,"fatal_accident_count":0,"risk_score":66.2,"risk_level":"medium","confidence":"confirmed","motorcycle_accident_ratio":1.0,"pedestrian_accident_ratio":0.0}},{"type":"Feature","geometry":{"type":"Point","coordinates":[121.53072,25.04577]},"properties":{"hotspot_id":"臺北市-49095","hotspot_type":"intersection","county":"臺北市","township":"中正區市","road_or_intersection":"民大道3段 x 金山北路","accident_count":5,"motorcycle_accident_count":5,"pedestrian_accident_count":0,"death_count":0,"injury_count":9,"fatal_accident_count":0,"risk_score":66.2,"risk_level":"medium","confidence":"confirmed","motorcycle_accident_ratio":1.0,"pedestrian_accident_ratio":0.0}},{"type":"Feature","geometry":{"type":"Point","coordinates":[121.534,25.03433]},"properties":{"hotspot_id":"臺北市-50449","hotspot_type":"intersection","county":"臺北市","township":"大安區","road_or_intersection":"信義路3段 x 新生南路1段","accident_count":5,"motorcycle_accident_count":5,"pedestrian_accident_count":0,"death_count":0,"injury_count":9,"fatal_accident_count":0,"risk_score":66.2,"risk_level":"medium","confidence":"confirmed","motorcycle_accident_ratio":1.0,"pedestrian_accident_ratio":0.0}},{"type":"Feature","geometry":{"type":"Point","coordinates":[121.51093,25.06748]},"properties":{"hotspot_id":"臺北市-50302","hotspot_type":"intersection","county":"臺北市","township":"大同區","road_or_intersection":"延平北路3段 x 迪化街2段","accident_count":5,"motorcycle_accident_count":5,"pedestrian_accident_count":0,"death_count":0,"injury_count":9,"fatal_accident_count":0,"risk_score":66.2,"risk_level":"medium","confidence":"confirmed","motorcycle_accident_ratio":1.0,"pedestrian_accident_ratio":0.0}},{"type":"Feature","geometry":{"type":"Point","coordinates":[121.50216,25.04055]},"properties":{"hotspot_id":"臺北市-51180","hotspot_type":"intersection","county":"臺北市","township":"萬華區","road_or_intersection":"康定路 x 長沙街2段","accident_count":5,"motorcycle_accident_count":5,"pedestrian_accident_count":0,"death_count":0,"injury_count":9,"fatal_accident_count":0,"risk_score":66.2,"risk_level":"medium","confidence":"confirmed","motorcycle_accident_ratio":1.0,"pedestrian_accident_ratio":0.0}},{"type":"Feature","geometry":{"type":"Point","coordinates":[121.50894,25.09414]},"properties":{"hotspot_id":"臺北市-50162","hotspot_type":"intersection","county":"臺北市","township":"士林區","road_or_intersection":"社子街","accident_count":5,"motorcycle_accident_count":5,"pedestrian_accident_count":0,"death_count":0,"injury_count":9,"fatal_accident_count":0,"risk_score":66.2,"risk_level":"medium","confidence":"confirmed","motorcycle_accident_ratio":1.0,"pedestrian_accident_ratio":0.0}},{"type":"Feature","geometry":{"type":"Point","coordinates":[121.53467,25.1113]},"properties":{"hotspot_id":"臺北市-50194","hotspot_type":"intersection","county":"臺北市","township":"士林區","road_or_intersection":"芝玉路2段","accident_count":5,"motorcycle_accident_count":5,"pedestrian_accident_count":0,"death_count":0,"injury_count":9,"fatal_accident_count":0,"risk_score":66.2,"risk_level":"medium","confidence":"confirmed","motorcycle_accident_ratio":1.0,"pedestrian_accident_ratio":0.0}},{"type":"Feature","geometry":{"type":"Point","coordinates":[121.51768,25.05324]},"properties":{"hotspot_id":"臺北市-50230","hotspot_type":"intersection","county":"臺北市","township":"大同區","road_or_intersection":"南京西路 x 承德路1段","accident_count":5,"motorcycle_accident_count":5,"pedestrian_accident_count":0,"death_count":0,"injury_count":9,"fatal_accident_count":0,"risk_score":66.2,"risk_level":"medium","confidence":"confirmed","motorcycle_accident_ratio":1.0,"pedestrian_accident_ratio":0.0}},{"type":"Feature","geometry":{"type":"Point","coordinates":[121.59767,25.05405]},"properties":{"hotspot_id":"臺北市-49823","hotspot_type":"intersection","county":"臺北市","township":"南港區","road_or_intersection":"南港路2段 x 興南街","accident_count":5,"motorcycle_accident_count":5,"pedestrian_accident_count":0,"death_count":0,"injury_count":9,"fatal_accident_count":0,"risk_score":66.2,"risk_level":"medium","confidence":"confirmed","motorcycle_accident_ratio":1.0,"pedestrian_accident_ratio":0.0}},{"type":"Feature","geometry":{"type":"Point","coordinates":[121.50621,25.11593]},"properties":{"hotspot_id":"臺北市-49614","hotspot_type":"intersection","county":"臺北市","township":"北投區","road_or_intersection":"尊賢街 x 承德路7段","accident_count":5,"motorcycle_accident_count":5,"pedestrian_accident_count":0,"death_count":0,"injury_count":9,"fatal_accident_count":0,"risk_score":66.2,"risk_level":"medium","confidence":"confirmed","motorcycle_accident_ratio":1.0,"pedestrian_accident_ratio":0.0}},{"type":"Feature","geometry":{"type":"Point","coordinates":[121.52052,25.04792]},"properties":{"hotspot_id":"臺北市-48757","hotspot_type":"intersection","county":"臺北市","township":"中正區","road_or_intersection":"中山北路1段 x 民大道1段","accident_count":5,"motorcycle_accident_count":5,"pedestrian_accident_count":0,"death_count":0,"injury_count":9,"fatal_accident_count":0,"risk_score":66.2,"risk_level":"medium","confidence":"confirmed","motorcycle_accident_ratio":1.0,"pedestrian_accident_ratio":0.0}},{"type":"Feature","geometry":{"type":"Point","coordinates":[121.51406,25.04341]},"properties":{"hotspot_id":"臺北市-48971","hotspot_type":"intersection","county":"臺北市","township":"中正區","road_or_intersection":"懷寧街 x 襄陽路","accident_count":5,"motorcycle_accident_count":5,"pedestrian_accident_count":0,"death_count":0,"injury_count":9,"fatal_accident_count":0,"risk_score":66.2,"risk_level":"medium","confidence":"confirmed","motorcycle_accident_ratio":1.0,"pedestrian_accident_ratio":0.0}},{"type":"Feature","geometry":{"type":"Point","coordinates":[121.56897,25.04899]},"properties":{"hotspot_id":"臺北市-49253","hotspot_type":"intersection","county":"臺北市","township":"信義區市","road_or_intersection":"基隆路1段 x 民大道5段","accident_count":5,"motorcycle_accident_count":5,"pedestrian_accident_count":0,"death_count":0,"injury_count":9,"fatal_accident_count":0,"risk_score":66.2,"risk_level":"medium","confidence":"confirmed","motorcycle_accident_ratio":1.0,"pedestrian_accident_ratio":0.0}},{"type":"Feature","geometry":{"type":"Point","coordinates":[121.53787,25.03371]},"properties":{"hotspot_id":"臺北市-50445","hotspot_type":"intersection","county":"臺北市","township":"大安區","road_or_intersection":"信義路3段 x 建國南路1段","accident_count":8,"motorcycle_accident_count":5,"pedestrian_accident_count":1,"death_count":0,"injury_count":9,"fatal_accident_count":0,"risk_score":66.1,"risk_level":"medium","confidence":"confirmed","motorcycle_accident_ratio":0.625,"pedestrian_accident_ratio":0.125}},{"type":"Feature","geometry":{"type":"Point","coordinates":[121.51625,25.09513]},"properties":{"hotspot_id":"臺北市-50122","hotspot_type":"intersection","county":"臺北市","township":"士林區","road_or_intersection":"承德路5段 x 通河東街2段","accident_count":9,"motorcycle_accident_count":7,"pedestrian_accident_count":0,"death_count":0,"injury_count":14,"fatal_accident_count":0,"risk_score":66.0,"risk_level":"medium","confidence":"confirmed","motorcycle_accident_ratio":0.7778,"pedestrian_accident_ratio":0.0}},{"type":"Feature","geometry":{"type":"Point","coordinates":[121.58038,25.05872]},"properties":{"hotspot_id":"臺北市-49454","hotspot_type":"intersection","county":"臺北市","township":"內湖區","road_or_intersection":"舊宗路1段 x 行善路","accident_count":11,"motorcycle_accident_count":8,"pedestrian_accident_count":0,"death_count":0,"injury_count":13,"fatal_accident_count":0,"risk_score":66.0,"risk_level":"medium","confidence":"confirmed","motorcycle_accident_ratio":0.7273,"pedestrian_accident_ratio":0.0}},{"type":"Feature","geometry":{"type":"Point","coordinates":[121.51864,25.07191]},"properties":{"hotspot_id":"臺北市-50285","hotspot_type":"intersection","county":"臺北市","township":"大同區","road_or_intersection":"庫倫街 x 承德路3段","accident_count":7,"motorcycle_accident_count":5,"pedestrian_accident_count":1,"death_count":0,"injury_count":9,"fatal_accident_count":0,"risk_score":65.9,"risk_level":"medium","confidence":"confirmed","motorcycle_accident_ratio":0.7143,"pedestrian_accident_ratio":0.1429}},{"type":"Feature","geometry":{"type":"Point","coordinates":[121.51645,25.03241]},"properties":{"hotspot_id":"臺北市-48847","hotspot_type":"intersection","county":"臺北市","township":"中正區","road_or_intersection":"南昌路1段 x 南海路","accident_count":7,"motorcycle_accident_count":7,"pedestrian_accident_count":0,"death_count":0,"injury_count":7,"fatal_accident_count":0,"risk_score":65.9,"risk_level":"medium","confidence":"confirmed","motorcycle_accident_ratio":1.0,"pedestrian_accident_ratio":0.0}},{"type":"Feature","geometry":{"type":"Point","coordinates":[121.58291,25.04546]},"properties":{"hotspot_id":"臺北市-49862","hotspot_type":"intersection","county":"臺北市","township":"南港區","road_or_intersection":"忠孝東路6段 x 玉成街","accident_count":7,"motorcycle_accident_count":7,"pedestrian_accident_count":0,"death_count":0,"injury_count":7,"fatal_accident_count":0,"risk_score":65.9,"risk_level":"medium","confidence":"confirmed","motorcycle_accident_ratio":1.0,"pedestrian_accident_ratio":0.0}},{"type":"Feature","geometry":{"type":"Point","coordinates":[121.6169,25.05298]},"properties":{"hotspot_id":"臺北市-49855","hotspot_type":"intersection","county":"臺北市","township":"南港區","road_or_intersection":"富康街 x 研究院路1段","accident_count":7,"motorcycle_accident_count":5,"pedestrian_accident_count":1,"death_count":0,"injury_count":9,"fatal_accident_count":0,"risk_score":65.9,"risk_level":"medium","confidence":"confirmed","motorcycle_accident_ratio":0.7143,"pedestrian_accident_ratio":0.1429}},{"type":"Feature","geometry":{"type":"Point","coordinates":[121.53716,25.01089]},"properties":{"hotspot_id":"臺北市-50721","hotspot_type":"intersection","county":"臺北市","township":"文山區","road_or_intersection":"基隆路4段 x 羅斯福路4段","accident_count":7,"motorcycle_accident_count":7,"pedestrian_accident_count":0,"death_count":0,"injury_count":7,"fatal_accident_count":0,"risk_score":65.9,"risk_level":"medium","confidence":"confirmed","motorcycle_accident_ratio":1.0,"pedestrian_accident_ratio":0.0}},{"type":"Feature","geometry":{"type":"Point","coordinates":[121.51613,25.05364]},"properties":{"hotspot_id":"臺北市-50226","hotspot_type":"intersection","county":"臺北市","township":"大同區","road_or_intersection":"南京西路 x 太原路","accident_count":7,"motorcycle_accident_count":5,"pedestrian_accident_count":1,"death_count":0,"injury_count":9,"fatal_accident_count":0,"risk_score":65.9,"risk_level":"medium","confidence":"confirmed","motorcycle_accident_ratio":0.7143,"pedestrian_accident_ratio":0.1429}},{"type":"Feature","geometry":{"type":"Point","coordinates":[121.57665,25.06858]},"properties":{"hotspot_id":"臺北市-49412","hotspot_type":"intersection","county":"臺北市","township":"內湖區","road_or_intersection":"民權東路6段 x 瑞湖街","accident_count":7,"motorcycle_accident_count":7,"pedestrian_accident_count":0,"death_count":0,"injury_count":7,"fatal_accident_count":0,"risk_score":65.9,"risk_level":"medium","confidence":"confirmed","motorcycle_accident_ratio":1.0,"pedestrian_accident_ratio":0.0}},{"type":"Feature","geometry":{"type":"Point","coordinates":[121.52911,25.01963]},"properties":{"hotspot_id":"臺北市-49052","hotspot_type":"intersection","county":"臺北市","township":"中正區","road_or_intersection":"羅斯福路3段 x 辛亥路1段","accident_count":7,"motorcycle_accident_count":3,"pedestrian_accident_count":1,"death_count":0,"injury_count":10,"fatal_accident_count":0,"risk_score":65.7,"risk_level":"medium","confidence":"confirmed","motorcycle_accident_ratio":0.4286,"pedestrian_accident_ratio":0.1429}},{"type":"Feature","geometry":{"type":"Point","coordinates":[121.58743,25.04312]},"properties":{"hotspot_id":"臺北市-49868","hotspot_type":"intersection","county":"臺北市","township":"南港區","road_or_intersection":"成福路","accident_count":6,"motorcycle_accident_count":4,"pedestrian_accident_count":1,"death_count":0,"injury_count":10,"fatal_accident_count":0,"risk_score":65.7,"risk_level":"medium","confidence":"confirmed","motorcycle_accident_ratio":0.6667,"pedestrian_accident_ratio":0.1667}},{"type":"Feature","geometry":{"type":"Point","coordinates":[121.55789,25.04435]},"properties":{"hotspot_id":"臺北市-51875","hotspot_type":"intersection","county":"臺北市","township":"信義區","road_or_intersection":"光復南路","accident_count":7,"motorcycle_accident_count":4,"pedestrian_accident_count":2,"death_count":0,"injury_count":9,"fatal_accident_count":0,"risk_score":65.7,"risk_level":"medium","confidence":"probable","motorcycle_accident_ratio":0.5714,"pedestrian_accident_ratio":0.2857}},{"type":"Feature","geometry":{"type":"Point","coordinates":[121.50799,25.04631]},"properties":{"hotspot_id":"臺北市-51245","hotspot_type":"intersection","county":"臺北市","township":"萬華區","road_or_intersection":"漢中街 x 開封街2段","accident_count":4,"motorcycle_accident_count":4,"pedestrian_accident_count":1,"death_count":0,"injury_count":5,"fatal_accident_count":0,"risk_score":65.7,"risk_level":"medium","confidence":"confirmed","motorcycle_accident_ratio":1.0,"pedestrian_accident_ratio":0.25}},{"type":"Feature","geometry":{"type":"Point","coordinates":[121.50089,25.03885]},"properties":{"hotspot_id":"臺北市-51226","hotspot_type":"intersection","county":"臺北市","township":"萬華區","road_or_intersection":"桂林路 x 貴陽街2段","accident_count":4,"motorcycle_accident_count":4,"pedestrian_accident_count":1,"death_count":0,"injury_count":5,"fatal_accident_count":0,"risk_score":65.7,"risk_level":"medium","confidence":"confirmed","motorcycle_accident_ratio":1.0,"pedestrian_accident_ratio":0.25}},{"type":"Feature","geometry":{"type":"Point","coordinates":[121.53068,25.04612]},"properties":{"hotspot_id":"臺北市-48738","hotspot_type":"intersection","county":"臺北市","township":"中山區市","road_or_intersection":"新生北路1段 x 民大道2段","accident_count":4,"motorcycle_accident_count":4,"pedestrian_accident_count":1,"death_count":0,"injury_count":5,"fatal_accident_count":0,"risk_score":65.7,"risk_level":"medium","confidence":"confirmed","motorcycle_accident_ratio":1.0,"pedestrian_accident_ratio":0.25}},{"type":"Feature","geometry":{"type":"Point","coordinates":[121.50856,25.13967]},"properties":{"hotspot_id":"臺北市-49677","hotspot_type":"intersection","county":"臺北市","township":"北投區","road_or_intersection":"新民路","accident_count":4,"motorcycle_accident_count":4,"pedestrian_accident_count":1,"death_count":0,"injury_count":5,"fatal_accident_count":0,"risk_score":65.7,"risk_level":"medium","confidence":"confirmed","motorcycle_accident_ratio":1.0,"pedestrian_accident_ratio":0.25}},{"type":"Feature","geometry":{"type":"Point","coordinates":[121.51132,25.06271]},"properties":{"hotspot_id":"臺北市-51759","hotspot_type":"intersection","county":"臺北市","township":"大同區","road_or_intersection":"國道","accident_count":12,"motorcycle_accident_count":0,"pedestrian_accident_count":0,"death_count":0,"injury_count":15,"fatal_accident_count":0,"risk_score":65.7,"risk_level":"medium","confidence":"probable","motorcycle_accident_ratio":0.0,"pedestrian_accident_ratio":0.0}},{"type":"Feature","geometry":{"type":"Point","coordinates":[121.57482,25.07609]},"properties":{"hotspot_id":"臺北市-49428","hotspot_type":"intersection","county":"臺北市","township":"內湖區","road_or_intersection":"港墘路 x 瑞光路","accident_count":8,"motorcycle_accident_count":5,"pedestrian_accident_count":3,"death_count":0,"injury_count":8,"fatal_accident_count":0,"risk_score":65.6,"risk_level":"medium","confidence":"confirmed","motorcycle_accident_ratio":0.625,"pedestrian_accident_ratio":0.375}},{"type":"Feature","geometry":{"type":"Point","coordinates":[121.57755,25.05145]},"properties":{"hotspot_id":"臺北市-51814","hotspot_type":"intersection","county":"臺北市","township":"松山區","road_or_intersection":"松河街","accident_count":9,"motorcycle_accident_count":8,"pedestrian_accident_count":0,"death_count":0,"injury_count":11,"fatal_accident_count":0,"risk_score":65.6,"risk_level":"medium","confidence":"probable","motorcycle_accident_ratio":0.8889,"pedestrian_accident_ratio":0.0}},{"type":"Feature","geometry":{"type":"Point","coordinates":[121.50423,25.03765]},"properties":{"hotspot_id":"臺北市-51202","hotspot_type":"intersection","county":"臺北市","township":"萬華區","road_or_intersection":"昆明街 x 桂林路","accident_count":9,"motorcycle_accident_count":8,"pedestrian_accident_count":0,"death_count":0,"injury_count":11,"fatal_accident_count":0,"risk_score":65.6,"risk_level":"medium","confidence":"confirmed","motorcycle_accident_ratio":0.8889,"pedestrian_accident_ratio":0.0}},{"type":"Feature","geometry":{"type":"Point","coordinates":[121.56075,25.07758]},"properties":{"hotspot_id":"臺北市-48547","hotspot_type":"intersection","county":"臺北市","township":"中山區","road_or_intersection":"基湖路","accident_count":9,"motorcycle_accident_count":8,"pedestrian_accident_count":0,"death_count":0,"injury_count":11,"fatal_accident_count":0,"risk_score":65.6,"risk_level":"medium","confidence":"confirmed","motorcycle_accident_ratio":0.8889,"pedestrian_accident_ratio":0.0}},{"type":"Feature","geometry":{"type":"Point","coordinates":[121.56004,24.98189]},"properties":{"hotspot_id":"臺北市-50725","hotspot_type":"intersection","county":"臺北市","township":"文山區","road_or_intersection":"忠順街1段 x 木新路3段","accident_count":5,"motorcycle_accident_count":4,"pedestrian_accident_count":1,"death_count":0,"injury_count":10,"fatal_accident_count":0,"risk_score":65.6,"risk_level":"medium","confidence":"confirmed","motorcycle_accident_ratio":0.8,"pedestrian_accident_ratio":0.2}},{"type":"Feature","geometry":{"type":"Point","coordinates":[121.57141,24.99512]},"properties":{"hotspot_id":"臺北市-50834","hotspot_type":"intersection","county":"臺北市","township":"文山區","road_or_intersection":"木柵路4段 x 萬芳路","accident_count":9,"motorcycle_accident_count":8,"pedestrian_accident_count":0,"death_count":0,"injury_count":11,"fatal_accident_count":0,"risk_score":65.6,"risk_level":"medium","confidence":"confirmed","motorcycle_accident_ratio":0.8889,"pedestrian_accident_ratio":0.0}},{"type":"Feature","geometry":{"type":"Point","coordinates":[121.54093,25.02719]},"properties":{"hotspot_id":"臺北市-50491","hotspot_type":"intersection","county":"臺北市","township":"大安區","road_or_intersection":"和平東路2段 x 瑞安街","accident_count":5,"motorcycle_accident_count":4,"pedestrian_accident_count":1,"death_count":0,"injury_count":10,"fatal_accident_count":0,"risk_score":65.6,"risk_level":"medium","confidence":"confirmed","motorcycle_accident_ratio":0.8,"pedestrian_accident_ratio":0.2}},{"type":"Feature","geometry":{"type":"Point","coordinates":[121.59059,25.06467]},"properties":{"hotspot_id":"臺北市-49354","hotspot_type":"intersection","county":"臺北市","township":"內湖區","road_or_intersection":"成功交流道 x 成功路2段","accident_count":10,"motorcycle_accident_count":8,"pedestrian_accident_count":0,"death_count":0,"injury_count":12,"fatal_accident_count":0,"risk_score":65.5,"risk_level":"medium","confidence":"confirmed","motorcycle_accident_ratio":0.8,"pedestrian_accident_ratio":0.0}},{"type":"Feature","geometry":{"type":"Point","coordinates":[121.54726,25.01995]},"properties":{"hotspot_id":"臺北市-51663","hotspot_type":"intersection","county":"臺北市","township":"大安區","road_or_intersection":"基隆路3段","accident_count":8,"motorcycle_accident_count":6,"pedestrian_accident_count":1,"death_count":0,"injury_count":8,"fatal_accident_count":0,"risk_score":65.5,"risk_level":"medium","confidence":"probable","motorcycle_accident_ratio":0.75,"pedestrian_accident_ratio":0.125}},{"type":"Feature","geometry":{"type":"Point","coordinates":[121.57018,25.07657]},"properties":{"hotspot_id":"臺北市-49319","hotspot_type":"intersection","county":"臺北市","township":"內湖區","road_or_intersection":"堤頂大道2段 x 瑞光路","accident_count":11,"motorcycle_accident_count":9,"pedestrian_accident_count":0,"death_count":0,"injury_count":11,"fatal_accident_count":0,"risk_score":65.5,"risk_level":"medium","confidence":"confirmed","motorcycle_accident_ratio":0.8182,"pedestrian_accident_ratio":0.0}},{"type":"Feature","geometry":{"type":"Point","coordinates":[121.52277,25.06051]},"properties":{"hotspot_id":"臺北市-48445","hotspot_type":"intersection","county":"臺北市","township":"中山區","road_or_intersection":"中山北路2段 x 錦西街","accident_count":8,"motorcycle_accident_count":7,"pedestrian_accident_count":0,"death_count":0,"injury_count":12,"fatal_accident_count":0,"risk_score":65.4,"risk_level":"medium","confidence":"confirmed","motorcycle_accident_ratio":0.875,"pedestrian_accident_ratio":0.0}},{"type":"Feature","geometry":{"type":"Point","coordinates":[121.61685,25.05517]},"properties":{"hotspot_id":"臺北市-49815","hotspot_type":"intersection","county":"臺北市","township":"南港區","road_or_intersection":"南港路1段 x 經貿二路","accident_count":8,"motorcycle_accident_count":7,"pedestrian_accident_count":0,"death_count":0,"injury_count":12,"fatal_accident_count":0,"risk_score":65.4,"risk_level":"medium","confidence":"confirmed","motorcycle_accident_ratio":0.875,"pedestrian_accident_ratio":0.0}},{"type":"Feature","geometry":{"type":"Point","coordinates":[121.50355,25.02396]},"properties":{"hotspot_id":"臺北市-51313","hotspot_type":"intersection","county":"臺北市","township":"萬華區","road_or_intersection":"青年路","accident_count":6,"motorcycle_accident_count":5,"pedestrian_accident_count":2,"death_count":0,"injury_count":8,"fatal_accident_count":0,"risk_score":65.4,"risk_level":"medium","confidence":"confirmed","motorcycle_accident_ratio":0.8333,"pedestrian_accident_ratio":0.3333}},{"type":"Feature","geometry":{"type":"Point","coordinates":[121.54706,25.06201]},"properties":{"hotspot_id":"臺北市-51056","hotspot_type":"intersection","county":"臺北市","township":"松山區","road_or_intersection":"民權東路3段","accident_count":8,"motorcycle_accident_count":7,"pedestrian_accident_count":0,"death_count":0,"injury_count":12,"fatal_accident_count":0,"risk_score":65.4,"risk_level":"medium","confidence":"confirmed","motorcycle_accident_ratio":0.875,"pedestrian_accident_ratio":0.0}},{"type":"Feature","geometry":{"type":"Point","coordinates":[121.53122,25.04289]},"properties":{"hotspot_id":"臺北市-48952","hotspot_type":"intersection","county":"臺北市","township":"中正區","road_or_intersection":"忠孝東路2段 x 臨沂街","accident_count":8,"motorcycle_accident_count":7,"pedestrian_accident_count":0,"death_count":0,"injury_count":12,"fatal_accident_count":0,"risk_score":65.4,"risk_level":"medium","confidence":"confirmed","motorcycle_accident_ratio":0.875,"pedestrian_accident_ratio":0.0}},{"type":"Feature","geometry":{"type":"Point","coordinates":[121.61646,25.05293]},"properties":{"hotspot_id":"臺北市-51602","hotspot_type":"intersection","county":"臺北市","township":"南港區","road_or_intersection":"研究院路1段","accident_count":8,"motorcycle_accident_count":7,"pedestrian_accident_count":0,"death_count":0,"injury_count":12,"fatal_accident_count":0,"risk_score":65.4,"risk_level":"medium","confidence":"probable","motorcycle_accident_ratio":0.875,"pedestrian_accident_ratio":0.0}},{"type":"Feature","geometry":{"type":"Point","coordinates":[121.51648,25.0349]},"properties":{"hotspot_id":"臺北市-48768","hotspot_type":"intersection","county":"臺北市","township":"中正區","road_or_intersection":"中山南路 x 愛國西路","accident_count":3,"motorcycle_accident_count":2,"pedestrian_accident_count":1,"death_count":1,"injury_count":4,"fatal_accident_count":1,"risk_score":65.4,"risk_level":"medium","confidence":"confirmed","motorcycle_accident_ratio":0.6667,"pedestrian_accident_ratio":0.3333}},{"type":"Feature","geometry":{"type":"Point","coordinates":[121.57514,25.04963]},"properties":{"hotspot_id":"臺北市-51881","hotspot_type":"intersection","county":"臺北市","township":"松山區","road_or_intersection":"八德路4段","accident_count":6,"motorcycle_accident_count":5,"pedestrian_accident_count":2,"death_count":0,"injury_count":8,"fatal_accident_count":0,"risk_score":65.4,"risk_level":"medium","confidence":"probable","motorcycle_accident_ratio":0.8333,"pedestrian_accident_ratio":0.3333}},{"type":"Feature","geometry":{"type":"Point","coordinates":[121.51682,25.02372]},"properties":{"hotspot_id":"臺北市-48924","hotspot_type":"intersection","county":"臺北市","township":"中正區","road_or_intersection":"廈門街 x 重慶南路3段","accident_count":8,"motorcycle_accident_count":7,"pedestrian_accident_count":0,"death_count":0,"injury_count":12,"fatal_accident_count":0,"risk_score":65.4,"risk_level":"medium","confidence":"confirmed","motorcycle_accident_ratio":0.875,"pedestrian_accident_ratio":0.0}},{"type":"Feature","geometry":{"type":"Point","coordinates":[121.51201,25.10137]},"properties":{"hotspot_id":"臺北市-49653","hotspot_type":"intersection","county":"臺北市","township":"北投區","road_or_intersection":"承德路6段 x 福國路","accident_count":11,"motorcycle_accident_count":8,"pedestrian_accident_count":0,"death_count":0,"injury_count":12,"fatal_accident_count":0,"risk_score":65.2,"risk_level":"medium","confidence":"confirmed","motorcycle_accident_ratio":0.7273,"pedestrian_accident_ratio":0.0}},{"type":"Feature","geometry":{"type":"Point","coordinates":[121.55472,25.02626]},"properties":{"hotspot_id":"臺北市-51873","hotspot_type":"intersection","county":"臺北市","township":"信義區","road_or_intersection":"基隆路2段","accident_count":7,"motorcycle_accident_count":4,"pedestrian_accident_count":1,"death_count":0,"injury_count":9,"fatal_accident_count":0,"risk_score":65.0,"risk_level":"medium","confidence":"probable","motorcycle_accident_ratio":0.5714,"pedestrian_accident_ratio":0.1429}},{"type":"Feature","geometry":{"type":"Point","coordinates":[121.56539,25.03287]},"properties":{"hotspot_id":"臺北市-49130","hotspot_type":"intersection","county":"臺北市","township":"信義區","road_or_intersection":"信義路5段 x 松智路","accident_count":8,"motorcycle_accident_count":3,"pedestrian_accident_count":4,"death_count":0,"injury_count":8,"fatal_accident_count":0,"risk_score":64.9,"risk_level":"medium","confidence":"confirmed","motorcycle_accident_ratio":0.375,"pedestrian_accident_ratio":0.5}},{"type":"Feature","geometry":{"type":"Point","coordinates":[121.51095,25.03563]},"properties":{"hotspot_id":"臺北市-48871","hotspot_type":"intersection","county":"臺北市","township":"中正區","road_or_intersection":"博愛路 x 愛國西路","accident_count":7,"motorcycle_accident_count":6,"pedestrian_accident_count":0,"death_count":0,"injury_count":13,"fatal_accident_count":0,"risk_score":64.9,"risk_level":"medium","confidence":"confirmed","motorcycle_accident_ratio":0.8571,"pedestrian_accident_ratio":0.0}},{"type":"Feature","geometry":{"type":"Point","coordinates":[121.50071,25.12628]},"properties":{"hotspot_id":"臺北市-49478","hotspot_type":"intersection","county":"臺北市","township":"北投區","road_or_intersection":"三合街2段 x 北投路1段","accident_count":7,"motorcycle_accident_count":6,"pedestrian_accident_count":0,"death_count":0,"injury_count":13,"fatal_accident_count":0,"risk_score":64.9,"risk_level":"medium","confidence":"confirmed","motorcycle_accident_ratio":0.8571,"pedestrian_accident_ratio":0.0}},{"type":"Feature","geometry":{"type":"Point","coordinates":[121.51807,25.11044]},"properties":{"hotspot_id":"臺北市-49768","hotspot_type":"intersection","county":"臺北市","township":"北投區","road_or_intersection":"致遠一路1段 x 西安街1段","accident_count":4,"motorcycle_accident_count":1,"pedestrian_accident_count":1,"death_count":1,"injury_count":3,"fatal_accident_count":1,"risk_score":64.8,"risk_level":"medium","confidence":"confirmed","motorcycle_accident_ratio":0.25,"pedestrian_accident_ratio":0.25}},{"type":"Feature","geometry":{"type":"Point","coordinates":[121.51128,25.06024]},"properties":{"hotspot_id":"臺北市-51690","hotspot_type":"intersection","county":"臺北市","township":"大同區","road_or_intersection":"延平北路2段","accident_count":6,"motorcycle_accident_count":5,"pedestrian_accident_count":1,"death_count":0,"injury_count":8,"fatal_accident_count":0,"risk_score":64.8,"risk_level":"medium","confidence":"probable","motorcycle_accident_ratio":0.8333,"pedestrian_accident_ratio":0.1667}},{"type":"Feature","geometry":{"type":"Point","coordinates":[121.57777,25.03935]},"properties":{"hotspot_id":"臺北市-49216","hotspot_type":"intersection","county":"臺北市","township":"信義區","road_or_intersection":"松山路 x 松德路","accident_count":8,"motorcycle_accident_count":4,"pedestrian_accident_count":2,"death_count":0,"injury_count":8,"fatal_accident_count":0,"risk_score":64.8,"risk_level":"medium","confidence":"confirmed","motorcycle_accident_ratio":0.5,"pedestrian_accident_ratio":0.25}},{"type":"Feature","geometry":{"type":"Point","coordinates":[121.49457,25.0247]},"properties":{"hotspot_id":"臺北市-51157","hotspot_type":"intersection","county":"臺北市","township":"萬華區","road_or_intersection":"寶興街","accident_count":6,"motorcycle_accident_count":5,"pedestrian_accident_count":1,"death_count":0,"injury_count":8,"fatal_accident_count":0,"risk_score":64.8,"risk_level":"medium","confidence":"confirmed","motorcycle_accident_ratio":0.8333,"pedestrian_accident_ratio":0.1667}},{"type":"Feature","geometry":{"type":"Point","coordinates":[121.59953,25.07904]},"properties":{"hotspot_id":"臺北市-49342","hotspot_type":"intersection","county":"臺北市","township":"內湖區","road_or_intersection":"康寧路1段 x 金湖路","accident_count":6,"motorcycle_accident_count":5,"pedestrian_accident_count":1,"death_count":0,"injury_count":8,"fatal_accident_count":0,"risk_score":64.8,"risk_level":"medium","confidence":"confirmed","motorcycle_accident_ratio":0.8333,"pedestrian_accident_ratio":0.1667}},{"type":"Feature","geometry":{"type":"Point","coordinates":[121.54612,25.05759]},"properties":{"hotspot_id":"臺北市-51060","hotspot_type":"intersection","county":"臺北市","township":"松山區","road_or_intersection":"民生東路3段","accident_count":6,"motorcycle_accident_count":5,"pedestrian_accident_count":1,"death_count":0,"injury_count":8,"fatal_accident_count":0,"risk_score":64.8,"risk_level":"medium","confidence":"confirmed","motorcycle_accident_ratio":0.8333,"pedestrian_accident_ratio":0.1667}},{"type":"Feature","geometry":{"type":"Point","coordinates":[121.54439,25.06433]},"properties":{"hotspot_id":"臺北市-50920","hotspot_type":"intersection","county":"臺北市","township":"松山區","road_or_intersection":"五常街 x 復興北路","accident_count":6,"motorcycle_accident_count":6,"pedestrian_accident_count":0,"death_count":0,"injury_count":7,"fatal_accident_count":0,"risk_score":64.7,"risk_level":"medium","confidence":"confirmed","motorcycle_accident_ratio":1.0,"pedestrian_accident_ratio":0.0}},{"type":"Feature","geometry":{"type":"Point","coordinates":[121.55385,24.98807]},"properties":{"hotspot_id":"臺北市-50723","hotspot_type":"intersection","county":"臺北市","township":"文山區","road_or_intersection":"富山路 x 木柵路1段","accident_count":5,"motorcycle_accident_count":5,"pedestrian_accident_count":0,"death_count":0,"injury_count":8,"fatal_accident_count":0,"risk_score":64.7,"risk_level":"medium","confidence":"confirmed","motorcycle_accident_ratio":1.0,"pedestrian_accident_ratio":0.0}},{"type":"Feature","geometry":{"type":"Point","coordinates":[121.53198,25.02797]},"properties":{"hotspot_id":"臺北市-50672","hotspot_type":"intersection","county":"臺北市","township":"大安區","road_or_intersection":"青田街","accident_count":5,"motorcycle_accident_count":5,"pedestrian_accident_count":0,"death_count":0,"injury_count":8,"fatal_accident_count":0,"risk_score":64.7,"risk_level":"medium","confidence":"confirmed","motorcycle_accident_ratio":1.0,"pedestrian_accident_ratio":0.0}},{"type":"Feature","geometry":{"type":"Point","coordinates":[121.54834,25.02044]},"properties":{"hotspot_id":"臺北市-50516","hotspot_type":"intersection","county":"臺北市","township":"大安區","road_or_intersection":"基隆路2段 x 臥龍街","accident_count":4,"motorcycle_accident_count":4,"pedestrian_accident_count":0,"death_count":0,"injury_count":9,"fatal_accident_count":0,"risk_score":64.7,"risk_level":"medium","confidence":"confirmed","motorcycle_accident_ratio":1.0,"pedestrian_accident_ratio":0.0}},{"type":"Feature","geometry":{"type":"Point","coordinates":[121.52377,25.0464]},"properties":{"hotspot_id":"臺北市-48841","hotspot_type":"intersection","county":"臺北市","township":"中正區","road_or_intersection":"北平東路 x 林森北路","accident_count":6,"motorcycle_accident_count":6,"pedestrian_accident_count":0,"death_count":0,"injury_count":7,"fatal_accident_count":0,"risk_score":64.7,"risk_level":"medium","confidence":"confirmed","motorcycle_accident_ratio":1.0,"pedestrian_accident_ratio":0.0}},{"type":"Feature","geometry":{"type":"Point","coordinates":[121.50658,25.03588]},"properties":{"hotspot_id":"臺北市-48794","hotspot_type":"intersection","county":"臺北市","township":"中正區","road_or_intersection":"中華路2段 x 廣州街","accident_count":5,"motorcycle_accident_count":5,"pedestrian_accident_count":0,"death_count":0,"injury_count":8,"fatal_accident_count":0,"risk_score":64.7,"risk_level":"medium","confidence":"confirmed","motorcycle_accident_ratio":1.0,"pedestrian_accident_ratio":0.0}},{"type":"Feature","geometry":{"type":"Point","coordinates":[121.51169,25.05695]},"properties":{"hotspot_id":"臺北市-50295","hotspot_type":"intersection","county":"臺北市","township":"大同區","road_or_intersection":"延平北路2段 x 民生西路","accident_count":7,"motorcycle_accident_count":6,"pedestrian_accident_count":1,"death_count":0,"injury_count":7,"fatal_accident_count":0,"risk_score":64.7,"risk_level":"medium","confidence":"confirmed","motorcycle_accident_ratio":0.8571,"pedestrian_accident_ratio":0.1429}},{"type":"Feature","geometry":{"type":"Point","coordinates":[121.51183,25.05261]},"properties":{"hotspot_id":"臺北市-50289","hotspot_type":"intersection","county":"臺北市","township":"大同區","road_or_intersection":"延平北路1段 x 甘谷街","accident_count":5,"motorcycle_accident_count":5,"pedestrian_accident_count":0,"death_count":0,"injury_count":8,"fatal_accident_count":0,"risk_score":64.7,"risk_level":"medium","confidence":"confirmed","motorcycle_accident_ratio":1.0,"pedestrian_accident_ratio":0.0}},{"type":"Feature","geometry":{"type":"Point","coordinates":[121.5138,25.07333]},"properties":{"hotspot_id":"臺北市-50252","hotspot_type":"intersection","county":"臺北市","township":"大同區","road_or_intersection":"哈密街 x 重慶北路3段","accident_count":6,"motorcycle_accident_count":6,"pedestrian_accident_count":0,"death_count":0,"injury_count":7,"fatal_accident_count":0,"risk_score":64.7,"risk_level":"medium","confidence":"confirmed","motorcycle_accident_ratio":1.0,"pedestrian_accident_ratio":0.0}},{"type":"Feature","geometry":{"type":"Point","coordinates":[121.51212,25.05513]},"properties":{"hotspot_id":"臺北市-50229","hotspot_type":"intersection","county":"臺北市","township":"大同區","road_or_intersection":"南京西路 x 延平北路2段","accident_count":5,"motorcycle_accident_count":5,"pedestrian_accident_count":0,"death_count":0,"injury_count":8,"fatal_accident_count":0,"risk_score":64.7,"risk_level":"medium","confidence":"confirmed","motorcycle_accident_ratio":1.0,"pedestrian_accident_ratio":0.0}},{"type":"Feature","geometry":{"type":"Point","coordinates":[121.51813,25.02526]},"properties":{"hotspot_id":"臺北市-48922","hotspot_type":"intersection","county":"臺北市","township":"中正區","road_or_intersection":"廈門街 x 汀州路2段","accident_count":6,"motorcycle_accident_count":6,"pedestrian_accident_count":0,"death_count":0,"injury_count":7,"fatal_accident_count":0,"risk_score":64.7,"risk_level":"medium","confidence":"confirmed","motorcycle_accident_ratio":1.0,"pedestrian_accident_ratio":0.0}},{"type":"Feature","geometry":{"type":"Point","coordinates":[121.55687,25.08375]},"properties":{"hotspot_id":"臺北市-51447","hotspot_type":"intersection","county":"臺北市","township":"中山區","road_or_intersection":"敬業三路","accident_count":6,"motorcycle_accident_count":6,"pedestrian_accident_count":0,"death_count":0,"injury_count":7,"fatal_accident_count":0,"risk_score":64.7,"risk_level":"medium","confidence":"probable","motorcycle_accident_ratio":1.0,"pedestrian_accident_ratio":0.0}},{"type":"Feature","geometry":{"type":"Point","coordinates":[121.51441,25.11547]},"properties":{"hotspot_id":"臺北市-51407","hotspot_type":"intersection","county":"臺北市","township":"北投區","road_or_intersection":"東華街2段","accident_count":6,"motorcycle_accident_count":6,"pedestrian_accident_count":0,"death_count":0,"injury_count":7,"fatal_accident_count":0,"risk_score":64.7,"risk_level":"medium","confidence":"probable","motorcycle_accident_ratio":1.0,"pedestrian_accident_ratio":0.0}},{"type":"Feature","geometry":{"type":"Point","coordinates":[121.56309,25.04741]},"properties":{"hotspot_id":"臺北市-51077","hotspot_type":"intersection","county":"臺北市","township":"松山區市","road_or_intersection":"東寧路 x 民大道5段","accident_count":5,"motorcycle_accident_count":5,"pedestrian_accident_count":0,"death_count":0,"injury_count":8,"fatal_accident_count":0,"risk_score":64.7,"risk_level":"medium","confidence":"confirmed","motorcycle_accident_ratio":1.0,"pedestrian_accident_ratio":0.0}},{"type":"Feature","geometry":{"type":"Point","coordinates":[121.54639,25.13707]},"properties":{"hotspot_id":"臺北市-50004","hotspot_type":"intersection","county":"臺北市","township":"士林區","road_or_intersection":"凱旋路 x 格致路","accident_count":7,"motorcycle_accident_count":6,"pedestrian_accident_count":1,"death_count":0,"injury_count":7,"fatal_accident_count":0,"risk_score":64.7,"risk_level":"medium","confidence":"confirmed","motorcycle_accident_ratio":0.8571,"pedestrian_accident_ratio":0.1429}},{"type":"Feature","geometry":{"type":"Point","coordinates":[121.54028,25.12719]},"properties":{"hotspot_id":"臺北市-49998","hotspot_type":"intersection","county":"臺北市","township":"士林區","road_or_intersection":"光華路 x 格致路","accident_count":5,"motorcycle_accident_count":5,"pedestrian_accident_count":0,"death_count":0,"injury_count":8,"fatal_accident_count":0,"risk_score":64.7,"risk_level":"medium","confidence":"confirmed","motorcycle_accident_ratio":1.0,"pedestrian_accident_ratio":0.0}},{"type":"Feature","geometry":{"type":"Point","coordinates":[121.5874,25.06524]},"properties":{"hotspot_id":"臺北市-51595","hotspot_type":"intersection","county":"臺北市","township":"內湖區","road_or_intersection":"金豐街","accident_count":7,"motorcycle_accident_count":6,"pedestrian_accident_count":1,"death_count":0,"injury_count":7,"fatal_accident_count":0,"risk_score":64.7,"risk_level":"medium","confidence":"probable","motorcycle_accident_ratio":0.8571,"pedestrian_accident_ratio":0.1429}},{"type":"Feature","geometry":{"type":"Point","coordinates":[121.61657,25.05507]},"properties":{"hotspot_id":"臺北市-49813","hotspot_type":"intersection","county":"臺北市","township":"南港區","road_or_intersection":"南港路1段 x 研究院路1段","accident_count":5,"motorcycle_accident_count":5,"pedestrian_accident_count":0,"death_count":0,"injury_count":8,"fatal_accident_count":0,"risk_score":64.7,"risk_level":"medium","confidence":"confirmed","motorcycle_accident_ratio":1.0,"pedestrian_accident_ratio":0.0}},{"type":"Feature","geometry":{"type":"Point","coordinates":[121.50999,25.14008]},"properties":{"hotspot_id":"臺北市-49678","hotspot_type":"intersection","county":"臺北市","township":"北投區","road_or_intersection":"新民路 x 泉源路","accident_count":6,"motorcycle_accident_count":6,"pedestrian_accident_count":0,"death_count":0,"injury_count":7,"fatal_accident_count":0,"risk_score":64.7,"risk_level":"medium","confidence":"confirmed","motorcycle_accident_ratio":1.0,"pedestrian_accident_ratio":0.0}},{"type":"Feature","geometry":{"type":"Point","coordinates":[121.51725,25.10004]},"properties":{"hotspot_id":"臺北市-49676","hotspot_type":"intersection","county":"臺北市","township":"北投區","road_or_intersection":"文林北路 x 軟橋街","accident_count":5,"motorcycle_accident_count":5,"pedestrian_accident_count":0,"death_count":0,"injury_count":8,"fatal_accident_count":0,"risk_score":64.7,"risk_level":"medium","confidence":"confirmed","motorcycle_accident_ratio":1.0,"pedestrian_accident_ratio":0.0}},{"type":"Feature","geometry":{"type":"Point","coordinates":[121.5614,25.03013]},"properties":{"hotspot_id":"臺北市-51656","hotspot_type":"intersection","county":"臺北市","township":"信義區","road_or_intersection":"吳興街","accident_count":5,"motorcycle_accident_count":5,"pedestrian_accident_count":0,"death_count":0,"injury_count":8,"fatal_accident_count":0,"risk_score":64.7,"risk_level":"medium","confidence":"probable","motorcycle_accident_ratio":1.0,"pedestrian_accident_ratio":0.0}},{"type":"Feature","geometry":{"type":"Point","coordinates":[121.50739,25.11694]},"properties":{"hotspot_id":"臺北市-49613","hotspot_type":"intersection","county":"臺北市","township":"北投區","road_or_intersection":"尊賢街","accident_count":5,"motorcycle_accident_count":5,"pedestrian_accident_count":0,"death_count":0,"injury_count":8,"fatal_accident_count":0,"risk_score":64.7,"risk_level":"medium","confidence":"confirmed","motorcycle_accident_ratio":1.0,"pedestrian_accident_ratio":0.0}},{"type":"Feature","geometry":{"type":"Point","coordinates":[121.53917,25.05717]},"properties":{"hotspot_id":"臺北市-48524","hotspot_type":"intersection","county":"臺北市","township":"中山區","road_or_intersection":"合江街","accident_count":5,"motorcycle_accident_count":5,"pedestrian_accident_count":0,"death_count":0,"injury_count":8,"fatal_accident_count":0,"risk_score":64.7,"risk_level":"medium","confidence":"confirmed","motorcycle_accident_ratio":1.0,"pedestrian_accident_ratio":0.0}},{"type":"Feature","geometry":{"type":"Point","coordinates":[121.54218,25.05204]},"properties":{"hotspot_id":"臺北市-48519","hotspot_type":"intersection","county":"臺北市","township":"中山區","road_or_intersection":"南京東路3段 x 遼寧街","accident_count":6,"motorcycle_accident_count":6,"pedestrian_accident_count":0,"death_count":0,"injury_count":7,"fatal_accident_count":0,"risk_score":64.7,"risk_level":"medium","confidence":"confirmed","motorcycle_accident_ratio":1.0,"pedestrian_accident_ratio":0.0}},{"type":"Feature","geometry":{"type":"Point","coordinates":[121.56032,25.08451]},"properties":{"hotspot_id":"臺北市-48477","hotspot_type":"intersection","county":"臺北市","township":"中山區","road_or_intersection":"內湖路1段 x 堤頂大道2段","accident_count":6,"motorcycle_accident_count":6,"pedestrian_accident_count":0,"death_count":0,"injury_count":7,"fatal_accident_count":0,"risk_score":64.7,"risk_level":"medium","confidence":"confirmed","motorcycle_accident_ratio":1.0,"pedestrian_accident_ratio":0.0}},{"type":"Feature","geometry":{"type":"Point","coordinates":[121.55582,25.04654]},"properties":{"hotspot_id":"臺北市-50945","hotspot_type":"intersection","county":"臺北市","township":"松山區","road_or_intersection":"光復南路 x 八德路3段","accident_count":5,"motorcycle_accident_count":5,"pedestrian_accident_count":0,"death_count":0,"injury_count":8,"fatal_accident_count":0,"risk_score":64.7,"risk_level":"medium","confidence":"confirmed","motorcycle_accident_ratio":1.0,"pedestrian_accident_ratio":0.0}},{"type":"Feature","geometry":{"type":"Point","coordinates":[121.55488,25.06039]},"properties":{"hotspot_id":"臺北市-50937","hotspot_type":"intersection","county":"臺北市","township":"松山區","road_or_intersection":"光復北路 x 富錦街","accident_count":6,"motorcycle_accident_count":6,"pedestrian_accident_count":0,"death_count":0,"injury_count":7,"fatal_accident_count":0,"risk_score":64.7,"risk_level":"medium","confidence":"confirmed","motorcycle_accident_ratio":1.0,"pedestrian_accident_ratio":0.0}},{"type":"Feature","geometry":{"type":"Point","coordinates":[121.56589,25.04818]},"properties":{"hotspot_id":"臺北市-49196","hotspot_type":"intersection","county":"臺北市","township":"信義區","road_or_intersection":"東興路 x 民大道5段","accident_count":6,"motorcycle_accident_count":6,"pedestrian_accident_count":0,"death_count":0,"injury_count":7,"fatal_accident_count":0,"risk_score":64.7,"risk_level":"medium","confidence":"confirmed","motorcycle_accident_ratio":1.0,"pedestrian_accident_ratio":0.0}},{"type":"Feature","geometry":{"type":"Point","coordinates":[121.59075,25.07837]},"properties":{"hotspot_id":"臺北市-49399","hotspot_type":"intersection","county":"臺北市","township":"內湖區","road_or_intersection":"星雲街","accident_count":5,"motorcycle_accident_count":5,"pedestrian_accident_count":0,"death_count":0,"injury_count":8,"fatal_accident_count":0,"risk_score":64.7,"risk_level":"medium","confidence":"confirmed","motorcycle_accident_ratio":1.0,"pedestrian_accident_ratio":0.0}},{"type":"Feature","geometry":{"type":"Point","coordinates":[121.58179,25.04391]},"properties":{"hotspot_id":"臺北市-51861","hotspot_type":"intersection","county":"臺北市","township":"信義區","road_or_intersection":"忠孝東路5段","accident_count":6,"motorcycle_accident_count":6,"pedestrian_accident_count":0,"death_count":0,"injury_count":7,"fatal_accident_count":0,"risk_score":64.7,"risk_level":"medium","confidence":"probable","motorcycle_accident_ratio":1.0,"pedestrian_accident_ratio":0.0}},{"type":"Feature","geometry":{"type":"Point","coordinates":[121.56382,25.04116]},"properties":{"hotspot_id":"臺北市-51904","hotspot_type":"intersection","county":"臺北市","township":"信義區","road_or_intersection":"忠孝東路4段","accident_count":5,"motorcycle_accident_count":5,"pedestrian_accident_count":0,"death_count":0,"injury_count":8,"fatal_accident_count":0,"risk_score":64.7,"risk_level":"medium","confidence":"probable","motorcycle_accident_ratio":1.0,"pedestrian_accident_ratio":0.0}},{"type":"Feature","geometry":{"type":"Point","coordinates":[121.52234,25.04793]},"properties":{"hotspot_id":"臺北市-48734","hotspot_type":"intersection","county":"臺北市","township":"中山區市","road_or_intersection":"天津街 x 民大道2段","accident_count":6,"motorcycle_accident_count":6,"pedestrian_accident_count":0,"death_count":0,"injury_count":7,"fatal_accident_count":0,"risk_score":64.7,"risk_level":"medium","confidence":"confirmed","motorcycle_accident_ratio":1.0,"pedestrian_accident_ratio":0.0}},{"type":"Feature","geometry":{"type":"Point","coordinates":[121.55621,25.043]},"properties":{"hotspot_id":"臺北市-51856","hotspot_type":"intersection","county":"臺北市","township":"大安區","road_or_intersection":"光復南路","accident_count":5,"motorcycle_accident_count":5,"pedestrian_accident_count":0,"death_count":0,"injury_count":8,"fatal_accident_count":0,"risk_score":64.7,"risk_level":"medium","confidence":"probable","motorcycle_accident_ratio":1.0,"pedestrian_accident_ratio":0.0}},{"type":"Feature","geometry":{"type":"Point","coordinates":[121.56,25.03301]},"properties":{"hotspot_id":"臺北市-51855","hotspot_type":"intersection","county":"臺北市","township":"信義區","road_or_intersection":"信義路5段","accident_count":7,"motorcycle_accident_count":6,"pedestrian_accident_count":1,"death_count":0,"injury_count":7,"fatal_accident_count":0,"risk_score":64.7,"risk_level":"medium","confidence":"probable","motorcycle_accident_ratio":0.8571,"pedestrian_accident_ratio":0.1429}},{"type":"Feature","geometry":{"type":"Point","coordinates":[121.59173,25.0601]},"properties":{"hotspot_id":"臺北市-49359","hotspot_type":"intersection","county":"臺北市","township":"內湖區","road_or_intersection":"成功路2段 x 潭美街","accident_count":5,"motorcycle_accident_count":5,"pedestrian_accident_count":0,"death_count":0,"injury_count":8,"fatal_accident_count":0,"risk_score":64.7,"risk_level":"medium","confidence":"confirmed","motorcycle_accident_ratio":1.0,"pedestrian_accident_ratio":0.0}},{"type":"Feature","geometry":{"type":"Point","coordinates":[121.55913,25.04562]},"properties":{"hotspot_id":"臺北市-51876","hotspot_type":"intersection","county":"臺北市","township":"信義區市","road_or_intersection":"民大道5段","accident_count":5,"motorcycle_accident_count":5,"pedestrian_accident_count":0,"death_count":0,"injury_count":8,"fatal_accident_count":0,"risk_score":64.7,"risk_level":"medium","confidence":"probable","motorcycle_accident_ratio":1.0,"pedestrian_accident_ratio":0.0}},{"type":"Feature","geometry":{"type":"Point","coordinates":[121.56688,25.08042]},"properties":{"hotspot_id":"臺北市-49308","hotspot_type":"intersection","county":"臺北市","township":"內湖區","road_or_intersection":"基湖路 x 瑞光路","accident_count":6,"motorcycle_accident_count":6,"pedestrian_accident_count":0,"death_count":0,"injury_count":7,"fatal_accident_count":0,"risk_score":64.7,"risk_level":"medium","confidence":"confirmed","motorcycle_accident_ratio":1.0,"pedestrian_accident_ratio":0.0}},{"type":"Feature","geometry":{"type":"Point","coordinates":[121.56466,25.04169]},"properties":{"hotspot_id":"臺北市-51911","hotspot_type":"intersection","county":"臺北市","township":"信義區","road_or_intersection":"基隆路1段","accident_count":5,"motorcycle_accident_count":5,"pedestrian_accident_count":0,"death_count":0,"injury_count":8,"fatal_accident_count":0,"risk_score":64.7,"risk_level":"medium","confidence":"probable","motorcycle_accident_ratio":1.0,"pedestrian_accident_ratio":0.0}},{"type":"Feature","geometry":{"type":"Point","coordinates":[121.50283,25.04354]},"properties":{"hotspot_id":"臺北市-51171","hotspot_type":"intersection","county":"臺北市","township":"萬華區","road_or_intersection":"康定路 x 成都路","accident_count":10,"motorcycle_accident_count":8,"pedestrian_accident_count":0,"death_count":0,"injury_count":11,"fatal_accident_count":0,"risk_score":64.6,"risk_level":"medium","confidence":"confirmed","motorcycle_accident_ratio":0.8,"pedestrian_accident_ratio":0.0}},{"type":"Feature","geometry":{"type":"Point","coordinates":[121.57451,24.99948]},"properties":{"hotspot_id":"臺北市-51410","hotspot_type":"intersection","county":"臺北市","township":"文山區","road_or_intersection":"和平東路4段","accident_count":10,"motorcycle_accident_count":8,"pedestrian_accident_count":0,"death_count":0,"injury_count":11,"fatal_accident_count":0,"risk_score":64.6,"risk_level":"medium","confidence":"probable","motorcycle_accident_ratio":0.8,"pedestrian_accident_ratio":0.0}},{"type":"Feature","geometry":{"type":"Point","coordinates":[121.53817,25.04148]},"properties":{"hotspot_id":"臺北市-51799","hotspot_type":"intersection","county":"臺北市","township":"大安區","road_or_intersection":"忠孝東路3段","accident_count":8,"motorcycle_accident_count":7,"pedestrian_accident_count":0,"death_count":0,"injury_count":11,"fatal_accident_count":0,"risk_score":64.5,"risk_level":"medium","confidence":"probable","motorcycle_accident_ratio":0.875,"pedestrian_accident_ratio":0.0}},{"type":"Feature","geometry":{"type":"Point","coordinates":[121.49391,25.02692]},"properties":{"hotspot_id":"臺北市-51161","hotspot_type":"intersection","county":"臺北市","township":"萬華區","road_or_intersection":"寶興街 x 西園路2段","accident_count":8,"motorcycle_accident_count":7,"pedestrian_accident_count":0,"death_count":0,"injury_count":11,"fatal_accident_count":0,"risk_score":64.5,"risk_level":"medium","confidence":"confirmed","motorcycle_accident_ratio":0.875,"pedestrian_accident_ratio":0.0}},{"type":"Feature","geometry":{"type":"Point","coordinates":[121.53643,25.04467]},"properties":{"hotspot_id":"臺北市-50679","hotspot_type":"intersection","county":"臺北市","township":"大安區市","road_or_intersection":"建國南路1段 x 民大道3段","accident_count":8,"motorcycle_accident_count":7,"pedestrian_accident_count":0,"death_count":0,"injury_count":11,"fatal_accident_count":0,"risk_score":64.5,"risk_level":"medium","confidence":"confirmed","motorcycle_accident_ratio":0.875,"pedestrian_accident_ratio":0.0}},{"type":"Feature","geometry":{"type":"Point","coordinates":[121.52794,25.06566]},"properties":{"hotspot_id":"臺北市-51657","hotspot_type":"intersection","county":"臺北市","township":"中山區","road_or_intersection":"新生北路3段","accident_count":8,"motorcycle_accident_count":7,"pedestrian_accident_count":0,"death_count":0,"injury_count":11,"fatal_accident_count":0,"risk_score":64.5,"risk_level":"medium","confidence":"probable","motorcycle_accident_ratio":0.875,"pedestrian_accident_ratio":0.0}},{"type":"Feature","geometry":{"type":"Point","coordinates":[121.54438,25.0172]},"properties":{"hotspot_id":"臺北市-50528","hotspot_type":"intersection","county":"臺北市","township":"大安區","road_or_intersection":"基隆路3段 x 長興街","accident_count":10,"motorcycle_accident_count":7,"pedestrian_accident_count":0,"death_count":0,"injury_count":12,"fatal_accident_count":0,"risk_score":64.5,"risk_level":"medium","confidence":"confirmed","motorcycle_accident_ratio":0.7,"pedestrian_accident_ratio":0.0}},{"type":"Feature","geometry":{"type":"Point","coordinates":[121.50792,25.03987]},"properties":{"hotspot_id":"臺北市-48786","hotspot_type":"intersection","county":"臺北市","township":"中正區","road_or_intersection":"中華路1段 x 長沙街1段","accident_count":8,"motorcycle_accident_count":7,"pedestrian_accident_count":0,"death_count":0,"injury_count":11,"fatal_accident_count":0,"risk_score":64.5,"risk_level":"medium","confidence":"confirmed","motorcycle_accident_ratio":0.875,"pedestrian_accident_ratio":0.0}},{"type":"Feature","geometry":{"type":"Point","coordinates":[121.57946,25.07599]},"properties":{"hotspot_id":"臺北市-49377","hotspot_type":"intersection","county":"臺北市","township":"內湖區","road_or_intersection":"文德路 x 江南街","accident_count":3,"motorcycle_accident_count":3,"pedestrian_accident_count":1,"death_count":0,"injury_count":5,"fatal_accident_count":0,"risk_score":64.4,"risk_level":"medium","confidence":"confirmed","motorcycle_accident_ratio":1.0,"pedestrian_accident_ratio":0.3333}},{"type":"Feature","geometry":{"type":"Point","coordinates":[121.5527,25.05241]},"properties":{"hotspot_id":"臺北市-50924","hotspot_type":"intersection","county":"臺北市","township":"松山區","road_or_intersection":"健康路 x 南京東路4段","accident_count":5,"motorcycle_accident_count":3,"pedestrian_accident_count":2,"death_count":0,"injury_count":10,"fatal_accident_count":0,"risk_score":64.4,"risk_level":"medium","confidence":"confirmed","motorcycle_accident_ratio":0.6,"pedestrian_accident_ratio":0.4}},{"type":"Feature","geometry":{"type":"Point","coordinates":[121.52038,25.02986]},"properties":{"hotspot_id":"臺北市-49045","hotspot_type":"intersection","county":"臺北市","township":"中正區","road_or_intersection":"福州街 x 羅斯福路1段","accident_count":3,"motorcycle_accident_count":3,"pedestrian_accident_count":1,"death_count":0,"injury_count":5,"fatal_accident_count":0,"risk_score":64.4,"risk_level":"medium","confidence":"confirmed","motorcycle_accident_ratio":1.0,"pedestrian_accident_ratio":0.3333}},{"type":"Feature","geometry":{"type":"Point","coordinates":[121.54086,25.00418]},"properties":{"hotspot_id":"臺北市-50876","hotspot_type":"intersection","county":"臺北市","township":"文山區","road_or_intersection":"興隆路1段 x 萬盛街","accident_count":3,"motorcycle_accident_count":3,"pedestrian_accident_count":1,"death_count":0,"injury_count":5,"fatal_accident_count":0,"risk_score":64.4,"risk_level":"medium","confidence":"confirmed","motorcycle_accident_ratio":1.0,"pedestrian_accident_ratio":0.3333}},{"type":"Feature","geometry":{"type":"Point","coordinates":[121.50813,25.02995]},"properties":{"hotspot_id":"臺北市-48751","hotspot_type":"intersection","county":"臺北市","township":"中正區","road_or_intersection":"三元街 x 汀州路1段","accident_count":3,"motorcycle_accident_count":3,"pedestrian_accident_count":1,"death_count":0,"injury_count":5,"fatal_accident_count":0,"risk_score":64.4,"risk_level":"medium","confidence":"confirmed","motorcycle_accident_ratio":1.0,"pedestrian_accident_ratio":0.3333}},{"type":"Feature","geometry":{"type":"Point","coordinates":[121.60212,25.0561]},"properties":{"hotspot_id":"臺北市-49903","hotspot_type":"intersection","county":"臺北市","township":"南港區","road_or_intersection":"興南街","accident_count":3,"motorcycle_accident_count":3,"pedestrian_accident_count":1,"death_count":0,"injury_count":5,"fatal_accident_count":0,"risk_score":64.4,"risk_level":"medium","confidence":"confirmed","motorcycle_accident_ratio":1.0,"pedestrian_accident_ratio":0.3333}},{"type":"Feature","geometry":{"type":"Point","coordinates":[121.55821,25.02957]},"properties":{"hotspot_id":"臺北市-49171","hotspot_type":"intersection","county":"臺北市","township":"信義區","road_or_intersection":"基隆路2段","accident_count":9,"motorcycle_accident_count":8,"pedestrian_accident_count":0,"death_count":0,"injury_count":10,"fatal_accident_count":0,"risk_score":64.4,"risk_level":"medium","confidence":"confirmed","motorcycle_accident_ratio":0.8889,"pedestrian_accident_ratio":0.0}},{"type":"Feature","geometry":{"type":"Point","coordinates":[121.58198,25.04415]},"properties":{"hotspot_id":"臺北市-49801","hotspot_type":"intersection","county":"臺北市","township":"南港區","road_or_intersection":"中坡南路 x 忠孝東路5段","accident_count":3,"motorcycle_accident_count":3,"pedestrian_accident_count":1,"death_count":0,"injury_count":5,"fatal_accident_count":0,"risk_score":64.4,"risk_level":"medium","confidence":"confirmed","motorcycle_accident_ratio":1.0,"pedestrian_accident_ratio":0.3333}},{"type":"Feature","geometry":{"type":"Point","coordinates":[121.50159,25.12599]},"properties":{"hotspot_id":"臺北市-49618","hotspot_type":"intersection","county":"臺北市","township":"北投區","road_or_intersection":"崇仁路1段 x 清江路","accident_count":3,"motorcycle_accident_count":3,"pedestrian_accident_count":1,"death_count":0,"injury_count":5,"fatal_accident_count":0,"risk_score":64.4,"risk_level":"medium","confidence":"confirmed","motorcycle_accident_ratio":1.0,"pedestrian_accident_ratio":0.3333}},{"type":"Feature","geometry":{"type":"Point","coordinates":[121.54527,24.99526]},"properties":{"hotspot_id":"臺北市-50790","hotspot_type":"intersection","county":"臺北市","township":"文山區","road_or_intersection":"景興路 x 景華街","accident_count":6,"motorcycle_accident_count":4,"pedestrian_accident_count":1,"death_count":0,"injury_count":9,"fatal_accident_count":0,"risk_score":64.4,"risk_level":"medium","confidence":"confirmed","motorcycle_accident_ratio":0.6667,"pedestrian_accident_ratio":0.1667}},{"type":"Feature","geometry":{"type":"Point","coordinates":[121.50146,25.0366]},"properties":{"hotspot_id":"臺北市-51170","hotspot_type":"intersection","county":"臺北市","township":"萬華區","road_or_intersection":"康定路 x 廣州街","accident_count":9,"motorcycle_accident_count":8,"pedestrian_accident_count":0,"death_count":0,"injury_count":10,"fatal_accident_count":0,"risk_score":64.4,"risk_level":"medium","confidence":"confirmed","motorcycle_accident_ratio":0.8889,"pedestrian_accident_ratio":0.0}},{"type":"Feature","geometry":{"type":"Point","coordinates":[121.50712,25.1209]},"properties":{"hotspot_id":"臺北市-49698","hotspot_type":"intersection","county":"臺北市","township":"北投區","road_or_intersection":"東華街2段","accident_count":3,"motorcycle_accident_count":3,"pedestrian_accident_count":1,"death_count":0,"injury_count":5,"fatal_accident_count":0,"risk_score":64.4,"risk_level":"medium","confidence":"confirmed","motorcycle_accident_ratio":1.0,"pedestrian_accident_ratio":0.3333}},{"type":"Feature","geometry":{"type":"Point","coordinates":[121.56657,24.9851]},"properties":{"hotspot_id":"臺北市-50702","hotspot_type":"intersection","county":"臺北市","township":"文山區","road_or_intersection":"保儀路","accident_count":3,"motorcycle_accident_count":3,"pedestrian_accident_count":1,"death_count":0,"injury_count":5,"fatal_accident_count":0,"risk_score":64.4,"risk_level":"medium","confidence":"confirmed","motorcycle_accident_ratio":1.0,"pedestrian_accident_ratio":0.3333}},{"type":"Feature","geometry":{"type":"Point","coordinates":[121.55732,25.02598]},"properties":{"hotspot_id":"臺北市-49113","hotspot_type":"intersection","county":"臺北市","township":"信義區","road_or_intersection":"信安街","accident_count":9,"motorcycle_accident_count":8,"pedestrian_accident_count":0,"death_count":0,"injury_count":10,"fatal_accident_count":0,"risk_score":64.4,"risk_level":"medium","confidence":"confirmed","motorcycle_accident_ratio":0.8889,"pedestrian_accident_ratio":0.0}},{"type":"Feature","geometry":{"type":"Point","coordinates":[121.55675,25.07977]},"properties":{"hotspot_id":"臺北市-48622","hotspot_type":"intersection","county":"臺北市","township":"中山區","road_or_intersection":"敬業三路 x 樂群二路","accident_count":6,"motorcycle_accident_count":4,"pedestrian_accident_count":1,"death_count":0,"injury_count":9,"fatal_accident_count":0,"risk_score":64.4,"risk_level":"medium","confidence":"confirmed","motorcycle_accident_ratio":0.6667,"pedestrian_accident_ratio":0.1667}},{"type":"Feature","geometry":{"type":"Point","coordinates":[121.50963,25.1151]},"properties":{"hotspot_id":"臺北市-49611","hotspot_type":"intersection","county":"臺北市","township":"北投區","road_or_intersection":"實踐街","accident_count":7,"motorcycle_accident_count":5,"pedestrian_accident_count":1,"death_count":0,"injury_count":8,"fatal_accident_count":0,"risk_score":64.3,"risk_level":"medium","confidence":"confirmed","motorcycle_accident_ratio":0.7143,"pedestrian_accident_ratio":0.1429}},{"type":"Feature","geometry":{"type":"Point","coordinates":[121.50103,25.03509]},"properties":{"hotspot_id":"臺北市-51686","hotspot_type":"intersection","county":"臺北市","township":"萬華區","road_or_intersection":"和平西路3段","accident_count":7,"motorcycle_accident_count":5,"pedestrian_accident_count":1,"death_count":0,"injury_count":8,"fatal_accident_count":0,"risk_score":64.3,"risk_level":"medium","confidence":"probable","motorcycle_accident_ratio":0.7143,"pedestrian_accident_ratio":0.1429}},{"type":"Feature","geometry":{"type":"Point","coordinates":[121.56074,24.9866]},"properties":{"hotspot_id":"臺北市-50695","hotspot_type":"intersection","county":"臺北市","township":"文山區","road_or_intersection":"下崙路 x 興隆路4段","accident_count":7,"motorcycle_accident_count":5,"pedestrian_accident_count":1,"death_count":0,"injury_count":8,"fatal_accident_count":0,"risk_score":64.3,"risk_level":"medium","confidence":"confirmed","motorcycle_accident_ratio":0.7143,"pedestrian_accident_ratio":0.1429}},{"type":"Feature","geometry":{"type":"Point","coordinates":[121.4977,25.03847]},"properties":{"hotspot_id":"臺北市-51219","hotspot_type":"intersection","county":"臺北市","township":"萬華區","road_or_intersection":"桂林路 x 梧州街","accident_count":5,"motorcycle_accident_count":4,"pedestrian_accident_count":1,"death_count":0,"injury_count":9,"fatal_accident_count":0,"risk_score":64.3,"risk_level":"medium","confidence":"confirmed","motorcycle_accident_ratio":0.8,"pedestrian_accident_ratio":0.2}},{"type":"Feature","geometry":{"type":"Point","coordinates":[121.51189,25.08935]},"properties":{"hotspot_id":"臺北市-50069","hotspot_type":"intersection","county":"臺北市","township":"士林區","road_or_intersection":"延平北路6段","accident_count":7,"motorcycle_accident_count":5,"pedestrian_accident_count":1,"death_count":0,"injury_count":8,"fatal_accident_count":0,"risk_score":64.3,"risk_level":"medium","confidence":"confirmed","motorcycle_accident_ratio":0.7143,"pedestrian_accident_ratio":0.1429}},{"type":"Feature","geometry":{"type":"Point","coordinates":[121.51814,25.04843]},"properties":{"hotspot_id":"臺北市-51789","hotspot_type":"intersection","county":"臺北市","township":"中正區市","road_or_intersection":"民大道1段","accident_count":5,"motorcycle_accident_count":4,"pedestrian_accident_count":1,"death_count":0,"injury_count":9,"fatal_accident_count":0,"risk_score":64.3,"risk_level":"medium","confidence":"probable","motorcycle_accident_ratio":0.8,"pedestrian_accident_ratio":0.2}},{"type":"Feature","geometry":{"type":"Point","coordinates":[121.58164,25.06761]},"properties":{"hotspot_id":"臺北市-49415","hotspot_type":"intersection","county":"臺北市","township":"內湖區","road_or_intersection":"民權東路6段 x 行忠路","accident_count":5,"motorcycle_accident_count":4,"pedestrian_accident_count":1,"death_count":0,"injury_count":9,"fatal_accident_count":0,"risk_score":64.3,"risk_level":"medium","confidence":"confirmed","motorcycle_accident_ratio":0.8,"pedestrian_accident_ratio":0.2}},{"type":"Feature","geometry":{"type":"Point","coordinates":[121.54861,25.05792]},"properties":{"hotspot_id":"臺北市-51039","hotspot_type":"intersection","county":"臺北市","township":"松山區","road_or_intersection":"敦化北路 x 民生東路3段","accident_count":7,"motorcycle_accident_count":5,"pedestrian_accident_count":1,"death_count":0,"injury_count":8,"fatal_accident_count":0,"risk_score":64.3,"risk_level":"medium","confidence":"confirmed","motorcycle_accident_ratio":0.7143,"pedestrian_accident_ratio":0.1429}},{"type":"Feature","geometry":{"type":"Point","coordinates":[121.50473,25.04582]},"properties":{"hotspot_id":"臺北市-51246","hotspot_type":"intersection","county":"臺北市","township":"萬華區","road_or_intersection":"漢口街2段","accident_count":8,"motorcycle_accident_count":6,"pedestrian_accident_count":0,"death_count":0,"injury_count":13,"fatal_accident_count":0,"risk_score":64.2,"risk_level":"medium","confidence":"confirmed","motorcycle_accident_ratio":0.75,"pedestrian_accident_ratio":0.0}},{"type":"Feature","geometry":{"type":"Point","coordinates":[121.562,24.98478]},"properties":{"hotspot_id":"臺北市-51417","hotspot_type":"intersection","county":"臺北市","township":"文山區","road_or_intersection":"忠順街2段","accident_count":7,"motorcycle_accident_count":4,"pedestrian_accident_count":2,"death_count":0,"injury_count":8,"fatal_accident_count":0,"risk_score":64.2,"risk_level":"medium","confidence":"probable","motorcycle_accident_ratio":0.5714,"pedestrian_accident_ratio":0.2857}},{"type":"Feature","geometry":{"type":"Point","coordinates":[121.48879,25.11189]},"properties":{"hotspot_id":"臺北市-51323","hotspot_type":"intersection","county":"臺北市","township":"士林區","road_or_intersection":"延平北路8段","accident_count":8,"motorcycle_accident_count":5,"pedestrian_accident_count":0,"death_count":0,"injury_count":14,"fatal_accident_count":0,"risk_score":63.9,"risk_level":"medium","confidence":"probable","motorcycle_accident_ratio":0.625,"pedestrian_accident_ratio":0.0}},{"type":"Feature","geometry":{"type":"Point","coordinates":[121.54916,25.05181]},"properties":{"hotspot_id":"臺北市-50983","hotspot_type":"intersection","county":"臺北市","township":"松山區","road_or_intersection":"南京東路4段 x 敦化北路","accident_count":8,"motorcycle_accident_count":5,"pedestrian_accident_count":0,"death_count":0,"injury_count":14,"fatal_accident_count":0,"risk_score":63.9,"risk_level":"medium","confidence":"confirmed","motorcycle_accident_ratio":0.625,"pedestrian_accident_ratio":0.0}},{"type":"Feature","geometry":{"type":"Point","coordinates":[121.58978,25.08664]},"properties":{"hotspot_id":"臺北市-49467","hotspot_type":"intersection","county":"臺北市","township":"內湖區","road_or_intersection":"金龍路","accident_count":6,"motorcycle_accident_count":5,"pedestrian_accident_count":2,"death_count":0,"injury_count":7,"fatal_accident_count":0,"risk_score":63.7,"risk_level":"medium","confidence":"confirmed","motorcycle_accident_ratio":0.8333,"pedestrian_accident_ratio":0.3333}},{"type":"Feature","geometry":{"type":"Point","coordinates":[121.50055,25.03833]},"properties":{"hotspot_id":"臺北市-51692","hotspot_type":"intersection","county":"臺北市","township":"萬華區","road_or_intersection":"西昌街","accident_count":6,"motorcycle_accident_count":4,"pedestrian_accident_count":3,"death_count":0,"injury_count":8,"fatal_accident_count":0,"risk_score":63.7,"risk_level":"medium","confidence":"probable","motorcycle_accident_ratio":0.6667,"pedestrian_accident_ratio":0.5}},{"type":"Feature","geometry":{"type":"Point","coordinates":[121.50206,25.13082]},"properties":{"hotspot_id":"臺北市-49602","hotspot_type":"intersection","county":"臺北市","township":"北投區","road_or_intersection":"大興街 x 清江路","accident_count":4,"motorcycle_accident_count":4,"pedestrian_accident_count":1,"death_count":0,"injury_count":4,"fatal_accident_count":0,"risk_score":63.6,"risk_level":"medium","confidence":"confirmed","motorcycle_accident_ratio":1.0,"pedestrian_accident_ratio":0.25}},{"type":"Feature","geometry":{"type":"Point","coordinates":[121.5568,25.05196]},"properties":{"hotspot_id":"臺北市-51622","hotspot_type":"intersection","county":"臺北市","township":"松山區","road_or_intersection":"南京東路4段","accident_count":7,"motorcycle_accident_count":3,"pedestrian_accident_count":2,"death_count":0,"injury_count":8,"fatal_accident_count":0,"risk_score":63.6,"risk_level":"medium","confidence":"probable","motorcycle_accident_ratio":0.4286,"pedestrian_accident_ratio":0.2857}},{"type":"Feature","geometry":{"type":"Point","coordinates":[121.61243,25.07015]},"properties":{"hotspot_id":"臺北市-51500","hotspot_type":"intersection","county":"臺北市","township":"內湖區","road_or_intersection":"康寧路3段","accident_count":7,"motorcycle_accident_count":5,"pedestrian_accident_count":3,"death_count":0,"injury_count":7,"fatal_accident_count":0,"risk_score":63.6,"risk_level":"medium","confidence":"probable","motorcycle_accident_ratio":0.7143,"pedestrian_accident_ratio":0.4286}},{"type":"Feature","geometry":{"type":"Point","coordinates":[121.53393,25.06475]},"properties":{"hotspot_id":"臺北市-48666","hotspot_type":"intersection","county":"臺北市","township":"中山區","road_or_intersection":"松江路 x 農安街","accident_count":7,"motorcycle_accident_count":3,"pedestrian_accident_count":2,"death_count":0,"injury_count":8,"fatal_accident_count":0,"risk_score":63.6,"risk_level":"medium","confidence":"confirmed","motorcycle_accident_ratio":0.4286,"pedestrian_accident_ratio":0.2857}},{"type":"Feature","geometry":{"type":"Point","coordinates":[121.50743,25.03384]},"properties":{"hotspot_id":"臺北市-48795","hotspot_type":"intersection","county":"臺北市","township":"中正區","road_or_intersection":"中華路2段 x 延平南路","accident_count":4,"motorcycle_accident_count":4,"pedestrian_accident_count":1,"death_count":0,"injury_count":4,"fatal_accident_count":0,"risk_score":63.6,"risk_level":"medium","confidence":"confirmed","motorcycle_accident_ratio":1.0,"pedestrian_accident_ratio":0.25}},{"type":"Feature","geometry":{"type":"Point","coordinates":[121.5778,25.04058]},"properties":{"hotspot_id":"臺北市-51885","hotspot_type":"intersection","county":"臺北市","township":"信義區","road_or_intersection":"松山路","accident_count":9,"motorcycle_accident_count":6,"pedestrian_accident_count":0,"death_count":0,"injury_count":12,"fatal_accident_count":0,"risk_score":63.5,"risk_level":"medium","confidence":"probable","motorcycle_accident_ratio":0.6667,"pedestrian_accident_ratio":0.0}},{"type":"Feature","geometry":{"type":"Point","coordinates":[121.52176,25.08917]},"properties":{"hotspot_id":"臺北市-50006","hotspot_type":"intersection","county":"臺北市","township":"士林區","road_or_intersection":"前港街 x 後港街","accident_count":7,"motorcycle_accident_count":4,"pedestrian_accident_count":1,"death_count":0,"injury_count":8,"fatal_accident_count":0,"risk_score":63.5,"risk_level":"medium","confidence":"confirmed","motorcycle_accident_ratio":0.5714,"pedestrian_accident_ratio":0.1429}},{"type":"Feature","geometry":{"type":"Point","coordinates":[121.51329,25.04709]},"properties":{"hotspot_id":"臺北市-48956","hotspot_type":"intersection","county":"臺北市","township":"中正區","road_or_intersection":"忠孝西路1段 x 重慶南路1段","accident_count":6,"motorcycle_accident_count":4,"pedestrian_accident_count":0,"death_count":1,"injury_count":7,"fatal_accident_count":1,"risk_score":63.5,"risk_level":"medium","confidence":"confirmed","motorcycle_accident_ratio":0.6667,"pedestrian_accident_ratio":0.0}},{"type":"Feature","geometry":{"type":"Point","coordinates":[121.51786,25.045]},"properties":{"hotspot_id":"臺北市-51725","hotspot_type":"intersection","county":"臺北市","township":"中正區","road_or_intersection":"青島西路","accident_count":7,"motorcycle_accident_count":4,"pedestrian_accident_count":1,"death_count":0,"injury_count":8,"fatal_accident_count":0,"risk_score":63.5,"risk_level":"medium","confidence":"probable","motorcycle_accident_ratio":0.5714,"pedestrian_accident_ratio":0.1429}},{"type":"Feature","geometry":{"type":"Point","coordinates":[121.52532,25.02072]},"properties":{"hotspot_id":"臺北市-48918","hotspot_type":"intersection","county":"臺北市","township":"中正區","road_or_intersection":"師大路 x 汀州路3段","accident_count":10,"motorcycle_accident_count":5,"pedestrian_accident_count":0,"death_count":0,"injury_count":12,"fatal_accident_count":0,"risk_score":63.4,"risk_level":"medium","confidence":"confirmed","motorcycle_accident_ratio":0.5,"pedestrian_accident_ratio":0.0}},{"type":"Feature","geometry":{"type":"Point","coordinates":[121.5191,25.02646]},"properties":{"hotspot_id":"臺北市-48888","hotspot_type":"intersection","county":"臺北市","township":"中正區","road_or_intersection":"和平西路1段 x 牯嶺街","accident_count":10,"motorcycle_accident_count":8,"pedestrian_accident_count":0,"death_count":0,"injury_count":10,"fatal_accident_count":0,"risk_score":63.4,"risk_level":"medium","confidence":"confirmed","motorcycle_accident_ratio":0.8,"pedestrian_accident_ratio":0.0}},{"type":"Feature","geometry":{"type":"Point","coordinates":[121.53814,25.04525]},"properties":{"hotspot_id":"臺北市-48736","hotspot_type":"intersection","county":"臺北市","township":"中山區市","road_or_intersection":"建國南路1段 x 民大道3段","accident_count":8,"motorcycle_accident_count":7,"pedestrian_accident_count":0,"death_count":0,"injury_count":10,"fatal_accident_count":0,"risk_score":63.3,"risk_level":"medium","confidence":"confirmed","motorcycle_accident_ratio":0.875,"pedestrian_accident_ratio":0.0}},{"type":"Feature","geometry":{"type":"Point","coordinates":[121.55,25.05748]},"properties":{"hotspot_id":"臺北市-51040","hotspot_type":"intersection","county":"臺北市","township":"松山區","road_or_intersection":"敦化北路 x 民生東路4段","accident_count":8,"motorcycle_accident_count":6,"pedestrian_accident_count":0,"death_count":0,"injury_count":12,"fatal_accident_count":0,"risk_score":63.3,"risk_level":"medium","confidence":"confirmed","motorcycle_accident_ratio":0.75,"pedestrian_accident_ratio":0.0}},{"type":"Feature","geometry":{"type":"Point","coordinates":[121.58234,25.04108]},"properties":{"hotspot_id":"臺北市-49172","hotspot_type":"intersection","county":"臺北市","township":"信義區","road_or_intersection":"大道","accident_count":4,"motorcycle_accident_count":4,"pedestrian_accident_count":0,"death_count":0,"injury_count":8,"fatal_accident_count":0,"risk_score":63.2,"risk_level":"medium","confidence":"confirmed","motorcycle_accident_ratio":1.0,"pedestrian_accident_ratio":0.0}},{"type":"Feature","geometry":{"type":"Point","coordinates":[121.46905,25.12322]},"properties":{"hotspot_id":"臺北市-49588","hotspot_type":"intersection","county":"臺北市","township":"北投區","road_or_intersection":"大度路3段 x 立功街","accident_count":4,"motorcycle_accident_count":4,"pedestrian_accident_count":0,"death_count":0,"injury_count":8,"fatal_accident_count":0,"risk_score":63.2,"risk_level":"medium","confidence":"confirmed","motorcycle_accident_ratio":1.0,"pedestrian_accident_ratio":0.0}},{"type":"Feature","geometry":{"type":"Point","coordinates":[121.57056,25.03673]},"properties":{"hotspot_id":"臺北市-51691","hotspot_type":"intersection","county":"臺北市","township":"信義區","road_or_intersection":"松勇路","accident_count":8,"motorcycle_accident_count":5,"pedestrian_accident_count":0,"death_count":0,"injury_count":13,"fatal_accident_count":0,"risk_score":63.2,"risk_level":"medium","confidence":"probable","motorcycle_accident_ratio":0.625,"pedestrian_accident_ratio":0.0}},{"type":"Feature","geometry":{"type":"Point","coordinates":[121.57226,25.04946]},"properties":{"hotspot_id":"臺北市-51079","hotspot_type":"intersection","county":"臺北市","township":"松山區市","road_or_intersection":"松信路 x 民大道6段","accident_count":4,"motorcycle_accident_count":4,"pedestrian_accident_count":0,"death_count":0,"injury_count":8,"fatal_accident_count":0,"risk_score":63.2,"risk_level":"medium","confidence":"confirmed","motorcycle_accident_ratio":1.0,"pedestrian_accident_ratio":0.0}},{"type":"Feature","geometry":{"type":"Point","coordinates":[121.52767,25.06245]},"properties":{"hotspot_id":"臺北市-48637","hotspot_type":"intersection","county":"臺北市","township":"中山區","road_or_intersection":"新生北路2段 x 民權東路1段","accident_count":7,"motorcycle_accident_count":6,"pedestrian_accident_count":0,"death_count":0,"injury_count":11,"fatal_accident_count":0,"risk_score":63.1,"risk_level":"medium","confidence":"confirmed","motorcycle_accident_ratio":0.8571,"pedestrian_accident_ratio":0.0}},{"type":"Feature","geometry":{"type":"Point","coordinates":[121.52554,25.05809]},"properties":{"hotspot_id":"臺北市-48702","hotspot_type":"intersection","county":"臺北市","township":"中山區","road_or_intersection":"民生東路1段","accident_count":6,"motorcycle_accident_count":5,"pedestrian_accident_count":1,"death_count":0,"injury_count":7,"fatal_accident_count":0,"risk_score":63.1,"risk_level":"medium","confidence":"confirmed","motorcycle_accident_ratio":0.8333,"pedestrian_accident_ratio":0.1667}},{"type":"Feature","geometry":{"type":"Point","coordinates":[121.49939,25.03664]},"properties":{"hotspot_id":"臺北市-51185","hotspot_type":"intersection","county":"臺北市","township":"萬華區","road_or_intersection":"廣州街 x 西園路1段","accident_count":6,"motorcycle_accident_count":5,"pedestrian_accident_count":1,"death_count":0,"injury_count":7,"fatal_accident_count":0,"risk_score":63.1,"risk_level":"medium","confidence":"confirmed","motorcycle_accident_ratio":0.8333,"pedestrian_accident_ratio":0.1667}},{"type":"Feature","geometry":{"type":"Point","coordinates":[121.51658,25.07411]},"properties":{"hotspot_id":"臺北市-50247","hotspot_type":"intersection","county":"臺北市","township":"大同區","road_or_intersection":"哈密街","accident_count":6,"motorcycle_accident_count":5,"pedestrian_accident_count":1,"death_count":0,"injury_count":7,"fatal_accident_count":0,"risk_score":63.1,"risk_level":"medium","confidence":"confirmed","motorcycle_accident_ratio":0.8333,"pedestrian_accident_ratio":0.1667}},{"type":"Feature","geometry":{"type":"Point","coordinates":[121.52059,25.09712]},"properties":{"hotspot_id":"臺北市-50126","hotspot_type":"intersection","county":"臺北市","township":"士林區","road_or_intersection":"文昌路","accident_count":6,"motorcycle_accident_count":5,"pedestrian_accident_count":1,"death_count":0,"injury_count":7,"fatal_accident_count":0,"risk_score":63.1,"risk_level":"medium","confidence":"confirmed","motorcycle_accident_ratio":0.8333,"pedestrian_accident_ratio":0.1667}},{"type":"Feature","geometry":{"type":"Point","coordinates":[121.52636,25.06827]},"properties":{"hotspot_id":"臺北市-51735","hotspot_type":"intersection","county":"臺北市","township":"中山區","road_or_intersection":"民族東路","accident_count":7,"motorcycle_accident_count":6,"pedestrian_accident_count":0,"death_count":0,"injury_count":11,"fatal_accident_count":0,"risk_score":63.1,"risk_level":"medium","confidence":"probable","motorcycle_accident_ratio":0.8571,"pedestrian_accident_ratio":0.0}},{"type":"Feature","geometry":{"type":"Point","coordinates":[121.51189,25.10493]},"properties":{"hotspot_id":"臺北市-49649","hotspot_type":"intersection","county":"臺北市","township":"北投區","road_or_intersection":"承德路6段 x 文承路","accident_count":7,"motorcycle_accident_count":6,"pedestrian_accident_count":0,"death_count":0,"injury_count":11,"fatal_accident_count":0,"risk_score":63.1,"risk_level":"medium","confidence":"confirmed","motorcycle_accident_ratio":0.8571,"pedestrian_accident_ratio":0.0}},{"type":"Feature","geometry":{"type":"Point","coordinates":[121.55521,25.05877]},"properties":{"hotspot_id":"臺北市-50942","hotspot_type":"intersection","county":"臺北市","township":"松山區","road_or_intersection":"光復北路 x 民生東路5段","accident_count":6,"motorcycle_accident_count":5,"pedestrian_accident_count":1,"death_count":0,"injury_count":7,"fatal_accident_count":0,"risk_score":63.1,"risk_level":"medium","confidence":"confirmed","motorcycle_accident_ratio":0.8333,"pedestrian_accident_ratio":0.1667}},{"type":"Feature","geometry":{"type":"Point","coordinates":[121.50158,25.04172]},"properties":{"hotspot_id":"臺北市-51120","hotspot_type":"intersection","county":"臺北市","township":"萬華區","road_or_intersection":"內江街 x 雅江街","accident_count":6,"motorcycle_accident_count":5,"pedestrian_accident_count":1,"death_count":0,"injury_count":7,"fatal_accident_count":0,"risk_score":63.1,"risk_level":"medium","confidence":"confirmed","motorcycle_accident_ratio":0.8333,"pedestrian_accident_ratio":0.1667}},{"type":"Feature","geometry":{"type":"Point","coordinates":[121.57172,25.00171]},"properties":{"hotspot_id":"臺北市-50713","hotspot_type":"intersection","county":"臺北市","township":"文山區","road_or_intersection":"和平東路4段","accident_count":5,"motorcycle_accident_count":5,"pedestrian_accident_count":0,"death_count":0,"injury_count":7,"fatal_accident_count":0,"risk_score":63.0,"risk_level":"medium","confidence":"confirmed","motorcycle_accident_ratio":1.0,"pedestrian_accident_ratio":0.0}},{"type":"Feature","geometry":{"type":"Point","coordinates":[121.53152,25.04847]},"properties":{"hotspot_id":"臺北市-48475","hotspot_type":"intersection","county":"臺北市","township":"中山區","road_or_intersection":"伊通街 x 長安東路2段","accident_count":5,"motorcycle_accident_count":5,"pedestrian_accident_count":0,"death_count":0,"injury_count":7,"fatal_accident_count":0,"risk_score":63.0,"risk_level":"medium","confidence":"confirmed","motorcycle_accident_ratio":1.0,"pedestrian_accident_ratio":0.0}},{"type":"Feature","geometry":{"type":"Point","coordinates":[121.539,25.05778]},"properties":{"hotspot_id":"臺北市-48526","hotspot_type":"intersection","county":"臺北市","township":"中山區","road_or_intersection":"合江街 x 民生東路3段","accident_count":5,"motorcycle_accident_count":5,"pedestrian_accident_count":0,"death_count":0,"injury_count":7,"fatal_accident_count":0,"risk_score":63.0,"risk_level":"medium","confidence":"confirmed","motorcycle_accident_ratio":1.0,"pedestrian_accident_ratio":0.0}},{"type":"Feature","geometry":{"type":"Point","coordinates":[121.53743,25.03704]},"properties":{"hotspot_id":"臺北市-50565","hotspot_type":"intersection","county":"臺北市","township":"大安區","road_or_intersection":"建國南路1段 x 新生南路1段","accident_count":5,"motorcycle_accident_count":5,"pedestrian_accident_count":0,"death_count":0,"injury_count":7,"fatal_accident_count":0,"risk_score":63.0,"risk_level":"medium","confidence":"confirmed","motorcycle_accident_ratio":1.0,"pedestrian_accident_ratio":0.0}},{"type":"Feature","geometry":{"type":"Point","coordinates":[121.54212,25.04829]},"properties":{"hotspot_id":"臺北市-48716","hotspot_type":"intersection","county":"臺北市","township":"中山區","road_or_intersection":"遼寧街 x 長安東路2段","accident_count":5,"motorcycle_accident_count":5,"pedestrian_accident_count":0,"death_count":0,"injury_count":7,"fatal_accident_count":0,"risk_score":63.0,"risk_level":"medium","confidence":"confirmed","motorcycle_accident_ratio":1.0,"pedestrian_accident_ratio":0.0}},{"type":"Feature","geometry":{"type":"Point","coordinates":[121.52076,25.04805]},"properties":{"hotspot_id":"臺北市-48758","hotspot_type":"intersection","county":"臺北市","township":"中正區","road_or_intersection":"中山北路1段 x 民大道2段","accident_count":5,"motorcycle_accident_count":5,"pedestrian_accident_count":0,"death_count":0,"injury_count":7,"fatal_accident_count":0,"risk_score":63.0,"risk_level":"medium","confidence":"confirmed","motorcycle_accident_ratio":1.0,"pedestrian_accident_ratio":0.0}},{"type":"Feature","geometry":{"type":"Point","coordinates":[121.52339,25.04459]},"properties":{"hotspot_id":"臺北市-48944","hotspot_type":"intersection","county":"臺北市","township":"中正區","road_or_intersection":"忠孝東路1段 x 林森南路","accident_count":5,"motorcycle_accident_count":5,"pedestrian_accident_count":0,"death_count":0,"injury_count":7,"fatal_accident_count":0,"risk_score":63.0,"risk_level":"medium","confidence":"confirmed","motorcycle_accident_ratio":1.0,"pedestrian_accident_ratio":0.0}},{"type":"Feature","geometry":{"type":"Point","coordinates":[121.50855,25.02896]},"properties":{"hotspot_id":"臺北市-48861","hotspot_type":"intersection","county":"臺北市","township":"中正區","road_or_intersection":"南海路 x 汀州路1段","accident_count":5,"motorcycle_accident_count":5,"pedestrian_accident_count":0,"death_count":0,"injury_count":7,"fatal_accident_count":0,"risk_score":63.0,"risk_level":"medium","confidence":"confirmed","motorcycle_accident_ratio":1.0,"pedestrian_accident_ratio":0.0}},{"type":"Feature","geometry":{"type":"Point","coordinates":[121.50957,25.04807]},"properties":{"hotspot_id":"臺北市-51090","hotspot_type":"intersection","county":"臺北市","township":"萬華區","road_or_intersection":"中華路1段 x 忠孝西路2段","accident_count":5,"motorcycle_accident_count":5,"pedestrian_accident_count":0,"death_count":0,"injury_count":7,"fatal_accident_count":0,"risk_score":63.0,"risk_level":"medium","confidence":"confirmed","motorcycle_accident_ratio":1.0,"pedestrian_accident_ratio":0.0}},{"type":"Feature","geometry":{"type":"Point","coordinates":[121.56832,25.0285]},"properties":{"hotspot_id":"臺北市-49204","hotspot_type":"intersection","county":"臺北市","township":"信義區","road_or_intersection":"松仁路 x 莊敬路","accident_count":5,"motorcycle_accident_count":5,"pedestrian_accident_count":0,"death_count":0,"injury_count":7,"fatal_accident_count":0,"risk_score":63.0,"risk_level":"medium","confidence":"confirmed","motorcycle_accident_ratio":1.0,"pedestrian_accident_ratio":0.0}},{"type":"Feature","geometry":{"type":"Point","coordinates":[121.5704,25.05197]},"properties":{"hotspot_id":"臺北市-51898","hotspot_type":"intersection","county":"臺北市","township":"松山區","road_or_intersection":"塔悠路","accident_count":5,"motorcycle_accident_count":5,"pedestrian_accident_count":0,"death_count":0,"injury_count":7,"fatal_accident_count":0,"risk_score":63.0,"risk_level":"medium","confidence":"probable","motorcycle_accident_ratio":1.0,"pedestrian_accident_ratio":0.0}},{"type":"Feature","geometry":{"type":"Point","coordinates":[121.56202,25.0855]},"properties":{"hotspot_id":"臺北市-49273","hotspot_type":"intersection","county":"臺北市","township":"內湖區","road_or_intersection":"內湖路1段 x 文湖街","accident_count":5,"motorcycle_accident_count":5,"pedestrian_accident_count":0,"death_count":0,"injury_count":7,"fatal_accident_count":0,"risk_score":63.0,"risk_level":"medium","confidence":"confirmed","motorcycle_accident_ratio":1.0,"pedestrian_accident_ratio":0.0}},{"type":"Feature","geometry":{"type":"Point","coordinates":[121.57729,25.08196]},"properties":{"hotspot_id":"臺北市-49470","hotspot_type":"intersection","county":"臺北市","township":"內湖區","road_or_intersection":"麗山街","accident_count":5,"motorcycle_accident_count":5,"pedestrian_accident_count":0,"death_count":0,"injury_count":7,"fatal_accident_count":0,"risk_score":63.0,"risk_level":"medium","confidence":"confirmed","motorcycle_accident_ratio":1.0,"pedestrian_accident_ratio":0.0}},{"type":"Feature","geometry":{"type":"Point","coordinates":[121.51127,25.09129]},"properties":{"hotspot_id":"臺北市-50031","hotspot_type":"intersection","county":"臺北市","township":"士林區","road_or_intersection":"堤外便道 x 通河西街2段","accident_count":5,"motorcycle_accident_count":5,"pedestrian_accident_count":0,"death_count":0,"injury_count":7,"fatal_accident_count":0,"risk_score":63.0,"risk_level":"medium","confidence":"confirmed","motorcycle_accident_ratio":1.0,"pedestrian_accident_ratio":0.0}},{"type":"Feature","geometry":{"type":"Point","coordinates":[121.59537,25.05143]},"properties":{"hotspot_id":"臺北市-49918","hotspot_type":"intersection","county":"臺北市","township":"南港區市","road_or_intersection":"向陽路 x 民大道7段","accident_count":5,"motorcycle_accident_count":5,"pedestrian_accident_count":0,"death_count":0,"injury_count":7,"fatal_accident_count":0,"risk_score":63.0,"risk_level":"medium","confidence":"confirmed","motorcycle_accident_ratio":1.0,"pedestrian_accident_ratio":0.0}},{"type":"Feature","geometry":{"type":"Point","coordinates":[121.61378,25.06539]},"properties":{"hotspot_id":"臺北市-51502","hotspot_type":"intersection","county":"臺北市","township":"內湖區","road_or_intersection":"堤外便道","accident_count":5,"motorcycle_accident_count":5,"pedestrian_accident_count":0,"death_count":0,"injury_count":7,"fatal_accident_count":0,"risk_score":63.0,"risk_level":"medium","confidence":"probable","motorcycle_accident_ratio":1.0,"pedestrian_accident_ratio":0.0}},{"type":"Feature","geometry":{"type":"Point","coordinates":[121.5444,25.05758]},"properties":{"hotspot_id":"臺北市-51019","hotspot_type":"intersection","county":"臺北市","township":"松山區","road_or_intersection":"復興北路 x 民生東路3段","accident_count":5,"motorcycle_accident_count":5,"pedestrian_accident_count":0,"death_count":0,"injury_count":7,"fatal_accident_count":0,"risk_score":63.0,"risk_level":"medium","confidence":"confirmed","motorcycle_accident_ratio":1.0,"pedestrian_accident_ratio":0.0}},{"type":"Feature","geometry":{"type":"Point","coordinates":[121.56352,25.05129]},"properties":{"hotspot_id":"臺北市-51863","hotspot_type":"intersection","county":"臺北市","township":"松山區","road_or_intersection":"南京東路5段","accident_count":6,"motorcycle_accident_count":4,"pedestrian_accident_count":1,"death_count":0,"injury_count":8,"fatal_accident_count":0,"risk_score":62.9,"risk_level":"medium","confidence":"probable","motorcycle_accident_ratio":0.6667,"pedestrian_accident_ratio":0.1667}},{"type":"Feature","geometry":{"type":"Point","coordinates":[121.49128,25.13859]},"properties":{"hotspot_id":"臺北市-49502","hotspot_type":"intersection","county":"臺北市","township":"北投區","road_or_intersection":"中央北路2段 x 稻香路","accident_count":6,"motorcycle_accident_count":6,"pedestrian_accident_count":0,"death_count":0,"injury_count":6,"fatal_accident_count":0,"risk_score":62.8,"risk_level":"medium","confidence":"confirmed","motorcycle_accident_ratio":1.0,"pedestrian_accident_ratio":0.0}},{"type":"Feature","geometry":{"type":"Point","coordinates":[121.56302,25.0359]},"properties":{"hotspot_id":"臺北市-51807","hotspot_type":"intersection","county":"臺北市","township":"信義區","road_or_intersection":"松壽路","accident_count":6,"motorcycle_accident_count":6,"pedestrian_accident_count":0,"death_count":0,"injury_count":6,"fatal_accident_count":0,"risk_score":62.8,"risk_level":"medium","confidence":"probable","motorcycle_accident_ratio":1.0,"pedestrian_accident_ratio":0.0}},{"type":"Feature","geometry":{"type":"Point","coordinates":[121.57615,25.05464]},"properties":{"hotspot_id":"臺北市-49293","hotspot_type":"intersection","county":"臺北市","township":"內湖區","road_or_intersection":"南京東路6段 x 堤頂大道1段","accident_count":6,"motorcycle_accident_count":6,"pedestrian_accident_count":0,"death_count":0,"injury_count":6,"fatal_accident_count":0,"risk_score":62.8,"risk_level":"medium","confidence":"confirmed","motorcycle_accident_ratio":1.0,"pedestrian_accident_ratio":0.0}},{"type":"Feature","geometry":{"type":"Point","coordinates":[121.57091,25.03336]},"properties":{"hotspot_id":"臺北市-49127","hotspot_type":"intersection","county":"臺北市","township":"信義區","road_or_intersection":"信義路5段 x 松勇路","accident_count":6,"motorcycle_accident_count":6,"pedestrian_accident_count":0,"death_count":0,"injury_count":6,"fatal_accident_count":0,"risk_score":62.8,"risk_level":"medium","confidence":"confirmed","motorcycle_accident_ratio":1.0,"pedestrian_accident_ratio":0.0}},{"type":"Feature","geometry":{"type":"Point","coordinates":[121.51319,25.04279]},"properties":{"hotspot_id":"臺北市-49024","hotspot_type":"intersection","county":"臺北市","township":"中正區","road_or_intersection":"沅陵街 x 重慶南路1段","accident_count":6,"motorcycle_accident_count":6,"pedestrian_accident_count":0,"death_count":0,"injury_count":6,"fatal_accident_count":0,"risk_score":62.8,"risk_level":"medium","confidence":"confirmed","motorcycle_accident_ratio":1.0,"pedestrian_accident_ratio":0.0}},{"type":"Feature","geometry":{"type":"Point","coordinates":[121.50907,25.12001]},"properties":{"hotspot_id":"臺北市-49757","hotspot_type":"intersection","county":"臺北市","township":"北投區","road_or_intersection":"立農街1段 x 西安街2段","accident_count":5,"motorcycle_accident_count":4,"pedestrian_accident_count":1,"death_count":0,"injury_count":8,"fatal_accident_count":0,"risk_score":62.8,"risk_level":"medium","confidence":"confirmed","motorcycle_accident_ratio":0.8,"pedestrian_accident_ratio":0.2}},{"type":"Feature","geometry":{"type":"Point","coordinates":[121.52021,25.06848]},"properties":{"hotspot_id":"臺北市-48689","hotspot_type":"intersection","county":"臺北市","township":"中山區","road_or_intersection":"民族西路 x 玉門街","accident_count":5,"motorcycle_accident_count":4,"pedestrian_accident_count":1,"death_count":0,"injury_count":8,"fatal_accident_count":0,"risk_score":62.8,"risk_level":"medium","confidence":"confirmed","motorcycle_accident_ratio":0.8,"pedestrian_accident_ratio":0.2}},{"type":"Feature","geometry":{"type":"Point","coordinates":[121.53289,25.0485]},"properties":{"hotspot_id":"臺北市-48668","hotspot_type":"intersection","county":"臺北市","township":"中山區","road_or_intersection":"松江路 x 長安東路2段","accident_count":5,"motorcycle_accident_count":4,"pedestrian_accident_count":1,"death_count":0,"injury_count":8,"fatal_accident_count":0,"risk_score":62.8,"risk_level":"medium","confidence":"confirmed","motorcycle_accident_ratio":0.8,"pedestrian_accident_ratio":0.2}},{"type":"Feature","geometry":{"type":"Point","coordinates":[121.52269,25.03066]},"properties":{"hotspot_id":"臺北市-50620","hotspot_type":"intersection","county":"臺北市","township":"大安區","road_or_intersection":"杭州南路2段 x 金華街","accident_count":5,"motorcycle_accident_count":4,"pedestrian_accident_count":1,"death_count":0,"injury_count":8,"fatal_accident_count":0,"risk_score":62.8,"risk_level":"medium","confidence":"confirmed","motorcycle_accident_ratio":0.8,"pedestrian_accident_ratio":0.2}},{"type":"Feature","geometry":{"type":"Point","coordinates":[121.56906,24.99891]},"properties":{"hotspot_id":"臺北市-50890","hotspot_type":"intersection","county":"臺北市","township":"文山區","road_or_intersection":"萬和街 x 萬芳路","accident_count":6,"motorcycle_accident_count":6,"pedestrian_accident_count":0,"death_count":0,"injury_count":6,"fatal_accident_count":0,"risk_score":62.8,"risk_level":"medium","confidence":"confirmed","motorcycle_accident_ratio":1.0,"pedestrian_accident_ratio":0.0}},{"type":"Feature","geometry":{"type":"Point","coordinates":[121.49236,25.02838]},"properties":{"hotspot_id":"臺北市-51162","hotspot_type":"intersection","county":"臺北市","township":"萬華區","road_or_intersection":"寶興街 x 西藏路","accident_count":5,"motorcycle_accident_count":4,"pedestrian_accident_count":1,"death_count":0,"injury_count":8,"fatal_accident_count":0,"risk_score":62.8,"risk_level":"medium","confidence":"confirmed","motorcycle_accident_ratio":0.8,"pedestrian_accident_ratio":0.2}},{"type":"Feature","geometry":{"type":"Point","coordinates":[121.51599,25.08792]},"properties":{"hotspot_id":"臺北市-51477","hotspot_type":"intersection","county":"臺北市","township":"士林區","road_or_intersection":"通河東街1段","accident_count":6,"motorcycle_accident_count":6,"pedestrian_accident_count":0,"death_count":0,"injury_count":6,"fatal_accident_count":0,"risk_score":62.8,"risk_level":"medium","confidence":"probable","motorcycle_accident_ratio":1.0,"pedestrian_accident_ratio":0.0}},{"type":"Feature","geometry":{"type":"Point","coordinates":[121.53009,25.04063]},"properties":{"hotspot_id":"臺北市-49037","hotspot_type":"intersection","county":"臺北市","township":"中正區","road_or_intersection":"濟南路2段 x 臨沂街","accident_count":3,"motorcycle_accident_count":3,"pedestrian_accident_count":2,"death_count":0,"injury_count":4,"fatal_accident_count":0,"risk_score":62.6,"risk_level":"medium","confidence":"confirmed","motorcycle_accident_ratio":1.0,"pedestrian_accident_ratio":0.6667}},{"type":"Feature","geometry":{"type":"Point","coordinates":[121.52128,25.03929]},"properties":{"hotspot_id":"臺北市-51648","hotspot_type":"intersection","county":"臺北市","township":"中正區","road_or_intersection":"仁愛路1段","accident_count":7,"motorcycle_accident_count":5,"pedestrian_accident_count":1,"death_count":0,"injury_count":7,"fatal_accident_count":0,"risk_score":62.6,"risk_level":"medium","confidence":"probable","motorcycle_accident_ratio":0.7143,"pedestrian_accident_ratio":0.1429}},{"type":"Feature","geometry":{"type":"Point","coordinates":[121.53347,25.06767]},"properties":{"hotspot_id":"臺北市-48584","hotspot_type":"intersection","county":"臺北市","township":"中山區","road_or_intersection":"建國北路3段 x 松江路","accident_count":9,"motorcycle_accident_count":6,"pedestrian_accident_count":0,"death_count":0,"injury_count":11,"fatal_accident_count":0,"risk_score":62.5,"risk_level":"medium","confidence":"confirmed","motorcycle_accident_ratio":0.6667,"pedestrian_accident_ratio":0.0}},{"type":"Feature","geometry":{"type":"Point","coordinates":[121.51346,25.06077]},"properties":{"hotspot_id":"臺北市-50369","hotspot_type":"intersection","county":"臺北市","township":"大同區","road_or_intersection":"涼州街 x 重慶北路2段","accident_count":7,"motorcycle_accident_count":4,"pedestrian_accident_count":2,"death_count":0,"injury_count":7,"fatal_accident_count":0,"risk_score":62.5,"risk_level":"medium","confidence":"confirmed","motorcycle_accident_ratio":0.5714,"pedestrian_accident_ratio":0.2857}},{"type":"Feature","geometry":{"type":"Point","coordinates":[121.54366,25.03835]},"properties":{"hotspot_id":"臺北市-50418","hotspot_type":"intersection","county":"臺北市","township":"大安區","road_or_intersection":"仁愛路3段 x 復興南路1段","accident_count":9,"motorcycle_accident_count":7,"pedestrian_accident_count":0,"death_count":0,"injury_count":10,"fatal_accident_count":0,"risk_score":62.3,"risk_level":"medium","confidence":"confirmed","motorcycle_accident_ratio":0.7778,"pedestrian_accident_ratio":0.0}},{"type":"Feature","geometry":{"type":"Point","coordinates":[121.49797,25.03678]},"properties":{"hotspot_id":"臺北市-51181","hotspot_type":"intersection","county":"臺北市","township":"萬華區","road_or_intersection":"廣州街","accident_count":3,"motorcycle_accident_count":3,"pedestrian_accident_count":1,"death_count":0,"injury_count":4,"fatal_accident_count":0,"risk_score":62.3,"risk_level":"medium","confidence":"confirmed","motorcycle_accident_ratio":1.0,"pedestrian_accident_ratio":0.3333}},{"type":"Feature","geometry":{"type":"Point","coordinates":[121.53137,25.09587]},"properties":{"hotspot_id":"臺北市-50173","hotspot_type":"intersection","county":"臺北市","township":"士林區","road_or_intersection":"福林路 x 自祥街","accident_count":9,"motorcycle_accident_count":7,"pedestrian_accident_count":0,"death_count":0,"injury_count":10,"fatal_accident_count":0,"risk_score":62.3,"risk_level":"medium","confidence":"confirmed","motorcycle_accident_ratio":0.7778,"pedestrian_accident_ratio":0.0}},{"type":"Feature","geometry":{"type":"Point","coordinates":[121.52724,25.05793]},"properties":{"hotspot_id":"臺北市-48639","hotspot_type":"intersection","county":"臺北市","township":"中山區","road_or_intersection":"新生北路2段 x 民生東路1段","accident_count":9,"motorcycle_accident_count":7,"pedestrian_accident_count":0,"death_count":0,"injury_count":10,"fatal_accident_count":0,"risk_score":62.3,"risk_level":"medium","confidence":"confirmed","motorcycle_accident_ratio":0.7778,"pedestrian_accident_ratio":0.0}},{"type":"Feature","geometry":{"type":"Point","coordinates":[121.51878,25.11035]},"properties":{"hotspot_id":"臺北市-49694","hotspot_type":"intersection","county":"臺北市","township":"北投區","road_or_intersection":"東華街1段","accident_count":3,"motorcycle_accident_count":3,"pedestrian_accident_count":1,"death_count":0,"injury_count":4,"fatal_accident_count":0,"risk_score":62.3,"risk_level":"medium","confidence":"confirmed","motorcycle_accident_ratio":1.0,"pedestrian_accident_ratio":0.3333}},{"type":"Feature","geometry":{"type":"Point","coordinates":[121.5304,25.06486]},"properties":{"hotspot_id":"臺北市-48541","hotspot_type":"intersection","county":"臺北市","township":"中山區","road_or_intersection":"吉林路 x 農安街","accident_count":3,"motorcycle_accident_count":3,"pedestrian_accident_count":1,"death_count":0,"injury_count":4,"fatal_accident_count":0,"risk_score":62.3,"risk_level":"medium","confidence":"confirmed","motorcycle_accident_ratio":1.0,"pedestrian_accident_ratio":0.3333}},{"type":"Feature","geometry":{"type":"Point","coordinates":[121.51608,25.04551]},"properties":{"hotspot_id":"臺北市-48868","hotspot_type":"intersection","county":"臺北市","township":"中正區","road_or_intersection":"南陽街 x 許昌街","accident_count":3,"motorcycle_accident_count":3,"pedestrian_accident_count":1,"death_count":0,"injury_count":4,"fatal_accident_count":0,"risk_score":62.3,"risk_level":"medium","confidence":"confirmed","motorcycle_accident_ratio":1.0,"pedestrian_accident_ratio":0.3333}},{"type":"Feature","geometry":{"type":"Point","coordinates":[121.51157,25.0423]},"properties":{"hotspot_id":"臺北市-48874","hotspot_type":"intersection","county":"臺北市","township":"中正區","road_or_intersection":"博愛路 x 衡陽路","accident_count":3,"motorcycle_accident_count":3,"pedestrian_accident_count":1,"death_count":0,"injury_count":4,"fatal_accident_count":0,"risk_score":62.3,"risk_level":"medium","confidence":"confirmed","motorcycle_accident_ratio":1.0,"pedestrian_accident_ratio":0.3333}},{"type":"Feature","geometry":{"type":"Point","coordinates":[121.50807,25.11851]},"properties":{"hotspot_id":"臺北市-49564","hotspot_type":"intersection","county":"臺北市","township":"北投區","road_or_intersection":"吉利街","accident_count":3,"motorcycle_accident_count":3,"pedestrian_accident_count":1,"death_count":0,"injury_count":4,"fatal_accident_count":0,"risk_score":62.3,"risk_level":"medium","confidence":"confirmed","motorcycle_accident_ratio":1.0,"pedestrian_accident_ratio":0.3333}},{"type":"Feature","geometry":{"type":"Point","coordinates":[121.55783,25.03485]},"properties":{"hotspot_id":"臺北市-49137","hotspot_type":"intersection","county":"臺北市","township":"信義區","road_or_intersection":"光復南路 x 基隆路1段","accident_count":3,"motorcycle_accident_count":3,"pedestrian_accident_count":1,"death_count":0,"injury_count":4,"fatal_accident_count":0,"risk_score":62.3,"risk_level":"medium","confidence":"confirmed","motorcycle_accident_ratio":1.0,"pedestrian_accident_ratio":0.3333}},{"type":"Feature","geometry":{"type":"Point","coordinates":[121.53977,25.05197]},"properties":{"hotspot_id":"臺北市-48514","hotspot_type":"intersection","county":"臺北市","township":"中山區","road_or_intersection":"南京東路3段","accident_count":9,"motorcycle_accident_count":7,"pedestrian_accident_count":0,"death_count":0,"injury_count":10,"fatal_accident_count":0,"risk_score":62.3,"risk_level":"medium","confidence":"confirmed","motorcycle_accident_ratio":0.7778,"pedestrian_accident_ratio":0.0}},{"type":"Feature","geometry":{"type":"Point","coordinates":[121.55497,25.05757]},"properties":{"hotspot_id":"臺北市-50941","hotspot_type":"intersection","county":"臺北市","township":"松山區","road_or_intersection":"光復北路 x 民生東路4段","accident_count":6,"motorcycle_accident_count":5,"pedestrian_accident_count":0,"death_count":0,"injury_count":12,"fatal_accident_count":0,"risk_score":62.3,"risk_level":"medium","confidence":"confirmed","motorcycle_accident_ratio":0.8333,"pedestrian_accident_ratio":0.0}},{"type":"Feature","geometry":{"type":"Point","coordinates":[121.56441,25.0549]},"properties":{"hotspot_id":"臺北市-50908","hotspot_type":"intersection","county":"臺北市","township":"松山區","road_or_intersection":"三民路 x 健康路","accident_count":3,"motorcycle_accident_count":3,"pedestrian_accident_count":1,"death_count":0,"injury_count":4,"fatal_accident_count":0,"risk_score":62.3,"risk_level":"medium","confidence":"confirmed","motorcycle_accident_ratio":1.0,"pedestrian_accident_ratio":0.3333}},{"type":"Feature","geometry":{"type":"Point","coordinates":[121.53006,25.04392]},"properties":{"hotspot_id":"臺北市-48825","hotspot_type":"intersection","county":"臺北市","township":"中正區","road_or_intersection":"八德路1段 x 金山北路","accident_count":4,"motorcycle_accident_count":2,"pedestrian_accident_count":1,"death_count":0,"injury_count":10,"fatal_accident_count":0,"risk_score":62.2,"risk_level":"medium","confidence":"confirmed","motorcycle_accident_ratio":0.5,"pedestrian_accident_ratio":0.25}},{"type":"Feature","geometry":{"type":"Point","coordinates":[121.55817,25.0061]},"properties":{"hotspot_id":"臺北市-50900","hotspot_type":"intersection","county":"臺北市","township":"文山區","road_or_intersection":"萬美街2段 x 辛亥路4段","accident_count":8,"motorcycle_accident_count":7,"pedestrian_accident_count":0,"death_count":0,"injury_count":9,"fatal_accident_count":0,"risk_score":62.0,"risk_level":"medium","confidence":"confirmed","motorcycle_accident_ratio":0.875,"pedestrian_accident_ratio":0.0}},{"type":"Feature","geometry":{"type":"Point","coordinates":[121.60941,25.05463]},"properties":{"hotspot_id":"臺北市-51587","hotspot_type":"intersection","county":"臺北市","township":"南港區","road_or_intersection":"南港路1段","accident_count":8,"motorcycle_accident_count":7,"pedestrian_accident_count":0,"death_count":0,"injury_count":9,"fatal_accident_count":0,"risk_score":62.0,"risk_level":"medium","confidence":"probable","motorcycle_accident_ratio":0.875,"pedestrian_accident_ratio":0.0}},{"type":"Feature","geometry":{"type":"Point","coordinates":[121.55032,25.07757]},"properties":{"hotspot_id":"臺北市-48653","hotspot_type":"intersection","county":"臺北市","township":"中山區","road_or_intersection":"明水路 x 樂群一路","accident_count":8,"motorcycle_accident_count":7,"pedestrian_accident_count":0,"death_count":0,"injury_count":9,"fatal_accident_count":0,"risk_score":62.0,"risk_level":"medium","confidence":"confirmed","motorcycle_accident_ratio":0.875,"pedestrian_accident_ratio":0.0}},{"type":"Feature","geometry":{"type":"Point","coordinates":[121.55623,25.07718]},"properties":{"hotspot_id":"臺北市-48620","hotspot_type":"intersection","county":"臺北市","township":"中山區","road_or_intersection":"敬業三路 x 樂群一路","accident_count":8,"motorcycle_accident_count":7,"pedestrian_accident_count":0,"death_count":0,"injury_count":9,"fatal_accident_count":0,"risk_score":62.0,"risk_level":"medium","confidence":"confirmed","motorcycle_accident_ratio":0.875,"pedestrian_accident_ratio":0.0}},{"type":"Feature","geometry":{"type":"Point","coordinates":[121.55564,25.05396]},"properties":{"hotspot_id":"臺北市-50923","hotspot_type":"intersection","county":"臺北市","township":"松山區","road_or_intersection":"健康路 x 光復北路","accident_count":7,"motorcycle_accident_count":6,"pedestrian_accident_count":0,"death_count":0,"injury_count":10,"fatal_accident_count":0,"risk_score":61.9,"risk_level":"medium","confidence":"confirmed","motorcycle_accident_ratio":0.8571,"pedestrian_accident_ratio":0.0}},{"type":"Feature","geometry":{"type":"Point","coordinates":[121.51734,25.05242]},"properties":{"hotspot_id":"臺北市-50269","hotspot_type":"intersection","county":"臺北市","township":"大同區","road_or_intersection":"太原路 x 承德路1段","accident_count":7,"motorcycle_accident_count":6,"pedestrian_accident_count":0,"death_count":0,"injury_count":10,"fatal_accident_count":0,"risk_score":61.9,"risk_level":"medium","confidence":"confirmed","motorcycle_accident_ratio":0.8571,"pedestrian_accident_ratio":0.0}},{"type":"Feature","geometry":{"type":"Point","coordinates":[121.55108,25.07262]},"properties":{"hotspot_id":"臺北市-51440","hotspot_type":"intersection","county":"臺北市","township":"中山區","road_or_intersection":"濱江街","accident_count":7,"motorcycle_accident_count":6,"pedestrian_accident_count":0,"death_count":0,"injury_count":10,"fatal_accident_count":0,"risk_score":61.9,"risk_level":"medium","confidence":"probable","motorcycle_accident_ratio":0.8571,"pedestrian_accident_ratio":0.0}},{"type":"Feature","geometry":{"type":"Point","coordinates":[121.54533,24.9868]},"properties":{"hotspot_id":"臺北市-50783","hotspot_type":"intersection","county":"臺北市","township":"文山區","road_or_intersection":"景美溪橋 x 木柵路1段","accident_count":7,"motorcycle_accident_count":6,"pedestrian_accident_count":0,"death_count":0,"injury_count":10,"fatal_accident_count":0,"risk_score":61.9,"risk_level":"medium","confidence":"confirmed","motorcycle_accident_ratio":0.8571,"pedestrian_accident_ratio":0.0}},{"type":"Feature","geometry":{"type":"Point","coordinates":[121.56582,25.04818]},"properties":{"hotspot_id":"臺北市-49256","hotspot_type":"intersection","county":"臺北市","township":"信義區市","road_or_intersection":"東興路 x 民大道5段","accident_count":7,"motorcycle_accident_count":6,"pedestrian_accident_count":0,"death_count":0,"injury_count":10,"fatal_accident_count":0,"risk_score":61.9,"risk_level":"medium","confidence":"confirmed","motorcycle_accident_ratio":0.8571,"pedestrian_accident_ratio":0.0}},{"type":"Feature","geometry":{"type":"Point","coordinates":[121.52581,25.03779]},"properties":{"hotspot_id":"臺北市-48810","hotspot_type":"intersection","county":"臺北市","township":"中正區","road_or_intersection":"仁愛路2段 x 杭州南路1段","accident_count":7,"motorcycle_accident_count":6,"pedestrian_accident_count":0,"death_count":0,"injury_count":10,"fatal_accident_count":0,"risk_score":61.9,"risk_level":"medium","confidence":"confirmed","motorcycle_accident_ratio":0.8571,"pedestrian_accident_ratio":0.0}},{"type":"Feature","geometry":{"type":"Point","coordinates":[121.51301,25.04098]},"properties":{"hotspot_id":"臺北市-48915","hotspot_type":"intersection","county":"臺北市","township":"中正區","road_or_intersection":"寶慶路 x 重慶南路1段","accident_count":7,"motorcycle_accident_count":6,"pedestrian_accident_count":0,"death_count":0,"injury_count":10,"fatal_accident_count":0,"risk_score":61.9,"risk_level":"medium","confidence":"confirmed","motorcycle_accident_ratio":0.8571,"pedestrian_accident_ratio":0.0}},{"type":"Feature","geometry":{"type":"Point","coordinates":[121.56265,25.0492]},"properties":{"hotspot_id":"臺北市-50962","hotspot_type":"intersection","county":"臺北市","township":"松山區","road_or_intersection":"八德路4段 x 吉祥路","accident_count":6,"motorcycle_accident_count":4,"pedestrian_accident_count":2,"death_count":0,"injury_count":7,"fatal_accident_count":0,"risk_score":61.8,"risk_level":"medium","confidence":"confirmed","motorcycle_accident_ratio":0.6667,"pedestrian_accident_ratio":0.3333}},{"type":"Feature","geometry":{"type":"Point","coordinates":[121.52968,25.0483]},"properties":{"hotspot_id":"臺北市-48633","hotspot_type":"intersection","county":"臺北市","township":"中山區","road_or_intersection":"新生北路1段 x 長安東路2段","accident_count":5,"motorcycle_accident_count":2,"pedestrian_accident_count":1,"death_count":0,"injury_count":9,"fatal_accident_count":0,"risk_score":61.8,"risk_level":"medium","confidence":"confirmed","motorcycle_accident_ratio":0.4,"pedestrian_accident_ratio":0.2}},{"type":"Feature","geometry":{"type":"Point","coordinates":[121.50414,25.04044]},"properties":{"hotspot_id":"臺北市-51308","hotspot_type":"intersection","county":"臺北市","township":"萬華區","road_or_intersection":"貴陽街2段 x 長沙街2段","accident_count":5,"motorcycle_accident_count":3,"pedestrian_accident_count":2,"death_count":0,"injury_count":8,"fatal_accident_count":0,"risk_score":61.6,"risk_level":"medium","confidence":"confirmed","motorcycle_accident_ratio":0.6,"pedestrian_accident_ratio":0.4}},{"type":"Feature","geometry":{"type":"Point","coordinates":[121.56302,25.05072]},"properties":{"hotspot_id":"臺北市-50961","hotspot_type":"intersection","county":"臺北市","township":"松山區","road_or_intersection":"八德路4段 x 南京東路5段","accident_count":5,"motorcycle_accident_count":4,"pedestrian_accident_count":2,"death_count":0,"injury_count":7,"fatal_accident_count":0,"risk_score":61.6,"risk_level":"medium","confidence":"confirmed","motorcycle_accident_ratio":0.8,"pedestrian_accident_ratio":0.4}},{"type":"Feature","geometry":{"type":"Point","coordinates":[121.50217,25.0266]},"properties":{"hotspot_id":"臺北市-51111","hotspot_type":"intersection","county":"臺北市","township":"萬華區","road_or_intersection":"中華路2段 x 雙和街","accident_count":4,"motorcycle_accident_count":4,"pedestrian_accident_count":0,"death_count":0,"injury_count":7,"fatal_accident_count":0,"risk_score":61.5,"risk_level":"medium","confidence":"confirmed","motorcycle_accident_ratio":1.0,"pedestrian_accident_ratio":0.0}},{"type":"Feature","geometry":{"type":"Point","coordinates":[121.51104,25.06481]},"properties":{"hotspot_id":"臺北市-50216","hotspot_type":"intersection","county":"臺北市","township":"大同區","road_or_intersection":"伊寧街 x 延平北路3段","accident_count":4,"motorcycle_accident_count":4,"pedestrian_accident_count":0,"death_count":0,"injury_count":7,"fatal_accident_count":0,"risk_score":61.5,"risk_level":"medium","confidence":"confirmed","motorcycle_accident_ratio":1.0,"pedestrian_accident_ratio":0.0}},{"type":"Feature","geometry":{"type":"Point","coordinates":[121.52838,25.02264]},"properties":{"hotspot_id":"臺北市-50554","hotspot_type":"intersection","county":"臺北市","township":"大安區","road_or_intersection":"師大路","accident_count":4,"motorcycle_accident_count":4,"pedestrian_accident_count":0,"death_count":0,"injury_count":7,"fatal_accident_count":0,"risk_score":61.5,"risk_level":"medium","confidence":"confirmed","motorcycle_accident_ratio":1.0,"pedestrian_accident_ratio":0.0}},{"type":"Feature","geometry":{"type":"Point","coordinates":[121.5232,25.0259]},"properties":{"hotspot_id":"臺北市-48885","hotspot_type":"intersection","county":"臺北市","township":"中正區","road_or_intersection":"同安街 x 羅斯福路2段","accident_count":4,"motorcycle_accident_count":4,"pedestrian_accident_count":0,"death_count":0,"injury_count":7,"fatal_accident_count":0,"risk_score":61.5,"risk_level":"medium","confidence":"confirmed","motorcycle_accident_ratio":1.0,"pedestrian_accident_ratio":0.0}},{"type":"Feature","geometry":{"type":"Point","coordinates":[121.52265,25.03227]},"properties":{"hotspot_id":"臺北市-50592","hotspot_type":"intersection","county":"臺北市","township":"大安區","road_or_intersection":"愛國東路 x 杭州南路2段","accident_count":4,"motorcycle_accident_count":4,"pedestrian_accident_count":0,"death_count":0,"injury_count":7,"fatal_accident_count":0,"risk_score":61.5,"risk_level":"medium","confidence":"confirmed","motorcycle_accident_ratio":1.0,"pedestrian_accident_ratio":0.0}},{"type":"Feature","geometry":{"type":"Point","coordinates":[121.51225,25.0268]},"properties":{"hotspot_id":"臺北市-48752","hotspot_type":"intersection","county":"臺北市","township":"中正區","road_or_intersection":"三元街 x 泉州街","accident_count":4,"motorcycle_accident_count":4,"pedestrian_accident_count":0,"death_count":0,"injury_count":7,"fatal_accident_count":0,"risk_score":61.5,"risk_level":"medium","confidence":"confirmed","motorcycle_accident_ratio":1.0,"pedestrian_accident_ratio":0.0}},{"type":"Feature","geometry":{"type":"Point","coordinates":[121.50898,25.0438]},"properties":{"hotspot_id":"臺北市-48785","hotspot_type":"intersection","county":"臺北市","township":"中正區","road_or_intersection":"中華路1段 x 酉陽街","accident_count":4,"motorcycle_accident_count":4,"pedestrian_accident_count":0,"death_count":0,"injury_count":7,"fatal_accident_count":0,"risk_score":61.5,"risk_level":"medium","confidence":"confirmed","motorcycle_accident_ratio":1.0,"pedestrian_accident_ratio":0.0}},{"type":"Feature","geometry":{"type":"Point","coordinates":[121.55504,24.98814]},"properties":{"hotspot_id":"臺北市-50711","hotspot_type":"intersection","county":"臺北市","township":"文山區","road_or_intersection":"光輝路 x 木柵路1段","accident_count":4,"motorcycle_accident_count":4,"pedestrian_accident_count":0,"death_count":0,"injury_count":7,"fatal_accident_count":0,"risk_score":61.5,"risk_level":"medium","confidence":"confirmed","motorcycle_accident_ratio":1.0,"pedestrian_accident_ratio":0.0}},{"type":"Feature","geometry":{"type":"Point","coordinates":[121.61417,25.05904]},"properties":{"hotspot_id":"臺北市-49785","hotspot_type":"intersection","county":"臺北市","township":"南港區","road_or_intersection":"三重路 x 街","accident_count":4,"motorcycle_accident_count":4,"pedestrian_accident_count":0,"death_count":0,"injury_count":7,"fatal_accident_count":0,"risk_score":61.5,"risk_level":"medium","confidence":"confirmed","motorcycle_accident_ratio":1.0,"pedestrian_accident_ratio":0.0}},{"type":"Feature","geometry":{"type":"Point","coordinates":[121.5237,25.08695]},"properties":{"hotspot_id":"臺北市-50022","hotspot_type":"intersection","county":"臺北市","township":"士林區","road_or_intersection":"基河路 x 承德路4段","accident_count":4,"motorcycle_accident_count":4,"pedestrian_accident_count":0,"death_count":0,"injury_count":7,"fatal_accident_count":0,"risk_score":61.5,"risk_level":"medium","confidence":"confirmed","motorcycle_accident_ratio":1.0,"pedestrian_accident_ratio":0.0}},{"type":"Feature","geometry":{"type":"Point","coordinates":[121.53221,25.09663]},"properties":{"hotspot_id":"臺北市-50175","hotspot_type":"intersection","county":"臺北市","township":"士林區","road_or_intersection":"福林路 x 雨農路","accident_count":4,"motorcycle_accident_count":4,"pedestrian_accident_count":0,"death_count":0,"injury_count":7,"fatal_accident_count":0,"risk_score":61.5,"risk_level":"medium","confidence":"confirmed","motorcycle_accident_ratio":1.0,"pedestrian_accident_ratio":0.0}},{"type":"Feature","geometry":{"type":"Point","coordinates":[121.51164,25.08905]},"properties":{"hotspot_id":"臺北市-50164","hotspot_type":"intersection","county":"臺北市","township":"士林區","road_or_intersection":"社正路 x 通河西街2段","accident_count":4,"motorcycle_accident_count":4,"pedestrian_accident_count":0,"death_count":0,"injury_count":7,"fatal_accident_count":0,"risk_score":61.5,"risk_level":"medium","confidence":"confirmed","motorcycle_accident_ratio":1.0,"pedestrian_accident_ratio":0.0}},{"type":"Feature","geometry":{"type":"Point","coordinates":[121.50815,25.04237]},"properties":{"hotspot_id":"臺北市-51091","hotspot_type":"intersection","county":"臺北市","township":"萬華區","road_or_intersection":"中華路1段 x 成都路","accident_count":4,"motorcycle_accident_count":4,"pedestrian_accident_count":0,"death_count":0,"injury_count":7,"fatal_accident_count":0,"risk_score":61.5,"risk_level":"medium","confidence":"confirmed","motorcycle_accident_ratio":1.0,"pedestrian_accident_ratio":0.0}},{"type":"Feature","geometry":{"type":"Point","coordinates":[121.55688,25.04507]},"properties":{"hotspot_id":"臺北市-51068","hotspot_type":"intersection","county":"臺北市","township":"松山區市","road_or_intersection":"光復南路 x 民大道4段","accident_count":4,"motorcycle_accident_count":4,"pedestrian_accident_count":0,"death_count":0,"injury_count":7,"fatal_accident_count":0,"risk_score":61.5,"risk_level":"medium","confidence":"confirmed","motorcycle_accident_ratio":1.0,"pedestrian_accident_ratio":0.0}},{"type":"Feature","geometry":{"type":"Point","coordinates":[121.51697,25.05079]},"properties":{"hotspot_id":"臺北市-50242","hotspot_type":"intersection","county":"臺北市","township":"大同區","road_or_intersection":"南京西路 x 長安西路","accident_count":6,"motorcycle_accident_count":5,"pedestrian_accident_count":1,"death_count":0,"injury_count":6,"fatal_accident_count":0,"risk_score":61.3,"risk_level":"medium","confidence":"confirmed","motorcycle_accident_ratio":0.8333,"pedestrian_accident_ratio":0.1667}},{"type":"Feature","geometry":{"type":"Point","coordinates":[121.55582,25.02709]},"properties":{"hotspot_id":"臺北市-51849","hotspot_type":"intersection","county":"臺北市","township":"信義區","road_or_intersection":"基隆路2段","accident_count":6,"motorcycle_accident_count":5,"pedestrian_accident_count":1,"death_count":0,"injury_count":6,"fatal_accident_count":0,"risk_score":61.3,"risk_level":"medium","confidence":"probable","motorcycle_accident_ratio":0.8333,"pedestrian_accident_ratio":0.1667}},{"type":"Feature","geometry":{"type":"Point","coordinates":[121.57953,25.0649]},"properties":{"hotspot_id":"臺北市-49392","hotspot_type":"intersection","county":"臺北市","township":"內湖區","road_or_intersection":"新湖三路 x 行愛路","accident_count":6,"motorcycle_accident_count":5,"pedestrian_accident_count":1,"death_count":0,"injury_count":6,"fatal_accident_count":0,"risk_score":61.3,"risk_level":"medium","confidence":"confirmed","motorcycle_accident_ratio":0.8333,"pedestrian_accident_ratio":0.1667}},{"type":"Feature","geometry":{"type":"Point","coordinates":[121.56538,25.03198]},"properties":{"hotspot_id":"臺北市-49210","hotspot_type":"intersection","county":"臺北市","township":"信義區","road_or_intersection":"松勤街 x 松智路","accident_count":6,"motorcycle_accident_count":5,"pedestrian_accident_count":1,"death_count":0,"injury_count":6,"fatal_accident_count":0,"risk_score":61.3,"risk_level":"medium","confidence":"confirmed","motorcycle_accident_ratio":0.8333,"pedestrian_accident_ratio":0.1667}},{"type":"Feature","geometry":{"type":"Point","coordinates":[121.50303,25.03876]},"properties":{"hotspot_id":"臺北市-51240","hotspot_type":"intersection","county":"臺北市","township":"萬華區","road_or_intersection":"永福街 x 貴陽街2段","accident_count":6,"motorcycle_accident_count":5,"pedestrian_accident_count":0,"death_count":0,"injury_count":11,"fatal_accident_count":0,"risk_score":61.3,"risk_level":"medium","confidence":"confirmed","motorcycle_accident_ratio":0.8333,"pedestrian_accident_ratio":0.0}},{"type":"Feature","geometry":{"type":"Point","coordinates":[121.5564,25.08261]},"properties":{"hotspot_id":"臺北市-48621","hotspot_type":"intersection","county":"臺北市","township":"中山區","road_or_intersection":"敬業三路 x 樂群三路","accident_count":6,"motorcycle_accident_count":5,"pedestrian_accident_count":1,"death_count":0,"injury_count":6,"fatal_accident_count":0,"risk_score":61.3,"risk_level":"medium","confidence":"confirmed","motorcycle_accident_ratio":0.8333,"pedestrian_accident_ratio":0.1667}},{"type":"Feature","geometry":{"type":"Point","coordinates":[121.53598,25.05872]},"properties":{"hotspot_id":"臺北市-48528","hotspot_type":"intersection","county":"臺北市","township":"中山區","road_or_intersection":"合江街 x 錦州街","accident_count":6,"motorcycle_accident_count":5,"pedestrian_accident_count":1,"death_count":0,"injury_count":6,"fatal_accident_count":0,"risk_score":61.3,"risk_level":"medium","confidence":"confirmed","motorcycle_accident_ratio":0.8333,"pedestrian_accident_ratio":0.1667}},{"type":"Feature","geometry":{"type":"Point","coordinates":[121.54096,24.98903]},"properties":{"hotspot_id":"臺北市-50774","hotspot_type":"intersection","county":"臺北市","township":"文山區","road_or_intersection":"景文街 x 景美街","accident_count":5,"motorcycle_accident_count":5,"pedestrian_accident_count":0,"death_count":0,"injury_count":6,"fatal_accident_count":0,"risk_score":61.2,"risk_level":"medium","confidence":"confirmed","motorcycle_accident_ratio":1.0,"pedestrian_accident_ratio":0.0}},{"type":"Feature","geometry":{"type":"Point","coordinates":[121.54123,24.99487]},"properties":{"hotspot_id":"臺北市-50795","hotspot_type":"intersection","county":"臺北市","township":"文山區","road_or_intersection":"景華街 x 羅斯福路6段","accident_count":5,"motorcycle_accident_count":5,"pedestrian_accident_count":0,"death_count":0,"injury_count":6,"fatal_accident_count":0,"risk_score":61.2,"risk_level":"medium","confidence":"confirmed","motorcycle_accident_ratio":1.0,"pedestrian_accident_ratio":0.0}},{"type":"Feature","geometry":{"type":"Point","coordinates":[121.55983,24.9969]},"properties":{"hotspot_id":"臺北市-50881","hotspot_type":"intersection","county":"臺北市","township":"文山區","road_or_intersection":"興隆路3段 x 萬芳路","accident_count":5,"motorcycle_accident_count":5,"pedestrian_accident_count":0,"death_count":0,"injury_count":6,"fatal_accident_count":0,"risk_score":61.2,"risk_level":"medium","confidence":"confirmed","motorcycle_accident_ratio":1.0,"pedestrian_accident_ratio":0.0}},{"type":"Feature","geometry":{"type":"Point","coordinates":[121.56678,24.98314]},"properties":{"hotspot_id":"臺北市-50733","hotspot_type":"intersection","county":"臺北市","township":"文山區","road_or_intersection":"恆光街 x 木新路2段","accident_count":5,"motorcycle_accident_count":5,"pedestrian_accident_count":0,"death_count":0,"injury_count":6,"fatal_accident_count":0,"risk_score":61.2,"risk_level":"medium","confidence":"confirmed","motorcycle_accident_ratio":1.0,"pedestrian_accident_ratio":0.0}},{"type":"Feature","geometry":{"type":"Point","coordinates":[121.55039,25.02445]},"properties":{"hotspot_id":"臺北市-50497","hotspot_type":"intersection","county":"臺北市","township":"大安區","road_or_intersection":"和平東路3段 x 安和路2段","accident_count":5,"motorcycle_accident_count":5,"pedestrian_accident_count":0,"death_count":0,"injury_count":6,"fatal_accident_count":0,"risk_score":61.2,"risk_level":"medium","confidence":"confirmed","motorcycle_accident_ratio":1.0,"pedestrian_accident_ratio":0.0}},{"type":"Feature","geometry":{"type":"Point","coordinates":[121.54811,25.13817]},"properties":{"hotspot_id":"臺北市-51338","hotspot_type":"intersection","county":"臺北市","township":"士林區","road_or_intersection":"菁山路","accident_count":5,"motorcycle_accident_count":5,"pedestrian_accident_count":0,"death_count":0,"injury_count":6,"fatal_accident_count":0,"risk_score":61.2,"risk_level":"medium","confidence":"probable","motorcycle_accident_ratio":1.0,"pedestrian_accident_ratio":0.0}},{"type":"Feature","geometry":{"type":"Point","coordinates":[121.58855,25.00105]},"properties":{"hotspot_id":"臺北市-51351","hotspot_type":"intersection","county":"臺北市","township":"文山區","road_or_intersection":"木柵路5段","accident_count":8,"motorcycle_accident_count":6,"pedestrian_accident_count":0,"death_count":0,"injury_count":10,"fatal_accident_count":0,"risk_score":61.2,"risk_level":"medium","confidence":"probable","motorcycle_accident_ratio":0.75,"pedestrian_accident_ratio":0.0}},{"type":"Feature","geometry":{"type":"Point","coordinates":[121.53266,25.0334]},"properties":{"hotspot_id":"臺北市-50437","hotspot_type":"intersection","county":"臺北市","township":"大安區","road_or_intersection":"信義路2段 x 新生南路2段","accident_count":5,"motorcycle_accident_count":5,"pedestrian_accident_count":0,"death_count":0,"injury_count":6,"fatal_accident_count":0,"risk_score":61.2,"risk_level":"medium","confidence":"confirmed","motorcycle_accident_ratio":1.0,"pedestrian_accident_ratio":0.0}},{"type":"Feature","geometry":{"type":"Point","coordinates":[121.60952,25.07493]},"properties":{"hotspot_id":"臺北市-51363","hotspot_type":"intersection","county":"臺北市","township":"內湖區","road_or_intersection":"康寧路3段","accident_count":5,"motorcycle_accident_count":5,"pedestrian_accident_count":0,"death_count":0,"injury_count":6,"fatal_accident_count":0,"risk_score":61.2,"risk_level":"medium","confidence":"probable","motorcycle_accident_ratio":1.0,"pedestrian_accident_ratio":0.0}},{"type":"Feature","geometry":{"type":"Point","coordinates":[121.51241,25.05716]},"properties":{"hotspot_id":"臺北市-50356","hotspot_type":"intersection","county":"臺北市","township":"大同區","road_or_intersection":"民生西路","accident_count":5,"motorcycle_accident_count":5,"pedestrian_accident_count":0,"death_count":0,"injury_count":6,"fatal_accident_count":0,"risk_score":61.2,"risk_level":"medium","confidence":"confirmed","motorcycle_accident_ratio":1.0,"pedestrian_accident_ratio":0.0}},{"type":"Feature","geometry":{"type":"Point","coordinates":[121.51686,25.04881]},"properties":{"hotspot_id":"臺北市-50410","hotspot_type":"intersection","county":"臺北市","township":"大同區市","road_or_intersection":"承德路1段 x 民大道1段","accident_count":5,"motorcycle_accident_count":5,"pedestrian_accident_count":0,"death_count":0,"injury_count":6,"fatal_accident_count":0,"risk_score":61.2,"risk_level":"medium","confidence":"confirmed","motorcycle_accident_ratio":1.0,"pedestrian_accident_ratio":0.0}},{"type":"Feature","geometry":{"type":"Point","coordinates":[121.51144,25.05901]},"properties":{"hotspot_id":"臺北市-50219","hotspot_type":"intersection","county":"臺北市","township":"大同區","road_or_intersection":"保安街 x 延平北路2段","accident_count":5,"motorcycle_accident_count":5,"pedestrian_accident_count":0,"death_count":0,"injury_count":6,"fatal_accident_count":0,"risk_score":61.2,"risk_level":"medium","confidence":"confirmed","motorcycle_accident_ratio":1.0,"pedestrian_accident_ratio":0.0}},{"type":"Feature","geometry":{"type":"Point","coordinates":[121.50528,25.09273]},"properties":{"hotspot_id":"臺北市-50160","hotspot_type":"intersection","county":"臺北市","township":"士林區","road_or_intersection":"社中街 x 通河西街2段","accident_count":5,"motorcycle_accident_count":5,"pedestrian_accident_count":0,"death_count":0,"injury_count":6,"fatal_accident_count":0,"risk_score":61.2,"risk_level":"medium","confidence":"confirmed","motorcycle_accident_ratio":1.0,"pedestrian_accident_ratio":0.0}},{"type":"Feature","geometry":{"type":"Point","coordinates":[121.54281,25.07932]},"properties":{"hotspot_id":"臺北市-51515","hotspot_type":"intersection","county":"臺北市","township":"中山區","road_or_intersection":"北安路","accident_count":5,"motorcycle_accident_count":5,"pedestrian_accident_count":0,"death_count":0,"injury_count":6,"fatal_accident_count":0,"risk_score":61.2,"risk_level":"medium","confidence":"probable","motorcycle_accident_ratio":1.0,"pedestrian_accident_ratio":0.0}},{"type":"Feature","geometry":{"type":"Point","coordinates":[121.52242,25.09235]},"properties":{"hotspot_id":"臺北市-50025","hotspot_type":"intersection","county":"臺北市","township":"士林區","road_or_intersection":"基河路 x 福德路","accident_count":5,"motorcycle_accident_count":5,"pedestrian_accident_count":0,"death_count":0,"injury_count":6,"fatal_accident_count":0,"risk_score":61.2,"risk_level":"medium","confidence":"confirmed","motorcycle_accident_ratio":1.0,"pedestrian_accident_ratio":0.0}},{"type":"Feature","geometry":{"type":"Point","coordinates":[121.53329,25.11134]},"properties":{"hotspot_id":"臺北市-50035","hotspot_type":"intersection","county":"臺北市","township":"士林區","road_or_intersection":"士東路 x 德行東路","accident_count":5,"motorcycle_accident_count":5,"pedestrian_accident_count":0,"death_count":0,"injury_count":6,"fatal_accident_count":0,"risk_score":61.2,"risk_level":"medium","confidence":"confirmed","motorcycle_accident_ratio":1.0,"pedestrian_accident_ratio":0.0}},{"type":"Feature","geometry":{"type":"Point","coordinates":[121.58244,25.04509]},"properties":{"hotspot_id":"臺北市-49856","hotspot_type":"intersection","county":"臺北市","township":"南港區","road_or_intersection":"忠孝東路5段 x 永吉路","accident_count":5,"motorcycle_accident_count":5,"pedestrian_accident_count":0,"death_count":0,"injury_count":6,"fatal_accident_count":0,"risk_score":61.2,"risk_level":"medium","confidence":"confirmed","motorcycle_accident_ratio":1.0,"pedestrian_accident_ratio":0.0}},{"type":"Feature","geometry":{"type":"Point","coordinates":[121.58901,25.05047]},"properties":{"hotspot_id":"臺北市-49920","hotspot_type":"intersection","county":"臺北市","township":"南港區市","road_or_intersection":"忠孝東路6段 x 民大道7段","accident_count":5,"motorcycle_accident_count":5,"pedestrian_accident_count":0,"death_count":0,"injury_count":6,"fatal_accident_count":0,"risk_score":61.2,"risk_level":"medium","confidence":"confirmed","motorcycle_accident_ratio":1.0,"pedestrian_accident_ratio":0.0}},{"type":"Feature","geometry":{"type":"Point","coordinates":[121.52648,25.10088]},"properties":{"hotspot_id":"臺北市-49944","hotspot_type":"intersection","county":"臺北市","township":"士林區","road_or_intersection":"中山北路5段 x 雙溪街","accident_count":5,"motorcycle_accident_count":5,"pedestrian_accident_count":0,"death_count":0,"injury_count":6,"fatal_accident_count":0,"risk_score":61.2,"risk_level":"medium","confidence":"confirmed","motorcycle_accident_ratio":1.0,"pedestrian_accident_ratio":0.0}},{"type":"Feature","geometry":{"type":"Point","coordinates":[121.51866,25.1188]},"properties":{"hotspot_id":"臺北市-49741","hotspot_type":"intersection","county":"臺北市","township":"北投區","road_or_intersection":"石牌路2段 x 立農街2段","accident_count":6,"motorcycle_accident_count":4,"pedestrian_accident_count":1,"death_count":0,"injury_count":7,"fatal_accident_count":0,"risk_score":61.2,"risk_level":"medium","confidence":"confirmed","motorcycle_accident_ratio":0.6667,"pedestrian_accident_ratio":0.1667}},{"type":"Feature","geometry":{"type":"Point","coordinates":[121.60619,25.05426]},"properties":{"hotspot_id":"臺北市-49818","hotspot_type":"intersection","county":"臺北市","township":"南港區","road_or_intersection":"南港路1段 x 興華路","accident_count":5,"motorcycle_accident_count":5,"pedestrian_accident_count":0,"death_count":0,"injury_count":6,"fatal_accident_count":0,"risk_score":61.2,"risk_level":"medium","confidence":"confirmed","motorcycle_accident_ratio":1.0,"pedestrian_accident_ratio":0.0}},{"type":"Feature","geometry":{"type":"Point","coordinates":[121.60624,25.05427]},"properties":{"hotspot_id":"臺北市-49824","hotspot_type":"intersection","county":"臺北市","township":"南港區","road_or_intersection":"南港路2段 x 興華路","accident_count":5,"motorcycle_accident_count":5,"pedestrian_accident_count":0,"death_count":0,"injury_count":6,"fatal_accident_count":0,"risk_score":61.2,"risk_level":"medium","confidence":"confirmed","motorcycle_accident_ratio":1.0,"pedestrian_accident_ratio":0.0}},{"type":"Feature","geometry":{"type":"Point","coordinates":[121.49323,25.0347]},"properties":{"hotspot_id":"臺北市-51633","hotspot_type":"intersection","county":"臺北市","township":"萬華區","road_or_intersection":"和平西路3段","accident_count":5,"motorcycle_accident_count":5,"pedestrian_accident_count":0,"death_count":0,"injury_count":6,"fatal_accident_count":0,"risk_score":61.2,"risk_level":"medium","confidence":"probable","motorcycle_accident_ratio":1.0,"pedestrian_accident_ratio":0.0}},{"type":"Feature","geometry":{"type":"Point","coordinates":[121.50614,25.12348]},"properties":{"hotspot_id":"臺北市-49617","hotspot_type":"intersection","county":"臺北市","township":"北投區","road_or_intersection":"崇仁路1段","accident_count":5,"motorcycle_accident_count":5,"pedestrian_accident_count":0,"death_count":0,"injury_count":6,"fatal_accident_count":0,"risk_score":61.2,"risk_level":"medium","confidence":"confirmed","motorcycle_accident_ratio":1.0,"pedestrian_accident_ratio":0.0}},{"type":"Feature","geometry":{"type":"Point","coordinates":[121.50563,25.04943]},"properties":{"hotspot_id":"臺北市-51785","hotspot_type":"intersection","county":"臺北市","township":"大同區","road_or_intersection":"環河堤外便道","accident_count":5,"motorcycle_accident_count":5,"pedestrian_accident_count":0,"death_count":0,"injury_count":6,"fatal_accident_count":0,"risk_score":61.2,"risk_level":"medium","confidence":"probable","motorcycle_accident_ratio":1.0,"pedestrian_accident_ratio":0.0}},{"type":"Feature","geometry":{"type":"Point","coordinates":[121.55495,25.02257]},"properties":{"hotspot_id":"臺北市-51798","hotspot_type":"intersection","county":"臺北市","township":"信義區","road_or_intersection":"信安街","accident_count":6,"motorcycle_accident_count":4,"pedestrian_accident_count":1,"death_count":0,"injury_count":7,"fatal_accident_count":0,"risk_score":61.2,"risk_level":"medium","confidence":"probable","motorcycle_accident_ratio":0.6667,"pedestrian_accident_ratio":0.1667}},{"type":"Feature","geometry":{"type":"Point","coordinates":[121.5015,25.13311]},"properties":{"hotspot_id":"臺北市-49514","hotspot_type":"intersection","county":"臺北市","township":"北投區","road_or_intersection":"中央南路1段 x 光明路","accident_count":5,"motorcycle_accident_count":5,"pedestrian_accident_count":0,"death_count":0,"injury_count":6,"fatal_accident_count":0,"risk_score":61.2,"risk_level":"medium","confidence":"confirmed","motorcycle_accident_ratio":1.0,"pedestrian_accident_ratio":0.0}},{"type":"Feature","geometry":{"type":"Point","coordinates":[121.50683,25.12037]},"properties":{"hotspot_id":"臺北市-49551","hotspot_type":"intersection","county":"臺北市","township":"北投區","road_or_intersection":"公館路 x 西安街2段","accident_count":5,"motorcycle_accident_count":5,"pedestrian_accident_count":0,"death_count":0,"injury_count":6,"fatal_accident_count":0,"risk_score":61.2,"risk_level":"medium","confidence":"confirmed","motorcycle_accident_ratio":1.0,"pedestrian_accident_ratio":0.0}},{"type":"Feature","geometry":{"type":"Point","coordinates":[121.56832,25.03043]},"properties":{"hotspot_id":"臺北市-49201","hotspot_type":"intersection","county":"臺北市","township":"信義區","road_or_intersection":"松仁路 x 松平路","accident_count":6,"motorcycle_accident_count":4,"pedestrian_accident_count":1,"death_count":0,"injury_count":7,"fatal_accident_count":0,"risk_score":61.2,"risk_level":"medium","confidence":"confirmed","motorcycle_accident_ratio":0.6667,"pedestrian_accident_ratio":0.1667}},{"type":"Feature","geometry":{"type":"Point","coordinates":[121.5609,25.04129]},"properties":{"hotspot_id":"臺北市-51903","hotspot_type":"intersection","county":"臺北市","township":"信義區","road_or_intersection":"忠孝東路4段","accident_count":5,"motorcycle_accident_count":5,"pedestrian_accident_count":0,"death_count":0,"injury_count":6,"fatal_accident_count":0,"risk_score":61.2,"risk_level":"medium","confidence":"probable","motorcycle_accident_ratio":1.0,"pedestrian_accident_ratio":0.0}},{"type":"Feature","geometry":{"type":"Point","coordinates":[121.5558,25.02405]},"properties":{"hotspot_id":"臺北市-49117","hotspot_type":"intersection","county":"臺北市","township":"信義區","road_or_intersection":"信安街 x 崇德街","accident_count":6,"motorcycle_accident_count":4,"pedestrian_accident_count":1,"death_count":0,"injury_count":7,"fatal_accident_count":0,"risk_score":61.2,"risk_level":"medium","confidence":"confirmed","motorcycle_accident_ratio":0.6667,"pedestrian_accident_ratio":0.1667}},{"type":"Feature","geometry":{"type":"Point","coordinates":[121.55788,25.04132]},"properties":{"hotspot_id":"臺北市-49139","hotspot_type":"intersection","county":"臺北市","township":"信義區","road_or_intersection":"光復南路 x 忠孝東路4段","accident_count":5,"motorcycle_accident_count":5,"pedestrian_accident_count":0,"death_count":0,"injury_count":6,"fatal_accident_count":0,"risk_score":61.2,"risk_level":"medium","confidence":"confirmed","motorcycle_accident_ratio":1.0,"pedestrian_accident_ratio":0.0}},{"type":"Feature","geometry":{"type":"Point","coordinates":[121.52484,25.04195]},"properties":{"hotspot_id":"臺北市-49036","hotspot_type":"intersection","county":"臺北市","township":"中正區","road_or_intersection":"濟南路1段 x 紹興南街","accident_count":5,"motorcycle_accident_count":5,"pedestrian_accident_count":0,"death_count":0,"injury_count":6,"fatal_accident_count":0,"risk_score":61.2,"risk_level":"medium","confidence":"confirmed","motorcycle_accident_ratio":1.0,"pedestrian_accident_ratio":0.0}},{"type":"Feature","geometry":{"type":"Point","coordinates":[121.51822,25.04078]},"properties":{"hotspot_id":"臺北市-48763","hotspot_type":"intersection","county":"臺北市","township":"中正區","road_or_intersection":"中山南路 x 常德街","accident_count":5,"motorcycle_accident_count":5,"pedestrian_accident_count":0,"death_count":0,"injury_count":6,"fatal_accident_count":0,"risk_score":61.2,"risk_level":"medium","confidence":"confirmed","motorcycle_accident_ratio":1.0,"pedestrian_accident_ratio":0.0}},{"type":"Feature","geometry":{"type":"Point","coordinates":[121.53995,25.05443]},"properties":{"hotspot_id":"臺北市-48727","hotspot_type":"intersection","county":"臺北市","township":"中山區","road_or_intersection":"長春路 x 龍江路","accident_count":5,"motorcycle_accident_count":5,"pedestrian_accident_count":0,"death_count":0,"injury_count":6,"fatal_accident_count":0,"risk_score":61.2,"risk_level":"medium","confidence":"confirmed","motorcycle_accident_ratio":1.0,"pedestrian_accident_ratio":0.0}},{"type":"Feature","geometry":{"type":"Point","coordinates":[121.544,25.05472]},"properties":{"hotspot_id":"臺北市-48604","hotspot_type":"intersection","county":"臺北市","township":"中山區","road_or_intersection":"復興北路 x 長春路","accident_count":5,"motorcycle_accident_count":5,"pedestrian_accident_count":0,"death_count":0,"injury_count":6,"fatal_accident_count":0,"risk_score":61.2,"risk_level":"medium","confidence":"confirmed","motorcycle_accident_ratio":1.0,"pedestrian_accident_ratio":0.0}},{"type":"Feature","geometry":{"type":"Point","coordinates":[121.55847,25.08469]},"properties":{"hotspot_id":"臺北市-48499","hotspot_type":"intersection","county":"臺北市","township":"中山區","road_or_intersection":"北安路 x 敬業四路","accident_count":6,"motorcycle_accident_count":4,"pedestrian_accident_count":1,"death_count":0,"injury_count":7,"fatal_accident_count":0,"risk_score":61.2,"risk_level":"medium","confidence":"confirmed","motorcycle_accident_ratio":0.6667,"pedestrian_accident_ratio":0.1667}},{"type":"Feature","geometry":{"type":"Point","coordinates":[121.52329,25.05782]},"properties":{"hotspot_id":"臺北市-48442","hotspot_type":"intersection","county":"臺北市","township":"中山區","road_or_intersection":"中山北路2段 x 民生東路1段","accident_count":6,"motorcycle_accident_count":4,"pedestrian_accident_count":1,"death_count":0,"injury_count":7,"fatal_accident_count":0,"risk_score":61.2,"risk_level":"medium","confidence":"confirmed","motorcycle_accident_ratio":0.6667,"pedestrian_accident_ratio":0.1667}},{"type":"Feature","geometry":{"type":"Point","coordinates":[121.55265,25.04983]},"properties":{"hotspot_id":"臺北市-50974","hotspot_type":"intersection","county":"臺北市","township":"松山區","road_or_intersection":"北寧路","accident_count":5,"motorcycle_accident_count":4,"pedestrian_accident_count":1,"death_count":0,"injury_count":7,"fatal_accident_count":0,"risk_score":61.1,"risk_level":"medium","confidence":"confirmed","motorcycle_accident_ratio":0.8,"pedestrian_accident_ratio":0.2}},{"type":"Feature","geometry":{"type":"Point","coordinates":[121.55108,25.02818]},"properties":{"hotspot_id":"臺北市-50546","hotspot_type":"intersection","county":"臺北市","township":"大安區","road_or_intersection":"安和路2段 x 樂利路","accident_count":5,"motorcycle_accident_count":4,"pedestrian_accident_count":1,"death_count":0,"injury_count":7,"fatal_accident_count":0,"risk_score":61.1,"risk_level":"medium","confidence":"confirmed","motorcycle_accident_ratio":0.8,"pedestrian_accident_ratio":0.2}},{"type":"Feature","geometry":{"type":"Point","coordinates":[121.5489,25.03339]},"properties":{"hotspot_id":"臺北市-50461","hotspot_type":"intersection","county":"臺北市","township":"大安區","road_or_intersection":"信義路4段 x 敦化南路1段","accident_count":5,"motorcycle_accident_count":4,"pedestrian_accident_count":1,"death_count":0,"injury_count":7,"fatal_accident_count":0,"risk_score":61.1,"risk_level":"medium","confidence":"confirmed","motorcycle_accident_ratio":0.8,"pedestrian_accident_ratio":0.2}},{"type":"Feature","geometry":{"type":"Point","coordinates":[121.60533,25.05786]},"properties":{"hotspot_id":"臺北市-49906","hotspot_type":"intersection","county":"臺北市","township":"南港區","road_or_intersection":"興華路 x 重陽路","accident_count":5,"motorcycle_accident_count":4,"pedestrian_accident_count":1,"death_count":0,"injury_count":7,"fatal_accident_count":0,"risk_score":61.1,"risk_level":"medium","confidence":"confirmed","motorcycle_accident_ratio":0.8,"pedestrian_accident_ratio":0.2}},{"type":"Feature","geometry":{"type":"Point","coordinates":[121.5276,25.06005]},"properties":{"hotspot_id":"臺北市-51674","hotspot_type":"intersection","county":"臺北市","township":"中山區","road_or_intersection":"新生北路2段","accident_count":5,"motorcycle_accident_count":4,"pedestrian_accident_count":1,"death_count":0,"injury_count":7,"fatal_accident_count":0,"risk_score":61.1,"risk_level":"medium","confidence":"probable","motorcycle_accident_ratio":0.8,"pedestrian_accident_ratio":0.2}},{"type":"Feature","geometry":{"type":"Point","coordinates":[121.53275,25.04524]},"properties":{"hotspot_id":"臺北市-49088","hotspot_type":"intersection","county":"臺北市","township":"中正區市","road_or_intersection":"新生北路1段 x 民大道3段","accident_count":5,"motorcycle_accident_count":4,"pedestrian_accident_count":1,"death_count":0,"injury_count":7,"fatal_accident_count":0,"risk_score":61.1,"risk_level":"medium","confidence":"confirmed","motorcycle_accident_ratio":0.8,"pedestrian_accident_ratio":0.2}},{"type":"Feature","geometry":{"type":"Point","coordinates":[121.51218,25.02886]},"properties":{"hotspot_id":"臺北市-48893","hotspot_type":"intersection","county":"臺北市","township":"中正區","road_or_intersection":"和平西路2段 x 寧波西街","accident_count":5,"motorcycle_accident_count":3,"pedestrian_accident_count":1,"death_count":0,"injury_count":8,"fatal_accident_count":0,"risk_score":61.1,"risk_level":"medium","confidence":"confirmed","motorcycle_accident_ratio":0.6,"pedestrian_accident_ratio":0.2}},{"type":"Feature","geometry":{"type":"Point","coordinates":[121.53035,25.06241]},"properties":{"hotspot_id":"臺北市-48693","hotspot_type":"intersection","county":"臺北市","township":"中山區","road_or_intersection":"民權東路2段 x 農安街","accident_count":6,"motorcycle_accident_count":3,"pedestrian_accident_count":2,"death_count":0,"injury_count":7,"fatal_accident_count":0,"risk_score":61.0,"risk_level":"medium","confidence":"confirmed","motorcycle_accident_ratio":0.5,"pedestrian_accident_ratio":0.3333}},{"type":"Feature","geometry":{"type":"Point","coordinates":[121.56926,25.03916]},"properties":{"hotspot_id":"臺北市-49189","hotspot_type":"intersection","county":"臺北市","township":"信義區","road_or_intersection":"忠孝東路5段 x 松高路","accident_count":9,"motorcycle_accident_count":7,"pedestrian_accident_count":0,"death_count":0,"injury_count":9,"fatal_accident_count":0,"risk_score":61.0,"risk_level":"medium","confidence":"confirmed","motorcycle_accident_ratio":0.7778,"pedestrian_accident_ratio":0.0}},{"type":"Feature","geometry":{"type":"Point","coordinates":[121.50427,25.04043]},"properties":{"hotspot_id":"臺北市-51208","hotspot_type":"intersection","county":"臺北市","township":"萬華區","road_or_intersection":"昆明街 x 長沙街2段","accident_count":5,"motorcycle_accident_count":2,"pedestrian_accident_count":2,"death_count":0,"injury_count":8,"fatal_accident_count":0,"risk_score":60.8,"risk_level":"medium","confidence":"confirmed","motorcycle_accident_ratio":0.4,"pedestrian_accident_ratio":0.4}},{"type":"Feature","geometry":{"type":"Point","coordinates":[121.49919,25.03449]},"properties":{"hotspot_id":"臺北市-51152","hotspot_type":"intersection","county":"臺北市","township":"萬華區","road_or_intersection":"大理街 x 西園路1段","accident_count":6,"motorcycle_accident_count":2,"pedestrian_accident_count":3,"death_count":0,"injury_count":7,"fatal_accident_count":0,"risk_score":60.8,"risk_level":"medium","confidence":"confirmed","motorcycle_accident_ratio":0.3333,"pedestrian_accident_ratio":0.5}},{"type":"Feature","geometry":{"type":"Point","coordinates":[121.56502,25.02763]},"properties":{"hotspot_id":"臺北市-51658","hotspot_type":"intersection","county":"臺北市","township":"信義區","road_or_intersection":"莊敬路","accident_count":5,"motorcycle_accident_count":2,"pedestrian_accident_count":2,"death_count":0,"injury_count":8,"fatal_accident_count":0,"risk_score":60.8,"risk_level":"medium","confidence":"probable","motorcycle_accident_ratio":0.4,"pedestrian_accident_ratio":0.4}},{"type":"Feature","geometry":{"type":"Point","coordinates":[121.52653,25.02903]},"properties":{"hotspot_id":"臺北市-50639","hotspot_type":"intersection","county":"臺北市","township":"大安區","road_or_intersection":"潮州街 x 金山南路2段","accident_count":7,"motorcycle_accident_count":6,"pedestrian_accident_count":0,"death_count":0,"injury_count":9,"fatal_accident_count":0,"risk_score":60.6,"risk_level":"medium","confidence":"confirmed","motorcycle_accident_ratio":0.8571,"pedestrian_accident_ratio":0.0}},{"type":"Feature","geometry":{"type":"Point","coordinates":[121.52285,25.05241]},"properties":{"hotspot_id":"臺北市-48435","hotspot_type":"intersection","county":"臺北市","township":"中山區","road_or_intersection":"中山北路2段 x 南京東路1段","accident_count":7,"motorcycle_accident_count":6,"pedestrian_accident_count":0,"death_count":0,"injury_count":9,"fatal_accident_count":0,"risk_score":60.6,"risk_level":"medium","confidence":"confirmed","motorcycle_accident_ratio":0.8571,"pedestrian_accident_ratio":0.0}},{"type":"Feature","geometry":{"type":"Point","coordinates":[121.53055,25.04541]},"properties":{"hotspot_id":"臺北市-51859","hotspot_type":"intersection","county":"臺北市","township":"中正區","road_or_intersection":"金山北路","accident_count":7,"motorcycle_accident_count":6,"pedestrian_accident_count":0,"death_count":0,"injury_count":9,"fatal_accident_count":0,"risk_score":60.6,"risk_level":"medium","confidence":"probable","motorcycle_accident_ratio":0.8571,"pedestrian_accident_ratio":0.0}},{"type":"Feature","geometry":{"type":"Point","coordinates":[121.54382,25.04778]},"properties":{"hotspot_id":"臺北市-48483","hotspot_type":"intersection","county":"臺北市","township":"中山區","road_or_intersection":"八德路2段 x 復興北路","accident_count":7,"motorcycle_accident_count":6,"pedestrian_accident_count":0,"death_count":0,"injury_count":9,"fatal_accident_count":0,"risk_score":60.6,"risk_level":"medium","confidence":"confirmed","motorcycle_accident_ratio":0.8571,"pedestrian_accident_ratio":0.0}},{"type":"Feature","geometry":{"type":"Point","coordinates":[121.55251,25.03399]},"properties":{"hotspot_id":"臺北市-50456","hotspot_type":"intersection","county":"臺北市","township":"大安區","road_or_intersection":"信義路4段 x 安和路1段","accident_count":8,"motorcycle_accident_count":7,"pedestrian_accident_count":0,"death_count":0,"injury_count":8,"fatal_accident_count":0,"risk_score":60.4,"risk_level":"medium","confidence":"confirmed","motorcycle_accident_ratio":0.875,"pedestrian_accident_ratio":0.0}},{"type":"Feature","geometry":{"type":"Point","coordinates":[121.51148,25.06063]},"properties":{"hotspot_id":"臺北市-50296","hotspot_type":"intersection","county":"臺北市","township":"大同區","road_or_intersection":"延平北路2段 x 涼州街","accident_count":6,"motorcycle_accident_count":3,"pedestrian_accident_count":1,"death_count":0,"injury_count":7,"fatal_accident_count":0,"risk_score":60.4,"risk_level":"medium","confidence":"confirmed","motorcycle_accident_ratio":0.5,"pedestrian_accident_ratio":0.1667}},{"type":"Feature","geometry":{"type":"Point","coordinates":[121.52016,25.09321]},"properties":{"hotspot_id":"臺北市-49965","hotspot_type":"intersection","county":"臺北市","township":"士林區","road_or_intersection":"中正路 x 基河路","accident_count":8,"motorcycle_accident_count":7,"pedestrian_accident_count":0,"death_count":0,"injury_count":8,"fatal_accident_count":0,"risk_score":60.4,"risk_level":"medium","confidence":"confirmed","motorcycle_accident_ratio":0.875,"pedestrian_accident_ratio":0.0}},{"type":"Feature","geometry":{"type":"Point","coordinates":[121.51552,25.03961]},"properties":{"hotspot_id":"臺北市-48828","hotspot_type":"intersection","county":"臺北市","township":"中正區","road_or_intersection":"公園路 x 凱達格蘭大道","accident_count":8,"motorcycle_accident_count":5,"pedestrian_accident_count":0,"death_count":0,"injury_count":10,"fatal_accident_count":0,"risk_score":60.3,"risk_level":"medium","confidence":"confirmed","motorcycle_accident_ratio":0.625,"pedestrian_accident_ratio":0.0}},{"type":"Feature","geometry":{"type":"Point","coordinates":[121.50571,25.09231]},"properties":{"hotspot_id":"臺北市-50158","hotspot_type":"intersection","county":"臺北市","township":"士林區","road_or_intersection":"社中街","accident_count":6,"motorcycle_accident_count":5,"pedestrian_accident_count":0,"death_count":0,"injury_count":10,"fatal_accident_count":0,"risk_score":60.2,"risk_level":"medium","confidence":"confirmed","motorcycle_accident_ratio":0.8333,"pedestrian_accident_ratio":0.0}},{"type":"Feature","geometry":{"type":"Point","coordinates":[121.54019,25.03808]},"properties":{"hotspot_id":"臺北市-51655","hotspot_type":"intersection","county":"臺北市","township":"大安區","road_or_intersection":"仁愛路3段","accident_count":6,"motorcycle_accident_count":5,"pedestrian_accident_count":0,"death_count":0,"injury_count":10,"fatal_accident_count":0,"risk_score":60.2,"risk_level":"medium","confidence":"probable","motorcycle_accident_ratio":0.8333,"pedestrian_accident_ratio":0.0}},{"type":"Feature","geometry":{"type":"Point","coordinates":[121.50563,25.03465]},"properties":{"hotspot_id":"臺北市-51107","hotspot_type":"intersection","county":"臺北市","township":"萬華區","road_or_intersection":"中華路2段 x 艋舺大道","accident_count":6,"motorcycle_accident_count":5,"pedestrian_accident_count":0,"death_count":0,"injury_count":10,"fatal_accident_count":0,"risk_score":60.2,"risk_level":"medium","confidence":"confirmed","motorcycle_accident_ratio":0.8333,"pedestrian_accident_ratio":0.0}},{"type":"Feature","geometry":{"type":"Point","coordinates":[121.57727,24.98736]},"properties":{"hotspot_id":"臺北市-50741","hotspot_type":"intersection","county":"臺北市","township":"文山區","road_or_intersection":"指南路2段","accident_count":5,"motorcycle_accident_count":3,"pedestrian_accident_count":3,"death_count":0,"injury_count":7,"fatal_accident_count":0,"risk_score":60.1,"risk_level":"medium","confidence":"confirmed","motorcycle_accident_ratio":0.6,"pedestrian_accident_ratio":0.6}},{"type":"Feature","geometry":{"type":"Point","coordinates":[121.51472,25.11318]},"properties":{"hotspot_id":"臺北市-49736","hotspot_type":"intersection","county":"臺北市","township":"北投區","road_or_intersection":"石牌路1段 x 致遠一路2段","accident_count":3,"motorcycle_accident_count":3,"pedestrian_accident_count":0,"death_count":0,"injury_count":7,"fatal_accident_count":0,"risk_score":60.0,"risk_level":"medium","confidence":"confirmed","motorcycle_accident_ratio":1.0,"pedestrian_accident_ratio":0.0}},{"type":"Feature","geometry":{"type":"Point","coordinates":[121.51961,25.10947]},"properties":{"hotspot_id":"臺北市-49682","hotspot_type":"intersection","county":"臺北市","township":"北投區","road_or_intersection":"明德路 x 東華街1段","accident_count":3,"motorcycle_accident_count":3,"pedestrian_accident_count":0,"death_count":0,"injury_count":7,"fatal_accident_count":0,"risk_score":60.0,"risk_level":"medium","confidence":"confirmed","motorcycle_accident_ratio":1.0,"pedestrian_accident_ratio":0.0}},{"type":"Feature","geometry":{"type":"Point","coordinates":[121.51387,25.0963]},"properties":{"hotspot_id":"臺北市-50118","hotspot_type":"intersection","county":"臺北市","township":"士林區","road_or_intersection":"承德路5段","accident_count":3,"motorcycle_accident_count":3,"pedestrian_accident_count":0,"death_count":0,"injury_count":7,"fatal_accident_count":0,"risk_score":60.0,"risk_level":"medium","confidence":"confirmed","motorcycle_accident_ratio":1.0,"pedestrian_accident_ratio":0.0}},{"type":"Feature","geometry":{"type":"Point","coordinates":[121.51673,25.03519]},"properties":{"hotspot_id":"臺北市-48767","hotspot_type":"intersection","county":"臺北市","township":"中正區","road_or_intersection":"中山南路 x 愛國東路","accident_count":8,"motorcycle_accident_count":6,"pedestrian_accident_count":0,"death_count":0,"injury_count":9,"fatal_accident_count":0,"risk_score":59.9,"risk_level":"medium","confidence":"confirmed","motorcycle_accident_ratio":0.75,"pedestrian_accident_ratio":0.0}},{"type":"Feature","geometry":{"type":"Point","coordinates":[121.50833,25.04137]},"properties":{"hotspot_id":"臺北市-51671","hotspot_type":"intersection","county":"臺北市","township":"中正區","road_or_intersection":"中華路1段","accident_count":8,"motorcycle_accident_count":6,"pedestrian_accident_count":0,"death_count":0,"injury_count":9,"fatal_accident_count":0,"risk_score":59.9,"risk_level":"medium","confidence":"probable","motorcycle_accident_ratio":0.75,"pedestrian_accident_ratio":0.0}},{"type":"Feature","geometry":{"type":"Point","coordinates":[121.52562,25.0859]},"properties":{"hotspot_id":"臺北市-49935","hotspot_type":"intersection","county":"臺北市","township":"士林區","road_or_intersection":"中山北路5段 x 文林路","accident_count":8,"motorcycle_accident_count":6,"pedestrian_accident_count":0,"death_count":0,"injury_count":9,"fatal_accident_count":0,"risk_score":59.9,"risk_level":"medium","confidence":"confirmed","motorcycle_accident_ratio":0.75,"pedestrian_accident_ratio":0.0}},{"type":"Feature","geometry":{"type":"Point","coordinates":[121.5247,25.10491]},"properties":{"hotspot_id":"臺北市-49956","hotspot_type":"intersection","county":"臺北市","township":"士林區","road_or_intersection":"中山北路6段 x 福國路","accident_count":8,"motorcycle_accident_count":6,"pedestrian_accident_count":0,"death_count":0,"injury_count":9,"fatal_accident_count":0,"risk_score":59.9,"risk_level":"medium","confidence":"confirmed","motorcycle_accident_ratio":0.75,"pedestrian_accident_ratio":0.0}},{"type":"Feature","geometry":{"type":"Point","coordinates":[121.58087,25.07677]},"properties":{"hotspot_id":"臺北市-51449","hotspot_type":"intersection","county":"臺北市","township":"內湖區","road_or_intersection":"文德路","accident_count":5,"motorcycle_accident_count":4,"pedestrian_accident_count":3,"death_count":0,"injury_count":6,"fatal_accident_count":0,"risk_score":59.9,"risk_level":"medium","confidence":"probable","motorcycle_accident_ratio":0.8,"pedestrian_accident_ratio":0.6}},{"type":"Feature","geometry":{"type":"Point","coordinates":[121.49627,25.10894]},"properties":{"hotspot_id":"臺北市-51345","hotspot_type":"intersection","county":"臺北市","township":"士林區","road_or_intersection":"延平北路7段","accident_count":7,"motorcycle_accident_count":5,"pedestrian_accident_count":0,"death_count":0,"injury_count":10,"fatal_accident_count":0,"risk_score":59.9,"risk_level":"medium","confidence":"probable","motorcycle_accident_ratio":0.7143,"pedestrian_accident_ratio":0.0}},{"type":"Feature","geometry":{"type":"Point","coordinates":[121.55372,25.08533]},"properties":{"hotspot_id":"臺北市-48491","hotspot_type":"intersection","county":"臺北市","township":"中山區","road_or_intersection":"劍南路 x 北安路","accident_count":4,"motorcycle_accident_count":4,"pedestrian_accident_count":0,"death_count":0,"injury_count":6,"fatal_accident_count":0,"risk_score":59.6,"risk_level":"medium","confidence":"confirmed","motorcycle_accident_ratio":1.0,"pedestrian_accident_ratio":0.0}},{"type":"Feature","geometry":{"type":"Point","coordinates":[121.54402,25.05338]},"properties":{"hotspot_id":"臺北市-48601","hotspot_type":"intersection","county":"臺北市","township":"中山區","road_or_intersection":"復興北路 x 遼寧街","accident_count":4,"motorcycle_accident_count":4,"pedestrian_accident_count":0,"death_count":0,"injury_count":6,"fatal_accident_count":0,"risk_score":59.6,"risk_level":"medium","confidence":"confirmed","motorcycle_accident_ratio":1.0,"pedestrian_accident_ratio":0.0}},{"type":"Feature","geometry":{"type":"Point","coordinates":[121.52577,25.06831]},"properties":{"hotspot_id":"臺北市-48672","hotspot_type":"intersection","county":"臺北市","township":"中山區","road_or_intersection":"林森北路 x 民族東路","accident_count":4,"motorcycle_accident_count":4,"pedestrian_accident_count":0,"death_count":0,"injury_count":6,"fatal_accident_count":0,"risk_score":59.6,"risk_level":"medium","confidence":"confirmed","motorcycle_accident_ratio":1.0,"pedestrian_accident_ratio":0.0}},{"type":"Feature","geometry":{"type":"Point","coordinates":[121.50709,25.02681]},"properties":{"hotspot_id":"臺北市-48789","hotspot_type":"intersection","county":"臺北市","township":"中正區","road_or_intersection":"中華路2段 x 南海路","accident_count":4,"motorcycle_accident_count":4,"pedestrian_accident_count":0,"death_count":0,"injury_count":6,"fatal_accident_count":0,"risk_score":59.6,"risk_level":"medium","confidence":"confirmed","motorcycle_accident_ratio":1.0,"pedestrian_accident_ratio":0.0}},{"type":"Feature","geometry":{"type":"Point","coordinates":[121.51659,25.04332]},"properties":{"hotspot_id":"臺北市-48832","hotspot_type":"intersection","county":"臺北市","township":"中正區","road_or_intersection":"公園路 x 襄陽路","accident_count":4,"motorcycle_accident_count":4,"pedestrian_accident_count":0,"death_count":0,"injury_count":6,"fatal_accident_count":0,"risk_score":59.6,"risk_level":"medium","confidence":"confirmed","motorcycle_accident_ratio":1.0,"pedestrian_accident_ratio":0.0}},{"type":"Feature","geometry":{"type":"Point","coordinates":[121.50878,25.03915]},"properties":{"hotspot_id":"臺北市-48934","hotspot_type":"intersection","county":"臺北市","township":"中正區","road_or_intersection":"延平南路 x 貴陽街1段","accident_count":4,"motorcycle_accident_count":4,"pedestrian_accident_count":0,"death_count":0,"injury_count":6,"fatal_accident_count":0,"risk_score":59.6,"risk_level":"medium","confidence":"confirmed","motorcycle_accident_ratio":1.0,"pedestrian_accident_ratio":0.0}},{"type":"Feature","geometry":{"type":"Point","coordinates":[121.53123,25.0428]},"properties":{"hotspot_id":"臺北市-48947","hotspot_type":"intersection","county":"臺北市","township":"中正區","road_or_intersection":"忠孝東路2段","accident_count":4,"motorcycle_accident_count":4,"pedestrian_accident_count":0,"death_count":0,"injury_count":6,"fatal_accident_count":0,"risk_score":59.6,"risk_level":"medium","confidence":"confirmed","motorcycle_accident_ratio":1.0,"pedestrian_accident_ratio":0.0}},{"type":"Feature","geometry":{"type":"Point","coordinates":[121.52962,25.04267]},"properties":{"hotspot_id":"臺北市-49077","hotspot_type":"intersection","county":"臺北市","township":"中正區","road_or_intersection":"金山南路1段 x 齊東街","accident_count":4,"motorcycle_accident_count":4,"pedestrian_accident_count":0,"death_count":0,"injury_count":6,"fatal_accident_count":0,"risk_score":59.6,"risk_level":"medium","confidence":"confirmed","motorcycle_accident_ratio":1.0,"pedestrian_accident_ratio":0.0}},{"type":"Feature","geometry":{"type":"Point","coordinates":[121.55487,24.98018]},"properties":{"hotspot_id":"臺北市-50816","hotspot_type":"intersection","county":"臺北市","township":"文山區","road_or_intersection":"木新路3段 x 樟新街","accident_count":4,"motorcycle_accident_count":4,"pedestrian_accident_count":0,"death_count":0,"injury_count":6,"fatal_accident_count":0,"risk_score":59.6,"risk_level":"medium","confidence":"confirmed","motorcycle_accident_ratio":1.0,"pedestrian_accident_ratio":0.0}},{"type":"Feature","geometry":{"type":"Point","coordinates":[121.50613,25.04886]},"properties":{"hotspot_id":"臺北市-51195","hotspot_type":"intersection","county":"臺北市","township":"萬華區","road_or_intersection":"忠孝西路2段 x 環河南路1段","accident_count":4,"motorcycle_accident_count":4,"pedestrian_accident_count":0,"death_count":0,"injury_count":6,"fatal_accident_count":0,"risk_score":59.6,"risk_level":"medium","confidence":"confirmed","motorcycle_accident_ratio":1.0,"pedestrian_accident_ratio":0.0}},{"type":"Feature","geometry":{"type":"Point","coordinates":[121.57789,25.04904]},"properties":{"hotspot_id":"臺北市-49258","hotspot_type":"intersection","county":"臺北市","township":"信義區市","road_or_intersection":"松山路 x 民大道6段","accident_count":4,"motorcycle_accident_count":4,"pedestrian_accident_count":0,"death_count":0,"injury_count":6,"fatal_accident_count":0,"risk_score":59.6,"risk_level":"medium","confidence":"confirmed","motorcycle_accident_ratio":1.0,"pedestrian_accident_ratio":0.0}},{"type":"Feature","geometry":{"type":"Point","coordinates":[121.50726,25.03923]},"properties":{"hotspot_id":"臺北市-51097","hotspot_type":"intersection","county":"臺北市","township":"萬華區","road_or_intersection":"中華路1段 x 貴陽街2段","accident_count":4,"motorcycle_accident_count":4,"pedestrian_accident_count":0,"death_count":0,"injury_count":6,"fatal_accident_count":0,"risk_score":59.6,"risk_level":"medium","confidence":"confirmed","motorcycle_accident_ratio":1.0,"pedestrian_accident_ratio":0.0}},{"type":"Feature","geometry":{"type":"Point","coordinates":[121.59476,25.07942]},"properties":{"hotspot_id":"臺北市-49341","hotspot_type":"intersection","county":"臺北市","township":"內湖區","road_or_intersection":"康寧路1段 x 星雲街","accident_count":4,"motorcycle_accident_count":4,"pedestrian_accident_count":0,"death_count":0,"injury_count":6,"fatal_accident_count":0,"risk_score":59.6,"risk_level":"medium","confidence":"confirmed","motorcycle_accident_ratio":1.0,"pedestrian_accident_ratio":0.0}},{"type":"Feature","geometry":{"type":"Point","coordinates":[121.59,25.07745]},"properties":{"hotspot_id":"臺北市-49368","hotspot_type":"intersection","county":"臺北市","township":"內湖區","road_or_intersection":"成功路3段 x 陽光街","accident_count":4,"motorcycle_accident_count":4,"pedestrian_accident_count":0,"death_count":0,"injury_count":6,"fatal_accident_count":0,"risk_score":59.6,"risk_level":"medium","confidence":"confirmed","motorcycle_accident_ratio":1.0,"pedestrian_accident_ratio":0.0}},{"type":"Feature","geometry":{"type":"Point","coordinates":[121.57869,25.07509]},"properties":{"hotspot_id":"臺北市-49423","hotspot_type":"intersection","county":"臺北市","township":"內湖區","road_or_intersection":"江南街 x 陽光街","accident_count":4,"motorcycle_accident_count":4,"pedestrian_accident_count":0,"death_count":0,"injury_count":6,"fatal_accident_count":0,"risk_score":59.6,"risk_level":"medium","confidence":"confirmed","motorcycle_accident_ratio":1.0,"pedestrian_accident_ratio":0.0}},{"type":"Feature","geometry":{"type":"Point","coordinates":[121.5061,25.12613]},"properties":{"hotspot_id":"臺北市-49476","hotspot_type":"intersection","county":"臺北市","township":"北投區","road_or_intersection":"三合街1段 x 公館路","accident_count":4,"motorcycle_accident_count":4,"pedestrian_accident_count":0,"death_count":0,"injury_count":6,"fatal_accident_count":0,"risk_score":59.6,"risk_level":"medium","confidence":"confirmed","motorcycle_accident_ratio":1.0,"pedestrian_accident_ratio":0.0}},{"type":"Feature","geometry":{"type":"Point","coordinates":[121.50268,25.12256]},"properties":{"hotspot_id":"臺北市-49543","hotspot_type":"intersection","county":"臺北市","township":"北投區","road_or_intersection":"公館路 x 崇仁路1段","accident_count":4,"motorcycle_accident_count":4,"pedestrian_accident_count":0,"death_count":0,"injury_count":6,"fatal_accident_count":0,"risk_score":59.6,"risk_level":"medium","confidence":"confirmed","motorcycle_accident_ratio":1.0,"pedestrian_accident_ratio":0.0}},{"type":"Feature","geometry":{"type":"Point","coordinates":[121.49916,25.12991]},"properties":{"hotspot_id":"臺北市-49601","hotspot_type":"intersection","county":"臺北市","township":"北投區","road_or_intersection":"大興街","accident_count":4,"motorcycle_accident_count":4,"pedestrian_accident_count":0,"death_count":0,"injury_count":6,"fatal_accident_count":0,"risk_score":59.6,"risk_level":"medium","confidence":"confirmed","motorcycle_accident_ratio":1.0,"pedestrian_accident_ratio":0.0}},{"type":"Feature","geometry":{"type":"Point","coordinates":[121.51184,25.11434]},"properties":{"hotspot_id":"臺北市-49737","hotspot_type":"intersection","county":"臺北市","township":"北投區","road_or_intersection":"石牌路1段 x 致遠二路","accident_count":4,"motorcycle_accident_count":4,"pedestrian_accident_count":0,"death_count":0,"injury_count":6,"fatal_accident_count":0,"risk_score":59.6,"risk_level":"medium","confidence":"confirmed","motorcycle_accident_ratio":1.0,"pedestrian_accident_ratio":0.0}},{"type":"Feature","geometry":{"type":"Point","coordinates":[121.51689,25.11034]},"properties":{"hotspot_id":"臺北市-49765","hotspot_type":"intersection","county":"臺北市","township":"北投區","road_or_intersection":"自強街 x 致遠一路1段","accident_count":4,"motorcycle_accident_count":4,"pedestrian_accident_count":0,"death_count":0,"injury_count":6,"fatal_accident_count":0,"risk_score":59.6,"risk_level":"medium","confidence":"confirmed","motorcycle_accident_ratio":1.0,"pedestrian_accident_ratio":0.0}},{"type":"Feature","geometry":{"type":"Point","coordinates":[121.58019,25.05215]},"properties":{"hotspot_id":"臺北市-49796","hotspot_type":"intersection","county":"臺北市","township":"南港區","road_or_intersection":"中坡北路 x 松河街","accident_count":4,"motorcycle_accident_count":4,"pedestrian_accident_count":0,"death_count":0,"injury_count":6,"fatal_accident_count":0,"risk_score":59.6,"risk_level":"medium","confidence":"confirmed","motorcycle_accident_ratio":1.0,"pedestrian_accident_ratio":0.0}},{"type":"Feature","geometry":{"type":"Point","coordinates":[121.59385,25.05588]},"properties":{"hotspot_id":"臺北市-49840","hotspot_type":"intersection","county":"臺北市","township":"南港區","road_or_intersection":"向陽路","accident_count":4,"motorcycle_accident_count":4,"pedestrian_accident_count":0,"death_count":0,"injury_count":6,"fatal_accident_count":0,"risk_score":59.6,"risk_level":"medium","confidence":"confirmed","motorcycle_accident_ratio":1.0,"pedestrian_accident_ratio":0.0}},{"type":"Feature","geometry":{"type":"Point","coordinates":[121.58269,25.04504]},"properties":{"hotspot_id":"臺北市-49857","hotspot_type":"intersection","county":"臺北市","township":"南港區","road_or_intersection":"忠孝東路5段 x 玉成街","accident_count":4,"motorcycle_accident_count":4,"pedestrian_accident_count":0,"death_count":0,"injury_count":6,"fatal_accident_count":0,"risk_score":59.6,"risk_level":"medium","confidence":"confirmed","motorcycle_accident_ratio":1.0,"pedestrian_accident_ratio":0.0}},{"type":"Feature","geometry":{"type":"Point","coordinates":[121.61646,25.05448]},"properties":{"hotspot_id":"臺北市-49884","hotspot_type":"intersection","county":"臺北市","township":"南港區","road_or_intersection":"民大道8段 x 研究院路1段","accident_count":4,"motorcycle_accident_count":4,"pedestrian_accident_count":0,"death_count":0,"injury_count":6,"fatal_accident_count":0,"risk_score":59.6,"risk_level":"medium","confidence":"confirmed","motorcycle_accident_ratio":1.0,"pedestrian_accident_ratio":0.0}},{"type":"Feature","geometry":{"type":"Point","coordinates":[121.53211,25.11313]},"properties":{"hotspot_id":"臺北市-50037","hotspot_type":"intersection","county":"臺北市","township":"士林區","road_or_intersection":"士東路 x 芝玉路2段","accident_count":4,"motorcycle_accident_count":4,"pedestrian_accident_count":0,"death_count":0,"injury_count":6,"fatal_accident_count":0,"risk_score":59.6,"risk_level":"medium","confidence":"confirmed","motorcycle_accident_ratio":1.0,"pedestrian_accident_ratio":0.0}},{"type":"Feature","geometry":{"type":"Point","coordinates":[121.52602,25.09233]},"properties":{"hotspot_id":"臺北市-50133","hotspot_type":"intersection","county":"臺北市","township":"士林區","road_or_intersection":"文林路 x 福德路","accident_count":4,"motorcycle_accident_count":4,"pedestrian_accident_count":0,"death_count":0,"injury_count":6,"fatal_accident_count":0,"risk_score":59.6,"risk_level":"medium","confidence":"confirmed","motorcycle_accident_ratio":1.0,"pedestrian_accident_ratio":0.0}},{"type":"Feature","geometry":{"type":"Point","coordinates":[121.5234,25.09968]},"properties":{"hotspot_id":"臺北市-50136","hotspot_type":"intersection","county":"臺北市","township":"士林區","road_or_intersection":"文林路 x 雙溪街","accident_count":4,"motorcycle_accident_count":4,"pedestrian_accident_count":0,"death_count":0,"injury_count":6,"fatal_accident_count":0,"risk_score":59.6,"risk_level":"medium","confidence":"confirmed","motorcycle_accident_ratio":1.0,"pedestrian_accident_ratio":0.0}},{"type":"Feature","geometry":{"type":"Point","coordinates":[121.50631,25.0492]},"properties":{"hotspot_id":"臺北市-50309","hotspot_type":"intersection","county":"臺北市","township":"大同區","road_or_intersection":"忠孝西路2段 x 環河北路1段","accident_count":4,"motorcycle_accident_count":4,"pedestrian_accident_count":0,"death_count":0,"injury_count":6,"fatal_accident_count":0,"risk_score":59.6,"risk_level":"medium","confidence":"confirmed","motorcycle_accident_ratio":1.0,"pedestrian_accident_ratio":0.0}},{"type":"Feature","geometry":{"type":"Point","coordinates":[121.5007,25.04021]},"properties":{"hotspot_id":"臺北市-51301","hotspot_type":"intersection","county":"臺北市","township":"萬華區","road_or_intersection":"西昌街 x 貴陽街2段","accident_count":4,"motorcycle_accident_count":4,"pedestrian_accident_count":0,"death_count":0,"injury_count":6,"fatal_accident_count":0,"risk_score":59.6,"risk_level":"medium","confidence":"confirmed","motorcycle_accident_ratio":1.0,"pedestrian_accident_ratio":0.0}},{"type":"Feature","geometry":{"type":"Point","coordinates":[121.55302,25.02978]},"properties":{"hotspot_id":"臺北市-50664","hotspot_type":"intersection","county":"臺北市","township":"大安區","road_or_intersection":"通化街 x 通安街","accident_count":4,"motorcycle_accident_count":4,"pedestrian_accident_count":0,"death_count":0,"injury_count":6,"fatal_accident_count":0,"risk_score":59.6,"risk_level":"medium","confidence":"confirmed","motorcycle_accident_ratio":1.0,"pedestrian_accident_ratio":0.0}},{"type":"Feature","geometry":{"type":"Point","coordinates":[121.55385,25.04429]},"properties":{"hotspot_id":"臺北市-50678","hotspot_type":"intersection","county":"臺北市","township":"大安區市","road_or_intersection":"延吉街 x 民大道4段","accident_count":4,"motorcycle_accident_count":4,"pedestrian_accident_count":0,"death_count":0,"injury_count":6,"fatal_accident_count":0,"risk_score":59.6,"risk_level":"medium","confidence":"confirmed","motorcycle_accident_ratio":1.0,"pedestrian_accident_ratio":0.0}},{"type":"Feature","geometry":{"type":"Point","coordinates":[121.56667,25.05636]},"properties":{"hotspot_id":"臺北市-50928","hotspot_type":"intersection","county":"臺北市","township":"松山區","road_or_intersection":"健康路 x 延壽街","accident_count":4,"motorcycle_accident_count":4,"pedestrian_accident_count":0,"death_count":0,"injury_count":6,"fatal_accident_count":0,"risk_score":59.6,"risk_level":"medium","confidence":"confirmed","motorcycle_accident_ratio":1.0,"pedestrian_accident_ratio":0.0}},{"type":"Feature","geometry":{"type":"Point","coordinates":[121.50041,25.02638]},"properties":{"hotspot_id":"臺北市-51234","hotspot_type":"intersection","county":"臺北市","township":"萬華區","road_or_intersection":"民和街 x 萬大路","accident_count":3,"motorcycle_accident_count":3,"pedestrian_accident_count":1,"death_count":0,"injury_count":3,"fatal_accident_count":0,"risk_score":59.5,"risk_level":"medium","confidence":"confirmed","motorcycle_accident_ratio":1.0,"pedestrian_accident_ratio":0.3333}},{"type":"Feature","geometry":{"type":"Point","coordinates":[121.60213,25.08604]},"properties":{"hotspot_id":"臺北市-49320","hotspot_type":"intersection","county":"臺北市","township":"內湖區","road_or_intersection":"大湖山莊街","accident_count":3,"motorcycle_accident_count":3,"pedestrian_accident_count":1,"death_count":0,"injury_count":3,"fatal_accident_count":0,"risk_score":59.5,"risk_level":"medium","confidence":"confirmed","motorcycle_accident_ratio":1.0,"pedestrian_accident_ratio":0.3333}},{"type":"Feature","geometry":{"type":"Point","coordinates":[121.51366,25.03166]},"properties":{"hotspot_id":"臺北市-48862","hotspot_type":"intersection","county":"臺北市","township":"中正區","road_or_intersection":"南海路 x 泉州街","accident_count":4,"motorcycle_accident_count":3,"pedestrian_accident_count":2,"death_count":0,"injury_count":7,"fatal_accident_count":0,"risk_score":59.5,"risk_level":"medium","confidence":"confirmed","motorcycle_accident_ratio":0.75,"pedestrian_accident_ratio":0.5}},{"type":"Feature","geometry":{"type":"Point","coordinates":[121.49978,25.02634]},"properties":{"hotspot_id":"臺北市-51235","hotspot_type":"intersection","county":"臺北市","township":"萬華區","road_or_intersection":"民和街 x 西藏路","accident_count":3,"motorcycle_accident_count":3,"pedestrian_accident_count":1,"death_count":0,"injury_count":3,"fatal_accident_count":0,"risk_score":59.5,"risk_level":"medium","confidence":"confirmed","motorcycle_accident_ratio":1.0,"pedestrian_accident_ratio":0.3333}},{"type":"Feature","geometry":{"type":"Point","coordinates":[121.52175,25.06037]},"properties":{"hotspot_id":"臺北市-51776","hotspot_type":"intersection","county":"臺北市","township":"中山區","road_or_intersection":"錦西街","accident_count":6,"motorcycle_accident_count":3,"pedestrian_accident_count":3,"death_count":0,"injury_count":6,"fatal_accident_count":0,"risk_score":59.4,"risk_level":"medium","confidence":"probable","motorcycle_accident_ratio":0.5,"pedestrian_accident_ratio":0.5}},{"type":"Feature","geometry":{"type":"Point","coordinates":[121.58277,25.05172]},"properties":{"hotspot_id":"臺北市-49829","hotspot_type":"intersection","county":"臺北市","township":"南港區","road_or_intersection":"南港路3段 x 東新街","accident_count":4,"motorcycle_accident_count":3,"pedestrian_accident_count":0,"death_count":1,"injury_count":4,"fatal_accident_count":1,"risk_score":59.4,"risk_level":"medium","confidence":"confirmed","motorcycle_accident_ratio":0.75,"pedestrian_accident_ratio":0.0}},{"type":"Feature","geometry":{"type":"Point","coordinates":[121.50661,25.04506]},"properties":{"hotspot_id":"臺北市-51297","hotspot_type":"intersection","county":"臺北市","township":"萬華區","road_or_intersection":"西寧南路","accident_count":6,"motorcycle_accident_count":4,"pedestrian_accident_count":0,"death_count":0,"injury_count":11,"fatal_accident_count":0,"risk_score":59.4,"risk_level":"medium","confidence":"confirmed","motorcycle_accident_ratio":0.6667,"pedestrian_accident_ratio":0.0}},{"type":"Feature","geometry":{"type":"Point","coordinates":[121.51368,25.05935]},"properties":{"hotspot_id":"臺北市-50222","hotspot_type":"intersection","county":"臺北市","township":"大同區","road_or_intersection":"保安街 x 重慶北路2段","accident_count":6,"motorcycle_accident_count":4,"pedestrian_accident_count":1,"death_count":0,"injury_count":6,"fatal_accident_count":0,"risk_score":59.3,"risk_level":"medium","confidence":"confirmed","motorcycle_accident_ratio":0.6667,"pedestrian_accident_ratio":0.1667}},{"type":"Feature","geometry":{"type":"Point","coordinates":[121.49741,25.12937]},"properties":{"hotspot_id":"臺北市-49593","hotspot_type":"intersection","county":"臺北市","township":"北投區","road_or_intersection":"大業路 x 大興街","accident_count":6,"motorcycle_accident_count":4,"pedestrian_accident_count":1,"death_count":0,"injury_count":6,"fatal_accident_count":0,"risk_score":59.3,"risk_level":"medium","confidence":"confirmed","motorcycle_accident_ratio":0.6667,"pedestrian_accident_ratio":0.1667}},{"type":"Feature","geometry":{"type":"Point","coordinates":[121.56462,25.05693]},"properties":{"hotspot_id":"臺北市-50911","hotspot_type":"intersection","county":"臺北市","township":"松山區","road_or_intersection":"三民路 x 延壽街","accident_count":5,"motorcycle_accident_count":5,"pedestrian_accident_count":0,"death_count":0,"injury_count":5,"fatal_accident_count":0,"risk_score":59.2,"risk_level":"medium","confidence":"confirmed","motorcycle_accident_ratio":1.0,"pedestrian_accident_ratio":0.0}},{"type":"Feature","geometry":{"type":"Point","coordinates":[121.5634,24.97833]},"properties":{"hotspot_id":"臺北市-50868","hotspot_type":"intersection","county":"臺北市","township":"文山區","road_or_intersection":"老泉街","accident_count":5,"motorcycle_accident_count":5,"pedestrian_accident_count":0,"death_count":0,"injury_count":5,"fatal_accident_count":0,"risk_score":59.2,"risk_level":"medium","confidence":"confirmed","motorcycle_accident_ratio":1.0,"pedestrian_accident_ratio":0.0}},{"type":"Feature","geometry":{"type":"Point","coordinates":[121.52938,25.03139]},"properties":{"hotspot_id":"臺北市-50628","hotspot_type":"intersection","county":"臺北市","township":"大安區","road_or_intersection":"永康街 x 麗水街","accident_count":5,"motorcycle_accident_count":5,"pedestrian_accident_count":0,"death_count":0,"injury_count":5,"fatal_accident_count":0,"risk_score":59.2,"risk_level":"medium","confidence":"confirmed","motorcycle_accident_ratio":1.0,"pedestrian_accident_ratio":0.0}},{"type":"Feature","geometry":{"type":"Point","coordinates":[121.51592,25.07189]},"properties":{"hotspot_id":"臺北市-50401","hotspot_type":"intersection","county":"臺北市","township":"大同區","road_or_intersection":"酒泉街","accident_count":5,"motorcycle_accident_count":4,"pedestrian_accident_count":1,"death_count":0,"injury_count":6,"fatal_accident_count":0,"risk_score":59.2,"risk_level":"medium","confidence":"confirmed","motorcycle_accident_ratio":0.8,"pedestrian_accident_ratio":0.2}},{"type":"Feature","geometry":{"type":"Point","coordinates":[121.54945,25.07706]},"properties":{"hotspot_id":"臺北市-51503","hotspot_type":"intersection","county":"臺北市","township":"中山區","road_or_intersection":"明水路","accident_count":5,"motorcycle_accident_count":4,"pedestrian_accident_count":1,"death_count":0,"injury_count":6,"fatal_accident_count":0,"risk_score":59.2,"risk_level":"medium","confidence":"probable","motorcycle_accident_ratio":0.8,"pedestrian_accident_ratio":0.2}},{"type":"Feature","geometry":{"type":"Point","coordinates":[121.57587,25.05833]},"properties":{"hotspot_id":"臺北市-51458","hotspot_type":"intersection","county":"臺北市","township":"內湖區","road_or_intersection":"行善路","accident_count":5,"motorcycle_accident_count":5,"pedestrian_accident_count":0,"death_count":0,"injury_count":5,"fatal_accident_count":0,"risk_score":59.2,"risk_level":"medium","confidence":"probable","motorcycle_accident_ratio":1.0,"pedestrian_accident_ratio":0.0}},{"type":"Feature","geometry":{"type":"Point","coordinates":[121.52586,25.02882]},"properties":{"hotspot_id":"臺北市-50638","hotspot_type":"intersection","county":"臺北市","township":"大安區","road_or_intersection":"潮州街","accident_count":5,"motorcycle_accident_count":4,"pedestrian_accident_count":1,"death_count":0,"injury_count":6,"fatal_accident_count":0,"risk_score":59.2,"risk_level":"medium","confidence":"confirmed","motorcycle_accident_ratio":0.8,"pedestrian_accident_ratio":0.2}},{"type":"Feature","geometry":{"type":"Point","coordinates":[121.53544,25.04482]},"properties":{"hotspot_id":"臺北市-50675","hotspot_type":"intersection","county":"臺北市","township":"大安區市","road_or_intersection":"八德路2段 x 民大道3段","accident_count":5,"motorcycle_accident_count":5,"pedestrian_accident_count":0,"death_count":0,"injury_count":5,"fatal_accident_count":0,"risk_score":59.2,"risk_level":"medium","confidence":"confirmed","motorcycle_accident_ratio":1.0,"pedestrian_accident_ratio":0.0}},{"type":"Feature","geometry":{"type":"Point","coordinates":[121.50206,25.03967]},"properties":{"hotspot_id":"臺北市-51689","hotspot_type":"intersection","county":"臺北市","township":"萬華區","road_or_intersection":"康定路","accident_count":5,"motorcycle_accident_count":4,"pedestrian_accident_count":1,"death_count":0,"injury_count":6,"fatal_accident_count":0,"risk_score":59.2,"risk_level":"medium","confidence":"probable","motorcycle_accident_ratio":0.8,"pedestrian_accident_ratio":0.2}},{"type":"Feature","geometry":{"type":"Point","coordinates":[121.51746,25.11231]},"properties":{"hotspot_id":"臺北市-49695","hotspot_type":"intersection","county":"臺北市","township":"北投區","road_or_intersection":"東華街1段 x 東陽街","accident_count":5,"motorcycle_accident_count":4,"pedestrian_accident_count":1,"death_count":0,"injury_count":6,"fatal_accident_count":0,"risk_score":59.2,"risk_level":"medium","confidence":"confirmed","motorcycle_accident_ratio":0.8,"pedestrian_accident_ratio":0.2}},{"type":"Feature","geometry":{"type":"Point","coordinates":[121.53585,25.06624]},"properties":{"hotspot_id":"臺北市-51765","hotspot_type":"intersection","county":"臺北市","township":"中山區","road_or_intersection":"建國北路3段","accident_count":5,"motorcycle_accident_count":4,"pedestrian_accident_count":1,"death_count":0,"injury_count":6,"fatal_accident_count":0,"risk_score":59.2,"risk_level":"medium","confidence":"probable","motorcycle_accident_ratio":0.8,"pedestrian_accident_ratio":0.2}},{"type":"Feature","geometry":{"type":"Point","coordinates":[121.57504,25.0454]},"properties":{"hotspot_id":"臺北市-51846","hotspot_type":"intersection","county":"臺北市","township":"信義區","road_or_intersection":"永吉路","accident_count":5,"motorcycle_accident_count":4,"pedestrian_accident_count":1,"death_count":0,"injury_count":6,"fatal_accident_count":0,"risk_score":59.2,"risk_level":"medium","confidence":"probable","motorcycle_accident_ratio":0.8,"pedestrian_accident_ratio":0.2}},{"type":"Feature","geometry":{"type":"Point","coordinates":[121.51944,25.04824]},"properties":{"hotspot_id":"臺北市-51773","hotspot_type":"intersection","county":"臺北市","township":"中正區市","road_or_intersection":"民大道1段","accident_count":5,"motorcycle_accident_count":5,"pedestrian_accident_count":0,"death_count":0,"injury_count":5,"fatal_accident_count":0,"risk_score":59.2,"risk_level":"medium","confidence":"probable","motorcycle_accident_ratio":1.0,"pedestrian_accident_ratio":0.0}},{"type":"Feature","geometry":{"type":"Point","coordinates":[121.53258,25.06256]},"properties":{"hotspot_id":"臺北市-51826","hotspot_type":"intersection","county":"臺北市","township":"中山區","road_or_intersection":"民權東路2段","accident_count":5,"motorcycle_accident_count":5,"pedestrian_accident_count":0,"death_count":0,"injury_count":5,"fatal_accident_count":0,"risk_score":59.2,"risk_level":"medium","confidence":"probable","motorcycle_accident_ratio":1.0,"pedestrian_accident_ratio":0.0}},{"type":"Feature","geometry":{"type":"Point","coordinates":[121.50153,25.12639]},"properties":{"hotspot_id":"臺北市-49480","hotspot_type":"intersection","county":"臺北市","township":"北投區","road_or_intersection":"三合街2段 x 崇仁路1段","accident_count":5,"motorcycle_accident_count":5,"pedestrian_accident_count":0,"death_count":0,"injury_count":5,"fatal_accident_count":0,"risk_score":59.2,"risk_level":"medium","confidence":"confirmed","motorcycle_accident_ratio":1.0,"pedestrian_accident_ratio":0.0}},{"type":"Feature","geometry":{"type":"Point","coordinates":[121.50117,25.13062]},"properties":{"hotspot_id":"臺北市-49516","hotspot_type":"intersection","county":"臺北市","township":"北投區","road_or_intersection":"中央南路1段 x 大興街","accident_count":5,"motorcycle_accident_count":5,"pedestrian_accident_count":0,"death_count":0,"injury_count":5,"fatal_accident_count":0,"risk_score":59.2,"risk_level":"medium","confidence":"confirmed","motorcycle_accident_ratio":1.0,"pedestrian_accident_ratio":0.0}},{"type":"Feature","geometry":{"type":"Point","coordinates":[121.50294,25.12181]},"properties":{"hotspot_id":"臺北市-49546","hotspot_type":"intersection","county":"臺北市","township":"北投區","road_or_intersection":"公館路 x 東華街2段","accident_count":5,"motorcycle_accident_count":5,"pedestrian_accident_count":0,"death_count":0,"injury_count":5,"fatal_accident_count":0,"risk_score":59.2,"risk_level":"medium","confidence":"confirmed","motorcycle_accident_ratio":1.0,"pedestrian_accident_ratio":0.0}},{"type":"Feature","geometry":{"type":"Point","coordinates":[121.5911,25.08042]},"properties":{"hotspot_id":"臺北市-49363","hotspot_type":"intersection","county":"臺北市","township":"內湖區","road_or_intersection":"成功路3段","accident_count":5,"motorcycle_accident_count":5,"pedestrian_accident_count":0,"death_count":0,"injury_count":5,"fatal_accident_count":0,"risk_score":59.2,"risk_level":"medium","confidence":"confirmed","motorcycle_accident_ratio":1.0,"pedestrian_accident_ratio":0.0}},{"type":"Feature","geometry":{"type":"Point","coordinates":[121.58553,25.05681]},"properties":{"hotspot_id":"臺北市-49374","hotspot_type":"intersection","county":"臺北市","township":"內湖區","road_or_intersection":"成美橋 x 新明路","accident_count":5,"motorcycle_accident_count":4,"pedestrian_accident_count":1,"death_count":0,"injury_count":6,"fatal_accident_count":0,"risk_score":59.2,"risk_level":"medium","confidence":"confirmed","motorcycle_accident_ratio":0.8,"pedestrian_accident_ratio":0.2}},{"type":"Feature","geometry":{"type":"Point","coordinates":[121.57549,25.04291]},"properties":{"hotspot_id":"臺北市-49191","hotspot_type":"intersection","county":"臺北市","township":"信義區","road_or_intersection":"忠孝東路5段 x 永吉路","accident_count":5,"motorcycle_accident_count":5,"pedestrian_accident_count":0,"death_count":0,"injury_count":5,"fatal_accident_count":0,"risk_score":59.2,"risk_level":"medium","confidence":"confirmed","motorcycle_accident_ratio":1.0,"pedestrian_accident_ratio":0.0}},{"type":"Feature","geometry":{"type":"Point","coordinates":[121.58374,25.03805]},"properties":{"hotspot_id":"臺北市-49175","hotspot_type":"intersection","county":"臺北市","township":"信義區","road_or_intersection":"大道 x 福德街","accident_count":5,"motorcycle_accident_count":4,"pedestrian_accident_count":1,"death_count":0,"injury_count":6,"fatal_accident_count":0,"risk_score":59.2,"risk_level":"medium","confidence":"confirmed","motorcycle_accident_ratio":0.8,"pedestrian_accident_ratio":0.2}},{"type":"Feature","geometry":{"type":"Point","coordinates":[121.52458,25.04444]},"properties":{"hotspot_id":"臺北市-48941","hotspot_type":"intersection","county":"臺北市","township":"中正區","road_or_intersection":"忠孝東路1段","accident_count":5,"motorcycle_accident_count":5,"pedestrian_accident_count":0,"death_count":0,"injury_count":5,"fatal_accident_count":0,"risk_score":59.2,"risk_level":"medium","confidence":"confirmed","motorcycle_accident_ratio":1.0,"pedestrian_accident_ratio":0.0}},{"type":"Feature","geometry":{"type":"Point","coordinates":[121.51531,25.02984]},"properties":{"hotspot_id":"臺北市-48911","hotspot_type":"intersection","county":"臺北市","township":"中正區","road_or_intersection":"寧波西街 x 重慶南路3段","accident_count":5,"motorcycle_accident_count":5,"pedestrian_accident_count":0,"death_count":0,"injury_count":5,"fatal_accident_count":0,"risk_score":59.2,"risk_level":"medium","confidence":"confirmed","motorcycle_accident_ratio":1.0,"pedestrian_accident_ratio":0.0}},{"type":"Feature","geometry":{"type":"Point","coordinates":[121.5427,24.99065]},"properties":{"hotspot_id":"臺北市-50772","hotspot_type":"intersection","county":"臺北市","township":"文山區","road_or_intersection":"景後街 x 景興路","accident_count":5,"motorcycle_accident_count":4,"pedestrian_accident_count":1,"death_count":0,"injury_count":6,"fatal_accident_count":0,"risk_score":59.2,"risk_level":"medium","confidence":"confirmed","motorcycle_accident_ratio":0.8,"pedestrian_accident_ratio":0.2}},{"type":"Feature","geometry":{"type":"Point","coordinates":[121.50096,25.04411]},"properties":{"hotspot_id":"臺北市-51199","hotspot_type":"intersection","county":"臺北市","township":"萬華區","road_or_intersection":"成都路 x 環河南路1段","accident_count":5,"motorcycle_accident_count":5,"pedestrian_accident_count":0,"death_count":0,"injury_count":5,"fatal_accident_count":0,"risk_score":59.2,"risk_level":"medium","confidence":"confirmed","motorcycle_accident_ratio":1.0,"pedestrian_accident_ratio":0.0}},{"type":"Feature","geometry":{"type":"Point","coordinates":[121.52188,25.06031]},"properties":{"hotspot_id":"臺北市-48708","hotspot_type":"intersection","county":"臺北市","township":"中山區","road_or_intersection":"民生西路 x 錦西街","accident_count":5,"motorcycle_accident_count":5,"pedestrian_accident_count":0,"death_count":0,"injury_count":5,"fatal_accident_count":0,"risk_score":59.2,"risk_level":"medium","confidence":"confirmed","motorcycle_accident_ratio":1.0,"pedestrian_accident_ratio":0.0}},{"type":"Feature","geometry":{"type":"Point","coordinates":[121.54485,25.0724]},"properties":{"hotspot_id":"臺北市-48709","hotspot_type":"intersection","county":"臺北市","township":"中山區","road_or_intersection":"濱江街","accident_count":5,"motorcycle_accident_count":5,"pedestrian_accident_count":0,"death_count":0,"injury_count":5,"fatal_accident_count":0,"risk_score":59.2,"risk_level":"medium","confidence":"confirmed","motorcycle_accident_ratio":1.0,"pedestrian_accident_ratio":0.0}},{"type":"Feature","geometry":{"type":"Point","coordinates":[121.53653,25.0489]},"properties":{"hotspot_id":"臺北市-48570","hotspot_type":"intersection","county":"臺北市","township":"中山區","road_or_intersection":"建國北路1段","accident_count":5,"motorcycle_accident_count":4,"pedestrian_accident_count":1,"death_count":0,"injury_count":6,"fatal_accident_count":0,"risk_score":59.2,"risk_level":"medium","confidence":"confirmed","motorcycle_accident_ratio":0.8,"pedestrian_accident_ratio":0.2}},{"type":"Feature","geometry":{"type":"Point","coordinates":[121.52782,25.05803]},"properties":{"hotspot_id":"臺北市-48640","hotspot_type":"intersection","county":"臺北市","township":"中山區","road_or_intersection":"新生北路2段 x 民生東路2段","accident_count":5,"motorcycle_accident_count":5,"pedestrian_accident_count":0,"death_count":0,"injury_count":5,"fatal_accident_count":0,"risk_score":59.2,"risk_level":"medium","confidence":"confirmed","motorcycle_accident_ratio":1.0,"pedestrian_accident_ratio":0.0}},{"type":"Feature","geometry":{"type":"Point","coordinates":[121.53061,25.06828]},"properties":{"hotspot_id":"臺北市-48538","hotspot_type":"intersection","county":"臺北市","township":"中山區","road_or_intersection":"吉林路 x 民族東路","accident_count":5,"motorcycle_accident_count":4,"pedestrian_accident_count":1,"death_count":0,"injury_count":6,"fatal_accident_count":0,"risk_score":59.2,"risk_level":"medium","confidence":"confirmed","motorcycle_accident_ratio":0.8,"pedestrian_accident_ratio":0.2}},{"type":"Feature","geometry":{"type":"Point","coordinates":[121.56329,25.07671]},"properties":{"hotspot_id":"臺北市-48549","hotspot_type":"intersection","county":"臺北市","township":"中山區","road_or_intersection":"基湖路 x 樂群一路","accident_count":5,"motorcycle_accident_count":5,"pedestrian_accident_count":0,"death_count":0,"injury_count":5,"fatal_accident_count":0,"risk_score":59.2,"risk_level":"medium","confidence":"confirmed","motorcycle_accident_ratio":1.0,"pedestrian_accident_ratio":0.0}},{"type":"Feature","geometry":{"type":"Point","coordinates":[121.54445,25.05447]},"properties":{"hotspot_id":"臺北市-51024","hotspot_type":"intersection","county":"臺北市","township":"松山區","road_or_intersection":"復興北路 x 長春路","accident_count":5,"motorcycle_accident_count":4,"pedestrian_accident_count":1,"death_count":0,"injury_count":6,"fatal_accident_count":0,"risk_score":59.2,"risk_level":"medium","confidence":"confirmed","motorcycle_accident_ratio":0.8,"pedestrian_accident_ratio":0.2}},{"type":"Feature","geometry":{"type":"Point","coordinates":[121.56542,25.05009]},"properties":{"hotspot_id":"臺北市-51048","hotspot_type":"intersection","county":"臺北市","township":"松山區","road_or_intersection":"東興路","accident_count":4,"motorcycle_accident_count":3,"pedestrian_accident_count":1,"death_count":0,"injury_count":7,"fatal_accident_count":0,"risk_score":59.1,"risk_level":"medium","confidence":"confirmed","motorcycle_accident_ratio":0.75,"pedestrian_accident_ratio":0.25}},{"type":"Feature","geometry":{"type":"Point","coordinates":[121.5232,25.06009]},"properties":{"hotspot_id":"臺北市-48444","hotspot_type":"intersection","county":"臺北市","township":"中山區","road_or_intersection":"中山北路2段 x 錦州街","accident_count":4,"motorcycle_accident_count":3,"pedestrian_accident_count":1,"death_count":0,"injury_count":7,"fatal_accident_count":0,"risk_score":59.1,"risk_level":"medium","confidence":"confirmed","motorcycle_accident_ratio":0.75,"pedestrian_accident_ratio":0.25}},{"type":"Feature","geometry":{"type":"Point","coordinates":[121.56552,25.03401]},"properties":{"hotspot_id":"臺北市-49226","hotspot_type":"intersection","county":"臺北市","township":"信義區","road_or_intersection":"松廉路 x 松智路","accident_count":4,"motorcycle_accident_count":3,"pedestrian_accident_count":1,"death_count":0,"injury_count":7,"fatal_accident_count":0,"risk_score":59.1,"risk_level":"medium","confidence":"confirmed","motorcycle_accident_ratio":0.75,"pedestrian_accident_ratio":0.25}},{"type":"Feature","geometry":{"type":"Point","coordinates":[121.51553,25.04885]},"properties":{"hotspot_id":"臺北市-51742","hotspot_type":"intersection","county":"臺北市","township":"中正區","road_or_intersection":"鄭州路","accident_count":7,"motorcycle_accident_count":6,"pedestrian_accident_count":0,"death_count":0,"injury_count":8,"fatal_accident_count":0,"risk_score":59.1,"risk_level":"medium","confidence":"probable","motorcycle_accident_ratio":0.8571,"pedestrian_accident_ratio":0.0}},{"type":"Feature","geometry":{"type":"Point","coordinates":[121.59068,25.06479]},"properties":{"hotspot_id":"臺北市-51600","hotspot_type":"intersection","county":"臺北市","township":"內湖區","road_or_intersection":"成功交流道","accident_count":7,"motorcycle_accident_count":6,"pedestrian_accident_count":0,"death_count":0,"injury_count":8,"fatal_accident_count":0,"risk_score":59.1,"risk_level":"medium","confidence":"probable","motorcycle_accident_ratio":0.8571,"pedestrian_accident_ratio":0.0}},{"type":"Feature","geometry":{"type":"Point","coordinates":[121.58971,25.03972]},"properties":{"hotspot_id":"臺北市-49895","hotspot_type":"intersection","county":"臺北市","township":"南港區","road_or_intersection":"福德街","accident_count":6,"motorcycle_accident_count":3,"pedestrian_accident_count":2,"death_count":0,"injury_count":6,"fatal_accident_count":0,"risk_score":59.1,"risk_level":"medium","confidence":"confirmed","motorcycle_accident_ratio":0.5,"pedestrian_accident_ratio":0.3333}},{"type":"Feature","geometry":{"type":"Point","coordinates":[121.50949,25.07643]},"properties":{"hotspot_id":"臺北市-50331","hotspot_type":"intersection","county":"臺北市","township":"大同區","road_or_intersection":"敦煌路 x 環河北路2段","accident_count":7,"motorcycle_accident_count":6,"pedestrian_accident_count":0,"death_count":0,"injury_count":8,"fatal_accident_count":0,"risk_score":59.1,"risk_level":"medium","confidence":"confirmed","motorcycle_accident_ratio":0.8571,"pedestrian_accident_ratio":0.0}},{"type":"Feature","geometry":{"type":"Point","coordinates":[121.54885,25.02111]},"properties":{"hotspot_id":"臺北市-50513","hotspot_type":"intersection","county":"臺北市","township":"大安區","road_or_intersection":"基隆路2段 x 敦化南路2段","accident_count":7,"motorcycle_accident_count":6,"pedestrian_accident_count":0,"death_count":0,"injury_count":8,"fatal_accident_count":0,"risk_score":59.1,"risk_level":"medium","confidence":"confirmed","motorcycle_accident_ratio":0.8571,"pedestrian_accident_ratio":0.0}},{"type":"Feature","geometry":{"type":"Point","coordinates":[121.53298,25.01618]},"properties":{"hotspot_id":"臺北市-50614","hotspot_type":"intersection","county":"臺北市","township":"大安區","road_or_intersection":"新生南路3段 x 羅斯福路4段","accident_count":7,"motorcycle_accident_count":6,"pedestrian_accident_count":0,"death_count":0,"injury_count":8,"fatal_accident_count":0,"risk_score":59.1,"risk_level":"medium","confidence":"confirmed","motorcycle_accident_ratio":0.8571,"pedestrian_accident_ratio":0.0}},{"type":"Feature","geometry":{"type":"Point","coordinates":[121.54402,25.04475]},"properties":{"hotspot_id":"臺北市-50681","hotspot_type":"intersection","county":"臺北市","township":"大安區市","road_or_intersection":"復興南路1段 x 民大道4段","accident_count":7,"motorcycle_accident_count":6,"pedestrian_accident_count":0,"death_count":0,"injury_count":8,"fatal_accident_count":0,"risk_score":59.1,"risk_level":"medium","confidence":"confirmed","motorcycle_accident_ratio":0.8571,"pedestrian_accident_ratio":0.0}},{"type":"Feature","geometry":{"type":"Point","coordinates":[121.56208,25.05479]},"properties":{"hotspot_id":"臺北市-50922","hotspot_type":"intersection","county":"臺北市","township":"松山區","road_or_intersection":"健康路","accident_count":6,"motorcycle_accident_count":3,"pedestrian_accident_count":2,"death_count":0,"injury_count":6,"fatal_accident_count":0,"risk_score":59.1,"risk_level":"medium","confidence":"confirmed","motorcycle_accident_ratio":0.5,"pedestrian_accident_ratio":0.3333}},{"type":"Feature","geometry":{"type":"Point","coordinates":[121.49869,25.02284]},"properties":{"hotspot_id":"臺北市-51139","hotspot_type":"intersection","county":"臺北市","township":"萬華區","road_or_intersection":"堤外便道","accident_count":4,"motorcycle_accident_count":3,"pedestrian_accident_count":1,"death_count":0,"injury_count":7,"fatal_accident_count":0,"risk_score":59.1,"risk_level":"medium","confidence":"confirmed","motorcycle_accident_ratio":0.75,"pedestrian_accident_ratio":0.25}},{"type":"Feature","geometry":{"type":"Point","coordinates":[121.56048,25.05445]},"properties":{"hotspot_id":"臺北市-51615","hotspot_type":"intersection","county":"臺北市","township":"松山區","road_or_intersection":"延壽街","accident_count":9,"motorcycle_accident_count":4,"pedestrian_accident_count":0,"death_count":0,"injury_count":9,"fatal_accident_count":0,"risk_score":59.0,"risk_level":"medium","confidence":"probable","motorcycle_accident_ratio":0.4444,"pedestrian_accident_ratio":0.0}},{"type":"Feature","geometry":{"type":"Point","coordinates":[121.5335,25.01546]},"properties":{"hotspot_id":"臺北市-51575","hotspot_type":"intersection","county":"臺北市","township":"中正區","road_or_intersection":"羅斯福路4段","accident_count":8,"motorcycle_accident_count":5,"pedestrian_accident_count":0,"death_count":0,"injury_count":9,"fatal_accident_count":0,"risk_score":58.9,"risk_level":"medium","confidence":"probable","motorcycle_accident_ratio":0.625,"pedestrian_accident_ratio":0.0}},{"type":"Feature","geometry":{"type":"Point","coordinates":[121.56838,25.03229]},"properties":{"hotspot_id":"臺北市-49126","hotspot_type":"intersection","county":"臺北市","township":"信義區","road_or_intersection":"信義路5段 x 松仁路","accident_count":8,"motorcycle_accident_count":5,"pedestrian_accident_count":0,"death_count":0,"injury_count":9,"fatal_accident_count":0,"risk_score":58.9,"risk_level":"medium","confidence":"confirmed","motorcycle_accident_ratio":0.625,"pedestrian_accident_ratio":0.0}},{"type":"Feature","geometry":{"type":"Point","coordinates":[121.51601,25.07601]},"properties":{"hotspot_id":"臺北市-50250","hotspot_type":"intersection","county":"臺北市","township":"大同區","road_or_intersection":"哈密街 x 敦煌路","accident_count":6,"motorcycle_accident_count":5,"pedestrian_accident_count":0,"death_count":0,"injury_count":9,"fatal_accident_count":0,"risk_score":58.8,"risk_level":"medium","confidence":"confirmed","motorcycle_accident_ratio":0.8333,"pedestrian_accident_ratio":0.0}},{"type":"Feature","geometry":{"type":"Point","coordinates":[121.54296,25.03478]},"properties":{"hotspot_id":"臺北市-50447","hotspot_type":"intersection","county":"臺北市","township":"大安區","road_or_intersection":"信義路3段 x 復興南路1段","accident_count":6,"motorcycle_accident_count":5,"pedestrian_accident_count":0,"death_count":0,"injury_count":9,"fatal_accident_count":0,"risk_score":58.8,"risk_level":"medium","confidence":"confirmed","motorcycle_accident_ratio":0.8333,"pedestrian_accident_ratio":0.0}},{"type":"Feature","geometry":{"type":"Point","coordinates":[121.50778,25.03129]},"properties":{"hotspot_id":"臺北市-48896","hotspot_type":"intersection","county":"臺北市","township":"中正區","road_or_intersection":"和平西路2段 x 莒光路","accident_count":6,"motorcycle_accident_count":5,"pedestrian_accident_count":0,"death_count":0,"injury_count":9,"fatal_accident_count":0,"risk_score":58.8,"risk_level":"medium","confidence":"confirmed","motorcycle_accident_ratio":0.8333,"pedestrian_accident_ratio":0.0}},{"type":"Feature","geometry":{"type":"Point","coordinates":[121.4868,25.14029]},"properties":{"hotspot_id":"臺北市-49619","hotspot_type":"intersection","county":"臺北市","township":"北投區","road_or_intersection":"崗山路","accident_count":7,"motorcycle_accident_count":5,"pedestrian_accident_count":0,"death_count":0,"injury_count":9,"fatal_accident_count":0,"risk_score":58.5,"risk_level":"medium","confidence":"confirmed","motorcycle_accident_ratio":0.7143,"pedestrian_accident_ratio":0.0}},{"type":"Feature","geometry":{"type":"Point","coordinates":[121.56207,25.05633]},"properties":{"hotspot_id":"臺北市-51012","hotspot_type":"intersection","county":"臺北市","township":"松山區","road_or_intersection":"延壽街","accident_count":7,"motorcycle_accident_count":5,"pedestrian_accident_count":0,"death_count":0,"injury_count":9,"fatal_accident_count":0,"risk_score":58.5,"risk_level":"medium","confidence":"confirmed","motorcycle_accident_ratio":0.7143,"pedestrian_accident_ratio":0.0}},{"type":"Feature","geometry":{"type":"Point","coordinates":[121.50696,25.04879]},"properties":{"hotspot_id":"臺北市-51795","hotspot_type":"intersection","county":"臺北市","township":"大同區","road_or_intersection":"忠孝橋前0.0公尺","accident_count":6,"motorcycle_accident_count":4,"pedestrian_accident_count":0,"death_count":0,"injury_count":10,"fatal_accident_count":0,"risk_score":58.2,"risk_level":"medium","confidence":"probable","motorcycle_accident_ratio":0.6667,"pedestrian_accident_ratio":0.0}},{"type":"Feature","geometry":{"type":"Point","coordinates":[121.56568,25.08637]},"properties":{"hotspot_id":"臺北市-49381","hotspot_type":"intersection","county":"臺北市","township":"內湖區","road_or_intersection":"文湖街 x 環山路1段","accident_count":3,"motorcycle_accident_count":3,"pedestrian_accident_count":0,"death_count":0,"injury_count":6,"fatal_accident_count":0,"risk_score":58.2,"risk_level":"medium","confidence":"confirmed","motorcycle_accident_ratio":1.0,"pedestrian_accident_ratio":0.0}},{"type":"Feature","geometry":{"type":"Point","coordinates":[121.51869,25.117]},"properties":{"hotspot_id":"臺北市-49687","hotspot_type":"intersection","county":"臺北市","township":"北投區","road_or_intersection":"明德路 x 石牌路2段","accident_count":3,"motorcycle_accident_count":3,"pedestrian_accident_count":0,"death_count":0,"injury_count":6,"fatal_accident_count":0,"risk_score":58.2,"risk_level":"medium","confidence":"confirmed","motorcycle_accident_ratio":1.0,"pedestrian_accident_ratio":0.0}},{"type":"Feature","geometry":{"type":"Point","coordinates":[121.50216,25.1414]},"properties":{"hotspot_id":"臺北市-49634","hotspot_type":"intersection","county":"臺北市","township":"北投區","road_or_intersection":"復興二路 x 開明街","accident_count":3,"motorcycle_accident_count":3,"pedestrian_accident_count":0,"death_count":0,"injury_count":6,"fatal_accident_count":0,"risk_score":58.2,"risk_level":"medium","confidence":"confirmed","motorcycle_accident_ratio":1.0,"pedestrian_accident_ratio":0.0}},{"type":"Feature","geometry":{"type":"Point","coordinates":[121.58375,25.04959]},"properties":{"hotspot_id":"臺北市-49923","hotspot_type":"intersection","county":"臺北市","township":"南港區市","road_or_intersection":"東新街 x 民大道7段","accident_count":3,"motorcycle_accident_count":3,"pedestrian_accident_count":0,"death_count":0,"injury_count":6,"fatal_accident_count":0,"risk_score":58.2,"risk_level":"medium","confidence":"confirmed","motorcycle_accident_ratio":1.0,"pedestrian_accident_ratio":0.0}},{"type":"Feature","geometry":{"type":"Point","coordinates":[121.52697,25.09026]},"properties":{"hotspot_id":"臺北市-50064","hotspot_type":"intersection","county":"臺北市","township":"士林區","road_or_intersection":"小北街 x 文林路","accident_count":3,"motorcycle_accident_count":3,"pedestrian_accident_count":0,"death_count":0,"injury_count":6,"fatal_accident_count":0,"risk_score":58.2,"risk_level":"medium","confidence":"confirmed","motorcycle_accident_ratio":1.0,"pedestrian_accident_ratio":0.0}},{"type":"Feature","geometry":{"type":"Point","coordinates":[121.51942,25.0851]},"properties":{"hotspot_id":"臺北市-50008","hotspot_type":"intersection","county":"臺北市","township":"士林區","road_or_intersection":"前港街 x 華齡街","accident_count":3,"motorcycle_accident_count":3,"pedestrian_accident_count":0,"death_count":0,"injury_count":6,"fatal_accident_count":0,"risk_score":58.2,"risk_level":"medium","confidence":"confirmed","motorcycle_accident_ratio":1.0,"pedestrian_accident_ratio":0.0}},{"type":"Feature","geometry":{"type":"Point","coordinates":[121.51806,25.09186]},"properties":{"hotspot_id":"臺北市-51483","hotspot_type":"intersection","county":"臺北市","township":"士林區","road_or_intersection":"中正路","accident_count":6,"motorcycle_accident_count":4,"pedestrian_accident_count":0,"death_count":0,"injury_count":10,"fatal_accident_count":0,"risk_score":58.2,"risk_level":"medium","confidence":"probable","motorcycle_accident_ratio":0.6667,"pedestrian_accident_ratio":0.0}},{"type":"Feature","geometry":{"type":"Point","coordinates":[121.51947,25.05469]},"properties":{"hotspot_id":"臺北市-50321","hotspot_type":"intersection","county":"臺北市","township":"大同區","road_or_intersection":"承德路2段 x 赤峰街","accident_count":3,"motorcycle_accident_count":3,"pedestrian_accident_count":0,"death_count":0,"injury_count":6,"fatal_accident_count":0,"risk_score":58.2,"risk_level":"medium","confidence":"confirmed","motorcycle_accident_ratio":1.0,"pedestrian_accident_ratio":0.0}},{"type":"Feature","geometry":{"type":"Point","coordinates":[121.49483,25.02317]},"properties":{"hotspot_id":"臺北市-51158","hotspot_type":"intersection","county":"臺北市","township":"萬華區","road_or_intersection":"寶興街 x 德昌街","accident_count":3,"motorcycle_accident_count":3,"pedestrian_accident_count":0,"death_count":0,"injury_count":6,"fatal_accident_count":0,"risk_score":58.2,"risk_level":"medium","confidence":"confirmed","motorcycle_accident_ratio":1.0,"pedestrian_accident_ratio":0.0}},{"type":"Feature","geometry":{"type":"Point","coordinates":[121.48846,25.03238]},"properties":{"hotspot_id":"臺北市-51145","hotspot_type":"intersection","county":"臺北市","township":"萬華區","road_or_intersection":"堤外便道 x 長順街","accident_count":3,"motorcycle_accident_count":3,"pedestrian_accident_count":0,"death_count":0,"injury_count":6,"fatal_accident_count":0,"risk_score":58.2,"risk_level":"medium","confidence":"confirmed","motorcycle_accident_ratio":1.0,"pedestrian_accident_ratio":0.0}},{"type":"Feature","geometry":{"type":"Point","coordinates":[121.53846,24.99345]},"properties":{"hotspot_id":"臺北市-50781","hotspot_type":"intersection","county":"臺北市","township":"文山區","road_or_intersection":"景福街 x 萬慶街","accident_count":3,"motorcycle_accident_count":3,"pedestrian_accident_count":0,"death_count":0,"injury_count":6,"fatal_accident_count":0,"risk_score":58.2,"risk_level":"medium","confidence":"confirmed","motorcycle_accident_ratio":1.0,"pedestrian_accident_ratio":0.0}},{"type":"Feature","geometry":{"type":"Point","coordinates":[121.56945,25.04914]},"properties":{"hotspot_id":"臺北市-51074","hotspot_type":"intersection","county":"臺北市","township":"松山區市","road_or_intersection":"基隆路1段 x 民大道6段","accident_count":3,"motorcycle_accident_count":3,"pedestrian_accident_count":0,"death_count":0,"injury_count":6,"fatal_accident_count":0,"risk_score":58.2,"risk_level":"medium","confidence":"confirmed","motorcycle_accident_ratio":1.0,"pedestrian_accident_ratio":0.0}},{"type":"Feature","geometry":{"type":"Point","coordinates":[121.5025,25.02794]},"properties":{"hotspot_id":"臺北市-51304","hotspot_type":"intersection","county":"臺北市","township":"萬華區","road_or_intersection":"西藏路 x 雙和街","accident_count":4,"motorcycle_accident_count":2,"pedestrian_accident_count":2,"death_count":0,"injury_count":7,"fatal_accident_count":0,"risk_score":58.0,"risk_level":"medium","confidence":"confirmed","motorcycle_accident_ratio":0.5,"pedestrian_accident_ratio":0.5}},{"type":"Feature","geometry":{"type":"Point","coordinates":[121.60678,25.05449]},"properties":{"hotspot_id":"臺北市-51594","hotspot_type":"intersection","county":"臺北市","township":"南港區","road_or_intersection":"南港路1段","accident_count":5,"motorcycle_accident_count":3,"pedestrian_accident_count":2,"death_count":0,"injury_count":6,"fatal_accident_count":0,"risk_score":58.0,"risk_level":"medium","confidence":"probable","motorcycle_accident_ratio":0.6,"pedestrian_accident_ratio":0.4}},{"type":"Feature","geometry":{"type":"Point","coordinates":[121.59147,25.08293]},"properties":{"hotspot_id":"臺北市-49284","hotspot_type":"intersection","county":"臺北市","township":"內湖區","road_or_intersection":"內湖路2段 x 成功路4段","accident_count":4,"motorcycle_accident_count":3,"pedestrian_accident_count":3,"death_count":0,"injury_count":6,"fatal_accident_count":0,"risk_score":57.8,"risk_level":"medium","confidence":"confirmed","motorcycle_accident_ratio":0.75,"pedestrian_accident_ratio":0.75}},{"type":"Feature","geometry":{"type":"Point","coordinates":[121.49642,25.02205]},"properties":{"hotspot_id":"臺北市-51310","hotspot_type":"intersection","county":"臺北市","township":"萬華區","road_or_intersection":"長泰街","accident_count":5,"motorcycle_accident_count":4,"pedestrian_accident_count":2,"death_count":0,"injury_count":5,"fatal_accident_count":0,"risk_score":57.8,"risk_level":"medium","confidence":"confirmed","motorcycle_accident_ratio":0.8,"pedestrian_accident_ratio":0.4}},{"type":"Feature","geometry":{"type":"Point","coordinates":[121.51969,25.04827]},"properties":{"hotspot_id":"臺北市-48430","hotspot_type":"intersection","county":"臺北市","township":"中山區","road_or_intersection":"中山北路1段 x 民大道2段","accident_count":4,"motorcycle_accident_count":4,"pedestrian_accident_count":0,"death_count":0,"injury_count":5,"fatal_accident_count":0,"risk_score":57.7,"risk_level":"medium","confidence":"confirmed","motorcycle_accident_ratio":1.0,"pedestrian_accident_ratio":0.0}},{"type":"Feature","geometry":{"type":"Point","coordinates":[121.53842,25.06079]},"properties":{"hotspot_id":"臺北市-48467","hotspot_type":"intersection","county":"臺北市","township":"中山區","road_or_intersection":"五常街 x 復興北路","accident_count":4,"motorcycle_accident_count":4,"pedestrian_accident_count":0,"death_count":0,"injury_count":5,"fatal_accident_count":0,"risk_score":57.7,"risk_level":"medium","confidence":"confirmed","motorcycle_accident_ratio":1.0,"pedestrian_accident_ratio":0.0}},{"type":"Feature","geometry":{"type":"Point","coordinates":[121.52596,25.07466]},"properties":{"hotspot_id":"臺北市-48460","hotspot_type":"intersection","county":"臺北市","township":"中山區","road_or_intersection":"中山北路4段 x 中山橋","accident_count":4,"motorcycle_accident_count":4,"pedestrian_accident_count":0,"death_count":0,"injury_count":5,"fatal_accident_count":0,"risk_score":57.7,"risk_level":"medium","confidence":"confirmed","motorcycle_accident_ratio":1.0,"pedestrian_accident_ratio":0.0}},{"type":"Feature","geometry":{"type":"Point","coordinates":[121.52504,25.07423]},"properties":{"hotspot_id":"臺北市-48450","hotspot_type":"intersection","county":"臺北市","township":"中山區","road_or_intersection":"中山北路3段 x 中山橋","accident_count":4,"motorcycle_accident_count":4,"pedestrian_accident_count":0,"death_count":0,"injury_count":5,"fatal_accident_count":0,"risk_score":57.7,"risk_level":"medium","confidence":"confirmed","motorcycle_accident_ratio":1.0,"pedestrian_accident_ratio":0.0}},{"type":"Feature","geometry":{"type":"Point","coordinates":[121.52257,25.06521]},"properties":{"hotspot_id":"臺北市-48448","hotspot_type":"intersection","county":"臺北市","township":"中山區","road_or_intersection":"中山北路3段","accident_count":4,"motorcycle_accident_count":4,"pedestrian_accident_count":0,"death_count":0,"injury_count":5,"fatal_accident_count":0,"risk_score":57.7,"risk_level":"medium","confidence":"confirmed","motorcycle_accident_ratio":1.0,"pedestrian_accident_ratio":0.0}},{"type":"Feature","geometry":{"type":"Point","coordinates":[121.52626,25.05772]},"properties":{"hotspot_id":"臺北市-48542","hotspot_type":"intersection","county":"臺北市","township":"中山區","road_or_intersection":"吉林路 x 錦州街","accident_count":4,"motorcycle_accident_count":4,"pedestrian_accident_count":0,"death_count":0,"injury_count":5,"fatal_accident_count":0,"risk_score":57.7,"risk_level":"medium","confidence":"confirmed","motorcycle_accident_ratio":1.0,"pedestrian_accident_ratio":0.0}},{"type":"Feature","geometry":{"type":"Point","coordinates":[121.54607,25.07243]},"properties":{"hotspot_id":"臺北市-48629","hotspot_type":"intersection","county":"臺北市","township":"中山區","road_or_intersection":"敬業四路 x 樂群二路","accident_count":4,"motorcycle_accident_count":4,"pedestrian_accident_count":0,"death_count":0,"injury_count":5,"fatal_accident_count":0,"risk_score":57.7,"risk_level":"medium","confidence":"confirmed","motorcycle_accident_ratio":1.0,"pedestrian_accident_ratio":0.0}},{"type":"Feature","geometry":{"type":"Point","coordinates":[121.56273,25.08038]},"properties":{"hotspot_id":"臺北市-48552","hotspot_type":"intersection","county":"臺北市","township":"中山區","road_or_intersection":"堤頂大道2段 x 樂群二路","accident_count":4,"motorcycle_accident_count":4,"pedestrian_accident_count":0,"death_count":0,"injury_count":5,"fatal_accident_count":0,"risk_score":57.7,"risk_level":"medium","confidence":"confirmed","motorcycle_accident_ratio":1.0,"pedestrian_accident_ratio":0.0}},{"type":"Feature","geometry":{"type":"Point","coordinates":[121.51733,25.03806]},"properties":{"hotspot_id":"臺北市-48770","hotspot_type":"intersection","county":"臺北市","township":"中正區","road_or_intersection":"中山南路 x 貴陽街1段","accident_count":4,"motorcycle_accident_count":4,"pedestrian_accident_count":0,"death_count":0,"injury_count":5,"fatal_accident_count":0,"risk_score":57.7,"risk_level":"medium","confidence":"confirmed","motorcycle_accident_ratio":1.0,"pedestrian_accident_ratio":0.0}},{"type":"Feature","geometry":{"type":"Point","coordinates":[121.51945,25.04548]},"properties":{"hotspot_id":"臺北市-48766","hotspot_type":"intersection","county":"臺北市","township":"中正區","road_or_intersection":"中山南路 x 忠孝西路1段","accident_count":4,"motorcycle_accident_count":4,"pedestrian_accident_count":0,"death_count":0,"injury_count":5,"fatal_accident_count":0,"risk_score":57.7,"risk_level":"medium","confidence":"confirmed","motorcycle_accident_ratio":1.0,"pedestrian_accident_ratio":0.0}},{"type":"Feature","geometry":{"type":"Point","coordinates":[121.5203,25.04743]},"properties":{"hotspot_id":"臺北市-48754","hotspot_type":"intersection","county":"臺北市","township":"中正區","road_or_intersection":"中山北路1段 x 北平西路","accident_count":4,"motorcycle_accident_count":4,"pedestrian_accident_count":0,"death_count":0,"injury_count":5,"fatal_accident_count":0,"risk_score":57.7,"risk_level":"medium","confidence":"confirmed","motorcycle_accident_ratio":1.0,"pedestrian_accident_ratio":0.0}},{"type":"Feature","geometry":{"type":"Point","coordinates":[121.5161,25.0274]},"properties":{"hotspot_id":"臺北市-48889","hotspot_type":"intersection","county":"臺北市","township":"中正區","road_or_intersection":"和平西路1段 x 福州街","accident_count":4,"motorcycle_accident_count":4,"pedestrian_accident_count":0,"death_count":0,"injury_count":5,"fatal_accident_count":0,"risk_score":57.7,"risk_level":"medium","confidence":"confirmed","motorcycle_accident_ratio":1.0,"pedestrian_accident_ratio":0.0}},{"type":"Feature","geometry":{"type":"Point","coordinates":[121.52052,25.02743]},"properties":{"hotspot_id":"臺北市-48853","hotspot_type":"intersection","county":"臺北市","township":"中正區","road_or_intersection":"南昌路2段","accident_count":4,"motorcycle_accident_count":3,"pedestrian_accident_count":2,"death_count":0,"injury_count":6,"fatal_accident_count":0,"risk_score":57.7,"risk_level":"medium","confidence":"confirmed","motorcycle_accident_ratio":0.75,"pedestrian_accident_ratio":0.5}},{"type":"Feature","geometry":{"type":"Point","coordinates":[121.51633,25.03202]},"properties":{"hotspot_id":"臺北市-48846","hotspot_type":"intersection","county":"臺北市","township":"中正區","road_or_intersection":"南昌路1段","accident_count":4,"motorcycle_accident_count":4,"pedestrian_accident_count":0,"death_count":0,"injury_count":5,"fatal_accident_count":0,"risk_score":57.7,"risk_level":"medium","confidence":"confirmed","motorcycle_accident_ratio":1.0,"pedestrian_accident_ratio":0.0}},{"type":"Feature","geometry":{"type":"Point","coordinates":[121.5326,25.0364]},"properties":{"hotspot_id":"臺北市-48976","hotspot_type":"intersection","county":"臺北市","township":"中正區","road_or_intersection":"新生南路1段","accident_count":4,"motorcycle_accident_count":4,"pedestrian_accident_count":0,"death_count":0,"injury_count":5,"fatal_accident_count":0,"risk_score":57.7,"risk_level":"medium","confidence":"confirmed","motorcycle_accident_ratio":1.0,"pedestrian_accident_ratio":0.0}},{"type":"Feature","geometry":{"type":"Point","coordinates":[121.52283,25.0215]},"properties":{"hotspot_id":"臺北市-49079","hotspot_type":"intersection","county":"臺北市","township":"中正區","road_or_intersection":"金門街","accident_count":4,"motorcycle_accident_count":4,"pedestrian_accident_count":0,"death_count":0,"injury_count":5,"fatal_accident_count":0,"risk_score":57.7,"risk_level":"medium","confidence":"confirmed","motorcycle_accident_ratio":1.0,"pedestrian_accident_ratio":0.0}},{"type":"Feature","geometry":{"type":"Point","coordinates":[121.56346,25.03925]},"properties":{"hotspot_id":"臺北市-49166","hotspot_type":"intersection","county":"臺北市","township":"信義區","road_or_intersection":"基隆路1段 x 松高路","accident_count":4,"motorcycle_accident_count":4,"pedestrian_accident_count":0,"death_count":0,"injury_count":5,"fatal_accident_count":0,"risk_score":57.7,"risk_level":"medium","confidence":"confirmed","motorcycle_accident_ratio":1.0,"pedestrian_accident_ratio":0.0}},{"type":"Feature","geometry":{"type":"Point","coordinates":[121.55549,25.02414]},"properties":{"hotspot_id":"臺北市-49156","hotspot_type":"intersection","county":"臺北市","township":"信義區","road_or_intersection":"嘉興街 x 崇德街","accident_count":4,"motorcycle_accident_count":4,"pedestrian_accident_count":0,"death_count":0,"injury_count":5,"fatal_accident_count":0,"risk_score":57.7,"risk_level":"medium","confidence":"confirmed","motorcycle_accident_ratio":1.0,"pedestrian_accident_ratio":0.0}},{"type":"Feature","geometry":{"type":"Point","coordinates":[121.56171,25.03928]},"properties":{"hotspot_id":"臺北市-49237","hotspot_type":"intersection","county":"臺北市","township":"信義區","road_or_intersection":"松高路 x 逸仙路","accident_count":4,"motorcycle_accident_count":4,"pedestrian_accident_count":0,"death_count":0,"injury_count":5,"fatal_accident_count":0,"risk_score":57.7,"risk_level":"medium","confidence":"confirmed","motorcycle_accident_ratio":1.0,"pedestrian_accident_ratio":0.0}},{"type":"Feature","geometry":{"type":"Point","coordinates":[121.56177,25.04653]},"properties":{"hotspot_id":"臺北市-49260","hotspot_type":"intersection","county":"臺北市","township":"信義區市","road_or_intersection":"民大道5段","accident_count":4,"motorcycle_accident_count":4,"pedestrian_accident_count":0,"death_count":0,"injury_count":5,"fatal_accident_count":0,"risk_score":57.7,"risk_level":"medium","confidence":"confirmed","motorcycle_accident_ratio":1.0,"pedestrian_accident_ratio":0.0}},{"type":"Feature","geometry":{"type":"Point","coordinates":[121.46887,25.12844]},"properties":{"hotspot_id":"臺北市-49472","hotspot_type":"intersection","county":"臺北市","township":"北投區","road_or_intersection":"一德街 x 中央北路4段","accident_count":4,"motorcycle_accident_count":4,"pedestrian_accident_count":0,"death_count":0,"injury_count":5,"fatal_accident_count":0,"risk_score":57.7,"risk_level":"medium","confidence":"confirmed","motorcycle_accident_ratio":1.0,"pedestrian_accident_ratio":0.0}},{"type":"Feature","geometry":{"type":"Point","coordinates":[121.50148,25.13095]},"properties":{"hotspot_id":"臺北市-49519","hotspot_type":"intersection","county":"臺北市","township":"北投區","road_or_intersection":"中央南路1段 x 清江路","accident_count":4,"motorcycle_accident_count":4,"pedestrian_accident_count":0,"death_count":0,"injury_count":5,"fatal_accident_count":0,"risk_score":57.7,"risk_level":"medium","confidence":"confirmed","motorcycle_accident_ratio":1.0,"pedestrian_accident_ratio":0.0}},{"type":"Feature","geometry":{"type":"Point","coordinates":[121.5189,25.11032]},"properties":{"hotspot_id":"臺北市-49624","hotspot_type":"intersection","county":"臺北市","township":"北投區","road_or_intersection":"建民路","accident_count":4,"motorcycle_accident_count":4,"pedestrian_accident_count":0,"death_count":0,"injury_count":5,"fatal_accident_count":0,"risk_score":57.7,"risk_level":"medium","confidence":"confirmed","motorcycle_accident_ratio":1.0,"pedestrian_accident_ratio":0.0}},{"type":"Feature","geometry":{"type":"Point","coordinates":[121.49909,25.137]},"properties":{"hotspot_id":"臺北市-49573","hotspot_type":"intersection","county":"臺北市","township":"北投區","road_or_intersection":"大同街 x 大業路","accident_count":4,"motorcycle_accident_count":4,"pedestrian_accident_count":0,"death_count":0,"injury_count":5,"fatal_accident_count":0,"risk_score":57.7,"risk_level":"medium","confidence":"confirmed","motorcycle_accident_ratio":1.0,"pedestrian_accident_ratio":0.0}},{"type":"Feature","geometry":{"type":"Point","coordinates":[121.51144,25.11043]},"properties":{"hotspot_id":"臺北市-49650","hotspot_type":"intersection","county":"臺北市","township":"北投區","road_or_intersection":"承德路6段 x 文林北路","accident_count":4,"motorcycle_accident_count":4,"pedestrian_accident_count":0,"death_count":0,"injury_count":5,"fatal_accident_count":0,"risk_score":57.7,"risk_level":"medium","confidence":"confirmed","motorcycle_accident_ratio":1.0,"pedestrian_accident_ratio":0.0}},{"type":"Feature","geometry":{"type":"Point","coordinates":[121.58163,25.05121]},"properties":{"hotspot_id":"臺北市-49804","hotspot_type":"intersection","county":"臺北市","township":"南港區","road_or_intersection":"八德路4段 x 玉成街","accident_count":4,"motorcycle_accident_count":4,"pedestrian_accident_count":0,"death_count":0,"injury_count":5,"fatal_accident_count":0,"risk_score":57.7,"risk_level":"medium","confidence":"confirmed","motorcycle_accident_ratio":1.0,"pedestrian_accident_ratio":0.0}},{"type":"Feature","geometry":{"type":"Point","coordinates":[121.5159,25.11611]},"properties":{"hotspot_id":"臺北市-49744","hotspot_type":"intersection","county":"臺北市","township":"北投區","road_or_intersection":"石牌路2段 x 裕民三路","accident_count":4,"motorcycle_accident_count":4,"pedestrian_accident_count":0,"death_count":0,"injury_count":5,"fatal_accident_count":0,"risk_score":57.7,"risk_level":"medium","confidence":"confirmed","motorcycle_accident_ratio":1.0,"pedestrian_accident_ratio":0.0}},{"type":"Feature","geometry":{"type":"Point","coordinates":[121.51569,25.11276]},"properties":{"hotspot_id":"臺北市-49738","hotspot_type":"intersection","county":"臺北市","township":"北投區","road_or_intersection":"石牌路1段 x 西安街1段","accident_count":4,"motorcycle_accident_count":3,"pedestrian_accident_count":2,"death_count":0,"injury_count":6,"fatal_accident_count":0,"risk_score":57.7,"risk_level":"medium","confidence":"confirmed","motorcycle_accident_ratio":0.75,"pedestrian_accident_ratio":0.5}},{"type":"Feature","geometry":{"type":"Point","coordinates":[121.58552,25.04584]},"properties":{"hotspot_id":"臺北市-49836","hotspot_type":"intersection","county":"臺北市","township":"南港區","road_or_intersection":"同德路","accident_count":4,"motorcycle_accident_count":4,"pedestrian_accident_count":0,"death_count":0,"injury_count":5,"fatal_accident_count":0,"risk_score":57.7,"risk_level":"medium","confidence":"confirmed","motorcycle_accident_ratio":1.0,"pedestrian_accident_ratio":0.0}},{"type":"Feature","geometry":{"type":"Point","coordinates":[121.61524,25.0543]},"properties":{"hotspot_id":"臺北市-49913","hotspot_type":"intersection","county":"臺北市","township":"南港區市","road_or_intersection":"中南街 x 民大道8段","accident_count":4,"motorcycle_accident_count":4,"pedestrian_accident_count":0,"death_count":0,"injury_count":5,"fatal_accident_count":0,"risk_score":57.7,"risk_level":"medium","confidence":"confirmed","motorcycle_accident_ratio":1.0,"pedestrian_accident_ratio":0.0}},{"type":"Feature","geometry":{"type":"Point","coordinates":[121.51968,25.09028]},"properties":{"hotspot_id":"臺北市-50048","hotspot_type":"intersection","county":"臺北市","township":"士林區","road_or_intersection":"大南路 x 華齡街","accident_count":4,"motorcycle_accident_count":4,"pedestrian_accident_count":0,"death_count":0,"injury_count":5,"fatal_accident_count":0,"risk_score":57.7,"risk_level":"medium","confidence":"confirmed","motorcycle_accident_ratio":1.0,"pedestrian_accident_ratio":0.0}},{"type":"Feature","geometry":{"type":"Point","coordinates":[121.5071,25.04655]},"properties":{"hotspot_id":"臺北市-51300","hotspot_type":"intersection","county":"臺北市","township":"萬華區","road_or_intersection":"西寧南路 x 開封街2段","accident_count":4,"motorcycle_accident_count":4,"pedestrian_accident_count":0,"death_count":0,"injury_count":5,"fatal_accident_count":0,"risk_score":57.7,"risk_level":"medium","confidence":"confirmed","motorcycle_accident_ratio":1.0,"pedestrian_accident_ratio":0.0}},{"type":"Feature","geometry":{"type":"Point","coordinates":[121.52786,25.02109]},"properties":{"hotspot_id":"臺北市-50556","hotspot_type":"intersection","county":"臺北市","township":"大安區","road_or_intersection":"師大路 x 羅斯福路3段","accident_count":4,"motorcycle_accident_count":4,"pedestrian_accident_count":0,"death_count":0,"injury_count":5,"fatal_accident_count":0,"risk_score":57.7,"risk_level":"medium","confidence":"confirmed","motorcycle_accident_ratio":1.0,"pedestrian_accident_ratio":0.0}},{"type":"Feature","geometry":{"type":"Point","coordinates":[121.5011,25.04343]},"properties":{"hotspot_id":"臺北市-51252","hotspot_type":"intersection","county":"臺北市","township":"萬華區","road_or_intersection":"環河南路1段 x 西園路1段","accident_count":4,"motorcycle_accident_count":4,"pedestrian_accident_count":0,"death_count":0,"injury_count":5,"fatal_accident_count":0,"risk_score":57.7,"risk_level":"medium","confidence":"confirmed","motorcycle_accident_ratio":1.0,"pedestrian_accident_ratio":0.0}},{"type":"Feature","geometry":{"type":"Point","coordinates":[121.54115,25.02165]},"properties":{"hotspot_id":"臺北市-50661","hotspot_type":"intersection","county":"臺北市","township":"大安區","road_or_intersection":"辛亥路2段","accident_count":4,"motorcycle_accident_count":4,"pedestrian_accident_count":0,"death_count":0,"injury_count":5,"fatal_accident_count":0,"risk_score":57.7,"risk_level":"medium","confidence":"confirmed","motorcycle_accident_ratio":1.0,"pedestrian_accident_ratio":0.0}},{"type":"Feature","geometry":{"type":"Point","coordinates":[121.55145,25.01835]},"properties":{"hotspot_id":"臺北市-50655","hotspot_type":"intersection","county":"臺北市","township":"大安區","road_or_intersection":"臥龍街","accident_count":4,"motorcycle_accident_count":4,"pedestrian_accident_count":0,"death_count":0,"injury_count":5,"fatal_accident_count":0,"risk_score":57.7,"risk_level":"medium","confidence":"confirmed","motorcycle_accident_ratio":1.0,"pedestrian_accident_ratio":0.0}},{"type":"Feature","geometry":{"type":"Point","coordinates":[121.53635,25.01087]},"properties":{"hotspot_id":"臺北市-50720","hotspot_type":"intersection","county":"臺北市","township":"文山區","road_or_intersection":"基隆路4段 x 汀州路4段","accident_count":4,"motorcycle_accident_count":4,"pedestrian_accident_count":0,"death_count":0,"injury_count":5,"fatal_accident_count":0,"risk_score":57.7,"risk_level":"medium","confidence":"confirmed","motorcycle_accident_ratio":1.0,"pedestrian_accident_ratio":0.0}},{"type":"Feature","geometry":{"type":"Point","coordinates":[121.56763,25.00518]},"properties":{"hotspot_id":"臺北市-50715","hotspot_type":"intersection","county":"臺北市","township":"文山區","road_or_intersection":"和平東路4段 x 萬寧街","accident_count":4,"motorcycle_accident_count":4,"pedestrian_accident_count":0,"death_count":0,"injury_count":5,"fatal_accident_count":0,"risk_score":57.7,"risk_level":"medium","confidence":"confirmed","motorcycle_accident_ratio":1.0,"pedestrian_accident_ratio":0.0}},{"type":"Feature","geometry":{"type":"Point","coordinates":[121.54459,25.04828]},"properties":{"hotspot_id":"臺北市-50980","hotspot_type":"intersection","county":"臺北市","township":"松山區","road_or_intersection":"南京東路3段 x 長安東路2段","accident_count":4,"motorcycle_accident_count":4,"pedestrian_accident_count":0,"death_count":0,"injury_count":5,"fatal_accident_count":0,"risk_score":57.7,"risk_level":"medium","confidence":"confirmed","motorcycle_accident_ratio":1.0,"pedestrian_accident_ratio":0.0}},{"type":"Feature","geometry":{"type":"Point","coordinates":[121.5541,25.00013]},"properties":{"hotspot_id":"臺北市-50879","hotspot_type":"intersection","county":"臺北市","township":"文山區","road_or_intersection":"興隆路2段 x 辛亥路5段","accident_count":4,"motorcycle_accident_count":4,"pedestrian_accident_count":0,"death_count":0,"injury_count":5,"fatal_accident_count":0,"risk_score":57.7,"risk_level":"medium","confidence":"confirmed","motorcycle_accident_ratio":1.0,"pedestrian_accident_ratio":0.0}},{"type":"Feature","geometry":{"type":"Point","coordinates":[121.50289,25.04462]},"properties":{"hotspot_id":"臺北市-51165","hotspot_type":"intersection","county":"臺北市","township":"萬華區","road_or_intersection":"峨眉街 x 康定路","accident_count":4,"motorcycle_accident_count":4,"pedestrian_accident_count":0,"death_count":0,"injury_count":5,"fatal_accident_count":0,"risk_score":57.7,"risk_level":"medium","confidence":"confirmed","motorcycle_accident_ratio":1.0,"pedestrian_accident_ratio":0.0}},{"type":"Feature","geometry":{"type":"Point","coordinates":[121.54032,24.99997]},"properties":{"hotspot_id":"臺北市-50801","hotspot_type":"intersection","county":"臺北市","township":"文山區","road_or_intersection":"景隆街","accident_count":4,"motorcycle_accident_count":4,"pedestrian_accident_count":0,"death_count":0,"injury_count":5,"fatal_accident_count":0,"risk_score":57.7,"risk_level":"medium","confidence":"confirmed","motorcycle_accident_ratio":1.0,"pedestrian_accident_ratio":0.0}},{"type":"Feature","geometry":{"type":"Point","coordinates":[121.50397,25.0416]},"properties":{"hotspot_id":"臺北市-51114","hotspot_type":"intersection","county":"臺北市","township":"萬華區","road_or_intersection":"內江街","accident_count":4,"motorcycle_accident_count":4,"pedestrian_accident_count":0,"death_count":0,"injury_count":5,"fatal_accident_count":0,"risk_score":57.7,"risk_level":"medium","confidence":"confirmed","motorcycle_accident_ratio":1.0,"pedestrian_accident_ratio":0.0}},{"type":"Feature","geometry":{"type":"Point","coordinates":[121.56496,25.04953]},"properties":{"hotspot_id":"臺北市-51890","hotspot_type":"intersection","county":"臺北市","township":"松山區","road_or_intersection":"八德路4段","accident_count":5,"motorcycle_accident_count":3,"pedestrian_accident_count":1,"death_count":0,"injury_count":6,"fatal_accident_count":0,"risk_score":57.5,"risk_level":"medium","confidence":"probable","motorcycle_accident_ratio":0.6,"pedestrian_accident_ratio":0.2}},{"type":"Feature","geometry":{"type":"Point","coordinates":[121.57785,25.05005]},"properties":{"hotspot_id":"臺北市-50969","hotspot_type":"intersection","county":"臺北市","township":"松山區","road_or_intersection":"八德路4段 x 松山路","accident_count":5,"motorcycle_accident_count":3,"pedestrian_accident_count":1,"death_count":0,"injury_count":6,"fatal_accident_count":0,"risk_score":57.5,"risk_level":"medium","confidence":"confirmed","motorcycle_accident_ratio":0.6,"pedestrian_accident_ratio":0.2}},{"type":"Feature","geometry":{"type":"Point","coordinates":[121.56831,25.03594]},"properties":{"hotspot_id":"臺北市-49200","hotspot_type":"intersection","county":"臺北市","township":"信義區","road_or_intersection":"松仁路 x 松壽路","accident_count":5,"motorcycle_accident_count":2,"pedestrian_accident_count":3,"death_count":0,"injury_count":6,"fatal_accident_count":0,"risk_score":57.5,"risk_level":"medium","confidence":"confirmed","motorcycle_accident_ratio":0.4,"pedestrian_accident_ratio":0.6}},{"type":"Feature","geometry":{"type":"Point","coordinates":[121.53919,25.03594]},"properties":{"hotspot_id":"臺北市-50416","hotspot_type":"intersection","county":"臺北市","township":"大安區","road_or_intersection":"仁愛路3段 x 信義路3段","accident_count":7,"motorcycle_accident_count":6,"pedestrian_accident_count":0,"death_count":0,"injury_count":7,"fatal_accident_count":0,"risk_score":57.4,"risk_level":"medium","confidence":"confirmed","motorcycle_accident_ratio":0.8571,"pedestrian_accident_ratio":0.0}},{"type":"Feature","geometry":{"type":"Point","coordinates":[121.52819,25.03754]},"properties":{"hotspot_id":"臺北市-51504","hotspot_type":"intersection","county":"臺北市","township":"中正區","road_or_intersection":"金山南路1段","accident_count":7,"motorcycle_accident_count":6,"pedestrian_accident_count":0,"death_count":0,"injury_count":7,"fatal_accident_count":0,"risk_score":57.4,"risk_level":"medium","confidence":"probable","motorcycle_accident_ratio":0.8571,"pedestrian_accident_ratio":0.0}},{"type":"Feature","geometry":{"type":"Point","coordinates":[121.56703,25.0458]},"properties":{"hotspot_id":"臺北市-49162","hotspot_type":"intersection","county":"臺北市","township":"信義區","road_or_intersection":"基隆路1段 x 東興路","accident_count":7,"motorcycle_accident_count":6,"pedestrian_accident_count":0,"death_count":0,"injury_count":7,"fatal_accident_count":0,"risk_score":57.4,"risk_level":"medium","confidence":"confirmed","motorcycle_accident_ratio":0.8571,"pedestrian_accident_ratio":0.0}},{"type":"Feature","geometry":{"type":"Point","coordinates":[121.54601,24.98664]},"properties":{"hotspot_id":"臺北市-50718","hotspot_type":"intersection","county":"臺北市","township":"文山區","road_or_intersection":"和興路 x 木柵路1段","accident_count":7,"motorcycle_accident_count":6,"pedestrian_accident_count":0,"death_count":0,"injury_count":7,"fatal_accident_count":0,"risk_score":57.4,"risk_level":"medium","confidence":"confirmed","motorcycle_accident_ratio":0.8571,"pedestrian_accident_ratio":0.0}},{"type":"Feature","geometry":{"type":"Point","coordinates":[121.52922,25.04081]},"properties":{"hotspot_id":"臺北市-49038","hotspot_type":"intersection","county":"臺北市","township":"中正區","road_or_intersection":"濟南路2段 x 金山南路1段","accident_count":5,"motorcycle_accident_count":4,"pedestrian_accident_count":1,"death_count":0,"injury_count":5,"fatal_accident_count":0,"risk_score":57.3,"risk_level":"medium","confidence":"confirmed","motorcycle_accident_ratio":0.8,"pedestrian_accident_ratio":0.2}},{"type":"Feature","geometry":{"type":"Point","coordinates":[121.52759,25.06547]},"properties":{"hotspot_id":"臺北市-48643","hotspot_type":"intersection","county":"臺北市","township":"中山區","road_or_intersection":"新生北路3段","accident_count":5,"motorcycle_accident_count":4,"pedestrian_accident_count":1,"death_count":0,"injury_count":5,"fatal_accident_count":0,"risk_score":57.3,"risk_level":"medium","confidence":"confirmed","motorcycle_accident_ratio":0.8,"pedestrian_accident_ratio":0.2}},{"type":"Feature","geometry":{"type":"Point","coordinates":[121.56551,25.03587]},"properties":{"hotspot_id":"臺北市-49213","hotspot_type":"intersection","county":"臺北市","township":"信義區","road_or_intersection":"松壽路 x 松智路","accident_count":6,"motorcycle_accident_count":5,"pedestrian_accident_count":0,"death_count":0,"injury_count":8,"fatal_accident_count":0,"risk_score":57.3,"risk_level":"medium","confidence":"confirmed","motorcycle_accident_ratio":0.8333,"pedestrian_accident_ratio":0.0}},{"type":"Feature","geometry":{"type":"Point","coordinates":[121.53506,25.02614]},"properties":{"hotspot_id":"臺北市-50489","hotspot_type":"intersection","county":"臺北市","township":"大安區","road_or_intersection":"和平東路2段 x 新生南路2段","accident_count":6,"motorcycle_accident_count":5,"pedestrian_accident_count":0,"death_count":0,"injury_count":8,"fatal_accident_count":0,"risk_score":57.3,"risk_level":"medium","confidence":"confirmed","motorcycle_accident_ratio":0.8333,"pedestrian_accident_ratio":0.0}},{"type":"Feature","geometry":{"type":"Point","coordinates":[121.54725,24.99906]},"properties":{"hotspot_id":"臺北市-50796","hotspot_type":"intersection","county":"臺北市","township":"文山區","road_or_intersection":"景華街 x 興隆路2段","accident_count":5,"motorcycle_accident_count":4,"pedestrian_accident_count":1,"death_count":0,"injury_count":5,"fatal_accident_count":0,"risk_score":57.3,"risk_level":"medium","confidence":"confirmed","motorcycle_accident_ratio":0.8,"pedestrian_accident_ratio":0.2}},{"type":"Feature","geometry":{"type":"Point","coordinates":[121.48904,25.02748]},"properties":{"hotspot_id":"臺北市-51509","hotspot_type":"intersection","county":"臺北市","township":"萬華區","road_or_intersection":"堤外便道","accident_count":6,"motorcycle_accident_count":5,"pedestrian_accident_count":0,"death_count":0,"injury_count":8,"fatal_accident_count":0,"risk_score":57.3,"risk_level":"medium","confidence":"probable","motorcycle_accident_ratio":0.8333,"pedestrian_accident_ratio":0.0}},{"type":"Feature","geometry":{"type":"Point","coordinates":[121.58237,25.04046]},"properties":{"hotspot_id":"臺北市-49174","hotspot_type":"intersection","county":"臺北市","township":"信義區","road_or_intersection":"大道 x 林口街","accident_count":5,"motorcycle_accident_count":4,"pedestrian_accident_count":1,"death_count":0,"injury_count":5,"fatal_accident_count":0,"risk_score":57.3,"risk_level":"medium","confidence":"confirmed","motorcycle_accident_ratio":0.8,"pedestrian_accident_ratio":0.2}},{"type":"Feature","geometry":{"type":"Point","coordinates":[121.49752,25.02213]},"properties":{"hotspot_id":"臺北市-51287","hotspot_type":"intersection","county":"臺北市","township":"萬華區","road_or_intersection":"萬大路 x 長泰街","accident_count":5,"motorcycle_accident_count":4,"pedestrian_accident_count":1,"death_count":0,"injury_count":5,"fatal_accident_count":0,"risk_score":57.3,"risk_level":"medium","confidence":"confirmed","motorcycle_accident_ratio":0.8,"pedestrian_accident_ratio":0.2}},{"type":"Feature","geometry":{"type":"Point","coordinates":[121.50877,25.08819]},"properties":{"hotspot_id":"臺北市-50075","hotspot_type":"intersection","county":"臺北市","township":"士林區","road_or_intersection":"延平北路6段 x 社正路","accident_count":5,"motorcycle_accident_count":4,"pedestrian_accident_count":1,"death_count":0,"injury_count":5,"fatal_accident_count":0,"risk_score":57.3,"risk_level":"medium","confidence":"confirmed","motorcycle_accident_ratio":0.8,"pedestrian_accident_ratio":0.2}},{"type":"Feature","geometry":{"type":"Point","coordinates":[121.56927,25.0235]},"properties":{"hotspot_id":"臺北市-49145","hotspot_type":"intersection","county":"臺北市","township":"信義區","road_or_intersection":"吳興街 x 松仁路","accident_count":5,"motorcycle_accident_count":4,"pedestrian_accident_count":1,"death_count":0,"injury_count":5,"fatal_accident_count":0,"risk_score":57.3,"risk_level":"medium","confidence":"confirmed","motorcycle_accident_ratio":0.8,"pedestrian_accident_ratio":0.2}},{"type":"Feature","geometry":{"type":"Point","coordinates":[121.55225,25.03278]},"properties":{"hotspot_id":"臺北市-50457","hotspot_type":"intersection","county":"臺北市","township":"大安區","road_or_intersection":"信義路4段 x 安和路2段","accident_count":4,"motorcycle_accident_count":3,"pedestrian_accident_count":1,"death_count":0,"injury_count":6,"fatal_accident_count":0,"risk_score":57.3,"risk_level":"medium","confidence":"confirmed","motorcycle_accident_ratio":0.75,"pedestrian_accident_ratio":0.25}},{"type":"Feature","geometry":{"type":"Point","coordinates":[121.61125,25.05391]},"properties":{"hotspot_id":"臺北市-49915","hotspot_type":"intersection","county":"臺北市","township":"南港區市","road_or_intersection":"南港路1段 x 民大道8段","accident_count":6,"motorcycle_accident_count":5,"pedestrian_accident_count":0,"death_count":0,"injury_count":8,"fatal_accident_count":0,"risk_score":57.3,"risk_level":"medium","confidence":"confirmed","motorcycle_accident_ratio":0.8333,"pedestrian_accident_ratio":0.0}},{"type":"Feature","geometry":{"type":"Point","coordinates":[121.52215,25.03911]},"properties":{"hotspot_id":"臺北市-48807","hotspot_type":"intersection","county":"臺北市","township":"中正區","road_or_intersection":"仁愛路1段 x 林森南路","accident_count":6,"motorcycle_accident_count":5,"pedestrian_accident_count":0,"death_count":0,"injury_count":8,"fatal_accident_count":0,"risk_score":57.3,"risk_level":"medium","confidence":"confirmed","motorcycle_accident_ratio":0.8333,"pedestrian_accident_ratio":0.0}},{"type":"Feature","geometry":{"type":"Point","coordinates":[121.5324,25.09874]},"properties":{"hotspot_id":"臺北市-50170","hotspot_type":"intersection","county":"臺北市","township":"士林區","road_or_intersection":"福志路 x 雨農路","accident_count":5,"motorcycle_accident_count":4,"pedestrian_accident_count":1,"death_count":0,"injury_count":5,"fatal_accident_count":0,"risk_score":57.3,"risk_level":"medium","confidence":"confirmed","motorcycle_accident_ratio":0.8,"pedestrian_accident_ratio":0.2}},{"type":"Feature","geometry":{"type":"Point","coordinates":[121.55618,25.0447]},"properties":{"hotspot_id":"臺北市-51870","hotspot_type":"intersection","county":"臺北市","township":"大安區市","road_or_intersection":"民大道4段","accident_count":6,"motorcycle_accident_count":5,"pedestrian_accident_count":0,"death_count":0,"injury_count":8,"fatal_accident_count":0,"risk_score":57.3,"risk_level":"medium","confidence":"probable","motorcycle_accident_ratio":0.8333,"pedestrian_accident_ratio":0.0}},{"type":"Feature","geometry":{"type":"Point","coordinates":[121.51409,25.05445]},"properties":{"hotspot_id":"臺北市-50241","hotspot_type":"intersection","county":"臺北市","township":"大同區","road_or_intersection":"南京西路 x 重慶北路2段","accident_count":6,"motorcycle_accident_count":5,"pedestrian_accident_count":0,"death_count":0,"injury_count":8,"fatal_accident_count":0,"risk_score":57.3,"risk_level":"medium","confidence":"confirmed","motorcycle_accident_ratio":0.8333,"pedestrian_accident_ratio":0.0}},{"type":"Feature","geometry":{"type":"Point","coordinates":[121.58232,25.05145]},"properties":{"hotspot_id":"臺北市-49803","hotspot_type":"intersection","county":"臺北市","township":"南港區","road_or_intersection":"八德路4段 x 東新街","accident_count":5,"motorcycle_accident_count":4,"pedestrian_accident_count":1,"death_count":0,"injury_count":5,"fatal_accident_count":0,"risk_score":57.3,"risk_level":"medium","confidence":"confirmed","motorcycle_accident_ratio":0.8,"pedestrian_accident_ratio":0.2}},{"type":"Feature","geometry":{"type":"Point","coordinates":[121.61406,25.05523]},"properties":{"hotspot_id":"臺北市-49782","hotspot_type":"intersection","county":"臺北市","township":"南港區","road_or_intersection":"三重路 x 南港路1段","accident_count":5,"motorcycle_accident_count":4,"pedestrian_accident_count":1,"death_count":0,"injury_count":5,"fatal_accident_count":0,"risk_score":57.3,"risk_level":"medium","confidence":"confirmed","motorcycle_accident_ratio":0.8,"pedestrian_accident_ratio":0.2}},{"type":"Feature","geometry":{"type":"Point","coordinates":[121.50672,25.03767]},"properties":{"hotspot_id":"臺北市-51092","hotspot_type":"intersection","county":"臺北市","township":"萬華區","road_or_intersection":"中華路1段 x 桂林路","accident_count":6,"motorcycle_accident_count":5,"pedestrian_accident_count":0,"death_count":0,"injury_count":8,"fatal_accident_count":0,"risk_score":57.3,"risk_level":"medium","confidence":"confirmed","motorcycle_accident_ratio":0.8333,"pedestrian_accident_ratio":0.0}},{"type":"Feature","geometry":{"type":"Point","coordinates":[121.55303,25.0241]},"properties":{"hotspot_id":"臺北市-51844","hotspot_type":"intersection","county":"臺北市","township":"信義區","road_or_intersection":"和平東路3段","accident_count":5,"motorcycle_accident_count":4,"pedestrian_accident_count":1,"death_count":0,"injury_count":5,"fatal_accident_count":0,"risk_score":57.3,"risk_level":"medium","confidence":"probable","motorcycle_accident_ratio":0.8,"pedestrian_accident_ratio":0.2}},{"type":"Feature","geometry":{"type":"Point","coordinates":[121.53301,25.05794]},"properties":{"hotspot_id":"臺北市-51763","hotspot_type":"intersection","county":"臺北市","township":"中山區","road_or_intersection":"松江路","accident_count":5,"motorcycle_accident_count":4,"pedestrian_accident_count":1,"death_count":0,"injury_count":5,"fatal_accident_count":0,"risk_score":57.3,"risk_level":"medium","confidence":"probable","motorcycle_accident_ratio":0.8,"pedestrian_accident_ratio":0.2}},{"type":"Feature","geometry":{"type":"Point","coordinates":[121.49452,25.03813]},"properties":{"hotspot_id":"臺北市-51707","hotspot_type":"intersection","county":"臺北市","township":"萬華區","road_or_intersection":"堤外便道","accident_count":6,"motorcycle_accident_count":5,"pedestrian_accident_count":0,"death_count":0,"injury_count":8,"fatal_accident_count":0,"risk_score":57.3,"risk_level":"medium","confidence":"probable","motorcycle_accident_ratio":0.8333,"pedestrian_accident_ratio":0.0}},{"type":"Feature","geometry":{"type":"Point","coordinates":[121.51457,25.05489]},"properties":{"hotspot_id":"臺北市-51704","hotspot_type":"intersection","county":"臺北市","township":"大同區","road_or_intersection":"重慶北路2段","accident_count":5,"motorcycle_accident_count":4,"pedestrian_accident_count":1,"death_count":0,"injury_count":5,"fatal_accident_count":0,"risk_score":57.3,"risk_level":"medium","confidence":"probable","motorcycle_accident_ratio":0.8,"pedestrian_accident_ratio":0.2}},{"type":"Feature","geometry":{"type":"Point","coordinates":[121.58128,25.05746]},"properties":{"hotspot_id":"臺北市-49296","hotspot_type":"intersection","county":"臺北市","township":"內湖區","road_or_intersection":"南京東路6段 x 舊宗路1段","accident_count":7,"motorcycle_accident_count":3,"pedestrian_accident_count":0,"death_count":0,"injury_count":9,"fatal_accident_count":0,"risk_score":57.1,"risk_level":"medium","confidence":"confirmed","motorcycle_accident_ratio":0.4286,"pedestrian_accident_ratio":0.0}},{"type":"Feature","geometry":{"type":"Point","coordinates":[121.50066,25.02982]},"properties":{"hotspot_id":"臺北市-51522","hotspot_type":"intersection","county":"臺北市","township":"萬華區","road_or_intersection":"萬大路","accident_count":7,"motorcycle_accident_count":5,"pedestrian_accident_count":0,"death_count":0,"injury_count":8,"fatal_accident_count":0,"risk_score":57.0,"risk_level":"medium","confidence":"probable","motorcycle_accident_ratio":0.7143,"pedestrian_accident_ratio":0.0}},{"type":"Feature","geometry":{"type":"Point","coordinates":[121.57437,25.03371]},"properties":{"hotspot_id":"臺北市-49129","hotspot_type":"intersection","county":"臺北市","township":"信義區","road_or_intersection":"信義路5段 x 松德路","accident_count":7,"motorcycle_accident_count":5,"pedestrian_accident_count":0,"death_count":0,"injury_count":8,"fatal_accident_count":0,"risk_score":57.0,"risk_level":"medium","confidence":"confirmed","motorcycle_accident_ratio":0.7143,"pedestrian_accident_ratio":0.0}},{"type":"Feature","geometry":{"type":"Point","coordinates":[121.56341,25.04113]},"properties":{"hotspot_id":"臺北市-51907","hotspot_type":"intersection","county":"臺北市","township":"信義區","road_or_intersection":"忠孝東路4段","accident_count":7,"motorcycle_accident_count":5,"pedestrian_accident_count":0,"death_count":0,"injury_count":8,"fatal_accident_count":0,"risk_score":57.0,"risk_level":"medium","confidence":"probable","motorcycle_accident_ratio":0.7143,"pedestrian_accident_ratio":0.0}},{"type":"Feature","geometry":{"type":"Point","coordinates":[121.50728,25.03925]},"properties":{"hotspot_id":"臺北市-51088","hotspot_type":"intersection","county":"臺北市","township":"萬華區","road_or_intersection":"中華路1段 x 南寧路","accident_count":5,"motorcycle_accident_count":4,"pedestrian_accident_count":0,"death_count":0,"injury_count":9,"fatal_accident_count":0,"risk_score":56.5,"risk_level":"medium","confidence":"confirmed","motorcycle_accident_ratio":0.8,"pedestrian_accident_ratio":0.0}},{"type":"Feature","geometry":{"type":"Point","coordinates":[121.49311,25.13749]},"properties":{"hotspot_id":"臺北市-49503","hotspot_type":"intersection","county":"臺北市","township":"北投區","road_or_intersection":"中央北路2段 x 豐年路2段","accident_count":5,"motorcycle_accident_count":4,"pedestrian_accident_count":0,"death_count":0,"injury_count":9,"fatal_accident_count":0,"risk_score":56.5,"risk_level":"medium","confidence":"confirmed","motorcycle_accident_ratio":0.8,"pedestrian_accident_ratio":0.0}},{"type":"Feature","geometry":{"type":"Point","coordinates":[121.57999,25.00453]},"properties":{"hotspot_id":"臺北市-51344","hotspot_type":"intersection","county":"臺北市","township":"文山區","road_or_intersection":"國道","accident_count":6,"motorcycle_accident_count":0,"pedestrian_accident_count":0,"death_count":0,"injury_count":10,"fatal_accident_count":0,"risk_score":56.5,"risk_level":"medium","confidence":"probable","motorcycle_accident_ratio":0.0,"pedestrian_accident_ratio":0.0}},{"type":"Feature","geometry":{"type":"Point","coordinates":[121.533,25.04423]},"properties":{"hotspot_id":"臺北市-50472","hotspot_type":"intersection","county":"臺北市","township":"大安區","road_or_intersection":"八德路2段 x 新生南路1段","accident_count":3,"motorcycle_accident_count":3,"pedestrian_accident_count":0,"death_count":0,"injury_count":5,"fatal_accident_count":0,"risk_score":56.3,"risk_level":"medium","confidence":"confirmed","motorcycle_accident_ratio":1.0,"pedestrian_accident_ratio":0.0}},{"type":"Feature","geometry":{"type":"Point","coordinates":[121.54616,25.04198]},"properties":{"hotspot_id":"臺北市-50535","hotspot_type":"intersection","county":"臺北市","township":"大安區","road_or_intersection":"大安路1段 x 敦化南路1段","accident_count":3,"motorcycle_accident_count":3,"pedestrian_accident_count":0,"death_count":0,"injury_count":5,"fatal_accident_count":0,"risk_score":56.3,"risk_level":"medium","confidence":"confirmed","motorcycle_accident_ratio":1.0,"pedestrian_accident_ratio":0.0}},{"type":"Feature","geometry":{"type":"Point","coordinates":[121.54854,25.09556]},"properties":{"hotspot_id":"臺北市-50124","hotspot_type":"intersection","county":"臺北市","township":"士林區","road_or_intersection":"故宮路 x 自強隧道","accident_count":3,"motorcycle_accident_count":3,"pedestrian_accident_count":0,"death_count":0,"injury_count":5,"fatal_accident_count":0,"risk_score":56.3,"risk_level":"medium","confidence":"confirmed","motorcycle_accident_ratio":1.0,"pedestrian_accident_ratio":0.0}},{"type":"Feature","geometry":{"type":"Point","coordinates":[121.5461,25.13565]},"properties":{"hotspot_id":"臺北市-50085","hotspot_type":"intersection","county":"臺北市","township":"士林區","road_or_intersection":"建業路 x 格致路","accident_count":3,"motorcycle_accident_count":3,"pedestrian_accident_count":0,"death_count":0,"injury_count":5,"fatal_accident_count":0,"risk_score":56.3,"risk_level":"medium","confidence":"confirmed","motorcycle_accident_ratio":1.0,"pedestrian_accident_ratio":0.0}},{"type":"Feature","geometry":{"type":"Point","coordinates":[121.52961,25.02838]},"properties":{"hotspot_id":"臺北市-50626","hotspot_type":"intersection","county":"臺北市","township":"大安區","road_or_intersection":"永康街 x 潮州街","accident_count":3,"motorcycle_accident_count":3,"pedestrian_accident_count":0,"death_count":0,"injury_count":5,"fatal_accident_count":0,"risk_score":56.3,"risk_level":"medium","confidence":"confirmed","motorcycle_accident_ratio":1.0,"pedestrian_accident_ratio":0.0}},{"type":"Feature","geometry":{"type":"Point","coordinates":[121.53842,25.01057]},"properties":{"hotspot_id":"臺北市-50650","hotspot_type":"intersection","county":"臺北市","township":"大安區","road_or_intersection":"羅斯福路4段","accident_count":3,"motorcycle_accident_count":3,"pedestrian_accident_count":0,"death_count":0,"injury_count":5,"fatal_accident_count":0,"risk_score":56.3,"risk_level":"medium","confidence":"confirmed","motorcycle_accident_ratio":1.0,"pedestrian_accident_ratio":0.0}},{"type":"Feature","geometry":{"type":"Point","coordinates":[121.56488,24.98269]},"properties":{"hotspot_id":"臺北市-50696","hotspot_type":"intersection","county":"臺北市","township":"文山區","road_or_intersection":"中崙路 x 木新路3段","accident_count":3,"motorcycle_accident_count":3,"pedestrian_accident_count":0,"death_count":0,"injury_count":5,"fatal_accident_count":0,"risk_score":56.3,"risk_level":"medium","confidence":"confirmed","motorcycle_accident_ratio":1.0,"pedestrian_accident_ratio":0.0}},{"type":"Feature","geometry":{"type":"Point","coordinates":[121.54054,24.99657]},"properties":{"hotspot_id":"臺北市-50769","hotspot_type":"intersection","county":"臺北市","township":"文山區","road_or_intersection":"景仁街 x 羅斯福路6段","accident_count":3,"motorcycle_accident_count":3,"pedestrian_accident_count":0,"death_count":0,"injury_count":5,"fatal_accident_count":0,"risk_score":56.3,"risk_level":"medium","confidence":"confirmed","motorcycle_accident_ratio":1.0,"pedestrian_accident_ratio":0.0}},{"type":"Feature","geometry":{"type":"Point","coordinates":[121.54061,25.11434]},"properties":{"hotspot_id":"臺北市-49993","hotspot_type":"intersection","county":"臺北市","township":"士林區","road_or_intersection":"仰德大道3段","accident_count":3,"motorcycle_accident_count":3,"pedestrian_accident_count":0,"death_count":0,"injury_count":5,"fatal_accident_count":0,"risk_score":56.3,"risk_level":"medium","confidence":"confirmed","motorcycle_accident_ratio":1.0,"pedestrian_accident_ratio":0.0}},{"type":"Feature","geometry":{"type":"Point","coordinates":[121.57672,25.00018]},"properties":{"hotspot_id":"臺北市-50833","hotspot_type":"intersection","county":"臺北市","township":"文山區","road_or_intersection":"木柵路4段 x 萬芳交流道","accident_count":3,"motorcycle_accident_count":3,"pedestrian_accident_count":0,"death_count":0,"injury_count":5,"fatal_accident_count":0,"risk_score":56.3,"risk_level":"medium","confidence":"confirmed","motorcycle_accident_ratio":1.0,"pedestrian_accident_ratio":0.0}},{"type":"Feature","geometry":{"type":"Point","coordinates":[121.53661,25.00092]},"properties":{"hotspot_id":"臺北市-50850","hotspot_type":"intersection","county":"臺北市","township":"文山區","road_or_intersection":"溪洲街 x 萬隆街","accident_count":3,"motorcycle_accident_count":3,"pedestrian_accident_count":0,"death_count":0,"injury_count":5,"fatal_accident_count":0,"risk_score":56.3,"risk_level":"medium","confidence":"confirmed","motorcycle_accident_ratio":1.0,"pedestrian_accident_ratio":0.0}},{"type":"Feature","geometry":{"type":"Point","coordinates":[121.55522,25.00068]},"properties":{"hotspot_id":"臺北市-50871","hotspot_type":"intersection","county":"臺北市","township":"文山區","road_or_intersection":"興德路 x 興隆路3段","accident_count":3,"motorcycle_accident_count":3,"pedestrian_accident_count":0,"death_count":0,"injury_count":5,"fatal_accident_count":0,"risk_score":56.3,"risk_level":"medium","confidence":"confirmed","motorcycle_accident_ratio":1.0,"pedestrian_accident_ratio":0.0}},{"type":"Feature","geometry":{"type":"Point","coordinates":[121.53201,25.09656]},"properties":{"hotspot_id":"臺北市-49976","hotspot_type":"intersection","county":"臺北市","township":"士林區","road_or_intersection":"中正路 x 福林路","accident_count":3,"motorcycle_accident_count":3,"pedestrian_accident_count":0,"death_count":0,"injury_count":5,"fatal_accident_count":0,"risk_score":56.3,"risk_level":"medium","confidence":"confirmed","motorcycle_accident_ratio":1.0,"pedestrian_accident_ratio":0.0}},{"type":"Feature","geometry":{"type":"Point","coordinates":[121.5478,24.9893]},"properties":{"hotspot_id":"臺北市-50903","hotspot_type":"intersection","county":"臺北市","township":"文山區","road_or_intersection":"試院路","accident_count":3,"motorcycle_accident_count":3,"pedestrian_accident_count":0,"death_count":0,"injury_count":5,"fatal_accident_count":0,"risk_score":56.3,"risk_level":"medium","confidence":"confirmed","motorcycle_accident_ratio":1.0,"pedestrian_accident_ratio":0.0}},{"type":"Feature","geometry":{"type":"Point","coordinates":[121.57988,25.05211]},"properties":{"hotspot_id":"臺北市-50917","hotspot_type":"intersection","county":"臺北市","township":"松山區","road_or_intersection":"中坡北路 x 松河街","accident_count":3,"motorcycle_accident_count":3,"pedestrian_accident_count":0,"death_count":0,"injury_count":5,"fatal_accident_count":0,"risk_score":56.3,"risk_level":"medium","confidence":"confirmed","motorcycle_accident_ratio":1.0,"pedestrian_accident_ratio":0.0}},{"type":"Feature","geometry":{"type":"Point","coordinates":[121.54691,25.04822]},"properties":{"hotspot_id":"臺北市-50951","hotspot_type":"intersection","county":"臺北市","township":"松山區","road_or_intersection":"八德路2段 x 敦化北路","accident_count":3,"motorcycle_accident_count":3,"pedestrian_accident_count":0,"death_count":0,"injury_count":5,"fatal_accident_count":0,"risk_score":56.3,"risk_level":"medium","confidence":"confirmed","motorcycle_accident_ratio":1.0,"pedestrian_accident_ratio":0.0}},{"type":"Feature","geometry":{"type":"Point","coordinates":[121.6032,25.05698]},"properties":{"hotspot_id":"臺北市-49904","hotspot_type":"intersection","county":"臺北市","township":"南港區","road_or_intersection":"興南街 x 重陽路","accident_count":3,"motorcycle_accident_count":3,"pedestrian_accident_count":0,"death_count":0,"injury_count":5,"fatal_accident_count":0,"risk_score":56.3,"risk_level":"medium","confidence":"confirmed","motorcycle_accident_ratio":1.0,"pedestrian_accident_ratio":0.0}},{"type":"Feature","geometry":{"type":"Point","coordinates":[121.56806,25.05222]},"properties":{"hotspot_id":"臺北市-51009","hotspot_type":"intersection","county":"臺北市","township":"松山區","road_or_intersection":"寶清街","accident_count":3,"motorcycle_accident_count":3,"pedestrian_accident_count":0,"death_count":0,"injury_count":5,"fatal_accident_count":0,"risk_score":56.3,"risk_level":"medium","confidence":"confirmed","motorcycle_accident_ratio":1.0,"pedestrian_accident_ratio":0.0}},{"type":"Feature","geometry":{"type":"Point","coordinates":[121.56052,25.05861]},"properties":{"hotspot_id":"臺北市-51045","hotspot_type":"intersection","county":"臺北市","township":"松山區","road_or_intersection":"新中街 x 民生東路5段","accident_count":3,"motorcycle_accident_count":3,"pedestrian_accident_count":0,"death_count":0,"injury_count":5,"fatal_accident_count":0,"risk_score":56.3,"risk_level":"medium","confidence":"confirmed","motorcycle_accident_ratio":1.0,"pedestrian_accident_ratio":0.0}},{"type":"Feature","geometry":{"type":"Point","coordinates":[121.54995,25.06177]},"properties":{"hotspot_id":"臺北市-51055","hotspot_type":"intersection","county":"臺北市","township":"松山區","road_or_intersection":"民族東路 x 民權東路3段","accident_count":3,"motorcycle_accident_count":3,"pedestrian_accident_count":0,"death_count":0,"injury_count":5,"fatal_accident_count":0,"risk_score":56.3,"risk_level":"medium","confidence":"confirmed","motorcycle_accident_ratio":1.0,"pedestrian_accident_ratio":0.0}},{"type":"Feature","geometry":{"type":"Point","coordinates":[121.50495,25.12128]},"properties":{"hotspot_id":"臺北市-49701","hotspot_type":"intersection","county":"臺北市","township":"北投區","road_or_intersection":"東華街2段 x 立農街1段","accident_count":3,"motorcycle_accident_count":3,"pedestrian_accident_count":0,"death_count":0,"injury_count":5,"fatal_accident_count":0,"risk_score":56.3,"risk_level":"medium","confidence":"confirmed","motorcycle_accident_ratio":1.0,"pedestrian_accident_ratio":0.0}},{"type":"Feature","geometry":{"type":"Point","coordinates":[121.50748,25.14022]},"properties":{"hotspot_id":"臺北市-49715","hotspot_type":"intersection","county":"臺北市","township":"北投區","road_or_intersection":"泉源路","accident_count":3,"motorcycle_accident_count":3,"pedestrian_accident_count":0,"death_count":0,"injury_count":5,"fatal_accident_count":0,"risk_score":56.3,"risk_level":"medium","confidence":"confirmed","motorcycle_accident_ratio":1.0,"pedestrian_accident_ratio":0.0}},{"type":"Feature","geometry":{"type":"Point","coordinates":[121.5197,25.05752]},"properties":{"hotspot_id":"臺北市-50362","hotspot_type":"intersection","county":"臺北市","township":"大同區","road_or_intersection":"民生西路 x 赤峰街","accident_count":3,"motorcycle_accident_count":3,"pedestrian_accident_count":0,"death_count":0,"injury_count":5,"fatal_accident_count":0,"risk_score":56.3,"risk_level":"medium","confidence":"confirmed","motorcycle_accident_ratio":1.0,"pedestrian_accident_ratio":0.0}},{"type":"Feature","geometry":{"type":"Point","coordinates":[121.55822,25.14523]},"properties":{"hotspot_id":"臺北市-50195","hotspot_type":"intersection","county":"臺北市","township":"士林區","road_or_intersection":"菁山路","accident_count":3,"motorcycle_accident_count":3,"pedestrian_accident_count":0,"death_count":0,"injury_count":5,"fatal_accident_count":0,"risk_score":56.3,"risk_level":"medium","confidence":"confirmed","motorcycle_accident_ratio":1.0,"pedestrian_accident_ratio":0.0}},{"type":"Feature","geometry":{"type":"Point","coordinates":[121.50903,25.0921]},"properties":{"hotspot_id":"臺北市-50205","hotspot_type":"intersection","county":"臺北市","township":"士林區","road_or_intersection":"通河西街2段","accident_count":3,"motorcycle_accident_count":3,"pedestrian_accident_count":0,"death_count":0,"injury_count":5,"fatal_accident_count":0,"risk_score":56.3,"risk_level":"medium","confidence":"confirmed","motorcycle_accident_ratio":1.0,"pedestrian_accident_ratio":0.0}},{"type":"Feature","geometry":{"type":"Point","coordinates":[121.49702,25.14237]},"properties":{"hotspot_id":"臺北市-49690","hotspot_type":"intersection","county":"臺北市","township":"北投區","road_or_intersection":"杏林二路","accident_count":3,"motorcycle_accident_count":3,"pedestrian_accident_count":0,"death_count":0,"injury_count":5,"fatal_accident_count":0,"risk_score":56.3,"risk_level":"medium","confidence":"confirmed","motorcycle_accident_ratio":1.0,"pedestrian_accident_ratio":0.0}},{"type":"Feature","geometry":{"type":"Point","coordinates":[121.51394,25.04233]},"properties":{"hotspot_id":"臺北市-48970","hotspot_type":"intersection","county":"臺北市","township":"中正區","road_or_intersection":"懷寧街 x 衡陽路","accident_count":3,"motorcycle_accident_count":3,"pedestrian_accident_count":0,"death_count":0,"injury_count":5,"fatal_accident_count":0,"risk_score":56.3,"risk_level":"medium","confidence":"confirmed","motorcycle_accident_ratio":1.0,"pedestrian_accident_ratio":0.0}},{"type":"Feature","geometry":{"type":"Point","coordinates":[121.5149,25.09973]},"properties":{"hotspot_id":"臺北市-49571","hotspot_type":"intersection","county":"臺北市","township":"北投區","road_or_intersection":"士科路 x 軟橋街","accident_count":3,"motorcycle_accident_count":3,"pedestrian_accident_count":0,"death_count":0,"injury_count":5,"fatal_accident_count":0,"risk_score":56.3,"risk_level":"medium","confidence":"confirmed","motorcycle_accident_ratio":1.0,"pedestrian_accident_ratio":0.0}},{"type":"Feature","geometry":{"type":"Point","coordinates":[121.49574,25.02379]},"properties":{"hotspot_id":"臺北市-51187","hotspot_type":"intersection","county":"臺北市","township":"萬華區","road_or_intersection":"德昌街","accident_count":3,"motorcycle_accident_count":3,"pedestrian_accident_count":0,"death_count":0,"injury_count":5,"fatal_accident_count":0,"risk_score":56.3,"risk_level":"medium","confidence":"confirmed","motorcycle_accident_ratio":1.0,"pedestrian_accident_ratio":0.0}},{"type":"Feature","geometry":{"type":"Point","coordinates":[121.5255,25.07597]},"properties":{"hotspot_id":"臺北市-48463","hotspot_type":"intersection","county":"臺北市","township":"中山區","road_or_intersection":"中山北路4段 x 圓山涵洞","accident_count":3,"motorcycle_accident_count":3,"pedestrian_accident_count":0,"death_count":0,"injury_count":5,"fatal_accident_count":0,"risk_score":56.3,"risk_level":"medium","confidence":"confirmed","motorcycle_accident_ratio":1.0,"pedestrian_accident_ratio":0.0}},{"type":"Feature","geometry":{"type":"Point","coordinates":[121.49757,25.13259]},"properties":{"hotspot_id":"臺北市-49557","hotspot_type":"intersection","county":"臺北市","township":"北投區","road_or_intersection":"北投路2段 x 大業路","accident_count":3,"motorcycle_accident_count":3,"pedestrian_accident_count":0,"death_count":0,"injury_count":5,"fatal_accident_count":0,"risk_score":56.3,"risk_level":"medium","confidence":"confirmed","motorcycle_accident_ratio":1.0,"pedestrian_accident_ratio":0.0}},{"type":"Feature","geometry":{"type":"Point","coordinates":[121.50176,25.0243]},"properties":{"hotspot_id":"臺北市-51285","hotspot_type":"intersection","county":"臺北市","township":"萬華區","road_or_intersection":"萬大路 x 萬青街","accident_count":3,"motorcycle_accident_count":3,"pedestrian_accident_count":0,"death_count":0,"injury_count":5,"fatal_accident_count":0,"risk_score":56.3,"risk_level":"medium","confidence":"confirmed","motorcycle_accident_ratio":1.0,"pedestrian_accident_ratio":0.0}},{"type":"Feature","geometry":{"type":"Point","coordinates":[121.57819,25.08218]},"properties":{"hotspot_id":"臺北市-49427","hotspot_type":"intersection","county":"臺北市","township":"內湖區","road_or_intersection":"港墘路 x 港華街","accident_count":3,"motorcycle_accident_count":3,"pedestrian_accident_count":0,"death_count":0,"injury_count":5,"fatal_accident_count":0,"risk_score":56.3,"risk_level":"medium","confidence":"confirmed","motorcycle_accident_ratio":1.0,"pedestrian_accident_ratio":0.0}},{"type":"Feature","geometry":{"type":"Point","coordinates":[121.57809,25.07723]},"properties":{"hotspot_id":"臺北市-49421","hotspot_type":"intersection","county":"臺北市","township":"內湖區","road_or_intersection":"江南街 x 無名巷","accident_count":3,"motorcycle_accident_count":3,"pedestrian_accident_count":0,"death_count":0,"injury_count":5,"fatal_accident_count":0,"risk_score":56.3,"risk_level":"medium","confidence":"confirmed","motorcycle_accident_ratio":1.0,"pedestrian_accident_ratio":0.0}},{"type":"Feature","geometry":{"type":"Point","coordinates":[121.60078,25.07642]},"properties":{"hotspot_id":"臺北市-49343","hotspot_type":"intersection","county":"臺北市","township":"內湖區","road_or_intersection":"康寧路2段 x 金湖路","accident_count":3,"motorcycle_accident_count":3,"pedestrian_accident_count":0,"death_count":0,"injury_count":5,"fatal_accident_count":0,"risk_score":56.3,"risk_level":"medium","confidence":"confirmed","motorcycle_accident_ratio":1.0,"pedestrian_accident_ratio":0.0}},{"type":"Feature","geometry":{"type":"Point","coordinates":[121.54404,25.05607]},"properties":{"hotspot_id":"臺北市-48600","hotspot_type":"intersection","county":"臺北市","township":"中山區","road_or_intersection":"復興北路 x 興安街","accident_count":3,"motorcycle_accident_count":3,"pedestrian_accident_count":0,"death_count":0,"injury_count":5,"fatal_accident_count":0,"risk_score":56.3,"risk_level":"medium","confidence":"confirmed","motorcycle_accident_ratio":1.0,"pedestrian_accident_ratio":0.0}},{"type":"Feature","geometry":{"type":"Point","coordinates":[121.50642,25.03062]},"properties":{"hotspot_id":"臺北市-49061","hotspot_type":"intersection","county":"臺北市","township":"中正區","road_or_intersection":"西藏路","accident_count":3,"motorcycle_accident_count":3,"pedestrian_accident_count":0,"death_count":0,"injury_count":5,"fatal_accident_count":0,"risk_score":56.3,"risk_level":"medium","confidence":"confirmed","motorcycle_accident_ratio":1.0,"pedestrian_accident_ratio":0.0}},{"type":"Feature","geometry":{"type":"Point","coordinates":[121.51642,25.02519]},"properties":{"hotspot_id":"臺北市-49063","hotspot_type":"intersection","county":"臺北市","township":"中正區","road_or_intersection":"詔安街 x 重慶南路3段","accident_count":3,"motorcycle_accident_count":3,"pedestrian_accident_count":0,"death_count":0,"injury_count":5,"fatal_accident_count":0,"risk_score":56.3,"risk_level":"medium","confidence":"confirmed","motorcycle_accident_ratio":1.0,"pedestrian_accident_ratio":0.0}},{"type":"Feature","geometry":{"type":"Point","coordinates":[121.50418,25.03129]},"properties":{"hotspot_id":"臺北市-48800","hotspot_type":"intersection","county":"臺北市","township":"中正區","road_or_intersection":"中華路2段 x 莒光路","accident_count":3,"motorcycle_accident_count":3,"pedestrian_accident_count":0,"death_count":0,"injury_count":5,"fatal_accident_count":0,"risk_score":56.3,"risk_level":"medium","confidence":"confirmed","motorcycle_accident_ratio":1.0,"pedestrian_accident_ratio":0.0}},{"type":"Feature","geometry":{"type":"Point","coordinates":[121.50006,25.0412]},"properties":{"hotspot_id":"臺北市-51293","hotspot_type":"intersection","county":"臺北市","township":"萬華區","road_or_intersection":"西園路1段 x 長沙街2段","accident_count":4,"motorcycle_accident_count":2,"pedestrian_accident_count":2,"death_count":0,"injury_count":6,"fatal_accident_count":0,"risk_score":56.2,"risk_level":"medium","confidence":"confirmed","motorcycle_accident_ratio":0.5,"pedestrian_accident_ratio":0.5}},{"type":"Feature","geometry":{"type":"Point","coordinates":[121.54325,25.02116]},"properties":{"hotspot_id":"臺北市-50583","hotspot_type":"intersection","county":"臺北市","township":"大安區","road_or_intersection":"復興南路2段 x 辛亥路2段","accident_count":7,"motorcycle_accident_count":4,"pedestrian_accident_count":0,"death_count":0,"injury_count":8,"fatal_accident_count":0,"risk_score":56.2,"risk_level":"medium","confidence":"confirmed","motorcycle_accident_ratio":0.5714,"pedestrian_accident_ratio":0.0}},{"type":"Feature","geometry":{"type":"Point","coordinates":[121.49329,25.03025]},"properties":{"hotspot_id":"臺北市-51277","hotspot_type":"intersection","county":"臺北市","township":"萬華區","road_or_intersection":"艋舺大道 x 雙園街","accident_count":4,"motorcycle_accident_count":4,"pedestrian_accident_count":0,"death_count":0,"injury_count":4,"fatal_accident_count":0,"risk_score":55.7,"risk_level":"medium","confidence":"confirmed","motorcycle_accident_ratio":1.0,"pedestrian_accident_ratio":0.0}},{"type":"Feature","geometry":{"type":"Point","coordinates":[121.49477,25.02198]},"properties":{"hotspot_id":"臺北市-51163","hotspot_type":"intersection","county":"臺北市","township":"萬華區","road_or_intersection":"寶興街 x 長泰街","accident_count":4,"motorcycle_accident_count":4,"pedestrian_accident_count":0,"death_count":0,"injury_count":4,"fatal_accident_count":0,"risk_score":55.7,"risk_level":"medium","confidence":"confirmed","motorcycle_accident_ratio":1.0,"pedestrian_accident_ratio":0.0}},{"type":"Feature","geometry":{"type":"Point","coordinates":[121.54575,25.04516]},"properties":{"hotspot_id":"臺北市-51070","hotspot_type":"intersection","county":"臺北市","township":"松山區市","road_or_intersection":"八德路2段 x 民大道4段","accident_count":4,"motorcycle_accident_count":4,"pedestrian_accident_count":0,"death_count":0,"injury_count":4,"fatal_accident_count":0,"risk_score":55.7,"risk_level":"medium","confidence":"confirmed","motorcycle_accident_ratio":1.0,"pedestrian_accident_ratio":0.0}},{"type":"Feature","geometry":{"type":"Point","coordinates":[121.55218,25.06151]},"properties":{"hotspot_id":"臺北市-51005","hotspot_type":"intersection","county":"臺北市","township":"松山區","road_or_intersection":"富錦街 x 民權東路4段","accident_count":4,"motorcycle_accident_count":4,"pedestrian_accident_count":0,"death_count":0,"injury_count":4,"fatal_accident_count":0,"risk_score":55.7,"risk_level":"medium","confidence":"confirmed","motorcycle_accident_ratio":1.0,"pedestrian_accident_ratio":0.0}},{"type":"Feature","geometry":{"type":"Point","coordinates":[121.56823,25.0635]},"properties":{"hotspot_id":"臺北市-50998","hotspot_type":"intersection","county":"臺北市","township":"松山區","road_or_intersection":"塔悠路 x 民權東路5段","accident_count":4,"motorcycle_accident_count":4,"pedestrian_accident_count":0,"death_count":0,"injury_count":4,"fatal_accident_count":0,"risk_score":55.7,"risk_level":"medium","confidence":"confirmed","motorcycle_accident_ratio":1.0,"pedestrian_accident_ratio":0.0}},{"type":"Feature","geometry":{"type":"Point","coordinates":[121.57095,25.05114]},"properties":{"hotspot_id":"臺北市-50997","hotspot_type":"intersection","county":"臺北市","township":"松山區","road_or_intersection":"塔悠路 x 松河街","accident_count":4,"motorcycle_accident_count":4,"pedestrian_accident_count":0,"death_count":0,"injury_count":4,"fatal_accident_count":0,"risk_score":55.7,"risk_level":"medium","confidence":"confirmed","motorcycle_accident_ratio":1.0,"pedestrian_accident_ratio":0.0}},{"type":"Feature","geometry":{"type":"Point","coordinates":[121.56349,25.0593]},"properties":{"hotspot_id":"臺北市-50915","hotspot_type":"intersection","county":"臺北市","township":"松山區","road_or_intersection":"三民路 x 民生東路5段","accident_count":4,"motorcycle_accident_count":4,"pedestrian_accident_count":0,"death_count":0,"injury_count":4,"fatal_accident_count":0,"risk_score":55.7,"risk_level":"medium","confidence":"confirmed","motorcycle_accident_ratio":1.0,"pedestrian_accident_ratio":0.0}},{"type":"Feature","geometry":{"type":"Point","coordinates":[121.56383,25.05241]},"properties":{"hotspot_id":"臺北市-50909","hotspot_type":"intersection","county":"臺北市","township":"松山區","road_or_intersection":"三民路 x 南京東路5段","accident_count":4,"motorcycle_accident_count":4,"pedestrian_accident_count":0,"death_count":0,"injury_count":4,"fatal_accident_count":0,"risk_score":55.7,"risk_level":"medium","confidence":"confirmed","motorcycle_accident_ratio":1.0,"pedestrian_accident_ratio":0.0}},{"type":"Feature","geometry":{"type":"Point","coordinates":[121.55465,25.00088]},"properties":{"hotspot_id":"臺北市-50882","hotspot_type":"intersection","county":"臺北市","township":"文山區","road_or_intersection":"興隆路3段 x 辛亥路4段","accident_count":4,"motorcycle_accident_count":4,"pedestrian_accident_count":0,"death_count":0,"injury_count":4,"fatal_accident_count":0,"risk_score":55.7,"risk_level":"medium","confidence":"confirmed","motorcycle_accident_ratio":1.0,"pedestrian_accident_ratio":0.0}},{"type":"Feature","geometry":{"type":"Point","coordinates":[121.56873,24.99064]},"properties":{"hotspot_id":"臺北市-50829","hotspot_type":"intersection","county":"臺北市","township":"文山區","road_or_intersection":"木柵路3段 x 秀明路1段","accident_count":4,"motorcycle_accident_count":4,"pedestrian_accident_count":0,"death_count":0,"injury_count":4,"fatal_accident_count":0,"risk_score":55.7,"risk_level":"medium","confidence":"confirmed","motorcycle_accident_ratio":1.0,"pedestrian_accident_ratio":0.0}},{"type":"Feature","geometry":{"type":"Point","coordinates":[121.54548,25.00001]},"properties":{"hotspot_id":"臺北市-50797","hotspot_type":"intersection","county":"臺北市","township":"文山區","road_or_intersection":"景豐街","accident_count":4,"motorcycle_accident_count":4,"pedestrian_accident_count":0,"death_count":0,"injury_count":4,"fatal_accident_count":0,"risk_score":55.7,"risk_level":"medium","confidence":"confirmed","motorcycle_accident_ratio":1.0,"pedestrian_accident_ratio":0.0}},{"type":"Feature","geometry":{"type":"Point","coordinates":[121.54968,24.99964]},"properties":{"hotspot_id":"臺北市-50701","hotspot_type":"intersection","county":"臺北市","township":"文山區","road_or_intersection":"仙岩路 x 興隆路2段","accident_count":4,"motorcycle_accident_count":3,"pedestrian_accident_count":2,"death_count":0,"injury_count":5,"fatal_accident_count":0,"risk_score":55.7,"risk_level":"medium","confidence":"confirmed","motorcycle_accident_ratio":0.75,"pedestrian_accident_ratio":0.5}},{"type":"Feature","geometry":{"type":"Point","coordinates":[121.52719,25.02366]},"properties":{"hotspot_id":"臺北市-50555","hotspot_type":"intersection","county":"臺北市","township":"大安區","road_or_intersection":"師大路 x 浦城街","accident_count":4,"motorcycle_accident_count":4,"pedestrian_accident_count":0,"death_count":0,"injury_count":4,"fatal_accident_count":0,"risk_score":55.7,"risk_level":"medium","confidence":"confirmed","motorcycle_accident_ratio":1.0,"pedestrian_accident_ratio":0.0}},{"type":"Feature","geometry":{"type":"Point","coordinates":[121.55727,25.03317]},"properties":{"hotspot_id":"臺北市-50452","hotspot_type":"intersection","county":"臺北市","township":"大安區","road_or_intersection":"信義路4段 x 光復南路","accident_count":4,"motorcycle_accident_count":4,"pedestrian_accident_count":0,"death_count":0,"injury_count":4,"fatal_accident_count":0,"risk_score":55.7,"risk_level":"medium","confidence":"confirmed","motorcycle_accident_ratio":1.0,"pedestrian_accident_ratio":0.0}},{"type":"Feature","geometry":{"type":"Point","coordinates":[121.55524,25.03855]},"properties":{"hotspot_id":"臺北市-50428","hotspot_type":"intersection","county":"臺北市","township":"大安區","road_or_intersection":"仁愛路4段 x 延吉街","accident_count":4,"motorcycle_accident_count":4,"pedestrian_accident_count":0,"death_count":0,"injury_count":4,"fatal_accident_count":0,"risk_score":55.7,"risk_level":"medium","confidence":"confirmed","motorcycle_accident_ratio":1.0,"pedestrian_accident_ratio":0.0}},{"type":"Feature","geometry":{"type":"Point","coordinates":[121.51929,25.05863]},"properties":{"hotspot_id":"臺北市-50384","hotspot_type":"intersection","county":"臺北市","township":"大同區","road_or_intersection":"萬全街 x 雙連街","accident_count":4,"motorcycle_accident_count":4,"pedestrian_accident_count":0,"death_count":0,"injury_count":4,"fatal_accident_count":0,"risk_score":55.7,"risk_level":"medium","confidence":"confirmed","motorcycle_accident_ratio":1.0,"pedestrian_accident_ratio":0.0}},{"type":"Feature","geometry":{"type":"Point","coordinates":[121.57208,25.1155]},"properties":{"hotspot_id":"臺北市-50185","hotspot_type":"intersection","county":"臺北市","township":"士林區","road_or_intersection":"至善路3段","accident_count":4,"motorcycle_accident_count":4,"pedestrian_accident_count":0,"death_count":0,"injury_count":4,"fatal_accident_count":0,"risk_score":55.7,"risk_level":"medium","confidence":"confirmed","motorcycle_accident_ratio":1.0,"pedestrian_accident_ratio":0.0}},{"type":"Feature","geometry":{"type":"Point","coordinates":[121.51851,25.08992]},"properties":{"hotspot_id":"臺北市-50116","hotspot_type":"intersection","county":"臺北市","township":"士林區","road_or_intersection":"承德路4段 x 福港街","accident_count":4,"motorcycle_accident_count":4,"pedestrian_accident_count":0,"death_count":0,"injury_count":4,"fatal_accident_count":0,"risk_score":55.7,"risk_level":"medium","confidence":"confirmed","motorcycle_accident_ratio":1.0,"pedestrian_accident_ratio":0.0}},{"type":"Feature","geometry":{"type":"Point","coordinates":[121.52817,25.10328]},"properties":{"hotspot_id":"臺北市-50105","hotspot_type":"intersection","county":"臺北市","township":"士林區","road_or_intersection":"忠義街 x 雨聲街","accident_count":4,"motorcycle_accident_count":4,"pedestrian_accident_count":0,"death_count":0,"injury_count":4,"fatal_accident_count":0,"risk_score":55.7,"risk_level":"medium","confidence":"confirmed","motorcycle_accident_ratio":1.0,"pedestrian_accident_ratio":0.0}},{"type":"Feature","geometry":{"type":"Point","coordinates":[121.52331,25.10565]},"properties":{"hotspot_id":"臺北市-50098","hotspot_type":"intersection","county":"臺北市","township":"士林區","road_or_intersection":"德行西路 x 磺溪街","accident_count":4,"motorcycle_accident_count":4,"pedestrian_accident_count":0,"death_count":0,"injury_count":4,"fatal_accident_count":0,"risk_score":55.7,"risk_level":"medium","confidence":"confirmed","motorcycle_accident_ratio":1.0,"pedestrian_accident_ratio":0.0}},{"type":"Feature","geometry":{"type":"Point","coordinates":[121.49776,25.09414]},"properties":{"hotspot_id":"臺北市-50076","hotspot_type":"intersection","county":"臺北市","township":"士林區","road_or_intersection":"延平北路6段 x 通河西街2段","accident_count":4,"motorcycle_accident_count":4,"pedestrian_accident_count":0,"death_count":0,"injury_count":4,"fatal_accident_count":0,"risk_score":55.7,"risk_level":"medium","confidence":"confirmed","motorcycle_accident_ratio":1.0,"pedestrian_accident_ratio":0.0}},{"type":"Feature","geometry":{"type":"Point","coordinates":[121.52251,25.10922]},"properties":{"hotspot_id":"臺北市-50000","hotspot_type":"intersection","county":"臺北市","township":"士林區","road_or_intersection":"克強路 x 文林路","accident_count":4,"motorcycle_accident_count":4,"pedestrian_accident_count":0,"death_count":0,"injury_count":4,"fatal_accident_count":0,"risk_score":55.7,"risk_level":"medium","confidence":"confirmed","motorcycle_accident_ratio":1.0,"pedestrian_accident_ratio":0.0}},{"type":"Feature","geometry":{"type":"Point","coordinates":[121.53762,25.10076]},"properties":{"hotspot_id":"臺北市-49989","hotspot_type":"intersection","county":"臺北市","township":"士林區","road_or_intersection":"仰德大道1段 x 復興橋","accident_count":4,"motorcycle_accident_count":4,"pedestrian_accident_count":0,"death_count":0,"injury_count":4,"fatal_accident_count":0,"risk_score":55.7,"risk_level":"medium","confidence":"confirmed","motorcycle_accident_ratio":1.0,"pedestrian_accident_ratio":0.0}},{"type":"Feature","geometry":{"type":"Point","coordinates":[121.52751,25.02114]},"properties":{"hotspot_id":"臺北市-48919","hotspot_type":"intersection","county":"臺北市","township":"中正區","road_or_intersection":"師大路 x 羅斯福路3段","accident_count":4,"motorcycle_accident_count":4,"pedestrian_accident_count":0,"death_count":0,"injury_count":4,"fatal_accident_count":0,"risk_score":55.7,"risk_level":"medium","confidence":"confirmed","motorcycle_accident_ratio":1.0,"pedestrian_accident_ratio":0.0}},{"type":"Feature","geometry":{"type":"Point","coordinates":[121.46923,25.13005]},"properties":{"hotspot_id":"臺北市-49754","hotspot_type":"intersection","county":"臺北市","township":"北投區","road_or_intersection":"立德路","accident_count":4,"motorcycle_accident_count":4,"pedestrian_accident_count":0,"death_count":0,"injury_count":4,"fatal_accident_count":0,"risk_score":55.7,"risk_level":"medium","confidence":"confirmed","motorcycle_accident_ratio":1.0,"pedestrian_accident_ratio":0.0}},{"type":"Feature","geometry":{"type":"Point","coordinates":[121.51269,25.0989]},"properties":{"hotspot_id":"臺北市-49651","hotspot_type":"intersection","county":"臺北市","township":"北投區","road_or_intersection":"承德路6段 x 河美街","accident_count":4,"motorcycle_accident_count":4,"pedestrian_accident_count":0,"death_count":0,"injury_count":4,"fatal_accident_count":0,"risk_score":55.7,"risk_level":"medium","confidence":"confirmed","motorcycle_accident_ratio":1.0,"pedestrian_accident_ratio":0.0}},{"type":"Feature","geometry":{"type":"Point","coordinates":[121.50156,25.13332]},"properties":{"hotspot_id":"臺北市-49494","hotspot_type":"intersection","county":"臺北市","township":"北投區","road_or_intersection":"中央北路1段 x 光明路","accident_count":4,"motorcycle_accident_count":4,"pedestrian_accident_count":0,"death_count":0,"injury_count":4,"fatal_accident_count":0,"risk_score":55.7,"risk_level":"medium","confidence":"confirmed","motorcycle_accident_ratio":1.0,"pedestrian_accident_ratio":0.0}},{"type":"Feature","geometry":{"type":"Point","coordinates":[121.50378,25.13731]},"properties":{"hotspot_id":"臺北市-49487","hotspot_type":"intersection","county":"臺北市","township":"北投區","road_or_intersection":"中和街 x 泉源路","accident_count":4,"motorcycle_accident_count":4,"pedestrian_accident_count":0,"death_count":0,"injury_count":4,"fatal_accident_count":0,"risk_score":55.7,"risk_level":"medium","confidence":"confirmed","motorcycle_accident_ratio":1.0,"pedestrian_accident_ratio":0.0}},{"type":"Feature","geometry":{"type":"Point","coordinates":[121.57462,25.07211]},"properties":{"hotspot_id":"臺北市-49456","hotspot_type":"intersection","county":"臺北市","township":"內湖區","road_or_intersection":"舊宗路2段 x 陽光街","accident_count":4,"motorcycle_accident_count":4,"pedestrian_accident_count":0,"death_count":0,"injury_count":4,"fatal_accident_count":0,"risk_score":55.7,"risk_level":"medium","confidence":"confirmed","motorcycle_accident_ratio":1.0,"pedestrian_accident_ratio":0.0}},{"type":"Feature","geometry":{"type":"Point","coordinates":[121.54466,25.08195]},"properties":{"hotspot_id":"臺北市-48561","hotspot_type":"intersection","county":"臺北市","township":"中山區","road_or_intersection":"大直街 x 崇實路","accident_count":4,"motorcycle_accident_count":4,"pedestrian_accident_count":0,"death_count":0,"injury_count":4,"fatal_accident_count":0,"risk_score":55.7,"risk_level":"medium","confidence":"confirmed","motorcycle_accident_ratio":1.0,"pedestrian_accident_ratio":0.0}},{"type":"Feature","geometry":{"type":"Point","coordinates":[121.58952,25.07918]},"properties":{"hotspot_id":"臺北市-49365","hotspot_type":"intersection","county":"臺北市","township":"內湖區","road_or_intersection":"成功路3段 x 文德路","accident_count":4,"motorcycle_accident_count":4,"pedestrian_accident_count":0,"death_count":0,"injury_count":4,"fatal_accident_count":0,"risk_score":55.7,"risk_level":"medium","confidence":"confirmed","motorcycle_accident_ratio":1.0,"pedestrian_accident_ratio":0.0}},{"type":"Feature","geometry":{"type":"Point","coordinates":[121.54126,25.07108]},"properties":{"hotspot_id":"臺北市-48599","hotspot_type":"intersection","county":"臺北市","township":"中山區","road_or_intersection":"復興北路 x 濱江街","accident_count":4,"motorcycle_accident_count":4,"pedestrian_accident_count":0,"death_count":0,"injury_count":4,"fatal_accident_count":0,"risk_score":55.7,"risk_level":"medium","confidence":"confirmed","motorcycle_accident_ratio":1.0,"pedestrian_accident_ratio":0.0}},{"type":"Feature","geometry":{"type":"Point","coordinates":[121.56546,25.08226]},"properties":{"hotspot_id":"臺北市-49271","hotspot_type":"intersection","county":"臺北市","township":"內湖區","road_or_intersection":"內湖路1段 x 基湖路","accident_count":4,"motorcycle_accident_count":4,"pedestrian_accident_count":0,"death_count":0,"injury_count":4,"fatal_accident_count":0,"risk_score":55.7,"risk_level":"medium","confidence":"confirmed","motorcycle_accident_ratio":1.0,"pedestrian_accident_ratio":0.0}},{"type":"Feature","geometry":{"type":"Point","coordinates":[121.5759,25.04915]},"properties":{"hotspot_id":"臺北市-49263","hotspot_type":"intersection","county":"臺北市","township":"信義區市","road_or_intersection":"民大道6段 x 虎林街","accident_count":4,"motorcycle_accident_count":4,"pedestrian_accident_count":0,"death_count":0,"injury_count":4,"fatal_accident_count":0,"risk_score":55.7,"risk_level":"medium","confidence":"confirmed","motorcycle_accident_ratio":1.0,"pedestrian_accident_ratio":0.0}},{"type":"Feature","geometry":{"type":"Point","coordinates":[121.57918,25.0489]},"properties":{"hotspot_id":"臺北市-49259","hotspot_type":"intersection","county":"臺北市","township":"信義區市","road_or_intersection":"松隆路 x 民大道6段","accident_count":4,"motorcycle_accident_count":4,"pedestrian_accident_count":0,"death_count":0,"injury_count":4,"fatal_accident_count":0,"risk_score":55.7,"risk_level":"medium","confidence":"confirmed","motorcycle_accident_ratio":1.0,"pedestrian_accident_ratio":0.0}},{"type":"Feature","geometry":{"type":"Point","coordinates":[121.54366,25.04489]},"properties":{"hotspot_id":"臺北市-48737","hotspot_type":"intersection","county":"臺北市","township":"中山區市","road_or_intersection":"復興南路1段 x 民大道3段","accident_count":4,"motorcycle_accident_count":4,"pedestrian_accident_count":0,"death_count":0,"injury_count":4,"fatal_accident_count":0,"risk_score":55.7,"risk_level":"medium","confidence":"confirmed","motorcycle_accident_ratio":1.0,"pedestrian_accident_ratio":0.0}},{"type":"Feature","geometry":{"type":"Point","coordinates":[121.53977,25.04882]},"properties":{"hotspot_id":"臺北市-48724","hotspot_type":"intersection","county":"臺北市","township":"中山區","road_or_intersection":"長安東路2段 x 龍江路","accident_count":4,"motorcycle_accident_count":4,"pedestrian_accident_count":0,"death_count":0,"injury_count":4,"fatal_accident_count":0,"risk_score":55.7,"risk_level":"medium","confidence":"confirmed","motorcycle_accident_ratio":1.0,"pedestrian_accident_ratio":0.0}},{"type":"Feature","geometry":{"type":"Point","coordinates":[121.53034,25.06463]},"properties":{"hotspot_id":"臺北市-48713","hotspot_type":"intersection","county":"臺北市","township":"中山區","road_or_intersection":"農安街","accident_count":4,"motorcycle_accident_count":4,"pedestrian_accident_count":0,"death_count":0,"injury_count":4,"fatal_accident_count":0,"risk_score":55.7,"risk_level":"medium","confidence":"confirmed","motorcycle_accident_ratio":1.0,"pedestrian_accident_ratio":0.0}},{"type":"Feature","geometry":{"type":"Point","coordinates":[121.56362,25.03601]},"properties":{"hotspot_id":"臺北市-49179","hotspot_type":"intersection","county":"臺北市","township":"信義區","road_or_intersection":"府路 x 松壽路","accident_count":4,"motorcycle_accident_count":4,"pedestrian_accident_count":0,"death_count":0,"injury_count":4,"fatal_accident_count":0,"risk_score":55.7,"risk_level":"medium","confidence":"confirmed","motorcycle_accident_ratio":1.0,"pedestrian_accident_ratio":0.0}},{"type":"Feature","geometry":{"type":"Point","coordinates":[121.51635,25.03008]},"properties":{"hotspot_id":"臺北市-48907","hotspot_type":"intersection","county":"臺北市","township":"中正區","road_or_intersection":"寧波西街 x 牯嶺街","accident_count":4,"motorcycle_accident_count":4,"pedestrian_accident_count":0,"death_count":0,"injury_count":4,"fatal_accident_count":0,"risk_score":55.7,"risk_level":"medium","confidence":"confirmed","motorcycle_accident_ratio":1.0,"pedestrian_accident_ratio":0.0}},{"type":"Feature","geometry":{"type":"Point","coordinates":[121.53267,25.04021]},"properties":{"hotspot_id":"臺北市-48977","hotspot_type":"intersection","county":"臺北市","township":"中正區","road_or_intersection":"新生南路1段 x 濟南路2段","accident_count":4,"motorcycle_accident_count":4,"pedestrian_accident_count":0,"death_count":0,"injury_count":4,"fatal_accident_count":0,"risk_score":55.7,"risk_level":"medium","confidence":"confirmed","motorcycle_accident_ratio":1.0,"pedestrian_accident_ratio":0.0}},{"type":"Feature","geometry":{"type":"Point","coordinates":[121.52123,25.02786]},"properties":{"hotspot_id":"臺北市-49049","hotspot_type":"intersection","county":"臺北市","township":"中正區","road_or_intersection":"羅斯福路2段","accident_count":4,"motorcycle_accident_count":4,"pedestrian_accident_count":0,"death_count":0,"injury_count":4,"fatal_accident_count":0,"risk_score":55.7,"risk_level":"medium","confidence":"confirmed","motorcycle_accident_ratio":1.0,"pedestrian_accident_ratio":0.0}},{"type":"Feature","geometry":{"type":"Point","coordinates":[121.52558,25.03976]},"properties":{"hotspot_id":"臺北市-48985","hotspot_type":"intersection","county":"臺北市","township":"中正區","road_or_intersection":"杭州南路1段","accident_count":6,"motorcycle_accident_count":5,"pedestrian_accident_count":0,"death_count":0,"injury_count":7,"fatal_accident_count":0,"risk_score":55.6,"risk_level":"medium","confidence":"confirmed","motorcycle_accident_ratio":0.8333,"pedestrian_accident_ratio":0.0}},{"type":"Feature","geometry":{"type":"Point","coordinates":[121.55969,25.03334]},"properties":{"hotspot_id":"臺北市-49120","hotspot_type":"intersection","county":"臺北市","township":"信義區","road_or_intersection":"信義路4段 x 基隆路1段","accident_count":6,"motorcycle_accident_count":5,"pedestrian_accident_count":0,"death_count":0,"injury_count":7,"fatal_accident_count":0,"risk_score":55.6,"risk_level":"medium","confidence":"confirmed","motorcycle_accident_ratio":0.8333,"pedestrian_accident_ratio":0.0}},{"type":"Feature","geometry":{"type":"Point","coordinates":[121.55669,25.02087]},"properties":{"hotspot_id":"臺北市-49150","hotspot_type":"intersection","county":"臺北市","township":"信義區","road_or_intersection":"和平東路3段 x 富陽街","accident_count":5,"motorcycle_accident_count":3,"pedestrian_accident_count":1,"death_count":0,"injury_count":5,"fatal_accident_count":0,"risk_score":55.6,"risk_level":"medium","confidence":"confirmed","motorcycle_accident_ratio":0.6,"pedestrian_accident_ratio":0.2}},{"type":"Feature","geometry":{"type":"Point","coordinates":[121.54112,25.04466]},"properties":{"hotspot_id":"臺北市-48735","hotspot_type":"intersection","county":"臺北市","township":"中山區市","road_or_intersection":"安東街 x 民大道3段","accident_count":6,"motorcycle_accident_count":5,"pedestrian_accident_count":0,"death_count":0,"injury_count":7,"fatal_accident_count":0,"risk_score":55.6,"risk_level":"medium","confidence":"confirmed","motorcycle_accident_ratio":0.8333,"pedestrian_accident_ratio":0.0}},{"type":"Feature","geometry":{"type":"Point","coordinates":[121.53671,25.06235]},"properties":{"hotspot_id":"臺北市-48576","hotspot_type":"intersection","county":"臺北市","township":"中山區","road_or_intersection":"建國北路2段 x 民權東路2段","accident_count":6,"motorcycle_accident_count":5,"pedestrian_accident_count":0,"death_count":0,"injury_count":7,"fatal_accident_count":0,"risk_score":55.6,"risk_level":"medium","confidence":"confirmed","motorcycle_accident_ratio":0.8333,"pedestrian_accident_ratio":0.0}},{"type":"Feature","geometry":{"type":"Point","coordinates":[121.5248,25.05001]},"properties":{"hotspot_id":"臺北市-48428","hotspot_type":"intersection","county":"臺北市","township":"中山區","road_or_intersection":"中山北路1段 x 林森北路","accident_count":5,"motorcycle_accident_count":3,"pedestrian_accident_count":1,"death_count":0,"injury_count":5,"fatal_accident_count":0,"risk_score":55.6,"risk_level":"medium","confidence":"confirmed","motorcycle_accident_ratio":0.6,"pedestrian_accident_ratio":0.2}},{"type":"Feature","geometry":{"type":"Point","coordinates":[121.55158,25.05781]},"properties":{"hotspot_id":"臺北市-51612","hotspot_type":"intersection","county":"臺北市","township":"松山區","road_or_intersection":"民生東路4段","accident_count":6,"motorcycle_accident_count":5,"pedestrian_accident_count":0,"death_count":0,"injury_count":7,"fatal_accident_count":0,"risk_score":55.6,"risk_level":"medium","confidence":"probable","motorcycle_accident_ratio":0.8333,"pedestrian_accident_ratio":0.0}},{"type":"Feature","geometry":{"type":"Point","coordinates":[121.5577,25.0538]},"properties":{"hotspot_id":"臺北市-51620","hotspot_type":"intersection","county":"臺北市","township":"松山區","road_or_intersection":"健康路","accident_count":5,"motorcycle_accident_count":3,"pedestrian_accident_count":1,"death_count":0,"injury_count":5,"fatal_accident_count":0,"risk_score":55.6,"risk_level":"medium","confidence":"probable","motorcycle_accident_ratio":0.6,"pedestrian_accident_ratio":0.2}},{"type":"Feature","geometry":{"type":"Point","coordinates":[121.56235,24.98727]},"properties":{"hotspot_id":"臺北市-51416","hotspot_type":"intersection","county":"臺北市","township":"文山區","road_or_intersection":"木柵路2段","accident_count":5,"motorcycle_accident_count":3,"pedestrian_accident_count":1,"death_count":0,"injury_count":5,"fatal_accident_count":0,"risk_score":55.6,"risk_level":"medium","confidence":"probable","motorcycle_accident_ratio":0.6,"pedestrian_accident_ratio":0.2}},{"type":"Feature","geometry":{"type":"Point","coordinates":[121.49836,25.13378]},"properties":{"hotspot_id":"臺北市-49576","hotspot_type":"intersection","county":"臺北市","township":"北投區","road_or_intersection":"大同街 x 育仁路","accident_count":5,"motorcycle_accident_count":3,"pedestrian_accident_count":1,"death_count":0,"injury_count":5,"fatal_accident_count":0,"risk_score":55.6,"risk_level":"medium","confidence":"confirmed","motorcycle_accident_ratio":0.6,"pedestrian_accident_ratio":0.2}},{"type":"Feature","geometry":{"type":"Point","coordinates":[121.58542,25.00207]},"properties":{"hotspot_id":"臺北市-50835","hotspot_type":"intersection","county":"臺北市","township":"文山區","road_or_intersection":"木柵路5段","accident_count":7,"motorcycle_accident_count":3,"pedestrian_accident_count":0,"death_count":0,"injury_count":8,"fatal_accident_count":0,"risk_score":55.6,"risk_level":"medium","confidence":"confirmed","motorcycle_accident_ratio":0.4286,"pedestrian_accident_ratio":0.0}},{"type":"Feature","geometry":{"type":"Point","coordinates":[121.54107,24.99015]},"properties":{"hotspot_id":"臺北市-50773","hotspot_type":"intersection","county":"臺北市","township":"文山區","road_or_intersection":"景文街","accident_count":5,"motorcycle_accident_count":3,"pedestrian_accident_count":1,"death_count":0,"injury_count":5,"fatal_accident_count":0,"risk_score":55.6,"risk_level":"medium","confidence":"confirmed","motorcycle_accident_ratio":0.6,"pedestrian_accident_ratio":0.2}},{"type":"Feature","geometry":{"type":"Point","coordinates":[121.55187,25.0373]},"properties":{"hotspot_id":"臺北市-50427","hotspot_type":"intersection","county":"臺北市","township":"大安區","road_or_intersection":"仁愛路4段 x 安和路1段","accident_count":6,"motorcycle_accident_count":5,"pedestrian_accident_count":0,"death_count":0,"injury_count":7,"fatal_accident_count":0,"risk_score":55.6,"risk_level":"medium","confidence":"confirmed","motorcycle_accident_ratio":0.8333,"pedestrian_accident_ratio":0.0}},{"type":"Feature","geometry":{"type":"Point","coordinates":[121.53285,25.03345]},"properties":{"hotspot_id":"臺北市-50450","hotspot_type":"intersection","county":"臺北市","township":"大安區","road_or_intersection":"信義路3段 x 新生南路2段","accident_count":6,"motorcycle_accident_count":5,"pedestrian_accident_count":0,"death_count":0,"injury_count":7,"fatal_accident_count":0,"risk_score":55.6,"risk_level":"medium","confidence":"confirmed","motorcycle_accident_ratio":0.8333,"pedestrian_accident_ratio":0.0}},{"type":"Feature","geometry":{"type":"Point","coordinates":[121.49515,25.03079]},"properties":{"hotspot_id":"臺北市-51296","hotspot_type":"intersection","county":"臺北市","township":"萬華區","road_or_intersection":"西園路2段 x 雙園街","accident_count":4,"motorcycle_accident_count":3,"pedestrian_accident_count":1,"death_count":0,"injury_count":5,"fatal_accident_count":0,"risk_score":55.4,"risk_level":"medium","confidence":"confirmed","motorcycle_accident_ratio":0.75,"pedestrian_accident_ratio":0.25}},{"type":"Feature","geometry":{"type":"Point","coordinates":[121.52892,25.05803]},"properties":{"hotspot_id":"臺北市-48420","hotspot_type":"intersection","county":"臺北市","township":"中山區","road_or_intersection":"中原街 x 民生東路2段","accident_count":6,"motorcycle_accident_count":4,"pedestrian_accident_count":0,"death_count":0,"injury_count":8,"fatal_accident_count":0,"risk_score":55.4,"risk_level":"medium","confidence":"confirmed","motorcycle_accident_ratio":0.6667,"pedestrian_accident_ratio":0.0}},{"type":"Feature","geometry":{"type":"Point","coordinates":[121.52039,25.03326]},"properties":{"hotspot_id":"臺北市-48902","hotspot_type":"intersection","county":"臺北市","township":"中正區","road_or_intersection":"寧波東街 x 愛國東路","accident_count":4,"motorcycle_accident_count":3,"pedestrian_accident_count":1,"death_count":0,"injury_count":5,"fatal_accident_count":0,"risk_score":55.4,"risk_level":"medium","confidence":"confirmed","motorcycle_accident_ratio":0.75,"pedestrian_accident_ratio":0.25}},{"type":"Feature","geometry":{"type":"Point","coordinates":[121.50516,25.044]},"properties":{"hotspot_id":"臺北市-51201","hotspot_type":"intersection","county":"臺北市","township":"萬華區","road_or_intersection":"昆明街","accident_count":4,"motorcycle_accident_count":3,"pedestrian_accident_count":1,"death_count":0,"injury_count":5,"fatal_accident_count":0,"risk_score":55.4,"risk_level":"medium","confidence":"confirmed","motorcycle_accident_ratio":0.75,"pedestrian_accident_ratio":0.25}},{"type":"Feature","geometry":{"type":"Point","coordinates":[121.51585,25.06992]},"properties":{"hotspot_id":"臺北市-50265","hotspot_type":"intersection","county":"臺北市","township":"大同區","road_or_intersection":"大龍街 x 重慶北路3段","accident_count":4,"motorcycle_accident_count":3,"pedestrian_accident_count":1,"death_count":0,"injury_count":5,"fatal_accident_count":0,"risk_score":55.4,"risk_level":"medium","confidence":"confirmed","motorcycle_accident_ratio":0.75,"pedestrian_accident_ratio":0.25}},{"type":"Feature","geometry":{"type":"Point","coordinates":[121.53107,25.04669]},"properties":{"hotspot_id":"臺北市-51853","hotspot_type":"intersection","county":"臺北市","township":"中山區","road_or_intersection":"新生北路1段","accident_count":6,"motorcycle_accident_count":4,"pedestrian_accident_count":0,"death_count":0,"injury_count":8,"fatal_accident_count":0,"risk_score":55.4,"risk_level":"medium","confidence":"probable","motorcycle_accident_ratio":0.6667,"pedestrian_accident_ratio":0.0}},{"type":"Feature","geometry":{"type":"Point","coordinates":[121.50114,25.13667]},"properties":{"hotspot_id":"臺北市-49474","hotspot_type":"intersection","county":"臺北市","township":"北投區","road_or_intersection":"七星街 x 育仁路","accident_count":4,"motorcycle_accident_count":3,"pedestrian_accident_count":1,"death_count":0,"injury_count":5,"fatal_accident_count":0,"risk_score":55.4,"risk_level":"medium","confidence":"confirmed","motorcycle_accident_ratio":0.75,"pedestrian_accident_ratio":0.25}},{"type":"Feature","geometry":{"type":"Point","coordinates":[121.57081,24.99056]},"properties":{"hotspot_id":"臺北市-50807","hotspot_type":"intersection","county":"臺北市","township":"文山區","road_or_intersection":"木新路1段 x 木柵路3段","accident_count":4,"motorcycle_accident_count":3,"pedestrian_accident_count":1,"death_count":0,"injury_count":5,"fatal_accident_count":0,"risk_score":55.4,"risk_level":"medium","confidence":"confirmed","motorcycle_accident_ratio":0.75,"pedestrian_accident_ratio":0.25}},{"type":"Feature","geometry":{"type":"Point","coordinates":[121.55105,25.08533]},"properties":{"hotspot_id":"臺北市-48501","hotspot_type":"intersection","county":"臺北市","township":"中山區","road_or_intersection":"北安路 x 自強隧道","accident_count":6,"motorcycle_accident_count":4,"pedestrian_accident_count":0,"death_count":0,"injury_count":8,"fatal_accident_count":0,"risk_score":55.4,"risk_level":"medium","confidence":"confirmed","motorcycle_accident_ratio":0.6667,"pedestrian_accident_ratio":0.0}},{"type":"Feature","geometry":{"type":"Point","coordinates":[121.51927,25.04508]},"properties":{"hotspot_id":"臺北市-48759","hotspot_type":"intersection","county":"臺北市","township":"中正區","road_or_intersection":"中山南路","accident_count":4,"motorcycle_accident_count":3,"pedestrian_accident_count":1,"death_count":0,"injury_count":5,"fatal_accident_count":0,"risk_score":55.4,"risk_level":"medium","confidence":"confirmed","motorcycle_accident_ratio":0.75,"pedestrian_accident_ratio":0.25}},{"type":"Feature","geometry":{"type":"Point","coordinates":[121.54417,25.05839]},"properties":{"hotspot_id":"臺北市-48598","hotspot_type":"intersection","county":"臺北市","township":"中山區","road_or_intersection":"復興北路 x 民生東路3段","accident_count":6,"motorcycle_accident_count":4,"pedestrian_accident_count":0,"death_count":0,"injury_count":8,"fatal_accident_count":0,"risk_score":55.4,"risk_level":"medium","confidence":"confirmed","motorcycle_accident_ratio":0.6667,"pedestrian_accident_ratio":0.0}},{"type":"Feature","geometry":{"type":"Point","coordinates":[121.59024,25.08209]},"properties":{"hotspot_id":"臺北市-49283","hotspot_type":"intersection","county":"臺北市","township":"內湖區","road_or_intersection":"內湖路2段 x 成功路3段","accident_count":4,"motorcycle_accident_count":3,"pedestrian_accident_count":1,"death_count":0,"injury_count":5,"fatal_accident_count":0,"risk_score":55.4,"risk_level":"medium","confidence":"confirmed","motorcycle_accident_ratio":0.75,"pedestrian_accident_ratio":0.25}},{"type":"Feature","geometry":{"type":"Point","coordinates":[121.53776,25.02247]},"properties":{"hotspot_id":"臺北市-50572","hotspot_type":"intersection","county":"臺北市","township":"大安區","road_or_intersection":"建國南路2段 x 辛亥路2段","accident_count":6,"motorcycle_accident_count":4,"pedestrian_accident_count":0,"death_count":0,"injury_count":8,"fatal_accident_count":0,"risk_score":55.4,"risk_level":"medium","confidence":"confirmed","motorcycle_accident_ratio":0.6667,"pedestrian_accident_ratio":0.0}},{"type":"Feature","geometry":{"type":"Point","coordinates":[121.49952,25.01894]},"properties":{"hotspot_id":"臺北市-51154","hotspot_type":"intersection","county":"臺北市","township":"萬華區","road_or_intersection":"富民路","accident_count":4,"motorcycle_accident_count":3,"pedestrian_accident_count":1,"death_count":0,"injury_count":5,"fatal_accident_count":0,"risk_score":55.4,"risk_level":"medium","confidence":"confirmed","motorcycle_accident_ratio":0.75,"pedestrian_accident_ratio":0.25}},{"type":"Feature","geometry":{"type":"Point","coordinates":[121.5213,25.04402]},"properties":{"hotspot_id":"臺北市-49023","hotspot_type":"intersection","county":"臺北市","township":"中正區","road_or_intersection":"江街 x 青島東路","accident_count":3,"motorcycle_accident_count":2,"pedestrian_accident_count":1,"death_count":0,"injury_count":6,"fatal_accident_count":0,"risk_score":55.3,"risk_level":"medium","confidence":"confirmed","motorcycle_accident_ratio":0.6667,"pedestrian_accident_ratio":0.3333}},{"type":"Feature","geometry":{"type":"Point","coordinates":[121.51347,25.07206]},"properties":{"hotspot_id":"臺北市-50402","hotspot_type":"intersection","county":"臺北市","township":"大同區","road_or_intersection":"酒泉街 x 重慶北路3段","accident_count":3,"motorcycle_accident_count":2,"pedestrian_accident_count":1,"death_count":0,"injury_count":6,"fatal_accident_count":0,"risk_score":55.3,"risk_level":"medium","confidence":"confirmed","motorcycle_accident_ratio":0.6667,"pedestrian_accident_ratio":0.3333}},{"type":"Feature","geometry":{"type":"Point","coordinates":[121.52966,25.03184]},"properties":{"hotspot_id":"臺北市-50625","hotspot_type":"intersection","county":"臺北市","township":"大安區","road_or_intersection":"永康街","accident_count":3,"motorcycle_accident_count":2,"pedestrian_accident_count":1,"death_count":0,"injury_count":6,"fatal_accident_count":0,"risk_score":55.3,"risk_level":"medium","confidence":"confirmed","motorcycle_accident_ratio":0.6667,"pedestrian_accident_ratio":0.3333}},{"type":"Feature","geometry":{"type":"Point","coordinates":[121.50769,25.04063]},"properties":{"hotspot_id":"臺北市-51098","hotspot_type":"intersection","county":"臺北市","township":"萬華區","road_or_intersection":"中華路1段 x 長沙街2段","accident_count":5,"motorcycle_accident_count":4,"pedestrian_accident_count":0,"death_count":0,"injury_count":8,"fatal_accident_count":0,"risk_score":55.0,"risk_level":"medium","confidence":"confirmed","motorcycle_accident_ratio":0.8,"pedestrian_accident_ratio":0.0}},{"type":"Feature","geometry":{"type":"Point","coordinates":[121.54926,25.01671]},"properties":{"hotspot_id":"臺北市-50658","hotspot_type":"intersection","county":"臺北市","township":"大安區","road_or_intersection":"芳蘭路 x 辛亥路3段","accident_count":5,"motorcycle_accident_count":4,"pedestrian_accident_count":0,"death_count":0,"injury_count":8,"fatal_accident_count":0,"risk_score":55.0,"risk_level":"medium","confidence":"confirmed","motorcycle_accident_ratio":0.8,"pedestrian_accident_ratio":0.0}},{"type":"Feature","geometry":{"type":"Point","coordinates":[121.52714,25.03274]},"properties":{"hotspot_id":"臺北市-51553","hotspot_type":"intersection","county":"臺北市","township":"大安區","road_or_intersection":"金山南路2段","accident_count":5,"motorcycle_accident_count":4,"pedestrian_accident_count":0,"death_count":0,"injury_count":8,"fatal_accident_count":0,"risk_score":55.0,"risk_level":"medium","confidence":"probable","motorcycle_accident_ratio":0.8,"pedestrian_accident_ratio":0.0}},{"type":"Feature","geometry":{"type":"Point","coordinates":[121.51824,25.04837]},"properties":{"hotspot_id":"臺北市-49091","hotspot_type":"intersection","county":"臺北市","township":"中正區市","road_or_intersection":"民大道1段","accident_count":5,"motorcycle_accident_count":4,"pedestrian_accident_count":0,"death_count":0,"injury_count":8,"fatal_accident_count":0,"risk_score":55.0,"risk_level":"medium","confidence":"confirmed","motorcycle_accident_ratio":0.8,"pedestrian_accident_ratio":0.0}},{"type":"Feature","geometry":{"type":"Point","coordinates":[121.56929,25.05752]},"properties":{"hotspot_id":"臺北市-50993","hotspot_type":"intersection","county":"臺北市","township":"松山區","road_or_intersection":"塔悠路","accident_count":5,"motorcycle_accident_count":4,"pedestrian_accident_count":0,"death_count":0,"injury_count":8,"fatal_accident_count":0,"risk_score":55.0,"risk_level":"medium","confidence":"confirmed","motorcycle_accident_ratio":0.8,"pedestrian_accident_ratio":0.0}},{"type":"Feature","geometry":{"type":"Point","coordinates":[121.49325,25.10845]},"properties":{"hotspot_id":"臺北市-50082","hotspot_type":"intersection","county":"臺北市","township":"士林區","road_or_intersection":"延平北路8段","accident_count":5,"motorcycle_accident_count":4,"pedestrian_accident_count":0,"death_count":0,"injury_count":8,"fatal_accident_count":0,"risk_score":55.0,"risk_level":"medium","confidence":"confirmed","motorcycle_accident_ratio":0.8,"pedestrian_accident_ratio":0.0}},{"type":"Feature","geometry":{"type":"Point","coordinates":[121.54597,25.03306]},"properties":{"hotspot_id":"臺北市-50455","hotspot_type":"intersection","county":"臺北市","township":"大安區","road_or_intersection":"信義路4段 x 大安路2段","accident_count":5,"motorcycle_accident_count":2,"pedestrian_accident_count":1,"death_count":0,"injury_count":5,"fatal_accident_count":0,"risk_score":54.9,"risk_level":"medium","confidence":"confirmed","motorcycle_accident_ratio":0.4,"pedestrian_accident_ratio":0.2}},{"type":"Feature","geometry":{"type":"Point","coordinates":[121.53705,25.05213]},"properties":{"hotspot_id":"臺北市-48516","hotspot_type":"intersection","county":"臺北市","township":"中山區","road_or_intersection":"南京東路3段 x 建國北路2段","accident_count":5,"motorcycle_accident_count":1,"pedestrian_accident_count":1,"death_count":0,"injury_count":5,"fatal_accident_count":0,"risk_score":54.8,"risk_level":"medium","confidence":"confirmed","motorcycle_accident_ratio":0.2,"pedestrian_accident_ratio":0.2}},{"type":"Feature","geometry":{"type":"Point","coordinates":[121.55746,25.04488]},"properties":{"hotspot_id":"臺北市-50674","hotspot_type":"intersection","county":"臺北市","township":"大安區市","road_or_intersection":"光復南路 x 民大道4段","accident_count":6,"motorcycle_accident_count":3,"pedestrian_accident_count":0,"death_count":0,"injury_count":8,"fatal_accident_count":0,"risk_score":54.6,"risk_level":"medium","confidence":"confirmed","motorcycle_accident_ratio":0.5,"pedestrian_accident_ratio":0.0}},{"type":"Feature","geometry":{"type":"Point","coordinates":[121.50527,25.03826]},"properties":{"hotspot_id":"臺北市-51216","hotspot_type":"intersection","county":"臺北市","township":"萬華區","road_or_intersection":"柳州街 x 永福街","accident_count":4,"motorcycle_accident_count":2,"pedestrian_accident_count":2,"death_count":0,"injury_count":5,"fatal_accident_count":0,"risk_score":54.3,"risk_level":"medium","confidence":"confirmed","motorcycle_accident_ratio":0.5,"pedestrian_accident_ratio":0.5}},{"type":"Feature","geometry":{"type":"Point","coordinates":[121.50418,25.03972]},"properties":{"hotspot_id":"臺北市-51207","hotspot_type":"intersection","county":"臺北市","township":"萬華區","road_or_intersection":"昆明街 x 貴陽街2段","accident_count":3,"motorcycle_accident_count":3,"pedestrian_accident_count":0,"death_count":0,"injury_count":4,"fatal_accident_count":0,"risk_score":54.2,"risk_level":"medium","confidence":"confirmed","motorcycle_accident_ratio":1.0,"pedestrian_accident_ratio":0.0}},{"type":"Feature","geometry":{"type":"Point","coordinates":[121.50899,25.11783]},"properties":{"hotspot_id":"臺北市-49616","hotspot_type":"intersection","county":"臺北市","township":"北投區","road_or_intersection":"尊賢街 x 石牌路1段","accident_count":3,"motorcycle_accident_count":3,"pedestrian_accident_count":0,"death_count":0,"injury_count":4,"fatal_accident_count":0,"risk_score":54.2,"risk_level":"medium","confidence":"confirmed","motorcycle_accident_ratio":1.0,"pedestrian_accident_ratio":0.0}},{"type":"Feature","geometry":{"type":"Point","coordinates":[121.52019,25.11184]},"properties":{"hotspot_id":"臺北市-49637","hotspot_type":"intersection","county":"臺北市","township":"北投區","road_or_intersection":"懷德街 x 明德路","accident_count":3,"motorcycle_accident_count":3,"pedestrian_accident_count":0,"death_count":0,"injury_count":4,"fatal_accident_count":0,"risk_score":54.2,"risk_level":"medium","confidence":"confirmed","motorcycle_accident_ratio":1.0,"pedestrian_accident_ratio":0.0}},{"type":"Feature","geometry":{"type":"Point","coordinates":[121.53152,25.05483]},"properties":{"hotspot_id":"臺北市-48415","hotspot_type":"intersection","county":"臺北市","township":"中山區","road_or_intersection":"一江街 x 長春路","accident_count":3,"motorcycle_accident_count":3,"pedestrian_accident_count":0,"death_count":0,"injury_count":4,"fatal_accident_count":0,"risk_score":54.2,"risk_level":"medium","confidence":"confirmed","motorcycle_accident_ratio":1.0,"pedestrian_accident_ratio":0.0}},{"type":"Feature","geometry":{"type":"Point","coordinates":[121.51484,25.11513]},"properties":{"hotspot_id":"臺北市-49739","hotspot_type":"intersection","county":"臺北市","township":"北投區","road_or_intersection":"石牌路1段 x 西安街2段","accident_count":3,"motorcycle_accident_count":3,"pedestrian_accident_count":0,"death_count":0,"injury_count":4,"fatal_accident_count":0,"risk_score":54.2,"risk_level":"medium","confidence":"confirmed","motorcycle_accident_ratio":1.0,"pedestrian_accident_ratio":0.0}},{"type":"Feature","geometry":{"type":"Point","coordinates":[121.46657,25.12344]},"properties":{"hotspot_id":"臺北市-49584","hotspot_type":"intersection","county":"臺北市","township":"北投區","road_or_intersection":"大度路3段","accident_count":3,"motorcycle_accident_count":3,"pedestrian_accident_count":0,"death_count":0,"injury_count":4,"fatal_accident_count":0,"risk_score":54.2,"risk_level":"medium","confidence":"confirmed","motorcycle_accident_ratio":1.0,"pedestrian_accident_ratio":0.0}},{"type":"Feature","geometry":{"type":"Point","coordinates":[121.57135,25.0513]},"properties":{"hotspot_id":"臺北市-51050","hotspot_type":"intersection","county":"臺北市","township":"松山區","road_or_intersection":"松河街","accident_count":3,"motorcycle_accident_count":3,"pedestrian_accident_count":0,"death_count":0,"injury_count":4,"fatal_accident_count":0,"risk_score":54.2,"risk_level":"medium","confidence":"confirmed","motorcycle_accident_ratio":1.0,"pedestrian_accident_ratio":0.0}},{"type":"Feature","geometry":{"type":"Point","coordinates":[121.55717,25.04882]},"properties":{"hotspot_id":"臺北市-50933","hotspot_type":"intersection","county":"臺北市","township":"松山區","road_or_intersection":"光復北路 x 八德路3段","accident_count":3,"motorcycle_accident_count":3,"pedestrian_accident_count":0,"death_count":0,"injury_count":4,"fatal_accident_count":0,"risk_score":54.2,"risk_level":"medium","confidence":"confirmed","motorcycle_accident_ratio":1.0,"pedestrian_accident_ratio":0.0}},{"type":"Feature","geometry":{"type":"Point","coordinates":[121.56283,25.06275]},"properties":{"hotspot_id":"臺北市-50913","hotspot_type":"intersection","county":"臺北市","township":"松山區","road_or_intersection":"三民路 x 民權東路4段","accident_count":3,"motorcycle_accident_count":3,"pedestrian_accident_count":0,"death_count":0,"injury_count":4,"fatal_accident_count":0,"risk_score":54.2,"risk_level":"medium","confidence":"confirmed","motorcycle_accident_ratio":1.0,"pedestrian_accident_ratio":0.0}},{"type":"Feature","geometry":{"type":"Point","coordinates":[121.55563,25.05624]},"properties":{"hotspot_id":"臺北市-50938","hotspot_type":"intersection","county":"臺北市","township":"松山區","road_or_intersection":"光復北路 x 延壽街","accident_count":3,"motorcycle_accident_count":3,"pedestrian_accident_count":0,"death_count":0,"injury_count":4,"fatal_accident_count":0,"risk_score":54.2,"risk_level":"medium","confidence":"confirmed","motorcycle_accident_ratio":1.0,"pedestrian_accident_ratio":0.0}},{"type":"Feature","geometry":{"type":"Point","coordinates":[121.4669,25.12322]},"properties":{"hotspot_id":"臺北市-49587","hotspot_type":"intersection","county":"臺北市","township":"北投區","road_or_intersection":"大度路3段 x 知行路","accident_count":3,"motorcycle_accident_count":3,"pedestrian_accident_count":0,"death_count":0,"injury_count":4,"fatal_accident_count":0,"risk_score":54.2,"risk_level":"medium","confidence":"confirmed","motorcycle_accident_ratio":1.0,"pedestrian_accident_ratio":0.0}},{"type":"Feature","geometry":{"type":"Point","coordinates":[121.50463,25.13107]},"properties":{"hotspot_id":"臺北市-49541","hotspot_type":"intersection","county":"臺北市","township":"北投區","road_or_intersection":"公館路 x 大興街","accident_count":3,"motorcycle_accident_count":3,"pedestrian_accident_count":0,"death_count":0,"injury_count":4,"fatal_accident_count":0,"risk_score":54.2,"risk_level":"medium","confidence":"confirmed","motorcycle_accident_ratio":1.0,"pedestrian_accident_ratio":0.0}},{"type":"Feature","geometry":{"type":"Point","coordinates":[121.53824,25.06428]},"properties":{"hotspot_id":"臺北市-48468","hotspot_type":"intersection","county":"臺北市","township":"中山區","road_or_intersection":"五常街 x 民族東路","accident_count":3,"motorcycle_accident_count":3,"pedestrian_accident_count":0,"death_count":0,"injury_count":4,"fatal_accident_count":0,"risk_score":54.2,"risk_level":"medium","confidence":"confirmed","motorcycle_accident_ratio":1.0,"pedestrian_accident_ratio":0.0}},{"type":"Feature","geometry":{"type":"Point","coordinates":[121.5437,25.0474]},"properties":{"hotspot_id":"臺北市-48480","hotspot_type":"intersection","county":"臺北市","township":"中山區","road_or_intersection":"八德路2段 x 安東街","accident_count":3,"motorcycle_accident_count":3,"pedestrian_accident_count":0,"death_count":0,"injury_count":4,"fatal_accident_count":0,"risk_score":54.2,"risk_level":"medium","confidence":"confirmed","motorcycle_accident_ratio":1.0,"pedestrian_accident_ratio":0.0}},{"type":"Feature","geometry":{"type":"Point","coordinates":[121.54623,24.99939]},"properties":{"hotspot_id":"臺北市-50799","hotspot_type":"intersection","county":"臺北市","township":"文山區","road_or_intersection":"景豐街 x 興隆路2段","accident_count":3,"motorcycle_accident_count":3,"pedestrian_accident_count":0,"death_count":0,"injury_count":4,"fatal_accident_count":0,"risk_score":54.2,"risk_level":"medium","confidence":"confirmed","motorcycle_accident_ratio":1.0,"pedestrian_accident_ratio":0.0}},{"type":"Feature","geometry":{"type":"Point","coordinates":[121.57069,24.98879]},"properties":{"hotspot_id":"臺北市-50808","hotspot_type":"intersection","county":"臺北市","township":"文山區","road_or_intersection":"木新路1段 x 無名巷","accident_count":3,"motorcycle_accident_count":3,"pedestrian_accident_count":0,"death_count":0,"injury_count":4,"fatal_accident_count":0,"risk_score":54.2,"risk_level":"medium","confidence":"confirmed","motorcycle_accident_ratio":1.0,"pedestrian_accident_ratio":0.0}},{"type":"Feature","geometry":{"type":"Point","coordinates":[121.46544,25.12605]},"properties":{"hotspot_id":"臺北市-49511","hotspot_type":"intersection","county":"臺北市","township":"北投區","road_or_intersection":"中央北路4段 x 自立路","accident_count":3,"motorcycle_accident_count":3,"pedestrian_accident_count":0,"death_count":0,"injury_count":4,"fatal_accident_count":0,"risk_score":54.2,"risk_level":"medium","confidence":"confirmed","motorcycle_accident_ratio":1.0,"pedestrian_accident_ratio":0.0}},{"type":"Feature","geometry":{"type":"Point","coordinates":[121.57715,25.07814]},"properties":{"hotspot_id":"臺北市-49420","hotspot_type":"intersection","county":"臺北市","township":"內湖區","road_or_intersection":"江南街 x 港墘路","accident_count":3,"motorcycle_accident_count":3,"pedestrian_accident_count":0,"death_count":0,"injury_count":4,"fatal_accident_count":0,"risk_score":54.2,"risk_level":"medium","confidence":"confirmed","motorcycle_accident_ratio":1.0,"pedestrian_accident_ratio":0.0}},{"type":"Feature","geometry":{"type":"Point","coordinates":[121.56906,24.98629]},"properties":{"hotspot_id":"臺北市-50706","hotspot_type":"intersection","county":"臺北市","township":"文山區","road_or_intersection":"保儀路 x 永安街","accident_count":3,"motorcycle_accident_count":3,"pedestrian_accident_count":0,"death_count":0,"injury_count":4,"fatal_accident_count":0,"risk_score":54.2,"risk_level":"medium","confidence":"confirmed","motorcycle_accident_ratio":1.0,"pedestrian_accident_ratio":0.0}},{"type":"Feature","geometry":{"type":"Point","coordinates":[121.57068,24.9884]},"properties":{"hotspot_id":"臺北市-50737","hotspot_type":"intersection","county":"臺北市","township":"文山區","road_or_intersection":"指南路1段 x 木新路1段","accident_count":3,"motorcycle_accident_count":3,"pedestrian_accident_count":0,"death_count":0,"injury_count":4,"fatal_accident_count":0,"risk_score":54.2,"risk_level":"medium","confidence":"confirmed","motorcycle_accident_ratio":1.0,"pedestrian_accident_ratio":0.0}},{"type":"Feature","geometry":{"type":"Point","coordinates":[121.57367,24.98821]},"properties":{"hotspot_id":"臺北市-50743","hotspot_type":"intersection","county":"臺北市","township":"文山區","road_or_intersection":"指南路2段 x 新光路1段","accident_count":3,"motorcycle_accident_count":3,"pedestrian_accident_count":0,"death_count":0,"injury_count":4,"fatal_accident_count":0,"risk_score":54.2,"risk_level":"medium","confidence":"confirmed","motorcycle_accident_ratio":1.0,"pedestrian_accident_ratio":0.0}},{"type":"Feature","geometry":{"type":"Point","coordinates":[121.59633,25.0013]},"properties":{"hotspot_id":"臺北市-50751","hotspot_type":"intersection","county":"臺北市","township":"文山區","road_or_intersection":"文和橋 x 新光路2段","accident_count":3,"motorcycle_accident_count":3,"pedestrian_accident_count":0,"death_count":0,"injury_count":4,"fatal_accident_count":0,"risk_score":54.2,"risk_level":"medium","confidence":"confirmed","motorcycle_accident_ratio":1.0,"pedestrian_accident_ratio":0.0}},{"type":"Feature","geometry":{"type":"Point","coordinates":[121.58089,25.06358]},"properties":{"hotspot_id":"臺北市-49397","hotspot_type":"intersection","county":"臺北市","township":"內湖區","road_or_intersection":"新湖二路 x 行愛路","accident_count":3,"motorcycle_accident_count":3,"pedestrian_accident_count":0,"death_count":0,"injury_count":4,"fatal_accident_count":0,"risk_score":54.2,"risk_level":"medium","confidence":"confirmed","motorcycle_accident_ratio":1.0,"pedestrian_accident_ratio":0.0}},{"type":"Feature","geometry":{"type":"Point","coordinates":[121.54452,25.07741]},"properties":{"hotspot_id":"臺北市-48557","hotspot_type":"intersection","county":"臺北市","township":"中山區","road_or_intersection":"大直橋 x 明水路","accident_count":3,"motorcycle_accident_count":3,"pedestrian_accident_count":0,"death_count":0,"injury_count":4,"fatal_accident_count":0,"risk_score":54.2,"risk_level":"medium","confidence":"confirmed","motorcycle_accident_ratio":1.0,"pedestrian_accident_ratio":0.0}},{"type":"Feature","geometry":{"type":"Point","coordinates":[121.54907,25.04472]},"properties":{"hotspot_id":"臺北市-50686","hotspot_type":"intersection","county":"臺北市","township":"大安區市","road_or_intersection":"民大道4段","accident_count":3,"motorcycle_accident_count":3,"pedestrian_accident_count":0,"death_count":0,"injury_count":4,"fatal_accident_count":0,"risk_score":54.2,"risk_level":"medium","confidence":"confirmed","motorcycle_accident_ratio":1.0,"pedestrian_accident_ratio":0.0}},{"type":"Feature","geometry":{"type":"Point","coordinates":[121.55636,25.07933]},"properties":{"hotspot_id":"臺北市-48618","hotspot_type":"intersection","county":"臺北市","township":"中山區","road_or_intersection":"敬業三路","accident_count":3,"motorcycle_accident_count":3,"pedestrian_accident_count":0,"death_count":0,"injury_count":4,"fatal_accident_count":0,"risk_score":54.2,"risk_level":"medium","confidence":"confirmed","motorcycle_accident_ratio":1.0,"pedestrian_accident_ratio":0.0}},{"type":"Feature","geometry":{"type":"Point","coordinates":[121.53279,25.01629]},"properties":{"hotspot_id":"臺北市-50613","hotspot_type":"intersection","county":"臺北市","township":"大安區","road_or_intersection":"新生南路3段 x 羅斯福路3段","accident_count":3,"motorcycle_accident_count":3,"pedestrian_accident_count":0,"death_count":0,"injury_count":4,"fatal_accident_count":0,"risk_score":54.2,"risk_level":"medium","confidence":"confirmed","motorcycle_accident_ratio":1.0,"pedestrian_accident_ratio":0.0}},{"type":"Feature","geometry":{"type":"Point","coordinates":[121.55405,24.98514]},"properties":{"hotspot_id":"臺北市-50712","hotspot_type":"intersection","county":"臺北市","township":"文山區","road_or_intersection":"光輝路 x 辛亥路7段","accident_count":3,"motorcycle_accident_count":3,"pedestrian_accident_count":0,"death_count":0,"injury_count":4,"fatal_accident_count":0,"risk_score":54.2,"risk_level":"medium","confidence":"confirmed","motorcycle_accident_ratio":1.0,"pedestrian_accident_ratio":0.0}},{"type":"Feature","geometry":{"type":"Point","coordinates":[121.57118,24.98783]},"properties":{"hotspot_id":"臺北市-50736","hotspot_type":"intersection","county":"臺北市","township":"文山區","road_or_intersection":"指南路1段","accident_count":3,"motorcycle_accident_count":3,"pedestrian_accident_count":0,"death_count":0,"injury_count":4,"fatal_accident_count":0,"risk_score":54.2,"risk_level":"medium","confidence":"confirmed","motorcycle_accident_ratio":1.0,"pedestrian_accident_ratio":0.0}},{"type":"Feature","geometry":{"type":"Point","coordinates":[121.53147,25.0212]},"properties":{"hotspot_id":"臺北市-50660","hotspot_type":"intersection","county":"臺北市","township":"大安區","road_or_intersection":"辛亥路1段","accident_count":3,"motorcycle_accident_count":3,"pedestrian_accident_count":0,"death_count":0,"injury_count":4,"fatal_accident_count":0,"risk_score":54.2,"risk_level":"medium","confidence":"confirmed","motorcycle_accident_ratio":1.0,"pedestrian_accident_ratio":0.0}},{"type":"Feature","geometry":{"type":"Point","coordinates":[121.52898,25.03037]},"properties":{"hotspot_id":"臺北市-50668","hotspot_type":"intersection","county":"臺北市","township":"大安區","road_or_intersection":"金華街","accident_count":3,"motorcycle_accident_count":3,"pedestrian_accident_count":0,"death_count":0,"injury_count":4,"fatal_accident_count":0,"risk_score":54.2,"risk_level":"medium","confidence":"confirmed","motorcycle_accident_ratio":1.0,"pedestrian_accident_ratio":0.0}},{"type":"Feature","geometry":{"type":"Point","coordinates":[121.52046,25.06229]},"properties":{"hotspot_id":"臺北市-48698","hotspot_type":"intersection","county":"臺北市","township":"中山區","road_or_intersection":"民權西路","accident_count":3,"motorcycle_accident_count":3,"pedestrian_accident_count":0,"death_count":0,"injury_count":4,"fatal_accident_count":0,"risk_score":54.2,"risk_level":"medium","confidence":"confirmed","motorcycle_accident_ratio":1.0,"pedestrian_accident_ratio":0.0}},{"type":"Feature","geometry":{"type":"Point","coordinates":[121.53158,25.01814]},"properties":{"hotspot_id":"臺北市-50647","hotspot_type":"intersection","county":"臺北市","township":"大安區","road_or_intersection":"羅斯福路3段","accident_count":3,"motorcycle_accident_count":3,"pedestrian_accident_count":0,"death_count":0,"injury_count":4,"fatal_accident_count":0,"risk_score":54.2,"risk_level":"medium","confidence":"confirmed","motorcycle_accident_ratio":1.0,"pedestrian_accident_ratio":0.0}},{"type":"Feature","geometry":{"type":"Point","coordinates":[121.53308,25.0579]},"properties":{"hotspot_id":"臺北市-48703","hotspot_type":"intersection","county":"臺北市","township":"中山區","road_or_intersection":"民生東路2段","accident_count":3,"motorcycle_accident_count":3,"pedestrian_accident_count":0,"death_count":0,"injury_count":4,"fatal_accident_count":0,"risk_score":54.2,"risk_level":"medium","confidence":"confirmed","motorcycle_accident_ratio":1.0,"pedestrian_accident_ratio":0.0}},{"type":"Feature","geometry":{"type":"Point","coordinates":[121.52528,25.10884]},"properties":{"hotspot_id":"臺北市-49946","hotspot_type":"intersection","county":"臺北市","township":"士林區","road_or_intersection":"中山北路6段 x 克強路","accident_count":3,"motorcycle_accident_count":3,"pedestrian_accident_count":0,"death_count":0,"injury_count":4,"fatal_accident_count":0,"risk_score":54.2,"risk_level":"medium","confidence":"confirmed","motorcycle_accident_ratio":1.0,"pedestrian_accident_ratio":0.0}},{"type":"Feature","geometry":{"type":"Point","coordinates":[121.55728,25.0294]},"properties":{"hotspot_id":"臺北市-50517","hotspot_type":"intersection","county":"臺北市","township":"大安區","road_or_intersection":"基隆路2段 x 臨江街","accident_count":3,"motorcycle_accident_count":3,"pedestrian_accident_count":0,"death_count":0,"injury_count":4,"fatal_accident_count":0,"risk_score":54.2,"risk_level":"medium","confidence":"confirmed","motorcycle_accident_ratio":1.0,"pedestrian_accident_ratio":0.0}},{"type":"Feature","geometry":{"type":"Point","coordinates":[121.54811,25.02055]},"properties":{"hotspot_id":"臺北市-50522","hotspot_type":"intersection","county":"臺北市","township":"大安區","road_or_intersection":"基隆路3段 x 敦南街","accident_count":3,"motorcycle_accident_count":3,"pedestrian_accident_count":0,"death_count":0,"injury_count":4,"fatal_accident_count":0,"risk_score":54.2,"risk_level":"medium","confidence":"confirmed","motorcycle_accident_ratio":1.0,"pedestrian_accident_ratio":0.0}},{"type":"Feature","geometry":{"type":"Point","coordinates":[121.54541,25.03031]},"properties":{"hotspot_id":"臺北市-50538","hotspot_type":"intersection","county":"臺北市","township":"大安區","road_or_intersection":"大安路2段 x 瑞安街","accident_count":3,"motorcycle_accident_count":3,"pedestrian_accident_count":0,"death_count":0,"injury_count":4,"fatal_accident_count":0,"risk_score":54.2,"risk_level":"medium","confidence":"confirmed","motorcycle_accident_ratio":1.0,"pedestrian_accident_ratio":0.0}},{"type":"Feature","geometry":{"type":"Point","coordinates":[121.52006,25.10752]},"properties":{"hotspot_id":"臺北市-49675","hotspot_type":"intersection","county":"臺北市","township":"北投區","road_or_intersection":"文林北路 x 西安街1段","accident_count":3,"motorcycle_accident_count":3,"pedestrian_accident_count":0,"death_count":0,"injury_count":4,"fatal_accident_count":0,"risk_score":54.2,"risk_level":"medium","confidence":"confirmed","motorcycle_accident_ratio":1.0,"pedestrian_accident_ratio":0.0}},{"type":"Feature","geometry":{"type":"Point","coordinates":[121.50646,25.02609]},"properties":{"hotspot_id":"臺北市-51138","hotspot_type":"intersection","county":"臺北市","township":"萬華區","road_or_intersection":"國興路 x 青年路","accident_count":3,"motorcycle_accident_count":3,"pedestrian_accident_count":0,"death_count":0,"injury_count":4,"fatal_accident_count":0,"risk_score":54.2,"risk_level":"medium","confidence":"confirmed","motorcycle_accident_ratio":1.0,"pedestrian_accident_ratio":0.0}},{"type":"Feature","geometry":{"type":"Point","coordinates":[121.52851,25.02361]},"properties":{"hotspot_id":"臺北市-50557","hotspot_type":"intersection","county":"臺北市","township":"大安區","road_or_intersection":"師大路 x 雲和街","accident_count":3,"motorcycle_accident_count":3,"pedestrian_accident_count":0,"death_count":0,"injury_count":4,"fatal_accident_count":0,"risk_score":54.2,"risk_level":"medium","confidence":"confirmed","motorcycle_accident_ratio":1.0,"pedestrian_accident_ratio":0.0}},{"type":"Feature","geometry":{"type":"Point","coordinates":[121.538,25.04012]},"properties":{"hotspot_id":"臺北市-50567","hotspot_type":"intersection","county":"臺北市","township":"大安區","road_or_intersection":"建國南路1段 x 濟南路3段","accident_count":3,"motorcycle_accident_count":3,"pedestrian_accident_count":0,"death_count":0,"injury_count":4,"fatal_accident_count":0,"risk_score":54.2,"risk_level":"medium","confidence":"confirmed","motorcycle_accident_ratio":1.0,"pedestrian_accident_ratio":0.0}},{"type":"Feature","geometry":{"type":"Point","coordinates":[121.57253,25.07951]},"properties":{"hotspot_id":"臺北市-49275","hotspot_type":"intersection","county":"臺北市","township":"內湖區","road_or_intersection":"內湖路1段 x 洲子街","accident_count":3,"motorcycle_accident_count":3,"pedestrian_accident_count":0,"death_count":0,"injury_count":4,"fatal_accident_count":0,"risk_score":54.2,"risk_level":"medium","confidence":"confirmed","motorcycle_accident_ratio":1.0,"pedestrian_accident_ratio":0.0}},{"type":"Feature","geometry":{"type":"Point","coordinates":[121.57889,25.08442]},"properties":{"hotspot_id":"臺北市-49279","hotspot_type":"intersection","county":"臺北市","township":"內湖區","road_or_intersection":"內湖路1段 x 環山路3段","accident_count":3,"motorcycle_accident_count":3,"pedestrian_accident_count":0,"death_count":0,"injury_count":4,"fatal_accident_count":0,"risk_score":54.2,"risk_level":"medium","confidence":"confirmed","motorcycle_accident_ratio":1.0,"pedestrian_accident_ratio":0.0}},{"type":"Feature","geometry":{"type":"Point","coordinates":[121.5677,25.03191]},"properties":{"hotspot_id":"臺北市-49209","hotspot_type":"intersection","county":"臺北市","township":"信義區","road_or_intersection":"松勤街 x 松平路","accident_count":3,"motorcycle_accident_count":3,"pedestrian_accident_count":0,"death_count":0,"injury_count":4,"fatal_accident_count":0,"risk_score":54.2,"risk_level":"medium","confidence":"confirmed","motorcycle_accident_ratio":1.0,"pedestrian_accident_ratio":0.0}},{"type":"Feature","geometry":{"type":"Point","coordinates":[121.55392,25.03252]},"properties":{"hotspot_id":"臺北市-50463","hotspot_type":"intersection","county":"臺北市","township":"大安區","road_or_intersection":"信義路4段 x 文昌街","accident_count":3,"motorcycle_accident_count":3,"pedestrian_accident_count":0,"death_count":0,"injury_count":4,"fatal_accident_count":0,"risk_score":54.2,"risk_level":"medium","confidence":"confirmed","motorcycle_accident_ratio":1.0,"pedestrian_accident_ratio":0.0}},{"type":"Feature","geometry":{"type":"Point","coordinates":[121.57095,25.02528]},"properties":{"hotspot_id":"臺北市-49122","hotspot_type":"intersection","county":"臺北市","township":"信義區","road_or_intersection":"信義路5段","accident_count":3,"motorcycle_accident_count":3,"pedestrian_accident_count":0,"death_count":0,"injury_count":4,"fatal_accident_count":0,"risk_score":54.2,"risk_level":"medium","confidence":"confirmed","motorcycle_accident_ratio":1.0,"pedestrian_accident_ratio":0.0}},{"type":"Feature","geometry":{"type":"Point","coordinates":[121.54746,25.03722]},"properties":{"hotspot_id":"臺北市-50425","hotspot_type":"intersection","county":"臺北市","township":"大安區","road_or_intersection":"仁愛路4段 x 四維路","accident_count":3,"motorcycle_accident_count":3,"pedestrian_accident_count":0,"death_count":0,"injury_count":4,"fatal_accident_count":0,"risk_score":54.2,"risk_level":"medium","confidence":"confirmed","motorcycle_accident_ratio":1.0,"pedestrian_accident_ratio":0.0}},{"type":"Feature","geometry":{"type":"Point","coordinates":[121.51188,25.08766]},"properties":{"hotspot_id":"臺北市-49981","hotspot_type":"intersection","county":"臺北市","township":"士林區","road_or_intersection":"中正路 x 通河西街1段","accident_count":3,"motorcycle_accident_count":3,"pedestrian_accident_count":0,"death_count":0,"injury_count":4,"fatal_accident_count":0,"risk_score":54.2,"risk_level":"medium","confidence":"confirmed","motorcycle_accident_ratio":1.0,"pedestrian_accident_ratio":0.0}},{"type":"Feature","geometry":{"type":"Point","coordinates":[121.60764,25.05333]},"properties":{"hotspot_id":"臺北市-49921","hotspot_type":"intersection","county":"臺北市","township":"南港區市","road_or_intersection":"忠孝東路7段 x 民大道8段","accident_count":3,"motorcycle_accident_count":3,"pedestrian_accident_count":0,"death_count":0,"injury_count":4,"fatal_accident_count":0,"risk_score":54.2,"risk_level":"medium","confidence":"confirmed","motorcycle_accident_ratio":1.0,"pedestrian_accident_ratio":0.0}},{"type":"Feature","geometry":{"type":"Point","coordinates":[121.51791,25.07086]},"properties":{"hotspot_id":"臺北市-50329","hotspot_type":"intersection","county":"臺北市","township":"大同區","road_or_intersection":"承德路3段 x 酒泉街","accident_count":3,"motorcycle_accident_count":3,"pedestrian_accident_count":0,"death_count":0,"injury_count":4,"fatal_accident_count":0,"risk_score":54.2,"risk_level":"medium","confidence":"confirmed","motorcycle_accident_ratio":1.0,"pedestrian_accident_ratio":0.0}},{"type":"Feature","geometry":{"type":"Point","coordinates":[121.51058,25.05826]},"properties":{"hotspot_id":"臺北市-50337","hotspot_type":"intersection","county":"臺北市","township":"大同區","road_or_intersection":"歸綏街 x 民樂街","accident_count":3,"motorcycle_accident_count":3,"pedestrian_accident_count":0,"death_count":0,"injury_count":4,"fatal_accident_count":0,"risk_score":54.2,"risk_level":"medium","confidence":"confirmed","motorcycle_accident_ratio":1.0,"pedestrian_accident_ratio":0.0}},{"type":"Feature","geometry":{"type":"Point","coordinates":[121.5033,25.03512]},"properties":{"hotspot_id":"臺北市-51121","hotspot_type":"intersection","county":"臺北市","township":"萬華區","road_or_intersection":"南寧路 x 和平西路3段","accident_count":3,"motorcycle_accident_count":3,"pedestrian_accident_count":0,"death_count":0,"injury_count":4,"fatal_accident_count":0,"risk_score":54.2,"risk_level":"medium","confidence":"confirmed","motorcycle_accident_ratio":1.0,"pedestrian_accident_ratio":0.0}},{"type":"Feature","geometry":{"type":"Point","coordinates":[121.51605,25.0903]},"properties":{"hotspot_id":"臺北市-50148","hotspot_type":"intersection","county":"臺北市","township":"士林區","road_or_intersection":"無名巷 x 通河東街2段","accident_count":3,"motorcycle_accident_count":3,"pedestrian_accident_count":0,"death_count":0,"injury_count":4,"fatal_accident_count":0,"risk_score":54.2,"risk_level":"medium","confidence":"confirmed","motorcycle_accident_ratio":1.0,"pedestrian_accident_ratio":0.0}},{"type":"Feature","geometry":{"type":"Point","coordinates":[121.51589,25.05297]},"properties":{"hotspot_id":"臺北市-50267","hotspot_type":"intersection","county":"臺北市","township":"大同區","road_or_intersection":"太原路","accident_count":3,"motorcycle_accident_count":3,"pedestrian_accident_count":0,"death_count":0,"injury_count":4,"fatal_accident_count":0,"risk_score":54.2,"risk_level":"medium","confidence":"confirmed","motorcycle_accident_ratio":1.0,"pedestrian_accident_ratio":0.0}},{"type":"Feature","geometry":{"type":"Point","coordinates":[121.51543,25.05129]},"properties":{"hotspot_id":"臺北市-50273","hotspot_type":"intersection","county":"臺北市","township":"大同區","road_or_intersection":"太原路 x 長安西路","accident_count":3,"motorcycle_accident_count":3,"pedestrian_accident_count":0,"death_count":0,"injury_count":4,"fatal_accident_count":0,"risk_score":54.2,"risk_level":"medium","confidence":"confirmed","motorcycle_accident_ratio":1.0,"pedestrian_accident_ratio":0.0}},{"type":"Feature","geometry":{"type":"Point","coordinates":[121.58074,25.04566]},"properties":{"hotspot_id":"臺北市-49101","hotspot_type":"intersection","county":"臺北市","township":"信義區","road_or_intersection":"中坡北路","accident_count":3,"motorcycle_accident_count":3,"pedestrian_accident_count":0,"death_count":0,"injury_count":4,"fatal_accident_count":0,"risk_score":54.2,"risk_level":"medium","confidence":"confirmed","motorcycle_accident_ratio":1.0,"pedestrian_accident_ratio":0.0}},{"type":"Feature","geometry":{"type":"Point","coordinates":[121.51714,25.04496]},"properties":{"hotspot_id":"臺北市-48835","hotspot_type":"intersection","county":"臺北市","township":"中正區","road_or_intersection":"公園路 x 青島西路","accident_count":3,"motorcycle_accident_count":3,"pedestrian_accident_count":0,"death_count":0,"injury_count":4,"fatal_accident_count":0,"risk_score":54.2,"risk_level":"medium","confidence":"confirmed","motorcycle_accident_ratio":1.0,"pedestrian_accident_ratio":0.0}},{"type":"Feature","geometry":{"type":"Point","coordinates":[121.52382,25.09995]},"properties":{"hotspot_id":"臺北市-50180","hotspot_type":"intersection","county":"臺北市","township":"士林區","road_or_intersection":"福華路 x 雙溪街","accident_count":3,"motorcycle_accident_count":3,"pedestrian_accident_count":0,"death_count":0,"injury_count":4,"fatal_accident_count":0,"risk_score":54.2,"risk_level":"medium","confidence":"confirmed","motorcycle_accident_ratio":1.0,"pedestrian_accident_ratio":0.0}},{"type":"Feature","geometry":{"type":"Point","coordinates":[121.53479,25.10558]},"properties":{"hotspot_id":"臺北市-50193","hotspot_type":"intersection","county":"臺北市","township":"士林區","road_or_intersection":"芝玉路1段","accident_count":3,"motorcycle_accident_count":3,"pedestrian_accident_count":0,"death_count":0,"injury_count":4,"fatal_accident_count":0,"risk_score":54.2,"risk_level":"medium","confidence":"confirmed","motorcycle_accident_ratio":1.0,"pedestrian_accident_ratio":0.0}},{"type":"Feature","geometry":{"type":"Point","coordinates":[121.55893,25.14265]},"properties":{"hotspot_id":"臺北市-50146","hotspot_type":"intersection","county":"臺北市","township":"士林區","road_or_intersection":"無名巷 x 菁山路","accident_count":3,"motorcycle_accident_count":3,"pedestrian_accident_count":0,"death_count":0,"injury_count":4,"fatal_accident_count":0,"risk_score":54.2,"risk_level":"medium","confidence":"confirmed","motorcycle_accident_ratio":1.0,"pedestrian_accident_ratio":0.0}},{"type":"Feature","geometry":{"type":"Point","coordinates":[121.5266,25.08887]},"properties":{"hotspot_id":"臺北市-50045","hotspot_type":"intersection","county":"臺北市","township":"士林區","road_or_intersection":"大南路 x 文林路","accident_count":3,"motorcycle_accident_count":3,"pedestrian_accident_count":0,"death_count":0,"injury_count":4,"fatal_accident_count":0,"risk_score":54.2,"risk_level":"medium","confidence":"confirmed","motorcycle_accident_ratio":1.0,"pedestrian_accident_ratio":0.0}},{"type":"Feature","geometry":{"type":"Point","coordinates":[121.49879,25.01913]},"properties":{"hotspot_id":"臺北市-51155","hotspot_type":"intersection","county":"臺北市","township":"萬華區","road_or_intersection":"富民路 x 萬大路","accident_count":3,"motorcycle_accident_count":3,"pedestrian_accident_count":0,"death_count":0,"injury_count":4,"fatal_accident_count":0,"risk_score":54.2,"risk_level":"medium","confidence":"confirmed","motorcycle_accident_ratio":1.0,"pedestrian_accident_ratio":0.0}},{"type":"Feature","geometry":{"type":"Point","coordinates":[121.51473,25.02783]},"properties":{"hotspot_id":"臺北市-48887","hotspot_type":"intersection","county":"臺北市","township":"中正區","road_or_intersection":"和平西路1段 x 泉州街","accident_count":3,"motorcycle_accident_count":3,"pedestrian_accident_count":0,"death_count":0,"injury_count":4,"fatal_accident_count":0,"risk_score":54.2,"risk_level":"medium","confidence":"confirmed","motorcycle_accident_ratio":1.0,"pedestrian_accident_ratio":0.0}},{"type":"Feature","geometry":{"type":"Point","coordinates":[121.50716,25.03185]},"properties":{"hotspot_id":"臺北市-48894","hotspot_type":"intersection","county":"臺北市","township":"中正區","road_or_intersection":"和平西路2段 x 延平南路","accident_count":3,"motorcycle_accident_count":3,"pedestrian_accident_count":0,"death_count":0,"injury_count":4,"fatal_accident_count":0,"risk_score":54.2,"risk_level":"medium","confidence":"confirmed","motorcycle_accident_ratio":1.0,"pedestrian_accident_ratio":0.0}},{"type":"Feature","geometry":{"type":"Point","coordinates":[121.61098,25.03016]},"properties":{"hotspot_id":"臺北市-51336","hotspot_type":"intersection","county":"臺北市","township":"文山區","road_or_intersection":"國道","accident_count":5,"motorcycle_accident_count":1,"pedestrian_accident_count":0,"death_count":0,"injury_count":9,"fatal_accident_count":0,"risk_score":54.0,"risk_level":"medium","confidence":"probable","motorcycle_accident_ratio":0.2,"pedestrian_accident_ratio":0.0}},{"type":"Feature","geometry":{"type":"Point","coordinates":[121.54199,25.05783]},"properties":{"hotspot_id":"臺北市-48706","hotspot_type":"intersection","county":"臺北市","township":"中山區","road_or_intersection":"民生東路3段 x 遼寧街","accident_count":4,"motorcycle_accident_count":2,"pedestrian_accident_count":1,"death_count":0,"injury_count":5,"fatal_accident_count":0,"risk_score":53.9,"risk_level":"medium","confidence":"confirmed","motorcycle_accident_ratio":0.5,"pedestrian_accident_ratio":0.25}},{"type":"Feature","geometry":{"type":"Point","coordinates":[121.61818,25.06072]},"properties":{"hotspot_id":"臺北市-49897","hotspot_type":"intersection","county":"臺北市","township":"南港區","road_or_intersection":"經貿一路 x 經貿二路","accident_count":4,"motorcycle_accident_count":2,"pedestrian_accident_count":1,"death_count":0,"injury_count":5,"fatal_accident_count":0,"risk_score":53.9,"risk_level":"medium","confidence":"confirmed","motorcycle_accident_ratio":0.5,"pedestrian_accident_ratio":0.25}},{"type":"Feature","geometry":{"type":"Point","coordinates":[121.56905,25.05693]},"properties":{"hotspot_id":"臺北市-50995","hotspot_type":"intersection","county":"臺北市","township":"松山區","road_or_intersection":"塔悠路 x 延壽街","accident_count":4,"motorcycle_accident_count":2,"pedestrian_accident_count":1,"death_count":0,"injury_count":5,"fatal_accident_count":0,"risk_score":53.9,"risk_level":"medium","confidence":"confirmed","motorcycle_accident_ratio":0.5,"pedestrian_accident_ratio":0.25}},{"type":"Feature","geometry":{"type":"Point","coordinates":[121.53471,25.02236]},"properties":{"hotspot_id":"臺北市-50616","hotspot_type":"intersection","county":"臺北市","township":"大安區","road_or_intersection":"新生南路3段 x 辛亥路2段","accident_count":7,"motorcycle_accident_count":3,"pedestrian_accident_count":0,"death_count":0,"injury_count":7,"fatal_accident_count":0,"risk_score":53.9,"risk_level":"medium","confidence":"confirmed","motorcycle_accident_ratio":0.4286,"pedestrian_accident_ratio":0.0}},{"type":"Feature","geometry":{"type":"Point","coordinates":[121.5764,24.98797]},"properties":{"hotspot_id":"臺北市-50744","hotspot_type":"intersection","county":"臺北市","township":"文山區","road_or_intersection":"指南路2段 x 萬壽路","accident_count":4,"motorcycle_accident_count":2,"pedestrian_accident_count":1,"death_count":0,"injury_count":5,"fatal_accident_count":0,"risk_score":53.9,"risk_level":"medium","confidence":"confirmed","motorcycle_accident_ratio":0.5,"pedestrian_accident_ratio":0.25}},{"type":"Feature","geometry":{"type":"Point","coordinates":[121.55971,25.04129]},"properties":{"hotspot_id":"臺北市-51902","hotspot_type":"intersection","county":"臺北市","township":"信義區","road_or_intersection":"忠孝東路4段","accident_count":6,"motorcycle_accident_count":5,"pedestrian_accident_count":0,"death_count":0,"injury_count":6,"fatal_accident_count":0,"risk_score":53.8,"risk_level":"medium","confidence":"probable","motorcycle_accident_ratio":0.8333,"pedestrian_accident_ratio":0.0}},{"type":"Feature","geometry":{"type":"Point","coordinates":[121.51119,25.07197]},"properties":{"hotspot_id":"臺北市-51605","hotspot_type":"intersection","county":"臺北市","township":"大同區","road_or_intersection":"延平北路4段","accident_count":6,"motorcycle_accident_count":5,"pedestrian_accident_count":0,"death_count":0,"injury_count":6,"fatal_accident_count":0,"risk_score":53.8,"risk_level":"medium","confidence":"probable","motorcycle_accident_ratio":0.8333,"pedestrian_accident_ratio":0.0}},{"type":"Feature","geometry":{"type":"Point","coordinates":[121.62168,25.03329]},"properties":{"hotspot_id":"臺北市-49807","hotspot_type":"intersection","county":"臺北市","township":"南港區","road_or_intersection":"南深路","accident_count":6,"motorcycle_accident_count":5,"pedestrian_accident_count":0,"death_count":0,"injury_count":6,"fatal_accident_count":0,"risk_score":53.8,"risk_level":"medium","confidence":"confirmed","motorcycle_accident_ratio":0.8333,"pedestrian_accident_ratio":0.0}},{"type":"Feature","geometry":{"type":"Point","coordinates":[121.61431,25.0599]},"properties":{"hotspot_id":"臺北市-49781","hotspot_type":"intersection","county":"臺北市","township":"南港區","road_or_intersection":"三重路","accident_count":6,"motorcycle_accident_count":5,"pedestrian_accident_count":0,"death_count":0,"injury_count":6,"fatal_accident_count":0,"risk_score":53.8,"risk_level":"medium","confidence":"confirmed","motorcycle_accident_ratio":0.8333,"pedestrian_accident_ratio":0.0}},{"type":"Feature","geometry":{"type":"Point","coordinates":[121.52664,25.10105]},"properties":{"hotspot_id":"臺北市-49942","hotspot_type":"intersection","county":"臺北市","township":"士林區","road_or_intersection":"中山北路5段 x 至誠路2段","accident_count":6,"motorcycle_accident_count":5,"pedestrian_accident_count":0,"death_count":0,"injury_count":6,"fatal_accident_count":0,"risk_score":53.8,"risk_level":"medium","confidence":"confirmed","motorcycle_accident_ratio":0.8333,"pedestrian_accident_ratio":0.0}},{"type":"Feature","geometry":{"type":"Point","coordinates":[121.55247,25.03559]},"properties":{"hotspot_id":"臺北市-50539","hotspot_type":"intersection","county":"臺北市","township":"大安區","road_or_intersection":"安和路1段","accident_count":6,"motorcycle_accident_count":5,"pedestrian_accident_count":0,"death_count":0,"injury_count":6,"fatal_accident_count":0,"risk_score":53.8,"risk_level":"medium","confidence":"confirmed","motorcycle_accident_ratio":0.8333,"pedestrian_accident_ratio":0.0}},{"type":"Feature","geometry":{"type":"Point","coordinates":[121.57455,24.99846]},"properties":{"hotspot_id":"臺北市-50714","hotspot_type":"intersection","county":"臺北市","township":"文山區","road_or_intersection":"和平東路4段 x 木柵路4段","accident_count":6,"motorcycle_accident_count":5,"pedestrian_accident_count":0,"death_count":0,"injury_count":6,"fatal_accident_count":0,"risk_score":53.8,"risk_level":"medium","confidence":"confirmed","motorcycle_accident_ratio":0.8333,"pedestrian_accident_ratio":0.0}},{"type":"Feature","geometry":{"type":"Point","coordinates":[121.54343,25.02147]},"properties":{"hotspot_id":"臺北市-50584","hotspot_type":"intersection","county":"臺北市","township":"大安區","road_or_intersection":"復興南路2段 x 辛亥路3段","accident_count":6,"motorcycle_accident_count":5,"pedestrian_accident_count":0,"death_count":0,"injury_count":6,"fatal_accident_count":0,"risk_score":53.8,"risk_level":"medium","confidence":"confirmed","motorcycle_accident_ratio":0.8333,"pedestrian_accident_ratio":0.0}},{"type":"Feature","geometry":{"type":"Point","coordinates":[121.51502,25.03424]},"properties":{"hotspot_id":"臺北市-48852","hotspot_type":"intersection","county":"臺北市","township":"中正區","road_or_intersection":"南昌路1段 x 重慶南路2段","accident_count":6,"motorcycle_accident_count":4,"pedestrian_accident_count":0,"death_count":0,"injury_count":7,"fatal_accident_count":0,"risk_score":53.7,"risk_level":"medium","confidence":"confirmed","motorcycle_accident_ratio":0.6667,"pedestrian_accident_ratio":0.0}},{"type":"Feature","geometry":{"type":"Point","coordinates":[121.5842,25.03891]},"properties":{"hotspot_id":"臺北市-49108","hotspot_type":"intersection","county":"臺北市","township":"信義區","road_or_intersection":"中坡南路 x 福德街","accident_count":6,"motorcycle_accident_count":4,"pedestrian_accident_count":0,"death_count":0,"injury_count":7,"fatal_accident_count":0,"risk_score":53.7,"risk_level":"medium","confidence":"confirmed","motorcycle_accident_ratio":0.6667,"pedestrian_accident_ratio":0.0}},{"type":"Feature","geometry":{"type":"Point","coordinates":[121.56184,25.04039]},"properties":{"hotspot_id":"臺北市-49248","hotspot_type":"intersection","county":"臺北市","township":"信義區","road_or_intersection":"逸仙路","accident_count":6,"motorcycle_accident_count":4,"pedestrian_accident_count":0,"death_count":0,"injury_count":7,"fatal_accident_count":0,"risk_score":53.7,"risk_level":"medium","confidence":"confirmed","motorcycle_accident_ratio":0.6667,"pedestrian_accident_ratio":0.0}},{"type":"Feature","geometry":{"type":"Point","coordinates":[121.52042,25.04733]},"properties":{"hotspot_id":"臺北市-48753","hotspot_type":"intersection","county":"臺北市","township":"中正區","road_or_intersection":"中山北路1段 x 北平東路","accident_count":6,"motorcycle_accident_count":4,"pedestrian_accident_count":0,"death_count":0,"injury_count":7,"fatal_accident_count":0,"risk_score":53.7,"risk_level":"medium","confidence":"confirmed","motorcycle_accident_ratio":0.6667,"pedestrian_accident_ratio":0.0}},{"type":"Feature","geometry":{"type":"Point","coordinates":[121.49508,25.02428]},"properties":{"hotspot_id":"臺北市-51159","hotspot_type":"intersection","county":"臺北市","township":"萬華區","road_or_intersection":"寶興街 x 東園街","accident_count":4,"motorcycle_accident_count":3,"pedestrian_accident_count":2,"death_count":0,"injury_count":4,"fatal_accident_count":0,"risk_score":53.7,"risk_level":"medium","confidence":"confirmed","motorcycle_accident_ratio":0.75,"pedestrian_accident_ratio":0.5}},{"type":"Feature","geometry":{"type":"Point","coordinates":[121.54579,25.05777]},"properties":{"hotspot_id":"臺北市-51719","hotspot_type":"intersection","county":"臺北市","township":"松山區","road_or_intersection":"民生東路3段","accident_count":6,"motorcycle_accident_count":4,"pedestrian_accident_count":0,"death_count":0,"injury_count":7,"fatal_accident_count":0,"risk_score":53.7,"risk_level":"medium","confidence":"probable","motorcycle_accident_ratio":0.6667,"pedestrian_accident_ratio":0.0}},{"type":"Feature","geometry":{"type":"Point","coordinates":[121.50131,25.13183]},"properties":{"hotspot_id":"臺北市-49513","hotspot_type":"intersection","county":"臺北市","township":"北投區","road_or_intersection":"中央南路1段 x 中正街","accident_count":3,"motorcycle_accident_count":2,"pedestrian_accident_count":2,"death_count":0,"injury_count":5,"fatal_accident_count":0,"risk_score":53.7,"risk_level":"medium","confidence":"confirmed","motorcycle_accident_ratio":0.6667,"pedestrian_accident_ratio":0.6667}},{"type":"Feature","geometry":{"type":"Point","coordinates":[121.52383,25.06446]},"properties":{"hotspot_id":"臺北市-48613","hotspot_type":"intersection","county":"臺北市","township":"中山區","road_or_intersection":"德惠街 x 雙城街","accident_count":4,"motorcycle_accident_count":3,"pedestrian_accident_count":2,"death_count":0,"injury_count":4,"fatal_accident_count":0,"risk_score":53.7,"risk_level":"medium","confidence":"confirmed","motorcycle_accident_ratio":0.75,"pedestrian_accident_ratio":0.5}},{"type":"Feature","geometry":{"type":"Point","coordinates":[121.51513,25.0469]},"properties":{"hotspot_id":"臺北市-48957","hotspot_type":"intersection","county":"臺北市","township":"中正區","road_or_intersection":"忠孝西路1段 x 館前路","accident_count":6,"motorcycle_accident_count":4,"pedestrian_accident_count":0,"death_count":0,"injury_count":7,"fatal_accident_count":0,"risk_score":53.7,"risk_level":"medium","confidence":"confirmed","motorcycle_accident_ratio":0.6667,"pedestrian_accident_ratio":0.0}},{"type":"Feature","geometry":{"type":"Point","coordinates":[121.5367,25.07316]},"properties":{"hotspot_id":"臺北市-51433","hotspot_type":"intersection","county":"臺北市","township":"中山區","road_or_intersection":"國道","accident_count":5,"motorcycle_accident_count":0,"pedestrian_accident_count":0,"death_count":0,"injury_count":9,"fatal_accident_count":0,"risk_score":53.5,"risk_level":"medium","confidence":"probable","motorcycle_accident_ratio":0.0,"pedestrian_accident_ratio":0.0}},{"type":"Feature","geometry":{"type":"Point","coordinates":[121.51864,25.02669]},"properties":{"hotspot_id":"臺北市-49040","hotspot_type":"intersection","county":"臺北市","township":"中正區","road_or_intersection":"牯嶺街","accident_count":3,"motorcycle_accident_count":2,"pedestrian_accident_count":1,"death_count":0,"injury_count":5,"fatal_accident_count":0,"risk_score":53.4,"risk_level":"medium","confidence":"confirmed","motorcycle_accident_ratio":0.6667,"pedestrian_accident_ratio":0.3333}},{"type":"Feature","geometry":{"type":"Point","coordinates":[121.57175,25.0798]},"properties":{"hotspot_id":"臺北市-49425","hotspot_type":"intersection","county":"臺北市","township":"內湖區","road_or_intersection":"洲子街 x 瑞光路","accident_count":3,"motorcycle_accident_count":2,"pedestrian_accident_count":1,"death_count":0,"injury_count":5,"fatal_accident_count":0,"risk_score":53.4,"risk_level":"medium","confidence":"confirmed","motorcycle_accident_ratio":0.6667,"pedestrian_accident_ratio":0.3333}},{"type":"Feature","geometry":{"type":"Point","coordinates":[121.58275,25.05962]},"properties":{"hotspot_id":"臺北市-49398","hotspot_type":"intersection","county":"臺北市","township":"內湖區","road_or_intersection":"新豐街 x 行善路","accident_count":3,"motorcycle_accident_count":2,"pedestrian_accident_count":1,"death_count":0,"injury_count":5,"fatal_accident_count":0,"risk_score":53.4,"risk_level":"medium","confidence":"confirmed","motorcycle_accident_ratio":0.6667,"pedestrian_accident_ratio":0.3333}},{"type":"Feature","geometry":{"type":"Point","coordinates":[121.53437,25.02254]},"properties":{"hotspot_id":"臺北市-50615","hotspot_type":"intersection","county":"臺北市","township":"大安區","road_or_intersection":"新生南路3段 x 辛亥路1段","accident_count":5,"motorcycle_accident_count":3,"pedestrian_accident_count":0,"death_count":0,"injury_count":8,"fatal_accident_count":0,"risk_score":53.4,"risk_level":"medium","confidence":"confirmed","motorcycle_accident_ratio":0.6,"pedestrian_accident_ratio":0.0}},{"type":"Feature","geometry":{"type":"Point","coordinates":[121.5767,25.0636]},"properties":{"hotspot_id":"臺北市-49391","hotspot_type":"intersection","county":"臺北市","township":"內湖區","road_or_intersection":"新湖三路 x 舊宗路1段","accident_count":5,"motorcycle_accident_count":4,"pedestrian_accident_count":0,"death_count":0,"injury_count":7,"fatal_accident_count":0,"risk_score":53.3,"risk_level":"medium","confidence":"confirmed","motorcycle_accident_ratio":0.8,"pedestrian_accident_ratio":0.0}},{"type":"Feature","geometry":{"type":"Point","coordinates":[121.52462,25.05249]},"properties":{"hotspot_id":"臺北市-48503","hotspot_type":"intersection","county":"臺北市","township":"中山區","road_or_intersection":"南京東路1段","accident_count":5,"motorcycle_accident_count":4,"pedestrian_accident_count":0,"death_count":0,"injury_count":7,"fatal_accident_count":0,"risk_score":53.3,"risk_level":"medium","confidence":"confirmed","motorcycle_accident_ratio":0.8,"pedestrian_accident_ratio":0.0}},{"type":"Feature","geometry":{"type":"Point","coordinates":[121.52281,25.04955]},"properties":{"hotspot_id":"臺北市-48563","hotspot_type":"intersection","county":"臺北市","township":"中山區","road_or_intersection":"天津街 x 長安東路1段","accident_count":4,"motorcycle_accident_count":3,"pedestrian_accident_count":1,"death_count":0,"injury_count":4,"fatal_accident_count":0,"risk_score":53.3,"risk_level":"medium","confidence":"confirmed","motorcycle_accident_ratio":0.75,"pedestrian_accident_ratio":0.25}},{"type":"Feature","geometry":{"type":"Point","coordinates":[121.49581,25.13625]},"properties":{"hotspot_id":"臺北市-49500","hotspot_type":"intersection","county":"臺北市","township":"北投區","road_or_intersection":"中央北路2段 x 大業路","accident_count":5,"motorcycle_accident_count":4,"pedestrian_accident_count":0,"death_count":0,"injury_count":7,"fatal_accident_count":0,"risk_score":53.3,"risk_level":"medium","confidence":"confirmed","motorcycle_accident_ratio":0.8,"pedestrian_accident_ratio":0.0}},{"type":"Feature","geometry":{"type":"Point","coordinates":[121.54008,25.05187]},"properties":{"hotspot_id":"臺北市-48521","hotspot_type":"intersection","county":"臺北市","township":"中山區","road_or_intersection":"南京東路3段 x 龍江路","accident_count":5,"motorcycle_accident_count":4,"pedestrian_accident_count":0,"death_count":0,"injury_count":7,"fatal_accident_count":0,"risk_score":53.3,"risk_level":"medium","confidence":"confirmed","motorcycle_accident_ratio":0.8,"pedestrian_accident_ratio":0.0}},{"type":"Feature","geometry":{"type":"Point","coordinates":[121.57906,25.00062]},"properties":{"hotspot_id":"臺北市-51357","hotspot_type":"intersection","county":"臺北市","township":"文山區","road_or_intersection":"木柵路5段","accident_count":5,"motorcycle_accident_count":4,"pedestrian_accident_count":0,"death_count":0,"injury_count":7,"fatal_accident_count":0,"risk_score":53.3,"risk_level":"medium","confidence":"probable","motorcycle_accident_ratio":0.8,"pedestrian_accident_ratio":0.0}},{"type":"Feature","geometry":{"type":"Point","coordinates":[121.52239,25.05217]},"properties":{"hotspot_id":"臺北市-48426","hotspot_type":"intersection","county":"臺北市","township":"中山區","road_or_intersection":"中山北路1段 x 南京西路","accident_count":4,"motorcycle_accident_count":3,"pedestrian_accident_count":1,"death_count":0,"injury_count":4,"fatal_accident_count":0,"risk_score":53.3,"risk_level":"medium","confidence":"confirmed","motorcycle_accident_ratio":0.75,"pedestrian_accident_ratio":0.25}},{"type":"Feature","geometry":{"type":"Point","coordinates":[121.50708,25.11435]},"properties":{"hotspot_id":"臺北市-49612","hotspot_type":"intersection","county":"臺北市","township":"北投區","road_or_intersection":"實踐街 x 承德路7段","accident_count":5,"motorcycle_accident_count":4,"pedestrian_accident_count":0,"death_count":0,"injury_count":7,"fatal_accident_count":0,"risk_score":53.3,"risk_level":"medium","confidence":"confirmed","motorcycle_accident_ratio":0.8,"pedestrian_accident_ratio":0.0}},{"type":"Feature","geometry":{"type":"Point","coordinates":[121.49373,25.02878]},"properties":{"hotspot_id":"臺北市-51305","hotspot_type":"intersection","county":"臺北市","township":"萬華區","road_or_intersection":"西藏路 x 雙園街","accident_count":4,"motorcycle_accident_count":3,"pedestrian_accident_count":1,"death_count":0,"injury_count":4,"fatal_accident_count":0,"risk_score":53.3,"risk_level":"medium","confidence":"confirmed","motorcycle_accident_ratio":0.75,"pedestrian_accident_ratio":0.25}},{"type":"Feature","geometry":{"type":"Point","coordinates":[121.52224,25.11401]},"properties":{"hotspot_id":"臺北市-49684","hotspot_type":"intersection","county":"臺北市","township":"北投區","road_or_intersection":"明德路 x 榮華三路","accident_count":4,"motorcycle_accident_count":3,"pedestrian_accident_count":1,"death_count":0,"injury_count":4,"fatal_accident_count":0,"risk_score":53.3,"risk_level":"medium","confidence":"confirmed","motorcycle_accident_ratio":0.75,"pedestrian_accident_ratio":0.25}},{"type":"Feature","geometry":{"type":"Point","coordinates":[121.49643,25.01695]},"properties":{"hotspot_id":"臺北市-51282","hotspot_type":"intersection","county":"臺北市","township":"萬華區","road_or_intersection":"華中橋 x 萬大路","accident_count":5,"motorcycle_accident_count":4,"pedestrian_accident_count":0,"death_count":0,"injury_count":7,"fatal_accident_count":0,"risk_score":53.3,"risk_level":"medium","confidence":"confirmed","motorcycle_accident_ratio":0.8,"pedestrian_accident_ratio":0.0}},{"type":"Feature","geometry":{"type":"Point","coordinates":[121.50395,25.0454]},"properties":{"hotspot_id":"臺北市-51230","hotspot_type":"intersection","county":"臺北市","township":"萬華區","road_or_intersection":"武昌街2段","accident_count":4,"motorcycle_accident_count":3,"pedestrian_accident_count":1,"death_count":0,"injury_count":4,"fatal_accident_count":0,"risk_score":53.3,"risk_level":"medium","confidence":"confirmed","motorcycle_accident_ratio":0.75,"pedestrian_accident_ratio":0.25}},{"type":"Feature","geometry":{"type":"Point","coordinates":[121.49475,25.01889]},"properties":{"hotspot_id":"臺北市-51229","hotspot_type":"intersection","county":"臺北市","township":"萬華區","road_or_intersection":"武成街 x 萬大路","accident_count":5,"motorcycle_accident_count":4,"pedestrian_accident_count":0,"death_count":0,"injury_count":7,"fatal_accident_count":0,"risk_score":53.3,"risk_level":"medium","confidence":"confirmed","motorcycle_accident_ratio":0.8,"pedestrian_accident_ratio":0.0}},{"type":"Feature","geometry":{"type":"Point","coordinates":[121.49163,25.0265]},"properties":{"hotspot_id":"臺北市-51270","hotspot_type":"intersection","county":"臺北市","township":"萬華區","road_or_intersection":"興義街 x 西園路2段","accident_count":5,"motorcycle_accident_count":4,"pedestrian_accident_count":0,"death_count":0,"injury_count":7,"fatal_accident_count":0,"risk_score":53.3,"risk_level":"medium","confidence":"confirmed","motorcycle_accident_ratio":0.8,"pedestrian_accident_ratio":0.0}},{"type":"Feature","geometry":{"type":"Point","coordinates":[121.54413,25.03821]},"properties":{"hotspot_id":"臺北市-50429","hotspot_type":"intersection","county":"臺北市","township":"大安區","road_or_intersection":"仁愛路4段 x 復興南路1段","accident_count":4,"motorcycle_accident_count":3,"pedestrian_accident_count":1,"death_count":0,"injury_count":4,"fatal_accident_count":0,"risk_score":53.3,"risk_level":"medium","confidence":"confirmed","motorcycle_accident_ratio":0.75,"pedestrian_accident_ratio":0.25}},{"type":"Feature","geometry":{"type":"Point","coordinates":[121.52192,25.05803]},"properties":{"hotspot_id":"臺北市-48707","hotspot_type":"intersection","county":"臺北市","township":"中山區","road_or_intersection":"民生西路","accident_count":4,"motorcycle_accident_count":3,"pedestrian_accident_count":1,"death_count":0,"injury_count":4,"fatal_accident_count":0,"risk_score":53.3,"risk_level":"medium","confidence":"confirmed","motorcycle_accident_ratio":0.75,"pedestrian_accident_ratio":0.25}},{"type":"Feature","geometry":{"type":"Point","coordinates":[121.57923,25.03749]},"properties":{"hotspot_id":"臺北市-49218","hotspot_type":"intersection","county":"臺北市","township":"信義區","road_or_intersection":"松山路 x 林口街","accident_count":5,"motorcycle_accident_count":4,"pedestrian_accident_count":0,"death_count":0,"injury_count":7,"fatal_accident_count":0,"risk_score":53.3,"risk_level":"medium","confidence":"confirmed","motorcycle_accident_ratio":0.8,"pedestrian_accident_ratio":0.0}},{"type":"Feature","geometry":{"type":"Point","coordinates":[121.58059,25.0789]},"properties":{"hotspot_id":"臺北市-49285","hotspot_type":"intersection","county":"臺北市","township":"內湖區","road_or_intersection":"內湖路2段 x 文德路","accident_count":4,"motorcycle_accident_count":3,"pedestrian_accident_count":1,"death_count":0,"injury_count":4,"fatal_accident_count":0,"risk_score":53.3,"risk_level":"medium","confidence":"confirmed","motorcycle_accident_ratio":0.75,"pedestrian_accident_ratio":0.25}},{"type":"Feature","geometry":{"type":"Point","coordinates":[121.55063,25.06063]},"properties":{"hotspot_id":"臺北市-51003","hotspot_type":"intersection","county":"臺北市","township":"松山區","road_or_intersection":"富錦街 x 敦化北路","accident_count":5,"motorcycle_accident_count":4,"pedestrian_accident_count":0,"death_count":0,"injury_count":7,"fatal_accident_count":0,"risk_score":53.3,"risk_level":"medium","confidence":"confirmed","motorcycle_accident_ratio":0.8,"pedestrian_accident_ratio":0.0}},{"type":"Feature","geometry":{"type":"Point","coordinates":[121.55434,25.05066]},"properties":{"hotspot_id":"臺北市-50982","hotspot_type":"intersection","county":"臺北市","township":"松山區","road_or_intersection":"南京東路4段 x 寧安街","accident_count":4,"motorcycle_accident_count":3,"pedestrian_accident_count":1,"death_count":0,"injury_count":4,"fatal_accident_count":0,"risk_score":53.3,"risk_level":"medium","confidence":"confirmed","motorcycle_accident_ratio":0.75,"pedestrian_accident_ratio":0.25}},{"type":"Feature","geometry":{"type":"Point","coordinates":[121.54424,25.05179]},"properties":{"hotspot_id":"臺北市-50977","hotspot_type":"intersection","county":"臺北市","township":"松山區","road_or_intersection":"南京東路3段 x 復興北路","accident_count":4,"motorcycle_accident_count":3,"pedestrian_accident_count":1,"death_count":0,"injury_count":4,"fatal_accident_count":0,"risk_score":53.3,"risk_level":"medium","confidence":"confirmed","motorcycle_accident_ratio":0.75,"pedestrian_accident_ratio":0.25}},{"type":"Feature","geometry":{"type":"Point","coordinates":[121.51946,25.09449]},"properties":{"hotspot_id":"臺北市-50026","hotspot_type":"intersection","county":"臺北市","township":"士林區","road_or_intersection":"基河路 x 美崙街","accident_count":4,"motorcycle_accident_count":3,"pedestrian_accident_count":1,"death_count":0,"injury_count":4,"fatal_accident_count":0,"risk_score":53.3,"risk_level":"medium","confidence":"confirmed","motorcycle_accident_ratio":0.75,"pedestrian_accident_ratio":0.25}},{"type":"Feature","geometry":{"type":"Point","coordinates":[121.51355,25.09773]},"properties":{"hotspot_id":"臺北市-50119","hotspot_type":"intersection","county":"臺北市","township":"士林區","road_or_intersection":"承德路5段 x 文林路","accident_count":5,"motorcycle_accident_count":4,"pedestrian_accident_count":0,"death_count":0,"injury_count":7,"fatal_accident_count":0,"risk_score":53.3,"risk_level":"medium","confidence":"confirmed","motorcycle_accident_ratio":0.8,"pedestrian_accident_ratio":0.0}},{"type":"Feature","geometry":{"type":"Point","coordinates":[121.54747,25.01497]},"properties":{"hotspot_id":"臺北市-50659","hotspot_type":"intersection","county":"臺北市","township":"大安區","road_or_intersection":"芳蘭路 x 長興街","accident_count":4,"motorcycle_accident_count":3,"pedestrian_accident_count":1,"death_count":0,"injury_count":4,"fatal_accident_count":0,"risk_score":53.3,"risk_level":"medium","confidence":"confirmed","motorcycle_accident_ratio":0.75,"pedestrian_accident_ratio":0.25}},{"type":"Feature","geometry":{"type":"Point","coordinates":[121.58256,25.0434]},"properties":{"hotspot_id":"臺北市-49107","hotspot_type":"intersection","county":"臺北市","township":"信義區","road_or_intersection":"中坡南路 x 忠孝東路5段","accident_count":5,"motorcycle_accident_count":4,"pedestrian_accident_count":0,"death_count":0,"injury_count":7,"fatal_accident_count":0,"risk_score":53.3,"risk_level":"medium","confidence":"confirmed","motorcycle_accident_ratio":0.8,"pedestrian_accident_ratio":0.0}},{"type":"Feature","geometry":{"type":"Point","coordinates":[121.56554,25.04308]},"properties":{"hotspot_id":"臺北市-51909","hotspot_type":"intersection","county":"臺北市","township":"信義區","road_or_intersection":"基隆路1段","accident_count":6,"motorcycle_accident_count":3,"pedestrian_accident_count":0,"death_count":0,"injury_count":7,"fatal_accident_count":0,"risk_score":52.9,"risk_level":"medium","confidence":"probable","motorcycle_accident_ratio":0.5,"pedestrian_accident_ratio":0.0}},{"type":"Feature","geometry":{"type":"Point","coordinates":[121.53509,25.07122]},"properties":{"hotspot_id":"臺北市-48665","hotspot_type":"intersection","county":"臺北市","township":"中山區","road_or_intersection":"松江路 x 濱江街","accident_count":4,"motorcycle_accident_count":3,"pedestrian_accident_count":0,"death_count":0,"injury_count":8,"fatal_accident_count":0,"risk_score":52.9,"risk_level":"medium","confidence":"confirmed","motorcycle_accident_ratio":0.75,"pedestrian_accident_ratio":0.0}},{"type":"Feature","geometry":{"type":"Point","coordinates":[121.54913,25.03958]},"properties":{"hotspot_id":"臺北市-51761","hotspot_type":"intersection","county":"臺北市","township":"大安區","road_or_intersection":"敦化南路1段","accident_count":6,"motorcycle_accident_count":3,"pedestrian_accident_count":0,"death_count":0,"injury_count":7,"fatal_accident_count":0,"risk_score":52.9,"risk_level":"medium","confidence":"probable","motorcycle_accident_ratio":0.5,"pedestrian_accident_ratio":0.0}},{"type":"Feature","geometry":{"type":"Point","coordinates":[121.52572,25.04023]},"properties":{"hotspot_id":"臺北市-48939","hotspot_type":"intersection","county":"臺北市","township":"中正區","road_or_intersection":"徐州路 x 杭州南路1段","accident_count":3,"motorcycle_accident_count":1,"pedestrian_accident_count":2,"death_count":0,"injury_count":5,"fatal_accident_count":0,"risk_score":52.5,"risk_level":"medium","confidence":"confirmed","motorcycle_accident_ratio":0.3333,"pedestrian_accident_ratio":0.6667}},{"type":"Feature","geometry":{"type":"Point","coordinates":[121.49869,25.10083]},"properties":{"hotspot_id":"臺北市-51370","hotspot_type":"intersection","county":"臺北市","township":"北投區","road_or_intersection":"河美街","accident_count":6,"motorcycle_accident_count":2,"pedestrian_accident_count":0,"death_count":0,"injury_count":7,"fatal_accident_count":0,"risk_score":52.5,"risk_level":"medium","confidence":"probable","motorcycle_accident_ratio":0.3333,"pedestrian_accident_ratio":0.0}},{"type":"Feature","geometry":{"type":"Point","coordinates":[121.57127,25.00779]},"properties":{"hotspot_id":"臺北市-51332","hotspot_type":"intersection","county":"臺北市","township":"文山區","road_or_intersection":"國道","accident_count":6,"motorcycle_accident_count":1,"pedestrian_accident_count":0,"death_count":0,"injury_count":7,"fatal_accident_count":0,"risk_score":52.4,"risk_level":"medium","confidence":"probable","motorcycle_accident_ratio":0.1667,"pedestrian_accident_ratio":0.0}},{"type":"Feature","geometry":{"type":"Point","coordinates":[121.53336,25.02583]},"properties":{"hotspot_id":"臺北市-50478","hotspot_type":"intersection","county":"臺北市","township":"大安區","road_or_intersection":"和平東路1段 x 溫州街","accident_count":4,"motorcycle_accident_count":2,"pedestrian_accident_count":2,"death_count":0,"injury_count":4,"fatal_accident_count":0,"risk_score":52.2,"risk_level":"medium","confidence":"confirmed","motorcycle_accident_ratio":0.5,"pedestrian_accident_ratio":0.5}},{"type":"Feature","geometry":{"type":"Point","coordinates":[121.60711,25.07742]},"properties":{"hotspot_id":"臺北市-49372","hotspot_type":"intersection","county":"臺北市","township":"內湖區","road_or_intersection":"成功路5段","accident_count":4,"motorcycle_accident_count":2,"pedestrian_accident_count":2,"death_count":0,"injury_count":4,"fatal_accident_count":0,"risk_score":52.2,"risk_level":"medium","confidence":"confirmed","motorcycle_accident_ratio":0.5,"pedestrian_accident_ratio":0.5}},{"type":"Feature","geometry":{"type":"Point","coordinates":[121.59274,25.04068]},"properties":{"hotspot_id":"臺北市-51437","hotspot_type":"intersection","county":"臺北市","township":"南港區","road_or_intersection":"東新街","accident_count":6,"motorcycle_accident_count":4,"pedestrian_accident_count":0,"death_count":0,"injury_count":6,"fatal_accident_count":0,"risk_score":51.8,"risk_level":"medium","confidence":"probable","motorcycle_accident_ratio":0.6667,"pedestrian_accident_ratio":0.0}},{"type":"Feature","geometry":{"type":"Point","coordinates":[121.5574,25.06067]},"properties":{"hotspot_id":"臺北市-51001","hotspot_type":"intersection","county":"臺北市","township":"松山區","road_or_intersection":"富錦街","accident_count":4,"motorcycle_accident_count":2,"pedestrian_accident_count":1,"death_count":0,"injury_count":4,"fatal_accident_count":0,"risk_score":51.8,"risk_level":"medium","confidence":"confirmed","motorcycle_accident_ratio":0.5,"pedestrian_accident_ratio":0.25}},{"type":"Feature","geometry":{"type":"Point","coordinates":[121.50971,25.08835]},"properties":{"hotspot_id":"臺北市-50074","hotspot_type":"intersection","county":"臺北市","township":"士林區","road_or_intersection":"延平北路6段 x 社子街","accident_count":4,"motorcycle_accident_count":1,"pedestrian_accident_count":2,"death_count":0,"injury_count":4,"fatal_accident_count":0,"risk_score":51.8,"risk_level":"medium","confidence":"confirmed","motorcycle_accident_ratio":0.25,"pedestrian_accident_ratio":0.5}},{"type":"Feature","geometry":{"type":"Point","coordinates":[121.5223,25.09791]},"properties":{"hotspot_id":"臺北市-50134","hotspot_type":"intersection","county":"臺北市","township":"士林區","road_or_intersection":"文林路 x 美崙街","accident_count":4,"motorcycle_accident_count":2,"pedestrian_accident_count":1,"death_count":0,"injury_count":4,"fatal_accident_count":0,"risk_score":51.8,"risk_level":"medium","confidence":"confirmed","motorcycle_accident_ratio":0.5,"pedestrian_accident_ratio":0.25}},{"type":"Feature","geometry":{"type":"Point","coordinates":[121.55741,25.03785]},"properties":{"hotspot_id":"臺北市-50424","hotspot_type":"intersection","county":"臺北市","township":"大安區","road_or_intersection":"仁愛路4段 x 光復南路","accident_count":5,"motorcycle_accident_count":3,"pedestrian_accident_count":0,"death_count":0,"injury_count":7,"fatal_accident_count":0,"risk_score":51.6,"risk_level":"medium","confidence":"confirmed","motorcycle_accident_ratio":0.6,"pedestrian_accident_ratio":0.0}},{"type":"Feature","geometry":{"type":"Point","coordinates":[121.51141,25.05836]},"properties":{"hotspot_id":"臺北市-50336","hotspot_type":"intersection","county":"臺北市","township":"大同區","road_or_intersection":"歸綏街","accident_count":3,"motorcycle_accident_count":2,"pedestrian_accident_count":2,"death_count":0,"injury_count":4,"fatal_accident_count":0,"risk_score":51.6,"risk_level":"medium","confidence":"confirmed","motorcycle_accident_ratio":0.6667,"pedestrian_accident_ratio":0.6667}},{"type":"Feature","geometry":{"type":"Point","coordinates":[121.50933,25.03054]},"properties":{"hotspot_id":"臺北市-48859","hotspot_type":"intersection","county":"臺北市","township":"中正區","road_or_intersection":"南海路 x 和平西路2段","accident_count":5,"motorcycle_accident_count":3,"pedestrian_accident_count":0,"death_count":0,"injury_count":7,"fatal_accident_count":0,"risk_score":51.6,"risk_level":"medium","confidence":"confirmed","motorcycle_accident_ratio":0.6,"pedestrian_accident_ratio":0.0}},{"type":"Feature","geometry":{"type":"Point","coordinates":[121.52537,25.03906]},"properties":{"hotspot_id":"臺北市-48803","hotspot_type":"intersection","county":"臺北市","township":"中正區","road_or_intersection":"丹陽街 x 杭州南路1段","accident_count":3,"motorcycle_accident_count":2,"pedestrian_accident_count":2,"death_count":0,"injury_count":4,"fatal_accident_count":0,"risk_score":51.6,"risk_level":"medium","confidence":"confirmed","motorcycle_accident_ratio":0.6667,"pedestrian_accident_ratio":0.6667}},{"type":"Feature","geometry":{"type":"Point","coordinates":[121.52273,25.02036]},"properties":{"hotspot_id":"臺北市-48916","hotspot_type":"intersection","county":"臺北市","township":"中正區","road_or_intersection":"師大路 x 水源路","accident_count":5,"motorcycle_accident_count":4,"pedestrian_accident_count":0,"death_count":0,"injury_count":6,"fatal_accident_count":0,"risk_score":51.5,"risk_level":"medium","confidence":"confirmed","motorcycle_accident_ratio":0.8,"pedestrian_accident_ratio":0.0}},{"type":"Feature","geometry":{"type":"Point","coordinates":[121.50385,25.11794]},"properties":{"hotspot_id":"臺北市-49566","hotspot_type":"intersection","county":"臺北市","township":"北投區","road_or_intersection":"吉利街 x 承德路7段","accident_count":5,"motorcycle_accident_count":4,"pedestrian_accident_count":0,"death_count":0,"injury_count":6,"fatal_accident_count":0,"risk_score":51.5,"risk_level":"medium","confidence":"confirmed","motorcycle_accident_ratio":0.8,"pedestrian_accident_ratio":0.0}},{"type":"Feature","geometry":{"type":"Point","coordinates":[121.49959,25.13842]},"properties":{"hotspot_id":"臺北市-49575","hotspot_type":"intersection","county":"臺北市","township":"北投區","road_or_intersection":"大同街 x 永興路1段","accident_count":5,"motorcycle_accident_count":4,"pedestrian_accident_count":0,"death_count":0,"injury_count":6,"fatal_accident_count":0,"risk_score":51.5,"risk_level":"medium","confidence":"confirmed","motorcycle_accident_ratio":0.8,"pedestrian_accident_ratio":0.0}},{"type":"Feature","geometry":{"type":"Point","coordinates":[121.55941,25.03038]},"properties":{"hotspot_id":"臺北市-49144","hotspot_type":"intersection","county":"臺北市","township":"信義區","road_or_intersection":"吳興街 x 基隆路2段","accident_count":5,"motorcycle_accident_count":4,"pedestrian_accident_count":0,"death_count":0,"injury_count":6,"fatal_accident_count":0,"risk_score":51.5,"risk_level":"medium","confidence":"confirmed","motorcycle_accident_ratio":0.8,"pedestrian_accident_ratio":0.0}},{"type":"Feature","geometry":{"type":"Point","coordinates":[121.56444,25.07959]},"properties":{"hotspot_id":"臺北市-49306","hotspot_type":"intersection","county":"臺北市","township":"內湖區","road_or_intersection":"基湖路 x 堤頂大道2段","accident_count":5,"motorcycle_accident_count":4,"pedestrian_accident_count":0,"death_count":0,"injury_count":6,"fatal_accident_count":0,"risk_score":51.5,"risk_level":"medium","confidence":"confirmed","motorcycle_accident_ratio":0.8,"pedestrian_accident_ratio":0.0}},{"type":"Feature","geometry":{"type":"Point","coordinates":[121.52185,25.06037]},"properties":{"hotspot_id":"臺北市-48721","hotspot_type":"intersection","county":"臺北市","township":"中山區","road_or_intersection":"錦西街","accident_count":5,"motorcycle_accident_count":4,"pedestrian_accident_count":0,"death_count":0,"injury_count":6,"fatal_accident_count":0,"risk_score":51.5,"risk_level":"medium","confidence":"confirmed","motorcycle_accident_ratio":0.8,"pedestrian_accident_ratio":0.0}},{"type":"Feature","geometry":{"type":"Point","coordinates":[121.54487,25.03479]},"properties":{"hotspot_id":"臺北市-50459","hotspot_type":"intersection","county":"臺北市","township":"大安區","road_or_intersection":"信義路4段 x 復興南路1段","accident_count":5,"motorcycle_accident_count":4,"pedestrian_accident_count":0,"death_count":0,"injury_count":6,"fatal_accident_count":0,"risk_score":51.5,"risk_level":"medium","confidence":"confirmed","motorcycle_accident_ratio":0.8,"pedestrian_accident_ratio":0.0}},{"type":"Feature","geometry":{"type":"Point","coordinates":[121.55571,25.03166]},"properties":{"hotspot_id":"臺北市-50604","hotspot_type":"intersection","county":"臺北市","township":"大安區","road_or_intersection":"文昌街 x 通化街","accident_count":5,"motorcycle_accident_count":4,"pedestrian_accident_count":0,"death_count":0,"injury_count":6,"fatal_accident_count":0,"risk_score":51.5,"risk_level":"medium","confidence":"confirmed","motorcycle_accident_ratio":0.8,"pedestrian_accident_ratio":0.0}},{"type":"Feature","geometry":{"type":"Point","coordinates":[121.53379,25.02977]},"properties":{"hotspot_id":"臺北市-50608","hotspot_type":"intersection","county":"臺北市","township":"大安區","road_or_intersection":"新生南路2段","accident_count":5,"motorcycle_accident_count":4,"pedestrian_accident_count":0,"death_count":0,"injury_count":6,"fatal_accident_count":0,"risk_score":51.5,"risk_level":"medium","confidence":"confirmed","motorcycle_accident_ratio":0.8,"pedestrian_accident_ratio":0.0}},{"type":"Feature","geometry":{"type":"Point","coordinates":[121.5333,25.02261]},"properties":{"hotspot_id":"臺北市-50637","hotspot_type":"intersection","county":"臺北市","township":"大安區","road_or_intersection":"溫州街 x 辛亥路1段","accident_count":5,"motorcycle_accident_count":4,"pedestrian_accident_count":0,"death_count":0,"injury_count":6,"fatal_accident_count":0,"risk_score":51.5,"risk_level":"medium","confidence":"confirmed","motorcycle_accident_ratio":0.8,"pedestrian_accident_ratio":0.0}},{"type":"Feature","geometry":{"type":"Point","coordinates":[121.49796,25.04016]},"properties":{"hotspot_id":"臺北市-51254","hotspot_type":"intersection","county":"臺北市","township":"萬華區","road_or_intersection":"環河南路1段 x 貴陽街2段","accident_count":5,"motorcycle_accident_count":4,"pedestrian_accident_count":0,"death_count":0,"injury_count":6,"fatal_accident_count":0,"risk_score":51.5,"risk_level":"medium","confidence":"confirmed","motorcycle_accident_ratio":0.8,"pedestrian_accident_ratio":0.0}},{"type":"Feature","geometry":{"type":"Point","coordinates":[121.51276,25.08553]},"properties":{"hotspot_id":"臺北市-51475","hotspot_type":"intersection","county":"臺北市","township":"士林區","road_or_intersection":"通河西街1段","accident_count":5,"motorcycle_accident_count":4,"pedestrian_accident_count":0,"death_count":0,"injury_count":6,"fatal_accident_count":0,"risk_score":51.5,"risk_level":"medium","confidence":"probable","motorcycle_accident_ratio":0.8,"pedestrian_accident_ratio":0.0}},{"type":"Feature","geometry":{"type":"Point","coordinates":[121.51386,25.05161]},"properties":{"hotspot_id":"臺北市-51673","hotspot_type":"intersection","county":"臺北市","township":"大同區","road_or_intersection":"長安西路","accident_count":5,"motorcycle_accident_count":4,"pedestrian_accident_count":0,"death_count":0,"injury_count":6,"fatal_accident_count":0,"risk_score":51.5,"risk_level":"medium","confidence":"probable","motorcycle_accident_ratio":0.8,"pedestrian_accident_ratio":0.0}},{"type":"Feature","geometry":{"type":"Point","coordinates":[121.52573,25.07548]},"properties":{"hotspot_id":"臺北市-48449","hotspot_type":"intersection","county":"臺北市","township":"中山區","road_or_intersection":"中山北路3段 x 中山北路4段","accident_count":3,"motorcycle_accident_count":3,"pedestrian_accident_count":0,"death_count":0,"injury_count":3,"fatal_accident_count":0,"risk_score":51.4,"risk_level":"medium","confidence":"confirmed","motorcycle_accident_ratio":1.0,"pedestrian_accident_ratio":0.0}},{"type":"Feature","geometry":{"type":"Point","coordinates":[121.52565,25.07527]},"properties":{"hotspot_id":"臺北市-48459","hotspot_type":"intersection","county":"臺北市","township":"中山區","road_or_intersection":"中山北路4段","accident_count":3,"motorcycle_accident_count":3,"pedestrian_accident_count":0,"death_count":0,"injury_count":3,"fatal_accident_count":0,"risk_score":51.4,"risk_level":"medium","confidence":"confirmed","motorcycle_accident_ratio":1.0,"pedestrian_accident_ratio":0.0}},{"type":"Feature","geometry":{"type":"Point","coordinates":[121.54215,25.04717]},"properties":{"hotspot_id":"臺北市-48487","hotspot_type":"intersection","county":"臺北市","township":"中山區","road_or_intersection":"八德路2段 x 遼寧街","accident_count":3,"motorcycle_accident_count":3,"pedestrian_accident_count":0,"death_count":0,"injury_count":3,"fatal_accident_count":0,"risk_score":51.4,"risk_level":"medium","confidence":"confirmed","motorcycle_accident_ratio":1.0,"pedestrian_accident_ratio":0.0}},{"type":"Feature","geometry":{"type":"Point","coordinates":[121.54049,25.04676]},"properties":{"hotspot_id":"臺北市-48489","hotspot_type":"intersection","county":"臺北市","township":"中山區","road_or_intersection":"八德路2段 x 龍江路","accident_count":3,"motorcycle_accident_count":3,"pedestrian_accident_count":0,"death_count":0,"injury_count":3,"fatal_accident_count":0,"risk_score":51.4,"risk_level":"medium","confidence":"confirmed","motorcycle_accident_ratio":1.0,"pedestrian_accident_ratio":0.0}},{"type":"Feature","geometry":{"type":"Point","coordinates":[121.53779,25.05964]},"properties":{"hotspot_id":"臺北市-48525","hotspot_type":"intersection","county":"臺北市","township":"中山區","road_or_intersection":"合江街 x 建國北路2段","accident_count":3,"motorcycle_accident_count":3,"pedestrian_accident_count":0,"death_count":0,"injury_count":3,"fatal_accident_count":0,"risk_score":51.4,"risk_level":"medium","confidence":"confirmed","motorcycle_accident_ratio":1.0,"pedestrian_accident_ratio":0.0}},{"type":"Feature","geometry":{"type":"Point","coordinates":[121.53038,25.06316]},"properties":{"hotspot_id":"臺北市-48536","hotspot_type":"intersection","county":"臺北市","township":"中山區","road_or_intersection":"吉林路 x 新生北路3段","accident_count":3,"motorcycle_accident_count":3,"pedestrian_accident_count":0,"death_count":0,"injury_count":3,"fatal_accident_count":0,"risk_score":51.4,"risk_level":"medium","confidence":"confirmed","motorcycle_accident_ratio":1.0,"pedestrian_accident_ratio":0.0}},{"type":"Feature","geometry":{"type":"Point","coordinates":[121.55802,25.08385]},"properties":{"hotspot_id":"臺北市-48627","hotspot_type":"intersection","county":"臺北市","township":"中山區","road_or_intersection":"敬業四路 x 植福路","accident_count":3,"motorcycle_accident_count":3,"pedestrian_accident_count":0,"death_count":0,"injury_count":3,"fatal_accident_count":0,"risk_score":51.4,"risk_level":"medium","confidence":"confirmed","motorcycle_accident_ratio":1.0,"pedestrian_accident_ratio":0.0}},{"type":"Feature","geometry":{"type":"Point","coordinates":[121.52557,25.06497]},"properties":{"hotspot_id":"臺北市-48676","hotspot_type":"intersection","county":"臺北市","township":"中山區","road_or_intersection":"林森北路 x 農安街","accident_count":3,"motorcycle_accident_count":3,"pedestrian_accident_count":0,"death_count":0,"injury_count":3,"fatal_accident_count":0,"risk_score":51.4,"risk_level":"medium","confidence":"confirmed","motorcycle_accident_ratio":1.0,"pedestrian_accident_ratio":0.0}},{"type":"Feature","geometry":{"type":"Point","coordinates":[121.53095,25.04611]},"properties":{"hotspot_id":"臺北市-48739","hotspot_type":"intersection","county":"臺北市","township":"中山區市","road_or_intersection":"新生北路1段 x 民大道3段","accident_count":3,"motorcycle_accident_count":3,"pedestrian_accident_count":0,"death_count":0,"injury_count":3,"fatal_accident_count":0,"risk_score":51.4,"risk_level":"medium","confidence":"confirmed","motorcycle_accident_ratio":1.0,"pedestrian_accident_ratio":0.0}},{"type":"Feature","geometry":{"type":"Point","coordinates":[121.50873,25.04297]},"properties":{"hotspot_id":"臺北市-48782","hotspot_type":"intersection","county":"臺北市","township":"中正區","road_or_intersection":"中華路1段 x 秀山街","accident_count":3,"motorcycle_accident_count":3,"pedestrian_accident_count":0,"death_count":0,"injury_count":3,"fatal_accident_count":0,"risk_score":51.4,"risk_level":"medium","confidence":"confirmed","motorcycle_accident_ratio":1.0,"pedestrian_accident_ratio":0.0}},{"type":"Feature","geometry":{"type":"Point","coordinates":[121.51292,25.03998]},"properties":{"hotspot_id":"臺北市-48838","hotspot_type":"intersection","county":"臺北市","township":"中正區","road_or_intersection":"凱達格蘭大道 x 重慶南路1段","accident_count":3,"motorcycle_accident_count":3,"pedestrian_accident_count":0,"death_count":0,"injury_count":3,"fatal_accident_count":0,"risk_score":51.4,"risk_level":"medium","confidence":"confirmed","motorcycle_accident_ratio":1.0,"pedestrian_accident_ratio":0.0}},{"type":"Feature","geometry":{"type":"Point","coordinates":[121.51507,25.04762]},"properties":{"hotspot_id":"臺北市-48845","hotspot_type":"intersection","county":"臺北市","township":"中正區","road_or_intersection":"北平西路 x 館前路","accident_count":3,"motorcycle_accident_count":3,"pedestrian_accident_count":0,"death_count":0,"injury_count":3,"fatal_accident_count":0,"risk_score":51.4,"risk_level":"medium","confidence":"confirmed","motorcycle_accident_ratio":1.0,"pedestrian_accident_ratio":0.0}},{"type":"Feature","geometry":{"type":"Point","coordinates":[121.51493,25.03477]},"properties":{"hotspot_id":"臺北市-48849","hotspot_type":"intersection","county":"臺北市","township":"中正區","road_or_intersection":"南昌路1段 x 愛國西路","accident_count":3,"motorcycle_accident_count":3,"pedestrian_accident_count":0,"death_count":0,"injury_count":3,"fatal_accident_count":0,"risk_score":51.4,"risk_level":"medium","confidence":"confirmed","motorcycle_accident_ratio":1.0,"pedestrian_accident_ratio":0.0}},{"type":"Feature","geometry":{"type":"Point","coordinates":[121.51,25.03458]},"properties":{"hotspot_id":"臺北市-48870","hotspot_type":"intersection","county":"臺北市","township":"中正區","road_or_intersection":"博愛路 x 廣州街","accident_count":3,"motorcycle_accident_count":3,"pedestrian_accident_count":0,"death_count":0,"injury_count":3,"fatal_accident_count":0,"risk_score":51.4,"risk_level":"medium","confidence":"confirmed","motorcycle_accident_ratio":1.0,"pedestrian_accident_ratio":0.0}},{"type":"Feature","geometry":{"type":"Point","coordinates":[121.53064,25.01369]},"properties":{"hotspot_id":"臺北市-48958","hotspot_type":"intersection","county":"臺北市","township":"中正區","road_or_intersection":"思源街","accident_count":3,"motorcycle_accident_count":3,"pedestrian_accident_count":0,"death_count":0,"injury_count":3,"fatal_accident_count":0,"risk_score":51.4,"risk_level":"medium","confidence":"confirmed","motorcycle_accident_ratio":1.0,"pedestrian_accident_ratio":0.0}},{"type":"Feature","geometry":{"type":"Point","coordinates":[121.51928,25.0337]},"properties":{"hotspot_id":"臺北市-48964","hotspot_type":"intersection","county":"臺北市","township":"中正區","road_or_intersection":"愛國東路 x 林森南路","accident_count":3,"motorcycle_accident_count":3,"pedestrian_accident_count":0,"death_count":0,"injury_count":3,"fatal_accident_count":0,"risk_score":51.4,"risk_level":"medium","confidence":"confirmed","motorcycle_accident_ratio":1.0,"pedestrian_accident_ratio":0.0}},{"type":"Feature","geometry":{"type":"Point","coordinates":[121.51424,25.04601]},"properties":{"hotspot_id":"臺北市-48974","hotspot_type":"intersection","county":"臺北市","township":"中正區","road_or_intersection":"懷寧街 x 開封街1段","accident_count":3,"motorcycle_accident_count":3,"pedestrian_accident_count":0,"death_count":0,"injury_count":3,"fatal_accident_count":0,"risk_score":51.4,"risk_level":"medium","confidence":"confirmed","motorcycle_accident_ratio":1.0,"pedestrian_accident_ratio":0.0}},{"type":"Feature","geometry":{"type":"Point","coordinates":[121.52676,25.04686]},"properties":{"hotspot_id":"臺北市-49094","hotspot_type":"intersection","county":"臺北市","township":"中正區市","road_or_intersection":"民大道2段 x 長安東路1段","accident_count":3,"motorcycle_accident_count":3,"pedestrian_accident_count":0,"death_count":0,"injury_count":3,"fatal_accident_count":0,"risk_score":51.4,"risk_level":"medium","confidence":"confirmed","motorcycle_accident_ratio":1.0,"pedestrian_accident_ratio":0.0}},{"type":"Feature","geometry":{"type":"Point","coordinates":[121.5547,25.02243]},"properties":{"hotspot_id":"臺北市-49115","hotspot_type":"intersection","county":"臺北市","township":"信義區","road_or_intersection":"信安街 x 和平東路3段","accident_count":3,"motorcycle_accident_count":3,"pedestrian_accident_count":0,"death_count":0,"injury_count":3,"fatal_accident_count":0,"risk_score":51.4,"risk_level":"medium","confidence":"confirmed","motorcycle_accident_ratio":1.0,"pedestrian_accident_ratio":0.0}},{"type":"Feature","geometry":{"type":"Point","coordinates":[121.55402,25.02301]},"properties":{"hotspot_id":"臺北市-49148","hotspot_type":"intersection","county":"臺北市","township":"信義區","road_or_intersection":"和平東路3段 x 嘉興街","accident_count":3,"motorcycle_accident_count":3,"pedestrian_accident_count":0,"death_count":0,"injury_count":3,"fatal_accident_count":0,"risk_score":51.4,"risk_level":"medium","confidence":"confirmed","motorcycle_accident_ratio":1.0,"pedestrian_accident_ratio":0.0}},{"type":"Feature","geometry":{"type":"Point","coordinates":[121.55899,25.02123]},"properties":{"hotspot_id":"臺北市-49152","hotspot_type":"intersection","county":"臺北市","township":"信義區","road_or_intersection":"和平東路3段 x 無名巷","accident_count":3,"motorcycle_accident_count":3,"pedestrian_accident_count":0,"death_count":0,"injury_count":3,"fatal_accident_count":0,"risk_score":51.4,"risk_level":"medium","confidence":"confirmed","motorcycle_accident_ratio":1.0,"pedestrian_accident_ratio":0.0}},{"type":"Feature","geometry":{"type":"Point","coordinates":[121.56823,25.03399]},"properties":{"hotspot_id":"臺北市-49202","hotspot_type":"intersection","county":"臺北市","township":"信義區","road_or_intersection":"松仁路 x 松廉路","accident_count":3,"motorcycle_accident_count":3,"pedestrian_accident_count":0,"death_count":0,"injury_count":3,"fatal_accident_count":0,"risk_score":51.4,"risk_level":"medium","confidence":"confirmed","motorcycle_accident_ratio":1.0,"pedestrian_accident_ratio":0.0}},{"type":"Feature","geometry":{"type":"Point","coordinates":[121.56611,25.03585]},"properties":{"hotspot_id":"臺北市-49212","hotspot_type":"intersection","county":"臺北市","township":"信義區","road_or_intersection":"松壽路","accident_count":3,"motorcycle_accident_count":3,"pedestrian_accident_count":0,"death_count":0,"injury_count":3,"fatal_accident_count":0,"risk_score":51.4,"risk_level":"medium","confidence":"confirmed","motorcycle_accident_ratio":1.0,"pedestrian_accident_ratio":0.0}},{"type":"Feature","geometry":{"type":"Point","coordinates":[121.56678,25.03906]},"properties":{"hotspot_id":"臺北市-49235","hotspot_type":"intersection","county":"臺北市","township":"信義區","road_or_intersection":"松高路","accident_count":3,"motorcycle_accident_count":3,"pedestrian_accident_count":0,"death_count":0,"injury_count":3,"fatal_accident_count":0,"risk_score":51.4,"risk_level":"medium","confidence":"confirmed","motorcycle_accident_ratio":1.0,"pedestrian_accident_ratio":0.0}},{"type":"Feature","geometry":{"type":"Point","coordinates":[121.56359,25.03745]},"properties":{"hotspot_id":"臺北市-49250","hotspot_type":"intersection","county":"臺北市","township":"信義區市","road_or_intersection":"仁愛路4段 x 府路","accident_count":3,"motorcycle_accident_count":3,"pedestrian_accident_count":0,"death_count":0,"injury_count":3,"fatal_accident_count":0,"risk_score":51.4,"risk_level":"medium","confidence":"confirmed","motorcycle_accident_ratio":1.0,"pedestrian_accident_ratio":0.0}},{"type":"Feature","geometry":{"type":"Point","coordinates":[121.61788,25.06581]},"properties":{"hotspot_id":"臺北市-49266","hotspot_type":"intersection","county":"臺北市","township":"內湖區","road_or_intersection":"五分街 x 堤外便道","accident_count":3,"motorcycle_accident_count":3,"pedestrian_accident_count":0,"death_count":0,"injury_count":3,"fatal_accident_count":0,"risk_score":51.4,"risk_level":"medium","confidence":"confirmed","motorcycle_accident_ratio":1.0,"pedestrian_accident_ratio":0.0}},{"type":"Feature","geometry":{"type":"Point","coordinates":[121.5753,25.08117]},"properties":{"hotspot_id":"臺北市-49280","hotspot_type":"intersection","county":"臺北市","township":"內湖區","road_or_intersection":"內湖路1段 x 麗山街","accident_count":3,"motorcycle_accident_count":3,"pedestrian_accident_count":0,"death_count":0,"injury_count":3,"fatal_accident_count":0,"risk_score":51.4,"risk_level":"medium","confidence":"confirmed","motorcycle_accident_ratio":1.0,"pedestrian_accident_ratio":0.0}},{"type":"Feature","geometry":{"type":"Point","coordinates":[121.57873,25.05587]},"properties":{"hotspot_id":"臺北市-49297","hotspot_type":"intersection","county":"臺北市","township":"內湖區","road_or_intersection":"南京東路6段 x 行善路","accident_count":3,"motorcycle_accident_count":3,"pedestrian_accident_count":0,"death_count":0,"injury_count":3,"fatal_accident_count":0,"risk_score":51.4,"risk_level":"medium","confidence":"confirmed","motorcycle_accident_ratio":1.0,"pedestrian_accident_ratio":0.0}},{"type":"Feature","geometry":{"type":"Point","coordinates":[121.57495,25.07097]},"properties":{"hotspot_id":"臺北市-49304","hotspot_type":"intersection","county":"臺北市","township":"內湖區","road_or_intersection":"國道 x 舊宗路2段","accident_count":3,"motorcycle_accident_count":3,"pedestrian_accident_count":0,"death_count":0,"injury_count":3,"fatal_accident_count":0,"risk_score":51.4,"risk_level":"medium","confidence":"confirmed","motorcycle_accident_ratio":1.0,"pedestrian_accident_ratio":0.0}},{"type":"Feature","geometry":{"type":"Point","coordinates":[121.57241,25.07456]},"properties":{"hotspot_id":"臺北市-49318","hotspot_type":"intersection","county":"臺北市","township":"內湖區","road_or_intersection":"堤頂大道2段 x 港墘路","accident_count":3,"motorcycle_accident_count":3,"pedestrian_accident_count":0,"death_count":0,"injury_count":3,"fatal_accident_count":0,"risk_score":51.4,"risk_level":"medium","confidence":"confirmed","motorcycle_accident_ratio":1.0,"pedestrian_accident_ratio":0.0}},{"type":"Feature","geometry":{"type":"Point","coordinates":[121.5771,25.06088]},"properties":{"hotspot_id":"臺北市-49385","hotspot_type":"intersection","county":"臺北市","township":"內湖區","road_or_intersection":"新湖一路 x 新湖二路","accident_count":3,"motorcycle_accident_count":3,"pedestrian_accident_count":0,"death_count":0,"injury_count":3,"fatal_accident_count":0,"risk_score":51.4,"risk_level":"medium","confidence":"confirmed","motorcycle_accident_ratio":1.0,"pedestrian_accident_ratio":0.0}},{"type":"Feature","geometry":{"type":"Point","coordinates":[121.58551,25.06471]},"properties":{"hotspot_id":"臺北市-49396","hotspot_type":"intersection","county":"臺北市","township":"內湖區","road_or_intersection":"新湖二路 x 行善路","accident_count":3,"motorcycle_accident_count":3,"pedestrian_accident_count":0,"death_count":0,"injury_count":3,"fatal_accident_count":0,"risk_score":51.4,"risk_level":"medium","confidence":"confirmed","motorcycle_accident_ratio":1.0,"pedestrian_accident_ratio":0.0}},{"type":"Feature","geometry":{"type":"Point","coordinates":[121.57429,25.06523]},"properties":{"hotspot_id":"臺北市-49403","hotspot_type":"intersection","county":"臺北市","township":"內湖區","road_or_intersection":"民善街 x 民權東路6段","accident_count":3,"motorcycle_accident_count":3,"pedestrian_accident_count":0,"death_count":0,"injury_count":3,"fatal_accident_count":0,"risk_score":51.4,"risk_level":"medium","confidence":"confirmed","motorcycle_accident_ratio":1.0,"pedestrian_accident_ratio":0.0}},{"type":"Feature","geometry":{"type":"Point","coordinates":[121.58504,25.063]},"properties":{"hotspot_id":"臺北市-49450","hotspot_type":"intersection","county":"臺北市","township":"內湖區","road_or_intersection":"石潭路 x 行善路","accident_count":3,"motorcycle_accident_count":3,"pedestrian_accident_count":0,"death_count":0,"injury_count":3,"fatal_accident_count":0,"risk_score":51.4,"risk_level":"medium","confidence":"confirmed","motorcycle_accident_ratio":1.0,"pedestrian_accident_ratio":0.0}},{"type":"Feature","geometry":{"type":"Point","coordinates":[121.58809,25.06308]},"properties":{"hotspot_id":"臺北市-49451","hotspot_type":"intersection","county":"臺北市","township":"內湖區","road_or_intersection":"石潭路 x 金莊路","accident_count":3,"motorcycle_accident_count":3,"pedestrian_accident_count":0,"death_count":0,"injury_count":3,"fatal_accident_count":0,"risk_score":51.4,"risk_level":"medium","confidence":"confirmed","motorcycle_accident_ratio":1.0,"pedestrian_accident_ratio":0.0}},{"type":"Feature","geometry":{"type":"Point","coordinates":[121.58855,25.08662]},"properties":{"hotspot_id":"臺北市-49468","hotspot_type":"intersection","county":"臺北市","township":"內湖區","road_or_intersection":"金龍路 x 金龍隧道","accident_count":3,"motorcycle_accident_count":3,"pedestrian_accident_count":0,"death_count":0,"injury_count":3,"fatal_accident_count":0,"risk_score":51.4,"risk_level":"medium","confidence":"confirmed","motorcycle_accident_ratio":1.0,"pedestrian_accident_ratio":0.0}},{"type":"Feature","geometry":{"type":"Point","coordinates":[121.50427,25.13684]},"properties":{"hotspot_id":"臺北市-49525","hotspot_type":"intersection","county":"臺北市","township":"北投區","road_or_intersection":"中山路 x 光明路","accident_count":3,"motorcycle_accident_count":3,"pedestrian_accident_count":0,"death_count":0,"injury_count":3,"fatal_accident_count":0,"risk_score":51.4,"risk_level":"medium","confidence":"confirmed","motorcycle_accident_ratio":1.0,"pedestrian_accident_ratio":0.0}},{"type":"Feature","geometry":{"type":"Point","coordinates":[121.51708,25.10977]},"properties":{"hotspot_id":"臺北市-49562","hotspot_type":"intersection","county":"臺北市","township":"北投區","road_or_intersection":"北科路 x 文承路","accident_count":3,"motorcycle_accident_count":3,"pedestrian_accident_count":0,"death_count":0,"injury_count":3,"fatal_accident_count":0,"risk_score":51.4,"risk_level":"medium","confidence":"confirmed","motorcycle_accident_ratio":1.0,"pedestrian_accident_ratio":0.0}},{"type":"Feature","geometry":{"type":"Point","coordinates":[121.51479,25.10134]},"properties":{"hotspot_id":"臺北市-49570","hotspot_type":"intersection","county":"臺北市","township":"北投區","road_or_intersection":"士科路 x 福國路","accident_count":3,"motorcycle_accident_count":3,"pedestrian_accident_count":0,"death_count":0,"injury_count":3,"fatal_accident_count":0,"risk_score":51.4,"risk_level":"medium","confidence":"confirmed","motorcycle_accident_ratio":1.0,"pedestrian_accident_ratio":0.0}},{"type":"Feature","geometry":{"type":"Point","coordinates":[121.61234,25.05528]},"properties":{"hotspot_id":"臺北市-49811","hotspot_type":"intersection","county":"臺北市","township":"南港區","road_or_intersection":"南港路1段 x 東南街","accident_count":3,"motorcycle_accident_count":3,"pedestrian_accident_count":0,"death_count":0,"injury_count":3,"fatal_accident_count":0,"risk_score":51.4,"risk_level":"medium","confidence":"confirmed","motorcycle_accident_ratio":1.0,"pedestrian_accident_ratio":0.0}},{"type":"Feature","geometry":{"type":"Point","coordinates":[121.62032,25.05489]},"properties":{"hotspot_id":"臺北市-49812","hotspot_type":"intersection","county":"臺北市","township":"南港區","road_or_intersection":"南港路1段 x 港東街","accident_count":3,"motorcycle_accident_count":3,"pedestrian_accident_count":0,"death_count":0,"injury_count":3,"fatal_accident_count":0,"risk_score":51.4,"risk_level":"medium","confidence":"confirmed","motorcycle_accident_ratio":1.0,"pedestrian_accident_ratio":0.0}},{"type":"Feature","geometry":{"type":"Point","coordinates":[121.58278,25.05194]},"properties":{"hotspot_id":"臺北市-49827","hotspot_type":"intersection","county":"臺北市","township":"南港區","road_or_intersection":"南港路3段 x 成美橋","accident_count":3,"motorcycle_accident_count":3,"pedestrian_accident_count":0,"death_count":0,"injury_count":3,"fatal_accident_count":0,"risk_score":51.4,"risk_level":"medium","confidence":"confirmed","motorcycle_accident_ratio":1.0,"pedestrian_accident_ratio":0.0}},{"type":"Feature","geometry":{"type":"Point","coordinates":[121.5941,25.04825]},"properties":{"hotspot_id":"臺北市-49875","hotspot_type":"intersection","county":"臺北市","township":"南港區","road_or_intersection":"昆陽街 x 東新街","accident_count":3,"motorcycle_accident_count":3,"pedestrian_accident_count":0,"death_count":0,"injury_count":3,"fatal_accident_count":0,"risk_score":51.4,"risk_level":"medium","confidence":"confirmed","motorcycle_accident_ratio":1.0,"pedestrian_accident_ratio":0.0}},{"type":"Feature","geometry":{"type":"Point","coordinates":[121.51433,25.08968]},"properties":{"hotspot_id":"臺北市-49975","hotspot_type":"intersection","county":"臺北市","township":"士林區","road_or_intersection":"中正路 x 百齡橋","accident_count":3,"motorcycle_accident_count":3,"pedestrian_accident_count":0,"death_count":0,"injury_count":3,"fatal_accident_count":0,"risk_score":51.4,"risk_level":"medium","confidence":"confirmed","motorcycle_accident_ratio":1.0,"pedestrian_accident_ratio":0.0}},{"type":"Feature","geometry":{"type":"Point","coordinates":[121.53212,25.09682]},"properties":{"hotspot_id":"臺北市-49985","hotspot_type":"intersection","county":"臺北市","township":"士林區","road_or_intersection":"中正路 x 雨農路","accident_count":3,"motorcycle_accident_count":3,"pedestrian_accident_count":0,"death_count":0,"injury_count":3,"fatal_accident_count":0,"risk_score":51.4,"risk_level":"medium","confidence":"confirmed","motorcycle_accident_ratio":1.0,"pedestrian_accident_ratio":0.0}},{"type":"Feature","geometry":{"type":"Point","coordinates":[121.52311,25.08924]},"properties":{"hotspot_id":"臺北市-50020","hotspot_type":"intersection","county":"臺北市","township":"士林區","road_or_intersection":"基河路 x 大南路","accident_count":3,"motorcycle_accident_count":3,"pedestrian_accident_count":0,"death_count":0,"injury_count":3,"fatal_accident_count":0,"risk_score":51.4,"risk_level":"medium","confidence":"confirmed","motorcycle_accident_ratio":1.0,"pedestrian_accident_ratio":0.0}},{"type":"Feature","geometry":{"type":"Point","coordinates":[121.51571,25.08858]},"properties":{"hotspot_id":"臺北市-50049","hotspot_type":"intersection","county":"臺北市","township":"士林區","road_or_intersection":"大南路 x 通河東街1段","accident_count":3,"motorcycle_accident_count":3,"pedestrian_accident_count":0,"death_count":0,"injury_count":3,"fatal_accident_count":0,"risk_score":51.4,"risk_level":"medium","confidence":"confirmed","motorcycle_accident_ratio":1.0,"pedestrian_accident_ratio":0.0}},{"type":"Feature","geometry":{"type":"Point","coordinates":[121.52227,25.08044]},"properties":{"hotspot_id":"臺北市-50113","hotspot_type":"intersection","county":"臺北市","township":"士林區","road_or_intersection":"承德橋 x 通河街","accident_count":3,"motorcycle_accident_count":3,"pedestrian_accident_count":0,"death_count":0,"injury_count":3,"fatal_accident_count":0,"risk_score":51.4,"risk_level":"medium","confidence":"confirmed","motorcycle_accident_ratio":1.0,"pedestrian_accident_ratio":0.0}},{"type":"Feature","geometry":{"type":"Point","coordinates":[121.54764,25.13892]},"properties":{"hotspot_id":"臺北市-50139","hotspot_type":"intersection","county":"臺北市","township":"士林區","road_or_intersection":"格致路","accident_count":3,"motorcycle_accident_count":3,"pedestrian_accident_count":0,"death_count":0,"injury_count":3,"fatal_accident_count":0,"risk_score":51.4,"risk_level":"medium","confidence":"confirmed","motorcycle_accident_ratio":1.0,"pedestrian_accident_ratio":0.0}},{"type":"Feature","geometry":{"type":"Point","coordinates":[121.50937,25.08899]},"properties":{"hotspot_id":"臺北市-50163","hotspot_type":"intersection","county":"臺北市","township":"士林區","road_or_intersection":"社正路","accident_count":3,"motorcycle_accident_count":3,"pedestrian_accident_count":0,"death_count":0,"injury_count":3,"fatal_accident_count":0,"risk_score":51.4,"risk_level":"medium","confidence":"confirmed","motorcycle_accident_ratio":1.0,"pedestrian_accident_ratio":0.0}},{"type":"Feature","geometry":{"type":"Point","coordinates":[121.54017,25.09736]},"properties":{"hotspot_id":"臺北市-50183","hotspot_type":"intersection","county":"臺北市","township":"士林區","road_or_intersection":"至善路1段","accident_count":3,"motorcycle_accident_count":3,"pedestrian_accident_count":0,"death_count":0,"injury_count":3,"fatal_accident_count":0,"risk_score":51.4,"risk_level":"medium","confidence":"confirmed","motorcycle_accident_ratio":1.0,"pedestrian_accident_ratio":0.0}},{"type":"Feature","geometry":{"type":"Point","coordinates":[121.50872,25.0536]},"properties":{"hotspot_id":"臺北市-50237","hotspot_type":"intersection","county":"臺北市","township":"大同區","road_or_intersection":"南京西路 x 西寧北路","accident_count":3,"motorcycle_accident_count":3,"pedestrian_accident_count":0,"death_count":0,"injury_count":3,"fatal_accident_count":0,"risk_score":51.4,"risk_level":"medium","confidence":"confirmed","motorcycle_accident_ratio":1.0,"pedestrian_accident_ratio":0.0}},{"type":"Feature","geometry":{"type":"Point","coordinates":[121.51044,25.05041]},"properties":{"hotspot_id":"臺北市-50253","hotspot_type":"intersection","county":"臺北市","township":"大同區","road_or_intersection":"塔城街","accident_count":3,"motorcycle_accident_count":3,"pedestrian_accident_count":0,"death_count":0,"injury_count":3,"fatal_accident_count":0,"risk_score":51.4,"risk_level":"medium","confidence":"confirmed","motorcycle_accident_ratio":1.0,"pedestrian_accident_ratio":0.0}},{"type":"Feature","geometry":{"type":"Point","coordinates":[121.50972,25.05698]},"properties":{"hotspot_id":"臺北市-50363","hotspot_type":"intersection","county":"臺北市","township":"大同區","road_or_intersection":"民生西路 x 迪化街1段","accident_count":3,"motorcycle_accident_count":3,"pedestrian_accident_count":0,"death_count":0,"injury_count":3,"fatal_accident_count":0,"risk_score":51.4,"risk_level":"medium","confidence":"confirmed","motorcycle_accident_ratio":1.0,"pedestrian_accident_ratio":0.0}},{"type":"Feature","geometry":{"type":"Point","coordinates":[121.50911,25.06777]},"properties":{"hotspot_id":"臺北市-50374","hotspot_type":"intersection","county":"臺北市","township":"大同區","road_or_intersection":"環河北路2段","accident_count":3,"motorcycle_accident_count":3,"pedestrian_accident_count":0,"death_count":0,"injury_count":3,"fatal_accident_count":0,"risk_score":51.4,"risk_level":"medium","confidence":"confirmed","motorcycle_accident_ratio":1.0,"pedestrian_accident_ratio":0.0}},{"type":"Feature","geometry":{"type":"Point","coordinates":[121.51376,25.05143]},"properties":{"hotspot_id":"臺北市-50403","hotspot_type":"intersection","county":"臺北市","township":"大同區","road_or_intersection":"重慶北路1段","accident_count":3,"motorcycle_accident_count":3,"pedestrian_accident_count":0,"death_count":0,"injury_count":3,"fatal_accident_count":0,"risk_score":51.4,"risk_level":"medium","confidence":"confirmed","motorcycle_accident_ratio":1.0,"pedestrian_accident_ratio":0.0}},{"type":"Feature","geometry":{"type":"Point","coordinates":[121.51921,25.06012]},"properties":{"hotspot_id":"臺北市-50408","hotspot_type":"intersection","county":"臺北市","township":"大同區","road_or_intersection":"錦西街 x 雙連街","accident_count":3,"motorcycle_accident_count":3,"pedestrian_accident_count":0,"death_count":0,"injury_count":3,"fatal_accident_count":0,"risk_score":51.4,"risk_level":"medium","confidence":"confirmed","motorcycle_accident_ratio":1.0,"pedestrian_accident_ratio":0.0}},{"type":"Feature","geometry":{"type":"Point","coordinates":[121.54297,25.04173]},"properties":{"hotspot_id":"臺北市-50552","hotspot_type":"intersection","county":"臺北市","township":"大安區","road_or_intersection":"安東街 x 忠孝東路3段","accident_count":3,"motorcycle_accident_count":3,"pedestrian_accident_count":0,"death_count":0,"injury_count":3,"fatal_accident_count":0,"risk_score":51.4,"risk_level":"medium","confidence":"confirmed","motorcycle_accident_ratio":1.0,"pedestrian_accident_ratio":0.0}},{"type":"Feature","geometry":{"type":"Point","coordinates":[121.52272,25.03131]},"properties":{"hotspot_id":"臺北市-50617","hotspot_type":"intersection","county":"臺北市","township":"大安區","road_or_intersection":"杭州南路2段","accident_count":3,"motorcycle_accident_count":3,"pedestrian_accident_count":0,"death_count":0,"injury_count":3,"fatal_accident_count":0,"risk_score":51.4,"risk_level":"medium","confidence":"confirmed","motorcycle_accident_ratio":1.0,"pedestrian_accident_ratio":0.0}},{"type":"Feature","geometry":{"type":"Point","coordinates":[121.54063,25.0447]},"properties":{"hotspot_id":"臺北市-50685","hotspot_type":"intersection","county":"臺北市","township":"大安區市","road_or_intersection":"民大道3段","accident_count":3,"motorcycle_accident_count":3,"pedestrian_accident_count":0,"death_count":0,"injury_count":3,"fatal_accident_count":0,"risk_score":51.4,"risk_level":"medium","confidence":"confirmed","motorcycle_accident_ratio":1.0,"pedestrian_accident_ratio":0.0}},{"type":"Feature","geometry":{"type":"Point","coordinates":[121.56135,24.98452]},"properties":{"hotspot_id":"臺北市-50726","hotspot_type":"intersection","county":"臺北市","township":"文山區","road_or_intersection":"忠順街1段 x 興隆路4段","accident_count":3,"motorcycle_accident_count":3,"pedestrian_accident_count":0,"death_count":0,"injury_count":3,"fatal_accident_count":0,"risk_score":51.4,"risk_level":"medium","confidence":"confirmed","motorcycle_accident_ratio":1.0,"pedestrian_accident_ratio":0.0}},{"type":"Feature","geometry":{"type":"Point","coordinates":[121.58311,25.00035]},"properties":{"hotspot_id":"臺北市-50759","hotspot_type":"intersection","county":"臺北市","township":"文山區","road_or_intersection":"新光路2段","accident_count":3,"motorcycle_accident_count":3,"pedestrian_accident_count":0,"death_count":0,"injury_count":3,"fatal_accident_count":0,"risk_score":51.4,"risk_level":"medium","confidence":"confirmed","motorcycle_accident_ratio":1.0,"pedestrian_accident_ratio":0.0}},{"type":"Feature","geometry":{"type":"Point","coordinates":[121.56321,24.98932]},"properties":{"hotspot_id":"臺北市-50826","hotspot_type":"intersection","county":"臺北市","township":"文山區","road_or_intersection":"木柵路2段 x 秀明路1段","accident_count":3,"motorcycle_accident_count":3,"pedestrian_accident_count":0,"death_count":0,"injury_count":3,"fatal_accident_count":0,"risk_score":51.4,"risk_level":"medium","confidence":"confirmed","motorcycle_accident_ratio":1.0,"pedestrian_accident_ratio":0.0}},{"type":"Feature","geometry":{"type":"Point","coordinates":[121.58389,25.00283]},"properties":{"hotspot_id":"臺北市-50837","hotspot_type":"intersection","county":"臺北市","township":"文山區","road_or_intersection":"木柵路5段 x 萬福橋","accident_count":3,"motorcycle_accident_count":3,"pedestrian_accident_count":0,"death_count":0,"injury_count":3,"fatal_accident_count":0,"risk_score":51.4,"risk_level":"medium","confidence":"confirmed","motorcycle_accident_ratio":1.0,"pedestrian_accident_ratio":0.0}},{"type":"Feature","geometry":{"type":"Point","coordinates":[121.54557,24.99409]},"properties":{"hotspot_id":"臺北市-50865","hotspot_type":"intersection","county":"臺北市","township":"文山區","road_or_intersection":"羅斯福路6段 x 萬慶街","accident_count":3,"motorcycle_accident_count":3,"pedestrian_accident_count":0,"death_count":0,"injury_count":3,"fatal_accident_count":0,"risk_score":51.4,"risk_level":"medium","confidence":"confirmed","motorcycle_accident_ratio":1.0,"pedestrian_accident_ratio":0.0}},{"type":"Feature","geometry":{"type":"Point","coordinates":[121.5668,24.99908]},"properties":{"hotspot_id":"臺北市-50886","hotspot_type":"intersection","county":"臺北市","township":"文山區","road_or_intersection":"萬利街 x 萬芳路","accident_count":3,"motorcycle_accident_count":3,"pedestrian_accident_count":0,"death_count":0,"injury_count":3,"fatal_accident_count":0,"risk_score":51.4,"risk_level":"medium","confidence":"confirmed","motorcycle_accident_ratio":1.0,"pedestrian_accident_ratio":0.0}},{"type":"Feature","geometry":{"type":"Point","coordinates":[121.5705,25.00098]},"properties":{"hotspot_id":"臺北市-50892","hotspot_type":"intersection","county":"臺北市","township":"文山區","road_or_intersection":"萬安街","accident_count":3,"motorcycle_accident_count":3,"pedestrian_accident_count":0,"death_count":0,"injury_count":3,"fatal_accident_count":0,"risk_score":51.4,"risk_level":"medium","confidence":"confirmed","motorcycle_accident_ratio":1.0,"pedestrian_accident_ratio":0.0}},{"type":"Feature","geometry":{"type":"Point","coordinates":[121.56192,25.00258]},"properties":{"hotspot_id":"臺北市-50899","hotspot_type":"intersection","county":"臺北市","township":"文山區","road_or_intersection":"萬美街2段","accident_count":3,"motorcycle_accident_count":3,"pedestrian_accident_count":0,"death_count":0,"injury_count":3,"fatal_accident_count":0,"risk_score":51.4,"risk_level":"medium","confidence":"confirmed","motorcycle_accident_ratio":1.0,"pedestrian_accident_ratio":0.0}},{"type":"Feature","geometry":{"type":"Point","coordinates":[121.55936,25.05382]},"properties":{"hotspot_id":"臺北市-50925","hotspot_type":"intersection","county":"臺北市","township":"松山區","road_or_intersection":"健康路 x 南京東路5段","accident_count":3,"motorcycle_accident_count":3,"pedestrian_accident_count":0,"death_count":0,"injury_count":3,"fatal_accident_count":0,"risk_score":51.4,"risk_level":"medium","confidence":"confirmed","motorcycle_accident_ratio":1.0,"pedestrian_accident_ratio":0.0}},{"type":"Feature","geometry":{"type":"Point","coordinates":[121.54437,25.06628]},"properties":{"hotspot_id":"臺北市-51017","hotspot_type":"intersection","county":"臺北市","township":"松山區","road_or_intersection":"復興北路 x 民族東路","accident_count":3,"motorcycle_accident_count":3,"pedestrian_accident_count":0,"death_count":0,"injury_count":3,"fatal_accident_count":0,"risk_score":51.4,"risk_level":"medium","confidence":"confirmed","motorcycle_accident_ratio":1.0,"pedestrian_accident_ratio":0.0}},{"type":"Feature","geometry":{"type":"Point","coordinates":[121.56835,25.05933]},"properties":{"hotspot_id":"臺北市-51034","hotspot_type":"intersection","county":"臺北市","township":"松山區","road_or_intersection":"撫遠街 x 民生東路5段","accident_count":3,"motorcycle_accident_count":3,"pedestrian_accident_count":0,"death_count":0,"injury_count":3,"fatal_accident_count":0,"risk_score":51.4,"risk_level":"medium","confidence":"confirmed","motorcycle_accident_ratio":1.0,"pedestrian_accident_ratio":0.0}},{"type":"Feature","geometry":{"type":"Point","coordinates":[121.57657,25.05137]},"properties":{"hotspot_id":"臺北市-51052","hotspot_type":"intersection","county":"臺北市","township":"松山區","road_or_intersection":"松河街 x 饒河街","accident_count":3,"motorcycle_accident_count":3,"pedestrian_accident_count":0,"death_count":0,"injury_count":3,"fatal_accident_count":0,"risk_score":51.4,"risk_level":"medium","confidence":"confirmed","motorcycle_accident_ratio":1.0,"pedestrian_accident_ratio":0.0}},{"type":"Feature","geometry":{"type":"Point","coordinates":[121.56485,25.06316]},"properties":{"hotspot_id":"臺北市-51058","hotspot_type":"intersection","county":"臺北市","township":"松山區","road_or_intersection":"民權東路5段","accident_count":3,"motorcycle_accident_count":3,"pedestrian_accident_count":0,"death_count":0,"injury_count":3,"fatal_accident_count":0,"risk_score":51.4,"risk_level":"medium","confidence":"confirmed","motorcycle_accident_ratio":1.0,"pedestrian_accident_ratio":0.0}},{"type":"Feature","geometry":{"type":"Point","coordinates":[121.5466,25.04504]},"properties":{"hotspot_id":"臺北市-51081","hotspot_type":"intersection","county":"臺北市","township":"松山區市","road_or_intersection":"民大道4段","accident_count":3,"motorcycle_accident_count":3,"pedestrian_accident_count":0,"death_count":0,"injury_count":3,"fatal_accident_count":0,"risk_score":51.4,"risk_level":"medium","confidence":"confirmed","motorcycle_accident_ratio":1.0,"pedestrian_accident_ratio":0.0}},{"type":"Feature","geometry":{"type":"Point","coordinates":[121.5048,25.03397]},"properties":{"hotspot_id":"臺北市-51134","hotspot_type":"intersection","county":"臺北市","township":"萬華區","road_or_intersection":"和平西路3段 x 艋舺大道","accident_count":3,"motorcycle_accident_count":3,"pedestrian_accident_count":0,"death_count":0,"injury_count":3,"fatal_accident_count":0,"risk_score":51.4,"risk_level":"medium","confidence":"confirmed","motorcycle_accident_ratio":1.0,"pedestrian_accident_ratio":0.0}},{"type":"Feature","geometry":{"type":"Point","coordinates":[121.50843,25.02394]},"properties":{"hotspot_id":"臺北市-51137","hotspot_type":"intersection","county":"臺北市","township":"萬華區","road_or_intersection":"國興路","accident_count":3,"motorcycle_accident_count":3,"pedestrian_accident_count":0,"death_count":0,"injury_count":3,"fatal_accident_count":0,"risk_score":51.4,"risk_level":"medium","confidence":"confirmed","motorcycle_accident_ratio":1.0,"pedestrian_accident_ratio":0.0}},{"type":"Feature","geometry":{"type":"Point","coordinates":[121.50056,25.03219]},"properties":{"hotspot_id":"臺北市-51269","hotspot_type":"intersection","county":"臺北市","township":"萬華區","road_or_intersection":"興寧街 x 萬大路","accident_count":3,"motorcycle_accident_count":3,"pedestrian_accident_count":0,"death_count":0,"injury_count":3,"fatal_accident_count":0,"risk_score":51.4,"risk_level":"medium","confidence":"confirmed","motorcycle_accident_ratio":1.0,"pedestrian_accident_ratio":0.0}},{"type":"Feature","geometry":{"type":"Point","coordinates":[121.53755,25.10086]},"properties":{"hotspot_id":"臺北市-49990","hotspot_type":"intersection","county":"臺北市","township":"士林區","road_or_intersection":"仰德大道1段 x 至誠路1段","accident_count":3,"motorcycle_accident_count":2,"pedestrian_accident_count":1,"death_count":0,"injury_count":4,"fatal_accident_count":0,"risk_score":51.3,"risk_level":"medium","confidence":"confirmed","motorcycle_accident_ratio":0.6667,"pedestrian_accident_ratio":0.3333}},{"type":"Feature","geometry":{"type":"Point","coordinates":[121.52635,25.08839]},"properties":{"hotspot_id":"臺北市-50063","hotspot_type":"intersection","county":"臺北市","township":"士林區","road_or_intersection":"安平街 x 文林路","accident_count":3,"motorcycle_accident_count":2,"pedestrian_accident_count":1,"death_count":0,"injury_count":4,"fatal_accident_count":0,"risk_score":51.3,"risk_level":"medium","confidence":"confirmed","motorcycle_accident_ratio":0.6667,"pedestrian_accident_ratio":0.3333}},{"type":"Feature","geometry":{"type":"Point","coordinates":[121.58673,25.04325]},"properties":{"hotspot_id":"臺北市-49870","hotspot_type":"intersection","county":"臺北市","township":"南港區","road_or_intersection":"成福路 x 玉成街","accident_count":3,"motorcycle_accident_count":2,"pedestrian_accident_count":1,"death_count":0,"injury_count":4,"fatal_accident_count":0,"risk_score":51.3,"risk_level":"medium","confidence":"confirmed","motorcycle_accident_ratio":0.6667,"pedestrian_accident_ratio":0.3333}},{"type":"Feature","geometry":{"type":"Point","coordinates":[121.58023,25.04952]},"properties":{"hotspot_id":"臺北市-49914","hotspot_type":"intersection","county":"臺北市","township":"南港區市","road_or_intersection":"中坡北路 x 民大道7段","accident_count":3,"motorcycle_accident_count":2,"pedestrian_accident_count":1,"death_count":0,"injury_count":4,"fatal_accident_count":0,"risk_score":51.3,"risk_level":"medium","confidence":"confirmed","motorcycle_accident_ratio":0.6667,"pedestrian_accident_ratio":0.3333}},{"type":"Feature","geometry":{"type":"Point","coordinates":[121.61561,25.06725]},"properties":{"hotspot_id":"臺北市-49265","hotspot_type":"intersection","county":"臺北市","township":"內湖區","road_or_intersection":"五分街","accident_count":3,"motorcycle_accident_count":2,"pedestrian_accident_count":1,"death_count":0,"injury_count":4,"fatal_accident_count":0,"risk_score":51.3,"risk_level":"medium","confidence":"confirmed","motorcycle_accident_ratio":0.6667,"pedestrian_accident_ratio":0.3333}},{"type":"Feature","geometry":{"type":"Point","coordinates":[121.60497,25.07306]},"properties":{"hotspot_id":"臺北市-49417","hotspot_type":"intersection","county":"臺北市","township":"內湖區","road_or_intersection":"民權東路6段 x 金湖路","accident_count":3,"motorcycle_accident_count":2,"pedestrian_accident_count":1,"death_count":0,"injury_count":4,"fatal_accident_count":0,"risk_score":51.3,"risk_level":"medium","confidence":"confirmed","motorcycle_accident_ratio":0.6667,"pedestrian_accident_ratio":0.3333}},{"type":"Feature","geometry":{"type":"Point","coordinates":[121.5062,25.03943]},"properties":{"hotspot_id":"臺北市-51298","hotspot_type":"intersection","county":"臺北市","township":"萬華區","road_or_intersection":"西寧南路 x 貴陽街2段","accident_count":3,"motorcycle_accident_count":2,"pedestrian_accident_count":1,"death_count":0,"injury_count":4,"fatal_accident_count":0,"risk_score":51.3,"risk_level":"medium","confidence":"confirmed","motorcycle_accident_ratio":0.6667,"pedestrian_accident_ratio":0.3333}},{"type":"Feature","geometry":{"type":"Point","coordinates":[121.5059,25.04687]},"properties":{"hotspot_id":"臺北市-51209","hotspot_type":"intersection","county":"臺北市","township":"萬華區","road_or_intersection":"昆明街 x 開封街2段","accident_count":3,"motorcycle_accident_count":2,"pedestrian_accident_count":1,"death_count":0,"injury_count":4,"fatal_accident_count":0,"risk_score":51.3,"risk_level":"medium","confidence":"confirmed","motorcycle_accident_ratio":0.6667,"pedestrian_accident_ratio":0.3333}},{"type":"Feature","geometry":{"type":"Point","coordinates":[121.52222,25.03086]},"properties":{"hotspot_id":"臺北市-48994","hotspot_type":"intersection","county":"臺北市","township":"中正區","road_or_intersection":"杭州南路2段 x 金華街","accident_count":3,"motorcycle_accident_count":2,"pedestrian_accident_count":1,"death_count":0,"injury_count":4,"fatal_accident_count":0,"risk_score":51.3,"risk_level":"medium","confidence":"confirmed","motorcycle_accident_ratio":0.6667,"pedestrian_accident_ratio":0.3333}},{"type":"Feature","geometry":{"type":"Point","coordinates":[121.57847,25.03627]},"properties":{"hotspot_id":"臺北市-49133","hotspot_type":"intersection","county":"臺北市","township":"信義區","road_or_intersection":"信義路6段 x 松山路","accident_count":3,"motorcycle_accident_count":2,"pedestrian_accident_count":1,"death_count":0,"injury_count":4,"fatal_accident_count":0,"risk_score":51.3,"risk_level":"medium","confidence":"confirmed","motorcycle_accident_ratio":0.6667,"pedestrian_accident_ratio":0.3333}},{"type":"Feature","geometry":{"type":"Point","coordinates":[121.55317,25.07999]},"properties":{"hotspot_id":"臺北市-48617","hotspot_type":"intersection","county":"臺北市","township":"中山區","road_or_intersection":"敬業一路 x 樂群二路","accident_count":3,"motorcycle_accident_count":2,"pedestrian_accident_count":1,"death_count":0,"injury_count":4,"fatal_accident_count":0,"risk_score":51.3,"risk_level":"medium","confidence":"confirmed","motorcycle_accident_ratio":0.6667,"pedestrian_accident_ratio":0.3333}},{"type":"Feature","geometry":{"type":"Point","coordinates":[121.53478,25.05223]},"properties":{"hotspot_id":"臺北市-48474","hotspot_type":"intersection","county":"臺北市","township":"中山區","road_or_intersection":"伊通街 x 松江路","accident_count":3,"motorcycle_accident_count":2,"pedestrian_accident_count":1,"death_count":0,"injury_count":4,"fatal_accident_count":0,"risk_score":51.3,"risk_level":"medium","confidence":"confirmed","motorcycle_accident_ratio":0.6667,"pedestrian_accident_ratio":0.3333}},{"type":"Feature","geometry":{"type":"Point","coordinates":[121.55027,25.00428]},"properties":{"hotspot_id":"臺北市-50855","hotspot_type":"intersection","county":"臺北市","township":"文山區","road_or_intersection":"福興路","accident_count":4,"motorcycle_accident_count":3,"pedestrian_accident_count":0,"death_count":0,"injury_count":7,"fatal_accident_count":0,"risk_score":51.2,"risk_level":"medium","confidence":"confirmed","motorcycle_accident_ratio":0.75,"pedestrian_accident_ratio":0.0}},{"type":"Feature","geometry":{"type":"Point","coordinates":[121.54094,25.00154]},"properties":{"hotspot_id":"臺北市-50778","hotspot_type":"intersection","county":"臺北市","township":"文山區","road_or_intersection":"景明街 x 興隆路1段","accident_count":4,"motorcycle_accident_count":3,"pedestrian_accident_count":0,"death_count":0,"injury_count":7,"fatal_accident_count":0,"risk_score":51.2,"risk_level":"medium","confidence":"confirmed","motorcycle_accident_ratio":0.75,"pedestrian_accident_ratio":0.0}},{"type":"Feature","geometry":{"type":"Point","coordinates":[121.47164,25.1253]},"properties":{"hotspot_id":"臺北市-49753","hotspot_type":"intersection","county":"臺北市","township":"北投區","road_or_intersection":"立功街 x 立德路","accident_count":4,"motorcycle_accident_count":3,"pedestrian_accident_count":0,"death_count":0,"injury_count":7,"fatal_accident_count":0,"risk_score":51.2,"risk_level":"medium","confidence":"confirmed","motorcycle_accident_ratio":0.75,"pedestrian_accident_ratio":0.0}},{"type":"Feature","geometry":{"type":"Point","coordinates":[121.52067,25.11407]},"properties":{"hotspot_id":"臺北市-49706","hotspot_type":"intersection","county":"臺北市","township":"北投區","road_or_intersection":"榮華三路","accident_count":4,"motorcycle_accident_count":3,"pedestrian_accident_count":0,"death_count":0,"injury_count":7,"fatal_accident_count":0,"risk_score":51.2,"risk_level":"medium","confidence":"confirmed","motorcycle_accident_ratio":0.75,"pedestrian_accident_ratio":0.0}},{"type":"Feature","geometry":{"type":"Point","coordinates":[121.51994,25.04602]},"properties":{"hotspot_id":"臺北市-48756","hotspot_type":"intersection","county":"臺北市","township":"中正區","road_or_intersection":"中山北路1段 x 忠孝西路1段","accident_count":4,"motorcycle_accident_count":3,"pedestrian_accident_count":0,"death_count":0,"injury_count":7,"fatal_accident_count":0,"risk_score":51.2,"risk_level":"medium","confidence":"confirmed","motorcycle_accident_ratio":0.75,"pedestrian_accident_ratio":0.0}},{"type":"Feature","geometry":{"type":"Point","coordinates":[121.57194,25.04225]},"properties":{"hotspot_id":"臺北市-49207","hotspot_type":"intersection","county":"臺北市","township":"信義區","road_or_intersection":"松信路 x 虎林街","accident_count":4,"motorcycle_accident_count":3,"pedestrian_accident_count":0,"death_count":0,"injury_count":7,"fatal_accident_count":0,"risk_score":51.2,"risk_level":"medium","confidence":"confirmed","motorcycle_accident_ratio":0.75,"pedestrian_accident_ratio":0.0}},{"type":"Feature","geometry":{"type":"Point","coordinates":[121.56303,25.06285]},"properties":{"hotspot_id":"臺北市-50914","hotspot_type":"intersection","county":"臺北市","township":"松山區","road_or_intersection":"三民路 x 民權東路5段","accident_count":4,"motorcycle_accident_count":3,"pedestrian_accident_count":0,"death_count":0,"injury_count":7,"fatal_accident_count":0,"risk_score":51.2,"risk_level":"medium","confidence":"confirmed","motorcycle_accident_ratio":0.75,"pedestrian_accident_ratio":0.0}},{"type":"Feature","geometry":{"type":"Point","coordinates":[121.53401,25.0675]},"properties":{"hotspot_id":"臺北市-51713","hotspot_type":"intersection","county":"臺北市","township":"中山區","road_or_intersection":"建國高架道","accident_count":6,"motorcycle_accident_count":2,"pedestrian_accident_count":0,"death_count":0,"injury_count":6,"fatal_accident_count":0,"risk_score":50.7,"risk_level":"medium","confidence":"probable","motorcycle_accident_ratio":0.3333,"pedestrian_accident_ratio":0.0}},{"type":"Feature","geometry":{"type":"Point","coordinates":[121.54422,25.05594]},"properties":{"hotspot_id":"臺北市-51021","hotspot_type":"intersection","county":"臺北市","township":"松山區","road_or_intersection":"復興北路 x 興安街","accident_count":3,"motorcycle_accident_count":1,"pedestrian_accident_count":2,"death_count":0,"injury_count":4,"fatal_accident_count":0,"risk_score":50.5,"risk_level":"medium","confidence":"confirmed","motorcycle_accident_ratio":0.3333,"pedestrian_accident_ratio":0.6667}},{"type":"Feature","geometry":{"type":"Point","coordinates":[121.54964,25.0295]},"properties":{"hotspot_id":"臺北市-50599","hotspot_type":"intersection","county":"臺北市","township":"大安區","road_or_intersection":"敦化南路2段 x 無名巷","accident_count":3,"motorcycle_accident_count":1,"pedestrian_accident_count":2,"death_count":0,"injury_count":4,"fatal_accident_count":0,"risk_score":50.5,"risk_level":"medium","confidence":"confirmed","motorcycle_accident_ratio":0.3333,"pedestrian_accident_ratio":0.6667}},{"type":"Feature","geometry":{"type":"Point","coordinates":[121.54039,25.05]},"properties":{"hotspot_id":"臺北市-48658","hotspot_type":"intersection","county":"臺北市","township":"中山區","road_or_intersection":"朱崙街 x 龍江路","accident_count":3,"motorcycle_accident_count":1,"pedestrian_accident_count":2,"death_count":0,"injury_count":4,"fatal_accident_count":0,"risk_score":50.5,"risk_level":"medium","confidence":"confirmed","motorcycle_accident_ratio":0.3333,"pedestrian_accident_ratio":0.6667}},{"type":"Feature","geometry":{"type":"Point","coordinates":[121.52437,25.06285]},"properties":{"hotspot_id":"臺北市-48691","hotspot_type":"intersection","county":"臺北市","township":"中山區","road_or_intersection":"民權東路1段 x 雙城街","accident_count":3,"motorcycle_accident_count":1,"pedestrian_accident_count":1,"death_count":0,"injury_count":4,"fatal_accident_count":0,"risk_score":50.2,"risk_level":"medium","confidence":"confirmed","motorcycle_accident_ratio":0.3333,"pedestrian_accident_ratio":0.3333}},{"type":"Feature","geometry":{"type":"Point","coordinates":[121.53672,25.10135]},"properties":{"hotspot_id":"臺北市-50186","hotspot_type":"intersection","county":"臺北市","township":"士林區","road_or_intersection":"至誠路1段","accident_count":3,"motorcycle_accident_count":1,"pedestrian_accident_count":1,"death_count":0,"injury_count":4,"fatal_accident_count":0,"risk_score":50.2,"risk_level":"medium","confidence":"confirmed","motorcycle_accident_ratio":0.3333,"pedestrian_accident_ratio":0.3333}},{"type":"Feature","geometry":{"type":"Point","coordinates":[121.59063,25.06348]},"properties":{"hotspot_id":"臺北市-49361","hotspot_type":"intersection","county":"臺北市","township":"內湖區","road_or_intersection":"成功路2段 x 石潭路","accident_count":5,"motorcycle_accident_count":3,"pedestrian_accident_count":0,"death_count":0,"injury_count":6,"fatal_accident_count":0,"risk_score":49.8,"risk_level":"medium","confidence":"confirmed","motorcycle_accident_ratio":0.6,"pedestrian_accident_ratio":0.0}},{"type":"Feature","geometry":{"type":"Point","coordinates":[121.48845,25.13862]},"properties":{"hotspot_id":"臺北市-51360","hotspot_type":"intersection","county":"臺北市","township":"北投區","road_or_intersection":"中央北路2段","accident_count":5,"motorcycle_accident_count":3,"pedestrian_accident_count":0,"death_count":0,"injury_count":6,"fatal_accident_count":0,"risk_score":49.8,"risk_level":"medium","confidence":"probable","motorcycle_accident_ratio":0.6,"pedestrian_accident_ratio":0.0}},{"type":"Feature","geometry":{"type":"Point","coordinates":[121.53659,25.04406]},"properties":{"hotspot_id":"臺北市-51810","hotspot_type":"intersection","county":"臺北市","township":"大安區","road_or_intersection":"建國南路1段","accident_count":5,"motorcycle_accident_count":3,"pedestrian_accident_count":0,"death_count":0,"injury_count":6,"fatal_accident_count":0,"risk_score":49.8,"risk_level":"medium","confidence":"probable","motorcycle_accident_ratio":0.6,"pedestrian_accident_ratio":0.0}},{"type":"Feature","geometry":{"type":"Point","coordinates":[121.59267,25.06922]},"properties":{"hotspot_id":"臺北市-51550","hotspot_type":"intersection","county":"臺北市","township":"內湖區","road_or_intersection":"民權東路6段","accident_count":5,"motorcycle_accident_count":3,"pedestrian_accident_count":0,"death_count":0,"injury_count":6,"fatal_accident_count":0,"risk_score":49.8,"risk_level":"medium","confidence":"probable","motorcycle_accident_ratio":0.6,"pedestrian_accident_ratio":0.0}},{"type":"Feature","geometry":{"type":"Point","coordinates":[121.54948,25.05892]},"properties":{"hotspot_id":"臺北市-51613","hotspot_type":"intersection","county":"臺北市","township":"松山區","road_or_intersection":"敦化北路","accident_count":5,"motorcycle_accident_count":3,"pedestrian_accident_count":0,"death_count":0,"injury_count":6,"fatal_accident_count":0,"risk_score":49.8,"risk_level":"medium","confidence":"probable","motorcycle_accident_ratio":0.6,"pedestrian_accident_ratio":0.0}},{"type":"Feature","geometry":{"type":"Point","coordinates":[121.50478,25.03374]},"properties":{"hotspot_id":"臺北市-51125","hotspot_type":"intersection","county":"臺北市","township":"萬華區","road_or_intersection":"和平西路2段 x 艋舺大道","accident_count":5,"motorcycle_accident_count":3,"pedestrian_accident_count":0,"death_count":0,"injury_count":6,"fatal_accident_count":0,"risk_score":49.8,"risk_level":"medium","confidence":"confirmed","motorcycle_accident_ratio":0.6,"pedestrian_accident_ratio":0.0}},{"type":"Feature","geometry":{"type":"Point","coordinates":[121.569,24.99941]},"properties":{"hotspot_id":"臺北市-50888","hotspot_type":"intersection","county":"臺北市","township":"文山區","road_or_intersection":"萬和街 x 萬樂街","accident_count":5,"motorcycle_accident_count":4,"pedestrian_accident_count":0,"death_count":0,"injury_count":5,"fatal_accident_count":0,"risk_score":49.6,"risk_level":"medium","confidence":"confirmed","motorcycle_accident_ratio":0.8,"pedestrian_accident_ratio":0.0}},{"type":"Feature","geometry":{"type":"Point","coordinates":[121.55264,25.03762]},"properties":{"hotspot_id":"臺北市-51619","hotspot_type":"intersection","county":"臺北市","township":"大安區","road_or_intersection":"仁愛路4段","accident_count":5,"motorcycle_accident_count":4,"pedestrian_accident_count":0,"death_count":0,"injury_count":5,"fatal_accident_count":0,"risk_score":49.6,"risk_level":"medium","confidence":"probable","motorcycle_accident_ratio":0.8,"pedestrian_accident_ratio":0.0}},{"type":"Feature","geometry":{"type":"Point","coordinates":[121.51185,25.04631]},"properties":{"hotspot_id":"臺北市-48787","hotspot_type":"intersection","county":"臺北市","township":"中正區","road_or_intersection":"中華路1段 x 開封街1段","accident_count":5,"motorcycle_accident_count":4,"pedestrian_accident_count":0,"death_count":0,"injury_count":5,"fatal_accident_count":0,"risk_score":49.6,"risk_level":"medium","confidence":"confirmed","motorcycle_accident_ratio":0.8,"pedestrian_accident_ratio":0.0}},{"type":"Feature","geometry":{"type":"Point","coordinates":[121.49147,25.03213]},"properties":{"hotspot_id":"臺北市-51263","hotspot_type":"intersection","county":"臺北市","township":"萬華區","road_or_intersection":"環河南路2段 x 雙園街","accident_count":5,"motorcycle_accident_count":4,"pedestrian_accident_count":0,"death_count":0,"injury_count":5,"fatal_accident_count":0,"risk_score":49.6,"risk_level":"medium","confidence":"confirmed","motorcycle_accident_ratio":0.8,"pedestrian_accident_ratio":0.0}},{"type":"Feature","geometry":{"type":"Point","coordinates":[121.50298,25.13474]},"properties":{"hotspot_id":"臺北市-49536","hotspot_type":"intersection","county":"臺北市","township":"北投區","road_or_intersection":"光明路 x 溫泉路","accident_count":5,"motorcycle_accident_count":4,"pedestrian_accident_count":0,"death_count":0,"injury_count":5,"fatal_accident_count":0,"risk_score":49.6,"risk_level":"medium","confidence":"confirmed","motorcycle_accident_ratio":0.8,"pedestrian_accident_ratio":0.0}},{"type":"Feature","geometry":{"type":"Point","coordinates":[121.57741,25.04145]},"properties":{"hotspot_id":"臺北市-49222","hotspot_type":"intersection","county":"臺北市","township":"信義區","road_or_intersection":"松山路 x 虎林街","accident_count":5,"motorcycle_accident_count":4,"pedestrian_accident_count":0,"death_count":0,"injury_count":5,"fatal_accident_count":0,"risk_score":49.6,"risk_level":"medium","confidence":"confirmed","motorcycle_accident_ratio":0.8,"pedestrian_accident_ratio":0.0}},{"type":"Feature","geometry":{"type":"Point","coordinates":[121.51619,25.04868]},"properties":{"hotspot_id":"臺北市-48975","hotspot_type":"intersection","county":"臺北市","township":"中正區","road_or_intersection":"承德路1段 x 鄭州路","accident_count":4,"motorcycle_accident_count":3,"pedestrian_accident_count":0,"death_count":0,"injury_count":6,"fatal_accident_count":0,"risk_score":49.3,"risk_level":"medium","confidence":"confirmed","motorcycle_accident_ratio":0.75,"pedestrian_accident_ratio":0.0}},{"type":"Feature","geometry":{"type":"Point","coordinates":[121.52951,25.03813]},"properties":{"hotspot_id":"臺北市-48811","hotspot_type":"intersection","county":"臺北市","township":"中正區","road_or_intersection":"仁愛路2段 x 臨沂街","accident_count":4,"motorcycle_accident_count":3,"pedestrian_accident_count":0,"death_count":0,"injury_count":6,"fatal_accident_count":0,"risk_score":49.3,"risk_level":"medium","confidence":"confirmed","motorcycle_accident_ratio":0.75,"pedestrian_accident_ratio":0.0}},{"type":"Feature","geometry":{"type":"Point","coordinates":[121.55102,25.06162]},"properties":{"hotspot_id":"臺北市-51038","hotspot_type":"intersection","county":"臺北市","township":"松山區","road_or_intersection":"敦化北路 x 民權東路4段","accident_count":4,"motorcycle_accident_count":3,"pedestrian_accident_count":0,"death_count":0,"injury_count":6,"fatal_accident_count":0,"risk_score":49.3,"risk_level":"medium","confidence":"confirmed","motorcycle_accident_ratio":0.75,"pedestrian_accident_ratio":0.0}},{"type":"Feature","geometry":{"type":"Point","coordinates":[121.55823,25.07967]},"properties":{"hotspot_id":"臺北市-48684","hotspot_type":"intersection","county":"臺北市","township":"中山區","road_or_intersection":"樂群二路","accident_count":4,"motorcycle_accident_count":3,"pedestrian_accident_count":0,"death_count":0,"injury_count":6,"fatal_accident_count":0,"risk_score":49.3,"risk_level":"medium","confidence":"confirmed","motorcycle_accident_ratio":0.75,"pedestrian_accident_ratio":0.0}},{"type":"Feature","geometry":{"type":"Point","coordinates":[121.51102,25.06844]},"properties":{"hotspot_id":"臺北市-50300","hotspot_type":"intersection","county":"臺北市","township":"大同區","road_or_intersection":"延平北路3段 x 民族西路","accident_count":4,"motorcycle_accident_count":3,"pedestrian_accident_count":0,"death_count":0,"injury_count":6,"fatal_accident_count":0,"risk_score":49.3,"risk_level":"medium","confidence":"confirmed","motorcycle_accident_ratio":0.75,"pedestrian_accident_ratio":0.0}},{"type":"Feature","geometry":{"type":"Point","coordinates":[121.56579,25.05927]},"properties":{"hotspot_id":"臺北市-51046","hotspot_type":"intersection","county":"臺北市","township":"松山區","road_or_intersection":"新東街","accident_count":3,"motorcycle_accident_count":2,"pedestrian_accident_count":3,"death_count":0,"injury_count":3,"fatal_accident_count":0,"risk_score":48.9,"risk_level":"medium","confidence":"confirmed","motorcycle_accident_ratio":0.6667,"pedestrian_accident_ratio":1.0}},{"type":"Feature","geometry":{"type":"Point","coordinates":[121.55418,25.02001]},"properties":{"hotspot_id":"臺北市-50549","hotspot_type":"intersection","county":"臺北市","township":"大安區","road_or_intersection":"安居街 x 樂業街","accident_count":3,"motorcycle_accident_count":2,"pedestrian_accident_count":3,"death_count":0,"injury_count":3,"fatal_accident_count":0,"risk_score":48.9,"risk_level":"medium","confidence":"confirmed","motorcycle_accident_ratio":0.6667,"pedestrian_accident_ratio":1.0}},{"type":"Feature","geometry":{"type":"Point","coordinates":[121.51661,25.10843]},"properties":{"hotspot_id":"臺北市-49767","hotspot_type":"intersection","county":"臺北市","township":"北投區","road_or_intersection":"致遠一路1段","accident_count":3,"motorcycle_accident_count":2,"pedestrian_accident_count":2,"death_count":0,"injury_count":3,"fatal_accident_count":0,"risk_score":48.8,"risk_level":"medium","confidence":"confirmed","motorcycle_accident_ratio":0.6667,"pedestrian_accident_ratio":0.6667}},{"type":"Feature","geometry":{"type":"Point","coordinates":[121.50998,25.04885]},"properties":{"hotspot_id":"臺北市-51166","hotspot_type":"intersection","county":"臺北市","township":"萬華區","road_or_intersection":"峨眉街 x 成都路","accident_count":3,"motorcycle_accident_count":2,"pedestrian_accident_count":1,"death_count":0,"injury_count":3,"fatal_accident_count":0,"risk_score":48.5,"risk_level":"low","confidence":"confirmed","motorcycle_accident_ratio":0.6667,"pedestrian_accident_ratio":0.3333}},{"type":"Feature","geometry":{"type":"Point","coordinates":[121.50203,25.04009]},"properties":{"hotspot_id":"臺北市-51179","hotspot_type":"intersection","county":"臺北市","township":"萬華區","road_or_intersection":"康定路 x 貴陽街2段","accident_count":3,"motorcycle_accident_count":2,"pedestrian_accident_count":1,"death_count":0,"injury_count":3,"fatal_accident_count":0,"risk_score":48.5,"risk_level":"low","confidence":"confirmed","motorcycle_accident_ratio":0.6667,"pedestrian_accident_ratio":0.3333}},{"type":"Feature","geometry":{"type":"Point","coordinates":[121.53151,25.02631]},"properties":{"hotspot_id":"臺北市-50477","hotspot_type":"intersection","county":"臺北市","township":"大安區","road_or_intersection":"和平東路1段 x 泰順街","accident_count":3,"motorcycle_accident_count":2,"pedestrian_accident_count":1,"death_count":0,"injury_count":3,"fatal_accident_count":0,"risk_score":48.5,"risk_level":"low","confidence":"confirmed","motorcycle_accident_ratio":0.6667,"pedestrian_accident_ratio":0.3333}},{"type":"Feature","geometry":{"type":"Point","coordinates":[121.55293,25.03849]},"properties":{"hotspot_id":"臺北市-50540","hotspot_type":"intersection","county":"臺北市","township":"大安區","road_or_intersection":"安和路1段 x 忠孝東路4段","accident_count":3,"motorcycle_accident_count":2,"pedestrian_accident_count":1,"death_count":0,"injury_count":3,"fatal_accident_count":0,"risk_score":48.5,"risk_level":"low","confidence":"confirmed","motorcycle_accident_ratio":0.6667,"pedestrian_accident_ratio":0.3333}},{"type":"Feature","geometry":{"type":"Point","coordinates":[121.55371,25.08317]},"properties":{"hotspot_id":"臺北市-48615","hotspot_type":"intersection","county":"臺北市","township":"中山區","road_or_intersection":"敬業一路 x 敬業二路","accident_count":3,"motorcycle_accident_count":2,"pedestrian_accident_count":1,"death_count":0,"injury_count":3,"fatal_accident_count":0,"risk_score":48.5,"risk_level":"low","confidence":"confirmed","motorcycle_accident_ratio":0.6667,"pedestrian_accident_ratio":0.3333}},{"type":"Feature","geometry":{"type":"Point","coordinates":[121.53019,25.05741]},"properties":{"hotspot_id":"臺北市-48535","hotspot_type":"intersection","county":"臺北市","township":"中山區","road_or_intersection":"吉林路 x 新生北路2段","accident_count":3,"motorcycle_accident_count":2,"pedestrian_accident_count":1,"death_count":0,"injury_count":3,"fatal_accident_count":0,"risk_score":48.5,"risk_level":"low","confidence":"confirmed","motorcycle_accident_ratio":0.6667,"pedestrian_accident_ratio":0.3333}},{"type":"Feature","geometry":{"type":"Point","coordinates":[121.50988,25.08003]},"properties":{"hotspot_id":"臺北市-50200","hotspot_type":"intersection","county":"臺北市","township":"士林區","road_or_intersection":"葫蘆街","accident_count":3,"motorcycle_accident_count":2,"pedestrian_accident_count":1,"death_count":0,"injury_count":3,"fatal_accident_count":0,"risk_score":48.5,"risk_level":"low","confidence":"confirmed","motorcycle_accident_ratio":0.6667,"pedestrian_accident_ratio":0.3333}},{"type":"Feature","geometry":{"type":"Point","coordinates":[121.50228,25.0266]},"properties":{"hotspot_id":"臺北市-51109","hotspot_type":"intersection","county":"臺北市","township":"萬華區","road_or_intersection":"中華路2段 x 萬大路","accident_count":3,"motorcycle_accident_count":2,"pedestrian_accident_count":1,"death_count":0,"injury_count":3,"fatal_accident_count":0,"risk_score":48.5,"risk_level":"low","confidence":"confirmed","motorcycle_accident_ratio":0.6667,"pedestrian_accident_ratio":0.3333}},{"type":"Feature","geometry":{"type":"Point","coordinates":[121.54131,24.99291]},"properties":{"hotspot_id":"臺北市-50763","hotspot_type":"intersection","county":"臺北市","township":"文山區","road_or_intersection":"景中街 x 景文街","accident_count":3,"motorcycle_accident_count":2,"pedestrian_accident_count":1,"death_count":0,"injury_count":3,"fatal_accident_count":0,"risk_score":48.5,"risk_level":"low","confidence":"confirmed","motorcycle_accident_ratio":0.6667,"pedestrian_accident_ratio":0.3333}},{"type":"Feature","geometry":{"type":"Point","coordinates":[121.56983,25.04048]},"properties":{"hotspot_id":"臺北市-49186","hotspot_type":"intersection","county":"臺北市","township":"信義區","road_or_intersection":"忠孝東路5段 x 松勇路","accident_count":3,"motorcycle_accident_count":2,"pedestrian_accident_count":1,"death_count":0,"injury_count":3,"fatal_accident_count":0,"risk_score":48.5,"risk_level":"low","confidence":"confirmed","motorcycle_accident_ratio":0.6667,"pedestrian_accident_ratio":0.3333}},{"type":"Feature","geometry":{"type":"Point","coordinates":[121.52214,25.11362]},"properties":{"hotspot_id":"臺北市-49685","hotspot_type":"intersection","county":"臺北市","township":"北投區","road_or_intersection":"明德路 x 榮華二路","accident_count":3,"motorcycle_accident_count":2,"pedestrian_accident_count":1,"death_count":0,"injury_count":3,"fatal_accident_count":0,"risk_score":48.5,"risk_level":"low","confidence":"confirmed","motorcycle_accident_ratio":0.6667,"pedestrian_accident_ratio":0.3333}},{"type":"Feature","geometry":{"type":"Point","coordinates":[121.5824,25.0669]},"properties":{"hotspot_id":"臺北市-49461","hotspot_type":"intersection","county":"臺北市","township":"內湖區","road_or_intersection":"行忠路","accident_count":3,"motorcycle_accident_count":2,"pedestrian_accident_count":1,"death_count":0,"injury_count":3,"fatal_accident_count":0,"risk_score":48.5,"risk_level":"low","confidence":"confirmed","motorcycle_accident_ratio":0.6667,"pedestrian_accident_ratio":0.3333}},{"type":"Feature","geometry":{"type":"Point","coordinates":[121.50961,25.04217]},"properties":{"hotspot_id":"臺北市-48933","hotspot_type":"intersection","county":"臺北市","township":"中正區","road_or_intersection":"延平南路 x 衡陽路","accident_count":3,"motorcycle_accident_count":2,"pedestrian_accident_count":1,"death_count":0,"injury_count":3,"fatal_accident_count":0,"risk_score":48.5,"risk_level":"low","confidence":"confirmed","motorcycle_accident_ratio":0.6667,"pedestrian_accident_ratio":0.3333}},{"type":"Feature","geometry":{"type":"Point","coordinates":[121.50092,25.12531]},"properties":{"hotspot_id":"臺北市-49556","hotspot_type":"intersection","county":"臺北市","township":"北投區","road_or_intersection":"北投路1段 x 無名巷","accident_count":3,"motorcycle_accident_count":2,"pedestrian_accident_count":1,"death_count":0,"injury_count":3,"fatal_accident_count":0,"risk_score":48.5,"risk_level":"low","confidence":"confirmed","motorcycle_accident_ratio":0.6667,"pedestrian_accident_ratio":0.3333}},{"type":"Feature","geometry":{"type":"Point","coordinates":[121.50526,25.0275]},"properties":{"hotspot_id":"臺北市-51103","hotspot_type":"intersection","county":"臺北市","township":"萬華區","road_or_intersection":"中華路2段 x 國興路","accident_count":3,"motorcycle_accident_count":2,"pedestrian_accident_count":1,"death_count":0,"injury_count":3,"fatal_accident_count":0,"risk_score":48.5,"risk_level":"low","confidence":"confirmed","motorcycle_accident_ratio":0.6667,"pedestrian_accident_ratio":0.3333}},{"type":"Feature","geometry":{"type":"Point","coordinates":[121.50915,25.04605]},"properties":{"hotspot_id":"臺北市-51099","hotspot_type":"intersection","county":"臺北市","township":"萬華區","road_or_intersection":"中華路1段 x 開封街2段","accident_count":3,"motorcycle_accident_count":2,"pedestrian_accident_count":1,"death_count":0,"injury_count":3,"fatal_accident_count":0,"risk_score":48.5,"risk_level":"low","confidence":"confirmed","motorcycle_accident_ratio":0.6667,"pedestrian_accident_ratio":0.3333}},{"type":"Feature","geometry":{"type":"Point","coordinates":[121.53907,24.99298]},"properties":{"hotspot_id":"臺北市-50896","hotspot_type":"intersection","county":"臺北市","township":"文山區","road_or_intersection":"萬慶街","accident_count":3,"motorcycle_accident_count":2,"pedestrian_accident_count":1,"death_count":0,"injury_count":3,"fatal_accident_count":0,"risk_score":48.5,"risk_level":"low","confidence":"confirmed","motorcycle_accident_ratio":0.6667,"pedestrian_accident_ratio":0.3333}},{"type":"Feature","geometry":{"type":"Point","coordinates":[121.5796,25.05075]},"properties":{"hotspot_id":"臺北市-50916","hotspot_type":"intersection","county":"臺北市","township":"松山區","road_or_intersection":"中坡北路 x 八德路4段","accident_count":3,"motorcycle_accident_count":2,"pedestrian_accident_count":1,"death_count":0,"injury_count":3,"fatal_accident_count":0,"risk_score":48.5,"risk_level":"low","confidence":"confirmed","motorcycle_accident_ratio":0.6667,"pedestrian_accident_ratio":0.3333}},{"type":"Feature","geometry":{"type":"Point","coordinates":[121.51502,25.04599]},"properties":{"hotspot_id":"臺北市-49080","hotspot_type":"intersection","county":"臺北市","township":"中正區","road_or_intersection":"開封街1段 x 館前路","accident_count":3,"motorcycle_accident_count":2,"pedestrian_accident_count":1,"death_count":0,"injury_count":3,"fatal_accident_count":0,"risk_score":48.5,"risk_level":"low","confidence":"confirmed","motorcycle_accident_ratio":0.6667,"pedestrian_accident_ratio":0.3333}},{"type":"Feature","geometry":{"type":"Point","coordinates":[121.53222,25.12469]},"properties":{"hotspot_id":"臺北市-51347","hotspot_type":"intersection","county":"臺北市","township":"士林區","road_or_intersection":"中山北路7段","accident_count":5,"motorcycle_accident_count":3,"pedestrian_accident_count":0,"death_count":0,"injury_count":5,"fatal_accident_count":0,"risk_score":47.9,"risk_level":"low","confidence":"probable","motorcycle_accident_ratio":0.6,"pedestrian_accident_ratio":0.0}},{"type":"Feature","geometry":{"type":"Point","coordinates":[121.54888,25.04839]},"properties":{"hotspot_id":"臺北市-50957","hotspot_type":"intersection","county":"臺北市","township":"松山區","road_or_intersection":"八德路3段 x 敦化北路","accident_count":5,"motorcycle_accident_count":3,"pedestrian_accident_count":0,"death_count":0,"injury_count":5,"fatal_accident_count":0,"risk_score":47.9,"risk_level":"low","confidence":"confirmed","motorcycle_accident_ratio":0.6,"pedestrian_accident_ratio":0.0}},{"type":"Feature","geometry":{"type":"Point","coordinates":[121.56145,25.03763]},"properties":{"hotspot_id":"臺北市-49112","hotspot_type":"intersection","county":"臺北市","township":"信義區","road_or_intersection":"仁愛路4段 x 逸仙路","accident_count":5,"motorcycle_accident_count":3,"pedestrian_accident_count":0,"death_count":0,"injury_count":5,"fatal_accident_count":0,"risk_score":47.9,"risk_level":"low","confidence":"confirmed","motorcycle_accident_ratio":0.6,"pedestrian_accident_ratio":0.0}},{"type":"Feature","geometry":{"type":"Point","coordinates":[121.5487,25.0332]},"properties":{"hotspot_id":"臺北市-50462","hotspot_type":"intersection","county":"臺北市","township":"大安區","road_or_intersection":"信義路4段 x 敦化南路2段","accident_count":5,"motorcycle_accident_count":3,"pedestrian_accident_count":0,"death_count":0,"injury_count":5,"fatal_accident_count":0,"risk_score":47.9,"risk_level":"low","confidence":"confirmed","motorcycle_accident_ratio":0.6,"pedestrian_accident_ratio":0.0}},{"type":"Feature","geometry":{"type":"Point","coordinates":[121.51898,25.05816]},"properties":{"hotspot_id":"臺北市-50383","hotspot_type":"intersection","county":"臺北市","township":"大同區","road_or_intersection":"萬全街","accident_count":3,"motorcycle_accident_count":1,"pedestrian_accident_count":1,"death_count":0,"injury_count":3,"fatal_accident_count":0,"risk_score":47.4,"risk_level":"low","confidence":"confirmed","motorcycle_accident_ratio":0.3333,"pedestrian_accident_ratio":0.3333}},{"type":"Feature","geometry":{"type":"Point","coordinates":[121.5397,24.9903]},"properties":{"hotspot_id":"臺北市-50864","hotspot_type":"intersection","county":"臺北市","township":"文山區","road_or_intersection":"羅斯福路6段 x 育英街","accident_count":3,"motorcycle_accident_count":1,"pedestrian_accident_count":1,"death_count":0,"injury_count":3,"fatal_accident_count":0,"risk_score":47.4,"risk_level":"low","confidence":"confirmed","motorcycle_accident_ratio":0.3333,"pedestrian_accident_ratio":0.3333}},{"type":"Feature","geometry":{"type":"Point","coordinates":[121.52783,25.03638]},"properties":{"hotspot_id":"臺北市-49075","hotspot_type":"intersection","county":"臺北市","township":"中正區","road_or_intersection":"金山南路1段","accident_count":4,"motorcycle_accident_count":3,"pedestrian_accident_count":0,"death_count":0,"injury_count":5,"fatal_accident_count":0,"risk_score":47.4,"risk_level":"low","confidence":"confirmed","motorcycle_accident_ratio":0.75,"pedestrian_accident_ratio":0.0}},{"type":"Feature","geometry":{"type":"Point","coordinates":[121.54012,24.99964]},"properties":{"hotspot_id":"臺北市-50804","hotspot_type":"intersection","county":"臺北市","township":"文山區","road_or_intersection":"景隆街 x 羅斯福路6段","accident_count":4,"motorcycle_accident_count":3,"pedestrian_accident_count":0,"death_count":0,"injury_count":5,"fatal_accident_count":0,"risk_score":47.4,"risk_level":"low","confidence":"confirmed","motorcycle_accident_ratio":0.75,"pedestrian_accident_ratio":0.0}},{"type":"Feature","geometry":{"type":"Point","coordinates":[121.56132,25.03223]},"properties":{"hotspot_id":"臺北市-49211","hotspot_type":"intersection","county":"臺北市","township":"信義區","road_or_intersection":"松勤街 x 莊敬路","accident_count":3,"motorcycle_accident_count":1,"pedestrian_accident_count":1,"death_count":0,"injury_count":3,"fatal_accident_count":0,"risk_score":47.4,"risk_level":"low","confidence":"confirmed","motorcycle_accident_ratio":0.3333,"pedestrian_accident_ratio":0.3333}},{"type":"Feature","geometry":{"type":"Point","coordinates":[121.52767,25.01832]},"properties":{"hotspot_id":"臺北市-49022","hotspot_type":"intersection","county":"臺北市","township":"中正區","road_or_intersection":"汀州路3段 x 辛亥路1段","accident_count":4,"motorcycle_accident_count":3,"pedestrian_accident_count":0,"death_count":0,"injury_count":5,"fatal_accident_count":0,"risk_score":47.4,"risk_level":"low","confidence":"confirmed","motorcycle_accident_ratio":0.75,"pedestrian_accident_ratio":0.0}},{"type":"Feature","geometry":{"type":"Point","coordinates":[121.57915,25.06029]},"properties":{"hotspot_id":"臺北市-49387","hotspot_type":"intersection","county":"臺北市","township":"內湖區","road_or_intersection":"新湖一路 x 舊宗路1段","accident_count":4,"motorcycle_accident_count":3,"pedestrian_accident_count":0,"death_count":0,"injury_count":5,"fatal_accident_count":0,"risk_score":47.4,"risk_level":"low","confidence":"confirmed","motorcycle_accident_ratio":0.75,"pedestrian_accident_ratio":0.0}},{"type":"Feature","geometry":{"type":"Point","coordinates":[121.57744,25.06252]},"properties":{"hotspot_id":"臺北市-49453","hotspot_type":"intersection","county":"臺北市","township":"內湖區","road_or_intersection":"舊宗路1段","accident_count":3,"motorcycle_accident_count":1,"pedestrian_accident_count":1,"death_count":0,"injury_count":3,"fatal_accident_count":0,"risk_score":47.4,"risk_level":"low","confidence":"confirmed","motorcycle_accident_ratio":0.3333,"pedestrian_accident_ratio":0.3333}},{"type":"Feature","geometry":{"type":"Point","coordinates":[121.54619,25.05449]},"properties":{"hotspot_id":"臺北市-51030","hotspot_type":"intersection","county":"臺北市","township":"松山區","road_or_intersection":"慶城街 x 長春路","accident_count":4,"motorcycle_accident_count":3,"pedestrian_accident_count":0,"death_count":0,"injury_count":5,"fatal_accident_count":0,"risk_score":47.4,"risk_level":"low","confidence":"confirmed","motorcycle_accident_ratio":0.75,"pedestrian_accident_ratio":0.0}},{"type":"Feature","geometry":{"type":"Point","coordinates":[121.55643,24.97976]},"properties":{"hotspot_id":"臺北市-50688","hotspot_type":"intersection","county":"臺北市","township":"文山區","road_or_intersection":"一壽街","accident_count":4,"motorcycle_accident_count":3,"pedestrian_accident_count":0,"death_count":0,"injury_count":5,"fatal_accident_count":0,"risk_score":47.4,"risk_level":"low","confidence":"confirmed","motorcycle_accident_ratio":0.75,"pedestrian_accident_ratio":0.0}},{"type":"Feature","geometry":{"type":"Point","coordinates":[121.50105,25.13711]},"properties":{"hotspot_id":"臺北市-49600","hotspot_type":"intersection","county":"臺北市","township":"北投區","road_or_intersection":"大業路 x 雙全街","accident_count":3,"motorcycle_accident_count":1,"pedestrian_accident_count":1,"death_count":0,"injury_count":3,"fatal_accident_count":0,"risk_score":47.4,"risk_level":"low","confidence":"confirmed","motorcycle_accident_ratio":0.3333,"pedestrian_accident_ratio":0.3333}},{"type":"Feature","geometry":{"type":"Point","coordinates":[121.61874,25.05486]},"properties":{"hotspot_id":"臺北市-49814","hotspot_type":"intersection","county":"臺北市","township":"南港區","road_or_intersection":"南港路1段 x 經貿一路","accident_count":4,"motorcycle_accident_count":3,"pedestrian_accident_count":0,"death_count":0,"injury_count":5,"fatal_accident_count":0,"risk_score":47.4,"risk_level":"low","confidence":"confirmed","motorcycle_accident_ratio":0.75,"pedestrian_accident_ratio":0.0}},{"type":"Feature","geometry":{"type":"Point","coordinates":[121.51328,25.04734]},"properties":{"hotspot_id":"臺北市-48955","hotspot_type":"intersection","county":"臺北市","township":"中正區","road_or_intersection":"忠孝西路1段 x 重慶北路1段","accident_count":4,"motorcycle_accident_count":3,"pedestrian_accident_count":0,"death_count":0,"injury_count":5,"fatal_accident_count":0,"risk_score":47.4,"risk_level":"low","confidence":"confirmed","motorcycle_accident_ratio":0.75,"pedestrian_accident_ratio":0.0}},{"type":"Feature","geometry":{"type":"Point","coordinates":[121.53664,25.04459]},"properties":{"hotspot_id":"臺北市-50566","hotspot_type":"intersection","county":"臺北市","township":"大安區","road_or_intersection":"建國南路1段 x 民大道3段","accident_count":4,"motorcycle_accident_count":3,"pedestrian_accident_count":0,"death_count":0,"injury_count":5,"fatal_accident_count":0,"risk_score":47.4,"risk_level":"low","confidence":"confirmed","motorcycle_accident_ratio":0.75,"pedestrian_accident_ratio":0.0}},{"type":"Feature","geometry":{"type":"Point","coordinates":[121.52825,25.0707]},"properties":{"hotspot_id":"臺北市-48649","hotspot_type":"intersection","county":"臺北市","township":"中山區","road_or_intersection":"新生北路3段 x 濱江街","accident_count":3,"motorcycle_accident_count":1,"pedestrian_accident_count":1,"death_count":0,"injury_count":3,"fatal_accident_count":0,"risk_score":47.4,"risk_level":"low","confidence":"confirmed","motorcycle_accident_ratio":0.3333,"pedestrian_accident_ratio":0.3333}},{"type":"Feature","geometry":{"type":"Point","coordinates":[121.51182,25.08402]},"properties":{"hotspot_id":"臺北市-50199","hotspot_type":"intersection","county":"臺北市","township":"士林區","road_or_intersection":"葫東街 x 重慶北路4段","accident_count":3,"motorcycle_accident_count":1,"pedestrian_accident_count":1,"death_count":0,"injury_count":3,"fatal_accident_count":0,"risk_score":47.4,"risk_level":"low","confidence":"confirmed","motorcycle_accident_ratio":0.3333,"pedestrian_accident_ratio":0.3333}},{"type":"Feature","geometry":{"type":"Point","coordinates":[121.49753,25.03542]},"properties":{"hotspot_id":"臺北市-51131","hotspot_type":"intersection","county":"臺北市","township":"萬華區","road_or_intersection":"和平西路3段 x 梧州街","accident_count":3,"motorcycle_accident_count":1,"pedestrian_accident_count":1,"death_count":0,"injury_count":3,"fatal_accident_count":0,"risk_score":47.4,"risk_level":"low","confidence":"confirmed","motorcycle_accident_ratio":0.3333,"pedestrian_accident_ratio":0.3333}},{"type":"Feature","geometry":{"type":"Point","coordinates":[121.50133,25.03528]},"properties":{"hotspot_id":"臺北市-51128","hotspot_type":"intersection","county":"臺北市","township":"萬華區","road_or_intersection":"和平西路3段 x 康定路","accident_count":4,"motorcycle_accident_count":3,"pedestrian_accident_count":0,"death_count":0,"injury_count":5,"fatal_accident_count":0,"risk_score":47.4,"risk_level":"low","confidence":"confirmed","motorcycle_accident_ratio":0.75,"pedestrian_accident_ratio":0.0}},{"type":"Feature","geometry":{"type":"Point","coordinates":[121.54554,25.01301]},"properties":{"hotspot_id":"臺北市-50525","hotspot_type":"intersection","county":"臺北市","township":"大安區","road_or_intersection":"基隆路3段 x 芳蘭路","accident_count":4,"motorcycle_accident_count":3,"pedestrian_accident_count":0,"death_count":0,"injury_count":5,"fatal_accident_count":0,"risk_score":47.4,"risk_level":"low","confidence":"confirmed","motorcycle_accident_ratio":0.75,"pedestrian_accident_ratio":0.0}},{"type":"Feature","geometry":{"type":"Point","coordinates":[121.54905,25.03291]},"properties":{"hotspot_id":"臺北市-50598","hotspot_type":"intersection","county":"臺北市","township":"大安區","road_or_intersection":"敦化南路2段 x 文昌街","accident_count":3,"motorcycle_accident_count":2,"pedestrian_accident_count":0,"death_count":0,"injury_count":6,"fatal_accident_count":0,"risk_score":47.2,"risk_level":"low","confidence":"confirmed","motorcycle_accident_ratio":0.6667,"pedestrian_accident_ratio":0.0}},{"type":"Feature","geometry":{"type":"Point","coordinates":[121.52575,25.06673]},"properties":{"hotspot_id":"臺北市-48611","hotspot_type":"intersection","county":"臺北市","township":"中山區","road_or_intersection":"德惠街 x 林森北路","accident_count":3,"motorcycle_accident_count":0,"pedestrian_accident_count":3,"death_count":0,"injury_count":3,"fatal_accident_count":0,"risk_score":47.2,"risk_level":"low","confidence":"confirmed","motorcycle_accident_ratio":0.0,"pedestrian_accident_ratio":1.0}},{"type":"Feature","geometry":{"type":"Point","coordinates":[121.61574,25.05142]},"properties":{"hotspot_id":"臺北市-49792","hotspot_type":"intersection","county":"臺北市","township":"南港區","road_or_intersection":"中南街 x 研究院路1段","accident_count":3,"motorcycle_accident_count":0,"pedestrian_accident_count":1,"death_count":0,"injury_count":3,"fatal_accident_count":0,"risk_score":46.8,"risk_level":"low","confidence":"confirmed","motorcycle_accident_ratio":0.0,"pedestrian_accident_ratio":0.3333}},{"type":"Feature","geometry":{"type":"Point","coordinates":[121.55748,25.02977]},"properties":{"hotspot_id":"臺北市-50467","hotspot_type":"intersection","county":"臺北市","township":"大安區","road_or_intersection":"光復南路 x 基隆路2段","accident_count":3,"motorcycle_accident_count":0,"pedestrian_accident_count":1,"death_count":0,"injury_count":3,"fatal_accident_count":0,"risk_score":46.8,"risk_level":"low","confidence":"confirmed","motorcycle_accident_ratio":0.0,"pedestrian_accident_ratio":0.3333}},{"type":"Feature","geometry":{"type":"Point","coordinates":[121.52936,25.02355]},"properties":{"hotspot_id":"臺北市-50671","hotspot_type":"intersection","county":"臺北市","township":"大安區","road_or_intersection":"雲和街 x 龍泉街","accident_count":4,"motorcycle_accident_count":2,"pedestrian_accident_count":0,"death_count":0,"injury_count":5,"fatal_accident_count":0,"risk_score":46.0,"risk_level":"low","confidence":"confirmed","motorcycle_accident_ratio":0.5,"pedestrian_accident_ratio":0.0}},{"type":"Feature","geometry":{"type":"Point","coordinates":[121.562,25.04686]},"properties":{"hotspot_id":"臺北市-51072","hotspot_type":"intersection","county":"臺北市","township":"松山區市","road_or_intersection":"八德路4段 x 民大道5段","accident_count":4,"motorcycle_accident_count":2,"pedestrian_accident_count":0,"death_count":0,"injury_count":5,"fatal_accident_count":0,"risk_score":46.0,"risk_level":"low","confidence":"confirmed","motorcycle_accident_ratio":0.5,"pedestrian_accident_ratio":0.0}},{"type":"Feature","geometry":{"type":"Point","coordinates":[121.52695,25.08956]},"properties":{"hotspot_id":"臺北市-50040","hotspot_type":"intersection","county":"臺北市","township":"士林區","road_or_intersection":"大北路 x 文林路","accident_count":3,"motorcycle_accident_count":2,"pedestrian_accident_count":0,"death_count":0,"injury_count":5,"fatal_accident_count":0,"risk_score":45.3,"risk_level":"low","confidence":"confirmed","motorcycle_accident_ratio":0.6667,"pedestrian_accident_ratio":0.0}},{"type":"Feature","geometry":{"type":"Point","coordinates":[121.50576,25.08543]},"properties":{"hotspot_id":"臺北市-49974","hotspot_type":"intersection","county":"臺北市","township":"士林區","road_or_intersection":"中正路 x 環河北路3段","accident_count":4,"motorcycle_accident_count":3,"pedestrian_accident_count":0,"death_count":0,"injury_count":4,"fatal_accident_count":0,"risk_score":45.3,"risk_level":"low","confidence":"confirmed","motorcycle_accident_ratio":0.75,"pedestrian_accident_ratio":0.0}},{"type":"Feature","geometry":{"type":"Point","coordinates":[121.52639,25.02872]},"properties":{"hotspot_id":"臺北市-50665","hotspot_type":"intersection","county":"臺北市","township":"大安區","road_or_intersection":"金山南路2段","accident_count":4,"motorcycle_accident_count":3,"pedestrian_accident_count":0,"death_count":0,"injury_count":4,"fatal_accident_count":0,"risk_score":45.3,"risk_level":"low","confidence":"confirmed","motorcycle_accident_ratio":0.75,"pedestrian_accident_ratio":0.0}},{"type":"Feature","geometry":{"type":"Point","coordinates":[121.5298,25.10719]},"properties":{"hotspot_id":"臺北市-50106","hotspot_type":"intersection","county":"臺北市","township":"士林區","road_or_intersection":"忠誠路1段","accident_count":3,"motorcycle_accident_count":2,"pedestrian_accident_count":0,"death_count":0,"injury_count":5,"fatal_accident_count":0,"risk_score":45.3,"risk_level":"low","confidence":"confirmed","motorcycle_accident_ratio":0.6667,"pedestrian_accident_ratio":0.0}},{"type":"Feature","geometry":{"type":"Point","coordinates":[121.503,25.11526]},"properties":{"hotspot_id":"臺北市-49658","hotspot_type":"intersection","county":"臺北市","township":"北投區","road_or_intersection":"承德路7段 x 無名巷","accident_count":3,"motorcycle_accident_count":2,"pedestrian_accident_count":0,"death_count":0,"injury_count":5,"fatal_accident_count":0,"risk_score":45.3,"risk_level":"low","confidence":"confirmed","motorcycle_accident_ratio":0.6667,"pedestrian_accident_ratio":0.0}},{"type":"Feature","geometry":{"type":"Point","coordinates":[121.5737,24.9917]},"properties":{"hotspot_id":"臺北市-50757","hotspot_type":"intersection","county":"臺北市","township":"文山區","road_or_intersection":"新光路1段 x 秀明路2段","accident_count":4,"motorcycle_accident_count":3,"pedestrian_accident_count":0,"death_count":0,"injury_count":4,"fatal_accident_count":0,"risk_score":45.3,"risk_level":"low","confidence":"confirmed","motorcycle_accident_ratio":0.75,"pedestrian_accident_ratio":0.0}},{"type":"Feature","geometry":{"type":"Point","coordinates":[121.56832,24.99948]},"properties":{"hotspot_id":"臺北市-50885","hotspot_type":"intersection","county":"臺北市","township":"文山區","road_or_intersection":"萬利街 x 萬樂街","accident_count":4,"motorcycle_accident_count":3,"pedestrian_accident_count":0,"death_count":0,"injury_count":4,"fatal_accident_count":0,"risk_score":45.3,"risk_level":"low","confidence":"confirmed","motorcycle_accident_ratio":0.75,"pedestrian_accident_ratio":0.0}},{"type":"Feature","geometry":{"type":"Point","coordinates":[121.56494,25.03012]},"properties":{"hotspot_id":"臺北市-49223","hotspot_type":"intersection","county":"臺北市","township":"信義區","road_or_intersection":"松平路","accident_count":3,"motorcycle_accident_count":2,"pedestrian_accident_count":0,"death_count":0,"injury_count":5,"fatal_accident_count":0,"risk_score":45.3,"risk_level":"low","confidence":"confirmed","motorcycle_accident_ratio":0.6667,"pedestrian_accident_ratio":0.0}},{"type":"Feature","geometry":{"type":"Point","coordinates":[121.53252,25.04223]},"properties":{"hotspot_id":"臺北市-48948","hotspot_type":"intersection","county":"臺北市","township":"中正區","road_or_intersection":"忠孝東路2段 x 新生南路1段","accident_count":4,"motorcycle_accident_count":3,"pedestrian_accident_count":0,"death_count":0,"injury_count":4,"fatal_accident_count":0,"risk_score":45.3,"risk_level":"low","confidence":"confirmed","motorcycle_accident_ratio":0.75,"pedestrian_accident_ratio":0.0}},{"type":"Feature","geometry":{"type":"Point","coordinates":[121.52511,25.03815]},"properties":{"hotspot_id":"臺北市-48806","hotspot_type":"intersection","county":"臺北市","township":"中正區","road_or_intersection":"仁愛路1段 x 杭州南路1段","accident_count":4,"motorcycle_accident_count":3,"pedestrian_accident_count":0,"death_count":0,"injury_count":4,"fatal_accident_count":0,"risk_score":45.3,"risk_level":"low","confidence":"confirmed","motorcycle_accident_ratio":0.75,"pedestrian_accident_ratio":0.0}},{"type":"Feature","geometry":{"type":"Point","coordinates":[121.52223,25.04367]},"properties":{"hotspot_id":"臺北市-48998","hotspot_type":"intersection","county":"臺北市","township":"中正區","road_or_intersection":"林森南路 x 濟南路1段","accident_count":4,"motorcycle_accident_count":3,"pedestrian_accident_count":0,"death_count":0,"injury_count":4,"fatal_accident_count":0,"risk_score":45.3,"risk_level":"low","confidence":"confirmed","motorcycle_accident_ratio":0.75,"pedestrian_accident_ratio":0.0}},{"type":"Feature","geometry":{"type":"Point","coordinates":[121.52883,25.05211]},"properties":{"hotspot_id":"臺北市-48505","hotspot_type":"intersection","county":"臺北市","township":"中山區","road_or_intersection":"南京東路1段 x 新生北路1段","accident_count":4,"motorcycle_accident_count":3,"pedestrian_accident_count":0,"death_count":0,"injury_count":4,"fatal_accident_count":0,"risk_score":45.3,"risk_level":"low","confidence":"confirmed","motorcycle_accident_ratio":0.75,"pedestrian_accident_ratio":0.0}},{"type":"Feature","geometry":{"type":"Point","coordinates":[121.52751,25.05244]},"properties":{"hotspot_id":"臺北市-48506","hotspot_type":"intersection","county":"臺北市","township":"中山區","road_or_intersection":"南京東路1段 x 新生北路2段","accident_count":4,"motorcycle_accident_count":3,"pedestrian_accident_count":0,"death_count":0,"injury_count":4,"fatal_accident_count":0,"risk_score":45.3,"risk_level":"low","confidence":"confirmed","motorcycle_accident_ratio":0.75,"pedestrian_accident_ratio":0.0}},{"type":"Feature","geometry":{"type":"Point","coordinates":[121.52235,25.06291]},"properties":{"hotspot_id":"臺北市-48457","hotspot_type":"intersection","county":"臺北市","township":"中山區","road_or_intersection":"中山北路3段 x 民權西路","accident_count":3,"motorcycle_accident_count":2,"pedestrian_accident_count":0,"death_count":0,"injury_count":5,"fatal_accident_count":0,"risk_score":45.3,"risk_level":"low","confidence":"confirmed","motorcycle_accident_ratio":0.6667,"pedestrian_accident_ratio":0.0}},{"type":"Feature","geometry":{"type":"Point","coordinates":[121.51901,25.08603]},"properties":{"hotspot_id":"臺北市-50177","hotspot_type":"intersection","county":"臺北市","township":"士林區","road_or_intersection":"福港街 x 華齡街","accident_count":3,"motorcycle_accident_count":2,"pedestrian_accident_count":0,"death_count":0,"injury_count":5,"fatal_accident_count":0,"risk_score":45.3,"risk_level":"low","confidence":"confirmed","motorcycle_accident_ratio":0.6667,"pedestrian_accident_ratio":0.0}},{"type":"Feature","geometry":{"type":"Point","coordinates":[121.51305,25.06595]},"properties":{"hotspot_id":"臺北市-50333","hotspot_type":"intersection","county":"臺北市","township":"大同區","road_or_intersection":"昌吉街","accident_count":3,"motorcycle_accident_count":2,"pedestrian_accident_count":0,"death_count":0,"injury_count":5,"fatal_accident_count":0,"risk_score":45.3,"risk_level":"low","confidence":"confirmed","motorcycle_accident_ratio":0.6667,"pedestrian_accident_ratio":0.0}},{"type":"Feature","geometry":{"type":"Point","coordinates":[121.53474,25.02623]},"properties":{"hotspot_id":"臺北市-50475","hotspot_type":"intersection","county":"臺北市","township":"大安區","road_or_intersection":"和平東路1段 x 新生南路2段","accident_count":4,"motorcycle_accident_count":3,"pedestrian_accident_count":0,"death_count":0,"injury_count":4,"fatal_accident_count":0,"risk_score":45.3,"risk_level":"low","confidence":"confirmed","motorcycle_accident_ratio":0.75,"pedestrian_accident_ratio":0.0}},{"type":"Feature","geometry":{"type":"Point","coordinates":[121.53209,25.11982]},"properties":{"hotspot_id":"臺北市-49960","hotspot_type":"intersection","county":"臺北市","township":"士林區","road_or_intersection":"中山北路7段 x 天母東路","accident_count":3,"motorcycle_accident_count":2,"pedestrian_accident_count":0,"death_count":0,"injury_count":4,"fatal_accident_count":0,"risk_score":43.2,"risk_level":"low","confidence":"confirmed","motorcycle_accident_ratio":0.6667,"pedestrian_accident_ratio":0.0}},{"type":"Feature","geometry":{"type":"Point","coordinates":[121.5707,24.9877]},"properties":{"hotspot_id":"臺北市-50738","hotspot_type":"intersection","county":"臺北市","township":"文山區","road_or_intersection":"指南路1段 x 木新路2段","accident_count":3,"motorcycle_accident_count":2,"pedestrian_accident_count":0,"death_count":0,"injury_count":4,"fatal_accident_count":0,"risk_score":43.2,"risk_level":"low","confidence":"confirmed","motorcycle_accident_ratio":0.6667,"pedestrian_accident_ratio":0.0}},{"type":"Feature","geometry":{"type":"Point","coordinates":[121.55805,25.04524]},"properties":{"hotspot_id":"臺北市-49252","hotspot_type":"intersection","county":"臺北市","township":"信義區市","road_or_intersection":"光復南路 x 民大道5段","accident_count":3,"motorcycle_accident_count":2,"pedestrian_accident_count":0,"death_count":0,"injury_count":4,"fatal_accident_count":0,"risk_score":43.2,"risk_level":"low","confidence":"confirmed","motorcycle_accident_ratio":0.6667,"pedestrian_accident_ratio":0.0}},{"type":"Feature","geometry":{"type":"Point","coordinates":[121.57793,25.06667]},"properties":{"hotspot_id":"臺北市-49407","hotspot_type":"intersection","county":"臺北市","township":"內湖區","road_or_intersection":"民權大橋 x 民權東路6段","accident_count":3,"motorcycle_accident_count":2,"pedestrian_accident_count":0,"death_count":0,"injury_count":4,"fatal_accident_count":0,"risk_score":43.2,"risk_level":"low","confidence":"confirmed","motorcycle_accident_ratio":0.6667,"pedestrian_accident_ratio":0.0}},{"type":"Feature","geometry":{"type":"Point","coordinates":[121.539,25.07376]},"properties":{"hotspot_id":"臺北市-48555","hotspot_type":"intersection","county":"臺北市","township":"中山區","road_or_intersection":"大佳河濱公園","accident_count":3,"motorcycle_accident_count":2,"pedestrian_accident_count":0,"death_count":0,"injury_count":4,"fatal_accident_count":0,"risk_score":43.2,"risk_level":"low","confidence":"confirmed","motorcycle_accident_ratio":0.6667,"pedestrian_accident_ratio":0.0}},{"type":"Feature","geometry":{"type":"Point","coordinates":[121.50053,25.12778]},"properties":{"hotspot_id":"臺北市-49515","hotspot_type":"intersection","county":"臺北市","township":"北投區","road_or_intersection":"中央南路1段 x 北投路1段","accident_count":3,"motorcycle_accident_count":2,"pedestrian_accident_count":0,"death_count":0,"injury_count":4,"fatal_accident_count":0,"risk_score":43.2,"risk_level":"low","confidence":"confirmed","motorcycle_accident_ratio":0.6667,"pedestrian_accident_ratio":0.0}},{"type":"Feature","geometry":{"type":"Point","coordinates":[121.51855,25.02629]},"properties":{"hotspot_id":"臺北市-48923","hotspot_type":"intersection","county":"臺北市","township":"中正區","road_or_intersection":"廈門街 x 牯嶺街","accident_count":3,"motorcycle_accident_count":2,"pedestrian_accident_count":0,"death_count":0,"injury_count":4,"fatal_accident_count":0,"risk_score":43.2,"risk_level":"low","confidence":"confirmed","motorcycle_accident_ratio":0.6667,"pedestrian_accident_ratio":0.0}},{"type":"Feature","geometry":{"type":"Point","coordinates":[121.50265,25.11868]},"properties":{"hotspot_id":"臺北市-49661","hotspot_type":"intersection","county":"臺北市","township":"北投區","road_or_intersection":"承德路7段 x 立農街1段","accident_count":3,"motorcycle_accident_count":2,"pedestrian_accident_count":0,"death_count":0,"injury_count":4,"fatal_accident_count":0,"risk_score":43.2,"risk_level":"low","confidence":"confirmed","motorcycle_accident_ratio":0.6667,"pedestrian_accident_ratio":0.0}},{"type":"Feature","geometry":{"type":"Point","coordinates":[121.52759,25.06273]},"properties":{"hotspot_id":"臺北市-48647","hotspot_type":"intersection","county":"臺北市","township":"中山區","road_or_intersection":"新生北路3段 x 民權東路1段","accident_count":3,"motorcycle_accident_count":2,"pedestrian_accident_count":0,"death_count":0,"injury_count":4,"fatal_accident_count":0,"risk_score":43.2,"risk_level":"low","confidence":"confirmed","motorcycle_accident_ratio":0.6667,"pedestrian_accident_ratio":0.0}},{"type":"Feature","geometry":{"type":"Point","coordinates":[121.54812,25.03336]},"properties":{"hotspot_id":"臺北市-50453","hotspot_type":"intersection","county":"臺北市","township":"大安區","road_or_intersection":"信義路4段 x 四維路","accident_count":3,"motorcycle_accident_count":2,"pedestrian_accident_count":0,"death_count":0,"injury_count":4,"fatal_accident_count":0,"risk_score":43.2,"risk_level":"low","confidence":"confirmed","motorcycle_accident_ratio":0.6667,"pedestrian_accident_ratio":0.0}},{"type":"Feature","geometry":{"type":"Point","coordinates":[121.54601,25.03342]},"properties":{"hotspot_id":"臺北市-50454","hotspot_type":"intersection","county":"臺北市","township":"大安區","road_or_intersection":"信義路4段 x 大安路1段","accident_count":3,"motorcycle_accident_count":2,"pedestrian_accident_count":0,"death_count":0,"injury_count":4,"fatal_accident_count":0,"risk_score":43.2,"risk_level":"low","confidence":"confirmed","motorcycle_accident_ratio":0.6667,"pedestrian_accident_ratio":0.0}},{"type":"Feature","geometry":{"type":"Point","coordinates":[121.5233,25.14584]},"properties":{"hotspot_id":"臺北市-49693","hotspot_type":"intersection","county":"臺北市","township":"北投區","road_or_intersection":"東昇路 x 行義路","accident_count":3,"motorcycle_accident_count":2,"pedestrian_accident_count":0,"death_count":0,"injury_count":4,"fatal_accident_count":0,"risk_score":43.2,"risk_level":"low","confidence":"confirmed","motorcycle_accident_ratio":0.6667,"pedestrian_accident_ratio":0.0}},{"type":"Feature","geometry":{"type":"Point","coordinates":[121.53478,25.02587]},"properties":{"hotspot_id":"臺北市-50476","hotspot_type":"intersection","county":"臺北市","township":"大安區","road_or_intersection":"和平東路1段 x 新生南路3段","accident_count":3,"motorcycle_accident_count":2,"pedestrian_accident_count":0,"death_count":0,"injury_count":4,"fatal_accident_count":0,"risk_score":43.2,"risk_level":"low","confidence":"confirmed","motorcycle_accident_ratio":0.6667,"pedestrian_accident_ratio":0.0}},{"type":"Feature","geometry":{"type":"Point","coordinates":[121.57995,25.0505]},"properties":{"hotspot_id":"臺北市-49793","hotspot_type":"intersection","county":"臺北市","township":"南港區","road_or_intersection":"中坡北路 x 八德路4段","accident_count":3,"motorcycle_accident_count":2,"pedestrian_accident_count":0,"death_count":0,"injury_count":4,"fatal_accident_count":0,"risk_score":43.2,"risk_level":"low","confidence":"confirmed","motorcycle_accident_ratio":0.6667,"pedestrian_accident_ratio":0.0}},{"type":"Feature","geometry":{"type":"Point","coordinates":[121.611,25.05977]},"properties":{"hotspot_id":"臺北市-49910","hotspot_type":"intersection","county":"臺北市","township":"南港區","road_or_intersection":"街 x 重陽路","accident_count":3,"motorcycle_accident_count":2,"pedestrian_accident_count":0,"death_count":0,"injury_count":4,"fatal_accident_count":0,"risk_score":43.2,"risk_level":"low","confidence":"confirmed","motorcycle_accident_ratio":0.6667,"pedestrian_accident_ratio":0.0}},{"type":"Feature","geometry":{"type":"Point","coordinates":[121.55817,25.03319]},"properties":{"hotspot_id":"臺北市-49119","hotspot_type":"intersection","county":"臺北市","township":"信義區","road_or_intersection":"信義路4段 x 光復南路","accident_count":3,"motorcycle_accident_count":1,"pedestrian_accident_count":0,"death_count":0,"injury_count":4,"fatal_accident_count":0,"risk_score":42.0,"risk_level":"low","confidence":"confirmed","motorcycle_accident_ratio":0.3333,"pedestrian_accident_ratio":0.0}},{"type":"Feature","geometry":{"type":"Point","coordinates":[121.54336,24.9927]},"properties":{"hotspot_id":"臺北市-50762","hotspot_type":"intersection","county":"臺北市","township":"文山區","road_or_intersection":"景中街 x 景後街","accident_count":3,"motorcycle_accident_count":2,"pedestrian_accident_count":0,"death_count":0,"injury_count":3,"fatal_accident_count":0,"risk_score":40.4,"risk_level":"low","confidence":"confirmed","motorcycle_accident_ratio":0.6667,"pedestrian_accident_ratio":0.0}},{"type":"Feature","geometry":{"type":"Point","coordinates":[121.52258,25.03219]},"properties":{"hotspot_id":"臺北市-48963","hotspot_type":"intersection","county":"臺北市","township":"中正區","road_or_intersection":"愛國東路 x 杭州南路2段","accident_count":3,"motorcycle_accident_count":2,"pedestrian_accident_count":0,"death_count":0,"injury_count":3,"fatal_accident_count":0,"risk_score":40.4,"risk_level":"low","confidence":"confirmed","motorcycle_accident_ratio":0.6667,"pedestrian_accident_ratio":0.0}},{"type":"Feature","geometry":{"type":"Point","coordinates":[121.51525,25.11527]},"properties":{"hotspot_id":"臺北市-49696","hotspot_type":"intersection","county":"臺北市","township":"北投區","road_or_intersection":"東華街1段 x 石牌路2段","accident_count":3,"motorcycle_accident_count":2,"pedestrian_accident_count":0,"death_count":0,"injury_count":3,"fatal_accident_count":0,"risk_score":40.4,"risk_level":"low","confidence":"confirmed","motorcycle_accident_ratio":0.6667,"pedestrian_accident_ratio":0.0}},{"type":"Feature","geometry":{"type":"Point","coordinates":[121.5703,25.05117]},"properties":{"hotspot_id":"臺北市-50989","hotspot_type":"intersection","county":"臺北市","township":"松山區","road_or_intersection":"基隆路1段 x 塔悠路","accident_count":3,"motorcycle_accident_count":2,"pedestrian_accident_count":0,"death_count":0,"injury_count":3,"fatal_accident_count":0,"risk_score":40.4,"risk_level":"low","confidence":"confirmed","motorcycle_accident_ratio":0.6667,"pedestrian_accident_ratio":0.0}},{"type":"Feature","geometry":{"type":"Point","coordinates":[121.52085,25.04824]},"properties":{"hotspot_id":"臺北市-48429","hotspot_type":"intersection","county":"臺北市","township":"中山區","road_or_intersection":"中山北路1段 x 民大道1段","accident_count":3,"motorcycle_accident_count":2,"pedestrian_accident_count":0,"death_count":0,"injury_count":3,"fatal_accident_count":0,"risk_score":40.4,"risk_level":"low","confidence":"confirmed","motorcycle_accident_ratio":0.6667,"pedestrian_accident_ratio":0.0}},{"type":"Feature","geometry":{"type":"Point","coordinates":[121.57597,25.07824]},"properties":{"hotspot_id":"臺北市-49424","hotspot_type":"intersection","county":"臺北市","township":"內湖區","road_or_intersection":"洲子街 x 港墘路","accident_count":3,"motorcycle_accident_count":2,"pedestrian_accident_count":0,"death_count":0,"injury_count":3,"fatal_accident_count":0,"risk_score":40.4,"risk_level":"low","confidence":"confirmed","motorcycle_accident_ratio":0.6667,"pedestrian_accident_ratio":0.0}},{"type":"Feature","geometry":{"type":"Point","coordinates":[121.54406,25.047]},"properties":{"hotspot_id":"臺北市-48484","hotspot_type":"intersection","county":"臺北市","township":"中山區","road_or_intersection":"八德路2段 x 復興南路1段","accident_count":3,"motorcycle_accident_count":2,"pedestrian_accident_count":0,"death_count":0,"injury_count":3,"fatal_accident_count":0,"risk_score":40.4,"risk_level":"low","confidence":"confirmed","motorcycle_accident_ratio":0.6667,"pedestrian_accident_ratio":0.0}},{"type":"Feature","geometry":{"type":"Point","coordinates":[121.55686,24.9804]},"properties":{"hotspot_id":"臺北市-50689","hotspot_type":"intersection","county":"臺北市","township":"文山區","road_or_intersection":"一壽街 x 木新路3段","accident_count":3,"motorcycle_accident_count":2,"pedestrian_accident_count":0,"death_count":0,"injury_count":3,"fatal_accident_count":0,"risk_score":40.4,"risk_level":"low","confidence":"confirmed","motorcycle_accident_ratio":0.6667,"pedestrian_accident_ratio":0.0}},{"type":"Feature","geometry":{"type":"Point","coordinates":[121.56444,25.07861]},"properties":{"hotspot_id":"臺北市-48548","hotspot_type":"intersection","county":"臺北市","township":"中山區","road_or_intersection":"基湖路 x 堤頂大道2段","accident_count":3,"motorcycle_accident_count":2,"pedestrian_accident_count":0,"death_count":0,"injury_count":3,"fatal_accident_count":0,"risk_score":40.4,"risk_level":"low","confidence":"confirmed","motorcycle_accident_ratio":0.6667,"pedestrian_accident_ratio":0.0}},{"type":"Feature","geometry":{"type":"Point","coordinates":[121.59129,25.06216]},"properties":{"hotspot_id":"臺北市-49294","hotspot_type":"intersection","county":"臺北市","township":"內湖區","road_or_intersection":"南京東路6段 x 成功路2段","accident_count":3,"motorcycle_accident_count":2,"pedestrian_accident_count":0,"death_count":0,"injury_count":3,"fatal_accident_count":0,"risk_score":40.4,"risk_level":"low","confidence":"confirmed","motorcycle_accident_ratio":0.6667,"pedestrian_accident_ratio":0.0}},{"type":"Feature","geometry":{"type":"Point","coordinates":[121.58002,25.04944]},"properties":{"hotspot_id":"臺北市-51067","hotspot_type":"intersection","county":"臺北市","township":"松山區市","road_or_intersection":"中坡北路 x 民大道6段","accident_count":3,"motorcycle_accident_count":2,"pedestrian_accident_count":0,"death_count":0,"injury_count":3,"fatal_accident_count":0,"risk_score":40.4,"risk_level":"low","confidence":"confirmed","motorcycle_accident_ratio":0.6667,"pedestrian_accident_ratio":0.0}},{"type":"Feature","geometry":{"type":"Point","coordinates":[121.51147,25.04409]},"properties":{"hotspot_id":"臺北市-48872","hotspot_type":"intersection","county":"臺北市","township":"中正區","road_or_intersection":"博愛路 x 武昌街1段","accident_count":3,"motorcycle_accident_count":2,"pedestrian_accident_count":0,"death_count":0,"injury_count":3,"fatal_accident_count":0,"risk_score":40.4,"risk_level":"low","confidence":"confirmed","motorcycle_accident_ratio":0.6667,"pedestrian_accident_ratio":0.0}},{"type":"Feature","geometry":{"type":"Point","coordinates":[121.49846,25.12559]},"properties":{"hotspot_id":"臺北市-49479","hotspot_type":"intersection","county":"臺北市","township":"北投區","road_or_intersection":"三合街2段 x 大業路","accident_count":3,"motorcycle_accident_count":2,"pedestrian_accident_count":0,"death_count":0,"injury_count":3,"fatal_accident_count":0,"risk_score":40.4,"risk_level":"low","confidence":"confirmed","motorcycle_accident_ratio":0.6667,"pedestrian_accident_ratio":0.0}},{"type":"Feature","geometry":{"type":"Point","coordinates":[121.62304,25.0781]},"properties":{"hotspot_id":"臺北市-49351","hotspot_type":"intersection","county":"臺北市","township":"內湖區","road_or_intersection":"康樂街 x 康湖路","accident_count":3,"motorcycle_accident_count":2,"pedestrian_accident_count":0,"death_count":0,"injury_count":3,"fatal_accident_count":0,"risk_score":40.4,"risk_level":"low","confidence":"confirmed","motorcycle_accident_ratio":0.6667,"pedestrian_accident_ratio":0.0}},{"type":"Feature","geometry":{"type":"Point","coordinates":[121.58525,25.08437]},"properties":{"hotspot_id":"臺北市-49288","hotspot_type":"intersection","county":"臺北市","township":"內湖區","road_or_intersection":"內湖路2段 x 金龍隧道","accident_count":3,"motorcycle_accident_count":2,"pedestrian_accident_count":0,"death_count":0,"injury_count":3,"fatal_accident_count":0,"risk_score":40.4,"risk_level":"low","confidence":"confirmed","motorcycle_accident_ratio":0.6667,"pedestrian_accident_ratio":0.0}},{"type":"Feature","geometry":{"type":"Point","coordinates":[121.53624,25.00634]},"properties":{"hotspot_id":"臺北市-50841","hotspot_type":"intersection","county":"臺北市","township":"文山區","road_or_intersection":"汀州路4段","accident_count":3,"motorcycle_accident_count":2,"pedestrian_accident_count":0,"death_count":0,"injury_count":3,"fatal_accident_count":0,"risk_score":40.4,"risk_level":"low","confidence":"confirmed","motorcycle_accident_ratio":0.6667,"pedestrian_accident_ratio":0.0}},{"type":"Feature","geometry":{"type":"Point","coordinates":[121.5197,25.11227]},"properties":{"hotspot_id":"臺北市-49638","hotspot_type":"intersection","county":"臺北市","township":"北投區","road_or_intersection":"懷德街 x 東陽街","accident_count":3,"motorcycle_accident_count":2,"pedestrian_accident_count":0,"death_count":0,"injury_count":3,"fatal_accident_count":0,"risk_score":40.4,"risk_level":"low","confidence":"confirmed","motorcycle_accident_ratio":0.6667,"pedestrian_accident_ratio":0.0}},{"type":"Feature","geometry":{"type":"Point","coordinates":[121.49657,25.09924]},"properties":{"hotspot_id":"臺北市-50079","hotspot_type":"intersection","county":"臺北市","township":"士林區","road_or_intersection":"延平北路7段 x 無名巷","accident_count":3,"motorcycle_accident_count":2,"pedestrian_accident_count":0,"death_count":0,"injury_count":3,"fatal_accident_count":0,"risk_score":40.4,"risk_level":"low","confidence":"confirmed","motorcycle_accident_ratio":0.6667,"pedestrian_accident_ratio":0.0}},{"type":"Feature","geometry":{"type":"Point","coordinates":[121.50964,25.06906]},"properties":{"hotspot_id":"臺北市-50344","hotspot_type":"intersection","county":"臺北市","township":"大同區","road_or_intersection":"民族西路 x 環河北路2段","accident_count":3,"motorcycle_accident_count":2,"pedestrian_accident_count":0,"death_count":0,"injury_count":3,"fatal_accident_count":0,"risk_score":40.4,"risk_level":"low","confidence":"confirmed","motorcycle_accident_ratio":0.6667,"pedestrian_accident_ratio":0.0}},{"type":"Feature","geometry":{"type":"Point","coordinates":[121.61652,25.0478]},"properties":{"hotspot_id":"臺北市-49850","hotspot_type":"intersection","county":"臺北市","township":"南港區","road_or_intersection":"大坑街 x 研究院路1段","accident_count":3,"motorcycle_accident_count":2,"pedestrian_accident_count":0,"death_count":0,"injury_count":3,"fatal_accident_count":0,"risk_score":40.4,"risk_level":"low","confidence":"confirmed","motorcycle_accident_ratio":0.6667,"pedestrian_accident_ratio":0.0}}]}