{"type":"FeatureCollection","features":[{"type":"Feature","id":"dt_wsqqqx3ey","properties":{"id":"dt_wsqqqx3ey","status":"auto","conf":0.9815,"n_detections":1,"heading_deg":82.9,"length_m":3.26,"width_m":2.23,"corner":"SE","intersection_id":"TPS_00747","intersection_dist_m":13.4,"serves_from_bearing":82.9,"serves_to_bearing":352.9,"serves_quality":"good","lat":25.0453575,"lon":121.5770572,"confidence":"confirmed","source":"dieturn/yolo26s-obb_ep144@taipei_udd_ortho_2025","source_updated_at":"2026-09-05"},"geometry":{"type":"Polygon","coordinates":[[[121.5770746,25.0453494],[121.5770719,25.0453694],[121.5770398,25.0453657],[121.5770426,25.0453457],[121.5770746,25.0453494]]]}},{"type":"Feature","id":"dt_wsqqwv3wn","properties":{"id":"dt_wsqqwv3wn","status":"auto","conf":0.98,"n_detections":1,"heading_deg":81.4,"length_m":3.32,"width_m":2.31,"corner":"SE","intersection_id":"TPS_00834","intersection_dist_m":14.5,"serves_from_bearing":81.4,"serves_to_bearing":351.4,"serves_quality":"good","lat":25.0786981,"lon":121.5880247,"confidence":"confirmed","source":"dieturn/yolo26s-obb_ep144@taipei_udd_ortho_2025","source_updated_at":"2026-09-05"},"geometry":{"type":"Polygon","coordinates":[[[121.5880428,25.07869],[121.5880393,25.0787107],[121.5880067,25.0787062],[121.5880102,25.0786855],[121.5880428,25.07869]]]}},{"type":"Feature","id":"dt_wsqqx56f0","properties":{"id":"dt_wsqqx56f0","status":"auto","conf":0.9794,"n_detections":1,"heading_deg":69.9,"length_m":2.87,"width_m":2.55,"corner":"NE","intersection_id":"TPS_01006","intersection_dist_m":15.3,"serves_from_bearing":339.9,"serves_to_bearing":249.9,"serves_quality":"good","lat":25.0670658,"lon":121.6004984,"confidence":"confirmed","source":"dieturn/yolo26s-obb_ep144@taipei_udd_ortho_2025","source_updated_at":"2026-09-05"},"geometry":{"type":"Polygon","coordinates":[[[121.6005161,25.0670595],[121.6005074,25.0670811],[121.6004806,25.0670722],[121.6004894,25.0670505],[121.6005161,25.0670595]]]}},{"type":"Feature","id":"dt_wsqqw8kvz","properties":{"id":"dt_wsqqw8kvz","status":"auto","conf":0.9791,"n_detections":1,"heading_deg":75.0,"length_m":3.56,"width_m":2.16,"corner":"NW","intersection_id":"TPS_01548","intersection_dist_m":10.8,"serves_from_bearing":345.0,"serves_to_bearing":255.0,"serves_quality":"ambiguous","lat":25.0512182,"lon":121.5815405,"confidence":"confirmed","source":"dieturn/yolo26s-obb_ep144@taipei_udd_ortho_2025","source_updated_at":"2026-09-05"},"geometry":{"type":"Polygon","coordinates":[[[121.5815603,25.051213],[121.5815547,25.0512318],[121.5815206,25.0512235],[121.5815263,25.0512046],[121.5815603,25.051213]]]}},{"type":"Feature","id":"dt_wsqqkskdx","properties":{"id":"dt_wsqqkskdx","status":"auto","conf":0.9789,"n_detections":1,"heading_deg":80.6,"length_m":3.04,"width_m":2.01,"corner":"NW","intersection_id":"TPS_01067","intersection_dist_m":12.7,"serves_from_bearing":260.6,"serves_to_bearing":170.6,"serves_quality":"ambiguous","lat":25.0286969,"lon":121.4933336,"confidence":"confirmed","source":"dieturn/yolo26s-obb_ep144@taipei_udd_ortho_2025","source_updated_at":"2026-09-05"},"geometry":{"type":"Polygon","coordinates":[[[121.4933501,25.0286902],[121.4933468,25.0287081],[121.4933171,25.0287036],[121.4933204,25.0286857],[121.4933501,25.0286902]]]}},{"type":"Feature","id":"dt_wsqqw3ecr","properties":{"id":"dt_wsqqw3ecr","status":"auto","conf":0.9787,"n_detections":2,"heading_deg":169.3,"length_m":4.17,"width_m":1.78,"corner":"SW","intersection_id":"TPS_01180","intersection_dist_m":10.6,"serves_from_bearing":169.3,"serves_to_bearing":79.3,"serves_quality":"good","lat":25.0573116,"lon":121.5691728,"confidence":"confirmed","source":"dieturn/yolo26s-obb_ep144@taipei_udd_ortho_2025","source_updated_at":"2026-09-05"},"geometry":{"type":"Polygon","coordinates":[[[121.5691853,25.0572945],[121.5691776,25.0573316],[121.5691602,25.0573286],[121.5691679,25.0572916],[121.5691853,25.0572945]]]}},{"type":"Feature","id":"dt_wsqqqx3th","properties":{"id":"dt_wsqqqx3th","status":"auto","conf":0.9779,"n_detections":1,"heading_deg":87.5,"length_m":3.25,"width_m":2.29,"corner":"NW","intersection_id":"TPS_00747","intersection_dist_m":13.0,"serves_from_bearing":267.5,"serves_to_bearing":177.5,"serves_quality":"good","lat":25.0455847,"lon":121.5769765,"confidence":"confirmed","source":"dieturn/yolo26s-obb_ep144@taipei_udd_ortho_2025","source_updated_at":"2026-09-05"},"geometry":{"type":"Polygon","coordinates":[[[121.5769931,25.0455751],[121.5769921,25.0455957],[121.57696,25.0455944],[121.576961,25.0455738],[121.5769931,25.0455751]]]}},{"type":"Feature","id":"dt_wsqqtdujn","properties":{"id":"dt_wsqqtdujn","status":"auto","conf":0.9778,"n_detections":1,"heading_deg":153.7,"length_m":3.17,"width_m":2.24,"corner":"SW","intersection_id":"TPS_00060","intersection_dist_m":19.8,"serves_from_bearing":153.7,"serves_to_bearing":63.7,"serves_quality":"good","lat":25.0648137,"lon":121.5365416,"confidence":"confirmed","source":"dieturn/yolo26s-obb_ep144@taipei_udd_ortho_2025","source_updated_at":"2026-09-05"},"geometry":{"type":"Polygon","coordinates":[[[121.5365586,25.0648053],[121.5365446,25.064831],[121.5365247,25.0648222],[121.5365387,25.0647965],[121.5365586,25.0648053]]]}},{"type":"Feature","id":"dt_wsqqw27mr","properties":{"id":"dt_wsqqw27mr","status":"auto","conf":0.9775,"n_detections":1,"heading_deg":89.2,"length_m":3.75,"width_m":2.06,"corner":"SE","intersection_id":"TPS_00096","intersection_dist_m":21.3,"serves_from_bearing":89.2,"serves_to_bearing":359.2,"serves_quality":"good","lat":25.0511381,"lon":121.5684942,"confidence":"confirmed","source":"dieturn/yolo26s-obb_ep144@taipei_udd_ortho_2025","source_updated_at":"2026-09-05"},"geometry":{"type":"Polygon","coordinates":[[[121.568513,25.051129],[121.5685127,25.0511477],[121.5684755,25.0511472],[121.5684757,25.0511285],[121.568513,25.051129]]]}},{"type":"Feature","id":"dt_wsqqqw9dh","properties":{"id":"dt_wsqqqw9dh","status":"auto","conf":0.9775,"n_detections":1,"heading_deg":89.1,"length_m":5.99,"width_m":2.16,"corner":"NW","intersection_id":"TPS_00655","intersection_dist_m":13.2,"serves_from_bearing":359.1,"serves_to_bearing":269.1,"serves_quality":"ambiguous","lat":25.0409423,"lon":121.5769654,"confidence":"confirmed","source":"dieturn/yolo26s-obb_ep144@taipei_udd_ortho_2025","source_updated_at":"2026-09-05"},"geometry":{"type":"Polygon","coordinates":[[[121.5769953,25.0409329],[121.576995,25.0409524],[121.5769355,25.0409516],[121.5769359,25.0409321],[121.5769953,25.0409329]]]}},{"type":"Feature","id":"dt_wsqqt179k","properties":{"id":"dt_wsqqt179k","status":"auto","conf":0.977,"n_detections":1,"heading_deg":165.8,"length_m":2.2,"width_m":2.02,"corner":"SW","intersection_id":"TPS_00197","intersection_dist_m":13.8,"serves_from_bearing":165.8,"serves_to_bearing":75.8,"serves_quality":"good","lat":25.0559101,"lon":121.5138094,"confidence":"confirmed","source":"dieturn/yolo26s-obb_ep144@taipei_udd_ortho_2025","source_updated_at":"2026-09-05"},"geometry":{"type":"Polygon","coordinates":[[[121.5138218,25.0559026],[121.5138165,25.0559219],[121.513797,25.0559176],[121.5138024,25.0558983],[121.5138218,25.0559026]]]}},{"type":"Feature","id":"dt_wsqquv91v","properties":{"id":"dt_wsqquv91v","status":"auto","conf":0.977,"n_detections":1,"heading_deg":165.9,"length_m":3.62,"width_m":2.32,"corner":"NE","intersection_id":"TPS_00545","intersection_dist_m":16.3,"serves_from_bearing":75.9,"serves_to_bearing":345.9,"serves_quality":"ambiguous","lat":25.1232936,"lon":121.4993991,"confidence":"confirmed","source":"dieturn/yolo26s-obb_ep144@taipei_udd_ortho_2025","source_updated_at":"2026-09-05"},"geometry":{"type":"Polygon","coordinates":[[[121.4994146,25.1232803],[121.4994059,25.123312],[121.4993836,25.123307],[121.4993923,25.1232753],[121.4994146,25.1232803]]]}},{"type":"Feature","id":"dt_wsqqtpwbp","properties":{"id":"dt_wsqqtpwbp","status":"auto","conf":0.9763,"n_detections":1,"heading_deg":93.1,"length_m":4.19,"width_m":2.59,"corner":"NW","intersection_id":"TPS_00788","intersection_dist_m":17.6,"serves_from_bearing":273.1,"serves_to_bearing":183.1,"serves_quality":"good","lat":25.0900598,"lon":121.518371,"confidence":"confirmed","source":"dieturn/yolo26s-obb_ep144@taipei_udd_ortho_2025","source_updated_at":"2026-09-05"},"geometry":{"type":"Polygon","coordinates":[[[121.5183911,25.0900471],[121.5183925,25.0900705],[121.518351,25.0900726],[121.5183495,25.0900492],[121.5183911,25.0900471]]]}},{"type":"Feature","id":"dt_wsqqmx68u","properties":{"id":"dt_wsqqmx68u","status":"auto","conf":0.9757,"n_detections":1,"heading_deg":78.3,"length_m":2.56,"width_m":2.49,"corner":"SW","intersection_id":"TPS_00328","intersection_dist_m":29.3,"serves_from_bearing":168.3,"serves_to_bearing":78.3,"serves_quality":"good","lat":25.0448708,"lon":121.5343758,"confidence":"confirmed","source":"dieturn/yolo26s-obb_ep144@taipei_udd_ortho_2025","source_updated_at":"2026-09-05"},"geometry":{"type":"Polygon","coordinates":[[[121.5343907,25.0448621],[121.5343857,25.0448841],[121.5343608,25.0448795],[121.5343659,25.0448574],[121.5343907,25.0448621]]]}},{"type":"Feature","id":"dt_wsqqqqxd8","properties":{"id":"dt_wsqqqqxd8","status":"auto","conf":0.9757,"n_detections":1,"heading_deg":89.3,"length_m":3.85,"width_m":2.22,"corner":"NW","intersection_id":"TPS_00657","intersection_dist_m":11.2,"serves_from_bearing":269.3,"serves_to_bearing":179.3,"serves_quality":"ambiguous","lat":25.0410275,"lon":121.5740257,"confidence":"confirmed","source":"dieturn/yolo26s-obb_ep144@taipei_udd_ortho_2025","source_updated_at":"2026-09-05"},"geometry":{"type":"Polygon","coordinates":[[[121.5740449,25.0410177],[121.5740446,25.0410378],[121.5740064,25.0410374],[121.5740068,25.0410173],[121.5740449,25.0410177]]]}},{"type":"Feature","id":"dt_wsqqkue21","properties":{"id":"dt_wsqqkue21","status":"auto","conf":0.9757,"n_detections":1,"heading_deg":79.3,"length_m":3.15,"width_m":2.39,"corner":"SE","intersection_id":"TPS_00827","intersection_dist_m":10.5,"serves_from_bearing":79.3,"serves_to_bearing":349.3,"serves_quality":"good","lat":25.029611,"lon":121.5023512,"confidence":"confirmed","source":"dieturn/yolo26s-obb_ep144@taipei_udd_ortho_2025","source_updated_at":"2026-09-05"},"geometry":{"type":"Polygon","coordinates":[[[121.5023687,25.029603],[121.5023643,25.0296243],[121.5023336,25.029619],[121.5023381,25.0295977],[121.5023687,25.029603]]]}},{"type":"Feature","id":"dt_wsqqmmr2y","properties":{"id":"dt_wsqqmmr2y","status":"auto","conf":0.9756,"n_detections":1,"heading_deg":94.8,"length_m":4.16,"width_m":2.35,"corner":"NE","intersection_id":"TPS_00315","intersection_dist_m":15.4,"serves_from_bearing":4.8,"serves_to_bearing":274.8,"serves_quality":"ambiguous","lat":25.0338638,"lon":121.5300003,"confidence":"confirmed","source":"dieturn/yolo26s-obb_ep144@taipei_udd_ortho_2025","source_updated_at":"2026-09-05"},"geometry":{"type":"Polygon","coordinates":[[[121.5300199,25.0338517],[121.5300219,25.0338728],[121.5299808,25.033876],[121.5299788,25.0338548],[121.5300199,25.0338517]]]}},{"type":"Feature","id":"dt_wsqqqtbn1","properties":{"id":"dt_wsqqqtbn1","status":"auto","conf":0.9755,"n_detections":1,"heading_deg":52.3,"length_m":3.35,"width_m":1.9,"corner":"NW","intersection_id":"TPS_00660","intersection_dist_m":10.1,"serves_from_bearing":232.3,"serves_to_bearing":142.3,"serves_quality":"good","lat":25.0375041,"lon":121.5747632,"confidence":"confirmed","source":"dieturn/yolo26s-obb_ep144@taipei_udd_ortho_2025","source_updated_at":"2026-09-05"},"geometry":{"type":"Polygon","coordinates":[[[121.5747822,25.0375066],[121.5747705,25.0375201],[121.5747442,25.0375016],[121.5747559,25.037488],[121.5747822,25.0375066]]]}},{"type":"Feature","id":"dt_wsqqrrn73","properties":{"id":"dt_wsqqrrn73","status":"auto","conf":0.9754,"n_detections":1,"heading_deg":152.2,"length_m":2.9,"width_m":1.79,"corner":"NE","intersection_id":"TPS_00266","intersection_dist_m":16.6,"serves_from_bearing":332.2,"serves_to_bearing":242.2,"serves_quality":"good","lat":25.0439062,"lon":121.6163132,"confidence":"confirmed","source":"dieturn/yolo26s-obb_ep144@taipei_udd_ortho_2025","source_updated_at":"2026-09-05"},"geometry":{"type":"Polygon","coordinates":[[[121.6163278,25.0438983],[121.6163144,25.0439216],[121.6162986,25.0439141],[121.616312,25.0438909],[121.6163278,25.0438983]]]}},{"type":"Feature","id":"dt_wsqqwu4gs","properties":{"id":"dt_wsqqwu4gs","status":"auto","conf":0.9753,"n_detections":1,"heading_deg":155.9,"length_m":2.72,"width_m":2.28,"corner":"SW","intersection_id":"TPS_00969","intersection_dist_m":14.5,"serves_from_bearing":155.9,"serves_to_bearing":65.9,"serves_quality":"good","lat":25.0714419,"lon":121.5896675,"confidence":"confirmed","source":"dieturn/yolo26s-obb_ep144@taipei_udd_ortho_2025","source_updated_at":"2026-09-05"},"geometry":{"type":"Polygon","coordinates":[[[121.5896833,25.0714348],[121.5896723,25.0714572],[121.5896516,25.0714489],[121.5896626,25.0714265],[121.5896833,25.0714348]]]}},{"type":"Feature","id":"dt_wsqqqr5xn","properties":{"id":"dt_wsqqqr5xn","status":"auto","conf":0.9748,"n_detections":1,"heading_deg":56.2,"length_m":3.92,"width_m":2.2,"corner":"NW","intersection_id":"TPS_00740","intersection_dist_m":16.5,"serves_from_bearing":326.2,"serves_to_bearing":236.2,"serves_quality":"good","lat":25.044572,"lon":121.5687897,"confidence":"confirmed","source":"dieturn/yolo26s-obb_ep144@taipei_udd_ortho_2025","source_updated_at":"2026-09-05"},"geometry":{"type":"Polygon","coordinates":[[[121.5688119,25.0445736],[121.5687997,25.0445901],[121.5687674,25.0445703],[121.5687796,25.0445539],[121.5688119,25.0445736]]]}},{"type":"Feature","id":"dt_wsqqtd2xp","properties":{"id":"dt_wsqqtd2xp","status":"auto","conf":0.9747,"n_detections":1,"heading_deg":87.7,"length_m":3.53,"width_m":2.42,"corner":"SE","intersection_id":"TPS_00678","intersection_dist_m":15.6,"serves_from_bearing":87.7,"serves_to_bearing":357.7,"serves_quality":"ambiguous","lat":25.0623896,"lon":121.5317569,"confidence":"confirmed","source":"dieturn/yolo26s-obb_ep144@taipei_udd_ortho_2025","source_updated_at":"2026-09-05"},"geometry":{"type":"Polygon","coordinates":[[[121.5317748,25.0623793],[121.5317739,25.0624011],[121.5317389,25.0623999],[121.5317399,25.062378],[121.5317748,25.0623793]]]}},{"type":"Feature","id":"dt_wsqqmtnr6","properties":{"id":"dt_wsqqmtnr6","status":"auto","conf":0.9746,"n_detections":1,"heading_deg":88.7,"length_m":2.41,"width_m":1.84,"corner":"NW","intersection_id":"TPS_00294","intersection_dist_m":16.7,"serves_from_bearing":268.7,"serves_to_bearing":178.7,"serves_quality":"good","lat":25.0336151,"lon":121.5394464,"confidence":"confirmed","source":"dieturn/yolo26s-obb_ep144@taipei_udd_ortho_2025","source_updated_at":"2026-09-05"},"geometry":{"type":"Polygon","coordinates":[[[121.5394586,25.033607],[121.5394582,25.0336237],[121.5394342,25.0336232],[121.5394347,25.0336065],[121.5394586,25.033607]]]}},{"type":"Feature","id":"dt_wsqqv2w40","properties":{"id":"dt_wsqqv2w40","status":"auto","conf":0.9739,"n_detections":1,"heading_deg":167.3,"length_m":3.6,"width_m":2.36,"corner":"NE","intersection_id":"TPS_00016","intersection_dist_m":16.4,"serves_from_bearing":347.3,"serves_to_bearing":257.3,"serves_quality":"good","lat":25.0958741,"lon":121.5280445,"confidence":"confirmed","source":"dieturn/yolo26s-obb_ep144@taipei_udd_ortho_2025","source_updated_at":"2026-09-05"},"geometry":{"type":"Polygon","coordinates":[[[121.5280599,25.0958605],[121.528052,25.0958923],[121.5280292,25.0958877],[121.528037,25.0958559],[121.5280599,25.0958605]]]}},{"type":"Feature","id":"dt_wsqqw0mys","properties":{"id":"dt_wsqqw0mys","status":"auto","conf":0.9739,"n_detections":1,"heading_deg":89.2,"length_m":4.04,"width_m":2.28,"corner":"SE","intersection_id":"TPS_00719","intersection_dist_m":17.0,"serves_from_bearing":89.2,"serves_to_bearing":359.2,"serves_quality":"good","lat":25.0513424,"lon":121.5608446,"confidence":"confirmed","source":"dieturn/yolo26s-obb_ep144@taipei_udd_ortho_2025","source_updated_at":"2026-09-05"},"geometry":{"type":"Polygon","coordinates":[[[121.5608648,25.0513323],[121.5608645,25.0513529],[121.5608244,25.0513524],[121.5608247,25.0513318],[121.5608648,25.0513323]]]}},{"type":"Feature","id":"dt_wsqqktn9x","properties":{"id":"dt_wsqqktn9x","status":"auto","conf":0.9736,"n_detections":1,"heading_deg":62.1,"length_m":2.59,"width_m":1.66,"corner":"SE","intersection_id":"TPS_00924","intersection_dist_m":12.7,"serves_from_bearing":62.1,"serves_to_bearing":332.1,"serves_quality":"good","lat":25.0326246,"lon":121.4960578,"confidence":"confirmed","source":"dieturn/yolo26s-obb_ep144@taipei_udd_ortho_2025","source_updated_at":"2026-09-05"},"geometry":{"type":"Polygon","coordinates":[[[121.496073,25.0326235],[121.4960652,25.0326367],[121.4960425,25.0326258],[121.4960504,25.0326125],[121.496073,25.0326235]]]}},{"type":"Feature","id":"dt_wsqqw3h2f","properties":{"id":"dt_wsqqw3h2f","status":"auto","conf":0.9735,"n_detections":2,"heading_deg":171.2,"length_m":3.41,"width_m":1.96,"corner":"SE","intersection_id":"TPS_01174","intersection_dist_m":10.4,"serves_from_bearing":81.2,"serves_to_bearing":351.2,"serves_quality":"good","lat":25.0544584,"lon":121.5696634,"confidence":"confirmed","source":"dieturn/yolo26s-obb_ep144@taipei_udd_ortho_2025","source_updated_at":"2026-09-05"},"geometry":{"type":"Polygon","coordinates":[[[121.5696755,25.0544445],[121.5696704,25.0544749],[121.5696512,25.0544723],[121.5696564,25.0544418],[121.5696755,25.0544445]]]}},{"type":"Feature","id":"dt_wsqqt645x","properties":{"id":"dt_wsqqt645x","status":"auto","conf":0.9734,"n_detections":1,"heading_deg":89.9,"length_m":5.45,"width_m":2.47,"corner":"NW","intersection_id":"TPS_00324","intersection_dist_m":15.1,"serves_from_bearing":269.9,"serves_to_bearing":179.9,"serves_quality":"good","lat":25.0604222,"lon":121.5228446,"confidence":"confirmed","source":"dieturn/yolo26s-obb_ep144@taipei_udd_ortho_2025","source_updated_at":"2026-09-05"},"geometry":{"type":"Polygon","coordinates":[[[121.5228717,25.060411],[121.5228716,25.0604334],[121.5228176,25.0604333],[121.5228176,25.0604109],[121.5228717,25.060411]]]}},{"type":"Feature","id":"dt_wsqqtyqe8","properties":{"id":"dt_wsqqtyqe8","status":"auto","conf":0.9731,"n_detections":1,"heading_deg":9.2,"length_m":3.14,"width_m":2.2,"corner":"SW","intersection_id":"TPS_00891","intersection_dist_m":14.1,"serves_from_bearing":189.2,"serves_to_bearing":99.2,"serves_quality":"good","lat":25.0837784,"lon":121.5506929,"confidence":"confirmed","source":"dieturn/yolo26s-obb_ep144@taipei_udd_ortho_2025","source_updated_at":"2026-09-05"},"geometry":{"type":"Polygon","coordinates":[[[121.5507012,25.0837629],[121.5507062,25.0837909],[121.5506846,25.083794],[121.5506797,25.083766],[121.5507012,25.0837629]]]}},{"type":"Feature","id":"dt_wsqqmne4k","properties":{"id":"dt_wsqqmne4k","status":"auto","conf":0.973,"n_detections":1,"heading_deg":94.1,"length_m":4.59,"width_m":2.57,"corner":"SE","intersection_id":"TPS_02249","intersection_dist_m":9.5,"serves_from_bearing":94.1,"serves_to_bearing":4.1,"serves_quality":"good","lat":25.0409771,"lon":121.5131073,"confidence":"confirmed","source":"dieturn/yolo26s-obb_ep144@taipei_udd_ortho_2025","source_updated_at":"2026-09-05"},"geometry":{"type":"Polygon","coordinates":[[[121.513129,25.040964],[121.5131309,25.0409872],[121.5130855,25.0409902],[121.5130836,25.040967],[121.513129,25.040964]]]}},{"type":"Feature","id":"dt_wsqqqx2t3","properties":{"id":"dt_wsqqqx2t3","status":"auto","conf":0.9729,"n_detections":1,"heading_deg":88.7,"length_m":3.18,"width_m":2.49,"corner":"NW","intersection_id":"TPS_00741","intersection_dist_m":11.3,"serves_from_bearing":268.7,"serves_to_bearing":178.7,"serves_quality":"ambiguous","lat":25.0456137,"lon":121.5754631,"confidence":"confirmed","source":"dieturn/yolo26s-obb_ep144@taipei_udd_ortho_2025","source_updated_at":"2026-09-05"},"geometry":{"type":"Polygon","coordinates":[[[121.5754791,25.0456028],[121.5754786,25.0456253],[121.5754471,25.0456246],[121.5754476,25.0456021],[121.5754791,25.0456028]]]}},{"type":"Feature","id":"dt_wsqqtvxmq","properties":{"id":"dt_wsqqtvxmq","status":"auto","conf":0.9729,"n_detections":1,"heading_deg":161.4,"length_m":4.36,"width_m":2.37,"corner":"SW","intersection_id":"TPS_00893","intersection_dist_m":12.8,"serves_from_bearing":251.4,"serves_to_bearing":161.4,"serves_quality":"ambiguous","lat":25.079964,"lon":121.5519813,"confidence":"confirmed","source":"dieturn/yolo26s-obb_ep144@taipei_udd_ortho_2025","source_updated_at":"2026-09-05"},"geometry":{"type":"Polygon","coordinates":[[[121.5519993,25.0799487],[121.5519855,25.079986],[121.5519632,25.0799793],[121.5519771,25.0799419],[121.5519993,25.0799487]]]}},{"type":"Feature","id":"dt_wsqqqxkkp","properties":{"id":"dt_wsqqqxkkp","status":"auto","conf":0.9727,"n_detections":1,"heading_deg":163.9,"length_m":4.14,"width_m":2.44,"corner":"NE","intersection_id":"TPS_00149","intersection_dist_m":15.7,"serves_from_bearing":343.9,"serves_to_bearing":253.9,"serves_quality":"good","lat":25.0454291,"lon":121.5808517,"confidence":"confirmed","source":"dieturn/yolo26s-obb_ep144@taipei_udd_ortho_2025","source_updated_at":"2026-09-05"},"geometry":{"type":"Polygon","coordinates":[[[121.580869,25.0454141],[121.5808576,25.0454501],[121.5808343,25.045444],[121.5808457,25.0454081],[121.580869,25.0454141]]]}},{"type":"Feature","id":"dt_wsqqtce70","properties":{"id":"dt_wsqqtce70","status":"auto","conf":0.9727,"n_detections":1,"heading_deg":86.2,"length_m":2.77,"width_m":2.17,"corner":"SE","intersection_id":"TPS_00240","intersection_dist_m":15.0,"serves_from_bearing":176.2,"serves_to_bearing":86.2,"serves_quality":"ambiguous","lat":25.0575956,"lon":121.5462383,"confidence":"confirmed","source":"dieturn/yolo26s-obb_ep144@taipei_udd_ortho_2025","source_updated_at":"2026-09-05"},"geometry":{"type":"Polygon","coordinates":[[[121.5462527,25.0575867],[121.5462513,25.0576063],[121.5462239,25.0576046],[121.5462254,25.057585],[121.5462527,25.0575867]]]}},{"type":"Feature","id":"dt_wsqqth7s1","properties":{"id":"dt_wsqqth7s1","status":"auto","conf":0.9727,"n_detections":1,"heading_deg":174.4,"length_m":3.73,"width_m":2.3,"corner":"SW","intersection_id":"TPS_00686","intersection_dist_m":15.1,"serves_from_bearing":174.4,"serves_to_bearing":84.4,"serves_quality":"ambiguous","lat":25.0728925,"lon":121.5136681,"confidence":"confirmed","source":"dieturn/yolo26s-obb_ep144@taipei_udd_ortho_2025","source_updated_at":"2026-09-05"},"geometry":{"type":"Polygon","coordinates":[[[121.5136812,25.0728767],[121.5136776,25.0729103],[121.5136549,25.0729083],[121.5136585,25.0728747],[121.5136812,25.0728767]]]}},{"type":"Feature","id":"dt_wsqqugyyt","properties":{"id":"dt_wsqqugyyt","status":"auto","conf":0.9725,"n_detections":1,"heading_deg":139.2,"length_m":3.25,"width_m":2.77,"corner":"NE","intersection_id":"TPS_00883","intersection_dist_m":19.4,"serves_from_bearing":319.2,"serves_to_bearing":229.2,"serves_quality":"good","lat":25.1145221,"lon":121.5072972,"confidence":"confirmed","source":"dieturn/yolo26s-obb_ep144@taipei_udd_ortho_2025","source_updated_at":"2026-09-05"},"geometry":{"type":"Polygon","coordinates":[[[121.5073181,25.1145191],[121.5072971,25.1145413],[121.5072762,25.1145251],[121.5072972,25.1145028],[121.5073181,25.1145191]]]}},{"type":"Feature","id":"dt_wsqqv2kxz","properties":{"id":"dt_wsqqv2kxz","status":"auto","conf":0.9724,"n_detections":1,"heading_deg":76.2,"length_m":2.99,"width_m":2.4,"corner":"NW","intersection_id":"TPS_01080","intersection_dist_m":12.5,"serves_from_bearing":346.2,"serves_to_bearing":256.2,"serves_quality":"good","lat":25.0955169,"lon":121.5262957,"confidence":"confirmed","source":"dieturn/yolo26s-obb_ep144@taipei_udd_ortho_2025","source_updated_at":"2026-09-05"},"geometry":{"type":"Polygon","coordinates":[[[121.5263129,25.0955096],[121.5263072,25.0955306],[121.5262784,25.0955242],[121.5262842,25.0955031],[121.5263129,25.0955096]]]}},{"type":"Feature","id":"dt_wsqqqrrte","properties":{"id":"dt_wsqqqrrte","status":"auto","conf":0.9723,"n_detections":1,"heading_deg":87.7,"length_m":2.9,"width_m":2.46,"corner":"NW","intersection_id":"TPS_00738","intersection_dist_m":14.2,"serves_from_bearing":357.7,"serves_to_bearing":267.7,"serves_quality":"ambiguous","lat":25.0456626,"lon":121.5741867,"confidence":"confirmed","source":"dieturn/yolo26s-obb_ep144@taipei_udd_ortho_2025","source_updated_at":"2026-09-05"},"geometry":{"type":"Polygon","coordinates":[[[121.5742016,25.045652],[121.5742006,25.0456743],[121.5741719,25.0456732],[121.5741729,25.045651],[121.5742016,25.045652]]]}},{"type":"Feature","id":"dt_wsqqmz8md","properties":{"id":"dt_wsqqmz8md","status":"auto","conf":0.9719,"n_detections":1,"heading_deg":75.4,"length_m":5.51,"width_m":2.58,"corner":"SE","intersection_id":"TPS_00065","intersection_dist_m":33.4,"serves_from_bearing":75.4,"serves_to_bearing":345.4,"serves_quality":"good","lat":25.0470677,"lon":121.5421853,"confidence":"confirmed","source":"dieturn/yolo26s-obb_ep144@taipei_udd_ortho_2025","source_updated_at":"2026-09-05"},"geometry":{"type":"Polygon","coordinates":[[[121.542215,25.0470627],[121.5422084,25.0470852],[121.5421555,25.0470727],[121.5421621,25.0470501],[121.542215,25.0470627]]]}},{"type":"Feature","id":"dt_wsqqt3jeb","properties":{"id":"dt_wsqqt3jeb","status":"auto","conf":0.9717,"n_detections":1,"heading_deg":88.6,"length_m":6.03,"width_m":2.61,"corner":"NW","intersection_id":"TPS_00699","intersection_dist_m":20.3,"serves_from_bearing":268.6,"serves_to_bearing":178.6,"serves_quality":"good","lat":25.0549899,"lon":121.527371,"confidence":"confirmed","source":"dieturn/yolo26s-obb_ep144@taipei_udd_ortho_2025","source_updated_at":"2026-09-05"},"geometry":{"type":"Polygon","coordinates":[[[121.5274012,25.0549788],[121.5274006,25.0550024],[121.5273408,25.055001],[121.5273415,25.0549775],[121.5274012,25.0549788]]]}},{"type":"Feature","id":"dt_wsqqmzzgg","properties":{"id":"dt_wsqqmzzgg","status":"auto","conf":0.9716,"n_detections":1,"heading_deg":85.7,"length_m":2.89,"width_m":2.05,"corner":"SW","intersection_id":"TPS_00074","intersection_dist_m":10.7,"serves_from_bearing":175.7,"serves_to_bearing":85.7,"serves_quality":"good","lat":25.0481077,"lon":121.5525497,"confidence":"confirmed","source":"dieturn/yolo26s-obb_ep144@taipei_udd_ortho_2025","source_updated_at":"2026-09-05"},"geometry":{"type":"Polygon","coordinates":[[[121.5525648,25.0480994],[121.5525633,25.0481179],[121.5525347,25.048116],[121.5525362,25.0480975],[121.5525648,25.0480994]]]}},{"type":"Feature","id":"dt_wsqqqw61r","properties":{"id":"dt_wsqqqw61r","status":"auto","conf":0.9716,"n_detections":1,"heading_deg":164.1,"length_m":3.88,"width_m":1.81,"corner":"SW","intersection_id":"TPS_00656","intersection_dist_m":15.0,"serves_from_bearing":164.1,"serves_to_bearing":74.1,"serves_quality":"good","lat":25.0394472,"lon":121.5777928,"confidence":"confirmed","source":"dieturn/yolo26s-obb_ep144@taipei_udd_ortho_2025","source_updated_at":"2026-09-05"},"geometry":{"type":"Polygon","coordinates":[[[121.5778067,25.0394325],[121.5777962,25.0394663],[121.5777789,25.0394619],[121.5777894,25.0394281],[121.5778067,25.0394325]]]}},{"type":"Feature","id":"dt_wsqqvch3d","properties":{"id":"dt_wsqqvch3d","status":"auto","conf":0.9715,"n_detections":1,"heading_deg":57.7,"length_m":2.86,"width_m":2.44,"corner":"SE","intersection_id":"TPS_00425","intersection_dist_m":10.2,"serves_from_bearing":57.7,"serves_to_bearing":327.7,"serves_quality":"good","lat":25.0985386,"lon":121.5476797,"confidence":"confirmed","source":"dieturn/yolo26s-obb_ep144@taipei_udd_ortho_2025","source_updated_at":"2026-09-05"},"geometry":{"type":"Polygon","coordinates":[[[121.5476982,25.0985363],[121.5476851,25.0985548],[121.5476612,25.098541],[121.5476743,25.0985225],[121.5476982,25.0985363]]]}},{"type":"Feature","id":"dt_wsqqqxs6m","properties":{"id":"dt_wsqqqxs6m","status":"auto","conf":0.9715,"n_detections":1,"heading_deg":177.7,"length_m":3.19,"width_m":2.01,"corner":"NE","intersection_id":"TPS_00745","intersection_dist_m":11.7,"serves_from_bearing":357.7,"serves_to_bearing":267.7,"serves_quality":"good","lat":25.0465084,"lon":121.5807843,"confidence":"confirmed","source":"dieturn/yolo26s-obb_ep144@taipei_udd_ortho_2025","source_updated_at":"2026-09-05"},"geometry":{"type":"Polygon","coordinates":[[[121.5807949,25.0464944],[121.5807936,25.0465232],[121.5807737,25.0465225],[121.5807749,25.0464937],[121.5807949,25.0464944]]]}},{"type":"Feature","id":"dt_wsqqmv0p4","properties":{"id":"dt_wsqqmv0p4","status":"auto","conf":0.9714,"n_detections":1,"heading_deg":89.3,"length_m":4.15,"width_m":2.28,"corner":"NW","intersection_id":"TPS_00297","intersection_dist_m":16.4,"serves_from_bearing":269.3,"serves_to_bearing":179.3,"serves_quality":"good","lat":25.0335663,"lon":121.5418641,"confidence":"confirmed","source":"dieturn/yolo26s-obb_ep144@taipei_udd_ortho_2025","source_updated_at":"2026-09-05"},"geometry":{"type":"Polygon","coordinates":[[[121.5418848,25.0335562],[121.5418846,25.0335769],[121.5418434,25.0335764],[121.5418437,25.0335557],[121.5418848,25.0335562]]]}},{"type":"Feature","id":"dt_wsqqwt342","properties":{"id":"dt_wsqqwt342","status":"auto","conf":0.9714,"n_detections":1,"heading_deg":27.9,"length_m":3.55,"width_m":1.84,"corner":"NE","intersection_id":"TPS_00522","intersection_dist_m":10.7,"serves_from_bearing":27.9,"serves_to_bearing":297.9,"serves_quality":"good","lat":25.0780722,"lon":121.5761161,"confidence":"confirmed","source":"dieturn/yolo26s-obb_ep144@taipei_udd_ortho_2025","source_updated_at":"2026-09-05"},"geometry":{"type":"Polygon","coordinates":[[[121.5761159,25.0780542],[121.5761324,25.0780826],[121.5761163,25.0780903],[121.5760998,25.0780619],[121.5761159,25.0780542]]]}},{"type":"Feature","id":"dt_wsqqv1zu9","properties":{"id":"dt_wsqqv1zu9","status":"auto","conf":0.9714,"n_detections":1,"heading_deg":149.7,"length_m":4.53,"width_m":2.91,"corner":"SW","intersection_id":"TPS_00561","intersection_dist_m":15.9,"serves_from_bearing":149.7,"serves_to_bearing":59.7,"serves_quality":"good","lat":25.1031892,"lon":121.5195021,"confidence":"confirmed","source":"dieturn/yolo26s-obb_ep144@taipei_udd_ortho_2025","source_updated_at":"2026-09-05"},"geometry":{"type":"Polygon","coordinates":[[[121.5195259,25.1031781],[121.5195033,25.1032134],[121.5194783,25.1032002],[121.519501,25.1031649],[121.5195259,25.1031781]]]}},{"type":"Feature","id":"dt_wsqqw4mqw","properties":{"id":"dt_wsqqw4mqw","status":"auto","conf":0.9714,"n_detections":2,"heading_deg":80.2,"length_m":3.72,"width_m":2.19,"corner":"NE","intersection_id":"TPS_01193","intersection_dist_m":13.1,"serves_from_bearing":80.2,"serves_to_bearing":350.2,"serves_quality":"ambiguous","lat":25.0623062,"lon":121.5602055,"confidence":"confirmed","source":"dieturn/yolo26s-obb_ep144@taipei_udd_ortho_2025","source_updated_at":"2026-09-05"},"geometry":{"type":"Polygon","coordinates":[[[121.5602255,25.0622993],[121.5602218,25.0623188],[121.5601854,25.0623131],[121.5601891,25.0622936],[121.5602255,25.0622993]]]}},{"type":"Feature","id":"dt_wsqqqrcmq","properties":{"id":"dt_wsqqqrcmq","status":"auto","conf":0.9712,"n_detections":2,"heading_deg":69.3,"length_m":3.42,"width_m":2.23,"corner":"NE","intersection_id":"TPS_02460","intersection_dist_m":27.4,"serves_from_bearing":339.3,"serves_to_bearing":249.3,"serves_quality":"good","lat":25.0483844,"lon":121.5656954,"confidence":"confirmed","source":"dieturn/yolo26s-obb_ep144@taipei_udd_ortho_2025","source_updated_at":"2026-09-05"},"geometry":{"type":"Polygon","coordinates":[[[121.5657152,25.0483805],[121.5657073,25.0483993],[121.5656756,25.0483884],[121.5656835,25.0483696],[121.5657152,25.0483805]]]}},{"type":"Feature","id":"dt_wsqqw9gfq","properties":{"id":"dt_wsqqw9gfq","status":"auto","conf":0.9711,"n_detections":1,"heading_deg":149.3,"length_m":4.01,"width_m":2.31,"corner":"SW","intersection_id":"TPS_00364","intersection_dist_m":18.8,"serves_from_bearing":239.3,"serves_to_bearing":149.3,"serves_quality":"good","lat":25.0588378,"lon":121.5801341,"confidence":"confirmed","source":"dieturn/yolo26s-obb_ep144@taipei_udd_ortho_2025","source_updated_at":"2026-09-05"},"geometry":{"type":"Polygon","coordinates":[[[121.5801541,25.0588275],[121.5801339,25.0588587],[121.5801141,25.0588481],[121.5801344,25.058817],[121.5801541,25.0588275]]]}},{"type":"Feature","id":"dt_wsqqv27mz","properties":{"id":"dt_wsqqv27mz","status":"auto","conf":0.9711,"n_detections":1,"heading_deg":76.8,"length_m":6.72,"width_m":2.4,"corner":"NW","intersection_id":"TPS_00890","intersection_dist_m":14.2,"serves_from_bearing":256.8,"serves_to_bearing":166.8,"serves_quality":"good","lat":25.0951343,"lon":121.5245475,"confidence":"confirmed","source":"dieturn/yolo26s-obb_ep144@taipei_udd_ortho_2025","source_updated_at":"2026-09-05"},"geometry":{"type":"Polygon","coordinates":[[[121.5245827,25.0951306],[121.5245771,25.0951518],[121.5245123,25.0951379],[121.5245178,25.0951168],[121.5245827,25.0951306]]]}},{"type":"Feature","id":"dt_wsqqmh4uw","properties":{"id":"dt_wsqqmh4uw","status":"auto","conf":0.9706,"n_detections":1,"heading_deg":97.3,"length_m":2.87,"width_m":1.92,"corner":"NW","intersection_id":"TPS_00554","intersection_dist_m":13.1,"serves_from_bearing":277.3,"serves_to_bearing":187.3,"serves_quality":"ambiguous","lat":25.0276665,"lon":121.5128331,"confidence":"confirmed","source":"dieturn/yolo26s-obb_ep144@taipei_udd_ortho_2025","source_updated_at":"2026-09-05"},"geometry":{"type":"Polygon","coordinates":[[[121.512846,25.0276563],[121.5128485,25.0276735],[121.5128202,25.0276768],[121.5128178,25.0276595],[121.512846,25.0276563]]]}},{"type":"Feature","id":"dt_wsqqmwkv3","properties":{"id":"dt_wsqqmwkv3","status":"auto","conf":0.9706,"n_detections":1,"heading_deg":167.1,"length_m":3.9,"width_m":2.45,"corner":"SW","intersection_id":"TPS_01393","intersection_dist_m":7.9,"serves_from_bearing":257.1,"serves_to_bearing":167.1,"serves_quality":"ambiguous","lat":25.0401426,"lon":121.5373641,"confidence":"confirmed","source":"dieturn/yolo26s-obb_ep144@taipei_udd_ortho_2025","source_updated_at":"2026-09-05"},"geometry":{"type":"Polygon","coordinates":[[[121.5373802,25.0401278],[121.5373716,25.0401622],[121.5373479,25.0401573],[121.5373566,25.040123],[121.5373802,25.0401278]]]}},{"type":"Feature","id":"dt_wsqqt0d6u","properties":{"id":"dt_wsqqt0d6u","status":"auto","conf":0.9706,"n_detections":1,"heading_deg":34.3,"length_m":5.16,"width_m":2.19,"corner":"NE","intersection_id":"TPS_01586","intersection_dist_m":20.6,"serves_from_bearing":34.3,"serves_to_bearing":304.3,"serves_quality":"good","lat":25.0520884,"lon":121.5120543,"confidence":"confirmed","source":"dieturn/yolo26s-obb_ep144@taipei_udd_ortho_2025","source_updated_at":"2026-09-05"},"geometry":{"type":"Polygon","coordinates":[[[121.5120489,25.0520636],[121.5120777,25.0521021],[121.5120597,25.0521132],[121.5120308,25.0520747],[121.5120489,25.0520636]]]}},{"type":"Feature","id":"dt_wsqqqrrsh","properties":{"id":"dt_wsqqqrrsh","status":"auto","conf":0.9705,"n_detections":1,"heading_deg":87.9,"length_m":2.79,"width_m":2.08,"corner":"SE","intersection_id":"TPS_00738","intersection_dist_m":12.4,"serves_from_bearing":87.9,"serves_to_bearing":357.9,"serves_quality":"ambiguous","lat":25.0454232,"lon":121.5742067,"confidence":"confirmed","source":"dieturn/yolo26s-obb_ep144@taipei_udd_ortho_2025","source_updated_at":"2026-09-05"},"geometry":{"type":"Polygon","coordinates":[[[121.5742209,25.0454143],[121.5742201,25.0454331],[121.5741925,25.0454322],[121.5741933,25.0454134],[121.5742209,25.0454143]]]}},{"type":"Feature","id":"dt_wsqqwdju4","properties":{"id":"dt_wsqqwdju4","status":"auto","conf":0.9705,"n_detections":1,"heading_deg":53.5,"length_m":3.01,"width_m":2.11,"corner":"SE","intersection_id":"TPS_00898","intersection_dist_m":10.8,"serves_from_bearing":53.5,"serves_to_bearing":323.5,"serves_quality":"ambiguous","lat":25.0605208,"lon":121.5827271,"confidence":"confirmed","source":"dieturn/yolo26s-obb_ep144@taipei_udd_ortho_2025","source_updated_at":"2026-09-05"},"geometry":{"type":"Polygon","coordinates":[[[121.5827454,25.0605213],[121.5827329,25.0605365],[121.5827089,25.0605203],[121.5827215,25.0605051],[121.5827454,25.0605213]]]}},{"type":"Feature","id":"dt_wsqqw6fzq","properties":{"id":"dt_wsqqw6fzq","status":"auto","conf":0.9705,"n_detections":1,"heading_deg":169.4,"length_m":3.42,"width_m":2.01,"corner":"SW","intersection_id":"TPS_02364","intersection_dist_m":27.0,"serves_from_bearing":169.4,"serves_to_bearing":79.4,"serves_quality":"good","lat":25.0652115,"lon":121.5677962,"confidence":"confirmed","source":"dieturn/yolo26s-obb_ep144@taipei_udd_ortho_2025","source_updated_at":"2026-09-05"},"geometry":{"type":"Polygon","coordinates":[[[121.5678091,25.065198],[121.5678029,25.0652283],[121.5677833,25.0652251],[121.5677895,25.0651947],[121.5678091,25.065198]]]}},{"type":"Feature","id":"dt_wsqqv3dk7","properties":{"id":"dt_wsqqv3dk7","status":"auto","conf":0.9704,"n_detections":1,"heading_deg":77.1,"length_m":3.03,"width_m":2.49,"corner":"SE","intersection_id":"TPS_00560","intersection_dist_m":17.8,"serves_from_bearing":77.1,"serves_to_bearing":347.1,"serves_quality":"ambiguous","lat":25.1017584,"lon":121.5230086,"confidence":"confirmed","source":"dieturn/yolo26s-obb_ep144@taipei_udd_ortho_2025","source_updated_at":"2026-09-05"},"geometry":{"type":"Polygon","coordinates":[[[121.523026,25.1017505],[121.5230204,25.1017724],[121.5229911,25.1017663],[121.5229967,25.1017443],[121.523026,25.1017505]]]}},{"type":"Feature","id":"dt_wsqqkv448","properties":{"id":"dt_wsqqkv448","status":"auto","conf":0.9704,"n_detections":1,"heading_deg":85.1,"length_m":6.18,"width_m":2.65,"corner":"SE","intersection_id":"TPS_00928","intersection_dist_m":20.2,"serves_from_bearing":85.1,"serves_to_bearing":355.1,"serves_quality":"ambiguous","lat":25.0328031,"lon":121.5005538,"confidence":"confirmed","source":"dieturn/yolo26s-obb_ep144@taipei_udd_ortho_2025","source_updated_at":"2026-09-05"},"geometry":{"type":"Polygon","coordinates":[[[121.5005855,25.0327936],[121.5005832,25.0328175],[121.5005222,25.0328127],[121.5005244,25.0327887],[121.5005855,25.0327936]]]}},{"type":"Feature","id":"dt_wsqqks7k9","properties":{"id":"dt_wsqqks7k9","status":"auto","conf":0.9703,"n_detections":1,"heading_deg":49.4,"length_m":4.13,"width_m":2.11,"corner":"SW","intersection_id":"TPS_00085","intersection_dist_m":20.6,"serves_from_bearing":139.4,"serves_to_bearing":49.4,"serves_quality":"good","lat":25.029042,"lon":121.4913629,"confidence":"confirmed","source":"dieturn/yolo26s-obb_ep144@taipei_udd_ortho_2025","source_updated_at":"2026-09-05"},"geometry":{"type":"Polygon","coordinates":[[[121.4913852,25.0290469],[121.4913715,25.0290613],[121.4913405,25.029037],[121.4913542,25.0290227],[121.4913852,25.0290469]]]}},{"type":"Feature","id":"dt_wsqqwe0h5","properties":{"id":"dt_wsqqwe0h5","status":"auto","conf":0.9703,"n_detections":1,"heading_deg":68.4,"length_m":4.65,"width_m":2.53,"corner":"NW","intersection_id":"TPS_00754","intersection_dist_m":14.6,"serves_from_bearing":248.4,"serves_to_bearing":158.4,"serves_quality":"good","lat":25.0660128,"lon":121.5748698,"confidence":"confirmed","source":"dieturn/yolo26s-obb_ep144@taipei_udd_ortho_2025","source_updated_at":"2026-09-05"},"geometry":{"type":"Polygon","coordinates":[[[121.5748959,25.0660099],[121.5748866,25.0660311],[121.5748437,25.0660156],[121.5748531,25.0659944],[121.5748959,25.0660099]]]}},{"type":"Feature","id":"dt_wsqqxnp1r","properties":{"id":"dt_wsqqxnp1r","status":"auto","conf":0.9703,"n_detections":1,"heading_deg":151.9,"length_m":3.65,"width_m":2.26,"corner":"NE","intersection_id":"TPS_00839","intersection_dist_m":13.3,"serves_from_bearing":61.9,"serves_to_bearing":331.9,"serves_quality":"good","lat":25.0820066,"lon":121.6066302,"confidence":"confirmed","source":"dieturn/yolo26s-obb_ep144@taipei_udd_ortho_2025","source_updated_at":"2026-09-05"},"geometry":{"type":"Polygon","coordinates":[[[121.6066486,25.0819968],[121.6066316,25.0820259],[121.6066118,25.0820164],[121.6066288,25.0819873],[121.6066486,25.0819968]]]}},{"type":"Feature","id":"dt_wsqqw2bpd","properties":{"id":"dt_wsqqw2bpd","status":"auto","conf":0.9702,"n_detections":1,"heading_deg":84.2,"length_m":5.36,"width_m":2.74,"corner":"NW","intersection_id":"TPS_00216","intersection_dist_m":12.0,"serves_from_bearing":264.2,"serves_to_bearing":174.2,"serves_quality":"good","lat":25.0542697,"lon":121.5638101,"confidence":"confirmed","source":"dieturn/yolo26s-obb_ep144@taipei_udd_ortho_2025","source_updated_at":"2026-09-05"},"geometry":{"type":"Polygon","coordinates":[[[121.5638379,25.0542598],[121.5638351,25.0542845],[121.5637823,25.0542796],[121.5637851,25.0542549],[121.5638379,25.0542598]]]}},{"type":"Feature","id":"dt_wsqqjtxn0","properties":{"id":"dt_wsqqjtxn0","status":"auto","conf":0.9702,"n_detections":1,"heading_deg":19.8,"length_m":2.75,"width_m":2.2,"corner":"NW","intersection_id":"TPS_01051","intersection_dist_m":13.9,"serves_from_bearing":289.8,"serves_to_bearing":199.8,"serves_quality":"ambiguous","lat":24.9921845,"lon":121.5403889,"confidence":"confirmed","source":"dieturn/yolo26s-obb_ep144@taipei_udd_ortho_2025","source_updated_at":"2026-09-05"},"geometry":{"type":"Polygon","coordinates":[[[121.5403945,24.9921695],[121.5404037,24.9921929],[121.5403832,24.9921995],[121.540374,24.9921761],[121.5403945,24.9921695]]]}},{"type":"Feature","id":"dt_wsqqm5v6n","properties":{"id":"dt_wsqqm5v6n","status":"auto","conf":0.9701,"n_detections":1,"heading_deg":78.9,"length_m":5.78,"width_m":3.31,"corner":"NW","intersection_id":"TPS_00491","intersection_dist_m":21.4,"serves_from_bearing":258.9,"serves_to_bearing":168.9,"serves_quality":"good","lat":25.0258474,"lon":121.5162652,"confidence":"confirmed","source":"dieturn/yolo26s-obb_ep144@taipei_udd_ortho_2025","source_updated_at":"2026-09-05"},"geometry":{"type":"Polygon","coordinates":[[[121.5162965,25.0258377],[121.5162901,25.0258671],[121.5162339,25.025857],[121.5162402,25.0258277],[121.5162965,25.0258377]]]}},{"type":"Feature","id":"dt_wsqqtb84w","properties":{"id":"dt_wsqqtb84w","status":"auto","conf":0.9701,"n_detections":1,"heading_deg":87.6,"length_m":3.18,"width_m":2.21,"corner":"NW","intersection_id":"TPS_00626","intersection_dist_m":16.1,"serves_from_bearing":267.6,"serves_to_bearing":177.6,"serves_quality":"good","lat":25.0520262,"lon":121.5420205,"confidence":"confirmed","source":"dieturn/yolo26s-obb_ep144@taipei_udd_ortho_2025","source_updated_at":"2026-09-05"},"geometry":{"type":"Polygon","coordinates":[[[121.5420367,25.0520168],[121.5420358,25.0520368],[121.5420043,25.0520356],[121.5420052,25.0520156],[121.5420367,25.0520168]]]}},{"type":"Feature","id":"dt_wsqqx2exd","properties":{"id":"dt_wsqqx2exd","status":"auto","conf":0.9701,"n_detections":1,"heading_deg":80.5,"length_m":2.81,"width_m":2.14,"corner":"NW","intersection_id":"TPS_00877","intersection_dist_m":11.2,"serves_from_bearing":260.5,"serves_to_bearing":170.5,"serves_quality":"good","lat":25.0528688,"lon":121.6125736,"confidence":"confirmed","source":"dieturn/yolo26s-obb_ep144@taipei_udd_ortho_2025","source_updated_at":"2026-09-05"},"geometry":{"type":"Polygon","coordinates":[[[121.6125891,25.0528614],[121.6125855,25.0528805],[121.612558,25.0528763],[121.6125616,25.0528572],[121.6125891,25.0528614]]]}},{"type":"Feature","id":"dt_wsqqt7tdp","properties":{"id":"dt_wsqqt7tdp","status":"auto","conf":0.9701,"n_detections":1,"heading_deg":89.7,"length_m":4.74,"width_m":2.55,"corner":"SE","intersection_id":"TPS_01222","intersection_dist_m":6.7,"serves_from_bearing":89.7,"serves_to_bearing":359.7,"serves_quality":"ambiguous","lat":25.0684165,"lon":121.5276668,"confidence":"confirmed","source":"dieturn/yolo26s-obb_ep144@taipei_udd_ortho_2025","source_updated_at":"2026-09-05"},"geometry":{"type":"Polygon","coordinates":[[[121.5276904,25.0684051],[121.5276903,25.0684282],[121.5276432,25.0684279],[121.5276434,25.0684049],[121.5276904,25.0684051]]]}},{"type":"Feature","id":"dt_wsqqwdjsy","properties":{"id":"dt_wsqqwdjsy","status":"auto","conf":0.9699,"n_detections":1,"heading_deg":51.5,"length_m":3.15,"width_m":1.77,"corner":"NW","intersection_id":"TPS_00898","intersection_dist_m":12.1,"serves_from_bearing":231.5,"serves_to_bearing":141.5,"serves_quality":"good","lat":25.0606529,"lon":121.5825551,"confidence":"confirmed","source":"dieturn/yolo26s-obb_ep144@taipei_udd_ortho_2025","source_updated_at":"2026-09-05"},"geometry":{"type":"Polygon","coordinates":[[[121.5825728,25.0606555],[121.5825618,25.060668],[121.5825373,25.0606502],[121.5825484,25.0606378],[121.5825728,25.0606555]]]}},{"type":"Feature","id":"dt_wsqqw3489","properties":{"id":"dt_wsqqw3489","status":"auto","conf":0.9698,"n_detections":1,"heading_deg":85.5,"length_m":5.36,"width_m":2.28,"corner":"NW","intersection_id":"TPS_00027","intersection_dist_m":12.9,"serves_from_bearing":265.5,"serves_to_bearing":175.5,"serves_quality":"good","lat":25.0544275,"lon":121.5672328,"confidence":"confirmed","source":"dieturn/yolo26s-obb_ep144@taipei_udd_ortho_2025","source_updated_at":"2026-09-05"},"geometry":{"type":"Polygon","coordinates":[[[121.5672601,25.0544191],[121.5672584,25.0544397],[121.5672054,25.0544359],[121.5672072,25.0544153],[121.5672601,25.0544191]]]}},{"type":"Feature","id":"dt_wsqqtde01","properties":{"id":"dt_wsqqtde01","status":"auto","conf":0.9698,"n_detections":1,"heading_deg":90.0,"length_m":3.43,"width_m":2.56,"corner":"NE","intersection_id":"TPS_00679","intersection_dist_m":15.8,"serves_from_bearing":0.0,"serves_to_bearing":270.0,"serves_quality":"ambiguous","lat":25.0625833,"lon":121.5349381,"confidence":"confirmed","source":"dieturn/yolo26s-obb_ep144@taipei_udd_ortho_2025","source_updated_at":"2026-09-05"},"geometry":{"type":"Polygon","coordinates":[[[121.5349551,25.0625718],[121.5349551,25.0625949],[121.5349211,25.0625949],[121.5349212,25.0625717],[121.5349551,25.0625718]]]}},{"type":"Feature","id":"dt_wsqqv2w11","properties":{"id":"dt_wsqqv2w11","status":"auto","conf":0.9697,"n_detections":1,"heading_deg":78.1,"length_m":5.71,"width_m":2.6,"corner":"SE","intersection_id":"TPS_00016","intersection_dist_m":15.9,"serves_from_bearing":78.1,"serves_to_bearing":348.1,"serves_quality":"good","lat":25.0956917,"lon":121.5280592,"confidence":"confirmed","source":"dieturn/yolo26s-obb_ep144@taipei_udd_ortho_2025","source_updated_at":"2026-09-05"},"geometry":{"type":"Polygon","coordinates":[[[121.5280896,25.0956855],[121.5280841,25.0957086],[121.5280287,25.0956979],[121.5280342,25.0956749],[121.5280896,25.0956855]]]}},{"type":"Feature","id":"dt_wsqqvbb8c","properties":{"id":"dt_wsqqvbb8c","status":"auto","conf":0.9697,"n_detections":1,"heading_deg":53.6,"length_m":4.5,"width_m":2.31,"corner":"SE","intersection_id":"TPS_00456","intersection_dist_m":9.8,"serves_from_bearing":143.6,"serves_to_bearing":53.6,"serves_quality":"good","lat":25.0970232,"lon":121.5424963,"confidence":"confirmed","source":"dieturn/yolo26s-obb_ep144@taipei_udd_ortho_2025","source_updated_at":"2026-09-05"},"geometry":{"type":"Polygon","coordinates":[[[121.5425212,25.0970269],[121.5425074,25.0970437],[121.5424715,25.0970195],[121.5424853,25.0970028],[121.5425212,25.0970269]]]}},{"type":"Feature","id":"dt_wsqqkv5k8","properties":{"id":"dt_wsqqkv5k8","status":"auto","conf":0.9697,"n_detections":1,"heading_deg":75.0,"length_m":3.25,"width_m":2.17,"corner":"SE","intersection_id":"TPS_00923","intersection_dist_m":14.2,"serves_from_bearing":75.0,"serves_to_bearing":345.0,"serves_quality":"ambiguous","lat":25.0331563,"lon":121.502291,"confidence":"confirmed","source":"dieturn/yolo26s-obb_ep144@taipei_udd_ortho_2025","source_updated_at":"2026-09-05"},"geometry":{"type":"Polygon","coordinates":[[[121.5023094,25.0331507],[121.5023037,25.0331696],[121.5022726,25.033162],[121.5022782,25.0331431],[121.5023094,25.0331507]]]}},{"type":"Feature","id":"dt_wsqqt4t5p","properties":{"id":"dt_wsqqt4t5p","status":"auto","conf":0.9696,"n_detections":1,"heading_deg":87.8,"length_m":3.68,"width_m":2.39,"corner":"NW","intersection_id":"TPS_00320","intersection_dist_m":16.0,"serves_from_bearing":357.8,"serves_to_bearing":267.8,"serves_quality":"ambiguous","lat":25.0631067,"lon":121.5159616,"confidence":"confirmed","source":"dieturn/yolo26s-obb_ep144@taipei_udd_ortho_2025","source_updated_at":"2026-09-05"},"geometry":{"type":"Polygon","coordinates":[[[121.5159803,25.0630965],[121.5159794,25.0631181],[121.5159429,25.0631169],[121.5159439,25.0630953],[121.5159803,25.0630965]]]}},{"type":"Feature","id":"dt_wsqqt38fb","properties":{"id":"dt_wsqqt38fb","status":"auto","conf":0.9696,"n_detections":1,"heading_deg":80.3,"length_m":4.38,"width_m":2.22,"corner":"SE","intersection_id":"TPS_00345","intersection_dist_m":14.1,"serves_from_bearing":80.3,"serves_to_bearing":350.3,"serves_quality":"good","lat":25.0575826,"lon":121.5208197,"confidence":"confirmed","source":"dieturn/yolo26s-obb_ep144@taipei_udd_ortho_2025","source_updated_at":"2026-09-05"},"geometry":{"type":"Polygon","coordinates":[[[121.520843,25.0575761],[121.5208392,25.0575958],[121.5207964,25.0575891],[121.5208001,25.0575694],[121.520843,25.0575761]]]}},{"type":"Feature","id":"dt_wsqqtb3b0","properties":{"id":"dt_wsqqtb3b0","status":"auto","conf":0.9695,"n_detections":1,"heading_deg":177.9,"length_m":3.02,"width_m":2.4,"corner":"NE","intersection_id":"TPS_00307","intersection_dist_m":24.7,"serves_from_bearing":357.9,"serves_to_bearing":267.9,"serves_quality":"good","lat":25.050224,"lon":121.5441858,"confidence":"confirmed","source":"dieturn/yolo26s-obb_ep144@taipei_udd_ortho_2025","source_updated_at":"2026-09-05"},"geometry":{"type":"Polygon","coordinates":[[[121.5441982,25.0502108],[121.5441971,25.0502381],[121.5441734,25.0502373],[121.5441744,25.05021],[121.5441982,25.0502108]]]}},{"type":"Feature","id":"dt_wsqqt4t1r","properties":{"id":"dt_wsqqt4t1r","status":"auto","conf":0.9694,"n_detections":1,"heading_deg":89.0,"length_m":3.52,"width_m":2.53,"corner":"SE","intersection_id":"TPS_00320","intersection_dist_m":17.8,"serves_from_bearing":89.0,"serves_to_bearing":359.0,"serves_quality":"ambiguous","lat":25.0628022,"lon":121.5159856,"confidence":"confirmed","source":"dieturn/yolo26s-obb_ep144@taipei_udd_ortho_2025","source_updated_at":"2026-09-05"},"geometry":{"type":"Polygon","coordinates":[[[121.5160033,25.0627911],[121.5160029,25.0628139],[121.5159679,25.0628134],[121.5159684,25.0627905],[121.5160033,25.0627911]]]}},{"type":"Feature","id":"dt_wsqqtk841","properties":{"id":"dt_wsqqtk841","status":"auto","conf":0.9691,"n_detections":1,"heading_deg":20.0,"length_m":3.27,"width_m":2.24,"corner":"SE","intersection_id":"TPS_00691","intersection_dist_m":17.2,"serves_from_bearing":20.0,"serves_to_bearing":290.0,"serves_quality":"ambiguous","lat":25.0739263,"lon":121.5198371,"confidence":"confirmed","source":"dieturn/yolo26s-obb_ep144@taipei_udd_ortho_2025","source_updated_at":"2026-09-05"},"geometry":{"type":"Polygon","coordinates":[[[121.519842,25.073909],[121.519853,25.0739367],[121.5198322,25.0739436],[121.5198211,25.0739158],[121.519842,25.073909]]]}},{"type":"Feature","id":"dt_wsqqv0gmw","properties":{"id":"dt_wsqqv0gmw","status":"auto","conf":0.9691,"n_detections":1,"heading_deg":158.2,"length_m":4.11,"width_m":2.55,"corner":"NE","intersection_id":"TPS_00956","intersection_dist_m":19.7,"serves_from_bearing":68.2,"serves_to_bearing":338.2,"serves_quality":"ambiguous","lat":25.0978472,"lon":121.5135157,"confidence":"confirmed","source":"dieturn/yolo26s-obb_ep144@taipei_udd_ortho_2025","source_updated_at":"2026-09-05"},"geometry":{"type":"Polygon","coordinates":[[[121.513535,25.0978342],[121.5135199,25.0978687],[121.5134963,25.0978602],[121.5135115,25.0978257],[121.513535,25.0978342]]]}},{"type":"Feature","id":"dt_wsqqt256q","properties":{"id":"dt_wsqqt256q","status":"auto","conf":0.9689,"n_detections":1,"heading_deg":100.9,"length_m":3.37,"width_m":2.78,"corner":"NW","intersection_id":"TPS_01532","intersection_dist_m":12.1,"serves_from_bearing":280.9,"serves_to_bearing":190.9,"serves_quality":"good","lat":25.0492495,"lon":121.5245342,"confidence":"confirmed","source":"dieturn/yolo26s-obb_ep144@taipei_udd_ortho_2025","source_updated_at":"2026-09-05"},"geometry":{"type":"Polygon","coordinates":[[[121.524548,25.0492343],[121.5245533,25.049259],[121.5245205,25.0492647],[121.5245151,25.0492401],[121.524548,25.0492343]]]}},{"type":"Feature","id":"dt_wsqqw2bnk","properties":{"id":"dt_wsqqw2bnk","status":"auto","conf":0.9688,"n_detections":1,"heading_deg":87.0,"length_m":5.43,"width_m":2.68,"corner":"SE","intersection_id":"TPS_00216","intersection_dist_m":16.3,"serves_from_bearing":87.0,"serves_to_bearing":357.0,"serves_quality":"good","lat":25.0540327,"lon":121.5639141,"confidence":"confirmed","source":"dieturn/yolo26s-obb_ep144@taipei_udd_ortho_2025","source_updated_at":"2026-09-05"},"geometry":{"type":"Polygon","coordinates":[[[121.5639417,25.0540218],[121.5639403,25.0540461],[121.5638865,25.0540435],[121.5638879,25.0540193],[121.5639417,25.0540218]]]}},{"type":"Feature","id":"dt_wsqqqwd4r","properties":{"id":"dt_wsqqqwd4r","status":"auto","conf":0.9686,"n_detections":1,"heading_deg":74.1,"length_m":6.01,"width_m":2.47,"corner":"NW","intersection_id":"TPS_00138","intersection_dist_m":18.9,"serves_from_bearing":254.1,"serves_to_bearing":164.1,"serves_quality":"good","lat":25.0409782,"lon":121.5777688,"confidence":"confirmed","source":"dieturn/yolo26s-obb_ep144@taipei_udd_ortho_2025","source_updated_at":"2026-09-05"},"geometry":{"type":"Polygon","coordinates":[[[121.5778008,25.0409749],[121.5777941,25.0409964],[121.5777367,25.0409815],[121.5777435,25.04096],[121.5778008,25.0409749]]]}},{"type":"Feature","id":"dt_wsqqv0egw","properties":{"id":"dt_wsqqv0egw","status":"auto","conf":0.9686,"n_detections":1,"heading_deg":165.0,"length_m":3.21,"width_m":2.49,"corner":"NE","intersection_id":"TPS_00789","intersection_dist_m":21.0,"serves_from_bearing":75.0,"serves_to_bearing":345.0,"serves_quality":"ambiguous","lat":25.096134,"lon":121.5142259,"confidence":"confirmed","source":"dieturn/yolo26s-obb_ep144@taipei_udd_ortho_2025","source_updated_at":"2026-09-05"},"geometry":{"type":"Polygon","coordinates":[[[121.514242,25.0961229],[121.5142337,25.0961509],[121.5142099,25.0961452],[121.5142181,25.0961172],[121.514242,25.0961229]]]}},{"type":"Feature","id":"dt_wsqqt1gkm","properties":{"id":"dt_wsqqt1gkm","status":"auto","conf":0.9686,"n_detections":1,"heading_deg":174.0,"length_m":4.23,"width_m":2.18,"corner":"SW","intersection_id":"TPS_00903","intersection_dist_m":14.2,"serves_from_bearing":174.0,"serves_to_bearing":84.0,"serves_quality":"good","lat":25.0591945,"lon":121.5135014,"confidence":"confirmed","source":"dieturn/yolo26s-obb_ep144@taipei_udd_ortho_2025","source_updated_at":"2026-09-05"},"geometry":{"type":"Polygon","coordinates":[[[121.5135143,25.0591765],[121.5135099,25.0592146],[121.5134884,25.0592125],[121.5134929,25.0591744],[121.5135143,25.0591765]]]}},{"type":"Feature","id":"dt_wsqqqpzqd","properties":{"id":"dt_wsqqqpzqd","status":"auto","conf":0.9686,"n_detections":3,"heading_deg":81.8,"length_m":3.58,"width_m":2.63,"corner":"NW","intersection_id":"TPS_02544","intersection_dist_m":17.4,"serves_from_bearing":351.8,"serves_to_bearing":261.8,"serves_quality":"ambiguous","lat":25.0486043,"lon":121.5627955,"confidence":"confirmed","source":"dieturn/yolo26s-obb_ep144@taipei_udd_ortho_2025","source_updated_at":"2026-09-05"},"geometry":{"type":"Polygon","coordinates":[[[121.5628149,25.0485948],[121.5628112,25.0486184],[121.562776,25.0486137],[121.5627797,25.0485902],[121.5628149,25.0485948]]]}},{"type":"Feature","id":"dt_wsqqqjxv3","properties":{"id":"dt_wsqqqjxv3","status":"auto","conf":0.9686,"n_detections":1,"heading_deg":89.0,"length_m":4.72,"width_m":2.53,"corner":"NW","intersection_id":"TPS_02416","intersection_dist_m":19.1,"serves_from_bearing":269.0,"serves_to_bearing":179.0,"serves_quality":"good","lat":25.0360252,"lon":121.5634411,"confidence":"confirmed","source":"dieturn/yolo26s-obb_ep144@taipei_udd_ortho_2025","source_updated_at":"2026-09-05"},"geometry":{"type":"Polygon","coordinates":[[[121.5634647,25.0360141],[121.5634643,25.036037],[121.5634175,25.0360363],[121.5634179,25.0360134],[121.5634647,25.0360141]]]}},{"type":"Feature","id":"dt_wsqqv2jv5","properties":{"id":"dt_wsqqv2jv5","status":"auto","conf":0.9684,"n_detections":1,"heading_deg":9.0,"length_m":3.88,"width_m":2.45,"corner":"SW","intersection_id":"TPS_00170","intersection_dist_m":24.8,"serves_from_bearing":189.0,"serves_to_bearing":99.0,"serves_quality":"good","lat":25.0936522,"lon":121.5278405,"confidence":"confirmed","source":"dieturn/yolo26s-obb_ep144@taipei_udd_ortho_2025","source_updated_at":"2026-09-05"},"geometry":{"type":"Polygon","coordinates":[[[121.5278494,25.0936332],[121.5278555,25.0936678],[121.5278315,25.0936712],[121.5278254,25.0936366],[121.5278494,25.0936332]]]}},{"type":"Feature","id":"dt_wsqqt760c","properties":{"id":"dt_wsqqt760c","status":"auto","conf":0.9684,"n_detections":1,"heading_deg":14.3,"length_m":4.62,"width_m":2.02,"corner":"SE","intersection_id":"TPS_00289","intersection_dist_m":16.1,"serves_from_bearing":14.3,"serves_to_bearing":284.3,"serves_quality":"good","lat":25.0668391,"lon":121.5225923,"confidence":"confirmed","source":"dieturn/yolo26s-obb_ep144@taipei_udd_ortho_2025","source_updated_at":"2026-09-05"},"geometry":{"type":"Polygon","coordinates":[[[121.5225963,25.0668166],[121.5226076,25.0668571],[121.5225882,25.0668615],[121.522577,25.066821],[121.5225963,25.0668166]]]}},{"type":"Feature","id":"dt_wsqqt81xb","properties":{"id":"dt_wsqqt81xb","status":"auto","conf":0.9684,"n_detections":1,"heading_deg":179.9,"length_m":3.03,"width_m":2.23,"corner":"SW","intersection_id":"TPS_00714","intersection_dist_m":14.3,"serves_from_bearing":179.9,"serves_to_bearing":89.9,"serves_quality":"good","lat":25.0501723,"lon":121.5328576,"confidence":"confirmed","source":"dieturn/yolo26s-obb_ep144@taipei_udd_ortho_2025","source_updated_at":"2026-09-05"},"geometry":{"type":"Polygon","coordinates":[[[121.5328687,25.0501586],[121.5328686,25.050186],[121.5328465,25.050186],[121.5328465,25.0501586],[121.5328687,25.0501586]]]}},{"type":"Feature","id":"dt_wsqqt6rxn","properties":{"id":"dt_wsqqt6rxn","status":"auto","conf":0.9684,"n_detections":1,"heading_deg":88.2,"length_m":5.8,"width_m":2.63,"corner":"SE","intersection_id":"TPS_01069","intersection_dist_m":14.4,"serves_from_bearing":88.2,"serves_to_bearing":358.2,"serves_quality":"ambiguous","lat":25.0624202,"lon":121.5303429,"confidence":"confirmed","source":"dieturn/yolo26s-obb_ep144@taipei_udd_ortho_2025","source_updated_at":"2026-09-05"},"geometry":{"type":"Polygon","coordinates":[[[121.530372,25.0624092],[121.5303712,25.0624329],[121.5303137,25.0624313],[121.5303146,25.0624075],[121.530372,25.0624092]]]}},{"type":"Feature","id":"dt_wsqqqjfjc","properties":{"id":"dt_wsqqqjfjc","status":"auto","conf":0.9683,"n_detections":1,"heading_deg":88.4,"length_m":4.93,"width_m":2.51,"corner":"SE","intersection_id":"TPS_00127","intersection_dist_m":28.1,"serves_from_bearing":88.4,"serves_to_bearing":358.4,"serves_quality":"good","lat":25.0374886,"lon":121.5555344,"confidence":"confirmed","source":"dieturn/yolo26s-obb_ep144@taipei_udd_ortho_2025","source_updated_at":"2026-09-05"},"geometry":{"type":"Polygon","coordinates":[[[121.5555592,25.0374778],[121.5555585,25.0375006],[121.5555097,25.0374993],[121.5555104,25.0374766],[121.5555592,25.0374778]]]}},{"type":"Feature","id":"dt_wsqqmtc3f","properties":{"id":"dt_wsqqmtc3f","status":"auto","conf":0.9682,"n_detections":1,"heading_deg":177.7,"length_m":3.53,"width_m":2.38,"corner":"NW","intersection_id":"TPS_00304","intersection_dist_m":23.9,"serves_from_bearing":267.7,"serves_to_bearing":177.7,"serves_quality":"good","lat":25.0367847,"lon":121.5325671,"confidence":"confirmed","source":"dieturn/yolo26s-obb_ep144@taipei_udd_ortho_2025","source_updated_at":"2026-09-05"},"geometry":{"type":"Polygon","coordinates":[[[121.5325797,25.0367692],[121.5325782,25.0368011],[121.5325546,25.0368002],[121.532556,25.0367683],[121.5325797,25.0367692]]]}},{"type":"Feature","id":"dt_wsqqtdkrg","properties":{"id":"dt_wsqqtdkrg","status":"auto","conf":0.9682,"n_detections":1,"heading_deg":87.5,"length_m":4.62,"width_m":2.4,"corner":"NW","intersection_id":"TPS_00609","intersection_dist_m":17.4,"serves_from_bearing":267.5,"serves_to_bearing":177.5,"serves_quality":"good","lat":25.0625432,"lon":121.5367495,"confidence":"confirmed","source":"dieturn/yolo26s-obb_ep144@taipei_udd_ortho_2025","source_updated_at":"2026-09-05"},"geometry":{"type":"Polygon","coordinates":[[[121.536773,25.0625333],[121.5367719,25.0625549],[121.5367261,25.0625531],[121.5367272,25.0625314],[121.536773,25.0625333]]]}},{"type":"Feature","id":"dt_wsqqt0e8h","properties":{"id":"dt_wsqqt0e8h","status":"auto","conf":0.9682,"n_detections":1,"heading_deg":16.3,"length_m":5.07,"width_m":2.44,"corner":"NW","intersection_id":"TPS_00772","intersection_dist_m":12.7,"serves_from_bearing":286.3,"serves_to_bearing":196.3,"serves_quality":"ambiguous","lat":25.0516139,"lon":121.5137986,"confidence":"confirmed","source":"dieturn/yolo26s-obb_ep144@taipei_udd_ortho_2025","source_updated_at":"2026-09-05"},"geometry":{"type":"Polygon","coordinates":[[[121.5138031,25.0515888],[121.5138173,25.0516328],[121.5137941,25.051639],[121.5137798,25.0515949],[121.5138031,25.0515888]]]}},{"type":"Feature","id":"dt_wsqqtm9yg","properties":{"id":"dt_wsqqtm9yg","status":"auto","conf":0.9681,"n_detections":1,"heading_deg":23.7,"length_m":4.52,"width_m":2.14,"corner":"SE","intersection_id":"TPS_00141","intersection_dist_m":18.5,"serves_from_bearing":23.7,"serves_to_bearing":293.7,"serves_quality":"good","lat":25.0802243,"lon":121.5223383,"confidence":"confirmed","source":"dieturn/yolo26s-obb_ep144@taipei_udd_ortho_2025","source_updated_at":"2026-09-05"},"geometry":{"type":"Polygon","coordinates":[[[121.522339,25.0802017],[121.5223571,25.0802391],[121.5223376,25.0802468],[121.5223195,25.0802095],[121.522339,25.0802017]]]}},{"type":"Feature","id":"dt_wsqqq4emw","properties":{"id":"dt_wsqqq4emw","status":"auto","conf":0.9681,"n_detections":1,"heading_deg":139.0,"length_m":3.05,"width_m":1.99,"corner":"SW","intersection_id":"TPS_00668","intersection_dist_m":12.0,"serves_from_bearing":139.0,"serves_to_bearing":49.0,"serves_quality":"good","lat":25.0195815,"lon":121.5574626,"confidence":"confirmed","source":"dieturn/yolo26s-obb_ep144@taipei_udd_ortho_2025","source_updated_at":"2026-09-05"},"geometry":{"type":"Polygon","coordinates":[[[121.55748,25.0195769],[121.5574602,25.0195977],[121.5574451,25.019586],[121.557465,25.0195652],[121.55748,25.0195769]]]}},{"type":"Feature","id":"dt_wsqqmt321","properties":{"id":"dt_wsqqmt321","status":"auto","conf":0.968,"n_detections":1,"heading_deg":89.8,"length_m":4.77,"width_m":2.63,"corner":"NE","intersection_id":"TPS_00075","intersection_dist_m":9.2,"serves_from_bearing":359.8,"serves_to_bearing":269.8,"serves_quality":"good","lat":25.0337499,"lon":121.5325378,"confidence":"confirmed","source":"dieturn/yolo26s-obb_ep144@taipei_udd_ortho_2025","source_updated_at":"2026-09-05"},"geometry":{"type":"Polygon","coordinates":[[[121.5325615,25.0337381],[121.5325615,25.0337618],[121.5325141,25.0337617],[121.5325142,25.0337379],[121.5325615,25.0337381]]]}},{"type":"Feature","id":"dt_wsqqkswge","properties":{"id":"dt_wsqqkswge","status":"auto","conf":0.968,"n_detections":1,"heading_deg":17.8,"length_m":3.94,"width_m":2.26,"corner":"NW","intersection_id":"TPS_01068","intersection_dist_m":12.0,"serves_from_bearing":287.8,"serves_to_bearing":197.8,"serves_quality":"good","lat":25.0302128,"lon":121.4962392,"confidence":"confirmed","source":"dieturn/yolo26s-obb_ep144@taipei_udd_ortho_2025","source_updated_at":"2026-09-05"},"geometry":{"type":"Polygon","coordinates":[[[121.4962439,25.0301927],[121.4962558,25.0302267],[121.4962344,25.0302329],[121.4962225,25.0301989],[121.4962439,25.0301927]]]}},{"type":"Feature","id":"dt_wsqqmtuf4","properties":{"id":"dt_wsqqmtuf4","status":"auto","conf":0.968,"n_detections":1,"heading_deg":175.0,"length_m":2.97,"width_m":2.14,"corner":"SW","intersection_id":"TPS_01391","intersection_dist_m":7.8,"serves_from_bearing":175.0,"serves_to_bearing":85.0,"serves_quality":"ambiguous","lat":25.0368276,"lon":121.5374003,"confidence":"confirmed","source":"dieturn/yolo26s-obb_ep144@taipei_udd_ortho_2025","source_updated_at":"2026-09-05"},"geometry":{"type":"Polygon","coordinates":[[[121.5374122,25.0368151],[121.5374096,25.0368418],[121.5373885,25.0368402],[121.537391,25.0368134],[121.5374122,25.0368151]]]}},{"type":"Feature","id":"dt_wsqqwse33","properties":{"id":"dt_wsqqwse33","status":"auto","conf":0.968,"n_detections":1,"heading_deg":137.6,"length_m":4.27,"width_m":2.55,"corner":"NE","intersection_id":"TPS_02194","intersection_dist_m":12.3,"serves_from_bearing":47.6,"serves_to_bearing":317.6,"serves_quality":"ambiguous","lat":25.0737956,"lon":121.5792551,"confidence":"confirmed","source":"dieturn/yolo26s-obb_ep144@taipei_udd_ortho_2025","source_updated_at":"2026-09-05"},"geometry":{"type":"Polygon","coordinates":[[[121.5792788,25.073789],[121.5792502,25.0738175],[121.5792314,25.0738021],[121.57926,25.0737736],[121.5792788,25.073789]]]}},{"type":"Feature","id":"dt_wsqqqqed0","properties":{"id":"dt_wsqqqqed0","status":"auto","conf":0.9678,"n_detections":1,"heading_deg":89.2,"length_m":4.56,"width_m":2.55,"corner":"SW","intersection_id":"TPS_00308","intersection_dist_m":9.7,"serves_from_bearing":179.2,"serves_to_bearing":89.2,"serves_quality":"ambiguous","lat":25.0409353,"lon":121.5685495,"confidence":"confirmed","source":"dieturn/yolo26s-obb_ep144@taipei_udd_ortho_2025","source_updated_at":"2026-09-05"},"geometry":{"type":"Polygon","coordinates":[[[121.5685722,25.0409241],[121.5685719,25.0409471],[121.5685267,25.0409465],[121.568527,25.0409235],[121.5685722,25.0409241]]]}},{"type":"Feature","id":"dt_wsqqm5v87","properties":{"id":"dt_wsqqm5v87","status":"auto","conf":0.9678,"n_detections":1,"heading_deg":77.2,"length_m":6.74,"width_m":2.34,"corner":"SE","intersection_id":"TPS_00491","intersection_dist_m":18.9,"serves_from_bearing":77.2,"serves_to_bearing":347.2,"serves_quality":"good","lat":25.0255554,"lon":121.5164998,"confidence":"confirmed","source":"dieturn/yolo26s-obb_ep144@taipei_udd_ortho_2025","source_updated_at":"2026-09-05"},"geometry":{"type":"Polygon","coordinates":[[[121.516535,25.0255519],[121.5165299,25.0255725],[121.5164647,25.025559],[121.5164699,25.0255383],[121.516535,25.0255519]]]}},{"type":"Feature","id":"dt_wsqqw3kk4","properties":{"id":"dt_wsqqw3kk4","status":"auto","conf":0.9678,"n_detections":1,"heading_deg":167.8,"length_m":3.0,"width_m":1.96,"corner":"NE","intersection_id":"TPS_01179","intersection_dist_m":18.1,"serves_from_bearing":347.8,"serves_to_bearing":257.8,"serves_quality":"good","lat":25.0564099,"lon":121.5696757,"confidence":"confirmed","source":"dieturn/yolo26s-obb_ep144@taipei_udd_ortho_2025","source_updated_at":"2026-09-05"},"geometry":{"type":"Polygon","coordinates":[[[121.5696883,25.0563984],[121.569682,25.056425],[121.569663,25.0564213],[121.5696692,25.0563947],[121.5696883,25.0563984]]]}},{"type":"Feature","id":"dt_wsqqmn5j9","properties":{"id":"dt_wsqqmn5j9","status":"auto","conf":0.9678,"n_detections":1,"heading_deg":7.2,"length_m":5.85,"width_m":2.62,"corner":"NE","intersection_id":"TPS_02417","intersection_dist_m":12.3,"serves_from_bearing":7.2,"serves_to_bearing":277.2,"serves_quality":"good","lat":25.038803,"lon":121.5129555,"confidence":"confirmed","source":"dieturn/yolo26s-obb_ep144@taipei_udd_ortho_2025","source_updated_at":"2026-09-05"},"geometry":{"type":"Polygon","coordinates":[[[121.5129648,25.0387752],[121.5129721,25.0388277],[121.5129463,25.0388307],[121.512939,25.0387782],[121.5129648,25.0387752]]]}},{"type":"Feature","id":"dt_wsqqwe2hd","properties":{"id":"dt_wsqqwe2hd","status":"auto","conf":0.9677,"n_detections":1,"heading_deg":178.2,"length_m":2.83,"width_m":2.44,"corner":"SE","intersection_id":"TPS_00501","intersection_dist_m":13.0,"serves_from_bearing":88.2,"serves_to_bearing":358.2,"serves_quality":"ambiguous","lat":25.0674885,"lon":121.5748117,"confidence":"confirmed","source":"dieturn/yolo26s-obb_ep144@taipei_udd_ortho_2025","source_updated_at":"2026-09-05"},"geometry":{"type":"Polygon","coordinates":[[[121.5748242,25.067476],[121.5748234,25.0675016],[121.5747992,25.0675009],[121.5748,25.0674754],[121.5748242,25.067476]]]}},{"type":"Feature","id":"dt_wsqqwf5vr","properties":{"id":"dt_wsqqwf5vr","status":"auto","conf":0.9677,"n_detections":1,"heading_deg":74.0,"length_m":6.54,"width_m":2.62,"corner":"NW","intersection_id":"TPS_00856","intersection_dist_m":19.6,"serves_from_bearing":254.0,"serves_to_bearing":164.0,"serves_quality":"good","lat":25.0607201,"lon":121.5911774,"confidence":"confirmed","source":"dieturn/yolo26s-obb_ep144@taipei_udd_ortho_2025","source_updated_at":"2026-09-05"},"geometry":{"type":"Polygon","coordinates":[[[121.5912122,25.0607169],[121.5912049,25.0607397],[121.5911426,25.0607234],[121.5911498,25.0607006],[121.5912122,25.0607169]]]}},{"type":"Feature","id":"dt_wsqqmxs0e","properties":{"id":"dt_wsqqmxs0e","status":"auto","conf":0.9677,"n_detections":2,"heading_deg":94.0,"length_m":4.76,"width_m":2.43,"corner":"SW","intersection_id":"TPS_02534","intersection_dist_m":12.6,"serves_from_bearing":184.0,"serves_to_bearing":94.0,"serves_quality":"good","lat":25.0461987,"lon":121.5363847,"confidence":"confirmed","source":"dieturn/yolo26s-obb_ep144@taipei_udd_ortho_2025","source_updated_at":"2026-09-05"},"geometry":{"type":"Polygon","coordinates":[[[121.5364074,25.0461863],[121.536409,25.0462082],[121.536362,25.0462112],[121.5363603,25.0461892],[121.5364074,25.0461863]]]}},{"type":"Feature","id":"dt_wsqqwfemt","properties":{"id":"dt_wsqqwfemt","status":"auto","conf":0.9676,"n_detections":1,"heading_deg":164.6,"length_m":5.84,"width_m":2.59,"corner":"SW","intersection_id":"TPS_00381","intersection_dist_m":27.9,"serves_from_bearing":254.6,"serves_to_bearing":164.6,"serves_quality":"good","lat":25.0635138,"lon":121.5903798,"confidence":"confirmed","source":"dieturn/yolo26s-obb_ep144@taipei_udd_ortho_2025","source_updated_at":"2026-09-05"},"geometry":{"type":"Polygon","coordinates":[[[121.5903999,25.0634914],[121.5903845,25.0635423],[121.5903597,25.0635362],[121.5903751,25.0634853],[121.5903999,25.0634914]]]}},{"type":"Feature","id":"dt_wsqqmxw1e","properties":{"id":"dt_wsqqmxw1e","status":"auto","conf":0.9675,"n_detections":1,"heading_deg":77.7,"length_m":3.33,"width_m":2.44,"corner":"SW","intersection_id":"TPS_00469","intersection_dist_m":3.9,"serves_from_bearing":167.7,"serves_to_bearing":77.7,"serves_quality":"ambiguous","lat":25.0463789,"lon":121.5391329,"confidence":"confirmed","source":"dieturn/yolo26s-obb_ep144@taipei_udd_ortho_2025","source_updated_at":"2026-09-05"},"geometry":{"type":"Polygon","coordinates":[[[121.5391516,25.0463714],[121.5391464,25.0463929],[121.5391141,25.0463864],[121.5391193,25.0463649],[121.5391516,25.0463714]]]}},{"type":"Feature","id":"dt_wsqqmqwc2","properties":{"id":"dt_wsqqmqwc2","status":"auto","conf":0.9675,"n_detections":1,"heading_deg":11.6,"length_m":3.79,"width_m":2.18,"corner":"NW","intersection_id":"TPS_00506","intersection_dist_m":14.3,"serves_from_bearing":191.6,"serves_to_bearing":101.6,"serves_quality":"good","lat":25.0408458,"lon":121.5290526,"confidence":"confirmed","source":"dieturn/yolo26s-obb_ep144@taipei_udd_ortho_2025","source_updated_at":"2026-09-05"},"geometry":{"type":"Polygon","coordinates":[[[121.5290594,25.040827],[121.529067,25.0408606],[121.5290458,25.0408645],[121.5290382,25.040831],[121.5290594,25.040827]]]}},{"type":"Feature","id":"dt_wsqqqnw6y","properties":{"id":"dt_wsqqqnw6y","status":"auto","conf":0.9675,"n_detections":1,"heading_deg":89.4,"length_m":5.36,"width_m":2.48,"corner":"SE","intersection_id":"TPS_00605","intersection_dist_m":15.5,"serves_from_bearing":89.4,"serves_to_bearing":359.4,"serves_quality":"good","lat":25.0410922,"lon":121.5616125,"confidence":"confirmed","source":"dieturn/yolo26s-obb_ep144@taipei_udd_ortho_2025","source_updated_at":"2026-09-05"},"geometry":{"type":"Polygon","coordinates":[[[121.5616392,25.0410813],[121.5616389,25.0411037],[121.5615857,25.0411032],[121.5615861,25.0410807],[121.5616392,25.0410813]]]}},{"type":"Feature","id":"dt_wsqqv15hf","properties":{"id":"dt_wsqqv15hf","status":"auto","conf":0.9675,"n_detections":1,"heading_deg":161.3,"length_m":2.8,"width_m":2.55,"corner":"NE","intersection_id":"TPS_00790","intersection_dist_m":23.2,"serves_from_bearing":341.3,"serves_to_bearing":251.3,"serves_quality":"good","lat":25.0990897,"lon":121.5130356,"confidence":"confirmed","source":"dieturn/yolo26s-obb_ep144@taipei_udd_ortho_2025","source_updated_at":"2026-09-05"},"geometry":{"type":"Polygon","coordinates":[[[121.513052,25.0990813],[121.5130431,25.0991053],[121.5130191,25.099098],[121.513028,25.099074],[121.513052,25.0990813]]]}},{"type":"Feature","id":"dt_wsqqkusen","properties":{"id":"dt_wsqqkusen","status":"auto","conf":0.9675,"n_detections":1,"heading_deg":171.5,"length_m":4.18,"width_m":2.41,"corner":"NE","intersection_id":"TPS_00926","intersection_dist_m":13.0,"serves_from_bearing":351.5,"serves_to_bearing":261.5,"serves_quality":"good","lat":25.0301265,"lon":121.5042422,"confidence":"confirmed","source":"dieturn/yolo26s-obb_ep144@taipei_udd_ortho_2025","source_updated_at":"2026-09-05"},"geometry":{"type":"Polygon","coordinates":[[[121.5042571,25.0301094],[121.504251,25.0301468],[121.5042274,25.0301437],[121.5042335,25.0301062],[121.5042571,25.0301094]]]}},{"type":"Feature","id":"dt_wsqqmhj73","properties":{"id":"dt_wsqqmhj73","status":"auto","conf":0.9674,"n_detections":1,"heading_deg":14.3,"length_m":5.0,"width_m":2.61,"corner":"NE","intersection_id":"TPS_00104","intersection_dist_m":22.6,"serves_from_bearing":14.3,"serves_to_bearing":284.3,"serves_quality":"good","lat":25.0274276,"lon":121.5160715,"confidence":"confirmed","source":"dieturn/yolo26s-obb_ep144@taipei_udd_ortho_2025","source_updated_at":"2026-09-05"},"geometry":{"type":"Polygon","coordinates":[[[121.5160779,25.0274028],[121.5160902,25.0274466],[121.5160651,25.0274524],[121.5160528,25.0274086],[121.5160779,25.0274028]]]}},{"type":"Feature","id":"dt_wsqqt3djt","properties":{"id":"dt_wsqqt3djt","status":"auto","conf":0.9674,"n_detections":1,"heading_deg":87.8,"length_m":4.32,"width_m":2.25,"corner":"NW","intersection_id":"TPS_00143","intersection_dist_m":23.6,"serves_from_bearing":267.8,"serves_to_bearing":177.8,"serves_quality":"good","lat":25.0580525,"lon":121.5227456,"confidence":"confirmed","source":"dieturn/yolo26s-obb_ep144@taipei_udd_ortho_2025","source_updated_at":"2026-09-05"},"geometry":{"type":"Polygon","coordinates":[[[121.5227675,25.0580431],[121.5227666,25.0580634],[121.5227237,25.0580619],[121.5227245,25.0580416],[121.5227675,25.0580431]]]}},{"type":"Feature","id":"dt_wsqqmkvhg","properties":{"id":"dt_wsqqmkvhg","status":"auto","conf":0.9674,"n_detections":1,"heading_deg":97.3,"length_m":3.19,"width_m":2.3,"corner":"NW","intersection_id":"TPS_00342","intersection_dist_m":11.8,"serves_from_bearing":277.3,"serves_to_bearing":187.3,"serves_quality":"good","lat":25.0317998,"lon":121.5268134,"confidence":"confirmed","source":"dieturn/yolo26s-obb_ep144@taipei_udd_ortho_2025","source_updated_at":"2026-09-05"},"geometry":{"type":"Polygon","coordinates":[[[121.5268277,25.0317876],[121.5268306,25.0318083],[121.5267992,25.0318119],[121.5267963,25.0317913],[121.5268277,25.0317876]]]}},{"type":"Feature","id":"dt_wsqqt7w1f","properties":{"id":"dt_wsqqt7w1f","status":"auto","conf":0.9674,"n_detections":1,"heading_deg":179.2,"length_m":3.49,"width_m":2.33,"corner":"NW","intersection_id":"TPS_01223","intersection_dist_m":13.4,"serves_from_bearing":269.2,"serves_to_bearing":179.2,"serves_quality":"good","lat":25.0683724,"lon":121.5281044,"confidence":"confirmed","source":"dieturn/yolo26s-obb_ep144@taipei_udd_ortho_2025","source_updated_at":"2026-09-05"},"geometry":{"type":"Polygon","coordinates":[[[121.5281161,25.0683567],[121.5281157,25.0683883],[121.5280926,25.0683881],[121.5280931,25.0683564],[121.5281161,25.0683567]]]}},{"type":"Feature","id":"dt_wsqqt0y3s","properties":{"id":"dt_wsqqt0y3s","status":"auto","conf":0.9673,"n_detections":1,"heading_deg":15.6,"length_m":4.92,"width_m":2.52,"corner":"SW","intersection_id":"TPS_00153","intersection_dist_m":15.2,"serves_from_bearing":195.6,"serves_to_bearing":105.6,"serves_quality":"good","lat":25.0532403,"lon":121.5175535,"confidence":"confirmed","source":"dieturn/yolo26s-obb_ep144@taipei_udd_ortho_2025","source_updated_at":"2026-09-05"},"geometry":{"type":"Polygon","coordinates":[[[121.517559,25.0532158],[121.5175722,25.0532587],[121.5175481,25.0532647],[121.5175349,25.0532218],[121.517559,25.0532158]]]}},{"type":"Feature","id":"dt_wsqqtfcfm","properties":{"id":"dt_wsqqtfcfm","status":"auto","conf":0.9673,"n_detections":1,"heading_deg":179.3,"length_m":4.33,"width_m":2.25,"corner":"NE","intersection_id":"TPS_00248","intersection_dist_m":16.0,"serves_from_bearing":359.3,"serves_to_bearing":269.3,"serves_quality":"good","lat":25.0643563,"lon":121.5444057,"confidence":"confirmed","source":"dieturn/yolo26s-obb_ep144@taipei_udd_ortho_2025","source_updated_at":"2026-09-05"},"geometry":{"type":"Polygon","coordinates":[[[121.5444171,25.0643369],[121.5444166,25.064376],[121.5443943,25.0643758],[121.5443949,25.0643367],[121.5444171,25.0643369]]]}},{"type":"Feature","id":"dt_wsqqmy3e9","properties":{"id":"dt_wsqqmy3e9","status":"auto","conf":0.9673,"n_detections":1,"heading_deg":179.6,"length_m":3.23,"width_m":2.19,"corner":"NE","intersection_id":"TPS_00577","intersection_dist_m":14.4,"serves_from_bearing":359.6,"serves_to_bearing":269.6,"serves_quality":"good","lat":25.0398524,"lon":121.5438836,"confidence":"confirmed","source":"dieturn/yolo26s-obb_ep144@taipei_udd_ortho_2025","source_updated_at":"2026-09-05"},"geometry":{"type":"Polygon","coordinates":[[[121.5438946,25.0398379],[121.5438944,25.0398671],[121.5438726,25.039867],[121.5438728,25.0398377],[121.5438946,25.0398379]]]}},{"type":"Feature","id":"dt_wsqqt6s1x","properties":{"id":"dt_wsqqt6s1x","status":"auto","conf":0.9672,"n_detections":1,"heading_deg":85.5,"length_m":3.87,"width_m":2.2,"corner":"NW","intersection_id":"TPS_00785","intersection_dist_m":18.7,"serves_from_bearing":265.5,"serves_to_bearing":175.5,"serves_quality":"good","lat":25.062853,"lon":121.5255838,"confidence":"confirmed","source":"dieturn/yolo26s-obb_ep144@taipei_udd_ortho_2025","source_updated_at":"2026-09-05"},"geometry":{"type":"Polygon","coordinates":[[[121.5256038,25.0628444],[121.5256021,25.0628642],[121.5255638,25.0628615],[121.5255655,25.0628417],[121.5256038,25.0628444]]]}},{"type":"Feature","id":"dt_wsqqv0ee5","properties":{"id":"dt_wsqqv0ee5","status":"auto","conf":0.9672,"n_detections":1,"heading_deg":16.0,"length_m":3.73,"width_m":2.46,"corner":"SW","intersection_id":"TPS_00789","intersection_dist_m":27.1,"serves_from_bearing":196.0,"serves_to_bearing":106.0,"serves_quality":"good","lat":25.0960657,"lon":121.5137552,"confidence":"confirmed","source":"dieturn/yolo26s-obb_ep144@taipei_udd_ortho_2025","source_updated_at":"2026-09-05"},"geometry":{"type":"Polygon","coordinates":[[[121.5137618,25.0960465],[121.513772,25.0960789],[121.5137485,25.096085],[121.5137383,25.0960526],[121.5137618,25.0960465]]]}},{"type":"Feature","id":"dt_wsqqwmvpn","properties":{"id":"dt_wsqqwmvpn","status":"auto","conf":0.9671,"n_detections":1,"heading_deg":107.5,"length_m":3.97,"width_m":2.3,"corner":"NE","intersection_id":"TPS_00521","intersection_dist_m":10.8,"serves_from_bearing":287.5,"serves_to_bearing":197.5,"serves_quality":"good","lat":25.0816458,"lon":121.5708815,"confidence":"confirmed","source":"dieturn/yolo26s-obb_ep144@taipei_udd_ortho_2025","source_updated_at":"2026-09-05"},"geometry":{"type":"Polygon","coordinates":[[[121.5708968,25.0816305],[121.5709037,25.0816503],[121.5708662,25.0816611],[121.5708593,25.0816413],[121.5708968,25.0816305]]]}},{"type":"Feature","id":"dt_wsqqkvwjx","properties":{"id":"dt_wsqqkvwjx","status":"auto","conf":0.9671,"n_detections":1,"heading_deg":13.8,"length_m":3.69,"width_m":2.3,"corner":"NW","intersection_id":"TPS_00908","intersection_dist_m":19.6,"serves_from_bearing":193.8,"serves_to_bearing":103.8,"serves_quality":"ambiguous","lat":25.0360821,"lon":121.506347,"confidence":"confirmed","source":"dieturn/yolo26s-obb_ep144@taipei_udd_ortho_2025","source_updated_at":"2026-09-05"},"geometry":{"type":"Polygon","coordinates":[[[121.5063537,25.0360635],[121.5063624,25.0360959],[121.5063403,25.0361008],[121.5063316,25.0360684],[121.5063537,25.0360635]]]}},{"type":"Feature","id":"dt_wsqqwyhck","properties":{"id":"dt_wsqqwyhck","status":"auto","conf":0.9671,"n_detections":2,"heading_deg":50.8,"length_m":3.34,"width_m":2.49,"corner":"SE","intersection_id":"TPS_01025","intersection_dist_m":8.7,"serves_from_bearing":50.8,"serves_to_bearing":320.8,"serves_quality":"good","lat":25.0820361,"lon":121.5924301,"confidence":"confirmed","source":"dieturn/yolo26s-obb_ep144@taipei_udd_ortho_2025","source_updated_at":"2026-09-05"},"geometry":{"type":"Polygon","coordinates":[[[121.5924508,25.082037],[121.592435,25.0820543],[121.5924093,25.0820352],[121.592425,25.0820179],[121.5924508,25.082037]]]}},{"type":"Feature","id":"dt_wsqqqpzpw","properties":{"id":"dt_wsqqqpzpw","status":"auto","conf":0.9671,"n_detections":1,"heading_deg":78.9,"length_m":4.12,"width_m":2.42,"corner":"NE","intersection_id":"TPS_01229","intersection_dist_m":5.8,"serves_from_bearing":348.9,"serves_to_bearing":258.9,"serves_quality":"good","lat":25.0487711,"lon":121.5626354,"confidence":"confirmed","source":"dieturn/yolo26s-obb_ep144@taipei_udd_ortho_2025","source_updated_at":"2026-09-05"},"geometry":{"type":"Polygon","coordinates":[[[121.5626578,25.048764],[121.5626531,25.0487855],[121.562613,25.0487783],[121.5626177,25.0487568],[121.5626578,25.048764]]]}},{"type":"Feature","id":"dt_wsqqw84q3","properties":{"id":"dt_wsqqw84q3","status":"auto","conf":0.967,"n_detections":1,"heading_deg":85.9,"length_m":5.73,"width_m":2.53,"corner":"SE","intersection_id":"TPS_00337","intersection_dist_m":13.7,"serves_from_bearing":85.9,"serves_to_bearing":355.9,"serves_quality":"good","lat":25.0499405,"lon":121.5778437,"confidence":"confirmed","source":"dieturn/yolo26s-obb_ep144@taipei_udd_ortho_2025","source_updated_at":"2026-09-05"},"geometry":{"type":"Polygon","coordinates":[[[121.577873,25.0499309],[121.5778712,25.0499537],[121.5778145,25.04995],[121.5778163,25.0499272],[121.577873,25.0499309]]]}},{"type":"Feature","id":"dt_wsqqky4gs","properties":{"id":"dt_wsqqky4gs","status":"auto","conf":0.967,"n_detections":1,"heading_deg":85.5,"length_m":3.53,"width_m":2.57,"corner":"NW","intersection_id":"TPS_02151","intersection_dist_m":10.2,"serves_from_bearing":355.5,"serves_to_bearing":265.5,"serves_quality":"ambiguous","lat":25.0384696,"lon":121.5017678,"confidence":"confirmed","source":"dieturn/yolo26s-obb_ep144@taipei_udd_ortho_2025","source_updated_at":"2026-09-05"},"geometry":{"type":"Polygon","coordinates":[[[121.5017863,25.0384593],[121.5017842,25.0384824],[121.5017493,25.0384799],[121.5017513,25.0384567],[121.5017863,25.0384593]]]}},{"type":"Feature","id":"dt_wsqqmzv7t","properties":{"id":"dt_wsqqmzv7t","status":"auto","conf":0.967,"n_detections":2,"heading_deg":87.4,"length_m":6.4,"width_m":2.66,"corner":"NE","intersection_id":"TPS_01210","intersection_dist_m":21.6,"serves_from_bearing":357.4,"serves_to_bearing":267.4,"serves_quality":"good","lat":25.0480786,"lon":121.549193,"confidence":"confirmed","source":"dieturn/yolo26s-obb_ep144@taipei_udd_ortho_2025","source_updated_at":"2026-09-05"},"geometry":{"type":"Polygon","coordinates":[[[121.5492252,25.0480679],[121.549224,25.0480919],[121.5491607,25.0480893],[121.5491619,25.0480652],[121.5492252,25.0480679]]]}},{"type":"Feature","id":"dt_wsqqtvxtu","properties":{"id":"dt_wsqqtvxtu","status":"auto","conf":0.9669,"n_detections":1,"heading_deg":161.1,"length_m":4.39,"width_m":2.41,"corner":"NE","intersection_id":"TPS_00893","intersection_dist_m":13.7,"serves_from_bearing":341.1,"serves_to_bearing":251.1,"serves_quality":"ambiguous","lat":25.0800376,"lon":121.5522302,"confidence":"confirmed","source":"dieturn/yolo26s-obb_ep144@taipei_udd_ortho_2025","source_updated_at":"2026-09-05"},"geometry":{"type":"Polygon","coordinates":[[[121.5522486,25.0800223],[121.5522345,25.0800599],[121.5522118,25.0800529],[121.5522259,25.0800153],[121.5522486,25.0800223]]]}},{"type":"Feature","id":"dt_wsqqjtp26","properties":{"id":"dt_wsqqjtp26","status":"auto","conf":0.9669,"n_detections":1,"heading_deg":83.7,"length_m":5.4,"width_m":3.06,"corner":"NW","intersection_id":"TPS_01940","intersection_dist_m":7.1,"serves_from_bearing":263.7,"serves_to_bearing":173.7,"serves_quality":"good","lat":24.9884626,"lon":121.5408285,"confidence":"confirmed","source":"dieturn/yolo26s-obb_ep144@taipei_udd_ortho_2025","source_updated_at":"2026-09-05"},"geometry":{"type":"Polygon","coordinates":[[[121.5408567,24.9884516],[121.5408535,24.988479],[121.5408003,24.9884737],[121.5408036,24.9884463],[121.5408567,24.9884516]]]}},{"type":"Feature","id":"dt_wsqqmmm6e","properties":{"id":"dt_wsqqmmm6e","status":"auto","conf":0.9668,"n_detections":1,"heading_deg":28.7,"length_m":5.41,"width_m":2.25,"corner":"NW","intersection_id":"TPS_00048","intersection_dist_m":17.5,"serves_from_bearing":298.7,"serves_to_bearing":208.7,"serves_quality":"good","lat":25.0341935,"lon":121.5271483,"confidence":"confirmed","source":"dieturn/yolo26s-obb_ep144@taipei_udd_ortho_2025","source_updated_at":"2026-09-05"},"geometry":{"type":"Polygon","coordinates":[[[121.5271452,25.0341672],[121.527171,25.0342101],[121.5271514,25.0342198],[121.5271256,25.0341768],[121.5271452,25.0341672]]]}},{"type":"Feature","id":"dt_wsqqwt9dm","properties":{"id":"dt_wsqqwt9dm","status":"auto","conf":0.9668,"n_detections":1,"heading_deg":25.5,"length_m":3.09,"width_m":2.47,"corner":"NE","intersection_id":"TPS_00108","intersection_dist_m":15.7,"serves_from_bearing":25.5,"serves_to_bearing":295.5,"serves_quality":"good","lat":25.0794692,"lon":121.5770165,"confidence":"confirmed","source":"dieturn/yolo26s-obb_ep144@taipei_udd_ortho_2025","source_updated_at":"2026-09-05"},"geometry":{"type":"Polygon","coordinates":[[[121.577021,25.0794519],[121.5770342,25.0794771],[121.5770121,25.0794866],[121.5769988,25.0794614],[121.577021,25.0794519]]]}},{"type":"Feature","id":"dt_wsqqkuf09","properties":{"id":"dt_wsqqkuf09","status":"auto","conf":0.9668,"n_detections":1,"heading_deg":86.5,"length_m":3.69,"width_m":2.63,"corner":"SE","intersection_id":"TPS_00922","intersection_dist_m":11.5,"serves_from_bearing":86.5,"serves_to_bearing":356.5,"serves_quality":"good","lat":25.0310813,"lon":121.5006112,"confidence":"confirmed","source":"dieturn/yolo26s-obb_ep144@taipei_udd_ortho_2025","source_updated_at":"2026-09-05"},"geometry":{"type":"Polygon","coordinates":[[[121.5006303,25.0310705],[121.5006287,25.0310942],[121.5005922,25.0310922],[121.5005938,25.0310684],[121.5006303,25.0310705]]]}},{"type":"Feature","id":"dt_wsqqkskc3","properties":{"id":"dt_wsqqkskc3","status":"auto","conf":0.9668,"n_detections":1,"heading_deg":78.9,"length_m":3.56,"width_m":2.45,"corner":"SE","intersection_id":"TPS_01067","intersection_dist_m":11.6,"serves_from_bearing":78.9,"serves_to_bearing":348.9,"serves_quality":"ambiguous","lat":25.0284833,"lon":121.4933877,"confidence":"confirmed","source":"dieturn/yolo26s-obb_ep144@taipei_udd_ortho_2025","source_updated_at":"2026-09-05"},"geometry":{"type":"Polygon","coordinates":[[[121.4934074,25.0284755],[121.4934027,25.0284973],[121.493368,25.0284911],[121.4933728,25.0284694],[121.4934074,25.0284755]]]}},{"type":"Feature","id":"dt_wsqqt6x8g","properties":{"id":"dt_wsqqt6x8g","status":"auto","conf":0.9668,"n_detections":1,"heading_deg":89.5,"length_m":4.67,"width_m":2.49,"corner":"NW","intersection_id":"TPS_01069","intersection_dist_m":20.6,"serves_from_bearing":269.5,"serves_to_bearing":179.5,"serves_quality":"good","lat":25.062712,"lon":121.5302359,"confidence":"confirmed","source":"dieturn/yolo26s-obb_ep144@taipei_udd_ortho_2025","source_updated_at":"2026-09-05"},"geometry":{"type":"Polygon","coordinates":[[[121.5302591,25.062701],[121.5302589,25.0627235],[121.5302126,25.0627231],[121.5302128,25.0627006],[121.5302591,25.062701]]]}},{"type":"Feature","id":"dt_wsqqt0fj5","properties":{"id":"dt_wsqqt0fj5","status":"auto","conf":0.9668,"n_detections":1,"heading_deg":177.1,"length_m":5.3,"width_m":2.49,"corner":"SW","intersection_id":"TPS_01582","intersection_dist_m":7.7,"serves_from_bearing":177.1,"serves_to_bearing":87.1,"serves_quality":"good","lat":25.053843,"lon":121.5116878,"confidence":"confirmed","source":"dieturn/yolo26s-obb_ep144@taipei_udd_ortho_2025","source_updated_at":"2026-09-05"},"geometry":{"type":"Polygon","coordinates":[[[121.5117015,25.0538196],[121.5116988,25.0538675],[121.5116741,25.0538663],[121.5116769,25.0538185],[121.5117015,25.0538196]]]}},{"type":"Feature","id":"dt_wsqqt4nf0","properties":{"id":"dt_wsqqt4nf0","status":"auto","conf":0.9667,"n_detections":1,"heading_deg":1.0,"length_m":4.86,"width_m":2.28,"corner":"SW","intersection_id":"TPS_00906","intersection_dist_m":16.5,"serves_from_bearing":181.0,"serves_to_bearing":91.0,"serves_quality":"good","lat":25.0601955,"lon":121.5180715,"confidence":"confirmed","source":"dieturn/yolo26s-obb_ep144@taipei_udd_ortho_2025","source_updated_at":"2026-09-05"},"geometry":{"type":"Polygon","coordinates":[[[121.5180824,25.0601734],[121.5180833,25.0602173],[121.5180607,25.0602176],[121.5180598,25.0601737],[121.5180824,25.0601734]]]}},{"type":"Feature","id":"dt_wsqqth5wz","properties":{"id":"dt_wsqqth5wz","status":"auto","conf":0.9667,"n_detections":1,"heading_deg":87.9,"length_m":5.9,"width_m":2.51,"corner":"SE","intersection_id":"TPS_01092","intersection_dist_m":14.3,"serves_from_bearing":87.9,"serves_to_bearing":357.9,"serves_quality":"good","lat":25.0719798,"lon":121.5139172,"confidence":"confirmed","source":"dieturn/yolo26s-obb_ep144@taipei_udd_ortho_2025","source_updated_at":"2026-09-05"},"geometry":{"type":"Polygon","coordinates":[[[121.513947,25.0719695],[121.513946,25.0719921],[121.5138875,25.0719902],[121.5138885,25.0719675],[121.513947,25.0719695]]]}},{"type":"Feature","id":"dt_wsqqwg9w9","properties":{"id":"dt_wsqqwg9w9","status":"auto","conf":0.9666,"n_detections":1,"heading_deg":88.8,"length_m":4.04,"width_m":2.34,"corner":"NE","intersection_id":"TPS_00820","intersection_dist_m":13.8,"serves_from_bearing":358.8,"serves_to_bearing":268.8,"serves_quality":"ambiguous","lat":25.0691734,"lon":121.5878268,"confidence":"confirmed","source":"dieturn/yolo26s-obb_ep144@taipei_udd_ortho_2025","source_updated_at":"2026-09-05"},"geometry":{"type":"Polygon","coordinates":[[[121.587847,25.0691632],[121.5878465,25.0691844],[121.5878065,25.0691836],[121.587807,25.0691624],[121.587847,25.0691632]]]}},{"type":"Feature","id":"dt_wsqqw87c9","properties":{"id":"dt_wsqqw87c9","status":"auto","conf":0.9665,"n_detections":1,"heading_deg":158.1,"length_m":3.59,"width_m":2.54,"corner":"NE","intersection_id":"TPS_00744","intersection_dist_m":29.3,"serves_from_bearing":338.1,"serves_to_bearing":248.1,"serves_quality":"good","lat":25.0504953,"lon":121.579924,"confidence":"confirmed","source":"dieturn/yolo26s-obb_ep144@taipei_udd_ortho_2025","source_updated_at":"2026-09-05"},"geometry":{"type":"Polygon","coordinates":[[[121.5799424,25.0504845],[121.5799291,25.0505146],[121.5799057,25.0505062],[121.579919,25.050476],[121.5799424,25.0504845]]]}},{"type":"Feature","id":"dt_wsqqx3hw3","properties":{"id":"dt_wsqqx3hw3","status":"auto","conf":0.9661,"n_detections":1,"heading_deg":89.0,"length_m":4.26,"width_m":2.44,"corner":"NW","intersection_id":"TPS_00367","intersection_dist_m":17.2,"serves_from_bearing":269.0,"serves_to_bearing":179.0,"serves_quality":"good","lat":25.0554051,"lon":121.613914,"confidence":"confirmed","source":"dieturn/yolo26s-obb_ep144@taipei_udd_ortho_2025","source_updated_at":"2026-09-05"},"geometry":{"type":"Polygon","coordinates":[[[121.6139353,25.0553944],[121.6139349,25.0554164],[121.6138926,25.0554158],[121.613893,25.0553937],[121.6139353,25.0553944]]]}},{"type":"Feature","id":"dt_wsqqmxctm","properties":{"id":"dt_wsqqmxctm","status":"auto","conf":0.9661,"n_detections":1,"heading_deg":88.5,"length_m":6.22,"width_m":2.49,"corner":"SE","intersection_id":"TPS_00700","intersection_dist_m":14.7,"serves_from_bearing":88.5,"serves_to_bearing":358.5,"serves_quality":"good","lat":25.04837,"lon":121.5330768,"confidence":"confirmed","source":"dieturn/yolo26s-obb_ep144@taipei_udd_ortho_2025","source_updated_at":"2026-09-05"},"geometry":{"type":"Polygon","coordinates":[[[121.5331079,25.0483594],[121.5331073,25.048382],[121.5330457,25.0483805],[121.5330463,25.048358],[121.5331079,25.0483594]]]}},{"type":"Feature","id":"dt_wsqqtd1g5","properties":{"id":"dt_wsqqtd1g5","status":"auto","conf":0.966,"n_detections":1,"heading_deg":179.8,"length_m":4.51,"width_m":2.41,"corner":"NE","intersection_id":"TPS_00250","intersection_dist_m":10.8,"serves_from_bearing":359.8,"serves_to_bearing":269.8,"serves_quality":"ambiguous","lat":25.0603576,"lon":121.5333305,"confidence":"confirmed","source":"dieturn/yolo26s-obb_ep144@taipei_udd_ortho_2025","source_updated_at":"2026-09-05"},"geometry":{"type":"Polygon","coordinates":[[[121.5333425,25.0603373],[121.5333424,25.0603781],[121.5333185,25.0603779],[121.5333187,25.0603372],[121.5333425,25.0603373]]]}},{"type":"Feature","id":"dt_wsqqtvevd","properties":{"id":"dt_wsqqtvevd","status":"auto","conf":0.966,"n_detections":1,"heading_deg":81.7,"length_m":4.28,"width_m":2.33,"corner":"NW","intersection_id":"TPS_00525","intersection_dist_m":17.3,"serves_from_bearing":261.7,"serves_to_bearing":171.7,"serves_quality":"good","lat":25.0799874,"lon":121.546993,"confidence":"confirmed","source":"dieturn/yolo26s-obb_ep144@taipei_udd_ortho_2025","source_updated_at":"2026-09-05"},"geometry":{"type":"Polygon","coordinates":[[[121.5470156,25.0799798],[121.5470123,25.0800007],[121.5469703,25.0799951],[121.5469737,25.0799742],[121.5470156,25.0799798]]]}},{"type":"Feature","id":"dt_wsqqmwc95","properties":{"id":"dt_wsqqmwc95","status":"auto","conf":0.966,"n_detections":2,"heading_deg":90.4,"length_m":7.22,"width_m":2.83,"corner":"NE","intersection_id":"TPS_00458","intersection_dist_m":12.1,"serves_from_bearing":0.4,"serves_to_bearing":270.4,"serves_quality":"good","lat":25.0421496,"lon":121.5329739,"confidence":"confirmed","source":"dieturn/yolo26s-obb_ep144@taipei_udd_ortho_2025","source_updated_at":"2026-09-05"},"geometry":{"type":"Polygon","coordinates":[[[121.5330095,25.0421365],[121.5330097,25.0421621],[121.5329382,25.0421626],[121.5329379,25.042137],[121.5330095,25.0421365]]]}},{"type":"Feature","id":"dt_wsqqt34hp","properties":{"id":"dt_wsqqt34hp","status":"auto","conf":0.9659,"n_detections":1,"heading_deg":4.0,"length_m":5.56,"width_m":2.37,"corner":"NE","intersection_id":"TPS_00344","intersection_dist_m":16.1,"serves_from_bearing":4.0,"serves_to_bearing":274.0,"serves_quality":"good","lat":25.0550197,"lon":121.5228624,"confidence":"confirmed","source":"dieturn/yolo26s-obb_ep144@taipei_udd_ortho_2025","source_updated_at":"2026-09-05"},"geometry":{"type":"Polygon","coordinates":[[[121.5228722,25.0549938],[121.5228761,25.055044],[121.5228527,25.0550455],[121.5228488,25.0549953],[121.5228722,25.0549938]]]}},{"type":"Feature","id":"dt_wsqqtr33s","properties":{"id":"dt_wsqqtr33s","status":"auto","conf":0.9657,"n_detections":1,"heading_deg":136.1,"length_m":3.55,"width_m":2.48,"corner":"NE","intersection_id":"TPS_00767","intersection_dist_m":19.0,"serves_from_bearing":46.1,"serves_to_bearing":316.1,"serves_quality":"ambiguous","lat":25.088951,"lon":121.5216794,"confidence":"confirmed","source":"dieturn/yolo26s-obb_ep144@taipei_udd_ortho_2025","source_updated_at":"2026-09-05"},"geometry":{"type":"Polygon","coordinates":[[[121.5217005,25.0889472],[121.5216761,25.0889703],[121.5216582,25.0889549],[121.5216826,25.0889317],[121.5217005,25.0889472]]]}},{"type":"Feature","id":"dt_wsqqnjj3x","properties":{"id":"dt_wsqqnjj3x","status":"auto","conf":0.9656,"n_detections":1,"heading_deg":89.5,"length_m":4.42,"width_m":2.37,"corner":"SE","intersection_id":"TPS_00177","intersection_dist_m":11.8,"serves_from_bearing":89.5,"serves_to_bearing":359.5,"serves_quality":"good","lat":24.988671,"lon":121.5602698,"confidence":"confirmed","source":"dieturn/yolo26s-obb_ep144@taipei_udd_ortho_2025","source_updated_at":"2026-09-05"},"geometry":{"type":"Polygon","coordinates":[[[121.5602918,24.9886605],[121.5602916,24.9886819],[121.5602477,24.9886815],[121.5602479,24.9886601],[121.5602918,24.9886605]]]}},{"type":"Feature","id":"dt_wsqqtbcf4","properties":{"id":"dt_wsqqtbcf4","status":"auto","conf":0.9656,"n_detections":1,"heading_deg":176.8,"length_m":3.13,"width_m":2.59,"corner":"NE","intersection_id":"TPS_00651","intersection_dist_m":18.4,"serves_from_bearing":356.8,"serves_to_bearing":266.8,"serves_quality":"ambiguous","lat":25.053328,"lon":121.5442575,"confidence":"confirmed","source":"dieturn/yolo26s-obb_ep144@taipei_udd_ortho_2025","source_updated_at":"2026-09-05"},"geometry":{"type":"Polygon","coordinates":[[[121.5442712,25.0533145],[121.5442695,25.0533427],[121.5442438,25.0533415],[121.5442457,25.0533132],[121.5442712,25.0533145]]]}},{"type":"Feature","id":"dt_wsqqqp793","properties":{"id":"dt_wsqqqp793","status":"auto","conf":0.9655,"n_detections":1,"heading_deg":170.2,"length_m":4.72,"width_m":2.51,"corner":"SW","intersection_id":"TPS_00041","intersection_dist_m":25.4,"serves_from_bearing":170.2,"serves_to_bearing":80.2,"serves_quality":"good","lat":25.0449328,"lon":121.5575989,"confidence":"confirmed","source":"dieturn/yolo26s-obb_ep144@taipei_udd_ortho_2025","source_updated_at":"2026-09-05"},"geometry":{"type":"Polygon","coordinates":[[[121.5576151,25.0449137],[121.5576071,25.0449557],[121.5575826,25.0449519],[121.5575906,25.0449098],[121.5576151,25.0449137]]]}},{"type":"Feature","id":"dt_wsqqt8dgt","properties":{"id":"dt_wsqqt8dgt","status":"auto","conf":0.9655,"n_detections":1,"heading_deg":86.0,"length_m":4.44,"width_m":2.45,"corner":"NW","intersection_id":"TPS_00716","intersection_dist_m":17.8,"serves_from_bearing":266.0,"serves_to_bearing":176.0,"serves_quality":"ambiguous","lat":25.0521796,"lon":121.5347662,"confidence":"confirmed","source":"dieturn/yolo26s-obb_ep144@taipei_udd_ortho_2025","source_updated_at":"2026-09-05"},"geometry":{"type":"Polygon","coordinates":[[[121.5347891,25.0521699],[121.5347873,25.052192],[121.5347434,25.0521892],[121.5347451,25.0521671],[121.5347891,25.0521699]]]}},{"type":"Feature","id":"dt_wsqqtbt2j","properties":{"id":"dt_wsqqtbt2j","status":"auto","conf":0.9655,"n_detections":2,"heading_deg":87.3,"length_m":6.5,"width_m":2.8,"corner":"NE","intersection_id":"TPS_01117","intersection_dist_m":18.4,"serves_from_bearing":357.3,"serves_to_bearing":267.3,"serves_quality":"good","lat":25.0515893,"lon":121.5491864,"confidence":"confirmed","source":"dieturn/yolo26s-obb_ep144@taipei_udd_ortho_2025","source_updated_at":"2026-09-05"},"geometry":{"type":"Polygon","coordinates":[[[121.5492193,25.0515781],[121.5492179,25.0516034],[121.5491536,25.0516006],[121.5491549,25.0515753],[121.5492193,25.0515781]]]}},{"type":"Feature","id":"dt_wsqqqrkev","properties":{"id":"dt_wsqqqrkev","status":"auto","conf":0.9654,"n_detections":1,"heading_deg":144.5,"length_m":3.53,"width_m":2.74,"corner":"SW","intersection_id":"TPS_00145","intersection_dist_m":41.3,"serves_from_bearing":144.5,"serves_to_bearing":54.5,"serves_quality":"good","lat":25.0453702,"lon":121.570125,"confidence":"confirmed","source":"dieturn/yolo26s-obb_ep144@taipei_udd_ortho_2025","source_updated_at":"2026-09-05"},"geometry":{"type":"Polygon","coordinates":[[[121.5701463,25.0453644],[121.570126,25.0453903],[121.5701038,25.045376],[121.570124,25.0453501],[121.5701463,25.0453644]]]}},{"type":"Feature","id":"dt_wsqqjxndp","properties":{"id":"dt_wsqqjxndp","status":"auto","conf":0.9654,"n_detections":1,"heading_deg":158.3,"length_m":4.48,"width_m":2.61,"corner":"NE","intersection_id":"TPS_00508","intersection_dist_m":14.5,"serves_from_bearing":338.3,"serves_to_bearing":248.3,"serves_quality":"good","lat":24.9997507,"lon":121.5400036,"confidence":"confirmed","source":"dieturn/yolo26s-obb_ep144@taipei_udd_ortho_2025","source_updated_at":"2026-09-05"},"geometry":{"type":"Polygon","coordinates":[[[121.5400239,24.9997362],[121.5400074,24.9997738],[121.5399833,24.9997652],[121.5399997,24.9997275],[121.5400239,24.9997362]]]}},{"type":"Feature","id":"dt_wsqqx2v92","properties":{"id":"dt_wsqqx2v92","status":"auto","conf":0.9653,"n_detections":1,"heading_deg":82.2,"length_m":4.35,"width_m":2.23,"corner":"NW","intersection_id":"TPS_00497","intersection_dist_m":11.9,"serves_from_bearing":352.2,"serves_to_bearing":262.2,"serves_quality":"ambiguous","lat":25.0531786,"lon":121.6152433,"confidence":"confirmed","source":"dieturn/yolo26s-obb_ep144@taipei_udd_ortho_2025","source_updated_at":"2026-09-05"},"geometry":{"type":"Polygon","coordinates":[[[121.6152662,25.0531713],[121.6152631,25.0531912],[121.6152204,25.0531859],[121.6152235,25.0531659],[121.6152662,25.0531713]]]}},{"type":"Feature","id":"dt_wsqqtpznc","properties":{"id":"dt_wsqqtpznc","status":"auto","conf":0.9653,"n_detections":1,"heading_deg":57.7,"length_m":4.37,"width_m":2.16,"corner":"NW","intersection_id":"TPS_00958","intersection_dist_m":22.9,"serves_from_bearing":237.7,"serves_to_bearing":147.7,"serves_quality":"good","lat":25.0925965,"lon":121.5184876,"confidence":"confirmed","source":"dieturn/yolo26s-obb_ep144@taipei_udd_ortho_2025","source_updated_at":"2026-09-05"},"geometry":{"type":"Polygon","coordinates":[[[121.5185117,25.0925988],[121.5185001,25.0926152],[121.5184635,25.0925942],[121.5184751,25.0925778],[121.5185117,25.0925988]]]}},{"type":"Feature","id":"dt_wsqqvhhfb","properties":{"id":"dt_wsqqvhhfb","status":"auto","conf":0.9652,"n_detections":1,"heading_deg":62.2,"length_m":5.26,"width_m":2.41,"corner":"SE","intersection_id":"TPS_02354","intersection_dist_m":15.3,"serves_from_bearing":62.2,"serves_to_bearing":332.2,"serves_quality":"good","lat":25.1152565,"lon":121.5153367,"confidence":"confirmed","source":"dieturn/yolo26s-obb_ep144@taipei_udd_ortho_2025","source_updated_at":"2026-09-05"},"geometry":{"type":"Polygon","coordinates":[[[121.5153654,25.115258],[121.5153541,25.1152772],[121.515308,25.115255],[121.5153192,25.1152358],[121.5153654,25.115258]]]}},{"type":"Feature","id":"dt_wsqqt45m7","properties":{"id":"dt_wsqqt45m7","status":"auto","conf":0.9651,"n_detections":1,"heading_deg":0.0,"length_m":4.19,"width_m":2.48,"corner":"SW","intersection_id":"TPS_00319","intersection_dist_m":14.6,"serves_from_bearing":180.0,"serves_to_bearing":90.0,"serves_quality":"good","lat":25.0607562,"lon":121.5133973,"confidence":"confirmed","source":"dieturn/yolo26s-obb_ep144@taipei_udd_ortho_2025","source_updated_at":"2026-09-05"},"geometry":{"type":"Polygon","coordinates":[[[121.5134096,25.0607373],[121.5134096,25.0607752],[121.513385,25.0607751],[121.513385,25.0607373],[121.5134096,25.0607373]]]}},{"type":"Feature","id":"dt_wsqqm8tdb","properties":{"id":"dt_wsqqm8tdb","status":"auto","conf":0.965,"n_detections":1,"heading_deg":151.9,"length_m":6.07,"width_m":2.43,"corner":"NE","intersection_id":"TPS_00113","intersection_dist_m":20.8,"serves_from_bearing":331.9,"serves_to_bearing":241.9,"serves_quality":"good","lat":25.0081389,"lon":121.5383247,"confidence":"confirmed","source":"dieturn/yolo26s-obb_ep144@taipei_udd_ortho_2025","source_updated_at":"2026-09-05"},"geometry":{"type":"Polygon","coordinates":[[[121.5383496,25.0081199],[121.5383212,25.0081682],[121.5382999,25.008158],[121.5383283,25.0081096],[121.5383496,25.0081199]]]}},{"type":"Feature","id":"dt_wsqqmp8mx","properties":{"id":"dt_wsqqmp8mx","status":"auto","conf":0.965,"n_detections":1,"heading_deg":15.5,"length_m":4.31,"width_m":2.26,"corner":"NW","intersection_id":"TPS_00347","intersection_dist_m":24.9,"serves_from_bearing":195.5,"serves_to_bearing":105.5,"serves_quality":"good","lat":25.0470666,"lon":121.5094346,"confidence":"confirmed","source":"dieturn/yolo26s-obb_ep144@taipei_udd_ortho_2025","source_updated_at":"2026-09-05"},"geometry":{"type":"Polygon","coordinates":[[[121.5094397,25.0470451],[121.5094511,25.0470826],[121.5094295,25.047088],[121.5094181,25.0470505],[121.5094397,25.0470451]]]}},{"type":"Feature","id":"dt_wsqqnnt31","properties":{"id":"dt_wsqqnnt31","status":"auto","conf":0.965,"n_detections":1,"heading_deg":159.1,"length_m":3.93,"width_m":2.8,"corner":"NE","intersection_id":"TPS_00384","intersection_dist_m":7.0,"serves_from_bearing":339.1,"serves_to_bearing":249.1,"serves_quality":"ambiguous","lat":24.9968279,"lon":121.5600236,"confidence":"confirmed","source":"dieturn/yolo26s-obb_ep144@taipei_udd_ortho_2025","source_updated_at":"2026-09-05"},"geometry":{"type":"Polygon","coordinates":[[[121.5600435,24.9968158],[121.5600296,24.996849],[121.5600036,24.99684],[121.5600174,24.9968068],[121.5600435,24.9968158]]]}},{"type":"Feature","id":"dt_wsqqwns0z","properties":{"id":"dt_wsqqwns0z","status":"auto","conf":0.965,"n_detections":1,"heading_deg":66.2,"length_m":5.52,"width_m":2.35,"corner":"SE","intersection_id":"TPS_00528","intersection_dist_m":18.8,"serves_from_bearing":66.2,"serves_to_bearing":336.2,"serves_quality":"good","lat":25.0847049,"lon":121.5585703,"confidence":"confirmed","source":"dieturn/yolo26s-obb_ep144@taipei_udd_ortho_2025","source_updated_at":"2026-09-05"},"geometry":{"type":"Polygon","coordinates":[[[121.5586001,25.0847052],[121.5585906,25.0847247],[121.5585405,25.0847046],[121.55855,25.0846851],[121.5586001,25.0847052]]]}},{"type":"Feature","id":"dt_wsqqmgcq5","properties":{"id":"dt_wsqqmgcq5","status":"auto","conf":0.965,"n_detections":1,"heading_deg":177.7,"length_m":2.84,"width_m":2.23,"corner":"NE","intersection_id":"TPS_00617","intersection_dist_m":15.4,"serves_from_bearing":357.7,"serves_to_bearing":267.7,"serves_quality":"good","lat":25.0265542,"lon":121.5436131,"confidence":"confirmed","source":"dieturn/yolo26s-obb_ep144@taipei_udd_ortho_2025","source_updated_at":"2026-09-05"},"geometry":{"type":"Polygon","coordinates":[[[121.5436247,25.0265417],[121.5436236,25.0265674],[121.5436015,25.0265666],[121.5436027,25.0265409],[121.5436247,25.0265417]]]}},{"type":"Feature","id":"dt_wsqqmw16u","properties":{"id":"dt_wsqqmw16u","status":"auto","conf":0.9649,"n_detections":1,"heading_deg":79.9,"length_m":6.62,"width_m":3.08,"corner":"NW","intersection_id":"TPS_00014","intersection_dist_m":27.4,"serves_from_bearing":259.9,"serves_to_bearing":169.9,"serves_quality":"good","lat":25.0383466,"lon":121.5326579,"confidence":"confirmed","source":"dieturn/yolo26s-obb_ep144@taipei_udd_ortho_2025","source_updated_at":"2026-09-05"},"geometry":{"type":"Polygon","coordinates":[[[121.5326929,25.0383382],[121.5326875,25.0383656],[121.5326228,25.0383551],[121.5326283,25.0383277],[121.5326929,25.0383382]]]}},{"type":"Feature","id":"dt_wsqqw2njz","properties":{"id":"dt_wsqqw2njz","status":"auto","conf":0.9649,"n_detections":1,"heading_deg":87.0,"length_m":6.34,"width_m":2.54,"corner":"SE","intersection_id":"TPS_00329","intersection_dist_m":16.3,"serves_from_bearing":177.0,"serves_to_bearing":87.0,"serves_quality":"ambiguous","lat":25.0498334,"lon":121.5722755,"confidence":"confirmed","source":"dieturn/yolo26s-obb_ep144@taipei_udd_ortho_2025","source_updated_at":"2026-09-05"},"geometry":{"type":"Polygon","coordinates":[[[121.5723076,25.0498234],[121.5723063,25.0498464],[121.5722435,25.0498434],[121.5722448,25.0498204],[121.5723076,25.0498234]]]}},{"type":"Feature","id":"dt_wsqqwq53k","properties":{"id":"dt_wsqqwq53k","status":"auto","conf":0.9649,"n_detections":1,"heading_deg":89.5,"length_m":4.78,"width_m":2.54,"corner":"SW","intersection_id":"TPS_00523","intersection_dist_m":13.5,"serves_from_bearing":179.5,"serves_to_bearing":89.5,"serves_quality":"ambiguous","lat":25.0820153,"lon":121.5683865,"confidence":"confirmed","source":"dieturn/yolo26s-obb_ep144@taipei_udd_ortho_2025","source_updated_at":"2026-09-05"},"geometry":{"type":"Polygon","coordinates":[[[121.5684103,25.082004],[121.5684101,25.0820269],[121.5683627,25.0820266],[121.5683629,25.0820036],[121.5684103,25.082004]]]}},{"type":"Feature","id":"dt_wsqqtd7n2","properties":{"id":"dt_wsqqtd7n2","status":"auto","conf":0.9649,"n_detections":1,"heading_deg":85.5,"length_m":3.46,"width_m":2.43,"corner":"SW","intersection_id":"TPS_00679","intersection_dist_m":16.2,"serves_from_bearing":175.5,"serves_to_bearing":85.5,"serves_quality":"good","lat":25.0622954,"lon":121.5349172,"confidence":"confirmed","source":"dieturn/yolo26s-obb_ep144@taipei_udd_ortho_2025","source_updated_at":"2026-09-05"},"geometry":{"type":"Polygon","coordinates":[[[121.5349353,25.0622856],[121.5349334,25.0623075],[121.5348992,25.0623051],[121.534901,25.0622832],[121.5349353,25.0622856]]]}},{"type":"Feature","id":"dt_wsqqwvgcv","properties":{"id":"dt_wsqqwvgcv","status":"auto","conf":0.9649,"n_detections":1,"heading_deg":40.2,"length_m":4.79,"width_m":2.04,"corner":"NE","intersection_id":"TPS_00911","intersection_dist_m":19.8,"serves_from_bearing":40.2,"serves_to_bearing":310.2,"serves_quality":"good","lat":25.080727,"lon":121.5910761,"confidence":"confirmed","source":"dieturn/yolo26s-obb_ep144@taipei_udd_ortho_2025","source_updated_at":"2026-09-05"},"geometry":{"type":"Polygon","coordinates":[[[121.5910686,25.0807046],[121.5910992,25.0807376],[121.5910837,25.0807495],[121.591053,25.0807165],[121.5910686,25.0807046]]]}},{"type":"Feature","id":"dt_wsqqtdrre","properties":{"id":"dt_wsqqtdrre","status":"auto","conf":0.9649,"n_detections":1,"heading_deg":87.5,"length_m":4.26,"width_m":2.49,"corner":"SW","intersection_id":"TPS_01194","intersection_dist_m":15.4,"serves_from_bearing":177.5,"serves_to_bearing":87.5,"serves_quality":"ambiguous","lat":25.0625034,"lon":121.5408674,"confidence":"confirmed","source":"dieturn/yolo26s-obb_ep144@taipei_udd_ortho_2025","source_updated_at":"2026-09-05"},"geometry":{"type":"Polygon","coordinates":[[[121.540889,25.062493],[121.5408879,25.0625155],[121.5408457,25.0625138],[121.5408468,25.0624913],[121.540889,25.062493]]]}},{"type":"Feature","id":"dt_wsqqnjj3f","properties":{"id":"dt_wsqqnjj3f","status":"auto","conf":0.9648,"n_detections":1,"heading_deg":159.4,"length_m":5.86,"width_m":2.55,"corner":"SW","intersection_id":"TPS_00177","intersection_dist_m":10.4,"serves_from_bearing":249.4,"serves_to_bearing":159.4,"serves_quality":"ambiguous","lat":24.9887109,"lon":121.5600683,"confidence":"confirmed","source":"dieturn/yolo26s-obb_ep144@taipei_udd_ortho_2025","source_updated_at":"2026-09-05"},"geometry":{"type":"Polygon","coordinates":[[[121.5600903,24.9886901],[121.5600699,24.9887397],[121.5600462,24.9887317],[121.5600667,24.9886821],[121.5600903,24.9886901]]]}},{"type":"Feature","id":"dt_wsqqv6j41","properties":{"id":"dt_wsqqv6j41","status":"auto","conf":0.9648,"n_detections":1,"heading_deg":75.9,"length_m":3.6,"width_m":2.42,"corner":"SE","intersection_id":"TPS_00955","intersection_dist_m":14.7,"serves_from_bearing":75.9,"serves_to_bearing":345.9,"serves_quality":"good","lat":25.1041303,"lon":121.5266947,"confidence":"confirmed","source":"dieturn/yolo26s-obb_ep144@taipei_udd_ortho_2025","source_updated_at":"2026-09-05"},"geometry":{"type":"Polygon","coordinates":[[[121.526715,25.1041237],[121.526709,25.1041449],[121.5266744,25.1041369],[121.5266804,25.1041157],[121.526715,25.1041237]]]}},{"type":"Feature","id":"dt_wsqqw74y4","properties":{"id":"dt_wsqqw74y4","status":"auto","conf":0.9648,"n_detections":2,"heading_deg":168.2,"length_m":4.98,"width_m":2.53,"corner":"SE","intersection_id":"TPS_02484","intersection_dist_m":8.9,"serves_from_bearing":78.2,"serves_to_bearing":348.2,"serves_quality":"good","lat":25.0663652,"lon":121.5676139,"confidence":"confirmed","source":"dieturn/yolo26s-obb_ep144@taipei_udd_ortho_2025","source_updated_at":"2026-09-05"},"geometry":{"type":"Polygon","coordinates":[[[121.5676312,25.0663455],[121.5676211,25.0663896],[121.5675966,25.0663849],[121.5676066,25.0663409],[121.5676312,25.0663455]]]}},{"type":"Feature","id":"dt_wsqqmxcmx","properties":{"id":"dt_wsqqmxcmx","status":"auto","conf":0.9647,"n_detections":1,"heading_deg":0.9,"length_m":4.21,"width_m":2.36,"corner":"SW","intersection_id":"TPS_00700","intersection_dist_m":17.8,"serves_from_bearing":180.9,"serves_to_bearing":90.9,"serves_quality":"good","lat":25.048423,"lon":121.5327987,"confidence":"confirmed","source":"dieturn/yolo26s-obb_ep144@taipei_udd_ortho_2025","source_updated_at":"2026-09-05"},"geometry":{"type":"Polygon","coordinates":[[[121.5328101,25.0484039],[121.5328107,25.0484419],[121.5327873,25.0484422],[121.5327867,25.0484042],[121.5328101,25.0484039]]]}},{"type":"Feature","id":"dt_wsqqtd9bh","properties":{"id":"dt_wsqqtd9bh","status":"auto","conf":0.9647,"n_detections":3,"heading_deg":175.8,"length_m":2.65,"width_m":2.54,"corner":"NW","intersection_id":"TPS_01201","intersection_dist_m":10.6,"serves_from_bearing":265.8,"serves_to_bearing":175.8,"serves_quality":"good","lat":25.0625776,"lon":121.5333776,"confidence":"confirmed","source":"dieturn/yolo26s-obb_ep144@taipei_udd_ortho_2025","source_updated_at":"2026-09-05"},"geometry":{"type":"Polygon","coordinates":[[[121.5333911,25.0625665],[121.5333891,25.0625904],[121.5333641,25.0625887],[121.5333661,25.0625648],[121.5333911,25.0625665]]]}},{"type":"Feature","id":"dt_wsqqmw3m7","properties":{"id":"dt_wsqqmw3m7","status":"auto","conf":0.9645,"n_detections":1,"heading_deg":2.7,"length_m":4.3,"width_m":2.51,"corner":"SW","intersection_id":"TPS_00015","intersection_dist_m":18.8,"serves_from_bearing":182.7,"serves_to_bearing":92.7,"serves_quality":"ambiguous","lat":25.0401509,"lon":121.5326434,"confidence":"confirmed","source":"dieturn/yolo26s-obb_ep144@taipei_udd_ortho_2025","source_updated_at":"2026-09-05"},"geometry":{"type":"Polygon","coordinates":[[[121.5326548,25.0401309],[121.5326568,25.0401698],[121.532632,25.0401709],[121.5326299,25.040132],[121.5326548,25.0401309]]]}},{"type":"Feature","id":"dt_wsqqku3yk","properties":{"id":"dt_wsqqku3yk","status":"auto","conf":0.9645,"n_detections":1,"heading_deg":0.5,"length_m":4.66,"width_m":2.19,"corner":"SW","intersection_id":"TPS_00183","intersection_dist_m":16.7,"serves_from_bearing":180.5,"serves_to_bearing":90.5,"serves_quality":"good","lat":25.0293243,"lon":121.5004022,"confidence":"confirmed","source":"dieturn/yolo26s-obb_ep144@taipei_udd_ortho_2025","source_updated_at":"2026-09-05"},"geometry":{"type":"Polygon","coordinates":[[[121.5004129,25.0293032],[121.5004133,25.0293453],[121.5003915,25.0293455],[121.5003911,25.0293033],[121.5004129,25.0293032]]]}},{"type":"Feature","id":"dt_wsqqmv3rb","properties":{"id":"dt_wsqqmv3rb","status":"auto","conf":0.9645,"n_detections":1,"heading_deg":178.3,"length_m":3.51,"width_m":2.02,"corner":"SW","intersection_id":"TPS_00571","intersection_dist_m":15.7,"serves_from_bearing":178.3,"serves_to_bearing":88.3,"serves_quality":"good","lat":25.0350676,"lon":121.5434992,"confidence":"confirmed","source":"dieturn/yolo26s-obb_ep144@taipei_udd_ortho_2025","source_updated_at":"2026-09-05"},"geometry":{"type":"Polygon","coordinates":[[[121.5435097,25.035052],[121.5435087,25.0350838],[121.5434887,25.0350832],[121.5434897,25.0350515],[121.5435097,25.035052]]]}},{"type":"Feature","id":"dt_wsqqqnees","properties":{"id":"dt_wsqqqnees","status":"auto","conf":0.9644,"n_detections":1,"heading_deg":89.0,"length_m":5.31,"width_m":2.8,"corner":"SE","intersection_id":"TPS_00071","intersection_dist_m":12.9,"serves_from_bearing":89.0,"serves_to_bearing":359.0,"serves_quality":"good","lat":25.0411912,"lon":121.5577322,"confidence":"confirmed","source":"dieturn/yolo26s-obb_ep144@taipei_udd_ortho_2025","source_updated_at":"2026-09-05"},"geometry":{"type":"Polygon","coordinates":[[[121.5577588,25.041179],[121.5577583,25.0412043],[121.5577056,25.0412035],[121.5577062,25.0411781],[121.5577588,25.041179]]]}},{"type":"Feature","id":"dt_wsqqt0jyj","properties":{"id":"dt_wsqqt0jyj","status":"auto","conf":0.9644,"n_detections":1,"heading_deg":13.9,"length_m":4.56,"width_m":2.45,"corner":"NE","intersection_id":"TPS_00288","intersection_dist_m":12.0,"serves_from_bearing":13.9,"serves_to_bearing":283.9,"serves_quality":"good","lat":25.0498619,"lon":121.5169068,"confidence":"confirmed","source":"dieturn/yolo26s-obb_ep144@taipei_udd_ortho_2025","source_updated_at":"2026-09-05"},"geometry":{"type":"Polygon","coordinates":[[[121.5169132,25.0498393],[121.5169241,25.0498793],[121.5169005,25.0498846],[121.5168896,25.0498446],[121.5169132,25.0498393]]]}},{"type":"Feature","id":"dt_wsqqmuhzk","properties":{"id":"dt_wsqqmuhzk","status":"auto","conf":0.9642,"n_detections":1,"heading_deg":1.9,"length_m":4.09,"width_m":2.5,"corner":"SW","intersection_id":"TPS_00006","intersection_dist_m":7.8,"serves_from_bearing":181.9,"serves_to_bearing":91.9,"serves_quality":"good","lat":25.0281317,"lon":121.5484487,"confidence":"confirmed","source":"dieturn/yolo26s-obb_ep144@taipei_udd_ortho_2025","source_updated_at":"2026-09-05"},"geometry":{"type":"Polygon","coordinates":[[[121.5484604,25.0281128],[121.5484618,25.0281498],[121.5484369,25.0281505],[121.5484356,25.0281136],[121.5484604,25.0281128]]]}},{"type":"Feature","id":"dt_wsqqqwuwp","properties":{"id":"dt_wsqqqwuwp","status":"auto","conf":0.9642,"n_detections":1,"heading_deg":53.5,"length_m":4.74,"width_m":2.54,"corner":"SE","intersection_id":"TPS_00352","intersection_dist_m":26.1,"serves_from_bearing":143.5,"serves_to_bearing":53.5,"serves_quality":"good","lat":25.0430126,"lon":121.5812219,"confidence":"confirmed","source":"dieturn/yolo26s-obb_ep144@taipei_udd_ortho_2025","source_updated_at":"2026-09-05"},"geometry":{"type":"Polygon","coordinates":[[[121.5812483,25.0430162],[121.5812332,25.0430346],[121.5811954,25.0430091],[121.5812106,25.0429907],[121.5812483,25.0430162]]]}},{"type":"Feature","id":"dt_wsqqqp0v3","properties":{"id":"dt_wsqqqp0v3","status":"auto","conf":0.964,"n_detections":1,"heading_deg":78.8,"length_m":6.1,"width_m":2.53,"corner":"SE","intersection_id":"TPS_00580","intersection_dist_m":15.8,"serves_from_bearing":78.8,"serves_to_bearing":348.8,"serves_quality":"ambiguous","lat":25.0442424,"lon":121.5538109,"confidence":"confirmed","source":"dieturn/yolo26s-obb_ep144@taipei_udd_ortho_2025","source_updated_at":"2026-09-05"},"geometry":{"type":"Polygon","coordinates":[[[121.5538431,25.0442365],[121.5538381,25.044259],[121.5537788,25.0442482],[121.5537838,25.0442258],[121.5538431,25.0442365]]]}},{"type":"Feature","id":"dt_wsqqnmx5w","properties":{"id":"dt_wsqqnmx5w","status":"auto","conf":0.9639,"n_detections":1,"heading_deg":87.4,"length_m":4.75,"width_m":2.62,"corner":"NW","intersection_id":"TPS_00181","intersection_dist_m":13.1,"serves_from_bearing":267.4,"serves_to_bearing":177.4,"serves_quality":"good","lat":24.9917544,"lon":121.5736178,"confidence":"confirmed","source":"dieturn/yolo26s-obb_ep144@taipei_udd_ortho_2025","source_updated_at":"2026-09-05"},"geometry":{"type":"Polygon","coordinates":[[[121.5736419,24.9917436],[121.5736407,24.9917673],[121.5735936,24.9917653],[121.5735949,24.9917416],[121.5736419,24.9917436]]]}},{"type":"Feature","id":"dt_wsqqqkgmt","properties":{"id":"dt_wsqqqkgmt","status":"auto","conf":0.9639,"n_detections":1,"heading_deg":176.6,"length_m":3.16,"width_m":2.13,"corner":"NE","intersection_id":"TPS_00633","intersection_dist_m":12.1,"serves_from_bearing":356.6,"serves_to_bearing":266.6,"serves_quality":"ambiguous","lat":25.0319199,"lon":121.5684162,"confidence":"confirmed","source":"dieturn/yolo26s-obb_ep144@taipei_udd_ortho_2025","source_updated_at":"2026-09-05"},"geometry":{"type":"Polygon","coordinates":[[[121.5684276,25.0319063],[121.5684258,25.0319347],[121.5684047,25.0319336],[121.5684066,25.0319052],[121.5684276,25.0319063]]]}},{"type":"Feature","id":"dt_wsqqkv907","properties":{"id":"dt_wsqqkv907","status":"auto","conf":0.9639,"n_detections":1,"heading_deg":89.1,"length_m":3.9,"width_m":2.53,"corner":"NE","intersection_id":"TPS_00931","intersection_dist_m":21.8,"serves_from_bearing":359.1,"serves_to_bearing":269.1,"serves_quality":"good","lat":25.0351617,"lon":121.4993313,"confidence":"confirmed","source":"dieturn/yolo26s-obb_ep144@taipei_udd_ortho_2025","source_updated_at":"2026-09-05"},"geometry":{"type":"Polygon","coordinates":[[[121.4993508,25.0351506],[121.4993504,25.0351735],[121.4993117,25.0351729],[121.4993121,25.03515],[121.4993508,25.0351506]]]}},{"type":"Feature","id":"dt_wsqqqm1hn","properties":{"id":"dt_wsqqqm1hn","status":"auto","conf":0.9638,"n_detections":1,"heading_deg":87.7,"length_m":6.25,"width_m":2.48,"corner":"NW","intersection_id":"TPS_00603","intersection_dist_m":16.6,"serves_from_bearing":267.7,"serves_to_bearing":177.7,"serves_quality":"good","lat":25.033046,"lon":121.5653691,"confidence":"confirmed","source":"dieturn/yolo26s-obb_ep144@taipei_udd_ortho_2025","source_updated_at":"2026-09-05"},"geometry":{"type":"Polygon","coordinates":[[[121.5654006,25.0330359],[121.5653996,25.0330583],[121.5653377,25.0330561],[121.5653387,25.0330336],[121.5654006,25.0330359]]]}},{"type":"Feature","id":"dt_wsqqqhutg","properties":{"id":"dt_wsqqqhutg","status":"auto","conf":0.9637,"n_detections":1,"heading_deg":30.7,"length_m":3.38,"width_m":2.09,"corner":"SE","intersection_id":"TPS_00592","intersection_dist_m":11.7,"serves_from_bearing":30.7,"serves_to_bearing":300.7,"serves_quality":"good","lat":25.031974,"lon":121.5590696,"confidence":"confirmed","source":"dieturn/yolo26s-obb_ep144@taipei_udd_ortho_2025","source_updated_at":"2026-09-05"},"geometry":{"type":"Polygon","coordinates":[[[121.55907,25.0319561],[121.5590871,25.0319824],[121.5590692,25.031992],[121.5590521,25.0319657],[121.55907,25.0319561]]]}},{"type":"Feature","id":"dt_wsqquus80","properties":{"id":"dt_wsqquus80","status":"auto","conf":0.9637,"n_detections":1,"heading_deg":134.9,"length_m":3.2,"width_m":2.56,"corner":"NE","intersection_id":"TPS_01015","intersection_dist_m":22.5,"serves_from_bearing":314.9,"serves_to_bearing":224.9,"serves_quality":"ambiguous","lat":25.1174988,"lon":121.5040235,"confidence":"confirmed","source":"dieturn/yolo26s-obb_ep144@taipei_udd_ortho_2025","source_updated_at":"2026-09-05"},"geometry":{"type":"Polygon","coordinates":[[[121.5040437,25.1174968],[121.5040212,25.1175172],[121.5040032,25.1175009],[121.5040257,25.1174805],[121.5040437,25.1174968]]]}},{"type":"Feature","id":"dt_wsqqnp32k","properties":{"id":"dt_wsqqnp32k","status":"auto","conf":0.9636,"n_detections":1,"heading_deg":22.2,"length_m":3.05,"width_m":2.53,"corner":"SE","intersection_id":"TPS_00233","intersection_dist_m":8.9,"serves_from_bearing":22.2,"serves_to_bearing":292.2,"serves_quality":"good","lat":25.0008387,"lon":121.5546643,"confidence":"confirmed","source":"dieturn/yolo26s-obb_ep144@taipei_udd_ortho_2025","source_updated_at":"2026-09-05"},"geometry":{"type":"Polygon","coordinates":[[[121.5546702,25.0008217],[121.5546816,25.0008472],[121.5546583,25.0008557],[121.554647,25.0008302],[121.5546702,25.0008217]]]}},{"type":"Feature","id":"dt_wsqqqxzds","properties":{"id":"dt_wsqqqxzds","status":"auto","conf":0.9636,"n_detections":1,"heading_deg":57.5,"length_m":3.68,"width_m":2.74,"corner":"SE","intersection_id":"TPS_00857","intersection_dist_m":19.2,"serves_from_bearing":57.5,"serves_to_bearing":327.5,"serves_quality":"good","lat":25.0479156,"lon":121.5852174,"confidence":"confirmed","source":"dieturn/yolo26s-obb_ep144@taipei_udd_ortho_2025","source_updated_at":"2026-09-05"},"geometry":{"type":"Polygon","coordinates":[[[121.5852401,25.0479141],[121.5852254,25.047935],[121.5851947,25.0479171],[121.5852094,25.0478963],[121.5852401,25.0479141]]]}},{"type":"Feature","id":"dt_wsqqw23vb","properties":{"id":"dt_wsqqw23vb","status":"auto","conf":0.9635,"n_detections":1,"heading_deg":87.6,"length_m":2.84,"width_m":2.44,"corner":"SE","intersection_id":"TPS_00095","intersection_dist_m":21.5,"serves_from_bearing":87.6,"serves_to_bearing":357.6,"serves_quality":"good","lat":25.0512132,"lon":121.5661476,"confidence":"confirmed","source":"dieturn/yolo26s-obb_ep144@taipei_udd_ortho_2025","source_updated_at":"2026-09-05"},"geometry":{"type":"Polygon","coordinates":[[[121.5661623,25.0512028],[121.5661612,25.0512248],[121.566133,25.0512237],[121.566134,25.0512017],[121.5661623,25.0512028]]]}},{"type":"Feature","id":"dt_wsqqqwekf","properties":{"id":"dt_wsqqqwekf","status":"auto","conf":0.9634,"n_detections":1,"heading_deg":59.4,"length_m":3.46,"width_m":2.33,"corner":"SE","intersection_id":"TPS_00662","intersection_dist_m":12.3,"serves_from_bearing":59.4,"serves_to_bearing":329.4,"serves_quality":"ambiguous","lat":25.0414331,"lon":121.5792825,"confidence":"confirmed","source":"dieturn/yolo26s-obb_ep144@taipei_udd_ortho_2025","source_updated_at":"2026-09-05"},"geometry":{"type":"Polygon","coordinates":[[[121.5793032,25.0414321],[121.5792913,25.0414501],[121.5792618,25.0414342],[121.5792737,25.0414162],[121.5793032,25.0414321]]]}},{"type":"Feature","id":"dt_wsqqmqn1r","properties":{"id":"dt_wsqqmqn1r","status":"auto","conf":0.9633,"n_detections":1,"heading_deg":88.3,"length_m":4.64,"width_m":2.4,"corner":"SE","intersection_id":"TPS_00047","intersection_dist_m":17.1,"serves_from_bearing":88.3,"serves_to_bearing":358.3,"serves_quality":"good","lat":25.0380981,"lon":121.5283488,"confidence":"confirmed","source":"dieturn/yolo26s-obb_ep144@taipei_udd_ortho_2025","source_updated_at":"2026-09-05"},"geometry":{"type":"Polygon","coordinates":[[[121.5283721,25.0380879],[121.5283715,25.0381096],[121.5283255,25.0381083],[121.5283262,25.0380866],[121.5283721,25.0380879]]]}},{"type":"Feature","id":"dt_wsqqqwd2d","properties":{"id":"dt_wsqqqwd2d","status":"auto","conf":0.9633,"n_detections":1,"heading_deg":84.0,"length_m":5.42,"width_m":2.5,"corner":"SE","intersection_id":"TPS_00138","intersection_dist_m":14.9,"serves_from_bearing":84.0,"serves_to_bearing":354.0,"serves_quality":"good","lat":25.0406964,"lon":121.5778923,"confidence":"confirmed","source":"dieturn/yolo26s-obb_ep144@taipei_udd_ortho_2025","source_updated_at":"2026-09-05"},"geometry":{"type":"Polygon","coordinates":[[[121.5779204,25.0406878],[121.5779177,25.0407103],[121.5778643,25.0407051],[121.5778669,25.0406826],[121.5779204,25.0406878]]]}},{"type":"Feature","id":"dt_wsqqqq5qf","properties":{"id":"dt_wsqqqq5qf","status":"auto","conf":0.9633,"n_detections":1,"heading_deg":179.0,"length_m":3.43,"width_m":2.24,"corner":"SW","intersection_id":"TPS_00636","intersection_dist_m":15.0,"serves_from_bearing":179.0,"serves_to_bearing":89.0,"serves_quality":"good","lat":25.0390369,"lon":121.5682973,"confidence":"confirmed","source":"dieturn/yolo26s-obb_ep144@taipei_udd_ortho_2025","source_updated_at":"2026-09-05"},"geometry":{"type":"Polygon","coordinates":[[[121.5683087,25.0390215],[121.5683081,25.0390525],[121.5682859,25.0390522],[121.5682865,25.0390212],[121.5683087,25.0390215]]]}},{"type":"Feature","id":"dt_wsqqku6n1","properties":{"id":"dt_wsqqku6n1","status":"auto","conf":0.9632,"n_detections":1,"heading_deg":86.9,"length_m":4.6,"width_m":2.31,"corner":"SE","intersection_id":"TPS_00183","intersection_dist_m":17.8,"serves_from_bearing":86.9,"serves_to_bearing":356.9,"serves_quality":"good","lat":25.0292912,"lon":121.5006193,"confidence":"confirmed","source":"dieturn/yolo26s-obb_ep144@taipei_udd_ortho_2025","source_updated_at":"2026-09-05"},"geometry":{"type":"Polygon","coordinates":[[[121.5006427,25.0292819],[121.5006414,25.0293027],[121.5005959,25.0293005],[121.5005971,25.0292796],[121.5006427,25.0292819]]]}},{"type":"Feature","id":"dt_wsqqwe4z7","properties":{"id":"dt_wsqqwe4z7","status":"auto","conf":0.9632,"n_detections":1,"heading_deg":70.7,"length_m":4.62,"width_m":2.55,"corner":"SE","intersection_id":"TPS_00799","intersection_dist_m":23.5,"serves_from_bearing":70.7,"serves_to_bearing":340.7,"serves_quality":"good","lat":25.0665553,"lon":121.5786356,"confidence":"confirmed","source":"dieturn/yolo26s-obb_ep144@taipei_udd_ortho_2025","source_updated_at":"2026-09-05"},"geometry":{"type":"Polygon","coordinates":[[[121.5786614,25.0665513],[121.578653,25.0665731],[121.5786097,25.0665592],[121.5786182,25.0665375],[121.5786614,25.0665513]]]}},{"type":"Feature","id":"dt_wsqqksvsv","properties":{"id":"dt_wsqqksvsv","status":"auto","conf":0.9632,"n_detections":1,"heading_deg":48.1,"length_m":4.36,"width_m":2.63,"corner":"NW","intersection_id":"TPS_00965","intersection_dist_m":20.4,"serves_from_bearing":228.1,"serves_to_bearing":138.1,"serves_quality":"good","lat":25.0318032,"lon":121.494597,"confidence":"confirmed","source":"dieturn/yolo26s-obb_ep144@taipei_udd_ortho_2025","source_updated_at":"2026-09-05"},"geometry":{"type":"Polygon","coordinates":[[[121.4946219,25.0318075],[121.4946043,25.0318251],[121.4945721,25.0317988],[121.4945897,25.0317812],[121.4946219,25.0318075]]]}},{"type":"Feature","id":"dt_wsqqmzvj1","properties":{"id":"dt_wsqqmzvj1","status":"auto","conf":0.9632,"n_detections":2,"heading_deg":87.3,"length_m":6.8,"width_m":2.66,"corner":"SW","intersection_id":"TPS_01207","intersection_dist_m":19.1,"serves_from_bearing":177.3,"serves_to_bearing":87.3,"serves_quality":"good","lat":25.0483172,"lon":121.548662,"confidence":"confirmed","source":"dieturn/yolo26s-obb_ep144@taipei_udd_ortho_2025","source_updated_at":"2026-09-05"},"geometry":{"type":"Polygon","coordinates":[[[121.5486964,25.0483067],[121.548695,25.0483307],[121.5486276,25.0483278],[121.5486289,25.0483037],[121.5486964,25.0483067]]]}},{"type":"Feature","id":"dt_wsqqmh80c","properties":{"id":"dt_wsqqmh80c","status":"auto","conf":0.9631,"n_detections":1,"heading_deg":141.0,"length_m":4.87,"width_m":2.92,"corner":"NW","intersection_id":"TPS_00824","intersection_dist_m":24.5,"serves_from_bearing":321.0,"serves_to_bearing":231.0,"serves_quality":"good","lat":25.0297317,"lon":121.5088581,"confidence":"confirmed","source":"dieturn/yolo26s-obb_ep144@taipei_udd_ortho_2025","source_updated_at":"2026-09-05"},"geometry":{"type":"Polygon","coordinates":[[[121.5088845,25.0297228],[121.5088542,25.029757],[121.5088316,25.0297406],[121.5088619,25.0297063],[121.5088845,25.0297228]]]}},{"type":"Feature","id":"dt_wsqqks7tb","properties":{"id":"dt_wsqqks7tb","status":"auto","conf":0.963,"n_detections":1,"heading_deg":136.0,"length_m":4.3,"width_m":2.55,"corner":"NE","intersection_id":"TPS_00085","intersection_dist_m":17.8,"serves_from_bearing":46.0,"serves_to_bearing":316.0,"serves_quality":"good","lat":25.0292351,"lon":121.4916641,"confidence":"confirmed","source":"dieturn/yolo26s-obb_ep144@taipei_udd_ortho_2025","source_updated_at":"2026-09-05"},"geometry":{"type":"Polygon","coordinates":[[[121.491688,25.029229],[121.4916584,25.029257],[121.4916401,25.0292411],[121.4916698,25.0292131],[121.491688,25.029229]]]}},{"type":"Feature","id":"dt_wsqqw9ggj","properties":{"id":"dt_wsqqw9ggj","status":"auto","conf":0.963,"n_detections":1,"heading_deg":61.9,"length_m":5.45,"width_m":2.23,"corner":"NW","intersection_id":"TPS_00364","intersection_dist_m":21.3,"serves_from_bearing":241.9,"serves_to_bearing":151.9,"serves_quality":"good","lat":25.0589623,"lon":121.5801084,"confidence":"confirmed","source":"dieturn/yolo26s-obb_ep144@taipei_udd_ortho_2025","source_updated_at":"2026-09-05"},"geometry":{"type":"Polygon","coordinates":[[[121.5801376,25.0589651],[121.580127,25.0589828],[121.5800793,25.0589596],[121.5800899,25.0589418],[121.5801376,25.0589651]]]}},{"type":"Feature","id":"dt_wsqqthxf9","properties":{"id":"dt_wsqqthxf9","status":"auto","conf":0.963,"n_detections":1,"heading_deg":22.2,"length_m":2.82,"width_m":2.11,"corner":"NW","intersection_id":"TPS_00691","intersection_dist_m":16.9,"serves_from_bearing":202.2,"serves_to_bearing":112.2,"serves_quality":"good","lat":25.0740043,"lon":121.5195107,"confidence":"confirmed","source":"dieturn/yolo26s-obb_ep144@taipei_udd_ortho_2025","source_updated_at":"2026-09-05"},"geometry":{"type":"Polygon","coordinates":[[[121.5195151,25.0739889],[121.5195257,25.0740125],[121.5195062,25.0740196],[121.5194956,25.0739961],[121.5195151,25.0739889]]]}},{"type":"Feature","id":"dt_wsqqmqn5m","properties":{"id":"dt_wsqqmqn5m","status":"auto","conf":0.9629,"n_detections":1,"heading_deg":86.7,"length_m":4.27,"width_m":2.37,"corner":"NW","intersection_id":"TPS_00047","intersection_dist_m":17.6,"serves_from_bearing":266.7,"serves_to_bearing":176.7,"serves_quality":"good","lat":25.0384036,"lon":121.52827,"confidence":"confirmed","source":"dieturn/yolo26s-obb_ep144@taipei_udd_ortho_2025","source_updated_at":"2026-09-05"},"geometry":{"type":"Polygon","coordinates":[[[121.5282919,25.0383941],[121.5282905,25.0384154],[121.5282482,25.0384132],[121.5282496,25.0383918],[121.5282919,25.0383941]]]}},{"type":"Feature","id":"dt_wsqqv2vku","properties":{"id":"dt_wsqqv2vku","status":"auto","conf":0.9629,"n_detections":1,"heading_deg":165.4,"length_m":3.48,"width_m":2.77,"corner":"SW","intersection_id":"TPS_00188","intersection_dist_m":17.6,"serves_from_bearing":165.4,"serves_to_bearing":75.4,"serves_quality":"ambiguous","lat":25.0977424,"lon":121.5271931,"confidence":"confirmed","source":"dieturn/yolo26s-obb_ep144@taipei_udd_ortho_2025","source_updated_at":"2026-09-05"},"geometry":{"type":"Polygon","coordinates":[[[121.5272107,25.0977303],[121.527202,25.0977607],[121.5271755,25.0977545],[121.5271842,25.0977241],[121.5272107,25.0977303]]]}},{"type":"Feature","id":"dt_wsqqwbrrb","properties":{"id":"dt_wsqqwbrrb","status":"auto","conf":0.9629,"n_detections":1,"heading_deg":167.9,"length_m":4.58,"width_m":2.58,"corner":"NE","intersection_id":"TPS_00191","intersection_dist_m":20.2,"serves_from_bearing":347.9,"serves_to_bearing":257.9,"serves_quality":"good","lat":25.0515733,"lon":121.5956628,"confidence":"confirmed","source":"dieturn/yolo26s-obb_ep144@taipei_udd_ortho_2025","source_updated_at":"2026-09-05"},"geometry":{"type":"Polygon","coordinates":[[[121.59568,25.0515555],[121.5956705,25.0515959],[121.5956455,25.0515911],[121.595655,25.0515506],[121.59568,25.0515555]]]}},{"type":"Feature","id":"dt_wsqqnnt0s","properties":{"id":"dt_wsqqnnt0s","status":"auto","conf":0.9629,"n_detections":1,"heading_deg":167.8,"length_m":4.37,"width_m":2.6,"corner":"SW","intersection_id":"TPS_00384","intersection_dist_m":16.5,"serves_from_bearing":167.8,"serves_to_bearing":77.8,"serves_quality":"good","lat":24.9967387,"lon":121.5598138,"confidence":"confirmed","source":"dieturn/yolo26s-obb_ep144@taipei_udd_ortho_2025","source_updated_at":"2026-09-05"},"geometry":{"type":"Polygon","coordinates":[[[121.559831,24.9967218],[121.5598218,24.9967605],[121.5597966,24.9967555],[121.5598058,24.9967169],[121.559831,24.9967218]]]}},{"type":"Feature","id":"dt_wsqqtdctw","properties":{"id":"dt_wsqqtdctw","status":"auto","conf":0.9629,"n_detections":1,"heading_deg":176.7,"length_m":2.22,"width_m":2.21,"corner":"NE","intersection_id":"TPS_01112","intersection_dist_m":4.3,"serves_from_bearing":356.7,"serves_to_bearing":266.7,"serves_quality":"good","lat":25.0648871,"lon":121.5330881,"confidence":"confirmed","source":"dieturn/yolo26s-obb_ep144@taipei_udd_ortho_2025","source_updated_at":"2026-09-05"},"geometry":{"type":"Polygon","coordinates":[[[121.5330997,25.0648776],[121.5330984,25.0648977],[121.5330765,25.0648966],[121.5330777,25.0648765],[121.5330997,25.0648776]]]}},{"type":"Feature","id":"dt_wsqqqn8hn","properties":{"id":"dt_wsqqqn8hn","status":"auto","conf":0.9628,"n_detections":1,"heading_deg":86.5,"length_m":4.53,"width_m":2.42,"corner":"SE","intersection_id":"TPS_00583","intersection_dist_m":16.8,"serves_from_bearing":86.5,"serves_to_bearing":356.5,"serves_quality":"ambiguous","lat":25.0412922,"lon":121.5529923,"confidence":"confirmed","source":"dieturn/yolo26s-obb_ep144@taipei_udd_ortho_2025","source_updated_at":"2026-09-05"},"geometry":{"type":"Polygon","coordinates":[[[121.5530155,25.0412826],[121.553014,25.0413044],[121.5529692,25.0413019],[121.5529706,25.0412801],[121.5530155,25.0412826]]]}},{"type":"Feature","id":"dt_wsqqtc197","properties":{"id":"dt_wsqqtc197","status":"auto","conf":0.9628,"n_detections":1,"heading_deg":2.5,"length_m":5.52,"width_m":2.7,"corner":"SW","intersection_id":"TPS_00650","intersection_dist_m":15.7,"serves_from_bearing":182.5,"serves_to_bearing":92.5,"serves_quality":"good","lat":25.0545422,"lon":121.543946,"confidence":"confirmed","source":"dieturn/yolo26s-obb_ep144@taipei_udd_ortho_2025","source_updated_at":"2026-09-05"},"geometry":{"type":"Polygon","coordinates":[[[121.5439582,25.0545167],[121.5439606,25.0545666],[121.5439338,25.0545677],[121.5439314,25.0545178],[121.5439582,25.0545167]]]}},{"type":"Feature","id":"dt_wsqqwnw0h","properties":{"id":"dt_wsqqwnw0h","status":"auto","conf":0.9628,"n_detections":1,"heading_deg":106.9,"length_m":4.56,"width_m":2.47,"corner":"NW","intersection_id":"TPS_00970","intersection_dist_m":13.3,"serves_from_bearing":286.9,"serves_to_bearing":196.9,"serves_quality":"good","lat":25.0845745,"lon":121.5611782,"confidence":"confirmed","source":"dieturn/yolo26s-obb_ep144@taipei_udd_ortho_2025","source_updated_at":"2026-09-05"},"geometry":{"type":"Polygon","coordinates":[[[121.5611962,25.0845578],[121.5612034,25.0845792],[121.5611602,25.0845911],[121.561153,25.0845698],[121.5611962,25.0845578]]]}},{"type":"Feature","id":"dt_wsqqt6ctq","properties":{"id":"dt_wsqqt6ctq","status":"auto","conf":0.9627,"n_detections":1,"heading_deg":175.0,"length_m":4.87,"width_m":2.35,"corner":"SW","intersection_id":"TPS_00321","intersection_dist_m":17.0,"serves_from_bearing":175.0,"serves_to_bearing":85.0,"serves_quality":"good","lat":25.0648559,"lon":121.5220968,"confidence":"confirmed","source":"dieturn/yolo26s-obb_ep144@taipei_udd_ortho_2025","source_updated_at":"2026-09-05"},"geometry":{"type":"Polygon","coordinates":[[[121.5221105,25.0648349],[121.5221063,25.0648788],[121.5220831,25.0648769],[121.5220873,25.0648331],[121.5221105,25.0648349]]]}},{"type":"Feature","id":"dt_wsqqt3wsu","properties":{"id":"dt_wsqqt3wsu","status":"auto","conf":0.9627,"n_detections":1,"heading_deg":87.7,"length_m":3.85,"width_m":2.51,"corner":"SE","intersection_id":"TPS_01521","intersection_dist_m":10.3,"serves_from_bearing":87.7,"serves_to_bearing":357.7,"serves_quality":"ambiguous","lat":25.0579102,"lon":121.5289149,"confidence":"confirmed","source":"dieturn/yolo26s-obb_ep144@taipei_udd_ortho_2025","source_updated_at":"2026-09-05"},"geometry":{"type":"Polygon","coordinates":[[[121.5289345,25.0578996],[121.5289335,25.0579223],[121.5288953,25.0579209],[121.5288963,25.0578981],[121.5289345,25.0578996]]]}},{"type":"Feature","id":"dt_wsqqkyj25","properties":{"id":"dt_wsqqkyj25","status":"auto","conf":0.9627,"n_detections":1,"heading_deg":94.4,"length_m":3.66,"width_m":2.66,"corner":"NW","intersection_id":"TPS_01697","intersection_dist_m":10.3,"serves_from_bearing":274.4,"serves_to_bearing":184.4,"serves_quality":"good","lat":25.0378632,"lon":121.505155,"confidence":"confirmed","source":"dieturn/yolo26s-obb_ep144@taipei_udd_ortho_2025","source_updated_at":"2026-09-05"},"geometry":{"type":"Polygon","coordinates":[[[121.5051721,25.0378499],[121.5051742,25.0378739],[121.505138,25.0378764],[121.5051359,25.0378524],[121.5051721,25.0378499]]]}},{"type":"Feature","id":"dt_wsqqqnpzn","properties":{"id":"dt_wsqqqnpzn","status":"auto","conf":0.9627,"n_detections":1,"heading_deg":89.4,"length_m":5.82,"width_m":2.61,"corner":"SE","intersection_id":"TPS_02412","intersection_dist_m":11.0,"serves_from_bearing":89.4,"serves_to_bearing":359.4,"serves_quality":"good","lat":25.0390574,"lon":121.5636647,"confidence":"confirmed","source":"dieturn/yolo26s-obb_ep144@taipei_udd_ortho_2025","source_updated_at":"2026-09-05"},"geometry":{"type":"Polygon","coordinates":[[[121.5636937,25.0390459],[121.5636934,25.0390695],[121.5636357,25.0390689],[121.5636359,25.0390453],[121.5636937,25.0390459]]]}},{"type":"Feature","id":"dt_wsqqmqn75","properties":{"id":"dt_wsqqmqn75","status":"auto","conf":0.9626,"n_detections":1,"heading_deg":29.8,"length_m":5.95,"width_m":2.36,"corner":"NE","intersection_id":"TPS_00047","intersection_dist_m":23.2,"serves_from_bearing":29.8,"serves_to_bearing":299.8,"serves_quality":"good","lat":25.0383624,"lon":121.5285061,"confidence":"confirmed","source":"dieturn/yolo26s-obb_ep144@taipei_udd_ortho_2025","source_updated_at":"2026-09-05"},"geometry":{"type":"Polygon","coordinates":[[[121.5285017,25.0383338],[121.528531,25.0383805],[121.5285106,25.038391],[121.5284813,25.0383443],[121.5285017,25.0383338]]]}},{"type":"Feature","id":"dt_wsqquxwg3","properties":{"id":"dt_wsqquxwg3","status":"auto","conf":0.9626,"n_detections":1,"heading_deg":40.2,"length_m":5.75,"width_m":2.83,"corner":"SW","intersection_id":"TPS_00174","intersection_dist_m":19.3,"serves_from_bearing":220.2,"serves_to_bearing":130.2,"serves_quality":"good","lat":25.1345493,"lon":121.4961423,"confidence":"confirmed","source":"dieturn/yolo26s-obb_ep144@taipei_udd_ortho_2025","source_updated_at":"2026-09-05"},"geometry":{"type":"Polygon","coordinates":[[[121.4961347,25.1345212],[121.4961715,25.134561],[121.4961499,25.1345774],[121.4961131,25.1345377],[121.4961347,25.1345212]]]}},{"type":"Feature","id":"dt_wsqqt647m","properties":{"id":"dt_wsqqt647m","status":"auto","conf":0.9626,"n_detections":1,"heading_deg":4.2,"length_m":5.31,"width_m":2.3,"corner":"NE","intersection_id":"TPS_00324","intersection_dist_m":16.4,"serves_from_bearing":4.2,"serves_to_bearing":274.2,"serves_quality":"good","lat":25.0603892,"lon":121.5231175,"confidence":"confirmed","source":"dieturn/yolo26s-obb_ep144@taipei_udd_ortho_2025","source_updated_at":"2026-09-05"},"geometry":{"type":"Polygon","coordinates":[[[121.5231269,25.0603645],[121.5231308,25.0604124],[121.5231081,25.060414],[121.5231042,25.060366],[121.5231269,25.0603645]]]}},{"type":"Feature","id":"dt_wsqqm8t66","properties":{"id":"dt_wsqqm8t66","status":"auto","conf":0.9625,"n_detections":1,"heading_deg":64.1,"length_m":4.58,"width_m":2.32,"corner":"NW","intersection_id":"TPS_00113","intersection_dist_m":20.5,"serves_from_bearing":244.1,"serves_to_bearing":154.1,"serves_quality":"good","lat":25.0080535,"lon":121.5380742,"confidence":"confirmed","source":"dieturn/yolo26s-obb_ep144@taipei_udd_ortho_2025","source_updated_at":"2026-09-05"},"geometry":{"type":"Polygon","coordinates":[[[121.5380997,25.0080532],[121.5380895,25.008072],[121.5380487,25.0080539],[121.5380588,25.008035],[121.5380997,25.0080532]]]}},{"type":"Feature","id":"dt_wsqqmv9mz","properties":{"id":"dt_wsqqmv9mz","status":"auto","conf":0.9624,"n_detections":1,"heading_deg":2.0,"length_m":4.53,"width_m":2.6,"corner":"NE","intersection_id":"TPS_00549","intersection_dist_m":14.8,"serves_from_bearing":2.0,"serves_to_bearing":272.0,"serves_quality":"good","lat":25.0361132,"lon":121.5438077,"confidence":"confirmed","source":"dieturn/yolo26s-obb_ep144@taipei_udd_ortho_2025","source_updated_at":"2026-09-05"},"geometry":{"type":"Polygon","coordinates":[[[121.5438199,25.0360923],[121.5438214,25.0361333],[121.5437956,25.0361341],[121.5437941,25.0360931],[121.5438199,25.0360923]]]}},{"type":"Feature","id":"dt_wsqqqpgez","properties":{"id":"dt_wsqqqpgez","status":"auto","conf":0.9624,"n_detections":1,"heading_deg":178.0,"length_m":2.55,"width_m":1.45,"corner":"SE","intersection_id":"TPS_02476","intersection_dist_m":35.0,"serves_from_bearing":88.0,"serves_to_bearing":358.0,"serves_quality":"good","lat":25.0481087,"lon":121.5578786,"confidence":"confirmed","source":"dieturn/yolo26s-obb_ep144@taipei_udd_ortho_2025","source_updated_at":"2026-09-05"},"geometry":{"type":"Polygon","coordinates":[[[121.5578862,25.0480974],[121.5578854,25.0481204],[121.557871,25.0481199],[121.5578718,25.048097],[121.5578862,25.0480974]]]}},{"type":"Feature","id":"dt_wsqqq51br","properties":{"id":"dt_wsqqq51br","status":"auto","conf":0.9623,"n_detections":1,"heading_deg":135.9,"length_m":4.0,"width_m":2.53,"corner":"SW","intersection_id":"TPS_00671","intersection_dist_m":12.2,"serves_from_bearing":135.9,"serves_to_bearing":45.9,"serves_quality":"ambiguous","lat":25.0214439,"lon":121.5554661,"confidence":"confirmed","source":"dieturn/yolo26s-obb_ep144@taipei_udd_ortho_2025","source_updated_at":"2026-09-05"},"geometry":{"type":"Polygon","coordinates":[[[121.555489,25.0214388],[121.5554614,25.0214648],[121.5554433,25.0214489],[121.5554708,25.021423],[121.555489,25.0214388]]]}},{"type":"Feature","id":"dt_wsqqt0q5g","properties":{"id":"dt_wsqqt0q5g","status":"auto","conf":0.9622,"n_detections":1,"heading_deg":14.0,"length_m":5.47,"width_m":2.56,"corner":"SE","intersection_id":"TPS_00729","intersection_dist_m":16.0,"serves_from_bearing":14.0,"serves_to_bearing":284.0,"serves_quality":"good","lat":25.0508834,"lon":121.5171984,"confidence":"confirmed","source":"dieturn/yolo26s-obb_ep144@taipei_udd_ortho_2025","source_updated_at":"2026-09-05"},"geometry":{"type":"Polygon","coordinates":[[[121.5172042,25.0508566],[121.5172173,25.0509046],[121.5171927,25.0509101],[121.5171796,25.0508621],[121.5172042,25.0508566]]]}},{"type":"Feature","id":"dt_wsqqv27sd","properties":{"id":"dt_wsqqv27sd","status":"auto","conf":0.9622,"n_detections":1,"heading_deg":75.2,"length_m":5.85,"width_m":2.39,"corner":"SE","intersection_id":"TPS_00890","intersection_dist_m":11.8,"serves_from_bearing":75.2,"serves_to_bearing":345.2,"serves_quality":"good","lat":25.094936,"lon":121.5246857,"confidence":"confirmed","source":"dieturn/yolo26s-obb_ep144@taipei_udd_ortho_2025","source_updated_at":"2026-09-05"},"geometry":{"type":"Polygon","coordinates":[[[121.5247168,25.0949323],[121.5247107,25.0949532],[121.5246545,25.0949396],[121.5246606,25.0949187],[121.5247168,25.0949323]]]}},{"type":"Feature","id":"dt_wsqqt0fjy","properties":{"id":"dt_wsqqt0fjy","status":"auto","conf":0.9622,"n_detections":1,"heading_deg":175.1,"length_m":4.48,"width_m":2.37,"corner":"NE","intersection_id":"TPS_01582","intersection_dist_m":10.5,"serves_from_bearing":355.1,"serves_to_bearing":265.1,"serves_quality":"good","lat":25.0539366,"lon":121.5118338,"confidence":"confirmed","source":"dieturn/yolo26s-obb_ep144@taipei_udd_ortho_2025","source_updated_at":"2026-09-05"},"geometry":{"type":"Polygon","coordinates":[[[121.5118474,25.0539173],[121.5118436,25.0539576],[121.5118202,25.0539558],[121.511824,25.0539155],[121.5118474,25.0539173]]]}},{"type":"Feature","id":"dt_wsqqmf3b2","properties":{"id":"dt_wsqqmf3b2","status":"auto","conf":0.9621,"n_detections":1,"heading_deg":38.8,"length_m":4.52,"width_m":2.06,"corner":"NW","intersection_id":"TPS_00314","intersection_dist_m":21.0,"serves_from_bearing":218.8,"serves_to_bearing":128.8,"serves_quality":"good","lat":25.0173119,"lon":121.5441601,"confidence":"confirmed","source":"dieturn/yolo26s-obb_ep144@taipei_udd_ortho_2025","source_updated_at":"2026-09-05"},"geometry":{"type":"Polygon","coordinates":[[[121.5441541,25.0172902],[121.5441822,25.017322],[121.5441662,25.0173336],[121.5441381,25.0173018],[121.5441541,25.0172902]]]}},{"type":"Feature","id":"dt_wsqqve81c","properties":{"id":"dt_wsqqve81c","status":"auto","conf":0.9621,"n_detections":1,"heading_deg":19.8,"length_m":4.6,"width_m":2.38,"corner":"SW","intersection_id":"TPS_00514","intersection_dist_m":25.3,"serves_from_bearing":199.8,"serves_to_bearing":109.8,"serves_quality":"good","lat":25.1123377,"lon":121.5308353,"confidence":"confirmed","source":"dieturn/yolo26s-obb_ep144@taipei_udd_ortho_2025","source_updated_at":"2026-09-05"},"geometry":{"type":"Polygon","coordinates":[[[121.5308387,25.1123145],[121.5308542,25.1123537],[121.5308319,25.1123609],[121.5308164,25.1123217],[121.5308387,25.1123145]]]}},{"type":"Feature","id":"dt_wsqqmzcsz","properties":{"id":"dt_wsqqmzcsz","status":"auto","conf":0.9621,"n_detections":1,"heading_deg":1.2,"length_m":4.92,"width_m":2.52,"corner":"NE","intersection_id":"TPS_00629","intersection_dist_m":19.2,"serves_from_bearing":1.2,"serves_to_bearing":271.2,"serves_quality":"good","lat":25.0483011,"lon":121.5441322,"confidence":"confirmed","source":"dieturn/yolo26s-obb_ep144@taipei_udd_ortho_2025","source_updated_at":"2026-09-05"},"geometry":{"type":"Polygon","coordinates":[[[121.5441442,25.0482787],[121.5441452,25.0483231],[121.5441202,25.0483235],[121.5441193,25.0482791],[121.5441442,25.0482787]]]}},{"type":"Feature","id":"dt_wsqqw8ntn","properties":{"id":"dt_wsqqw8ntn","status":"auto","conf":0.9621,"n_detections":1,"heading_deg":141.2,"length_m":4.32,"width_m":2.92,"corner":"NE","intersection_id":"TPS_00986","intersection_dist_m":12.5,"serves_from_bearing":51.2,"serves_to_bearing":321.2,"serves_quality":"ambiguous","lat":25.0497053,"lon":121.5839216,"confidence":"confirmed","source":"dieturn/yolo26s-obb_ep144@taipei_udd_ortho_2025","source_updated_at":"2026-09-05"},"geometry":{"type":"Polygon","coordinates":[[[121.5839464,25.0496983],[121.5839195,25.0497287],[121.5838968,25.0497123],[121.5839236,25.0496818],[121.5839464,25.0496983]]]}},{"type":"Feature","id":"dt_wsqqw21r3","properties":{"id":"dt_wsqqw21r3","status":"auto","conf":0.962,"n_detections":1,"heading_deg":174.2,"length_m":3.55,"width_m":2.3,"corner":"NE","intersection_id":"TPS_00244","intersection_dist_m":11.1,"serves_from_bearing":354.2,"serves_to_bearing":264.2,"serves_quality":"good","lat":25.0501034,"lon":121.5654822,"confidence":"confirmed","source":"dieturn/yolo26s-obb_ep144@taipei_udd_ortho_2025","source_updated_at":"2026-09-05"},"geometry":{"type":"Polygon","coordinates":[[[121.5654953,25.0500885],[121.5654918,25.0501204],[121.5654691,25.0501184],[121.5654727,25.0500864],[121.5654953,25.0500885]]]}},{"type":"Feature","id":"dt_wsqqw27rd","properties":{"id":"dt_wsqqw27rd","status":"auto","conf":0.9619,"n_detections":1,"heading_deg":88.7,"length_m":4.45,"width_m":2.6,"corner":"NW","intersection_id":"TPS_00096","intersection_dist_m":23.4,"serves_from_bearing":268.7,"serves_to_bearing":178.7,"serves_quality":"good","lat":25.0514889,"lon":121.5682781,"confidence":"confirmed","source":"dieturn/yolo26s-obb_ep144@taipei_udd_ortho_2025","source_updated_at":"2026-09-05"},"geometry":{"type":"Polygon","coordinates":[[[121.5683004,25.0514776],[121.5682998,25.0515011],[121.5682557,25.0515002],[121.5682563,25.0514767],[121.5683004,25.0514776]]]}},{"type":"Feature","id":"dt_wsqqqw88b","properties":{"id":"dt_wsqqqw88b","status":"auto","conf":0.9619,"n_detections":1,"heading_deg":88.9,"length_m":5.76,"width_m":2.65,"corner":"SE","intersection_id":"TPS_00654","intersection_dist_m":17.9,"serves_from_bearing":88.9,"serves_to_bearing":358.9,"serves_quality":"good","lat":25.0407391,"lon":121.5754183,"confidence":"confirmed","source":"dieturn/yolo26s-obb_ep144@taipei_udd_ortho_2025","source_updated_at":"2026-09-05"},"geometry":{"type":"Polygon","coordinates":[[[121.5754472,25.0407276],[121.5754467,25.0407516],[121.5753895,25.0407506],[121.57539,25.0407266],[121.5754472,25.0407276]]]}},{"type":"Feature","id":"dt_wsqqt5gwr","properties":{"id":"dt_wsqqt5gwr","status":"auto","conf":0.9619,"n_detections":1,"heading_deg":0.7,"length_m":4.7,"width_m":2.49,"corner":"NE","intersection_id":"TPS_00689","intersection_dist_m":15.3,"serves_from_bearing":0.7,"serves_to_bearing":270.7,"serves_quality":"good","lat":25.0705411,"lon":121.5139275,"confidence":"confirmed","source":"dieturn/yolo26s-obb_ep144@taipei_udd_ortho_2025","source_updated_at":"2026-09-05"},"geometry":{"type":"Polygon","coordinates":[[[121.5139396,25.0705197],[121.5139402,25.0705622],[121.5139155,25.0705625],[121.5139148,25.07052],[121.5139396,25.0705197]]]}},{"type":"Feature","id":"dt_wsqqmh8mu","properties":{"id":"dt_wsqqmh8mu","status":"auto","conf":0.9618,"n_detections":1,"heading_deg":115.7,"length_m":5.43,"width_m":2.48,"corner":"NW","intersection_id":"TPS_00189","intersection_dist_m":14.2,"serves_from_bearing":295.7,"serves_to_bearing":205.7,"serves_quality":"good","lat":25.0306189,"lon":121.5093357,"confidence":"confirmed","source":"dieturn/yolo26s-obb_ep144@taipei_udd_ortho_2025","source_updated_at":"2026-09-05"},"geometry":{"type":"Polygon","coordinates":[[[121.5093545,25.0305981],[121.5093653,25.0306183],[121.5093169,25.0306396],[121.5093061,25.0306195],[121.5093545,25.0305981]]]}},{"type":"Feature","id":"dt_wsqqqnwkv","properties":{"id":"dt_wsqqqnwkv","status":"auto","conf":0.9618,"n_detections":1,"heading_deg":91.0,"length_m":6.09,"width_m":2.49,"corner":"NW","intersection_id":"TPS_00605","intersection_dist_m":20.6,"serves_from_bearing":271.0,"serves_to_bearing":181.0,"serves_quality":"good","lat":25.0414151,"lon":121.5615609,"confidence":"confirmed","source":"dieturn/yolo26s-obb_ep144@taipei_udd_ortho_2025","source_updated_at":"2026-09-05"},"geometry":{"type":"Polygon","coordinates":[[[121.5615908,25.0414033],[121.5615913,25.0414259],[121.5615309,25.0414268],[121.5615305,25.0414043],[121.5615908,25.0414033]]]}},{"type":"Feature","id":"dt_wsqqmkt59","properties":{"id":"dt_wsqqmkt59","status":"auto","conf":0.9618,"n_detections":1,"heading_deg":10.4,"length_m":4.39,"width_m":2.58,"corner":"NE","intersection_id":"TPS_00764","intersection_dist_m":13.3,"serves_from_bearing":10.4,"serves_to_bearing":280.4,"serves_quality":"good","lat":25.0302065,"lon":121.5267019,"confidence":"confirmed","source":"dieturn/yolo26s-obb_ep144@taipei_udd_ortho_2025","source_updated_at":"2026-09-05"},"geometry":{"type":"Polygon","coordinates":[[[121.5267106,25.0301849],[121.5267184,25.0302239],[121.5266933,25.0302281],[121.5266855,25.0301891],[121.5267106,25.0301849]]]}},{"type":"Feature","id":"dt_wsqqmppyb","properties":{"id":"dt_wsqqmppyb","status":"auto","conf":0.9617,"n_detections":1,"heading_deg":12.5,"length_m":4.06,"width_m":2.51,"corner":"SE","intersection_id":"TPS_00036","intersection_dist_m":16.5,"serves_from_bearing":12.5,"serves_to_bearing":282.5,"serves_quality":"good","lat":25.0444961,"lon":121.5194406,"confidence":"confirmed","source":"dieturn/yolo26s-obb_ep144@taipei_udd_ortho_2025","source_updated_at":"2026-09-05"},"geometry":{"type":"Polygon","coordinates":[[[121.5194484,25.0444757],[121.5194571,25.0445116],[121.5194327,25.0445164],[121.519424,25.0444806],[121.5194484,25.0444757]]]}},{"type":"Feature","id":"dt_wsqqqqx90","properties":{"id":"dt_wsqqqqx90","status":"auto","conf":0.9617,"n_detections":1,"heading_deg":85.9,"length_m":2.73,"width_m":2.22,"corner":"SE","intersection_id":"TPS_00657","intersection_dist_m":16.5,"serves_from_bearing":85.9,"serves_to_bearing":355.9,"serves_quality":"ambiguous","lat":25.0407779,"lon":121.5740485,"confidence":"confirmed","source":"dieturn/yolo26s-obb_ep144@taipei_udd_ortho_2025","source_updated_at":"2026-09-05"},"geometry":{"type":"Polygon","coordinates":[[[121.5740628,25.0407688],[121.5740612,25.0407888],[121.5740343,25.040787],[121.5740359,25.040767],[121.5740628,25.0407688]]]}},{"type":"Feature","id":"dt_wsqqw9u5w","properties":{"id":"dt_wsqqw9u5w","status":"auto","conf":0.9616,"n_detections":1,"heading_deg":143.0,"length_m":6.12,"width_m":2.39,"corner":"NE","intersection_id":"TPS_00364","intersection_dist_m":26.4,"serves_from_bearing":323.0,"serves_to_bearing":233.0,"serves_quality":"good","lat":25.0590808,"lon":121.5804787,"confidence":"confirmed","source":"dieturn/yolo26s-obb_ep144@taipei_udd_ortho_2025","source_updated_at":"2026-09-05"},"geometry":{"type":"Polygon","coordinates":[[[121.5805065,25.0590652],[121.58047,25.0591094],[121.5804509,25.0590965],[121.5804875,25.0590523],[121.5805065,25.0590652]]]}},{"type":"Feature","id":"dt_wsqqtnb7t","properties":{"id":"dt_wsqqtnb7t","status":"auto","conf":0.9615,"n_detections":1,"heading_deg":74.0,"length_m":6.19,"width_m":2.9,"corner":"SE","intersection_id":"TPS_00768","intersection_dist_m":23.3,"serves_from_bearing":74.0,"serves_to_bearing":344.0,"serves_quality":"good","lat":25.0865325,"lon":121.5093733,"confidence":"confirmed","source":"dieturn/yolo26s-obb_ep144@taipei_udd_ortho_2025","source_updated_at":"2026-09-05"},"geometry":{"type":"Polygon","coordinates":[[[121.5094068,25.0865276],[121.5093988,25.0865528],[121.5093398,25.0865374],[121.5093479,25.0865122],[121.5094068,25.0865276]]]}},{"type":"Feature","id":"dt_wsqqwd54n","properties":{"id":"dt_wsqqwd54n","status":"auto","conf":0.9615,"n_detections":1,"heading_deg":144.9,"length_m":5.71,"width_m":2.4,"corner":"SW","intersection_id":"TPS_00896","intersection_dist_m":12.5,"serves_from_bearing":144.9,"serves_to_bearing":54.9,"serves_quality":"good","lat":25.0601898,"lon":121.5791257,"confidence":"confirmed","source":"dieturn/yolo26s-obb_ep144@taipei_udd_ortho_2025","source_updated_at":"2026-09-05"},"geometry":{"type":"Polygon","coordinates":[[[121.5791517,25.0601748],[121.5791192,25.0602171],[121.5790996,25.0602048],[121.5791321,25.0601625],[121.5791517,25.0601748]]]}},{"type":"Feature","id":"dt_wsqqw098y","properties":{"id":"dt_wsqqw098y","status":"auto","conf":0.9614,"n_detections":2,"heading_deg":86.7,"length_m":4.88,"width_m":2.51,"corner":"NW","intersection_id":"TPS_00243","intersection_dist_m":18.7,"serves_from_bearing":266.7,"serves_to_bearing":176.7,"serves_quality":"good","lat":25.0517458,"lon":121.5550791,"confidence":"confirmed","source":"dieturn/yolo26s-obb_ep144@taipei_udd_ortho_2025","source_updated_at":"2026-09-05"},"geometry":{"type":"Polygon","coordinates":[[[121.555104,25.0517358],[121.5551026,25.0517584],[121.5550542,25.0517559],[121.5550557,25.0517332],[121.555104,25.0517358]]]}},{"type":"Feature","id":"dt_wsqqx3ns1","properties":{"id":"dt_wsqqx3ns1","status":"auto","conf":0.9613,"n_detections":1,"heading_deg":95.5,"length_m":4.22,"width_m":2.55,"corner":"SW","intersection_id":"TPS_00277","intersection_dist_m":14.3,"serves_from_bearing":95.5,"serves_to_bearing":5.5,"serves_quality":"ambiguous","lat":25.0550154,"lon":121.6166488,"confidence":"confirmed","source":"dieturn/yolo26s-obb_ep144@taipei_udd_ortho_2025","source_updated_at":"2026-09-05"},"geometry":{"type":"Polygon","coordinates":[[[121.6166684,25.0550021],[121.6166709,25.0550251],[121.6166292,25.0550287],[121.6166268,25.0550058],[121.6166684,25.0550021]]]}},{"type":"Feature","id":"dt_wsqqth5xf","properties":{"id":"dt_wsqqth5xf","status":"auto","conf":0.9613,"n_detections":1,"heading_deg":86.8,"length_m":6.68,"width_m":3.11,"corner":"NW","intersection_id":"TPS_01092","intersection_dist_m":17.6,"serves_from_bearing":266.8,"serves_to_bearing":176.8,"serves_quality":"good","lat":25.0721719,"lon":121.5136899,"confidence":"confirmed","source":"dieturn/yolo26s-obb_ep144@taipei_udd_ortho_2025","source_updated_at":"2026-09-05"},"geometry":{"type":"Polygon","coordinates":[[[121.5137239,25.0721595],[121.5137221,25.0721876],[121.513656,25.0721842],[121.5136577,25.0721561],[121.5137239,25.0721595]]]}},{"type":"Feature","id":"dt_wsqqnjj6r","properties":{"id":"dt_wsqqnjj6r","status":"auto","conf":0.9612,"n_detections":1,"heading_deg":154.5,"length_m":4.54,"width_m":2.63,"corner":"NE","intersection_id":"TPS_00177","intersection_dist_m":10.6,"serves_from_bearing":334.5,"serves_to_bearing":244.5,"serves_quality":"good","lat":24.988792,"lon":121.5602474,"confidence":"confirmed","source":"dieturn/yolo26s-obb_ep144@taipei_udd_ortho_2025","source_updated_at":"2026-09-05"},"geometry":{"type":"Polygon","coordinates":[[[121.5602689,24.9887785],[121.5602495,24.9888156],[121.5602259,24.9888055],[121.5602452,24.9887684],[121.5602689,24.9887785]]]}},{"type":"Feature","id":"dt_wsqqt0eb4","properties":{"id":"dt_wsqqt0eb4","status":"auto","conf":0.9612,"n_detections":1,"heading_deg":13.2,"length_m":4.34,"width_m":2.62,"corner":"NE","intersection_id":"TPS_00772","intersection_dist_m":14.6,"serves_from_bearing":13.2,"serves_to_bearing":283.2,"serves_quality":"good","lat":25.0516113,"lon":121.5140525,"confidence":"confirmed","source":"dieturn/yolo26s-obb_ep144@taipei_udd_ortho_2025","source_updated_at":"2026-09-05"},"geometry":{"type":"Polygon","coordinates":[[[121.5140602,25.0515895],[121.5140701,25.0516277],[121.5140447,25.0516331],[121.5140349,25.0515949],[121.5140602,25.0515895]]]}},{"type":"Feature","id":"dt_wsqqwbr48","properties":{"id":"dt_wsqqwbr48","status":"auto","conf":0.9611,"n_detections":1,"heading_deg":171.9,"length_m":5.16,"width_m":2.54,"corner":"SW","intersection_id":"TPS_00163","intersection_dist_m":38.4,"serves_from_bearing":171.9,"serves_to_bearing":81.9,"serves_quality":"good","lat":25.0506561,"lon":121.5953319,"confidence":"confirmed","source":"dieturn/yolo26s-obb_ep144@taipei_udd_ortho_2025","source_updated_at":"2026-09-05"},"geometry":{"type":"Polygon","coordinates":[[[121.595348,25.0506346],[121.5953407,25.0506808],[121.5953158,25.0506775],[121.595323,25.0506314],[121.595348,25.0506346]]]}},{"type":"Feature","id":"dt_wsqqnmt7s","properties":{"id":"dt_wsqqnmt7s","status":"auto","conf":0.9611,"n_detections":1,"heading_deg":96.9,"length_m":6.17,"width_m":2.3,"corner":"NW","intersection_id":"TPS_00217","intersection_dist_m":10.2,"serves_from_bearing":276.9,"serves_to_bearing":186.9,"serves_quality":"good","lat":24.9917899,"lon":121.5711059,"confidence":"confirmed","source":"dieturn/yolo26s-obb_ep144@taipei_udd_ortho_2025","source_updated_at":"2026-09-05"},"geometry":{"type":"Polygon","coordinates":[[[121.5711349,24.9917762],[121.5711377,24.9917968],[121.5710769,24.9918036],[121.5710741,24.9917829],[121.5711349,24.9917762]]]}},{"type":"Feature","id":"dt_wsqqt5eeb","properties":{"id":"dt_wsqqt5eeb","status":"auto","conf":0.9611,"n_detections":3,"heading_deg":87.1,"length_m":5.13,"width_m":2.51,"corner":"SW","intersection_id":"TPS_02524","intersection_dist_m":19.1,"serves_from_bearing":177.1,"serves_to_bearing":87.1,"serves_quality":"good","lat":25.0687317,"lon":121.5136163,"confidence":"confirmed","source":"dieturn/yolo26s-obb_ep144@taipei_udd_ortho_2025","source_updated_at":"2026-09-05"},"geometry":{"type":"Polygon","coordinates":[[[121.5136423,25.0687216],[121.513641,25.0687442],[121.5135903,25.0687419],[121.5135916,25.0687192],[121.5136423,25.0687216]]]}},{"type":"Feature","id":"dt_wsqqt99tt","properties":{"id":"dt_wsqqt99tt","status":"auto","conf":0.9611,"n_detections":2,"heading_deg":88.5,"length_m":5.82,"width_m":2.85,"corner":"SW","intersection_id":"TPS_02501","intersection_dist_m":17.4,"serves_from_bearing":178.5,"serves_to_bearing":88.5,"serves_quality":"good","lat":25.0580446,"lon":121.533051,"confidence":"confirmed","source":"dieturn/yolo26s-obb_ep144@taipei_udd_ortho_2025","source_updated_at":"2026-09-05"},"geometry":{"type":"Polygon","coordinates":[[[121.5330802,25.0580324],[121.5330794,25.0580581],[121.5330217,25.0580567],[121.5330225,25.0580311],[121.5330802,25.0580324]]]}},{"type":"Feature","id":"dt_wsqqt0muh","properties":{"id":"dt_wsqqt0muh","status":"auto","conf":0.961,"n_detections":1,"heading_deg":14.3,"length_m":5.27,"width_m":2.5,"corner":"NW","intersection_id":"TPS_00729","intersection_dist_m":15.6,"serves_from_bearing":194.3,"serves_to_bearing":104.3,"serves_quality":"good","lat":25.050903,"lon":121.5168854,"confidence":"confirmed","source":"dieturn/yolo26s-obb_ep144@taipei_udd_ortho_2025","source_updated_at":"2026-09-05"},"geometry":{"type":"Polygon","coordinates":[[[121.516891,25.0508772],[121.5169039,25.0509234],[121.5168798,25.0509289],[121.5168669,25.0508827],[121.516891,25.0508772]]]}},{"type":"Feature","id":"dt_wsqqmgt71","properties":{"id":"dt_wsqqmgt71","status":"auto","conf":0.961,"n_detections":2,"heading_deg":5.3,"length_m":6.62,"width_m":2.57,"corner":"NW","intersection_id":"TPS_02510","intersection_dist_m":14.3,"serves_from_bearing":275.3,"serves_to_bearing":185.3,"serves_quality":"ambiguous","lat":25.0246343,"lon":121.5490259,"confidence":"confirmed","source":"dieturn/yolo26s-obb_ep144@taipei_udd_ortho_2025","source_updated_at":"2026-09-05"},"geometry":{"type":"Polygon","coordinates":[[[121.5490356,25.0246034],[121.5490416,25.024663],[121.5490162,25.0246652],[121.5490102,25.0246055],[121.5490356,25.0246034]]]}},{"type":"Feature","id":"dt_wsqqksm7q","properties":{"id":"dt_wsqqksm7q","status":"auto","conf":0.9609,"n_detections":1,"heading_deg":80.2,"length_m":4.2,"width_m":2.22,"corner":"NW","intersection_id":"TPS_00915","intersection_dist_m":10.7,"serves_from_bearing":350.2,"serves_to_bearing":260.2,"serves_quality":"ambiguous","lat":25.0288165,"lon":121.4943063,"confidence":"confirmed","source":"dieturn/yolo26s-obb_ep144@taipei_udd_ortho_2025","source_updated_at":"2026-09-05"},"geometry":{"type":"Polygon","coordinates":[[[121.4943287,25.0288098],[121.4943249,25.0288295],[121.4942839,25.0288231],[121.4942877,25.0288034],[121.4943287,25.0288098]]]}},{"type":"Feature","id":"dt_wsqqmwmm6","properties":{"id":"dt_wsqqmwmm6","status":"auto","conf":0.9609,"n_detections":1,"heading_deg":161.7,"length_m":4.92,"width_m":2.36,"corner":"NE","intersection_id":"TPS_02065","intersection_dist_m":4.9,"serves_from_bearing":71.7,"serves_to_bearing":341.7,"serves_quality":"ambiguous","lat":25.0401444,"lon":121.5380621,"confidence":"confirmed","source":"dieturn/yolo26s-obb_ep144@taipei_udd_ortho_2025","source_updated_at":"2026-09-05"},"geometry":{"type":"Polygon","coordinates":[[[121.5380809,25.0401266],[121.5380656,25.0401688],[121.5380433,25.0401622],[121.5380586,25.04012],[121.5380809,25.0401266]]]}},{"type":"Feature","id":"dt_wsqqt45tf","properties":{"id":"dt_wsqqt45tf","status":"auto","conf":0.9608,"n_detections":1,"heading_deg":175.3,"length_m":4.52,"width_m":2.63,"corner":"NE","intersection_id":"TPS_00319","intersection_dist_m":15.5,"serves_from_bearing":355.3,"serves_to_bearing":265.3,"serves_quality":"good","lat":25.0608203,"lon":121.5136882,"confidence":"confirmed","source":"dieturn/yolo26s-obb_ep144@taipei_udd_ortho_2025","source_updated_at":"2026-09-05"},"geometry":{"type":"Polygon","coordinates":[[[121.5137031,25.0608009],[121.5136994,25.0608416],[121.5136734,25.0608397],[121.5136771,25.0607989],[121.5137031,25.0608009]]]}},{"type":"Feature","id":"dt_wsqqv236p","properties":{"id":"dt_wsqqv236p","status":"auto","conf":0.9608,"n_detections":1,"heading_deg":72.7,"length_m":4.86,"width_m":2.44,"corner":"NW","intersection_id":"TPS_00510","intersection_dist_m":14.5,"serves_from_bearing":252.7,"serves_to_bearing":162.7,"serves_quality":"good","lat":25.0944984,"lon":121.5217992,"confidence":"confirmed","source":"dieturn/yolo26s-obb_ep144@taipei_udd_ortho_2025","source_updated_at":"2026-09-05"},"geometry":{"type":"Polygon","coordinates":[[[121.5218258,25.0944943],[121.5218185,25.0945154],[121.5217725,25.0945024],[121.5217798,25.0944813],[121.5218258,25.0944943]]]}},{"type":"Feature","id":"dt_wsqqx77n5","properties":{"id":"dt_wsqqx77n5","status":"auto","conf":0.9608,"n_detections":1,"heading_deg":26.4,"length_m":5.08,"width_m":2.54,"corner":"SE","intersection_id":"TPS_00861","intersection_dist_m":14.2,"serves_from_bearing":26.4,"serves_to_bearing":296.4,"serves_quality":"good","lat":25.0677374,"lon":121.6119463,"confidence":"confirmed","source":"dieturn/yolo26s-obb_ep144@taipei_udd_ortho_2025","source_updated_at":"2026-09-05"},"geometry":{"type":"Polygon","coordinates":[[[121.6119464,25.0677117],[121.6119688,25.0677529],[121.6119462,25.067763],[121.6119238,25.0677218],[121.6119464,25.0677117]]]}},{"type":"Feature","id":"dt_wsqqqrqhk","properties":{"id":"dt_wsqqqrqhk","status":"auto","conf":0.9607,"n_detections":1,"heading_deg":87.5,"length_m":4.58,"width_m":2.29,"corner":"SE","intersection_id":"TPS_00722","intersection_dist_m":13.6,"serves_from_bearing":87.5,"serves_to_bearing":357.5,"serves_quality":"good","lat":25.0454805,"lon":121.5721357,"confidence":"confirmed","source":"dieturn/yolo26s-obb_ep144@taipei_udd_ortho_2025","source_updated_at":"2026-09-05"},"geometry":{"type":"Polygon","coordinates":[[[121.5721589,25.0454711],[121.5721579,25.0454918],[121.5721125,25.0454899],[121.5721135,25.0454692],[121.5721589,25.0454711]]]}},{"type":"Feature","id":"dt_wsqqt55ev","properties":{"id":"dt_wsqqt55ev","status":"auto","conf":0.9606,"n_detections":1,"heading_deg":179.7,"length_m":4.97,"width_m":2.55,"corner":"NE","intersection_id":"TPS_00354","intersection_dist_m":15.3,"serves_from_bearing":359.7,"serves_to_bearing":269.7,"serves_quality":"ambiguous","lat":25.0659525,"lon":121.5138462,"confidence":"confirmed","source":"dieturn/yolo26s-obb_ep144@taipei_udd_ortho_2025","source_updated_at":"2026-09-05"},"geometry":{"type":"Polygon","coordinates":[[[121.513859,25.0659301],[121.5138587,25.0659751],[121.5138334,25.0659749],[121.5138337,25.06593],[121.513859,25.0659301]]]}},{"type":"Feature","id":"dt_wsqquufdf","properties":{"id":"dt_wsqquufdf","status":"auto","conf":0.9606,"n_detections":1,"heading_deg":134.5,"length_m":3.62,"width_m":2.43,"corner":"SW","intersection_id":"TPS_00550","intersection_dist_m":22.6,"serves_from_bearing":134.5,"serves_to_bearing":44.5,"serves_quality":"good","lat":25.1193626,"lon":121.5013638,"confidence":"confirmed","source":"dieturn/yolo26s-obb_ep144@taipei_udd_ortho_2025","source_updated_at":"2026-09-05"},"geometry":{"type":"Polygon","coordinates":[[[121.5013851,25.1193589],[121.5013595,25.1193818],[121.5013425,25.1193663],[121.5013682,25.1193433],[121.5013851,25.1193589]]]}},{"type":"Feature","id":"dt_wsqqtc19u","properties":{"id":"dt_wsqqtc19u","status":"auto","conf":0.9606,"n_detections":1,"heading_deg":89.3,"length_m":7.0,"width_m":2.82,"corner":"NW","intersection_id":"TPS_00650","intersection_dist_m":13.1,"serves_from_bearing":269.3,"serves_to_bearing":179.3,"serves_quality":"good","lat":25.0546533,"lon":121.5440047,"confidence":"confirmed","source":"dieturn/yolo26s-obb_ep144@taipei_udd_ortho_2025","source_updated_at":"2026-09-05"},"geometry":{"type":"Polygon","coordinates":[[[121.5440395,25.0546409],[121.5440392,25.0546664],[121.5439698,25.0546657],[121.5439701,25.0546402],[121.5440395,25.0546409]]]}},{"type":"Feature","id":"dt_wsqqqrwje","properties":{"id":"dt_wsqqqrwje","status":"auto","conf":0.9606,"n_detections":1,"heading_deg":64.1,"length_m":5.39,"width_m":2.94,"corner":"NW","intersection_id":"TPS_00723","intersection_dist_m":17.2,"serves_from_bearing":334.1,"serves_to_bearing":244.1,"serves_quality":"good","lat":25.0470276,"lon":121.5721205,"confidence":"confirmed","source":"dieturn/yolo26s-obb_ep144@taipei_udd_ortho_2025","source_updated_at":"2026-09-05"},"geometry":{"type":"Polygon","coordinates":[[[121.572151,25.0470264],[121.5721381,25.0470502],[121.57209,25.0470289],[121.5721029,25.047005],[121.572151,25.0470264]]]}},{"type":"Feature","id":"dt_wsqqme1zc","properties":{"id":"dt_wsqqme1zc","status":"auto","conf":0.9606,"n_detections":1,"heading_deg":84.2,"length_m":2.91,"width_m":2.08,"corner":"NW","intersection_id":"TPS_02271","intersection_dist_m":5.0,"serves_from_bearing":354.2,"serves_to_bearing":264.2,"serves_quality":"ambiguous","lat":25.0226998,"lon":121.5332219,"confidence":"confirmed","source":"dieturn/yolo26s-obb_ep144@taipei_udd_ortho_2025","source_updated_at":"2026-09-05"},"geometry":{"type":"Polygon","coordinates":[[[121.5332373,25.0226918],[121.5332352,25.0227105],[121.5332065,25.0227078],[121.5332086,25.0226891],[121.5332373,25.0226918]]]}},{"type":"Feature","id":"dt_wsqqqpxrv","properties":{"id":"dt_wsqqqpxrv","status":"auto","conf":0.9605,"n_detections":2,"heading_deg":91.8,"length_m":3.14,"width_m":2.72,"corner":"SW","intersection_id":"TPS_01133","intersection_dist_m":12.8,"serves_from_bearing":181.8,"serves_to_bearing":91.8,"serves_quality":"good","lat":25.0474522,"lon":121.5629338,"confidence":"confirmed","source":"dieturn/yolo26s-obb_ep144@taipei_udd_ortho_2025","source_updated_at":"2026-09-05"},"geometry":{"type":"Polygon","coordinates":[[[121.5629489,25.0474394],[121.5629498,25.047464],[121.5629187,25.0474649],[121.5629178,25.0474404],[121.5629489,25.0474394]]]}},{"type":"Feature","id":"dt_wsqqtdh69","properties":{"id":"dt_wsqqtdh69","status":"auto","conf":0.9605,"n_detections":1,"heading_deg":177.4,"length_m":3.45,"width_m":2.39,"corner":"SW","intersection_id":"TPS_01470","intersection_dist_m":7.9,"serves_from_bearing":177.4,"serves_to_bearing":87.4,"serves_quality":"ambiguous","lat":25.0602638,"lon":121.5366575,"confidence":"confirmed","source":"dieturn/yolo26s-obb_ep144@taipei_udd_ortho_2025","source_updated_at":"2026-09-05"},"geometry":{"type":"Polygon","coordinates":[[[121.5366701,25.0602487],[121.5366685,25.0602799],[121.5366449,25.0602789],[121.5366464,25.0602477],[121.5366701,25.0602487]]]}},{"type":"Feature","id":"dt_wsqqv2tcf","properties":{"id":"dt_wsqqv2tcf","status":"auto","conf":0.9603,"n_detections":2,"heading_deg":75.5,"length_m":5.95,"width_m":2.51,"corner":"NW","intersection_id":"TPS_00016","intersection_dist_m":18.7,"serves_from_bearing":255.5,"serves_to_bearing":165.5,"serves_quality":"good","lat":25.0958554,"lon":121.5277674,"confidence":"confirmed","source":"dieturn/yolo26s-obb_ep144@taipei_udd_ortho_2025","source_updated_at":"2026-09-05"},"geometry":{"type":"Polygon","coordinates":[[[121.5277992,25.0958511],[121.5277928,25.0958731],[121.5277357,25.0958596],[121.527742,25.0958377],[121.5277992,25.0958511]]]}},{"type":"Feature","id":"dt_wsqqtkb1e","properties":{"id":"dt_wsqqtkb1e","status":"auto","conf":0.9603,"n_detections":1,"heading_deg":14.5,"length_m":4.09,"width_m":2.84,"corner":"SW","intersection_id":"TPS_00139","intersection_dist_m":22.4,"serves_from_bearing":194.5,"serves_to_bearing":104.5,"serves_quality":"good","lat":25.0751986,"lon":121.519925,"confidence":"confirmed","source":"dieturn/yolo26s-obb_ep144@taipei_udd_ortho_2025","source_updated_at":"2026-09-05"},"geometry":{"type":"Polygon","coordinates":[[[121.5199336,25.0751776],[121.5199437,25.0752134],[121.5199164,25.0752197],[121.5199063,25.0751838],[121.5199336,25.0751776]]]}},{"type":"Feature","id":"dt_wsqqt2sh1","properties":{"id":"dt_wsqqt2sh1","status":"auto","conf":0.9603,"n_detections":1,"heading_deg":90.5,"length_m":5.84,"width_m":2.38,"corner":"NW","intersection_id":"TPS_00146","intersection_dist_m":16.3,"serves_from_bearing":270.5,"serves_to_bearing":180.5,"serves_quality":"good","lat":25.0522628,"lon":121.5253479,"confidence":"confirmed","source":"dieturn/yolo26s-obb_ep144@taipei_udd_ortho_2025","source_updated_at":"2026-09-05"},"geometry":{"type":"Polygon","coordinates":[[[121.5253767,25.0522519],[121.5253769,25.0522734],[121.525319,25.0522738],[121.5253188,25.0522523],[121.5253767,25.0522519]]]}},{"type":"Feature","id":"dt_wsqqmx3wq","properties":{"id":"dt_wsqqmx3wq","status":"auto","conf":0.9602,"n_detections":1,"heading_deg":178.2,"length_m":3.99,"width_m":2.58,"corner":"NE","intersection_id":"TPS_00003","intersection_dist_m":26.4,"serves_from_bearing":358.2,"serves_to_bearing":268.2,"serves_quality":"good","lat":25.045786,"lon":121.5330862,"confidence":"confirmed","source":"dieturn/yolo26s-obb_ep144@taipei_udd_ortho_2025","source_updated_at":"2026-09-05"},"geometry":{"type":"Polygon","coordinates":[[[121.5330996,25.0457683],[121.5330983,25.0458044],[121.5330728,25.0458037],[121.5330741,25.0457675],[121.5330996,25.0457683]]]}},{"type":"Feature","id":"dt_wsqqwt96n","properties":{"id":"dt_wsqqwt96n","status":"auto","conf":0.9602,"n_detections":1,"heading_deg":23.0,"length_m":4.15,"width_m":2.52,"corner":"SW","intersection_id":"TPS_00108","intersection_dist_m":16.8,"serves_from_bearing":203.0,"serves_to_bearing":113.0,"serves_quality":"good","lat":25.0794002,"lon":121.5767039,"confidence":"confirmed","source":"dieturn/yolo26s-obb_ep144@taipei_udd_ortho_2025","source_updated_at":"2026-09-05"},"geometry":{"type":"Polygon","coordinates":[[[121.5767074,25.0793785],[121.5767234,25.079413],[121.5767004,25.0794218],[121.5766844,25.0793873],[121.5767074,25.0793785]]]}},{"type":"Feature","id":"dt_wsqqm5v3n","properties":{"id":"dt_wsqqm5v3n","status":"auto","conf":0.9602,"n_detections":1,"heading_deg":167.0,"length_m":5.68,"width_m":2.32,"corner":"NW","intersection_id":"TPS_00491","intersection_dist_m":11.5,"serves_from_bearing":257.0,"serves_to_bearing":167.0,"serves_quality":"good","lat":25.0256962,"lon":121.51626,"confidence":"confirmed","source":"dieturn/yolo26s-obb_ep144@taipei_udd_ortho_2025","source_updated_at":"2026-09-05"},"geometry":{"type":"Polygon","coordinates":[[[121.5162775,25.0256735],[121.5162648,25.0257236],[121.5162424,25.0257189],[121.5162551,25.0256689],[121.5162775,25.0256735]]]}},{"type":"Feature","id":"dt_wsqqmuc2t","properties":{"id":"dt_wsqqmuc2t","status":"auto","conf":0.9602,"n_detections":1,"heading_deg":179.3,"length_m":3.88,"width_m":2.73,"corner":"NE","intersection_id":"TPS_00590","intersection_dist_m":14.2,"serves_from_bearing":359.3,"serves_to_bearing":269.3,"serves_quality":"ambiguous","lat":25.0310868,"lon":121.5437026,"confidence":"confirmed","source":"dieturn/yolo26s-obb_ep144@taipei_udd_ortho_2025","source_updated_at":"2026-09-05"},"geometry":{"type":"Polygon","coordinates":[[[121.5437164,25.0310694],[121.5437159,25.0311045],[121.5436889,25.0311042],[121.5436894,25.0310691],[121.5437164,25.0310694]]]}},{"type":"Feature","id":"dt_wsqqt57eq","properties":{"id":"dt_wsqqt57eq","status":"auto","conf":0.9602,"n_detections":1,"heading_deg":175.7,"length_m":4.31,"width_m":2.55,"corner":"NE","intersection_id":"TPS_00804","intersection_dist_m":15.4,"serves_from_bearing":355.7,"serves_to_bearing":265.7,"serves_quality":"ambiguous","lat":25.0672681,"lon":121.5138711,"confidence":"confirmed","source":"dieturn/yolo26s-obb_ep144@taipei_udd_ortho_2025","source_updated_at":"2026-09-05"},"geometry":{"type":"Polygon","coordinates":[[[121.5138853,25.0672496],[121.5138821,25.0672884],[121.5138569,25.0672867],[121.51386,25.0672479],[121.5138853,25.0672496]]]}},{"type":"Feature","id":"dt_wsqqkvwmr","properties":{"id":"dt_wsqqkvwmr","status":"auto","conf":0.9602,"n_detections":1,"heading_deg":14.2,"length_m":4.49,"width_m":2.24,"corner":"SE","intersection_id":"TPS_00908","intersection_dist_m":19.1,"serves_from_bearing":14.2,"serves_to_bearing":284.2,"serves_quality":"ambiguous","lat":25.0360276,"lon":121.5067261,"confidence":"confirmed","source":"dieturn/yolo26s-obb_ep144@taipei_udd_ortho_2025","source_updated_at":"2026-09-05"},"geometry":{"type":"Polygon","coordinates":[[[121.5067315,25.0360054],[121.5067424,25.0360448],[121.5067208,25.0360497],[121.5067099,25.0360104],[121.5067315,25.0360054]]]}},{"type":"Feature","id":"dt_wsqqmh2ps","properties":{"id":"dt_wsqqmh2ps","status":"auto","conf":0.9601,"n_detections":1,"heading_deg":17.9,"length_m":5.1,"width_m":2.72,"corner":"NE","intersection_id":"TPS_00824","intersection_dist_m":10.1,"serves_from_bearing":17.9,"serves_to_bearing":287.9,"serves_quality":"good","lat":25.0295363,"lon":121.5089892,"confidence":"confirmed","source":"dieturn/yolo26s-obb_ep144@taipei_udd_ortho_2025","source_updated_at":"2026-09-05"},"geometry":{"type":"Polygon","coordinates":[[[121.5089943,25.0295106],[121.5090098,25.0295545],[121.5089841,25.029562],[121.5089686,25.0295181],[121.5089943,25.0295106]]]}},{"type":"Feature","id":"dt_wsqqt2s5u","properties":{"id":"dt_wsqqt2s5u","status":"auto","conf":0.96,"n_detections":1,"heading_deg":4.8,"length_m":4.93,"width_m":2.25,"corner":"NE","intersection_id":"TPS_00146","intersection_dist_m":15.8,"serves_from_bearing":4.8,"serves_to_bearing":274.8,"serves_quality":"good","lat":25.0522269,"lon":121.525482,"confidence":"confirmed","source":"dieturn/yolo26s-obb_ep144@taipei_udd_ortho_2025","source_updated_at":"2026-09-05"},"geometry":{"type":"Polygon","coordinates":[[[121.525491,25.0522039],[121.5254951,25.0522483],[121.5254729,25.05225],[121.5254688,25.0522055],[121.525491,25.0522039]]]}},{"type":"Feature","id":"dt_wsqqte1xn","properties":{"id":"dt_wsqqte1xn","status":"auto","conf":0.9599,"n_detections":1,"heading_deg":178.1,"length_m":3.91,"width_m":2.37,"corner":"SW","intersection_id":"TPS_00076","intersection_dist_m":18.8,"serves_from_bearing":178.1,"serves_to_bearing":88.1,"serves_quality":"good","lat":25.0665153,"lon":121.5331117,"confidence":"confirmed","source":"dieturn/yolo26s-obb_ep144@taipei_udd_ortho_2025","source_updated_at":"2026-09-05"},"geometry":{"type":"Polygon","coordinates":[[[121.5331241,25.066498],[121.5331228,25.0665333],[121.5330993,25.0665327],[121.5331005,25.0664973],[121.5331241,25.066498]]]}},{"type":"Feature","id":"dt_wsqqnjj69","properties":{"id":"dt_wsqqnjj69","status":"auto","conf":0.9599,"n_detections":1,"heading_deg":87.8,"length_m":4.58,"width_m":2.6,"corner":"NW","intersection_id":"TPS_00177","intersection_dist_m":18.8,"serves_from_bearing":267.8,"serves_to_bearing":177.8,"serves_quality":"good","lat":24.988837,"lon":121.5600275,"confidence":"confirmed","source":"dieturn/yolo26s-obb_ep144@taipei_udd_ortho_2025","source_updated_at":"2026-09-05"},"geometry":{"type":"Polygon","coordinates":[[[121.5600507,24.9888261],[121.5600497,24.9888496],[121.5600043,24.988848],[121.5600053,24.9888245],[121.5600507,24.9888261]]]}},{"type":"Feature","id":"dt_wsqqktxcf","properties":{"id":"dt_wsqqktxcf","status":"auto","conf":0.9599,"n_detections":1,"heading_deg":91.4,"length_m":4.42,"width_m":2.32,"corner":"NW","intersection_id":"TPS_00350","intersection_dist_m":15.5,"serves_from_bearing":271.4,"serves_to_bearing":181.4,"serves_quality":"good","lat":25.0354334,"lon":121.4975465,"confidence":"confirmed","source":"dieturn/yolo26s-obb_ep144@taipei_udd_ortho_2025","source_updated_at":"2026-09-05"},"geometry":{"type":"Polygon","coordinates":[[[121.4975681,25.0354224],[121.4975686,25.0354434],[121.4975249,25.0354444],[121.4975243,25.0354234],[121.4975681,25.0354224]]]}},{"type":"Feature","id":"dt_wsqqjxnq9","properties":{"id":"dt_wsqqjxnq9","status":"auto","conf":0.9599,"n_detections":1,"heading_deg":160.6,"length_m":3.41,"width_m":2.54,"corner":"NW","intersection_id":"TPS_00359","intersection_dist_m":27.5,"serves_from_bearing":250.6,"serves_to_bearing":160.6,"serves_quality":"good","lat":25.000522,"lon":121.5394126,"confidence":"confirmed","source":"dieturn/yolo26s-obb_ep144@taipei_udd_ortho_2025","source_updated_at":"2026-09-05"},"geometry":{"type":"Polygon","coordinates":[[[121.5394301,25.0005112],[121.5394189,25.0005403],[121.5393951,25.0005328],[121.5394063,25.0005037],[121.5394301,25.0005112]]]}},{"type":"Feature","id":"dt_wsqqmy9w6","properties":{"id":"dt_wsqqmy9w6","status":"auto","conf":0.9598,"n_detections":1,"heading_deg":4.0,"length_m":5.44,"width_m":2.71,"corner":"NE","intersection_id":"TPS_00105","intersection_dist_m":18.3,"serves_from_bearing":4.0,"serves_to_bearing":274.0,"serves_quality":"good","lat":25.0417015,"lon":121.5439359,"confidence":"confirmed","source":"dieturn/yolo26s-obb_ep144@taipei_udd_ortho_2025","source_updated_at":"2026-09-05"},"geometry":{"type":"Polygon","coordinates":[[[121.5439475,25.0416761],[121.5439512,25.0417252],[121.5439244,25.0417269],[121.5439207,25.0416778],[121.5439475,25.0416761]]]}},{"type":"Feature","id":"dt_wsqqv8ydj","properties":{"id":"dt_wsqqv8ydj","status":"auto","conf":0.9598,"n_detections":1,"heading_deg":90.9,"length_m":3.29,"width_m":1.96,"corner":"SE","intersection_id":"TPS_00457","intersection_dist_m":9.9,"serves_from_bearing":90.9,"serves_to_bearing":0.9,"serves_quality":"ambiguous","lat":25.097239,"lon":121.5399067,"confidence":"confirmed","source":"dieturn/yolo26s-obb_ep144@taipei_udd_ortho_2025","source_updated_at":"2026-09-05"},"geometry":{"type":"Polygon","coordinates":[[[121.5399229,25.0972299],[121.5399231,25.0972476],[121.5398906,25.0972481],[121.5398902,25.0972304],[121.5399229,25.0972299]]]}},{"type":"Feature","id":"dt_wsqqujs8r","properties":{"id":"dt_wsqqujs8r","status":"auto","conf":0.9598,"n_detections":1,"heading_deg":99.5,"length_m":7.12,"width_m":2.64,"corner":"NW","intersection_id":"TPS_00502","intersection_dist_m":22.5,"serves_from_bearing":279.5,"serves_to_bearing":189.5,"serves_quality":"good","lat":25.1230701,"lon":121.4713596,"confidence":"confirmed","source":"dieturn/yolo26s-obb_ep144@taipei_udd_ortho_2025","source_updated_at":"2026-09-05"},"geometry":{"type":"Polygon","coordinates":[[[121.4713922,25.123053],[121.4713967,25.1230765],[121.4713271,25.1230872],[121.4713226,25.1230637],[121.4713922,25.123053]]]}},{"type":"Feature","id":"dt_wsqqqkgm2","properties":{"id":"dt_wsqqqkgm2","status":"auto","conf":0.9597,"n_detections":1,"heading_deg":179.1,"length_m":4.5,"width_m":2.53,"corner":"SW","intersection_id":"TPS_00633","intersection_dist_m":10.2,"serves_from_bearing":179.1,"serves_to_bearing":89.1,"serves_quality":"ambiguous","lat":25.0318898,"lon":121.5681975,"confidence":"confirmed","source":"dieturn/yolo26s-obb_ep144@taipei_udd_ortho_2025","source_updated_at":"2026-09-05"},"geometry":{"type":"Polygon","coordinates":[[[121.5682104,25.0318697],[121.5682097,25.0319104],[121.5681846,25.03191],[121.5681853,25.0318693],[121.5682104,25.0318697]]]}},{"type":"Feature","id":"dt_wsqqxn93x","properties":{"id":"dt_wsqqxn93x","status":"auto","conf":0.9596,"n_detections":1,"heading_deg":87.4,"length_m":4.01,"width_m":1.94,"corner":"NE","intersection_id":"TPS_01027","intersection_dist_m":13.1,"serves_from_bearing":357.4,"serves_to_bearing":267.4,"serves_quality":"good","lat":25.0848008,"lon":121.5987377,"confidence":"confirmed","source":"dieturn/yolo26s-obb_ep144@taipei_udd_ortho_2025","source_updated_at":"2026-09-05"},"geometry":{"type":"Polygon","coordinates":[[[121.5987581,25.0847928],[121.5987572,25.0848103],[121.5987174,25.0848087],[121.5987182,25.0847912],[121.5987581,25.0847928]]]}},{"type":"Feature","id":"dt_wsqqt0d4w","properties":{"id":"dt_wsqqt0d4w","status":"auto","conf":0.9596,"n_detections":1,"heading_deg":0.3,"length_m":4.63,"width_m":2.41,"corner":"SW","intersection_id":"TPS_01586","intersection_dist_m":5.2,"serves_from_bearing":180.3,"serves_to_bearing":90.3,"serves_quality":"ambiguous","lat":25.0520278,"lon":121.5118067,"confidence":"confirmed","source":"dieturn/yolo26s-obb_ep144@taipei_udd_ortho_2025","source_updated_at":"2026-09-05"},"geometry":{"type":"Polygon","coordinates":[[[121.5118186,25.0520068],[121.5118188,25.0520487],[121.5117949,25.0520488],[121.5117947,25.0520069],[121.5118186,25.0520068]]]}},{"type":"Feature","id":"dt_wsqqmqzrp","properties":{"id":"dt_wsqqmqzrp","status":"auto","conf":0.9594,"n_detections":1,"heading_deg":17.8,"length_m":5.64,"width_m":2.35,"corner":"SE","intersection_id":"TPS_00007","intersection_dist_m":21.0,"serves_from_bearing":107.8,"serves_to_bearing":17.8,"serves_quality":"good","lat":25.0431682,"lon":121.5300365,"confidence":"confirmed","source":"dieturn/yolo26s-obb_ep144@taipei_udd_ortho_2025","source_updated_at":"2026-09-05"},"geometry":{"type":"Polygon","coordinates":[[[121.5300391,25.0431407],[121.5300562,25.0431893],[121.530034,25.0431958],[121.5300168,25.0431472],[121.5300391,25.0431407]]]}},{"type":"Feature","id":"dt_wsqqmhj34","properties":{"id":"dt_wsqqmhj34","status":"auto","conf":0.9594,"n_detections":1,"heading_deg":81.3,"length_m":5.0,"width_m":2.88,"corner":"SE","intersection_id":"TPS_00104","intersection_dist_m":26.0,"serves_from_bearing":81.3,"serves_to_bearing":351.3,"serves_quality":"good","lat":25.0270544,"lon":121.5161209,"confidence":"confirmed","source":"dieturn/yolo26s-obb_ep144@taipei_udd_ortho_2025","source_updated_at":"2026-09-05"},"geometry":{"type":"Polygon","coordinates":[[[121.5161476,25.027045],[121.5161432,25.0270708],[121.5160942,25.0270639],[121.5160986,25.0270381],[121.5161476,25.027045]]]}},{"type":"Feature","id":"dt_wsqqt5edy","properties":{"id":"dt_wsqqt5edy","status":"auto","conf":0.9594,"n_detections":1,"heading_deg":89.7,"length_m":4.28,"width_m":2.45,"corner":"SW","intersection_id":"TPS_00465","intersection_dist_m":2.1,"serves_from_bearing":179.7,"serves_to_bearing":89.7,"serves_quality":"ambiguous","lat":25.0685293,"lon":121.5138684,"confidence":"confirmed","source":"dieturn/yolo26s-obb_ep144@taipei_udd_ortho_2025","source_updated_at":"2026-09-05"},"geometry":{"type":"Polygon","coordinates":[[[121.5138897,25.0685183],[121.5138896,25.0685405],[121.5138472,25.0685403],[121.5138472,25.0685181],[121.5138897,25.0685183]]]}},{"type":"Feature","id":"dt_wsqqwnrc6","properties":{"id":"dt_wsqqwnrc6","status":"auto","conf":0.9593,"n_detections":1,"heading_deg":116.0,"length_m":3.64,"width_m":2.58,"corner":"NW","intersection_id":"TPS_00967","intersection_dist_m":15.7,"serves_from_bearing":296.0,"serves_to_bearing":206.0,"serves_quality":"good","lat":25.0834039,"lon":121.5634686,"confidence":"confirmed","source":"dieturn/yolo26s-obb_ep144@taipei_udd_ortho_2025","source_updated_at":"2026-09-05"},"geometry":{"type":"Polygon","coordinates":[[[121.5634792,25.0833862],[121.5634905,25.0834071],[121.563458,25.0834216],[121.5634466,25.0834007],[121.5634792,25.0833862]]]}},{"type":"Feature","id":"dt_wsqqtc876","properties":{"id":"dt_wsqqtc876","status":"auto","conf":0.9592,"n_detections":1,"heading_deg":86.8,"length_m":3.47,"width_m":2.31,"corner":"SE","intersection_id":"TPS_00652","intersection_dist_m":16.7,"serves_from_bearing":86.8,"serves_to_bearing":356.8,"serves_quality":"good","lat":25.0576592,"lon":121.5422061,"confidence":"confirmed","source":"dieturn/yolo26s-obb_ep144@taipei_udd_ortho_2025","source_updated_at":"2026-09-05"},"geometry":{"type":"Polygon","coordinates":[[[121.5422239,25.0576497],[121.5422226,25.0576705],[121.5421883,25.0576688],[121.5421895,25.0576479],[121.5422239,25.0576497]]]}},{"type":"Feature","id":"dt_wsqqt7w10","properties":{"id":"dt_wsqqt7w10","status":"auto","conf":0.9592,"n_detections":1,"heading_deg":93.3,"length_m":4.14,"width_m":2.24,"corner":"SW","intersection_id":"TPS_01223","intersection_dist_m":9.7,"serves_from_bearing":183.3,"serves_to_bearing":93.3,"serves_quality":"good","lat":25.0682393,"lon":121.5280482,"confidence":"confirmed","source":"dieturn/yolo26s-obb_ep144@taipei_udd_ortho_2025","source_updated_at":"2026-09-05"},"geometry":{"type":"Polygon","coordinates":[[[121.528068,25.0682281],[121.5280693,25.0682483],[121.5280283,25.0682504],[121.5280271,25.0682302],[121.528068,25.0682281]]]}},{"type":"Feature","id":"dt_wsqqw437k","properties":{"id":"dt_wsqqw437k","status":"auto","conf":0.9591,"n_detections":1,"heading_deg":80.9,"length_m":4.26,"width_m":2.23,"corner":"SE","intersection_id":"TPS_00079","intersection_dist_m":18.6,"serves_from_bearing":80.9,"serves_to_bearing":350.9,"serves_quality":"good","lat":25.0617685,"lon":121.5546508,"confidence":"confirmed","source":"dieturn/yolo26s-obb_ep144@taipei_udd_ortho_2025","source_updated_at":"2026-09-05"},"geometry":{"type":"Polygon","coordinates":[[[121.5546734,25.0617616],[121.5546699,25.0617815],[121.5546281,25.0617754],[121.5546317,25.0617555],[121.5546734,25.0617616]]]}},{"type":"Feature","id":"dt_wsqqqxbys","properties":{"id":"dt_wsqqqxbys","status":"auto","conf":0.9591,"n_detections":1,"heading_deg":104.4,"length_m":4.13,"width_m":2.52,"corner":"NW","intersection_id":"TPS_00735","intersection_dist_m":20.7,"serves_from_bearing":284.4,"serves_to_bearing":194.4,"serves_quality":"good","lat":25.0485859,"lon":121.5759091,"confidence":"confirmed","source":"dieturn/yolo26s-obb_ep144@taipei_udd_ortho_2025","source_updated_at":"2026-09-05"},"geometry":{"type":"Polygon","coordinates":[[[121.5759258,25.0485702],[121.5759321,25.0485923],[121.5758924,25.0486016],[121.5758861,25.0485796],[121.5759258,25.0485702]]]}},{"type":"Feature","id":"dt_wsqqt3snm","properties":{"id":"dt_wsqqt3snm","status":"auto","conf":0.9591,"n_detections":1,"heading_deg":87.8,"length_m":5.73,"width_m":2.57,"corner":"NW","intersection_id":"TPS_01574","intersection_dist_m":11.5,"serves_from_bearing":267.8,"serves_to_bearing":177.8,"serves_quality":"good","lat":25.0581541,"lon":121.5254854,"confidence":"confirmed","source":"dieturn/yolo26s-obb_ep144@taipei_udd_ortho_2025","source_updated_at":"2026-09-05"},"geometry":{"type":"Polygon","coordinates":[[[121.5255143,25.0581435],[121.5255133,25.0581667],[121.5254566,25.0581647],[121.5254576,25.0581414],[121.5255143,25.0581435]]]}},{"type":"Feature","id":"dt_wsqqmqp50","properties":{"id":"dt_wsqqmqp50","status":"auto","conf":0.959,"n_detections":1,"heading_deg":87.7,"length_m":3.58,"width_m":2.04,"corner":"NE","intersection_id":"TPS_00316","intersection_dist_m":16.3,"serves_from_bearing":357.7,"serves_to_bearing":267.7,"serves_quality":"good","lat":25.0383795,"lon":121.5294225,"confidence":"confirmed","source":"dieturn/yolo26s-obb_ep144@taipei_udd_ortho_2025","source_updated_at":"2026-09-05"},"geometry":{"type":"Polygon","coordinates":[[[121.5294407,25.038371],[121.5294399,25.0383894],[121.5294044,25.0383881],[121.5294052,25.0383697],[121.5294407,25.038371]]]}},{"type":"Feature","id":"dt_wsqqtdcuv","properties":{"id":"dt_wsqqtdcuv","status":"auto","conf":0.959,"n_detections":1,"heading_deg":178.6,"length_m":4.11,"width_m":2.34,"corner":"NW","intersection_id":"TPS_01198","intersection_dist_m":13.1,"serves_from_bearing":268.6,"serves_to_bearing":178.6,"serves_quality":"ambiguous","lat":25.0647503,"lon":121.5334196,"confidence":"confirmed","source":"dieturn/yolo26s-obb_ep144@taipei_udd_ortho_2025","source_updated_at":"2026-09-05"},"geometry":{"type":"Polygon","coordinates":[[[121.5334317,25.064732],[121.5334307,25.0647691],[121.5334075,25.0647686],[121.5334085,25.0647315],[121.5334317,25.064732]]]}},{"type":"Feature","id":"dt_wsqqwjxpg","properties":{"id":"dt_wsqqwjxpg","status":"auto","conf":0.9589,"n_detections":1,"heading_deg":146.9,"length_m":3.09,"width_m":2.99,"corner":"SW","intersection_id":"TPS_00002","intersection_dist_m":18.0,"serves_from_bearing":236.9,"serves_to_bearing":146.9,"serves_quality":"good","lat":25.0803969,"lon":121.5625174,"confidence":"confirmed","source":"dieturn/yolo26s-obb_ep144@taipei_udd_ortho_2025","source_updated_at":"2026-09-05"},"geometry":{"type":"Polygon","coordinates":[[[121.5625383,25.0803924],[121.5625215,25.0804159],[121.5624966,25.0804012],[121.5625134,25.0803779],[121.5625383,25.0803924]]]}},{"type":"Feature","id":"dt_wsqqt6d0m","properties":{"id":"dt_wsqqt6d0m","status":"auto","conf":0.9588,"n_detections":1,"heading_deg":77.5,"length_m":5.64,"width_m":2.64,"corner":"SE","intersection_id":"TPS_00049","intersection_dist_m":23.7,"serves_from_bearing":77.5,"serves_to_bearing":347.5,"serves_quality":"good","lat":25.0626086,"lon":121.5227793,"confidence":"confirmed","source":"dieturn/yolo26s-obb_ep144@taipei_udd_ortho_2025","source_updated_at":"2026-09-05"},"geometry":{"type":"Polygon","coordinates":[[[121.5228094,25.0626024],[121.5228037,25.0626258],[121.5227492,25.0626148],[121.5227549,25.0625914],[121.5228094,25.0626024]]]}},{"type":"Feature","id":"dt_wsqqv6eb6","properties":{"id":"dt_wsqqv6eb6","status":"auto","conf":0.9588,"n_detections":1,"heading_deg":2.2,"length_m":4.03,"width_m":2.68,"corner":"NE","intersection_id":"TPS_00511","intersection_dist_m":15.3,"serves_from_bearing":2.2,"serves_to_bearing":272.2,"serves_quality":"good","lat":25.1065538,"lon":121.5250156,"confidence":"confirmed","source":"dieturn/yolo26s-obb_ep144@taipei_udd_ortho_2025","source_updated_at":"2026-09-05"},"geometry":{"type":"Polygon","coordinates":[[[121.5250281,25.1065351],[121.5250296,25.1065716],[121.5250031,25.1065725],[121.5250015,25.1065361],[121.5250281,25.1065351]]]}},{"type":"Feature","id":"dt_wsqqtyqew","properties":{"id":"dt_wsqqtyqew","status":"auto","conf":0.9588,"n_detections":1,"heading_deg":170.7,"length_m":4.63,"width_m":2.62,"corner":"SE","intersection_id":"TPS_00891","intersection_dist_m":12.1,"serves_from_bearing":80.7,"serves_to_bearing":350.7,"serves_quality":"good","lat":25.0837617,"lon":121.5509512,"confidence":"confirmed","source":"dieturn/yolo26s-obb_ep144@taipei_udd_ortho_2025","source_updated_at":"2026-09-05"},"geometry":{"type":"Polygon","coordinates":[[[121.5509677,25.083743],[121.5509603,25.0837843],[121.5509346,25.0837805],[121.550942,25.0837392],[121.5509677,25.083743]]]}},{"type":"Feature","id":"dt_wsqqt4nfr","properties":{"id":"dt_wsqqt4nfr","status":"auto","conf":0.9588,"n_detections":1,"heading_deg":0.7,"length_m":5.23,"width_m":2.56,"corner":"NE","intersection_id":"TPS_00906","intersection_dist_m":15.4,"serves_from_bearing":0.7,"serves_to_bearing":270.7,"serves_quality":"good","lat":25.0602349,"lon":121.5183849,"confidence":"confirmed","source":"dieturn/yolo26s-obb_ep144@taipei_udd_ortho_2025","source_updated_at":"2026-09-05"},"geometry":{"type":"Polygon","coordinates":[[[121.5183972,25.0602111],[121.5183979,25.0602585],[121.5183725,25.0602588],[121.5183719,25.0602114],[121.5183972,25.0602111]]]}},{"type":"Feature","id":"dt_wsqqqpgu9","properties":{"id":"dt_wsqqqpgu9","status":"auto","conf":0.9588,"n_detections":1,"heading_deg":178.6,"length_m":5.41,"width_m":2.8,"corner":"SE","intersection_id":"TPS_02475","intersection_dist_m":24.5,"serves_from_bearing":88.6,"serves_to_bearing":358.6,"serves_quality":"good","lat":25.0482589,"lon":121.5579544,"confidence":"confirmed","source":"dieturn/yolo26s-obb_ep144@taipei_udd_ortho_2025","source_updated_at":"2026-09-05"},"geometry":{"type":"Polygon","coordinates":[[[121.5579689,25.0482347],[121.5579676,25.0482836],[121.5579398,25.048283],[121.5579412,25.0482341],[121.5579689,25.0482347]]]}},{"type":"Feature","id":"dt_wsqqtymte","properties":{"id":"dt_wsqqtymte","status":"auto","conf":0.9587,"n_detections":1,"heading_deg":13.9,"length_m":3.64,"width_m":2.25,"corner":"NE","intersection_id":"TPS_00569","intersection_dist_m":12.6,"serves_from_bearing":13.9,"serves_to_bearing":283.9,"serves_quality":"good","lat":25.0841273,"lon":121.5494444,"confidence":"confirmed","source":"dieturn/yolo26s-obb_ep144@taipei_udd_ortho_2025","source_updated_at":"2026-09-05"},"geometry":{"type":"Polygon","coordinates":[[[121.5494509,25.0841089],[121.5494596,25.0841409],[121.5494379,25.0841457],[121.5494293,25.0841137],[121.5494509,25.0841089]]]}},{"type":"Feature","id":"dt_wsqqmges4","properties":{"id":"dt_wsqqmges4","status":"auto","conf":0.9587,"n_detections":1,"heading_deg":88.2,"length_m":3.19,"width_m":2.48,"corner":"NW","intersection_id":"TPS_00619","intersection_dist_m":13.1,"serves_from_bearing":268.2,"serves_to_bearing":178.2,"serves_quality":"good","lat":25.0248067,"lon":121.5466762,"confidence":"confirmed","source":"dieturn/yolo26s-obb_ep144@taipei_udd_ortho_2025","source_updated_at":"2026-09-05"},"geometry":{"type":"Polygon","coordinates":[[[121.5466924,25.0247959],[121.5466916,25.0248183],[121.54666,25.0248174],[121.5466608,25.024795],[121.5466924,25.0247959]]]}},{"type":"Feature","id":"dt_wsqqthpjy","properties":{"id":"dt_wsqqthpjy","status":"auto","conf":0.9586,"n_detections":1,"heading_deg":99.3,"length_m":6.12,"width_m":2.25,"corner":"SE","intersection_id":"TPS_00684","intersection_dist_m":13.7,"serves_from_bearing":99.3,"serves_to_bearing":9.3,"serves_quality":"good","lat":25.071818,"lon":121.5186917,"confidence":"confirmed","source":"dieturn/yolo26s-obb_ep144@taipei_udd_ortho_2025","source_updated_at":"2026-09-05"},"geometry":{"type":"Polygon","coordinates":[[[121.5187197,25.0718035],[121.5187234,25.0718236],[121.5186635,25.0718326],[121.5186599,25.0718125],[121.5187197,25.0718035]]]}},{"type":"Feature","id":"dt_wsqqwv3x1","properties":{"id":"dt_wsqqwv3x1","status":"auto","conf":0.9586,"n_detections":1,"heading_deg":74.4,"length_m":2.8,"width_m":2.14,"corner":"NW","intersection_id":"TPS_00834","intersection_dist_m":16.7,"serves_from_bearing":254.4,"serves_to_bearing":164.4,"serves_quality":"good","lat":25.0789114,"lon":121.587828,"confidence":"confirmed","source":"dieturn/yolo26s-obb_ep144@taipei_udd_ortho_2025","source_updated_at":"2026-09-05"},"geometry":{"type":"Polygon","coordinates":[[[121.5878442,25.0789054],[121.5878385,25.078924],[121.5878117,25.0789172],[121.5878175,25.0788987],[121.5878442,25.0789054]]]}},{"type":"Feature","id":"dt_wsqqt89ep","properties":{"id":"dt_wsqqt89ep","status":"auto","conf":0.9585,"n_detections":1,"heading_deg":2.0,"length_m":5.32,"width_m":2.74,"corner":"NE","intersection_id":"TPS_00136","intersection_dist_m":18.6,"serves_from_bearing":2.0,"serves_to_bearing":272.0,"serves_quality":"good","lat":25.0521298,"lon":121.5331563,"confidence":"confirmed","source":"dieturn/yolo26s-obb_ep144@taipei_udd_ortho_2025","source_updated_at":"2026-09-05"},"geometry":{"type":"Polygon","coordinates":[[[121.5331689,25.0521053],[121.5331708,25.0521534],[121.5331437,25.0521543],[121.5331418,25.0521063],[121.5331689,25.0521053]]]}},{"type":"Feature","id":"dt_wsqqt6w9j","properties":{"id":"dt_wsqqt6w9j","status":"auto","conf":0.9585,"n_detections":1,"heading_deg":87.5,"length_m":4.49,"width_m":2.55,"corner":"NW","intersection_id":"TPS_00698","intersection_dist_m":17.7,"serves_from_bearing":267.5,"serves_to_bearing":177.5,"serves_quality":"good","lat":25.0627451,"lon":121.5289506,"confidence":"confirmed","source":"dieturn/yolo26s-obb_ep144@taipei_udd_ortho_2025","source_updated_at":"2026-09-05"},"geometry":{"type":"Polygon","coordinates":[[[121.5289734,25.0627345],[121.5289723,25.0627576],[121.5289278,25.0627558],[121.5289288,25.0627327],[121.5289734,25.0627345]]]}},{"type":"Feature","id":"dt_wsqqqxg73","properties":{"id":"dt_wsqqqxg73","status":"auto","conf":0.9584,"n_detections":1,"heading_deg":76.5,"length_m":6.36,"width_m":2.85,"corner":"SW","intersection_id":"TPS_00743","intersection_dist_m":10.4,"serves_from_bearing":166.5,"serves_to_bearing":76.5,"serves_quality":"good","lat":25.0480232,"lon":121.579227,"confidence":"confirmed","source":"dieturn/yolo26s-obb_ep144@taipei_udd_ortho_2025","source_updated_at":"2026-09-05"},"geometry":{"type":"Polygon","coordinates":[[[121.579261,25.0480174],[121.5792544,25.0480424],[121.579193,25.048029],[121.5791997,25.0480039],[121.579261,25.0480174]]]}},{"type":"Feature","id":"dt_wsqqw85b3","properties":{"id":"dt_wsqqw85b3","status":"auto","conf":0.9584,"n_detections":1,"heading_deg":177.4,"length_m":5.18,"width_m":2.73,"corner":"SW","intersection_id":"TPS_00749","intersection_dist_m":18.1,"serves_from_bearing":177.4,"serves_to_bearing":87.4,"serves_quality":"ambiguous","lat":25.0489088,"lon":121.5799289,"confidence":"confirmed","source":"dieturn/yolo26s-obb_ep144@taipei_udd_ortho_2025","source_updated_at":"2026-09-05"},"geometry":{"type":"Polygon","coordinates":[[[121.5799436,25.0488859],[121.5799413,25.0489327],[121.5799143,25.0489316],[121.5799166,25.0488848],[121.5799436,25.0488859]]]}},{"type":"Feature","id":"dt_wsqqv7hq2","properties":{"id":"dt_wsqqv7hq2","status":"auto","conf":0.9583,"n_detections":1,"heading_deg":3.0,"length_m":3.39,"width_m":2.17,"corner":"SE","intersection_id":"TPS_00512","intersection_dist_m":10.9,"serves_from_bearing":93.0,"serves_to_bearing":3.0,"serves_quality":"ambiguous","lat":25.1103498,"lon":121.5256262,"confidence":"confirmed","source":"dieturn/yolo26s-obb_ep144@taipei_udd_ortho_2025","source_updated_at":"2026-09-05"},"geometry":{"type":"Polygon","coordinates":[[[121.5256361,25.110334],[121.5256378,25.1103646],[121.5256164,25.1103656],[121.5256146,25.110335],[121.5256361,25.110334]]]}},{"type":"Feature","id":"dt_wsqqwdzv5","properties":{"id":"dt_wsqqwdzv5","status":"auto","conf":0.9583,"n_detections":1,"heading_deg":15.1,"length_m":4.6,"width_m":3.32,"corner":"SW","intersection_id":"TPS_00818","intersection_dist_m":13.2,"serves_from_bearing":195.1,"serves_to_bearing":105.1,"serves_quality":"good","lat":25.0648049,"lon":121.5855129,"confidence":"confirmed","source":"dieturn/yolo26s-obb_ep144@taipei_udd_ortho_2025","source_updated_at":"2026-09-05"},"geometry":{"type":"Polygon","coordinates":[[[121.5855228,25.064781],[121.5855347,25.0648212],[121.5855029,25.0648289],[121.5854911,25.0647887],[121.5855228,25.064781]]]}},{"type":"Feature","id":"dt_wsqqt1eqw","properties":{"id":"dt_wsqqt1eqw","status":"auto","conf":0.9581,"n_detections":1,"heading_deg":174.9,"length_m":4.63,"width_m":2.16,"corner":"SW","intersection_id":"TPS_00782","intersection_dist_m":14.5,"serves_from_bearing":264.9,"serves_to_bearing":174.9,"serves_quality":"ambiguous","lat":25.0581975,"lon":121.5135119,"confidence":"confirmed","source":"dieturn/yolo26s-obb_ep144@taipei_udd_ortho_2025","source_updated_at":"2026-09-05"},"geometry":{"type":"Polygon","coordinates":[[[121.5135246,25.0581775],[121.5135205,25.0582192],[121.5134992,25.0582175],[121.5135033,25.0581757],[121.5135246,25.0581775]]]}},{"type":"Feature","id":"dt_wsqqwnpze","properties":{"id":"dt_wsqqwnpze","status":"auto","conf":0.9581,"n_detections":1,"heading_deg":108.6,"length_m":4.08,"width_m":2.41,"corner":"SE","intersection_id":"TPS_00967","intersection_dist_m":19.1,"serves_from_bearing":108.6,"serves_to_bearing":18.6,"serves_quality":"good","lat":25.0830962,"lon":121.5635263,"confidence":"confirmed","source":"dieturn/yolo26s-obb_ep144@taipei_udd_ortho_2025","source_updated_at":"2026-09-05"},"geometry":{"type":"Polygon","coordinates":[[[121.5635416,25.08308],[121.5635493,25.0831006],[121.563511,25.0831124],[121.5635032,25.0830918],[121.5635416,25.08308]]]}},{"type":"Feature","id":"dt_wsqqtcts1","properties":{"id":"dt_wsqqtcts1","status":"auto","conf":0.9581,"n_detections":1,"heading_deg":7.1,"length_m":4.95,"width_m":2.98,"corner":"NW","intersection_id":"TPS_02320","intersection_dist_m":13.6,"serves_from_bearing":187.1,"serves_to_bearing":97.1,"serves_quality":"ambiguous","lat":25.0577921,"lon":121.5493671,"confidence":"confirmed","source":"dieturn/yolo26s-obb_ep144@taipei_udd_ortho_2025","source_updated_at":"2026-09-05"},"geometry":{"type":"Polygon","coordinates":[[[121.5493787,25.0577683],[121.5493848,25.0578127],[121.5493555,25.057816],[121.5493494,25.0577716],[121.5493787,25.0577683]]]}},{"type":"Feature","id":"dt_wsqqv67xk","properties":{"id":"dt_wsqqv67xk","status":"auto","conf":0.958,"n_detections":1,"heading_deg":4.9,"length_m":4.81,"width_m":2.15,"corner":"SW","intersection_id":"TPS_00511","intersection_dist_m":14.9,"serves_from_bearing":184.9,"serves_to_bearing":94.9,"serves_quality":"good","lat":25.1063897,"lon":121.5247756,"confidence":"confirmed","source":"dieturn/yolo26s-obb_ep144@taipei_udd_ortho_2025","source_updated_at":"2026-09-05"},"geometry":{"type":"Polygon","coordinates":[[[121.5247842,25.1063673],[121.5247883,25.1064106],[121.524767,25.1064122],[121.524763,25.1063689],[121.5247842,25.1063673]]]}},{"type":"Feature","id":"dt_wsqqqxu39","properties":{"id":"dt_wsqqqxu39","status":"auto","conf":0.958,"n_detections":1,"heading_deg":144.4,"length_m":3.18,"width_m":2.1,"corner":"NE","intersection_id":"TPS_00742","intersection_dist_m":11.8,"serves_from_bearing":324.4,"serves_to_bearing":234.4,"serves_quality":"ambiguous","lat":25.0477131,"lon":121.5805904,"confidence":"confirmed","source":"dieturn/yolo26s-obb_ep144@taipei_udd_ortho_2025","source_updated_at":"2026-09-05"},"geometry":{"type":"Polygon","coordinates":[[[121.580608,25.0477069],[121.5805897,25.0477303],[121.5805727,25.0477193],[121.5805911,25.0476959],[121.580608,25.0477069]]]}},{"type":"Feature","id":"dt_wsqqmw18d","properties":{"id":"dt_wsqqmw18d","status":"auto","conf":0.9579,"n_detections":1,"heading_deg":100.6,"length_m":4.73,"width_m":2.56,"corner":"SE","intersection_id":"TPS_00014","intersection_dist_m":26.7,"serves_from_bearing":100.6,"serves_to_bearing":10.6,"serves_quality":"good","lat":25.0379323,"lon":121.532939,"confidence":"confirmed","source":"dieturn/yolo26s-obb_ep144@taipei_udd_ortho_2025","source_updated_at":"2026-09-05"},"geometry":{"type":"Polygon","coordinates":[[[121.5329597,25.037917],[121.5329644,25.0379397],[121.5329183,25.0379476],[121.5329136,25.0379249],[121.5329597,25.037917]]]}},{"type":"Feature","id":"dt_wsqqwbrhn","properties":{"id":"dt_wsqqwbrhn","status":"auto","conf":0.9578,"n_detections":1,"heading_deg":76.4,"length_m":6.18,"width_m":2.95,"corner":"NW","intersection_id":"TPS_00163","intersection_dist_m":19.1,"serves_from_bearing":256.4,"serves_to_bearing":166.4,"serves_quality":"good","lat":25.050908,"lon":121.5955639,"confidence":"confirmed","source":"dieturn/yolo26s-obb_ep144@taipei_udd_ortho_2025","source_updated_at":"2026-09-05"},"geometry":{"type":"Polygon","coordinates":[[[121.5955971,25.0509016],[121.5955902,25.0509275],[121.5955306,25.0509144],[121.5955376,25.0508885],[121.5955971,25.0509016]]]}},{"type":"Feature","id":"dt_wsqqwmvjy","properties":{"id":"dt_wsqqwmvjy","status":"auto","conf":0.9578,"n_detections":1,"heading_deg":107.2,"length_m":4.31,"width_m":2.58,"corner":"SW","intersection_id":"TPS_00521","intersection_dist_m":15.6,"serves_from_bearing":107.2,"serves_to_bearing":17.2,"serves_quality":"ambiguous","lat":25.0814089,"lon":121.5708497,"confidence":"confirmed","source":"dieturn/yolo26s-obb_ep144@taipei_udd_ortho_2025","source_updated_at":"2026-09-05"},"geometry":{"type":"Polygon","coordinates":[[[121.5708662,25.081392],[121.5708739,25.0814143],[121.5708331,25.0814258],[121.5708254,25.0814035],[121.5708662,25.081392]]]}},{"type":"Feature","id":"dt_wsqqqm9kf","properties":{"id":"dt_wsqqqm9kf","status":"auto","conf":0.9577,"n_detections":1,"heading_deg":0.3,"length_m":5.12,"width_m":2.48,"corner":"NE","intersection_id":"TPS_02434","intersection_dist_m":13.0,"serves_from_bearing":0.3,"serves_to_bearing":270.3,"serves_quality":"good","lat":25.0359213,"lon":121.5655638,"confidence":"confirmed","source":"dieturn/yolo26s-obb_ep144@taipei_udd_ortho_2025","source_updated_at":"2026-09-05"},"geometry":{"type":"Polygon","coordinates":[[[121.5655759,25.0358981],[121.5655762,25.0359444],[121.5655516,25.0359445],[121.5655513,25.0358982],[121.5655759,25.0358981]]]}},{"type":"Feature","id":"dt_wsqqqjbnk","properties":{"id":"dt_wsqqqjbnk","status":"auto","conf":0.9576,"n_detections":1,"heading_deg":88.3,"length_m":5.68,"width_m":2.65,"corner":"SE","intersection_id":"TPS_00128","intersection_dist_m":25.8,"serves_from_bearing":178.3,"serves_to_bearing":88.3,"serves_quality":"ambiguous","lat":25.0375454,"lon":121.5529424,"confidence":"confirmed","source":"dieturn/yolo26s-obb_ep144@taipei_udd_ortho_2025","source_updated_at":"2026-09-05"},"geometry":{"type":"Polygon","coordinates":[[[121.552971,25.0375342],[121.5529702,25.0375582],[121.5529139,25.0375566],[121.5529146,25.0375326],[121.552971,25.0375342]]]}},{"type":"Feature","id":"dt_wsqqv233p","properties":{"id":"dt_wsqqv233p","status":"auto","conf":0.9576,"n_detections":1,"heading_deg":161.6,"length_m":4.88,"width_m":3.1,"corner":"SW","intersection_id":"TPS_00510","intersection_dist_m":12.4,"serves_from_bearing":161.6,"serves_to_bearing":71.6,"serves_quality":"good","lat":25.0943387,"lon":121.521812,"confidence":"confirmed","source":"dieturn/yolo26s-obb_ep144@taipei_udd_ortho_2025","source_updated_at":"2026-09-05"},"geometry":{"type":"Polygon","coordinates":[[[121.5218343,25.0943221],[121.521819,25.094364],[121.5217898,25.0943552],[121.5218051,25.0943134],[121.5218343,25.0943221]]]}},{"type":"Feature","id":"dt_wsqqw8nsr","properties":{"id":"dt_wsqqw8nsr","status":"auto","conf":0.9576,"n_detections":1,"heading_deg":83.3,"length_m":4.64,"width_m":2.31,"corner":"SE","intersection_id":"TPS_00986","intersection_dist_m":16.5,"serves_from_bearing":83.3,"serves_to_bearing":353.3,"serves_quality":"good","lat":25.0495898,"lon":121.5839656,"confidence":"confirmed","source":"dieturn/yolo26s-obb_ep144@taipei_udd_ortho_2025","source_updated_at":"2026-09-05"},"geometry":{"type":"Polygon","coordinates":[[[121.5839898,25.0495818],[121.5839871,25.0496025],[121.5839414,25.0495977],[121.583944,25.049577],[121.5839898,25.0495818]]]}},{"type":"Feature","id":"dt_wsqqmthzk","properties":{"id":"dt_wsqqmthzk","status":"auto","conf":0.9575,"n_detections":1,"heading_deg":0.2,"length_m":4.64,"width_m":2.09,"corner":"NW","intersection_id":"TPS_00296","intersection_dist_m":15.4,"serves_from_bearing":270.2,"serves_to_bearing":180.2,"serves_quality":"good","lat":25.0335975,"lon":121.5374725,"confidence":"confirmed","source":"dieturn/yolo26s-obb_ep144@taipei_udd_ortho_2025","source_updated_at":"2026-09-05"},"geometry":{"type":"Polygon","coordinates":[[[121.5374828,25.0335764],[121.5374829,25.0336184],[121.5374622,25.0336185],[121.5374621,25.0335765],[121.5374828,25.0335764]]]}},{"type":"Feature","id":"dt_wsqqv3exf","properties":{"id":"dt_wsqqv3exf","status":"auto","conf":0.9575,"n_detections":1,"heading_deg":71.9,"length_m":5.23,"width_m":3.14,"corner":"NW","intersection_id":"TPS_00516","intersection_dist_m":16.8,"serves_from_bearing":341.9,"serves_to_bearing":251.9,"serves_quality":"good","lat":25.1023812,"lon":121.5246793,"confidence":"confirmed","source":"dieturn/yolo26s-obb_ep144@taipei_udd_ortho_2025","source_updated_at":"2026-09-05"},"geometry":{"type":"Polygon","coordinates":[[[121.5247088,25.102375],[121.5246991,25.102402],[121.5246498,25.1023873],[121.5246596,25.1023603],[121.5247088,25.102375]]]}},{"type":"Feature","id":"dt_wsqqtveu9","properties":{"id":"dt_wsqqtveu9","status":"auto","conf":0.9575,"n_detections":1,"heading_deg":177.4,"length_m":5.53,"width_m":2.79,"corner":"SW","intersection_id":"TPS_00525","intersection_dist_m":15.4,"serves_from_bearing":177.4,"serves_to_bearing":87.4,"serves_quality":"good","lat":25.0798155,"lon":121.5469828,"confidence":"confirmed","source":"dieturn/yolo26s-obb_ep144@taipei_udd_ortho_2025","source_updated_at":"2026-09-05"},"geometry":{"type":"Polygon","coordinates":[[[121.5469979,25.0797911],[121.5469954,25.079841],[121.5469678,25.0798399],[121.5469702,25.07979],[121.5469979,25.0797911]]]}},{"type":"Feature","id":"dt_wsqqw23xx","properties":{"id":"dt_wsqqw23xx","status":"auto","conf":0.9574,"n_detections":1,"heading_deg":87.7,"length_m":3.58,"width_m":2.26,"corner":"NE","intersection_id":"TPS_00095","intersection_dist_m":15.3,"serves_from_bearing":357.7,"serves_to_bearing":267.7,"serves_quality":"good","lat":25.0515079,"lon":121.5661182,"confidence":"confirmed","source":"dieturn/yolo26s-obb_ep144@taipei_udd_ortho_2025","source_updated_at":"2026-09-05"},"geometry":{"type":"Polygon","coordinates":[[[121.5661364,25.0514984],[121.5661354,25.0515188],[121.5661,25.0515175],[121.5661009,25.0514971],[121.5661364,25.0514984]]]}},{"type":"Feature","id":"dt_wsqqqwd0u","properties":{"id":"dt_wsqqqwd0u","status":"auto","conf":0.9572,"n_detections":1,"heading_deg":1.5,"length_m":5.14,"width_m":2.64,"corner":"SW","intersection_id":"TPS_00138","intersection_dist_m":22.2,"serves_from_bearing":181.5,"serves_to_bearing":91.5,"serves_quality":"good","lat":25.0407454,"lon":121.5776511,"confidence":"confirmed","source":"dieturn/yolo26s-obb_ep144@taipei_udd_ortho_2025","source_updated_at":"2026-09-05"},"geometry":{"type":"Polygon","coordinates":[[[121.5776635,25.0407219],[121.5776648,25.0407684],[121.5776387,25.040769],[121.5776373,25.0407225],[121.5776635,25.0407219]]]}},{"type":"Feature","id":"dt_wsqqtymmt","properties":{"id":"dt_wsqqtymmt","status":"auto","conf":0.9571,"n_detections":1,"heading_deg":13.7,"length_m":4.55,"width_m":2.24,"corner":"NW","intersection_id":"TPS_00569","intersection_dist_m":11.5,"serves_from_bearing":193.7,"serves_to_bearing":103.7,"serves_quality":"good","lat":25.0841276,"lon":121.5492064,"confidence":"confirmed","source":"dieturn/yolo26s-obb_ep144@taipei_udd_ortho_2025","source_updated_at":"2026-09-05"},"geometry":{"type":"Polygon","coordinates":[[[121.5492118,25.0841053],[121.5492225,25.0841452],[121.5492009,25.08415],[121.5491902,25.08411],[121.5492118,25.0841053]]]}},{"type":"Feature","id":"dt_wsqquum3q","properties":{"id":"dt_wsqquum3q","status":"auto","conf":0.9571,"n_detections":1,"heading_deg":137.9,"length_m":3.0,"width_m":2.87,"corner":"NE","intersection_id":"TPS_01064","intersection_dist_m":24.1,"serves_from_bearing":47.9,"serves_to_bearing":317.9,"serves_quality":"ambiguous","lat":25.1163714,"lon":121.5052859,"confidence":"confirmed","source":"dieturn/yolo26s-obb_ep144@taipei_udd_ortho_2025","source_updated_at":"2026-09-05"},"geometry":{"type":"Polygon","coordinates":[[[121.5053065,25.1163699],[121.5052866,25.1163901],[121.5052653,25.1163728],[121.5052852,25.1163527],[121.5053065,25.1163699]]]}},{"type":"Feature","id":"dt_wsqqmhj47","properties":{"id":"dt_wsqqmhj47","status":"auto","conf":0.957,"n_detections":1,"heading_deg":15.9,"length_m":4.62,"width_m":2.62,"corner":"NW","intersection_id":"TPS_00104","intersection_dist_m":16.8,"serves_from_bearing":195.9,"serves_to_bearing":105.9,"serves_quality":"good","lat":25.027265,"lon":121.5158049,"confidence":"confirmed","source":"dieturn/yolo26s-obb_ep144@taipei_udd_ortho_2025","source_updated_at":"2026-09-05"},"geometry":{"type":"Polygon","coordinates":[[[121.5158111,25.0272417],[121.5158236,25.0272819],[121.5157986,25.0272883],[121.5157861,25.0272481],[121.5158111,25.0272417]]]}},{"type":"Feature","id":"dt_wsqqq4ff2","properties":{"id":"dt_wsqqq4ff2","status":"auto","conf":0.9569,"n_detections":2,"heading_deg":154.4,"length_m":5.26,"width_m":2.43,"corner":"SW","intersection_id":"TPS_00667","intersection_dist_m":19.2,"serves_from_bearing":154.4,"serves_to_bearing":64.4,"serves_quality":"good","lat":25.0204025,"lon":121.5565284,"confidence":"confirmed","source":"dieturn/yolo26s-obb_ep144@taipei_udd_ortho_2025","source_updated_at":"2026-09-05"},"geometry":{"type":"Polygon","coordinates":[[[121.5565506,25.0203857],[121.556528,25.0204286],[121.5565063,25.0204192],[121.5565288,25.0203764],[121.5565506,25.0203857]]]}},{"type":"Feature","id":"dt_wsqqkusd1","properties":{"id":"dt_wsqqkusd1","status":"auto","conf":0.9569,"n_detections":1,"heading_deg":178.2,"length_m":5.83,"width_m":2.79,"corner":"SW","intersection_id":"TPS_00926","intersection_dist_m":13.1,"serves_from_bearing":178.2,"serves_to_bearing":88.2,"serves_quality":"good","lat":25.0299811,"lon":121.5040394,"confidence":"confirmed","source":"dieturn/yolo26s-obb_ep144@taipei_udd_ortho_2025","source_updated_at":"2026-09-05"},"geometry":{"type":"Polygon","coordinates":[[[121.5040542,25.0299551],[121.5040523,25.0300078],[121.5040247,25.0300071],[121.5040265,25.0299544],[121.5040542,25.0299551]]]}},{"type":"Feature","id":"dt_wsqqt253u","properties":{"id":"dt_wsqqt253u","status":"auto","conf":0.9569,"n_detections":1,"heading_deg":14.8,"length_m":4.41,"width_m":2.31,"corner":"SW","intersection_id":"TPS_01532","intersection_dist_m":13.8,"serves_from_bearing":194.8,"serves_to_bearing":104.8,"serves_quality":"good","lat":25.0491373,"lon":121.5244385,"confidence":"confirmed","source":"dieturn/yolo26s-obb_ep144@taipei_udd_ortho_2025","source_updated_at":"2026-09-05"},"geometry":{"type":"Polygon","coordinates":[[[121.524444,25.0491154],[121.5244552,25.049154],[121.524433,25.0491593],[121.5244218,25.0491207],[121.524444,25.0491154]]]}},{"type":"Feature","id":"dt_wsqqt69fn","properties":{"id":"dt_wsqqt69fn","status":"auto","conf":0.9568,"n_detections":1,"heading_deg":79.6,"length_m":7.06,"width_m":2.85,"corner":"NW","intersection_id":"TPS_00049","intersection_dist_m":24.3,"serves_from_bearing":259.6,"serves_to_bearing":169.6,"serves_quality":"good","lat":25.0629339,"lon":121.522464,"confidence":"confirmed","source":"dieturn/yolo26s-obb_ep144@taipei_udd_ortho_2025","source_updated_at":"2026-09-05"},"geometry":{"type":"Polygon","coordinates":[[[121.5225011,25.062927],[121.5224959,25.0629523],[121.522427,25.0629408],[121.5224322,25.0629155],[121.5225011,25.062927]]]}},{"type":"Feature","id":"dt_wsqqwjdss","properties":{"id":"dt_wsqqwjdss","status":"auto","conf":0.9568,"n_detections":1,"heading_deg":89.4,"length_m":6.76,"width_m":2.59,"corner":"SE","intersection_id":"TPS_00171","intersection_dist_m":11.0,"serves_from_bearing":89.4,"serves_to_bearing":359.4,"serves_quality":"good","lat":25.0798539,"lon":121.5563533,"confidence":"confirmed","source":"dieturn/yolo26s-obb_ep144@taipei_udd_ortho_2025","source_updated_at":"2026-09-05"},"geometry":{"type":"Polygon","coordinates":[[[121.5563871,25.0798426],[121.5563867,25.0798659],[121.5563197,25.0798653],[121.55632,25.0798418],[121.5563871,25.0798426]]]}},{"type":"Feature","id":"dt_wsqqmr43t","properties":{"id":"dt_wsqqmr43t","status":"auto","conf":0.9568,"n_detections":1,"heading_deg":13.3,"length_m":3.53,"width_m":2.21,"corner":"SE","intersection_id":"TPS_02016","intersection_dist_m":10.5,"serves_from_bearing":13.3,"serves_to_bearing":283.3,"serves_quality":"ambiguous","lat":25.043619,"lon":121.5231034,"confidence":"confirmed","source":"dieturn/yolo26s-obb_ep144@taipei_udd_ortho_2025","source_updated_at":"2026-09-05"},"geometry":{"type":"Polygon","coordinates":[[[121.52311,25.0436012],[121.5231181,25.0436323],[121.5230968,25.0436368],[121.5230887,25.0436058],[121.52311,25.0436012]]]}},{"type":"Feature","id":"dt_wsqqw21ph","properties":{"id":"dt_wsqqw21ph","status":"auto","conf":0.9567,"n_detections":1,"heading_deg":173.8,"length_m":4.33,"width_m":2.41,"corner":"SW","intersection_id":"TPS_00244","intersection_dist_m":9.3,"serves_from_bearing":173.8,"serves_to_bearing":83.8,"serves_quality":"ambiguous","lat":25.0500483,"lon":121.5652888,"confidence":"confirmed","source":"dieturn/yolo26s-obb_ep144@taipei_udd_ortho_2025","source_updated_at":"2026-09-05"},"geometry":{"type":"Polygon","coordinates":[[[121.5653029,25.05003],[121.5652983,25.050069],[121.5652746,25.0500666],[121.5652792,25.0500277],[121.5653029,25.05003]]]}},{"type":"Feature","id":"dt_wsqqm5gsx","properties":{"id":"dt_wsqqm5gsx","status":"auto","conf":0.9567,"n_detections":1,"heading_deg":99.1,"length_m":4.8,"width_m":2.45,"corner":"NE","intersection_id":"TPS_01303","intersection_dist_m":7.9,"serves_from_bearing":279.1,"serves_to_bearing":189.1,"serves_quality":"ambiguous","lat":25.0262972,"lon":121.5139244,"confidence":"confirmed","source":"dieturn/yolo26s-obb_ep144@taipei_udd_ortho_2025","source_updated_at":"2026-09-05"},"geometry":{"type":"Polygon","coordinates":[[[121.5139459,25.0262829],[121.5139498,25.0263048],[121.5139028,25.0263116],[121.5138989,25.0262897],[121.5139459,25.0262829]]]}},{"type":"Feature","id":"dt_wsqqt1wf2","properties":{"id":"dt_wsqqt1wf2","status":"auto","conf":0.9566,"n_detections":1,"heading_deg":85.4,"length_m":5.5,"width_m":2.53,"corner":"NW","intersection_id":"TPS_00144","intersection_dist_m":18.7,"serves_from_bearing":265.4,"serves_to_bearing":175.4,"serves_quality":"good","lat":25.0574577,"lon":121.5180604,"confidence":"confirmed","source":"dieturn/yolo26s-obb_ep144@taipei_udd_ortho_2025","source_updated_at":"2026-09-05"},"geometry":{"type":"Polygon","coordinates":[[[121.5180886,25.0574483],[121.5180865,25.0574712],[121.5180322,25.0574672],[121.5180342,25.0574443],[121.5180886,25.0574483]]]}},{"type":"Feature","id":"dt_wsqqqpyj8","properties":{"id":"dt_wsqqqpyj8","status":"auto","conf":0.9566,"n_detections":2,"heading_deg":80.7,"length_m":3.94,"width_m":2.06,"corner":"SW","intersection_id":"TPS_02542","intersection_dist_m":23.5,"serves_from_bearing":170.7,"serves_to_bearing":80.7,"serves_quality":"good","lat":25.0484299,"lon":121.5610082,"confidence":"confirmed","source":"dieturn/yolo26s-obb_ep144@taipei_udd_ortho_2025","source_updated_at":"2026-09-05"},"geometry":{"type":"Polygon","coordinates":[[[121.5610291,25.0484235],[121.5610258,25.0484419],[121.5609873,25.0484362],[121.5609906,25.0484178],[121.5610291,25.0484235]]]}},{"type":"Feature","id":"dt_wsqqtkb3t","properties":{"id":"dt_wsqqtkb3t","status":"auto","conf":0.9565,"n_detections":1,"heading_deg":17.3,"length_m":4.63,"width_m":2.8,"corner":"NE","intersection_id":"TPS_00139","intersection_dist_m":19.5,"serves_from_bearing":17.3,"serves_to_bearing":287.3,"serves_quality":"good","lat":25.0752186,"lon":121.5203397,"confidence":"confirmed","source":"dieturn/yolo26s-obb_ep144@taipei_udd_ortho_2025","source_updated_at":"2026-09-05"},"geometry":{"type":"Polygon","coordinates":[[[121.5203461,25.0751949],[121.5203598,25.0752348],[121.5203332,25.0752423],[121.5203195,25.0752023],[121.5203461,25.0751949]]]}},{"type":"Feature","id":"dt_wsqqt8s5q","properties":{"id":"dt_wsqqt8s5q","status":"auto","conf":0.9565,"n_detections":1,"heading_deg":88.4,"length_m":7.72,"width_m":2.79,"corner":"NW","intersection_id":"TPS_00623","intersection_dist_m":16.7,"serves_from_bearing":268.4,"serves_to_bearing":178.4,"serves_quality":"ambiguous","lat":25.0521568,"lon":121.5365237,"confidence":"confirmed","source":"dieturn/yolo26s-obb_ep144@taipei_udd_ortho_2025","source_updated_at":"2026-09-05"},"geometry":{"type":"Polygon","coordinates":[[[121.5365624,25.0521453],[121.5365616,25.0521705],[121.5364851,25.0521685],[121.5364859,25.0521432],[121.5365624,25.0521453]]]}},{"type":"Feature","id":"dt_wsqqt0d62","properties":{"id":"dt_wsqqt0d62","status":"auto","conf":0.9564,"n_detections":1,"heading_deg":86.4,"length_m":6.51,"width_m":2.57,"corner":"SE","intersection_id":"TPS_01586","intersection_dist_m":8.4,"serves_from_bearing":86.4,"serves_to_bearing":356.4,"serves_quality":"good","lat":25.0519856,"lon":121.5119108,"confidence":"confirmed","source":"dieturn/yolo26s-obb_ep144@taipei_udd_ortho_2025","source_updated_at":"2026-09-05"},"geometry":{"type":"Polygon","coordinates":[[[121.5119438,25.0519758],[121.5119422,25.051999],[121.5118778,25.0519953],[121.5118794,25.0519722],[121.5119438,25.0519758]]]}},{"type":"Feature","id":"dt_wsqqrrvzg","properties":{"id":"dt_wsqqrrvzg","status":"auto","conf":0.9563,"n_detections":1,"heading_deg":167.2,"length_m":4.68,"width_m":2.63,"corner":"SW","intersection_id":"TPS_00875","intersection_dist_m":11.6,"serves_from_bearing":257.2,"serves_to_bearing":167.2,"serves_quality":"ambiguous","lat":25.0488141,"lon":121.6157322,"confidence":"confirmed","source":"dieturn/yolo26s-obb_ep144@taipei_udd_ortho_2025","source_updated_at":"2026-09-05"},"geometry":{"type":"Polygon","coordinates":[[[121.6157501,25.048796],[121.6157398,25.0488373],[121.6157144,25.0488321],[121.6157247,25.0487909],[121.6157501,25.048796]]]}},{"type":"Feature","id":"dt_wsqqqrcs5","properties":{"id":"dt_wsqqqrcs5","status":"auto","conf":0.9563,"n_detections":2,"heading_deg":68.3,"length_m":4.74,"width_m":2.88,"corner":"NW","intersection_id":"TPS_02461","intersection_dist_m":14.9,"serves_from_bearing":248.3,"serves_to_bearing":158.3,"serves_quality":"ambiguous","lat":25.0481804,"lon":121.5659104,"confidence":"confirmed","source":"dieturn/yolo26s-obb_ep144@taipei_udd_ortho_2025","source_updated_at":"2026-09-05"},"geometry":{"type":"Polygon","coordinates":[[[121.5659376,25.0481762],[121.565927,25.0482003],[121.5658832,25.0481845],[121.5658939,25.0481604],[121.5659376,25.0481762]]]}},{"type":"Feature","id":"dt_wsqqw210r","properties":{"id":"dt_wsqqw210r","status":"auto","conf":0.9562,"n_detections":1,"heading_deg":175.1,"length_m":4.36,"width_m":2.28,"corner":"NE","intersection_id":"TPS_00009","intersection_dist_m":7.4,"serves_from_bearing":355.1,"serves_to_bearing":265.1,"serves_quality":"good","lat":25.0489044,"lon":121.5654069,"confidence":"confirmed","source":"dieturn/yolo26s-obb_ep144@taipei_udd_ortho_2025","source_updated_at":"2026-09-05"},"geometry":{"type":"Polygon","coordinates":[[[121.56542,25.0488857],[121.5654163,25.048925],[121.5653938,25.0489232],[121.5653976,25.0488839],[121.56542,25.0488857]]]}},{"type":"Feature","id":"dt_wsqqw8mx1","properties":{"id":"dt_wsqqw8mx1","status":"auto","conf":0.9562,"n_detections":1,"heading_deg":153.4,"length_m":5.34,"width_m":2.63,"corner":"SW","intersection_id":"TPS_00755","intersection_dist_m":25.4,"serves_from_bearing":153.4,"serves_to_bearing":63.4,"serves_quality":"ambiguous","lat":25.0514159,"lon":121.5823442,"confidence":"confirmed","source":"dieturn/yolo26s-obb_ep144@taipei_udd_ortho_2025","source_updated_at":"2026-09-05"},"geometry":{"type":"Polygon","coordinates":[[[121.5823678,25.0513996],[121.5823441,25.0514428],[121.5823207,25.0514323],[121.5823444,25.0513891],[121.5823678,25.0513996]]]}},{"type":"Feature","id":"dt_wsqqwd6s0","properties":{"id":"dt_wsqqwd6s0","status":"auto","conf":0.9562,"n_detections":1,"heading_deg":146.2,"length_m":4.95,"width_m":2.76,"corner":"NE","intersection_id":"TPS_00817","intersection_dist_m":15.6,"serves_from_bearing":326.2,"serves_to_bearing":236.2,"serves_quality":"good","lat":25.0618961,"lon":121.5781445,"confidence":"confirmed","source":"dieturn/yolo26s-obb_ep144@taipei_udd_ortho_2025","source_updated_at":"2026-09-05"},"geometry":{"type":"Polygon","coordinates":[[[121.5781696,25.0618844],[121.5781423,25.0619216],[121.5781194,25.0619079],[121.5781467,25.0618706],[121.5781696,25.0618844]]]}},{"type":"Feature","id":"dt_wsqqm6gyz","properties":{"id":"dt_wsqqm6gyz","status":"auto","conf":0.9561,"n_detections":1,"heading_deg":40.9,"length_m":5.5,"width_m":2.37,"corner":"NE","intersection_id":"TPS_01053","intersection_dist_m":12.3,"serves_from_bearing":310.9,"serves_to_bearing":220.9,"serves_quality":"good","lat":25.021149,"lon":121.5252288,"confidence":"confirmed","source":"dieturn/yolo26s-obb_ep144@taipei_udd_ortho_2025","source_updated_at":"2026-09-05"},"geometry":{"type":"Polygon","coordinates":[[[121.5252199,25.0211233],[121.5252555,25.0211609],[121.5252376,25.0211748],[121.525202,25.0211372],[121.5252199,25.0211233]]]}},{"type":"Feature","id":"dt_wsqqkv91q","properties":{"id":"dt_wsqqkv91q","status":"auto","conf":0.9561,"n_detections":3,"heading_deg":5.3,"length_m":5.07,"width_m":2.65,"corner":"NW","intersection_id":"TPS_02424","intersection_dist_m":15.4,"serves_from_bearing":185.3,"serves_to_bearing":95.3,"serves_quality":"ambiguous","lat":25.0353445,"lon":121.4994651,"confidence":"confirmed","source":"dieturn/yolo26s-obb_ep144@taipei_udd_ortho_2025","source_updated_at":"2026-09-05"},"geometry":{"type":"Polygon","coordinates":[[[121.4994758,25.0353206],[121.4994805,25.0353662],[121.4994543,25.0353684],[121.4994497,25.0353227],[121.4994758,25.0353206]]]}},{"type":"Feature","id":"dt_wsqqksqe0","properties":{"id":"dt_wsqqksqe0","status":"auto","conf":0.956,"n_detections":1,"heading_deg":25.9,"length_m":4.68,"width_m":2.43,"corner":"NE","intersection_id":"TPS_00185","intersection_dist_m":15.8,"serves_from_bearing":25.9,"serves_to_bearing":295.9,"serves_quality":"good","lat":25.0287449,"lon":121.4957823,"confidence":"confirmed","source":"dieturn/yolo26s-obb_ep144@taipei_udd_ortho_2025","source_updated_at":"2026-09-05"},"geometry":{"type":"Polygon","coordinates":[[[121.495783,25.0287211],[121.4958033,25.0287591],[121.4957816,25.0287687],[121.4957613,25.0287306],[121.495783,25.0287211]]]}},{"type":"Feature","id":"dt_wsqqw84rd","properties":{"id":"dt_wsqqw84rd","status":"auto","conf":0.956,"n_detections":1,"heading_deg":178.7,"length_m":4.64,"width_m":2.55,"corner":"NE","intersection_id":"TPS_00337","intersection_dist_m":18.1,"serves_from_bearing":358.7,"serves_to_bearing":268.7,"serves_quality":"good","lat":25.0501584,"lon":121.5778874,"confidence":"confirmed","source":"dieturn/yolo26s-obb_ep144@taipei_udd_ortho_2025","source_updated_at":"2026-09-05"},"geometry":{"type":"Polygon","coordinates":[[[121.5779006,25.0501377],[121.5778995,25.0501796],[121.5778743,25.050179],[121.5778753,25.0501371],[121.5779006,25.0501377]]]}},{"type":"Feature","id":"dt_wsqqjxtb4","properties":{"id":"dt_wsqqjxtb4","status":"auto","conf":0.956,"n_detections":1,"heading_deg":159.6,"length_m":3.09,"width_m":2.31,"corner":"SW","intersection_id":"TPS_00507","intersection_dist_m":12.9,"serves_from_bearing":159.6,"serves_to_bearing":69.6,"serves_quality":"good","lat":25.0021409,"lon":121.5387697,"confidence":"confirmed","source":"dieturn/yolo26s-obb_ep144@taipei_udd_ortho_2025","source_updated_at":"2026-09-05"},"geometry":{"type":"Polygon","coordinates":[[[121.5387857,25.0021315],[121.5387751,25.0021577],[121.5387536,25.0021504],[121.5387642,25.0021242],[121.5387857,25.0021315]]]}},{"type":"Feature","id":"dt_wsqqth5z2","properties":{"id":"dt_wsqqth5z2","status":"auto","conf":0.956,"n_detections":1,"heading_deg":0.2,"length_m":5.08,"width_m":2.64,"corner":"NE","intersection_id":"TPS_01092","intersection_dist_m":18.0,"serves_from_bearing":0.2,"serves_to_bearing":270.2,"serves_quality":"good","lat":25.0720847,"lon":121.5139664,"confidence":"confirmed","source":"dieturn/yolo26s-obb_ep144@taipei_udd_ortho_2025","source_updated_at":"2026-09-05"},"geometry":{"type":"Polygon","coordinates":[[[121.5139793,25.0720617],[121.5139795,25.0721077],[121.5139534,25.0721077],[121.5139532,25.0720618],[121.5139793,25.0720617]]]}},{"type":"Feature","id":"dt_wsqqmvpu4","properties":{"id":"dt_wsqqmvpu4","status":"auto","conf":0.9559,"n_detections":1,"heading_deg":87.9,"length_m":5.83,"width_m":2.54,"corner":"SE","intersection_id":"TPS_00038","intersection_dist_m":17.1,"serves_from_bearing":87.9,"serves_to_bearing":357.9,"serves_quality":"ambiguous","lat":25.0330514,"lon":121.5524864,"confidence":"confirmed","source":"dieturn/yolo26s-obb_ep144@taipei_udd_ortho_2025","source_updated_at":"2026-09-05"},"geometry":{"type":"Polygon","coordinates":[[[121.5525157,25.0330409],[121.5525148,25.0330638],[121.5524571,25.0330619],[121.552458,25.0330389],[121.5525157,25.0330409]]]}},{"type":"Feature","id":"dt_wsqqtc39g","properties":{"id":"dt_wsqqtc39g","status":"auto","conf":0.9556,"n_detections":1,"heading_deg":0.9,"length_m":5.32,"width_m":2.39,"corner":"SW","intersection_id":"TPS_00077","intersection_dist_m":16.1,"serves_from_bearing":180.9,"serves_to_bearing":90.9,"serves_quality":"good","lat":25.0560147,"lon":121.5439718,"confidence":"confirmed","source":"dieturn/yolo26s-obb_ep144@taipei_udd_ortho_2025","source_updated_at":"2026-09-05"},"geometry":{"type":"Polygon","coordinates":[[[121.5439832,25.0559905],[121.543984,25.0560386],[121.5439603,25.0560389],[121.5439595,25.0559908],[121.5439832,25.0559905]]]}},{"type":"Feature","id":"dt_wsqqkv1ux","properties":{"id":"dt_wsqqkv1ux","status":"auto","conf":0.9555,"n_detections":1,"heading_deg":96.0,"length_m":6.8,"width_m":2.79,"corner":"NW","intersection_id":"TPS_00928","intersection_dist_m":19.3,"serves_from_bearing":276.0,"serves_to_bearing":186.0,"serves_quality":"good","lat":25.0331588,"lon":121.5005111,"confidence":"confirmed","source":"dieturn/yolo26s-obb_ep144@taipei_udd_ortho_2025","source_updated_at":"2026-09-05"},"geometry":{"type":"Polygon","coordinates":[[[121.5005431,25.0331431],[121.5005461,25.0331682],[121.500479,25.0331746],[121.5004761,25.0331495],[121.5005431,25.0331431]]]}},{"type":"Feature","id":"dt_wsqqtvvhd","properties":{"id":"dt_wsqqtvvhd","status":"auto","conf":0.9554,"n_detections":1,"heading_deg":17.6,"length_m":5.16,"width_m":2.32,"corner":"SE","intersection_id":"TPS_00979","intersection_dist_m":12.0,"serves_from_bearing":17.6,"serves_to_bearing":287.6,"serves_quality":"ambiguous","lat":25.0811865,"lon":121.5487133,"confidence":"confirmed","source":"dieturn/yolo26s-obb_ep144@taipei_udd_ortho_2025","source_updated_at":"2026-09-05"},"geometry":{"type":"Polygon","coordinates":[[[121.5487166,25.0811611],[121.548732,25.0812056],[121.5487101,25.0812118],[121.5486946,25.0811673],[121.5487166,25.0811611]]]}},{"type":"Feature","id":"dt_wsqqmprye","properties":{"id":"dt_wsqqmprye","status":"auto","conf":0.9554,"n_detections":2,"heading_deg":105.6,"length_m":3.63,"width_m":2.58,"corner":"NW","intersection_id":"TPS_00332","intersection_dist_m":18.9,"serves_from_bearing":285.6,"serves_to_bearing":195.6,"serves_quality":"ambiguous","lat":25.0458633,"lon":121.519577,"confidence":"confirmed","source":"dieturn/yolo26s-obb_ep144@taipei_udd_ortho_2025","source_updated_at":"2026-09-05"},"geometry":{"type":"Polygon","coordinates":[[[121.5195909,25.0458477],[121.5195978,25.0458702],[121.5195631,25.045879],[121.5195561,25.0458565],[121.5195909,25.0458477]]]}},{"type":"Feature","id":"dt_wsqqqrqjf","properties":{"id":"dt_wsqqqrqjf","status":"auto","conf":0.9553,"n_detections":1,"heading_deg":88.4,"length_m":4.21,"width_m":2.54,"corner":"NW","intersection_id":"TPS_00722","intersection_dist_m":13.7,"serves_from_bearing":268.4,"serves_to_bearing":178.4,"serves_quality":"ambiguous","lat":25.0457214,"lon":121.5720809,"confidence":"confirmed","source":"dieturn/yolo26s-obb_ep144@taipei_udd_ortho_2025","source_updated_at":"2026-09-05"},"geometry":{"type":"Polygon","coordinates":[[[121.5721021,25.0457104],[121.5721015,25.0457334],[121.5720597,25.0457323],[121.5720604,25.0457093],[121.5721021,25.0457104]]]}},{"type":"Feature","id":"dt_wsqqmr696","properties":{"id":"dt_wsqqmr696","status":"auto","conf":0.9553,"n_detections":2,"heading_deg":102.0,"length_m":6.48,"width_m":2.58,"corner":"NW","intersection_id":"TPS_00727","intersection_dist_m":17.5,"serves_from_bearing":282.0,"serves_to_bearing":192.0,"serves_quality":"ambiguous","lat":25.0449542,"lon":121.5233363,"confidence":"confirmed","source":"dieturn/yolo26s-obb_ep144@taipei_udd_ortho_2025","source_updated_at":"2026-09-05"},"geometry":{"type":"Polygon","coordinates":[[[121.5233651,25.0449367],[121.5233705,25.0449595],[121.5233076,25.0449716],[121.5233022,25.0449489],[121.5233651,25.0449367]]]}},{"type":"Feature","id":"dt_wsqquujpw","properties":{"id":"dt_wsqquujpw","status":"auto","conf":0.9553,"n_detections":1,"heading_deg":142.8,"length_m":5.25,"width_m":2.54,"corner":"SW","intersection_id":"TPS_01064","intersection_dist_m":23.2,"serves_from_bearing":142.8,"serves_to_bearing":52.8,"serves_quality":"good","lat":25.1160669,"lon":121.5049582,"confidence":"confirmed","source":"dieturn/yolo26s-obb_ep144@taipei_udd_ortho_2025","source_updated_at":"2026-09-05"},"geometry":{"type":"Polygon","coordinates":[[[121.5049839,25.1160549],[121.5049525,25.1160927],[121.5049324,25.1160789],[121.5049639,25.1160411],[121.5049839,25.1160549]]]}},{"type":"Feature","id":"dt_wsqqtd3ye","properties":{"id":"dt_wsqqtd3ye","status":"auto","conf":0.9553,"n_detections":3,"heading_deg":88.7,"length_m":7.72,"width_m":2.62,"corner":"NE","intersection_id":"TPS_01199","intersection_dist_m":17.2,"serves_from_bearing":358.7,"serves_to_bearing":268.7,"serves_quality":"good","lat":25.0623395,"lon":121.5333263,"confidence":"confirmed","source":"dieturn/yolo26s-obb_ep144@taipei_udd_ortho_2025","source_updated_at":"2026-09-05"},"geometry":{"type":"Polygon","coordinates":[[[121.5333648,25.0623284],[121.5333642,25.0623521],[121.5332877,25.0623505],[121.5332883,25.0623269],[121.5333648,25.0623284]]]}},{"type":"Feature","id":"dt_wsqqwe07c","properties":{"id":"dt_wsqqwe07c","status":"auto","conf":0.9552,"n_detections":2,"heading_deg":156.3,"length_m":5.04,"width_m":2.5,"corner":"NE","intersection_id":"TPS_00754","intersection_dist_m":13.8,"serves_from_bearing":66.3,"serves_to_bearing":336.3,"serves_quality":"good","lat":25.0659772,"lon":121.5751308,"confidence":"confirmed","source":"dieturn/yolo26s-obb_ep144@taipei_udd_ortho_2025","source_updated_at":"2026-09-05"},"geometry":{"type":"Polygon","coordinates":[[[121.5751521,25.0659609],[121.5751321,25.0660026],[121.5751094,25.0659937],[121.5751294,25.0659519],[121.5751521,25.0659609]]]}},{"type":"Feature","id":"dt_wsqqqjgxe","properties":{"id":"dt_wsqqqjgxe","status":"auto","conf":0.9551,"n_detections":1,"heading_deg":1.1,"length_m":4.49,"width_m":2.73,"corner":"NE","intersection_id":"TPS_00023","intersection_dist_m":17.1,"serves_from_bearing":1.1,"serves_to_bearing":271.1,"serves_quality":"good","lat":25.0377898,"lon":121.5577036,"confidence":"confirmed","source":"dieturn/yolo26s-obb_ep144@taipei_udd_ortho_2025","source_updated_at":"2026-09-05"},"geometry":{"type":"Polygon","coordinates":[[[121.5577167,25.0377693],[121.5577176,25.0378099],[121.5576905,25.0378103],[121.5576896,25.0377698],[121.5577167,25.0377693]]]}},{"type":"Feature","id":"dt_wsqqjxn96","properties":{"id":"dt_wsqqjxn96","status":"auto","conf":0.9551,"n_detections":1,"heading_deg":160.6,"length_m":3.6,"width_m":2.5,"corner":"SW","intersection_id":"TPS_00508","intersection_dist_m":13.0,"serves_from_bearing":160.6,"serves_to_bearing":70.6,"serves_quality":"good","lat":24.9996051,"lon":121.5397836,"confidence":"confirmed","source":"dieturn/yolo26s-obb_ep144@taipei_udd_ortho_2025","source_updated_at":"2026-09-05"},"geometry":{"type":"Polygon","coordinates":[[[121.5398012,24.9995935],[121.5397894,24.9996242],[121.539766,24.9996167],[121.5397778,24.9995861],[121.5398012,24.9995935]]]}},{"type":"Feature","id":"dt_wsqqx28vp","properties":{"id":"dt_wsqqx28vp","status":"auto","conf":0.955,"n_detections":1,"heading_deg":80.9,"length_m":3.36,"width_m":2.01,"corner":"NW","intersection_id":"TPS_00848","intersection_dist_m":12.9,"serves_from_bearing":260.9,"serves_to_bearing":170.9,"serves_quality":"good","lat":25.0524615,"lon":121.6090215,"confidence":"confirmed","source":"dieturn/yolo26s-obb_ep144@taipei_udd_ortho_2025","source_updated_at":"2026-09-05"},"geometry":{"type":"Polygon","coordinates":[[[121.6090396,25.0524549],[121.6090364,25.0524729],[121.6090035,25.0524681],[121.6090067,25.0524501],[121.6090396,25.0524549]]]}},{"type":"Feature","id":"dt_wsqqv4my8","properties":{"id":"dt_wsqqv4my8","status":"auto","conf":0.955,"n_detections":1,"heading_deg":130.5,"length_m":4.34,"width_m":2.54,"corner":"NE","intersection_id":"TPS_01084","intersection_dist_m":17.5,"serves_from_bearing":310.5,"serves_to_bearing":220.5,"serves_quality":"ambiguous","lat":25.1062674,"lon":121.5167214,"confidence":"confirmed","source":"dieturn/yolo26s-obb_ep144@taipei_udd_ortho_2025","source_updated_at":"2026-09-05"},"geometry":{"type":"Polygon","coordinates":[[[121.516746,25.1062633],[121.5167133,25.1062888],[121.5166968,25.1062715],[121.5167296,25.106246],[121.516746,25.1062633]]]}},{"type":"Feature","id":"dt_wsqqw7e1n","properties":{"id":"dt_wsqqw7e1n","status":"auto","conf":0.955,"n_detections":2,"heading_deg":10.6,"length_m":5.31,"width_m":2.6,"corner":"SW","intersection_id":"TPS_01191","intersection_dist_m":9.4,"serves_from_bearing":100.6,"serves_to_bearing":10.6,"serves_quality":"ambiguous","lat":25.0682561,"lon":121.5681256,"confidence":"confirmed","source":"dieturn/yolo26s-obb_ep144@taipei_udd_ortho_2025","source_updated_at":"2026-09-05"},"geometry":{"type":"Polygon","coordinates":[[[121.5681335,25.0682303],[121.5681431,25.0682775],[121.5681178,25.0682818],[121.5681082,25.0682346],[121.5681335,25.0682303]]]}},{"type":"Feature","id":"dt_wsqqwbrp1","properties":{"id":"dt_wsqqwbrp1","status":"auto","conf":0.9549,"n_detections":1,"heading_deg":166.1,"length_m":5.37,"width_m":2.46,"corner":"SW","intersection_id":"TPS_00191","intersection_dist_m":13.1,"serves_from_bearing":166.1,"serves_to_bearing":76.1,"serves_quality":"good","lat":25.0514308,"lon":121.595373,"confidence":"confirmed","source":"dieturn/yolo26s-obb_ep144@taipei_udd_ortho_2025","source_updated_at":"2026-09-05"},"geometry":{"type":"Polygon","coordinates":[[[121.5953912,25.0514099],[121.5953784,25.051457],[121.5953547,25.0514518],[121.5953675,25.0514046],[121.5953912,25.0514099]]]}},{"type":"Feature","id":"dt_wsqqth7u8","properties":{"id":"dt_wsqqth7u8","status":"auto","conf":0.9549,"n_detections":1,"heading_deg":176.7,"length_m":3.92,"width_m":2.28,"corner":"NE","intersection_id":"TPS_00686","intersection_dist_m":15.8,"serves_from_bearing":356.7,"serves_to_bearing":266.7,"serves_quality":"ambiguous","lat":25.0729469,"lon":121.5139682,"confidence":"confirmed","source":"dieturn/yolo26s-obb_ep144@taipei_udd_ortho_2025","source_updated_at":"2026-09-05"},"geometry":{"type":"Polygon","coordinates":[[[121.5139806,25.0729298],[121.5139784,25.0729652],[121.5139559,25.072964],[121.5139581,25.0729287],[121.5139806,25.0729298]]]}},{"type":"Feature","id":"dt_wsqqxk0zk","properties":{"id":"dt_wsqqxk0zk","status":"auto","conf":0.9549,"n_detections":1,"heading_deg":116.5,"length_m":2.66,"width_m":2.39,"corner":"NE","intersection_id":"TPS_00837","intersection_dist_m":12.0,"serves_from_bearing":296.5,"serves_to_bearing":206.5,"serves_quality":"ambiguous","lat":25.0720561,"lon":121.6088841,"confidence":"confirmed","source":"dieturn/yolo26s-obb_ep144@taipei_udd_ortho_2025","source_updated_at":"2026-09-05"},"geometry":{"type":"Polygon","coordinates":[[[121.6088906,25.0720411],[121.6089013,25.0720604],[121.6088777,25.0720712],[121.608867,25.0720519],[121.6088906,25.0720411]]]}},{"type":"Feature","id":"dt_wsqqmfjjv","properties":{"id":"dt_wsqqmfjjv","status":"auto","conf":0.9549,"n_detections":2,"heading_deg":40.6,"length_m":6.24,"width_m":2.56,"corner":"SE","intersection_id":"TPS_01213","intersection_dist_m":13.5,"serves_from_bearing":130.6,"serves_to_bearing":40.6,"serves_quality":"good","lat":25.0168853,"lon":121.5488322,"confidence":"confirmed","source":"dieturn/yolo26s-obb_ep144@taipei_udd_ortho_2025","source_updated_at":"2026-09-05"},"geometry":{"type":"Polygon","coordinates":[[[121.5488217,25.0168564],[121.5488619,25.0168992],[121.5488426,25.0169141],[121.5488024,25.0168713],[121.5488217,25.0168564]]]}},{"type":"Feature","id":"dt_wsqqqx6ke","properties":{"id":"dt_wsqqqx6ke","status":"auto","conf":0.9548,"n_detections":1,"heading_deg":0.5,"length_m":6.19,"width_m":2.51,"corner":"NE","intersection_id":"TPS_00335","intersection_dist_m":12.5,"serves_from_bearing":0.5,"serves_to_bearing":270.5,"serves_quality":"good","lat":25.0455082,"lon":121.5779339,"confidence":"confirmed","source":"dieturn/yolo26s-obb_ep144@taipei_udd_ortho_2025","source_updated_at":"2026-09-05"},"geometry":{"type":"Polygon","coordinates":[[[121.5779461,25.0454801],[121.5779466,25.0455361],[121.5779217,25.0455362],[121.5779212,25.0454803],[121.5779461,25.0454801]]]}},{"type":"Feature","id":"dt_wsqqwdxe4","properties":{"id":"dt_wsqqwdxe4","status":"auto","conf":0.9548,"n_detections":1,"heading_deg":27.0,"length_m":7.02,"width_m":2.42,"corner":"SE","intersection_id":"TPS_00993","intersection_dist_m":12.1,"serves_from_bearing":27.0,"serves_to_bearing":297.0,"serves_quality":"good","lat":25.063094,"lon":121.5851007,"confidence":"confirmed","source":"dieturn/yolo26s-obb_ep144@taipei_udd_ortho_2025","source_updated_at":"2026-09-05"},"geometry":{"type":"Polygon","coordinates":[[[121.5850956,25.0630609],[121.5851272,25.0631174],[121.5851058,25.0631272],[121.5850741,25.0630707],[121.5850956,25.0630609]]]}},{"type":"Feature","id":"dt_wsqqmh1vf","properties":{"id":"dt_wsqqmh1vf","status":"auto","conf":0.9548,"n_detections":1,"heading_deg":110.2,"length_m":3.46,"width_m":2.62,"corner":"SW","intersection_id":"TPS_01128","intersection_dist_m":9.9,"serves_from_bearing":200.2,"serves_to_bearing":110.2,"serves_quality":"ambiguous","lat":25.0278835,"lon":121.5113151,"confidence":"confirmed","source":"dieturn/yolo26s-obb_ep144@taipei_udd_ortho_2025","source_updated_at":"2026-09-05"},"geometry":{"type":"Polygon","coordinates":[[[121.5113266,25.027867],[121.5113357,25.0278892],[121.5113035,25.0279],[121.5112944,25.0278778],[121.5113266,25.027867]]]}},{"type":"Feature","id":"dt_wsqqw69e6","properties":{"id":"dt_wsqqw69e6","status":"auto","conf":0.9548,"n_detections":2,"heading_deg":173.0,"length_m":5.51,"width_m":2.25,"corner":"NE","intersection_id":"TPS_02490","intersection_dist_m":14.5,"serves_from_bearing":83.0,"serves_to_bearing":353.0,"serves_quality":"ambiguous","lat":25.0631487,"lon":121.5658716,"confidence":"confirmed","source":"dieturn/yolo26s-obb_ep144@taipei_udd_ortho_2025","source_updated_at":"2026-09-05"},"geometry":{"type":"Polygon","coordinates":[[[121.565886,25.0631252],[121.5658793,25.0631747],[121.5658572,25.0631723],[121.5658639,25.0631227],[121.565886,25.0631252]]]}},{"type":"Feature","id":"dt_wsqqucpqn","properties":{"id":"dt_wsqqucpqn","status":"auto","conf":0.9547,"n_detections":1,"heading_deg":179.6,"length_m":4.41,"width_m":3.06,"corner":"SW","intersection_id":"TPS_00427","intersection_dist_m":19.8,"serves_from_bearing":179.6,"serves_to_bearing":89.6,"serves_quality":"good","lat":25.0993287,"lon":121.5080194,"confidence":"confirmed","source":"dieturn/yolo26s-obb_ep144@taipei_udd_ortho_2025","source_updated_at":"2026-09-05"},"geometry":{"type":"Polygon","coordinates":[[[121.5080348,25.0993088],[121.5080345,25.0993487],[121.5080041,25.0993486],[121.5080044,25.0993086],[121.5080348,25.0993088]]]}},{"type":"Feature","id":"dt_wsqqtfq3c","properties":{"id":"dt_wsqqtfq3c","status":"auto","conf":0.9546,"n_detections":2,"heading_deg":12.5,"length_m":5.77,"width_m":2.51,"corner":"SE","intersection_id":"TPS_02436","intersection_dist_m":10.7,"serves_from_bearing":102.5,"serves_to_bearing":12.5,"serves_quality":"ambiguous","lat":25.0614985,"lon":121.550401,"confidence":"confirmed","source":"dieturn/yolo26s-obb_ep144@taipei_udd_ortho_2025","source_updated_at":"2026-09-05"},"geometry":{"type":"Polygon","coordinates":[[[121.5504069,25.0614706],[121.5504193,25.0615215],[121.550395,25.0615263],[121.5503826,25.0614754],[121.5504069,25.0614706]]]}},{"type":"Feature","id":"dt_wsqqjwpwq","properties":{"id":"dt_wsqqjwpwq","status":"auto","conf":0.9545,"n_detections":1,"heading_deg":177.5,"length_m":3.55,"width_m":2.48,"corner":"NE","intersection_id":"TPS_00375","intersection_dist_m":4.9,"serves_from_bearing":357.5,"serves_to_bearing":267.5,"serves_quality":"ambiguous","lat":24.9949754,"lon":121.5413374,"confidence":"confirmed","source":"dieturn/yolo26s-obb_ep144@taipei_udd_ortho_2025","source_updated_at":"2026-09-05"},"geometry":{"type":"Polygon","coordinates":[[[121.5413505,24.9949598],[121.5413489,24.9949919],[121.5413243,24.994991],[121.5413259,24.9949589],[121.5413505,24.9949598]]]}},{"type":"Feature","id":"dt_wsqqwns46","properties":{"id":"dt_wsqqwns46","status":"auto","conf":0.9545,"n_detections":1,"heading_deg":63.1,"length_m":4.47,"width_m":2.52,"corner":"NW","intersection_id":"TPS_00528","intersection_dist_m":15.2,"serves_from_bearing":243.1,"serves_to_bearing":153.1,"serves_quality":"good","lat":25.0849258,"lon":121.5583355,"confidence":"confirmed","source":"dieturn/yolo26s-obb_ep144@taipei_udd_ortho_2025","source_updated_at":"2026-09-05"},"geometry":{"type":"Polygon","coordinates":[[[121.558361,25.0849248],[121.5583496,25.0849451],[121.55831,25.0849268],[121.5583214,25.0849065],[121.558361,25.0849248]]]}},{"type":"Feature","id":"dt_wsqqm8t35","properties":{"id":"dt_wsqqm8t35","status":"auto","conf":0.9544,"n_detections":1,"heading_deg":156.2,"length_m":6.28,"width_m":2.99,"corner":"SW","intersection_id":"TPS_00113","intersection_dist_m":19.3,"serves_from_bearing":156.2,"serves_to_bearing":66.2,"serves_quality":"good","lat":25.0078354,"lon":121.5381199,"confidence":"confirmed","source":"dieturn/yolo26s-obb_ep144@taipei_udd_ortho_2025","source_updated_at":"2026-09-05"},"geometry":{"type":"Polygon","coordinates":[[[121.538146,25.0078148],[121.538121,25.0078667],[121.5380937,25.007856],[121.5381188,25.007804],[121.538146,25.0078148]]]}},{"type":"Feature","id":"dt_wsqqmx3mm","properties":{"id":"dt_wsqqmx3mm","status":"auto","conf":0.9543,"n_detections":1,"heading_deg":105.1,"length_m":6.07,"width_m":2.36,"corner":"NW","intersection_id":"TPS_00003","intersection_dist_m":18.1,"serves_from_bearing":195.1,"serves_to_bearing":105.1,"serves_quality":"good","lat":25.0456402,"lon":121.5327129,"confidence":"confirmed","source":"dieturn/yolo26s-obb_ep144@taipei_udd_ortho_2025","source_updated_at":"2026-09-05"},"geometry":{"type":"Polygon","coordinates":[[[121.5327388,25.0456227],[121.532745,25.0456433],[121.5326869,25.0456577],[121.5326808,25.0456371],[121.5327388,25.0456227]]]}},{"type":"Feature","id":"dt_wsqqwt2fe","properties":{"id":"dt_wsqqwt2fe","status":"auto","conf":0.9543,"n_detections":1,"heading_deg":31.0,"length_m":6.36,"width_m":2.48,"corner":"NW","intersection_id":"TPS_00522","intersection_dist_m":13.8,"serves_from_bearing":211.0,"serves_to_bearing":121.0,"serves_quality":"good","lat":25.0781143,"lon":121.5758834,"confidence":"confirmed","source":"dieturn/yolo26s-obb_ep144@taipei_udd_ortho_2025","source_updated_at":"2026-09-05"},"geometry":{"type":"Polygon","coordinates":[[[121.5758778,25.078084],[121.5759103,25.0781333],[121.5758891,25.0781447],[121.5758566,25.0780954],[121.5758778,25.078084]]]}},{"type":"Feature","id":"dt_wsqqmrzmx","properties":{"id":"dt_wsqqmrzmx","status":"auto","conf":0.9542,"n_detections":1,"heading_deg":58.0,"length_m":6.17,"width_m":2.65,"corner":"NE","intersection_id":"TPS_00325","intersection_dist_m":30.9,"serves_from_bearing":58.0,"serves_to_bearing":328.0,"serves_quality":"good","lat":25.0484061,"lon":121.5300517,"confidence":"confirmed","source":"dieturn/yolo26s-obb_ep144@taipei_udd_ortho_2025","source_updated_at":"2026-09-05"},"geometry":{"type":"Polygon","coordinates":[[[121.5300847,25.0484108],[121.5300706,25.048431],[121.5300187,25.0484015],[121.5300328,25.0483813],[121.5300847,25.0484108]]]}},{"type":"Feature","id":"dt_wsqqxht2h","properties":{"id":"dt_wsqqxht2h","status":"auto","conf":0.9542,"n_detections":1,"heading_deg":85.0,"length_m":3.01,"width_m":2.25,"corner":"NW","intersection_id":"TPS_01024","intersection_dist_m":10.6,"serves_from_bearing":265.0,"serves_to_bearing":175.0,"serves_quality":"ambiguous","lat":25.0735663,"lon":121.6040763,"confidence":"confirmed","source":"dieturn/yolo26s-obb_ep144@taipei_udd_ortho_2025","source_updated_at":"2026-09-05"},"geometry":{"type":"Polygon","coordinates":[[[121.6040922,25.0735574],[121.6040902,25.0735777],[121.6040605,25.0735753],[121.6040625,25.073555],[121.6040922,25.0735574]]]}},{"type":"Feature","id":"dt_wsqqt2teg","properties":{"id":"dt_wsqqt2teg","status":"auto","conf":0.9541,"n_detections":1,"heading_deg":85.4,"length_m":4.67,"width_m":2.37,"corner":"NW","intersection_id":"TPS_00132","intersection_dist_m":28.7,"serves_from_bearing":265.4,"serves_to_bearing":175.4,"serves_quality":"good","lat":25.0522307,"lon":121.5274686,"confidence":"confirmed","source":"dieturn/yolo26s-obb_ep144@taipei_udd_ortho_2025","source_updated_at":"2026-09-05"},"geometry":{"type":"Polygon","coordinates":[[[121.5274926,25.0522217],[121.5274908,25.0522431],[121.5274446,25.0522397],[121.5274464,25.0522184],[121.5274926,25.0522217]]]}},{"type":"Feature","id":"dt_wsqqq4fu8","properties":{"id":"dt_wsqqq4fu8","status":"auto","conf":0.9541,"n_detections":1,"heading_deg":136.7,"length_m":4.45,"width_m":2.47,"corner":"NW","intersection_id":"TPS_00667","intersection_dist_m":25.6,"serves_from_bearing":316.7,"serves_to_bearing":226.7,"serves_quality":"good","lat":25.0207909,"lon":121.5565471,"confidence":"confirmed","source":"dieturn/yolo26s-obb_ep144@taipei_udd_ortho_2025","source_updated_at":"2026-09-05"},"geometry":{"type":"Polygon","coordinates":[[[121.5565712,25.0207839],[121.556541,25.0208132],[121.5565231,25.0207979],[121.5565532,25.0207687],[121.5565712,25.0207839]]]}},{"type":"Feature","id":"dt_wsqqtd3xj","properties":{"id":"dt_wsqqtd3xj","status":"auto","conf":0.954,"n_detections":2,"heading_deg":0.9,"length_m":4.92,"width_m":2.48,"corner":"SE","intersection_id":"TPS_01200","intersection_dist_m":14.2,"serves_from_bearing":90.9,"serves_to_bearing":0.9,"serves_quality":"good","lat":25.0623898,"lon":121.5330449,"confidence":"confirmed","source":"dieturn/yolo26s-obb_ep144@taipei_udd_ortho_2025","source_updated_at":"2026-09-05"},"geometry":{"type":"Polygon","coordinates":[[[121.5330568,25.0623674],[121.5330576,25.0624119],[121.533033,25.0624123],[121.5330321,25.0623678],[121.5330568,25.0623674]]]}},{"type":"Feature","id":"dt_wsqqjtxjm","properties":{"id":"dt_wsqqjtxjm","status":"auto","conf":0.9539,"n_detections":1,"heading_deg":17.1,"length_m":3.56,"width_m":2.48,"corner":"SE","intersection_id":"TPS_01051","intersection_dist_m":13.2,"serves_from_bearing":107.1,"serves_to_bearing":17.1,"serves_quality":"good","lat":24.9920782,"lon":121.5406305,"confidence":"confirmed","source":"dieturn/yolo26s-obb_ep144@taipei_udd_ortho_2025","source_updated_at":"2026-09-05"},"geometry":{"type":"Polygon","coordinates":[[[121.5406371,24.9920595],[121.5406475,24.9920902],[121.5406239,24.9920968],[121.5406136,24.9920661],[121.5406371,24.9920595]]]}},{"type":"Feature","id":"dt_wsqqtf2x9","properties":{"id":"dt_wsqqtf2x9","status":"auto","conf":0.9539,"n_detections":2,"heading_deg":85.1,"length_m":3.69,"width_m":2.41,"corner":"SW","intersection_id":"TPS_01171","intersection_dist_m":11.1,"serves_from_bearing":175.1,"serves_to_bearing":85.1,"serves_quality":"ambiguous","lat":25.0624944,"lon":121.5425055,"confidence":"confirmed","source":"dieturn/yolo26s-obb_ep144@taipei_udd_ortho_2025","source_updated_at":"2026-09-05"},"geometry":{"type":"Polygon","coordinates":[[[121.5425247,25.062485],[121.5425227,25.0625067],[121.5424863,25.0625039],[121.5424883,25.0624821],[121.5425247,25.062485]]]}},{"type":"Feature","id":"dt_wsqqt8x4s","properties":{"id":"dt_wsqqt8x4s","status":"auto","conf":0.9537,"n_detections":1,"heading_deg":0.3,"length_m":4.46,"width_m":2.49,"corner":"NE","intersection_id":"TPS_00625","intersection_dist_m":14.4,"serves_from_bearing":0.3,"serves_to_bearing":270.3,"serves_quality":"good","lat":25.0520259,"lon":121.5405552,"confidence":"confirmed","source":"dieturn/yolo26s-obb_ep144@taipei_udd_ortho_2025","source_updated_at":"2026-09-05"},"geometry":{"type":"Polygon","coordinates":[[[121.5405674,25.0520057],[121.5405677,25.0520461],[121.540543,25.0520462],[121.5405427,25.0520058],[121.5405674,25.0520057]]]}},{"type":"Feature","id":"dt_wsqqt9h5p","properties":{"id":"dt_wsqqt9h5p","status":"auto","conf":0.9537,"n_detections":1,"heading_deg":87.9,"length_m":6.54,"width_m":2.94,"corner":"NW","intersection_id":"TPS_01439","intersection_dist_m":9.2,"serves_from_bearing":267.9,"serves_to_bearing":177.9,"serves_quality":"good","lat":25.0548407,"lon":121.5365967,"confidence":"confirmed","source":"dieturn/yolo26s-obb_ep144@taipei_udd_ortho_2025","source_updated_at":"2026-09-05"},"geometry":{"type":"Polygon","coordinates":[[[121.5366297,25.0548285],[121.5366286,25.0548551],[121.5365638,25.0548529],[121.5365649,25.0548263],[121.5366297,25.0548285]]]}},{"type":"Feature","id":"dt_wsqqt5qg7","properties":{"id":"dt_wsqqt5qg7","status":"auto","conf":0.9536,"n_detections":1,"heading_deg":178.4,"length_m":3.41,"width_m":2.42,"corner":"SW","intersection_id":"TPS_00690","intersection_dist_m":17.1,"serves_from_bearing":178.4,"serves_to_bearing":88.4,"serves_quality":"good","lat":25.0672566,"lon":121.5182199,"confidence":"confirmed","source":"dieturn/yolo26s-obb_ep144@taipei_udd_ortho_2025","source_updated_at":"2026-09-05"},"geometry":{"type":"Polygon","coordinates":[[[121.5182324,25.0672415],[121.5182314,25.0672723],[121.5182074,25.0672717],[121.5182084,25.0672409],[121.5182324,25.0672415]]]}},{"type":"Feature","id":"dt_wsqqkv0m3","properties":{"id":"dt_wsqqkv0m3","status":"auto","conf":0.9535,"n_detections":1,"heading_deg":31.7,"length_m":6.33,"width_m":2.36,"corner":"NE","intersection_id":"TPS_00184","intersection_dist_m":27.5,"serves_from_bearing":31.7,"serves_to_bearing":301.7,"serves_quality":"good","lat":25.0332576,"lon":121.4982091,"confidence":"confirmed","source":"dieturn/yolo26s-obb_ep144@taipei_udd_ortho_2025","source_updated_at":"2026-09-05"},"geometry":{"type":"Polygon","coordinates":[[[121.4982026,25.0332277],[121.4982356,25.0332764],[121.4982156,25.0332876],[121.4981826,25.0332388],[121.4982026,25.0332277]]]}},{"type":"Feature","id":"dt_wsqqksswp","properties":{"id":"dt_wsqqksswp","status":"auto","conf":0.9535,"n_detections":1,"heading_deg":40.0,"length_m":4.61,"width_m":2.27,"corner":"NW","intersection_id":"TPS_00964","intersection_dist_m":20.6,"serves_from_bearing":310.0,"serves_to_bearing":220.0,"serves_quality":"ambiguous","lat":25.0306477,"lon":121.4933024,"confidence":"confirmed","source":"dieturn/yolo26s-obb_ep144@taipei_udd_ortho_2025","source_updated_at":"2026-09-05"},"geometry":{"type":"Polygon","coordinates":[[[121.4932964,25.0306252],[121.4933257,25.0306571],[121.4933084,25.0306702],[121.4932791,25.0306383],[121.4932964,25.0306252]]]}},{"type":"Feature","id":"dt_wsqqwbrpc","properties":{"id":"dt_wsqqwbrpc","status":"auto","conf":0.9534,"n_detections":1,"heading_deg":75.7,"length_m":8.27,"width_m":2.68,"corner":"NW","intersection_id":"TPS_00191","intersection_dist_m":12.8,"serves_from_bearing":255.7,"serves_to_bearing":165.7,"serves_quality":"good","lat":25.0515468,"lon":121.5953899,"confidence":"confirmed","source":"dieturn/yolo26s-obb_ep144@taipei_udd_ortho_2025","source_updated_at":"2026-09-05"},"geometry":{"type":"Polygon","coordinates":[[[121.5954329,25.0515443],[121.5954263,25.0515679],[121.5953468,25.0515493],[121.5953535,25.0515258],[121.5954329,25.0515443]]]}},{"type":"Feature","id":"dt_wsqqnmx4w","properties":{"id":"dt_wsqqnmx4w","status":"auto","conf":0.9533,"n_detections":1,"heading_deg":168.4,"length_m":5.34,"width_m":3.02,"corner":"SW","intersection_id":"TPS_00181","intersection_dist_m":10.5,"serves_from_bearing":168.4,"serves_to_bearing":78.4,"serves_quality":"good","lat":24.9915944,"lon":121.573598,"confidence":"confirmed","source":"dieturn/yolo26s-obb_ep144@taipei_udd_ortho_2025","source_updated_at":"2026-09-05"},"geometry":{"type":"Polygon","coordinates":[[[121.5736181,24.9915735],[121.5736074,24.9916208],[121.573578,24.9916153],[121.5735887,24.9915681],[121.5736181,24.9915735]]]}},{"type":"Feature","id":"dt_wsqqxndc5","properties":{"id":"dt_wsqqxndc5","status":"auto","conf":0.9533,"n_detections":1,"heading_deg":107.2,"length_m":3.08,"width_m":2.59,"corner":"NE","intersection_id":"TPS_01278","intersection_dist_m":21.6,"serves_from_bearing":17.2,"serves_to_bearing":287.2,"serves_quality":"good","lat":25.0847116,"lon":121.6006271,"confidence":"confirmed","source":"dieturn/yolo26s-obb_ep144@taipei_udd_ortho_2025","source_updated_at":"2026-09-05"},"geometry":{"type":"Polygon","coordinates":[[[121.6006378,25.0846963],[121.6006455,25.0847186],[121.6006164,25.0847269],[121.6006087,25.0847045],[121.6006378,25.0846963]]]}},{"type":"Feature","id":"dt_wsqqx3nmw","properties":{"id":"dt_wsqqx3nmw","status":"auto","conf":0.9532,"n_detections":1,"heading_deg":92.4,"length_m":7.12,"width_m":2.31,"corner":"NW","intersection_id":"TPS_00277","intersection_dist_m":19.8,"serves_from_bearing":272.4,"serves_to_bearing":182.4,"serves_quality":"good","lat":25.0552939,"lon":121.6165458,"confidence":"confirmed","source":"dieturn/yolo26s-obb_ep144@taipei_udd_ortho_2025","source_updated_at":"2026-09-05"},"geometry":{"type":"Polygon","coordinates":[[[121.6165807,25.0552821],[121.6165816,25.055303],[121.6165111,25.0553057],[121.6165101,25.0552847],[121.6165807,25.0552821]]]}},{"type":"Feature","id":"dt_wsqqqhgwc","properties":{"id":"dt_wsqqqhgwc","status":"auto","conf":0.9532,"n_detections":1,"heading_deg":178.2,"length_m":5.44,"width_m":3.65,"corner":"NE","intersection_id":"TPS_00593","intersection_dist_m":14.5,"serves_from_bearing":358.2,"serves_to_bearing":268.2,"serves_quality":"ambiguous","lat":25.0321416,"lon":121.5575859,"confidence":"confirmed","source":"dieturn/yolo26s-obb_ep144@taipei_udd_ortho_2025","source_updated_at":"2026-09-05"},"geometry":{"type":"Polygon","coordinates":[[[121.5576049,25.0321175],[121.5576032,25.0321667],[121.557567,25.0321657],[121.5575687,25.0321165],[121.5576049,25.0321175]]]}},{"type":"Feature","id":"dt_wsqqmr62p","properties":{"id":"dt_wsqqmr62p","status":"auto","conf":0.9532,"n_detections":2,"heading_deg":15.4,"length_m":5.61,"width_m":3.02,"corner":"NE","intersection_id":"TPS_00726","intersection_dist_m":4.1,"serves_from_bearing":285.4,"serves_to_bearing":195.4,"serves_quality":"ambiguous","lat":25.0447414,"lon":121.5232064,"confidence":"confirmed","source":"dieturn/yolo26s-obb_ep144@taipei_udd_ortho_2025","source_updated_at":"2026-09-05"},"geometry":{"type":"Polygon","coordinates":[[[121.5232134,25.0447134],[121.5232283,25.0447623],[121.5231994,25.0447695],[121.5231845,25.0447206],[121.5232134,25.0447134]]]}},{"type":"Feature","id":"dt_wsqqtd98q","properties":{"id":"dt_wsqqtd98q","status":"auto","conf":0.9531,"n_detections":2,"heading_deg":88.2,"length_m":7.24,"width_m":2.55,"corner":"SW","intersection_id":"TPS_02499","intersection_dist_m":13.0,"serves_from_bearing":178.2,"serves_to_bearing":88.2,"serves_quality":"good","lat":25.0626459,"lon":121.5331081,"confidence":"confirmed","source":"dieturn/yolo26s-obb_ep144@taipei_udd_ortho_2025","source_updated_at":"2026-09-05"},"geometry":{"type":"Polygon","coordinates":[[[121.5331443,25.0626353],[121.5331436,25.0626584],[121.5330718,25.0626564],[121.5330726,25.0626334],[121.5331443,25.0626353]]]}},{"type":"Feature","id":"dt_wsqqqq8de","properties":{"id":"dt_wsqqqq8de","status":"auto","conf":0.9529,"n_detections":1,"heading_deg":86.1,"length_m":6.25,"width_m":2.44,"corner":"SE","intersection_id":"TPS_00129","intersection_dist_m":15.1,"serves_from_bearing":86.1,"serves_to_bearing":356.1,"serves_quality":"good","lat":25.0410325,"lon":121.5645563,"confidence":"confirmed","source":"dieturn/yolo26s-obb_ep144@taipei_udd_ortho_2025","source_updated_at":"2026-09-05"},"geometry":{"type":"Polygon","coordinates":[[[121.5645881,25.0410234],[121.5645864,25.0410454],[121.5645246,25.0410416],[121.5645262,25.0410196],[121.5645881,25.0410234]]]}},{"type":"Feature","id":"dt_wsqqqxk72","properties":{"id":"dt_wsqqqxk72","status":"auto","conf":0.9529,"n_detections":1,"heading_deg":166.8,"length_m":6.06,"width_m":2.58,"corner":"SW","intersection_id":"TPS_00149","intersection_dist_m":15.9,"serves_from_bearing":166.8,"serves_to_bearing":76.8,"serves_quality":"good","lat":25.0452989,"lon":121.5805725,"confidence":"confirmed","source":"dieturn/yolo26s-obb_ep144@taipei_udd_ortho_2025","source_updated_at":"2026-09-05"},"geometry":{"type":"Polygon","coordinates":[[[121.5805918,25.0452748],[121.5805781,25.0453282],[121.5805531,25.0453229],[121.5805669,25.0452695],[121.5805918,25.0452748]]]}},{"type":"Feature","id":"dt_wsqqtf9sx","properties":{"id":"dt_wsqqtf9sx","status":"auto","conf":0.9529,"n_detections":1,"heading_deg":2.1,"length_m":3.38,"width_m":2.33,"corner":"SW","intersection_id":"TPS_00247","intersection_dist_m":12.3,"serves_from_bearing":182.1,"serves_to_bearing":92.1,"serves_quality":"good","lat":25.0633496,"lon":121.5441282,"confidence":"confirmed","source":"dieturn/yolo26s-obb_ep144@taipei_udd_ortho_2025","source_updated_at":"2026-09-05"},"geometry":{"type":"Polygon","coordinates":[[[121.5441392,25.0633339],[121.5441404,25.0633645],[121.5441172,25.0633652],[121.5441161,25.0633347],[121.5441392,25.0633339]]]}},{"type":"Feature","id":"dt_wsqqt8s9d","properties":{"id":"dt_wsqqt8s9d","status":"auto","conf":0.9528,"n_detections":1,"heading_deg":88.4,"length_m":6.69,"width_m":2.61,"corner":"SE","intersection_id":"TPS_00624","intersection_dist_m":16.0,"serves_from_bearing":178.4,"serves_to_bearing":88.4,"serves_quality":"ambiguous","lat":25.0518504,"lon":121.5370277,"confidence":"confirmed","source":"dieturn/yolo26s-obb_ep144@taipei_udd_ortho_2025","source_updated_at":"2026-09-05"},"geometry":{"type":"Polygon","coordinates":[[[121.5370612,25.0518394],[121.5370605,25.051863],[121.5369942,25.0518613],[121.5369949,25.0518377],[121.5370612,25.0518394]]]}},{"type":"Feature","id":"dt_wsqqqn1bt","properties":{"id":"dt_wsqqqn1bt","status":"auto","conf":0.9527,"n_detections":1,"heading_deg":89.6,"length_m":6.55,"width_m":2.36,"corner":"NW","intersection_id":"TPS_00127","intersection_dist_m":27.1,"serves_from_bearing":269.6,"serves_to_bearing":179.6,"serves_quality":"good","lat":25.037963,"lon":121.5553645,"confidence":"confirmed","source":"dieturn/yolo26s-obb_ep144@taipei_udd_ortho_2025","source_updated_at":"2026-09-05"},"geometry":{"type":"Polygon","coordinates":[[[121.555397,25.0379524],[121.5553969,25.0379738],[121.555332,25.0379735],[121.5553321,25.0379521],[121.555397,25.0379524]]]}},{"type":"Feature","id":"dt_wsqqmx1ts","properties":{"id":"dt_wsqqmx1ts","status":"auto","conf":0.9527,"n_detections":1,"heading_deg":82.4,"length_m":7.04,"width_m":2.41,"corner":"SE","intersection_id":"TPS_00706","intersection_dist_m":12.5,"serves_from_bearing":82.4,"serves_to_bearing":352.4,"serves_quality":"good","lat":25.0443069,"lon":121.533009,"confidence":"confirmed","source":"dieturn/yolo26s-obb_ep144@taipei_udd_ortho_2025","source_updated_at":"2026-09-05"},"geometry":{"type":"Polygon","coordinates":[[[121.5330452,25.0443002],[121.533042,25.0443218],[121.5329728,25.0443135],[121.5329759,25.0442919],[121.5330452,25.0443002]]]}},{"type":"Feature","id":"dt_wsqqksvuj","properties":{"id":"dt_wsqqksvuj","status":"auto","conf":0.9527,"n_detections":1,"heading_deg":49.2,"length_m":7.41,"width_m":3.72,"corner":"SE","intersection_id":"TPS_00965","intersection_dist_m":19.3,"serves_from_bearing":49.2,"serves_to_bearing":319.2,"serves_quality":"good","lat":25.03168,"lon":121.4949643,"confidence":"confirmed","source":"dieturn/yolo26s-obb_ep144@taipei_udd_ortho_2025","source_updated_at":"2026-09-05"},"geometry":{"type":"Polygon","coordinates":[[[121.4950043,25.0316892],[121.49498,25.0317146],[121.4949243,25.0316708],[121.4949485,25.0316455],[121.4950043,25.0316892]]]}},{"type":"Feature","id":"dt_wsqqw1xtq","properties":{"id":"dt_wsqqw1xtq","status":"auto","conf":0.9525,"n_detections":1,"heading_deg":170.6,"length_m":3.32,"width_m":2.47,"corner":"SW","intersection_id":"TPS_00026","intersection_dist_m":27.3,"serves_from_bearing":170.6,"serves_to_bearing":80.6,"serves_quality":"good","lat":25.0580046,"lon":121.5633235,"confidence":"confirmed","source":"dieturn/yolo26s-obb_ep144@taipei_udd_ortho_2025","source_updated_at":"2026-09-05"},"geometry":{"type":"Polygon","coordinates":[[[121.5633382,25.0579916],[121.5633329,25.0580212],[121.5633087,25.0580176],[121.5633141,25.057988],[121.5633382,25.0579916]]]}},{"type":"Feature","id":"dt_wsqqt9kej","properties":{"id":"dt_wsqqt9kej","status":"auto","conf":0.9523,"n_detections":1,"heading_deg":2.9,"length_m":4.93,"width_m":2.46,"corner":"NE","intersection_id":"TPS_00094","intersection_dist_m":22.7,"serves_from_bearing":2.9,"serves_to_bearing":272.9,"serves_quality":"good","lat":25.0562508,"lon":121.5371833,"confidence":"confirmed","source":"dieturn/yolo26s-obb_ep144@taipei_udd_ortho_2025","source_updated_at":"2026-09-05"},"geometry":{"type":"Polygon","coordinates":[[[121.5371943,25.056228],[121.5371967,25.0562725],[121.5371724,25.0562736],[121.5371699,25.0562291],[121.5371943,25.056228]]]}},{"type":"Feature","id":"dt_wsqqt1wfn","properties":{"id":"dt_wsqqt1wfn","status":"auto","conf":0.9523,"n_detections":1,"heading_deg":177.3,"length_m":7.18,"width_m":2.67,"corner":"NE","intersection_id":"TPS_00144","intersection_dist_m":21.0,"serves_from_bearing":357.3,"serves_to_bearing":267.3,"serves_quality":"good","lat":25.0574158,"lon":121.5183467,"confidence":"confirmed","source":"dieturn/yolo26s-obb_ep144@taipei_udd_ortho_2025","source_updated_at":"2026-09-05"},"geometry":{"type":"Polygon","coordinates":[[[121.5183615,25.0573839],[121.5183582,25.0574488],[121.5183318,25.0574477],[121.5183352,25.0573828],[121.5183615,25.0573839]]]}},{"type":"Feature","id":"dt_wsqqx3hs4","properties":{"id":"dt_wsqqx3hs4","status":"auto","conf":0.9523,"n_detections":1,"heading_deg":177.0,"length_m":2.62,"width_m":2.42,"corner":"SE","intersection_id":"TPS_00367","intersection_dist_m":23.3,"serves_from_bearing":87.0,"serves_to_bearing":357.0,"serves_quality":"ambiguous","lat":25.0550417,"lon":121.6139623,"confidence":"confirmed","source":"dieturn/yolo26s-obb_ep144@taipei_udd_ortho_2025","source_updated_at":"2026-09-05"},"geometry":{"type":"Polygon","coordinates":[[[121.613975,25.0550304],[121.6139736,25.0550541],[121.6139497,25.055053],[121.613951,25.0550294],[121.613975,25.0550304]]]}},{"type":"Feature","id":"dt_wsqqx9be0","properties":{"id":"dt_wsqqx9be0","status":"auto","conf":0.9523,"n_detections":1,"heading_deg":142.3,"length_m":5.81,"width_m":2.32,"corner":"SW","intersection_id":"TPS_00849","intersection_dist_m":14.1,"serves_from_bearing":142.3,"serves_to_bearing":52.3,"serves_quality":"ambiguous","lat":25.0589836,"lon":121.6193811,"confidence":"confirmed","source":"dieturn/yolo26s-obb_ep144@taipei_udd_ortho_2025","source_updated_at":"2026-09-05"},"geometry":{"type":"Polygon","coordinates":[[[121.6194079,25.0589692],[121.6193726,25.0590108],[121.6193543,25.058998],[121.6193895,25.0589565],[121.6194079,25.0589692]]]}},{"type":"Feature","id":"dt_wsqqmr9em","properties":{"id":"dt_wsqqmr9em","status":"auto","conf":0.9523,"n_detections":1,"heading_deg":101.9,"length_m":4.51,"width_m":2.7,"corner":"SW","intersection_id":"TPS_01858","intersection_dist_m":11.1,"serves_from_bearing":101.9,"serves_to_bearing":11.9,"serves_quality":"ambiguous","lat":25.0466708,"lon":121.522081,"confidence":"confirmed","source":"dieturn/yolo26s-obb_ep144@taipei_udd_ortho_2025","source_updated_at":"2026-09-05"},"geometry":{"type":"Polygon","coordinates":[[[121.5221001,25.0466546],[121.5221057,25.0466785],[121.5220619,25.046687],[121.5220563,25.0466631],[121.5221001,25.0466546]]]}},{"type":"Feature","id":"dt_wsqqtbxck","properties":{"id":"dt_wsqqtbxck","status":"auto","conf":0.9521,"n_detections":3,"heading_deg":175.7,"length_m":3.07,"width_m":1.85,"corner":"SW","intersection_id":"TPS_02448","intersection_dist_m":13.9,"serves_from_bearing":175.7,"serves_to_bearing":85.7,"serves_quality":"good","lat":25.0518047,"lon":121.5525692,"confidence":"confirmed","source":"dieturn/yolo26s-obb_ep144@taipei_udd_ortho_2025","source_updated_at":"2026-09-05"},"geometry":{"type":"Polygon","coordinates":[[[121.5525795,25.0517915],[121.5525772,25.0518192],[121.5525589,25.0518179],[121.5525612,25.0517902],[121.5525795,25.0517915]]]}},{"type":"Feature","id":"dt_wsqqmj9sc","properties":{"id":"dt_wsqqmj9sc","status":"auto","conf":0.9519,"n_detections":1,"heading_deg":4.7,"length_m":3.57,"width_m":2.56,"corner":"NE","intersection_id":"TPS_00111","intersection_dist_m":29.1,"serves_from_bearing":4.7,"serves_to_bearing":274.7,"serves_quality":"good","lat":25.0359211,"lon":121.5109125,"confidence":"confirmed","source":"dieturn/yolo26s-obb_ep144@taipei_udd_ortho_2025","source_updated_at":"2026-09-05"},"geometry":{"type":"Polygon","coordinates":[[[121.5109237,25.0359041],[121.5109266,25.0359362],[121.5109012,25.0359381],[121.5108984,25.0359059],[121.5109237,25.0359041]]]}},{"type":"Feature","id":"dt_wsqqqxz7y","properties":{"id":"dt_wsqqqxz7y","status":"auto","conf":0.9519,"n_detections":1,"heading_deg":56.4,"length_m":4.9,"width_m":3.2,"corner":"NW","intersection_id":"TPS_00857","intersection_dist_m":14.2,"serves_from_bearing":236.4,"serves_to_bearing":146.4,"serves_quality":"good","lat":25.0481046,"lon":121.5849585,"confidence":"confirmed","source":"dieturn/yolo26s-obb_ep144@taipei_udd_ortho_2025","source_updated_at":"2026-09-05"},"geometry":{"type":"Polygon","coordinates":[[[121.5849875,25.0481048],[121.5849698,25.0481288],[121.5849294,25.0481043],[121.5849471,25.0480803],[121.5849875,25.0481048]]]}},{"type":"Feature","id":"dt_wsqqv0ghu","properties":{"id":"dt_wsqqv0ghu","status":"auto","conf":0.9518,"n_detections":1,"heading_deg":72.6,"length_m":4.42,"width_m":3.27,"corner":"SW","intersection_id":"TPS_00956","intersection_dist_m":24.9,"serves_from_bearing":162.6,"serves_to_bearing":72.6,"serves_quality":"ambiguous","lat":25.0977176,"lon":121.5130963,"confidence":"confirmed","source":"dieturn/yolo26s-obb_ep144@taipei_udd_ortho_2025","source_updated_at":"2026-09-05"},"geometry":{"type":"Polygon","coordinates":[[[121.5131221,25.0977095],[121.5131122,25.0977377],[121.5130705,25.0977257],[121.5130803,25.0976975],[121.5131221,25.0977095]]]}},{"type":"Feature","id":"dt_wsqqqw1qx","properties":{"id":"dt_wsqqqw1qx","status":"auto","conf":0.9517,"n_detections":1,"heading_deg":52.3,"length_m":5.58,"width_m":2.11,"corner":"NW","intersection_id":"TPS_00137","intersection_dist_m":14.8,"serves_from_bearing":322.3,"serves_to_bearing":232.3,"serves_quality":"good","lat":25.0389636,"lon":121.5767654,"confidence":"confirmed","source":"dieturn/yolo26s-obb_ep144@taipei_udd_ortho_2025","source_updated_at":"2026-09-05"},"geometry":{"type":"Polygon","coordinates":[[[121.5767937,25.0389715],[121.5767808,25.0389865],[121.5767371,25.0389556],[121.5767499,25.0389407],[121.5767937,25.0389715]]]}},{"type":"Feature","id":"dt_wsqqnp322","properties":{"id":"dt_wsqqnp322","status":"auto","conf":0.9517,"n_detections":1,"heading_deg":19.9,"length_m":4.03,"width_m":2.45,"corner":"SW","intersection_id":"TPS_00233","intersection_dist_m":10.9,"serves_from_bearing":199.9,"serves_to_bearing":109.9,"serves_quality":"good","lat":25.0008247,"lon":121.5544704,"confidence":"confirmed","source":"dieturn/yolo26s-obb_ep144@taipei_udd_ortho_2025","source_updated_at":"2026-09-05"},"geometry":{"type":"Polygon","coordinates":[[[121.554475,25.0008038],[121.5544886,25.0008381],[121.5544657,25.0008455],[121.5544521,25.0008113],[121.554475,25.0008038]]]}},{"type":"Feature","id":"dt_wsqqvs6d4","properties":{"id":"dt_wsqqvs6d4","status":"auto","conf":0.9517,"n_detections":1,"heading_deg":29.6,"length_m":5.74,"width_m":3.25,"corner":"SE","intersection_id":"TPS_00563","intersection_dist_m":15.6,"serves_from_bearing":29.6,"serves_to_bearing":299.6,"serves_quality":"good","lat":25.1165037,"lon":121.5342841,"confidence":"confirmed","source":"dieturn/yolo26s-obb_ep144@taipei_udd_ortho_2025","source_updated_at":"2026-09-05"},"geometry":{"type":"Polygon","coordinates":[[[121.5342841,25.1164739],[121.5343122,25.1165191],[121.5342841,25.1165334],[121.534256,25.1164882],[121.5342841,25.1164739]]]}},{"type":"Feature","id":"dt_wsqqm5gu7","properties":{"id":"dt_wsqqm5gu7","status":"auto","conf":0.9517,"n_detections":1,"heading_deg":114.0,"length_m":2.61,"width_m":2.6,"corner":"NE","intersection_id":"TPS_01303","intersection_dist_m":17.9,"serves_from_bearing":24.0,"serves_to_bearing":294.0,"serves_quality":"good","lat":25.0262341,"lon":121.5140988,"confidence":"confirmed","source":"dieturn/yolo26s-obb_ep144@taipei_udd_ortho_2025","source_updated_at":"2026-09-05"},"geometry":{"type":"Polygon","coordinates":[[[121.5141053,25.0262186],[121.5141159,25.02624],[121.5140922,25.0262496],[121.5140817,25.0262282],[121.5141053,25.0262186]]]}},{"type":"Feature","id":"dt_wsqqv65dk","properties":{"id":"dt_wsqqv65dk","status":"auto","conf":0.9516,"n_detections":1,"heading_deg":82.6,"length_m":4.41,"width_m":2.32,"corner":"NW","intersection_id":"TPS_00272","intersection_dist_m":19.2,"serves_from_bearing":262.6,"serves_to_bearing":172.6,"serves_quality":"good","lat":25.1041852,"lon":121.5247607,"confidence":"confirmed","source":"dieturn/yolo26s-obb_ep144@taipei_udd_ortho_2025","source_updated_at":"2026-09-05"},"geometry":{"type":"Polygon","coordinates":[[[121.5247839,25.1041774],[121.5247809,25.1041981],[121.5247375,25.104193],[121.5247406,25.1041722],[121.5247839,25.1041774]]]}},{"type":"Feature","id":"dt_wsqqt6cvv","properties":{"id":"dt_wsqqt6cvv","status":"auto","conf":0.9516,"n_detections":1,"heading_deg":172.7,"length_m":4.29,"width_m":2.9,"corner":"NE","intersection_id":"TPS_00321","intersection_dist_m":15.8,"serves_from_bearing":352.7,"serves_to_bearing":262.7,"serves_quality":"good","lat":25.0649449,"lon":121.5224079,"confidence":"confirmed","source":"dieturn/yolo26s-obb_ep144@taipei_udd_ortho_2025","source_updated_at":"2026-09-05"},"geometry":{"type":"Polygon","coordinates":[[[121.5224249,25.0649272],[121.5224195,25.0649658],[121.5223909,25.0649625],[121.5223964,25.064924],[121.5224249,25.0649272]]]}},{"type":"Feature","id":"dt_wsqqt0upj","properties":{"id":"dt_wsqqt0upj","status":"auto","conf":0.9514,"n_detections":1,"heading_deg":169.5,"length_m":6.01,"width_m":3.2,"corner":"NE","intersection_id":"TPS_00156","intersection_dist_m":7.6,"serves_from_bearing":349.5,"serves_to_bearing":259.5,"serves_quality":"good","lat":25.0541593,"lon":121.5145371,"confidence":"confirmed","source":"dieturn/yolo26s-obb_ep144@taipei_udd_ortho_2025","source_updated_at":"2026-09-05"},"geometry":{"type":"Polygon","coordinates":[[[121.5145582,25.0541352],[121.5145473,25.0541886],[121.5145161,25.0541835],[121.514527,25.05413],[121.5145582,25.0541352]]]}},{"type":"Feature","id":"dt_wsqqt3tv4","properties":{"id":"dt_wsqqt3tv4","status":"auto","conf":0.9514,"n_detections":2,"heading_deg":88.4,"length_m":6.95,"width_m":2.6,"corner":"SW","intersection_id":"TPS_01492","intersection_dist_m":8.9,"serves_from_bearing":178.4,"serves_to_bearing":88.4,"serves_quality":"ambiguous","lat":25.0579385,"lon":121.5277828,"confidence":"confirmed","source":"dieturn/yolo26s-obb_ep144@taipei_udd_ortho_2025","source_updated_at":"2026-09-05"},"geometry":{"type":"Polygon","coordinates":[[[121.5278176,25.0579276],[121.5278169,25.0579511],[121.527748,25.0579494],[121.5277487,25.0579258],[121.5278176,25.0579276]]]}},{"type":"Feature","id":"dt_wsqqtc3fe","properties":{"id":"dt_wsqqtc3fe","status":"auto","conf":0.9513,"n_detections":1,"heading_deg":177.7,"length_m":3.5,"width_m":2.78,"corner":"NE","intersection_id":"TPS_00077","intersection_dist_m":20.0,"serves_from_bearing":357.7,"serves_to_bearing":267.7,"serves_quality":"good","lat":25.0561309,"lon":121.5443054,"confidence":"confirmed","source":"dieturn/yolo26s-obb_ep144@taipei_udd_ortho_2025","source_updated_at":"2026-09-05"},"geometry":{"type":"Polygon","coordinates":[[[121.5443199,25.0561156],[121.5443185,25.0561472],[121.5442909,25.0561463],[121.5442923,25.0561146],[121.5443199,25.0561156]]]}},{"type":"Feature","id":"dt_wsqqqj15u","properties":{"id":"dt_wsqqqj15u","status":"auto","conf":0.9512,"n_detections":1,"heading_deg":87.9,"length_m":4.85,"width_m":2.47,"corner":"SE","intersection_id":"TPS_00298","intersection_dist_m":14.8,"serves_from_bearing":87.9,"serves_to_bearing":357.9,"serves_quality":"ambiguous","lat":25.0330328,"lon":121.5543066,"confidence":"confirmed","source":"dieturn/yolo26s-obb_ep144@taipei_udd_ortho_2025","source_updated_at":"2026-09-05"},"geometry":{"type":"Polygon","coordinates":[[[121.5543311,25.0330225],[121.5543302,25.0330448],[121.5542821,25.0330431],[121.554283,25.0330208],[121.5543311,25.0330225]]]}},{"type":"Feature","id":"dt_wsqqwd574","properties":{"id":"dt_wsqqwd574","status":"auto","conf":0.9512,"n_detections":1,"heading_deg":144.3,"length_m":6.36,"width_m":2.68,"corner":"NE","intersection_id":"TPS_00896","intersection_dist_m":11.5,"serves_from_bearing":324.3,"serves_to_bearing":234.3,"serves_quality":"good","lat":25.0603503,"lon":121.5792868,"confidence":"confirmed","source":"dieturn/yolo26s-obb_ep144@taipei_udd_ortho_2025","source_updated_at":"2026-09-05"},"geometry":{"type":"Polygon","coordinates":[[[121.579316,25.060334],[121.5792793,25.0603807],[121.5792576,25.0603666],[121.5792943,25.06032],[121.579316,25.060334]]]}},{"type":"Feature","id":"dt_wsqqmfjru","properties":{"id":"dt_wsqqmfjru","status":"auto","conf":0.9512,"n_detections":1,"heading_deg":133.2,"length_m":4.53,"width_m":2.45,"corner":"SW","intersection_id":"TPS_02511","intersection_dist_m":8.6,"serves_from_bearing":223.2,"serves_to_bearing":133.2,"serves_quality":"ambiguous","lat":25.0172345,"lon":121.5491596,"confidence":"confirmed","source":"dieturn/yolo26s-obb_ep144@taipei_udd_ortho_2025","source_updated_at":"2026-09-05"},"geometry":{"type":"Polygon","coordinates":[[[121.5491843,25.0172285],[121.5491516,25.0172565],[121.5491349,25.0172405],[121.5491676,25.0172124],[121.5491843,25.0172285]]]}},{"type":"Feature","id":"dt_wsqqwd9mk","properties":{"id":"dt_wsqqwd9mk","status":"auto","conf":0.9511,"n_detections":1,"heading_deg":147.9,"length_m":4.97,"width_m":2.34,"corner":"SW","intersection_id":"TPS_00752","intersection_dist_m":11.5,"serves_from_bearing":147.9,"serves_to_bearing":57.9,"serves_quality":"ambiguous","lat":25.06349,"lon":121.5766203,"confidence":"confirmed","source":"dieturn/yolo26s-obb_ep144@taipei_udd_ortho_2025","source_updated_at":"2026-09-05"},"geometry":{"type":"Polygon","coordinates":[[[121.5766433,25.0634765],[121.5766171,25.0635146],[121.5765974,25.0635034],[121.5766235,25.0634654],[121.5766433,25.0634765]]]}},{"type":"Feature","id":"dt_wsqqtq6sg","properties":{"id":"dt_wsqqtq6sg","status":"auto","conf":0.9509,"n_detections":1,"heading_deg":3.2,"length_m":5.39,"width_m":2.72,"corner":"SW","intersection_id":"TPS_00151","intersection_dist_m":23.4,"serves_from_bearing":183.2,"serves_to_bearing":93.2,"serves_quality":"good","lat":25.0839845,"lon":121.5233585,"confidence":"confirmed","source":"dieturn/yolo26s-obb_ep144@taipei_udd_ortho_2025","source_updated_at":"2026-09-05"},"geometry":{"type":"Polygon","coordinates":[[[121.5233705,25.0839595],[121.5233734,25.0840082],[121.5233465,25.0840095],[121.5233435,25.0839608],[121.5233705,25.0839595]]]}},{"type":"Feature","id":"dt_wsqqwg7t1","properties":{"id":"dt_wsqqwg7t1","status":"auto","conf":0.9509,"n_detections":1,"heading_deg":6.4,"length_m":4.08,"width_m":2.18,"corner":"SW","intersection_id":"TPS_01003","intersection_dist_m":13.5,"serves_from_bearing":186.4,"serves_to_bearing":96.4,"serves_quality":"good","lat":25.0675436,"lon":121.5905826,"confidence":"confirmed","source":"dieturn/yolo26s-obb_ep144@taipei_udd_ortho_2025","source_updated_at":"2026-09-05"},"geometry":{"type":"Polygon","coordinates":[[[121.5905911,25.0675242],[121.5905956,25.0675608],[121.5905741,25.067563],[121.5905696,25.0675264],[121.5905911,25.0675242]]]}},{"type":"Feature","id":"dt_wsqqt7s6d","properties":{"id":"dt_wsqqt7s6d","status":"auto","conf":0.9509,"n_detections":2,"heading_deg":88.5,"length_m":5.83,"width_m":2.69,"corner":"NW","intersection_id":"TPS_02521","intersection_dist_m":20.1,"serves_from_bearing":268.5,"serves_to_bearing":178.5,"serves_quality":"good","lat":25.0684869,"lon":121.5257104,"confidence":"confirmed","source":"dieturn/yolo26s-obb_ep144@taipei_udd_ortho_2025","source_updated_at":"2026-09-05"},"geometry":{"type":"Polygon","coordinates":[[[121.5257397,25.0684755],[121.525739,25.0684998],[121.5256812,25.0684984],[121.5256819,25.0684741],[121.5257397,25.0684755]]]}},{"type":"Feature","id":"dt_wsqqmh1zj","properties":{"id":"dt_wsqqmh1zj","status":"auto","conf":0.9508,"n_detections":1,"heading_deg":112.1,"length_m":3.87,"width_m":2.67,"corner":"NE","intersection_id":"TPS_01128","intersection_dist_m":14.1,"serves_from_bearing":22.1,"serves_to_bearing":292.1,"serves_quality":"ambiguous","lat":25.0280802,"lon":121.5114149,"confidence":"confirmed","source":"dieturn/yolo26s-obb_ep144@taipei_udd_ortho_2025","source_updated_at":"2026-09-05"},"geometry":{"type":"Polygon","coordinates":[[[121.5114276,25.0280624],[121.5114377,25.0280847],[121.5114021,25.0280979],[121.5113921,25.0280756],[121.5114276,25.0280624]]]}},{"type":"Feature","id":"dt_wsqqkzzn4","properties":{"id":"dt_wsqqkzzn4","status":"auto","conf":0.9507,"n_detections":1,"heading_deg":14.9,"length_m":4.91,"width_m":2.5,"corner":"SW","intersection_id":"TPS_00774","intersection_dist_m":20.0,"serves_from_bearing":194.9,"serves_to_bearing":104.9,"serves_quality":"good","lat":25.0484966,"lon":121.5075042,"confidence":"confirmed","source":"dieturn/yolo26s-obb_ep144@taipei_udd_ortho_2025","source_updated_at":"2026-09-05"},"geometry":{"type":"Polygon","coordinates":[[[121.5075099,25.0484723],[121.5075224,25.0485152],[121.5074985,25.0485209],[121.507486,25.048478],[121.5075099,25.0484723]]]}},{"type":"Feature","id":"dt_wsqqmk3xf","properties":{"id":"dt_wsqqmk3xf","status":"auto","conf":0.9507,"n_detections":1,"heading_deg":9.9,"length_m":4.0,"width_m":1.87,"corner":"SW","intersection_id":"TPS_01654","intersection_dist_m":9.0,"serves_from_bearing":189.9,"serves_to_bearing":99.9,"serves_quality":"good","lat":25.029562,"lon":121.5219295,"confidence":"confirmed","source":"dieturn/yolo26s-obb_ep144@taipei_udd_ortho_2025","source_updated_at":"2026-09-05"},"geometry":{"type":"Polygon","coordinates":[[[121.5219352,25.0295427],[121.521942,25.0295783],[121.5219238,25.0295812],[121.5219169,25.0295456],[121.5219352,25.0295427]]]}},{"type":"Feature","id":"dt_wsqqt3wtg","properties":{"id":"dt_wsqqt3wtg","status":"auto","conf":0.9506,"n_detections":1,"heading_deg":87.1,"length_m":4.58,"width_m":2.54,"corner":"NW","intersection_id":"TPS_01521","intersection_dist_m":10.6,"serves_from_bearing":267.1,"serves_to_bearing":177.1,"serves_quality":"ambiguous","lat":25.0580956,"lon":121.5288713,"confidence":"confirmed","source":"dieturn/yolo26s-obb_ep144@taipei_udd_ortho_2025","source_updated_at":"2026-09-05"},"geometry":{"type":"Polygon","coordinates":[[[121.5288946,25.0580852],[121.5288934,25.0581081],[121.528848,25.058106],[121.5288493,25.0580831],[121.5288946,25.0580852]]]}},{"type":"Feature","id":"dt_wsqqmu30v","properties":{"id":"dt_wsqqmu30v","status":"auto","conf":0.9505,"n_detections":1,"heading_deg":0.1,"length_m":4.65,"width_m":2.68,"corner":"SW","intersection_id":"TPS_00588","intersection_dist_m":14.2,"serves_from_bearing":180.1,"serves_to_bearing":90.1,"serves_quality":"ambiguous","lat":25.0283849,"lon":121.5433682,"confidence":"confirmed","source":"dieturn/yolo26s-obb_ep144@taipei_udd_ortho_2025","source_updated_at":"2026-09-05"},"geometry":{"type":"Polygon","coordinates":[[[121.5433814,25.0283639],[121.5433815,25.0284059],[121.543355,25.028406],[121.5433549,25.0283639],[121.5433814,25.0283639]]]}},{"type":"Feature","id":"dt_wsqqmxcwp","properties":{"id":"dt_wsqqmxcwp","status":"auto","conf":0.9504,"n_detections":1,"heading_deg":2.6,"length_m":5.3,"width_m":2.56,"corner":"NE","intersection_id":"TPS_00700","intersection_dist_m":16.1,"serves_from_bearing":2.6,"serves_to_bearing":272.6,"serves_quality":"good","lat":25.0485044,"lon":121.5331226,"confidence":"confirmed","source":"dieturn/yolo26s-obb_ep144@taipei_udd_ortho_2025","source_updated_at":"2026-09-05"},"geometry":{"type":"Polygon","coordinates":[[[121.5331341,25.0484799],[121.5331365,25.0485278],[121.5331111,25.0485288],[121.5331088,25.0484809],[121.5331341,25.0484799]]]}},{"type":"Feature","id":"dt_wsqqtbt1c","properties":{"id":"dt_wsqqtbt1c","status":"auto","conf":0.9504,"n_detections":2,"heading_deg":89.4,"length_m":6.77,"width_m":2.55,"corner":"SW","intersection_id":"TPS_01119","intersection_dist_m":20.4,"serves_from_bearing":179.4,"serves_to_bearing":89.4,"serves_quality":"good","lat":25.0518925,"lon":121.5486926,"confidence":"confirmed","source":"dieturn/yolo26s-obb_ep144@taipei_udd_ortho_2025","source_updated_at":"2026-09-05"},"geometry":{"type":"Polygon","coordinates":[[[121.5487263,25.0518812],[121.548726,25.0519043],[121.5486589,25.0519037],[121.5486592,25.0518806],[121.5487263,25.0518812]]]}},{"type":"Feature","id":"dt_wsqqqjxuj","properties":{"id":"dt_wsqqqjxuj","status":"auto","conf":0.9503,"n_detections":1,"heading_deg":86.3,"length_m":3.3,"width_m":2.05,"corner":"SE","intersection_id":"TPS_02416","intersection_dist_m":9.9,"serves_from_bearing":86.3,"serves_to_bearing":356.3,"serves_quality":"good","lat":25.0358098,"lon":121.5635952,"confidence":"confirmed","source":"dieturn/yolo26s-obb_ep144@taipei_udd_ortho_2025","source_updated_at":"2026-09-05"},"geometry":{"type":"Polygon","coordinates":[[[121.5636122,25.0358016],[121.5636109,25.0358201],[121.5635782,25.0358181],[121.5635796,25.0357996],[121.5636122,25.0358016]]]}},{"type":"Feature","id":"dt_wsqqjwx7q","properties":{"id":"dt_wsqqjwx7q","status":"auto","conf":0.9502,"n_detections":1,"heading_deg":161.5,"length_m":4.7,"width_m":2.66,"corner":"NE","intersection_id":"TPS_00271","intersection_dist_m":6.1,"serves_from_bearing":341.5,"serves_to_bearing":251.5,"serves_quality":"good","lat":24.9972307,"lon":121.5409975,"confidence":"confirmed","source":"dieturn/yolo26s-obb_ep144@taipei_udd_ortho_2025","source_updated_at":"2026-09-05"},"geometry":{"type":"Polygon","coordinates":[[[121.5410174,24.9972143],[121.5410027,24.9972546],[121.5409776,24.9972471],[121.5409924,24.9972069],[121.5410174,24.9972143]]]}},{"type":"Feature","id":"dt_wsqqu8pyh","properties":{"id":"dt_wsqqu8pyh","status":"auto","conf":0.9502,"n_detections":1,"heading_deg":95.9,"length_m":3.26,"width_m":2.54,"corner":"SW","intersection_id":"TPS_01093","intersection_dist_m":21.1,"serves_from_bearing":185.9,"serves_to_bearing":95.9,"serves_quality":"good","lat":25.093826,"lon":121.4976448,"confidence":"confirmed","source":"dieturn/yolo26s-obb_ep144@taipei_udd_ortho_2025","source_updated_at":"2026-09-05"},"geometry":{"type":"Polygon","coordinates":[[[121.4976596,25.0938131],[121.4976622,25.0938359],[121.4976301,25.0938389],[121.4976275,25.093816],[121.4976596,25.0938131]]]}},{"type":"Feature","id":"dt_wsqqtfkmz","properties":{"id":"dt_wsqqtfkmz","status":"auto","conf":0.9501,"n_detections":1,"heading_deg":93.8,"length_m":6.77,"width_m":2.51,"corner":"NW","intersection_id":"TPS_00093","intersection_dist_m":12.5,"serves_from_bearing":273.8,"serves_to_bearing":183.8,"serves_quality":"good","lat":25.0621808,"lon":121.5479202,"confidence":"confirmed","source":"dieturn/yolo26s-obb_ep144@taipei_udd_ortho_2025","source_updated_at":"2026-09-05"},"geometry":{"type":"Polygon","coordinates":[[[121.5479529,25.0621675],[121.5479545,25.0621901],[121.5478876,25.0621941],[121.5478859,25.0621715],[121.5479529,25.0621675]]]}},{"type":"Feature","id":"dt_wsqqqx6hv","properties":{"id":"dt_wsqqqx6hv","status":"auto","conf":0.95,"n_detections":1,"heading_deg":88.7,"length_m":6.76,"width_m":2.44,"corner":"NW","intersection_id":"TPS_00335","intersection_dist_m":15.0,"serves_from_bearing":268.7,"serves_to_bearing":178.7,"serves_quality":"good","lat":25.0455512,"lon":121.5776991,"confidence":"confirmed","source":"dieturn/yolo26s-obb_ep144@taipei_udd_ortho_2025","source_updated_at":"2026-09-05"},"geometry":{"type":"Polygon","coordinates":[[[121.5777329,25.0455409],[121.5777323,25.0455629],[121.5776653,25.0455616],[121.5776659,25.0455395],[121.5777329,25.0455409]]]}},{"type":"Feature","id":"dt_wsqqtveur","properties":{"id":"dt_wsqqtveur","status":"auto","conf":0.95,"n_detections":1,"heading_deg":85.7,"length_m":4.38,"width_m":2.77,"corner":"SE","intersection_id":"TPS_00525","intersection_dist_m":14.3,"serves_from_bearing":85.7,"serves_to_bearing":355.7,"serves_quality":"good","lat":25.07978,"lon":121.5472079,"confidence":"confirmed","source":"dieturn/yolo26s-obb_ep144@taipei_udd_ortho_2025","source_updated_at":"2026-09-05"},"geometry":{"type":"Polygon","coordinates":[[[121.5472305,25.079769],[121.5472285,25.079794],[121.5471852,25.0797911],[121.5471872,25.079766],[121.5472305,25.079769]]]}},{"type":"Feature","id":"dt_wsqqmre19","properties":{"id":"dt_wsqqmre19","status":"auto","conf":0.9499,"n_detections":1,"heading_deg":15.1,"length_m":5.1,"width_m":2.46,"corner":"NE","intersection_id":"TPS_00114","intersection_dist_m":15.6,"serves_from_bearing":15.1,"serves_to_bearing":285.1,"serves_quality":"good","lat":25.0463728,"lon":121.5239495,"confidence":"confirmed","source":"dieturn/yolo26s-obb_ep144@taipei_udd_ortho_2025","source_updated_at":"2026-09-05"},"geometry":{"type":"Polygon","coordinates":[[[121.5239547,25.0463477],[121.5239679,25.0463922],[121.5239443,25.0463979],[121.5239311,25.0463534],[121.5239547,25.0463477]]]}},{"type":"Feature","id":"dt_wsqqmxk14","properties":{"id":"dt_wsqqmxk14","status":"auto","conf":0.9499,"n_detections":1,"heading_deg":87.8,"length_m":5.49,"width_m":2.35,"corner":"NW","intersection_id":"TPS_00601","intersection_dist_m":16.5,"serves_from_bearing":357.8,"serves_to_bearing":267.8,"serves_quality":"ambiguous","lat":25.044919,"lon":121.5363602,"confidence":"confirmed","source":"dieturn/yolo26s-obb_ep144@taipei_udd_ortho_2025","source_updated_at":"2026-09-05"},"geometry":{"type":"Polygon","coordinates":[[[121.5363878,25.0449093],[121.5363869,25.0449305],[121.5363325,25.0449286],[121.5363334,25.0449074],[121.5363878,25.0449093]]]}},{"type":"Feature","id":"dt_wsqqqrw5u","properties":{"id":"dt_wsqqqrw5u","status":"auto","conf":0.9499,"n_detections":1,"heading_deg":58.9,"length_m":4.32,"width_m":2.36,"corner":"SE","intersection_id":"TPS_00723","intersection_dist_m":12.6,"serves_from_bearing":148.9,"serves_to_bearing":58.9,"serves_quality":"good","lat":25.0467618,"lon":121.5721667,"confidence":"confirmed","source":"dieturn/yolo26s-obb_ep144@taipei_udd_ortho_2025","source_updated_at":"2026-09-05"},"geometry":{"type":"Polygon","coordinates":[[[121.5721911,25.0467628],[121.5721789,25.046781],[121.5721422,25.0467608],[121.5721544,25.0467426],[121.5721911,25.0467628]]]}},{"type":"Feature","id":"dt_wsqqt889c","properties":{"id":"dt_wsqqt889c","status":"auto","conf":0.9497,"n_detections":1,"heading_deg":87.3,"length_m":4.47,"width_m":2.33,"corner":"SE","intersection_id":"TPS_00715","intersection_dist_m":15.1,"serves_from_bearing":87.3,"serves_to_bearing":357.3,"serves_quality":"ambiguous","lat":25.0519137,"lon":121.5315256,"confidence":"confirmed","source":"dieturn/yolo26s-obb_ep144@taipei_udd_ortho_2025","source_updated_at":"2026-09-05"},"geometry":{"type":"Polygon","coordinates":[[[121.5315483,25.0519041],[121.5315472,25.0519251],[121.5315029,25.0519232],[121.531504,25.0519022],[121.5315483,25.0519041]]]}},{"type":"Feature","id":"dt_wsqqksz3j","properties":{"id":"dt_wsqqksz3j","status":"auto","conf":0.9496,"n_detections":1,"heading_deg":33.2,"length_m":5.38,"width_m":2.46,"corner":"NE","intersection_id":"TPS_00186","intersection_dist_m":19.6,"serves_from_bearing":33.2,"serves_to_bearing":303.2,"serves_quality":"good","lat":25.0311613,"lon":121.4969945,"confidence":"confirmed","source":"dieturn/yolo26s-obb_ep144@taipei_udd_ortho_2025","source_updated_at":"2026-09-05"},"geometry":{"type":"Polygon","coordinates":[[[121.4969902,25.0311349],[121.4970194,25.0311756],[121.4969989,25.0311877],[121.4969697,25.031147],[121.4969902,25.0311349]]]}},{"type":"Feature","id":"dt_wsqqmqn39","properties":{"id":"dt_wsqqmqn39","status":"auto","conf":0.9495,"n_detections":1,"heading_deg":13.9,"length_m":4.43,"width_m":2.32,"corner":"SE","intersection_id":"TPS_00047","intersection_dist_m":15.3,"serves_from_bearing":103.9,"serves_to_bearing":13.9,"serves_quality":"good","lat":25.0381372,"lon":121.5284032,"confidence":"confirmed","source":"dieturn/yolo26s-obb_ep144@taipei_udd_ortho_2025","source_updated_at":"2026-09-05"},"geometry":{"type":"Polygon","coordinates":[[[121.5284091,25.0381153],[121.5284196,25.0381541],[121.5283972,25.0381591],[121.5283867,25.0381202],[121.5284091,25.0381153]]]}},{"type":"Feature","id":"dt_wsqqm5v9h","properties":{"id":"dt_wsqqm5v9h","status":"auto","conf":0.9495,"n_detections":1,"heading_deg":164.9,"length_m":4.29,"width_m":2.3,"corner":"SE","intersection_id":"TPS_00491","intersection_dist_m":14.7,"serves_from_bearing":74.9,"serves_to_bearing":344.9,"serves_quality":"good","lat":25.0256782,"lon":121.5165183,"confidence":"confirmed","source":"dieturn/yolo26s-obb_ep144@taipei_udd_ortho_2025","source_updated_at":"2026-09-05"},"geometry":{"type":"Polygon","coordinates":[[[121.5165348,25.0256621],[121.5165237,25.0256996],[121.5165017,25.0256942],[121.5165128,25.0256568],[121.5165348,25.0256621]]]}},{"type":"Feature","id":"dt_wsqqq52fn","properties":{"id":"dt_wsqqq52fn","status":"auto","conf":0.9495,"n_detections":1,"heading_deg":49.9,"length_m":2.64,"width_m":2.56,"corner":"NE","intersection_id":"TPS_00641","intersection_dist_m":14.2,"serves_from_bearing":49.9,"serves_to_bearing":319.9,"serves_quality":"good","lat":25.0230936,"lon":121.5540521,"confidence":"confirmed","source":"dieturn/yolo26s-obb_ep144@taipei_udd_ortho_2025","source_updated_at":"2026-09-05"},"geometry":{"type":"Polygon","coordinates":[[[121.5540703,25.0230925],[121.5540539,25.0231101],[121.5540338,25.0230947],[121.5540503,25.0230771],[121.5540703,25.0230925]]]}},{"type":"Feature","id":"dt_wsqqmx3rj","properties":{"id":"dt_wsqqmx3rj","status":"auto","conf":0.9494,"n_detections":1,"heading_deg":95.5,"length_m":2.11,"width_m":1.22,"corner":"NW","intersection_id":"TPS_00003","intersection_dist_m":38.6,"serves_from_bearing":275.5,"serves_to_bearing":185.5,"serves_quality":"good","lat":25.0459442,"lon":121.5327343,"confidence":"confirmed","source":"dieturn/yolo26s-obb_ep144@taipei_udd_ortho_2025","source_updated_at":"2026-09-05"},"geometry":{"type":"Polygon","coordinates":[[[121.5327441,25.0459378],[121.5327453,25.0459487],[121.5327245,25.0459506],[121.5327234,25.0459397],[121.5327441,25.0459378]]]}},{"type":"Feature","id":"dt_wsqqmk1f0","properties":{"id":"dt_wsqqmk1f0","status":"auto","conf":0.9494,"n_detections":1,"heading_deg":58.7,"length_m":6.81,"width_m":2.62,"corner":"NW","intersection_id":"TPS_00106","intersection_dist_m":27.9,"serves_from_bearing":238.7,"serves_to_bearing":148.7,"serves_quality":"good","lat":25.0272037,"lon":121.5221933,"confidence":"confirmed","source":"dieturn/yolo26s-obb_ep144@taipei_udd_ortho_2025","source_updated_at":"2026-09-05"},"geometry":{"type":"Polygon","coordinates":[[[121.522229,25.0272097],[121.5222153,25.0272298],[121.5221576,25.0271978],[121.5221712,25.0271776],[121.522229,25.0272097]]]}},{"type":"Feature","id":"dt_wsqqt557w","properties":{"id":"dt_wsqqt557w","status":"auto","conf":0.9494,"n_detections":1,"heading_deg":1.4,"length_m":6.09,"width_m":2.57,"corner":"SW","intersection_id":"TPS_00354","intersection_dist_m":17.0,"serves_from_bearing":181.4,"serves_to_bearing":91.4,"serves_quality":"good","lat":25.0659095,"lon":121.5135289,"confidence":"confirmed","source":"dieturn/yolo26s-obb_ep144@taipei_udd_ortho_2025","source_updated_at":"2026-09-05"},"geometry":{"type":"Polygon","coordinates":[[[121.5135409,25.0658817],[121.5135423,25.0659367],[121.5135169,25.0659372],[121.5135154,25.0658823],[121.5135409,25.0658817]]]}},{"type":"Feature","id":"dt_wsqqmfcjz","properties":{"id":"dt_wsqqmfcjz","status":"auto","conf":0.9494,"n_detections":2,"heading_deg":88.7,"length_m":4.58,"width_m":2.54,"corner":"NE","intersection_id":"TPS_02516","intersection_dist_m":11.7,"serves_from_bearing":358.7,"serves_to_bearing":268.7,"serves_quality":"good","lat":25.0209832,"lon":121.5434226,"confidence":"confirmed","source":"dieturn/yolo26s-obb_ep144@taipei_udd_ortho_2025","source_updated_at":"2026-09-05"},"geometry":{"type":"Polygon","coordinates":[[[121.5434455,25.0209722],[121.543445,25.0209952],[121.5433996,25.0209942],[121.5434002,25.0209712],[121.5434455,25.0209722]]]}},{"type":"Feature","id":"dt_wsqqw2fxk","properties":{"id":"dt_wsqqw2fxk","status":"auto","conf":0.9493,"n_detections":1,"heading_deg":82.9,"length_m":5.57,"width_m":2.4,"corner":"SE","intersection_id":"TPS_00027","intersection_dist_m":15.3,"serves_from_bearing":82.9,"serves_to_bearing":352.9,"serves_quality":"ambiguous","lat":25.0542027,"lon":121.5673483,"confidence":"confirmed","source":"dieturn/yolo26s-obb_ep144@taipei_udd_ortho_2025","source_updated_at":"2026-09-05"},"geometry":{"type":"Polygon","coordinates":[[[121.5673772,25.054195],[121.5673742,25.0542165],[121.5673194,25.0542103],[121.5673223,25.0541888],[121.5673772,25.054195]]]}},{"type":"Feature","id":"dt_wsqqw69ej","properties":{"id":"dt_wsqqw69ej","status":"auto","conf":0.9493,"n_detections":3,"heading_deg":82.8,"length_m":3.71,"width_m":2.39,"corner":"NW","intersection_id":"TPS_02491","intersection_dist_m":14.6,"serves_from_bearing":262.8,"serves_to_bearing":172.8,"serves_quality":"good","lat":25.0631055,"lon":121.5660184,"confidence":"confirmed","source":"dieturn/yolo26s-obb_ep144@taipei_udd_ortho_2025","source_updated_at":"2026-09-05"},"geometry":{"type":"Polygon","coordinates":[[[121.5660382,25.0630969],[121.5660352,25.0631183],[121.5659986,25.0631141],[121.5660017,25.0630927],[121.5660382,25.0630969]]]}},{"type":"Feature","id":"dt_wsqqnmt6f","properties":{"id":"dt_wsqqnmt6f","status":"auto","conf":0.9492,"n_detections":1,"heading_deg":9.0,"length_m":5.23,"width_m":2.57,"corner":"SW","intersection_id":"TPS_00217","intersection_dist_m":11.6,"serves_from_bearing":189.0,"serves_to_bearing":99.0,"serves_quality":"good","lat":24.9916371,"lon":121.5710228,"confidence":"confirmed","source":"dieturn/yolo26s-obb_ep144@taipei_udd_ortho_2025","source_updated_at":"2026-09-05"},"geometry":{"type":"Polygon","coordinates":[[[121.5710314,24.9916119],[121.5710395,24.9916586],[121.5710143,24.9916623],[121.5710061,24.9916155],[121.5710314,24.9916119]]]}},{"type":"Feature","id":"dt_wsqqtfqfs","properties":{"id":"dt_wsqqtfqfs","status":"auto","conf":0.9491,"n_detections":1,"heading_deg":7.0,"length_m":5.3,"width_m":2.33,"corner":"NW","intersection_id":"TPS_02437","intersection_dist_m":12.5,"serves_from_bearing":277.0,"serves_to_bearing":187.0,"serves_quality":"good","lat":25.0616396,"lon":121.5512143,"confidence":"confirmed","source":"dieturn/yolo26s-obb_ep144@taipei_udd_ortho_2025","source_updated_at":"2026-09-05"},"geometry":{"type":"Polygon","coordinates":[[[121.5512226,25.0616145],[121.551229,25.0616621],[121.5512061,25.0616646],[121.5511997,25.061617],[121.5512226,25.0616145]]]}},{"type":"Feature","id":"dt_wsqqmzct1","properties":{"id":"dt_wsqqmzct1","status":"auto","conf":0.949,"n_detections":1,"heading_deg":90.6,"length_m":6.98,"width_m":2.94,"corner":"NW","intersection_id":"TPS_00629","intersection_dist_m":13.2,"serves_from_bearing":270.6,"serves_to_bearing":180.6,"serves_quality":"good","lat":25.0483401,"lon":121.5438551,"confidence":"confirmed","source":"dieturn/yolo26s-obb_ep144@taipei_udd_ortho_2025","source_updated_at":"2026-09-05"},"geometry":{"type":"Polygon","coordinates":[[[121.5438896,25.0483265],[121.5438899,25.048353],[121.5438207,25.0483536],[121.5438204,25.0483271],[121.5438896,25.0483265]]]}},{"type":"Feature","id":"dt_wsqqjtzk6","properties":{"id":"dt_wsqqjtzk6","status":"auto","conf":0.9489,"n_detections":1,"heading_deg":103.7,"length_m":4.66,"width_m":2.57,"corner":"NW","intersection_id":"TPS_00084","intersection_dist_m":36.4,"serves_from_bearing":283.7,"serves_to_bearing":193.7,"serves_quality":"good","lat":24.9932844,"lon":121.5408444,"confidence":"confirmed","source":"dieturn/yolo26s-obb_ep144@taipei_udd_ortho_2025","source_updated_at":"2026-09-05"},"geometry":{"type":"Polygon","coordinates":[[[121.5408639,24.9932681],[121.54087,24.9932907],[121.540825,24.9933007],[121.5408189,24.9932781],[121.5408639,24.9932681]]]}},{"type":"Feature","id":"dt_wsqqxhqqz","properties":{"id":"dt_wsqqxhqqz","status":"auto","conf":0.9489,"n_detections":1,"heading_deg":30.0,"length_m":4.0,"width_m":2.35,"corner":"SW","intersection_id":"TPS_00109","intersection_dist_m":16.9,"serves_from_bearing":210.0,"serves_to_bearing":120.0,"serves_quality":"good","lat":25.0733425,"lon":121.605565,"confidence":"confirmed","source":"dieturn/yolo26s-obb_ep144@taipei_udd_ortho_2025","source_updated_at":"2026-09-05"},"geometry":{"type":"Polygon","coordinates":[[[121.6055652,25.0733215],[121.605585,25.0733529],[121.6055648,25.0733634],[121.6055449,25.073332],[121.6055652,25.0733215]]]}},{"type":"Feature","id":"dt_wsqqwfhh0","properties":{"id":"dt_wsqqwfhh0","status":"auto","conf":0.9489,"n_detections":1,"heading_deg":157.0,"length_m":5.86,"width_m":3.09,"corner":"SW","intersection_id":"TPS_00856","intersection_dist_m":17.0,"serves_from_bearing":157.0,"serves_to_bearing":67.0,"serves_quality":"good","lat":25.0605188,"lon":121.5912121,"confidence":"confirmed","source":"dieturn/yolo26s-obb_ep144@taipei_udd_ortho_2025","source_updated_at":"2026-09-05"},"geometry":{"type":"Polygon","coordinates":[[[121.5912376,25.0604998],[121.5912149,25.0605486],[121.5911867,25.0605378],[121.5912093,25.0604891],[121.5912376,25.0604998]]]}},{"type":"Feature","id":"dt_wsqqjzrv7","properties":{"id":"dt_wsqqjzrv7","status":"auto","conf":0.9488,"n_detections":1,"heading_deg":106.0,"length_m":3.48,"width_m":2.62,"corner":"NW","intersection_id":"TPS_00232","intersection_dist_m":14.8,"serves_from_bearing":286.0,"serves_to_bearing":196.0,"serves_quality":"good","lat":25.0016667,"lon":121.5525367,"confidence":"confirmed","source":"dieturn/yolo26s-obb_ep144@taipei_udd_ortho_2025","source_updated_at":"2026-09-05"},"geometry":{"type":"Polygon","coordinates":[[[121.5525496,25.001651],[121.5525569,25.0016737],[121.5525238,25.0016824],[121.5525164,25.0016597],[121.5525496,25.001651]]]}},{"type":"Feature","id":"dt_wsqqw2132","properties":{"id":"dt_wsqqw2132","status":"auto","conf":0.9486,"n_detections":1,"heading_deg":79.8,"length_m":5.6,"width_m":3.31,"corner":"NE","intersection_id":"TPS_00009","intersection_dist_m":26.0,"serves_from_bearing":349.8,"serves_to_bearing":259.8,"serves_quality":"good","lat":25.0490677,"lon":121.5654561,"confidence":"confirmed","source":"dieturn/yolo26s-obb_ep144@taipei_udd_ortho_2025","source_updated_at":"2026-09-05"},"geometry":{"type":"Polygon","coordinates":[[[121.5654864,25.0490575],[121.5654805,25.049087],[121.5654259,25.049078],[121.5654318,25.0490485],[121.5654864,25.0490575]]]}},{"type":"Feature","id":"dt_wsqqumr8f","properties":{"id":"dt_wsqqumr8f","status":"auto","conf":0.9486,"n_detections":2,"heading_deg":91.6,"length_m":4.31,"width_m":2.48,"corner":"SW","intersection_id":"TPS_00860","intersection_dist_m":21.5,"serves_from_bearing":181.6,"serves_to_bearing":91.6,"serves_quality":"ambiguous","lat":25.1217612,"lon":121.4862544,"confidence":"confirmed","source":"dieturn/yolo26s-obb_ep144@taipei_udd_ortho_2025","source_updated_at":"2026-09-05"},"geometry":{"type":"Polygon","coordinates":[[[121.4862753,25.1217494],[121.4862761,25.1217718],[121.4862334,25.1217729],[121.4862326,25.1217506],[121.4862753,25.1217494]]]}},{"type":"Feature","id":"dt_wsqqqpgsv","properties":{"id":"dt_wsqqqpgsv","status":"auto","conf":0.9485,"n_detections":2,"heading_deg":88.0,"length_m":6.48,"width_m":3.64,"corner":"SW","intersection_id":"TPS_02475","intersection_dist_m":12.3,"serves_from_bearing":178.0,"serves_to_bearing":88.0,"serves_quality":"ambiguous","lat":25.0482915,"lon":121.5577592,"confidence":"confirmed","source":"dieturn/yolo26s-obb_ep144@taipei_udd_ortho_2025","source_updated_at":"2026-09-05"},"geometry":{"type":"Polygon","coordinates":[[[121.5577919,25.048276],[121.5577907,25.0483089],[121.5577264,25.0483069],[121.5577277,25.048274],[121.5577919,25.048276]]]}},{"type":"Feature","id":"dt_wsqqt5wgm","properties":{"id":"dt_wsqqt5wgm","status":"auto","conf":0.9485,"n_detections":3,"heading_deg":89.5,"length_m":5.77,"width_m":2.16,"corner":"SW","intersection_id":"TPS_02526","intersection_dist_m":17.2,"serves_from_bearing":179.5,"serves_to_bearing":89.5,"serves_quality":"good","lat":25.0686311,"lon":121.5182939,"confidence":"confirmed","source":"dieturn/yolo26s-obb_ep144@taipei_udd_ortho_2025","source_updated_at":"2026-09-05"},"geometry":{"type":"Polygon","coordinates":[[[121.5183226,25.0686215],[121.5183224,25.068641],[121.5182652,25.0686406],[121.5182654,25.0686211],[121.5183226,25.0686215]]]}},{"type":"Feature","id":"dt_wsqqvs13q","properties":{"id":"dt_wsqqvs13q","status":"auto","conf":0.9484,"n_detections":1,"heading_deg":33.4,"length_m":3.41,"width_m":2.6,"corner":"NW","intersection_id":"TPS_00946","intersection_dist_m":17.2,"serves_from_bearing":213.4,"serves_to_bearing":123.4,"serves_quality":"good","lat":25.1149846,"lon":121.5327782,"confidence":"confirmed","source":"dieturn/yolo26s-obb_ep144@taipei_udd_ortho_2025","source_updated_at":"2026-09-05"},"geometry":{"type":"Polygon","coordinates":[[[121.5327797,25.1149653],[121.5327983,25.1149911],[121.5327767,25.1150039],[121.5327581,25.1149781],[121.5327797,25.1149653]]]}},{"type":"Feature","id":"dt_wsqqt5ng5","properties":{"id":"dt_wsqqt5ng5","status":"auto","conf":0.9483,"n_detections":1,"heading_deg":0.1,"length_m":5.27,"width_m":2.53,"corner":"SW","intersection_id":"TPS_00322","intersection_dist_m":21.1,"serves_from_bearing":180.1,"serves_to_bearing":90.1,"serves_quality":"good","lat":25.0658452,"lon":121.5181889,"confidence":"confirmed","source":"dieturn/yolo26s-obb_ep144@taipei_udd_ortho_2025","source_updated_at":"2026-09-05"},"geometry":{"type":"Polygon","coordinates":[[[121.5182014,25.0658213],[121.5182015,25.065869],[121.5181765,25.065869],[121.5181764,25.0658213],[121.5182014,25.0658213]]]}},{"type":"Feature","id":"dt_wsqqtf1dj","properties":{"id":"dt_wsqqtf1dj","status":"auto","conf":0.9483,"n_detections":1,"heading_deg":179.3,"length_m":3.49,"width_m":2.12,"corner":"SW","intersection_id":"TPS_00442","intersection_dist_m":8.4,"serves_from_bearing":179.3,"serves_to_bearing":89.3,"serves_quality":"ambiguous","lat":25.060158,"lon":121.5440517,"confidence":"confirmed","source":"dieturn/yolo26s-obb_ep144@taipei_udd_ortho_2025","source_updated_at":"2026-09-05"},"geometry":{"type":"Polygon","coordinates":[[[121.5440625,25.0601423],[121.5440621,25.0601738],[121.544041,25.0601736],[121.5440414,25.0601421],[121.5440625,25.0601423]]]}},{"type":"Feature","id":"dt_wsqqtdkz8","properties":{"id":"dt_wsqqtdkz8","status":"auto","conf":0.9483,"n_detections":1,"heading_deg":179.9,"length_m":4.39,"width_m":2.48,"corner":"NE","intersection_id":"TPS_00611","intersection_dist_m":14.3,"serves_from_bearing":359.9,"serves_to_bearing":269.9,"serves_quality":"good","lat":25.0624957,"lon":121.5373261,"confidence":"confirmed","source":"dieturn/yolo26s-obb_ep144@taipei_udd_ortho_2025","source_updated_at":"2026-09-05"},"geometry":{"type":"Polygon","coordinates":[[[121.5373384,25.0624759],[121.5373383,25.0625156],[121.5373138,25.0625156],[121.5373138,25.0624759],[121.5373384,25.0624759]]]}},{"type":"Feature","id":"dt_wsqqtr30t","properties":{"id":"dt_wsqqtr30t","status":"auto","conf":0.9482,"n_detections":1,"heading_deg":134.5,"length_m":4.12,"width_m":2.51,"corner":"SW","intersection_id":"TPS_00767","intersection_dist_m":17.6,"serves_from_bearing":224.5,"serves_to_bearing":134.5,"serves_quality":"good","lat":25.0887397,"lon":121.5214008,"confidence":"confirmed","source":"dieturn/yolo26s-obb_ep144@taipei_udd_ortho_2025","source_updated_at":"2026-09-05"},"geometry":{"type":"Polygon","coordinates":[[[121.5214241,25.0887347],[121.521395,25.0887608],[121.5213774,25.0887448],[121.5214065,25.0887186],[121.5214241,25.0887347]]]}},{"type":"Feature","id":"dt_wsqqwd675","properties":{"id":"dt_wsqqwd675","status":"auto","conf":0.9482,"n_detections":1,"heading_deg":146.4,"length_m":5.36,"width_m":2.34,"corner":"SW","intersection_id":"TPS_00817","intersection_dist_m":11.2,"serves_from_bearing":146.4,"serves_to_bearing":56.4,"serves_quality":"good","lat":25.0617253,"lon":121.5779557,"confidence":"confirmed","source":"dieturn/yolo26s-obb_ep144@taipei_udd_ortho_2025","source_updated_at":"2026-09-05"},"geometry":{"type":"Polygon","coordinates":[[[121.5779801,25.0617109],[121.5779506,25.0617513],[121.5779312,25.0617397],[121.5779607,25.0616993],[121.5779801,25.0617109]]]}},{"type":"Feature","id":"dt_wsqqmrcgs","properties":{"id":"dt_wsqqmrcgs","status":"auto","conf":0.9482,"n_detections":2,"heading_deg":91.5,"length_m":5.54,"width_m":2.62,"corner":"SW","intersection_id":"TPS_00724","intersection_dist_m":11.5,"serves_from_bearing":181.5,"serves_to_bearing":91.5,"serves_quality":"ambiguous","lat":25.0480692,"lon":121.5223907,"confidence":"confirmed","source":"dieturn/yolo26s-obb_ep144@taipei_udd_ortho_2025","source_updated_at":"2026-09-05"},"geometry":{"type":"Polygon","coordinates":[[[121.5224178,25.0480567],[121.5224185,25.0480804],[121.5223636,25.0480817],[121.5223629,25.048058],[121.5224178,25.0480567]]]}},{"type":"Feature","id":"dt_wsqqw07px","properties":{"id":"dt_wsqqw07px","status":"auto","conf":0.9482,"n_detections":1,"heading_deg":3.0,"length_m":6.13,"width_m":2.92,"corner":"NE","intersection_id":"TPS_02452","intersection_dist_m":15.2,"serves_from_bearing":3.0,"serves_to_bearing":273.0,"serves_quality":"ambiguous","lat":25.051492,"lon":121.5571759,"confidence":"confirmed","source":"dieturn/yolo26s-obb_ep144@taipei_udd_ortho_2025","source_updated_at":"2026-09-05"},"geometry":{"type":"Polygon","coordinates":[[[121.5571887,25.0514637],[121.5571919,25.051519],[121.557163,25.0515203],[121.5571599,25.0514651],[121.5571887,25.0514637]]]}},{"type":"Feature","id":"dt_wsqqmw3tg","properties":{"id":"dt_wsqqmw3tg","status":"auto","conf":0.9481,"n_detections":1,"heading_deg":178.1,"length_m":4.67,"width_m":2.79,"corner":"NE","intersection_id":"TPS_00015","intersection_dist_m":17.2,"serves_from_bearing":358.1,"serves_to_bearing":268.1,"serves_quality":"good","lat":25.040206,"lon":121.5329892,"confidence":"confirmed","source":"dieturn/yolo26s-obb_ep144@taipei_udd_ortho_2025","source_updated_at":"2026-09-05"},"geometry":{"type":"Polygon","coordinates":[[[121.5330038,25.0401853],[121.5330022,25.0402275],[121.5329745,25.0402267],[121.5329762,25.0401845],[121.5330038,25.0401853]]]}},{"type":"Feature","id":"dt_wsqqkuxj2","properties":{"id":"dt_wsqqkuxj2","status":"auto","conf":0.9481,"n_detections":1,"heading_deg":103.8,"length_m":3.67,"width_m":2.29,"corner":"SE","intersection_id":"TPS_00925","intersection_dist_m":24.9,"serves_from_bearing":103.8,"serves_to_bearing":13.8,"serves_quality":"good","lat":25.0305039,"lon":121.507418,"confidence":"confirmed","source":"dieturn/yolo26s-obb_ep144@taipei_udd_ortho_2025","source_updated_at":"2026-09-05"},"geometry":{"type":"Polygon","coordinates":[[[121.5074329,25.0304899],[121.5074384,25.03051],[121.5074031,25.0305179],[121.5073976,25.0304978],[121.5074329,25.0304899]]]}},{"type":"Feature","id":"dt_wsqqtdrmf","properties":{"id":"dt_wsqqtdrmf","status":"auto","conf":0.9479,"n_detections":1,"heading_deg":87.3,"length_m":4.83,"width_m":2.57,"corner":"NE","intersection_id":"TPS_01195","intersection_dist_m":14.6,"serves_from_bearing":357.3,"serves_to_bearing":267.3,"serves_quality":"ambiguous","lat":25.0622058,"lon":121.5408192,"confidence":"confirmed","source":"dieturn/yolo26s-obb_ep144@taipei_udd_ortho_2025","source_updated_at":"2026-09-05"},"geometry":{"type":"Polygon","coordinates":[[[121.5408437,25.0621952],[121.5408425,25.0622184],[121.5407947,25.0622164],[121.5407959,25.0621931],[121.5408437,25.0621952]]]}},{"type":"Feature","id":"dt_wsqqqxmdu","properties":{"id":"dt_wsqqqxmdu","status":"auto","conf":0.9478,"n_detections":1,"heading_deg":22.8,"length_m":6.83,"width_m":3.16,"corner":"SW","intersection_id":"TPS_00336","intersection_dist_m":24.3,"serves_from_bearing":202.8,"serves_to_bearing":112.8,"serves_quality":"good","lat":25.0452123,"lon":121.582461,"confidence":"confirmed","source":"dieturn/yolo26s-obb_ep144@taipei_udd_ortho_2025","source_updated_at":"2026-09-05"},"geometry":{"type":"Polygon","coordinates":[[[121.5824623,25.0451784],[121.5824885,25.0452353],[121.5824596,25.0452462],[121.5824334,25.0451893],[121.5824623,25.0451784]]]}},{"type":"Feature","id":"dt_wsqqt9w5s","properties":{"id":"dt_wsqqt9w5s","status":"auto","conf":0.9478,"n_detections":1,"heading_deg":89.8,"length_m":3.6,"width_m":2.57,"corner":"SE","intersection_id":"TPS_00647","intersection_dist_m":17.1,"serves_from_bearing":89.8,"serves_to_bearing":359.8,"serves_quality":"ambiguous","lat":25.0577057,"lon":121.5391877,"confidence":"confirmed","source":"dieturn/yolo26s-obb_ep144@taipei_udd_ortho_2025","source_updated_at":"2026-09-05"},"geometry":{"type":"Polygon","coordinates":[[[121.5392056,25.0576941],[121.5392055,25.0577174],[121.5391698,25.0577173],[121.5391699,25.057694],[121.5392056,25.0576941]]]}},{"type":"Feature","id":"dt_wsqqwe69j","properties":{"id":"dt_wsqqwe69j","status":"auto","conf":0.9478,"n_detections":1,"heading_deg":88.3,"length_m":4.74,"width_m":2.56,"corner":"NW","intersection_id":"TPS_00799","intersection_dist_m":22.1,"serves_from_bearing":268.3,"serves_to_bearing":178.3,"serves_quality":"good","lat":25.0668848,"lon":121.5783624,"confidence":"confirmed","source":"dieturn/yolo26s-obb_ep144@taipei_udd_ortho_2025","source_updated_at":"2026-09-05"},"geometry":{"type":"Polygon","coordinates":[[[121.5783863,25.0668738],[121.5783855,25.066897],[121.5783385,25.0668957],[121.5783393,25.0668725],[121.5783863,25.0668738]]]}},{"type":"Feature","id":"dt_wsqqucrtk","properties":{"id":"dt_wsqqucrtk","status":"auto","conf":0.9478,"n_detections":1,"heading_deg":179.4,"length_m":5.18,"width_m":3.22,"corner":"NE","intersection_id":"TPS_01124","intersection_dist_m":14.4,"serves_from_bearing":359.4,"serves_to_bearing":269.4,"serves_quality":"good","lat":25.1005638,"lon":121.5082987,"confidence":"confirmed","source":"dieturn/yolo26s-obb_ep144@taipei_udd_ortho_2025","source_updated_at":"2026-09-05"},"geometry":{"type":"Polygon","coordinates":[[[121.5083149,25.1005405],[121.5083144,25.1005874],[121.5082825,25.1005871],[121.5082831,25.1005402],[121.5083149,25.1005405]]]}},{"type":"Feature","id":"dt_wsqqmxs88","properties":{"id":"dt_wsqqmxs88","status":"auto","conf":0.9478,"n_detections":1,"heading_deg":178.0,"length_m":7.39,"width_m":2.63,"corner":"NW","intersection_id":"TPS_02532","intersection_dist_m":12.3,"serves_from_bearing":268.0,"serves_to_bearing":178.0,"serves_quality":"good","lat":25.0461739,"lon":121.5369675,"confidence":"confirmed","source":"dieturn/yolo26s-obb_ep144@taipei_udd_ortho_2025","source_updated_at":"2026-09-05"},"geometry":{"type":"Polygon","coordinates":[[[121.5369818,25.0461409],[121.5369792,25.0462077],[121.5369532,25.0462069],[121.5369557,25.0461401],[121.5369818,25.0461409]]]}},{"type":"Feature","id":"dt_wsqqmeg5s","properties":{"id":"dt_wsqqmeg5s","status":"auto","conf":0.9477,"n_detections":1,"heading_deg":12.8,"length_m":6.08,"width_m":3.94,"corner":"NE","intersection_id":"TPS_00134","intersection_dist_m":22.7,"serves_from_bearing":12.8,"serves_to_bearing":282.8,"serves_quality":"good","lat":25.0261086,"lon":121.5350868,"confidence":"confirmed","source":"dieturn/yolo26s-obb_ep144@taipei_udd_ortho_2025","source_updated_at":"2026-09-05"},"geometry":{"type":"Polygon","coordinates":[[[121.5350992,25.0260779],[121.5351125,25.0261315],[121.5350744,25.0261393],[121.5350611,25.0260857],[121.5350992,25.0260779]]]}},{"type":"Feature","id":"dt_wsqqt8x14","properties":{"id":"dt_wsqqt8x14","status":"auto","conf":0.9477,"n_detections":1,"heading_deg":87.4,"length_m":7.07,"width_m":2.8,"corner":"SE","intersection_id":"TPS_00625","intersection_dist_m":16.7,"serves_from_bearing":87.4,"serves_to_bearing":357.4,"serves_quality":"ambiguous","lat":25.0517759,"lon":121.5404827,"confidence":"confirmed","source":"dieturn/yolo26s-obb_ep144@taipei_udd_ortho_2025","source_updated_at":"2026-09-05"},"geometry":{"type":"Polygon","coordinates":[[[121.5405184,25.0517647],[121.5405171,25.0517899],[121.540447,25.0517871],[121.5404483,25.0517618],[121.5405184,25.0517647]]]}},{"type":"Feature","id":"dt_wsqqqpgs5","properties":{"id":"dt_wsqqqpgs5","status":"auto","conf":0.9476,"n_detections":2,"heading_deg":179.5,"length_m":6.79,"width_m":2.53,"corner":"SE","intersection_id":"TPS_02476","intersection_dist_m":16.7,"serves_from_bearing":89.5,"serves_to_bearing":359.5,"serves_quality":"ambiguous","lat":25.0481449,"lon":121.5577004,"confidence":"confirmed","source":"dieturn/yolo26s-obb_ep144@taipei_udd_ortho_2025","source_updated_at":"2026-09-05"},"geometry":{"type":"Polygon","coordinates":[[[121.5577133,25.0481143],[121.5577127,25.0481757],[121.5576876,25.0481754],[121.5576881,25.0481141],[121.5577133,25.0481143]]]}},{"type":"Feature","id":"dt_wsqqtm9x7","properties":{"id":"dt_wsqqtm9x7","status":"auto","conf":0.9475,"n_detections":1,"heading_deg":24.6,"length_m":4.99,"width_m":2.51,"corner":"NW","intersection_id":"TPS_00141","intersection_dist_m":19.6,"serves_from_bearing":204.6,"serves_to_bearing":114.6,"serves_quality":"good","lat":25.0803023,"lon":121.5219705,"confidence":"confirmed","source":"dieturn/yolo26s-obb_ep144@taipei_udd_ortho_2025","source_updated_at":"2026-09-05"},"geometry":{"type":"Polygon","coordinates":[[[121.5219716,25.0802771],[121.5219922,25.0803182],[121.5219694,25.0803275],[121.5219489,25.0802865],[121.5219716,25.0802771]]]}},{"type":"Feature","id":"dt_wsqqjwx63","properties":{"id":"dt_wsqqjwx63","status":"auto","conf":0.9475,"n_detections":1,"heading_deg":162.6,"length_m":3.11,"width_m":2.71,"corner":"SW","intersection_id":"TPS_00271","intersection_dist_m":24.4,"serves_from_bearing":162.6,"serves_to_bearing":72.6,"serves_quality":"good","lat":24.9970474,"lon":121.5407909,"confidence":"confirmed","source":"dieturn/yolo26s-obb_ep144@taipei_udd_ortho_2025","source_updated_at":"2026-09-05"},"geometry":{"type":"Polygon","coordinates":[[[121.5408083,24.9970376],[121.5407991,24.9970645],[121.5407734,24.9970572],[121.5407827,24.9970304],[121.5408083,24.9970376]]]}},{"type":"Feature","id":"dt_wsqqwq16f","properties":{"id":"dt_wsqqwq16f","status":"auto","conf":0.9475,"n_detections":1,"heading_deg":102.1,"length_m":6.05,"width_m":2.56,"corner":"SE","intersection_id":"TPS_00499","intersection_dist_m":12.2,"serves_from_bearing":102.1,"serves_to_bearing":12.1,"serves_quality":"good","lat":25.0822749,"lon":121.5655262,"confidence":"confirmed","source":"dieturn/yolo26s-obb_ep144@taipei_udd_ortho_2025","source_updated_at":"2026-09-05"},"geometry":{"type":"Polygon","coordinates":[[[121.5655529,25.0822578],[121.5655582,25.0822805],[121.5654996,25.082292],[121.5654942,25.0822693],[121.5655529,25.0822578]]]}},{"type":"Feature","id":"dt_wsqqth5x0","properties":{"id":"dt_wsqqth5x0","status":"auto","conf":0.9475,"n_detections":1,"heading_deg":2.8,"length_m":5.28,"width_m":3.26,"corner":"SW","intersection_id":"TPS_01092","intersection_dist_m":16.7,"serves_from_bearing":182.8,"serves_to_bearing":92.8,"serves_quality":"good","lat":25.0720285,"lon":121.5136293,"confidence":"confirmed","source":"dieturn/yolo26s-obb_ep144@taipei_udd_ortho_2025","source_updated_at":"2026-09-05"},"geometry":{"type":"Polygon","coordinates":[[[121.5136441,25.072004],[121.5136467,25.0720517],[121.5136144,25.0720531],[121.5136119,25.0720054],[121.5136441,25.072004]]]}},{"type":"Feature","id":"dt_wsqqqwenp","properties":{"id":"dt_wsqqqwenp","status":"auto","conf":0.9474,"n_detections":1,"heading_deg":60.0,"length_m":2.93,"width_m":2.37,"corner":"NW","intersection_id":"TPS_00662","intersection_dist_m":14.8,"serves_from_bearing":240.0,"serves_to_bearing":150.0,"serves_quality":"ambiguous","lat":25.041638,"lon":121.5791348,"confidence":"confirmed","source":"dieturn/yolo26s-obb_ep144@taipei_udd_ortho_2025","source_updated_at":"2026-09-05"},"geometry":{"type":"Polygon","coordinates":[[[121.5791533,25.0416354],[121.5791415,25.0416539],[121.5791163,25.0416406],[121.5791282,25.0416222],[121.5791533,25.0416354]]]}},{"type":"Feature","id":"dt_wsqqmz1xu","properties":{"id":"dt_wsqqmz1xu","status":"auto","conf":0.9473,"n_detections":1,"heading_deg":85.0,"length_m":6.04,"width_m":2.83,"corner":"SE","intersection_id":"TPS_00101","intersection_dist_m":23.4,"serves_from_bearing":85.0,"serves_to_bearing":355.0,"serves_quality":"good","lat":25.0446776,"lon":121.5439834,"confidence":"confirmed","source":"dieturn/yolo26s-obb_ep144@taipei_udd_ortho_2025","source_updated_at":"2026-09-05"},"geometry":{"type":"Polygon","coordinates":[[[121.5440145,25.0446673],[121.544012,25.0446928],[121.5439524,25.044688],[121.5439548,25.0446625],[121.5440145,25.0446673]]]}},{"type":"Feature","id":"dt_wsqqw213h","properties":{"id":"dt_wsqqw213h","status":"auto","conf":0.9472,"n_detections":1,"heading_deg":174.4,"length_m":5.53,"width_m":3.65,"corner":"NE","intersection_id":"TPS_00009","intersection_dist_m":33.7,"serves_from_bearing":354.4,"serves_to_bearing":264.4,"serves_quality":"good","lat":25.0490371,"lon":121.5656333,"confidence":"confirmed","source":"dieturn/yolo26s-obb_ep144@taipei_udd_ortho_2025","source_updated_at":"2026-09-05"},"geometry":{"type":"Polygon","coordinates":[[[121.565654,25.0490138],[121.5656486,25.0490636],[121.5656126,25.0490604],[121.565618,25.0490106],[121.565654,25.0490138]]]}},{"type":"Feature","id":"dt_wsqqmzvkr","properties":{"id":"dt_wsqqmzvkr","status":"auto","conf":0.9472,"n_detections":2,"heading_deg":1.1,"length_m":5.77,"width_m":3.25,"corner":"NW","intersection_id":"TPS_02509","intersection_dist_m":19.4,"serves_from_bearing":271.1,"serves_to_bearing":181.1,"serves_quality":"good","lat":25.0482196,"lon":121.5492839,"confidence":"confirmed","source":"dieturn/yolo26s-obb_ep144@taipei_udd_ortho_2025","source_updated_at":"2026-09-05"},"geometry":{"type":"Polygon","coordinates":[[[121.5492995,25.0481932],[121.5493005,25.0482454],[121.5492684,25.048246],[121.5492673,25.0481938],[121.5492995,25.0481932]]]}},{"type":"Feature","id":"dt_wsqqte1zw","properties":{"id":"dt_wsqqte1zw","status":"auto","conf":0.9471,"n_detections":1,"heading_deg":179.4,"length_m":4.33,"width_m":2.5,"corner":"NE","intersection_id":"TPS_00076","intersection_dist_m":16.4,"serves_from_bearing":359.4,"serves_to_bearing":269.4,"serves_quality":"good","lat":25.0666236,"lon":121.5334404,"confidence":"confirmed","source":"dieturn/yolo26s-obb_ep144@taipei_udd_ortho_2025","source_updated_at":"2026-09-05"},"geometry":{"type":"Polygon","coordinates":[[[121.533453,25.0666042],[121.5334525,25.0666433],[121.5334278,25.066643],[121.5334282,25.0666039],[121.533453,25.0666042]]]}},{"type":"Feature","id":"dt_wsqqjtzk1","properties":{"id":"dt_wsqqjtzk1","status":"auto","conf":0.9471,"n_detections":1,"heading_deg":14.3,"length_m":3.43,"width_m":2.5,"corner":"NW","intersection_id":"TPS_00084","intersection_dist_m":36.6,"serves_from_bearing":284.3,"serves_to_bearing":194.3,"serves_quality":"good","lat":24.9932208,"lon":121.540784,"confidence":"confirmed","source":"dieturn/yolo26s-obb_ep144@taipei_udd_ortho_2025","source_updated_at":"2026-09-05"},"geometry":{"type":"Polygon","coordinates":[[[121.5407918,24.993203],[121.5408002,24.993233],[121.5407762,24.9932386],[121.5407678,24.9932085],[121.5407918,24.993203]]]}},{"type":"Feature","id":"dt_wsqqtb98z","properties":{"id":"dt_wsqqtb98z","status":"auto","conf":0.9471,"n_detections":1,"heading_deg":177.9,"length_m":2.95,"width_m":1.7,"corner":"SE","intersection_id":"TPS_00445","intersection_dist_m":40.6,"serves_from_bearing":87.9,"serves_to_bearing":357.9,"serves_quality":"good","lat":25.0517102,"lon":121.5441452,"confidence":"confirmed","source":"dieturn/yolo26s-obb_ep144@taipei_udd_ortho_2025","source_updated_at":"2026-09-05"},"geometry":{"type":"Polygon","coordinates":[[[121.5441541,25.0516972],[121.544153,25.0517238],[121.5441362,25.0517233],[121.5441373,25.0516966],[121.5441541,25.0516972]]]}},{"type":"Feature","id":"dt_wsqqmk0b6","properties":{"id":"dt_wsqqmk0b6","status":"auto","conf":0.9469,"n_detections":1,"heading_deg":77.5,"length_m":7.54,"width_m":2.4,"corner":"NW","intersection_id":"TPS_00264","intersection_dist_m":18.4,"serves_from_bearing":257.5,"serves_to_bearing":167.5,"serves_quality":"good","lat":25.026909,"lon":121.5209232,"confidence":"confirmed","source":"dieturn/yolo26s-obb_ep144@taipei_udd_ortho_2025","source_updated_at":"2026-09-05"},"geometry":{"type":"Polygon","coordinates":[[[121.5209623,25.0269058],[121.5209571,25.0269269],[121.5208841,25.0269122],[121.5208893,25.026891],[121.5209623,25.0269058]]]}},{"type":"Feature","id":"dt_wsqqt16pd","properties":{"id":"dt_wsqqt16pd","status":"auto","conf":0.9468,"n_detections":1,"heading_deg":1.0,"length_m":4.26,"width_m":2.18,"corner":"NE","intersection_id":"TPS_01584","intersection_dist_m":8.6,"serves_from_bearing":1.0,"serves_to_bearing":271.0,"serves_quality":"good","lat":25.0569907,"lon":121.5116479,"confidence":"confirmed","source":"dieturn/yolo26s-obb_ep144@taipei_udd_ortho_2025","source_updated_at":"2026-09-05"},"geometry":{"type":"Polygon","coordinates":[[[121.5116584,25.0569713],[121.5116591,25.0570098],[121.5116375,25.0570101],[121.5116368,25.0569716],[121.5116584,25.0569713]]]}},{"type":"Feature","id":"dt_wsqqmwj26","properties":{"id":"dt_wsqqmwj26","status":"auto","conf":0.9467,"n_detections":1,"heading_deg":88.7,"length_m":4.34,"width_m":2.52,"corner":"SW","intersection_id":"TPS_00072","intersection_dist_m":19.8,"serves_from_bearing":178.7,"serves_to_bearing":88.7,"serves_quality":"good","lat":25.0378892,"lon":121.5380885,"confidence":"confirmed","source":"dieturn/yolo26s-obb_ep144@taipei_udd_ortho_2025","source_updated_at":"2026-09-05"},"geometry":{"type":"Polygon","coordinates":[[[121.5381103,25.0378783],[121.5381097,25.037901],[121.5380666,25.0379001],[121.5380673,25.0378774],[121.5381103,25.0378783]]]}},{"type":"Feature","id":"dt_wsqqmg9jj","properties":{"id":"dt_wsqqmg9jj","status":"auto","conf":0.9467,"n_detections":1,"heading_deg":94.9,"length_m":6.59,"width_m":2.59,"corner":"NW","intersection_id":"TPS_00131","intersection_dist_m":15.6,"serves_from_bearing":274.9,"serves_to_bearing":184.9,"serves_quality":"good","lat":25.0250084,"lon":121.5433489,"confidence":"confirmed","source":"dieturn/yolo26s-obb_ep144@taipei_udd_ortho_2025","source_updated_at":"2026-09-05"},"geometry":{"type":"Polygon","coordinates":[[[121.5433804,25.0249942],[121.5433826,25.0250175],[121.5433175,25.0250226],[121.5433153,25.0249993],[121.5433804,25.0249942]]]}},{"type":"Feature","id":"dt_wsqqtd1du","properties":{"id":"dt_wsqqtd1du","status":"auto","conf":0.9467,"n_detections":1,"heading_deg":177.3,"length_m":2.88,"width_m":2.43,"corner":"SW","intersection_id":"TPS_00250","intersection_dist_m":21.7,"serves_from_bearing":177.3,"serves_to_bearing":87.3,"serves_quality":"good","lat":25.0603089,"lon":121.5330143,"confidence":"confirmed","source":"dieturn/yolo26s-obb_ep144@taipei_udd_ortho_2025","source_updated_at":"2026-09-05"},"geometry":{"type":"Polygon","coordinates":[[[121.533027,25.0602964],[121.5330257,25.0603224],[121.5330016,25.0603214],[121.5330029,25.0602954],[121.533027,25.0602964]]]}},{"type":"Feature","id":"dt_wsqqte3ww","properties":{"id":"dt_wsqqte3ww","status":"auto","conf":0.9467,"n_detections":1,"heading_deg":0.6,"length_m":4.04,"width_m":2.85,"corner":"SW","intersection_id":"TPS_00459","intersection_dist_m":34.2,"serves_from_bearing":180.6,"serves_to_bearing":90.6,"serves_quality":"good","lat":25.0678004,"lon":121.5330983,"confidence":"confirmed","source":"dieturn/yolo26s-obb_ep144@taipei_udd_ortho_2025","source_updated_at":"2026-09-05"},"geometry":{"type":"Polygon","coordinates":[[[121.5331122,25.067782],[121.5331126,25.0678185],[121.5330844,25.0678188],[121.533084,25.0677823],[121.5331122,25.067782]]]}},{"type":"Feature","id":"dt_wsqqqn8ju","properties":{"id":"dt_wsqqqn8ju","status":"auto","conf":0.9466,"n_detections":1,"heading_deg":88.8,"length_m":7.64,"width_m":2.7,"corner":"NW","intersection_id":"TPS_00583","intersection_dist_m":16.3,"serves_from_bearing":268.8,"serves_to_bearing":178.8,"serves_quality":"good","lat":25.0415874,"lon":121.5529409,"confidence":"confirmed","source":"dieturn/yolo26s-obb_ep144@taipei_udd_ortho_2025","source_updated_at":"2026-09-05"},"geometry":{"type":"Polygon","coordinates":[[[121.5529791,25.0415759],[121.5529785,25.0416003],[121.5529027,25.0415989],[121.5529032,25.0415745],[121.5529791,25.0415759]]]}},{"type":"Feature","id":"dt_wsqqt5r5e","properties":{"id":"dt_wsqqt5r5e","status":"auto","conf":0.9466,"n_detections":1,"heading_deg":179.4,"length_m":4.49,"width_m":2.54,"corner":"NE","intersection_id":"TPS_00690","intersection_dist_m":15.1,"serves_from_bearing":359.4,"serves_to_bearing":269.4,"serves_quality":"good","lat":25.067323,"lon":121.5185313,"confidence":"confirmed","source":"dieturn/yolo26s-obb_ep144@taipei_udd_ortho_2025","source_updated_at":"2026-09-05"},"geometry":{"type":"Polygon","coordinates":[[[121.5185441,25.0673028],[121.5185437,25.0673435],[121.5185184,25.0673432],[121.5185189,25.0673026],[121.5185441,25.0673028]]]}},{"type":"Feature","id":"dt_wsqqt9hdt","properties":{"id":"dt_wsqqt9hdt","status":"auto","conf":0.9466,"n_detections":1,"heading_deg":4.5,"length_m":5.25,"width_m":2.96,"corner":"NE","intersection_id":"TPS_01441","intersection_dist_m":9.8,"serves_from_bearing":4.5,"serves_to_bearing":274.5,"serves_quality":"good","lat":25.0547814,"lon":121.5371686,"confidence":"confirmed","source":"dieturn/yolo26s-obb_ep144@taipei_udd_ortho_2025","source_updated_at":"2026-09-05"},"geometry":{"type":"Polygon","coordinates":[[[121.5371812,25.0547567],[121.5371853,25.054804],[121.537156,25.0548061],[121.5371519,25.0547588],[121.5371812,25.0547567]]]}},{"type":"Feature","id":"dt_wsqqt6d1v","properties":{"id":"dt_wsqqt6d1v","status":"auto","conf":0.9465,"n_detections":1,"heading_deg":3.0,"length_m":5.73,"width_m":2.93,"corner":"NE","intersection_id":"TPS_00049","intersection_dist_m":19.0,"serves_from_bearing":3.0,"serves_to_bearing":273.0,"serves_quality":"good","lat":25.0628719,"lon":121.5227744,"confidence":"confirmed","source":"dieturn/yolo26s-obb_ep144@taipei_udd_ortho_2025","source_updated_at":"2026-09-05"},"geometry":{"type":"Polygon","coordinates":[[[121.5227874,25.0628453],[121.5227905,25.0628971],[121.5227614,25.0628985],[121.5227584,25.0628467],[121.5227874,25.0628453]]]}},{"type":"Feature","id":"dt_wsqqtq6y5","properties":{"id":"dt_wsqqtq6y5","status":"auto","conf":0.9464,"n_detections":1,"heading_deg":174.4,"length_m":3.66,"width_m":2.85,"corner":"NE","intersection_id":"TPS_00151","intersection_dist_m":21.8,"serves_from_bearing":354.4,"serves_to_bearing":264.4,"serves_quality":"good","lat":25.08423,"lon":121.5237162,"confidence":"confirmed","source":"dieturn/yolo26s-obb_ep144@taipei_udd_ortho_2025","source_updated_at":"2026-09-05"},"geometry":{"type":"Polygon","coordinates":[[[121.523732,25.0842148],[121.5237284,25.0842478],[121.5237003,25.0842453],[121.5237039,25.0842123],[121.523732,25.0842148]]]}},{"type":"Feature","id":"dt_wsqqwnrbu","properties":{"id":"dt_wsqqwnrbu","status":"auto","conf":0.9463,"n_detections":1,"heading_deg":19.1,"length_m":3.77,"width_m":2.49,"corner":"NE","intersection_id":"TPS_00967","intersection_dist_m":7.5,"serves_from_bearing":19.1,"serves_to_bearing":289.1,"serves_quality":"good","lat":25.0833114,"lon":121.5635751,"confidence":"confirmed","source":"dieturn/yolo26s-obb_ep144@taipei_udd_ortho_2025","source_updated_at":"2026-09-05"},"geometry":{"type":"Polygon","coordinates":[[[121.5635806,25.0832917],[121.5635929,25.0833239],[121.5635696,25.0833312],[121.5635573,25.083299],[121.5635806,25.0832917]]]}},{"type":"Feature","id":"dt_wsqqqkekv","properties":{"id":"dt_wsqqqkekv","status":"auto","conf":0.9463,"n_detections":1,"heading_deg":179.6,"length_m":4.17,"width_m":3.01,"corner":"NE","intersection_id":"TPS_01056","intersection_dist_m":10.9,"serves_from_bearing":359.6,"serves_to_bearing":269.6,"serves_quality":"good","lat":25.0304462,"lon":121.5684212,"confidence":"confirmed","source":"dieturn/yolo26s-obb_ep144@taipei_udd_ortho_2025","source_updated_at":"2026-09-05"},"geometry":{"type":"Polygon","coordinates":[[[121.5684362,25.0304275],[121.568436,25.0304651],[121.5684061,25.030465],[121.5684064,25.0304273],[121.5684362,25.0304275]]]}},{"type":"Feature","id":"dt_wsqqt0y6t","properties":{"id":"dt_wsqqt0y6t","status":"auto","conf":0.9462,"n_detections":1,"heading_deg":98.5,"length_m":6.54,"width_m":2.6,"corner":"NW","intersection_id":"TPS_00153","intersection_dist_m":16.0,"serves_from_bearing":278.5,"serves_to_bearing":188.5,"serves_quality":"good","lat":25.0533855,"lon":121.5176288,"confidence":"confirmed","source":"dieturn/yolo26s-obb_ep144@taipei_udd_ortho_2025","source_updated_at":"2026-09-05"},"geometry":{"type":"Polygon","coordinates":[[[121.5176589,25.0533695],[121.5176627,25.0533927],[121.5175986,25.0534015],[121.5175948,25.0533782],[121.5176589,25.0533695]]]}},{"type":"Feature","id":"dt_wsqqqmpyn","properties":{"id":"dt_wsqqqmpyn","status":"auto","conf":0.9462,"n_detections":1,"heading_deg":63.5,"length_m":7.21,"width_m":2.24,"corner":"SE","intersection_id":"TPS_00312","intersection_dist_m":21.2,"serves_from_bearing":153.5,"serves_to_bearing":63.5,"serves_quality":"good","lat":25.0334109,"lon":121.5746327,"confidence":"confirmed","source":"dieturn/yolo26s-obb_ep144@taipei_udd_ortho_2025","source_updated_at":"2026-09-05"},"geometry":{"type":"Polygon","coordinates":[[[121.5746697,25.0334164],[121.5746596,25.0334345],[121.5745957,25.0334054],[121.5746057,25.0333873],[121.5746697,25.0334164]]]}},{"type":"Feature","id":"dt_wsqqwekzg","properties":{"id":"dt_wsqqwekzg","status":"auto","conf":0.9462,"n_detections":1,"heading_deg":61.3,"length_m":4.12,"width_m":2.95,"corner":"NW","intersection_id":"TPS_00800","intersection_dist_m":21.4,"serves_from_bearing":241.3,"serves_to_bearing":151.3,"serves_quality":"good","lat":25.0680194,"lon":121.5813611,"confidence":"confirmed","source":"dieturn/yolo26s-obb_ep144@taipei_udd_ortho_2025","source_updated_at":"2026-09-05"},"geometry":{"type":"Polygon","coordinates":[[[121.5813861,25.0680167],[121.5813719,25.06804],[121.581336,25.0680221],[121.5813503,25.0679988],[121.5813861,25.0680167]]]}},{"type":"Feature","id":"dt_wsqqqq5w8","properties":{"id":"dt_wsqqqq5w8","status":"auto","conf":0.946,"n_detections":1,"heading_deg":87.8,"length_m":7.46,"width_m":2.61,"corner":"SE","intersection_id":"TPS_00636","intersection_dist_m":12.6,"serves_from_bearing":87.8,"serves_to_bearing":357.8,"serves_quality":"good","lat":25.0389947,"lon":121.5685276,"confidence":"confirmed","source":"dieturn/yolo26s-obb_ep144@taipei_udd_ortho_2025","source_updated_at":"2026-09-05"},"geometry":{"type":"Polygon","coordinates":[[[121.5685651,25.0389842],[121.5685641,25.0390078],[121.5684901,25.0390052],[121.5684911,25.0389816],[121.5685651,25.0389842]]]}},{"type":"Feature","id":"dt_wsqqq51qw","properties":{"id":"dt_wsqqq51qw","status":"auto","conf":0.946,"n_detections":1,"heading_deg":136.6,"length_m":4.47,"width_m":2.43,"corner":"NE","intersection_id":"TPS_00666","intersection_dist_m":16.4,"serves_from_bearing":316.6,"serves_to_bearing":226.6,"serves_quality":"good","lat":25.0224928,"lon":121.5547217,"confidence":"confirmed","source":"dieturn/yolo26s-obb_ep144@taipei_udd_ortho_2025","source_updated_at":"2026-09-05"},"geometry":{"type":"Polygon","coordinates":[[[121.5547458,25.0224856],[121.5547153,25.0225149],[121.5546977,25.0224999],[121.5547281,25.0224706],[121.5547458,25.0224856]]]}},{"type":"Feature","id":"dt_wsqqtq477","properties":{"id":"dt_wsqqtq477","status":"auto","conf":0.946,"n_detections":1,"heading_deg":15.2,"length_m":4.65,"width_m":2.51,"corner":"NW","intersection_id":"TPS_00688","intersection_dist_m":22.3,"serves_from_bearing":285.2,"serves_to_bearing":195.2,"serves_quality":"good","lat":25.0823668,"lon":121.5230198,"confidence":"confirmed","source":"dieturn/yolo26s-obb_ep144@taipei_udd_ortho_2025","source_updated_at":"2026-09-05"},"geometry":{"type":"Polygon","coordinates":[[[121.5230258,25.0823436],[121.5230378,25.0823842],[121.5230138,25.08239],[121.5230017,25.0823495],[121.5230258,25.0823436]]]}},{"type":"Feature","id":"dt_wsqqkvjw3","properties":{"id":"dt_wsqqkvjw3","status":"auto","conf":0.9459,"n_detections":1,"heading_deg":33.9,"length_m":6.26,"width_m":2.48,"corner":"NE","intersection_id":"TPS_00916","intersection_dist_m":13.5,"serves_from_bearing":33.9,"serves_to_bearing":303.9,"serves_quality":"good","lat":25.0334428,"lon":121.5054182,"confidence":"confirmed","source":"dieturn/yolo26s-obb_ep144@taipei_udd_ortho_2025","source_updated_at":"2026-09-05"},"geometry":{"type":"Polygon","coordinates":[[[121.5054111,25.0334131],[121.5054457,25.0334601],[121.5054252,25.0334725],[121.5053906,25.0334255],[121.5054111,25.0334131]]]}},{"type":"Feature","id":"dt_wsqqqxf69","properties":{"id":"dt_wsqqqxf69","status":"auto","conf":0.9458,"n_detections":1,"heading_deg":86.2,"length_m":3.61,"width_m":2.54,"corner":"SE","intersection_id":"TPS_00148","intersection_dist_m":13.9,"serves_from_bearing":86.2,"serves_to_bearing":356.2,"serves_quality":"good","lat":25.047896,"lon":121.5778424,"confidence":"confirmed","source":"dieturn/yolo26s-obb_ep144@taipei_udd_ortho_2025","source_updated_at":"2026-09-05"},"geometry":{"type":"Polygon","coordinates":[[[121.577861,25.0478857],[121.5778594,25.0479086],[121.5778237,25.0479064],[121.5778254,25.0478835],[121.577861,25.0478857]]]}},{"type":"Feature","id":"dt_wsqqkvj7g","properties":{"id":"dt_wsqqkvj7g","status":"auto","conf":0.9457,"n_detections":1,"heading_deg":27.0,"length_m":3.99,"width_m":2.43,"corner":"NE","intersection_id":"TPS_01331","intersection_dist_m":10.7,"serves_from_bearing":27.0,"serves_to_bearing":297.0,"serves_quality":"good","lat":25.0330216,"lon":121.5051788,"confidence":"confirmed","source":"dieturn/yolo26s-obb_ep144@taipei_udd_ortho_2025","source_updated_at":"2026-09-05"},"geometry":{"type":"Polygon","coordinates":[[[121.5051806,25.0330006],[121.5051986,25.0330327],[121.505177,25.0330426],[121.5051591,25.0330104],[121.5051806,25.0330006]]]}},{"type":"Feature","id":"dt_wsqqmu91n","properties":{"id":"dt_wsqqmu91n","status":"auto","conf":0.9455,"n_detections":1,"heading_deg":2.3,"length_m":4.42,"width_m":2.47,"corner":"SW","intersection_id":"TPS_00614","intersection_dist_m":16.2,"serves_from_bearing":182.3,"serves_to_bearing":92.3,"serves_quality":"good","lat":25.0298151,"lon":121.543382,"confidence":"confirmed","source":"dieturn/yolo26s-obb_ep144@taipei_udd_ortho_2025","source_updated_at":"2026-09-05"},"geometry":{"type":"Polygon","coordinates":[[[121.5433934,25.0297947],[121.5433951,25.0298346],[121.5433706,25.0298355],[121.543369,25.0297956],[121.5433934,25.0297947]]]}},{"type":"Feature","id":"dt_wsqqmsm73","properties":{"id":"dt_wsqqmsm73","status":"auto","conf":0.9455,"n_detections":1,"heading_deg":1.4,"length_m":4.44,"width_m":1.91,"corner":"SE","intersection_id":"TPS_01394","intersection_dist_m":6.5,"serves_from_bearing":91.4,"serves_to_bearing":1.4,"serves_quality":"good","lat":25.0288134,"lon":121.53803,"confidence":"confirmed","source":"dieturn/yolo26s-obb_ep144@taipei_udd_ortho_2025","source_updated_at":"2026-09-05"},"geometry":{"type":"Polygon","coordinates":[[[121.5380389,25.0287932],[121.53804,25.0288333],[121.5380211,25.0288337],[121.53802,25.0287936],[121.5380389,25.0287932]]]}},{"type":"Feature","id":"dt_wsqqmd19g","properties":{"id":"dt_wsqqmd19g","status":"auto","conf":0.9454,"n_detections":1,"heading_deg":49.7,"length_m":6.67,"width_m":2.78,"corner":"SE","intersection_id":"TPS_00102","intersection_dist_m":27.1,"serves_from_bearing":49.7,"serves_to_bearing":319.7,"serves_quality":"good","lat":25.0161787,"lon":121.5329542,"confidence":"confirmed","source":"dieturn/yolo26s-obb_ep144@taipei_udd_ortho_2025","source_updated_at":"2026-09-05"},"geometry":{"type":"Polygon","coordinates":[[[121.5329884,25.0161887],[121.5329705,25.0162077],[121.53292,25.0161687],[121.532938,25.0161496],[121.5329884,25.0161887]]]}},{"type":"Feature","id":"dt_wsqqt9wj7","properties":{"id":"dt_wsqqt9wj7","status":"auto","conf":0.9453,"n_detections":1,"heading_deg":87.0,"length_m":3.6,"width_m":2.52,"corner":"NW","intersection_id":"TPS_00647","intersection_dist_m":16.7,"serves_from_bearing":267.0,"serves_to_bearing":177.0,"serves_quality":"ambiguous","lat":25.0580111,"lon":121.5391688,"confidence":"confirmed","source":"dieturn/yolo26s-obb_ep144@taipei_udd_ortho_2025","source_updated_at":"2026-09-05"},"geometry":{"type":"Polygon","coordinates":[[[121.5391873,25.0580006],[121.539186,25.0580233],[121.5391503,25.0580216],[121.5391517,25.0579989],[121.5391873,25.0580006]]]}},{"type":"Feature","id":"dt_wsqqt0564","properties":{"id":"dt_wsqqt0564","status":"auto","conf":0.9452,"n_detections":1,"heading_deg":87.3,"length_m":4.13,"width_m":3.6,"corner":"SE","intersection_id":"TPS_00082","intersection_dist_m":26.3,"serves_from_bearing":87.3,"serves_to_bearing":357.3,"serves_quality":"good","lat":25.0492019,"lon":121.5133753,"confidence":"confirmed","source":"dieturn/yolo26s-obb_ep144@taipei_udd_ortho_2025","source_updated_at":"2026-09-05"},"geometry":{"type":"Polygon","coordinates":[[[121.5133966,25.0491865],[121.513395,25.049219],[121.513354,25.0492173],[121.5133557,25.0491848],[121.5133966,25.0491865]]]}},{"type":"Feature","id":"dt_wsqqt89e9","properties":{"id":"dt_wsqqt89e9","status":"auto","conf":0.9452,"n_detections":2,"heading_deg":88.9,"length_m":7.42,"width_m":2.97,"corner":"NW","intersection_id":"TPS_00136","intersection_dist_m":20.1,"serves_from_bearing":268.9,"serves_to_bearing":178.9,"serves_quality":"good","lat":25.0521867,"lon":121.5329012,"confidence":"confirmed","source":"dieturn/yolo26s-obb_ep144@taipei_udd_ortho_2025","source_updated_at":"2026-09-05"},"geometry":{"type":"Polygon","coordinates":[[[121.5329383,25.0521739],[121.5329377,25.0522008],[121.5328642,25.0521994],[121.5328648,25.0521726],[121.5329383,25.0521739]]]}},{"type":"Feature","id":"dt_wsqqwg0je","properties":{"id":"dt_wsqqwg0je","status":"auto","conf":0.9452,"n_detections":1,"heading_deg":1.7,"length_m":4.09,"width_m":2.67,"corner":"NE","intersection_id":"TPS_00819","intersection_dist_m":10.9,"serves_from_bearing":1.7,"serves_to_bearing":271.7,"serves_quality":"ambiguous","lat":25.06629,"lon":121.5858466,"confidence":"confirmed","source":"dieturn/yolo26s-obb_ep144@taipei_udd_ortho_2025","source_updated_at":"2026-09-05"},"geometry":{"type":"Polygon","coordinates":[[[121.5858592,25.0662711],[121.5858604,25.0663081],[121.585834,25.0663088],[121.5858327,25.0662718],[121.5858592,25.0662711]]]}},{"type":"Feature","id":"dt_wsqqwcn7k","properties":{"id":"dt_wsqqwcn7k","status":"auto","conf":0.9452,"n_detections":1,"heading_deg":63.1,"length_m":6.64,"width_m":2.42,"corner":"NW","intersection_id":"TPS_00845","intersection_dist_m":12.9,"serves_from_bearing":243.1,"serves_to_bearing":153.1,"serves_quality":"good","lat":25.0548817,"lon":121.5944826,"confidence":"confirmed","source":"dieturn/yolo26s-obb_ep144@taipei_udd_ortho_2025","source_updated_at":"2026-09-05"},"geometry":{"type":"Polygon","coordinates":[[[121.5945175,25.0548856],[121.5945065,25.0549051],[121.5944478,25.0548779],[121.5944588,25.0548584],[121.5945175,25.0548856]]]}},{"type":"Feature","id":"dt_wsqqt7d6s","properties":{"id":"dt_wsqqt7d6s","status":"auto","conf":0.945,"n_detections":1,"heading_deg":178.8,"length_m":5.64,"width_m":3.76,"corner":"NE","intersection_id":"TPS_00044","intersection_dist_m":20.7,"serves_from_bearing":358.8,"serves_to_bearing":268.8,"serves_quality":"good","lat":25.0684979,"lon":121.5230587,"confidence":"confirmed","source":"dieturn/yolo26s-obb_ep144@taipei_udd_ortho_2025","source_updated_at":"2026-09-05"},"geometry":{"type":"Polygon","coordinates":[[[121.5230779,25.0684727],[121.5230767,25.0685238],[121.5230394,25.0685231],[121.5230406,25.068472],[121.5230779,25.0684727]]]}},{"type":"Feature","id":"dt_wsqqkssuy","properties":{"id":"dt_wsqqkssuy","status":"auto","conf":0.945,"n_detections":1,"heading_deg":51.8,"length_m":3.95,"width_m":2.5,"corner":"SE","intersection_id":"TPS_00964","intersection_dist_m":19.0,"serves_from_bearing":51.8,"serves_to_bearing":321.8,"serves_quality":"good","lat":25.0304543,"lon":121.493628,"confidence":"confirmed","source":"dieturn/yolo26s-obb_ep144@taipei_udd_ortho_2025","source_updated_at":"2026-09-05"},"geometry":{"type":"Polygon","coordinates":[[[121.4936511,25.0304565],[121.4936357,25.0304742],[121.4936049,25.0304521],[121.4936204,25.0304345],[121.4936511,25.0304565]]]}},{"type":"Feature","id":"dt_wsqqt0fju","properties":{"id":"dt_wsqqt0fju","status":"auto","conf":0.945,"n_detections":1,"heading_deg":84.4,"length_m":4.27,"width_m":2.23,"corner":"NW","intersection_id":"TPS_01582","intersection_dist_m":9.5,"serves_from_bearing":264.4,"serves_to_bearing":174.4,"serves_quality":"ambiguous","lat":25.053956,"lon":121.511731,"confidence":"confirmed","source":"dieturn/yolo26s-obb_ep144@taipei_udd_ortho_2025","source_updated_at":"2026-09-05"},"geometry":{"type":"Polygon","coordinates":[[[121.5117532,25.0539478],[121.511751,25.0539679],[121.5117088,25.0539641],[121.5117111,25.0539441],[121.5117532,25.0539478]]]}},{"type":"Feature","id":"dt_wsqqksztc","properties":{"id":"dt_wsqqksztc","status":"auto","conf":0.9449,"n_detections":1,"heading_deg":26.2,"length_m":4.52,"width_m":2.77,"corner":"NW","intersection_id":"TPS_01059","intersection_dist_m":12.6,"serves_from_bearing":206.2,"serves_to_bearing":116.2,"serves_quality":"good","lat":25.0320036,"lon":121.4971871,"confidence":"confirmed","source":"dieturn/yolo26s-obb_ep144@taipei_udd_ortho_2025","source_updated_at":"2026-09-05"},"geometry":{"type":"Polygon","coordinates":[[[121.4971896,25.0319798],[121.4972094,25.0320165],[121.4971847,25.0320274],[121.4971649,25.0319908],[121.4971896,25.0319798]]]}},{"type":"Feature","id":"dt_wsqqjxtbx","properties":{"id":"dt_wsqqjxtbx","status":"auto","conf":0.9447,"n_detections":1,"heading_deg":158.0,"length_m":2.98,"width_m":2.29,"corner":"NE","intersection_id":"TPS_00507","intersection_dist_m":12.8,"serves_from_bearing":338.0,"serves_to_bearing":248.0,"serves_quality":"ambiguous","lat":25.0022636,"lon":121.5389857,"confidence":"confirmed","source":"dieturn/yolo26s-obb_ep144@taipei_udd_ortho_2025","source_updated_at":"2026-09-05"},"geometry":{"type":"Polygon","coordinates":[[[121.5390017,25.0022549],[121.5389907,25.0022799],[121.5389696,25.0022722],[121.5389807,25.0022472],[121.5390017,25.0022549]]]}},{"type":"Feature","id":"dt_wsqqt1w9q","properties":{"id":"dt_wsqqt1w9q","status":"auto","conf":0.9446,"n_detections":1,"heading_deg":179.9,"length_m":6.74,"width_m":2.46,"corner":"SW","intersection_id":"TPS_00144","intersection_dist_m":17.3,"serves_from_bearing":179.9,"serves_to_bearing":89.9,"serves_quality":"good","lat":25.0572879,"lon":121.5179991,"confidence":"confirmed","source":"dieturn/yolo26s-obb_ep144@taipei_udd_ortho_2025","source_updated_at":"2026-09-05"},"geometry":{"type":"Polygon","coordinates":[[[121.5180113,25.0572574],[121.5180112,25.0573183],[121.5179868,25.0573183],[121.5179869,25.0572574],[121.5180113,25.0572574]]]}},{"type":"Feature","id":"dt_wsqqt68b8","properties":{"id":"dt_wsqqt68b8","status":"auto","conf":0.9445,"n_detections":2,"heading_deg":89.5,"length_m":7.0,"width_m":2.57,"corner":"SE","intersection_id":"TPS_00783","intersection_dist_m":14.2,"serves_from_bearing":89.5,"serves_to_bearing":359.5,"serves_quality":"ambiguous","lat":25.0626883,"lon":121.5208459,"confidence":"confirmed","source":"dieturn/yolo26s-obb_ep144@taipei_udd_ortho_2025","source_updated_at":"2026-09-05"},"geometry":{"type":"Polygon","coordinates":[[[121.5208807,25.062677],[121.5208805,25.0627002],[121.5208111,25.0626996],[121.5208113,25.0626764],[121.5208807,25.062677]]]}},{"type":"Feature","id":"dt_wsqqkty6u","properties":{"id":"dt_wsqqkty6u","status":"auto","conf":0.9445,"n_detections":1,"heading_deg":35.2,"length_m":3.0,"width_m":2.32,"corner":"NW","intersection_id":"TPS_00930","intersection_dist_m":10.5,"serves_from_bearing":215.2,"serves_to_bearing":125.2,"serves_quality":"good","lat":25.0369501,"lon":121.4955926,"confidence":"confirmed","source":"dieturn/yolo26s-obb_ep144@taipei_udd_ortho_2025","source_updated_at":"2026-09-05"},"geometry":{"type":"Polygon","coordinates":[[[121.4955934,25.0369331],[121.4956106,25.0369552],[121.4955917,25.0369672],[121.4955746,25.036945],[121.4955934,25.0369331]]]}},{"type":"Feature","id":"dt_wsqqmrdc7","properties":{"id":"dt_wsqqmrdc7","status":"auto","conf":0.9444,"n_detections":1,"heading_deg":14.9,"length_m":6.55,"width_m":2.62,"corner":"SW","intersection_id":"TPS_00114","intersection_dist_m":11.9,"serves_from_bearing":194.9,"serves_to_bearing":104.9,"serves_quality":"good","lat":25.0463278,"lon":121.5236815,"confidence":"confirmed","source":"dieturn/yolo26s-obb_ep144@taipei_udd_ortho_2025","source_updated_at":"2026-09-05"},"geometry":{"type":"Polygon","coordinates":[[[121.5236857,25.0462962],[121.5237024,25.0463534],[121.5236773,25.0463595],[121.5236606,25.0463022],[121.5236857,25.0462962]]]}},{"type":"Feature","id":"dt_wsqqmvpvb","properties":{"id":"dt_wsqqmvpvb","status":"auto","conf":0.9443,"n_detections":1,"heading_deg":86.9,"length_m":6.77,"width_m":3.26,"corner":"NW","intersection_id":"TPS_00038","intersection_dist_m":17.9,"serves_from_bearing":266.9,"serves_to_bearing":176.9,"serves_quality":"good","lat":25.0333527,"lon":121.5524023,"confidence":"confirmed","source":"dieturn/yolo26s-obb_ep144@taipei_udd_ortho_2025","source_updated_at":"2026-09-05"},"geometry":{"type":"Polygon","coordinates":[[[121.5524367,25.0333396],[121.5524349,25.033369],[121.5523679,25.0333657],[121.5523697,25.0333363],[121.5524367,25.0333396]]]}},{"type":"Feature","id":"dt_wsqqwbyxb","properties":{"id":"dt_wsqqwbyxb","status":"auto","conf":0.9441,"n_detections":1,"heading_deg":155.3,"length_m":5.61,"width_m":2.84,"corner":"SW","intersection_id":"TPS_00162","intersection_dist_m":17.6,"serves_from_bearing":155.3,"serves_to_bearing":65.3,"serves_quality":"ambiguous","lat":25.054305,"lon":121.5946285,"confidence":"confirmed","source":"dieturn/yolo26s-obb_ep144@taipei_udd_ortho_2025","source_updated_at":"2026-09-05"},"geometry":{"type":"Polygon","coordinates":[[[121.5946529,25.0542873],[121.5946297,25.0543333],[121.5946041,25.0543227],[121.5946274,25.0542767],[121.5946529,25.0542873]]]}},{"type":"Feature","id":"dt_wsqqmebtg","properties":{"id":"dt_wsqqmebtg","status":"auto","conf":0.9441,"n_detections":1,"heading_deg":92.8,"length_m":4.79,"width_m":2.34,"corner":"NW","intersection_id":"TPS_00531","intersection_dist_m":13.9,"serves_from_bearing":272.8,"serves_to_bearing":182.8,"serves_quality":"ambiguous","lat":25.0264755,"lon":121.5315984,"confidence":"confirmed","source":"dieturn/yolo26s-obb_ep144@taipei_udd_ortho_2025","source_updated_at":"2026-09-05"},"geometry":{"type":"Polygon","coordinates":[[[121.5316215,25.0264638],[121.5316227,25.026485],[121.5315753,25.0264871],[121.5315741,25.026466],[121.5316215,25.0264638]]]}},{"type":"Feature","id":"dt_wsqqmrccv","properties":{"id":"dt_wsqqmrccv","status":"auto","conf":0.9441,"n_detections":1,"heading_deg":95.0,"length_m":4.51,"width_m":2.62,"corner":"NE","intersection_id":"TPS_00874","intersection_dist_m":14.8,"serves_from_bearing":5.0,"serves_to_bearing":275.0,"serves_quality":"ambiguous","lat":25.0477605,"lon":121.5223992,"confidence":"confirmed","source":"dieturn/yolo26s-obb_ep144@taipei_udd_ortho_2025","source_updated_at":"2026-09-05"},"geometry":{"type":"Polygon","coordinates":[[[121.5224202,25.0477469],[121.5224226,25.0477705],[121.5223781,25.0477741],[121.5223757,25.0477505],[121.5224202,25.0477469]]]}},{"type":"Feature","id":"dt_wsqqtf9uv","properties":{"id":"dt_wsqqtf9uv","status":"auto","conf":0.944,"n_detections":1,"heading_deg":0.0,"length_m":4.25,"width_m":2.32,"corner":"NE","intersection_id":"TPS_00247","intersection_dist_m":14.8,"serves_from_bearing":0.0,"serves_to_bearing":270.0,"serves_quality":"ambiguous","lat":25.0633852,"lon":121.5443943,"confidence":"confirmed","source":"dieturn/yolo26s-obb_ep144@taipei_udd_ortho_2025","source_updated_at":"2026-09-05"},"geometry":{"type":"Polygon","coordinates":[[[121.5444058,25.063366],[121.5444058,25.0634044],[121.5443828,25.0634044],[121.5443827,25.063366],[121.5444058,25.063366]]]}},{"type":"Feature","id":"dt_wsqqmnzxb","properties":{"id":"dt_wsqqmnzxb","status":"auto","conf":0.944,"n_detections":2,"heading_deg":16.2,"length_m":4.93,"width_m":2.49,"corner":"SE","intersection_id":"TPS_00495","intersection_dist_m":27.0,"serves_from_bearing":106.2,"serves_to_bearing":16.2,"serves_quality":"good","lat":25.04333,"lon":121.519116,"confidence":"confirmed","source":"dieturn/yolo26s-obb_ep144@taipei_udd_ortho_2025","source_updated_at":"2026-09-05"},"geometry":{"type":"Polygon","coordinates":[[[121.519121,25.0433054],[121.5191347,25.0433482],[121.5191109,25.0433545],[121.5190973,25.0433117],[121.519121,25.0433054]]]}},{"type":"Feature","id":"dt_wsqqt577n","properties":{"id":"dt_wsqqt577n","status":"auto","conf":0.9439,"n_detections":1,"heading_deg":1.6,"length_m":4.52,"width_m":2.43,"corner":"SW","intersection_id":"TPS_00804","intersection_dist_m":17.2,"serves_from_bearing":181.6,"serves_to_bearing":91.6,"serves_quality":"good","lat":25.0672332,"lon":121.5135508,"confidence":"confirmed","source":"dieturn/yolo26s-obb_ep144@taipei_udd_ortho_2025","source_updated_at":"2026-09-05"},"geometry":{"type":"Polygon","coordinates":[[[121.5135622,25.0672125],[121.5135635,25.0672533],[121.5135394,25.0672539],[121.5135381,25.0672131],[121.5135622,25.0672125]]]}},{"type":"Feature","id":"dt_wsqqmppqz","properties":{"id":"dt_wsqqmppqz","status":"auto","conf":0.9437,"n_detections":1,"heading_deg":15.3,"length_m":5.52,"width_m":2.42,"corner":"NW","intersection_id":"TPS_00036","intersection_dist_m":20.4,"serves_from_bearing":195.3,"serves_to_bearing":105.3,"serves_quality":"good","lat":25.0445303,"lon":121.5190767,"confidence":"confirmed","source":"dieturn/yolo26s-obb_ep144@taipei_udd_ortho_2025","source_updated_at":"2026-09-05"},"geometry":{"type":"Polygon","coordinates":[[[121.519081,25.0445034],[121.5190955,25.0445515],[121.5190723,25.0445572],[121.5190579,25.0445091],[121.519081,25.0445034]]]}},{"type":"Feature","id":"dt_wsqqkv0j7","properties":{"id":"dt_wsqqkv0j7","status":"auto","conf":0.9437,"n_detections":1,"heading_deg":89.8,"length_m":6.69,"width_m":3.15,"corner":"NE","intersection_id":"TPS_00184","intersection_dist_m":14.0,"serves_from_bearing":359.8,"serves_to_bearing":269.8,"serves_quality":"ambiguous","lat":25.0332883,"lon":121.4979686,"confidence":"confirmed","source":"dieturn/yolo26s-obb_ep144@taipei_udd_ortho_2025","source_updated_at":"2026-09-05"},"geometry":{"type":"Polygon","coordinates":[[[121.4980018,25.0332741],[121.4980018,25.0333026],[121.4979354,25.0333024],[121.4979355,25.0332739],[121.4980018,25.0332741]]]}},{"type":"Feature","id":"dt_wsqqnnb2c","properties":{"id":"dt_wsqqnnb2c","status":"auto","conf":0.9437,"n_detections":1,"heading_deg":37.2,"length_m":2.64,"width_m":2.07,"corner":"NE","intersection_id":"TPS_00418","intersection_dist_m":4.2,"serves_from_bearing":37.2,"serves_to_bearing":307.2,"serves_quality":"good","lat":24.9981742,"lon":121.5531502,"confidence":"confirmed","source":"dieturn/yolo26s-obb_ep144@taipei_udd_ortho_2025","source_updated_at":"2026-09-05"},"geometry":{"type":"Polygon","coordinates":[[[121.5531505,24.9981591],[121.5531663,24.9981781],[121.5531499,24.9981893],[121.5531341,24.9981704],[121.5531505,24.9981591]]]}},{"type":"Feature","id":"dt_wsqqw0fu2","properties":{"id":"dt_wsqqw0fu2","status":"auto","conf":0.9437,"n_detections":2,"heading_deg":61.4,"length_m":6.35,"width_m":3.6,"corner":"NE","intersection_id":"TPS_00441","intersection_dist_m":9.5,"serves_from_bearing":331.4,"serves_to_bearing":241.4,"serves_quality":"good","lat":25.0537098,"lon":121.5565226,"confidence":"confirmed","source":"dieturn/yolo26s-obb_ep144@taipei_udd_ortho_2025","source_updated_at":"2026-09-05"},"geometry":{"type":"Polygon","coordinates":[[[121.5565589,25.0537094],[121.5565416,25.0537378],[121.5564863,25.0537103],[121.5565036,25.0536818],[121.5565589,25.0537094]]]}},{"type":"Feature","id":"dt_wsqqsbr8c","properties":{"id":"dt_wsqqsbr8c","status":"auto","conf":0.9437,"n_detections":1,"heading_deg":94.0,"length_m":2.88,"width_m":2.48,"corner":"SW","intersection_id":"TPS_00991","intersection_dist_m":16.9,"serves_from_bearing":184.0,"serves_to_bearing":94.0,"serves_quality":"ambiguous","lat":25.050357,"lon":121.5081468,"confidence":"confirmed","source":"dieturn/yolo26s-obb_ep144@taipei_udd_ortho_2025","source_updated_at":"2026-09-05"},"geometry":{"type":"Polygon","coordinates":[[[121.5081602,25.0503449],[121.508162,25.0503673],[121.5081335,25.0503691],[121.5081317,25.0503468],[121.5081602,25.0503449]]]}},{"type":"Feature","id":"dt_wsqqtdcsv","properties":{"id":"dt_wsqqtdcsv","status":"auto","conf":0.9435,"n_detections":1,"heading_deg":178.1,"length_m":3.3,"width_m":2.42,"corner":"SE","intersection_id":"TPS_01112","intersection_dist_m":12.4,"serves_from_bearing":88.1,"serves_to_bearing":358.1,"serves_quality":"ambiguous","lat":25.0647508,"lon":121.5330791,"confidence":"confirmed","source":"dieturn/yolo26s-obb_ep144@taipei_udd_ortho_2025","source_updated_at":"2026-09-05"},"geometry":{"type":"Polygon","coordinates":[[[121.5330917,25.0647362],[121.5330906,25.064766],[121.5330666,25.0647653],[121.5330677,25.0647355],[121.5330917,25.0647362]]]}},{"type":"Feature","id":"dt_wsqqw22pc","properties":{"id":"dt_wsqqw22pc","status":"auto","conf":0.9435,"n_detections":2,"heading_deg":87.9,"length_m":6.06,"width_m":2.43,"corner":"NE","intersection_id":"TPS_02472","intersection_dist_m":33.5,"serves_from_bearing":357.9,"serves_to_bearing":267.9,"serves_quality":"good","lat":25.0515666,"lon":121.5637858,"confidence":"confirmed","source":"dieturn/yolo26s-obb_ep144@taipei_udd_ortho_2025","source_updated_at":"2026-09-05"},"geometry":{"type":"Polygon","coordinates":[[[121.5638163,25.0515566],[121.5638154,25.0515786],[121.5637553,25.0515766],[121.5637562,25.0515547],[121.5638163,25.0515566]]]}},{"type":"Feature","id":"dt_wsqqmnxpw","properties":{"id":"dt_wsqqmnxpw","status":"auto","conf":0.9434,"n_detections":1,"heading_deg":14.4,"length_m":4.99,"width_m":2.51,"corner":"NE","intersection_id":"TPS_00124","intersection_dist_m":19.3,"serves_from_bearing":14.4,"serves_to_bearing":284.4,"serves_quality":"good","lat":25.0419114,"lon":121.5186928,"confidence":"confirmed","source":"dieturn/yolo26s-obb_ep144@taipei_udd_ortho_2025","source_updated_at":"2026-09-05"},"geometry":{"type":"Polygon","coordinates":[[[121.5186988,25.0418867],[121.518711,25.0419305],[121.5186869,25.041936],[121.5186746,25.0418923],[121.5186988,25.0418867]]]}},{"type":"Feature","id":"dt_wsqqwnd99","properties":{"id":"dt_wsqqwnd99","status":"auto","conf":0.9434,"n_detections":1,"heading_deg":105.5,"length_m":3.47,"width_m":2.11,"corner":"NW","intersection_id":"TPS_00867","intersection_dist_m":20.4,"serves_from_bearing":285.5,"serves_to_bearing":195.5,"serves_quality":"good","lat":25.0848315,"lon":121.5562452,"confidence":"confirmed","source":"dieturn/yolo26s-obb_ep144@taipei_udd_ortho_2025","source_updated_at":"2026-09-05"},"geometry":{"type":"Polygon","coordinates":[[[121.556259,25.0848181],[121.5562646,25.0848365],[121.5562314,25.0848449],[121.5562257,25.0848266],[121.556259,25.0848181]]]}},{"type":"Feature","id":"dt_wsqqkzzjs","properties":{"id":"dt_wsqqkzzjs","status":"auto","conf":0.9433,"n_detections":1,"heading_deg":100.1,"length_m":5.17,"width_m":2.59,"corner":"SW","intersection_id":"TPS_00774","intersection_dist_m":21.9,"serves_from_bearing":100.1,"serves_to_bearing":10.1,"serves_quality":"good","lat":25.0484385,"lon":121.5076122,"confidence":"confirmed","source":"dieturn/yolo26s-obb_ep144@taipei_udd_ortho_2025","source_updated_at":"2026-09-05"},"geometry":{"type":"Polygon","coordinates":[[[121.507635,25.0484229],[121.5076397,25.048446],[121.5075892,25.0484542],[121.5075847,25.0484311],[121.507635,25.0484229]]]}},{"type":"Feature","id":"dt_wsqqwnrb1","properties":{"id":"dt_wsqqwnrb1","status":"auto","conf":0.9432,"n_detections":1,"heading_deg":25.9,"length_m":3.19,"width_m":2.43,"corner":"SW","intersection_id":"TPS_00967","intersection_dist_m":12.4,"serves_from_bearing":205.9,"serves_to_bearing":115.9,"serves_quality":"good","lat":25.0831971,"lon":121.5634222,"confidence":"confirmed","source":"dieturn/yolo26s-obb_ep144@taipei_udd_ortho_2025","source_updated_at":"2026-09-05"},"geometry":{"type":"Polygon","coordinates":[[[121.5634261,25.0831794],[121.5634399,25.0832054],[121.5634182,25.0832148],[121.5634045,25.0831888],[121.5634261,25.0831794]]]}},{"type":"Feature","id":"dt_wsqqqn402","properties":{"id":"dt_wsqqqn402","status":"auto","conf":0.9431,"n_detections":1,"heading_deg":172.0,"length_m":5.97,"width_m":2.81,"corner":"NE","intersection_id":"TPS_00127","intersection_dist_m":21.6,"serves_from_bearing":352.0,"serves_to_bearing":262.0,"serves_quality":"good","lat":25.0379186,"lon":121.5554986,"confidence":"confirmed","source":"dieturn/yolo26s-obb_ep144@taipei_udd_ortho_2025","source_updated_at":"2026-09-05"},"geometry":{"type":"Polygon","coordinates":[[[121.5555165,25.0378936],[121.5555082,25.037947],[121.5554807,25.0379435],[121.5554889,25.0378901],[121.5555165,25.0378936]]]}},{"type":"Feature","id":"dt_wsqqt5s7w","properties":{"id":"dt_wsqqt5s7w","status":"auto","conf":0.9431,"n_detections":1,"heading_deg":90.3,"length_m":5.66,"width_m":2.62,"corner":"NE","intersection_id":"TPS_00466","intersection_dist_m":4.3,"serves_from_bearing":0.3,"serves_to_bearing":270.3,"serves_quality":"ambiguous","lat":25.0686915,"lon":121.5149029,"confidence":"confirmed","source":"dieturn/yolo26s-obb_ep144@taipei_udd_ortho_2025","source_updated_at":"2026-09-05"},"geometry":{"type":"Polygon","coordinates":[[[121.5149309,25.0686796],[121.514931,25.0687032],[121.5148749,25.0687035],[121.5148747,25.0686799],[121.5149309,25.0686796]]]}},{"type":"Feature","id":"dt_wsqqmrz5d","properties":{"id":"dt_wsqqmrz5d","status":"auto","conf":0.943,"n_detections":1,"heading_deg":148.3,"length_m":7.02,"width_m":2.4,"corner":"SW","intersection_id":"TPS_00325","intersection_dist_m":40.6,"serves_from_bearing":148.3,"serves_to_bearing":58.3,"serves_quality":"good","lat":25.0480728,"lon":121.5294792,"confidence":"confirmed","source":"dieturn/yolo26s-obb_ep144@taipei_udd_ortho_2025","source_updated_at":"2026-09-05"},"geometry":{"type":"Polygon","coordinates":[[[121.5295076,25.0480515],[121.529471,25.0481055],[121.5294507,25.0480942],[121.5294873,25.0480402],[121.5295076,25.0480515]]]}},{"type":"Feature","id":"dt_wsqqwsc8f","properties":{"id":"dt_wsqqwsc8f","status":"auto","conf":0.943,"n_detections":1,"heading_deg":117.6,"length_m":5.85,"width_m":2.39,"corner":"SW","intersection_id":"TPS_01282","intersection_dist_m":4.9,"serves_from_bearing":207.6,"serves_to_bearing":117.6,"serves_quality":"good","lat":25.0750914,"lon":121.5768888,"confidence":"confirmed","source":"dieturn/yolo26s-obb_ep144@taipei_udd_ortho_2025","source_updated_at":"2026-09-05"},"geometry":{"type":"Polygon","coordinates":[[[121.5769089,25.0750696],[121.5769201,25.0750887],[121.5768686,25.0751132],[121.5768575,25.0750942],[121.5769089,25.0750696]]]}},{"type":"Feature","id":"dt_wsqqqjxu8","properties":{"id":"dt_wsqqqjxu8","status":"auto","conf":0.943,"n_detections":1,"heading_deg":179.3,"length_m":4.41,"width_m":2.41,"corner":"SW","intersection_id":"TPS_02416","intersection_dist_m":17.2,"serves_from_bearing":179.3,"serves_to_bearing":89.3,"serves_quality":"good","lat":25.0358717,"lon":121.5633963,"confidence":"confirmed","source":"dieturn/yolo26s-obb_ep144@taipei_udd_ortho_2025","source_updated_at":"2026-09-05"},"geometry":{"type":"Polygon","coordinates":[[[121.5634085,25.0358519],[121.563408,25.0358917],[121.563384,25.0358914],[121.5633846,25.0358516],[121.5634085,25.0358519]]]}},{"type":"Feature","id":"dt_wsqqw0e2c","properties":{"id":"dt_wsqqw0e2c","status":"auto","conf":0.943,"n_detections":4,"heading_deg":88.0,"length_m":7.06,"width_m":2.47,"corner":"SE","intersection_id":"TPS_02451","intersection_dist_m":11.0,"serves_from_bearing":88.0,"serves_to_bearing":358.0,"serves_quality":"ambiguous","lat":25.0517064,"lon":121.5572569,"confidence":"confirmed","source":"dieturn/yolo26s-obb_ep144@taipei_udd_ortho_2025","source_updated_at":"2026-09-05"},"geometry":{"type":"Polygon","coordinates":[[[121.5572924,25.0516963],[121.5572915,25.0517186],[121.5572215,25.0517164],[121.5572223,25.0516941],[121.5572924,25.0516963]]]}},{"type":"Feature","id":"dt_wsqqksq69","properties":{"id":"dt_wsqqksq69","status":"auto","conf":0.9428,"n_detections":2,"heading_deg":23.2,"length_m":7.52,"width_m":2.58,"corner":"SW","intersection_id":"TPS_00185","intersection_dist_m":16.0,"serves_from_bearing":203.2,"serves_to_bearing":113.2,"serves_quality":"good","lat":25.0286882,"lon":121.4954723,"confidence":"confirmed","source":"dieturn/yolo26s-obb_ep144@taipei_udd_ortho_2025","source_updated_at":"2026-09-05"},"geometry":{"type":"Polygon","coordinates":[[[121.4954693,25.0286524],[121.4954988,25.0287149],[121.4954752,25.028724],[121.4954457,25.0286615],[121.4954693,25.0286524]]]}},{"type":"Feature","id":"dt_wsqqt3dhe","properties":{"id":"dt_wsqqt3dhe","status":"auto","conf":0.9427,"n_detections":1,"heading_deg":3.8,"length_m":5.65,"width_m":4.03,"corner":"SW","intersection_id":"TPS_00143","intersection_dist_m":17.3,"serves_from_bearing":183.8,"serves_to_bearing":93.8,"serves_quality":"ambiguous","lat":25.0578609,"lon":121.5226842,"confidence":"confirmed","source":"dieturn/yolo26s-obb_ep144@taipei_udd_ortho_2025","source_updated_at":"2026-09-05"},"geometry":{"type":"Polygon","coordinates":[[[121.5227023,25.0578342],[121.522706,25.0578852],[121.5226661,25.0578875],[121.5226625,25.0578366],[121.5227023,25.0578342]]]}},{"type":"Feature","id":"dt_wsqqmhz7h","properties":{"id":"dt_wsqqmhz7h","status":"auto","conf":0.9427,"n_detections":1,"heading_deg":147.0,"length_m":4.41,"width_m":2.61,"corner":"SW","intersection_id":"TPS_01096","intersection_dist_m":16.6,"serves_from_bearing":147.0,"serves_to_bearing":57.0,"serves_quality":"good","lat":25.0315291,"lon":121.5189576,"confidence":"confirmed","source":"dieturn/yolo26s-obb_ep144@taipei_udd_ortho_2025","source_updated_at":"2026-09-05"},"geometry":{"type":"Polygon","coordinates":[[[121.5189804,25.0315188],[121.5189566,25.0315522],[121.5189348,25.0315395],[121.5189585,25.031506],[121.5189804,25.0315188]]]}},{"type":"Feature","id":"dt_wsqqmfesv","properties":{"id":"dt_wsqqmfesv","status":"auto","conf":0.9425,"n_detections":1,"heading_deg":136.6,"length_m":5.82,"width_m":2.63,"corner":"NW","intersection_id":"TPS_00675","intersection_dist_m":15.0,"serves_from_bearing":316.6,"serves_to_bearing":226.6,"serves_quality":"good","lat":25.0194352,"lon":121.5467888,"confidence":"confirmed","source":"dieturn/yolo26s-obb_ep144@taipei_udd_ortho_2025","source_updated_at":"2026-09-05"},"geometry":{"type":"Polygon","coordinates":[[[121.5468182,25.0194241],[121.5467785,25.0194624],[121.5467594,25.0194461],[121.5467992,25.0194079],[121.5468182,25.0194241]]]}},{"type":"Feature","id":"dt_wsqqqpzq4","properties":{"id":"dt_wsqqqpzq4","status":"auto","conf":0.9424,"n_detections":3,"heading_deg":170.5,"length_m":5.25,"width_m":2.68,"corner":"NW","intersection_id":"TPS_02544","intersection_dist_m":7.2,"serves_from_bearing":350.5,"serves_to_bearing":260.5,"serves_quality":"ambiguous","lat":25.0485127,"lon":121.5628062,"confidence":"confirmed","source":"dieturn/yolo26s-obb_ep144@taipei_udd_ortho_2025","source_updated_at":"2026-09-05"},"geometry":{"type":"Polygon","coordinates":[[[121.5628236,25.0484913],[121.5628151,25.0485381],[121.5627888,25.0485342],[121.5627974,25.0484873],[121.5628236,25.0484913]]]}},{"type":"Feature","id":"dt_wsqqx2w4q","properties":{"id":"dt_wsqqx2w4q","status":"auto","conf":0.9423,"n_detections":1,"heading_deg":15.3,"length_m":3.94,"width_m":2.24,"corner":"SE","intersection_id":"TPS_00862","intersection_dist_m":11.1,"serves_from_bearing":15.3,"serves_to_bearing":285.3,"serves_quality":"ambiguous","lat":25.0519685,"lon":121.6161902,"confidence":"confirmed","source":"dieturn/yolo26s-obb_ep144@taipei_udd_ortho_2025","source_updated_at":"2026-09-05"},"geometry":{"type":"Polygon","coordinates":[[[121.6161958,25.0519487],[121.6162061,25.0519831],[121.6161847,25.0519884],[121.6161743,25.051954],[121.6161958,25.0519487]]]}},{"type":"Feature","id":"dt_wsqqmjdf2","properties":{"id":"dt_wsqqmjdf2","status":"auto","conf":0.9422,"n_detections":1,"heading_deg":6.5,"length_m":5.35,"width_m":2.61,"corner":"NE","intersection_id":"TPS_00103","intersection_dist_m":27.9,"serves_from_bearing":6.5,"serves_to_bearing":276.5,"serves_quality":"good","lat":25.0355096,"lon":121.5126067,"confidence":"confirmed","source":"dieturn/yolo26s-obb_ep144@taipei_udd_ortho_2025","source_updated_at":"2026-09-05"},"geometry":{"type":"Polygon","coordinates":[[[121.5126166,25.0354843],[121.5126225,25.0355324],[121.5125969,25.035535],[121.5125909,25.0354869],[121.5126166,25.0354843]]]}},{"type":"Feature","id":"dt_wsqqmprtn","properties":{"id":"dt_wsqqmprtn","status":"auto","conf":0.9422,"n_detections":2,"heading_deg":14.8,"length_m":5.25,"width_m":2.77,"corner":"SE","intersection_id":"TPS_01533","intersection_dist_m":16.3,"serves_from_bearing":104.8,"serves_to_bearing":14.8,"serves_quality":"good","lat":25.0456028,"lon":121.5193525,"confidence":"confirmed","source":"dieturn/yolo26s-obb_ep144@taipei_udd_ortho_2025","source_updated_at":"2026-09-05"},"geometry":{"type":"Polygon","coordinates":[[[121.5193592,25.0455766],[121.5193725,25.0456226],[121.5193458,25.0456289],[121.5193326,25.045583],[121.5193592,25.0455766]]]}},{"type":"Feature","id":"dt_wsqqwgthn","properties":{"id":"dt_wsqqwgthn","status":"auto","conf":0.9422,"n_detections":1,"heading_deg":88.0,"length_m":4.05,"width_m":2.83,"corner":"SE","intersection_id":"TPS_01001","intersection_dist_m":13.6,"serves_from_bearing":88.0,"serves_to_bearing":358.0,"serves_quality":"ambiguous","lat":25.0687769,"lon":121.5928219,"confidence":"confirmed","source":"dieturn/yolo26s-obb_ep144@taipei_udd_ortho_2025","source_updated_at":"2026-09-05"},"geometry":{"type":"Polygon","coordinates":[[[121.5928425,25.0687647],[121.5928415,25.0687903],[121.5928013,25.068789],[121.5928023,25.0687634],[121.5928425,25.0687647]]]}},{"type":"Feature","id":"dt_wsqqt0q59","properties":{"id":"dt_wsqqt0q59","status":"auto","conf":0.9421,"n_detections":1,"heading_deg":100.4,"length_m":5.42,"width_m":2.5,"corner":"SE","intersection_id":"TPS_00729","intersection_dist_m":10.9,"serves_from_bearing":100.4,"serves_to_bearing":10.4,"serves_quality":"good","lat":25.0508059,"lon":121.5170907,"confidence":"confirmed","source":"dieturn/yolo26s-obb_ep144@taipei_udd_ortho_2025","source_updated_at":"2026-09-05"},"geometry":{"type":"Polygon","coordinates":[[[121.5171149,25.0507904],[121.5171194,25.0508126],[121.5170666,25.0508214],[121.517062,25.0507992],[121.5171149,25.0507904]]]}},{"type":"Feature","id":"dt_wsqqt0d5w","properties":{"id":"dt_wsqqt0d5w","status":"auto","conf":0.9421,"n_detections":1,"heading_deg":83.8,"length_m":4.1,"width_m":2.45,"corner":"NW","intersection_id":"TPS_01586","intersection_dist_m":16.1,"serves_from_bearing":263.8,"serves_to_bearing":173.8,"serves_quality":"ambiguous","lat":25.0521867,"lon":121.5118322,"confidence":"confirmed","source":"dieturn/yolo26s-obb_ep144@taipei_udd_ortho_2025","source_updated_at":"2026-09-05"},"geometry":{"type":"Polygon","coordinates":[[[121.5118538,25.0521777],[121.5118511,25.0521997],[121.5118107,25.0521957],[121.5118134,25.0521737],[121.5118538,25.0521777]]]}},{"type":"Feature","id":"dt_wsqqwfbj6","properties":{"id":"dt_wsqqwfbj6","status":"auto","conf":0.942,"n_detections":1,"heading_deg":19.3,"length_m":5.29,"width_m":3.48,"corner":"NE","intersection_id":"TPS_00818","intersection_dist_m":15.2,"serves_from_bearing":19.3,"serves_to_bearing":289.3,"serves_quality":"good","lat":25.0648385,"lon":121.5857923,"confidence":"confirmed","source":"dieturn/yolo26s-obb_ep144@taipei_udd_ortho_2025","source_updated_at":"2026-09-05"},"geometry":{"type":"Polygon","coordinates":[[[121.5858,25.0648108],[121.5858173,25.0648559],[121.5857847,25.0648662],[121.5857673,25.0648211],[121.5858,25.0648108]]]}},{"type":"Feature","id":"dt_wsqqv4q2e","properties":{"id":"dt_wsqqv4q2e","status":"auto","conf":0.9415,"n_detections":1,"heading_deg":129.6,"length_m":3.46,"width_m":2.39,"corner":"SW","intersection_id":"TPS_01086","intersection_dist_m":17.9,"serves_from_bearing":129.6,"serves_to_bearing":39.6,"serves_quality":"ambiguous","lat":25.1052615,"lon":121.517503,"confidence":"confirmed","source":"dieturn/yolo26s-obb_ep144@taipei_udd_ortho_2025","source_updated_at":"2026-09-05"},"geometry":{"type":"Polygon","coordinates":[[[121.5175238,25.1052598],[121.5174974,25.1052797],[121.5174822,25.1052632],[121.5175087,25.1052433],[121.5175238,25.1052598]]]}},{"type":"Feature","id":"dt_wsqqmfjjj","properties":{"id":"dt_wsqqmfjjj","status":"auto","conf":0.9415,"n_detections":2,"heading_deg":121.2,"length_m":4.77,"width_m":2.49,"corner":"NE","intersection_id":"TPS_02512","intersection_dist_m":13.9,"serves_from_bearing":31.2,"serves_to_bearing":301.2,"serves_quality":"good","lat":25.0167275,"lon":121.548872,"confidence":"confirmed","source":"dieturn/yolo26s-obb_ep144@taipei_udd_ortho_2025","source_updated_at":"2026-09-05"},"geometry":{"type":"Polygon","coordinates":[[[121.5488857,25.0167067],[121.5488987,25.0167259],[121.5488582,25.0167482],[121.5488453,25.0167291],[121.5488857,25.0167067]]]}},{"type":"Feature","id":"dt_wsqqmf4p2","properties":{"id":"dt_wsqqmf4p2","status":"auto","conf":0.9414,"n_detections":1,"heading_deg":53.2,"length_m":4.67,"width_m":2.07,"corner":"SE","intersection_id":"TPS_00314","intersection_dist_m":18.3,"serves_from_bearing":53.2,"serves_to_bearing":323.2,"serves_quality":"good","lat":25.0171314,"lon":121.5444952,"confidence":"confirmed","source":"dieturn/yolo26s-obb_ep144@taipei_udd_ortho_2025","source_updated_at":"2026-09-05"},"geometry":{"type":"Polygon","coordinates":[[[121.5445199,25.0171366],[121.5445075,25.0171515],[121.5444704,25.0171262],[121.5444828,25.0171113],[121.5445199,25.0171366]]]}},{"type":"Feature","id":"dt_wsqqtpzm2","properties":{"id":"dt_wsqqtpzm2","status":"auto","conf":0.9414,"n_detections":1,"heading_deg":56.5,"length_m":5.39,"width_m":3.26,"corner":"SE","intersection_id":"TPS_00958","intersection_dist_m":19.4,"serves_from_bearing":56.5,"serves_to_bearing":326.5,"serves_quality":"good","lat":25.0923274,"lon":121.5187859,"confidence":"confirmed","source":"dieturn/yolo26s-obb_ep144@taipei_udd_ortho_2025","source_updated_at":"2026-09-05"},"geometry":{"type":"Polygon","coordinates":[[[121.5188172,25.0923287],[121.5187992,25.0923531],[121.5187546,25.0923262],[121.5187726,25.0923018],[121.5188172,25.0923287]]]}},{"type":"Feature","id":"dt_wsqqt41uc","properties":{"id":"dt_wsqqt41uc","status":"auto","conf":0.9414,"n_detections":1,"heading_deg":176.3,"length_m":4.41,"width_m":2.59,"corner":"SW","intersection_id":"TPS_01636","intersection_dist_m":8.4,"serves_from_bearing":176.3,"serves_to_bearing":86.3,"serves_quality":"ambiguous","lat":25.0606326,"lon":121.5112721,"confidence":"confirmed","source":"dieturn/yolo26s-obb_ep144@taipei_udd_ortho_2025","source_updated_at":"2026-09-05"},"geometry":{"type":"Polygon","coordinates":[[[121.5112863,25.0606135],[121.5112835,25.0606533],[121.5112579,25.0606518],[121.5112607,25.060612],[121.5112863,25.0606135]]]}},{"type":"Feature","id":"dt_wsqqmg9h5","properties":{"id":"dt_wsqqmg9h5","status":"auto","conf":0.9412,"n_detections":1,"heading_deg":3.6,"length_m":5.61,"width_m":3.19,"corner":"SW","intersection_id":"TPS_00131","intersection_dist_m":17.9,"serves_from_bearing":183.6,"serves_to_bearing":93.6,"serves_quality":"good","lat":25.0248183,"lon":121.5432644,"confidence":"confirmed","source":"dieturn/yolo26s-obb_ep144@taipei_udd_ortho_2025","source_updated_at":"2026-09-05"},"geometry":{"type":"Polygon","coordinates":[[[121.5432784,25.0247921],[121.5432819,25.0248428],[121.5432503,25.0248445],[121.5432469,25.0247938],[121.5432784,25.0247921]]]}},{"type":"Feature","id":"dt_wsqqtfc9z","properties":{"id":"dt_wsqqtfc9z","status":"auto","conf":0.9411,"n_detections":1,"heading_deg":3.1,"length_m":5.28,"width_m":2.78,"corner":"SW","intersection_id":"TPS_00248","intersection_dist_m":13.9,"serves_from_bearing":183.1,"serves_to_bearing":93.1,"serves_quality":"good","lat":25.0642522,"lon":121.5441324,"confidence":"confirmed","source":"dieturn/yolo26s-obb_ep144@taipei_udd_ortho_2025","source_updated_at":"2026-09-05"},"geometry":{"type":"Polygon","coordinates":[[[121.5441447,25.0642277],[121.5441476,25.0642754],[121.54412,25.0642767],[121.5441172,25.064229],[121.5441447,25.0642277]]]}},{"type":"Feature","id":"dt_wsqqm6umf","properties":{"id":"dt_wsqqm6umf","status":"auto","conf":0.9411,"n_detections":1,"heading_deg":178.9,"length_m":6.14,"width_m":2.78,"corner":"NW","intersection_id":"TPS_00645","intersection_dist_m":17.2,"serves_from_bearing":268.9,"serves_to_bearing":178.9,"serves_quality":"good","lat":25.0210184,"lon":121.5257076,"confidence":"confirmed","source":"dieturn/yolo26s-obb_ep144@taipei_udd_ortho_2025","source_updated_at":"2026-09-05"},"geometry":{"type":"Polygon","coordinates":[[[121.5257219,25.0209909],[121.5257208,25.0210464],[121.5256932,25.0210459],[121.5256944,25.0209904],[121.5257219,25.0209909]]]}},{"type":"Feature","id":"dt_wsqqw07yb","properties":{"id":"dt_wsqqw07yb","status":"auto","conf":0.9411,"n_detections":2,"heading_deg":87.7,"length_m":6.07,"width_m":3.62,"corner":"NW","intersection_id":"TPS_02454","intersection_dist_m":18.2,"serves_from_bearing":267.7,"serves_to_bearing":177.7,"serves_quality":"ambiguous","lat":25.0513815,"lon":121.5579194,"confidence":"confirmed","source":"dieturn/yolo26s-obb_ep144@taipei_udd_ortho_2025","source_updated_at":"2026-09-05"},"geometry":{"type":"Polygon","coordinates":[[[121.5579503,25.0513663],[121.5579487,25.051399],[121.5578886,25.0513967],[121.5578901,25.051364],[121.5579503,25.0513663]]]}},{"type":"Feature","id":"dt_wsqqt5yyj","properties":{"id":"dt_wsqqt5yyj","status":"auto","conf":0.9409,"n_detections":2,"heading_deg":0.6,"length_m":3.43,"width_m":2.33,"corner":"SW","intersection_id":"TPS_00687","intersection_dist_m":19.2,"serves_from_bearing":180.6,"serves_to_bearing":90.6,"serves_quality":"good","lat":25.0704602,"lon":121.5182902,"confidence":"confirmed","source":"dieturn/yolo26s-obb_ep144@taipei_udd_ortho_2025","source_updated_at":"2026-09-05"},"geometry":{"type":"Polygon","coordinates":[[[121.5183016,25.0704447],[121.5183019,25.0704756],[121.5182789,25.0704758],[121.5182785,25.0704448],[121.5183016,25.0704447]]]}},{"type":"Feature","id":"dt_wsqqtct7q","properties":{"id":"dt_wsqqtct7q","status":"auto","conf":0.9409,"n_detections":2,"heading_deg":83.8,"length_m":6.15,"width_m":2.4,"corner":"NE","intersection_id":"TPS_01116","intersection_dist_m":18.6,"serves_from_bearing":353.8,"serves_to_bearing":263.8,"serves_quality":"good","lat":25.0576407,"lon":121.5492522,"confidence":"confirmed","source":"dieturn/yolo26s-obb_ep144@taipei_udd_ortho_2025","source_updated_at":"2026-09-05"},"geometry":{"type":"Polygon","coordinates":[[[121.5492838,25.0576329],[121.5492812,25.0576545],[121.5492206,25.0576485],[121.5492232,25.0576269],[121.5492838,25.0576329]]]}},{"type":"Feature","id":"dt_wsqqmvzn7","properties":{"id":"dt_wsqqmvzn7","status":"auto","conf":0.9407,"n_detections":1,"heading_deg":89.2,"length_m":6.86,"width_m":3.2,"corner":"SE","intersection_id":"TPS_00013","intersection_dist_m":32.3,"serves_from_bearing":89.2,"serves_to_bearing":359.2,"serves_quality":"good","lat":25.0375725,"lon":121.5514999,"confidence":"confirmed","source":"dieturn/yolo26s-obb_ep144@taipei_udd_ortho_2025","source_updated_at":"2026-09-05"},"geometry":{"type":"Polygon","coordinates":[[[121.5515341,25.0375585],[121.5515337,25.0375874],[121.5514657,25.0375865],[121.5514662,25.0375576],[121.5515341,25.0375585]]]}},{"type":"Feature","id":"dt_wsqqkv2u6","properties":{"id":"dt_wsqqkv2u6","status":"auto","conf":0.9406,"n_detections":1,"heading_deg":33.7,"length_m":4.0,"width_m":1.82,"corner":"NE","intersection_id":"TPS_01018","intersection_dist_m":19.9,"serves_from_bearing":33.7,"serves_to_bearing":303.7,"serves_quality":"good","lat":25.0344687,"lon":121.4989498,"confidence":"confirmed","source":"dieturn/yolo26s-obb_ep144@taipei_udd_ortho_2025","source_updated_at":"2026-09-05"},"geometry":{"type":"Polygon","coordinates":[[[121.4989464,25.0344491],[121.4989684,25.0344793],[121.4989533,25.0344883],[121.4989313,25.0344582],[121.4989464,25.0344491]]]}},{"type":"Feature","id":"dt_wsqqkvkck","properties":{"id":"dt_wsqqkvkck","status":"auto","conf":0.9405,"n_detections":1,"heading_deg":63.4,"length_m":7.32,"width_m":2.57,"corner":"NW","intersection_id":"TPS_00070","intersection_dist_m":17.4,"serves_from_bearing":243.4,"serves_to_bearing":153.4,"serves_quality":"good","lat":25.0339765,"lon":121.5045315,"confidence":"confirmed","source":"dieturn/yolo26s-obb_ep144@taipei_udd_ortho_2025","source_updated_at":"2026-09-05"},"geometry":{"type":"Polygon","coordinates":[[[121.5045697,25.033981],[121.5045581,25.0340017],[121.5044933,25.033972],[121.5045049,25.0339513],[121.5045697,25.033981]]]}},{"type":"Feature","id":"dt_wsqqqxkk8","properties":{"id":"dt_wsqqqxkk8","status":"auto","conf":0.9404,"n_detections":1,"heading_deg":83.9,"length_m":5.03,"width_m":2.47,"corner":"NW","intersection_id":"TPS_00149","intersection_dist_m":20.2,"serves_from_bearing":263.9,"serves_to_bearing":173.9,"serves_quality":"good","lat":25.0454849,"lon":121.5805664,"confidence":"confirmed","source":"dieturn/yolo26s-obb_ep144@taipei_udd_ortho_2025","source_updated_at":"2026-09-05"},"geometry":{"type":"Polygon","coordinates":[[[121.5805925,25.0454762],[121.5805898,25.0454985],[121.5805402,25.0454936],[121.5805429,25.0454714],[121.5805925,25.0454762]]]}},{"type":"Feature","id":"dt_wsqqt345b","properties":{"id":"dt_wsqqt345b","status":"auto","conf":0.9404,"n_detections":1,"heading_deg":3.5,"length_m":4.24,"width_m":2.47,"corner":"SW","intersection_id":"TPS_00344","intersection_dist_m":16.2,"serves_from_bearing":183.5,"serves_to_bearing":93.5,"serves_quality":"ambiguous","lat":25.0549888,"lon":121.5225457,"confidence":"confirmed","source":"dieturn/yolo26s-obb_ep144@taipei_udd_ortho_2025","source_updated_at":"2026-09-05"},"geometry":{"type":"Polygon","coordinates":[[[121.5225566,25.054969],[121.5225592,25.0550072],[121.5225348,25.0550086],[121.5225323,25.0549703],[121.5225566,25.054969]]]}},{"type":"Feature","id":"dt_wsqqmvhvu","properties":{"id":"dt_wsqqmvhvu","status":"auto","conf":0.9403,"n_detections":1,"heading_deg":3.1,"length_m":6.22,"width_m":2.82,"corner":"NW","intersection_id":"TPS_00005","intersection_dist_m":36.6,"serves_from_bearing":273.1,"serves_to_bearing":183.1,"serves_quality":"good","lat":25.033377,"lon":121.5484504,"confidence":"confirmed","source":"dieturn/yolo26s-obb_ep144@taipei_udd_ortho_2025","source_updated_at":"2026-09-05"},"geometry":{"type":"Polygon","coordinates":[[[121.5484628,25.0333482],[121.5484661,25.0334044],[121.5484381,25.0334058],[121.5484347,25.0333496],[121.5484628,25.0333482]]]}},{"type":"Feature","id":"dt_wsqqmync4","properties":{"id":"dt_wsqqmync4","status":"auto","conf":0.9403,"n_detections":1,"heading_deg":88.5,"length_m":8.37,"width_m":3.03,"corner":"NW","intersection_id":"TPS_00013","intersection_dist_m":33.4,"serves_from_bearing":268.5,"serves_to_bearing":178.5,"serves_quality":"good","lat":25.0380539,"lon":121.551118,"confidence":"confirmed","source":"dieturn/yolo26s-obb_ep144@taipei_udd_ortho_2025","source_updated_at":"2026-09-05"},"geometry":{"type":"Polygon","coordinates":[[[121.5511599,25.0380411],[121.5511591,25.0380685],[121.5510761,25.0380665],[121.5510769,25.0380392],[121.5511599,25.0380411]]]}},{"type":"Feature","id":"dt_wsqqtd88s","properties":{"id":"dt_wsqqtd88s","status":"auto","conf":0.9402,"n_detections":1,"heading_deg":87.8,"length_m":4.59,"width_m":2.4,"corner":"NW","intersection_id":"TPS_00678","intersection_dist_m":18.8,"serves_from_bearing":267.8,"serves_to_bearing":177.8,"serves_quality":"good","lat":25.0626748,"lon":121.5316493,"confidence":"confirmed","source":"dieturn/yolo26s-obb_ep144@taipei_udd_ortho_2025","source_updated_at":"2026-09-05"},"geometry":{"type":"Polygon","coordinates":[[[121.5316725,25.0626648],[121.5316715,25.0626864],[121.5316261,25.0626849],[121.531627,25.0626632],[121.5316725,25.0626648]]]}},{"type":"Feature","id":"dt_wsqqmwsrs","properties":{"id":"dt_wsqqmwsrs","status":"auto","conf":0.9399,"n_detections":1,"heading_deg":2.5,"length_m":2.17,"width_m":1.71,"corner":"NW","intersection_id":"TPS_00042","intersection_dist_m":35.0,"serves_from_bearing":272.5,"serves_to_bearing":182.5,"serves_quality":"good","lat":25.0418852,"lon":121.5367758,"confidence":"confirmed","source":"dieturn/yolo26s-obb_ep144@taipei_udd_ortho_2025","source_updated_at":"2026-09-05"},"geometry":{"type":"Polygon","coordinates":[[[121.5367838,25.041875],[121.5367848,25.0418946],[121.5367679,25.0418953],[121.5367669,25.0418757],[121.5367838,25.041875]]]}},{"type":"Feature","id":"dt_wsqqt8dcy","properties":{"id":"dt_wsqqt8dcy","status":"auto","conf":0.9398,"n_detections":1,"heading_deg":87.3,"length_m":4.78,"width_m":2.6,"corner":"SE","intersection_id":"TPS_00716","intersection_dist_m":15.3,"serves_from_bearing":87.3,"serves_to_bearing":357.3,"serves_quality":"ambiguous","lat":25.051883,"lon":121.5348141,"confidence":"confirmed","source":"dieturn/yolo26s-obb_ep144@taipei_udd_ortho_2025","source_updated_at":"2026-09-05"},"geometry":{"type":"Polygon","coordinates":[[[121.5348384,25.0518723],[121.5348372,25.0518958],[121.5347899,25.0518938],[121.5347911,25.0518703],[121.5348384,25.0518723]]]}},{"type":"Feature","id":"dt_wsqqqxjjm","properties":{"id":"dt_wsqqqxjjm","status":"auto","conf":0.9397,"n_detections":1,"heading_deg":32.5,"length_m":5.58,"width_m":2.42,"corner":"NW","intersection_id":"TPS_00802","intersection_dist_m":13.8,"serves_from_bearing":212.5,"serves_to_bearing":122.5,"serves_quality":"good","lat":25.0442521,"lon":121.5818146,"confidence":"confirmed","source":"dieturn/yolo26s-obb_ep144@taipei_udd_ortho_2025","source_updated_at":"2026-09-05"},"geometry":{"type":"Polygon","coordinates":[[[121.5818099,25.044225],[121.5818396,25.0442676],[121.5818193,25.0442793],[121.5817896,25.0442367],[121.5818099,25.044225]]]}},{"type":"Feature","id":"dt_wsqqmrp36","properties":{"id":"dt_wsqqmrp36","status":"auto","conf":0.9394,"n_detections":1,"heading_deg":178.8,"length_m":5.09,"width_m":2.41,"corner":"NW","intersection_id":"TPS_00007","intersection_dist_m":30.2,"serves_from_bearing":268.8,"serves_to_bearing":178.8,"serves_quality":"good","lat":25.0435668,"lon":121.5298179,"confidence":"confirmed","source":"dieturn/yolo26s-obb_ep144@taipei_udd_ortho_2025","source_updated_at":"2026-09-05"},"geometry":{"type":"Polygon","coordinates":[[[121.5298304,25.043544],[121.5298293,25.04359],[121.5298054,25.0435895],[121.5298065,25.0435436],[121.5298304,25.043544]]]}},{"type":"Feature","id":"dt_wsqqkuf18","properties":{"id":"dt_wsqqkuf18","status":"auto","conf":0.9394,"n_detections":1,"heading_deg":84.6,"length_m":3.8,"width_m":2.53,"corner":"NW","intersection_id":"TPS_00922","intersection_dist_m":10.3,"serves_from_bearing":264.6,"serves_to_bearing":174.6,"serves_quality":"ambiguous","lat":25.0312723,"lon":121.5005567,"confidence":"confirmed","source":"dieturn/yolo26s-obb_ep144@taipei_udd_ortho_2025","source_updated_at":"2026-09-05"},"geometry":{"type":"Polygon","coordinates":[[[121.5005767,25.0312625],[121.5005743,25.0312853],[121.5005368,25.031282],[121.5005391,25.0312593],[121.5005767,25.0312625]]]}},{"type":"Feature","id":"dt_wsqqkvv23","properties":{"id":"dt_wsqqkvv23","status":"auto","conf":0.9394,"n_detections":2,"heading_deg":61.0,"length_m":6.08,"width_m":2.43,"corner":"NW","intersection_id":"TPS_02427","intersection_dist_m":11.5,"serves_from_bearing":241.0,"serves_to_bearing":151.0,"serves_quality":"good","lat":25.0365237,"lon":121.5050599,"confidence":"confirmed","source":"dieturn/yolo26s-obb_ep144@taipei_udd_ortho_2025","source_updated_at":"2026-09-05"},"geometry":{"type":"Polygon","coordinates":[[[121.5050922,25.0365274],[121.5050804,25.0365466],[121.5050276,25.0365199],[121.5050394,25.0365007],[121.5050922,25.0365274]]]}},{"type":"Feature","id":"dt_wsqqmx71b","properties":{"id":"dt_wsqqmx71b","status":"auto","conf":0.9391,"n_detections":1,"heading_deg":65.9,"length_m":5.48,"width_m":2.53,"corner":"NE","intersection_id":"TPS_00328","intersection_dist_m":26.9,"serves_from_bearing":65.9,"serves_to_bearing":335.9,"serves_quality":"ambiguous","lat":25.0450443,"lon":121.5349,"confidence":"confirmed","source":"dieturn/yolo26s-obb_ep144@taipei_udd_ortho_2025","source_updated_at":"2026-09-05"},"geometry":{"type":"Polygon","coordinates":[[[121.53493,25.045044],[121.5349197,25.0450648],[121.5348701,25.0450445],[121.5348804,25.0450238],[121.53493,25.045044]]]}},{"type":"Feature","id":"dt_wsqqt17xz","properties":{"id":"dt_wsqqt17xz","status":"auto","conf":0.939,"n_detections":1,"heading_deg":172.4,"length_m":5.97,"width_m":3.22,"corner":"NE","intersection_id":"TPS_00712","intersection_dist_m":15.8,"serves_from_bearing":352.4,"serves_to_bearing":262.4,"serves_quality":"good","lat":25.0570432,"lon":121.5139204,"confidence":"confirmed","source":"dieturn/yolo26s-obb_ep144@taipei_udd_ortho_2025","source_updated_at":"2026-09-05"},"geometry":{"type":"Polygon","coordinates":[[[121.5139402,25.0570183],[121.5139323,25.0570718],[121.5139007,25.057068],[121.5139085,25.0570146],[121.5139402,25.0570183]]]}},{"type":"Feature","id":"dt_wsqqxhqw5","properties":{"id":"dt_wsqqxhqw5","status":"auto","conf":0.9387,"n_detections":1,"heading_deg":115.3,"length_m":6.83,"width_m":2.45,"corner":"SE","intersection_id":"TPS_00109","intersection_dist_m":12.0,"serves_from_bearing":115.3,"serves_to_bearing":25.3,"serves_quality":"good","lat":25.0732359,"lon":121.6057429,"confidence":"confirmed","source":"dieturn/yolo26s-obb_ep144@taipei_udd_ortho_2025","source_updated_at":"2026-09-05"},"geometry":{"type":"Polygon","coordinates":[[[121.6057683,25.0732127],[121.6057787,25.0732327],[121.6057175,25.073259],[121.6057071,25.0732391],[121.6057683,25.0732127]]]}},{"type":"Feature","id":"dt_wsqqksk42","properties":{"id":"dt_wsqqksk42","status":"auto","conf":0.9387,"n_detections":1,"heading_deg":99.3,"length_m":3.55,"width_m":2.27,"corner":"NW","intersection_id":"TPS_00376","intersection_dist_m":18.0,"serves_from_bearing":279.3,"serves_to_bearing":189.3,"serves_quality":"good","lat":25.0286207,"lon":121.4923487,"confidence":"confirmed","source":"dieturn/yolo26s-obb_ep144@taipei_udd_ortho_2025","source_updated_at":"2026-09-05"},"geometry":{"type":"Polygon","coordinates":[[[121.4923642,25.028608],[121.4923679,25.0286282],[121.4923332,25.0286334],[121.4923295,25.0286132],[121.4923642,25.028608]]]}},{"type":"Feature","id":"dt_wsqqt3dk6","properties":{"id":"dt_wsqqt3dk6","status":"auto","conf":0.9386,"n_detections":1,"heading_deg":87.5,"length_m":4.46,"width_m":2.38,"corner":"SE","intersection_id":"TPS_00143","intersection_dist_m":12.9,"serves_from_bearing":87.5,"serves_to_bearing":357.5,"serves_quality":"good","lat":25.0578037,"lon":121.5229651,"confidence":"confirmed","source":"dieturn/yolo26s-obb_ep144@taipei_udd_ortho_2025","source_updated_at":"2026-09-05"},"geometry":{"type":"Polygon","coordinates":[[[121.5229877,25.0577938],[121.5229867,25.0578154],[121.5229425,25.0578136],[121.5229435,25.0577921],[121.5229877,25.0577938]]]}},{"type":"Feature","id":"dt_wsqqmgdkt","properties":{"id":"dt_wsqqmgdkt","status":"auto","conf":0.9386,"n_detections":2,"heading_deg":88.5,"length_m":4.87,"width_m":2.69,"corner":"NW","intersection_id":"TPS_00618","intersection_dist_m":12.0,"serves_from_bearing":268.5,"serves_to_bearing":178.5,"serves_quality":"ambiguous","lat":25.0248909,"lon":121.5450915,"confidence":"confirmed","source":"dieturn/yolo26s-obb_ep144@taipei_udd_ortho_2025","source_updated_at":"2026-09-05"},"geometry":{"type":"Polygon","coordinates":[[[121.545116,25.0248793],[121.5451153,25.0249036],[121.545067,25.0249025],[121.5450677,25.0248781],[121.545116,25.0248793]]]}},{"type":"Feature","id":"dt_wsqqted16","properties":{"id":"dt_wsqqted16","status":"auto","conf":0.9385,"n_detections":2,"heading_deg":2.2,"length_m":6.57,"width_m":3.67,"corner":"NW","intersection_id":"TPS_02496","intersection_dist_m":14.4,"serves_from_bearing":272.2,"serves_to_bearing":182.2,"serves_quality":"ambiguous","lat":25.0683085,"lon":121.5336177,"confidence":"confirmed","source":"dieturn/yolo26s-obb_ep144@taipei_udd_ortho_2025","source_updated_at":"2026-09-05"},"geometry":{"type":"Polygon","coordinates":[[[121.5336346,25.0682781],[121.5336371,25.0683375],[121.5336008,25.0683388],[121.5335982,25.0682795],[121.5336346,25.0682781]]]}},{"type":"Feature","id":"dt_wsqqwgtjt","properties":{"id":"dt_wsqqwgtjt","status":"auto","conf":0.9385,"n_detections":1,"heading_deg":91.6,"length_m":3.59,"width_m":2.95,"corner":"NW","intersection_id":"TPS_01001","intersection_dist_m":13.5,"serves_from_bearing":271.6,"serves_to_bearing":181.6,"serves_quality":"ambiguous","lat":25.0690196,"lon":121.5927885,"confidence":"confirmed","source":"dieturn/yolo26s-obb_ep144@taipei_udd_ortho_2025","source_updated_at":"2026-09-05"},"geometry":{"type":"Polygon","coordinates":[[[121.5928059,25.0690058],[121.5928067,25.0690324],[121.5927711,25.0690334],[121.5927703,25.0690067],[121.5928059,25.0690058]]]}},{"type":"Feature","id":"dt_wsqqt2dhm","properties":{"id":"dt_wsqqt2dhm","status":"auto","conf":0.9384,"n_detections":1,"heading_deg":2.9,"length_m":4.89,"width_m":3.51,"corner":"NE","intersection_id":"TPS_00051","intersection_dist_m":24.3,"serves_from_bearing":2.9,"serves_to_bearing":272.9,"serves_quality":"good","lat":25.0523398,"lon":121.5227737,"confidence":"confirmed","source":"dieturn/yolo26s-obb_ep144@taipei_udd_ortho_2025","source_updated_at":"2026-09-05"},"geometry":{"type":"Polygon","coordinates":[[[121.5227899,25.0523169],[121.5227923,25.0523611],[121.5227575,25.0523626],[121.5227551,25.0523184],[121.5227899,25.0523169]]]}},{"type":"Feature","id":"dt_wsqqtb81p","properties":{"id":"dt_wsqqtb81p","status":"auto","conf":0.9384,"n_detections":1,"heading_deg":89.1,"length_m":3.92,"width_m":2.43,"corner":"SE","intersection_id":"TPS_00626","intersection_dist_m":14.2,"serves_from_bearing":89.1,"serves_to_bearing":359.1,"serves_quality":"ambiguous","lat":25.0517576,"lon":121.5420797,"confidence":"confirmed","source":"dieturn/yolo26s-obb_ep144@taipei_udd_ortho_2025","source_updated_at":"2026-09-05"},"geometry":{"type":"Polygon","coordinates":[[[121.5420993,25.0517469],[121.5420989,25.0517689],[121.5420601,25.0517684],[121.5420605,25.0517463],[121.5420993,25.0517469]]]}},{"type":"Feature","id":"dt_wsqqmeubc","properties":{"id":"dt_wsqqmeubc","status":"auto","conf":0.9383,"n_detections":1,"heading_deg":4.7,"length_m":8.22,"width_m":2.71,"corner":"SW","intersection_id":"TPS_00613","intersection_dist_m":13.9,"serves_from_bearing":184.7,"serves_to_bearing":94.7,"serves_quality":"good","lat":25.0256127,"lon":121.537353,"confidence":"confirmed","source":"dieturn/yolo26s-obb_ep144@taipei_udd_ortho_2025","source_updated_at":"2026-09-05"},"geometry":{"type":"Polygon","coordinates":[[[121.5373631,25.0255747],[121.5373698,25.0256488],[121.537343,25.0256508],[121.5373363,25.0255767],[121.5373631,25.0255747]]]}},{"type":"Feature","id":"dt_wsqqkvubj","properties":{"id":"dt_wsqqkvubj","status":"auto","conf":0.9383,"n_detections":1,"heading_deg":34.9,"length_m":7.44,"width_m":2.56,"corner":"NW","intersection_id":"TPS_01151","intersection_dist_m":6.4,"serves_from_bearing":304.9,"serves_to_bearing":214.9,"serves_quality":"good","lat":25.036473,"lon":121.5045446,"confidence":"confirmed","source":"dieturn/yolo26s-obb_ep144@taipei_udd_ortho_2025","source_updated_at":"2026-09-05"},"geometry":{"type":"Polygon","coordinates":[[[121.5045339,25.0364388],[121.5045761,25.036494],[121.5045552,25.0365072],[121.504513,25.0364519],[121.5045339,25.0364388]]]}},{"type":"Feature","id":"dt_wsqqtcsgq","properties":{"id":"dt_wsqqtcsgq","status":"auto","conf":0.9382,"n_detections":1,"heading_deg":4.2,"length_m":6.05,"width_m":3.91,"corner":"NE","intersection_id":"TPS_02319","intersection_dist_m":20.5,"serves_from_bearing":4.2,"serves_to_bearing":274.2,"serves_quality":"good","lat":25.0576371,"lon":121.5485531,"confidence":"confirmed","source":"dieturn/yolo26s-obb_ep144@taipei_udd_ortho_2025","source_updated_at":"2026-09-05"},"geometry":{"type":"Polygon","coordinates":[[[121.5485702,25.0576085],[121.5485747,25.0576631],[121.548536,25.0576657],[121.5485316,25.0576111],[121.5485702,25.0576085]]]}},{"type":"Feature","id":"dt_wsqqm5gsk","properties":{"id":"dt_wsqqm5gsk","status":"auto","conf":0.9375,"n_detections":1,"heading_deg":32.6,"length_m":2.87,"width_m":1.78,"corner":"NW","intersection_id":"TPS_01303","intersection_dist_m":12.4,"serves_from_bearing":212.6,"serves_to_bearing":122.6,"serves_quality":"good","lat":25.0262518,"lon":121.5138016,"confidence":"confirmed","source":"dieturn/yolo26s-obb_ep144@taipei_udd_ortho_2025","source_updated_at":"2026-09-05"},"geometry":{"type":"Polygon","coordinates":[[[121.5138014,25.0262366],[121.5138167,25.0262585],[121.5138018,25.0262671],[121.5137864,25.0262452],[121.5138014,25.0262366]]]}},{"type":"Feature","id":"dt_wsqqx905b","properties":{"id":"dt_wsqqx905b","status":"auto","conf":0.9374,"n_detections":1,"heading_deg":106.9,"length_m":4.45,"width_m":2.96,"corner":"NW","intersection_id":"TPS_00166","intersection_dist_m":16.8,"serves_from_bearing":286.9,"serves_to_bearing":196.9,"serves_quality":"good","lat":25.0549939,"lon":121.6186933,"confidence":"confirmed","source":"dieturn/yolo26s-obb_ep144@taipei_udd_ortho_2025","source_updated_at":"2026-09-05"},"geometry":{"type":"Polygon","coordinates":[[[121.6187101,25.0549753],[121.6187187,25.0550009],[121.6186766,25.0550126],[121.6186679,25.054987],[121.6187101,25.0549753]]]}},{"type":"Feature","id":"dt_wsqqmeg40","properties":{"id":"dt_wsqqmeg40","status":"auto","conf":0.9373,"n_detections":1,"heading_deg":93.1,"length_m":6.81,"width_m":3.88,"corner":"SE","intersection_id":"TPS_00134","intersection_dist_m":20.9,"serves_from_bearing":93.1,"serves_to_bearing":3.1,"serves_quality":"good","lat":25.0258611,"lon":121.5349159,"confidence":"confirmed","source":"dieturn/yolo26s-obb_ep144@taipei_udd_ortho_2025","source_updated_at":"2026-09-05"},"geometry":{"type":"Polygon","coordinates":[[[121.5349485,25.025842],[121.5349507,25.025877],[121.5348833,25.0258803],[121.5348811,25.0258454],[121.5349485,25.025842]]]}},{"type":"Feature","id":"dt_wsqqkvyvd","properties":{"id":"dt_wsqqkvyvd","status":"auto","conf":0.9372,"n_detections":1,"heading_deg":22.2,"length_m":6.09,"width_m":2.21,"corner":"NE","intersection_id":"TPS_00110","intersection_dist_m":32.0,"serves_from_bearing":22.2,"serves_to_bearing":292.2,"serves_quality":"good","lat":25.0374249,"lon":121.5071683,"confidence":"confirmed","source":"dieturn/yolo26s-obb_ep144@taipei_udd_ortho_2025","source_updated_at":"2026-09-05"},"geometry":{"type":"Polygon","coordinates":[[[121.5071671,25.0373957],[121.5071899,25.0374467],[121.5071695,25.0374541],[121.5071467,25.0374032],[121.5071671,25.0373957]]]}},{"type":"Feature","id":"dt_wsqqx7ekf","properties":{"id":"dt_wsqqx7ekf","status":"auto","conf":0.9372,"n_detections":1,"heading_deg":0.1,"length_m":5.45,"width_m":2.94,"corner":"NE","intersection_id":"TPS_00187","intersection_dist_m":15.4,"serves_from_bearing":0.1,"serves_to_bearing":270.1,"serves_quality":"good","lat":25.0688796,"lon":121.6122259,"confidence":"confirmed","source":"dieturn/yolo26s-obb_ep144@taipei_udd_ortho_2025","source_updated_at":"2026-09-05"},"geometry":{"type":"Polygon","coordinates":[[[121.6122404,25.0688549],[121.6122405,25.0689042],[121.6122114,25.0689042],[121.6122112,25.068855],[121.6122404,25.0688549]]]}},{"type":"Feature","id":"dt_wsqqmv1jx","properties":{"id":"dt_wsqqmv1jx","status":"auto","conf":0.9371,"n_detections":1,"heading_deg":3.8,"length_m":8.54,"width_m":3.22,"corner":"SW","intersection_id":"TPS_00039","intersection_dist_m":20.1,"serves_from_bearing":183.8,"serves_to_bearing":93.8,"serves_quality":"good","lat":25.0333012,"lon":121.5434284,"confidence":"confirmed","source":"dieturn/yolo26s-obb_ep144@taipei_udd_ortho_2025","source_updated_at":"2026-09-05"},"geometry":{"type":"Polygon","coordinates":[[[121.5434415,25.0332617],[121.5434472,25.0333388],[121.5434153,25.0333407],[121.5434097,25.0332637],[121.5434415,25.0332617]]]}},{"type":"Feature","id":"dt_wsqqv6597","properties":{"id":"dt_wsqqv6597","status":"auto","conf":0.9371,"n_detections":1,"heading_deg":178.7,"length_m":4.53,"width_m":2.28,"corner":"SW","intersection_id":"TPS_00272","intersection_dist_m":15.8,"serves_from_bearing":178.7,"serves_to_bearing":88.7,"serves_quality":"good","lat":25.1040098,"lon":121.5247128,"confidence":"confirmed","source":"dieturn/yolo26s-obb_ep144@taipei_udd_ortho_2025","source_updated_at":"2026-09-05"},"geometry":{"type":"Polygon","coordinates":[[[121.5247245,25.1039896],[121.5247235,25.1040305],[121.5247009,25.1040301],[121.524702,25.1039891],[121.5247245,25.1039896]]]}},{"type":"Feature","id":"dt_wsqqkvm01","properties":{"id":"dt_wsqqkvm01","status":"auto","conf":0.937,"n_detections":1,"heading_deg":135.8,"length_m":8.14,"width_m":3.23,"corner":"SE","intersection_id":"TPS_00070","intersection_dist_m":22.9,"serves_from_bearing":135.8,"serves_to_bearing":45.8,"serves_quality":"good","lat":25.0337321,"lon":121.5047489,"confidence":"confirmed","source":"dieturn/yolo26s-obb_ep144@taipei_udd_ortho_2025","source_updated_at":"2026-09-05"},"geometry":{"type":"Polygon","coordinates":[[[121.5047886,25.0337158],[121.5047324,25.0337686],[121.5047092,25.0337484],[121.5047655,25.0336955],[121.5047886,25.0337158]]]}},{"type":"Feature","id":"dt_wsqqmxcw2","properties":{"id":"dt_wsqqmxcw2","status":"auto","conf":0.937,"n_detections":1,"heading_deg":87.0,"length_m":6.42,"width_m":2.72,"corner":"NW","intersection_id":"TPS_00700","intersection_dist_m":15.0,"serves_from_bearing":267.0,"serves_to_bearing":177.0,"serves_quality":"good","lat":25.048541,"lon":121.5328495,"confidence":"confirmed","source":"dieturn/yolo26s-obb_ep144@taipei_udd_ortho_2025","source_updated_at":"2026-09-05"},"geometry":{"type":"Polygon","coordinates":[[[121.5328821,25.0485302],[121.5328806,25.0485548],[121.532817,25.0485517],[121.5328184,25.0485272],[121.5328821,25.0485302]]]}},{"type":"Feature","id":"dt_wsqqtf3tw","properties":{"id":"dt_wsqqtf3tw","status":"auto","conf":0.937,"n_detections":1,"heading_deg":9.4,"length_m":5.3,"width_m":2.69,"corner":"NE","intersection_id":"TPS_01173","intersection_dist_m":11.9,"serves_from_bearing":9.4,"serves_to_bearing":279.4,"serves_quality":"good","lat":25.0621544,"lon":121.5440659,"confidence":"confirmed","source":"dieturn/yolo26s-obb_ep144@taipei_udd_ortho_2025","source_updated_at":"2026-09-05"},"geometry":{"type":"Polygon","coordinates":[[[121.5440748,25.0621288],[121.5440834,25.062176],[121.5440571,25.06218],[121.5440485,25.0621327],[121.5440748,25.0621288]]]}},{"type":"Feature","id":"dt_wsqqjuzub","properties":{"id":"dt_wsqqjuzub","status":"auto","conf":0.9369,"n_detections":1,"heading_deg":175.4,"length_m":6.52,"width_m":2.72,"corner":"NE","intersection_id":"TPS_00544","intersection_dist_m":11.9,"serves_from_bearing":355.4,"serves_to_bearing":265.4,"serves_quality":"good","lat":24.9878685,"lon":121.5524302,"confidence":"confirmed","source":"dieturn/yolo26s-obb_ep144@taipei_udd_ortho_2025","source_updated_at":"2026-09-05"},"geometry":{"type":"Polygon","coordinates":[[[121.5524463,24.9878401],[121.5524411,24.9878988],[121.5524142,24.9878969],[121.5524193,24.9878381],[121.5524463,24.9878401]]]}},{"type":"Feature","id":"dt_wsqqqmpvf","properties":{"id":"dt_wsqqqmpvf","status":"auto","conf":0.9368,"n_detections":1,"heading_deg":62.3,"length_m":3.31,"width_m":2.66,"corner":"SW","intersection_id":"TPS_00312","intersection_dist_m":26.4,"serves_from_bearing":152.3,"serves_to_bearing":62.3,"serves_quality":"good","lat":25.033374,"lon":121.5744635,"confidence":"confirmed","source":"dieturn/yolo26s-obb_ep144@taipei_udd_ortho_2025","source_updated_at":"2026-09-05"},"geometry":{"type":"Polygon","coordinates":[[[121.5744842,25.0333703],[121.5744718,25.0333916],[121.5744428,25.0333777],[121.5744552,25.0333564],[121.5744842,25.0333703]]]}},{"type":"Feature","id":"dt_wsqqmxkrr","properties":{"id":"dt_wsqqmxkrr","status":"auto","conf":0.9367,"n_detections":2,"heading_deg":84.3,"length_m":4.36,"width_m":2.5,"corner":"NE","intersection_id":"TPS_02533","intersection_dist_m":16.0,"serves_from_bearing":354.3,"serves_to_bearing":264.3,"serves_quality":"good","lat":25.0459937,"lon":121.5369341,"confidence":"confirmed","source":"dieturn/yolo26s-obb_ep144@taipei_udd_ortho_2025","source_updated_at":"2026-09-05"},"geometry":{"type":"Polygon","coordinates":[[[121.5369569,25.0459844],[121.5369544,25.0460069],[121.5369114,25.046003],[121.5369138,25.0459805],[121.5369569,25.0459844]]]}},{"type":"Feature","id":"dt_wsqqmthzw","properties":{"id":"dt_wsqqmthzw","status":"auto","conf":0.9365,"n_detections":1,"heading_deg":88.5,"length_m":7.91,"width_m":2.63,"corner":"NW","intersection_id":"TPS_00296","intersection_dist_m":16.5,"serves_from_bearing":268.5,"serves_to_bearing":178.5,"serves_quality":"good","lat":25.0336504,"lon":121.5375457,"confidence":"confirmed","source":"dieturn/yolo26s-obb_ep144@taipei_udd_ortho_2025","source_updated_at":"2026-09-05"},"geometry":{"type":"Polygon","coordinates":[[[121.5375853,25.0336394],[121.5375846,25.0336632],[121.5375061,25.0336613],[121.5375069,25.0336375],[121.5375853,25.0336394]]]}},{"type":"Feature","id":"dt_wsqqtyntr","properties":{"id":"dt_wsqqtyntr","status":"auto","conf":0.9364,"n_detections":1,"heading_deg":178.6,"length_m":4.14,"width_m":2.84,"corner":"SW","intersection_id":"TPS_00539","intersection_dist_m":16.2,"serves_from_bearing":178.6,"serves_to_bearing":88.6,"serves_quality":"ambiguous","lat":25.082697,"lon":121.5509897,"confidence":"confirmed","source":"dieturn/yolo26s-obb_ep144@taipei_udd_ortho_2025","source_updated_at":"2026-09-05"},"geometry":{"type":"Polygon","coordinates":[[[121.5510043,25.0826786],[121.5510033,25.0827161],[121.5509751,25.0827155],[121.5509761,25.082678],[121.5510043,25.0826786]]]}},{"type":"Feature","id":"dt_wsqqmjnew","properties":{"id":"dt_wsqqmjnew","status":"auto","conf":0.9364,"n_detections":1,"heading_deg":57.1,"length_m":7.79,"width_m":2.96,"corner":"NW","intersection_id":"TPS_00552","intersection_dist_m":15.8,"serves_from_bearing":237.1,"serves_to_bearing":147.1,"serves_quality":"good","lat":25.0329749,"lon":121.5179748,"confidence":"confirmed","source":"dieturn/yolo26s-obb_ep144@taipei_udd_ortho_2025","source_updated_at":"2026-09-05"},"geometry":{"type":"Polygon","coordinates":[[[121.5180153,25.0329829],[121.5179992,25.0330052],[121.5179343,25.032967],[121.5179504,25.0329446],[121.5180153,25.0329829]]]}},{"type":"Feature","id":"dt_wsqqx7ft6","properties":{"id":"dt_wsqqx7ft6","status":"auto","conf":0.9364,"n_detections":1,"heading_deg":125.1,"length_m":3.32,"width_m":2.14,"corner":"SW","intersection_id":"TPS_01008","intersection_dist_m":8.7,"serves_from_bearing":215.1,"serves_to_bearing":125.1,"serves_quality":"ambiguous","lat":25.0703507,"lon":121.6112036,"confidence":"confirmed","source":"dieturn/yolo26s-obb_ep144@taipei_udd_ortho_2025","source_updated_at":"2026-09-05"},"geometry":{"type":"Polygon","coordinates":[[[121.6112109,25.0703342],[121.6112232,25.07035],[121.6111963,25.0703672],[121.6111839,25.0703516],[121.6112109,25.0703342]]]}},{"type":"Feature","id":"dt_wsqqtu3c9","properties":{"id":"dt_wsqqtu3c9","status":"auto","conf":0.9364,"n_detections":3,"heading_deg":87.7,"length_m":6.31,"width_m":2.53,"corner":"SW","intersection_id":"TPS_02480","intersection_dist_m":9.2,"serves_from_bearing":177.7,"serves_to_bearing":87.7,"serves_quality":"ambiguous","lat":25.0724547,"lon":121.5442269,"confidence":"confirmed","source":"dieturn/yolo26s-obb_ep144@taipei_udd_ortho_2025","source_updated_at":"2026-09-05"},"geometry":{"type":"Polygon","coordinates":[[[121.5442586,25.0724444],[121.5442576,25.0724673],[121.5441951,25.072465],[121.5441961,25.0724422],[121.5442586,25.0724444]]]}},{"type":"Feature","id":"dt_wsqqmxhp9","properties":{"id":"dt_wsqqmxhp9","status":"auto","conf":0.9363,"n_detections":1,"heading_deg":1.8,"length_m":4.49,"width_m":2.5,"corner":"SW","intersection_id":"TPS_00601","intersection_dist_m":12.9,"serves_from_bearing":181.8,"serves_to_bearing":91.8,"serves_quality":"good","lat":25.0446625,"lon":121.536312,"confidence":"confirmed","source":"dieturn/yolo26s-obb_ep144@taipei_udd_ortho_2025","source_updated_at":"2026-09-05"},"geometry":{"type":"Polygon","coordinates":[[[121.5363237,25.0446419],[121.5363251,25.0446825],[121.5363003,25.0446832],[121.5362988,25.0446426],[121.5363237,25.0446419]]]}},{"type":"Feature","id":"dt_wsqqtb992","properties":{"id":"dt_wsqqtb992","status":"auto","conf":0.9362,"n_detections":3,"heading_deg":3.8,"length_m":7.87,"width_m":2.89,"corner":"SE","intersection_id":"TPS_00445","intersection_dist_m":14.3,"serves_from_bearing":93.8,"serves_to_bearing":3.8,"serves_quality":"good","lat":25.0517895,"lon":121.5438353,"confidence":"confirmed","source":"dieturn/yolo26s-obb_ep144@taipei_udd_ortho_2025","source_updated_at":"2026-09-05"},"geometry":{"type":"Polygon","coordinates":[[[121.5438469,25.0517531],[121.5438522,25.0518241],[121.5438236,25.0518259],[121.5438184,25.0517549],[121.5438469,25.0517531]]]}},{"type":"Feature","id":"dt_wsqqtb9bb","properties":{"id":"dt_wsqqtb9bb","status":"auto","conf":0.9362,"n_detections":2,"heading_deg":89.6,"length_m":8.64,"width_m":3.19,"corner":"NE","intersection_id":"TPS_02444","intersection_dist_m":15.7,"serves_from_bearing":359.6,"serves_to_bearing":269.6,"serves_quality":"good","lat":25.0517088,"lon":121.5441702,"confidence":"confirmed","source":"dieturn/yolo26s-obb_ep144@taipei_udd_ortho_2025","source_updated_at":"2026-09-05"},"geometry":{"type":"Polygon","coordinates":[[[121.5442132,25.0516946],[121.544213,25.0517235],[121.5441273,25.051723],[121.5441274,25.0516942],[121.5442132,25.0516946]]]}},{"type":"Feature","id":"dt_wsqqmmm7j","properties":{"id":"dt_wsqqmmm7j","status":"auto","conf":0.9361,"n_detections":1,"heading_deg":92.9,"length_m":4.73,"width_m":2.32,"corner":"NW","intersection_id":"TPS_00048","intersection_dist_m":17.9,"serves_from_bearing":272.9,"serves_to_bearing":182.9,"serves_quality":"good","lat":25.0342384,"lon":121.5272225,"confidence":"confirmed","source":"dieturn/yolo26s-obb_ep144@taipei_udd_ortho_2025","source_updated_at":"2026-09-05"},"geometry":{"type":"Polygon","coordinates":[[[121.5272453,25.0342268],[121.5272465,25.0342477],[121.5271997,25.0342499],[121.5271985,25.034229],[121.5272453,25.0342268]]]}},{"type":"Feature","id":"dt_wsqquxx59","properties":{"id":"dt_wsqquxx59","status":"auto","conf":0.9361,"n_detections":1,"heading_deg":23.0,"length_m":4.03,"width_m":2.7,"corner":"SE","intersection_id":"TPS_00174","intersection_dist_m":17.8,"serves_from_bearing":23.0,"serves_to_bearing":293.0,"serves_quality":"good","lat":25.1345777,"lon":121.4965055,"confidence":"confirmed","source":"dieturn/yolo26s-obb_ep144@taipei_udd_ortho_2025","source_updated_at":"2026-09-05"},"geometry":{"type":"Polygon","coordinates":[[[121.49651,25.1345563],[121.4965256,25.1345898],[121.4965009,25.1345992],[121.4964853,25.1345657],[121.49651,25.1345563]]]}},{"type":"Feature","id":"dt_wsqqwmyfu","properties":{"id":"dt_wsqqwmyfu","status":"auto","conf":0.936,"n_detections":1,"heading_deg":106.8,"length_m":3.5,"width_m":1.88,"corner":"SW","intersection_id":"TPS_02040","intersection_dist_m":2.5,"serves_from_bearing":196.8,"serves_to_bearing":106.8,"serves_quality":"ambiguous","lat":25.0809089,"lon":121.573166,"confidence":"confirmed","source":"dieturn/yolo26s-obb_ep144@taipei_udd_ortho_2025","source_updated_at":"2026-09-05"},"geometry":{"type":"Polygon","coordinates":[[[121.5731799,25.0808962],[121.5731854,25.0809125],[121.5731522,25.0809217],[121.5731467,25.0809054],[121.5731799,25.0808962]]]}},{"type":"Feature","id":"dt_wsqqt9stq","properties":{"id":"dt_wsqqt9stq","status":"auto","conf":0.9358,"n_detections":1,"heading_deg":3.7,"length_m":8.53,"width_m":2.78,"corner":"NE","intersection_id":"TPS_00628","intersection_dist_m":14.1,"serves_from_bearing":3.7,"serves_to_bearing":273.7,"serves_quality":"good","lat":25.0579965,"lon":121.5372417,"confidence":"confirmed","source":"dieturn/yolo26s-obb_ep144@taipei_udd_ortho_2025","source_updated_at":"2026-09-05"},"geometry":{"type":"Polygon","coordinates":[[[121.5372527,25.0579572],[121.5372582,25.0580342],[121.5372307,25.0580357],[121.5372252,25.0579588],[121.5372527,25.0579572]]]}},{"type":"Feature","id":"dt_wsqqnp2h8","properties":{"id":"dt_wsqqnp2h8","status":"auto","conf":0.9357,"n_detections":1,"heading_deg":21.7,"length_m":3.39,"width_m":2.33,"corner":"NE","intersection_id":"TPS_00232","intersection_dist_m":15.6,"serves_from_bearing":21.7,"serves_to_bearing":291.7,"serves_quality":"good","lat":25.0015645,"lon":121.5527455,"confidence":"confirmed","source":"dieturn/yolo26s-obb_ep144@taipei_udd_ortho_2025","source_updated_at":"2026-09-05"},"geometry":{"type":"Polygon","coordinates":[[[121.5527501,25.0015464],[121.5527625,25.0015749],[121.5527409,25.0015826],[121.5527285,25.0015541],[121.5527501,25.0015464]]]}},{"type":"Feature","id":"dt_wsqqwn6xs","properties":{"id":"dt_wsqqwn6xs","status":"auto","conf":0.9357,"n_detections":1,"heading_deg":105.5,"length_m":5.14,"width_m":2.62,"corner":"SE","intersection_id":"TPS_00867","intersection_dist_m":21.8,"serves_from_bearing":105.5,"serves_to_bearing":15.5,"serves_quality":"good","lat":25.0844705,"lon":121.556376,"confidence":"confirmed","source":"dieturn/yolo26s-obb_ep144@taipei_udd_ortho_2025","source_updated_at":"2026-09-05"},"geometry":{"type":"Polygon","coordinates":[[[121.556397,25.0844529],[121.5564041,25.0844756],[121.556355,25.0844881],[121.556348,25.0844653],[121.556397,25.0844529]]]}},{"type":"Feature","id":"dt_wsqqtb1xc","properties":{"id":"dt_wsqqtb1xc","status":"auto","conf":0.9356,"n_detections":1,"heading_deg":177.2,"length_m":2.62,"width_m":2.13,"corner":"NW","intersection_id":"TPS_00307","intersection_dist_m":14.1,"serves_from_bearing":267.2,"serves_to_bearing":177.2,"serves_quality":"good","lat":25.0501976,"lon":121.5438758,"confidence":"confirmed","source":"dieturn/yolo26s-obb_ep144@taipei_udd_ortho_2025","source_updated_at":"2026-09-05"},"geometry":{"type":"Polygon","coordinates":[[[121.543887,25.0501862],[121.5438857,25.0502098],[121.5438646,25.0502089],[121.5438659,25.0501852],[121.543887,25.0501862]]]}},{"type":"Feature","id":"dt_wsqqv4q6p","properties":{"id":"dt_wsqqv4q6p","status":"auto","conf":0.9356,"n_detections":1,"heading_deg":125.7,"length_m":2.75,"width_m":2.36,"corner":"NE","intersection_id":"TPS_01086","intersection_dist_m":15.6,"serves_from_bearing":35.7,"serves_to_bearing":305.7,"serves_quality":"ambiguous","lat":25.1055096,"lon":121.5176929,"confidence":"confirmed","source":"dieturn/yolo26s-obb_ep144@taipei_udd_ortho_2025","source_updated_at":"2026-09-05"},"geometry":{"type":"Polygon","coordinates":[[[121.517697,25.1054937],[121.5177108,25.105511],[121.5176887,25.1055255],[121.517675,25.1055082],[121.517697,25.1054937]]]}},{"type":"Feature","id":"dt_wsqqqjgtf","properties":{"id":"dt_wsqqqjgtf","status":"auto","conf":0.9355,"n_detections":1,"heading_deg":87.3,"length_m":5.36,"width_m":3.62,"corner":"SE","intersection_id":"TPS_00023","intersection_dist_m":23.6,"serves_from_bearing":87.3,"serves_to_bearing":357.3,"serves_quality":"good","lat":25.0374837,"lon":121.557645,"confidence":"confirmed","source":"dieturn/yolo26s-obb_ep144@taipei_udd_ortho_2025","source_updated_at":"2026-09-05"},"geometry":{"type":"Polygon","coordinates":[[[121.5576724,25.0374685],[121.5576707,25.0375012],[121.5576176,25.037499],[121.5576192,25.0374663],[121.5576724,25.0374685]]]}},{"type":"Feature","id":"dt_wsqqmrg4y","properties":{"id":"dt_wsqqmrg4y","status":"auto","conf":0.9354,"n_detections":1,"heading_deg":99.7,"length_m":6.98,"width_m":2.46,"corner":"NW","intersection_id":"TPS_00728","intersection_dist_m":16.9,"serves_from_bearing":279.7,"serves_to_bearing":189.7,"serves_quality":"ambiguous","lat":25.0479682,"lon":121.524178,"confidence":"confirmed","source":"dieturn/yolo26s-obb_ep144@taipei_udd_ortho_2025","source_updated_at":"2026-09-05"},"geometry":{"type":"Polygon","coordinates":[[[121.52421,25.0479519],[121.5242141,25.0479738],[121.5241459,25.0479844],[121.5241418,25.0479626],[121.52421,25.0479519]]]}},{"type":"Feature","id":"dt_wsqqkvyez","properties":{"id":"dt_wsqqkvyez","status":"auto","conf":0.9353,"n_detections":1,"heading_deg":21.4,"length_m":3.57,"width_m":1.82,"corner":"SE","intersection_id":"TPS_00110","intersection_dist_m":26.8,"serves_from_bearing":111.4,"serves_to_bearing":21.4,"serves_quality":"good","lat":25.0371144,"lon":121.5070399,"confidence":"confirmed","source":"dieturn/yolo26s-obb_ep144@taipei_udd_ortho_2025","source_updated_at":"2026-09-05"},"geometry":{"type":"Polygon","coordinates":[[[121.5070419,25.0370964],[121.5070548,25.0371265],[121.507038,25.0371324],[121.507025,25.0371024],[121.5070419,25.0370964]]]}},{"type":"Feature","id":"dt_wsqqxhqwy","properties":{"id":"dt_wsqqxhqwy","status":"auto","conf":0.9353,"n_detections":2,"heading_deg":25.0,"length_m":4.82,"width_m":2.3,"corner":"NE","intersection_id":"TPS_00109","intersection_dist_m":16.7,"serves_from_bearing":25.0,"serves_to_bearing":295.0,"serves_quality":"good","lat":25.0733522,"lon":121.6058982,"confidence":"confirmed","source":"dieturn/yolo26s-obb_ep144@taipei_udd_ortho_2025","source_updated_at":"2026-09-05"},"geometry":{"type":"Polygon","coordinates":[[[121.6058985,25.0733281],[121.6059187,25.0733676],[121.605898,25.0733764],[121.6058778,25.0733368],[121.6058985,25.0733281]]]}},{"type":"Feature","id":"dt_wsqqv4u0f","properties":{"id":"dt_wsqqv4u0f","status":"auto","conf":0.9353,"n_detections":1,"heading_deg":37.7,"length_m":2.61,"width_m":2.2,"corner":"NE","intersection_id":"TPS_01120","intersection_dist_m":16.1,"serves_from_bearing":37.7,"serves_to_bearing":307.7,"serves_quality":"ambiguous","lat":25.1080288,"lon":121.5144093,"confidence":"confirmed","source":"dieturn/yolo26s-obb_ep144@taipei_udd_ortho_2025","source_updated_at":"2026-09-05"},"geometry":{"type":"Polygon","coordinates":[[[121.51441,25.1080134],[121.5144259,25.1080321],[121.5144085,25.1080441],[121.5143927,25.1080254],[121.51441,25.1080134]]]}},{"type":"Feature","id":"dt_wsqqwbr6e","properties":{"id":"dt_wsqqwbr6e","status":"auto","conf":0.9352,"n_detections":1,"heading_deg":69.0,"length_m":7.47,"width_m":2.77,"corner":"SE","intersection_id":"TPS_00163","intersection_dist_m":15.2,"serves_from_bearing":69.0,"serves_to_bearing":339.0,"serves_quality":"good","lat":25.0506704,"lon":121.5957824,"confidence":"confirmed","source":"dieturn/yolo26s-obb_ep144@taipei_udd_ortho_2025","source_updated_at":"2026-09-05"},"geometry":{"type":"Polygon","coordinates":[[[121.5958219,25.0506709],[121.595812,25.0506942],[121.5957428,25.05067],[121.5957527,25.0506467],[121.5958219,25.0506709]]]}},{"type":"Feature","id":"dt_wsqqqn97f","properties":{"id":"dt_wsqqqn97f","status":"auto","conf":0.9351,"n_detections":1,"heading_deg":87.2,"length_m":4.48,"width_m":2.57,"corner":"SE","intersection_id":"TPS_00582","intersection_dist_m":17.6,"serves_from_bearing":87.2,"serves_to_bearing":357.2,"serves_quality":"good","lat":25.0412652,"lon":121.5545596,"confidence":"confirmed","source":"dieturn/yolo26s-obb_ep144@taipei_udd_ortho_2025","source_updated_at":"2026-09-05"},"geometry":{"type":"Polygon","coordinates":[[[121.5545824,25.0412546],[121.5545811,25.0412778],[121.5545368,25.0412758],[121.554538,25.0412526],[121.5545824,25.0412546]]]}},{"type":"Feature","id":"dt_wsqqmr438","properties":{"id":"dt_wsqqmr438","status":"auto","conf":0.935,"n_detections":1,"heading_deg":14.7,"length_m":4.67,"width_m":2.25,"corner":"NW","intersection_id":"TPS_02016","intersection_dist_m":10.1,"serves_from_bearing":194.7,"serves_to_bearing":104.7,"serves_quality":"good","lat":25.0436284,"lon":121.5228995,"confidence":"confirmed","source":"dieturn/yolo26s-obb_ep144@taipei_udd_ortho_2025","source_updated_at":"2026-09-05"},"geometry":{"type":"Polygon","coordinates":[[[121.5229045,25.0436054],[121.5229162,25.0436463],[121.5228946,25.0436514],[121.5228829,25.0436106],[121.5229045,25.0436054]]]}},{"type":"Feature","id":"dt_wsqqqrckn","properties":{"id":"dt_wsqqqrckn","status":"auto","conf":0.935,"n_detections":2,"heading_deg":157.2,"length_m":5.61,"width_m":2.36,"corner":"NE","intersection_id":"TPS_02460","intersection_dist_m":11.2,"serves_from_bearing":67.2,"serves_to_bearing":337.2,"serves_quality":"good","lat":25.0481637,"lon":121.5657351,"confidence":"confirmed","source":"dieturn/yolo26s-obb_ep144@taipei_udd_ortho_2025","source_updated_at":"2026-09-05"},"geometry":{"type":"Polygon","coordinates":[[[121.5657567,25.0481444],[121.5657351,25.0481912],[121.5657135,25.048183],[121.565735,25.0481363],[121.5657567,25.0481444]]]}},{"type":"Feature","id":"dt_wsqqqxjk0","properties":{"id":"dt_wsqqqxjk0","status":"auto","conf":0.9349,"n_detections":1,"heading_deg":119.2,"length_m":5.54,"width_m":2.73,"corner":"SW","intersection_id":"TPS_00802","intersection_dist_m":17.2,"serves_from_bearing":119.2,"serves_to_bearing":29.2,"serves_quality":"good","lat":25.0440575,"lon":121.5819248,"confidence":"confirmed","source":"dieturn/yolo26s-obb_ep144@taipei_udd_ortho_2025","source_updated_at":"2026-09-05"},"geometry":{"type":"Polygon","coordinates":[[[121.5819421,25.0440345],[121.5819555,25.044056],[121.5819076,25.0440805],[121.5818942,25.044059],[121.5819421,25.0440345]]]}},{"type":"Feature","id":"dt_wsqqw8ns9","properties":{"id":"dt_wsqqw8ns9","status":"auto","conf":0.9349,"n_detections":1,"heading_deg":143.7,"length_m":4.28,"width_m":2.47,"corner":"SW","intersection_id":"TPS_00986","intersection_dist_m":12.1,"serves_from_bearing":233.7,"serves_to_bearing":143.7,"serves_quality":"good","lat":25.0496024,"lon":121.5837051,"confidence":"confirmed","source":"dieturn/yolo26s-obb_ep144@taipei_udd_ortho_2025","source_updated_at":"2026-09-05"},"geometry":{"type":"Polygon","coordinates":[[[121.5837276,25.0495933],[121.5837024,25.0496245],[121.5836826,25.0496115],[121.5837077,25.0495802],[121.5837276,25.0495933]]]}},{"type":"Feature","id":"dt_wsqqmuc0w","properties":{"id":"dt_wsqqmuc0w","status":"auto","conf":0.9348,"n_detections":1,"heading_deg":177.1,"length_m":3.21,"width_m":2.17,"corner":"SW","intersection_id":"TPS_00590","intersection_dist_m":15.1,"serves_from_bearing":177.1,"serves_to_bearing":87.1,"serves_quality":"ambiguous","lat":25.0310738,"lon":121.5434121,"confidence":"confirmed","source":"dieturn/yolo26s-obb_ep144@taipei_udd_ortho_2025","source_updated_at":"2026-09-05"},"geometry":{"type":"Polygon","coordinates":[[[121.5434237,25.0310598],[121.5434221,25.0310888],[121.5434006,25.0310879],[121.5434022,25.0310588],[121.5434237,25.0310598]]]}},{"type":"Feature","id":"dt_wsqqmefuk","properties":{"id":"dt_wsqqmefuk","status":"auto","conf":0.9347,"n_detections":1,"heading_deg":92.5,"length_m":6.69,"width_m":3.75,"corner":"NW","intersection_id":"TPS_00134","intersection_dist_m":25.5,"serves_from_bearing":272.5,"serves_to_bearing":182.5,"serves_quality":"good","lat":25.0262462,"lon":121.5347457,"confidence":"confirmed","source":"dieturn/yolo26s-obb_ep144@taipei_udd_ortho_2025","source_updated_at":"2026-09-05"},"geometry":{"type":"Polygon","coordinates":[[[121.534778,25.0262279],[121.5347796,25.0262618],[121.5347134,25.0262644],[121.5347117,25.0262305],[121.534778,25.0262279]]]}},{"type":"Feature","id":"dt_wsqqmf080","properties":{"id":"dt_wsqqmf080","status":"auto","conf":0.9347,"n_detections":1,"heading_deg":51.2,"length_m":2.82,"width_m":2.2,"corner":"NW","intersection_id":"TPS_00676","intersection_dist_m":17.8,"serves_from_bearing":321.2,"serves_to_bearing":231.2,"serves_quality":"ambiguous","lat":25.0158897,"lon":121.5424595,"confidence":"confirmed","source":"dieturn/yolo26s-obb_ep144@taipei_udd_ortho_2025","source_updated_at":"2026-09-05"},"geometry":{"type":"Polygon","coordinates":[[[121.5424773,25.01589],[121.5424635,25.0159054],[121.5424417,25.0158894],[121.5424555,25.015874],[121.5424773,25.01589]]]}},{"type":"Feature","id":"dt_wsqqt3je0","properties":{"id":"dt_wsqqt3je0","status":"auto","conf":0.9347,"n_detections":1,"heading_deg":179.8,"length_m":5.01,"width_m":2.25,"corner":"SW","intersection_id":"TPS_00699","intersection_dist_m":22.3,"serves_from_bearing":179.8,"serves_to_bearing":89.8,"serves_quality":"good","lat":25.0548699,"lon":121.527332,"confidence":"confirmed","source":"dieturn/yolo26s-obb_ep144@taipei_udd_ortho_2025","source_updated_at":"2026-09-05"},"geometry":{"type":"Polygon","coordinates":[[[121.5273432,25.0548472],[121.527343,25.0548926],[121.5273207,25.0548925],[121.527321,25.0548472],[121.5273432,25.0548472]]]}},{"type":"Feature","id":"dt_wsqqt07de","properties":{"id":"dt_wsqqt07de","status":"auto","conf":0.9346,"n_detections":1,"heading_deg":8.2,"length_m":2.85,"width_m":2.73,"corner":"NE","intersection_id":"TPS_00568","intersection_dist_m":12.5,"serves_from_bearing":8.2,"serves_to_bearing":278.2,"serves_quality":"good","lat":25.0506411,"lon":121.5137619,"confidence":"confirmed","source":"dieturn/yolo26s-obb_ep144@taipei_udd_ortho_2025","source_updated_at":"2026-09-05"},"geometry":{"type":"Polygon","coordinates":[[[121.5137733,25.0506266],[121.5137774,25.0506521],[121.5137505,25.0506555],[121.5137465,25.05063],[121.5137733,25.0506266]]]}},{"type":"Feature","id":"dt_wsqqmfe3x","properties":{"id":"dt_wsqqmfe3x","status":"auto","conf":0.9345,"n_detections":1,"heading_deg":137.8,"length_m":4.32,"width_m":2.33,"corner":"SE","intersection_id":"TPS_00313","intersection_dist_m":14.1,"serves_from_bearing":137.8,"serves_to_bearing":47.8,"serves_quality":"good","lat":25.0188952,"lon":121.5465329,"confidence":"confirmed","source":"dieturn/yolo26s-obb_ep144@taipei_udd_ortho_2025","source_updated_at":"2026-09-05"},"geometry":{"type":"Polygon","coordinates":[[[121.5465559,25.0188877],[121.5465271,25.0189167],[121.5465099,25.0189027],[121.5465387,25.0188736],[121.5465559,25.0188877]]]}},{"type":"Feature","id":"dt_wsqqqj1je","properties":{"id":"dt_wsqqqj1je","status":"auto","conf":0.9344,"n_detections":1,"heading_deg":88.4,"length_m":5.92,"width_m":2.22,"corner":"NW","intersection_id":"TPS_00298","intersection_dist_m":15.7,"serves_from_bearing":268.4,"serves_to_bearing":178.4,"serves_quality":"good","lat":25.0333061,"lon":121.5542642,"confidence":"confirmed","source":"dieturn/yolo26s-obb_ep144@taipei_udd_ortho_2025","source_updated_at":"2026-09-05"},"geometry":{"type":"Polygon","coordinates":[[[121.5542939,25.0332968],[121.5542932,25.0333169],[121.5542345,25.0333154],[121.5542352,25.0332953],[121.5542939,25.0332968]]]}},{"type":"Feature","id":"dt_wsqqmetpy","properties":{"id":"dt_wsqqmetpy","status":"auto","conf":0.9344,"n_detections":1,"heading_deg":96.7,"length_m":7.29,"width_m":2.62,"corner":"SE","intersection_id":"TPS_00612","intersection_dist_m":16.3,"serves_from_bearing":96.7,"serves_to_bearing":6.7,"serves_quality":"good","lat":25.025476,"lon":121.5379245,"confidence":"confirmed","source":"dieturn/yolo26s-obb_ep144@taipei_udd_ortho_2025","source_updated_at":"2026-09-05"},"geometry":{"type":"Polygon","coordinates":[[[121.5379588,25.0254604],[121.5379619,25.0254839],[121.5378902,25.0254916],[121.5378871,25.025468],[121.5379588,25.0254604]]]}},{"type":"Feature","id":"dt_wsqqtbt3r","properties":{"id":"dt_wsqqtbt3r","status":"auto","conf":0.9344,"n_detections":1,"heading_deg":3.9,"length_m":10.15,"width_m":3.49,"corner":"NW","intersection_id":"TPS_01169","intersection_dist_m":14.8,"serves_from_bearing":273.9,"serves_to_bearing":183.9,"serves_quality":"good","lat":25.051828,"lon":121.549298,"confidence":"confirmed","source":"dieturn/yolo26s-obb_ep144@taipei_udd_ortho_2025","source_updated_at":"2026-09-05"},"geometry":{"type":"Polygon","coordinates":[[[121.5493118,25.0517811],[121.5493186,25.0518727],[121.5492841,25.0518748],[121.5492773,25.0517833],[121.5493118,25.0517811]]]}},{"type":"Feature","id":"dt_wsqqw9m8c","properties":{"id":"dt_wsqqw9m8c","status":"auto","conf":0.9344,"n_detections":1,"heading_deg":142.3,"length_m":4.54,"width_m":2.68,"corner":"NE","intersection_id":"TPS_01837","intersection_dist_m":19.1,"serves_from_bearing":322.3,"serves_to_bearing":232.3,"serves_quality":"good","lat":25.0558538,"lon":121.5823207,"confidence":"confirmed","source":"dieturn/yolo26s-obb_ep144@taipei_udd_ortho_2025","source_updated_at":"2026-09-05"},"geometry":{"type":"Polygon","coordinates":[[[121.5823451,25.0558449],[121.5823176,25.0558774],[121.5822964,25.0558627],[121.5823238,25.0558302],[121.5823451,25.0558449]]]}},{"type":"Feature","id":"dt_wsqqqwutu","properties":{"id":"dt_wsqqqwutu","status":"auto","conf":0.9344,"n_detections":1,"heading_deg":136.0,"length_m":6.12,"width_m":2.55,"corner":"NW","intersection_id":"TPS_02205","intersection_dist_m":54.2,"serves_from_bearing":226.0,"serves_to_bearing":136.0,"serves_quality":"good","lat":25.04295,"lon":121.5810784,"confidence":"confirmed","source":"dieturn/yolo26s-obb_ep144@taipei_udd_ortho_2025","source_updated_at":"2026-09-05"},"geometry":{"type":"Polygon","coordinates":[[[121.5811087,25.0429381],[121.5810665,25.0429778],[121.5810482,25.0429619],[121.5810904,25.0429221],[121.5811087,25.0429381]]]}},{"type":"Feature","id":"dt_wsqqt5e7p","properties":{"id":"dt_wsqqt5e7p","status":"auto","conf":0.9341,"n_detections":1,"heading_deg":0.4,"length_m":7.23,"width_m":2.79,"corner":"SE","intersection_id":"TPS_02523","intersection_dist_m":16.2,"serves_from_bearing":90.4,"serves_to_bearing":0.4,"serves_quality":"good","lat":25.0685876,"lon":121.5135645,"confidence":"confirmed","source":"dieturn/yolo26s-obb_ep144@taipei_udd_ortho_2025","source_updated_at":"2026-09-05"},"geometry":{"type":"Polygon","coordinates":[[[121.5135781,25.0685549],[121.5135786,25.0686202],[121.513551,25.0686204],[121.5135504,25.068555],[121.5135781,25.0685549]]]}},{"type":"Feature","id":"dt_wsqqmfe74","properties":{"id":"dt_wsqqmfe74","status":"auto","conf":0.934,"n_detections":1,"heading_deg":53.2,"length_m":6.15,"width_m":2.41,"corner":"NW","intersection_id":"TPS_00313","intersection_dist_m":22.0,"serves_from_bearing":233.2,"serves_to_bearing":143.2,"serves_quality":"good","lat":25.0191542,"lon":121.5463362,"confidence":"confirmed","source":"dieturn/yolo26s-obb_ep144@taipei_udd_ortho_2025","source_updated_at":"2026-09-05"},"geometry":{"type":"Polygon","coordinates":[[[121.5463679,25.0191622],[121.5463534,25.0191796],[121.5463046,25.0191462],[121.5463191,25.0191288],[121.5463679,25.0191622]]]}},{"type":"Feature","id":"dt_wsqqt2d54","properties":{"id":"dt_wsqqt2d54","status":"auto","conf":0.9339,"n_detections":1,"heading_deg":96.5,"length_m":6.19,"width_m":3.04,"corner":"SE","intersection_id":"TPS_00051","intersection_dist_m":18.6,"serves_from_bearing":96.5,"serves_to_bearing":6.5,"serves_quality":"good","lat":25.0520934,"lon":121.5226188,"confidence":"confirmed","source":"dieturn/yolo26s-obb_ep144@taipei_udd_ortho_2025","source_updated_at":"2026-09-05"},"geometry":{"type":"Polygon","coordinates":[[[121.5226476,25.0520766],[121.522651,25.0521039],[121.52259,25.0521102],[121.5225865,25.0520829],[121.5226476,25.0520766]]]}},{"type":"Feature","id":"dt_wsqqmwj67","properties":{"id":"dt_wsqqmwj67","status":"auto","conf":0.9339,"n_detections":1,"heading_deg":0.8,"length_m":4.76,"width_m":2.59,"corner":"NW","intersection_id":"TPS_00072","intersection_dist_m":25.4,"serves_from_bearing":270.8,"serves_to_bearing":180.8,"serves_quality":"good","lat":25.0382309,"lon":121.5381426,"confidence":"confirmed","source":"dieturn/yolo26s-obb_ep144@taipei_udd_ortho_2025","source_updated_at":"2026-09-05"},"geometry":{"type":"Polygon","coordinates":[[[121.5381551,25.0382093],[121.5381558,25.0382523],[121.5381301,25.0382526],[121.5381294,25.0382096],[121.5381551,25.0382093]]]}},{"type":"Feature","id":"dt_wsqqmk82f","properties":{"id":"dt_wsqqmk82f","status":"auto","conf":0.9338,"n_detections":1,"heading_deg":146.7,"length_m":3.58,"width_m":2.55,"corner":"SW","intersection_id":"TPS_00265","intersection_dist_m":18.5,"serves_from_bearing":236.7,"serves_to_bearing":146.7,"serves_quality":"good","lat":25.0297615,"lon":121.5202472,"confidence":"confirmed","source":"dieturn/yolo26s-obb_ep144@taipei_udd_ortho_2025","source_updated_at":"2026-09-05"},"geometry":{"type":"Polygon","coordinates":[[[121.5202675,25.0297543],[121.5202481,25.0297813],[121.5202269,25.0297688],[121.5202463,25.0297418],[121.5202675,25.0297543]]]}},{"type":"Feature","id":"dt_wsqqx2yrd","properties":{"id":"dt_wsqqx2yrd","status":"auto","conf":0.9336,"n_detections":1,"heading_deg":96.1,"length_m":3.99,"width_m":3.33,"corner":"SW","intersection_id":"TPS_00165","intersection_dist_m":24.9,"serves_from_bearing":186.1,"serves_to_bearing":96.1,"serves_quality":"good","lat":25.0542683,"lon":121.6163454,"confidence":"confirmed","source":"dieturn/yolo26s-obb_ep144@taipei_udd_ortho_2025","source_updated_at":"2026-09-05"},"geometry":{"type":"Polygon","coordinates":[[[121.6163633,25.0542514],[121.6163668,25.0542814],[121.6163275,25.0542852],[121.616324,25.0542553],[121.6163633,25.0542514]]]}},{"type":"Feature","id":"dt_wsqqtf7s6","properties":{"id":"dt_wsqqtf7s6","status":"auto","conf":0.9335,"n_detections":1,"heading_deg":88.4,"length_m":6.76,"width_m":2.61,"corner":"SW","intersection_id":"TPS_00234","intersection_dist_m":14.8,"serves_from_bearing":178.4,"serves_to_bearing":88.4,"serves_quality":"good","lat":25.0619385,"lon":121.5466548,"confidence":"confirmed","source":"dieturn/yolo26s-obb_ep144@taipei_udd_ortho_2025","source_updated_at":"2026-09-05"},"geometry":{"type":"Polygon","coordinates":[[[121.5466886,25.0619276],[121.5466879,25.0619512],[121.546621,25.0619495],[121.5466217,25.0619259],[121.5466886,25.0619276]]]}},{"type":"Feature","id":"dt_wsqquv5w4","properties":{"id":"dt_wsqquv5w4","status":"auto","conf":0.9335,"n_detections":1,"heading_deg":101.3,"length_m":7.58,"width_m":2.43,"corner":"SE","intersection_id":"TPS_01348","intersection_dist_m":8.1,"serves_from_bearing":101.3,"serves_to_bearing":11.3,"serves_quality":"good","lat":25.1213111,"lon":121.5027012,"confidence":"confirmed","source":"dieturn/yolo26s-obb_ep144@taipei_udd_ortho_2025","source_updated_at":"2026-09-05"},"geometry":{"type":"Polygon","coordinates":[[[121.5027357,25.1212936],[121.5027405,25.1213152],[121.5026668,25.1213286],[121.502662,25.121307],[121.5027357,25.1212936]]]}},{"type":"Feature","id":"dt_wsqqt91dd","properties":{"id":"dt_wsqqt91dd","status":"auto","conf":0.9334,"n_detections":2,"heading_deg":0.6,"length_m":5.45,"width_m":2.77,"corner":"SE","intersection_id":"TPS_02504","intersection_dist_m":19.2,"serves_from_bearing":90.6,"serves_to_bearing":0.6,"serves_quality":"good","lat":25.0547853,"lon":121.5329197,"confidence":"confirmed","source":"dieturn/yolo26s-obb_ep144@taipei_udd_ortho_2025","source_updated_at":"2026-09-05"},"geometry":{"type":"Polygon","coordinates":[[[121.5329332,25.0547606],[121.5329338,25.0548099],[121.5329063,25.0548101],[121.5329057,25.0547608],[121.5329332,25.0547606]]]}},{"type":"Feature","id":"dt_wsqqmh2nd","properties":{"id":"dt_wsqqmh2nd","status":"auto","conf":0.9333,"n_detections":1,"heading_deg":141.6,"length_m":4.89,"width_m":2.86,"corner":"SE","intersection_id":"TPS_00824","intersection_dist_m":14.2,"serves_from_bearing":141.6,"serves_to_bearing":51.6,"serves_quality":"good","lat":25.0293836,"lon":121.5089036,"confidence":"confirmed","source":"dieturn/yolo26s-obb_ep144@taipei_udd_ortho_2025","source_updated_at":"2026-09-05"},"geometry":{"type":"Polygon","coordinates":[[[121.5089299,25.0293742],[121.5088998,25.0294089],[121.5088774,25.029393],[121.5089074,25.0293583],[121.5089299,25.0293742]]]}},{"type":"Feature","id":"dt_wsqqmppwq","properties":{"id":"dt_wsqqmppwq","status":"auto","conf":0.9332,"n_detections":1,"heading_deg":97.4,"length_m":6.34,"width_m":2.55,"corner":"SE","intersection_id":"TPS_00036","intersection_dist_m":12.5,"serves_from_bearing":97.4,"serves_to_bearing":7.4,"serves_quality":"good","lat":25.0444232,"lon":121.5193609,"confidence":"confirmed","source":"dieturn/yolo26s-obb_ep144@taipei_udd_ortho_2025","source_updated_at":"2026-09-05"},"geometry":{"type":"Polygon","coordinates":[[[121.5193904,25.0444081],[121.5193937,25.0444309],[121.5193314,25.0444383],[121.5193281,25.0444155],[121.5193904,25.0444081]]]}},{"type":"Feature","id":"dt_wsqqw84pv","properties":{"id":"dt_wsqqw84pv","status":"auto","conf":0.9332,"n_detections":1,"heading_deg":81.3,"length_m":5.49,"width_m":2.45,"corner":"NW","intersection_id":"TPS_00337","intersection_dist_m":18.0,"serves_from_bearing":261.3,"serves_to_bearing":171.3,"serves_quality":"good","lat":25.0501847,"lon":121.5776814,"confidence":"confirmed","source":"dieturn/yolo26s-obb_ep144@taipei_udd_ortho_2025","source_updated_at":"2026-09-05"},"geometry":{"type":"Polygon","coordinates":[[[121.5777101,25.0501775],[121.5777064,25.0501993],[121.5776526,25.0501919],[121.5776564,25.05017],[121.5777101,25.0501775]]]}},{"type":"Feature","id":"dt_wsqqv6qf3","properties":{"id":"dt_wsqqv6qf3","status":"auto","conf":0.9332,"n_detections":1,"heading_deg":39.0,"length_m":4.17,"width_m":2.24,"corner":"SE","intersection_id":"TPS_00945","intersection_dist_m":16.0,"serves_from_bearing":39.0,"serves_to_bearing":309.0,"serves_quality":"good","lat":25.1055443,"lon":121.529125,"confidence":"confirmed","source":"dieturn/yolo26s-obb_ep144@taipei_udd_ortho_2025","source_updated_at":"2026-09-05"},"geometry":{"type":"Polygon","coordinates":[[[121.5291207,25.1055233],[121.5291467,25.1055526],[121.5291293,25.1055653],[121.5291033,25.1055359],[121.5291207,25.1055233]]]}},{"type":"Feature","id":"dt_wsqqxhqxd","properties":{"id":"dt_wsqqxhqxd","status":"auto","conf":0.9331,"n_detections":1,"heading_deg":117.7,"length_m":6.35,"width_m":2.51,"corner":"NW","intersection_id":"TPS_00109","intersection_dist_m":14.9,"serves_from_bearing":297.7,"serves_to_bearing":207.7,"serves_quality":"good","lat":25.0734789,"lon":121.6057273,"confidence":"confirmed","source":"dieturn/yolo26s-obb_ep144@taipei_udd_ortho_2025","source_updated_at":"2026-09-05"},"geometry":{"type":"Polygon","coordinates":[[[121.6057494,25.0734556],[121.605761,25.0734756],[121.6057053,25.0735023],[121.6056936,25.0734822],[121.6057494,25.0734556]]]}},{"type":"Feature","id":"dt_wsqqwgesv","properties":{"id":"dt_wsqqwgesv","status":"auto","conf":0.9331,"n_detections":1,"heading_deg":4.1,"length_m":5.37,"width_m":2.72,"corner":"SW","intersection_id":"TPS_00167","intersection_dist_m":14.6,"serves_from_bearing":184.1,"serves_to_bearing":94.1,"serves_quality":"good","lat":25.068886,"lon":121.5907295,"confidence":"confirmed","source":"dieturn/yolo26s-obb_ep144@taipei_udd_ortho_2025","source_updated_at":"2026-09-05"},"geometry":{"type":"Polygon","coordinates":[[[121.5907411,25.0688609],[121.5907449,25.0689094],[121.590718,25.0689111],[121.5907142,25.0688627],[121.5907411,25.0688609]]]}},{"type":"Feature","id":"dt_wsqqx3nkv","properties":{"id":"dt_wsqqx3nkv","status":"auto","conf":0.9331,"n_detections":1,"heading_deg":10.2,"length_m":5.32,"width_m":3.73,"corner":"SW","intersection_id":"TPS_00277","intersection_dist_m":18.6,"serves_from_bearing":190.2,"serves_to_bearing":100.2,"serves_quality":"good","lat":25.0551367,"lon":121.6164712,"confidence":"confirmed","source":"dieturn/yolo26s-obb_ep144@taipei_udd_ortho_2025","source_updated_at":"2026-09-05"},"geometry":{"type":"Polygon","coordinates":[[[121.6164847,25.0551101],[121.616494,25.0551575],[121.6164576,25.0551633],[121.6164483,25.055116],[121.6164847,25.0551101]]]}},{"type":"Feature","id":"dt_wsqqxjd0k","properties":{"id":"dt_wsqqxjd0k","status":"auto","conf":0.933,"n_detections":1,"heading_deg":138.7,"length_m":4.33,"width_m":2.71,"corner":"NE","intersection_id":"TPS_01073","intersection_dist_m":7.8,"serves_from_bearing":318.7,"serves_to_bearing":228.7,"serves_quality":"good","lat":25.0790896,"lon":121.599608,"confidence":"confirmed","source":"dieturn/yolo26s-obb_ep144@taipei_udd_ortho_2025","source_updated_at":"2026-09-05"},"geometry":{"type":"Polygon","coordinates":[[[121.5996323,25.0790829],[121.599604,25.0791123],[121.5995836,25.0790962],[121.599612,25.0790669],[121.5996323,25.0790829]]]}},{"type":"Feature","id":"dt_wsqqq4fcg","properties":{"id":"dt_wsqqq4fcg","status":"auto","conf":0.9326,"n_detections":1,"heading_deg":94.6,"length_m":5.62,"width_m":2.35,"corner":"SE","intersection_id":"TPS_00667","intersection_dist_m":29.4,"serves_from_bearing":94.6,"serves_to_bearing":4.6,"serves_quality":"good","lat":25.0203067,"lon":121.5566716,"confidence":"confirmed","source":"dieturn/yolo26s-obb_ep144@taipei_udd_ortho_2025","source_updated_at":"2026-09-05"},"geometry":{"type":"Polygon","coordinates":[[[121.5566985,25.0202941],[121.5567004,25.0203153],[121.5566448,25.0203194],[121.5566429,25.0202982],[121.5566985,25.0202941]]]}},{"type":"Feature","id":"dt_wsqqt5gw2","properties":{"id":"dt_wsqqt5gw2","status":"auto","conf":0.9326,"n_detections":1,"heading_deg":1.0,"length_m":3.65,"width_m":2.1,"corner":"SW","intersection_id":"TPS_00689","intersection_dist_m":17.2,"serves_from_bearing":181.0,"serves_to_bearing":91.0,"serves_quality":"good","lat":25.0705019,"lon":121.5136085,"confidence":"confirmed","source":"dieturn/yolo26s-obb_ep144@taipei_udd_ortho_2025","source_updated_at":"2026-09-05"},"geometry":{"type":"Polygon","coordinates":[[[121.5136186,25.0704852],[121.5136193,25.0705183],[121.5135984,25.0705186],[121.5135978,25.0704856],[121.5136186,25.0704852]]]}},{"type":"Feature","id":"dt_wsqqth38k","properties":{"id":"dt_wsqqth38k","status":"auto","conf":0.9326,"n_detections":1,"heading_deg":99.6,"length_m":5.41,"width_m":3.67,"corner":"NE","intersection_id":"TPS_01478","intersection_dist_m":16.6,"serves_from_bearing":9.6,"serves_to_bearing":279.6,"serves_quality":"ambiguous","lat":25.0722527,"lon":121.511028,"confidence":"confirmed","source":"dieturn/yolo26s-obb_ep144@taipei_udd_ortho_2025","source_updated_at":"2026-09-05"},"geometry":{"type":"Polygon","coordinates":[[[121.5110514,25.0722322],[121.5110575,25.072265],[121.5110046,25.0722731],[121.5109985,25.0722404],[121.5110514,25.0722322]]]}},{"type":"Feature","id":"dt_wsqqku3zt","properties":{"id":"dt_wsqqku3zt","status":"auto","conf":0.9325,"n_detections":1,"heading_deg":84.3,"length_m":6.24,"width_m":4.15,"corner":"NW","intersection_id":"TPS_00183","intersection_dist_m":13.4,"serves_from_bearing":264.3,"serves_to_bearing":174.3,"serves_quality":"good","lat":25.0295345,"lon":121.5004631,"confidence":"confirmed","source":"dieturn/yolo26s-obb_ep144@taipei_udd_ortho_2025","source_updated_at":"2026-09-05"},"geometry":{"type":"Polygon","coordinates":[[[121.5004959,25.0295187],[121.5004919,25.029556],[121.5004303,25.0295504],[121.5004344,25.0295131],[121.5004959,25.0295187]]]}},{"type":"Feature","id":"dt_wsqqmkujv","properties":{"id":"dt_wsqqmkujv","status":"auto","conf":0.9325,"n_detections":1,"heading_deg":95.1,"length_m":5.28,"width_m":2.01,"corner":"NW","intersection_id":"TPS_01141","intersection_dist_m":11.8,"serves_from_bearing":275.1,"serves_to_bearing":185.1,"serves_quality":"good","lat":25.0319864,"lon":121.5255147,"confidence":"confirmed","source":"dieturn/yolo26s-obb_ep144@taipei_udd_ortho_2025","source_updated_at":"2026-09-05"},"geometry":{"type":"Polygon","coordinates":[[[121.5255399,25.0319752],[121.5255417,25.0319933],[121.5254896,25.0319976],[121.5254878,25.0319794],[121.5255399,25.0319752]]]}},{"type":"Feature","id":"dt_wsqqt4e7w","properties":{"id":"dt_wsqqt4e7w","status":"auto","conf":0.9324,"n_detections":1,"heading_deg":89.1,"length_m":7.01,"width_m":3.8,"corner":"NW","intersection_id":"TPS_00078","intersection_dist_m":18.7,"serves_from_bearing":269.1,"serves_to_bearing":179.1,"serves_quality":"good","lat":25.0631657,"lon":121.5135223,"confidence":"confirmed","source":"dieturn/yolo26s-obb_ep144@taipei_udd_ortho_2025","source_updated_at":"2026-09-05"},"geometry":{"type":"Polygon","coordinates":[[[121.5135574,25.063149],[121.5135568,25.0631834],[121.5134873,25.0631824],[121.5134879,25.063148],[121.5135574,25.063149]]]}},{"type":"Feature","id":"dt_wsqqtv9g8","properties":{"id":"dt_wsqqtv9g8","status":"auto","conf":0.9322,"n_detections":1,"heading_deg":175.2,"length_m":4.82,"width_m":3.13,"corner":"SW","intersection_id":"TPS_00115","intersection_dist_m":27.3,"serves_from_bearing":175.2,"serves_to_bearing":85.2,"serves_quality":"good","lat":25.0796564,"lon":121.5441602,"confidence":"confirmed","source":"dieturn/yolo26s-obb_ep144@taipei_udd_ortho_2025","source_updated_at":"2026-09-05"},"geometry":{"type":"Polygon","coordinates":[[[121.5441777,25.0796359],[121.5441737,25.0796793],[121.5441428,25.079677],[121.5441467,25.0796335],[121.5441777,25.0796359]]]}},{"type":"Feature","id":"dt_wsqqjuzu0","properties":{"id":"dt_wsqqjuzu0","status":"auto","conf":0.9322,"n_detections":1,"heading_deg":79.3,"length_m":5.57,"width_m":2.59,"corner":"SE","intersection_id":"TPS_00544","intersection_dist_m":10.7,"serves_from_bearing":79.3,"serves_to_bearing":349.3,"serves_quality":"good","lat":24.9877349,"lon":121.5523915,"confidence":"confirmed","source":"dieturn/yolo26s-obb_ep144@taipei_udd_ortho_2025","source_updated_at":"2026-09-05"},"geometry":{"type":"Polygon","coordinates":[[[121.5524211,24.9877281],[121.5524163,24.9877511],[121.552362,24.9877418],[121.5523668,24.9877188],[121.5524211,24.9877281]]]}},{"type":"Feature","id":"dt_wsqqt91f2","properties":{"id":"dt_wsqqt91f2","status":"auto","conf":0.9321,"n_detections":1,"heading_deg":88.2,"length_m":5.42,"width_m":2.34,"corner":"SW","intersection_id":"TPS_00055","intersection_dist_m":8.7,"serves_from_bearing":178.2,"serves_to_bearing":88.2,"serves_quality":"good","lat":25.0547297,"lon":121.5331835,"confidence":"confirmed","source":"dieturn/yolo26s-obb_ep144@taipei_udd_ortho_2025","source_updated_at":"2026-09-05"},"geometry":{"type":"Polygon","coordinates":[[[121.5332107,25.0547199],[121.53321,25.054741],[121.5331563,25.0547395],[121.533157,25.0547183],[121.5332107,25.0547199]]]}},{"type":"Feature","id":"dt_wsqqx9043","properties":{"id":"dt_wsqqx9043","status":"auto","conf":0.9321,"n_detections":1,"heading_deg":96.9,"length_m":4.24,"width_m":2.87,"corner":"SE","intersection_id":"TPS_00166","intersection_dist_m":12.5,"serves_from_bearing":96.9,"serves_to_bearing":6.9,"serves_quality":"good","lat":25.0547302,"lon":121.6187226,"confidence":"confirmed","source":"dieturn/yolo26s-obb_ep144@taipei_udd_ortho_2025","source_updated_at":"2026-09-05"},"geometry":{"type":"Polygon","coordinates":[[[121.6187417,25.054715],[121.6187452,25.0547408],[121.6187035,25.0547454],[121.6187,25.0547196],[121.6187417,25.054715]]]}},{"type":"Feature","id":"dt_wsqqucpwt","properties":{"id":"dt_wsqqucpwt","status":"auto","conf":0.9321,"n_detections":1,"heading_deg":175.6,"length_m":3.84,"width_m":2.49,"corner":"SE","intersection_id":"TPS_00427","intersection_dist_m":18.0,"serves_from_bearing":85.6,"serves_to_bearing":355.6,"serves_quality":"good","lat":25.0994131,"lon":121.5083462,"confidence":"confirmed","source":"dieturn/yolo26s-obb_ep144@taipei_udd_ortho_2025","source_updated_at":"2026-09-05"},"geometry":{"type":"Polygon","coordinates":[[[121.50836,25.0993967],[121.508357,25.0994313],[121.5083324,25.0994296],[121.5083354,25.0993949],[121.50836,25.0993967]]]}},{"type":"Feature","id":"dt_wsqquum2y","properties":{"id":"dt_wsqquum2y","status":"auto","conf":0.9321,"n_detections":1,"heading_deg":41.4,"length_m":5.67,"width_m":2.23,"corner":"NE","intersection_id":"TPS_01064","intersection_dist_m":19.0,"serves_from_bearing":41.4,"serves_to_bearing":311.4,"serves_quality":"good","lat":25.1162779,"lon":121.5052867,"confidence":"confirmed","source":"dieturn/yolo26s-obb_ep144@taipei_udd_ortho_2025","source_updated_at":"2026-09-05"},"geometry":{"type":"Polygon","coordinates":[[[121.5052764,25.1162521],[121.5053136,25.1162905],[121.5052968,25.1163037],[121.5052597,25.1162652],[121.5052764,25.1162521]]]}},{"type":"Feature","id":"dt_wsqqw69st","properties":{"id":"dt_wsqqw69st","status":"auto","conf":0.9321,"n_detections":4,"heading_deg":167.1,"length_m":5.01,"width_m":3.01,"corner":"SW","intersection_id":"TPS_02488","intersection_dist_m":21.5,"serves_from_bearing":257.1,"serves_to_bearing":167.1,"serves_quality":"good","lat":25.0633342,"lon":121.5660288,"confidence":"confirmed","source":"dieturn/yolo26s-obb_ep144@taipei_udd_ortho_2025","source_updated_at":"2026-09-05"},"geometry":{"type":"Polygon","coordinates":[[[121.5660489,25.0633152],[121.5660378,25.0633593],[121.5660087,25.0633533],[121.5660198,25.0633091],[121.5660489,25.0633152]]]}},{"type":"Feature","id":"dt_wsqqjwrsj","properties":{"id":"dt_wsqqjwrsj","status":"auto","conf":0.9319,"n_detections":1,"heading_deg":172.3,"length_m":3.55,"width_m":2.56,"corner":"NE","intersection_id":"TPS_00509","intersection_dist_m":13.5,"serves_from_bearing":82.3,"serves_to_bearing":352.3,"serves_quality":"ambiguous","lat":24.9959671,"lon":121.5412817,"confidence":"confirmed","source":"dieturn/yolo26s-obb_ep144@taipei_udd_ortho_2025","source_updated_at":"2026-09-05"},"geometry":{"type":"Polygon","coordinates":[[[121.5412966,24.9959527],[121.5412919,24.9959846],[121.5412667,24.9959816],[121.5412714,24.9959497],[121.5412966,24.9959527]]]}},{"type":"Feature","id":"dt_wsqqx568x","properties":{"id":"dt_wsqqx568x","status":"auto","conf":0.9319,"n_detections":1,"heading_deg":77.8,"length_m":4.18,"width_m":2.14,"corner":"SW","intersection_id":"TPS_01006","intersection_dist_m":15.4,"serves_from_bearing":167.8,"serves_to_bearing":77.8,"serves_quality":"good","lat":25.0667963,"lon":121.6004282,"confidence":"confirmed","source":"dieturn/yolo26s-obb_ep144@taipei_udd_ortho_2025","source_updated_at":"2026-09-05"},"geometry":{"type":"Polygon","coordinates":[[[121.6004507,25.0667908],[121.6004462,25.0668097],[121.6004057,25.0668017],[121.6004102,25.0667828],[121.6004507,25.0667908]]]}},{"type":"Feature","id":"dt_wsqqmr8r7","properties":{"id":"dt_wsqqmr8r7","status":"auto","conf":0.9317,"n_detections":1,"heading_deg":108.2,"length_m":6.35,"width_m":2.66,"corner":"NW","intersection_id":"TPS_00037","intersection_dist_m":23.1,"serves_from_bearing":288.2,"serves_to_bearing":198.2,"serves_quality":"good","lat":25.0473533,"lon":121.5202543,"confidence":"confirmed","source":"dieturn/yolo26s-obb_ep144@taipei_udd_ortho_2025","source_updated_at":"2026-09-05"},"geometry":{"type":"Polygon","coordinates":[[[121.52028,25.0473329],[121.5202884,25.0473557],[121.5202285,25.0473737],[121.5202202,25.0473509],[121.52028,25.0473329]]]}},{"type":"Feature","id":"dt_wsqqt1wch","properties":{"id":"dt_wsqqt1wch","status":"auto","conf":0.9317,"n_detections":1,"heading_deg":82.5,"length_m":7.07,"width_m":2.59,"corner":"SE","intersection_id":"TPS_00144","intersection_dist_m":11.7,"serves_from_bearing":82.5,"serves_to_bearing":352.5,"serves_quality":"good","lat":25.0572411,"lon":121.5182456,"confidence":"confirmed","source":"dieturn/yolo26s-obb_ep144@taipei_udd_ortho_2025","source_updated_at":"2026-09-05"},"geometry":{"type":"Polygon","coordinates":[[[121.518282,25.0572337],[121.5182787,25.0572569],[121.5182092,25.0572485],[121.5182126,25.0572253],[121.518282,25.0572337]]]}},{"type":"Feature","id":"dt_wsqqkv2ef","properties":{"id":"dt_wsqqkv2ef","status":"auto","conf":0.9317,"n_detections":1,"heading_deg":34.4,"length_m":3.35,"width_m":2.23,"corner":"SW","intersection_id":"TPS_01018","intersection_dist_m":16.0,"serves_from_bearing":214.4,"serves_to_bearing":124.4,"serves_quality":"good","lat":25.0343695,"lon":121.4986119,"confidence":"confirmed","source":"dieturn/yolo26s-obb_ep144@taipei_udd_ortho_2025","source_updated_at":"2026-09-05"},"geometry":{"type":"Polygon","coordinates":[[[121.4986117,25.0343513],[121.4986305,25.0343764],[121.4986121,25.0343877],[121.4985933,25.0343626],[121.4986117,25.0343513]]]}},{"type":"Feature","id":"dt_wsqqmvjk3","properties":{"id":"dt_wsqqmvjk3","status":"auto","conf":0.9316,"n_detections":1,"heading_deg":88.6,"length_m":7.88,"width_m":2.69,"corner":"SE","intersection_id":"TPS_00005","intersection_dist_m":29.7,"serves_from_bearing":88.6,"serves_to_bearing":358.6,"serves_quality":"good","lat":25.0331148,"lon":121.5490313,"confidence":"confirmed","source":"dieturn/yolo26s-obb_ep144@taipei_udd_ortho_2025","source_updated_at":"2026-09-05"},"geometry":{"type":"Polygon","coordinates":[[[121.5490707,25.0331036],[121.54907,25.0331279],[121.5489919,25.0331261],[121.5489926,25.0331018],[121.5490707,25.0331036]]]}},{"type":"Feature","id":"dt_wsqqmhh78","properties":{"id":"dt_wsqqmhh78","status":"auto","conf":0.9316,"n_detections":1,"heading_deg":116.0,"length_m":4.07,"width_m":2.24,"corner":"SE","intersection_id":"TPS_00122","intersection_dist_m":13.7,"serves_from_bearing":116.0,"serves_to_bearing":26.0,"serves_quality":"good","lat":25.0274732,"lon":121.5146423,"confidence":"confirmed","source":"dieturn/yolo26s-obb_ep144@taipei_udd_ortho_2025","source_updated_at":"2026-09-05"},"geometry":{"type":"Polygon","coordinates":[[[121.5146555,25.0274561],[121.5146654,25.0274743],[121.5146291,25.0274904],[121.5146192,25.0274722],[121.5146555,25.0274561]]]}},{"type":"Feature","id":"dt_wsqqwfhhm","properties":{"id":"dt_wsqqwfhhm","status":"auto","conf":0.9316,"n_detections":1,"heading_deg":68.2,"length_m":3.97,"width_m":2.49,"corner":"SE","intersection_id":"TPS_00856","intersection_dist_m":9.9,"serves_from_bearing":68.2,"serves_to_bearing":338.2,"serves_quality":"good","lat":25.0605628,"lon":121.5914119,"confidence":"confirmed","source":"dieturn/yolo26s-obb_ep144@taipei_udd_ortho_2025","source_updated_at":"2026-09-05"},"geometry":{"type":"Polygon","coordinates":[[[121.5914348,25.060559],[121.5914256,25.0605799],[121.591389,25.0605665],[121.5913984,25.0605457],[121.5914348,25.060559]]]}},{"type":"Feature","id":"dt_wsqqt1ndw","properties":{"id":"dt_wsqqt1ndw","status":"auto","conf":0.9315,"n_detections":1,"heading_deg":8.9,"length_m":4.73,"width_m":2.44,"corner":"SW","intersection_id":"TPS_00710","intersection_dist_m":18.8,"serves_from_bearing":188.9,"serves_to_bearing":98.9,"serves_quality":"good","lat":25.0547692,"lon":121.5180153,"confidence":"confirmed","source":"dieturn/yolo26s-obb_ep144@taipei_udd_ortho_2025","source_updated_at":"2026-09-05"},"geometry":{"type":"Polygon","coordinates":[[[121.5180236,25.0547463],[121.5180308,25.0547886],[121.5180069,25.054792],[121.5179997,25.0547497],[121.5180236,25.0547463]]]}},{"type":"Feature","id":"dt_wsqqtbxb5","properties":{"id":"dt_wsqqtbxb5","status":"auto","conf":0.9315,"n_detections":3,"heading_deg":2.7,"length_m":8.04,"width_m":2.74,"corner":"SE","intersection_id":"TPS_02446","intersection_dist_m":19.0,"serves_from_bearing":92.7,"serves_to_bearing":2.7,"serves_quality":"ambiguous","lat":25.0515934,"lon":121.5525348,"confidence":"confirmed","source":"dieturn/yolo26s-obb_ep144@taipei_udd_ortho_2025","source_updated_at":"2026-09-05"},"geometry":{"type":"Polygon","coordinates":[[[121.5525465,25.0515565],[121.5525502,25.0516291],[121.552523,25.0516302],[121.5525193,25.0515576],[121.5525465,25.0515565]]]}},{"type":"Feature","id":"dt_wsqqt99u3","properties":{"id":"dt_wsqqt99u3","status":"auto","conf":0.9315,"n_detections":2,"heading_deg":89.0,"length_m":5.91,"width_m":3.02,"corner":"NE","intersection_id":"TPS_02503","intersection_dist_m":18.1,"serves_from_bearing":359.0,"serves_to_bearing":269.0,"serves_quality":"good","lat":25.0578091,"lon":121.5332367,"confidence":"confirmed","source":"dieturn/yolo26s-obb_ep144@taipei_udd_ortho_2025","source_updated_at":"2026-09-05"},"geometry":{"type":"Polygon","coordinates":[[[121.5332663,25.057796],[121.5332657,25.0578232],[121.5332071,25.0578223],[121.5332077,25.0577949],[121.5332663,25.057796]]]}},{"type":"Feature","id":"dt_wsqqwtku1","properties":{"id":"dt_wsqqwtku1","status":"auto","conf":0.9314,"n_detections":1,"heading_deg":84.4,"length_m":3.31,"width_m":1.91,"corner":"SE","intersection_id":"TPS_00972","intersection_dist_m":19.2,"serves_from_bearing":84.4,"serves_to_bearing":354.4,"serves_quality":"good","lat":25.0783745,"lon":121.5812742,"confidence":"confirmed","source":"dieturn/yolo26s-obb_ep144@taipei_udd_ortho_2025","source_updated_at":"2026-09-05"},"geometry":{"type":"Polygon","coordinates":[[[121.5812915,25.0783673],[121.5812896,25.0783845],[121.5812569,25.0783816],[121.5812588,25.0783644],[121.5812915,25.0783673]]]}},{"type":"Feature","id":"dt_wsqqnqjzn","properties":{"id":"dt_wsqqnqjzn","status":"auto","conf":0.9314,"n_detections":1,"heading_deg":3.3,"length_m":4.05,"width_m":2.4,"corner":"NE","intersection_id":"TPS_01022","intersection_dist_m":23.4,"serves_from_bearing":3.3,"serves_to_bearing":273.3,"serves_quality":"good","lat":24.9951058,"lon":121.5718768,"confidence":"confirmed","source":"dieturn/yolo26s-obb_ep144@taipei_udd_ortho_2025","source_updated_at":"2026-09-05"},"geometry":{"type":"Polygon","coordinates":[[[121.5718876,24.9950869],[121.5718898,24.9951234],[121.5718661,24.9951247],[121.5718638,24.9950881],[121.5718876,24.9950869]]]}},{"type":"Feature","id":"dt_wsqqkfsxg","properties":{"id":"dt_wsqqkfsxg","status":"auto","conf":0.9314,"n_detections":1,"heading_deg":58.4,"length_m":6.8,"width_m":2.6,"corner":"NW","intersection_id":"TPS_02366","intersection_dist_m":20.7,"serves_from_bearing":238.4,"serves_to_bearing":148.4,"serves_quality":"good","lat":25.0199801,"lon":121.5041223,"confidence":"confirmed","source":"dieturn/yolo26s-obb_ep144@taipei_udd_ortho_2025","source_updated_at":"2026-09-05"},"geometry":{"type":"Polygon","coordinates":[[[121.5041578,25.0199862],[121.5041442,25.0200061],[121.5040867,25.0199739],[121.5041004,25.0199541],[121.5041578,25.0199862]]]}},{"type":"Feature","id":"dt_wsqqjxvvn","properties":{"id":"dt_wsqqjxvvn","status":"auto","conf":0.9313,"n_detections":1,"heading_deg":2.2,"length_m":2.68,"width_m":2.62,"corner":"NE","intersection_id":"TPS_00383","intersection_dist_m":20.1,"serves_from_bearing":2.2,"serves_to_bearing":272.2,"serves_quality":"ambiguous","lat":25.0043697,"lon":121.5389421,"confidence":"confirmed","source":"dieturn/yolo26s-obb_ep144@taipei_udd_ortho_2025","source_updated_at":"2026-09-05"},"geometry":{"type":"Polygon","coordinates":[[[121.5389546,25.0043571],[121.5389556,25.0043814],[121.5389296,25.0043822],[121.5389287,25.004358],[121.5389546,25.0043571]]]}},{"type":"Feature","id":"dt_wsqqm6wxj","properties":{"id":"dt_wsqqm6wxj","status":"auto","conf":0.9313,"n_detections":1,"heading_deg":50.3,"length_m":7.41,"width_m":2.75,"corner":"SW","intersection_id":"TPS_00644","intersection_dist_m":13.3,"serves_from_bearing":230.3,"serves_to_bearing":140.3,"serves_quality":"good","lat":25.0198429,"lon":121.5289524,"confidence":"confirmed","source":"dieturn/yolo26s-obb_ep144@taipei_udd_ortho_2025","source_updated_at":"2026-09-05"},"geometry":{"type":"Polygon","coordinates":[[[121.5289894,25.0198548],[121.5289719,25.0198738],[121.5289154,25.019831],[121.5289329,25.0198119],[121.5289894,25.0198548]]]}},{"type":"Feature","id":"dt_wsqquv1hj","properties":{"id":"dt_wsqquv1hj","status":"auto","conf":0.9312,"n_detections":1,"heading_deg":13.8,"length_m":7.83,"width_m":3.23,"corner":"SE","intersection_id":"TPS_00370","intersection_dist_m":27.9,"serves_from_bearing":103.8,"serves_to_bearing":13.8,"serves_quality":"good","lat":25.1209513,"lon":121.4994287,"confidence":"confirmed","source":"dieturn/yolo26s-obb_ep144@taipei_udd_ortho_2025","source_updated_at":"2026-09-05"},"geometry":{"type":"Polygon","coordinates":[[[121.499435,25.1209134],[121.4994535,25.1209822],[121.4994224,25.1209891],[121.4994039,25.1209203],[121.499435,25.1209134]]]}},{"type":"Feature","id":"dt_wsqqwgevu","properties":{"id":"dt_wsqqwgevu","status":"auto","conf":0.9307,"n_detections":1,"heading_deg":1.0,"length_m":5.59,"width_m":4.83,"corner":"NE","intersection_id":"TPS_00167","intersection_dist_m":19.4,"serves_from_bearing":1.0,"serves_to_bearing":271.0,"serves_quality":"good","lat":25.0690416,"lon":121.5910186,"confidence":"confirmed","source":"dieturn/yolo26s-obb_ep144@taipei_udd_ortho_2025","source_updated_at":"2026-09-05"},"geometry":{"type":"Polygon","coordinates":[[[121.591042,25.069016],[121.591043,25.0690665],[121.5909951,25.0690673],[121.5909942,25.0690168],[121.591042,25.069016]]]}},{"type":"Feature","id":"dt_wsqqt01nx","properties":{"id":"dt_wsqqt01nx","status":"auto","conf":0.9307,"n_detections":1,"heading_deg":100.8,"length_m":6.79,"width_m":3.37,"corner":"SW","intersection_id":"TPS_00776","intersection_dist_m":20.9,"serves_from_bearing":100.8,"serves_to_bearing":10.8,"serves_quality":"ambiguous","lat":25.0499867,"lon":121.5104981,"confidence":"confirmed","source":"dieturn/yolo26s-obb_ep144@taipei_udd_ortho_2025","source_updated_at":"2026-09-05"},"geometry":{"type":"Polygon","coordinates":[[[121.510528,25.049966],[121.5105344,25.0499959],[121.5104683,25.0500075],[121.5104619,25.0499775],[121.510528,25.049966]]]}},{"type":"Feature","id":"dt_wsqqmpenk","properties":{"id":"dt_wsqqmpenk","status":"auto","conf":0.9307,"n_detections":1,"heading_deg":15.9,"length_m":6.52,"width_m":3.71,"corner":"SW","intersection_id":"TPS_00777","intersection_dist_m":17.9,"serves_from_bearing":195.9,"serves_to_bearing":105.9,"serves_quality":"good","lat":25.0471808,"lon":121.5131143,"confidence":"confirmed","source":"dieturn/yolo26s-obb_ep144@taipei_udd_ortho_2025","source_updated_at":"2026-09-05"},"geometry":{"type":"Polygon","coordinates":[[[121.5131232,25.0471479],[121.5131409,25.0472046],[121.5131055,25.0472137],[121.5130878,25.047157],[121.5131232,25.0471479]]]}},{"type":"Feature","id":"dt_wsqqmkh2w","properties":{"id":"dt_wsqqmkh2w","status":"auto","conf":0.9305,"n_detections":1,"heading_deg":95.1,"length_m":6.54,"width_m":2.54,"corner":"NW","intersection_id":"TPS_00150","intersection_dist_m":15.5,"serves_from_bearing":275.1,"serves_to_bearing":185.1,"serves_quality":"ambiguous","lat":25.0269502,"lon":121.5259057,"confidence":"confirmed","source":"dieturn/yolo26s-obb_ep144@taipei_udd_ortho_2025","source_updated_at":"2026-09-05"},"geometry":{"type":"Polygon","coordinates":[[[121.5259369,25.0269362],[121.5259391,25.026959],[121.5258745,25.0269642],[121.5258723,25.0269414],[121.5259369,25.0269362]]]}},{"type":"Feature","id":"dt_wsqqmr68y","properties":{"id":"dt_wsqqmr68y","status":"auto","conf":0.9304,"n_detections":2,"heading_deg":15.7,"length_m":6.64,"width_m":3.1,"corner":"SW","intersection_id":"TPS_00727","intersection_dist_m":7.9,"serves_from_bearing":195.7,"serves_to_bearing":105.7,"serves_quality":"ambiguous","lat":25.04485,"lon":121.5234738,"confidence":"confirmed","source":"dieturn/yolo26s-obb_ep144@taipei_udd_ortho_2025","source_updated_at":"2026-09-05"},"geometry":{"type":"Polygon","coordinates":[[[121.5234797,25.0448174],[121.5234976,25.0448752],[121.5234679,25.0448827],[121.5234502,25.0448249],[121.5234797,25.0448174]]]}},{"type":"Feature","id":"dt_wsqqqxjjx","properties":{"id":"dt_wsqqqxjjx","status":"auto","conf":0.9302,"n_detections":1,"heading_deg":127.1,"length_m":5.11,"width_m":2.72,"corner":"NW","intersection_id":"TPS_00802","intersection_dist_m":12.5,"serves_from_bearing":307.1,"serves_to_bearing":217.1,"serves_quality":"good","lat":25.044322,"lon":121.5819153,"confidence":"confirmed","source":"dieturn/yolo26s-obb_ep144@taipei_udd_ortho_2025","source_updated_at":"2026-09-05"},"geometry":{"type":"Polygon","coordinates":[[[121.5819437,25.0443178],[121.5819033,25.0443457],[121.5818869,25.0443262],[121.5819273,25.0442983],[121.5819437,25.0443178]]]}},{"type":"Feature","id":"dt_wsqqkuse6","properties":{"id":"dt_wsqqkuse6","status":"auto","conf":0.9301,"n_detections":1,"heading_deg":82.3,"length_m":6.24,"width_m":2.05,"corner":"NW","intersection_id":"TPS_00926","intersection_dist_m":13.5,"serves_from_bearing":262.3,"serves_to_bearing":172.3,"serves_quality":"good","lat":25.0301633,"lon":121.5041048,"confidence":"confirmed","source":"dieturn/yolo26s-obb_ep144@taipei_udd_ortho_2025","source_updated_at":"2026-09-05"},"geometry":{"type":"Polygon","coordinates":[[[121.5041369,25.0301579],[121.5041341,25.0301762],[121.5040727,25.0301687],[121.5040755,25.0301502],[121.5041369,25.0301579]]]}},{"type":"Feature","id":"dt_wsqqtf2tb","properties":{"id":"dt_wsqqtf2tb","status":"auto","conf":0.93,"n_detections":2,"heading_deg":89.7,"length_m":3.3,"width_m":2.51,"corner":"NE","intersection_id":"TPS_01170","intersection_dist_m":9.6,"serves_from_bearing":359.7,"serves_to_bearing":269.7,"serves_quality":"ambiguous","lat":25.0622117,"lon":121.5424351,"confidence":"confirmed","source":"dieturn/yolo26s-obb_ep144@taipei_udd_ortho_2025","source_updated_at":"2026-09-05"},"geometry":{"type":"Polygon","coordinates":[[[121.5424515,25.0622004],[121.5424514,25.0622231],[121.5424187,25.0622229],[121.5424188,25.0622003],[121.5424515,25.0622004]]]}},{"type":"Feature","id":"dt_wsqqx0bxj","properties":{"id":"dt_wsqqx0bxj","status":"auto","conf":0.9297,"n_detections":1,"heading_deg":97.8,"length_m":3.25,"width_m":2.22,"corner":"NE","intersection_id":"TPS_01791","intersection_dist_m":12.8,"serves_from_bearing":277.8,"serves_to_bearing":187.8,"serves_quality":"ambiguous","lat":25.0541716,"lon":121.5976157,"confidence":"confirmed","source":"dieturn/yolo26s-obb_ep144@taipei_udd_ortho_2025","source_updated_at":"2026-09-05"},"geometry":{"type":"Polygon","coordinates":[[[121.5976301,25.0541596],[121.5976332,25.0541795],[121.5976013,25.0541835],[121.5975982,25.0541637],[121.5976301,25.0541596]]]}},{"type":"Feature","id":"dt_wsqqjwp3y","properties":{"id":"dt_wsqqjwp3y","status":"auto","conf":0.9296,"n_detections":1,"heading_deg":8.1,"length_m":4.59,"width_m":2.57,"corner":"NW","intersection_id":"TPS_00909","intersection_dist_m":13.8,"serves_from_bearing":278.1,"serves_to_bearing":188.1,"serves_quality":"good","lat":24.9942332,"lon":121.5410146,"confidence":"confirmed","source":"dieturn/yolo26s-obb_ep144@taipei_udd_ortho_2025","source_updated_at":"2026-09-05"},"geometry":{"type":"Polygon","coordinates":[[[121.541024,24.9942111],[121.5410304,24.9942522],[121.5410052,24.9942554],[121.5409988,24.9942143],[121.541024,24.9942111]]]}},{"type":"Feature","id":"dt_wsqqkyz3n","properties":{"id":"dt_wsqqkyz3n","status":"auto","conf":0.9295,"n_detections":1,"heading_deg":16.1,"length_m":7.29,"width_m":2.56,"corner":"SE","intersection_id":"TPS_02422","intersection_dist_m":9.1,"serves_from_bearing":106.1,"serves_to_bearing":16.1,"serves_quality":"ambiguous","lat":25.0421736,"lon":121.5080459,"confidence":"confirmed","source":"dieturn/yolo26s-obb_ep144@taipei_udd_ortho_2025","source_updated_at":"2026-09-05"},"geometry":{"type":"Polygon","coordinates":[[[121.5080481,25.0421387],[121.5080682,25.042202],[121.5080437,25.0422084],[121.5080237,25.0421451],[121.5080481,25.0421387]]]}},{"type":"Feature","id":"dt_wsqqmd12y","properties":{"id":"dt_wsqqmd12y","status":"auto","conf":0.9294,"n_detections":1,"heading_deg":136.7,"length_m":6.19,"width_m":3.0,"corner":"SE","intersection_id":"TPS_00102","intersection_dist_m":30.0,"serves_from_bearing":136.7,"serves_to_bearing":46.7,"serves_quality":"good","lat":25.0160354,"lon":121.5327584,"confidence":"confirmed","source":"dieturn/yolo26s-obb_ep144@taipei_udd_ortho_2025","source_updated_at":"2026-09-05"},"geometry":{"type":"Polygon","coordinates":[[[121.5327903,25.0160243],[121.5327482,25.0160651],[121.5327264,25.0160465],[121.5327685,25.0160058],[121.5327903,25.0160243]]]}},{"type":"Feature","id":"dt_wsqqkwp7e","properties":{"id":"dt_wsqqkwp7e","status":"auto","conf":0.9294,"n_detections":1,"heading_deg":38.2,"length_m":5.04,"width_m":2.42,"corner":"SW","intersection_id":"TPS_00796","intersection_dist_m":23.5,"serves_from_bearing":218.2,"serves_to_bearing":128.2,"serves_quality":"good","lat":25.0384563,"lon":121.4969231,"confidence":"confirmed","source":"dieturn/yolo26s-obb_ep144@taipei_udd_ortho_2025","source_updated_at":"2026-09-05"},"geometry":{"type":"Polygon","coordinates":[[[121.4969171,25.0384317],[121.496948,25.0384675],[121.4969291,25.0384809],[121.4968982,25.0384451],[121.4969171,25.0384317]]]}},{"type":"Feature","id":"dt_wsqqnmx75","properties":{"id":"dt_wsqqnmx75","status":"auto","conf":0.9292,"n_detections":1,"heading_deg":171.6,"length_m":3.68,"width_m":2.47,"corner":"NE","intersection_id":"TPS_00181","intersection_dist_m":14.2,"serves_from_bearing":351.6,"serves_to_bearing":261.6,"serves_quality":"ambiguous","lat":24.9916803,"lon":121.5738194,"confidence":"confirmed","source":"dieturn/yolo26s-obb_ep144@taipei_udd_ortho_2025","source_updated_at":"2026-09-05"},"geometry":{"type":"Polygon","coordinates":[[[121.5738342,24.9916655],[121.5738288,24.9916984],[121.5738045,24.9916951],[121.5738099,24.9916622],[121.5738342,24.9916655]]]}},{"type":"Feature","id":"dt_wsqqwt00r","properties":{"id":"dt_wsqqwt00r","status":"auto","conf":0.9292,"n_detections":1,"heading_deg":31.9,"length_m":5.88,"width_m":2.27,"corner":"NE","intersection_id":"TPS_00995","intersection_dist_m":13.0,"serves_from_bearing":31.9,"serves_to_bearing":301.9,"serves_quality":"good","lat":25.0763669,"lon":121.575043,"confidence":"confirmed","source":"dieturn/yolo26s-obb_ep144@taipei_udd_ortho_2025","source_updated_at":"2026-09-05"},"geometry":{"type":"Polygon","coordinates":[[[121.5750372,25.0763389],[121.575068,25.0763841],[121.5750488,25.0763948],[121.575018,25.0763497],[121.5750372,25.0763389]]]}},{"type":"Feature","id":"dt_wsqqmgedu","properties":{"id":"dt_wsqqmgedu","status":"auto","conf":0.9291,"n_detections":1,"heading_deg":84.5,"length_m":3.53,"width_m":2.46,"corner":"SE","intersection_id":"TPS_00619","intersection_dist_m":12.6,"serves_from_bearing":84.5,"serves_to_bearing":354.5,"serves_quality":"good","lat":25.0245814,"lon":121.5467408,"confidence":"confirmed","source":"dieturn/yolo26s-obb_ep144@taipei_udd_ortho_2025","source_updated_at":"2026-09-05"},"geometry":{"type":"Polygon","coordinates":[[[121.5467594,25.0245718],[121.546757,25.0245939],[121.5467222,25.0245909],[121.5467246,25.0245688],[121.5467594,25.0245718]]]}},{"type":"Feature","id":"dt_wsqqm5zmn","properties":{"id":"dt_wsqqm5zmn","status":"auto","conf":0.929,"n_detections":1,"heading_deg":110.6,"length_m":3.96,"width_m":2.46,"corner":"SE","intersection_id":"TPS_00822","intersection_dist_m":16.5,"serves_from_bearing":110.6,"serves_to_bearing":20.6,"serves_quality":"good","lat":25.0263469,"lon":121.5190166,"confidence":"confirmed","source":"dieturn/yolo26s-obb_ep144@taipei_udd_ortho_2025","source_updated_at":"2026-09-05"},"geometry":{"type":"Polygon","coordinates":[[[121.5190306,25.0263302],[121.5190393,25.026351],[121.5190025,25.0263636],[121.5189939,25.0263428],[121.5190306,25.0263302]]]}},{"type":"Feature","id":"dt_wsqqwe03v","properties":{"id":"dt_wsqqwe03v","status":"auto","conf":0.9286,"n_detections":1,"heading_deg":65.5,"length_m":8.46,"width_m":2.69,"corner":"SE","intersection_id":"TPS_00753","intersection_dist_m":11.7,"serves_from_bearing":65.5,"serves_to_bearing":335.5,"serves_quality":"good","lat":25.0656119,"lon":121.5752888,"confidence":"confirmed","source":"dieturn/yolo26s-obb_ep144@taipei_udd_ortho_2025","source_updated_at":"2026-09-05"},"geometry":{"type":"Polygon","coordinates":[[[121.5753325,25.0656168],[121.5753213,25.0656389],[121.575245,25.0656071],[121.5752562,25.065585],[121.5753325,25.0656168]]]}},{"type":"Feature","id":"dt_wsqqqp0xp","properties":{"id":"dt_wsqqqp0xp","status":"auto","conf":0.9283,"n_detections":1,"heading_deg":82.3,"length_m":3.15,"width_m":2.08,"corner":"NW","intersection_id":"TPS_00580","intersection_dist_m":18.2,"serves_from_bearing":352.3,"serves_to_bearing":262.3,"serves_quality":"ambiguous","lat":25.0445442,"lon":121.5537531,"confidence":"confirmed","source":"dieturn/yolo26s-obb_ep144@taipei_udd_ortho_2025","source_updated_at":"2026-09-05"},"geometry":{"type":"Polygon","coordinates":[[[121.55377,25.0445368],[121.5537672,25.0445554],[121.5537362,25.0445516],[121.5537389,25.044533],[121.55377,25.0445368]]]}},{"type":"Feature","id":"dt_wsqqqxmu4","properties":{"id":"dt_wsqqqxmu4","status":"auto","conf":0.9282,"n_detections":1,"heading_deg":117.6,"length_m":6.04,"width_m":2.5,"corner":"NE","intersection_id":"TPS_00336","intersection_dist_m":15.1,"serves_from_bearing":297.6,"serves_to_bearing":207.6,"serves_quality":"good","lat":25.0454253,"lon":121.582708,"confidence":"confirmed","source":"dieturn/yolo26s-obb_ep144@taipei_udd_ortho_2025","source_updated_at":"2026-09-05"},"geometry":{"type":"Polygon","coordinates":[[[121.5827287,25.0454026],[121.5827403,25.0454226],[121.5826873,25.0454479],[121.5826757,25.045428],[121.5827287,25.0454026]]]}},{"type":"Feature","id":"dt_wsqqw7e3w","properties":{"id":"dt_wsqqw7e3w","status":"auto","conf":0.9278,"n_detections":2,"heading_deg":12.8,"length_m":5.52,"width_m":2.32,"corner":"NE","intersection_id":"TPS_01486","intersection_dist_m":30.8,"serves_from_bearing":12.8,"serves_to_bearing":282.8,"serves_quality":"good","lat":25.0683415,"lon":121.5684733,"confidence":"confirmed","source":"dieturn/yolo26s-obb_ep144@taipei_udd_ortho_2025","source_updated_at":"2026-09-05"},"geometry":{"type":"Polygon","coordinates":[[[121.5684785,25.0683149],[121.5684906,25.0683635],[121.5684681,25.0683681],[121.568456,25.0683195],[121.5684785,25.0683149]]]}},{"type":"Feature","id":"dt_wsqqt9h4q","properties":{"id":"dt_wsqqt9h4q","status":"auto","conf":0.9278,"n_detections":1,"heading_deg":179.8,"length_m":6.7,"width_m":2.33,"corner":"SW","intersection_id":"TPS_01439","intersection_dist_m":9.5,"serves_from_bearing":179.8,"serves_to_bearing":89.8,"serves_quality":"good","lat":25.0547237,"lon":121.5365418,"confidence":"confirmed","source":"dieturn/yolo26s-obb_ep144@taipei_udd_ortho_2025","source_updated_at":"2026-09-05"},"geometry":{"type":"Polygon","coordinates":[[[121.5365535,25.0546934],[121.5365533,25.054754],[121.5365302,25.0547539],[121.5365304,25.0546934],[121.5365535,25.0546934]]]}},{"type":"Feature","id":"dt_wsqqw0811","properties":{"id":"dt_wsqqw0811","status":"auto","conf":0.9276,"n_detections":2,"heading_deg":4.9,"length_m":6.28,"width_m":3.22,"corner":"NW","intersection_id":"TPS_02445","intersection_dist_m":20.3,"serves_from_bearing":274.9,"serves_to_bearing":184.9,"serves_quality":"ambiguous","lat":25.0517507,"lon":121.5527825,"confidence":"confirmed","source":"dieturn/yolo26s-obb_ep144@taipei_udd_ortho_2025","source_updated_at":"2026-09-05"},"geometry":{"type":"Polygon","coordinates":[[[121.5527957,25.0517212],[121.5528011,25.0517777],[121.5527692,25.0517802],[121.5527639,25.0517236],[121.5527957,25.0517212]]]}},{"type":"Feature","id":"dt_wsqqqnpz3","properties":{"id":"dt_wsqqqnpz3","status":"auto","conf":0.9273,"n_detections":1,"heading_deg":1.7,"length_m":5.09,"width_m":2.75,"corner":"SW","intersection_id":"TPS_02412","intersection_dist_m":18.2,"serves_from_bearing":181.7,"serves_to_bearing":91.7,"serves_quality":"good","lat":25.0391078,"lon":121.5634375,"confidence":"confirmed","source":"dieturn/yolo26s-obb_ep144@taipei_udd_ortho_2025","source_updated_at":"2026-09-05"},"geometry":{"type":"Polygon","coordinates":[[[121.5634504,25.0390845],[121.5634519,25.0391305],[121.5634246,25.0391312],[121.5634231,25.0390852],[121.5634504,25.0390845]]]}},{"type":"Feature","id":"dt_wsqqtkb2c","properties":{"id":"dt_wsqqtkb2c","status":"auto","conf":0.9272,"n_detections":1,"heading_deg":101.6,"length_m":6.49,"width_m":3.38,"corner":"SE","intersection_id":"TPS_00139","intersection_dist_m":16.0,"serves_from_bearing":101.6,"serves_to_bearing":11.6,"serves_quality":"good","lat":25.0750673,"lon":121.5201912,"confidence":"confirmed","source":"dieturn/yolo26s-obb_ep144@taipei_udd_ortho_2025","source_updated_at":"2026-09-05"},"geometry":{"type":"Polygon","coordinates":[[[121.5202193,25.0750465],[121.5202261,25.0750764],[121.5201631,25.0750882],[121.5201563,25.0750583],[121.5202193,25.0750465]]]}},{"type":"Feature","id":"dt_wsqqt6tbz","properties":{"id":"dt_wsqqt6tbz","status":"auto","conf":0.9269,"n_detections":1,"heading_deg":5.1,"length_m":8.94,"width_m":2.67,"corner":"NE","intersection_id":"TPS_00045","intersection_dist_m":36.0,"serves_from_bearing":5.1,"serves_to_bearing":275.1,"serves_quality":"good","lat":25.0627234,"lon":121.5279753,"confidence":"confirmed","source":"dieturn/yolo26s-obb_ep144@taipei_udd_ortho_2025","source_updated_at":"2026-09-05"},"geometry":{"type":"Polygon","coordinates":[[[121.5279846,25.0626821],[121.5279925,25.0627627],[121.5279661,25.0627648],[121.5279581,25.0626843],[121.5279846,25.0626821]]]}},{"type":"Feature","id":"dt_wsqqmt1w3","properties":{"id":"dt_wsqqmt1w3","status":"auto","conf":0.9268,"n_detections":1,"heading_deg":86.5,"length_m":6.69,"width_m":2.61,"corner":"NW","intersection_id":"TPS_00303","intersection_dist_m":3.1,"serves_from_bearing":266.5,"serves_to_bearing":176.5,"serves_quality":"ambiguous","lat":25.0334456,"lon":121.5328862,"confidence":"confirmed","source":"dieturn/yolo26s-obb_ep144@taipei_udd_ortho_2025","source_updated_at":"2026-09-05"},"geometry":{"type":"Polygon","coordinates":[[[121.5329201,25.0334357],[121.5329185,25.0334592],[121.5328522,25.0334555],[121.5328538,25.033432],[121.5329201,25.0334357]]]}},{"type":"Feature","id":"dt_wsqqktpup","properties":{"id":"dt_wsqqktpup","status":"auto","conf":0.9267,"n_detections":1,"heading_deg":25.1,"length_m":7.5,"width_m":3.19,"corner":"SW","intersection_id":"TPS_00184","intersection_dist_m":21.0,"serves_from_bearing":205.1,"serves_to_bearing":115.1,"serves_quality":"good","lat":25.0330771,"lon":121.4977709,"confidence":"confirmed","source":"dieturn/yolo26s-obb_ep144@taipei_udd_ortho_2025","source_updated_at":"2026-09-05"},"geometry":{"type":"Polygon","coordinates":[[[121.4977695,25.0330403],[121.4978011,25.0331018],[121.4977724,25.0331139],[121.4977408,25.0330524],[121.4977695,25.0330403]]]}},{"type":"Feature","id":"dt_wsqqv206b","properties":{"id":"dt_wsqqv206b","status":"auto","conf":0.9264,"n_detections":1,"heading_deg":57.3,"length_m":7.73,"width_m":2.53,"corner":"SE","intersection_id":"TPS_00959","intersection_dist_m":16.6,"serves_from_bearing":57.3,"serves_to_bearing":327.3,"serves_quality":"good","lat":25.0932645,"lon":121.5201517,"confidence":"confirmed","source":"dieturn/yolo26s-obb_ep144@taipei_udd_ortho_2025","source_updated_at":"2026-09-05"},"geometry":{"type":"Polygon","coordinates":[[[121.5201908,25.0932738],[121.5201771,25.093293],[121.5201126,25.0932552],[121.5201264,25.093236],[121.5201908,25.0932738]]]}},{"type":"Feature","id":"dt_wsqqmg11h","properties":{"id":"dt_wsqqmg11h","status":"auto","conf":0.9262,"n_detections":2,"heading_deg":86.1,"length_m":2.45,"width_m":2.26,"corner":"SE","intersection_id":"TPS_02517","intersection_dist_m":12.7,"serves_from_bearing":176.1,"serves_to_bearing":86.1,"serves_quality":"ambiguous","lat":25.0215616,"lon":121.5433022,"confidence":"confirmed","source":"dieturn/yolo26s-obb_ep144@taipei_udd_ortho_2025","source_updated_at":"2026-09-05"},"geometry":{"type":"Polygon","coordinates":[[[121.5433151,25.0215522],[121.5433135,25.0215725],[121.5432892,25.021571],[121.5432909,25.0215506],[121.5433151,25.0215522]]]}},{"type":"Feature","id":"dt_wsqqkyrrx","properties":{"id":"dt_wsqqkyrrx","status":"auto","conf":0.9261,"n_detections":1,"heading_deg":16.1,"length_m":5.36,"width_m":2.43,"corner":"NE","intersection_id":"TPS_00192","intersection_dist_m":27.6,"serves_from_bearing":16.1,"serves_to_bearing":286.1,"serves_quality":"good","lat":25.0405199,"lon":121.5080859,"confidence":"confirmed","source":"dieturn/yolo26s-obb_ep144@taipei_udd_ortho_2025","source_updated_at":"2026-09-05"},"geometry":{"type":"Polygon","coordinates":[[[121.5080901,25.0404936],[121.5081049,25.0405401],[121.5080817,25.0405462],[121.5080669,25.0404996],[121.5080901,25.0404936]]]}},{"type":"Feature","id":"dt_wsqquufub","properties":{"id":"dt_wsqquufub","status":"auto","conf":0.9261,"n_detections":1,"heading_deg":133.6,"length_m":5.4,"width_m":2.81,"corner":"NE","intersection_id":"TPS_00550","intersection_dist_m":21.6,"serves_from_bearing":313.6,"serves_to_bearing":223.6,"serves_quality":"good","lat":25.1197083,"lon":121.5015819,"confidence":"confirmed","source":"dieturn/yolo26s-obb_ep144@taipei_udd_ortho_2025","source_updated_at":"2026-09-05"},"geometry":{"type":"Polygon","coordinates":[[[121.501611,25.1197006],[121.5015722,25.1197343],[121.5015529,25.119716],[121.5015916,25.1196824],[121.501611,25.1197006]]]}},{"type":"Feature","id":"dt_wsqqw0tb4","properties":{"id":"dt_wsqqw0tb4","status":"auto","conf":0.9261,"n_detections":1,"heading_deg":87.0,"length_m":4.73,"width_m":2.39,"corner":"NW","intersection_id":"TPS_00719","intersection_dist_m":14.8,"serves_from_bearing":267.0,"serves_to_bearing":177.0,"serves_quality":"good","lat":25.0516176,"lon":121.5607533,"confidence":"confirmed","source":"dieturn/yolo26s-obb_ep144@taipei_udd_ortho_2025","source_updated_at":"2026-09-05"},"geometry":{"type":"Polygon","coordinates":[[[121.5607774,25.0516079],[121.5607761,25.0516295],[121.5607292,25.0516273],[121.5607305,25.0516056],[121.5607774,25.0516079]]]}},{"type":"Feature","id":"dt_wsqqmzc9r","properties":{"id":"dt_wsqqmzc9r","status":"auto","conf":0.9261,"n_detections":2,"heading_deg":179.4,"length_m":5.48,"width_m":2.57,"corner":"NW","intersection_id":"TPS_02538","intersection_dist_m":14.9,"serves_from_bearing":269.4,"serves_to_bearing":179.4,"serves_quality":"ambiguous","lat":25.047678,"lon":121.544116,"confidence":"confirmed","source":"dieturn/yolo26s-obb_ep144@taipei_udd_ortho_2025","source_updated_at":"2026-09-05"},"geometry":{"type":"Polygon","coordinates":[[[121.544129,25.0476534],[121.5441284,25.0477029],[121.544103,25.0477027],[121.5441035,25.0476531],[121.544129,25.0476534]]]}},{"type":"Feature","id":"dt_wsqqqn52q","properties":{"id":"dt_wsqqqn52q","status":"auto","conf":0.926,"n_detections":1,"heading_deg":87.8,"length_m":4.65,"width_m":2.45,"corner":"NW","intersection_id":"TPS_00023","intersection_dist_m":25.4,"serves_from_bearing":267.8,"serves_to_bearing":177.8,"serves_quality":"good","lat":25.0378995,"lon":121.5574785,"confidence":"confirmed","source":"dieturn/yolo26s-obb_ep144@taipei_udd_ortho_2025","source_updated_at":"2026-09-05"},"geometry":{"type":"Polygon","coordinates":[[[121.557502,25.0378892],[121.5575011,25.0379114],[121.557455,25.0379097],[121.5574559,25.0378876],[121.557502,25.0378892]]]}},{"type":"Feature","id":"dt_wsqqx7fwn","properties":{"id":"dt_wsqqx7fwn","status":"auto","conf":0.926,"n_detections":1,"heading_deg":125.6,"length_m":3.13,"width_m":2.0,"corner":"NE","intersection_id":"TPS_01008","intersection_dist_m":14.2,"serves_from_bearing":35.6,"serves_to_bearing":305.6,"serves_quality":"good","lat":25.0704842,"lon":121.6113769,"confidence":"confirmed","source":"dieturn/yolo26s-obb_ep144@taipei_udd_ortho_2025","source_updated_at":"2026-09-05"},"geometry":{"type":"Polygon","coordinates":[[[121.6113837,25.0704687],[121.6113954,25.0704833],[121.6113701,25.0704998],[121.6113585,25.0704851],[121.6113837,25.0704687]]]}},{"type":"Feature","id":"dt_wsqqmu33k","properties":{"id":"dt_wsqqmu33k","status":"auto","conf":0.9253,"n_detections":1,"heading_deg":2.4,"length_m":4.51,"width_m":2.62,"corner":"NE","intersection_id":"TPS_00588","intersection_dist_m":15.9,"serves_from_bearing":2.4,"serves_to_bearing":272.4,"serves_quality":"good","lat":25.0284508,"lon":121.5436559,"confidence":"confirmed","source":"dieturn/yolo26s-obb_ep144@taipei_udd_ortho_2025","source_updated_at":"2026-09-05"},"geometry":{"type":"Polygon","coordinates":[[[121.5436679,25.0284299],[121.5436698,25.0284706],[121.5436438,25.0284716],[121.543642,25.0284308],[121.5436679,25.0284299]]]}},{"type":"Feature","id":"dt_wsqqt9xjq","properties":{"id":"dt_wsqqt9xjq","status":"auto","conf":0.9253,"n_detections":1,"heading_deg":83.7,"length_m":6.14,"width_m":2.79,"corner":"NE","intersection_id":"TPS_00648","intersection_dist_m":17.3,"serves_from_bearing":353.7,"serves_to_bearing":263.7,"serves_quality":"good","lat":25.0579895,"lon":121.5406659,"confidence":"confirmed","source":"dieturn/yolo26s-obb_ep144@taipei_udd_ortho_2025","source_updated_at":"2026-09-05"},"geometry":{"type":"Polygon","coordinates":[[[121.5406976,25.05798],[121.5406946,25.0580051],[121.5406341,25.057999],[121.5406371,25.057974],[121.5406976,25.05798]]]}},{"type":"Feature","id":"dt_wsqqmytmv","properties":{"id":"dt_wsqqmytmv","status":"auto","conf":0.9252,"n_detections":2,"heading_deg":85.5,"length_m":3.17,"width_m":2.98,"corner":"SW","intersection_id":"TPS_02507","intersection_dist_m":15.8,"serves_from_bearing":265.5,"serves_to_bearing":175.5,"serves_quality":"ambiguous","lat":25.0415828,"lon":121.5491851,"confidence":"confirmed","source":"dieturn/yolo26s-obb_ep144@taipei_udd_ortho_2025","source_updated_at":"2026-09-05"},"geometry":{"type":"Polygon","coordinates":[[[121.549202,25.0415705],[121.5491996,25.0415973],[121.5491683,25.0415951],[121.5491707,25.0415682],[121.549202,25.0415705]]]}},{"type":"Feature","id":"dt_wsqqmy51g","properties":{"id":"dt_wsqqmy51g","status":"auto","conf":0.9251,"n_detections":1,"heading_deg":86.8,"length_m":4.69,"width_m":2.44,"corner":"NW","intersection_id":"TPS_00125","intersection_dist_m":25.4,"serves_from_bearing":266.8,"serves_to_bearing":176.8,"serves_quality":"ambiguous","lat":25.0381551,"lon":121.5460209,"confidence":"confirmed","source":"dieturn/yolo26s-obb_ep144@taipei_udd_ortho_2025","source_updated_at":"2026-09-05"},"geometry":{"type":"Polygon","coordinates":[[[121.5460448,25.0381453],[121.5460435,25.0381673],[121.545997,25.038165],[121.5459983,25.0381429],[121.5460448,25.0381453]]]}},{"type":"Feature","id":"dt_wsqqtnbmb","properties":{"id":"dt_wsqqtnbmb","status":"auto","conf":0.9249,"n_detections":1,"heading_deg":71.9,"length_m":8.46,"width_m":3.5,"corner":"NW","intersection_id":"TPS_00768","intersection_dist_m":23.4,"serves_from_bearing":251.9,"serves_to_bearing":161.9,"serves_quality":"good","lat":25.086909,"lon":121.509168,"confidence":"confirmed","source":"dieturn/yolo26s-obb_ep144@taipei_udd_ortho_2025","source_updated_at":"2026-09-05"},"geometry":{"type":"Polygon","coordinates":[[[121.5092134,25.0869059],[121.5092025,25.0869359],[121.5091227,25.0869121],[121.5091336,25.0868821],[121.5092134,25.0869059]]]}},{"type":"Feature","id":"dt_wsqqxjr7z","properties":{"id":"dt_wsqqxjr7z","status":"auto","conf":0.9248,"n_detections":1,"heading_deg":176.5,"length_m":3.14,"width_m":2.87,"corner":"NW","intersection_id":"TPS_01129","intersection_dist_m":9.3,"serves_from_bearing":266.5,"serves_to_bearing":176.5,"serves_quality":"good","lat":25.0783292,"lon":121.6069718,"confidence":"confirmed","source":"dieturn/yolo26s-obb_ep144@taipei_udd_ortho_2025","source_updated_at":"2026-09-05"},"geometry":{"type":"Polygon","coordinates":[[[121.6069869,25.0783158],[121.6069851,25.0783441],[121.6069567,25.0783425],[121.6069587,25.0783142],[121.6069869,25.0783158]]]}},{"type":"Feature","id":"dt_wsqqte692","properties":{"id":"dt_wsqqte692","status":"auto","conf":0.9248,"n_detections":1,"heading_deg":122.6,"length_m":4.05,"width_m":1.97,"corner":"SE","intersection_id":"TPS_01205","intersection_dist_m":13.7,"serves_from_bearing":122.6,"serves_to_bearing":32.6,"serves_quality":"good","lat":25.0669232,"lon":121.5342215,"confidence":"confirmed","source":"dieturn/yolo26s-obb_ep144@taipei_udd_ortho_2025","source_updated_at":"2026-09-05"},"geometry":{"type":"Polygon","coordinates":[[[121.5342331,25.0669059],[121.5342438,25.0669209],[121.5342099,25.0669406],[121.5341993,25.0669256],[121.5342331,25.0669059]]]}},{"type":"Feature","id":"dt_wsqqmqwcq","properties":{"id":"dt_wsqqmqwcq","status":"auto","conf":0.9247,"n_detections":1,"heading_deg":12.3,"length_m":4.17,"width_m":2.42,"corner":"SE","intersection_id":"TPS_00506","intersection_dist_m":14.3,"serves_from_bearing":12.3,"serves_to_bearing":282.3,"serves_quality":"good","lat":25.0408418,"lon":121.5293361,"confidence":"confirmed","source":"dieturn/yolo26s-obb_ep144@taipei_udd_ortho_2025","source_updated_at":"2026-09-05"},"geometry":{"type":"Polygon","coordinates":[[[121.5293434,25.0408211],[121.5293522,25.0408579],[121.5293287,25.0408625],[121.5293199,25.0408257],[121.5293434,25.0408211]]]}},{"type":"Feature","id":"dt_wsqqt68f2","properties":{"id":"dt_wsqqt68f2","status":"auto","conf":0.9247,"n_detections":1,"heading_deg":84.2,"length_m":3.87,"width_m":3.06,"corner":"NW","intersection_id":"TPS_00783","intersection_dist_m":14.8,"serves_from_bearing":264.2,"serves_to_bearing":174.2,"serves_quality":"ambiguous","lat":25.0629478,"lon":121.5208073,"confidence":"confirmed","source":"dieturn/yolo26s-obb_ep144@taipei_udd_ortho_2025","source_updated_at":"2026-09-05"},"geometry":{"type":"Polygon","coordinates":[[[121.5208279,25.0629358],[121.5208248,25.0629633],[121.5207867,25.0629598],[121.5207897,25.0629323],[121.5208279,25.0629358]]]}},{"type":"Feature","id":"dt_wsqqmk899","properties":{"id":"dt_wsqqmk899","status":"auto","conf":0.9246,"n_detections":1,"heading_deg":145.9,"length_m":6.12,"width_m":2.72,"corner":"NE","intersection_id":"TPS_00265","intersection_dist_m":14.3,"serves_from_bearing":55.9,"serves_to_bearing":325.9,"serves_quality":"ambiguous","lat":25.0299005,"lon":121.5205343,"confidence":"confirmed","source":"dieturn/yolo26s-obb_ep144@taipei_udd_ortho_2025","source_updated_at":"2026-09-05"},"geometry":{"type":"Polygon","coordinates":[[[121.5205626,25.0298844],[121.5205286,25.0299303],[121.5205061,25.0299166],[121.52054,25.0298708],[121.5205626,25.0298844]]]}},{"type":"Feature","id":"dt_wsqqkucbv","properties":{"id":"dt_wsqqkucbv","status":"auto","conf":0.9246,"n_detections":1,"heading_deg":6.8,"length_m":3.31,"width_m":2.15,"corner":"SW","intersection_id":"TPS_00922","intersection_dist_m":14.1,"serves_from_bearing":186.8,"serves_to_bearing":96.8,"serves_quality":"good","lat":25.0311186,"lon":121.5004618,"confidence":"confirmed","source":"dieturn/yolo26s-obb_ep144@taipei_udd_ortho_2025","source_updated_at":"2026-09-05"},"geometry":{"type":"Polygon","coordinates":[[[121.5004705,25.0311026],[121.5004743,25.0311323],[121.5004532,25.0311346],[121.5004492,25.0311049],[121.5004705,25.0311026]]]}},{"type":"Feature","id":"dt_wsqqkvz2m","properties":{"id":"dt_wsqqkvz2m","status":"auto","conf":0.9245,"n_detections":1,"heading_deg":110.8,"length_m":4.15,"width_m":2.3,"corner":"SW","intersection_id":"TPS_00268","intersection_dist_m":32.2,"serves_from_bearing":110.8,"serves_to_bearing":20.8,"serves_quality":"good","lat":25.0365291,"lon":121.5080032,"confidence":"confirmed","source":"dieturn/yolo26s-obb_ep144@taipei_udd_ortho_2025","source_updated_at":"2026-09-05"},"geometry":{"type":"Polygon","coordinates":[[[121.5080183,25.0365127],[121.5080265,25.0365321],[121.507988,25.0365455],[121.5079798,25.0365261],[121.5080183,25.0365127]]]}},{"type":"Feature","id":"dt_wsqqwtqs2","properties":{"id":"dt_wsqqwtqs2","status":"auto","conf":0.9245,"n_detections":1,"heading_deg":83.7,"length_m":3.67,"width_m":2.28,"corner":"SE","intersection_id":"TPS_00833","intersection_dist_m":16.5,"serves_from_bearing":83.7,"serves_to_bearing":353.7,"serves_quality":"good","lat":25.0784005,"lon":121.583641,"confidence":"confirmed","source":"dieturn/yolo26s-obb_ep144@taipei_udd_ortho_2025","source_updated_at":"2026-09-05"},"geometry":{"type":"Polygon","coordinates":[[[121.5836604,25.0783921],[121.5836578,25.0784125],[121.5836216,25.0784089],[121.5836241,25.0783884],[121.5836604,25.0783921]]]}},{"type":"Feature","id":"dt_wsqqmwhfx","properties":{"id":"dt_wsqqmwhfx","status":"auto","conf":0.9237,"n_detections":1,"heading_deg":90.8,"length_m":7.37,"width_m":2.71,"corner":"SW","intersection_id":"TPS_01101","intersection_dist_m":10.9,"serves_from_bearing":180.8,"serves_to_bearing":90.8,"serves_quality":"good","lat":25.0382818,"lon":121.5376078,"confidence":"confirmed","source":"dieturn/yolo26s-obb_ep144@taipei_udd_ortho_2025","source_updated_at":"2026-09-05"},"geometry":{"type":"Polygon","coordinates":[[[121.5376441,25.038269],[121.5376445,25.0382935],[121.5375714,25.0382945],[121.5375711,25.03827],[121.5376441,25.038269]]]}},{"type":"Feature","id":"dt_wsqqt69bw","properties":{"id":"dt_wsqqt69bw","status":"auto","conf":0.9236,"n_detections":1,"heading_deg":179.9,"length_m":5.34,"width_m":3.48,"corner":"SW","intersection_id":"TPS_00049","intersection_dist_m":18.6,"serves_from_bearing":179.9,"serves_to_bearing":89.9,"serves_quality":"good","lat":25.0626733,"lon":121.5224719,"confidence":"confirmed","source":"dieturn/yolo26s-obb_ep144@taipei_udd_ortho_2025","source_updated_at":"2026-09-05"},"geometry":{"type":"Polygon","coordinates":[[[121.5224892,25.0626492],[121.5224891,25.0626975],[121.5224546,25.0626974],[121.5224546,25.0626491],[121.5224892,25.0626492]]]}},{"type":"Feature","id":"dt_wsqqx6jhc","properties":{"id":"dt_wsqqx6jhc","status":"auto","conf":0.9236,"n_detections":1,"heading_deg":129.2,"length_m":6.25,"width_m":2.5,"corner":"NE","intersection_id":"TPS_00854","intersection_dist_m":17.3,"serves_from_bearing":39.2,"serves_to_bearing":309.2,"serves_quality":"good","lat":25.0606308,"lon":121.6145932,"confidence":"confirmed","source":"dieturn/yolo26s-obb_ep144@taipei_udd_ortho_2025","source_updated_at":"2026-09-05"},"geometry":{"type":"Polygon","coordinates":[[[121.6146251,25.0606217],[121.6145771,25.0606574],[121.6145612,25.06064],[121.6146092,25.0606043],[121.6146251,25.0606217]]]}},{"type":"Feature","id":"dt_wsqqmthyh","properties":{"id":"dt_wsqqmthyh","status":"auto","conf":0.9235,"n_detections":1,"heading_deg":4.0,"length_m":5.5,"width_m":2.45,"corner":"SW","intersection_id":"TPS_00296","intersection_dist_m":16.1,"serves_from_bearing":184.0,"serves_to_bearing":94.0,"serves_quality":"good","lat":25.033409,"lon":121.5374692,"confidence":"confirmed","source":"dieturn/yolo26s-obb_ep144@taipei_udd_ortho_2025","source_updated_at":"2026-09-05"},"geometry":{"type":"Polygon","coordinates":[[[121.5374794,25.0333834],[121.5374833,25.0334331],[121.537459,25.0334346],[121.5374552,25.0333849],[121.5374794,25.0333834]]]}},{"type":"Feature","id":"dt_wsqqtq6ud","properties":{"id":"dt_wsqqtq6ud","status":"auto","conf":0.9234,"n_detections":1,"heading_deg":88.7,"length_m":8.03,"width_m":3.19,"corner":"SE","intersection_id":"TPS_00151","intersection_dist_m":19.4,"serves_from_bearing":88.7,"serves_to_bearing":358.7,"serves_quality":"good","lat":25.0839745,"lon":121.5236463,"confidence":"confirmed","source":"dieturn/yolo26s-obb_ep144@taipei_udd_ortho_2025","source_updated_at":"2026-09-05"},"geometry":{"type":"Polygon","coordinates":[[[121.5236865,25.0839609],[121.5236857,25.0839898],[121.5236061,25.0839881],[121.5236069,25.0839593],[121.5236865,25.0839609]]]}},{"type":"Feature","id":"dt_wsqqtq4d6","properties":{"id":"dt_wsqqtq4d6","status":"auto","conf":0.9232,"n_detections":1,"heading_deg":17.1,"length_m":3.43,"width_m":2.31,"corner":"SE","intersection_id":"TPS_00688","intersection_dist_m":18.8,"serves_from_bearing":17.1,"serves_to_bearing":287.1,"serves_quality":"good","lat":25.0821801,"lon":121.5233183,"confidence":"confirmed","source":"dieturn/yolo26s-obb_ep144@taipei_udd_ortho_2025","source_updated_at":"2026-09-05"},"geometry":{"type":"Polygon","coordinates":[[[121.5233243,25.0821622],[121.5233343,25.0821919],[121.5233124,25.082198],[121.5233024,25.0821683],[121.5233243,25.0821622]]]}},{"type":"Feature","id":"dt_wsqqt01ph","properties":{"id":"dt_wsqqt01ph","status":"auto","conf":0.9232,"n_detections":1,"heading_deg":10.8,"length_m":4.03,"width_m":2.53,"corner":"SW","intersection_id":"TPS_00776","intersection_dist_m":19.2,"serves_from_bearing":190.8,"serves_to_bearing":100.8,"serves_quality":"good","lat":25.0500661,"lon":121.5103708,"confidence":"confirmed","source":"dieturn/yolo26s-obb_ep144@taipei_udd_ortho_2025","source_updated_at":"2026-09-05"},"geometry":{"type":"Polygon","coordinates":[[[121.5103793,25.0500461],[121.5103869,25.0500819],[121.5103622,25.0500861],[121.5103547,25.0500503],[121.5103793,25.0500461]]]}},{"type":"Feature","id":"dt_wsqqqjgqj","properties":{"id":"dt_wsqqqjgqj","status":"auto","conf":0.9231,"n_detections":1,"heading_deg":3.0,"length_m":7.87,"width_m":2.73,"corner":"SW","intersection_id":"TPS_00023","intersection_dist_m":24.3,"serves_from_bearing":183.0,"serves_to_bearing":93.0,"serves_quality":"good","lat":25.0375026,"lon":121.5574468,"confidence":"confirmed","source":"dieturn/yolo26s-obb_ep144@taipei_udd_ortho_2025","source_updated_at":"2026-09-05"},"geometry":{"type":"Polygon","coordinates":[[[121.5574583,25.0374664],[121.5574624,25.0375375],[121.5574353,25.0375388],[121.5574313,25.0374676],[121.5574583,25.0374664]]]}},{"type":"Feature","id":"dt_wsqqv1dkn","properties":{"id":"dt_wsqqv1dkn","status":"auto","conf":0.9231,"n_detections":1,"heading_deg":81.8,"length_m":6.27,"width_m":2.51,"corner":"NW","intersection_id":"TPS_00402","intersection_dist_m":22.8,"serves_from_bearing":261.8,"serves_to_bearing":171.8,"serves_quality":"good","lat":25.101732,"lon":121.5121469,"confidence":"confirmed","source":"dieturn/yolo26s-obb_ep144@taipei_udd_ortho_2025","source_updated_at":"2026-09-05"},"geometry":{"type":"Polygon","coordinates":[[[121.5121794,25.1017248],[121.5121758,25.1017473],[121.5121143,25.1017392],[121.512118,25.1017168],[121.5121794,25.1017248]]]}},{"type":"Feature","id":"dt_wsqqqqtfy","properties":{"id":"dt_wsqqqqtfy","status":"auto","conf":0.9231,"n_detections":1,"heading_deg":91.4,"length_m":6.18,"width_m":2.8,"corner":"NW","intersection_id":"TPS_00635","intersection_dist_m":12.6,"serves_from_bearing":271.4,"serves_to_bearing":181.4,"serves_quality":"good","lat":25.0410813,"lon":121.5719016,"confidence":"confirmed","source":"dieturn/yolo26s-obb_ep144@taipei_udd_ortho_2025","source_updated_at":"2026-09-05"},"geometry":{"type":"Polygon","coordinates":[[[121.5719319,25.041068],[121.5719326,25.0410933],[121.5718713,25.0410946],[121.5718707,25.0410693],[121.5719319,25.041068]]]}},{"type":"Feature","id":"dt_wsqqmppx3","properties":{"id":"dt_wsqqmppx3","status":"auto","conf":0.923,"n_detections":1,"heading_deg":100.4,"length_m":5.36,"width_m":2.65,"corner":"NW","intersection_id":"TPS_00036","intersection_dist_m":16.8,"serves_from_bearing":280.4,"serves_to_bearing":190.4,"serves_quality":"good","lat":25.0446087,"lon":121.5191543,"confidence":"confirmed","source":"dieturn/yolo26s-obb_ep144@taipei_udd_ortho_2025","source_updated_at":"2026-09-05"},"geometry":{"type":"Polygon","coordinates":[[[121.5191781,25.0445925],[121.5191828,25.0446161],[121.5191305,25.0446249],[121.5191258,25.0446013],[121.5191781,25.0445925]]]}},{"type":"Feature","id":"dt_wsqqv39vv","properties":{"id":"dt_wsqqv39vv","status":"auto","conf":0.9229,"n_detections":1,"heading_deg":81.2,"length_m":3.74,"width_m":2.05,"corner":"NW","intersection_id":"TPS_00562","intersection_dist_m":18.1,"serves_from_bearing":261.2,"serves_to_bearing":171.2,"serves_quality":"good","lat":25.1020249,"lon":121.5224054,"confidence":"confirmed","source":"dieturn/yolo26s-obb_ep144@taipei_udd_ortho_2025","source_updated_at":"2026-09-05"},"geometry":{"type":"Polygon","coordinates":[[[121.5224253,25.1020183],[121.5224221,25.1020366],[121.5223854,25.1020315],[121.5223886,25.1020132],[121.5224253,25.1020183]]]}},{"type":"Feature","id":"dt_wsqqt0muw","properties":{"id":"dt_wsqqt0muw","status":"auto","conf":0.9229,"n_detections":1,"heading_deg":101.2,"length_m":7.01,"width_m":2.54,"corner":"NW","intersection_id":"TPS_00729","intersection_dist_m":13.4,"serves_from_bearing":281.2,"serves_to_bearing":191.2,"serves_quality":"good","lat":25.0509875,"lon":121.5169574,"confidence":"confirmed","source":"dieturn/yolo26s-obb_ep144@taipei_udd_ortho_2025","source_updated_at":"2026-09-05"},"geometry":{"type":"Polygon","coordinates":[[[121.516989,25.0509701],[121.5169939,25.0509926],[121.5169257,25.0510049],[121.5169208,25.0509823],[121.516989,25.0509701]]]}},{"type":"Feature","id":"dt_wsqqqx679","properties":{"id":"dt_wsqqqx679","status":"auto","conf":0.9228,"n_detections":1,"heading_deg":86.3,"length_m":6.84,"width_m":2.38,"corner":"SE","intersection_id":"TPS_00335","intersection_dist_m":16.3,"serves_from_bearing":86.3,"serves_to_bearing":356.3,"serves_quality":"good","lat":25.045326,"lon":121.577856,"confidence":"confirmed","source":"dieturn/yolo26s-obb_ep144@taipei_udd_ortho_2025","source_updated_at":"2026-09-05"},"geometry":{"type":"Polygon","coordinates":[[[121.5778905,25.0453172],[121.5778891,25.0453387],[121.5778214,25.0453347],[121.5778229,25.0453133],[121.5778905,25.0453172]]]}},{"type":"Feature","id":"dt_wsqqmh4gx","properties":{"id":"dt_wsqqmh4gx","status":"auto","conf":0.9227,"n_detections":1,"heading_deg":94.6,"length_m":2.58,"width_m":2.43,"corner":"SE","intersection_id":"TPS_00554","intersection_dist_m":10.5,"serves_from_bearing":94.6,"serves_to_bearing":4.6,"serves_quality":"good","lat":25.027461,"lon":121.5128755,"confidence":"confirmed","source":"dieturn/yolo26s-obb_ep144@taipei_udd_ortho_2025","source_updated_at":"2026-09-05"},"geometry":{"type":"Polygon","coordinates":[[[121.5128873,25.027449],[121.5128893,25.027471],[121.5128638,25.0274729],[121.5128618,25.0274509],[121.5128873,25.027449]]]}},{"type":"Feature","id":"dt_wsqqmz33w","properties":{"id":"dt_wsqqmz33w","status":"auto","conf":0.9225,"n_detections":1,"heading_deg":85.5,"length_m":6.55,"width_m":2.8,"corner":"NW","intersection_id":"TPS_00101","intersection_dist_m":18.3,"serves_from_bearing":265.5,"serves_to_bearing":175.5,"serves_quality":"good","lat":25.0449941,"lon":121.5437594,"confidence":"confirmed","source":"dieturn/yolo26s-obb_ep144@taipei_udd_ortho_2025","source_updated_at":"2026-09-05"},"geometry":{"type":"Polygon","coordinates":[[[121.5437928,25.0449838],[121.5437906,25.045009],[121.5437259,25.0450044],[121.5437281,25.0449791],[121.5437928,25.0449838]]]}},{"type":"Feature","id":"dt_wsqqwyqyt","properties":{"id":"dt_wsqqwyqyt","status":"auto","conf":0.9225,"n_detections":1,"heading_deg":156.0,"length_m":5.68,"width_m":2.88,"corner":"NE","intersection_id":"TPS_00267","intersection_dist_m":19.1,"serves_from_bearing":336.0,"serves_to_bearing":246.0,"serves_quality":"good","lat":25.0842892,"lon":121.5951916,"confidence":"confirmed","source":"dieturn/yolo26s-obb_ep144@taipei_udd_ortho_2025","source_updated_at":"2026-09-05"},"geometry":{"type":"Polygon","coordinates":[[[121.5952161,25.084271],[121.5951932,25.0843179],[121.5951671,25.0843075],[121.59519,25.0842605],[121.5952161,25.084271]]]}},{"type":"Feature","id":"dt_wsqqtunzm","properties":{"id":"dt_wsqqtunzm","status":"auto","conf":0.9223,"n_detections":1,"heading_deg":83.5,"length_m":3.8,"width_m":2.12,"corner":"SW","intersection_id":"TPS_00057","intersection_dist_m":26.2,"serves_from_bearing":173.5,"serves_to_bearing":83.5,"serves_quality":"good","lat":25.0720761,"lon":121.5512448,"confidence":"confirmed","source":"dieturn/yolo26s-obb_ep144@taipei_udd_ortho_2025","source_updated_at":"2026-09-05"},"geometry":{"type":"Polygon","coordinates":[[[121.5512648,25.0720686],[121.5512624,25.0720876],[121.5512249,25.0720837],[121.5512273,25.0720647],[121.5512648,25.0720686]]]}},{"type":"Feature","id":"dt_wsqqqh46t","properties":{"id":"dt_wsqqqh46t","status":"auto","conf":0.9218,"n_detections":1,"heading_deg":49.3,"length_m":2.77,"width_m":2.67,"corner":"SE","intersection_id":"TPS_00642","intersection_dist_m":13.0,"serves_from_bearing":139.3,"serves_to_bearing":49.3,"serves_quality":"ambiguous","lat":25.0273019,"lon":121.5560554,"confidence":"confirmed","source":"dieturn/yolo26s-obb_ep144@taipei_udd_ortho_2025","source_updated_at":"2026-09-05"},"geometry":{"type":"Polygon","coordinates":[[[121.5560745,25.027301],[121.5560571,25.0273192],[121.5560362,25.0273029],[121.5560536,25.0272847],[121.5560745,25.027301]]]}},{"type":"Feature","id":"dt_wsqqw02p8","properties":{"id":"dt_wsqqw02p8","status":"auto","conf":0.9218,"n_detections":2,"heading_deg":87.6,"length_m":6.07,"width_m":2.97,"corner":"NE","intersection_id":"TPS_02447","intersection_dist_m":10.8,"serves_from_bearing":357.6,"serves_to_bearing":267.6,"serves_quality":"ambiguous","lat":25.0515121,"lon":121.5527664,"confidence":"confirmed","source":"dieturn/yolo26s-obb_ep144@taipei_udd_ortho_2025","source_updated_at":"2026-09-05"},"geometry":{"type":"Polygon","coordinates":[[[121.5527971,25.0514998],[121.5527958,25.0515267],[121.5527356,25.0515244],[121.5527369,25.0514975],[121.5527971,25.0514998]]]}},{"type":"Feature","id":"dt_wsqqt04jw","properties":{"id":"dt_wsqqt04jw","status":"auto","conf":0.9217,"n_detections":1,"heading_deg":12.7,"length_m":3.26,"width_m":2.22,"corner":"SW","intersection_id":"TPS_00773","intersection_dist_m":20.0,"serves_from_bearing":192.7,"serves_to_bearing":102.7,"serves_quality":"good","lat":25.0498086,"lon":121.5117948,"confidence":"confirmed","source":"dieturn/yolo26s-obb_ep144@taipei_udd_ortho_2025","source_updated_at":"2026-09-05"},"geometry":{"type":"Polygon","coordinates":[[[121.5118021,25.049792],[121.5118092,25.0498208],[121.5117876,25.0498252],[121.5117805,25.0497964],[121.5118021,25.049792]]]}},{"type":"Feature","id":"dt_wsqqw9sc0","properties":{"id":"dt_wsqqw9sc0","status":"auto","conf":0.9214,"n_detections":1,"heading_deg":64.3,"length_m":6.42,"width_m":3.14,"corner":"NW","intersection_id":"TPS_00052","intersection_dist_m":13.2,"serves_from_bearing":244.3,"serves_to_bearing":154.3,"serves_quality":"good","lat":25.0572572,"lon":121.5812541,"confidence":"confirmed","source":"dieturn/yolo26s-obb_ep144@taipei_udd_ortho_2025","source_updated_at":"2026-09-05"},"geometry":{"type":"Polygon","coordinates":[[[121.5812896,25.057257],[121.581276,25.0572825],[121.5812186,25.0572574],[121.5812322,25.0572318],[121.5812896,25.057257]]]}},{"type":"Feature","id":"dt_wsqqqrkym","properties":{"id":"dt_wsqqqrkym","status":"auto","conf":0.9213,"n_detections":1,"heading_deg":99.8,"length_m":8.39,"width_m":2.61,"corner":"NE","intersection_id":"TPS_00145","intersection_dist_m":20.0,"serves_from_bearing":9.8,"serves_to_bearing":279.8,"serves_quality":"good","lat":25.0458143,"lon":121.5704788,"confidence":"confirmed","source":"dieturn/yolo26s-obb_ep144@taipei_udd_ortho_2025","source_updated_at":"2026-09-05"},"geometry":{"type":"Polygon","coordinates":[[[121.5705175,25.0457962],[121.570522,25.0458195],[121.57044,25.0458324],[121.5704355,25.0458092],[121.5705175,25.0457962]]]}},{"type":"Feature","id":"dt_wsqqmzckr","properties":{"id":"dt_wsqqmzckr","status":"auto","conf":0.9212,"n_detections":1,"heading_deg":2.0,"length_m":5.61,"width_m":2.52,"corner":"SW","intersection_id":"TPS_00629","intersection_dist_m":15.9,"serves_from_bearing":182.0,"serves_to_bearing":92.0,"serves_quality":"good","lat":25.0482227,"lon":121.5437943,"confidence":"confirmed","source":"dieturn/yolo26s-obb_ep144@taipei_udd_ortho_2025","source_updated_at":"2026-09-05"},"geometry":{"type":"Polygon","coordinates":[[[121.5438058,25.0481969],[121.5438078,25.0482476],[121.5437828,25.0482485],[121.5437808,25.0481977],[121.5438058,25.0481969]]]}},{"type":"Feature","id":"dt_wsqqwd9w3","properties":{"id":"dt_wsqqwd9w3","status":"auto","conf":0.9211,"n_detections":1,"heading_deg":151.3,"length_m":4.81,"width_m":3.71,"corner":"NE","intersection_id":"TPS_00752","intersection_dist_m":16.1,"serves_from_bearing":331.3,"serves_to_bearing":241.3,"serves_quality":"good","lat":25.0636437,"lon":121.5768345,"confidence":"confirmed","source":"dieturn/yolo26s-obb_ep144@taipei_udd_ortho_2025","source_updated_at":"2026-09-05"},"geometry":{"type":"Polygon","coordinates":[[[121.5768621,25.0636326],[121.5768393,25.0636707],[121.5768069,25.0636548],[121.5768297,25.0636166],[121.5768621,25.0636326]]]}},{"type":"Feature","id":"dt_wsqqmv0jk","properties":{"id":"dt_wsqqmv0jk","status":"auto","conf":0.9207,"n_detections":1,"heading_deg":88.2,"length_m":3.86,"width_m":2.16,"corner":"SE","intersection_id":"TPS_00297","intersection_dist_m":15.5,"serves_from_bearing":88.2,"serves_to_bearing":358.2,"serves_quality":"ambiguous","lat":25.0332827,"lon":121.5419222,"confidence":"confirmed","source":"dieturn/yolo26s-obb_ep144@taipei_udd_ortho_2025","source_updated_at":"2026-09-05"},"geometry":{"type":"Polygon","coordinates":[[[121.5419416,25.0332735],[121.541941,25.033293],[121.5419027,25.0332919],[121.5419034,25.0332724],[121.5419416,25.0332735]]]}},{"type":"Feature","id":"dt_wsqqwjdtf","properties":{"id":"dt_wsqqwjdtf","status":"auto","conf":0.9205,"n_detections":1,"heading_deg":87.4,"length_m":6.63,"width_m":2.66,"corner":"NW","intersection_id":"TPS_00171","intersection_dist_m":13.5,"serves_from_bearing":267.4,"serves_to_bearing":177.4,"serves_quality":"good","lat":25.0800537,"lon":121.5562544,"confidence":"confirmed","source":"dieturn/yolo26s-obb_ep144@taipei_udd_ortho_2025","source_updated_at":"2026-09-05"},"geometry":{"type":"Polygon","coordinates":[[[121.5562879,25.080043],[121.5562867,25.080067],[121.556221,25.0800644],[121.5562222,25.0800403],[121.5562879,25.080043]]]}},{"type":"Feature","id":"dt_wsqqm6vz9","properties":{"id":"dt_wsqqm6vz9","status":"auto","conf":0.9205,"n_detections":1,"heading_deg":132.4,"length_m":4.34,"width_m":2.82,"corner":"NE","intersection_id":"TPS_00496","intersection_dist_m":17.2,"serves_from_bearing":312.4,"serves_to_bearing":222.4,"serves_quality":"good","lat":25.0213143,"lon":121.5277153,"confidence":"confirmed","source":"dieturn/yolo26s-obb_ep144@taipei_udd_ortho_2025","source_updated_at":"2026-09-05"},"geometry":{"type":"Polygon","coordinates":[[[121.5277407,25.0213105],[121.5277089,25.021337],[121.5276899,25.0213182],[121.5277216,25.0212917],[121.5277407,25.0213105]]]}},{"type":"Feature","id":"dt_wsqqqwd6h","properties":{"id":"dt_wsqqqwd6h","status":"auto","conf":0.9203,"n_detections":1,"heading_deg":175.2,"length_m":5.28,"width_m":2.84,"corner":"NE","intersection_id":"TPS_00138","intersection_dist_m":20.1,"serves_from_bearing":355.2,"serves_to_bearing":265.2,"serves_quality":"good","lat":25.0409626,"lon":121.5779839,"confidence":"confirmed","source":"dieturn/yolo26s-obb_ep144@taipei_udd_ortho_2025","source_updated_at":"2026-09-05"},"geometry":{"type":"Polygon","coordinates":[[[121.5780001,25.0409399],[121.5779958,25.0409875],[121.5779677,25.0409854],[121.577972,25.0409378],[121.5780001,25.0409399]]]}},{"type":"Feature","id":"dt_wsqqt8wcx","properties":{"id":"dt_wsqqt8wcx","status":"auto","conf":0.9202,"n_detections":1,"heading_deg":2.9,"length_m":5.68,"width_m":3.16,"corner":"SW","intersection_id":"TPS_00625","intersection_dist_m":13.9,"serves_from_bearing":182.9,"serves_to_bearing":92.9,"serves_quality":"good","lat":25.0518523,"lon":121.5403514,"confidence":"confirmed","source":"dieturn/yolo26s-obb_ep144@taipei_udd_ortho_2025","source_updated_at":"2026-09-05"},"geometry":{"type":"Polygon","coordinates":[[[121.5403656,25.0518259],[121.5403685,25.0518772],[121.5403372,25.0518787],[121.5403343,25.0518274],[121.5403656,25.0518259]]]}},{"type":"Feature","id":"dt_wsqqqkekb","properties":{"id":"dt_wsqqqkekb","status":"auto","conf":0.9202,"n_detections":1,"heading_deg":1.7,"length_m":3.52,"width_m":2.36,"corner":"SW","intersection_id":"TPS_01056","intersection_dist_m":11.2,"serves_from_bearing":181.7,"serves_to_bearing":91.7,"serves_quality":"ambiguous","lat":25.0304189,"lon":121.5682058,"confidence":"confirmed","source":"dieturn/yolo26s-obb_ep144@taipei_udd_ortho_2025","source_updated_at":"2026-09-05"},"geometry":{"type":"Polygon","coordinates":[[[121.568217,25.0304026],[121.568218,25.0304345],[121.5681946,25.0304351],[121.5681936,25.0304032],[121.568217,25.0304026]]]}},{"type":"Feature","id":"dt_wsqqv6xxq","properties":{"id":"dt_wsqqv6xxq","status":"auto","conf":0.92,"n_detections":1,"heading_deg":8.9,"length_m":3.39,"width_m":2.03,"corner":"NE","intersection_id":"TPS_00943","intersection_dist_m":22.8,"serves_from_bearing":8.9,"serves_to_bearing":278.9,"serves_quality":"good","lat":25.1077666,"lon":121.5303444,"confidence":"confirmed","source":"dieturn/yolo26s-obb_ep144@taipei_udd_ortho_2025","source_updated_at":"2026-09-05"},"geometry":{"type":"Polygon","coordinates":[[[121.5303517,25.10775],[121.530357,25.1077803],[121.5303371,25.1077832],[121.5303318,25.1077529],[121.5303517,25.10775]]]}},{"type":"Feature","id":"dt_wsqqt2tgt","properties":{"id":"dt_wsqqt2tgt","status":"auto","conf":0.9199,"n_detections":1,"heading_deg":171.8,"length_m":5.82,"width_m":3.74,"corner":"NE","intersection_id":"TPS_00132","intersection_dist_m":25.0,"serves_from_bearing":351.8,"serves_to_bearing":261.8,"serves_quality":"good","lat":25.0521896,"lon":121.5279269,"confidence":"confirmed","source":"dieturn/yolo26s-obb_ep144@taipei_udd_ortho_2025","source_updated_at":"2026-09-05"},"geometry":{"type":"Polygon","coordinates":[[[121.5279494,25.0521659],[121.5279412,25.052218],[121.5279044,25.0522132],[121.5279127,25.0521612],[121.5279494,25.0521659]]]}},{"type":"Feature","id":"dt_wsqqx0t02","properties":{"id":"dt_wsqqx0t02","status":"auto","conf":0.9199,"n_detections":2,"heading_deg":79.6,"length_m":5.45,"width_m":2.81,"corner":"SE","intersection_id":"TPS_00990","intersection_dist_m":11.1,"serves_from_bearing":169.6,"serves_to_bearing":79.6,"serves_quality":"ambiguous","lat":25.0516192,"lon":121.6035741,"confidence":"confirmed","source":"dieturn/yolo26s-obb_ep144@taipei_udd_ortho_2025","source_updated_at":"2026-09-05"},"geometry":{"type":"Polygon","coordinates":[[[121.6036031,25.0516112],[121.6035981,25.0516362],[121.6035449,25.0516273],[121.60355,25.0516023],[121.6036031,25.0516112]]]}},{"type":"Feature","id":"dt_wsqqtf3yq","properties":{"id":"dt_wsqqtf3yq","status":"auto","conf":0.9196,"n_detections":1,"heading_deg":3.5,"length_m":5.73,"width_m":3.79,"corner":"NW","intersection_id":"TPS_02440","intersection_dist_m":13.3,"serves_from_bearing":273.5,"serves_to_bearing":183.5,"serves_quality":"good","lat":25.0622889,"lon":121.5444516,"confidence":"confirmed","source":"dieturn/yolo26s-obb_ep144@taipei_udd_ortho_2025","source_updated_at":"2026-09-05"},"geometry":{"type":"Polygon","coordinates":[[[121.5444686,25.062262],[121.5444721,25.0623138],[121.5444346,25.0623159],[121.5444311,25.0622641],[121.5444686,25.062262]]]}},{"type":"Feature","id":"dt_wsqqwgeu6","properties":{"id":"dt_wsqqwgeu6","status":"auto","conf":0.9193,"n_detections":1,"heading_deg":9.8,"length_m":6.13,"width_m":5.42,"corner":"SE","intersection_id":"TPS_00167","intersection_dist_m":21.5,"serves_from_bearing":99.8,"serves_to_bearing":9.8,"serves_quality":"good","lat":25.0688034,"lon":121.5909647,"confidence":"confirmed","source":"dieturn/yolo26s-obb_ep144@taipei_udd_ortho_2025","source_updated_at":"2026-09-05"},"geometry":{"type":"Polygon","coordinates":[[[121.590986,25.068772],[121.5909964,25.0688267],[121.5909434,25.0688349],[121.5909331,25.0687802],[121.590986,25.068772]]]}},{"type":"Feature","id":"dt_wsqqmj93x","properties":{"id":"dt_wsqqmj93x","status":"auto","conf":0.9189,"n_detections":1,"heading_deg":99.8,"length_m":6.24,"width_m":2.58,"corner":"SE","intersection_id":"TPS_00111","intersection_dist_m":32.0,"serves_from_bearing":99.8,"serves_to_bearing":9.8,"serves_quality":"good","lat":25.0353861,"lon":121.5108323,"confidence":"confirmed","source":"dieturn/yolo26s-obb_ep144@taipei_udd_ortho_2025","source_updated_at":"2026-09-05"},"geometry":{"type":"Polygon","coordinates":[[[121.5108606,25.0353698],[121.510865,25.0353929],[121.510804,25.0354025],[121.5107996,25.0353794],[121.5108606,25.0353698]]]}},{"type":"Feature","id":"dt_wsqqm5gu0","properties":{"id":"dt_wsqqm5gu0","status":"auto","conf":0.9187,"n_detections":1,"heading_deg":104.6,"length_m":4.65,"width_m":2.46,"corner":"SE","intersection_id":"TPS_01303","intersection_dist_m":6.7,"serves_from_bearing":104.6,"serves_to_bearing":14.6,"serves_quality":"good","lat":25.026176,"lon":121.5139577,"confidence":"confirmed","source":"dieturn/yolo26s-obb_ep144@taipei_udd_ortho_2025","source_updated_at":"2026-09-05"},"geometry":{"type":"Polygon","coordinates":[[[121.5139769,25.0261599],[121.5139831,25.0261814],[121.5139384,25.026192],[121.5139323,25.0261705],[121.5139769,25.0261599]]]}},{"type":"Feature","id":"dt_wsqqtcths","properties":{"id":"dt_wsqqtcths","status":"auto","conf":0.9181,"n_detections":1,"heading_deg":91.8,"length_m":3.15,"width_m":2.57,"corner":"SW","intersection_id":"TPS_00649","intersection_dist_m":22.7,"serves_from_bearing":181.8,"serves_to_bearing":91.8,"serves_quality":"good","lat":25.0578757,"lon":121.5488199,"confidence":"confirmed","source":"dieturn/yolo26s-obb_ep144@taipei_udd_ortho_2025","source_updated_at":"2026-09-05"},"geometry":{"type":"Polygon","coordinates":[[[121.548835,25.0578636],[121.5488359,25.0578869],[121.5488047,25.0578878],[121.5488039,25.0578646],[121.548835,25.0578636]]]}},{"type":"Feature","id":"dt_wsqqw0eb7","properties":{"id":"dt_wsqqw0eb7","status":"auto","conf":0.918,"n_detections":1,"heading_deg":2.0,"length_m":8.64,"width_m":2.9,"corner":"NW","intersection_id":"TPS_02453","intersection_dist_m":17.0,"serves_from_bearing":272.0,"serves_to_bearing":182.0,"serves_quality":"good","lat":25.0516324,"lon":121.5580526,"confidence":"confirmed","source":"dieturn/yolo26s-obb_ep144@taipei_udd_ortho_2025","source_updated_at":"2026-09-05"},"geometry":{"type":"Polygon","coordinates":[[[121.5580655,25.0515929],[121.5580684,25.0516711],[121.5580397,25.0516719],[121.5580368,25.0515938],[121.5580655,25.0515929]]]}},{"type":"Feature","id":"dt_wsqqky4g4","properties":{"id":"dt_wsqqky4g4","status":"auto","conf":0.9177,"n_detections":1,"heading_deg":4.9,"length_m":5.29,"width_m":2.76,"corner":"SW","intersection_id":"TPS_02151","intersection_dist_m":8.7,"serves_from_bearing":184.9,"serves_to_bearing":94.9,"serves_quality":"ambiguous","lat":25.0383709,"lon":121.5016871,"confidence":"confirmed","source":"dieturn/yolo26s-obb_ep144@taipei_udd_ortho_2025","source_updated_at":"2026-09-05"},"geometry":{"type":"Polygon","coordinates":[[[121.5016985,25.0383461],[121.501703,25.0383937],[121.5016757,25.0383958],[121.5016712,25.0383482],[121.5016985,25.0383461]]]}},{"type":"Feature","id":"dt_wsqqwt99d","properties":{"id":"dt_wsqqwt99d","status":"auto","conf":0.9176,"n_detections":2,"heading_deg":110.4,"length_m":4.87,"width_m":2.56,"corner":"SW","intersection_id":"TPS_00108","intersection_dist_m":13.7,"serves_from_bearing":110.4,"serves_to_bearing":20.4,"serves_quality":"good","lat":25.0793059,"lon":121.5768662,"confidence":"confirmed","source":"dieturn/yolo26s-obb_ep144@taipei_udd_ortho_2025","source_updated_at":"2026-09-05"},"geometry":{"type":"Polygon","coordinates":[[[121.5768844,25.0792873],[121.5768934,25.079309],[121.5768481,25.0793244],[121.5768391,25.0793027],[121.5768844,25.0792873]]]}},{"type":"Feature","id":"dt_wsqqmev32","properties":{"id":"dt_wsqqmev32","status":"auto","conf":0.9175,"n_detections":1,"heading_deg":7.4,"length_m":8.41,"width_m":2.86,"corner":"NE","intersection_id":"TPS_00612","intersection_dist_m":12.5,"serves_from_bearing":7.4,"serves_to_bearing":277.4,"serves_quality":"good","lat":25.0257157,"lon":121.5379867,"confidence":"confirmed","source":"dieturn/yolo26s-obb_ep144@taipei_udd_ortho_2025","source_updated_at":"2026-09-05"},"geometry":{"type":"Polygon","coordinates":[[[121.5379954,25.0256763],[121.5380062,25.0257517],[121.537978,25.025755],[121.5379673,25.0256796],[121.5379954,25.0256763]]]}},{"type":"Feature","id":"dt_wsqqkyrpe","properties":{"id":"dt_wsqqkyrpe","status":"auto","conf":0.9173,"n_detections":1,"heading_deg":13.5,"length_m":5.54,"width_m":2.42,"corner":"SW","intersection_id":"TPS_00192","intersection_dist_m":26.0,"serves_from_bearing":193.5,"serves_to_bearing":103.5,"serves_quality":"good","lat":25.0405026,"lon":121.5075547,"confidence":"confirmed","source":"dieturn/yolo26s-obb_ep144@taipei_udd_ortho_2025","source_updated_at":"2026-09-05"},"geometry":{"type":"Polygon","coordinates":[[[121.5075599,25.0404757],[121.5075728,25.0405244],[121.5075495,25.0405295],[121.5075367,25.0404808],[121.5075599,25.0404757]]]}},{"type":"Feature","id":"dt_wsqqm9hfb","properties":{"id":"dt_wsqqm9hfb","status":"auto","conf":0.917,"n_detections":1,"heading_deg":84.8,"length_m":9.84,"width_m":3.65,"corner":"SE","intersection_id":"TPS_00017","intersection_dist_m":39.6,"serves_from_bearing":84.8,"serves_to_bearing":354.8,"serves_quality":"good","lat":25.0108505,"lon":121.5373033,"confidence":"confirmed","source":"dieturn/yolo26s-obb_ep144@taipei_udd_ortho_2025","source_updated_at":"2026-09-05"},"geometry":{"type":"Polygon","coordinates":[[[121.5373536,25.0108381],[121.5373502,25.010871],[121.5372531,25.0108629],[121.5372564,25.01083],[121.5373536,25.0108381]]]}},{"type":"Feature","id":"dt_wsqqt2tfj","properties":{"id":"dt_wsqqt2tfj","status":"auto","conf":0.9169,"n_detections":1,"heading_deg":86.4,"length_m":4.42,"width_m":2.53,"corner":"SE","intersection_id":"TPS_00132","intersection_dist_m":26.5,"serves_from_bearing":86.4,"serves_to_bearing":356.4,"serves_quality":"good","lat":25.0519478,"lon":121.5279194,"confidence":"confirmed","source":"dieturn/yolo26s-obb_ep144@taipei_udd_ortho_2025","source_updated_at":"2026-09-05"},"geometry":{"type":"Polygon","coordinates":[[[121.527942,25.0519376],[121.5279404,25.0519605],[121.5278967,25.051958],[121.5278983,25.0519351],[121.527942,25.0519376]]]}},{"type":"Feature","id":"dt_wsqqxn7q6","properties":{"id":"dt_wsqqxn7q6","status":"auto","conf":0.9167,"n_detections":1,"heading_deg":110.3,"length_m":4.74,"width_m":2.57,"corner":"SW","intersection_id":"TPS_00838","intersection_dist_m":16.1,"serves_from_bearing":200.3,"serves_to_bearing":110.3,"serves_quality":"good","lat":25.0842444,"lon":121.6012578,"confidence":"confirmed","source":"dieturn/yolo26s-obb_ep144@taipei_udd_ortho_2025","source_updated_at":"2026-09-05"},"geometry":{"type":"Polygon","coordinates":[[[121.6012755,25.0842261],[121.6012844,25.0842478],[121.6012402,25.0842627],[121.6012313,25.084241],[121.6012755,25.0842261]]]}},{"type":"Feature","id":"dt_wsqqwexhg","properties":{"id":"dt_wsqqwexhg","status":"auto","conf":0.9165,"n_detections":1,"heading_deg":172.0,"length_m":5.26,"width_m":2.7,"corner":"NE","intersection_id":"TPS_00536","intersection_dist_m":21.6,"serves_from_bearing":352.0,"serves_to_bearing":262.0,"serves_quality":"good","lat":25.0689072,"lon":121.5844746,"confidence":"confirmed","source":"dieturn/yolo26s-obb_ep144@taipei_udd_ortho_2025","source_updated_at":"2026-09-05"},"geometry":{"type":"Polygon","coordinates":[[[121.5844915,25.0688853],[121.5844842,25.0689324],[121.5844577,25.0689291],[121.5844649,25.0688819],[121.5844915,25.0688853]]]}},{"type":"Feature","id":"dt_wsqqqr5tw","properties":{"id":"dt_wsqqqr5tw","status":"auto","conf":0.9162,"n_detections":1,"heading_deg":65.0,"length_m":3.54,"width_m":2.41,"corner":"SW","intersection_id":"TPS_00740","intersection_dist_m":15.7,"serves_from_bearing":155.0,"serves_to_bearing":65.0,"serves_quality":"good","lat":25.0442832,"lon":121.5688098,"confidence":"confirmed","source":"dieturn/yolo26s-obb_ep144@taipei_udd_ortho_2025","source_updated_at":"2026-09-05"},"geometry":{"type":"Polygon","coordinates":[[[121.5688308,25.0442802],[121.5688206,25.0442998],[121.5687888,25.0442863],[121.568799,25.0442666],[121.5688308,25.0442802]]]}},{"type":"Feature","id":"dt_wsqqkuwyb","properties":{"id":"dt_wsqqkuwyb","status":"auto","conf":0.9157,"n_detections":1,"heading_deg":88.6,"length_m":4.42,"width_m":2.33,"corner":"NW","intersection_id":"TPS_00925","intersection_dist_m":21.2,"serves_from_bearing":268.6,"serves_to_bearing":178.6,"serves_quality":"good","lat":25.0307784,"lon":121.5070742,"confidence":"confirmed","source":"dieturn/yolo26s-obb_ep144@taipei_udd_ortho_2025","source_updated_at":"2026-09-05"},"geometry":{"type":"Polygon","coordinates":[[[121.5070965,25.0307683],[121.5070959,25.0307894],[121.5070521,25.0307884],[121.5070526,25.0307673],[121.5070965,25.0307683]]]}},{"type":"Feature","id":"dt_wsqqt2x7x","properties":{"id":"dt_wsqqt2x7x","status":"auto","conf":0.9155,"n_detections":1,"heading_deg":89.5,"length_m":8.83,"width_m":2.85,"corner":"NW","intersection_id":"TPS_00665","intersection_dist_m":17.4,"serves_from_bearing":269.5,"serves_to_bearing":179.5,"serves_quality":"good","lat":25.052209,"lon":121.5300442,"confidence":"confirmed","source":"dieturn/yolo26s-obb_ep144@taipei_udd_ortho_2025","source_updated_at":"2026-09-05"},"geometry":{"type":"Polygon","coordinates":[[[121.5300881,25.0521965],[121.5300878,25.0522222],[121.5300003,25.0522215],[121.5300006,25.0521957],[121.5300881,25.0521965]]]}},{"type":"Feature","id":"dt_wsqqkuf16","properties":{"id":"dt_wsqqkuf16","status":"auto","conf":0.9155,"n_detections":1,"heading_deg":175.9,"length_m":3.9,"width_m":2.66,"corner":"NE","intersection_id":"TPS_00922","intersection_dist_m":9.4,"serves_from_bearing":355.9,"serves_to_bearing":265.9,"serves_quality":"good","lat":25.0312274,"lon":121.500662,"confidence":"confirmed","source":"dieturn/yolo26s-obb_ep144@taipei_udd_ortho_2025","source_updated_at":"2026-09-05"},"geometry":{"type":"Polygon","coordinates":[[[121.5006765,25.0312107],[121.5006738,25.0312459],[121.5006474,25.0312442],[121.5006502,25.031209],[121.5006765,25.0312107]]]}},{"type":"Feature","id":"dt_wsqqnmx60","properties":{"id":"dt_wsqqnmx60","status":"auto","conf":0.9154,"n_detections":1,"heading_deg":85.6,"length_m":3.57,"width_m":2.45,"corner":"SE","intersection_id":"TPS_00181","intersection_dist_m":14.4,"serves_from_bearing":85.6,"serves_to_bearing":355.6,"serves_quality":"ambiguous","lat":24.9915213,"lon":121.5736959,"confidence":"confirmed","source":"dieturn/yolo26s-obb_ep144@taipei_udd_ortho_2025","source_updated_at":"2026-09-05"},"geometry":{"type":"Polygon","coordinates":[[[121.5737145,24.9915115],[121.5737126,24.9915336],[121.5736773,24.9915311],[121.5736793,24.991509],[121.5737145,24.9915115]]]}},{"type":"Feature","id":"dt_wsqqktnd6","properties":{"id":"dt_wsqqktnd6","status":"auto","conf":0.9154,"n_detections":2,"heading_deg":57.6,"length_m":6.6,"width_m":2.62,"corner":"NW","intersection_id":"TPS_00924","intersection_dist_m":14.7,"serves_from_bearing":237.6,"serves_to_bearing":147.6,"serves_quality":"good","lat":25.0327562,"lon":121.4958307,"confidence":"confirmed","source":"dieturn/yolo26s-obb_ep144@taipei_udd_ortho_2025","source_updated_at":"2026-09-05"},"geometry":{"type":"Polygon","coordinates":[[[121.4958654,25.0327623],[121.4958513,25.0327822],[121.495796,25.0327502],[121.4958101,25.0327303],[121.4958654,25.0327623]]]}},{"type":"Feature","id":"dt_wsqqmk407","properties":{"id":"dt_wsqqmk407","status":"auto","conf":0.9153,"n_detections":1,"heading_deg":100.1,"length_m":4.34,"width_m":2.36,"corner":"SE","intersection_id":"TPS_00106","intersection_dist_m":29.5,"serves_from_bearing":100.1,"serves_to_bearing":10.1,"serves_quality":"good","lat":25.0269296,"lon":121.5226765,"confidence":"confirmed","source":"dieturn/yolo26s-obb_ep144@taipei_udd_ortho_2025","source_updated_at":"2026-09-05"},"geometry":{"type":"Polygon","coordinates":[[[121.5226956,25.0269157],[121.5226998,25.0269367],[121.5226574,25.0269435],[121.5226533,25.0269226],[121.5226956,25.0269157]]]}},{"type":"Feature","id":"dt_wsqqwb4d0","properties":{"id":"dt_wsqqwb4d0","status":"auto","conf":0.9149,"n_detections":1,"heading_deg":76.5,"length_m":2.84,"width_m":2.04,"corner":"SE","intersection_id":"TPS_00935","intersection_dist_m":8.1,"serves_from_bearing":76.5,"serves_to_bearing":346.5,"serves_quality":"ambiguous","lat":25.049191,"lon":121.5891416,"confidence":"confirmed","source":"dieturn/yolo26s-obb_ep144@taipei_udd_ortho_2025","source_updated_at":"2026-09-05"},"geometry":{"type":"Polygon","coordinates":[[[121.5891578,25.049185],[121.5891529,25.0492029],[121.5891255,25.0491969],[121.5891303,25.0491789],[121.5891578,25.049185]]]}},{"type":"Feature","id":"dt_wsqqmy165","properties":{"id":"dt_wsqqmy165","status":"auto","conf":0.9143,"n_detections":1,"heading_deg":89.5,"length_m":5.4,"width_m":2.67,"corner":"NW","intersection_id":"TPS_00010","intersection_dist_m":28.3,"serves_from_bearing":269.5,"serves_to_bearing":179.5,"serves_quality":"good","lat":25.0382105,"lon":121.5436041,"confidence":"confirmed","source":"dieturn/yolo26s-obb_ep144@taipei_udd_ortho_2025","source_updated_at":"2026-09-05"},"geometry":{"type":"Polygon","coordinates":[[[121.543631,25.0381987],[121.5436308,25.0382228],[121.5435772,25.0382224],[121.5435775,25.0381983],[121.543631,25.0381987]]]}},{"type":"Feature","id":"dt_wsqqmmm39","properties":{"id":"dt_wsqqmmm39","status":"auto","conf":0.9141,"n_detections":1,"heading_deg":27.5,"length_m":5.44,"width_m":2.17,"corner":"SW","intersection_id":"TPS_00048","intersection_dist_m":23.7,"serves_from_bearing":207.5,"serves_to_bearing":117.5,"serves_quality":"good","lat":25.0340204,"lon":121.5270482,"confidence":"confirmed","source":"dieturn/yolo26s-obb_ep144@taipei_udd_ortho_2025","source_updated_at":"2026-09-05"},"geometry":{"type":"Polygon","coordinates":[[[121.5270453,25.0339941],[121.5270703,25.0340378],[121.5270512,25.0340468],[121.5270262,25.0340031],[121.5270453,25.0339941]]]}},{"type":"Feature","id":"dt_wsqqqmrbp","properties":{"id":"dt_wsqqqmrbp","status":"auto","conf":0.9141,"n_detections":1,"heading_deg":3.6,"length_m":10.3,"width_m":3.22,"corner":"NE","intersection_id":"TPS_00312","intersection_dist_m":21.7,"serves_from_bearing":3.6,"serves_to_bearing":273.6,"serves_quality":"good","lat":25.0337484,"lon":121.5746987,"confidence":"confirmed","source":"dieturn/yolo26s-obb_ep144@taipei_udd_ortho_2025","source_updated_at":"2026-09-05"},"geometry":{"type":"Polygon","coordinates":[[[121.5747115,25.033701],[121.5747178,25.033794],[121.574686,25.0337958],[121.5746797,25.0337028],[121.5747115,25.033701]]]}},{"type":"Feature","id":"dt_wsqqkvm1g","properties":{"id":"dt_wsqqkvm1g","status":"auto","conf":0.9139,"n_detections":1,"heading_deg":140.4,"length_m":6.18,"width_m":2.78,"corner":"NE","intersection_id":"TPS_00070","intersection_dist_m":15.8,"serves_from_bearing":320.4,"serves_to_bearing":230.4,"serves_quality":"good","lat":25.0340434,"lon":121.5047986,"confidence":"confirmed","source":"dieturn/yolo26s-obb_ep144@taipei_udd_ortho_2025","source_updated_at":"2026-09-05"},"geometry":{"type":"Polygon","coordinates":[[[121.5048288,25.0340298],[121.5047898,25.0340729],[121.5047684,25.034057],[121.5048073,25.0340139],[121.5048288,25.0340298]]]}},{"type":"Feature","id":"dt_wsqqm7cp6","properties":{"id":"dt_wsqqm7cp6","status":"auto","conf":0.9139,"n_detections":1,"heading_deg":79.8,"length_m":5.79,"width_m":2.52,"corner":"SE","intersection_id":"TPS_00264","intersection_dist_m":22.8,"serves_from_bearing":79.8,"serves_to_bearing":349.8,"serves_quality":"good","lat":25.0267555,"lon":121.5212767,"confidence":"confirmed","source":"dieturn/yolo26s-obb_ep144@taipei_udd_ortho_2025","source_updated_at":"2026-09-05"},"geometry":{"type":"Polygon","coordinates":[[[121.5213072,25.0267489],[121.5213027,25.0267713],[121.5212462,25.026762],[121.5212507,25.0267396],[121.5213072,25.0267489]]]}},{"type":"Feature","id":"dt_wsqqqqw12","properties":{"id":"dt_wsqqqqw12","status":"auto","conf":0.9139,"n_detections":1,"heading_deg":88.9,"length_m":4.99,"width_m":2.54,"corner":"SE","intersection_id":"TPS_00635","intersection_dist_m":14.9,"serves_from_bearing":88.9,"serves_to_bearing":358.9,"serves_quality":"good","lat":25.0408413,"lon":121.5719728,"confidence":"confirmed","source":"dieturn/yolo26s-obb_ep144@taipei_udd_ortho_2025","source_updated_at":"2026-09-05"},"geometry":{"type":"Polygon","coordinates":[[[121.5719978,25.0408303],[121.5719973,25.0408532],[121.5719478,25.0408524],[121.5719482,25.0408294],[121.5719978,25.0408303]]]}},{"type":"Feature","id":"dt_wsqqmxhrr","properties":{"id":"dt_wsqqmxhrr","status":"auto","conf":0.9138,"n_detections":1,"heading_deg":87.9,"length_m":4.26,"width_m":2.25,"corner":"SW","intersection_id":"TPS_00300","intersection_dist_m":18.0,"serves_from_bearing":177.9,"serves_to_bearing":87.9,"serves_quality":"ambiguous","lat":25.0445897,"lon":121.5369037,"confidence":"confirmed","source":"dieturn/yolo26s-obb_ep144@taipei_udd_ortho_2025","source_updated_at":"2026-09-05"},"geometry":{"type":"Polygon","coordinates":[[[121.5369252,25.0445802],[121.5369244,25.0446006],[121.5368822,25.0445992],[121.536883,25.0445788],[121.5369252,25.0445802]]]}},{"type":"Feature","id":"dt_wsqqkyh2s","properties":{"id":"dt_wsqqkyh2s","status":"auto","conf":0.9138,"n_detections":1,"heading_deg":95.4,"length_m":5.3,"width_m":2.58,"corner":"SW","intersection_id":"TPS_02415","intersection_dist_m":8.1,"serves_from_bearing":185.4,"serves_to_bearing":95.4,"serves_quality":"ambiguous","lat":25.0379414,"lon":121.5038211,"confidence":"confirmed","source":"dieturn/yolo26s-obb_ep144@taipei_udd_ortho_2025","source_updated_at":"2026-09-05"},"geometry":{"type":"Polygon","coordinates":[[[121.5038461,25.0379275],[121.5038485,25.0379507],[121.5037961,25.0379552],[121.5037937,25.037932],[121.5038461,25.0379275]]]}},{"type":"Feature","id":"dt_wsqqw25gs","properties":{"id":"dt_wsqqw25gs","status":"auto","conf":0.9137,"n_detections":2,"heading_deg":161.1,"length_m":4.89,"width_m":3.02,"corner":"NE","intersection_id":"TPS_00447","intersection_dist_m":10.0,"serves_from_bearing":341.1,"serves_to_bearing":251.1,"serves_quality":"good","lat":25.0494651,"lon":121.5690473,"confidence":"confirmed","source":"dieturn/yolo26s-obb_ep144@taipei_udd_ortho_2025","source_updated_at":"2026-09-05"},"geometry":{"type":"Polygon","coordinates":[[[121.5690693,25.0494485],[121.5690536,25.0494904],[121.5690252,25.0494817],[121.569041,25.0494398],[121.5690693,25.0494485]]]}},{"type":"Feature","id":"dt_wsqqt054y","properties":{"id":"dt_wsqqt054y","status":"auto","conf":0.913,"n_detections":1,"heading_deg":21.4,"length_m":5.17,"width_m":2.89,"corner":"SW","intersection_id":"TPS_00082","intersection_dist_m":17.7,"serves_from_bearing":201.4,"serves_to_bearing":111.4,"serves_quality":"good","lat":25.0493331,"lon":121.5131903,"confidence":"confirmed","source":"dieturn/yolo26s-obb_ep144@taipei_udd_ortho_2025","source_updated_at":"2026-09-05"},"geometry":{"type":"Polygon","coordinates":[[[121.5131943,25.0493066],[121.513213,25.0493502],[121.5131863,25.0493596],[121.5131676,25.0493161],[121.5131943,25.0493066]]]}},{"type":"Feature","id":"dt_wsqqt9sev","properties":{"id":"dt_wsqqt9sev","status":"auto","conf":0.913,"n_detections":1,"heading_deg":86.1,"length_m":6.12,"width_m":2.39,"corner":"SE","intersection_id":"TPS_00628","intersection_dist_m":18.9,"serves_from_bearing":86.1,"serves_to_bearing":356.1,"serves_quality":"ambiguous","lat":25.057728,"lon":121.5371825,"confidence":"confirmed","source":"dieturn/yolo26s-obb_ep144@taipei_udd_ortho_2025","source_updated_at":"2026-09-05"},"geometry":{"type":"Polygon","coordinates":[[[121.5372136,25.0577191],[121.5372119,25.0577406],[121.5371513,25.0577369],[121.537153,25.0577153],[121.5372136,25.0577191]]]}},{"type":"Feature","id":"dt_wsqqm9w28","properties":{"id":"dt_wsqqm9w28","status":"auto","conf":0.9128,"n_detections":1,"heading_deg":40.9,"length_m":3.86,"width_m":2.4,"corner":"NW","intersection_id":"TPS_00281","intersection_dist_m":18.7,"serves_from_bearing":220.9,"serves_to_bearing":130.9,"serves_quality":"good","lat":25.0132218,"lon":121.5393529,"confidence":"confirmed","source":"dieturn/yolo26s-obb_ep144@taipei_udd_ortho_2025","source_updated_at":"2026-09-05"},"geometry":{"type":"Polygon","coordinates":[[[121.5393744,25.0132279],[121.5393564,25.013242],[121.5393314,25.0132156],[121.5393494,25.0132015],[121.5393744,25.0132279]]]}},{"type":"Feature","id":"dt_wsqqt99sg","properties":{"id":"dt_wsqqt99sg","status":"auto","conf":0.9125,"n_detections":3,"heading_deg":6.6,"length_m":8.51,"width_m":2.75,"corner":"SE","intersection_id":"TPS_02502","intersection_dist_m":20.1,"serves_from_bearing":96.6,"serves_to_bearing":6.6,"serves_quality":"good","lat":25.0579021,"lon":121.5329798,"confidence":"confirmed","source":"dieturn/yolo26s-obb_ep144@taipei_udd_ortho_2025","source_updated_at":"2026-09-05"},"geometry":{"type":"Polygon","coordinates":[[[121.5329886,25.0578624],[121.5329982,25.0579389],[121.5329711,25.0579417],[121.5329615,25.0578652],[121.5329886,25.0578624]]]}},{"type":"Feature","id":"dt_wsqqwt9e4","properties":{"id":"dt_wsqqwt9e4","status":"auto","conf":0.9124,"n_detections":2,"heading_deg":119.2,"length_m":5.14,"width_m":2.35,"corner":"NW","intersection_id":"TPS_00108","intersection_dist_m":14.9,"serves_from_bearing":299.2,"serves_to_bearing":209.2,"serves_quality":"good","lat":25.0795651,"lon":121.5768661,"confidence":"confirmed","source":"dieturn/yolo26s-obb_ep144@taipei_udd_ortho_2025","source_updated_at":"2026-09-05"},"geometry":{"type":"Polygon","coordinates":[[[121.5768826,25.0795445],[121.5768941,25.0795629],[121.5768496,25.0795857],[121.5768381,25.0795672],[121.5768826,25.0795445]]]}},{"type":"Feature","id":"dt_wsqqmd17v","properties":{"id":"dt_wsqqmd17v","status":"auto","conf":0.9123,"n_detections":1,"heading_deg":138.8,"length_m":6.9,"width_m":3.82,"corner":"NE","intersection_id":"TPS_00102","intersection_dist_m":23.3,"serves_from_bearing":318.8,"serves_to_bearing":228.8,"serves_quality":"good","lat":25.0165154,"lon":121.5327349,"confidence":"confirmed","source":"dieturn/yolo26s-obb_ep144@taipei_udd_ortho_2025","source_updated_at":"2026-09-05"},"geometry":{"type":"Polygon","coordinates":[[[121.5327718,25.0165032],[121.5327267,25.0165501],[121.532698,25.0165275],[121.5327431,25.0164806],[121.5327718,25.0165032]]]}},{"type":"Feature","id":"dt_wsqqmqzux","properties":{"id":"dt_wsqqmqzux","status":"auto","conf":0.9122,"n_detections":1,"heading_deg":97.9,"length_m":4.04,"width_m":2.45,"corner":"SW","intersection_id":"TPS_00708","intersection_dist_m":15.3,"serves_from_bearing":97.9,"serves_to_bearing":7.9,"serves_quality":"ambiguous","lat":25.0427573,"lon":121.5307271,"confidence":"confirmed","source":"dieturn/yolo26s-obb_ep144@taipei_udd_ortho_2025","source_updated_at":"2026-09-05"},"geometry":{"type":"Polygon","coordinates":[[[121.5307452,25.0427438],[121.5307486,25.0427657],[121.5307089,25.0427707],[121.5307055,25.0427488],[121.5307452,25.0427438]]]}},{"type":"Feature","id":"dt_wsqqwjdsc","properties":{"id":"dt_wsqqwjdsc","status":"auto","conf":0.912,"n_detections":1,"heading_deg":3.0,"length_m":6.29,"width_m":2.88,"corner":"SW","intersection_id":"TPS_00171","intersection_dist_m":12.6,"serves_from_bearing":183.0,"serves_to_bearing":93.0,"serves_quality":"good","lat":25.0798959,"lon":121.5562157,"confidence":"confirmed","source":"dieturn/yolo26s-obb_ep144@taipei_udd_ortho_2025","source_updated_at":"2026-09-05"},"geometry":{"type":"Polygon","coordinates":[[[121.5562284,25.0798669],[121.5562316,25.0799237],[121.5562031,25.079925],[121.5561999,25.0798682],[121.5562284,25.0798669]]]}},{"type":"Feature","id":"dt_wsqqksvgd","properties":{"id":"dt_wsqqksvgd","status":"auto","conf":0.9118,"n_detections":1,"heading_deg":120.4,"length_m":6.2,"width_m":3.5,"corner":"SE","intersection_id":"TPS_00965","intersection_dist_m":16.8,"serves_from_bearing":120.4,"serves_to_bearing":30.4,"serves_quality":"good","lat":25.0316116,"lon":121.4948383,"confidence":"confirmed","source":"dieturn/yolo26s-obb_ep144@taipei_udd_ortho_2025","source_updated_at":"2026-09-05"},"geometry":{"type":"Polygon","coordinates":[[[121.494856,25.0315838],[121.4948737,25.031611],[121.4948207,25.0316394],[121.494803,25.0316122],[121.494856,25.0315838]]]}},{"type":"Feature","id":"dt_wsqqw9mne","properties":{"id":"dt_wsqqw9mne","status":"auto","conf":0.9117,"n_detections":1,"heading_deg":63.2,"length_m":4.04,"width_m":2.32,"corner":"SE","intersection_id":"TPS_01840","intersection_dist_m":7.2,"serves_from_bearing":63.2,"serves_to_bearing":333.2,"serves_quality":"good","lat":25.0568138,"lon":121.5817232,"confidence":"confirmed","source":"dieturn/yolo26s-obb_ep144@taipei_udd_ortho_2025","source_updated_at":"2026-09-05"},"geometry":{"type":"Polygon","coordinates":[[[121.5817463,25.0568127],[121.5817358,25.0568314],[121.5817001,25.0568149],[121.5817105,25.0567962],[121.5817463,25.0568127]]]}},{"type":"Feature","id":"dt_wsqqmr8w9","properties":{"id":"dt_wsqqmr8w9","status":"auto","conf":0.9116,"n_detections":1,"heading_deg":22.3,"length_m":7.46,"width_m":2.64,"corner":"NE","intersection_id":"TPS_00037","intersection_dist_m":22.4,"serves_from_bearing":22.3,"serves_to_bearing":292.3,"serves_quality":"good","lat":25.0472144,"lon":121.5205111,"confidence":"confirmed","source":"dieturn/yolo26s-obb_ep144@taipei_udd_ortho_2025","source_updated_at":"2026-09-05"},"geometry":{"type":"Polygon","coordinates":[[[121.5205092,25.0471787],[121.5205373,25.0472411],[121.520513,25.0472501],[121.5204849,25.0471876],[121.5205092,25.0471787]]]}},{"type":"Feature","id":"dt_wsqqmn4v6","properties":{"id":"dt_wsqqmn4v6","status":"auto","conf":0.9116,"n_detections":1,"heading_deg":6.0,"length_m":5.02,"width_m":2.64,"corner":"SW","intersection_id":"TPS_02417","intersection_dist_m":15.8,"serves_from_bearing":186.0,"serves_to_bearing":96.0,"serves_quality":"good","lat":25.0387696,"lon":121.5126794,"confidence":"confirmed","source":"dieturn/yolo26s-obb_ep144@taipei_udd_ortho_2025","source_updated_at":"2026-09-05"},"geometry":{"type":"Polygon","coordinates":[[[121.5126898,25.0387458],[121.512695,25.038791],[121.5126689,25.0387935],[121.5126637,25.0387483],[121.5126898,25.0387458]]]}},{"type":"Feature","id":"dt_wsqqkv0h5","properties":{"id":"dt_wsqqkv0h5","status":"auto","conf":0.9114,"n_detections":1,"heading_deg":90.1,"length_m":5.83,"width_m":3.38,"corner":"SE","intersection_id":"TPS_00184","intersection_dist_m":13.5,"serves_from_bearing":90.1,"serves_to_bearing":0.1,"serves_quality":"ambiguous","lat":25.0330404,"lon":121.4979644,"confidence":"confirmed","source":"dieturn/yolo26s-obb_ep144@taipei_udd_ortho_2025","source_updated_at":"2026-09-05"},"geometry":{"type":"Polygon","coordinates":[[[121.4979932,25.0330251],[121.4979933,25.0330557],[121.4979355,25.0330558],[121.4979354,25.0330251],[121.4979932,25.0330251]]]}},{"type":"Feature","id":"dt_wsqqv6zd3","properties":{"id":"dt_wsqqv6zd3","status":"auto","conf":0.9112,"n_detections":1,"heading_deg":81.1,"length_m":3.83,"width_m":3.56,"corner":"SW","intersection_id":"TPS_00515","intersection_dist_m":22.2,"serves_from_bearing":171.1,"serves_to_bearing":81.1,"serves_quality":"good","lat":25.1082886,"lon":121.530131,"confidence":"confirmed","source":"dieturn/yolo26s-obb_ep144@taipei_udd_ortho_2025","source_updated_at":"2026-09-05"},"geometry":{"type":"Polygon","coordinates":[[[121.5301525,25.1082754],[121.530147,25.1083072],[121.5301095,25.1083018],[121.530115,25.1082701],[121.5301525,25.1082754]]]}},{"type":"Feature","id":"dt_wsqqt5x44","properties":{"id":"dt_wsqqt5x44","status":"auto","conf":0.9109,"n_detections":1,"heading_deg":87.1,"length_m":7.73,"width_m":3.19,"corner":"NW","intersection_id":"TPS_01225","intersection_dist_m":9.4,"serves_from_bearing":267.1,"serves_to_bearing":177.1,"serves_quality":"good","lat":25.0684375,"lon":121.5185118,"confidence":"confirmed","source":"dieturn/yolo26s-obb_ep144@taipei_udd_ortho_2025","source_updated_at":"2026-09-05"},"geometry":{"type":"Polygon","coordinates":[[[121.5185508,25.0684249],[121.5185492,25.0684537],[121.5184727,25.0684502],[121.5184743,25.0684214],[121.5185508,25.0684249]]]}},{"type":"Feature","id":"dt_wsqqqn9jx","properties":{"id":"dt_wsqqqn9jx","status":"auto","conf":0.9107,"n_detections":1,"heading_deg":85.1,"length_m":6.02,"width_m":2.48,"corner":"NW","intersection_id":"TPS_00582","intersection_dist_m":16.1,"serves_from_bearing":265.1,"serves_to_bearing":175.1,"serves_quality":"good","lat":25.0415455,"lon":121.5544296,"confidence":"confirmed","source":"dieturn/yolo26s-obb_ep144@taipei_udd_ortho_2025","source_updated_at":"2026-09-05"},"geometry":{"type":"Polygon","coordinates":[[[121.5544604,25.0415367],[121.5544582,25.041559],[121.5543988,25.0415544],[121.5544009,25.041532],[121.5544604,25.0415367]]]}},{"type":"Feature","id":"dt_wsqqmnxq7","properties":{"id":"dt_wsqqmnxq7","status":"auto","conf":0.9102,"n_detections":1,"heading_deg":13.1,"length_m":2.24,"width_m":1.25,"corner":"SE","intersection_id":"TPS_00124","intersection_dist_m":47.0,"serves_from_bearing":103.1,"serves_to_bearing":13.1,"serves_quality":"good","lat":25.0416721,"lon":121.5188986,"confidence":"confirmed","source":"dieturn/yolo26s-obb_ep144@taipei_udd_ortho_2025","source_updated_at":"2026-09-05"},"geometry":{"type":"Polygon","coordinates":[[[121.5189021,25.0416609],[121.5189072,25.0416807],[121.5188951,25.0416832],[121.5188901,25.0416635],[121.5189021,25.0416609]]]}},{"type":"Feature","id":"dt_wsqqnp335","properties":{"id":"dt_wsqqnp335","status":"auto","conf":0.9097,"n_detections":1,"heading_deg":110.2,"length_m":7.58,"width_m":4.02,"corner":"NE","intersection_id":"TPS_00233","intersection_dist_m":13.1,"serves_from_bearing":290.2,"serves_to_bearing":200.2,"serves_quality":"good","lat":25.000962,"lon":121.5545889,"confidence":"confirmed","source":"dieturn/yolo26s-obb_ep144@taipei_udd_ortho_2025","source_updated_at":"2026-09-05"},"geometry":{"type":"Polygon","coordinates":[[[121.5546172,25.0009331],[121.5546311,25.0009671],[121.5545606,25.0009908],[121.5545466,25.0009568],[121.5546172,25.0009331]]]}},{"type":"Feature","id":"dt_wsqqtf3xp","properties":{"id":"dt_wsqqtf3xp","status":"auto","conf":0.9095,"n_detections":2,"heading_deg":105.6,"length_m":4.9,"width_m":2.38,"corner":"SW","intersection_id":"TPS_02438","intersection_dist_m":14.3,"serves_from_bearing":105.6,"serves_to_bearing":15.6,"serves_quality":"ambiguous","lat":25.0624217,"lon":121.5441269,"confidence":"confirmed","source":"dieturn/yolo26s-obb_ep144@taipei_udd_ortho_2025","source_updated_at":"2026-09-05"},"geometry":{"type":"Polygon","coordinates":[[[121.5441471,25.0624054],[121.5441535,25.0624261],[121.5441067,25.062438],[121.5441003,25.0624174],[121.5441471,25.0624054]]]}},{"type":"Feature","id":"dt_wsqqmx3sw","properties":{"id":"dt_wsqqmx3sw","status":"auto","conf":0.9091,"n_detections":1,"heading_deg":2.1,"length_m":3.94,"width_m":2.57,"corner":"SE","intersection_id":"TPS_00003","intersection_dist_m":23.8,"serves_from_bearing":92.1,"serves_to_bearing":2.1,"serves_quality":"good","lat":25.0455035,"lon":121.5330856,"confidence":"confirmed","source":"dieturn/yolo26s-obb_ep144@taipei_udd_ortho_2025","source_updated_at":"2026-09-05"},"geometry":{"type":"Polygon","coordinates":[[[121.5330977,25.0454853],[121.5330991,25.0455209],[121.5330736,25.0455217],[121.5330722,25.0454861],[121.5330977,25.0454853]]]}},{"type":"Feature","id":"dt_wsqqmy9s9","properties":{"id":"dt_wsqqmy9s9","status":"auto","conf":0.909,"n_detections":1,"heading_deg":88.8,"length_m":6.01,"width_m":2.72,"corner":"SE","intersection_id":"TPS_00105","intersection_dist_m":25.8,"serves_from_bearing":88.8,"serves_to_bearing":358.8,"serves_quality":"good","lat":25.0414018,"lon":121.5438569,"confidence":"confirmed","source":"dieturn/yolo26s-obb_ep144@taipei_udd_ortho_2025","source_updated_at":"2026-09-05"},"geometry":{"type":"Polygon","coordinates":[[[121.543887,25.04139],[121.5438864,25.0414146],[121.5438269,25.0414135],[121.5438274,25.0413889],[121.543887,25.04139]]]}},{"type":"Feature","id":"dt_wsqqmkvh4","properties":{"id":"dt_wsqqmkvh4","status":"auto","conf":0.909,"n_detections":1,"heading_deg":12.3,"length_m":5.6,"width_m":2.62,"corner":"SW","intersection_id":"TPS_00342","intersection_dist_m":10.6,"serves_from_bearing":192.3,"serves_to_bearing":102.3,"serves_quality":"good","lat":25.0316623,"lon":121.5267333,"confidence":"confirmed","source":"dieturn/yolo26s-obb_ep144@taipei_udd_ortho_2025","source_updated_at":"2026-09-05"},"geometry":{"type":"Polygon","coordinates":[[[121.5267401,25.031635],[121.526752,25.0316845],[121.5267265,25.0316895],[121.5267147,25.03164],[121.5267401,25.031635]]]}},{"type":"Feature","id":"dt_wsqqtq7t9","properties":{"id":"dt_wsqqtq7t9","status":"auto","conf":0.909,"n_detections":1,"heading_deg":179.5,"length_m":6.39,"width_m":3.4,"corner":"SW","intersection_id":"TPS_00343","intersection_dist_m":14.8,"serves_from_bearing":179.5,"serves_to_bearing":89.5,"serves_quality":"good","lat":25.0841268,"lon":121.5246343,"confidence":"confirmed","source":"dieturn/yolo26s-obb_ep144@taipei_udd_ortho_2025","source_updated_at":"2026-09-05"},"geometry":{"type":"Polygon","coordinates":[[[121.5246514,25.0840981],[121.5246508,25.0841558],[121.5246171,25.0841556],[121.5246177,25.0840978],[121.5246514,25.0840981]]]}},{"type":"Feature","id":"dt_wsqqv1d6t","properties":{"id":"dt_wsqqv1d6t","status":"auto","conf":0.9089,"n_detections":1,"heading_deg":171.0,"length_m":3.04,"width_m":2.87,"corner":"SW","intersection_id":"TPS_00402","intersection_dist_m":20.9,"serves_from_bearing":171.0,"serves_to_bearing":81.0,"serves_quality":"good","lat":25.1014758,"lon":121.5121147,"confidence":"confirmed","source":"dieturn/yolo26s-obb_ep144@taipei_udd_ortho_2025","source_updated_at":"2026-09-05"},"geometry":{"type":"Polygon","coordinates":[[[121.5121312,25.1014643],[121.5121265,25.1014914],[121.5120983,25.1014874],[121.5121029,25.1014603],[121.5121312,25.1014643]]]}},{"type":"Feature","id":"dt_wsqqm7hy4","properties":{"id":"dt_wsqqm7hy4","status":"auto","conf":0.9088,"n_detections":1,"heading_deg":136.0,"length_m":3.22,"width_m":2.42,"corner":"NE","intersection_id":"TPS_00488","intersection_dist_m":18.1,"serves_from_bearing":316.0,"serves_to_bearing":226.0,"serves_quality":"good","lat":25.0224304,"lon":121.5264217,"confidence":"confirmed","source":"dieturn/yolo26s-obb_ep144@taipei_udd_ortho_2025","source_updated_at":"2026-09-05"},"geometry":{"type":"Polygon","coordinates":[[[121.5264415,25.0224275],[121.5264193,25.0224485],[121.5264019,25.0224334],[121.5264242,25.0224124],[121.5264415,25.0224275]]]}},{"type":"Feature","id":"dt_wsqqw03xr","properties":{"id":"dt_wsqqw03xr","status":"auto","conf":0.9088,"n_detections":2,"heading_deg":86.6,"length_m":4.36,"width_m":2.57,"corner":"SW","intersection_id":"TPS_00243","intersection_dist_m":20.5,"serves_from_bearing":176.6,"serves_to_bearing":86.6,"serves_quality":"good","lat":25.0514711,"lon":121.555112,"confidence":"confirmed","source":"dieturn/yolo26s-obb_ep144@taipei_udd_ortho_2025","source_updated_at":"2026-09-05"},"geometry":{"type":"Polygon","coordinates":[[[121.5551343,25.0514606],[121.5551328,25.0514838],[121.5550897,25.0514815],[121.5550912,25.0514583],[121.5551343,25.0514606]]]}},{"type":"Feature","id":"dt_wsqqt8s4h","properties":{"id":"dt_wsqqt8s4h","status":"auto","conf":0.9083,"n_detections":1,"heading_deg":1.0,"length_m":8.32,"width_m":3.06,"corner":"SW","intersection_id":"TPS_00623","intersection_dist_m":13.7,"serves_from_bearing":181.0,"serves_to_bearing":91.0,"serves_quality":"good","lat":25.0519232,"lon":121.5364381,"confidence":"confirmed","source":"dieturn/yolo26s-obb_ep144@taipei_udd_ortho_2025","source_updated_at":"2026-09-05"},"geometry":{"type":"Polygon","coordinates":[[[121.5364526,25.0518854],[121.536454,25.0519606],[121.5364237,25.0519611],[121.5364223,25.0518859],[121.5364526,25.0518854]]]}},{"type":"Feature","id":"dt_wsqqqxmcb","properties":{"id":"dt_wsqqqxmcb","status":"auto","conf":0.9082,"n_detections":1,"heading_deg":65.1,"length_m":4.53,"width_m":3.78,"corner":"SW","intersection_id":"TPS_00336","intersection_dist_m":28.1,"serves_from_bearing":155.1,"serves_to_bearing":65.1,"serves_quality":"good","lat":25.045042,"lon":121.5826266,"confidence":"confirmed","source":"dieturn/yolo26s-obb_ep144@taipei_udd_ortho_2025","source_updated_at":"2026-09-05"},"geometry":{"type":"Polygon","coordinates":[[[121.582655,25.0450351],[121.5826391,25.045066],[121.5825983,25.0450488],[121.5826142,25.0450179],[121.582655,25.0450351]]]}},{"type":"Feature","id":"dt_wsqqmr364","properties":{"id":"dt_wsqqmr364","status":"auto","conf":0.9081,"n_detections":1,"heading_deg":99.8,"length_m":4.83,"width_m":2.41,"corner":"SW","intersection_id":"TPS_00173","intersection_dist_m":16.4,"serves_from_bearing":99.8,"serves_to_bearing":9.8,"serves_quality":"ambiguous","lat":25.0450767,"lon":121.521617,"confidence":"confirmed","source":"dieturn/yolo26s-obb_ep144@taipei_udd_ortho_2025","source_updated_at":"2026-09-05"},"geometry":{"type":"Polygon","coordinates":[[[121.5216385,25.0450623],[121.5216426,25.0450838],[121.5215954,25.0450912],[121.5215913,25.0450697],[121.5216385,25.0450623]]]}},{"type":"Feature","id":"dt_wsqqjtwfe","properties":{"id":"dt_wsqqjtwfe","status":"auto","conf":0.9079,"n_detections":1,"heading_deg":18.1,"length_m":3.78,"width_m":1.93,"corner":"NW","intersection_id":"TPS_01094","intersection_dist_m":9.7,"serves_from_bearing":198.1,"serves_to_bearing":108.1,"serves_quality":"ambiguous","lat":24.9916098,"lon":121.5401848,"confidence":"confirmed","source":"dieturn/yolo26s-obb_ep144@taipei_udd_ortho_2025","source_updated_at":"2026-09-05"},"geometry":{"type":"Polygon","coordinates":[[[121.5401881,24.9915908],[121.5401997,24.9916234],[121.5401816,24.9916287],[121.5401699,24.9915962],[121.5401881,24.9915908]]]}},{"type":"Feature","id":"dt_wsqqv39m1","properties":{"id":"dt_wsqqv39m1","status":"auto","conf":0.9066,"n_detections":1,"heading_deg":174.1,"length_m":5.22,"width_m":2.74,"corner":"NE","intersection_id":"TPS_00089","intersection_dist_m":25.8,"serves_from_bearing":354.1,"serves_to_bearing":264.1,"serves_quality":"good","lat":25.1018855,"lon":121.5215681,"confidence":"confirmed","source":"dieturn/yolo26s-obb_ep144@taipei_udd_ortho_2025","source_updated_at":"2026-09-05"},"geometry":{"type":"Polygon","coordinates":[[[121.5215843,25.1018633],[121.521579,25.1019103],[121.521552,25.1019078],[121.5215572,25.1018608],[121.5215843,25.1018633]]]}},{"type":"Feature","id":"dt_wsqqwdx0y","properties":{"id":"dt_wsqqwdx0y","status":"auto","conf":0.9064,"n_detections":1,"heading_deg":29.1,"length_m":4.01,"width_m":2.6,"corner":"NW","intersection_id":"TPS_00897","intersection_dist_m":13.1,"serves_from_bearing":209.1,"serves_to_bearing":119.1,"serves_quality":"good","lat":25.0626933,"lon":121.5845885,"confidence":"confirmed","source":"dieturn/yolo26s-obb_ep144@taipei_udd_ortho_2025","source_updated_at":"2026-09-05"},"geometry":{"type":"Polygon","coordinates":[[[121.5845901,25.0626718],[121.5846094,25.0627035],[121.5845868,25.0627148],[121.5845675,25.0626831],[121.5845901,25.0626718]]]}},{"type":"Feature","id":"dt_wsqqve200","properties":{"id":"dt_wsqqve200","status":"auto","conf":0.9056,"n_detections":2,"heading_deg":6.7,"length_m":4.34,"width_m":2.58,"corner":"SE","intersection_id":"TPS_01087","intersection_dist_m":15.1,"serves_from_bearing":6.7,"serves_to_bearing":276.7,"serves_quality":"ambiguous","lat":25.1106614,"lon":121.5307896,"confidence":"confirmed","source":"dieturn/yolo26s-obb_ep144@taipei_udd_ortho_2025","source_updated_at":"2026-09-05"},"geometry":{"type":"Polygon","coordinates":[[[121.5307998,25.1106405],[121.5308048,25.1106795],[121.5307794,25.1106822],[121.5307744,25.1106433],[121.5307998,25.1106405]]]}},{"type":"Feature","id":"dt_wsqqmx3ts","properties":{"id":"dt_wsqqmx3ts","status":"auto","conf":0.9055,"n_detections":1,"heading_deg":89.3,"length_m":5.3,"width_m":2.56,"corner":"NE","intersection_id":"TPS_00003","intersection_dist_m":15.1,"serves_from_bearing":359.3,"serves_to_bearing":269.3,"serves_quality":"good","lat":25.0456784,"lon":121.5330302,"confidence":"confirmed","source":"dieturn/yolo26s-obb_ep144@taipei_udd_ortho_2025","source_updated_at":"2026-09-05"},"geometry":{"type":"Polygon","coordinates":[[[121.5330566,25.0456671],[121.5330563,25.0456902],[121.5330038,25.0456897],[121.5330041,25.0456665],[121.5330566,25.0456671]]]}},{"type":"Feature","id":"dt_wsqqmgnnh","properties":{"id":"dt_wsqqmgnnh","status":"auto","conf":0.9054,"n_detections":2,"heading_deg":49.3,"length_m":4.71,"width_m":2.12,"corner":"NW","intersection_id":"TPS_00674","intersection_dist_m":14.7,"serves_from_bearing":229.3,"serves_to_bearing":139.3,"serves_quality":"good","lat":25.0224283,"lon":121.5501633,"confidence":"confirmed","source":"dieturn/yolo26s-obb_ep144@taipei_udd_ortho_2025","source_updated_at":"2026-09-05"},"geometry":{"type":"Polygon","coordinates":[[[121.5501879,25.0224349],[121.5501741,25.0224494],[121.5501387,25.0224216],[121.5501525,25.0224072],[121.5501879,25.0224349]]]}},{"type":"Feature","id":"dt_wsqqwdx27","properties":{"id":"dt_wsqqwdx27","status":"auto","conf":0.9054,"n_detections":1,"heading_deg":27.5,"length_m":3.76,"width_m":2.19,"corner":"SE","intersection_id":"TPS_00897","intersection_dist_m":11.4,"serves_from_bearing":27.5,"serves_to_bearing":297.5,"serves_quality":"good","lat":25.0626344,"lon":121.5848228,"confidence":"confirmed","source":"dieturn/yolo26s-obb_ep144@taipei_udd_ortho_2025","source_updated_at":"2026-09-05"},"geometry":{"type":"Polygon","coordinates":[[[121.5848239,25.0626148],[121.5848411,25.062645],[121.5848218,25.0626541],[121.5848045,25.0626239],[121.5848239,25.0626148]]]}},{"type":"Feature","id":"dt_wsqqt0y91","properties":{"id":"dt_wsqqt0y91","status":"auto","conf":0.9051,"n_detections":1,"heading_deg":100.6,"length_m":7.37,"width_m":2.62,"corner":"SE","intersection_id":"TPS_00153","intersection_dist_m":14.8,"serves_from_bearing":100.6,"serves_to_bearing":10.6,"serves_quality":"good","lat":25.0531443,"lon":121.5177797,"confidence":"confirmed","source":"dieturn/yolo26s-obb_ep144@taipei_udd_ortho_2025","source_updated_at":"2026-09-05"},"geometry":{"type":"Polygon","coordinates":[[[121.5178132,25.0531266],[121.517818,25.0531499],[121.5177462,25.0531621],[121.5177414,25.0531388],[121.5178132,25.0531266]]]}},{"type":"Feature","id":"dt_wsqqmwsve","properties":{"id":"dt_wsqqmwsve","status":"auto","conf":0.9047,"n_detections":1,"heading_deg":89.2,"length_m":7.51,"width_m":2.44,"corner":"SE","intersection_id":"TPS_00042","intersection_dist_m":40.5,"serves_from_bearing":89.2,"serves_to_bearing":359.2,"serves_quality":"good","lat":25.0415413,"lon":121.5374201,"confidence":"confirmed","source":"dieturn/yolo26s-obb_ep144@taipei_udd_ortho_2025","source_updated_at":"2026-09-05"},"geometry":{"type":"Polygon","coordinates":[[[121.5374575,25.0415307],[121.5374572,25.0415528],[121.5373827,25.0415519],[121.537383,25.0415298],[121.5374575,25.0415307]]]}},{"type":"Feature","id":"dt_wsqqkv8by","properties":{"id":"dt_wsqqkv8by","status":"auto","conf":0.9045,"n_detections":3,"heading_deg":5.8,"length_m":3.63,"width_m":2.65,"corner":"NW","intersection_id":"TPS_00931","intersection_dist_m":10.2,"serves_from_bearing":275.8,"serves_to_bearing":185.8,"serves_quality":"good","lat":25.0352292,"lon":121.4990968,"confidence":"confirmed","source":"dieturn/yolo26s-obb_ep144@taipei_udd_ortho_2025","source_updated_at":"2026-09-05"},"geometry":{"type":"Polygon","coordinates":[[[121.499108,25.0352117],[121.4991117,25.0352444],[121.4990855,25.0352467],[121.4990818,25.0352141],[121.499108,25.0352117]]]}},{"type":"Feature","id":"dt_wsqqtyxzx","properties":{"id":"dt_wsqqtyxzx","status":"auto","conf":0.9043,"n_detections":1,"heading_deg":122.9,"length_m":2.67,"width_m":2.5,"corner":"NW","intersection_id":"TPS_00535","intersection_dist_m":19.9,"serves_from_bearing":302.9,"serves_to_bearing":212.9,"serves_quality":"good","lat":25.0858636,"lon":121.5526991,"confidence":"confirmed","source":"dieturn/yolo26s-obb_ep144@taipei_udd_ortho_2025","source_updated_at":"2026-09-05"},"geometry":{"type":"Polygon","coordinates":[[[121.5527034,25.0858476],[121.552717,25.0858665],[121.5526948,25.0858796],[121.5526812,25.0858607],[121.5527034,25.0858476]]]}},{"type":"Feature","id":"dt_wsqqqj5e2","properties":{"id":"dt_wsqqqj5e2","status":"auto","conf":0.9042,"n_detections":1,"heading_deg":91.0,"length_m":4.85,"width_m":2.53,"corner":"SE","intersection_id":"TPS_00040","intersection_dist_m":20.7,"serves_from_bearing":91.0,"serves_to_bearing":1.0,"serves_quality":"good","lat":25.0329184,"lon":121.557551,"confidence":"confirmed","source":"dieturn/yolo26s-obb_ep144@taipei_udd_ortho_2025","source_updated_at":"2026-09-05"},"geometry":{"type":"Polygon","coordinates":[[[121.5575748,25.0329066],[121.5575752,25.0329295],[121.5575271,25.0329302],[121.5575267,25.0329074],[121.5575748,25.0329066]]]}},{"type":"Feature","id":"dt_wsqqtvcvq","properties":{"id":"dt_wsqqtvcvq","status":"auto","conf":0.9042,"n_detections":1,"heading_deg":175.4,"length_m":2.55,"width_m":1.45,"corner":"NW","intersection_id":"TPS_00997","intersection_dist_m":14.8,"serves_from_bearing":265.4,"serves_to_bearing":175.4,"serves_quality":"ambiguous","lat":25.0813304,"lon":121.5444271,"confidence":"confirmed","source":"dieturn/yolo26s-obb_ep144@taipei_udd_ortho_2025","source_updated_at":"2026-09-05"},"geometry":{"type":"Polygon","coordinates":[[[121.5444353,25.0813195],[121.5444333,25.0813424],[121.5444189,25.0813414],[121.5444209,25.0813184],[121.5444353,25.0813195]]]}},{"type":"Feature","id":"dt_wsqqwt7t9","properties":{"id":"dt_wsqqwt7t9","status":"auto","conf":0.9041,"n_detections":1,"heading_deg":94.6,"length_m":7.8,"width_m":2.24,"corner":"NW","intersection_id":"TPS_00498","intersection_dist_m":12.2,"serves_from_bearing":274.6,"serves_to_bearing":184.6,"serves_quality":"ambiguous","lat":25.0786264,"lon":121.5795826,"confidence":"confirmed","source":"dieturn/yolo26s-obb_ep144@taipei_udd_ortho_2025","source_updated_at":"2026-09-05"},"geometry":{"type":"Polygon","coordinates":[[[121.5796202,25.0786134],[121.579622,25.0786337],[121.579545,25.0786393],[121.5795432,25.0786191],[121.5796202,25.0786134]]]}},{"type":"Feature","id":"dt_wsqqmx1qq","properties":{"id":"dt_wsqqmx1qq","status":"auto","conf":0.9041,"n_detections":1,"heading_deg":74.6,"length_m":4.92,"width_m":2.97,"corner":"NW","intersection_id":"TPS_00706","intersection_dist_m":18.4,"serves_from_bearing":254.6,"serves_to_bearing":164.6,"serves_quality":"good","lat":25.0444351,"lon":121.5327408,"confidence":"confirmed","source":"dieturn/yolo26s-obb_ep144@taipei_udd_ortho_2025","source_updated_at":"2026-09-05"},"geometry":{"type":"Polygon","coordinates":[[[121.5327683,25.0444281],[121.5327604,25.044454],[121.5327133,25.0444422],[121.5327211,25.0444163],[121.5327683,25.0444281]]]}},{"type":"Feature","id":"dt_wsqqqm9hq","properties":{"id":"dt_wsqqqm9hq","status":"auto","conf":0.9039,"n_detections":1,"heading_deg":178.9,"length_m":4.39,"width_m":3.29,"corner":"SW","intersection_id":"TPS_02434","intersection_dist_m":9.8,"serves_from_bearing":178.9,"serves_to_bearing":88.9,"serves_quality":"good","lat":25.0358386,"lon":121.5653568,"confidence":"confirmed","source":"dieturn/yolo26s-obb_ep144@taipei_udd_ortho_2025","source_updated_at":"2026-09-05"},"geometry":{"type":"Polygon","coordinates":[[[121.5653735,25.035819],[121.5653727,25.0358587],[121.5653401,25.0358582],[121.5653409,25.0358185],[121.5653735,25.035819]]]}},{"type":"Feature","id":"dt_wsqqqjhgd","properties":{"id":"dt_wsqqqjhgd","status":"auto","conf":0.9038,"n_detections":1,"heading_deg":13.4,"length_m":8.55,"width_m":2.68,"corner":"SW","intersection_id":"TPS_00073","intersection_dist_m":24.5,"serves_from_bearing":193.4,"serves_to_bearing":103.4,"serves_quality":"good","lat":25.0329512,"lon":121.559344,"confidence":"confirmed","source":"dieturn/yolo26s-obb_ep144@taipei_udd_ortho_2025","source_updated_at":"2026-09-05"},"geometry":{"type":"Polygon","coordinates":[[[121.5593471,25.0329108],[121.5593668,25.032986],[121.5593409,25.0329915],[121.5593212,25.0329164],[121.5593471,25.0329108]]]}},{"type":"Feature","id":"dt_wsqqt1gsu","properties":{"id":"dt_wsqqt1gsu","status":"auto","conf":0.9037,"n_detections":2,"heading_deg":176.8,"length_m":6.93,"width_m":2.8,"corner":"NE","intersection_id":"TPS_00903","intersection_dist_m":14.5,"serves_from_bearing":356.8,"serves_to_bearing":266.8,"serves_quality":"good","lat":25.0592861,"lon":121.5137679,"confidence":"confirmed","source":"dieturn/yolo26s-obb_ep144@taipei_udd_ortho_2025","source_updated_at":"2026-09-05"},"geometry":{"type":"Polygon","coordinates":[[[121.5137837,25.0592555],[121.5137799,25.0593181],[121.5137522,25.0593167],[121.513756,25.0592541],[121.5137837,25.0592555]]]}},{"type":"Feature","id":"dt_wsqqqwuxs","properties":{"id":"dt_wsqqqwuxs","status":"auto","conf":0.9036,"n_detections":1,"heading_deg":86.5,"length_m":3.9,"width_m":2.77,"corner":"NW","intersection_id":"TPS_00352","intersection_dist_m":14.0,"serves_from_bearing":266.5,"serves_to_bearing":176.5,"serves_quality":"good","lat":25.0432872,"lon":121.581085,"confidence":"confirmed","source":"dieturn/yolo26s-obb_ep144@taipei_udd_ortho_2025","source_updated_at":"2026-09-05"},"geometry":{"type":"Polygon","coordinates":[[[121.5811052,25.0432758],[121.5811035,25.0433008],[121.5810649,25.0432987],[121.5810665,25.0432736],[121.5811052,25.0432758]]]}},{"type":"Feature","id":"dt_wsqqky4gq","properties":{"id":"dt_wsqqky4gq","status":"auto","conf":0.9036,"n_detections":1,"heading_deg":11.9,"length_m":6.56,"width_m":2.72,"corner":"NE","intersection_id":"TPS_02151","intersection_dist_m":10.0,"serves_from_bearing":11.9,"serves_to_bearing":281.9,"serves_quality":"good","lat":25.0384074,"lon":121.5018659,"confidence":"confirmed","source":"dieturn/yolo26s-obb_ep144@taipei_udd_ortho_2025","source_updated_at":"2026-09-05"},"geometry":{"type":"Polygon","coordinates":[[[121.5018724,25.0383759],[121.5018858,25.0384339],[121.5018594,25.038439],[121.501846,25.0383809],[121.5018724,25.0383759]]]}},{"type":"Feature","id":"dt_wsqqmprum","properties":{"id":"dt_wsqqmprum","status":"auto","conf":0.9033,"n_detections":1,"heading_deg":103.0,"length_m":7.88,"width_m":2.74,"corner":"NE","intersection_id":"TPS_00725","intersection_dist_m":12.0,"serves_from_bearing":13.0,"serves_to_bearing":283.0,"serves_quality":"good","lat":25.0454599,"lon":121.5196626,"confidence":"confirmed","source":"dieturn/yolo26s-obb_ep144@taipei_udd_ortho_2025","source_updated_at":"2026-09-05"},"geometry":{"type":"Polygon","coordinates":[[[121.5196976,25.0454399],[121.5197038,25.045464],[121.5196276,25.04548],[121.5196214,25.0454558],[121.5196976,25.0454399]]]}},{"type":"Feature","id":"dt_wsqqtcj03","properties":{"id":"dt_wsqqtcj03","status":"auto","conf":0.903,"n_detections":2,"heading_deg":1.6,"length_m":4.48,"width_m":2.58,"corner":"SE","intersection_id":"TPS_02318","intersection_dist_m":21.6,"serves_from_bearing":91.6,"serves_to_bearing":1.6,"serves_quality":"good","lat":25.0543964,"lon":121.5486804,"confidence":"confirmed","source":"dieturn/yolo26s-obb_ep144@taipei_udd_ortho_2025","source_updated_at":"2026-09-05"},"geometry":{"type":"Polygon","coordinates":[[[121.5486926,25.0543759],[121.5486938,25.0544164],[121.5486682,25.054417],[121.548667,25.0543765],[121.5486926,25.0543759]]]}},{"type":"Feature","id":"dt_wsqqqxk7p","properties":{"id":"dt_wsqqqxk7p","status":"auto","conf":0.9022,"n_detections":2,"heading_deg":87.5,"length_m":8.17,"width_m":2.39,"corner":"SE","intersection_id":"TPS_00149","intersection_dist_m":19.9,"serves_from_bearing":87.5,"serves_to_bearing":357.5,"serves_quality":"good","lat":25.045252,"lon":121.5808697,"confidence":"confirmed","source":"dieturn/yolo26s-obb_ep144@taipei_udd_ortho_2025","source_updated_at":"2026-09-05"},"geometry":{"type":"Polygon","coordinates":[[[121.5809107,25.0452428],[121.5809097,25.0452644],[121.5808288,25.0452612],[121.5808298,25.0452397],[121.5809107,25.0452428]]]}},{"type":"Feature","id":"dt_wsqqm6yb5","properties":{"id":"dt_wsqqm6yb5","status":"auto","conf":0.9022,"n_detections":1,"heading_deg":135.9,"length_m":7.77,"width_m":3.17,"corner":"NE","intersection_id":"TPS_00644","intersection_dist_m":17.1,"serves_from_bearing":315.9,"serves_to_bearing":225.9,"serves_quality":"good","lat":25.0199942,"lon":121.5291781,"confidence":"confirmed","source":"dieturn/yolo26s-obb_ep144@taipei_udd_ortho_2025","source_updated_at":"2026-09-05"},"geometry":{"type":"Polygon","coordinates":[[[121.5292162,25.0199789],[121.5291626,25.0200293],[121.5291399,25.0200095],[121.5291936,25.019959],[121.5292162,25.0199789]]]}},{"type":"Feature","id":"dt_wsqqw22nr","properties":{"id":"dt_wsqqw22nr","status":"auto","conf":0.9022,"n_detections":2,"heading_deg":85.4,"length_m":3.45,"width_m":2.53,"corner":"SW","intersection_id":"TPS_01184","intersection_dist_m":12.1,"serves_from_bearing":175.4,"serves_to_bearing":85.4,"serves_quality":"good","lat":25.0512837,"lon":121.5640217,"confidence":"confirmed","source":"dieturn/yolo26s-obb_ep144@taipei_udd_ortho_2025","source_updated_at":"2026-09-05"},"geometry":{"type":"Polygon","coordinates":[[[121.5640397,25.0512735],[121.5640377,25.0512963],[121.5640036,25.0512938],[121.5640056,25.051271],[121.5640397,25.0512735]]]}},{"type":"Feature","id":"dt_wsqqtu1zs","properties":{"id":"dt_wsqqtu1zs","status":"auto","conf":0.9019,"n_detections":2,"heading_deg":88.8,"length_m":6.3,"width_m":3.01,"corner":"NW","intersection_id":"TPS_01190","intersection_dist_m":16.2,"serves_from_bearing":268.8,"serves_to_bearing":178.8,"serves_quality":"ambiguous","lat":25.07211,"lon":121.5443541,"confidence":"confirmed","source":"dieturn/yolo26s-obb_ep144@taipei_udd_ortho_2025","source_updated_at":"2026-09-05"},"geometry":{"type":"Polygon","coordinates":[[[121.5443856,25.072097],[121.544385,25.0721242],[121.5443226,25.072123],[121.5443232,25.0720957],[121.5443856,25.072097]]]}},{"type":"Feature","id":"dt_wsqqjtq7w","properties":{"id":"dt_wsqqjtq7w","status":"auto","conf":0.9018,"n_detections":1,"heading_deg":18.9,"length_m":4.31,"width_m":2.18,"corner":"NW","intersection_id":"TPS_00176","intersection_dist_m":27.4,"serves_from_bearing":288.9,"serves_to_bearing":198.9,"serves_quality":"good","lat":24.9903834,"lon":121.5396447,"confidence":"confirmed","source":"dieturn/yolo26s-obb_ep144@taipei_udd_ortho_2025","source_updated_at":"2026-09-05"},"geometry":{"type":"Polygon","coordinates":[[[121.5396479,24.9903617],[121.5396618,24.9903986],[121.5396414,24.990405],[121.5396275,24.9903681],[121.5396479,24.9903617]]]}},{"type":"Feature","id":"dt_wsqqt99t5","properties":{"id":"dt_wsqqt99t5","status":"auto","conf":0.9013,"n_detections":1,"heading_deg":91.2,"length_m":2.5,"width_m":1.69,"corner":"SW","intersection_id":"TPS_02501","intersection_dist_m":31.7,"serves_from_bearing":181.2,"serves_to_bearing":91.2,"serves_quality":"good","lat":25.0579271,"lon":121.5329807,"confidence":"confirmed","source":"dieturn/yolo26s-obb_ep144@taipei_udd_ortho_2025","source_updated_at":"2026-09-05"},"geometry":{"type":"Polygon","coordinates":[[[121.532993,25.0579192],[121.5329933,25.0579345],[121.5329685,25.057935],[121.5329681,25.0579198],[121.532993,25.0579192]]]}},{"type":"Feature","id":"dt_wsqqmy377","properties":{"id":"dt_wsqqmy377","status":"auto","conf":0.9009,"n_detections":1,"heading_deg":1.8,"length_m":4.92,"width_m":2.69,"corner":"SW","intersection_id":"TPS_00577","intersection_dist_m":15.1,"serves_from_bearing":181.8,"serves_to_bearing":91.8,"serves_quality":"ambiguous","lat":25.0398082,"lon":121.5435962,"confidence":"confirmed","source":"dieturn/yolo26s-obb_ep144@taipei_udd_ortho_2025","source_updated_at":"2026-09-05"},"geometry":{"type":"Polygon","coordinates":[[[121.5436088,25.0397856],[121.5436103,25.0398301],[121.5435836,25.0398308],[121.5435821,25.0397864],[121.5436088,25.0397856]]]}},{"type":"Feature","id":"dt_wsqqmxutd","properties":{"id":"dt_wsqqmxutd","status":"auto","conf":0.9007,"n_detections":1,"heading_deg":2.7,"length_m":9.64,"width_m":2.95,"corner":"NE","intersection_id":"TPS_01401","intersection_dist_m":10.5,"serves_from_bearing":2.7,"serves_to_bearing":272.7,"serves_quality":"good","lat":25.0484199,"lon":121.5370318,"confidence":"confirmed","source":"dieturn/yolo26s-obb_ep144@taipei_udd_ortho_2025","source_updated_at":"2026-09-05"},"geometry":{"type":"Polygon","coordinates":[[[121.5370441,25.0483757],[121.5370487,25.0484628],[121.5370194,25.0484641],[121.5370149,25.0483769],[121.5370441,25.0483757]]]}},{"type":"Feature","id":"dt_wsqqt838p","properties":{"id":"dt_wsqqt838p","status":"auto","conf":0.9002,"n_detections":1,"heading_deg":178.7,"length_m":2.99,"width_m":1.72,"corner":"NE","intersection_id":"TPS_00714","intersection_dist_m":16.4,"serves_from_bearing":358.7,"serves_to_bearing":268.7,"serves_quality":"good","lat":25.0502297,"lon":121.5331553,"confidence":"confirmed","source":"dieturn/yolo26s-obb_ep144@taipei_udd_ortho_2025","source_updated_at":"2026-09-05"},"geometry":{"type":"Polygon","coordinates":[[[121.5331642,25.0502163],[121.5331635,25.0502434],[121.5331464,25.0502431],[121.5331471,25.050216],[121.5331642,25.0502163]]]}},{"type":"Feature","id":"dt_wsqqku6p6","properties":{"id":"dt_wsqqku6p6","status":"auto","conf":0.9001,"n_detections":1,"heading_deg":175.6,"length_m":7.51,"width_m":2.79,"corner":"NE","intersection_id":"TPS_00183","intersection_dist_m":15.9,"serves_from_bearing":355.6,"serves_to_bearing":265.6,"serves_quality":"good","lat":25.0295133,"lon":121.50065,"confidence":"confirmed","source":"dieturn/yolo26s-obb_ep144@taipei_udd_ortho_2025","source_updated_at":"2026-09-05"},"geometry":{"type":"Polygon","coordinates":[[[121.5006667,25.0294804],[121.500661,25.0295481],[121.5006334,25.0295462],[121.5006391,25.0294786],[121.5006667,25.0294804]]]}},{"type":"Feature","id":"dt_wsqqm8t97","properties":{"id":"dt_wsqqm8t97","status":"auto","conf":0.9,"n_detections":1,"heading_deg":63.6,"length_m":5.81,"width_m":3.03,"corner":"SE","intersection_id":"TPS_00113","intersection_dist_m":22.2,"serves_from_bearing":63.6,"serves_to_bearing":333.6,"serves_quality":"good","lat":25.0078667,"lon":121.5384441,"confidence":"confirmed","source":"dieturn/yolo26s-obb_ep144@taipei_udd_ortho_2025","source_updated_at":"2026-09-05"},"geometry":{"type":"Polygon","coordinates":[[[121.5384767,25.0078662],[121.5384632,25.0078907],[121.5384116,25.0078673],[121.5384251,25.0078428],[121.5384767,25.0078662]]]}},{"type":"Feature","id":"dt_wsqqwt01h","properties":{"id":"dt_wsqqwt01h","status":"auto","conf":0.8995,"n_detections":1,"heading_deg":116.6,"length_m":5.42,"width_m":2.24,"corner":"NW","intersection_id":"TPS_00995","intersection_dist_m":14.6,"serves_from_bearing":296.6,"serves_to_bearing":206.6,"serves_quality":"good","lat":25.0764847,"lon":121.5749056,"confidence":"confirmed","source":"dieturn/yolo26s-obb_ep144@taipei_udd_ortho_2025","source_updated_at":"2026-09-05"},"geometry":{"type":"Polygon","coordinates":[[[121.5749246,25.0764647],[121.5749347,25.0764828],[121.5748866,25.0765047],[121.5748765,25.0764867],[121.5749246,25.0764647]]]}},{"type":"Feature","id":"dt_wsqqmv1nx","properties":{"id":"dt_wsqqmv1nx","status":"auto","conf":0.8994,"n_detections":1,"heading_deg":3.3,"length_m":7.93,"width_m":3.31,"corner":"NW","intersection_id":"TPS_00039","intersection_dist_m":20.4,"serves_from_bearing":273.3,"serves_to_bearing":183.3,"serves_quality":"good","lat":25.0334768,"lon":121.5434329,"confidence":"confirmed","source":"dieturn/yolo26s-obb_ep144@taipei_udd_ortho_2025","source_updated_at":"2026-09-05"},"geometry":{"type":"Polygon","coordinates":[[[121.543447,25.0334402],[121.5434515,25.0335117],[121.5434188,25.0335134],[121.5434143,25.0334419],[121.543447,25.0334402]]]}},{"type":"Feature","id":"dt_wsqqvbcf0","properties":{"id":"dt_wsqqvbcf0","status":"auto","conf":0.8994,"n_detections":1,"heading_deg":73.5,"length_m":5.79,"width_m":2.14,"corner":"NW","intersection_id":"TPS_00952","intersection_dist_m":17.4,"serves_from_bearing":253.5,"serves_to_bearing":163.5,"serves_quality":"ambiguous","lat":25.0972632,"lon":121.5441907,"confidence":"confirmed","source":"dieturn/yolo26s-obb_ep144@taipei_udd_ortho_2025","source_updated_at":"2026-09-05"},"geometry":{"type":"Polygon","coordinates":[[[121.5442212,25.0972613],[121.5442151,25.0972799],[121.5441601,25.0972651],[121.5441662,25.0972465],[121.5442212,25.0972613]]]}},{"type":"Feature","id":"dt_wsqqt4eek","properties":{"id":"dt_wsqqt4eek","status":"auto","conf":0.8989,"n_detections":1,"heading_deg":177.2,"length_m":3.02,"width_m":2.45,"corner":"NE","intersection_id":"TPS_00078","intersection_dist_m":23.6,"serves_from_bearing":357.2,"serves_to_bearing":267.2,"serves_quality":"good","lat":25.0631261,"lon":121.5138,"confidence":"confirmed","source":"dieturn/yolo26s-obb_ep144@taipei_udd_ortho_2025","source_updated_at":"2026-09-05"},"geometry":{"type":"Polygon","coordinates":[[[121.5138129,25.063113],[121.5138114,25.0631403],[121.5137872,25.0631392],[121.5137886,25.063112],[121.5138129,25.063113]]]}},{"type":"Feature","id":"dt_wsqqq51m5","properties":{"id":"dt_wsqqq51m5","status":"auto","conf":0.8982,"n_detections":1,"heading_deg":132.1,"length_m":4.37,"width_m":2.6,"corner":"SW","intersection_id":"TPS_00666","intersection_dist_m":11.9,"serves_from_bearing":132.1,"serves_to_bearing":42.1,"serves_quality":"good","lat":25.0222597,"lon":121.5546111,"confidence":"confirmed","source":"dieturn/yolo26s-obb_ep144@taipei_udd_ortho_2025","source_updated_at":"2026-09-05"},"geometry":{"type":"Polygon","coordinates":[[[121.5546359,25.0222551],[121.5546037,25.0222816],[121.5545864,25.0222642],[121.5546185,25.0222377],[121.5546359,25.0222551]]]}},{"type":"Feature","id":"dt_wsqqv38gy","properties":{"id":"dt_wsqqv38gy","status":"auto","conf":0.898,"n_detections":1,"heading_deg":179.1,"length_m":4.45,"width_m":4.34,"corner":"SW","intersection_id":"TPS_00089","intersection_dist_m":29.9,"serves_from_bearing":179.1,"serves_to_bearing":89.1,"serves_quality":"good","lat":25.1016867,"lon":121.5210631,"confidence":"confirmed","source":"dieturn/yolo26s-obb_ep144@taipei_udd_ortho_2025","source_updated_at":"2026-09-05"},"geometry":{"type":"Polygon","coordinates":[[[121.521085,25.1016668],[121.5210843,25.1017071],[121.5210413,25.1017065],[121.5210419,25.1016662],[121.521085,25.1016668]]]}},{"type":"Feature","id":"dt_wsqqmpse2","properties":{"id":"dt_wsqqmpse2","status":"auto","conf":0.8977,"n_detections":1,"heading_deg":98.1,"length_m":5.48,"width_m":3.44,"corner":"SW","intersection_id":"TPS_00886","intersection_dist_m":17.5,"serves_from_bearing":188.1,"serves_to_bearing":98.1,"serves_quality":"ambiguous","lat":25.0466695,"lon":121.5149839,"confidence":"confirmed","source":"dieturn/yolo26s-obb_ep144@taipei_udd_ortho_2025","source_updated_at":"2026-09-05"},"geometry":{"type":"Polygon","coordinates":[[[121.5150084,25.0466506],[121.5150133,25.0466814],[121.5149595,25.0466884],[121.5149546,25.0466575],[121.5150084,25.0466506]]]}},{"type":"Feature","id":"dt_wsqqwn8ve","properties":{"id":"dt_wsqqwn8ve","status":"auto","conf":0.8976,"n_detections":1,"heading_deg":104.8,"length_m":5.68,"width_m":2.52,"corner":"NW","intersection_id":"TPS_00380","intersection_dist_m":17.7,"serves_from_bearing":284.8,"serves_to_bearing":194.8,"serves_quality":"good","lat":25.0854984,"lon":121.553921,"confidence":"confirmed","source":"dieturn/yolo26s-obb_ep144@taipei_udd_ortho_2025","source_updated_at":"2026-09-05"},"geometry":{"type":"Polygon","coordinates":[[[121.553945,25.0854808],[121.5539515,25.0855029],[121.553897,25.085516],[121.5538905,25.0854939],[121.553945,25.0854808]]]}},{"type":"Feature","id":"dt_wsqqtbt08","properties":{"id":"dt_wsqqtbt08","status":"auto","conf":0.897,"n_detections":1,"heading_deg":3.9,"length_m":9.39,"width_m":3.53,"corner":"SE","intersection_id":"TPS_01118","intersection_dist_m":14.7,"serves_from_bearing":93.9,"serves_to_bearing":3.9,"serves_quality":"good","lat":25.0516612,"lon":121.5486171,"confidence":"confirmed","source":"dieturn/yolo26s-obb_ep144@taipei_udd_ortho_2025","source_updated_at":"2026-09-05"},"geometry":{"type":"Polygon","coordinates":[[[121.5486314,25.0516177],[121.5486378,25.0517025],[121.5486028,25.0517046],[121.5485965,25.0516198],[121.5486314,25.0516177]]]}},{"type":"Feature","id":"dt_wsqqmk9z8","properties":{"id":"dt_wsqqmk9z8","status":"auto","conf":0.897,"n_detections":1,"heading_deg":12.3,"length_m":3.81,"width_m":2.39,"corner":"NW","intersection_id":"TPS_01655","intersection_dist_m":9.5,"serves_from_bearing":282.3,"serves_to_bearing":192.3,"serves_quality":"ambiguous","lat":25.0309176,"lon":121.5222025,"confidence":"confirmed","source":"dieturn/yolo26s-obb_ep144@taipei_udd_ortho_2025","source_updated_at":"2026-09-05"},"geometry":{"type":"Polygon","coordinates":[[[121.52221,25.0308985],[121.5222181,25.0309322],[121.5221949,25.0309367],[121.5221868,25.0309031],[121.52221,25.0308985]]]}},{"type":"Feature","id":"dt_wsqqqm53g","properties":{"id":"dt_wsqqqm53g","status":"auto","conf":0.8968,"n_detections":1,"heading_deg":87.1,"length_m":6.66,"width_m":2.61,"corner":"SE","intersection_id":"TPS_00133","intersection_dist_m":16.1,"serves_from_bearing":87.1,"serves_to_bearing":357.1,"serves_quality":"ambiguous","lat":25.0326846,"lon":121.5683392,"confidence":"confirmed","source":"dieturn/yolo26s-obb_ep144@taipei_udd_ortho_2025","source_updated_at":"2026-09-05"},"geometry":{"type":"Polygon","coordinates":[[[121.5683728,25.0326744],[121.5683715,25.032698],[121.5683055,25.0326949],[121.5683069,25.0326713],[121.5683728,25.0326744]]]}},{"type":"Feature","id":"dt_wsqqt0gyh","properties":{"id":"dt_wsqqt0gyh","status":"auto","conf":0.8965,"n_detections":1,"heading_deg":179.1,"length_m":5.33,"width_m":4.98,"corner":"SW","intersection_id":"TPS_00156","intersection_dist_m":38.0,"serves_from_bearing":179.1,"serves_to_bearing":89.1,"serves_quality":"good","lat":25.0539973,"lon":121.5141277,"confidence":"confirmed","source":"dieturn/yolo26s-obb_ep144@taipei_udd_ortho_2025","source_updated_at":"2026-09-05"},"geometry":{"type":"Polygon","coordinates":[[[121.5141527,25.0539736],[121.5141519,25.0540218],[121.5141026,25.054021],[121.5141034,25.0539729],[121.5141527,25.0539736]]]}},{"type":"Feature","id":"dt_wsqquukq6","properties":{"id":"dt_wsqquukq6","status":"auto","conf":0.8957,"n_detections":1,"heading_deg":135.1,"length_m":5.46,"width_m":2.73,"corner":"SW","intersection_id":"TPS_01015","intersection_dist_m":19.9,"serves_from_bearing":135.1,"serves_to_bearing":45.1,"serves_quality":"ambiguous","lat":25.1172094,"lon":121.503749,"confidence":"confirmed","source":"dieturn/yolo26s-obb_ep144@taipei_udd_ortho_2025","source_updated_at":"2026-09-05"},"geometry":{"type":"Polygon","coordinates":[[[121.5037778,25.1172005],[121.5037395,25.1172355],[121.5037202,25.1172182],[121.5037584,25.1171832],[121.5037778,25.1172005]]]}},{"type":"Feature","id":"dt_wsqqt99vd","properties":{"id":"dt_wsqqt99vd","status":"auto","conf":0.8956,"n_detections":2,"heading_deg":3.0,"length_m":7.32,"width_m":3.03,"corner":"NW","intersection_id":"TPS_02500","intersection_dist_m":21.9,"serves_from_bearing":273.0,"serves_to_bearing":183.0,"serves_quality":"good","lat":25.0580408,"lon":121.533289,"confidence":"confirmed","source":"dieturn/yolo26s-obb_ep144@taipei_udd_ortho_2025","source_updated_at":"2026-09-05"},"geometry":{"type":"Polygon","coordinates":[[[121.5333021,25.058007],[121.5333059,25.0580731],[121.5332759,25.0580745],[121.5332721,25.0580085],[121.5333021,25.058007]]]}},{"type":"Feature","id":"dt_wsqqksj14","properties":{"id":"dt_wsqqksj14","status":"auto","conf":0.8944,"n_detections":1,"heading_deg":140.0,"length_m":6.26,"width_m":2.77,"corner":"NE","intersection_id":"TPS_00920","intersection_dist_m":13.1,"serves_from_bearing":320.0,"serves_to_bearing":230.0,"serves_quality":"good","lat":25.0270479,"lon":121.4937739,"confidence":"confirmed","source":"dieturn/yolo26s-obb_ep144@taipei_udd_ortho_2025","source_updated_at":"2026-09-05"},"geometry":{"type":"Polygon","coordinates":[[[121.4938044,25.0270342],[121.4937645,25.0270776],[121.4937434,25.0270616],[121.4937833,25.0270183],[121.4938044,25.0270342]]]}},{"type":"Feature","id":"dt_wsqqky4fs","properties":{"id":"dt_wsqqky4fs","status":"auto","conf":0.8939,"n_detections":1,"heading_deg":95.7,"length_m":5.25,"width_m":2.7,"corner":"SE","intersection_id":"TPS_02151","intersection_dist_m":8.2,"serves_from_bearing":95.7,"serves_to_bearing":5.7,"serves_quality":"good","lat":25.0383046,"lon":121.5017902,"confidence":"confirmed","source":"dieturn/yolo26s-obb_ep144@taipei_udd_ortho_2025","source_updated_at":"2026-09-05"},"geometry":{"type":"Polygon","coordinates":[[[121.5018148,25.0382901],[121.5018175,25.0383144],[121.5017656,25.0383191],[121.5017629,25.0382948],[121.5018148,25.0382901]]]}},{"type":"Feature","id":"dt_wsqqt6cvk","properties":{"id":"dt_wsqqt6cvk","status":"auto","conf":0.8937,"n_detections":1,"heading_deg":83.0,"length_m":4.27,"width_m":2.61,"corner":"SE","intersection_id":"TPS_00321","intersection_dist_m":13.9,"serves_from_bearing":83.0,"serves_to_bearing":353.0,"serves_quality":"good","lat":25.0648451,"lon":121.5223783,"confidence":"confirmed","source":"dieturn/yolo26s-obb_ep144@taipei_udd_ortho_2025","source_updated_at":"2026-09-05"},"geometry":{"type":"Polygon","coordinates":[[[121.5224009,25.0648358],[121.5223977,25.0648592],[121.5223557,25.0648545],[121.5223588,25.0648311],[121.5224009,25.0648358]]]}},{"type":"Feature","id":"dt_wsqqtmf1c","properties":{"id":"dt_wsqqtmf1c","status":"auto","conf":0.8936,"n_detections":1,"heading_deg":24.8,"length_m":4.73,"width_m":2.12,"corner":"SE","intersection_id":"TPS_00503","intersection_dist_m":16.3,"serves_from_bearing":24.8,"serves_to_bearing":294.8,"serves_quality":"ambiguous","lat":25.0807246,"lon":121.5225914,"confidence":"confirmed","source":"dieturn/yolo26s-obb_ep144@taipei_udd_ortho_2025","source_updated_at":"2026-09-05"},"geometry":{"type":"Polygon","coordinates":[[[121.5225912,25.0807012],[121.5226108,25.0807401],[121.5225917,25.080748],[121.5225721,25.0807091],[121.5225912,25.0807012]]]}},{"type":"Feature","id":"dt_wsqqnp1rf","properties":{"id":"dt_wsqqnp1rf","status":"auto","conf":0.8935,"n_detections":1,"heading_deg":111.8,"length_m":3.63,"width_m":2.51,"corner":"SW","intersection_id":"TPS_00233","intersection_dist_m":13.0,"serves_from_bearing":111.8,"serves_to_bearing":21.8,"serves_quality":"good","lat":25.0007269,"lon":121.5545701,"confidence":"confirmed","source":"dieturn/yolo26s-obb_ep144@taipei_udd_ortho_2025","source_updated_at":"2026-09-05"},"geometry":{"type":"Polygon","coordinates":[[[121.5545821,25.0007103],[121.5545914,25.0007313],[121.554558,25.0007435],[121.5545487,25.0007224],[121.5545821,25.0007103]]]}},{"type":"Feature","id":"dt_wsqquv1tk","properties":{"id":"dt_wsqquv1tk","status":"auto","conf":0.8935,"n_detections":1,"heading_deg":145.5,"length_m":6.11,"width_m":2.56,"corner":"NW","intersection_id":"TPS_01987","intersection_dist_m":29.9,"serves_from_bearing":325.5,"serves_to_bearing":235.5,"serves_quality":"good","lat":25.1211639,"lon":121.5000423,"confidence":"confirmed","source":"dieturn/yolo26s-obb_ep144@taipei_udd_ortho_2025","source_updated_at":"2026-09-05"},"geometry":{"type":"Polygon","coordinates":[[[121.50007,25.1211476],[121.5000357,25.1211931],[121.5000147,25.1211802],[121.500049,25.1211346],[121.50007,25.1211476]]]}},{"type":"Feature","id":"dt_wsqqmwc7j","properties":{"id":"dt_wsqqmwc7j","status":"auto","conf":0.8933,"n_detections":1,"heading_deg":103.0,"length_m":7.74,"width_m":2.94,"corner":"NE","intersection_id":"TPS_02493","intersection_dist_m":34.8,"serves_from_bearing":13.0,"serves_to_bearing":283.0,"serves_quality":"good","lat":25.0425147,"lon":121.5327297,"confidence":"confirmed","source":"dieturn/yolo26s-obb_ep144@taipei_udd_ortho_2025","source_updated_at":"2026-09-05"},"geometry":{"type":"Polygon","coordinates":[[[121.5327637,25.0424939],[121.5327704,25.0425198],[121.5326956,25.0425355],[121.532689,25.0425097],[121.5327637,25.0424939]]]}},{"type":"Feature","id":"dt_wsqqwm2me","properties":{"id":"dt_wsqqwm2me","status":"auto","conf":0.8928,"n_detections":1,"heading_deg":102.0,"length_m":5.48,"width_m":2.76,"corner":"SW","intersection_id":"TPS_00968","intersection_dist_m":24.1,"serves_from_bearing":192.0,"serves_to_bearing":102.0,"serves_quality":"good","lat":25.0786531,"lon":121.5641983,"confidence":"confirmed","source":"dieturn/yolo26s-obb_ep144@taipei_udd_ortho_2025","source_updated_at":"2026-09-05"},"geometry":{"type":"Polygon","coordinates":[[[121.564222,25.0786358],[121.5642278,25.0786601],[121.5641746,25.0786705],[121.5641688,25.0786461],[121.564222,25.0786358]]]}},{"type":"Feature","id":"dt_wsqqmj6z1","properties":{"id":"dt_wsqqmj6z1","status":"auto","conf":0.8922,"n_detections":1,"heading_deg":68.7,"length_m":8.0,"width_m":4.56,"corner":"SE","intersection_id":"TPS_00103","intersection_dist_m":37.2,"serves_from_bearing":158.7,"serves_to_bearing":68.7,"serves_quality":"good","lat":25.0349561,"lon":121.5126109,"confidence":"confirmed","source":"dieturn/yolo26s-obb_ep144@taipei_udd_ortho_2025","source_updated_at":"2026-09-05"},"geometry":{"type":"Polygon","coordinates":[[[121.5126561,25.03495],[121.5126395,25.0349884],[121.5125656,25.0349622],[121.5125822,25.0349238],[121.5126561,25.03495]]]}},{"type":"Feature","id":"dt_wsqqt91e7","properties":{"id":"dt_wsqqt91e7","status":"auto","conf":0.892,"n_detections":2,"heading_deg":86.8,"length_m":3.52,"width_m":2.27,"corner":"NE","intersection_id":"TPS_02504","intersection_dist_m":25.7,"serves_from_bearing":356.8,"serves_to_bearing":266.8,"serves_quality":"good","lat":25.0548951,"lon":121.532968,"confidence":"confirmed","source":"dieturn/yolo26s-obb_ep144@taipei_udd_ortho_2025","source_updated_at":"2026-09-05"},"geometry":{"type":"Polygon","coordinates":[[[121.532986,25.0548857],[121.5329847,25.0549062],[121.5329499,25.0549045],[121.5329511,25.0548839],[121.532986,25.0548857]]]}},{"type":"Feature","id":"dt_wsqqqj5kg","properties":{"id":"dt_wsqqqj5kg","status":"auto","conf":0.8915,"n_detections":1,"heading_deg":3.2,"length_m":6.63,"width_m":2.77,"corner":"NW","intersection_id":"TPS_00040","intersection_dist_m":17.3,"serves_from_bearing":273.2,"serves_to_bearing":183.2,"serves_quality":"good","lat":25.0331898,"lon":121.5573473,"confidence":"confirmed","source":"dieturn/yolo26s-obb_ep144@taipei_udd_ortho_2025","source_updated_at":"2026-09-05"},"geometry":{"type":"Polygon","coordinates":[[[121.5573591,25.0331592],[121.5573628,25.033219],[121.5573354,25.0332204],[121.5573317,25.0331605],[121.5573591,25.0331592]]]}},{"type":"Feature","id":"dt_wsqqm5zqe","properties":{"id":"dt_wsqqm5zqe","status":"auto","conf":0.8911,"n_detections":1,"heading_deg":104.7,"length_m":5.94,"width_m":2.78,"corner":"NW","intersection_id":"TPS_00822","intersection_dist_m":14.4,"serves_from_bearing":284.7,"serves_to_bearing":194.7,"serves_quality":"good","lat":25.0265997,"lon":121.5188861,"confidence":"confirmed","source":"dieturn/yolo26s-obb_ep144@taipei_udd_ortho_2025","source_updated_at":"2026-09-05"},"geometry":{"type":"Polygon","coordinates":[[[121.518911,25.0265807],[121.5189182,25.026605],[121.5188612,25.0266186],[121.5188541,25.0265943],[121.518911,25.0265807]]]}},{"type":"Feature","id":"dt_wsqqmkvhp","properties":{"id":"dt_wsqqmkvhp","status":"auto","conf":0.8908,"n_detections":1,"heading_deg":10.6,"length_m":5.6,"width_m":2.98,"corner":"NE","intersection_id":"TPS_00342","intersection_dist_m":13.8,"serves_from_bearing":10.6,"serves_to_bearing":280.6,"serves_quality":"good","lat":25.0316981,"lon":121.5269686,"confidence":"confirmed","source":"dieturn/yolo26s-obb_ep144@taipei_udd_ortho_2025","source_updated_at":"2026-09-05"},"geometry":{"type":"Polygon","coordinates":[[[121.526978,25.0316708],[121.5269882,25.0317206],[121.5269592,25.0317255],[121.5269489,25.0316756],[121.526978,25.0316708]]]}},{"type":"Feature","id":"dt_wsqqqn72z","properties":{"id":"dt_wsqqqn72z","status":"auto","conf":0.8902,"n_detections":1,"heading_deg":4.7,"length_m":3.66,"width_m":2.62,"corner":"SW","intersection_id":"TPS_00403","intersection_dist_m":9.7,"serves_from_bearing":184.7,"serves_to_bearing":94.7,"serves_quality":"good","lat":25.0393501,"lon":121.5575034,"confidence":"confirmed","source":"dieturn/yolo26s-obb_ep144@taipei_udd_ortho_2025","source_updated_at":"2026-09-05"},"geometry":{"type":"Polygon","coordinates":[[[121.5575149,25.0393327],[121.5575178,25.0393657],[121.5574919,25.0393676],[121.557489,25.0393346],[121.5575149,25.0393327]]]}},{"type":"Feature","id":"dt_wsqqtvdhd","properties":{"id":"dt_wsqqtvdhd","status":"auto","conf":0.8901,"n_detections":1,"heading_deg":173.6,"length_m":6.55,"width_m":2.82,"corner":"NE","intersection_id":"TPS_00115","intersection_dist_m":21.9,"serves_from_bearing":353.6,"serves_to_bearing":263.6,"serves_quality":"good","lat":25.0798203,"lon":121.5446097,"confidence":"confirmed","source":"dieturn/yolo26s-obb_ep144@taipei_udd_ortho_2025","source_updated_at":"2026-09-05"},"geometry":{"type":"Polygon","coordinates":[[[121.5446272,25.0797923],[121.54462,25.0798512],[121.5445921,25.0798484],[121.5445994,25.0797895],[121.5446272,25.0797923]]]}},{"type":"Feature","id":"dt_wsqqjxnrn","properties":{"id":"dt_wsqqjxnrn","status":"auto","conf":0.8899,"n_detections":1,"heading_deg":152.8,"length_m":4.42,"width_m":2.76,"corner":"NW","intersection_id":"TPS_00359","intersection_dist_m":15.4,"serves_from_bearing":332.8,"serves_to_bearing":242.8,"serves_quality":"good","lat":25.0006069,"lon":121.5396322,"confidence":"confirmed","source":"dieturn/yolo26s-obb_ep144@taipei_udd_ortho_2025","source_updated_at":"2026-09-05"},"geometry":{"type":"Polygon","coordinates":[[[121.5396544,25.0005947],[121.5396344,25.0006303],[121.53961,25.000619],[121.53963,25.0005834],[121.5396544,25.0005947]]]}},{"type":"Feature","id":"dt_wsqqmzugz","properties":{"id":"dt_wsqqmzugz","status":"auto","conf":0.8895,"n_detections":2,"heading_deg":5.7,"length_m":7.96,"width_m":3.73,"corner":"SE","intersection_id":"TPS_02539","intersection_dist_m":22.7,"serves_from_bearing":95.7,"serves_to_bearing":5.7,"serves_quality":"good","lat":25.048139,"lon":121.5485924,"confidence":"confirmed","source":"dieturn/yolo26s-obb_ep144@taipei_udd_ortho_2025","source_updated_at":"2026-09-05"},"geometry":{"type":"Polygon","coordinates":[[[121.5486069,25.0481016],[121.5486148,25.0481732],[121.548578,25.0481765],[121.5485701,25.0481049],[121.5486069,25.0481016]]]}},{"type":"Feature","id":"dt_wsqqkus9w","properties":{"id":"dt_wsqqkus9w","status":"auto","conf":0.8891,"n_detections":1,"heading_deg":58.3,"length_m":5.28,"width_m":2.22,"corner":"SE","intersection_id":"TPS_00926","intersection_dist_m":19.8,"serves_from_bearing":148.3,"serves_to_bearing":58.3,"serves_quality":"ambiguous","lat":25.0298939,"lon":121.5042481,"confidence":"confirmed","source":"dieturn/yolo26s-obb_ep144@taipei_udd_ortho_2025","source_updated_at":"2026-09-05"},"geometry":{"type":"Polygon","coordinates":[[[121.5042762,25.0298979],[121.5042645,25.029915],[121.50422,25.0298899],[121.5042317,25.0298729],[121.5042762,25.0298979]]]}},{"type":"Feature","id":"dt_wsqqqm9jp","properties":{"id":"dt_wsqqqm9jp","status":"auto","conf":0.8885,"n_detections":1,"heading_deg":86.0,"length_m":4.18,"width_m":2.48,"corner":"NW","intersection_id":"TPS_02434","intersection_dist_m":10.3,"serves_from_bearing":266.0,"serves_to_bearing":176.0,"serves_quality":"ambiguous","lat":25.0359667,"lon":121.5654174,"confidence":"confirmed","source":"dieturn/yolo26s-obb_ep144@taipei_udd_ortho_2025","source_updated_at":"2026-09-05"},"geometry":{"type":"Polygon","coordinates":[[[121.5654389,25.0359568],[121.5654372,25.0359792],[121.5653958,25.0359766],[121.5653976,25.0359542],[121.5654389,25.0359568]]]}},{"type":"Feature","id":"dt_wsqqwepvv","properties":{"id":"dt_wsqqwepvv","status":"auto","conf":0.8881,"n_detections":1,"heading_deg":10.0,"length_m":6.4,"width_m":3.12,"corner":"NW","intersection_id":"TPS_00819","intersection_dist_m":16.4,"serves_from_bearing":190.0,"serves_to_bearing":100.0,"serves_quality":"ambiguous","lat":25.0663089,"lon":121.5855778,"confidence":"confirmed","source":"dieturn/yolo26s-obb_ep144@taipei_udd_ortho_2025","source_updated_at":"2026-09-05"},"geometry":{"type":"Polygon","coordinates":[[[121.5855875,25.0662779],[121.5855986,25.0663349],[121.5855681,25.0663398],[121.585557,25.0662828],[121.5855875,25.0662779]]]}},{"type":"Feature","id":"dt_wsqqtq6ws","properties":{"id":"dt_wsqqtq6ws","status":"auto","conf":0.8879,"n_detections":1,"heading_deg":83.3,"length_m":8.27,"width_m":2.84,"corner":"NW","intersection_id":"TPS_00151","intersection_dist_m":22.3,"serves_from_bearing":263.3,"serves_to_bearing":173.3,"serves_quality":"good","lat":25.0842905,"lon":121.5234211,"confidence":"confirmed","source":"dieturn/yolo26s-obb_ep144@taipei_udd_ortho_2025","source_updated_at":"2026-09-05"},"geometry":{"type":"Polygon","coordinates":[[[121.5234635,25.0842821],[121.5234601,25.0843076],[121.5233787,25.084299],[121.523382,25.0842735],[121.5234635,25.0842821]]]}},{"type":"Feature","id":"dt_wsqqkzzpr","properties":{"id":"dt_wsqqkzzpr","status":"auto","conf":0.8875,"n_detections":1,"heading_deg":14.5,"length_m":7.57,"width_m":3.17,"corner":"NE","intersection_id":"TPS_00774","intersection_dist_m":16.4,"serves_from_bearing":14.5,"serves_to_bearing":284.5,"serves_quality":"good","lat":25.0487326,"lon":121.5077536,"confidence":"confirmed","source":"dieturn/yolo26s-obb_ep144@taipei_udd_ortho_2025","source_updated_at":"2026-09-05"},"geometry":{"type":"Polygon","coordinates":[[[121.5077594,25.0486959],[121.5077782,25.0487622],[121.5077477,25.0487693],[121.507729,25.048703],[121.5077594,25.0486959]]]}},{"type":"Feature","id":"dt_wsqqqrctd","properties":{"id":"dt_wsqqqrctd","status":"auto","conf":0.8861,"n_detections":4,"heading_deg":160.2,"length_m":7.11,"width_m":2.44,"corner":"NE","intersection_id":"TPS_02460","intersection_dist_m":37.4,"serves_from_bearing":340.2,"serves_to_bearing":250.2,"serves_quality":"good","lat":25.0484007,"lon":121.5658686,"confidence":"confirmed","source":"dieturn/yolo26s-obb_ep144@taipei_udd_ortho_2025","source_updated_at":"2026-09-05"},"geometry":{"type":"Polygon","coordinates":[[[121.565892,25.0483741],[121.565868,25.0484347],[121.5658452,25.0484273],[121.5658692,25.0483667],[121.565892,25.0483741]]]}},{"type":"Feature","id":"dt_wsqqkg321","properties":{"id":"dt_wsqqkg321","status":"auto","conf":0.8858,"n_detections":1,"heading_deg":29.3,"length_m":4.68,"width_m":2.18,"corner":"NE","intersection_id":"TPS_00794","intersection_dist_m":24.8,"serves_from_bearing":29.3,"serves_to_bearing":299.3,"serves_quality":"good","lat":25.0227698,"lon":121.4995828,"confidence":"confirmed","source":"dieturn/yolo26s-obb_ep144@taipei_udd_ortho_2025","source_updated_at":"2026-09-05"},"geometry":{"type":"Polygon","coordinates":[[[121.4995809,25.0227466],[121.4996036,25.0227834],[121.4995847,25.022793],[121.499562,25.0227561],[121.4995809,25.0227466]]]}},{"type":"Feature","id":"dt_wsqqkwp6y","properties":{"id":"dt_wsqqkwp6y","status":"auto","conf":0.8858,"n_detections":1,"heading_deg":130.5,"length_m":5.47,"width_m":2.67,"corner":"SW","intersection_id":"TPS_00796","intersection_dist_m":21.2,"serves_from_bearing":130.5,"serves_to_bearing":40.5,"serves_quality":"good","lat":25.038338,"lon":121.497055,"confidence":"confirmed","source":"dieturn/yolo26s-obb_ep144@taipei_udd_ortho_2025","source_updated_at":"2026-09-05"},"geometry":{"type":"Polygon","coordinates":[[[121.4970842,25.0383311],[121.497043,25.0383632],[121.4970257,25.0383449],[121.4970669,25.0383128],[121.4970842,25.0383311]]]}},{"type":"Feature","id":"dt_wsqqksvv6","properties":{"id":"dt_wsqqksvv6","status":"auto","conf":0.8856,"n_detections":1,"heading_deg":140.4,"length_m":7.53,"width_m":2.57,"corner":"NE","intersection_id":"TPS_00965","intersection_dist_m":15.5,"serves_from_bearing":320.4,"serves_to_bearing":230.4,"serves_quality":"good","lat":25.0318969,"lon":121.4948136,"confidence":"confirmed","source":"dieturn/yolo26s-obb_ep144@taipei_udd_ortho_2025","source_updated_at":"2026-09-05"},"geometry":{"type":"Polygon","coordinates":[[[121.4948472,25.0318781],[121.4947996,25.0319305],[121.4947799,25.0319158],[121.4948276,25.0318634],[121.4948472,25.0318781]]]}},{"type":"Feature","id":"dt_wsqqxn7x4","properties":{"id":"dt_wsqqxn7x4","status":"auto","conf":0.8854,"n_detections":1,"heading_deg":118.7,"length_m":6.2,"width_m":2.0,"corner":"NE","intersection_id":"TPS_00838","intersection_dist_m":19.0,"serves_from_bearing":28.7,"serves_to_bearing":298.7,"serves_quality":"good","lat":25.0843625,"lon":121.6015744,"confidence":"confirmed","source":"dieturn/yolo26s-obb_ep144@taipei_udd_ortho_2025","source_updated_at":"2026-09-05"},"geometry":{"type":"Polygon","coordinates":[[[121.6015966,25.0843412],[121.6016062,25.084357],[121.6015522,25.0843839],[121.6015426,25.0843681],[121.6015966,25.0843412]]]}},{"type":"Feature","id":"dt_wsqqqq5re","properties":{"id":"dt_wsqqqq5re","status":"auto","conf":0.8852,"n_detections":1,"heading_deg":88.8,"length_m":8.4,"width_m":2.47,"corner":"NW","intersection_id":"TPS_00636","intersection_dist_m":13.7,"serves_from_bearing":268.8,"serves_to_bearing":178.8,"serves_quality":"good","lat":25.0391662,"lon":121.5683475,"confidence":"confirmed","source":"dieturn/yolo26s-obb_ep144@taipei_udd_ortho_2025","source_updated_at":"2026-09-05"},"geometry":{"type":"Polygon","coordinates":[[[121.5683894,25.0391559],[121.5683889,25.0391781],[121.5683056,25.0391765],[121.5683061,25.0391542],[121.5683894,25.0391559]]]}},{"type":"Feature","id":"dt_wsqqmpvw9","properties":{"id":"dt_wsqqmpvw9","status":"auto","conf":0.8851,"n_detections":1,"heading_deg":98.1,"length_m":5.55,"width_m":3.65,"corner":"SW","intersection_id":"TPS_00157","intersection_dist_m":18.8,"serves_from_bearing":188.1,"serves_to_bearing":98.1,"serves_quality":"ambiguous","lat":25.0486051,"lon":121.5163954,"confidence":"confirmed","source":"dieturn/yolo26s-obb_ep144@taipei_udd_ortho_2025","source_updated_at":"2026-09-05"},"geometry":{"type":"Polygon","coordinates":[[[121.51642,25.0485852],[121.5164252,25.0486179],[121.5163707,25.0486249],[121.5163656,25.0485922],[121.51642,25.0485852]]]}},{"type":"Feature","id":"dt_wsqqn5yyz","properties":{"id":"dt_wsqqn5yyz","status":"auto","conf":0.8848,"n_detections":1,"heading_deg":160.6,"length_m":2.91,"width_m":1.35,"corner":"NW","intersection_id":"TPS_00212","intersection_dist_m":6.8,"serves_from_bearing":250.6,"serves_to_bearing":160.6,"serves_quality":"ambiguous","lat":24.9827,"lon":121.5623366,"confidence":"confirmed","source":"dieturn/yolo26s-obb_ep144@taipei_udd_ortho_2025","source_updated_at":"2026-09-05"},"geometry":{"type":"Polygon","coordinates":[[[121.5623477,24.9826896],[121.5623382,24.9827144],[121.5623256,24.9827104],[121.5623351,24.9826856],[121.5623477,24.9826896]]]}},{"type":"Feature","id":"dt_wsqqqrhc3","properties":{"id":"dt_wsqqqrhc3","status":"auto","conf":0.8847,"n_detections":1,"heading_deg":176.8,"length_m":1.96,"width_m":1.36,"corner":"NE","intersection_id":"TPS_01543","intersection_dist_m":6.2,"serves_from_bearing":356.8,"serves_to_bearing":266.8,"serves_quality":"good","lat":25.0435507,"lon":121.5702889,"confidence":"confirmed","source":"dieturn/yolo26s-obb_ep144@taipei_udd_ortho_2025","source_updated_at":"2026-09-05"},"geometry":{"type":"Polygon","coordinates":[[[121.5702961,25.0435422],[121.5702951,25.0435598],[121.5702816,25.0435592],[121.5702827,25.0435415],[121.5702961,25.0435422]]]}},{"type":"Feature","id":"dt_wsqqx52ts","properties":{"id":"dt_wsqqx52ts","status":"auto","conf":0.8844,"n_detections":1,"heading_deg":115.3,"length_m":4.29,"width_m":2.46,"corner":"NE","intersection_id":"TPS_01005","intersection_dist_m":14.1,"serves_from_bearing":295.3,"serves_to_bearing":205.3,"serves_quality":"ambiguous","lat":25.067658,"lon":121.5975744,"confidence":"confirmed","source":"dieturn/yolo26s-obb_ep144@taipei_udd_ortho_2025","source_updated_at":"2026-09-05"},"geometry":{"type":"Polygon","coordinates":[[[121.5975884,25.0676396],[121.5975989,25.0676597],[121.5975605,25.0676763],[121.5975499,25.0676562],[121.5975884,25.0676396]]]}},{"type":"Feature","id":"dt_wsqqkvyqx","properties":{"id":"dt_wsqqkvyqx","status":"auto","conf":0.8844,"n_detections":1,"heading_deg":7.9,"length_m":4.79,"width_m":2.59,"corner":"NE","intersection_id":"TPS_01075","intersection_dist_m":35.8,"serves_from_bearing":7.9,"serves_to_bearing":277.9,"serves_quality":"good","lat":25.0375969,"lon":121.5067203,"confidence":"confirmed","source":"dieturn/yolo26s-obb_ep144@taipei_udd_ortho_2025","source_updated_at":"2026-09-05"},"geometry":{"type":"Polygon","coordinates":[[[121.5067298,25.0375738],[121.5067363,25.0376167],[121.5067108,25.0376199],[121.5067043,25.037577],[121.5067298,25.0375738]]]}},{"type":"Feature","id":"dt_wsqqmr9st","properties":{"id":"dt_wsqqmr9st","status":"auto","conf":0.8843,"n_detections":1,"heading_deg":103.7,"length_m":5.24,"width_m":2.82,"corner":"NW","intersection_id":"TPS_01858","intersection_dist_m":10.9,"serves_from_bearing":283.7,"serves_to_bearing":193.7,"serves_quality":"good","lat":25.0468689,"lon":121.5220744,"confidence":"confirmed","source":"dieturn/yolo26s-obb_ep144@taipei_udd_ortho_2025","source_updated_at":"2026-09-05"},"geometry":{"type":"Polygon","coordinates":[[[121.5220962,25.0468509],[121.5221029,25.0468756],[121.5220525,25.0468868],[121.5220457,25.0468622],[121.5220962,25.0468509]]]}},{"type":"Feature","id":"dt_wsqqmg978","properties":{"id":"dt_wsqqmg978","status":"auto","conf":0.8842,"n_detections":1,"heading_deg":88.6,"length_m":7.1,"width_m":4.35,"corner":"SE","intersection_id":"TPS_00131","intersection_dist_m":16.3,"serves_from_bearing":88.6,"serves_to_bearing":358.6,"serves_quality":"good","lat":25.0247478,"lon":121.5434835,"confidence":"confirmed","source":"dieturn/yolo26s-obb_ep144@taipei_udd_ortho_2025","source_updated_at":"2026-09-05"},"geometry":{"type":"Polygon","coordinates":[[[121.5435192,25.0247288],[121.5435182,25.0247682],[121.5434478,25.0247667],[121.5434488,25.0247273],[121.5435192,25.0247288]]]}},{"type":"Feature","id":"dt_wsqqwyhf2","properties":{"id":"dt_wsqqwyhf2","status":"auto","conf":0.8838,"n_detections":1,"heading_deg":52.4,"length_m":4.61,"width_m":2.21,"corner":"NW","intersection_id":"TPS_01025","intersection_dist_m":16.4,"serves_from_bearing":322.4,"serves_to_bearing":232.4,"serves_quality":"ambiguous","lat":25.0821858,"lon":121.5922558,"confidence":"confirmed","source":"dieturn/yolo26s-obb_ep144@taipei_udd_ortho_2025","source_updated_at":"2026-09-05"},"geometry":{"type":"Polygon","coordinates":[[[121.5922806,25.0821907],[121.5922671,25.0822064],[121.5922309,25.0821809],[121.5922444,25.0821652],[121.5922806,25.0821907]]]}},{"type":"Feature","id":"dt_wsqqqm14x","properties":{"id":"dt_wsqqqm14x","status":"auto","conf":0.8837,"n_detections":1,"heading_deg":87.9,"length_m":4.3,"width_m":2.61,"corner":"SE","intersection_id":"TPS_00603","intersection_dist_m":12.8,"serves_from_bearing":87.9,"serves_to_bearing":357.9,"serves_quality":"ambiguous","lat":25.0327866,"lon":121.5654234,"confidence":"confirmed","source":"dieturn/yolo26s-obb_ep144@taipei_udd_ortho_2025","source_updated_at":"2026-09-05"},"geometry":{"type":"Polygon","coordinates":[[[121.5654452,25.0327756],[121.5654442,25.0327991],[121.5654016,25.0327977],[121.5654025,25.0327742],[121.5654452,25.0327756]]]}},{"type":"Feature","id":"dt_wsqqw69sd","properties":{"id":"dt_wsqqw69sd","status":"auto","conf":0.8836,"n_detections":1,"heading_deg":78.9,"length_m":7.15,"width_m":3.39,"corner":"NW","intersection_id":"TPS_02491","intersection_dist_m":45.2,"serves_from_bearing":258.9,"serves_to_bearing":168.9,"serves_quality":"good","lat":25.0633519,"lon":121.5658789,"confidence":"confirmed","source":"dieturn/yolo26s-obb_ep144@taipei_udd_ortho_2025","source_updated_at":"2026-09-05"},"geometry":{"type":"Polygon","coordinates":[[[121.565917,25.0633431],[121.5659104,25.0633732],[121.5658408,25.0633607],[121.5658474,25.0633307],[121.565917,25.0633431]]]}},{"type":"Feature","id":"dt_wsqqw8nt1","properties":{"id":"dt_wsqqw8nt1","status":"auto","conf":0.883,"n_detections":1,"heading_deg":79.0,"length_m":4.84,"width_m":2.84,"corner":"NW","intersection_id":"TPS_00986","intersection_dist_m":13.0,"serves_from_bearing":259.0,"serves_to_bearing":169.0,"serves_quality":"good","lat":25.0496972,"lon":121.5836988,"confidence":"confirmed","source":"dieturn/yolo26s-obb_ep144@taipei_udd_ortho_2025","source_updated_at":"2026-09-05"},"geometry":{"type":"Polygon","coordinates":[[[121.5837251,25.0496888],[121.5837197,25.049714],[121.5836726,25.0497057],[121.583678,25.0496805],[121.5837251,25.0496888]]]}},{"type":"Feature","id":"dt_wsqqt3sje","properties":{"id":"dt_wsqqt3sje","status":"auto","conf":0.8822,"n_detections":1,"heading_deg":3.4,"length_m":8.61,"width_m":2.81,"corner":"SW","intersection_id":"TPS_01574","intersection_dist_m":8.6,"serves_from_bearing":183.4,"serves_to_bearing":93.4,"serves_quality":"good","lat":25.0580207,"lon":121.5254383,"confidence":"confirmed","source":"dieturn/yolo26s-obb_ep144@taipei_udd_ortho_2025","source_updated_at":"2026-09-05"},"geometry":{"type":"Polygon","coordinates":[[[121.5254497,25.0579811],[121.5254547,25.0580588],[121.5254269,25.0580603],[121.5254218,25.0579826],[121.5254497,25.0579811]]]}},{"type":"Feature","id":"dt_wsqqtf3us","properties":{"id":"dt_wsqqtf3us","status":"auto","conf":0.8822,"n_detections":1,"heading_deg":87.0,"length_m":6.39,"width_m":2.54,"corner":"NE","intersection_id":"TPS_02439","intersection_dist_m":14.1,"serves_from_bearing":357.0,"serves_to_bearing":267.0,"serves_quality":"good","lat":25.0619708,"lon":121.544333,"confidence":"confirmed","source":"dieturn/yolo26s-obb_ep144@taipei_udd_ortho_2025","source_updated_at":"2026-09-05"},"geometry":{"type":"Polygon","coordinates":[[[121.5443653,25.0619608],[121.5443639,25.0619838],[121.5443006,25.0619807],[121.544302,25.0619578],[121.5443653,25.0619608]]]}},{"type":"Feature","id":"dt_wsqqkv91f","properties":{"id":"dt_wsqqkv91f","status":"auto","conf":0.8819,"n_detections":2,"heading_deg":88.1,"length_m":5.2,"width_m":2.88,"corner":"SW","intersection_id":"TPS_01695","intersection_dist_m":12.4,"serves_from_bearing":178.1,"serves_to_bearing":88.1,"serves_quality":"good","lat":25.0354122,"lon":121.4992842,"confidence":"confirmed","source":"dieturn/yolo26s-obb_ep144@taipei_udd_ortho_2025","source_updated_at":"2026-09-05"},"geometry":{"type":"Polygon","coordinates":[[[121.4993105,25.0354],[121.4993095,25.035426],[121.499258,25.0354244],[121.4992589,25.0353984],[121.4993105,25.0354]]]}},{"type":"Feature","id":"dt_wsqqt21jy","properties":{"id":"dt_wsqqt21jy","status":"auto","conf":0.8817,"n_detections":1,"heading_deg":13.2,"length_m":4.85,"width_m":2.31,"corner":"NW","intersection_id":"TPS_00331","intersection_dist_m":21.7,"serves_from_bearing":193.2,"serves_to_bearing":103.2,"serves_quality":"good","lat":25.0498493,"lon":121.521407,"confidence":"confirmed","source":"dieturn/yolo26s-obb_ep144@taipei_udd_ortho_2025","source_updated_at":"2026-09-05"},"geometry":{"type":"Polygon","coordinates":[[[121.5214127,25.0498255],[121.5214237,25.0498683],[121.5214013,25.0498729],[121.5213903,25.0498303],[121.5214127,25.0498255]]]}},{"type":"Feature","id":"dt_wsqqkttdc","properties":{"id":"dt_wsqqkttdc","status":"auto","conf":0.8816,"n_detections":1,"heading_deg":118.0,"length_m":6.56,"width_m":3.28,"corner":"NE","intersection_id":"TPS_00159","intersection_dist_m":18.8,"serves_from_bearing":298.0,"serves_to_bearing":208.0,"serves_quality":"ambiguous","lat":25.0355681,"lon":121.494451,"confidence":"confirmed","source":"dieturn/yolo26s-obb_ep144@taipei_udd_ortho_2025","source_updated_at":"2026-09-05"},"geometry":{"type":"Polygon","coordinates":[[[121.494472,25.0355412],[121.4944874,25.0355673],[121.49443,25.0355951],[121.4944146,25.035569],[121.494472,25.0355412]]]}},{"type":"Feature","id":"dt_wsqqx0z4s","properties":{"id":"dt_wsqqx0z4s","status":"auto","conf":0.881,"n_detections":1,"heading_deg":78.8,"length_m":2.52,"width_m":2.47,"corner":"NE","intersection_id":"TPS_00983","intersection_dist_m":25.4,"serves_from_bearing":348.8,"serves_to_bearing":258.8,"serves_quality":"good","lat":25.0533959,"lon":121.6065,"confidence":"confirmed","source":"dieturn/yolo26s-obb_ep144@taipei_udd_ortho_2025","source_updated_at":"2026-09-05"},"geometry":{"type":"Polygon","coordinates":[[[121.6065147,25.0533872],[121.6065099,25.0534091],[121.6064854,25.0534046],[121.6064902,25.0533828],[121.6065147,25.0533872]]]}},{"type":"Feature","id":"dt_wsqqqnesz","properties":{"id":"dt_wsqqqnesz","status":"auto","conf":0.8807,"n_detections":1,"heading_deg":2.2,"length_m":5.96,"width_m":5.01,"corner":"NE","intersection_id":"TPS_00071","intersection_dist_m":24.1,"serves_from_bearing":2.2,"serves_to_bearing":272.2,"serves_quality":"good","lat":25.0414415,"lon":121.5578711,"confidence":"confirmed","source":"dieturn/yolo26s-obb_ep144@taipei_udd_ortho_2025","source_updated_at":"2026-09-05"},"geometry":{"type":"Polygon","coordinates":[[[121.5578947,25.0414137],[121.557897,25.0414676],[121.5578474,25.0414693],[121.5578451,25.0414154],[121.5578947,25.0414137]]]}},{"type":"Feature","id":"dt_wsqqxnm81","properties":{"id":"dt_wsqqxnm81","status":"auto","conf":0.8807,"n_detections":1,"heading_deg":94.5,"length_m":3.24,"width_m":2.2,"corner":"NW","intersection_id":"TPS_01130","intersection_dist_m":15.1,"serves_from_bearing":274.5,"serves_to_bearing":184.5,"serves_quality":"good","lat":25.0831695,"lon":121.6042772,"confidence":"confirmed","source":"dieturn/yolo26s-obb_ep144@taipei_udd_ortho_2025","source_updated_at":"2026-09-05"},"geometry":{"type":"Polygon","coordinates":[[[121.6042924,25.0831584],[121.6042941,25.0831782],[121.6042621,25.0831805],[121.6042603,25.0831607],[121.6042924,25.0831584]]]}},{"type":"Feature","id":"dt_wsqqmw1dg","properties":{"id":"dt_wsqqmw1dg","status":"auto","conf":0.8806,"n_detections":1,"heading_deg":3.4,"length_m":9.46,"width_m":3.24,"corner":"NE","intersection_id":"TPS_00014","intersection_dist_m":26.8,"serves_from_bearing":3.4,"serves_to_bearing":273.4,"serves_quality":"good","lat":25.03835,"lon":121.5329713,"confidence":"confirmed","source":"dieturn/yolo26s-obb_ep144@taipei_udd_ortho_2025","source_updated_at":"2026-09-05"},"geometry":{"type":"Polygon","coordinates":[[[121.5329846,25.0383064],[121.5329901,25.0383918],[121.532958,25.0383935],[121.5329525,25.0383081],[121.5329846,25.0383064]]]}},{"type":"Feature","id":"dt_wsqqmzuhg","properties":{"id":"dt_wsqqmzuhg","status":"auto","conf":0.8803,"n_detections":1,"heading_deg":87.2,"length_m":3.66,"width_m":2.08,"corner":"NE","intersection_id":"TPS_00099","intersection_dist_m":22.9,"serves_from_bearing":357.2,"serves_to_bearing":267.2,"serves_quality":"good","lat":25.0482868,"lon":121.5474018,"confidence":"confirmed","source":"dieturn/yolo26s-obb_ep144@taipei_udd_ortho_2025","source_updated_at":"2026-09-05"},"geometry":{"type":"Polygon","coordinates":[[[121.5474204,25.0482782],[121.5474194,25.048297],[121.5473832,25.0482954],[121.5473842,25.0482766],[121.5474204,25.0482782]]]}},{"type":"Feature","id":"dt_wsqqmx6fm","properties":{"id":"dt_wsqqmx6fm","status":"auto","conf":0.8785,"n_detections":2,"heading_deg":109.0,"length_m":7.58,"width_m":2.66,"corner":"NE","intersection_id":"TPS_00328","intersection_dist_m":21.3,"serves_from_bearing":19.0,"serves_to_bearing":289.0,"serves_quality":"good","lat":25.0450992,"lon":121.5347935,"confidence":"confirmed","source":"dieturn/yolo26s-obb_ep144@taipei_udd_ortho_2025","source_updated_at":"2026-09-05"},"geometry":{"type":"Polygon","coordinates":[[[121.5348247,25.0450767],[121.5348334,25.0450994],[121.5347624,25.0451217],[121.5347537,25.045099],[121.5348247,25.0450767]]]}},{"type":"Feature","id":"dt_wsqqmwj2e","properties":{"id":"dt_wsqqmwj2e","status":"auto","conf":0.8777,"n_detections":1,"heading_deg":179.5,"length_m":6.78,"width_m":2.64,"corner":"SW","intersection_id":"TPS_00072","intersection_dist_m":12.5,"serves_from_bearing":179.5,"serves_to_bearing":89.5,"serves_quality":"good","lat":25.0379351,"lon":121.5381406,"confidence":"confirmed","source":"dieturn/yolo26s-obb_ep144@taipei_udd_ortho_2025","source_updated_at":"2026-09-05"},"geometry":{"type":"Polygon","coordinates":[[[121.538154,25.0379046],[121.5381535,25.0379659],[121.5381273,25.0379657],[121.5381277,25.0379044],[121.538154,25.0379046]]]}},{"type":"Feature","id":"dt_wsqqmxuju","properties":{"id":"dt_wsqqmxuju","status":"auto","conf":0.8775,"n_detections":1,"heading_deg":90.7,"length_m":9.71,"width_m":2.79,"corner":"NW","intersection_id":"TPS_00306","intersection_dist_m":12.7,"serves_from_bearing":270.7,"serves_to_bearing":180.7,"serves_quality":"good","lat":25.0484838,"lon":121.5364487,"confidence":"confirmed","source":"dieturn/yolo26s-obb_ep144@taipei_udd_ortho_2025","source_updated_at":"2026-09-05"},"geometry":{"type":"Polygon","coordinates":[[[121.5364967,25.0484707],[121.536497,25.0484959],[121.5364007,25.0484969],[121.5364004,25.0484717],[121.5364967,25.0484707]]]}},{"type":"Feature","id":"dt_wsqqwm2q8","properties":{"id":"dt_wsqqwm2q8","status":"auto","conf":0.8774,"n_detections":1,"heading_deg":38.1,"length_m":6.78,"width_m":3.67,"corner":"SW","intersection_id":"TPS_00968","intersection_dist_m":22.3,"serves_from_bearing":218.1,"serves_to_bearing":128.1,"serves_quality":"good","lat":25.0788049,"lon":121.56407,"confidence":"confirmed","source":"dieturn/yolo26s-obb_ep144@taipei_udd_ortho_2025","source_updated_at":"2026-09-05"},"geometry":{"type":"Polygon","coordinates":[[[121.5640637,25.0787706],[121.5641052,25.0788188],[121.5640764,25.0788391],[121.5640349,25.0787909],[121.5640637,25.0787706]]]}},{"type":"Feature","id":"dt_wsqqmzm1b","properties":{"id":"dt_wsqqmzm1b","status":"auto","conf":0.8773,"n_detections":2,"heading_deg":91.7,"length_m":4.63,"width_m":2.48,"corner":"SW","intersection_id":"TPS_01237","intersection_dist_m":18.9,"serves_from_bearing":181.7,"serves_to_bearing":91.7,"serves_quality":"good","lat":25.0450332,"lon":121.5486326,"confidence":"confirmed","source":"dieturn/yolo26s-obb_ep144@taipei_udd_ortho_2025","source_updated_at":"2026-09-05"},"geometry":{"type":"Polygon","coordinates":[[[121.5486551,25.0450214],[121.5486559,25.0450438],[121.54861,25.045045],[121.5486093,25.0450226],[121.5486551,25.0450214]]]}},{"type":"Feature","id":"dt_wsqqktt33","properties":{"id":"dt_wsqqktt33","status":"auto","conf":0.8772,"n_detections":1,"heading_deg":5.1,"length_m":6.89,"width_m":4.94,"corner":"SW","intersection_id":"TPS_00159","intersection_dist_m":28.9,"serves_from_bearing":185.1,"serves_to_bearing":95.1,"serves_quality":"good","lat":25.0353186,"lon":121.4941021,"confidence":"confirmed","source":"dieturn/yolo26s-obb_ep144@taipei_udd_ortho_2025","source_updated_at":"2026-09-05"},"geometry":{"type":"Polygon","coordinates":[[[121.4941235,25.0352856],[121.4941296,25.0353477],[121.4940808,25.0353517],[121.4940746,25.0352896],[121.4941235,25.0352856]]]}},{"type":"Feature","id":"dt_wsqqqwy68","properties":{"id":"dt_wsqqqwy68","status":"auto","conf":0.877,"n_detections":1,"heading_deg":68.1,"length_m":7.23,"width_m":2.94,"corner":"SW","intersection_id":"TPS_01621","intersection_dist_m":44.8,"serves_from_bearing":158.1,"serves_to_bearing":68.1,"serves_quality":"good","lat":25.0424163,"lon":121.5833282,"confidence":"confirmed","source":"dieturn/yolo26s-obb_ep144@taipei_udd_ortho_2025","source_updated_at":"2026-09-05"},"geometry":{"type":"Polygon","coordinates":[[[121.583367,25.0424161],[121.583356,25.0424407],[121.5832895,25.0424164],[121.5833004,25.0423918],[121.583367,25.0424161]]]}},{"type":"Feature","id":"dt_wsqqwt009","properties":{"id":"dt_wsqqwt009","status":"auto","conf":0.8769,"n_detections":1,"heading_deg":35.8,"length_m":6.76,"width_m":2.21,"corner":"NW","intersection_id":"TPS_00995","intersection_dist_m":14.0,"serves_from_bearing":215.8,"serves_to_bearing":125.8,"serves_quality":"good","lat":25.0764093,"lon":121.5747902,"confidence":"confirmed","source":"dieturn/yolo26s-obb_ep144@taipei_udd_ortho_2025","source_updated_at":"2026-09-05"},"geometry":{"type":"Polygon","coordinates":[[[121.5747796,25.0763787],[121.5748188,25.0764283],[121.5748009,25.0764399],[121.5747617,25.0763903],[121.5747796,25.0763787]]]}},{"type":"Feature","id":"dt_wsqqv1zvz","properties":{"id":"dt_wsqqv1zvz","status":"auto","conf":0.876,"n_detections":1,"heading_deg":152.5,"length_m":5.71,"width_m":2.63,"corner":"NE","intersection_id":"TPS_00561","intersection_dist_m":17.7,"serves_from_bearing":332.5,"serves_to_bearing":242.5,"serves_quality":"good","lat":25.1033963,"lon":121.5197449,"confidence":"confirmed","source":"dieturn/yolo26s-obb_ep144@taipei_udd_ortho_2025","source_updated_at":"2026-09-05"},"geometry":{"type":"Polygon","coordinates":[[[121.5197696,25.1033789],[121.5197435,25.1034247],[121.5197203,25.1034138],[121.5197464,25.103368],[121.5197696,25.1033789]]]}},{"type":"Feature","id":"dt_wsqqtfq6z","properties":{"id":"dt_wsqqtfq6z","status":"auto","conf":0.8758,"n_detections":2,"heading_deg":107.0,"length_m":6.24,"width_m":2.39,"corner":"SW","intersection_id":"TPS_01172","intersection_dist_m":13.4,"serves_from_bearing":197.0,"serves_to_bearing":107.0,"serves_quality":"good","lat":25.0616798,"lon":121.5506418,"confidence":"confirmed","source":"dieturn/yolo26s-obb_ep144@taipei_udd_ortho_2025","source_updated_at":"2026-09-05"},"geometry":{"type":"Polygon","coordinates":[[[121.5506679,25.0616613],[121.5506749,25.0616819],[121.5506158,25.0616984],[121.5506088,25.0616778],[121.5506679,25.0616613]]]}},{"type":"Feature","id":"dt_wsqqx3we0","properties":{"id":"dt_wsqqx3we0","status":"auto","conf":0.8756,"n_detections":1,"heading_deg":179.7,"length_m":3.75,"width_m":3.52,"corner":"NW","intersection_id":"TPS_00842","intersection_dist_m":18.5,"serves_from_bearing":269.7,"serves_to_bearing":179.7,"serves_quality":"good","lat":25.0576139,"lon":121.61662,"confidence":"confirmed","source":"dieturn/yolo26s-obb_ep144@taipei_udd_ortho_2025","source_updated_at":"2026-09-05"},"geometry":{"type":"Polygon","coordinates":[[[121.6166375,25.057597],[121.6166373,25.0576309],[121.6166024,25.0576308],[121.6166027,25.0575968],[121.6166375,25.057597]]]}},{"type":"Feature","id":"dt_wsqqmyp0g","properties":{"id":"dt_wsqqmyp0g","status":"auto","conf":0.8755,"n_detections":1,"heading_deg":179.4,"length_m":5.58,"width_m":3.38,"corner":"NE","intersection_id":"TPS_00013","intersection_dist_m":28.6,"serves_from_bearing":359.4,"serves_to_bearing":269.4,"serves_quality":"good","lat":25.0380123,"lon":121.55149,"confidence":"confirmed","source":"dieturn/yolo26s-obb_ep144@taipei_udd_ortho_2025","source_updated_at":"2026-09-05"},"geometry":{"type":"Polygon","coordinates":[[[121.5515071,25.0379873],[121.5515065,25.0380377],[121.5514729,25.0380373],[121.5514736,25.0379869],[121.5515071,25.0379873]]]}},{"type":"Feature","id":"dt_wsqqxn6zc","properties":{"id":"dt_wsqqxn6zc","status":"auto","conf":0.8754,"n_detections":1,"heading_deg":96.4,"length_m":3.29,"width_m":2.59,"corner":"SW","intersection_id":"TPS_01278","intersection_dist_m":5.0,"serves_from_bearing":186.4,"serves_to_bearing":96.4,"serves_quality":"ambiguous","lat":25.0845022,"lon":121.6005009,"confidence":"confirmed","source":"dieturn/yolo26s-obb_ep144@taipei_udd_ortho_2025","source_updated_at":"2026-09-05"},"geometry":{"type":"Polygon","coordinates":[[[121.6005156,25.0844889],[121.6005186,25.0845122],[121.6004861,25.0845155],[121.6004833,25.0844923],[121.6005156,25.0844889]]]}},{"type":"Feature","id":"dt_wsqqmvpsw","properties":{"id":"dt_wsqqmvpsw","status":"auto","conf":0.8753,"n_detections":1,"heading_deg":179.3,"length_m":6.27,"width_m":3.78,"corner":"SW","intersection_id":"TPS_00038","intersection_dist_m":15.9,"serves_from_bearing":179.3,"serves_to_bearing":89.3,"serves_quality":"good","lat":25.0331416,"lon":121.5523369,"confidence":"confirmed","source":"dieturn/yolo26s-obb_ep144@taipei_udd_ortho_2025","source_updated_at":"2026-09-05"},"geometry":{"type":"Polygon","coordinates":[[[121.552356,25.0331134],[121.5523552,25.0331701],[121.5523178,25.0331697],[121.5523185,25.033113],[121.552356,25.0331134]]]}},{"type":"Feature","id":"dt_wsqqx6hfg","properties":{"id":"dt_wsqqx6hfg","status":"auto","conf":0.875,"n_detections":1,"heading_deg":131.7,"length_m":4.55,"width_m":3.04,"corner":"SW","intersection_id":"TPS_00854","intersection_dist_m":24.8,"serves_from_bearing":131.7,"serves_to_bearing":41.7,"serves_quality":"good","lat":25.0603258,"lon":121.6143555,"confidence":"confirmed","source":"dieturn/yolo26s-obb_ep144@taipei_udd_ortho_2025","source_updated_at":"2026-09-05"},"geometry":{"type":"Polygon","coordinates":[[[121.6143825,25.0603224],[121.6143488,25.0603497],[121.6143286,25.0603293],[121.6143622,25.0603019],[121.6143825,25.0603224]]]}},{"type":"Feature","id":"dt_wsqqm9h4k","properties":{"id":"dt_wsqqm9h4k","status":"auto","conf":0.8744,"n_detections":1,"heading_deg":66.9,"length_m":3.29,"width_m":2.22,"corner":"SE","intersection_id":"TPS_00382","intersection_dist_m":20.3,"serves_from_bearing":66.9,"serves_to_bearing":336.9,"serves_quality":"good","lat":25.0108051,"lon":121.5364544,"confidence":"confirmed","source":"dieturn/yolo26s-obb_ep144@taipei_udd_ortho_2025","source_updated_at":"2026-09-05"},"geometry":{"type":"Polygon","coordinates":[[[121.5364738,25.0108017],[121.536465,25.0108202],[121.536435,25.0108085],[121.5364437,25.0107901],[121.5364738,25.0108017]]]}},{"type":"Feature","id":"dt_wsqqmkv5j","properties":{"id":"dt_wsqqmkv5j","status":"auto","conf":0.8737,"n_detections":1,"heading_deg":8.3,"length_m":6.57,"width_m":6.24,"corner":"SE","intersection_id":"TPS_00342","intersection_dist_m":19.1,"serves_from_bearing":98.3,"serves_to_bearing":8.3,"serves_quality":"good","lat":25.0315281,"lon":121.5268851,"confidence":"confirmed","source":"dieturn/yolo26s-obb_ep144@taipei_udd_ortho_2025","source_updated_at":"2026-09-05"},"geometry":{"type":"Polygon","coordinates":[[[121.526911,25.0314947],[121.5269205,25.0315534],[121.5268592,25.0315615],[121.5268498,25.0315027],[121.526911,25.0314947]]]}},{"type":"Feature","id":"dt_wsqqtb9f4","properties":{"id":"dt_wsqqtb9f4","status":"auto","conf":0.8736,"n_detections":1,"heading_deg":1.4,"length_m":7.77,"width_m":3.78,"corner":"NW","intersection_id":"TPS_01152","intersection_dist_m":13.9,"serves_from_bearing":271.4,"serves_to_bearing":181.4,"serves_quality":"good","lat":25.0519319,"lon":121.544256,"confidence":"confirmed","source":"dieturn/yolo26s-obb_ep144@taipei_udd_ortho_2025","source_updated_at":"2026-09-05"},"geometry":{"type":"Polygon","coordinates":[[[121.5442738,25.0518964],[121.5442757,25.0519667],[121.5442382,25.0519674],[121.5442363,25.0518972],[121.5442738,25.0518964]]]}},{"type":"Feature","id":"dt_wsqqqxf7f","properties":{"id":"dt_wsqqqxf7f","status":"auto","conf":0.8726,"n_detections":1,"heading_deg":177.7,"length_m":3.54,"width_m":2.53,"corner":"NE","intersection_id":"TPS_00148","intersection_dist_m":15.1,"serves_from_bearing":357.7,"serves_to_bearing":267.7,"serves_quality":"good","lat":25.0481084,"lon":121.5778989,"confidence":"confirmed","source":"dieturn/yolo26s-obb_ep144@taipei_udd_ortho_2025","source_updated_at":"2026-09-05"},"geometry":{"type":"Polygon","coordinates":[[[121.5779122,25.0480928],[121.5779108,25.0481248],[121.5778857,25.048124],[121.5778871,25.048092],[121.5779122,25.0480928]]]}},{"type":"Feature","id":"dt_wsqqwbyxt","properties":{"id":"dt_wsqqwbyxt","status":"auto","conf":0.8726,"n_detections":1,"heading_deg":76.6,"length_m":7.78,"width_m":3.25,"corner":"SE","intersection_id":"TPS_00162","intersection_dist_m":16.1,"serves_from_bearing":76.6,"serves_to_bearing":346.6,"serves_quality":"good","lat":25.0542625,"lon":121.5948705,"confidence":"confirmed","source":"dieturn/yolo26s-obb_ep144@taipei_udd_ortho_2025","source_updated_at":"2026-09-05"},"geometry":{"type":"Polygon","coordinates":[[[121.5949118,25.0542564],[121.5949043,25.054285],[121.5948292,25.0542686],[121.5948368,25.05424],[121.5949118,25.0542564]]]}},{"type":"Feature","id":"dt_wsqqqxmgj","properties":{"id":"dt_wsqqqxmgj","status":"auto","conf":0.8724,"n_detections":1,"heading_deg":30.1,"length_m":5.69,"width_m":3.53,"corner":"SE","intersection_id":"TPS_00336","intersection_dist_m":17.0,"serves_from_bearing":30.1,"serves_to_bearing":300.1,"serves_quality":"good","lat":25.045242,"lon":121.5828462,"confidence":"confirmed","source":"dieturn/yolo26s-obb_ep144@taipei_udd_ortho_2025","source_updated_at":"2026-09-05"},"geometry":{"type":"Polygon","coordinates":[[[121.5828473,25.0452118],[121.5828756,25.0452563],[121.5828452,25.0452722],[121.5828169,25.0452276],[121.5828473,25.0452118]]]}},{"type":"Feature","id":"dt_wsqqmr2jc","properties":{"id":"dt_wsqqmr2jc","status":"auto","conf":0.872,"n_detections":1,"heading_deg":19.8,"length_m":9.01,"width_m":2.97,"corner":"SE","intersection_id":"TPS_00332","intersection_dist_m":12.3,"serves_from_bearing":109.8,"serves_to_bearing":19.8,"serves_quality":"good","lat":25.0457262,"lon":121.5198402,"confidence":"confirmed","source":"dieturn/yolo26s-obb_ep144@taipei_udd_ortho_2025","source_updated_at":"2026-09-05"},"geometry":{"type":"Polygon","coordinates":[[[121.519839,25.0456834],[121.5198693,25.04576],[121.5198415,25.045769],[121.5198112,25.0456924],[121.519839,25.0456834]]]}},{"type":"Feature","id":"dt_wsqqt0up0","properties":{"id":"dt_wsqqt0up0","status":"auto","conf":0.871,"n_detections":1,"heading_deg":78.4,"length_m":6.65,"width_m":3.51,"corner":"NW","intersection_id":"TPS_00156","intersection_dist_m":20.5,"serves_from_bearing":258.4,"serves_to_bearing":168.4,"serves_quality":"good","lat":25.0541657,"lon":121.5142901,"confidence":"confirmed","source":"dieturn/yolo26s-obb_ep144@taipei_udd_ortho_2025","source_updated_at":"2026-09-05"},"geometry":{"type":"Polygon","coordinates":[[[121.5143259,25.0541563],[121.5143188,25.0541874],[121.5142542,25.0541753],[121.5142613,25.0541441],[121.5143259,25.0541563]]]}},{"type":"Feature","id":"dt_wsqqx52g8","properties":{"id":"dt_wsqqx52g8","status":"auto","conf":0.8708,"n_detections":1,"heading_deg":114.9,"length_m":3.35,"width_m":3.34,"corner":"SE","intersection_id":"TPS_01005","intersection_dist_m":31.1,"serves_from_bearing":114.9,"serves_to_bearing":24.9,"serves_quality":"good","lat":25.0673238,"lon":121.5977314,"confidence":"confirmed","source":"dieturn/yolo26s-obb_ep144@taipei_udd_ortho_2025","source_updated_at":"2026-09-05"},"geometry":{"type":"Polygon","coordinates":[[[121.5977394,25.0673038],[121.5977535,25.0673311],[121.5977234,25.0673438],[121.5977093,25.0673165],[121.5977394,25.0673038]]]}},{"type":"Feature","id":"dt_wsqqqj5mh","properties":{"id":"dt_wsqqqj5mh","status":"auto","conf":0.8706,"n_detections":1,"heading_deg":87.1,"length_m":8.71,"width_m":3.83,"corner":"NW","intersection_id":"TPS_00040","intersection_dist_m":17.3,"serves_from_bearing":267.1,"serves_to_bearing":177.1,"serves_quality":"good","lat":25.0332364,"lon":121.5574084,"confidence":"confirmed","source":"dieturn/yolo26s-obb_ep144@taipei_udd_ortho_2025","source_updated_at":"2026-09-05"},"geometry":{"type":"Polygon","coordinates":[[[121.5574525,25.0332211],[121.5574506,25.0332557],[121.5573643,25.0332517],[121.5573663,25.0332171],[121.5574525,25.0332211]]]}},{"type":"Feature","id":"dt_wsqqwmy46","properties":{"id":"dt_wsqqwmy46","status":"auto","conf":0.8704,"n_detections":1,"heading_deg":23.5,"length_m":6.87,"width_m":2.9,"corner":"SW","intersection_id":"TPS_00365","intersection_dist_m":35.5,"serves_from_bearing":203.5,"serves_to_bearing":113.5,"serves_quality":"good","lat":25.0808405,"lon":121.5720587,"confidence":"confirmed","source":"dieturn/yolo26s-obb_ep144@taipei_udd_ortho_2025","source_updated_at":"2026-09-05"},"geometry":{"type":"Polygon","coordinates":[[[121.5720583,25.0808068],[121.5720855,25.0808638],[121.5720591,25.0808742],[121.5720319,25.0808171],[121.5720583,25.0808068]]]}},{"type":"Feature","id":"dt_wsqqkttdm","properties":{"id":"dt_wsqqkttdm","status":"auto","conf":0.8699,"n_detections":1,"heading_deg":87.0,"length_m":4.81,"width_m":3.69,"corner":"NE","intersection_id":"TPS_00159","intersection_dist_m":23.8,"serves_from_bearing":357.0,"serves_to_bearing":267.0,"serves_quality":"good","lat":25.0354922,"lon":121.4945886,"confidence":"confirmed","source":"dieturn/yolo26s-obb_ep144@taipei_udd_ortho_2025","source_updated_at":"2026-09-05"},"geometry":{"type":"Polygon","coordinates":[[[121.4946135,25.0354767],[121.4946115,25.03551],[121.4945638,25.0355077],[121.4945658,25.0354744],[121.4946135,25.0354767]]]}},{"type":"Feature","id":"dt_wsqqwq1k3","properties":{"id":"dt_wsqqwq1k3","status":"auto","conf":0.8693,"n_detections":2,"heading_deg":103.4,"length_m":8.88,"width_m":2.83,"corner":"NW","intersection_id":"TPS_00499","intersection_dist_m":16.0,"serves_from_bearing":283.4,"serves_to_bearing":193.4,"serves_quality":"good","lat":25.0825253,"lon":121.5654809,"confidence":"confirmed","source":"dieturn/yolo26s-obb_ep144@taipei_udd_ortho_2025","source_updated_at":"2026-09-05"},"geometry":{"type":"Polygon","coordinates":[[[121.5655204,25.0825036],[121.565527,25.0825284],[121.5654413,25.082547],[121.5654348,25.0825221],[121.5655204,25.0825036]]]}},{"type":"Feature","id":"dt_wsqqt6krc","properties":{"id":"dt_wsqqt6krc","status":"auto","conf":0.8682,"n_detections":1,"heading_deg":89.7,"length_m":3.83,"width_m":2.37,"corner":"SE","intersection_id":"TPS_00785","intersection_dist_m":16.9,"serves_from_bearing":89.7,"serves_to_bearing":359.7,"serves_quality":"good","lat":25.0625391,"lon":121.5256615,"confidence":"confirmed","source":"dieturn/yolo26s-obb_ep144@taipei_udd_ortho_2025","source_updated_at":"2026-09-05"},"geometry":{"type":"Polygon","coordinates":[[[121.5256805,25.0625285],[121.5256804,25.0625499],[121.5256424,25.0625497],[121.5256425,25.0625282],[121.5256805,25.0625285]]]}},{"type":"Feature","id":"dt_wsqqme4zd","properties":{"id":"dt_wsqqme4zd","status":"auto","conf":0.8673,"n_detections":1,"heading_deg":7.5,"length_m":8.73,"width_m":2.82,"corner":"SE","intersection_id":"TPS_00270","intersection_dist_m":16.6,"serves_from_bearing":7.5,"serves_to_bearing":277.5,"serves_quality":"ambiguous","lat":25.0226674,"lon":121.5346301,"confidence":"confirmed","source":"dieturn/yolo26s-obb_ep144@taipei_udd_ortho_2025","source_updated_at":"2026-09-05"},"geometry":{"type":"Polygon","coordinates":[[[121.5346384,25.0226266],[121.5346497,25.0227049],[121.534622,25.0227082],[121.5346106,25.0226299],[121.5346384,25.0226266]]]}},{"type":"Feature","id":"dt_wsqqw8tc7","properties":{"id":"dt_wsqqw8tc7","status":"auto","conf":0.8673,"n_detections":1,"heading_deg":106.2,"length_m":5.82,"width_m":2.81,"corner":"NE","intersection_id":"TPS_00755","intersection_dist_m":36.8,"serves_from_bearing":16.2,"serves_to_bearing":286.2,"serves_quality":"good","lat":25.0518117,"lon":121.5827573,"confidence":"confirmed","source":"dieturn/yolo26s-obb_ep144@taipei_udd_ortho_2025","source_updated_at":"2026-09-05"},"geometry":{"type":"Polygon","coordinates":[[[121.5827811,25.0517921],[121.5827889,25.0518165],[121.5827335,25.0518312],[121.5827257,25.0518068],[121.5827811,25.0517921]]]}},{"type":"Feature","id":"dt_wsqqmnkgj","properties":{"id":"dt_wsqqmnkgj","status":"auto","conf":0.8673,"n_detections":1,"heading_deg":102.8,"length_m":8.86,"width_m":2.74,"corner":"NW","intersection_id":"TPS_02096","intersection_dist_m":20.4,"serves_from_bearing":282.8,"serves_to_bearing":192.8,"serves_quality":"good","lat":25.0397588,"lon":121.5155554,"confidence":"confirmed","source":"dieturn/yolo26s-obb_ep144@taipei_udd_ortho_2025","source_updated_at":"2026-09-05"},"geometry":{"type":"Polygon","coordinates":[[[121.5155951,25.0397379],[121.5156012,25.039762],[121.5155156,25.0397797],[121.5155095,25.0397557],[121.5155951,25.0397379]]]}},{"type":"Feature","id":"dt_wsqqmw18g","properties":{"id":"dt_wsqqmw18g","status":"auto","conf":0.8665,"n_detections":1,"heading_deg":1.3,"length_m":9.3,"width_m":2.66,"corner":"SE","intersection_id":"TPS_00014","intersection_dist_m":23.1,"serves_from_bearing":91.3,"serves_to_bearing":1.3,"serves_quality":"good","lat":25.0379898,"lon":121.5329706,"confidence":"confirmed","source":"dieturn/yolo26s-obb_ep144@taipei_udd_ortho_2025","source_updated_at":"2026-09-05"},"geometry":{"type":"Polygon","coordinates":[[[121.5329828,25.0379475],[121.5329849,25.0380315],[121.5329584,25.038032],[121.5329564,25.037948],[121.5329828,25.0379475]]]}},{"type":"Feature","id":"dt_wsqqmuszu","properties":{"id":"dt_wsqqmuszu","status":"auto","conf":0.8656,"n_detections":1,"heading_deg":178.8,"length_m":4.04,"width_m":2.45,"corner":"SW","intersection_id":"TPS_00064","intersection_dist_m":31.7,"serves_from_bearing":268.8,"serves_to_bearing":178.8,"serves_quality":"ambiguous","lat":25.0309538,"lon":121.5484671,"confidence":"confirmed","source":"dieturn/yolo26s-obb_ep144@taipei_udd_ortho_2025","source_updated_at":"2026-09-05"},"geometry":{"type":"Polygon","coordinates":[[[121.5484797,25.0309358],[121.5484788,25.0309723],[121.5484545,25.0309718],[121.5484554,25.0309353],[121.5484797,25.0309358]]]}},{"type":"Feature","id":"dt_wsqqtes13","properties":{"id":"dt_wsqqtes13","status":"auto","conf":0.8653,"n_detections":1,"heading_deg":88.3,"length_m":4.01,"width_m":2.34,"corner":"NE","intersection_id":"TPS_01221","intersection_dist_m":27.8,"serves_from_bearing":358.3,"serves_to_bearing":268.3,"serves_quality":"good","lat":25.0682837,"lon":121.5363404,"confidence":"confirmed","source":"dieturn/yolo26s-obb_ep144@taipei_udd_ortho_2025","source_updated_at":"2026-09-05"},"geometry":{"type":"Polygon","coordinates":[[[121.5363606,25.0682737],[121.53636,25.0682949],[121.5363203,25.0682938],[121.5363209,25.0682726],[121.5363606,25.0682737]]]}},{"type":"Feature","id":"dt_wsqqmgrzw","properties":{"id":"dt_wsqqmgrzw","status":"auto","conf":0.865,"n_detections":1,"heading_deg":136.8,"length_m":3.76,"width_m":2.53,"corner":"SE","intersection_id":"TPS_00001","intersection_dist_m":37.1,"serves_from_bearing":136.8,"serves_to_bearing":46.8,"serves_quality":"good","lat":25.0240445,"lon":121.5526642,"confidence":"confirmed","source":"dieturn/yolo26s-obb_ep144@taipei_udd_ortho_2025","source_updated_at":"2026-09-05"},"geometry":{"type":"Polygon","coordinates":[[[121.5526862,25.0240399],[121.5526607,25.0240647],[121.5526422,25.0240491],[121.5526678,25.0240243],[121.5526862,25.0240399]]]}},{"type":"Feature","id":"dt_wsqqmv9m9","properties":{"id":"dt_wsqqmv9m9","status":"auto","conf":0.8641,"n_detections":1,"heading_deg":1.5,"length_m":4.33,"width_m":2.52,"corner":"SW","intersection_id":"TPS_00549","intersection_dist_m":15.8,"serves_from_bearing":181.5,"serves_to_bearing":91.5,"serves_quality":"good","lat":25.0360658,"lon":121.5435091,"confidence":"confirmed","source":"dieturn/yolo26s-obb_ep144@taipei_udd_ortho_2025","source_updated_at":"2026-09-05"},"geometry":{"type":"Polygon","coordinates":[[[121.5435211,25.0360459],[121.5435222,25.036085],[121.5434972,25.0360856],[121.5434961,25.0360465],[121.5435211,25.0360459]]]}},{"type":"Feature","id":"dt_wsqqwmzb4","properties":{"id":"dt_wsqqwmzb4","status":"auto","conf":0.8637,"n_detections":1,"heading_deg":107.7,"length_m":2.28,"width_m":2.1,"corner":"SE","intersection_id":"TPS_02041","intersection_dist_m":0.4,"serves_from_bearing":107.7,"serves_to_bearing":17.7,"serves_quality":"ambiguous","lat":25.0804551,"lon":121.5744884,"confidence":"confirmed","source":"dieturn/yolo26s-obb_ep144@taipei_udd_ortho_2025","source_updated_at":"2026-09-05"},"geometry":{"type":"Polygon","coordinates":[[[121.5744959,25.080443],[121.5745023,25.080461],[121.5744808,25.0804673],[121.5744744,25.0804492],[121.5744959,25.080443]]]}},{"type":"Feature","id":"dt_wsqqmxusb","properties":{"id":"dt_wsqqmxusb","status":"auto","conf":0.8635,"n_detections":1,"heading_deg":87.7,"length_m":7.91,"width_m":2.66,"corner":"SE","intersection_id":"TPS_01401","intersection_dist_m":9.7,"serves_from_bearing":87.7,"serves_to_bearing":357.7,"serves_quality":"good","lat":25.0482929,"lon":121.5369693,"confidence":"confirmed","source":"dieturn/yolo26s-obb_ep144@taipei_udd_ortho_2025","source_updated_at":"2026-09-05"},"geometry":{"type":"Polygon","coordinates":[[[121.5370091,25.0482824],[121.537008,25.0483064],[121.5369296,25.0483036],[121.5369307,25.0482794],[121.5370091,25.0482824]]]}},{"type":"Feature","id":"dt_wsqqkyz54","properties":{"id":"dt_wsqqkyz54","status":"auto","conf":0.8629,"n_detections":1,"heading_deg":99.6,"length_m":6.88,"width_m":2.77,"corner":"NE","intersection_id":"TPS_02296","intersection_dist_m":15.8,"serves_from_bearing":279.6,"serves_to_bearing":189.6,"serves_quality":"ambiguous","lat":25.0425052,"lon":121.5075101,"confidence":"confirmed","source":"dieturn/yolo26s-obb_ep144@taipei_udd_ortho_2025","source_updated_at":"2026-09-05"},"geometry":{"type":"Polygon","coordinates":[[[121.5075414,25.0424876],[121.5075461,25.0425124],[121.5074788,25.0425228],[121.5074742,25.042498],[121.5075414,25.0424876]]]}},{"type":"Feature","id":"dt_wsqqwg9t1","properties":{"id":"dt_wsqqwg9t1","status":"auto","conf":0.8616,"n_detections":1,"heading_deg":86.2,"length_m":4.57,"width_m":2.77,"corner":"SE","intersection_id":"TPS_00820","intersection_dist_m":11.4,"serves_from_bearing":176.2,"serves_to_bearing":86.2,"serves_quality":"ambiguous","lat":25.0689464,"lon":121.5878296,"confidence":"confirmed","source":"dieturn/yolo26s-obb_ep144@taipei_udd_ortho_2025","source_updated_at":"2026-09-05"},"geometry":{"type":"Polygon","coordinates":[[[121.5878531,25.0689353],[121.5878513,25.0689603],[121.5878061,25.0689576],[121.5878079,25.0689325],[121.5878531,25.0689353]]]}},{"type":"Feature","id":"dt_wsqqkg0zp","properties":{"id":"dt_wsqqkg0zp","status":"auto","conf":0.8615,"n_detections":1,"heading_deg":30.2,"length_m":3.52,"width_m":2.07,"corner":"SW","intersection_id":"TPS_00794","intersection_dist_m":24.1,"serves_from_bearing":210.2,"serves_to_bearing":120.2,"serves_quality":"good","lat":25.0225674,"lon":121.4991522,"confidence":"confirmed","source":"dieturn/yolo26s-obb_ep144@taipei_udd_ortho_2025","source_updated_at":"2026-09-05"},"geometry":{"type":"Polygon","coordinates":[[[121.4991523,25.022549],[121.4991699,25.0225766],[121.499152,25.0225859],[121.4991345,25.0225583],[121.4991523,25.022549]]]}},{"type":"Feature","id":"dt_wsqqt49eq","properties":{"id":"dt_wsqqt49eq","status":"auto","conf":0.8588,"n_detections":1,"heading_deg":87.3,"length_m":10.13,"width_m":3.4,"corner":"NW","intersection_id":"TPS_00711","intersection_dist_m":24.2,"serves_from_bearing":267.3,"serves_to_bearing":177.3,"serves_quality":"good","lat":25.0631414,"lon":121.5111489,"confidence":"confirmed","source":"dieturn/yolo26s-obb_ep144@taipei_udd_ortho_2025","source_updated_at":"2026-09-05"},"geometry":{"type":"Polygon","coordinates":[[[121.5111998,25.0631282],[121.5111982,25.063159],[121.5110979,25.0631546],[121.5110995,25.0631239],[121.5111998,25.0631282]]]}},{"type":"Feature","id":"dt_wsqquwxq5","properties":{"id":"dt_wsqquwxq5","status":"auto","conf":0.8584,"n_detections":1,"heading_deg":154.5,"length_m":3.95,"width_m":2.82,"corner":"SW","intersection_id":"TPS_01013","intersection_dist_m":14.3,"serves_from_bearing":154.5,"serves_to_bearing":64.5,"serves_quality":"ambiguous","lat":25.1295359,"lon":121.4969261,"confidence":"confirmed","source":"dieturn/yolo26s-obb_ep144@taipei_udd_ortho_2025","source_updated_at":"2026-09-05"},"geometry":{"type":"Polygon","coordinates":[[[121.4969472,25.1295252],[121.4969303,25.1295574],[121.4969051,25.1295466],[121.496922,25.1295144],[121.4969472,25.1295252]]]}},{"type":"Feature","id":"dt_wsqqqnet3","properties":{"id":"dt_wsqqqnet3","status":"auto","conf":0.8583,"n_detections":1,"heading_deg":86.3,"length_m":5.27,"width_m":2.49,"corner":"NW","intersection_id":"TPS_00071","intersection_dist_m":23.3,"serves_from_bearing":266.3,"serves_to_bearing":176.3,"serves_quality":"good","lat":25.0414911,"lon":121.5575894,"confidence":"confirmed","source":"dieturn/yolo26s-obb_ep144@taipei_udd_ortho_2025","source_updated_at":"2026-09-05"},"geometry":{"type":"Polygon","coordinates":[[[121.5576163,25.0414813],[121.5576147,25.0415038],[121.5575626,25.0415008],[121.5575641,25.0414783],[121.5576163,25.0414813]]]}},{"type":"Feature","id":"dt_wsqqqxf4u","properties":{"id":"dt_wsqqqxf4u","status":"auto","conf":0.8582,"n_detections":1,"heading_deg":3.9,"length_m":3.58,"width_m":2.56,"corner":"SW","intersection_id":"TPS_00148","intersection_dist_m":14.7,"serves_from_bearing":183.9,"serves_to_bearing":93.9,"serves_quality":"good","lat":25.0479578,"lon":121.5776595,"confidence":"confirmed","source":"dieturn/yolo26s-obb_ep144@taipei_udd_ortho_2025","source_updated_at":"2026-09-05"},"geometry":{"type":"Polygon","coordinates":[[[121.577671,25.0479408],[121.5776734,25.0479731],[121.5776481,25.0479747],[121.5776456,25.0479424],[121.577671,25.0479408]]]}},{"type":"Feature","id":"dt_wsqqt3djq","properties":{"id":"dt_wsqqt3djq","status":"auto","conf":0.8581,"n_detections":1,"heading_deg":177.0,"length_m":2.72,"width_m":1.9,"corner":"NW","intersection_id":"TPS_00143","intersection_dist_m":14.2,"serves_from_bearing":267.0,"serves_to_bearing":177.0,"serves_quality":"good","lat":25.0579869,"lon":121.5228162,"confidence":"confirmed","source":"dieturn/yolo26s-obb_ep144@taipei_udd_ortho_2025","source_updated_at":"2026-09-05"},"geometry":{"type":"Polygon","coordinates":[[[121.5228263,25.057975],[121.5228249,25.0579996],[121.5228061,25.0579987],[121.5228075,25.0579741],[121.5228263,25.057975]]]}},{"type":"Feature","id":"dt_wsqqmwsyg","properties":{"id":"dt_wsqqmwsyg","status":"auto","conf":0.857,"n_detections":1,"heading_deg":175.1,"length_m":6.3,"width_m":4.4,"corner":"NE","intersection_id":"TPS_00042","intersection_dist_m":36.0,"serves_from_bearing":85.1,"serves_to_bearing":355.1,"serves_quality":"ambiguous","lat":25.0417733,"lon":121.5374426,"confidence":"confirmed","source":"dieturn/yolo26s-obb_ep144@taipei_udd_ortho_2025","source_updated_at":"2026-09-05"},"geometry":{"type":"Polygon","coordinates":[[[121.537467,25.0417465],[121.5374617,25.0418033],[121.5374182,25.0418],[121.5374235,25.0417432],[121.537467,25.0417465]]]}},{"type":"Feature","id":"dt_wsqqtptqh","properties":{"id":"dt_wsqqtptqh","status":"auto","conf":0.8563,"n_detections":1,"heading_deg":140.2,"length_m":3.31,"width_m":3.24,"corner":"NW","intersection_id":"TPS_00154","intersection_dist_m":28.4,"serves_from_bearing":230.2,"serves_to_bearing":140.2,"serves_quality":"good","lat":25.0910827,"lon":121.5161741,"confidence":"confirmed","source":"dieturn/yolo26s-obb_ep144@taipei_udd_ortho_2025","source_updated_at":"2026-09-05"},"geometry":{"type":"Polygon","coordinates":[[[121.5161971,25.0910805],[121.516176,25.0911035],[121.5161512,25.091085],[121.5161723,25.0910619],[121.5161971,25.0910805]]]}},{"type":"Feature","id":"dt_wsqqm5d89","properties":{"id":"dt_wsqqm5d89","status":"auto","conf":0.856,"n_detections":2,"heading_deg":87.7,"length_m":6.4,"width_m":3.27,"corner":"NW","intersection_id":"TPS_00385","intersection_dist_m":15.8,"serves_from_bearing":267.7,"serves_to_bearing":177.7,"serves_quality":"good","lat":25.0242213,"lon":121.5122992,"confidence":"confirmed","source":"dieturn/yolo26s-obb_ep144@taipei_udd_ortho_2025","source_updated_at":"2026-09-05"},"geometry":{"type":"Polygon","coordinates":[[[121.5123316,25.0242076],[121.5123302,25.0242372],[121.5122669,25.0242348],[121.5122682,25.0242053],[121.5123316,25.0242076]]]}},{"type":"Feature","id":"dt_wsqqrrmer","properties":{"id":"dt_wsqqrrmer","status":"auto","conf":0.8541,"n_detections":1,"heading_deg":150.7,"length_m":3.84,"width_m":2.13,"corner":"NE","intersection_id":"TPS_00194","intersection_dist_m":10.2,"serves_from_bearing":60.7,"serves_to_bearing":330.7,"serves_quality":"good","lat":25.0453041,"lon":121.6155195,"confidence":"confirmed","source":"dieturn/yolo26s-obb_ep144@taipei_udd_ortho_2025","source_updated_at":"2026-09-05"},"geometry":{"type":"Polygon","coordinates":[[[121.6155381,25.0452936],[121.6155195,25.0453239],[121.6155009,25.0453145],[121.6155197,25.0452842],[121.6155381,25.0452936]]]}},{"type":"Feature","id":"dt_wsqqv205f","properties":{"id":"dt_wsqqv205f","status":"auto","conf":0.854,"n_detections":1,"heading_deg":54.7,"length_m":7.07,"width_m":2.72,"corner":"NW","intersection_id":"TPS_00959","intersection_dist_m":17.8,"serves_from_bearing":234.7,"serves_to_bearing":144.7,"serves_quality":"good","lat":25.0934579,"lon":121.5198875,"confidence":"confirmed","source":"dieturn/yolo26s-obb_ep144@taipei_udd_ortho_2025","source_updated_at":"2026-09-05"},"geometry":{"type":"Polygon","coordinates":[[[121.519924,25.0934664],[121.5199082,25.0934864],[121.519851,25.0934494],[121.5198667,25.0934294],[121.519924,25.0934664]]]}},{"type":"Feature","id":"dt_wsqqt8x4c","properties":{"id":"dt_wsqqt8x4c","status":"auto","conf":0.8536,"n_detections":1,"heading_deg":88.6,"length_m":8.59,"width_m":2.58,"corner":"NW","intersection_id":"TPS_00625","intersection_dist_m":17.6,"serves_from_bearing":268.6,"serves_to_bearing":178.6,"serves_quality":"good","lat":25.0520811,"lon":121.540425,"confidence":"confirmed","source":"dieturn/yolo26s-obb_ep144@taipei_udd_ortho_2025","source_updated_at":"2026-09-05"},"geometry":{"type":"Polygon","coordinates":[[[121.5404679,25.0520703],[121.5404673,25.0520937],[121.5403821,25.0520918],[121.5403827,25.0520685],[121.5404679,25.0520703]]]}},{"type":"Feature","id":"dt_wsqqmv92r","properties":{"id":"dt_wsqqmv92r","status":"auto","conf":0.8532,"n_detections":1,"heading_deg":3.2,"length_m":7.0,"width_m":2.82,"corner":"NE","intersection_id":"TPS_00571","intersection_dist_m":14.6,"serves_from_bearing":3.2,"serves_to_bearing":273.2,"serves_quality":"good","lat":25.0351624,"lon":121.5437814,"confidence":"confirmed","source":"dieturn/yolo26s-obb_ep144@taipei_udd_ortho_2025","source_updated_at":"2026-09-05"},"geometry":{"type":"Polygon","coordinates":[[[121.5437935,25.0351301],[121.5437973,25.0351933],[121.5437694,25.0351947],[121.5437655,25.0351314],[121.5437935,25.0351301]]]}},{"type":"Feature","id":"dt_wsqqqm97c","properties":{"id":"dt_wsqqqm97c","status":"auto","conf":0.8526,"n_detections":1,"heading_deg":83.5,"length_m":3.99,"width_m":2.45,"corner":"SE","intersection_id":"TPS_02434","intersection_dist_m":12.9,"serves_from_bearing":83.5,"serves_to_bearing":353.5,"serves_quality":"good","lat":25.0357762,"lon":121.5655087,"confidence":"confirmed","source":"dieturn/yolo26s-obb_ep144@taipei_udd_ortho_2025","source_updated_at":"2026-09-05"},"geometry":{"type":"Polygon","coordinates":[[[121.5655297,25.0357672],[121.565527,25.0357893],[121.5654876,25.0357852],[121.5654904,25.0357632],[121.5655297,25.0357672]]]}},{"type":"Feature","id":"dt_wsqqwm2rw","properties":{"id":"dt_wsqqwm2rw","status":"auto","conf":0.8521,"n_detections":1,"heading_deg":131.2,"length_m":8.7,"width_m":3.25,"corner":"NE","intersection_id":"TPS_00968","intersection_dist_m":14.5,"serves_from_bearing":311.2,"serves_to_bearing":221.2,"serves_quality":"good","lat":25.0789704,"lon":121.5643565,"confidence":"confirmed","source":"dieturn/yolo26s-obb_ep144@taipei_udd_ortho_2025","source_updated_at":"2026-09-05"},"geometry":{"type":"Polygon","coordinates":[[[121.5643997,25.0789555],[121.5643348,25.0790073],[121.5643134,25.0789853],[121.5643783,25.0789336],[121.5643997,25.0789555]]]}},{"type":"Feature","id":"dt_wsqqqn00g","properties":{"id":"dt_wsqqqn00g","status":"auto","conf":0.8514,"n_detections":1,"heading_deg":87.5,"length_m":4.85,"width_m":1.37,"corner":"NW","intersection_id":"TPS_00128","intersection_dist_m":26.2,"serves_from_bearing":267.5,"serves_to_bearing":177.5,"serves_quality":"good","lat":25.038013,"lon":121.5528935,"confidence":"confirmed","source":"dieturn/yolo26s-obb_ep144@taipei_udd_ortho_2025","source_updated_at":"2026-09-05"},"geometry":{"type":"Polygon","coordinates":[[[121.5529178,25.0380078],[121.5529172,25.0380202],[121.5528692,25.0380182],[121.5528698,25.0380058],[121.5529178,25.0380078]]]}},{"type":"Feature","id":"dt_wsqqmx1wt","properties":{"id":"dt_wsqqmx1wt","status":"auto","conf":0.8513,"n_detections":1,"heading_deg":0.3,"length_m":5.76,"width_m":2.54,"corner":"NE","intersection_id":"TPS_00706","intersection_dist_m":19.1,"serves_from_bearing":0.3,"serves_to_bearing":270.3,"serves_quality":"good","lat":25.0444622,"lon":121.533079,"confidence":"confirmed","source":"dieturn/yolo26s-obb_ep144@taipei_udd_ortho_2025","source_updated_at":"2026-09-05"},"geometry":{"type":"Polygon","coordinates":[[[121.5330914,25.0444361],[121.5330918,25.0444882],[121.5330666,25.0444884],[121.5330663,25.0444362],[121.5330914,25.0444361]]]}},{"type":"Feature","id":"dt_wsqqnmmn8","properties":{"id":"dt_wsqqnmmn8","status":"auto","conf":0.8513,"n_detections":1,"heading_deg":155.9,"length_m":2.91,"width_m":2.68,"corner":"NW","intersection_id":"TPS_02432","intersection_dist_m":38.2,"serves_from_bearing":245.9,"serves_to_bearing":155.9,"serves_quality":"good","lat":24.9909145,"lon":121.5705943,"confidence":"confirmed","source":"dieturn/yolo26s-obb_ep144@taipei_udd_ortho_2025","source_updated_at":"2026-09-05"},"geometry":{"type":"Polygon","coordinates":[[[121.5706124,24.9909073],[121.5706006,24.9909314],[121.5705762,24.9909216],[121.570588,24.9908976],[121.5706124,24.9909073]]]}},{"type":"Feature","id":"dt_wsqqt28w7","properties":{"id":"dt_wsqqt28w7","status":"auto","conf":0.8508,"n_detections":1,"heading_deg":11.4,"length_m":5.52,"width_m":3.36,"corner":"NE","intersection_id":"TPS_00152","intersection_dist_m":23.0,"serves_from_bearing":11.4,"serves_to_bearing":281.4,"serves_quality":"good","lat":25.0526541,"lon":121.5205973,"confidence":"confirmed","source":"dieturn/yolo26s-obb_ep144@taipei_udd_ortho_2025","source_updated_at":"2026-09-05"},"geometry":{"type":"Polygon","coordinates":[[[121.5206082,25.0526267],[121.5206191,25.0526756],[121.5205864,25.0526816],[121.5205756,25.0526326],[121.5206082,25.0526267]]]}},{"type":"Feature","id":"dt_wsqqme4sw","properties":{"id":"dt_wsqqme4sw","status":"auto","conf":0.8508,"n_detections":1,"heading_deg":92.1,"length_m":7.47,"width_m":4.57,"corner":"SE","intersection_id":"TPS_00646","intersection_dist_m":12.2,"serves_from_bearing":92.1,"serves_to_bearing":2.1,"serves_quality":"good","lat":25.0221449,"lon":121.5344767,"confidence":"confirmed","source":"dieturn/yolo26s-obb_ep144@taipei_udd_ortho_2025","source_updated_at":"2026-09-05"},"geometry":{"type":"Polygon","coordinates":[[[121.5345129,25.022123],[121.5345146,25.0221643],[121.5344406,25.0221668],[121.5344389,25.0221254],[121.5345129,25.022123]]]}},{"type":"Feature","id":"dt_wsqqt899y","properties":{"id":"dt_wsqqt899y","status":"auto","conf":0.8502,"n_detections":1,"heading_deg":87.5,"length_m":7.51,"width_m":3.1,"corner":"SE","intersection_id":"TPS_00136","intersection_dist_m":18.9,"serves_from_bearing":87.5,"serves_to_bearing":357.5,"serves_quality":"good","lat":25.0518835,"lon":121.533099,"confidence":"confirmed","source":"dieturn/yolo26s-obb_ep144@taipei_udd_ortho_2025","source_updated_at":"2026-09-05"},"geometry":{"type":"Polygon","coordinates":[[[121.5331369,25.051871],[121.5331355,25.051899],[121.5330611,25.051896],[121.5330625,25.0518679],[121.5331369,25.051871]]]}},{"type":"Feature","id":"dt_wsqqn7cnv","properties":{"id":"dt_wsqqn7cnv","status":"auto","conf":0.8501,"n_detections":1,"heading_deg":68.5,"length_m":2.59,"width_m":1.69,"corner":"SW","intersection_id":"TPS_00033","intersection_dist_m":23.1,"serves_from_bearing":158.5,"serves_to_bearing":68.5,"serves_quality":"good","lat":24.9827365,"lon":121.5653469,"confidence":"confirmed","source":"dieturn/yolo26s-obb_ep144@taipei_udd_ortho_2025","source_updated_at":"2026-09-05"},"geometry":{"type":"Polygon","coordinates":[[[121.5653619,24.9827337],[121.5653557,24.9827479],[121.5653318,24.9827394],[121.5653381,24.9827251],[121.5653619,24.9827337]]]}},{"type":"Feature","id":"dt_wsqqt2td7","properties":{"id":"dt_wsqqt2td7","status":"auto","conf":0.85,"n_detections":1,"heading_deg":177.7,"length_m":5.56,"width_m":3.92,"corner":"SW","intersection_id":"TPS_00132","intersection_dist_m":26.0,"serves_from_bearing":177.7,"serves_to_bearing":87.7,"serves_quality":"good","lat":25.051996,"lon":121.5274686,"confidence":"confirmed","source":"dieturn/yolo26s-obb_ep144@taipei_udd_ortho_2025","source_updated_at":"2026-09-05"},"geometry":{"type":"Polygon","coordinates":[[[121.5274892,25.0519716],[121.5274869,25.0520218],[121.5274481,25.0520204],[121.5274503,25.0519702],[121.5274892,25.0519716]]]}},{"type":"Feature","id":"dt_wsqqkszy3","properties":{"id":"dt_wsqqkszy3","status":"auto","conf":0.8479,"n_detections":1,"heading_deg":27.9,"length_m":5.31,"width_m":2.3,"corner":"NE","intersection_id":"TPS_01059","intersection_dist_m":21.3,"serves_from_bearing":27.9,"serves_to_bearing":297.9,"serves_quality":"good","lat":25.0320819,"lon":121.4975027,"confidence":"confirmed","source":"dieturn/yolo26s-obb_ep144@taipei_udd_ortho_2025","source_updated_at":"2026-09-05"},"geometry":{"type":"Polygon","coordinates":[[[121.4975005,25.0320559],[121.4975251,25.0320983],[121.4975049,25.0321079],[121.4974803,25.0320656],[121.4975005,25.0320559]]]}},{"type":"Feature","id":"dt_wsqqx134w","properties":{"id":"dt_wsqqx134w","status":"auto","conf":0.8466,"n_detections":1,"heading_deg":66.4,"length_m":5.44,"width_m":3.0,"corner":"SE","intersection_id":"TPS_01739","intersection_dist_m":10.2,"serves_from_bearing":66.4,"serves_to_bearing":336.4,"serves_quality":"good","lat":25.0561562,"lon":121.5983384,"confidence":"confirmed","source":"dieturn/yolo26s-obb_ep144@taipei_udd_ortho_2025","source_updated_at":"2026-09-05"},"geometry":{"type":"Polygon","coordinates":[[[121.5983691,25.0561537],[121.5983571,25.0561785],[121.5983077,25.0561588],[121.5983197,25.056134],[121.5983691,25.0561537]]]}},{"type":"Feature","id":"dt_wsqqmtkut","properties":{"id":"dt_wsqqmtkut","status":"auto","conf":0.8465,"n_detections":1,"heading_deg":0.6,"length_m":2.98,"width_m":2.1,"corner":"SW","intersection_id":"TPS_01389","intersection_dist_m":10.1,"serves_from_bearing":180.6,"serves_to_bearing":90.6,"serves_quality":"good","lat":25.0345305,"lon":121.5375028,"confidence":"confirmed","source":"dieturn/yolo26s-obb_ep144@taipei_udd_ortho_2025","source_updated_at":"2026-09-05"},"geometry":{"type":"Polygon","coordinates":[[[121.537513,25.0345169],[121.5375134,25.0345439],[121.5374926,25.0345442],[121.5374922,25.0345172],[121.537513,25.0345169]]]}},{"type":"Feature","id":"dt_wsqqmzc8j","properties":{"id":"dt_wsqqmzc8j","status":"auto","conf":0.846,"n_detections":4,"heading_deg":88.2,"length_m":9.17,"width_m":3.0,"corner":"NE","intersection_id":"TPS_02537","intersection_dist_m":18.3,"serves_from_bearing":358.2,"serves_to_bearing":268.2,"serves_quality":"good","lat":25.0474777,"lon":121.5440413,"confidence":"confirmed","source":"dieturn/yolo26s-obb_ep144@taipei_udd_ortho_2025","source_updated_at":"2026-09-05"},"geometry":{"type":"Polygon","coordinates":[[[121.5440872,25.0474655],[121.5440863,25.0474926],[121.5439954,25.04749],[121.5439963,25.0474629],[121.5440872,25.0474655]]]}},{"type":"Feature","id":"dt_wsqqqxjkd","properties":{"id":"dt_wsqqqxjkd","status":"auto","conf":0.8451,"n_detections":1,"heading_deg":34.7,"length_m":3.74,"width_m":2.1,"corner":"SE","intersection_id":"TPS_00802","intersection_dist_m":12.2,"serves_from_bearing":124.7,"serves_to_bearing":34.7,"serves_quality":"ambiguous","lat":25.044146,"lon":121.5820405,"confidence":"confirmed","source":"dieturn/yolo26s-obb_ep144@taipei_udd_ortho_2025","source_updated_at":"2026-09-05"},"geometry":{"type":"Polygon","coordinates":[[[121.5820386,25.0441268],[121.5820597,25.0441546],[121.5820425,25.0441653],[121.5820213,25.0441375],[121.5820386,25.0441268]]]}},{"type":"Feature","id":"dt_wsqqmh2pb","properties":{"id":"dt_wsqqmh2pb","status":"auto","conf":0.8442,"n_detections":1,"heading_deg":10.7,"length_m":5.33,"width_m":2.94,"corner":"NW","intersection_id":"TPS_00824","intersection_dist_m":11.5,"serves_from_bearing":280.7,"serves_to_bearing":190.7,"serves_quality":"good","lat":25.0295782,"lon":121.5088049,"confidence":"confirmed","source":"dieturn/yolo26s-obb_ep144@taipei_udd_ortho_2025","source_updated_at":"2026-09-05"},"geometry":{"type":"Polygon","coordinates":[[[121.5088143,25.0295521],[121.5088241,25.0295995],[121.5087954,25.0296043],[121.5087856,25.0295569],[121.5088143,25.0295521]]]}},{"type":"Feature","id":"dt_wsqqkyqb6","properties":{"id":"dt_wsqqkyqb6","status":"auto","conf":0.8441,"n_detections":1,"heading_deg":15.4,"length_m":10.13,"width_m":2.57,"corner":"NW","intersection_id":"TPS_00119","intersection_dist_m":25.5,"serves_from_bearing":195.4,"serves_to_bearing":105.4,"serves_quality":"good","lat":25.0392705,"lon":121.5071863,"confidence":"confirmed","source":"dieturn/yolo26s-obb_ep144@taipei_udd_ortho_2025","source_updated_at":"2026-09-05"},"geometry":{"type":"Polygon","coordinates":[[[121.5071853,25.0392232],[121.5072119,25.0393116],[121.5071873,25.0393177],[121.5071607,25.0392293],[121.5071853,25.0392232]]]}},{"type":"Feature","id":"dt_wsqqkyz8r","properties":{"id":"dt_wsqqkyz8r","status":"auto","conf":0.844,"n_detections":1,"heading_deg":99.9,"length_m":8.28,"width_m":2.5,"corner":"NW","intersection_id":"TPS_00280","intersection_dist_m":2.6,"serves_from_bearing":279.9,"serves_to_bearing":189.9,"serves_quality":"ambiguous","lat":25.0420144,"lon":121.5084383,"confidence":"confirmed","source":"dieturn/yolo26s-obb_ep144@taipei_udd_ortho_2025","source_updated_at":"2026-09-05"},"geometry":{"type":"Polygon","coordinates":[[[121.5084767,25.0419969],[121.5084809,25.0420191],[121.5084,25.0420319],[121.5083957,25.0420098],[121.5084767,25.0419969]]]}},{"type":"Feature","id":"dt_wsqqt49ef","properties":{"id":"dt_wsqqt49ef","status":"auto","conf":0.8439,"n_detections":1,"heading_deg":35.2,"length_m":2.24,"width_m":1.69,"corner":"NW","intersection_id":"TPS_00711","intersection_dist_m":38.8,"serves_from_bearing":305.2,"serves_to_bearing":215.2,"serves_quality":"good","lat":25.0632073,"lon":121.5109757,"confidence":"confirmed","source":"dieturn/yolo26s-obb_ep144@taipei_udd_ortho_2025","source_updated_at":"2026-09-05"},"geometry":{"type":"Polygon","coordinates":[[[121.5109762,25.0631947],[121.510989,25.0632112],[121.5109753,25.06322],[121.5109625,25.0632034],[121.5109762,25.0631947]]]}},{"type":"Feature","id":"dt_wsqqqtbjr","properties":{"id":"dt_wsqqqtbjr","status":"auto","conf":0.842,"n_detections":1,"heading_deg":52.8,"length_m":3.2,"width_m":2.55,"corner":"SE","intersection_id":"TPS_00660","intersection_dist_m":18.1,"serves_from_bearing":52.8,"serves_to_bearing":322.8,"serves_quality":"good","lat":25.0373882,"lon":121.5750087,"confidence":"confirmed","source":"dieturn/yolo26s-obb_ep144@taipei_udd_ortho_2025","source_updated_at":"2026-09-05"},"geometry":{"type":"Polygon","coordinates":[[[121.575029,25.0373878],[121.5750136,25.0374061],[121.5749883,25.0373886],[121.5750038,25.0373704],[121.575029,25.0373878]]]}},{"type":"Feature","id":"dt_wsqqmjt81","properties":{"id":"dt_wsqqmjt81","status":"auto","conf":0.8416,"n_detections":2,"heading_deg":94.9,"length_m":8.42,"width_m":2.7,"corner":"NW","intersection_id":"TPS_00067","intersection_dist_m":37.8,"serves_from_bearing":274.9,"serves_to_bearing":184.9,"serves_quality":"good","lat":25.035124,"lon":121.5164129,"confidence":"confirmed","source":"dieturn/yolo26s-obb_ep144@taipei_udd_ortho_2025","source_updated_at":"2026-09-05"},"geometry":{"type":"Polygon","coordinates":[[[121.5164533,25.0351085],[121.5164557,25.0351329],[121.5163725,25.0351394],[121.5163701,25.0351151],[121.5164533,25.0351085]]]}},{"type":"Feature","id":"dt_wsqqt3xtc","properties":{"id":"dt_wsqqt3xtc","status":"auto","conf":0.8406,"n_detections":1,"heading_deg":86.2,"length_m":7.43,"width_m":2.54,"corner":"NW","intersection_id":"TPS_01452","intersection_dist_m":12.6,"serves_from_bearing":266.2,"serves_to_bearing":176.2,"serves_quality":"good","lat":25.0580869,"lon":121.5301606,"confidence":"confirmed","source":"dieturn/yolo26s-obb_ep144@taipei_udd_ortho_2025","source_updated_at":"2026-09-05"},"geometry":{"type":"Polygon","coordinates":[[[121.5301982,25.0580777],[121.5301965,25.0581006],[121.530123,25.0580962],[121.5301247,25.0580733],[121.5301982,25.0580777]]]}},{"type":"Feature","id":"dt_wsqqv587x","properties":{"id":"dt_wsqqv587x","status":"auto","conf":0.8405,"n_detections":1,"heading_deg":141.8,"length_m":5.81,"width_m":2.49,"corner":"NE","intersection_id":"TPS_00884","intersection_dist_m":25.0,"serves_from_bearing":321.8,"serves_to_bearing":231.8,"serves_quality":"good","lat":25.1126244,"lon":121.5094564,"confidence":"confirmed","source":"dieturn/yolo26s-obb_ep144@taipei_udd_ortho_2025","source_updated_at":"2026-09-05"},"geometry":{"type":"Polygon","coordinates":[[[121.509484,25.1126107],[121.5094483,25.112652],[121.5094288,25.1126382],[121.5094644,25.1125969],[121.509484,25.1126107]]]}},{"type":"Feature","id":"dt_wsqqqne7z","properties":{"id":"dt_wsqqqne7z","status":"auto","conf":0.8403,"n_detections":1,"heading_deg":3.5,"length_m":6.93,"width_m":2.53,"corner":"SW","intersection_id":"TPS_00071","intersection_dist_m":16.2,"serves_from_bearing":183.5,"serves_to_bearing":93.5,"serves_quality":"good","lat":25.0412494,"lon":121.5575389,"confidence":"confirmed","source":"dieturn/yolo26s-obb_ep144@taipei_udd_ortho_2025","source_updated_at":"2026-09-05"},"geometry":{"type":"Polygon","coordinates":[[[121.5575493,25.0412174],[121.5575535,25.04128],[121.5575284,25.0412813],[121.5575243,25.0412188],[121.5575493,25.0412174]]]}},{"type":"Feature","id":"dt_wsqqt646s","properties":{"id":"dt_wsqqt646s","status":"auto","conf":0.8401,"n_detections":1,"heading_deg":90.6,"length_m":4.78,"width_m":2.52,"corner":"SE","intersection_id":"TPS_00324","intersection_dist_m":14.3,"serves_from_bearing":90.6,"serves_to_bearing":0.6,"serves_quality":"good","lat":25.0602618,"lon":121.5230774,"confidence":"confirmed","source":"dieturn/yolo26s-obb_ep144@taipei_udd_ortho_2025","source_updated_at":"2026-09-05"},"geometry":{"type":"Polygon","coordinates":[[[121.5231011,25.0602502],[121.5231013,25.060273],[121.5230539,25.0602734],[121.5230536,25.0602506],[121.5231011,25.0602502]]]}},{"type":"Feature","id":"dt_wsqqqxfhn","properties":{"id":"dt_wsqqqxfhn","status":"auto","conf":0.8387,"n_detections":1,"heading_deg":83.6,"length_m":3.71,"width_m":2.64,"corner":"NW","intersection_id":"TPS_00148","intersection_dist_m":17.4,"serves_from_bearing":263.6,"serves_to_bearing":173.6,"serves_quality":"good","lat":25.0481564,"lon":121.5777206,"confidence":"confirmed","source":"dieturn/yolo26s-obb_ep144@taipei_udd_ortho_2025","source_updated_at":"2026-09-05"},"geometry":{"type":"Polygon","coordinates":[[[121.5777404,25.0481465],[121.5777374,25.0481702],[121.5777008,25.0481664],[121.5777039,25.0481426],[121.5777404,25.0481465]]]}},{"type":"Feature","id":"dt_wsqqkvd94","properties":{"id":"dt_wsqqkvd94","status":"auto","conf":0.8382,"n_detections":1,"heading_deg":7.9,"length_m":6.46,"width_m":2.48,"corner":"NE","intersection_id":"TPS_00919","intersection_dist_m":13.1,"serves_from_bearing":7.9,"serves_to_bearing":277.9,"serves_quality":"good","lat":25.0352983,"lon":121.5013231,"confidence":"confirmed","source":"dieturn/yolo26s-obb_ep144@taipei_udd_ortho_2025","source_updated_at":"2026-09-05"},"geometry":{"type":"Polygon","coordinates":[[[121.5013308,25.0352679],[121.5013396,25.0353257],[121.5013153,25.0353288],[121.5013065,25.0352709],[121.5013308,25.0352679]]]}},{"type":"Feature","id":"dt_wsqqm9hmy","properties":{"id":"dt_wsqqm9hmy","status":"auto","conf":0.8377,"n_detections":1,"heading_deg":72.3,"length_m":11.02,"width_m":5.03,"corner":"NW","intersection_id":"TPS_00017","intersection_dist_m":33.8,"serves_from_bearing":252.3,"serves_to_bearing":162.3,"serves_quality":"good","lat":25.011385,"lon":121.5368736,"confidence":"confirmed","source":"dieturn/yolo26s-obb_ep144@taipei_udd_ortho_2025","source_updated_at":"2026-09-05"},"geometry":{"type":"Polygon","coordinates":[[[121.5369333,25.0113786],[121.536918,25.0114218],[121.5368139,25.0113915],[121.5368293,25.0113482],[121.5369333,25.0113786]]]}},{"type":"Feature","id":"dt_wsqqtc9us","properties":{"id":"dt_wsqqtc9us","status":"auto","conf":0.8369,"n_detections":1,"heading_deg":3.0,"length_m":8.78,"width_m":2.74,"corner":"NE","intersection_id":"TPS_00135","intersection_dist_m":21.6,"serves_from_bearing":3.0,"serves_to_bearing":273.0,"serves_quality":"good","lat":25.0578811,"lon":121.5443321,"confidence":"confirmed","source":"dieturn/yolo26s-obb_ep144@taipei_udd_ortho_2025","source_updated_at":"2026-09-05"},"geometry":{"type":"Polygon","coordinates":[[[121.5443434,25.0578409],[121.5443478,25.0579201],[121.5443208,25.0579214],[121.5443163,25.0578421],[121.5443434,25.0578409]]]}},{"type":"Feature","id":"dt_wsqqt5eex","properties":{"id":"dt_wsqqt5eex","status":"auto","conf":0.8367,"n_detections":1,"heading_deg":2.6,"length_m":8.01,"width_m":2.82,"corner":"NE","intersection_id":"TPS_00465","intersection_dist_m":16.5,"serves_from_bearing":2.6,"serves_to_bearing":272.6,"serves_quality":"ambiguous","lat":25.0686783,"lon":121.5139031,"confidence":"confirmed","source":"dieturn/yolo26s-obb_ep144@taipei_udd_ortho_2025","source_updated_at":"2026-09-05"},"geometry":{"type":"Polygon","coordinates":[[[121.5139152,25.0686416],[121.5139189,25.0687139],[121.513891,25.0687151],[121.5138873,25.0686427],[121.5139152,25.0686416]]]}},{"type":"Feature","id":"dt_wsqqwcn9n","properties":{"id":"dt_wsqqwcn9n","status":"auto","conf":0.8364,"n_detections":1,"heading_deg":169.6,"length_m":8.2,"width_m":4.83,"corner":"NE","intersection_id":"TPS_00162","intersection_dist_m":16.4,"serves_from_bearing":349.6,"serves_to_bearing":259.6,"serves_quality":"good","lat":25.0544962,"lon":121.5948855,"confidence":"confirmed","source":"dieturn/yolo26s-obb_ep144@taipei_udd_ortho_2025","source_updated_at":"2026-09-05"},"geometry":{"type":"Polygon","coordinates":[[[121.5949164,25.0544636],[121.5949018,25.0545365],[121.5948546,25.0545288],[121.5948693,25.0544559],[121.5949164,25.0544636]]]}},{"type":"Feature","id":"dt_wsqqv68pc","properties":{"id":"dt_wsqqv68pc","status":"auto","conf":0.8361,"n_detections":1,"heading_deg":59.4,"length_m":9.63,"width_m":3.09,"corner":"NW","intersection_id":"TPS_02360","intersection_dist_m":11.0,"serves_from_bearing":239.4,"serves_to_bearing":149.4,"serves_quality":"ambiguous","lat":25.1078716,"lon":121.5198565,"confidence":"confirmed","source":"dieturn/yolo26s-obb_ep144@taipei_udd_ortho_2025","source_updated_at":"2026-09-05"},"geometry":{"type":"Polygon","coordinates":[[[121.5199055,25.1078819],[121.5198898,25.1079058],[121.5198076,25.1078614],[121.5198233,25.1078375],[121.5199055,25.1078819]]]}},{"type":"Feature","id":"dt_wsqqtdhfb","properties":{"id":"dt_wsqqtdhfb","status":"auto","conf":0.8336,"n_detections":1,"heading_deg":178.5,"length_m":4.77,"width_m":2.33,"corner":"NE","intersection_id":"TPS_01431","intersection_dist_m":8.0,"serves_from_bearing":358.5,"serves_to_bearing":268.5,"serves_quality":"good","lat":25.0603009,"lon":121.5372878,"confidence":"confirmed","source":"dieturn/yolo26s-obb_ep144@taipei_udd_ortho_2025","source_updated_at":"2026-09-05"},"geometry":{"type":"Polygon","coordinates":[[[121.5373,25.0602797],[121.5372987,25.0603228],[121.5372757,25.0603222],[121.5372769,25.0602791],[121.5373,25.0602797]]]}},{"type":"Feature","id":"dt_wsqqvk170","properties":{"id":"dt_wsqqvk170","status":"auto","conf":0.8331,"n_detections":1,"heading_deg":9.5,"length_m":2.33,"width_m":1.67,"corner":"NW","intersection_id":"TPS_02322","intersection_dist_m":27.5,"serves_from_bearing":279.5,"serves_to_bearing":189.5,"serves_quality":"good","lat":25.1152829,"lon":121.5214984,"confidence":"confirmed","source":"dieturn/yolo26s-obb_ep144@taipei_udd_ortho_2025","source_updated_at":"2026-09-05"},"geometry":{"type":"Polygon","coordinates":[[[121.5215046,25.1152713],[121.5215084,25.1152921],[121.5214921,25.1152946],[121.5214883,25.1152737],[121.5215046,25.1152713]]]}},{"type":"Feature","id":"dt_wsqqkv4h6","properties":{"id":"dt_wsqqkv4h6","status":"auto","conf":0.8321,"n_detections":1,"heading_deg":9.9,"length_m":8.51,"width_m":2.68,"corner":"NE","intersection_id":"TPS_00928","intersection_dist_m":17.6,"serves_from_bearing":9.9,"serves_to_bearing":279.9,"serves_quality":"good","lat":25.033095,"lon":121.5006576,"confidence":"confirmed","source":"dieturn/yolo26s-obb_ep144@taipei_udd_ortho_2025","source_updated_at":"2026-09-05"},"geometry":{"type":"Polygon","coordinates":[[[121.5006634,25.033055],[121.5006779,25.0331308],[121.5006517,25.0331349],[121.5006373,25.0330591],[121.5006634,25.033055]]]}},{"type":"Feature","id":"dt_wsqqmjnu5","properties":{"id":"dt_wsqqmjnu5","status":"auto","conf":0.8317,"n_detections":1,"heading_deg":146.0,"length_m":4.31,"width_m":2.32,"corner":"NE","intersection_id":"TPS_00552","intersection_dist_m":16.8,"serves_from_bearing":326.0,"serves_to_bearing":236.0,"serves_quality":"good","lat":25.0330676,"lon":121.518215,"confidence":"confirmed","source":"dieturn/yolo26s-obb_ep144@taipei_udd_ortho_2025","source_updated_at":"2026-09-05"},"geometry":{"type":"Polygon","coordinates":[[[121.5182365,25.0330572],[121.5182127,25.0330895],[121.5181935,25.0330779],[121.5182174,25.0330456],[121.5182365,25.0330572]]]}},{"type":"Feature","id":"dt_wsqqt5wfe","properties":{"id":"dt_wsqqt5wfe","status":"auto","conf":0.8317,"n_detections":1,"heading_deg":179.6,"length_m":4.85,"width_m":4.31,"corner":"SW","intersection_id":"TPS_02526","intersection_dist_m":31.6,"serves_from_bearing":179.6,"serves_to_bearing":89.6,"serves_quality":"good","lat":25.0685147,"lon":121.5182285,"confidence":"confirmed","source":"dieturn/yolo26s-obb_ep144@taipei_udd_ortho_2025","source_updated_at":"2026-09-05"},"geometry":{"type":"Polygon","coordinates":[[[121.51825,25.0684929],[121.5182497,25.0685368],[121.5182069,25.0685365],[121.5182073,25.0684926],[121.51825,25.0684929]]]}},{"type":"Feature","id":"dt_wsqqmr5yu","properties":{"id":"dt_wsqqmr5yu","status":"auto","conf":0.831,"n_detections":2,"heading_deg":102.2,"length_m":10.9,"width_m":3.36,"corner":"NW","intersection_id":"TPS_00889","intersection_dist_m":12.0,"serves_from_bearing":282.2,"serves_to_bearing":192.2,"serves_quality":"ambiguous","lat":25.0445069,"lon":121.5251352,"confidence":"confirmed","source":"dieturn/yolo26s-obb_ep144@taipei_udd_ortho_2025","source_updated_at":"2026-09-05"},"geometry":{"type":"Polygon","coordinates":[[[121.5251845,25.0444817],[121.5251916,25.0445113],[121.525086,25.0445321],[121.5250788,25.0445025],[121.5251845,25.0444817]]]}},{"type":"Feature","id":"dt_wsqqkzzpv","properties":{"id":"dt_wsqqkzzpv","status":"auto","conf":0.8309,"n_detections":1,"heading_deg":98.5,"length_m":3.64,"width_m":3.47,"corner":"NE","intersection_id":"TPS_00774","intersection_dist_m":19.0,"serves_from_bearing":8.5,"serves_to_bearing":278.5,"serves_quality":"ambiguous","lat":25.0488046,"lon":121.5076651,"confidence":"confirmed","source":"dieturn/yolo26s-obb_ep144@taipei_udd_ortho_2025","source_updated_at":"2026-09-05"},"geometry":{"type":"Polygon","coordinates":[[[121.5076804,25.0487866],[121.5076855,25.0488176],[121.5076499,25.0488225],[121.5076447,25.0487915],[121.5076804,25.0487866]]]}},{"type":"Feature","id":"dt_wsqqt6mzt","properties":{"id":"dt_wsqqt6mzt","status":"auto","conf":0.8308,"n_detections":2,"heading_deg":89.5,"length_m":7.51,"width_m":1.89,"corner":"SE","intersection_id":"TPS_00045","intersection_dist_m":30.7,"serves_from_bearing":89.5,"serves_to_bearing":359.5,"serves_quality":"good","lat":25.0624993,"lon":121.5278955,"confidence":"confirmed","source":"dieturn/yolo26s-obb_ep144@taipei_udd_ortho_2025","source_updated_at":"2026-09-05"},"geometry":{"type":"Polygon","coordinates":[[[121.5279328,25.062491],[121.5279326,25.0625081],[121.5278582,25.0625075],[121.5278584,25.0624904],[121.5279328,25.062491]]]}},{"type":"Feature","id":"dt_wsqqqm57b","properties":{"id":"dt_wsqqqm57b","status":"auto","conf":0.8302,"n_detections":1,"heading_deg":85.7,"length_m":6.04,"width_m":2.81,"corner":"NW","intersection_id":"TPS_00133","intersection_dist_m":21.1,"serves_from_bearing":265.7,"serves_to_bearing":175.7,"serves_quality":"good","lat":25.0329925,"lon":121.568218,"confidence":"confirmed","source":"dieturn/yolo26s-obb_ep144@taipei_udd_ortho_2025","source_updated_at":"2026-09-05"},"geometry":{"type":"Polygon","coordinates":[[[121.5682489,25.0329818],[121.5682468,25.0330072],[121.5681871,25.0330031],[121.5681893,25.0329778],[121.5682489,25.0329818]]]}},{"type":"Feature","id":"dt_wsqqkvyrq","properties":{"id":"dt_wsqqkvyrq","status":"auto","conf":0.8297,"n_detections":1,"heading_deg":12.3,"length_m":3.1,"width_m":2.22,"corner":"NE","intersection_id":"TPS_01075","intersection_dist_m":34.7,"serves_from_bearing":12.3,"serves_to_bearing":282.3,"serves_quality":"good","lat":25.0377146,"lon":121.5066687,"confidence":"confirmed","source":"dieturn/yolo26s-obb_ep144@taipei_udd_ortho_2025","source_updated_at":"2026-09-05"},"geometry":{"type":"Polygon","coordinates":[[[121.5066762,25.0376988],[121.5066828,25.0377262],[121.5066613,25.0377304],[121.5066547,25.037703],[121.5066762,25.0376988]]]}},{"type":"Feature","id":"dt_wsqqwgwgx","properties":{"id":"dt_wsqqwgwgx","status":"auto","conf":0.8292,"n_detections":1,"heading_deg":110.4,"length_m":3.95,"width_m":2.0,"corner":"NW","intersection_id":"TPS_00391","intersection_dist_m":14.6,"serves_from_bearing":290.4,"serves_to_bearing":200.4,"serves_quality":"good","lat":25.0686863,"lon":121.5952751,"confidence":"confirmed","source":"dieturn/yolo26s-obb_ep144@taipei_udd_ortho_2025","source_updated_at":"2026-09-05"},"geometry":{"type":"Polygon","coordinates":[[[121.59529,25.0686717],[121.5952969,25.0686885],[121.5952603,25.068701],[121.5952532,25.0686841],[121.59529,25.0686717]]]}},{"type":"Feature","id":"dt_wsqqw847c","properties":{"id":"dt_wsqqw847c","status":"auto","conf":0.8292,"n_detections":1,"heading_deg":1.4,"length_m":7.68,"width_m":2.8,"corner":"SE","intersection_id":"TPS_00982","intersection_dist_m":10.9,"serves_from_bearing":91.4,"serves_to_bearing":1.4,"serves_quality":"ambiguous","lat":25.0495113,"lon":121.5778797,"confidence":"confirmed","source":"dieturn/yolo26s-obb_ep144@taipei_udd_ortho_2025","source_updated_at":"2026-09-05"},"geometry":{"type":"Polygon","coordinates":[[[121.5778926,25.0494763],[121.5778945,25.0495457],[121.5778667,25.0495464],[121.5778649,25.0494769],[121.5778926,25.0494763]]]}},{"type":"Feature","id":"dt_wsqqwg5s7","properties":{"id":"dt_wsqqwg5s7","status":"auto","conf":0.8283,"n_detections":1,"heading_deg":6.6,"length_m":4.46,"width_m":2.38,"corner":"SE","intersection_id":"TPS_01004","intersection_dist_m":11.4,"serves_from_bearing":6.6,"serves_to_bearing":276.6,"serves_quality":"ambiguous","lat":25.0660761,"lon":121.5906299,"confidence":"confirmed","source":"dieturn/yolo26s-obb_ep144@taipei_udd_ortho_2025","source_updated_at":"2026-09-05"},"geometry":{"type":"Polygon","coordinates":[[[121.5906391,25.0660548],[121.5906442,25.0660949],[121.5906208,25.0660973],[121.5906157,25.0660573],[121.5906391,25.0660548]]]}},{"type":"Feature","id":"dt_wsqqmuv24","properties":{"id":"dt_wsqqmuv24","status":"auto","conf":0.8282,"n_detections":1,"heading_deg":178.7,"length_m":2.7,"width_m":2.41,"corner":"NE","intersection_id":"TPS_00064","intersection_dist_m":30.2,"serves_from_bearing":358.7,"serves_to_bearing":268.7,"serves_quality":"good","lat":25.030986,"lon":121.5490787,"confidence":"confirmed","source":"dieturn/yolo26s-obb_ep144@taipei_udd_ortho_2025","source_updated_at":"2026-09-05"},"geometry":{"type":"Polygon","coordinates":[[[121.5490909,25.0309741],[121.5490903,25.0309985],[121.5490665,25.030998],[121.549067,25.0309736],[121.5490909,25.0309741]]]}},{"type":"Feature","id":"dt_wsqqmv5n9","properties":{"id":"dt_wsqqmv5n9","status":"auto","conf":0.8277,"n_detections":1,"heading_deg":85.6,"length_m":3.63,"width_m":2.34,"corner":"NW","intersection_id":"TPS_00286","intersection_dist_m":16.4,"serves_from_bearing":265.6,"serves_to_bearing":175.6,"serves_quality":"good","lat":25.0334758,"lon":121.545928,"confidence":"confirmed","source":"dieturn/yolo26s-obb_ep144@taipei_udd_ortho_2025","source_updated_at":"2026-09-05"},"geometry":{"type":"Polygon","coordinates":[[[121.5459468,25.0334665],[121.5459451,25.0334876],[121.5459092,25.0334851],[121.545911,25.033464],[121.5459468,25.0334665]]]}},{"type":"Feature","id":"dt_wsqqxhmrj","properties":{"id":"dt_wsqqxhmrj","status":"auto","conf":0.8274,"n_detections":1,"heading_deg":85.9,"length_m":3.34,"width_m":2.63,"corner":"SE","intersection_id":"TPS_01024","intersection_dist_m":8.0,"serves_from_bearing":85.9,"serves_to_bearing":355.9,"serves_quality":"ambiguous","lat":25.0734003,"lon":121.6041043,"confidence":"confirmed","source":"dieturn/yolo26s-obb_ep144@taipei_udd_ortho_2025","source_updated_at":"2026-09-05"},"geometry":{"type":"Polygon","coordinates":[[[121.6041217,25.0733895],[121.6041198,25.0734132],[121.6040867,25.073411],[121.6040887,25.0733874],[121.6041217,25.0733895]]]}},{"type":"Feature","id":"dt_wsqqtcj2p","properties":{"id":"dt_wsqqtcj2p","status":"auto","conf":0.8263,"n_detections":1,"heading_deg":174.4,"length_m":3.73,"width_m":3.04,"corner":"NE","intersection_id":"TPS_01114","intersection_dist_m":26.7,"serves_from_bearing":354.4,"serves_to_bearing":264.4,"serves_quality":"good","lat":25.0543316,"lon":121.5492879,"confidence":"confirmed","source":"dieturn/yolo26s-obb_ep144@taipei_udd_ortho_2025","source_updated_at":"2026-09-05"},"geometry":{"type":"Polygon","coordinates":[[[121.5493047,25.0543161],[121.5493011,25.0543497],[121.5492711,25.054347],[121.5492747,25.0543135],[121.5493047,25.0543161]]]}},{"type":"Feature","id":"dt_wsqqt3tw4","properties":{"id":"dt_wsqqt3tw4","status":"auto","conf":0.8261,"n_detections":1,"heading_deg":92.0,"length_m":8.13,"width_m":2.61,"corner":"NW","intersection_id":"TPS_01491","intersection_dist_m":11.4,"serves_from_bearing":272.0,"serves_to_bearing":182.0,"serves_quality":"ambiguous","lat":25.0581268,"lon":121.5274328,"confidence":"confirmed","source":"dieturn/yolo26s-obb_ep144@taipei_udd_ortho_2025","source_updated_at":"2026-09-05"},"geometry":{"type":"Polygon","coordinates":[[[121.5274727,25.0581137],[121.5274735,25.0581373],[121.5273929,25.0581399],[121.527392,25.0581163],[121.5274727,25.0581137]]]}},{"type":"Feature","id":"dt_wsqqmhhjx","properties":{"id":"dt_wsqqmhhjx","status":"auto","conf":0.8241,"n_detections":1,"heading_deg":105.6,"length_m":7.13,"width_m":2.54,"corner":"NE","intersection_id":"TPS_00122","intersection_dist_m":29.4,"serves_from_bearing":285.6,"serves_to_bearing":195.6,"serves_quality":"good","lat":25.0278218,"lon":121.5146023,"confidence":"confirmed","source":"dieturn/yolo26s-obb_ep144@taipei_udd_ortho_2025","source_updated_at":"2026-09-05"},"geometry":{"type":"Polygon","coordinates":[[[121.5146329,25.0278021],[121.5146398,25.0278242],[121.5145716,25.0278415],[121.5145648,25.0278194],[121.5146329,25.0278021]]]}},{"type":"Feature","id":"dt_wsqqt0y9u","properties":{"id":"dt_wsqqt0y9u","status":"auto","conf":0.8238,"n_detections":1,"heading_deg":14.6,"length_m":5.3,"width_m":2.58,"corner":"NE","intersection_id":"TPS_00153","intersection_dist_m":19.1,"serves_from_bearing":14.6,"serves_to_bearing":284.6,"serves_quality":"good","lat":25.0532846,"lon":121.5178897,"confidence":"confirmed","source":"dieturn/yolo26s-obb_ep144@taipei_udd_ortho_2025","source_updated_at":"2026-09-05"},"geometry":{"type":"Polygon","coordinates":[[[121.5178955,25.0532585],[121.5179087,25.0533049],[121.517884,25.0533107],[121.5178708,25.0532643],[121.5178955,25.0532585]]]}},{"type":"Feature","id":"dt_wsqqwghb4","properties":{"id":"dt_wsqqwghb4","status":"auto","conf":0.8221,"n_detections":1,"heading_deg":17.0,"length_m":7.23,"width_m":3.06,"corner":"SW","intersection_id":"TPS_02056","intersection_dist_m":28.1,"serves_from_bearing":197.0,"serves_to_bearing":107.0,"serves_quality":"good","lat":25.0653103,"lon":121.5923097,"confidence":"confirmed","source":"dieturn/yolo26s-obb_ep144@taipei_udd_ortho_2025","source_updated_at":"2026-09-05"},"geometry":{"type":"Polygon","coordinates":[[[121.5923138,25.065275],[121.5923348,25.0653376],[121.5923057,25.0653456],[121.5922847,25.0652831],[121.5923138,25.065275]]]}},{"type":"Feature","id":"dt_wsqqmmprj","properties":{"id":"dt_wsqqmmprj","status":"auto","conf":0.8217,"n_detections":1,"heading_deg":89.5,"length_m":3.2,"width_m":2.45,"corner":"SW","intersection_id":"TPS_00315","intersection_dist_m":15.5,"serves_from_bearing":179.5,"serves_to_bearing":89.5,"serves_quality":"good","lat":25.0335877,"lon":121.5299579,"confidence":"confirmed","source":"dieturn/yolo26s-obb_ep144@taipei_udd_ortho_2025","source_updated_at":"2026-09-05"},"geometry":{"type":"Polygon","coordinates":[[[121.5299738,25.0335768],[121.5299736,25.0335989],[121.5299419,25.0335987],[121.5299422,25.0335765],[121.5299738,25.0335768]]]}},{"type":"Feature","id":"dt_wsqqt8seh","properties":{"id":"dt_wsqqt8seh","status":"auto","conf":0.8214,"n_detections":1,"heading_deg":2.6,"length_m":9.27,"width_m":3.36,"corner":"NE","intersection_id":"TPS_00624","intersection_dist_m":16.0,"serves_from_bearing":2.6,"serves_to_bearing":272.6,"serves_quality":"good","lat":25.0520911,"lon":121.5371431,"confidence":"confirmed","source":"dieturn/yolo26s-obb_ep144@taipei_udd_ortho_2025","source_updated_at":"2026-09-05"},"geometry":{"type":"Polygon","coordinates":[[[121.5371577,25.0520486],[121.5371619,25.0521323],[121.5371285,25.0521336],[121.5371243,25.05205],[121.5371577,25.0520486]]]}},{"type":"Feature","id":"dt_wsqqvs18t","properties":{"id":"dt_wsqqvs18t","status":"auto","conf":0.8213,"n_detections":1,"heading_deg":35.3,"length_m":4.66,"width_m":2.16,"corner":"SE","intersection_id":"TPS_00946","intersection_dist_m":15.5,"serves_from_bearing":35.3,"serves_to_bearing":305.3,"serves_quality":"good","lat":25.1148627,"lon":121.5330742,"confidence":"confirmed","source":"dieturn/yolo26s-obb_ep144@taipei_udd_ortho_2025","source_updated_at":"2026-09-05"},"geometry":{"type":"Polygon","coordinates":[[[121.5330696,25.1148399],[121.5330963,25.1148744],[121.5330787,25.1148855],[121.5330521,25.1148511],[121.5330696,25.1148399]]]}},{"type":"Feature","id":"dt_wsqqx3ytb","properties":{"id":"dt_wsqqx3ytb","status":"auto","conf":0.8212,"n_detections":1,"heading_deg":125.0,"length_m":3.29,"width_m":2.21,"corner":"NE","intersection_id":"TPS_00853","intersection_dist_m":13.8,"serves_from_bearing":305.0,"serves_to_bearing":215.0,"serves_quality":"ambiguous","lat":25.0594576,"lon":121.6166351,"confidence":"confirmed","source":"dieturn/yolo26s-obb_ep144@taipei_udd_ortho_2025","source_updated_at":"2026-09-05"},"geometry":{"type":"Polygon","coordinates":[[[121.6166421,25.059441],[121.6166548,25.0594573],[121.616628,25.0594743],[121.6166153,25.059458],[121.6166421,25.059441]]]}},{"type":"Feature","id":"dt_wsqqmne49","properties":{"id":"dt_wsqqmne49","status":"auto","conf":0.8207,"n_detections":1,"heading_deg":7.1,"length_m":9.4,"width_m":2.95,"corner":"SW","intersection_id":"TPS_02249","intersection_dist_m":9.6,"serves_from_bearing":187.1,"serves_to_bearing":97.1,"serves_quality":"good","lat":25.0410311,"lon":121.5129562,"confidence":"confirmed","source":"dieturn/yolo26s-obb_ep144@taipei_udd_ortho_2025","source_updated_at":"2026-09-05"},"geometry":{"type":"Polygon","coordinates":[[[121.5129649,25.0409872],[121.5129765,25.0410716],[121.5129474,25.0410749],[121.5129359,25.0409905],[121.5129649,25.0409872]]]}},{"type":"Feature","id":"dt_wsqqt29gs","properties":{"id":"dt_wsqqt29gs","status":"auto","conf":0.8197,"n_detections":1,"heading_deg":10.1,"length_m":5.79,"width_m":3.21,"corner":"SW","intersection_id":"TPS_00051","intersection_dist_m":20.9,"serves_from_bearing":190.1,"serves_to_bearing":100.1,"serves_quality":"good","lat":25.0522136,"lon":121.5223503,"confidence":"confirmed","source":"dieturn/yolo26s-obb_ep144@taipei_udd_ortho_2025","source_updated_at":"2026-09-05"},"geometry":{"type":"Polygon","coordinates":[[[121.522361,25.0521853],[121.522371,25.0522369],[121.5223397,25.0522418],[121.5223297,25.0521903],[121.522361,25.0521853]]]}},{"type":"Feature","id":"dt_wsqqktt2y","properties":{"id":"dt_wsqqktt2y","status":"auto","conf":0.8197,"n_detections":1,"heading_deg":120.9,"length_m":6.7,"width_m":2.58,"corner":"SW","intersection_id":"TPS_00159","intersection_dist_m":19.8,"serves_from_bearing":120.9,"serves_to_bearing":30.9,"serves_quality":"good","lat":25.0352455,"lon":121.4943066,"confidence":"confirmed","source":"dieturn/yolo26s-obb_ep144@taipei_udd_ortho_2025","source_updated_at":"2026-09-05"},"geometry":{"type":"Polygon","coordinates":[[[121.4943285,25.03522],[121.4943417,25.0352399],[121.4942847,25.0352711],[121.4942715,25.0352511],[121.4943285,25.03522]]]}},{"type":"Feature","id":"dt_wsqqwbq0e","properties":{"id":"dt_wsqqwbq0e","status":"auto","conf":0.8197,"n_detections":1,"heading_deg":75.7,"length_m":3.26,"width_m":2.32,"corner":"SE","intersection_id":"TPS_00844","intersection_dist_m":13.0,"serves_from_bearing":75.7,"serves_to_bearing":345.7,"serves_quality":"good","lat":25.0503219,"lon":121.5940853,"confidence":"confirmed","source":"dieturn/yolo26s-obb_ep144@taipei_udd_ortho_2025","source_updated_at":"2026-09-05"},"geometry":{"type":"Polygon","coordinates":[[[121.5941038,25.0503154],[121.5940981,25.0503356],[121.5940667,25.0503284],[121.5940726,25.0503081],[121.5941038,25.0503154]]]}},{"type":"Feature","id":"dt_wsqqkvjqk","properties":{"id":"dt_wsqqkvjqk","status":"auto","conf":0.8184,"n_detections":1,"heading_deg":36.7,"length_m":4.99,"width_m":2.2,"corner":"NW","intersection_id":"TPS_00916","intersection_dist_m":11.1,"serves_from_bearing":216.7,"serves_to_bearing":126.7,"serves_quality":"good","lat":25.0334373,"lon":121.5051889,"confidence":"confirmed","source":"dieturn/yolo26s-obb_ep144@taipei_udd_ortho_2025","source_updated_at":"2026-09-05"},"geometry":{"type":"Polygon","coordinates":[[[121.5051828,25.0334134],[121.5052124,25.0334495],[121.5051948,25.0334613],[121.5051653,25.0334251],[121.5051828,25.0334134]]]}},{"type":"Feature","id":"dt_wsqqv6hgw","properties":{"id":"dt_wsqqv6hgw","status":"auto","conf":0.8161,"n_detections":1,"heading_deg":75.3,"length_m":7.16,"width_m":2.69,"corner":"NW","intersection_id":"TPS_00955","intersection_dist_m":16.7,"serves_from_bearing":255.3,"serves_to_bearing":165.3,"serves_quality":"ambiguous","lat":25.1043944,"lon":121.5265807,"confidence":"confirmed","source":"dieturn/yolo26s-obb_ep144@taipei_udd_ortho_2025","source_updated_at":"2026-09-05"},"geometry":{"type":"Polygon","coordinates":[[[121.5266184,25.1043909],[121.5266116,25.1044144],[121.5265429,25.104398],[121.5265498,25.1043745],[121.5266184,25.1043909]]]}},{"type":"Feature","id":"dt_wsqqnmt6k","properties":{"id":"dt_wsqqnmt6k","status":"auto","conf":0.8158,"n_detections":1,"heading_deg":95.9,"length_m":6.58,"width_m":2.3,"corner":"SE","intersection_id":"TPS_00217","intersection_dist_m":14.5,"serves_from_bearing":95.9,"serves_to_bearing":5.9,"serves_quality":"good","lat":24.9915673,"lon":121.5711328,"confidence":"confirmed","source":"dieturn/yolo26s-obb_ep144@taipei_udd_ortho_2025","source_updated_at":"2026-09-05"},"geometry":{"type":"Polygon","coordinates":[[[121.5711641,24.9915539],[121.5711664,24.9915746],[121.5711015,24.9915807],[121.5710991,24.99156],[121.5711641,24.9915539]]]}},{"type":"Feature","id":"dt_wsqqnmmh1","properties":{"id":"dt_wsqqnmmh1","status":"auto","conf":0.8154,"n_detections":2,"heading_deg":54.0,"length_m":7.21,"width_m":3.09,"corner":"NW","intersection_id":"TPS_01157","intersection_dist_m":12.2,"serves_from_bearing":234.0,"serves_to_bearing":144.0,"serves_quality":"good","lat":24.990484,"lon":121.570645,"confidence":"confirmed","source":"dieturn/yolo26s-obb_ep144@taipei_udd_ortho_2025","source_updated_at":"2026-09-05"},"geometry":{"type":"Polygon","coordinates":[[[121.570683,24.9904919],[121.5706649,24.9905144],[121.570607,24.9904761],[121.5706252,24.9904536],[121.570683,24.9904919]]]}},{"type":"Feature","id":"dt_wsqqwtqms","properties":{"id":"dt_wsqqwtqms","status":"auto","conf":0.814,"n_detections":1,"heading_deg":90.2,"length_m":3.98,"width_m":2.12,"corner":"NW","intersection_id":"TPS_00833","intersection_dist_m":14.1,"serves_from_bearing":270.2,"serves_to_bearing":180.2,"serves_quality":"good","lat":25.0786389,"lon":121.5835035,"confidence":"confirmed","source":"dieturn/yolo26s-obb_ep144@taipei_udd_ortho_2025","source_updated_at":"2026-09-05"},"geometry":{"type":"Polygon","coordinates":[[[121.5835231,25.0786292],[121.5835233,25.0786484],[121.5834838,25.0786485],[121.5834838,25.0786294],[121.5835231,25.0786292]]]}},{"type":"Feature","id":"dt_wsqqm7vwn","properties":{"id":"dt_wsqqm7vwn","status":"auto","conf":0.813,"n_detections":1,"heading_deg":93.4,"length_m":9.05,"width_m":2.76,"corner":"SE","intersection_id":"TPS_01037","intersection_dist_m":16.9,"serves_from_bearing":93.4,"serves_to_bearing":3.4,"serves_quality":"good","lat":25.0265218,"lon":121.5276203,"confidence":"confirmed","source":"dieturn/yolo26s-obb_ep144@taipei_udd_ortho_2025","source_updated_at":"2026-09-05"},"geometry":{"type":"Polygon","coordinates":[[[121.5276642,25.026507],[121.5276659,25.0265319],[121.5275763,25.0265367],[121.5275747,25.0265118],[121.5276642,25.026507]]]}},{"type":"Feature","id":"dt_wsqqmysuy","properties":{"id":"dt_wsqqmysuy","status":"auto","conf":0.8121,"n_detections":2,"heading_deg":3.7,"length_m":8.72,"width_m":3.23,"corner":"SE","intersection_id":"TPS_02508","intersection_dist_m":17.4,"serves_from_bearing":93.7,"serves_to_bearing":3.7,"serves_quality":"good","lat":25.041441,"lon":121.5485435,"confidence":"confirmed","source":"dieturn/yolo26s-obb_ep144@taipei_udd_ortho_2025","source_updated_at":"2026-09-05"},"geometry":{"type":"Polygon","coordinates":[[[121.5485567,25.0414007],[121.5485623,25.0414793],[121.5485303,25.0414812],[121.5485248,25.0414025],[121.5485567,25.0414007]]]}},{"type":"Feature","id":"dt_wsqqmmdpt","properties":{"id":"dt_wsqqmmdpt","status":"auto","conf":0.8107,"n_detections":1,"heading_deg":113.7,"length_m":5.83,"width_m":2.42,"corner":"NE","intersection_id":"TPS_00374","intersection_dist_m":17.9,"serves_from_bearing":293.7,"serves_to_bearing":203.7,"serves_quality":"good","lat":25.0363993,"lon":121.5227689,"confidence":"confirmed","source":"dieturn/yolo26s-obb_ep144@taipei_udd_ortho_2025","source_updated_at":"2026-09-05"},"geometry":{"type":"Polygon","coordinates":[[[121.5227904,25.0363787],[121.5228002,25.0363987],[121.5227473,25.0364199],[121.5227376,25.0363999],[121.5227904,25.0363787]]]}},{"type":"Feature","id":"dt_wsqqqjcyq","properties":{"id":"dt_wsqqqjcyq","status":"auto","conf":0.8103,"n_detections":1,"heading_deg":174.6,"length_m":8.0,"width_m":3.42,"corner":"SW","intersection_id":"TPS_00127","intersection_dist_m":19.8,"serves_from_bearing":174.6,"serves_to_bearing":84.6,"serves_quality":"good","lat":25.0375525,"lon":121.5554132,"confidence":"confirmed","source":"dieturn/yolo26s-obb_ep144@taipei_udd_ortho_2025","source_updated_at":"2026-09-05"},"geometry":{"type":"Polygon","coordinates":[[[121.5554338,25.0375179],[121.5554264,25.03759],[121.5553926,25.0375871],[121.5554001,25.0375151],[121.5554338,25.0375179]]]}},{"type":"Feature","id":"dt_wsqqmrge7","properties":{"id":"dt_wsqqmrge7","status":"auto","conf":0.8097,"n_detections":1,"heading_deg":10.5,"length_m":3.37,"width_m":1.95,"corner":"NE","intersection_id":"TPS_00728","intersection_dist_m":41.7,"serves_from_bearing":10.5,"serves_to_bearing":280.5,"serves_quality":"good","lat":25.048033,"lon":121.5247444,"confidence":"confirmed","source":"dieturn/yolo26s-obb_ep144@taipei_udd_ortho_2025","source_updated_at":"2026-09-05"},"geometry":{"type":"Polygon","coordinates":[[[121.5247508,25.0480164],[121.5247569,25.0480463],[121.5247379,25.0480496],[121.5247318,25.0480196],[121.5247508,25.0480164]]]}},{"type":"Feature","id":"dt_wsqqw43kc","properties":{"id":"dt_wsqqw43kc","status":"auto","conf":0.8096,"n_detections":1,"heading_deg":83.2,"length_m":4.3,"width_m":2.24,"corner":"NW","intersection_id":"TPS_00079","intersection_dist_m":13.9,"serves_from_bearing":263.2,"serves_to_bearing":173.2,"serves_quality":"good","lat":25.0620373,"lon":121.5545236,"confidence":"confirmed","source":"dieturn/yolo26s-obb_ep144@taipei_udd_ortho_2025","source_updated_at":"2026-09-05"},"geometry":{"type":"Polygon","coordinates":[[[121.5545461,25.0620296],[121.5545435,25.0620497],[121.5545011,25.0620451],[121.5545038,25.062025],[121.5545461,25.0620296]]]}},{"type":"Feature","id":"dt_wsqqksq3v","properties":{"id":"dt_wsqqksq3v","status":"auto","conf":0.8096,"n_detections":1,"heading_deg":108.7,"length_m":4.58,"width_m":2.86,"corner":"SW","intersection_id":"TPS_00185","intersection_dist_m":18.1,"serves_from_bearing":108.7,"serves_to_bearing":18.7,"serves_quality":"good","lat":25.0285545,"lon":121.4956249,"confidence":"confirmed","source":"dieturn/yolo26s-obb_ep144@taipei_udd_ortho_2025","source_updated_at":"2026-09-05"},"geometry":{"type":"Polygon","coordinates":[[[121.4956417,25.0285356],[121.495651,25.02856],[121.4956079,25.0285733],[121.4955988,25.028549],[121.4956417,25.0285356]]]}},{"type":"Feature","id":"dt_wsqqqq86g","properties":{"id":"dt_wsqqqq86g","status":"auto","conf":0.809,"n_detections":1,"heading_deg":28.7,"length_m":7.13,"width_m":2.45,"corner":"SW","intersection_id":"TPS_00129","intersection_dist_m":28.1,"serves_from_bearing":208.7,"serves_to_bearing":118.7,"serves_quality":"good","lat":25.0410914,"lon":121.5642186,"confidence":"confirmed","source":"dieturn/yolo26s-obb_ep144@taipei_udd_ortho_2025","source_updated_at":"2026-09-05"},"geometry":{"type":"Polygon","coordinates":[[[121.5642124,25.0410578],[121.5642463,25.0411145],[121.5642249,25.041125],[121.564191,25.0410684],[121.5642124,25.0410578]]]}},{"type":"Feature","id":"dt_wsqqmre46","properties":{"id":"dt_wsqqmre46","status":"auto","conf":0.8087,"n_detections":1,"heading_deg":11.2,"length_m":3.59,"width_m":2.67,"corner":"NE","intersection_id":"TPS_00114","intersection_dist_m":26.4,"serves_from_bearing":11.2,"serves_to_bearing":281.2,"serves_quality":"good","lat":25.0464849,"lon":121.5240068,"confidence":"confirmed","source":"dieturn/yolo26s-obb_ep144@taipei_udd_ortho_2025","source_updated_at":"2026-09-05"},"geometry":{"type":"Polygon","coordinates":[[[121.5240163,25.0464667],[121.5240232,25.0464986],[121.5239973,25.0465032],[121.5239904,25.0464713],[121.5240163,25.0464667]]]}},{"type":"Feature","id":"dt_wsqqt89d2","properties":{"id":"dt_wsqqt89d2","status":"auto","conf":0.8086,"n_detections":1,"heading_deg":3.8,"length_m":7.18,"width_m":2.43,"corner":"SW","intersection_id":"TPS_00136","intersection_dist_m":17.5,"serves_from_bearing":183.8,"serves_to_bearing":93.8,"serves_quality":"good","lat":25.0519635,"lon":121.5328495,"confidence":"confirmed","source":"dieturn/yolo26s-obb_ep144@taipei_udd_ortho_2025","source_updated_at":"2026-09-05"},"geometry":{"type":"Polygon","coordinates":[[[121.5328591,25.0519304],[121.5328638,25.0519952],[121.5328398,25.0519966],[121.5328351,25.0519318],[121.5328591,25.0519304]]]}},{"type":"Feature","id":"dt_wsqqv1dez","properties":{"id":"dt_wsqqv1dez","status":"auto","conf":0.808,"n_detections":1,"heading_deg":174.1,"length_m":6.3,"width_m":4.16,"corner":"NE","intersection_id":"TPS_00402","intersection_dist_m":25.9,"serves_from_bearing":354.1,"serves_to_bearing":264.1,"serves_quality":"good","lat":25.1016647,"lon":121.5125289,"confidence":"confirmed","source":"dieturn/yolo26s-obb_ep144@taipei_udd_ortho_2025","source_updated_at":"2026-09-05"},"geometry":{"type":"Polygon","coordinates":[[[121.5125527,25.1016383],[121.5125462,25.1016949],[121.5125052,25.1016911],[121.5125116,25.1016345],[121.5125527,25.1016383]]]}},{"type":"Feature","id":"dt_wsqqtj4ku","properties":{"id":"dt_wsqqtj4ku","status":"auto","conf":0.807,"n_detections":1,"heading_deg":172.8,"length_m":2.06,"width_m":1.37,"corner":"NW","intersection_id":"TPS_01471","intersection_dist_m":8.9,"serves_from_bearing":262.8,"serves_to_bearing":172.8,"serves_quality":"ambiguous","lat":25.0771303,"lon":121.5120836,"confidence":"confirmed","source":"dieturn/yolo26s-obb_ep144@taipei_udd_ortho_2025","source_updated_at":"2026-09-05"},"geometry":{"type":"Polygon","coordinates":[[[121.5120917,25.0771219],[121.5120891,25.0771403],[121.5120756,25.0771388],[121.5120782,25.0771203],[121.5120917,25.0771219]]]}},{"type":"Feature","id":"dt_wsqqqq0pb","properties":{"id":"dt_wsqqqq0pb","status":"auto","conf":0.8054,"n_detections":1,"heading_deg":175.1,"length_m":4.96,"width_m":3.17,"corner":"NE","intersection_id":"TPS_02412","intersection_dist_m":15.5,"serves_from_bearing":355.1,"serves_to_bearing":265.1,"serves_quality":"good","lat":25.0391857,"lon":121.5637602,"confidence":"confirmed","source":"dieturn/yolo26s-obb_ep144@taipei_udd_ortho_2025","source_updated_at":"2026-09-05"},"geometry":{"type":"Polygon","coordinates":[[[121.5637779,25.0391646],[121.5637737,25.0392093],[121.5637424,25.0392068],[121.5637466,25.0391622],[121.5637779,25.0391646]]]}},{"type":"Feature","id":"dt_wsqqt4s32","properties":{"id":"dt_wsqqt4s32","status":"auto","conf":0.8051,"n_detections":1,"heading_deg":91.8,"length_m":9.26,"width_m":4.68,"corner":"SW","intersection_id":"TPS_00780","intersection_dist_m":25.0,"serves_from_bearing":181.8,"serves_to_bearing":91.8,"serves_quality":"good","lat":25.0627781,"lon":121.5146523,"confidence":"confirmed","source":"dieturn/yolo26s-obb_ep144@taipei_udd_ortho_2025","source_updated_at":"2026-09-05"},"geometry":{"type":"Polygon","coordinates":[[[121.5146975,25.0627556],[121.514699,25.0627979],[121.5146072,25.0628005],[121.5146057,25.0627582],[121.5146975,25.0627556]]]}},{"type":"Feature","id":"dt_wsqqm5mf3","properties":{"id":"dt_wsqqm5mf3","status":"auto","conf":0.8037,"n_detections":1,"heading_deg":178.4,"length_m":3.56,"width_m":1.57,"corner":"NW","intersection_id":"TPS_01049","intersection_dist_m":13.3,"serves_from_bearing":268.4,"serves_to_bearing":178.4,"serves_quality":"good","lat":25.023146,"lon":121.5167332,"confidence":"confirmed","source":"dieturn/yolo26s-obb_ep144@taipei_udd_ortho_2025","source_updated_at":"2026-09-05"},"geometry":{"type":"Polygon","coordinates":[[[121.5167415,25.0231301],[121.5167405,25.0231622],[121.5167249,25.0231618],[121.5167259,25.0231297],[121.5167415,25.0231301]]]}},{"type":"Feature","id":"dt_wsqqqj57g","properties":{"id":"dt_wsqqqj57g","status":"auto","conf":0.8033,"n_detections":1,"heading_deg":1.8,"length_m":7.52,"width_m":3.35,"corner":"SW","intersection_id":"TPS_00040","intersection_dist_m":17.1,"serves_from_bearing":181.8,"serves_to_bearing":91.8,"serves_quality":"good","lat":25.0330125,"lon":121.5573424,"confidence":"confirmed","source":"dieturn/yolo26s-obb_ep144@taipei_udd_ortho_2025","source_updated_at":"2026-09-05"},"geometry":{"type":"Polygon","coordinates":[[[121.5573579,25.032978],[121.5573602,25.033046],[121.557327,25.033047],[121.5573247,25.0329789],[121.5573579,25.032978]]]}},{"type":"Feature","id":"dt_wsqqw25bb","properties":{"id":"dt_wsqqw25bb","status":"auto","conf":0.8019,"n_detections":1,"heading_deg":23.0,"length_m":9.21,"width_m":2.58,"corner":"NE","intersection_id":"TPS_02464","intersection_dist_m":10.5,"serves_from_bearing":23.0,"serves_to_bearing":293.0,"serves_quality":"good","lat":25.0489875,"lon":121.5688839,"confidence":"confirmed","source":"dieturn/yolo26s-obb_ep144@taipei_udd_ortho_2025","source_updated_at":"2026-09-05"},"geometry":{"type":"Polygon","coordinates":[[[121.5688779,25.0489446],[121.5689135,25.0490213],[121.5688899,25.0490304],[121.5688543,25.0489536],[121.5688779,25.0489446]]]}},{"type":"Feature","id":"dt_wsqqt29uy","properties":{"id":"dt_wsqqt29uy","status":"auto","conf":0.8014,"n_detections":1,"heading_deg":94.3,"length_m":6.92,"width_m":3.13,"corner":"NW","intersection_id":"TPS_00051","intersection_dist_m":20.0,"serves_from_bearing":274.3,"serves_to_bearing":184.3,"serves_quality":"good","lat":25.0524009,"lon":121.5224418,"confidence":"confirmed","source":"dieturn/yolo26s-obb_ep144@taipei_udd_ortho_2025","source_updated_at":"2026-09-05"},"geometry":{"type":"Polygon","coordinates":[[[121.5224748,25.0523844],[121.5224772,25.0524126],[121.5224088,25.0524173],[121.5224064,25.0523891],[121.5224748,25.0523844]]]}},{"type":"Feature","id":"dt_wsqqqp79p","properties":{"id":"dt_wsqqqp79p","status":"auto","conf":0.8005,"n_detections":1,"heading_deg":86.6,"length_m":9.51,"width_m":2.61,"corner":"SE","intersection_id":"TPS_00041","intersection_dist_m":24.5,"serves_from_bearing":86.6,"serves_to_bearing":356.6,"serves_quality":"good","lat":25.0449058,"lon":121.5578417,"confidence":"confirmed","source":"dieturn/yolo26s-obb_ep144@taipei_udd_ortho_2025","source_updated_at":"2026-09-05"},"geometry":{"type":"Polygon","coordinates":[[[121.5578895,25.0448965],[121.557888,25.0449201],[121.5577938,25.044915],[121.5577954,25.0448914],[121.5578895,25.0448965]]]}},{"type":"Feature","id":"dt_wsqqktyd3","properties":{"id":"dt_wsqqktyd3","status":"auto","conf":0.8001,"n_detections":1,"heading_deg":38.4,"length_m":6.17,"width_m":2.33,"corner":"SE","intersection_id":"TPS_00930","intersection_dist_m":12.8,"serves_from_bearing":38.4,"serves_to_bearing":308.4,"serves_quality":"ambiguous","lat":25.0368669,"lon":121.4958029,"confidence":"confirmed","source":"dieturn/yolo26s-obb_ep144@taipei_udd_ortho_2025","source_updated_at":"2026-09-05"},"geometry":{"type":"Polygon","coordinates":[[[121.495793,25.0368385],[121.495831,25.0368822],[121.4958127,25.0368952],[121.4957748,25.0368516],[121.495793,25.0368385]]]}},{"type":"Feature","id":"dt_wsqqt2xd0","properties":{"id":"dt_wsqqt2xd0","status":"review","conf":0.7999,"n_detections":1,"heading_deg":88.0,"length_m":8.14,"width_m":2.25,"corner":"SE","intersection_id":"TPS_00665","intersection_dist_m":15.3,"serves_from_bearing":88.0,"serves_to_bearing":358.0,"serves_quality":"good","lat":25.0519215,"lon":121.530117,"confidence":"probable","source":"dieturn/yolo26s-obb_ep144@taipei_udd_ortho_2025","source_updated_at":"2026-09-05"},"geometry":{"type":"Polygon","coordinates":[[[121.5301578,25.0519127],[121.5301569,25.051933],[121.5300763,25.0519304],[121.5300771,25.05191],[121.5301578,25.0519127]]]}},{"type":"Feature","id":"dt_wsqqmgxb2","properties":{"id":"dt_wsqqmgxb2","status":"review","conf":0.7982,"n_detections":1,"heading_deg":139.3,"length_m":7.09,"width_m":4.38,"corner":"SW","intersection_id":"TPS_00001","intersection_dist_m":18.8,"serves_from_bearing":139.3,"serves_to_bearing":49.3,"serves_quality":"good","lat":25.0241889,"lon":121.5524307,"confidence":"probable","source":"dieturn/yolo26s-obb_ep144@taipei_udd_ortho_2025","source_updated_at":"2026-09-05"},"geometry":{"type":"Polygon","coordinates":[[[121.5524702,25.0241774],[121.5524243,25.024226],[121.5523913,25.0242003],[121.5524371,25.0241517],[121.5524702,25.0241774]]]}},{"type":"Feature","id":"dt_wsqqn7cnu","properties":{"id":"dt_wsqqn7cnu","status":"review","conf":0.7982,"n_detections":1,"heading_deg":71.7,"length_m":2.76,"width_m":1.66,"corner":"SW","intersection_id":"TPS_00033","intersection_dist_m":28.9,"serves_from_bearing":161.7,"serves_to_bearing":71.7,"serves_quality":"good","lat":24.9827175,"lon":121.5652891,"confidence":"probable","source":"dieturn/yolo26s-obb_ep144@taipei_udd_ortho_2025","source_updated_at":"2026-09-05"},"geometry":{"type":"Polygon","coordinates":[[[121.5653047,24.9827143],[121.5652995,24.9827285],[121.5652735,24.9827207],[121.5652787,24.9827064],[121.5653047,24.9827143]]]}},{"type":"Feature","id":"dt_wsqquyuyr","properties":{"id":"dt_wsqquyuyr","status":"review","conf":0.7977,"n_detections":1,"heading_deg":5.1,"length_m":5.47,"width_m":2.62,"corner":"SE","intersection_id":"TPS_02087","intersection_dist_m":18.1,"serves_from_bearing":95.1,"serves_to_bearing":5.1,"serves_quality":"good","lat":25.1309464,"lon":121.5046636,"confidence":"probable","source":"dieturn/yolo26s-obb_ep144@taipei_udd_ortho_2025","source_updated_at":"2026-09-05"},"geometry":{"type":"Polygon","coordinates":[[[121.5046741,25.1309207],[121.5046789,25.13097],[121.504653,25.1309721],[121.5046482,25.1309228],[121.5046741,25.1309207]]]}},{"type":"Feature","id":"dt_wsqqt3dm7","properties":{"id":"dt_wsqqt3dm7","status":"review","conf":0.7974,"n_detections":1,"heading_deg":1.3,"length_m":6.63,"width_m":2.81,"corner":"NE","intersection_id":"TPS_00143","intersection_dist_m":23.2,"serves_from_bearing":1.3,"serves_to_bearing":271.3,"serves_quality":"good","lat":25.0580049,"lon":121.5230267,"confidence":"probable","source":"dieturn/yolo26s-obb_ep144@taipei_udd_ortho_2025","source_updated_at":"2026-09-05"},"geometry":{"type":"Polygon","coordinates":[[[121.5230399,25.0579746],[121.5230414,25.0580346],[121.5230136,25.0580352],[121.523012,25.0579752],[121.5230399,25.0579746]]]}},{"type":"Feature","id":"dt_wsqqt6t9m","properties":{"id":"dt_wsqqt6t9m","status":"review","conf":0.7973,"n_detections":2,"heading_deg":89.7,"length_m":10.2,"width_m":2.85,"corner":"NW","intersection_id":"TPS_00045","intersection_dist_m":18.3,"serves_from_bearing":269.7,"serves_to_bearing":179.7,"serves_quality":"good","lat":25.0627891,"lon":121.527562,"confidence":"probable","source":"dieturn/yolo26s-obb_ep144@taipei_udd_ortho_2025","source_updated_at":"2026-09-05"},"geometry":{"type":"Polygon","coordinates":[[[121.5276126,25.0627764],[121.5276125,25.0628022],[121.5275114,25.0628018],[121.5275115,25.062776],[121.5276126,25.0627764]]]}},{"type":"Feature","id":"dt_wsqqtes01","properties":{"id":"dt_wsqqtes01","status":"review","conf":0.7965,"n_detections":1,"heading_deg":84.4,"length_m":7.64,"width_m":3.33,"corner":"SE","intersection_id":"TPS_01221","intersection_dist_m":14.2,"serves_from_bearing":84.4,"serves_to_bearing":354.4,"serves_quality":"good","lat":25.0680588,"lon":121.5363264,"confidence":"probable","source":"dieturn/yolo26s-obb_ep144@taipei_udd_ortho_2025","source_updated_at":"2026-09-05"},"geometry":{"type":"Polygon","coordinates":[[[121.5363658,25.0680473],[121.5363625,25.0680772],[121.5362871,25.0680704],[121.5362904,25.0680405],[121.5363658,25.0680473]]]}},{"type":"Feature","id":"dt_wsqqmrdbv","properties":{"id":"dt_wsqqmrdbv","status":"review","conf":0.7964,"n_detections":1,"heading_deg":100.1,"length_m":6.95,"width_m":2.25,"corner":"SE","intersection_id":"TPS_00114","intersection_dist_m":10.3,"serves_from_bearing":100.1,"serves_to_bearing":10.1,"serves_quality":"good","lat":25.0462466,"lon":121.5238086,"confidence":"probable","source":"dieturn/yolo26s-obb_ep144@taipei_udd_ortho_2025","source_updated_at":"2026-09-05"},"geometry":{"type":"Polygon","coordinates":[[[121.5238405,25.0462311],[121.5238444,25.0462511],[121.5237766,25.0462621],[121.5237727,25.0462422],[121.5238405,25.0462311]]]}},{"type":"Feature","id":"dt_wsqqks7db","properties":{"id":"dt_wsqqks7db","status":"review","conf":0.7956,"n_detections":1,"heading_deg":134.6,"length_m":8.46,"width_m":2.53,"corner":"NW","intersection_id":"TPS_00349","intersection_dist_m":20.5,"serves_from_bearing":224.6,"serves_to_bearing":134.6,"serves_quality":"good","lat":25.0287076,"lon":121.4916632,"confidence":"probable","source":"dieturn/yolo26s-obb_ep144@taipei_udd_ortho_2025","source_updated_at":"2026-09-05"},"geometry":{"type":"Polygon","coordinates":[[[121.4917019,25.0286888],[121.4916422,25.0287425],[121.4916245,25.0287264],[121.4916842,25.0286727],[121.4917019,25.0286888]]]}},{"type":"Feature","id":"dt_wsqqv4msg","properties":{"id":"dt_wsqqv4msg","status":"review","conf":0.7943,"n_detections":2,"heading_deg":131.4,"length_m":3.65,"width_m":2.56,"corner":"SW","intersection_id":"TPS_01084","intersection_dist_m":21.9,"serves_from_bearing":131.4,"serves_to_bearing":41.4,"serves_quality":"good","lat":25.1059689,"lon":121.5165124,"confidence":"probable","source":"dieturn/yolo26s-obb_ep144@taipei_udd_ortho_2025","source_updated_at":"2026-09-05"},"geometry":{"type":"Polygon","coordinates":[[[121.5165344,25.1059666],[121.5165073,25.1059884],[121.5164904,25.1059712],[121.5165175,25.1059494],[121.5165344,25.1059666]]]}},{"type":"Feature","id":"dt_wsqqtuqce","properties":{"id":"dt_wsqqtuqce","status":"review","conf":0.7937,"n_detections":1,"heading_deg":76.0,"length_m":5.38,"width_m":2.33,"corner":"NW","intersection_id":"TPS_00057","intersection_dist_m":27.8,"serves_from_bearing":256.0,"serves_to_bearing":166.0,"serves_quality":"good","lat":25.0724523,"lon":121.5511747,"confidence":"probable","source":"dieturn/yolo26s-obb_ep144@taipei_udd_ortho_2025","source_updated_at":"2026-09-05"},"geometry":{"type":"Polygon","coordinates":[[[121.5512034,25.072448],[121.5511977,25.0724684],[121.551146,25.0724566],[121.5511516,25.0724362],[121.5512034,25.072448]]]}},{"type":"Feature","id":"dt_wsqqtdkwn","properties":{"id":"dt_wsqqtdkwn","status":"review","conf":0.7921,"n_detections":1,"heading_deg":87.3,"length_m":6.09,"width_m":2.74,"corner":"SW","intersection_id":"TPS_00611","intersection_dist_m":15.6,"serves_from_bearing":177.3,"serves_to_bearing":87.3,"serves_quality":"good","lat":25.0622462,"lon":121.5372235,"confidence":"probable","source":"dieturn/yolo26s-obb_ep144@taipei_udd_ortho_2025","source_updated_at":"2026-09-05"},"geometry":{"type":"Polygon","coordinates":[[[121.5372543,25.0622351],[121.5372531,25.0622598],[121.5371927,25.0622572],[121.537194,25.0622325],[121.5372543,25.0622351]]]}},{"type":"Feature","id":"dt_wsqqt13zp","properties":{"id":"dt_wsqqt13zp","status":"review","conf":0.7899,"n_detections":1,"heading_deg":173.0,"length_m":3.2,"width_m":2.3,"corner":"SW","intersection_id":"TPS_01584","intersection_dist_m":8.2,"serves_from_bearing":173.0,"serves_to_bearing":83.0,"serves_quality":"ambiguous","lat":25.0569144,"lon":121.5115056,"confidence":"probable","source":"dieturn/yolo26s-obb_ep144@taipei_udd_ortho_2025","source_updated_at":"2026-09-05"},"geometry":{"type":"Polygon","coordinates":[[[121.5115189,25.0569013],[121.511515,25.05693],[121.5114924,25.0569275],[121.5114963,25.0568987],[121.5115189,25.0569013]]]}},{"type":"Feature","id":"dt_wsqqmzc90","properties":{"id":"dt_wsqqmzc90","status":"review","conf":0.7873,"n_detections":3,"heading_deg":74.4,"length_m":4.82,"width_m":2.65,"corner":"SW","intersection_id":"TPS_02536","intersection_dist_m":14.7,"serves_from_bearing":164.4,"serves_to_bearing":74.4,"serves_quality":"good","lat":25.0476333,"lon":121.5438365,"confidence":"probable","source":"dieturn/yolo26s-obb_ep144@taipei_udd_ortho_2025","source_updated_at":"2026-09-05"},"geometry":{"type":"Polygon","coordinates":[[[121.5438631,25.0476277],[121.5438559,25.0476508],[121.5438099,25.047639],[121.543817,25.0476159],[121.5438631,25.0476277]]]}},{"type":"Feature","id":"dt_wsqqqh0x7","properties":{"id":"dt_wsqqqh0x7","status":"review","conf":0.7862,"n_detections":1,"heading_deg":12.2,"length_m":1.66,"width_m":1.18,"corner":"NW","intersection_id":"TPS_02187","intersection_dist_m":8.4,"serves_from_bearing":282.2,"serves_to_bearing":192.2,"serves_quality":"good","lat":25.0281287,"lon":121.5535635,"confidence":"probable","source":"dieturn/yolo26s-obb_ep144@taipei_udd_ortho_2025","source_updated_at":"2026-09-05"},"geometry":{"type":"Polygon","coordinates":[[[121.5535675,25.0281202],[121.553571,25.0281349],[121.5535595,25.0281371],[121.5535559,25.0281224],[121.5535675,25.0281202]]]}},{"type":"Feature","id":"dt_wsqqx2w40","properties":{"id":"dt_wsqqx2w40","status":"review","conf":0.7851,"n_detections":1,"heading_deg":15.3,"length_m":3.44,"width_m":1.7,"corner":"SW","intersection_id":"TPS_00862","intersection_dist_m":14.6,"serves_from_bearing":195.3,"serves_to_bearing":105.3,"serves_quality":"good","lat":25.0519383,"lon":121.6159425,"confidence":"probable","source":"dieturn/yolo26s-obb_ep144@taipei_udd_ortho_2025","source_updated_at":"2026-09-05"},"geometry":{"type":"Polygon","coordinates":[[[121.6159461,25.0519213],[121.6159551,25.0519513],[121.6159389,25.0519554],[121.6159298,25.0519253],[121.6159461,25.0519213]]]}},{"type":"Feature","id":"dt_wsqqqjn71","properties":{"id":"dt_wsqqqjn71","status":"review","conf":0.7808,"n_detections":1,"heading_deg":89.6,"length_m":3.5,"width_m":2.7,"corner":"SE","intersection_id":"TPS_00043","intersection_dist_m":14.0,"serves_from_bearing":89.6,"serves_to_bearing":359.6,"serves_quality":"good","lat":25.0328664,"lon":121.5613957,"confidence":"probable","source":"dieturn/yolo26s-obb_ep144@taipei_udd_ortho_2025","source_updated_at":"2026-09-05"},"geometry":{"type":"Polygon","coordinates":[[[121.5614132,25.0328544],[121.561413,25.0328788],[121.5613783,25.0328785],[121.5613785,25.0328541],[121.5614132,25.0328544]]]}},{"type":"Feature","id":"dt_wsqqmy9md","properties":{"id":"dt_wsqqmy9md","status":"review","conf":0.7808,"n_detections":1,"heading_deg":5.6,"length_m":9.23,"width_m":5.18,"corner":"SW","intersection_id":"TPS_00105","intersection_dist_m":24.1,"serves_from_bearing":185.6,"serves_to_bearing":95.6,"serves_quality":"good","lat":25.0415476,"lon":121.5435514,"confidence":"probable","source":"dieturn/yolo26s-obb_ep144@taipei_udd_ortho_2025","source_updated_at":"2026-09-05"},"geometry":{"type":"Polygon","coordinates":[[[121.5435725,25.0415038],[121.5435814,25.0415869],[121.5435303,25.0415914],[121.5435214,25.0415083],[121.5435725,25.0415038]]]}},{"type":"Feature","id":"dt_wsqqt7d1g","properties":{"id":"dt_wsqqt7d1g","status":"review","conf":0.7804,"n_detections":1,"heading_deg":179.3,"length_m":5.9,"width_m":4.26,"corner":"SW","intersection_id":"TPS_00044","intersection_dist_m":20.4,"serves_from_bearing":179.3,"serves_to_bearing":89.3,"serves_quality":"good","lat":25.068392,"lon":121.5226672,"confidence":"probable","source":"dieturn/yolo26s-obb_ep144@taipei_udd_ortho_2025","source_updated_at":"2026-09-05"},"geometry":{"type":"Polygon","coordinates":[[[121.5226887,25.0683656],[121.522688,25.0684189],[121.5226458,25.0684185],[121.5226464,25.0683652],[121.5226887,25.0683656]]]}},{"type":"Feature","id":"dt_wsqqmrzkd","properties":{"id":"dt_wsqqmrzkd","status":"review","conf":0.7795,"n_detections":2,"heading_deg":55.9,"length_m":6.39,"width_m":2.38,"corner":"NW","intersection_id":"TPS_01507","intersection_dist_m":37.2,"serves_from_bearing":235.9,"serves_to_bearing":145.9,"serves_quality":"good","lat":25.048263,"lon":121.5298333,"confidence":"probable","source":"dieturn/yolo26s-obb_ep144@taipei_udd_ortho_2025","source_updated_at":"2026-09-05"},"geometry":{"type":"Polygon","coordinates":[[[121.5298662,25.0482704],[121.5298529,25.0482881],[121.5298004,25.0482557],[121.5298138,25.048238],[121.5298662,25.0482704]]]}},{"type":"Feature","id":"dt_wsqqwjdtt","properties":{"id":"dt_wsqqwjdtt","status":"review","conf":0.7765,"n_detections":1,"heading_deg":2.1,"length_m":8.39,"width_m":2.88,"corner":"NE","intersection_id":"TPS_00171","intersection_dist_m":11.0,"serves_from_bearing":2.1,"serves_to_bearing":272.1,"serves_quality":"good","lat":25.079997,"lon":121.5564216,"confidence":"probable","source":"dieturn/yolo26s-obb_ep144@taipei_udd_ortho_2025","source_updated_at":"2026-09-05"},"geometry":{"type":"Polygon","coordinates":[[[121.5564344,25.0799586],[121.5564374,25.0800344],[121.5564089,25.0800353],[121.5564058,25.0799595],[121.5564344,25.0799586]]]}},{"type":"Feature","id":"dt_wsqqwsbpv","properties":{"id":"dt_wsqqwsbpv","status":"review","conf":0.7751,"n_detections":1,"heading_deg":117.8,"length_m":5.37,"width_m":2.67,"corner":"SE","intersection_id":"TPS_00995","intersection_dist_m":9.4,"serves_from_bearing":117.8,"serves_to_bearing":27.8,"serves_quality":"good","lat":25.076274,"lon":121.5749501,"confidence":"probable","source":"dieturn/yolo26s-obb_ep144@taipei_udd_ortho_2025","source_updated_at":"2026-09-05"},"geometry":{"type":"Polygon","coordinates":[[[121.5749674,25.076252],[121.5749799,25.0762733],[121.5749327,25.076296],[121.5749203,25.0762747],[121.5749674,25.076252]]]}},{"type":"Feature","id":"dt_wsqqt7meq","properties":{"id":"dt_wsqqt7meq","status":"review","conf":0.7747,"n_detections":1,"heading_deg":83.8,"length_m":3.09,"width_m":1.66,"corner":"NW","intersection_id":"TPS_02258","intersection_dist_m":30.7,"serves_from_bearing":353.8,"serves_to_bearing":263.8,"serves_quality":"ambiguous","lat":25.0672476,"lon":121.5276246,"confidence":"probable","source":"dieturn/yolo26s-obb_ep144@taipei_udd_ortho_2025","source_updated_at":"2026-09-05"},"geometry":{"type":"Polygon","coordinates":[[[121.5276408,25.0672417],[121.527639,25.0672566],[121.5276085,25.0672535],[121.5276103,25.0672386],[121.5276408,25.0672417]]]}},{"type":"Feature","id":"dt_wsqqqh0w7","properties":{"id":"dt_wsqqqh0w7","status":"review","conf":0.7746,"n_detections":1,"heading_deg":16.6,"length_m":7.61,"width_m":2.9,"corner":"SW","intersection_id":"TPS_02187","intersection_dist_m":14.7,"serves_from_bearing":106.6,"serves_to_bearing":16.6,"serves_quality":"ambiguous","lat":25.0279533,"lon":121.5535917,"confidence":"probable","source":"dieturn/yolo26s-obb_ep144@taipei_udd_ortho_2025","source_updated_at":"2026-09-05"},"geometry":{"type":"Polygon","coordinates":[[[121.5535947,25.0279166],[121.5536163,25.0279826],[121.5535887,25.02799],[121.5535671,25.027924],[121.5535947,25.0279166]]]}},{"type":"Feature","id":"dt_wsqqmgw38","properties":{"id":"dt_wsqqmgw38","status":"review","conf":0.7733,"n_detections":1,"heading_deg":89.9,"length_m":7.07,"width_m":2.34,"corner":"SE","intersection_id":"TPS_00309","intersection_dist_m":14.2,"serves_from_bearing":89.9,"serves_to_bearing":359.9,"serves_quality":"ambiguous","lat":25.0243811,"lon":121.5503325,"confidence":"probable","source":"dieturn/yolo26s-obb_ep144@taipei_udd_ortho_2025","source_updated_at":"2026-09-05"},"geometry":{"type":"Polygon","coordinates":[[[121.5503675,25.0243706],[121.5503675,25.0243918],[121.5502974,25.0243917],[121.5502974,25.0243705],[121.5503675,25.0243706]]]}},{"type":"Feature","id":"dt_wsqqtq7sg","properties":{"id":"dt_wsqqtq7sg","status":"review","conf":0.7724,"n_detections":2,"heading_deg":14.3,"length_m":8.16,"width_m":2.47,"corner":"SE","intersection_id":"TPS_00343","intersection_dist_m":24.2,"serves_from_bearing":104.3,"serves_to_bearing":14.3,"serves_quality":"good","lat":25.0840062,"lon":121.5247474,"confidence":"probable","source":"dieturn/yolo26s-obb_ep144@taipei_udd_ortho_2025","source_updated_at":"2026-09-05"},"geometry":{"type":"Polygon","coordinates":[[[121.5247492,25.0839677],[121.5247693,25.0840393],[121.5247455,25.0840447],[121.5247255,25.0839732],[121.5247492,25.0839677]]]}},{"type":"Feature","id":"dt_wsqqme4t1","properties":{"id":"dt_wsqqme4t1","status":"review","conf":0.7718,"n_detections":1,"heading_deg":5.4,"length_m":8.07,"width_m":5.15,"corner":"SW","intersection_id":"TPS_00646","intersection_dist_m":18.1,"serves_from_bearing":185.4,"serves_to_bearing":95.4,"serves_quality":"good","lat":25.0222226,"lon":121.534245,"confidence":"probable","source":"dieturn/yolo26s-obb_ep144@taipei_udd_ortho_2025","source_updated_at":"2026-09-05"},"geometry":{"type":"Polygon","coordinates":[[[121.5342666,25.0221842],[121.5342742,25.0222568],[121.5342234,25.0222611],[121.5342158,25.0221885],[121.5342666,25.0221842]]]}},{"type":"Feature","id":"dt_wsqqx3nsu","properties":{"id":"dt_wsqqx3nsu","status":"review","conf":0.771,"n_detections":1,"heading_deg":9.8,"length_m":6.78,"width_m":2.42,"corner":"NE","intersection_id":"TPS_00277","intersection_dist_m":13.2,"serves_from_bearing":9.8,"serves_to_bearing":279.8,"serves_quality":"good","lat":25.0551668,"lon":121.6167838,"confidence":"probable","source":"dieturn/yolo26s-obb_ep144@taipei_udd_ortho_2025","source_updated_at":"2026-09-05"},"geometry":{"type":"Polygon","coordinates":[[[121.6167899,25.0551347],[121.6168014,25.0551951],[121.6167777,25.0551988],[121.6167663,25.0551384],[121.6167899,25.0551347]]]}},{"type":"Feature","id":"dt_wsqqmhz7m","properties":{"id":"dt_wsqqmhz7m","status":"review","conf":0.7707,"n_detections":1,"heading_deg":58.9,"length_m":3.43,"width_m":1.93,"corner":"SW","intersection_id":"TPS_01096","intersection_dist_m":12.0,"serves_from_bearing":148.9,"serves_to_bearing":58.9,"serves_quality":"good","lat":25.031558,"lon":121.5189903,"confidence":"probable","source":"dieturn/yolo26s-obb_ep144@taipei_udd_ortho_2025","source_updated_at":"2026-09-05"},"geometry":{"type":"Polygon","coordinates":[[[121.5190099,25.0315586],[121.519,25.0315735],[121.5189708,25.0315574],[121.5189807,25.0315426],[121.5190099,25.0315586]]]}},{"type":"Feature","id":"dt_wsqqmtjmc","properties":{"id":"dt_wsqqmtjmc","status":"review","conf":0.7684,"n_detections":1,"heading_deg":88.3,"length_m":9.25,"width_m":2.61,"corner":"SE","intersection_id":"TPS_01361","intersection_dist_m":16.9,"serves_from_bearing":88.3,"serves_to_bearing":358.3,"serves_quality":"good","lat":25.0333434,"lon":121.5380532,"confidence":"probable","source":"dieturn/yolo26s-obb_ep144@taipei_udd_ortho_2025","source_updated_at":"2026-09-05"},"geometry":{"type":"Polygon","coordinates":[[[121.5380994,25.0333329],[121.5380986,25.0333565],[121.538007,25.033354],[121.5380078,25.0333303],[121.5380994,25.0333329]]]}},{"type":"Feature","id":"dt_wsqqt3sjq","properties":{"id":"dt_wsqqt3sjq","status":"review","conf":0.7682,"n_detections":1,"heading_deg":86.7,"length_m":5.05,"width_m":2.43,"corner":"SE","intersection_id":"TPS_01574","intersection_dist_m":10.4,"serves_from_bearing":86.7,"serves_to_bearing":356.7,"serves_quality":"good","lat":25.0579698,"lon":121.525562,"confidence":"probable","source":"dieturn/yolo26s-obb_ep144@taipei_udd_ortho_2025","source_updated_at":"2026-09-05"},"geometry":{"type":"Polygon","coordinates":[[[121.5255877,25.0579601],[121.5255863,25.057982],[121.5255363,25.0579794],[121.5255376,25.0579576],[121.5255877,25.0579601]]]}},{"type":"Feature","id":"dt_wsqqkvjrp","properties":{"id":"dt_wsqqkvjrp","status":"review","conf":0.7656,"n_detections":1,"heading_deg":131.4,"length_m":4.28,"width_m":2.67,"corner":"NE","intersection_id":"TPS_00916","intersection_dist_m":21.0,"serves_from_bearing":311.4,"serves_to_bearing":221.4,"serves_quality":"good","lat":25.0335868,"lon":121.5053402,"confidence":"probable","source":"dieturn/yolo26s-obb_ep144@taipei_udd_ortho_2025","source_updated_at":"2026-09-05"},"geometry":{"type":"Polygon","coordinates":[[[121.505365,25.033583],[121.5053331,25.0336086],[121.5053155,25.0335907],[121.5053473,25.033565],[121.505365,25.033583]]]}},{"type":"Feature","id":"dt_wsqqwgewj","properties":{"id":"dt_wsqqwgewj","status":"review","conf":0.7654,"n_detections":1,"heading_deg":79.0,"length_m":5.4,"width_m":2.38,"corner":"NW","intersection_id":"TPS_00167","intersection_dist_m":17.8,"serves_from_bearing":259.0,"serves_to_bearing":169.0,"serves_quality":"good","lat":25.069097,"lon":121.5907452,"confidence":"probable","source":"dieturn/yolo26s-obb_ep144@taipei_udd_ortho_2025","source_updated_at":"2026-09-05"},"geometry":{"type":"Polygon","coordinates":[[[121.5907738,25.0690911],[121.5907692,25.0691123],[121.5907167,25.069103],[121.5907212,25.0690818],[121.5907738,25.0690911]]]}},{"type":"Feature","id":"dt_wsqqtb9d7","properties":{"id":"dt_wsqqtb9d7","status":"review","conf":0.7649,"n_detections":1,"heading_deg":89.0,"length_m":7.64,"width_m":3.04,"corner":"NE","intersection_id":"TPS_00445","intersection_dist_m":15.6,"serves_from_bearing":359.0,"serves_to_bearing":269.0,"serves_quality":"good","lat":25.0519806,"lon":121.5439508,"confidence":"probable","source":"dieturn/yolo26s-obb_ep144@taipei_udd_ortho_2025","source_updated_at":"2026-09-05"},"geometry":{"type":"Polygon","coordinates":[[[121.5439888,25.0519674],[121.5439884,25.0519949],[121.5439127,25.0519937],[121.5439132,25.0519663],[121.5439888,25.0519674]]]}},{"type":"Feature","id":"dt_wsqqq5847","properties":{"id":"dt_wsqqq5847","status":"review","conf":0.763,"n_detections":1,"heading_deg":61.9,"length_m":4.85,"width_m":2.65,"corner":"NE","intersection_id":"TPS_00001","intersection_dist_m":42.6,"serves_from_bearing":61.9,"serves_to_bearing":331.9,"serves_quality":"good","lat":25.0245061,"lon":121.5528873,"confidence":"probable","source":"dieturn/yolo26s-obb_ep144@taipei_udd_ortho_2025","source_updated_at":"2026-09-05"},"geometry":{"type":"Polygon","coordinates":[[[121.5529148,25.0245058],[121.5529022,25.0245269],[121.5528598,25.0245063],[121.5528724,25.0244852],[121.5529148,25.0245058]]]}},{"type":"Feature","id":"dt_wsqqktxbg","properties":{"id":"dt_wsqqktxbg","status":"review","conf":0.763,"n_detections":1,"heading_deg":92.7,"length_m":5.16,"width_m":2.71,"corner":"SE","intersection_id":"TPS_00350","intersection_dist_m":6.9,"serves_from_bearing":92.7,"serves_to_bearing":2.7,"serves_quality":"good","lat":25.0352381,"lon":121.4976015,"confidence":"probable","source":"dieturn/yolo26s-obb_ep144@taipei_udd_ortho_2025","source_updated_at":"2026-09-05"},"geometry":{"type":"Polygon","coordinates":[[[121.4976264,25.0352248],[121.4976277,25.0352493],[121.4975766,25.0352515],[121.4975753,25.035227],[121.4976264,25.0352248]]]}},{"type":"Feature","id":"dt_wsqqvc52h","properties":{"id":"dt_wsqqvc52h","status":"review","conf":0.7627,"n_detections":2,"heading_deg":66.6,"length_m":7.86,"width_m":2.08,"corner":"SW","intersection_id":"TPS_01192","intersection_dist_m":28.5,"serves_from_bearing":156.6,"serves_to_bearing":66.6,"serves_quality":"good","lat":25.0982851,"lon":121.5464131,"confidence":"probable","source":"dieturn/yolo26s-obb_ep144@taipei_udd_ortho_2025","source_updated_at":"2026-09-05"},"geometry":{"type":"Polygon","coordinates":[[[121.546453,25.0982906],[121.5464447,25.0983078],[121.5463732,25.0982796],[121.5463816,25.0982623],[121.546453,25.0982906]]]}},{"type":"Feature","id":"dt_wsqqmnkc9","properties":{"id":"dt_wsqqmnkc9","status":"review","conf":0.7622,"n_detections":1,"heading_deg":9.7,"length_m":10.2,"width_m":3.54,"corner":"SW","intersection_id":"TPS_02096","intersection_dist_m":23.6,"serves_from_bearing":189.7,"serves_to_bearing":99.7,"serves_quality":"good","lat":25.0394832,"lon":121.5153755,"confidence":"probable","source":"dieturn/yolo26s-obb_ep144@taipei_udd_ortho_2025","source_updated_at":"2026-09-05"},"geometry":{"type":"Polygon","coordinates":[[[121.5153843,25.0394351],[121.5154014,25.039526],[121.5153668,25.0395314],[121.5153497,25.0394404],[121.5153843,25.0394351]]]}},{"type":"Feature","id":"dt_wsqqw65x8","properties":{"id":"dt_wsqqw65x8","status":"review","conf":0.7611,"n_detections":1,"heading_deg":167.6,"length_m":2.92,"width_m":2.02,"corner":"SW","intersection_id":"TPS_00448","intersection_dist_m":8.6,"serves_from_bearing":167.6,"serves_to_bearing":77.6,"serves_quality":"good","lat":25.061124,"lon":121.5685347,"confidence":"probable","source":"dieturn/yolo26s-obb_ep144@taipei_udd_ortho_2025","source_updated_at":"2026-09-05"},"geometry":{"type":"Polygon","coordinates":[[[121.5685476,25.061113],[121.5685414,25.0611388],[121.5685218,25.0611349],[121.568528,25.0611092],[121.5685476,25.061113]]]}},{"type":"Feature","id":"dt_wsqqtynvw","properties":{"id":"dt_wsqqtynvw","status":"review","conf":0.7595,"n_detections":1,"heading_deg":160.3,"length_m":3.97,"width_m":2.17,"corner":"NE","intersection_id":"TPS_00539","intersection_dist_m":12.9,"serves_from_bearing":70.3,"serves_to_bearing":340.3,"serves_quality":"ambiguous","lat":25.0827326,"lon":121.5512759,"confidence":"probable","source":"dieturn/yolo26s-obb_ep144@taipei_udd_ortho_2025","source_updated_at":"2026-09-05"},"geometry":{"type":"Polygon","coordinates":[[[121.5512927,25.082719],[121.5512794,25.0827528],[121.5512592,25.0827462],[121.5512725,25.0827124],[121.5512927,25.082719]]]}},{"type":"Feature","id":"dt_wsqqmzc2r","properties":{"id":"dt_wsqqmzc2r","status":"review","conf":0.7593,"n_detections":1,"heading_deg":0.0,"length_m":3.04,"width_m":2.51,"corner":"SW","intersection_id":"TPS_02536","intersection_dist_m":29.2,"serves_from_bearing":180.0,"serves_to_bearing":90.0,"serves_quality":"good","lat":25.0475139,"lon":121.5437722,"confidence":"probable","source":"dieturn/yolo26s-obb_ep144@taipei_udd_ortho_2025","source_updated_at":"2026-09-05"},"geometry":{"type":"Polygon","coordinates":[[[121.5437846,25.0475002],[121.5437846,25.0475277],[121.5437597,25.0475277],[121.5437598,25.0475001],[121.5437846,25.0475002]]]}},{"type":"Feature","id":"dt_wsqqmng60","properties":{"id":"dt_wsqqmng60","status":"review","conf":0.7585,"n_detections":1,"heading_deg":8.6,"length_m":7.99,"width_m":2.42,"corner":"NE","intersection_id":"TPS_02246","intersection_dist_m":6.5,"serves_from_bearing":8.6,"serves_to_bearing":278.6,"serves_quality":"ambiguous","lat":25.0423218,"lon":121.5132849,"confidence":"probable","source":"dieturn/yolo26s-obb_ep144@taipei_udd_ortho_2025","source_updated_at":"2026-09-05"},"geometry":{"type":"Polygon","coordinates":[[[121.5132909,25.0422845],[121.5133027,25.0423559],[121.5132789,25.0423591],[121.5132671,25.0422877],[121.5132909,25.0422845]]]}},{"type":"Feature","id":"dt_wsqqt4e9d","properties":{"id":"dt_wsqqt4e9d","status":"review","conf":0.7559,"n_detections":1,"heading_deg":85.7,"length_m":4.94,"width_m":3.53,"corner":"SE","intersection_id":"TPS_00078","intersection_dist_m":19.3,"serves_from_bearing":85.7,"serves_to_bearing":355.7,"serves_quality":"good","lat":25.0628564,"lon":121.5136871,"confidence":"probable","source":"dieturn/yolo26s-obb_ep144@taipei_udd_ortho_2025","source_updated_at":"2026-09-05"},"geometry":{"type":"Polygon","coordinates":[[[121.5137129,25.0628421],[121.5137102,25.062874],[121.5136614,25.0628706],[121.513664,25.0628388],[121.5137129,25.0628421]]]}},{"type":"Feature","id":"dt_wsqqt49ff","properties":{"id":"dt_wsqqt49ff","status":"review","conf":0.755,"n_detections":1,"heading_deg":179.4,"length_m":4.31,"width_m":3.46,"corner":"NE","intersection_id":"TPS_00711","intersection_dist_m":16.5,"serves_from_bearing":359.4,"serves_to_bearing":269.4,"serves_quality":"good","lat":25.0630495,"lon":121.5113096,"confidence":"probable","source":"dieturn/yolo26s-obb_ep144@taipei_udd_ortho_2025","source_updated_at":"2026-09-05"},"geometry":{"type":"Polygon","coordinates":[[[121.511327,25.0630302],[121.5113265,25.0630692],[121.5112922,25.0630688],[121.5112927,25.0630298],[121.511327,25.0630302]]]}},{"type":"Feature","id":"dt_wsqqt2upb","properties":{"id":"dt_wsqqt2upb","status":"review","conf":0.755,"n_detections":1,"heading_deg":37.3,"length_m":2.28,"width_m":1.18,"corner":"SW","intersection_id":"TPS_01571","intersection_dist_m":15.6,"serves_from_bearing":217.3,"serves_to_bearing":127.3,"serves_quality":"good","lat":25.0543164,"lon":121.5252877,"confidence":"probable","source":"dieturn/yolo26s-obb_ep144@taipei_udd_ortho_2025","source_updated_at":"2026-09-05"},"geometry":{"type":"Polygon","coordinates":[[[121.5252855,25.054305],[121.5252992,25.0543214],[121.5252898,25.0543278],[121.5252761,25.0543115],[121.5252855,25.054305]]]}},{"type":"Feature","id":"dt_wsqqw2nnu","properties":{"id":"dt_wsqqw2nnu","status":"review","conf":0.7535,"n_detections":2,"heading_deg":73.2,"length_m":7.89,"width_m":2.52,"corner":"NW","intersection_id":"TPS_00329","intersection_dist_m":14.6,"serves_from_bearing":253.2,"serves_to_bearing":163.2,"serves_quality":"good","lat":25.0500215,"lon":121.5721367,"confidence":"probable","source":"dieturn/yolo26s-obb_ep144@taipei_udd_ortho_2025","source_updated_at":"2026-09-05"},"geometry":{"type":"Polygon","coordinates":[[[121.5721778,25.050021],[121.5721705,25.0500427],[121.5720956,25.0500221],[121.5721029,25.0500003],[121.5721778,25.050021]]]}},{"type":"Feature","id":"dt_wsqqt5x5h","properties":{"id":"dt_wsqqt5x5h","status":"review","conf":0.7525,"n_detections":2,"heading_deg":3.5,"length_m":8.11,"width_m":3.51,"corner":"NW","intersection_id":"TPS_01225","intersection_dist_m":18.6,"serves_from_bearing":273.5,"serves_to_bearing":183.5,"serves_quality":"good","lat":25.0685791,"lon":121.5185742,"confidence":"probable","source":"dieturn/yolo26s-obb_ep144@taipei_udd_ortho_2025","source_updated_at":"2026-09-05"},"geometry":{"type":"Polygon","coordinates":[[[121.5185891,25.0685415],[121.5185941,25.0686147],[121.5185593,25.0686166],[121.5185544,25.0685434],[121.5185891,25.0685415]]]}},{"type":"Feature","id":"dt_wsqqtmekn","properties":{"id":"dt_wsqqtmekn","status":"review","conf":0.7522,"n_detections":3,"heading_deg":72.4,"length_m":5.3,"width_m":4.48,"corner":"NE","intersection_id":"TPS_01239","intersection_dist_m":6.1,"serves_from_bearing":342.4,"serves_to_bearing":252.4,"serves_quality":"good","lat":25.0797387,"lon":121.5245167,"confidence":"probable","source":"dieturn/yolo26s-obb_ep144@taipei_udd_ortho_2025","source_updated_at":"2026-09-05"},"geometry":{"type":"Polygon","coordinates":[[[121.5245485,25.0797267],[121.524535,25.0797653],[121.5244849,25.0797508],[121.5244985,25.0797122],[121.5245485,25.0797267]]]}},{"type":"Feature","id":"dt_wsqqmvhyn","properties":{"id":"dt_wsqqmvhyn","status":"review","conf":0.7517,"n_detections":1,"heading_deg":90.4,"length_m":10.48,"width_m":2.97,"corner":"NW","intersection_id":"TPS_00005","intersection_dist_m":29.3,"serves_from_bearing":270.4,"serves_to_bearing":180.4,"serves_quality":"good","lat":25.0334157,"lon":121.5485481,"confidence":"probable","source":"dieturn/yolo26s-obb_ep144@taipei_udd_ortho_2025","source_updated_at":"2026-09-05"},"geometry":{"type":"Polygon","coordinates":[[[121.5486,25.033402],[121.5486002,25.0334289],[121.5484962,25.0334295],[121.548496,25.0334026],[121.5486,25.033402]]]}},{"type":"Feature","id":"dt_wsqqmefg4","properties":{"id":"dt_wsqqmefg4","status":"review","conf":0.7504,"n_detections":1,"heading_deg":10.8,"length_m":6.37,"width_m":4.02,"corner":"SW","intersection_id":"TPS_00134","intersection_dist_m":24.6,"serves_from_bearing":190.8,"serves_to_bearing":100.8,"serves_quality":"good","lat":25.025998,"lon":121.5346335,"confidence":"probable","source":"dieturn/yolo26s-obb_ep144@taipei_udd_ortho_2025","source_updated_at":"2026-09-05"},"geometry":{"type":"Polygon","coordinates":[[[121.5346472,25.0259663],[121.534659,25.026023],[121.5346198,25.0260297],[121.5346079,25.025973],[121.5346472,25.0259663]]]}},{"type":"Feature","id":"dt_wsqqqrkth","properties":{"id":"dt_wsqqqrkth","status":"review","conf":0.7478,"n_detections":1,"heading_deg":31.4,"length_m":3.35,"width_m":2.27,"corner":"SW","intersection_id":"TPS_00145","intersection_dist_m":33.8,"serves_from_bearing":211.4,"serves_to_bearing":121.4,"serves_quality":"good","lat":25.0455753,"lon":121.5700723,"confidence":"probable","source":"dieturn/yolo26s-obb_ep144@taipei_udd_ortho_2025","source_updated_at":"2026-09-05"},"geometry":{"type":"Polygon","coordinates":[[[121.5700733,25.0455571],[121.5700906,25.045583],[121.5700714,25.0455935],[121.5700541,25.0455677],[121.5700733,25.0455571]]]}},{"type":"Feature","id":"dt_wsqqmprs3","properties":{"id":"dt_wsqqmprs3","status":"review","conf":0.7469,"n_detections":1,"heading_deg":146.7,"length_m":5.36,"width_m":2.6,"corner":"SW","intersection_id":"TPS_01533","intersection_dist_m":21.6,"serves_from_bearing":146.7,"serves_to_bearing":56.7,"serves_quality":"good","lat":25.0454789,"lon":121.5191378,"confidence":"probable","source":"dieturn/yolo26s-obb_ep144@taipei_udd_ortho_2025","source_updated_at":"2026-09-05"},"geometry":{"type":"Polygon","coordinates":[[[121.5191632,25.045465],[121.519134,25.0455056],[121.5191124,25.0454927],[121.5191417,25.0454522],[121.5191632,25.045465]]]}},{"type":"Feature","id":"dt_wsqqkzq8g","properties":{"id":"dt_wsqqkzq8g","status":"review","conf":0.7469,"n_detections":1,"heading_deg":21.1,"length_m":3.59,"width_m":1.59,"corner":"NE","intersection_id":"TPS_01677","intersection_dist_m":37.5,"serves_from_bearing":21.1,"serves_to_bearing":291.1,"serves_quality":"good","lat":25.0448585,"lon":121.5068904,"confidence":"probable","source":"dieturn/yolo26s-obb_ep144@taipei_udd_ortho_2025","source_updated_at":"2026-09-05"},"geometry":{"type":"Polygon","coordinates":[[[121.5068913,25.0448408],[121.5069041,25.0448711],[121.5068894,25.0448762],[121.5068766,25.0448459],[121.5068913,25.0448408]]]}},{"type":"Feature","id":"dt_wsqqmvej9","properties":{"id":"dt_wsqqmvej9","status":"review","conf":0.7463,"n_detections":1,"heading_deg":168.6,"length_m":2.12,"width_m":1.3,"corner":"NW","intersection_id":"TPS_01327","intersection_dist_m":6.5,"serves_from_bearing":258.6,"serves_to_bearing":168.6,"serves_quality":"good","lat":25.036047,"lon":121.5459508,"confidence":"probable","source":"dieturn/yolo26s-obb_ep144@taipei_udd_ortho_2025","source_updated_at":"2026-09-05"},"geometry":{"type":"Polygon","coordinates":[[[121.5459592,25.0360387],[121.545955,25.0360575],[121.5459424,25.0360551],[121.5459465,25.0360364],[121.5459592,25.0360387]]]}},{"type":"Feature","id":"dt_wsqrj3m1v","properties":{"id":"dt_wsqrj3m1v","status":"review","conf":0.7432,"n_detections":2,"heading_deg":165.5,"length_m":3.67,"width_m":2.64,"corner":"SE","intersection_id":"TPS_01881","intersection_dist_m":14.9,"serves_from_bearing":75.5,"serves_to_bearing":345.5,"serves_quality":"good","lat":25.1439224,"lon":121.526879,"confidence":"probable","source":"dieturn/yolo26s-obb_ep144@taipei_udd_ortho_2025","source_updated_at":"2026-09-05"},"geometry":{"type":"Polygon","coordinates":[[[121.5268962,25.1439093],[121.5268871,25.1439414],[121.5268617,25.1439355],[121.5268709,25.1439034],[121.5268962,25.1439093]]]}},{"type":"Feature","id":"dt_wsqqkv1fv","properties":{"id":"dt_wsqqkv1fv","status":"review","conf":0.7417,"n_detections":2,"heading_deg":178.3,"length_m":7.98,"width_m":3.14,"corner":"SW","intersection_id":"TPS_00928","intersection_dist_m":16.6,"serves_from_bearing":178.3,"serves_to_bearing":88.3,"serves_quality":"good","lat":25.0328615,"lon":121.5004383,"confidence":"probable","source":"dieturn/yolo26s-obb_ep144@taipei_udd_ortho_2025","source_updated_at":"2026-09-05"},"geometry":{"type":"Polygon","coordinates":[[[121.500455,25.0328258],[121.5004526,25.032898],[121.5004215,25.0328971],[121.5004239,25.032825],[121.500455,25.0328258]]]}},{"type":"Feature","id":"dt_wsqqmfeg0","properties":{"id":"dt_wsqqmfeg0","status":"review","conf":0.741,"n_detections":1,"heading_deg":67.4,"length_m":5.54,"width_m":4.32,"corner":"SE","intersection_id":"TPS_00675","intersection_dist_m":17.7,"serves_from_bearing":67.4,"serves_to_bearing":337.4,"serves_quality":"good","lat":25.0191729,"lon":121.546932,"confidence":"probable","source":"dieturn/yolo26s-obb_ep144@taipei_udd_ortho_2025","source_updated_at":"2026-09-05"},"geometry":{"type":"Polygon","coordinates":[[[121.5469657,25.0191645],[121.5469491,25.0192005],[121.5468984,25.0191812],[121.5469149,25.0191452],[121.5469657,25.0191645]]]}},{"type":"Feature","id":"dt_wsqqwyrj0","properties":{"id":"dt_wsqqwyrj0","status":"review","conf":0.7408,"n_detections":2,"heading_deg":53.3,"length_m":4.35,"width_m":2.34,"corner":"SE","intersection_id":"TPS_00267","intersection_dist_m":21.3,"serves_from_bearing":53.3,"serves_to_bearing":323.3,"serves_quality":"good","lat":25.0840199,"lon":121.5953077,"confidence":"probable","source":"dieturn/yolo26s-obb_ep144@taipei_udd_ortho_2025","source_updated_at":"2026-09-05"},"geometry":{"type":"Polygon","coordinates":[[[121.595332,25.0840232],[121.595318,25.0840401],[121.5952835,25.0840166],[121.5952975,25.0839997],[121.595332,25.0840232]]]}},{"type":"Feature","id":"dt_wsqqveu8y","properties":{"id":"dt_wsqqveu8y","status":"review","conf":0.7407,"n_detections":1,"heading_deg":70.9,"length_m":4.38,"width_m":1.99,"corner":"NW","intersection_id":"TPS_01088","intersection_dist_m":10.4,"serves_from_bearing":250.9,"serves_to_bearing":160.9,"serves_quality":"good","lat":25.1135399,"lon":121.5372344,"confidence":"probable","source":"dieturn/yolo26s-obb_ep144@taipei_udd_ortho_2025","source_updated_at":"2026-09-05"},"geometry":{"type":"Polygon","coordinates":[[[121.5372582,25.1135379],[121.5372517,25.1135548],[121.5372106,25.1135418],[121.5372171,25.113525],[121.5372582,25.1135379]]]}},{"type":"Feature","id":"dt_wsqqmvhuu","properties":{"id":"dt_wsqqmvhuu","status":"review","conf":0.7403,"n_detections":1,"heading_deg":1.2,"length_m":6.76,"width_m":3.1,"corner":"SW","intersection_id":"TPS_00005","intersection_dist_m":35.7,"serves_from_bearing":181.2,"serves_to_bearing":91.2,"serves_quality":"good","lat":25.0331922,"lon":121.548454,"confidence":"probable","source":"dieturn/yolo26s-obb_ep144@taipei_udd_ortho_2025","source_updated_at":"2026-09-05"},"geometry":{"type":"Polygon","coordinates":[[[121.5484687,25.0331613],[121.5484701,25.0332224],[121.5484393,25.033223],[121.5484378,25.0331619],[121.5484687,25.0331613]]]}},{"type":"Feature","id":"dt_wsqqmv1qb","properties":{"id":"dt_wsqqmv1qb","status":"review","conf":0.7403,"n_detections":3,"heading_deg":88.6,"length_m":8.03,"width_m":2.78,"corner":"NW","intersection_id":"TPS_00039","intersection_dist_m":18.6,"serves_from_bearing":268.6,"serves_to_bearing":178.6,"serves_quality":"good","lat":25.0335222,"lon":121.5435047,"confidence":"probable","source":"dieturn/yolo26s-obb_ep144@taipei_udd_ortho_2025","source_updated_at":"2026-09-05"},"geometry":{"type":"Polygon","coordinates":[[[121.5435449,25.0335106],[121.5435441,25.0335357],[121.5434645,25.0335339],[121.5434653,25.0335088],[121.5435449,25.0335106]]]}},{"type":"Feature","id":"dt_wsqqw43hp","properties":{"id":"dt_wsqqw43hp","status":"review","conf":0.7401,"n_detections":1,"heading_deg":81.1,"length_m":6.76,"width_m":2.87,"corner":"SW","intersection_id":"TPS_00079","intersection_dist_m":16.9,"serves_from_bearing":171.1,"serves_to_bearing":81.1,"serves_quality":"good","lat":25.0618864,"lon":121.5544298,"confidence":"probable","source":"dieturn/yolo26s-obb_ep144@taipei_udd_ortho_2025","source_updated_at":"2026-09-05"},"geometry":{"type":"Polygon","coordinates":[[[121.5544651,25.0618783],[121.5544606,25.0619039],[121.5543945,25.0618944],[121.554399,25.0618688],[121.5544651,25.0618783]]]}},{"type":"Feature","id":"dt_wsqqv2tbf","properties":{"id":"dt_wsqqv2tbf","status":"review","conf":0.7387,"n_detections":1,"heading_deg":168.3,"length_m":6.47,"width_m":2.5,"corner":"SW","intersection_id":"TPS_00016","intersection_dist_m":18.7,"serves_from_bearing":168.3,"serves_to_bearing":78.3,"serves_quality":"good","lat":25.0956861,"lon":121.5277675,"confidence":"probable","source":"dieturn/yolo26s-obb_ep144@taipei_udd_ortho_2025","source_updated_at":"2026-09-05"},"geometry":{"type":"Polygon","coordinates":[[[121.5277861,25.0956597],[121.5277731,25.095717],[121.5277488,25.0957125],[121.5277618,25.0956551],[121.5277861,25.0956597]]]}},{"type":"Feature","id":"dt_wsqqky6jd","properties":{"id":"dt_wsqqky6jd","status":"review","conf":0.7367,"n_detections":1,"heading_deg":93.4,"length_m":1.71,"width_m":1.63,"corner":"NW","intersection_id":"TPS_01711","intersection_dist_m":3.5,"serves_from_bearing":183.4,"serves_to_bearing":93.4,"serves_quality":"ambiguous","lat":25.0402019,"lon":121.5006536,"confidence":"probable","source":"dieturn/yolo26s-obb_ep144@taipei_udd_ortho_2025","source_updated_at":"2026-09-05"},"geometry":{"type":"Polygon","coordinates":[[[121.5006615,25.0401941],[121.5006625,25.0402088],[121.5006456,25.0402097],[121.5006446,25.040195],[121.5006615,25.0401941]]]}},{"type":"Feature","id":"dt_wsqqt7xcb","properties":{"id":"dt_wsqqt7xcb","status":"review","conf":0.7361,"n_detections":1,"heading_deg":85.7,"length_m":5.26,"width_m":2.15,"corner":"NW","intersection_id":"TPS_00663","intersection_dist_m":11.0,"serves_from_bearing":265.7,"serves_to_bearing":175.7,"serves_quality":"ambiguous","lat":25.0683906,"lon":121.5304452,"confidence":"probable","source":"dieturn/yolo26s-obb_ep144@taipei_udd_ortho_2025","source_updated_at":"2026-09-05"},"geometry":{"type":"Polygon","coordinates":[[[121.530472,25.0683827],[121.5304704,25.0684021],[121.5304184,25.0683986],[121.53042,25.0683792],[121.530472,25.0683827]]]}},{"type":"Feature","id":"dt_wsqqjx5ee","properties":{"id":"dt_wsqqjx5ee","status":"review","conf":0.7334,"n_detections":1,"heading_deg":3.5,"length_m":2.52,"width_m":1.4,"corner":"SE","intersection_id":"TPS_01915","intersection_dist_m":36.8,"serves_from_bearing":93.5,"serves_to_bearing":3.5,"serves_quality":"ambiguous","lat":25.0000171,"lon":121.5357328,"confidence":"probable","source":"dieturn/yolo26s-obb_ep144@taipei_udd_ortho_2025","source_updated_at":"2026-09-05"},"geometry":{"type":"Polygon","coordinates":[[[121.535739,25.0000053],[121.5357405,25.0000281],[121.5357267,25.0000288],[121.5357252,25.000006],[121.535739,25.0000053]]]}},{"type":"Feature","id":"dt_wsqqx0t38","properties":{"id":"dt_wsqqx0t38","status":"review","conf":0.7332,"n_detections":1,"heading_deg":78.9,"length_m":4.91,"width_m":2.28,"corner":"NW","intersection_id":"TPS_01077","intersection_dist_m":11.5,"serves_from_bearing":258.9,"serves_to_bearing":168.9,"serves_quality":"ambiguous","lat":25.0518559,"lon":121.603893,"confidence":"probable","source":"dieturn/yolo26s-obb_ep144@taipei_udd_ortho_2025","source_updated_at":"2026-09-05"},"geometry":{"type":"Polygon","coordinates":[[[121.603919,25.0518501],[121.6039146,25.0518703],[121.6038669,25.0518617],[121.6038713,25.0518415],[121.603919,25.0518501]]]}},{"type":"Feature","id":"dt_wsqqjwpt5","properties":{"id":"dt_wsqqjwpt5","status":"review","conf":0.7328,"n_detections":1,"heading_deg":89.4,"length_m":7.0,"width_m":2.5,"corner":"SW","intersection_id":"TPS_00375","intersection_dist_m":18.2,"serves_from_bearing":179.4,"serves_to_bearing":89.4,"serves_quality":"good","lat":24.9947922,"lon":121.5412291,"confidence":"probable","source":"dieturn/yolo26s-obb_ep144@taipei_udd_ortho_2025","source_updated_at":"2026-09-05"},"geometry":{"type":"Polygon","coordinates":[[[121.5412639,24.9947812],[121.5412637,24.9948038],[121.5411943,24.9948032],[121.5411945,24.9947806],[121.5412639,24.9947812]]]}},{"type":"Feature","id":"dt_wsqqmyehv","properties":{"id":"dt_wsqqmyehv","status":"review","conf":0.731,"n_detections":2,"heading_deg":90.1,"length_m":9.63,"width_m":3.67,"corner":"SW","intersection_id":"TPS_00579","intersection_dist_m":17.0,"serves_from_bearing":180.1,"serves_to_bearing":90.1,"serves_quality":"good","lat":25.0414346,"lon":121.5461174,"confidence":"probable","source":"dieturn/yolo26s-obb_ep144@taipei_udd_ortho_2025","source_updated_at":"2026-09-05"},"geometry":{"type":"Polygon","coordinates":[[[121.5461651,25.041418],[121.5461652,25.0414512],[121.5460697,25.0414513],[121.5460696,25.0414181],[121.5461651,25.041418]]]}},{"type":"Feature","id":"dt_wsqqmx9mz","properties":{"id":"dt_wsqqmx9mz","status":"review","conf":0.731,"n_detections":1,"heading_deg":4.8,"length_m":2.77,"width_m":2.64,"corner":"SW","intersection_id":"TPS_00713","intersection_dist_m":14.0,"serves_from_bearing":184.8,"serves_to_bearing":94.8,"serves_quality":"good","lat":25.0470802,"lon":121.5328112,"confidence":"probable","source":"dieturn/yolo26s-obb_ep144@taipei_udd_ortho_2025","source_updated_at":"2026-09-05"},"geometry":{"type":"Polygon","coordinates":[[[121.5328231,25.0470668],[121.5328254,25.0470917],[121.5327993,25.0470937],[121.532797,25.0470687],[121.5328231,25.0470668]]]}},{"type":"Feature","id":"dt_wsqqmvgph","properties":{"id":"dt_wsqqmvgph","status":"review","conf":0.729,"n_detections":1,"heading_deg":90.7,"length_m":5.8,"width_m":2.56,"corner":"SE","intersection_id":"TPS_00125","intersection_dist_m":26.8,"serves_from_bearing":90.7,"serves_to_bearing":0.7,"serves_quality":"good","lat":25.0376861,"lon":121.5460767,"confidence":"probable","source":"dieturn/yolo26s-obb_ep144@taipei_udd_ortho_2025","source_updated_at":"2026-09-05"},"geometry":{"type":"Polygon","coordinates":[[[121.5461052,25.0376742],[121.5461056,25.0376973],[121.5460481,25.0376979],[121.5460478,25.0376749],[121.5461052,25.0376742]]]}},{"type":"Feature","id":"dt_wsqqmtj0r","properties":{"id":"dt_wsqqmtj0r","status":"review","conf":0.7289,"n_detections":1,"heading_deg":161.5,"length_m":2.27,"width_m":1.73,"corner":"NE","intersection_id":"TPS_02259","intersection_dist_m":44.0,"serves_from_bearing":341.5,"serves_to_bearing":251.5,"serves_quality":"ambiguous","lat":25.0324115,"lon":121.5379639,"confidence":"probable","source":"dieturn/yolo26s-obb_ep144@taipei_udd_ortho_2025","source_updated_at":"2026-09-05"},"geometry":{"type":"Polygon","coordinates":[[[121.5379757,25.0324042],[121.5379685,25.0324237],[121.5379522,25.0324189],[121.5379594,25.0323993],[121.5379757,25.0324042]]]}},{"type":"Feature","id":"dt_wsqqtrd57","properties":{"id":"dt_wsqqtrd57","status":"review","conf":0.7287,"n_detections":1,"heading_deg":35.0,"length_m":2.5,"width_m":1.6,"corner":"NE","intersection_id":"TPS_02218","intersection_dist_m":48.2,"serves_from_bearing":35.0,"serves_to_bearing":305.0,"serves_quality":"good","lat":25.0906135,"lon":121.5226925,"confidence":"probable","source":"dieturn/yolo26s-obb_ep144@taipei_udd_ortho_2025","source_updated_at":"2026-09-05"},"geometry":{"type":"Polygon","coordinates":[[[121.5226919,25.0906001],[121.5227061,25.0906186],[121.522693,25.0906268],[121.5226788,25.0906083],[121.5226919,25.0906001]]]}},{"type":"Feature","id":"dt_wsqqmh6t2","properties":{"id":"dt_wsqqmh6t2","status":"review","conf":0.7282,"n_detections":2,"heading_deg":76.6,"length_m":7.36,"width_m":2.83,"corner":"NE","intersection_id":"TPS_00823","intersection_dist_m":23.4,"serves_from_bearing":346.6,"serves_to_bearing":256.6,"serves_quality":"good","lat":25.0291677,"lon":121.512248,"confidence":"probable","source":"dieturn/yolo26s-obb_ep144@taipei_udd_ortho_2025","source_updated_at":"2026-09-05"},"geometry":{"type":"Polygon","coordinates":[[[121.5122868,25.029163],[121.5122802,25.0291878],[121.5122092,25.0291724],[121.5122158,25.0291476],[121.5122868,25.029163]]]}},{"type":"Feature","id":"dt_wsqqv0rbx","properties":{"id":"dt_wsqqv0rbx","status":"review","conf":0.7281,"n_detections":1,"heading_deg":55.6,"length_m":6.1,"width_m":2.6,"corner":"NE","intersection_id":"TPS_01978","intersection_dist_m":39.5,"serves_from_bearing":325.6,"serves_to_bearing":235.6,"serves_quality":"ambiguous","lat":25.0942509,"lon":121.5197501,"confidence":"probable","source":"dieturn/yolo26s-obb_ep144@taipei_udd_ortho_2025","source_updated_at":"2026-09-05"},"geometry":{"type":"Polygon","coordinates":[[[121.5197824,25.0942568],[121.5197677,25.0942761],[121.5197179,25.0942449],[121.5197325,25.0942256],[121.5197824,25.0942568]]]}},{"type":"Feature","id":"dt_wsqqmnzrw","properties":{"id":"dt_wsqqmnzrw","status":"review","conf":0.7274,"n_detections":2,"heading_deg":10.4,"length_m":1.61,"width_m":1.51,"corner":"NE","intersection_id":"TPS_00949","intersection_dist_m":20.4,"serves_from_bearing":10.4,"serves_to_bearing":280.4,"serves_quality":"good","lat":25.0432781,"lon":121.5190283,"confidence":"probable","source":"dieturn/yolo26s-obb_ep144@taipei_udd_ortho_2025","source_updated_at":"2026-09-05"},"geometry":{"type":"Polygon","coordinates":[[[121.5190342,25.0432697],[121.519037,25.043284],[121.5190224,25.0432865],[121.5190195,25.0432722],[121.5190342,25.0432697]]]}},{"type":"Feature","id":"dt_wsqqvch4v","properties":{"id":"dt_wsqqvch4v","status":"review","conf":0.7261,"n_detections":1,"heading_deg":64.5,"length_m":4.19,"width_m":2.02,"corner":"NW","intersection_id":"TPS_00425","intersection_dist_m":24.2,"serves_from_bearing":244.5,"serves_to_bearing":154.5,"serves_quality":"good","lat":25.0987747,"lon":121.547462,"confidence":"probable","source":"dieturn/yolo26s-obb_ep144@taipei_udd_ortho_2025","source_updated_at":"2026-09-05"},"geometry":{"type":"Polygon","coordinates":[[[121.5474851,25.0987746],[121.5474764,25.098791],[121.5474389,25.0987747],[121.5474476,25.0987583],[121.5474851,25.0987746]]]}},{"type":"Feature","id":"dt_wsqqv1s6g","properties":{"id":"dt_wsqqv1s6g","status":"review","conf":0.7259,"n_detections":1,"heading_deg":170.5,"length_m":3.47,"width_m":3.26,"corner":"SE","intersection_id":"TPS_01123","intersection_dist_m":24.7,"serves_from_bearing":80.5,"serves_to_bearing":350.5,"serves_quality":"ambiguous","lat":25.101495,"lon":121.5147783,"confidence":"probable","source":"dieturn/yolo26s-obb_ep144@taipei_udd_ortho_2025","source_updated_at":"2026-09-05"},"geometry":{"type":"Polygon","coordinates":[[[121.5147971,25.1014819],[121.5147914,25.1015128],[121.5147595,25.101508],[121.5147652,25.1014771],[121.5147971,25.1014819]]]}},{"type":"Feature","id":"dt_wsqqte98e","properties":{"id":"dt_wsqqte98e","status":"review","conf":0.7255,"n_detections":1,"heading_deg":171.9,"length_m":4.61,"width_m":2.58,"corner":"SE","intersection_id":"TPS_02498","intersection_dist_m":15.2,"serves_from_bearing":81.9,"serves_to_bearing":351.9,"serves_quality":"good","lat":25.0681812,"lon":121.5329585,"confidence":"probable","source":"dieturn/yolo26s-obb_ep144@taipei_udd_ortho_2025","source_updated_at":"2026-09-05"},"geometry":{"type":"Polygon","coordinates":[[[121.5329744,25.0681622],[121.532968,25.0682035],[121.5329426,25.0682002],[121.5329491,25.068159],[121.5329744,25.0681622]]]}},{"type":"Feature","id":"dt_wsqqqm57q","properties":{"id":"dt_wsqqqm57q","status":"review","conf":0.7219,"n_detections":1,"heading_deg":4.7,"length_m":7.24,"width_m":3.64,"corner":"NE","intersection_id":"TPS_00133","intersection_dist_m":16.5,"serves_from_bearing":4.7,"serves_to_bearing":274.7,"serves_quality":"good","lat":25.0329272,"lon":121.5684509,"confidence":"probable","source":"dieturn/yolo26s-obb_ep144@taipei_udd_ortho_2025","source_updated_at":"2026-09-05"},"geometry":{"type":"Polygon","coordinates":[[[121.5684659,25.0328932],[121.5684718,25.0329585],[121.5684358,25.0329612],[121.5684299,25.0328959],[121.5684659,25.0328932]]]}},{"type":"Feature","id":"dt_wsqqmnm4d","properties":{"id":"dt_wsqqmnm4d","status":"review","conf":0.718,"n_detections":1,"heading_deg":16.0,"length_m":8.34,"width_m":3.53,"corner":"NE","intersection_id":"TPS_02096","intersection_dist_m":20.0,"serves_from_bearing":16.0,"serves_to_bearing":286.0,"serves_quality":"good","lat":25.0396669,"lon":121.5157571,"confidence":"probable","source":"dieturn/yolo26s-obb_ep144@taipei_udd_ortho_2025","source_updated_at":"2026-09-05"},"geometry":{"type":"Polygon","coordinates":[[[121.5157625,25.0396263],[121.5157853,25.0396989],[121.5157516,25.0397076],[121.5157288,25.0396351],[121.5157625,25.0396263]]]}},{"type":"Feature","id":"dt_wsqqmq1q6","properties":{"id":"dt_wsqqmq1q6","status":"review","conf":0.7177,"n_detections":1,"heading_deg":95.0,"length_m":8.07,"width_m":2.72,"corner":"NW","intersection_id":"TPS_00287","intersection_dist_m":19.3,"serves_from_bearing":275.0,"serves_to_bearing":185.0,"serves_quality":"good","lat":25.0389381,"lon":121.5215848,"confidence":"probable","source":"dieturn/yolo26s-obb_ep144@taipei_udd_ortho_2025","source_updated_at":"2026-09-05"},"geometry":{"type":"Polygon","coordinates":[[[121.5216235,25.0389227],[121.5216258,25.0389472],[121.5215461,25.0389535],[121.5215438,25.038929],[121.5216235,25.0389227]]]}},{"type":"Feature","id":"dt_wsqqt6jek","properties":{"id":"dt_wsqqt6jek","status":"review","conf":0.7172,"n_detections":1,"heading_deg":3.8,"length_m":6.93,"width_m":2.89,"corner":"NW","intersection_id":"TPS_00709","intersection_dist_m":35.9,"serves_from_bearing":273.8,"serves_to_bearing":183.8,"serves_quality":"good","lat":25.0604104,"lon":121.5275072,"confidence":"probable","source":"dieturn/yolo26s-obb_ep144@taipei_udd_ortho_2025","source_updated_at":"2026-09-05"},"geometry":{"type":"Polygon","coordinates":[[[121.5275193,25.0603782],[121.5275238,25.0604407],[121.5274953,25.0604425],[121.5274906,25.06038],[121.5275193,25.0603782]]]}},{"type":"Feature","id":"dt_wsqqm6vym","properties":{"id":"dt_wsqqm6vym","status":"review","conf":0.7149,"n_detections":1,"heading_deg":37.8,"length_m":4.33,"width_m":2.32,"corner":"SE","intersection_id":"TPS_00496","intersection_dist_m":29.4,"serves_from_bearing":37.8,"serves_to_bearing":307.8,"serves_quality":"good","lat":25.0210782,"lon":121.527915,"confidence":"probable","source":"dieturn/yolo26s-obb_ep144@taipei_udd_ortho_2025","source_updated_at":"2026-09-05"},"geometry":{"type":"Polygon","coordinates":[[[121.527911,25.0210564],[121.5279373,25.0210873],[121.527919,25.0211],[121.5278927,25.0210691],[121.527911,25.0210564]]]}},{"type":"Feature","id":"dt_wsqqundb8","properties":{"id":"dt_wsqqundb8","status":"review","conf":0.7147,"n_detections":1,"heading_deg":150.8,"length_m":3.2,"width_m":2.09,"corner":"NW","intersection_id":"TPS_01308","intersection_dist_m":33.0,"serves_from_bearing":240.8,"serves_to_bearing":150.8,"serves_quality":"good","lat":25.1285687,"lon":121.4686205,"confidence":"probable","source":"dieturn/yolo26s-obb_ep144@taipei_udd_ortho_2025","source_updated_at":"2026-09-05"},"geometry":{"type":"Polygon","coordinates":[[[121.4686373,25.1285606],[121.4686218,25.1285859],[121.4686037,25.1285768],[121.4686192,25.1285515],[121.4686373,25.1285606]]]}},{"type":"Feature","id":"dt_wsqqtfq82","properties":{"id":"dt_wsqqtfq82","status":"review","conf":0.7137,"n_detections":1,"heading_deg":22.5,"length_m":6.61,"width_m":3.38,"corner":"NW","intersection_id":"TPS_01146","intersection_dist_m":18.9,"serves_from_bearing":292.5,"serves_to_bearing":202.5,"serves_quality":"good","lat":25.0612683,"lon":121.5506808,"confidence":"probable","source":"dieturn/yolo26s-obb_ep144@taipei_udd_ortho_2025","source_updated_at":"2026-09-05"},"geometry":{"type":"Polygon","coordinates":[[[121.5506838,25.0612348],[121.5507089,25.0612901],[121.5506779,25.0613017],[121.5506528,25.0612464],[121.5506838,25.0612348]]]}},{"type":"Feature","id":"dt_wsqqmp0jp","properties":{"id":"dt_wsqqmp0jp","status":"review","conf":0.7102,"n_detections":1,"heading_deg":14.9,"length_m":10.32,"width_m":2.69,"corner":"SE","intersection_id":"TPS_00169","intersection_dist_m":24.5,"serves_from_bearing":14.9,"serves_to_bearing":284.9,"serves_quality":"ambiguous","lat":25.0442061,"lon":121.5091299,"confidence":"probable","source":"dieturn/yolo26s-obb_ep144@taipei_udd_ortho_2025","source_updated_at":"2026-09-05"},"geometry":{"type":"Polygon","coordinates":[[[121.5091296,25.0441579],[121.5091559,25.044248],[121.5091301,25.0442542],[121.5091039,25.0441641],[121.5091296,25.0441579]]]}},{"type":"Feature","id":"dt_wsqqmjmyx","properties":{"id":"dt_wsqqmjmyx","status":"review","conf":0.7091,"n_detections":1,"heading_deg":81.5,"length_m":5.05,"width_m":4.37,"corner":"SE","intersection_id":"TPS_00067","intersection_dist_m":31.5,"serves_from_bearing":81.5,"serves_to_bearing":351.5,"serves_quality":"good","lat":25.0348489,"lon":121.5170066,"confidence":"probable","source":"dieturn/yolo26s-obb_ep144@taipei_udd_ortho_2025","source_updated_at":"2026-09-05"},"geometry":{"type":"Polygon","coordinates":[[[121.5170346,25.0348328],[121.5170281,25.0348718],[121.5169787,25.0348651],[121.5169852,25.034826],[121.5170346,25.0348328]]]}},{"type":"Feature","id":"dt_wsqqmehyq","properties":{"id":"dt_wsqqmehyq","status":"review","conf":0.7085,"n_detections":1,"heading_deg":161.2,"length_m":8.94,"width_m":3.18,"corner":"SE","intersection_id":"TPS_01219","intersection_dist_m":5.6,"serves_from_bearing":71.2,"serves_to_bearing":341.2,"serves_quality":"good","lat":25.0224713,"lon":121.5375608,"confidence":"probable","source":"dieturn/yolo26s-obb_ep144@taipei_udd_ortho_2025","source_updated_at":"2026-09-05"},"geometry":{"type":"Polygon","coordinates":[[[121.5375901,25.0224377],[121.5375615,25.0225142],[121.5375315,25.022505],[121.5375601,25.0224285],[121.5375901,25.0224377]]]}},{"type":"Feature","id":"dt_wsqqwyqwr","properties":{"id":"dt_wsqqwyqwr","status":"review","conf":0.7072,"n_detections":1,"heading_deg":55.0,"length_m":6.65,"width_m":3.14,"corner":"NW","intersection_id":"TPS_00267","intersection_dist_m":23.1,"serves_from_bearing":235.0,"serves_to_bearing":145.0,"serves_quality":"good","lat":25.0842579,"lon":121.5949531,"confidence":"probable","source":"dieturn/yolo26s-obb_ep144@taipei_udd_ortho_2025","source_updated_at":"2026-09-05"},"geometry":{"type":"Polygon","coordinates":[[[121.5949892,25.0842636],[121.5949712,25.0842868],[121.5949171,25.0842523],[121.5949351,25.0842291],[121.5949892,25.0842636]]]}},{"type":"Feature","id":"dt_wsqqtq7x4","properties":{"id":"dt_wsqqtq7x4","status":"review","conf":0.7052,"n_detections":1,"heading_deg":6.5,"length_m":3.36,"width_m":3.29,"corner":"NW","intersection_id":"TPS_00343","intersection_dist_m":18.3,"serves_from_bearing":276.5,"serves_to_bearing":186.5,"serves_quality":"good","lat":25.0843864,"lon":121.5246924,"confidence":"probable","source":"dieturn/yolo26s-obb_ep144@taipei_udd_ortho_2025","source_updated_at":"2026-09-05"},"geometry":{"type":"Polygon","coordinates":[[[121.5247068,25.0843697],[121.5247105,25.0843999],[121.5246781,25.0844032],[121.5246744,25.0843729],[121.5247068,25.0843697]]]}},{"type":"Feature","id":"dt_wsqqmnkbv","properties":{"id":"dt_wsqqmnkbv","status":"review","conf":0.7049,"n_detections":1,"heading_deg":97.4,"length_m":9.95,"width_m":3.44,"corner":"SW","intersection_id":"TPS_02096","intersection_dist_m":22.8,"serves_from_bearing":97.4,"serves_to_bearing":7.4,"serves_quality":"ambiguous","lat":25.0393706,"lon":121.5155611,"confidence":"probable","source":"dieturn/yolo26s-obb_ep144@taipei_udd_ortho_2025","source_updated_at":"2026-09-05"},"geometry":{"type":"Polygon","coordinates":[[[121.5156078,25.0393495],[121.5156122,25.0393803],[121.5155144,25.0393918],[121.5155099,25.039361],[121.5156078,25.0393495]]]}},{"type":"Feature","id":"dt_wsqqw3s1w","properties":{"id":"dt_wsqqw3s1w","status":"review","conf":0.7024,"n_detections":2,"heading_deg":169.0,"length_m":4.06,"width_m":2.17,"corner":"NE","intersection_id":"TPS_02467","intersection_dist_m":16.6,"serves_from_bearing":349.0,"serves_to_bearing":259.0,"serves_quality":"good","lat":25.0573559,"lon":121.5694913,"confidence":"probable","source":"dieturn/yolo26s-obb_ep144@taipei_udd_ortho_2025","source_updated_at":"2026-09-05"},"geometry":{"type":"Polygon","coordinates":[[[121.5695057,25.0573397],[121.569498,25.0573757],[121.5694769,25.0573721],[121.5694846,25.0573361],[121.5695057,25.0573397]]]}},{"type":"Feature","id":"dt_wsqqte98g","properties":{"id":"dt_wsqqte98g","status":"review","conf":0.7014,"n_detections":1,"heading_deg":178.1,"length_m":2.68,"width_m":2.6,"corner":"SW","intersection_id":"TPS_02497","intersection_dist_m":33.4,"serves_from_bearing":178.1,"serves_to_bearing":88.1,"serves_quality":"good","lat":25.0682003,"lon":121.5329582,"confidence":"probable","source":"dieturn/yolo26s-obb_ep144@taipei_udd_ortho_2025","source_updated_at":"2026-09-05"},"geometry":{"type":"Polygon","coordinates":[[[121.5329716,25.0681886],[121.5329707,25.0682128],[121.5329449,25.0682121],[121.5329458,25.0681878],[121.5329716,25.0681886]]]}},{"type":"Feature","id":"dt_wsqqkevpg","properties":{"id":"dt_wsqqkevpg","status":"review","conf":0.7004,"n_detections":1,"heading_deg":51.9,"length_m":5.19,"width_m":2.69,"corner":"SE","intersection_id":"TPS_00920","intersection_dist_m":14.3,"serves_from_bearing":141.9,"serves_to_bearing":51.9,"serves_quality":"ambiguous","lat":25.0268283,"lon":121.493827,"confidence":"probable","source":"dieturn/yolo26s-obb_ep144@taipei_udd_ortho_2025","source_updated_at":"2026-09-05"},"geometry":{"type":"Polygon","coordinates":[[[121.4938555,25.0268333],[121.493839,25.0268523],[121.4937985,25.0268234],[121.4938151,25.0268043],[121.4938555,25.0268333]]]}},{"type":"Feature","id":"dt_wsqqwcm0n","properties":{"id":"dt_wsqqwcm0n","status":"review","conf":0.6991,"n_detections":1,"heading_deg":162.4,"length_m":2.09,"width_m":1.27,"corner":"NW","intersection_id":"TPS_01806","intersection_dist_m":9.8,"serves_from_bearing":252.4,"serves_to_bearing":162.4,"serves_quality":"good","lat":25.0557337,"lon":121.5928347,"confidence":"probable","source":"dieturn/yolo26s-obb_ep144@taipei_udd_ortho_2025","source_updated_at":"2026-09-05"},"geometry":{"type":"Polygon","coordinates":[[[121.5928438,25.0557265],[121.5928376,25.0557444],[121.5928256,25.055741],[121.5928319,25.055723],[121.5928438,25.0557265]]]}},{"type":"Feature","id":"dt_wsqqt7xb3","properties":{"id":"dt_wsqqt7xb3","status":"review","conf":0.6966,"n_detections":2,"heading_deg":2.3,"length_m":6.6,"width_m":2.78,"corner":"SE","intersection_id":"TPS_00663","intersection_dist_m":20.6,"serves_from_bearing":92.3,"serves_to_bearing":2.3,"serves_quality":"good","lat":25.0681067,"lon":121.5304776,"confidence":"probable","source":"dieturn/yolo26s-obb_ep144@taipei_udd_ortho_2025","source_updated_at":"2026-09-05"},"geometry":{"type":"Polygon","coordinates":[[[121.5304901,25.0680764],[121.5304928,25.068136],[121.5304652,25.068137],[121.5304625,25.0680773],[121.5304901,25.0680764]]]}},{"type":"Feature","id":"dt_wsqqmr8r9","properties":{"id":"dt_wsqqmr8r9","status":"review","conf":0.6958,"n_detections":1,"heading_deg":99.4,"length_m":2.47,"width_m":2.36,"corner":"NW","intersection_id":"TPS_00037","intersection_dist_m":27.6,"serves_from_bearing":279.4,"serves_to_bearing":189.4,"serves_quality":"good","lat":25.0473786,"lon":121.520194,"confidence":"probable","source":"dieturn/yolo26s-obb_ep144@taipei_udd_ortho_2025","source_updated_at":"2026-09-05"},"geometry":{"type":"Polygon","coordinates":[[[121.5202041,25.0473663],[121.520208,25.0473873],[121.5201838,25.047391],[121.52018,25.0473699],[121.5202041,25.0473663]]]}},{"type":"Feature","id":"dt_wsqqwemp4","properties":{"id":"dt_wsqqwemp4","status":"review","conf":0.6954,"n_detections":1,"heading_deg":58.8,"length_m":3.26,"width_m":2.59,"corner":"SE","intersection_id":"TPS_00800","intersection_dist_m":13.2,"serves_from_bearing":58.8,"serves_to_bearing":328.8,"serves_quality":"good","lat":25.0678957,"lon":121.5816735,"confidence":"probable","source":"dieturn/yolo26s-obb_ep144@taipei_udd_ortho_2025","source_updated_at":"2026-09-05"},"geometry":{"type":"Polygon","coordinates":[[[121.5816941,25.0678933],[121.5816806,25.0679133],[121.5816529,25.067898],[121.5816664,25.067878],[121.5816941,25.0678933]]]}},{"type":"Feature","id":"dt_wsqqtc1bb","properties":{"id":"dt_wsqqtc1bb","status":"review","conf":0.6939,"n_detections":1,"heading_deg":86.6,"length_m":7.57,"width_m":2.65,"corner":"SE","intersection_id":"TPS_00650","intersection_dist_m":11.6,"serves_from_bearing":86.6,"serves_to_bearing":356.6,"serves_quality":"good","lat":25.0544872,"lon":121.5441678,"confidence":"probable","source":"dieturn/yolo26s-obb_ep144@taipei_udd_ortho_2025","source_updated_at":"2026-09-05"},"geometry":{"type":"Polygon","coordinates":[[[121.544206,25.0544772],[121.5442044,25.0545011],[121.5441295,25.0544971],[121.5441311,25.0544732],[121.544206,25.0544772]]]}},{"type":"Feature","id":"dt_wsqqv7vm2","properties":{"id":"dt_wsqqv7vm2","status":"review","conf":0.6934,"n_detections":1,"heading_deg":23.6,"length_m":2.62,"width_m":2.59,"corner":"SW","intersection_id":"TPS_00123","intersection_dist_m":45.5,"serves_from_bearing":203.6,"serves_to_bearing":113.6,"serves_quality":"good","lat":25.1142831,"lon":121.5269923,"confidence":"probable","source":"dieturn/yolo26s-obb_ep144@taipei_udd_ortho_2025","source_updated_at":"2026-09-05"},"geometry":{"type":"Polygon","coordinates":[[[121.5269988,25.1142676],[121.5270092,25.1142893],[121.5269857,25.1142986],[121.5269753,25.1142769],[121.5269988,25.1142676]]]}},{"type":"Feature","id":"dt_wsqqtg1vu","properties":{"id":"dt_wsqqtg1vu","status":"review","conf":0.6919,"n_detections":1,"heading_deg":80.9,"length_m":3.67,"width_m":3.23,"corner":"SE","intersection_id":"TPS_01197","intersection_dist_m":44.2,"serves_from_bearing":80.9,"serves_to_bearing":350.9,"serves_quality":"good","lat":25.0663298,"lon":121.5443287,"confidence":"probable","source":"dieturn/yolo26s-obb_ep144@taipei_udd_ortho_2025","source_updated_at":"2026-09-05"},"geometry":{"type":"Polygon","coordinates":[[[121.5443492,25.066318],[121.5443441,25.0663469],[121.5443081,25.0663416],[121.5443132,25.0663128],[121.5443492,25.066318]]]}},{"type":"Feature","id":"dt_wsqqqx65v","properties":{"id":"dt_wsqqqx65v","status":"review","conf":0.6914,"n_detections":2,"heading_deg":3.1,"length_m":6.65,"width_m":2.41,"corner":"SW","intersection_id":"TPS_00335","intersection_dist_m":18.0,"serves_from_bearing":183.1,"serves_to_bearing":93.1,"serves_quality":"good","lat":25.0453766,"lon":121.5776711,"confidence":"probable","source":"dieturn/yolo26s-obb_ep144@taipei_udd_ortho_2025","source_updated_at":"2026-09-05"},"geometry":{"type":"Polygon","coordinates":[[[121.5776813,25.045346],[121.5776849,25.0454061],[121.577661,25.0454072],[121.5776574,25.0453472],[121.5776813,25.045346]]]}},{"type":"Feature","id":"dt_wsqqqjyr7","properties":{"id":"dt_wsqqqjyr7","status":"review","conf":0.6912,"n_detections":1,"heading_deg":86.5,"length_m":4.56,"width_m":2.25,"corner":"NW","intersection_id":"TPS_00004","intersection_dist_m":23.2,"serves_from_bearing":266.5,"serves_to_bearing":176.5,"serves_quality":"good","lat":25.0377153,"lon":121.5614801,"confidence":"probable","source":"dieturn/yolo26s-obb_ep144@taipei_udd_ortho_2025","source_updated_at":"2026-09-05"},"geometry":{"type":"Polygon","coordinates":[[[121.5615034,25.0377065],[121.561502,25.0377267],[121.5614569,25.0377242],[121.5614583,25.0377038],[121.5615034,25.0377065]]]}},{"type":"Feature","id":"dt_wsqqkvd3r","properties":{"id":"dt_wsqqkvd3r","status":"review","conf":0.6907,"n_detections":1,"heading_deg":90.6,"length_m":4.71,"width_m":2.31,"corner":"NE","intersection_id":"TPS_00919","intersection_dist_m":13.5,"serves_from_bearing":0.6,"serves_to_bearing":270.6,"serves_quality":"ambiguous","lat":25.0353488,"lon":121.5012216,"confidence":"probable","source":"dieturn/yolo26s-obb_ep144@taipei_udd_ortho_2025","source_updated_at":"2026-09-05"},"geometry":{"type":"Polygon","coordinates":[[[121.5012448,25.0353381],[121.5012451,25.035359],[121.5011984,25.0353594],[121.5011982,25.0353386],[121.5012448,25.0353381]]]}},{"type":"Feature","id":"dt_wsqqmzcsj","properties":{"id":"dt_wsqqmzcsj","status":"review","conf":0.6901,"n_detections":1,"heading_deg":88.8,"length_m":9.45,"width_m":2.55,"corner":"SE","intersection_id":"TPS_00629","intersection_dist_m":14.8,"serves_from_bearing":88.8,"serves_to_bearing":358.8,"serves_quality":"good","lat":25.0481713,"lon":121.5440614,"confidence":"probable","source":"dieturn/yolo26s-obb_ep144@taipei_udd_ortho_2025","source_updated_at":"2026-09-05"},"geometry":{"type":"Polygon","coordinates":[[[121.5441085,25.0481607],[121.5441079,25.0481838],[121.5440142,25.048182],[121.5440148,25.0481589],[121.5441085,25.0481607]]]}},{"type":"Feature","id":"dt_wsqqw7xzy","properties":{"id":"dt_wsqqw7xzy","status":"review","conf":0.6898,"n_detections":1,"heading_deg":11.2,"length_m":7.33,"width_m":5.2,"corner":"NW","intersection_id":"TPS_00032","intersection_dist_m":16.1,"serves_from_bearing":281.2,"serves_to_bearing":191.2,"serves_quality":"good","lat":25.0693925,"lon":121.5746487,"confidence":"probable","source":"dieturn/yolo26s-obb_ep144@taipei_udd_ortho_2025","source_updated_at":"2026-09-05"},"geometry":{"type":"Polygon","coordinates":[[[121.5746669,25.0693554],[121.5746811,25.0694205],[121.5746305,25.0694295],[121.5746164,25.0693644],[121.5746669,25.0693554]]]}},{"type":"Feature","id":"dt_wsqqmr8nr","properties":{"id":"dt_wsqqmr8nr","status":"review","conf":0.6893,"n_detections":2,"heading_deg":20.9,"length_m":8.68,"width_m":2.62,"corner":"NW","intersection_id":"TPS_00037","intersection_dist_m":18.9,"serves_from_bearing":200.9,"serves_to_bearing":110.9,"serves_quality":"good","lat":25.047166,"lon":121.5201148,"confidence":"probable","source":"dieturn/yolo26s-obb_ep144@taipei_udd_ortho_2025","source_updated_at":"2026-09-05"},"geometry":{"type":"Polygon","coordinates":[[[121.5201115,25.0471252],[121.5201422,25.0471985],[121.520118,25.0472069],[121.5200873,25.0471336],[121.5201115,25.0471252]]]}},{"type":"Feature","id":"dt_wsqqw4mr4","properties":{"id":"dt_wsqqw4mr4","status":"review","conf":0.6891,"n_detections":2,"heading_deg":170.4,"length_m":5.86,"width_m":2.3,"corner":"NW","intersection_id":"TPS_01193","intersection_dist_m":11.6,"serves_from_bearing":260.4,"serves_to_bearing":170.4,"serves_quality":"ambiguous","lat":25.062401,"lon":121.5600561,"confidence":"probable","source":"dieturn/yolo26s-obb_ep144@taipei_udd_ortho_2025","source_updated_at":"2026-09-05"},"geometry":{"type":"Polygon","coordinates":[[[121.5600722,25.0623766],[121.5600625,25.0624288],[121.56004,25.0624254],[121.5600497,25.0623732],[121.5600722,25.0623766]]]}},{"type":"Feature","id":"dt_wsqqx3wy1","properties":{"id":"dt_wsqqx3wy1","status":"review","conf":0.6877,"n_detections":1,"heading_deg":2.3,"length_m":5.86,"width_m":2.25,"corner":"NE","intersection_id":"TPS_00846","intersection_dist_m":18.0,"serves_from_bearing":2.3,"serves_to_bearing":272.3,"serves_quality":"good","lat":25.0581388,"lon":121.617009,"confidence":"probable","source":"dieturn/yolo26s-obb_ep144@taipei_udd_ortho_2025","source_updated_at":"2026-09-05"},"geometry":{"type":"Polygon","coordinates":[[[121.617019,25.0581119],[121.6170214,25.0581648],[121.616999,25.0581657],[121.6169967,25.0581127],[121.617019,25.0581119]]]}},{"type":"Feature","id":"dt_wsqqwv5pm","properties":{"id":"dt_wsqqwv5pm","status":"review","conf":0.6831,"n_detections":1,"heading_deg":154.2,"length_m":3.89,"width_m":2.45,"corner":"NE","intersection_id":"TPS_00971","intersection_dist_m":15.5,"serves_from_bearing":334.2,"serves_to_bearing":244.2,"serves_quality":"good","lat":25.077559,"lon":121.5900596,"confidence":"probable","source":"dieturn/yolo26s-obb_ep144@taipei_udd_ortho_2025","source_updated_at":"2026-09-05"},"geometry":{"type":"Polygon","coordinates":[[[121.5900789,25.0775479],[121.5900621,25.0775796],[121.5900402,25.07757],[121.590057,25.0775384],[121.5900789,25.0775479]]]}},{"type":"Feature","id":"dt_wsqqmxukz","properties":{"id":"dt_wsqqmxukz","status":"review","conf":0.6808,"n_detections":1,"heading_deg":177.9,"length_m":2.16,"width_m":0.8,"corner":"SE","intersection_id":"TPS_00306","intersection_dist_m":43.0,"serves_from_bearing":87.9,"serves_to_bearing":357.9,"serves_quality":"good","lat":25.0482936,"lon":121.5369395,"confidence":"probable","source":"dieturn/yolo26s-obb_ep144@taipei_udd_ortho_2025","source_updated_at":"2026-09-05"},"geometry":{"type":"Polygon","coordinates":[[[121.5369439,25.048284],[121.5369431,25.0483036],[121.5369352,25.0483033],[121.536936,25.0482837],[121.5369439,25.048284]]]}},{"type":"Feature","id":"dt_wsqqthew8","properties":{"id":"dt_wsqqthew8","status":"review","conf":0.6794,"n_detections":1,"heading_deg":1.4,"length_m":7.07,"width_m":5.05,"corner":"NW","intersection_id":"TPS_01480","intersection_dist_m":30.9,"serves_from_bearing":271.4,"serves_to_bearing":181.4,"serves_quality":"good","lat":25.0747023,"lon":121.5136356,"confidence":"probable","source":"dieturn/yolo26s-obb_ep144@taipei_udd_ortho_2025","source_updated_at":"2026-09-05"},"geometry":{"type":"Polygon","coordinates":[[[121.5136598,25.0746698],[121.5136615,25.0747337],[121.5136115,25.0747349],[121.5136097,25.074671],[121.5136598,25.0746698]]]}},{"type":"Feature","id":"dt_wsqqx6fmm","properties":{"id":"dt_wsqqx6fmm","status":"review","conf":0.6742,"n_detections":1,"heading_deg":80.9,"length_m":10.7,"width_m":5.28,"corner":"SE","intersection_id":"TPS_00118","intersection_dist_m":16.5,"serves_from_bearing":80.9,"serves_to_bearing":350.9,"serves_quality":"good","lat":25.0648552,"lon":121.6110068,"confidence":"probable","source":"dieturn/yolo26s-obb_ep144@taipei_udd_ortho_2025","source_updated_at":"2026-09-05"},"geometry":{"type":"Polygon","coordinates":[[[121.6110634,25.0648393],[121.611055,25.0648864],[121.6109502,25.0648711],[121.6109586,25.064824],[121.6110634,25.0648393]]]}},{"type":"Feature","id":"dt_wsqqmy19b","properties":{"id":"dt_wsqqmy19b","status":"review","conf":0.6726,"n_detections":1,"heading_deg":4.4,"length_m":8.72,"width_m":2.69,"corner":"NE","intersection_id":"TPS_00010","intersection_dist_m":25.4,"serves_from_bearing":4.4,"serves_to_bearing":274.4,"serves_quality":"good","lat":25.0381588,"lon":121.5438337,"confidence":"probable","source":"dieturn/yolo26s-obb_ep144@taipei_udd_ortho_2025","source_updated_at":"2026-09-05"},"geometry":{"type":"Polygon","coordinates":[[[121.5438437,25.0381185],[121.5438503,25.0381972],[121.5438237,25.038199],[121.5438172,25.0381204],[121.5438437,25.0381185]]]}},{"type":"Feature","id":"dt_wsqqthpq8","properties":{"id":"dt_wsqqthpq8","status":"review","conf":0.6718,"n_detections":1,"heading_deg":11.2,"length_m":6.91,"width_m":2.42,"corner":"NE","intersection_id":"TPS_00684","intersection_dist_m":18.0,"serves_from_bearing":11.2,"serves_to_bearing":281.2,"serves_quality":"good","lat":25.0719561,"lon":121.5187834,"confidence":"probable","source":"dieturn/yolo26s-obb_ep144@taipei_udd_ortho_2025","source_updated_at":"2026-09-05"},"geometry":{"type":"Polygon","coordinates":[[[121.5187885,25.0719233],[121.5188017,25.0719846],[121.5187782,25.0719888],[121.518765,25.0719275],[121.5187885,25.0719233]]]}},{"type":"Feature","id":"dt_wsqqmxk8b","properties":{"id":"dt_wsqqmxk8b","status":"review","conf":0.6707,"n_detections":1,"heading_deg":179.3,"length_m":6.87,"width_m":2.18,"corner":"NE","intersection_id":"TPS_00300","intersection_dist_m":14.4,"serves_from_bearing":359.3,"serves_to_bearing":269.3,"serves_quality":"good","lat":25.044872,"lon":121.5369647,"confidence":"probable","source":"dieturn/yolo26s-obb_ep144@taipei_udd_ortho_2025","source_updated_at":"2026-09-05"},"geometry":{"type":"Polygon","coordinates":[[[121.536976,25.0448411],[121.5369751,25.0449032],[121.5369535,25.0449029],[121.5369543,25.0448408],[121.536976,25.0448411]]]}},{"type":"Feature","id":"dt_wsqqmt1rb","properties":{"id":"dt_wsqqmt1rb","status":"review","conf":0.6676,"n_detections":1,"heading_deg":3.4,"length_m":6.87,"width_m":2.66,"corner":"NE","intersection_id":"TPS_00075","intersection_dist_m":2.0,"serves_from_bearing":3.4,"serves_to_bearing":273.4,"serves_quality":"ambiguous","lat":25.0337049,"lon":121.5324843,"confidence":"probable","source":"dieturn/yolo26s-obb_ep144@taipei_udd_ortho_2025","source_updated_at":"2026-09-05"},"geometry":{"type":"Polygon","coordinates":[[[121.5324954,25.0336732],[121.5324995,25.0337352],[121.5324731,25.0337366],[121.5324691,25.0336746],[121.5324954,25.0336732]]]}},{"type":"Feature","id":"dt_wsqqme4xu","properties":{"id":"dt_wsqqme4xu","status":"review","conf":0.667,"n_detections":1,"heading_deg":88.9,"length_m":8.14,"width_m":2.66,"corner":"NW","intersection_id":"TPS_00270","intersection_dist_m":9.4,"serves_from_bearing":268.9,"serves_to_bearing":178.9,"serves_quality":"good","lat":25.0227191,"lon":121.5343879,"confidence":"probable","source":"dieturn/yolo26s-obb_ep144@taipei_udd_ortho_2025","source_updated_at":"2026-09-05"},"geometry":{"type":"Polygon","coordinates":[[[121.5344284,25.0227078],[121.534428,25.0227319],[121.5343473,25.0227305],[121.5343478,25.0227064],[121.5344284,25.0227078]]]}},{"type":"Feature","id":"dt_wsqqmytke","properties":{"id":"dt_wsqqmytke","status":"review","conf":0.6664,"n_detections":4,"heading_deg":88.7,"length_m":10.67,"width_m":2.92,"corner":"NE","intersection_id":"TPS_01209","intersection_dist_m":19.7,"serves_from_bearing":358.7,"serves_to_bearing":268.7,"serves_quality":"good","lat":25.0413676,"lon":121.5491189,"confidence":"probable","source":"dieturn/yolo26s-obb_ep144@taipei_udd_ortho_2025","source_updated_at":"2026-09-05"},"geometry":{"type":"Polygon","coordinates":[[[121.5491721,25.0413554],[121.5491715,25.0413818],[121.5490656,25.0413797],[121.5490663,25.0413533],[121.5491721,25.0413554]]]}},{"type":"Feature","id":"dt_wsqqmx68m","properties":{"id":"dt_wsqqmx68m","status":"review","conf":0.6655,"n_detections":1,"heading_deg":82.0,"length_m":10.49,"width_m":8.51,"corner":"SW","intersection_id":"TPS_00328","intersection_dist_m":28.5,"serves_from_bearing":172.0,"serves_to_bearing":82.0,"serves_quality":"good","lat":25.0447885,"lon":121.5344366,"confidence":"probable","source":"dieturn/yolo26s-obb_ep144@taipei_udd_ortho_2025","source_updated_at":"2026-09-05"},"geometry":{"type":"Polygon","coordinates":[[[121.5344939,25.044757],[121.5344821,25.0448332],[121.5343791,25.0448201],[121.5343909,25.0447439],[121.5344939,25.044757]]]}},{"type":"Feature","id":"dt_wsqqmnwzy","properties":{"id":"dt_wsqqmnwzy","status":"review","conf":0.6647,"n_detections":1,"heading_deg":100.0,"length_m":2.44,"width_m":2.4,"corner":"NW","intersection_id":"TPS_00124","intersection_dist_m":17.9,"serves_from_bearing":280.0,"serves_to_bearing":190.0,"serves_quality":"ambiguous","lat":25.0419368,"lon":121.5183298,"confidence":"probable","source":"dieturn/yolo26s-obb_ep144@taipei_udd_ortho_2025","source_updated_at":"2026-09-05"},"geometry":{"type":"Polygon","coordinates":[[[121.5183396,25.0419242],[121.5183438,25.0419456],[121.51832,25.0419494],[121.5183158,25.0419281],[121.5183396,25.0419242]]]}},{"type":"Feature","id":"dt_wsqqw1qwm","properties":{"id":"dt_wsqqw1qwm","status":"review","conf":0.6647,"n_detections":1,"heading_deg":79.9,"length_m":6.09,"width_m":2.38,"corner":"NE","intersection_id":"TPS_00481","intersection_dist_m":7.1,"serves_from_bearing":349.9,"serves_to_bearing":259.9,"serves_quality":"ambiguous","lat":25.0567845,"lon":121.5618791,"confidence":"probable","source":"dieturn/yolo26s-obb_ep144@taipei_udd_ortho_2025","source_updated_at":"2026-09-05"},"geometry":{"type":"Polygon","coordinates":[[[121.5619109,25.0567787],[121.5619067,25.0567999],[121.5618473,25.0567902],[121.5618515,25.056769],[121.5619109,25.0567787]]]}},{"type":"Feature","id":"dt_wsqqx6hu2","properties":{"id":"dt_wsqqx6hu2","status":"review","conf":0.6644,"n_detections":1,"heading_deg":147.5,"length_m":5.93,"width_m":3.35,"corner":"NW","intersection_id":"TPS_00854","intersection_dist_m":28.4,"serves_from_bearing":237.5,"serves_to_bearing":147.5,"serves_quality":"good","lat":25.0605847,"lon":121.6141908,"confidence":"probable","source":"dieturn/yolo26s-obb_ep144@taipei_udd_ortho_2025","source_updated_at":"2026-09-05"},"geometry":{"type":"Polygon","coordinates":[[[121.6142206,25.0605702],[121.614189,25.0606154],[121.6141609,25.0605993],[121.6141925,25.0605541],[121.6142206,25.0605702]]]}},{"type":"Feature","id":"dt_wsqqte99u","properties":{"id":"dt_wsqqte99u","status":"review","conf":0.6621,"n_detections":2,"heading_deg":86.2,"length_m":8.61,"width_m":2.72,"corner":"SW","intersection_id":"TPS_02497","intersection_dist_m":15.4,"serves_from_bearing":176.2,"serves_to_bearing":86.2,"serves_quality":"good","lat":25.068358,"lon":121.5330033,"confidence":"probable","source":"dieturn/yolo26s-obb_ep144@taipei_udd_ortho_2025","source_updated_at":"2026-09-05"},"geometry":{"type":"Polygon","coordinates":[[[121.5330468,25.0683483],[121.533045,25.0683728],[121.5329599,25.0683677],[121.5329617,25.0683431],[121.5330468,25.0683483]]]}},{"type":"Feature","id":"dt_wsqqw9u4j","properties":{"id":"dt_wsqqw9u4j","status":"review","conf":0.6612,"n_detections":1,"heading_deg":58.6,"length_m":8.34,"width_m":2.43,"corner":"SE","intersection_id":"TPS_00364","intersection_dist_m":18.2,"serves_from_bearing":58.6,"serves_to_bearing":328.6,"serves_quality":"good","lat":25.0587879,"lon":121.58044,"confidence":"probable","source":"dieturn/yolo26s-obb_ep144@taipei_udd_ortho_2025","source_updated_at":"2026-09-05"},"geometry":{"type":"Polygon","coordinates":[[[121.5804817,25.0587982],[121.580469,25.0588169],[121.5803984,25.0587776],[121.5804111,25.0587589],[121.5804817,25.0587982]]]}},{"type":"Feature","id":"dt_wsqqmzc68","properties":{"id":"dt_wsqqmzc68","status":"review","conf":0.6608,"n_detections":1,"heading_deg":7.3,"length_m":4.46,"width_m":1.32,"corner":"NW","intersection_id":"TPS_02536","intersection_dist_m":43.8,"serves_from_bearing":277.3,"serves_to_bearing":187.3,"serves_quality":"good","lat":25.0479175,"lon":121.5434691,"confidence":"probable","source":"dieturn/yolo26s-obb_ep144@taipei_udd_ortho_2025","source_updated_at":"2026-09-05"},"geometry":{"type":"Polygon","coordinates":[[[121.5434728,25.0478967],[121.5434784,25.0479367],[121.5434655,25.0479382],[121.5434598,25.0478982],[121.5434728,25.0478967]]]}},{"type":"Feature","id":"dt_wsqqmwj10","properties":{"id":"dt_wsqqmwj10","status":"review","conf":0.6606,"n_detections":1,"heading_deg":15.9,"length_m":3.1,"width_m":1.99,"corner":"SW","intersection_id":"TPS_01101","intersection_dist_m":35.1,"serves_from_bearing":105.9,"serves_to_bearing":15.9,"serves_quality":"good","lat":25.0380247,"lon":121.5376685,"confidence":"probable","source":"dieturn/yolo26s-obb_ep144@taipei_udd_ortho_2025","source_updated_at":"2026-09-05"},"geometry":{"type":"Polygon","coordinates":[[[121.5376738,25.0380088],[121.5376823,25.0380358],[121.5376632,25.0380407],[121.5376548,25.0380137],[121.5376738,25.0380088]]]}},{"type":"Feature","id":"dt_wsqqw9jrm","properties":{"id":"dt_wsqqw9jrm","status":"review","conf":0.6603,"n_detections":1,"heading_deg":143.3,"length_m":5.14,"width_m":1.93,"corner":"SW","intersection_id":"TPS_01837","intersection_dist_m":17.1,"serves_from_bearing":143.3,"serves_to_bearing":53.3,"serves_quality":"good","lat":25.0555687,"lon":121.5821464,"confidence":"probable","source":"dieturn/yolo26s-obb_ep144@taipei_udd_ortho_2025","source_updated_at":"2026-09-05"},"geometry":{"type":"Polygon","coordinates":[[[121.5821693,25.0555553],[121.5821389,25.0555926],[121.5821235,25.0555823],[121.5821538,25.0555449],[121.5821693,25.0555553]]]}},{"type":"Feature","id":"dt_wsqqjtz7x","properties":{"id":"dt_wsqqjtz7x","status":"review","conf":0.6602,"n_detections":1,"heading_deg":12.8,"length_m":3.64,"width_m":2.5,"corner":"NW","intersection_id":"TPS_00084","intersection_dist_m":10.6,"serves_from_bearing":282.8,"serves_to_bearing":192.8,"serves_quality":"good","lat":24.9931241,"lon":121.5410332,"confidence":"probable","source":"dieturn/yolo26s-obb_ep144@taipei_udd_ortho_2025","source_updated_at":"2026-09-05"},"geometry":{"type":"Polygon","coordinates":[[[121.5410413,24.9931055],[121.5410493,24.9931376],[121.5410251,24.9931426],[121.541017,24.9931106],[121.5410413,24.9931055]]]}},{"type":"Feature","id":"dt_wsqqt05k8","properties":{"id":"dt_wsqqt05k8","status":"review","conf":0.6593,"n_detections":1,"heading_deg":106.1,"length_m":6.5,"width_m":3.96,"corner":"NW","intersection_id":"TPS_00082","intersection_dist_m":20.1,"serves_from_bearing":286.1,"serves_to_bearing":196.1,"serves_quality":"good","lat":25.0496123,"lon":121.5132832,"confidence":"probable","source":"dieturn/yolo26s-obb_ep144@taipei_udd_ortho_2025","source_updated_at":"2026-09-05"},"geometry":{"type":"Polygon","coordinates":[[[121.5133086,25.049587],[121.5133196,25.0496214],[121.5132578,25.0496377],[121.5132468,25.0496033],[121.5133086,25.049587]]]}},{"type":"Feature","id":"dt_wsqqtprn2","properties":{"id":"dt_wsqqtprn2","status":"review","conf":0.6587,"n_detections":1,"heading_deg":96.6,"length_m":2.65,"width_m":2.47,"corner":"SE","intersection_id":"TPS_00788","intersection_dist_m":16.3,"serves_from_bearing":96.6,"serves_to_bearing":6.6,"serves_quality":"good","lat":25.0897561,"lon":121.5184032,"confidence":"probable","source":"dieturn/yolo26s-obb_ep144@taipei_udd_ortho_2025","source_updated_at":"2026-09-05"},"geometry":{"type":"Polygon","coordinates":[[[121.5184148,25.0897436],[121.5184177,25.0897658],[121.5183916,25.0897686],[121.5183888,25.0897463],[121.5184148,25.0897436]]]}},{"type":"Feature","id":"dt_wsqqw80zt","properties":{"id":"dt_wsqqw80zt","status":"review","conf":0.6579,"n_detections":1,"heading_deg":87.6,"length_m":5.04,"width_m":4.14,"corner":"NW","intersection_id":"TPS_00736","intersection_dist_m":11.0,"serves_from_bearing":267.6,"serves_to_bearing":177.6,"serves_quality":"ambiguous","lat":25.0501188,"lon":121.5759612,"confidence":"probable","source":"dieturn/yolo26s-obb_ep144@taipei_udd_ortho_2025","source_updated_at":"2026-09-05"},"geometry":{"type":"Polygon","coordinates":[[[121.575987,25.050101],[121.5759853,25.0501385],[121.5759354,25.0501365],[121.5759371,25.0500992],[121.575987,25.050101]]]}},{"type":"Feature","id":"dt_wsqqks2vu","properties":{"id":"dt_wsqqks2vu","status":"review","conf":0.6574,"n_detections":1,"heading_deg":171.7,"length_m":2.76,"width_m":1.48,"corner":"NW","intersection_id":"TPS_02195","intersection_dist_m":27.0,"serves_from_bearing":261.7,"serves_to_bearing":171.7,"serves_quality":"good","lat":25.0292452,"lon":121.4880219,"confidence":"probable","source":"dieturn/yolo26s-obb_ep144@taipei_udd_ortho_2025","source_updated_at":"2026-09-05"},"geometry":{"type":"Polygon","coordinates":[[[121.4880312,25.0292338],[121.4880272,25.0292586],[121.4880127,25.0292567],[121.4880166,25.0292319],[121.4880312,25.0292338]]]}},{"type":"Feature","id":"dt_wsqqnpqx2","properties":{"id":"dt_wsqqnpqx2","status":"review","conf":0.6539,"n_detections":1,"heading_deg":161.1,"length_m":2.84,"width_m":1.38,"corner":"NW","intersection_id":"TPS_01304","intersection_dist_m":37.0,"serves_from_bearing":251.1,"serves_to_bearing":161.1,"serves_quality":"good","lat":25.0020162,"lon":121.5616626,"confidence":"probable","source":"dieturn/yolo26s-obb_ep144@taipei_udd_ortho_2025","source_updated_at":"2026-09-05"},"geometry":{"type":"Polygon","coordinates":[[[121.5616737,25.0020061],[121.5616646,25.0020304],[121.5616516,25.0020264],[121.5616607,25.0020021],[121.5616737,25.0020061]]]}},{"type":"Feature","id":"dt_wsqqmxyn9","properties":{"id":"dt_wsqqmxyn9","status":"review","conf":0.6535,"n_detections":1,"heading_deg":0.5,"length_m":4.64,"width_m":2.43,"corner":"NW","intersection_id":"TPS_01402","intersection_dist_m":24.4,"serves_from_bearing":270.5,"serves_to_bearing":180.5,"serves_quality":"good","lat":25.0485724,"lon":121.5390526,"confidence":"probable","source":"dieturn/yolo26s-obb_ep144@taipei_udd_ortho_2025","source_updated_at":"2026-09-05"},"geometry":{"type":"Polygon","coordinates":[[[121.5390645,25.0485513],[121.5390649,25.0485933],[121.5390408,25.0485935],[121.5390404,25.0485515],[121.5390645,25.0485513]]]}},{"type":"Feature","id":"dt_wsqqmytn2","properties":{"id":"dt_wsqqmytn2","status":"review","conf":0.6528,"n_detections":2,"heading_deg":91.0,"length_m":10.85,"width_m":2.86,"corner":"SW","intersection_id":"TPS_01208","intersection_dist_m":16.7,"serves_from_bearing":181.0,"serves_to_bearing":91.0,"serves_quality":"good","lat":25.0416803,"lon":121.5486152,"confidence":"probable","source":"dieturn/yolo26s-obb_ep144@taipei_udd_ortho_2025","source_updated_at":"2026-09-05"},"geometry":{"type":"Polygon","coordinates":[[[121.5486687,25.0416665],[121.5486692,25.0416923],[121.5485617,25.0416941],[121.5485611,25.0416683],[121.5486687,25.0416665]]]}},{"type":"Feature","id":"dt_wsqqkuywx","properties":{"id":"dt_wsqqkuywx","status":"review","conf":0.6525,"n_detections":1,"heading_deg":133.9,"length_m":3.65,"width_m":2.45,"corner":"NE","intersection_id":"TPS_01055","intersection_dist_m":16.0,"serves_from_bearing":313.9,"serves_to_bearing":223.9,"serves_quality":"good","lat":25.0321093,"lon":121.5070672,"confidence":"probable","source":"dieturn/yolo26s-obb_ep144@taipei_udd_ortho_2025","source_updated_at":"2026-09-05"},"geometry":{"type":"Polygon","coordinates":[[[121.5070887,25.0321057],[121.5070627,25.0321286],[121.5070457,25.0321128],[121.5070718,25.0320899],[121.5070887,25.0321057]]]}},{"type":"Feature","id":"dt_wsqqqpmnt","properties":{"id":"dt_wsqqqpmnt","status":"review","conf":0.6511,"n_detections":1,"heading_deg":62.1,"length_m":4.62,"width_m":1.86,"corner":"NW","intersection_id":"TPS_02395","intersection_dist_m":10.8,"serves_from_bearing":242.1,"serves_to_bearing":152.1,"serves_quality":"good","lat":25.0458331,"lon":121.5598576,"confidence":"probable","source":"dieturn/yolo26s-obb_ep144@taipei_udd_ortho_2025","source_updated_at":"2026-09-05"},"geometry":{"type":"Polygon","coordinates":[[[121.5598821,25.0458354],[121.5598734,25.0458503],[121.559833,25.0458307],[121.5598418,25.0458159],[121.5598821,25.0458354]]]}},{"type":"Feature","id":"dt_wsqqqq8s9","properties":{"id":"dt_wsqqqq8s9","status":"review","conf":0.6509,"n_detections":1,"heading_deg":98.7,"length_m":8.88,"width_m":8.18,"corner":"NE","intersection_id":"TPS_00129","intersection_dist_m":24.2,"serves_from_bearing":278.7,"serves_to_bearing":188.7,"serves_quality":"good","lat":25.0413731,"lon":121.5644906,"confidence":"probable","source":"dieturn/yolo26s-obb_ep144@taipei_udd_ortho_2025","source_updated_at":"2026-09-05"},"geometry":{"type":"Polygon","coordinates":[[[121.564528,25.0413305],[121.5645403,25.0414036],[121.5644533,25.0414157],[121.564441,25.0413425],[121.564528,25.0413305]]]}},{"type":"Feature","id":"dt_wsqqwmkpq","properties":{"id":"dt_wsqqwmkpq","status":"review","conf":0.6492,"n_detections":1,"heading_deg":110.2,"length_m":9.67,"width_m":2.57,"corner":"NE","intersection_id":"TPS_01273","intersection_dist_m":11.8,"serves_from_bearing":20.2,"serves_to_bearing":290.2,"serves_quality":"good","lat":25.078942,"lon":121.569513,"confidence":"probable","source":"dieturn/yolo26s-obb_ep144@taipei_udd_ortho_2025","source_updated_at":"2026-09-05"},"geometry":{"type":"Polygon","coordinates":[[[121.5695535,25.078916],[121.5695624,25.0789378],[121.5694724,25.078968],[121.5694635,25.0789462],[121.5695535,25.078916]]]}},{"type":"Feature","id":"dt_wsqqt21q9","properties":{"id":"dt_wsqqt21q9","status":"review","conf":0.6481,"n_detections":1,"heading_deg":18.0,"length_m":3.19,"width_m":1.83,"corner":"NW","intersection_id":"TPS_00331","intersection_dist_m":14.5,"serves_from_bearing":288.0,"serves_to_bearing":198.0,"serves_quality":"good","lat":25.0499528,"lon":121.5215693,"confidence":"probable","source":"dieturn/yolo26s-obb_ep144@taipei_udd_ortho_2025","source_updated_at":"2026-09-05"},"geometry":{"type":"Polygon","coordinates":[[[121.5215731,25.0499365],[121.5215829,25.049964],[121.5215656,25.049969],[121.5215558,25.0499416],[121.5215731,25.0499365]]]}},{"type":"Feature","id":"dt_wsqqt0k84","properties":{"id":"dt_wsqqt0k84","status":"review","conf":0.6471,"n_detections":1,"heading_deg":173.6,"length_m":2.05,"width_m":1.44,"corner":"SW","intersection_id":"TPS_02280","intersection_dist_m":10.6,"serves_from_bearing":173.6,"serves_to_bearing":83.6,"serves_quality":"good","lat":25.0502393,"lon":121.5150931,"confidence":"probable","source":"dieturn/yolo26s-obb_ep144@taipei_udd_ortho_2025","source_updated_at":"2026-09-05"},"geometry":{"type":"Polygon","coordinates":[[[121.5151014,25.0502308],[121.5150991,25.0502493],[121.5150849,25.0502479],[121.5150871,25.0502294],[121.5151014,25.0502308]]]}},{"type":"Feature","id":"dt_wsqqv33uy","properties":{"id":"dt_wsqqv33uy","status":"review","conf":0.6463,"n_detections":1,"heading_deg":166.7,"length_m":3.62,"width_m":2.98,"corner":"SW","intersection_id":"TPS_01985","intersection_dist_m":34.0,"serves_from_bearing":166.7,"serves_to_bearing":76.7,"serves_quality":"good","lat":25.1004661,"lon":121.5224362,"confidence":"probable","source":"dieturn/yolo26s-obb_ep144@taipei_udd_ortho_2025","source_updated_at":"2026-09-05"},"geometry":{"type":"Polygon","coordinates":[[[121.5224548,25.1004532],[121.5224465,25.1004851],[121.5224177,25.100479],[121.5224259,25.1004472],[121.5224548,25.1004532]]]}},{"type":"Feature","id":"dt_wsqqkyzd3","properties":{"id":"dt_wsqqkyzd3","status":"review","conf":0.6441,"n_detections":1,"heading_deg":100.8,"length_m":8.42,"width_m":2.93,"corner":"NE","intersection_id":"TPS_02422","intersection_dist_m":26.2,"serves_from_bearing":10.8,"serves_to_bearing":280.8,"serves_quality":"good","lat":25.0423556,"lon":121.5081562,"confidence":"probable","source":"dieturn/yolo26s-obb_ep144@taipei_udd_ortho_2025","source_updated_at":"2026-09-05"},"geometry":{"type":"Polygon","coordinates":[[[121.5081945,25.0423355],[121.5082,25.0423615],[121.508118,25.0423758],[121.5081125,25.0423497],[121.5081945,25.0423355]]]}},{"type":"Feature","id":"dt_wsqqm6xje","properties":{"id":"dt_wsqqm6xje","status":"review","conf":0.6438,"n_detections":1,"heading_deg":39.6,"length_m":6.1,"width_m":2.61,"corner":"NE","intersection_id":"TPS_00643","intersection_dist_m":14.6,"serves_from_bearing":39.6,"serves_to_bearing":309.6,"serves_quality":"good","lat":25.0195836,"lon":121.5295307,"confidence":"probable","source":"dieturn/yolo26s-obb_ep144@taipei_udd_ortho_2025","source_updated_at":"2026-09-05"},"geometry":{"type":"Polygon","coordinates":[[[121.5295214,25.0195549],[121.52956,25.0195974],[121.5295399,25.0196124],[121.5295013,25.0195698],[121.5295214,25.0195549]]]}},{"type":"Feature","id":"dt_wsqqtfbd6","properties":{"id":"dt_wsqqtfbd6","status":"review","conf":0.6427,"n_detections":1,"heading_deg":156.4,"length_m":3.69,"width_m":2.91,"corner":"NE","intersection_id":"TPS_00422","intersection_dist_m":8.0,"serves_from_bearing":336.4,"serves_to_bearing":246.4,"serves_quality":"good","lat":25.0643389,"lon":121.5425519,"confidence":"probable","source":"dieturn/yolo26s-obb_ep144@taipei_udd_ortho_2025","source_updated_at":"2026-09-05"},"geometry":{"type":"Polygon","coordinates":[[[121.5425725,25.0643288],[121.5425579,25.0643594],[121.5425314,25.064349],[121.542546,25.0643184],[121.5425725,25.0643288]]]}},{"type":"Feature","id":"dt_wsqqkv6m7","properties":{"id":"dt_wsqqkv6m7","status":"review","conf":0.6426,"n_detections":1,"heading_deg":14.0,"length_m":1.87,"width_m":1.36,"corner":"NW","intersection_id":"TPS_02098","intersection_dist_m":7.2,"serves_from_bearing":284.0,"serves_to_bearing":194.0,"serves_quality":"ambiguous","lat":25.0346458,"lon":121.5010546,"confidence":"probable","source":"dieturn/yolo26s-obb_ep144@taipei_udd_ortho_2025","source_updated_at":"2026-09-05"},"geometry":{"type":"Polygon","coordinates":[[[121.5010589,25.0346361],[121.5010634,25.0346526],[121.5010503,25.0346555],[121.5010458,25.0346391],[121.5010589,25.0346361]]]}},{"type":"Feature","id":"dt_wsqqkyzc4","properties":{"id":"dt_wsqqkyzc4","status":"review","conf":0.6422,"n_detections":1,"heading_deg":16.3,"length_m":6.91,"width_m":4.18,"corner":"NE","intersection_id":"TPS_00280","intersection_dist_m":19.6,"serves_from_bearing":16.3,"serves_to_bearing":286.3,"serves_quality":"good","lat":25.0421565,"lon":121.5085493,"confidence":"probable","source":"dieturn/yolo26s-obb_ep144@taipei_udd_ortho_2025","source_updated_at":"2026-09-05"},"geometry":{"type":"Polygon","coordinates":[[[121.5085595,25.0421212],[121.5085788,25.0421813],[121.5085389,25.0421917],[121.5085198,25.0421317],[121.5085595,25.0421212]]]}},{"type":"Feature","id":"dt_wsqqt5wfk","properties":{"id":"dt_wsqqt5wfk","status":"review","conf":0.6419,"n_detections":1,"heading_deg":172.2,"length_m":3.43,"width_m":2.36,"corner":"NW","intersection_id":"TPS_01225","intersection_dist_m":37.3,"serves_from_bearing":262.2,"serves_to_bearing":172.2,"serves_quality":"good","lat":25.0684708,"lon":121.5182371,"confidence":"probable","source":"dieturn/yolo26s-obb_ep144@taipei_udd_ortho_2025","source_updated_at":"2026-09-05"},"geometry":{"type":"Polygon","coordinates":[[[121.518251,25.0684569],[121.5182464,25.0684876],[121.5182232,25.0684847],[121.5182278,25.068454],[121.518251,25.0684569]]]}},{"type":"Feature","id":"dt_wsqqmr37g","properties":{"id":"dt_wsqqmr37g","status":"review","conf":0.6417,"n_detections":1,"heading_deg":101.6,"length_m":5.81,"width_m":1.87,"corner":"NE","intersection_id":"TPS_00173","intersection_dist_m":16.0,"serves_from_bearing":281.6,"serves_to_bearing":191.6,"serves_quality":"good","lat":25.0453675,"lon":121.5216466,"confidence":"probable","source":"dieturn/yolo26s-obb_ep144@taipei_udd_ortho_2025","source_updated_at":"2026-09-05"},"geometry":{"type":"Polygon","coordinates":[[[121.5216729,25.0453539],[121.5216767,25.0453705],[121.5216202,25.0453811],[121.5216165,25.0453645],[121.5216729,25.0453539]]]}},{"type":"Feature","id":"dt_wsqqx2v88","properties":{"id":"dt_wsqqx2v88","status":"review","conf":0.6409,"n_detections":1,"heading_deg":176.1,"length_m":2.17,"width_m":1.34,"corner":"NW","intersection_id":"TPS_00497","intersection_dist_m":1.7,"serves_from_bearing":266.1,"serves_to_bearing":176.1,"serves_quality":"ambiguous","lat":25.0530758,"lon":121.6152405,"confidence":"probable","source":"dieturn/yolo26s-obb_ep144@taipei_udd_ortho_2025","source_updated_at":"2026-09-05"},"geometry":{"type":"Polygon","coordinates":[[[121.6152479,25.0530664],[121.6152464,25.053086],[121.6152331,25.0530852],[121.6152347,25.0530656],[121.6152479,25.0530664]]]}},{"type":"Feature","id":"dt_wsqqvgh12","properties":{"id":"dt_wsqqvgh12","status":"review","conf":0.6406,"n_detections":1,"heading_deg":39.0,"length_m":3.41,"width_m":1.51,"corner":"SE","intersection_id":"TPS_02394","intersection_dist_m":4.7,"serves_from_bearing":39.0,"serves_to_bearing":309.0,"serves_quality":"ambiguous","lat":25.1094994,"lon":121.5472507,"confidence":"probable","source":"dieturn/yolo26s-obb_ep144@taipei_udd_ortho_2025","source_updated_at":"2026-09-05"},"geometry":{"type":"Polygon","coordinates":[[[121.5472459,25.1094832],[121.5472672,25.1095072],[121.5472556,25.1095157],[121.5472342,25.1094917],[121.5472459,25.1094832]]]}},{"type":"Feature","id":"dt_wsqqtq7s3","properties":{"id":"dt_wsqqtq7s3","status":"review","conf":0.6402,"n_detections":1,"heading_deg":102.9,"length_m":2.8,"width_m":1.78,"corner":"SW","intersection_id":"TPS_00343","intersection_dist_m":37.8,"serves_from_bearing":192.9,"serves_to_bearing":102.9,"serves_quality":"ambiguous","lat":25.0838928,"lon":121.5246446,"confidence":"probable","source":"dieturn/yolo26s-obb_ep144@taipei_udd_ortho_2025","source_updated_at":"2026-09-05"},"geometry":{"type":"Polygon","coordinates":[[[121.5246561,25.0838821],[121.5246601,25.0838978],[121.524633,25.0839034],[121.524629,25.0838878],[121.5246561,25.0838821]]]}},{"type":"Feature","id":"dt_wsqqt17rr","properties":{"id":"dt_wsqqt17rr","status":"review","conf":0.6398,"n_detections":2,"heading_deg":174.6,"length_m":3.64,"width_m":3.19,"corner":"SW","intersection_id":"TPS_00712","intersection_dist_m":19.1,"serves_from_bearing":174.6,"serves_to_bearing":84.6,"serves_quality":"ambiguous","lat":25.0569617,"lon":121.5135883,"confidence":"probable","source":"dieturn/yolo26s-obb_ep144@taipei_udd_ortho_2025","source_updated_at":"2026-09-05"},"geometry":{"type":"Polygon","coordinates":[[[121.5136057,25.0569467],[121.5136023,25.0569795],[121.5135708,25.0569768],[121.5135743,25.056944],[121.5136057,25.0569467]]]}},{"type":"Feature","id":"dt_wsqqwm5xq","properties":{"id":"dt_wsqqwm5xq","status":"review","conf":0.6379,"n_detections":1,"heading_deg":103.4,"length_m":10.5,"width_m":2.97,"corner":"NE","intersection_id":"TPS_00368","intersection_dist_m":20.7,"serves_from_bearing":283.4,"serves_to_bearing":193.4,"serves_quality":"good","lat":25.0775706,"lon":121.5687867,"confidence":"probable","source":"dieturn/yolo26s-obb_ep144@taipei_udd_ortho_2025","source_updated_at":"2026-09-05"},"geometry":{"type":"Polygon","coordinates":[[[121.5688338,25.0775465],[121.5688408,25.0775726],[121.5687395,25.0775947],[121.5687326,25.0775686],[121.5688338,25.0775465]]]}},{"type":"Feature","id":"dt_wsqqmt5wp","properties":{"id":"dt_wsqqmt5wp","status":"review","conf":0.6369,"n_detections":1,"heading_deg":85.6,"length_m":4.01,"width_m":1.8,"corner":"SE","intersection_id":"TPS_00305","intersection_dist_m":17.7,"serves_from_bearing":85.6,"serves_to_bearing":355.6,"serves_quality":"ambiguous","lat":25.0333883,"lon":121.5358906,"confidence":"probable","source":"dieturn/yolo26s-obb_ep144@taipei_udd_ortho_2025","source_updated_at":"2026-09-05"},"geometry":{"type":"Polygon","coordinates":[[[121.5359111,25.0333816],[121.5359097,25.0333978],[121.5358701,25.033395],[121.5358714,25.0333788],[121.5359111,25.0333816]]]}},{"type":"Feature","id":"dt_wsqqt2592","properties":{"id":"dt_wsqqt2592","status":"review","conf":0.6361,"n_detections":1,"heading_deg":98.7,"length_m":8.19,"width_m":2.97,"corner":"SE","intersection_id":"TPS_01532","intersection_dist_m":11.2,"serves_from_bearing":98.7,"serves_to_bearing":8.7,"serves_quality":"good","lat":25.0490522,"lon":121.5246134,"confidence":"probable","source":"dieturn/yolo26s-obb_ep144@taipei_udd_ortho_2025","source_updated_at":"2026-09-05"},"geometry":{"type":"Polygon","coordinates":[[[121.5246513,25.0490333],[121.5246558,25.0490599],[121.5245755,25.0490711],[121.524571,25.0490446],[121.5246513,25.0490333]]]}},{"type":"Feature","id":"dt_wsqqmy37b","properties":{"id":"dt_wsqqmy37b","status":"review","conf":0.6335,"n_detections":1,"heading_deg":176.7,"length_m":4.33,"width_m":2.49,"corner":"NW","intersection_id":"TPS_00577","intersection_dist_m":28.2,"serves_from_bearing":266.7,"serves_to_bearing":176.7,"serves_quality":"good","lat":25.0398816,"lon":121.5434732,"confidence":"probable","source":"dieturn/yolo26s-obb_ep144@taipei_udd_ortho_2025","source_updated_at":"2026-09-05"},"geometry":{"type":"Polygon","coordinates":[[[121.5434868,25.0398627],[121.5434843,25.0399018],[121.5434597,25.0399005],[121.5434622,25.0398613],[121.5434868,25.0398627]]]}},{"type":"Feature","id":"dt_wsqqtf3xq","properties":{"id":"dt_wsqqtf3xq","status":"review","conf":0.6331,"n_detections":1,"heading_deg":8.2,"length_m":2.99,"width_m":2.29,"corner":"SW","intersection_id":"TPS_02438","intersection_dist_m":11.1,"serves_from_bearing":188.2,"serves_to_bearing":98.2,"serves_quality":"good","lat":25.0624717,"lon":121.5440883,"confidence":"probable","source":"dieturn/yolo26s-obb_ep144@taipei_udd_ortho_2025","source_updated_at":"2026-09-05"},"geometry":{"type":"Polygon","coordinates":[[[121.5440974,25.0624569],[121.5441016,25.0624837],[121.5440791,25.0624865],[121.5440749,25.0624598],[121.5440974,25.0624569]]]}},{"type":"Feature","id":"dt_wsqqtrd1b","properties":{"id":"dt_wsqqtrd1b","status":"review","conf":0.6293,"n_detections":1,"heading_deg":147.5,"length_m":6.5,"width_m":2.99,"corner":"SE","intersection_id":"TPS_02218","intersection_dist_m":25.8,"serves_from_bearing":57.5,"serves_to_bearing":327.5,"serves_quality":"good","lat":25.0903289,"lon":121.5225245,"confidence":"probable","source":"dieturn/yolo26s-obb_ep144@taipei_udd_ortho_2025","source_updated_at":"2026-09-05"},"geometry":{"type":"Polygon","coordinates":[[[121.5225543,25.0903113],[121.5225197,25.0903609],[121.5224946,25.0903465],[121.5225292,25.090297],[121.5225543,25.0903113]]]}},{"type":"Feature","id":"dt_wsqqw2588","properties":{"id":"dt_wsqqw2588","status":"review","conf":0.6293,"n_detections":1,"heading_deg":68.5,"length_m":2.01,"width_m":1.51,"corner":"SW","intersection_id":"TPS_02464","intersection_dist_m":25.7,"serves_from_bearing":248.5,"serves_to_bearing":158.5,"serves_quality":"good","lat":25.0489368,"lon":121.5685351,"confidence":"probable","source":"dieturn/yolo26s-obb_ep144@taipei_udd_ortho_2025","source_updated_at":"2026-09-05"},"geometry":{"type":"Polygon","coordinates":[[[121.5685472,25.0489338],[121.5685416,25.0489465],[121.5685231,25.0489398],[121.5685286,25.0489271],[121.5685472,25.0489338]]]}},{"type":"Feature","id":"dt_wsqqkuyu2","properties":{"id":"dt_wsqqkuyu2","status":"review","conf":0.6284,"n_detections":1,"heading_deg":21.9,"length_m":2.25,"width_m":1.25,"corner":"SE","intersection_id":"TPS_01055","intersection_dist_m":29.5,"serves_from_bearing":111.9,"serves_to_bearing":21.9,"serves_quality":"good","lat":25.031742,"lon":121.5071053,"confidence":"probable","source":"dieturn/yolo26s-obb_ep144@taipei_udd_ortho_2025","source_updated_at":"2026-09-05"},"geometry":{"type":"Polygon","coordinates":[[[121.5071069,25.0317305],[121.5071152,25.0317494],[121.5071037,25.0317536],[121.5070954,25.0317346],[121.5071069,25.0317305]]]}},{"type":"Feature","id":"dt_wsqqt88e8","properties":{"id":"dt_wsqqt88e8","status":"review","conf":0.6225,"n_detections":2,"heading_deg":86.3,"length_m":4.17,"width_m":2.38,"corner":"NW","intersection_id":"TPS_00715","intersection_dist_m":16.0,"serves_from_bearing":266.3,"serves_to_bearing":176.3,"serves_quality":"ambiguous","lat":25.0521911,"lon":121.5314762,"confidence":"probable","source":"dieturn/yolo26s-obb_ep144@taipei_udd_ortho_2025","source_updated_at":"2026-09-05"},"geometry":{"type":"Polygon","coordinates":[[[121.5314976,25.0521816],[121.5314961,25.052203],[121.5314548,25.0522006],[121.5314564,25.0521791],[121.5314976,25.0521816]]]}},{"type":"Feature","id":"dt_wsqqkv91u","properties":{"id":"dt_wsqqkv91u","status":"review","conf":0.6189,"n_detections":1,"heading_deg":87.6,"length_m":3.16,"width_m":1.67,"corner":"NW","intersection_id":"TPS_02424","intersection_dist_m":28.0,"serves_from_bearing":267.6,"serves_to_bearing":177.6,"serves_quality":"good","lat":25.0354281,"lon":121.4993605,"confidence":"probable","source":"dieturn/yolo26s-obb_ep144@taipei_udd_ortho_2025","source_updated_at":"2026-09-05"},"geometry":{"type":"Polygon","coordinates":[[[121.4993765,25.0354212],[121.4993758,25.0354363],[121.4993445,25.0354351],[121.4993453,25.03542],[121.4993765,25.0354212]]]}},{"type":"Feature","id":"dt_wsqqwc9cd","properties":{"id":"dt_wsqqwc9cd","status":"review","conf":0.616,"n_detections":1,"heading_deg":74.9,"length_m":9.42,"width_m":7.93,"corner":"SE","intersection_id":"TPS_01841","intersection_dist_m":16.0,"serves_from_bearing":74.9,"serves_to_bearing":344.9,"serves_quality":"good","lat":25.0573373,"lon":121.5882138,"confidence":"probable","source":"dieturn/yolo26s-obb_ep144@taipei_udd_ortho_2025","source_updated_at":"2026-09-05"},"geometry":{"type":"Polygon","coordinates":[[[121.5882692,25.0573138],[121.5882484,25.057383],[121.5881583,25.0573608],[121.5881791,25.0572916],[121.5882692,25.0573138]]]}},{"type":"Feature","id":"dt_wsqqt3tvg","properties":{"id":"dt_wsqqt3tvg","status":"review","conf":0.6157,"n_detections":1,"heading_deg":2.0,"length_m":6.12,"width_m":2.42,"corner":"NE","intersection_id":"TPS_01491","intersection_dist_m":41.3,"serves_from_bearing":2.0,"serves_to_bearing":272.0,"serves_quality":"good","lat":25.0580832,"lon":121.5278371,"confidence":"probable","source":"dieturn/yolo26s-obb_ep144@taipei_udd_ortho_2025","source_updated_at":"2026-09-05"},"geometry":{"type":"Polygon","coordinates":[[[121.527848,25.0580552],[121.5278501,25.0581105],[121.5278262,25.0581112],[121.5278241,25.058056],[121.527848,25.0580552]]]}},{"type":"Feature","id":"dt_wsqqkyhmr","properties":{"id":"dt_wsqqkyhmr","status":"review","conf":0.6146,"n_detections":1,"heading_deg":10.8,"length_m":4.36,"width_m":1.85,"corner":"NE","intersection_id":"TPS_02171","intersection_dist_m":30.0,"serves_from_bearing":280.8,"serves_to_bearing":190.8,"serves_quality":"good","lat":25.0387792,"lon":121.50395,"confidence":"probable","source":"dieturn/yolo26s-obb_ep144@taipei_udd_ortho_2025","source_updated_at":"2026-09-05"},"geometry":{"type":"Polygon","coordinates":[[[121.503955,25.0387583],[121.5039631,25.038797],[121.5039451,25.0388001],[121.503937,25.0387614],[121.503955,25.0387583]]]}},{"type":"Feature","id":"dt_wsqqmy9rh","properties":{"id":"dt_wsqqmy9rh","status":"review","conf":0.6139,"n_detections":1,"heading_deg":90.9,"length_m":11.26,"width_m":3.04,"corner":"NW","intersection_id":"TPS_00105","intersection_dist_m":22.4,"serves_from_bearing":270.9,"serves_to_bearing":180.9,"serves_quality":"good","lat":25.0418055,"lon":121.5436786,"confidence":"probable","source":"dieturn/yolo26s-obb_ep144@taipei_udd_ortho_2025","source_updated_at":"2026-09-05"},"geometry":{"type":"Polygon","coordinates":[[[121.5437342,25.041791],[121.5437347,25.0418185],[121.543623,25.04182],[121.5436226,25.0417925],[121.5437342,25.041791]]]}},{"type":"Feature","id":"dt_wsqqjwptb","properties":{"id":"dt_wsqqjwptb","status":"review","conf":0.6125,"n_detections":1,"heading_deg":172.8,"length_m":4.0,"width_m":2.7,"corner":"SW","intersection_id":"TPS_00375","intersection_dist_m":25.7,"serves_from_bearing":172.8,"serves_to_bearing":82.8,"serves_quality":"ambiguous","lat":24.9949039,"lon":121.5410705,"confidence":"probable","source":"dieturn/yolo26s-obb_ep144@taipei_udd_ortho_2025","source_updated_at":"2026-09-05"},"geometry":{"type":"Polygon","coordinates":[[[121.5410863,24.9948874],[121.5410813,24.9949233],[121.5410548,24.9949203],[121.5410597,24.9948844],[121.5410863,24.9948874]]]}},{"type":"Feature","id":"dt_wsqqtpts8","properties":{"id":"dt_wsqqtpts8","status":"review","conf":0.6111,"n_detections":1,"heading_deg":137.3,"length_m":6.9,"width_m":5.02,"corner":"SW","intersection_id":"TPS_00154","intersection_dist_m":25.0,"serves_from_bearing":137.3,"serves_to_bearing":47.3,"serves_quality":"good","lat":25.0908186,"lon":121.5163819,"confidence":"probable","source":"dieturn/yolo26s-obb_ep144@taipei_udd_ortho_2025","source_updated_at":"2026-09-05"},"geometry":{"type":"Polygon","coordinates":[[[121.5164236,25.0908109],[121.5163771,25.0908567],[121.5163403,25.0908262],[121.5163868,25.0907804],[121.5164236,25.0908109]]]}},{"type":"Feature","id":"dt_wsqqjz5c0","properties":{"id":"dt_wsqqjz5c0","status":"review","conf":0.611,"n_detections":1,"heading_deg":62.3,"length_m":2.76,"width_m":1.28,"corner":"NW","intersection_id":"TPS_00230","intersection_dist_m":45.4,"serves_from_bearing":242.3,"serves_to_bearing":152.3,"serves_quality":"good","lat":24.9995933,"lon":121.5469078,"confidence":"probable","source":"dieturn/yolo26s-obb_ep144@taipei_udd_ortho_2025","source_updated_at":"2026-09-05"},"geometry":{"type":"Polygon","coordinates":[[[121.5469229,24.999594],[121.5469169,24.9996042],[121.5468927,24.9995926],[121.5468987,24.9995824],[121.5469229,24.999594]]]}},{"type":"Feature","id":"dt_wsqqt0v76","properties":{"id":"dt_wsqqt0v76","status":"review","conf":0.6052,"n_detections":1,"heading_deg":101.1,"length_m":5.31,"width_m":2.69,"corner":"SW","intersection_id":"TPS_00486","intersection_dist_m":11.0,"serves_from_bearing":101.1,"serves_to_bearing":11.1,"serves_quality":"ambiguous","lat":25.0535302,"lon":121.5161181,"confidence":"probable","source":"dieturn/yolo26s-obb_ep144@taipei_udd_ortho_2025","source_updated_at":"2026-09-05"},"geometry":{"type":"Polygon","coordinates":[[[121.5161414,25.0535136],[121.5161466,25.0535375],[121.5160949,25.0535467],[121.5160896,25.0535229],[121.5161414,25.0535136]]]}},{"type":"Feature","id":"dt_wsqquwz85","properties":{"id":"dt_wsqquwz85","status":"review","conf":0.6032,"n_detections":1,"heading_deg":154.9,"length_m":2.65,"width_m":2.6,"corner":"NE","intersection_id":"TPS_01013","intersection_dist_m":38.0,"serves_from_bearing":334.9,"serves_to_bearing":244.9,"serves_quality":"good","lat":25.1298666,"lon":121.4972844,"confidence":"probable","source":"dieturn/yolo26s-obb_ep144@taipei_udd_ortho_2025","source_updated_at":"2026-09-05"},"geometry":{"type":"Polygon","coordinates":[[[121.4973016,25.1298607],[121.4972905,25.1298824],[121.4972671,25.1298725],[121.4972783,25.1298508],[121.4973016,25.1298607]]]}},{"type":"Feature","id":"dt_wsqqwjd8h","properties":{"id":"dt_wsqqwjd8h","status":"review","conf":0.6028,"n_detections":1,"heading_deg":90.4,"length_m":7.69,"width_m":5.8,"corner":"SE","intersection_id":"TPS_00869","intersection_dist_m":18.2,"serves_from_bearing":90.4,"serves_to_bearing":0.4,"serves_quality":"good","lat":25.0790794,"lon":121.5563458,"confidence":"probable","source":"dieturn/yolo26s-obb_ep144@taipei_udd_ortho_2025","source_updated_at":"2026-09-05"},"geometry":{"type":"Polygon","coordinates":[[[121.5563837,25.079053],[121.5563841,25.0791054],[121.5563078,25.0791059],[121.5563075,25.0790534],[121.5563837,25.079053]]]}},{"type":"Feature","id":"dt_wsqqw2127","properties":{"id":"dt_wsqqw2127","status":"review","conf":0.599,"n_detections":1,"heading_deg":83.4,"length_m":5.32,"width_m":2.36,"corner":"NE","intersection_id":"TPS_00009","intersection_dist_m":23.7,"serves_from_bearing":353.4,"serves_to_bearing":263.4,"serves_quality":"good","lat":25.0488889,"lon":121.5656045,"confidence":"probable","source":"dieturn/yolo26s-obb_ep144@taipei_udd_ortho_2025","source_updated_at":"2026-09-05"},"geometry":{"type":"Polygon","coordinates":[[[121.565632,25.048881],[121.5656293,25.0489022],[121.5655769,25.0488967],[121.5655796,25.0488755],[121.565632,25.048881]]]}},{"type":"Feature","id":"dt_wsqqmx2n9","properties":{"id":"dt_wsqqmx2n9","status":"review","conf":0.599,"n_detections":1,"heading_deg":103.8,"length_m":9.44,"width_m":3.88,"corner":"SE","intersection_id":"TPS_00050","intersection_dist_m":23.5,"serves_from_bearing":103.8,"serves_to_bearing":13.8,"serves_quality":"good","lat":25.0458508,"lon":121.530836,"confidence":"probable","source":"dieturn/yolo26s-obb_ep144@taipei_udd_ortho_2025","source_updated_at":"2026-09-05"},"geometry":{"type":"Polygon","coordinates":[[[121.5308769,25.0458236],[121.5308861,25.0458577],[121.5307952,25.045878],[121.5307859,25.0458439],[121.5308769,25.0458236]]]}},{"type":"Feature","id":"dt_wsqqmrzm9","properties":{"id":"dt_wsqqmrzm9","status":"review","conf":0.5973,"n_detections":1,"heading_deg":140.5,"length_m":7.3,"width_m":2.98,"corner":"NE","intersection_id":"TPS_00325","intersection_dist_m":9.4,"serves_from_bearing":320.5,"serves_to_bearing":230.5,"serves_quality":"good","lat":25.0484236,"lon":121.5297778,"confidence":"probable","source":"dieturn/yolo26s-obb_ep144@taipei_udd_ortho_2025","source_updated_at":"2026-09-05"},"geometry":{"type":"Polygon","coordinates":[[[121.5298122,25.0484066],[121.5297661,25.0484576],[121.5297433,25.0484405],[121.5297894,25.0483896],[121.5298122,25.0484066]]]}},{"type":"Feature","id":"dt_wsqqn5ews","properties":{"id":"dt_wsqqn5ews","status":"review","conf":0.5966,"n_detections":1,"heading_deg":69.8,"length_m":6.92,"width_m":2.8,"corner":"NW","intersection_id":"TPS_02311","intersection_dist_m":44.5,"serves_from_bearing":249.8,"serves_to_bearing":159.8,"serves_quality":"good","lat":24.9813,"lon":121.5577344,"confidence":"probable","source":"dieturn/yolo26s-obb_ep144@taipei_udd_ortho_2025","source_updated_at":"2026-09-05"},"geometry":{"type":"Polygon","coordinates":[[[121.5577715,24.9812989],[121.5577618,24.9813227],[121.5576974,24.9813011],[121.5577071,24.9812774],[121.5577715,24.9812989]]]}},{"type":"Feature","id":"dt_wsqqt0un5","properties":{"id":"dt_wsqqt0un5","status":"review","conf":0.5962,"n_detections":1,"heading_deg":88.0,"length_m":8.53,"width_m":3.82,"corner":"SW","intersection_id":"TPS_00156","intersection_dist_m":14.9,"serves_from_bearing":178.0,"serves_to_bearing":88.0,"serves_quality":"good","lat":25.0539813,"lon":121.5144388,"confidence":"probable","source":"dieturn/yolo26s-obb_ep144@taipei_udd_ortho_2025","source_updated_at":"2026-09-05"},"geometry":{"type":"Polygon","coordinates":[[[121.5144817,25.0539653],[121.5144804,25.0539999],[121.5143959,25.0539972],[121.5143972,25.0539627],[121.5144817,25.0539653]]]}},{"type":"Feature","id":"dt_wsqqqj6rg","properties":{"id":"dt_wsqqqj6rg","status":"review","conf":0.5962,"n_detections":1,"heading_deg":141.0,"length_m":2.21,"width_m":2.07,"corner":"SE","intersection_id":"TPS_01362","intersection_dist_m":4.1,"serves_from_bearing":51.0,"serves_to_bearing":321.0,"serves_quality":"ambiguous","lat":25.0350932,"lon":121.5559946,"confidence":"probable","source":"dieturn/yolo26s-obb_ep144@taipei_udd_ortho_2025","source_updated_at":"2026-09-05"},"geometry":{"type":"Polygon","coordinates":[[[121.5560095,25.0350913],[121.5559957,25.0351068],[121.5559796,25.0350951],[121.5559935,25.0350796],[121.5560095,25.0350913]]]}},{"type":"Feature","id":"dt_wsqqjwr7x","properties":{"id":"dt_wsqqjwr7x","status":"review","conf":0.5952,"n_detections":1,"heading_deg":172.0,"length_m":4.14,"width_m":2.48,"corner":"SW","intersection_id":"TPS_00509","intersection_dist_m":13.9,"serves_from_bearing":172.0,"serves_to_bearing":82.0,"serves_quality":"good","lat":24.9958912,"lon":121.5410317,"confidence":"probable","source":"dieturn/yolo26s-obb_ep144@taipei_udd_ortho_2025","source_updated_at":"2026-09-05"},"geometry":{"type":"Polygon","coordinates":[[[121.5410467,24.9958742],[121.541041,24.9959113],[121.5410167,24.9959082],[121.5410224,24.9958711],[121.5410467,24.9958742]]]}},{"type":"Feature","id":"dt_wsqqmwcdq","properties":{"id":"dt_wsqqmwcdq","status":"review","conf":0.5946,"n_detections":1,"heading_deg":15.0,"length_m":3.22,"width_m":2.81,"corner":"NE","intersection_id":"TPS_00458","intersection_dist_m":38.0,"serves_from_bearing":15.0,"serves_to_bearing":285.0,"serves_quality":"good","lat":25.0423606,"lon":121.5330866,"confidence":"probable","source":"dieturn/yolo26s-obb_ep144@taipei_udd_ortho_2025","source_updated_at":"2026-09-05"},"geometry":{"type":"Polygon","coordinates":[[[121.5330959,25.0423433],[121.5331042,25.0423714],[121.5330772,25.0423779],[121.533069,25.0423497],[121.5330959,25.0423433]]]}},{"type":"Feature","id":"dt_wsqquj9dd","properties":{"id":"dt_wsqquj9dd","status":"review","conf":0.5926,"n_detections":1,"heading_deg":96.3,"length_m":1.95,"width_m":1.31,"corner":"NE","intersection_id":"TPS_01764","intersection_dist_m":6.4,"serves_from_bearing":6.3,"serves_to_bearing":276.3,"serves_quality":"good","lat":25.1234438,"lon":121.4669924,"confidence":"probable","source":"dieturn/yolo26s-obb_ep144@taipei_udd_ortho_2025","source_updated_at":"2026-09-05"},"geometry":{"type":"Polygon","coordinates":[[[121.4670013,25.123437],[121.4670027,25.1234488],[121.4669835,25.1234507],[121.4669821,25.1234389],[121.4670013,25.123437]]]}},{"type":"Feature","id":"dt_wsqqmj6xf","properties":{"id":"dt_wsqqmj6xf","status":"review","conf":0.5903,"n_detections":1,"heading_deg":15.3,"length_m":7.79,"width_m":5.39,"corner":"SW","intersection_id":"TPS_00103","intersection_dist_m":27.1,"serves_from_bearing":195.3,"serves_to_bearing":105.3,"serves_quality":"good","lat":25.0350914,"lon":121.5123251,"confidence":"probable","source":"dieturn/yolo26s-obb_ep144@taipei_udd_ortho_2025","source_updated_at":"2026-09-05"},"geometry":{"type":"Polygon","coordinates":[[[121.5123407,25.035051],[121.5123611,25.035119],[121.5123095,25.0351317],[121.512289,25.0350637],[121.5123407,25.035051]]]}},{"type":"Feature","id":"dt_wsqqq0knx","properties":{"id":"dt_wsqqq0knx","status":"review","conf":0.59,"n_detections":1,"heading_deg":6.6,"length_m":6.7,"width_m":2.6,"corner":"NW","intersection_id":"TPS_00327","intersection_dist_m":13.4,"serves_from_bearing":186.6,"serves_to_bearing":96.6,"serves_quality":"ambiguous","lat":25.0073981,"lon":121.5585683,"confidence":"probable","source":"dieturn/yolo26s-obb_ep144@taipei_udd_ortho_2025","source_updated_at":"2026-09-05"},"geometry":{"type":"Polygon","coordinates":[[[121.5585772,25.0073666],[121.5585849,25.0074269],[121.5585593,25.0074295],[121.5585517,25.0073693],[121.5585772,25.0073666]]]}},{"type":"Feature","id":"dt_wsqqx9bs2","properties":{"id":"dt_wsqqx9bs2","status":"review","conf":0.5897,"n_detections":1,"heading_deg":142.4,"length_m":4.38,"width_m":2.03,"corner":"NW","intersection_id":"TPS_00849","intersection_dist_m":17.7,"serves_from_bearing":232.4,"serves_to_bearing":142.4,"serves_quality":"ambiguous","lat":25.0591818,"lon":121.6193763,"confidence":"probable","source":"dieturn/yolo26s-obb_ep144@taipei_udd_ortho_2025","source_updated_at":"2026-09-05"},"geometry":{"type":"Polygon","coordinates":[[[121.6193976,25.0591716],[121.6193711,25.059203],[121.6193551,25.0591919],[121.6193816,25.0591606],[121.6193976,25.0591716]]]}},{"type":"Feature","id":"dt_wsqqgvxs4","properties":{"id":"dt_wsqqgvxs4","status":"review","conf":0.5884,"n_detections":1,"heading_deg":114.4,"length_m":7.73,"width_m":2.42,"corner":"SW","intersection_id":"TPS_00489","intersection_dist_m":16.7,"serves_from_bearing":204.4,"serves_to_bearing":114.4,"serves_quality":"ambiguous","lat":25.1237111,"lon":121.4642729,"confidence":"probable","source":"dieturn/yolo26s-obb_ep144@taipei_udd_ortho_2025","source_updated_at":"2026-09-05"},"geometry":{"type":"Polygon","coordinates":[[[121.4643027,25.1236867],[121.4643128,25.1237066],[121.464243,25.1237355],[121.4642329,25.1237157],[121.4643027,25.1236867]]]}},{"type":"Feature","id":"dt_wsqqqw882","properties":{"id":"dt_wsqqqw882","status":"review","conf":0.5867,"n_detections":1,"heading_deg":87.8,"length_m":3.93,"width_m":3.64,"corner":"SE","intersection_id":"TPS_00654","intersection_dist_m":25.3,"serves_from_bearing":87.8,"serves_to_bearing":357.8,"serves_quality":"good","lat":25.0406717,"lon":121.57542,"confidence":"probable","source":"dieturn/yolo26s-obb_ep144@taipei_udd_ortho_2025","source_updated_at":"2026-09-05"},"geometry":{"type":"Polygon","coordinates":[[[121.5754401,25.0406559],[121.5754388,25.0406888],[121.5753999,25.0406875],[121.5754013,25.0406546],[121.5754401,25.0406559]]]}},{"type":"Feature","id":"dt_wsqqt644w","properties":{"id":"dt_wsqqt644w","status":"review","conf":0.5862,"n_detections":1,"heading_deg":3.0,"length_m":3.95,"width_m":2.02,"corner":"SW","intersection_id":"TPS_00324","intersection_dist_m":17.8,"serves_from_bearing":183.0,"serves_to_bearing":93.0,"serves_quality":"good","lat":25.0602805,"lon":121.5227995,"confidence":"probable","source":"dieturn/yolo26s-obb_ep144@taipei_udd_ortho_2025","source_updated_at":"2026-09-05"},"geometry":{"type":"Polygon","coordinates":[[[121.5228085,25.0602622],[121.5228106,25.0602979],[121.5227905,25.0602988],[121.5227885,25.0602631],[121.5228085,25.0602622]]]}},{"type":"Feature","id":"dt_wsqqmxs0z","properties":{"id":"dt_wsqqmxs0z","status":"review","conf":0.585,"n_detections":1,"heading_deg":1.5,"length_m":2.04,"width_m":0.69,"corner":"NE","intersection_id":"TPS_01386","intersection_dist_m":52.6,"serves_from_bearing":1.5,"serves_to_bearing":271.5,"serves_quality":"good","lat":25.046238,"lon":121.5365966,"confidence":"probable","source":"dieturn/yolo26s-obb_ep144@taipei_udd_ortho_2025","source_updated_at":"2026-09-05"},"geometry":{"type":"Polygon","coordinates":[[[121.5365997,25.0462287],[121.5366003,25.0462471],[121.5365934,25.0462473],[121.5365928,25.0462288],[121.5365997,25.0462287]]]}},{"type":"Feature","id":"dt_wsqqmc3pz","properties":{"id":"dt_wsqqmc3pz","status":"review","conf":0.5831,"n_detections":1,"heading_deg":144.7,"length_m":5.06,"width_m":3.24,"corner":"NE","intersection_id":"TPS_02068","intersection_dist_m":37.5,"serves_from_bearing":324.7,"serves_to_bearing":234.7,"serves_quality":"good","lat":25.0131131,"lon":121.5434641,"confidence":"probable","source":"dieturn/yolo26s-obb_ep144@taipei_udd_ortho_2025","source_updated_at":"2026-09-05"},"geometry":{"type":"Polygon","coordinates":[[[121.5434918,25.0131028],[121.5434628,25.0131402],[121.5434365,25.0131234],[121.5434655,25.013086],[121.5434918,25.0131028]]]}},{"type":"Feature","id":"dt_wsqqmfzc2","properties":{"id":"dt_wsqqmfzc2","status":"review","conf":0.5814,"n_detections":1,"heading_deg":143.2,"length_m":2.54,"width_m":2.49,"corner":"SW","intersection_id":"TPS_01457","intersection_dist_m":34.1,"serves_from_bearing":233.2,"serves_to_bearing":143.2,"serves_quality":"good","lat":25.0202239,"lon":121.5523935,"confidence":"probable","source":"dieturn/yolo26s-obb_ep144@taipei_udd_ortho_2025","source_updated_at":"2026-09-05"},"geometry":{"type":"Polygon","coordinates":[[[121.552411,25.0202214],[121.5523959,25.0202398],[121.552376,25.0202265],[121.5523911,25.020208],[121.552411,25.0202214]]]}},{"type":"Feature","id":"dt_wsqqnmmhq","properties":{"id":"dt_wsqqnmmhq","status":"review","conf":0.5799,"n_detections":2,"heading_deg":4.1,"length_m":2.28,"width_m":1.94,"corner":"NE","intersection_id":"TPS_01157","intersection_dist_m":14.1,"serves_from_bearing":4.1,"serves_to_bearing":274.1,"serves_quality":"good","lat":24.9905489,"lon":121.5708803,"confidence":"probable","source":"dieturn/yolo26s-obb_ep144@taipei_udd_ortho_2025","source_updated_at":"2026-09-05"},"geometry":{"type":"Polygon","coordinates":[[[121.5708891,24.990538],[121.5708907,24.9905585],[121.5708715,24.9905598],[121.5708699,24.9905392],[121.5708891,24.990538]]]}},{"type":"Feature","id":"dt_wsqqkssvc","properties":{"id":"dt_wsqqkssvc","status":"review","conf":0.5798,"n_detections":1,"heading_deg":32.5,"length_m":2.01,"width_m":1.43,"corner":"NW","intersection_id":"TPS_00964","intersection_dist_m":11.7,"serves_from_bearing":302.5,"serves_to_bearing":212.5,"serves_quality":"good","lat":25.0306096,"lon":121.4933854,"confidence":"probable","source":"dieturn/yolo26s-obb_ep144@taipei_udd_ortho_2025","source_updated_at":"2026-09-05"},"geometry":{"type":"Polygon","coordinates":[[[121.4933861,25.0305985],[121.4933968,25.0306139],[121.4933848,25.0306208],[121.4933741,25.0306054],[121.4933861,25.0305985]]]}},{"type":"Feature","id":"dt_wsqqwt7s3","properties":{"id":"dt_wsqqwt7s3","status":"review","conf":0.5792,"n_detections":1,"heading_deg":91.7,"length_m":2.73,"width_m":2.04,"corner":"SW","intersection_id":"TPS_00498","intersection_dist_m":13.4,"serves_from_bearing":181.7,"serves_to_bearing":91.7,"serves_quality":"ambiguous","lat":25.0783969,"lon":121.5795614,"confidence":"probable","source":"dieturn/yolo26s-obb_ep144@taipei_udd_ortho_2025","source_updated_at":"2026-09-05"},"geometry":{"type":"Polygon","coordinates":[[[121.5795746,25.0783873],[121.5795752,25.0784057],[121.5795482,25.0784065],[121.5795475,25.0783881],[121.5795746,25.0783873]]]}},{"type":"Feature","id":"dt_wsqqve86u","properties":{"id":"dt_wsqqve86u","status":"review","conf":0.577,"n_detections":1,"heading_deg":30.6,"length_m":6.9,"width_m":3.37,"corner":"NE","intersection_id":"TPS_00514","intersection_dist_m":26.2,"serves_from_bearing":30.6,"serves_to_bearing":300.6,"serves_quality":"good","lat":25.1125025,"lon":121.5313133,"confidence":"probable","source":"dieturn/yolo26s-obb_ep144@taipei_udd_ortho_2025","source_updated_at":"2026-09-05"},"geometry":{"type":"Polygon","coordinates":[[[121.5313104,25.1124679],[121.5313452,25.1125217],[121.5313163,25.112537],[121.5312815,25.1124832],[121.5313104,25.1124679]]]}},{"type":"Feature","id":"dt_wsqqmvptq","properties":{"id":"dt_wsqqmvptq","status":"review","conf":0.5768,"n_detections":1,"heading_deg":178.9,"length_m":7.47,"width_m":4.09,"corner":"NW","intersection_id":"TPS_00038","intersection_dist_m":17.2,"serves_from_bearing":268.9,"serves_to_bearing":178.9,"serves_quality":"good","lat":25.0332924,"lon":121.5523363,"confidence":"probable","source":"dieturn/yolo26s-obb_ep144@taipei_udd_ortho_2025","source_updated_at":"2026-09-05"},"geometry":{"type":"Polygon","coordinates":[[[121.5523573,25.0332589],[121.5523559,25.0333264],[121.5523153,25.0333258],[121.5523168,25.0332583],[121.5523573,25.0332589]]]}},{"type":"Feature","id":"dt_wsqqv1ddj","properties":{"id":"dt_wsqqv1ddj","status":"review","conf":0.5762,"n_detections":1,"heading_deg":85.6,"length_m":8.99,"width_m":2.62,"corner":"SE","intersection_id":"TPS_00402","intersection_dist_m":28.2,"serves_from_bearing":85.6,"serves_to_bearing":355.6,"serves_quality":"good","lat":25.1013755,"lon":121.5124677,"confidence":"probable","source":"dieturn/yolo26s-obb_ep144@taipei_udd_ortho_2025","source_updated_at":"2026-09-05"},"geometry":{"type":"Polygon","coordinates":[[[121.5125131,25.1013668],[121.5125111,25.1013904],[121.5124222,25.1013842],[121.5124243,25.1013605],[121.5125131,25.1013668]]]}},{"type":"Feature","id":"dt_wsqqtyqd1","properties":{"id":"dt_wsqqtyqd1","status":"review","conf":0.5751,"n_detections":1,"heading_deg":168.2,"length_m":5.59,"width_m":2.07,"corner":"SW","intersection_id":"TPS_00891","intersection_dist_m":31.5,"serves_from_bearing":168.2,"serves_to_bearing":78.2,"serves_quality":"good","lat":25.0835077,"lon":121.5507521,"confidence":"probable","source":"dieturn/yolo26s-obb_ep144@taipei_udd_ortho_2025","source_updated_at":"2026-09-05"},"geometry":{"type":"Polygon","coordinates":[[[121.5507678,25.0834848],[121.5507564,25.0835343],[121.5507364,25.0835305],[121.5507477,25.083481],[121.5507678,25.0834848]]]}},{"type":"Feature","id":"dt_wsqqvbbd8","properties":{"id":"dt_wsqqvbbd8","status":"review","conf":0.5675,"n_detections":2,"heading_deg":90.0,"length_m":10.06,"width_m":2.46,"corner":"NW","intersection_id":"TPS_00456","intersection_dist_m":25.5,"serves_from_bearing":270.0,"serves_to_bearing":180.0,"serves_quality":"good","lat":25.0973421,"lon":121.542473,"confidence":"probable","source":"dieturn/yolo26s-obb_ep144@taipei_udd_ortho_2025","source_updated_at":"2026-09-05"},"geometry":{"type":"Polygon","coordinates":[[[121.5425229,25.0973309],[121.5425229,25.0973532],[121.5424232,25.0973532],[121.5424232,25.0973309],[121.5425229,25.0973309]]]}},{"type":"Feature","id":"dt_wsqqwbq6e","properties":{"id":"dt_wsqqwbq6e","status":"review","conf":0.5651,"n_detections":1,"heading_deg":73.9,"length_m":4.57,"width_m":1.94,"corner":"NE","intersection_id":"TPS_00844","intersection_dist_m":47.6,"serves_from_bearing":343.9,"serves_to_bearing":253.9,"serves_quality":"good","lat":25.0506388,"lon":121.5944296,"confidence":"probable","source":"dieturn/yolo26s-obb_ep144@taipei_udd_ortho_2025","source_updated_at":"2026-09-05"},"geometry":{"type":"Polygon","coordinates":[[[121.5944541,25.0506361],[121.5944486,25.0506529],[121.5944051,25.0506415],[121.5944105,25.0506246],[121.5944541,25.0506361]]]}},{"type":"Feature","id":"dt_wsqqunef9","properties":{"id":"dt_wsqqunef9","status":"review","conf":0.5638,"n_detections":1,"heading_deg":69.7,"length_m":6.12,"width_m":2.1,"corner":"NE","intersection_id":"TPS_01866","intersection_dist_m":28.5,"serves_from_bearing":339.7,"serves_to_bearing":249.7,"serves_quality":"good","lat":25.1289455,"lon":121.4700399,"confidence":"probable","source":"dieturn/yolo26s-obb_ep144@taipei_udd_ortho_2025","source_updated_at":"2026-09-05"},"geometry":{"type":"Polygon","coordinates":[[[121.470072,25.1289462],[121.4700647,25.128964],[121.4700077,25.1289448],[121.470015,25.1289269],[121.470072,25.1289462]]]}},{"type":"Feature","id":"dt_wsqqmr4xe","properties":{"id":"dt_wsqqmr4xe","status":"review","conf":0.5633,"n_detections":2,"heading_deg":103.3,"length_m":6.05,"width_m":2.38,"corner":"SE","intersection_id":"TPS_00726","intersection_dist_m":16.7,"serves_from_bearing":103.3,"serves_to_bearing":13.3,"serves_quality":"ambiguous","lat":25.0446551,"lon":121.5233568,"confidence":"probable","source":"dieturn/yolo26s-obb_ep144@taipei_udd_ortho_2025","source_updated_at":"2026-09-05"},"geometry":{"type":"Polygon","coordinates":[[[121.5233832,25.0446383],[121.5233887,25.0446593],[121.5233304,25.0446719],[121.5233249,25.0446509],[121.5233832,25.0446383]]]}},{"type":"Feature","id":"dt_wsqqw4pb5","properties":{"id":"dt_wsqqw4pb5","status":"review","conf":0.5632,"n_detections":1,"heading_deg":155.9,"length_m":1.94,"width_m":1.42,"corner":"SE","intersection_id":"TPS_00701","intersection_dist_m":21.9,"serves_from_bearing":65.9,"serves_to_bearing":335.9,"serves_quality":"good","lat":25.0598188,"lon":121.5635156,"confidence":"probable","source":"dieturn/yolo26s-obb_ep144@taipei_udd_ortho_2025","source_updated_at":"2026-09-05"},"geometry":{"type":"Polygon","coordinates":[[[121.563526,25.0598134],[121.5635181,25.0598294],[121.5635052,25.0598242],[121.563513,25.0598082],[121.563526,25.0598134]]]}},{"type":"Feature","id":"dt_wsqqtfb9f","properties":{"id":"dt_wsqqtfb9f","status":"review","conf":0.563,"n_detections":1,"heading_deg":78.5,"length_m":3.51,"width_m":3.41,"corner":"SE","intersection_id":"TPS_00422","intersection_dist_m":3.6,"serves_from_bearing":78.5,"serves_to_bearing":348.5,"serves_quality":"good","lat":25.0642553,"lon":121.5425513,"confidence":"probable","source":"dieturn/yolo26s-obb_ep144@taipei_udd_ortho_2025","source_updated_at":"2026-09-05"},"geometry":{"type":"Polygon","coordinates":[[[121.5425718,25.0642434],[121.542565,25.0642735],[121.5425308,25.0642672],[121.5425376,25.0642371],[121.5425718,25.0642434]]]}},{"type":"Feature","id":"dt_wsqqmq4sy","properties":{"id":"dt_wsqqmq4sy","status":"review","conf":0.5608,"n_detections":1,"heading_deg":94.8,"length_m":6.53,"width_m":2.6,"corner":"NE","intersection_id":"TPS_00373","intersection_dist_m":19.1,"serves_from_bearing":4.8,"serves_to_bearing":274.8,"serves_quality":"good","lat":25.0386888,"lon":121.5234724,"confidence":"probable","source":"dieturn/yolo26s-obb_ep144@taipei_udd_ortho_2025","source_updated_at":"2026-09-05"},"geometry":{"type":"Polygon","coordinates":[[[121.5235036,25.0386747],[121.5235057,25.0386981],[121.5234412,25.038703],[121.5234391,25.0386796],[121.5235036,25.0386747]]]}},{"type":"Feature","id":"dt_wsqqmjd97","properties":{"id":"dt_wsqqmjd97","status":"review","conf":0.5603,"n_detections":1,"heading_deg":88.5,"length_m":3.34,"width_m":1.64,"corner":"NW","intersection_id":"TPS_00103","intersection_dist_m":14.6,"serves_from_bearing":268.5,"serves_to_bearing":178.5,"serves_quality":"good","lat":25.0353332,"lon":121.5123695,"confidence":"probable","source":"dieturn/yolo26s-obb_ep144@taipei_udd_ortho_2025","source_updated_at":"2026-09-05"},"geometry":{"type":"Polygon","coordinates":[[[121.5123863,25.0353262],[121.5123858,25.035341],[121.5123528,25.0353402],[121.5123532,25.0353254],[121.5123863,25.0353262]]]}},{"type":"Feature","id":"dt_wsqqw751m","properties":{"id":"dt_wsqqw751m","status":"review","conf":0.5603,"n_detections":1,"heading_deg":79.3,"length_m":2.33,"width_m":2.31,"corner":"NE","intersection_id":"TPS_02364","intersection_dist_m":28.4,"serves_from_bearing":349.3,"serves_to_bearing":259.3,"serves_quality":"good","lat":25.0655339,"lon":121.568068,"confidence":"probable","source":"dieturn/yolo26s-obb_ep144@taipei_udd_ortho_2025","source_updated_at":"2026-09-05"},"geometry":{"type":"Polygon","coordinates":[[[121.5680815,25.0655256],[121.5680772,25.0655461],[121.5680545,25.0655422],[121.5680588,25.0655218],[121.5680815,25.0655256]]]}},{"type":"Feature","id":"dt_wsqqwewgt","properties":{"id":"dt_wsqqwewgt","status":"review","conf":0.5553,"n_detections":1,"heading_deg":165.0,"length_m":7.01,"width_m":5.64,"corner":"SW","intersection_id":"TPS_00536","intersection_dist_m":13.7,"serves_from_bearing":165.0,"serves_to_bearing":75.0,"serves_quality":"good","lat":25.0686781,"lon":121.5842317,"confidence":"probable","source":"dieturn/yolo26s-obb_ep144@taipei_udd_ortho_2025","source_updated_at":"2026-09-05"},"geometry":{"type":"Polygon","coordinates":[[[121.5842678,25.068654],[121.5842498,25.0687153],[121.5841957,25.0687023],[121.5842137,25.068641],[121.5842678,25.068654]]]}},{"type":"Feature","id":"dt_wsqqkvvfk","properties":{"id":"dt_wsqqkvvfk","status":"review","conf":0.5498,"n_detections":1,"heading_deg":161.2,"length_m":1.62,"width_m":0.98,"corner":"SE","intersection_id":"TPS_01106","intersection_dist_m":6.2,"serves_from_bearing":71.2,"serves_to_bearing":341.2,"serves_quality":"ambiguous","lat":25.0368976,"lon":121.5058909,"confidence":"probable","source":"dieturn/yolo26s-obb_ep144@taipei_udd_ortho_2025","source_updated_at":"2026-09-05"},"geometry":{"type":"Polygon","coordinates":[[[121.5058981,25.0368921],[121.5058929,25.036906],[121.5058838,25.0369031],[121.5058889,25.0368893],[121.5058981,25.0368921]]]}},{"type":"Feature","id":"dt_wsqqtbcd4","properties":{"id":"dt_wsqqtbcd4","status":"review","conf":0.5485,"n_detections":1,"heading_deg":179.0,"length_m":4.5,"width_m":2.4,"corner":"SW","intersection_id":"TPS_00651","intersection_dist_m":15.6,"serves_from_bearing":179.0,"serves_to_bearing":89.0,"serves_quality":"ambiguous","lat":25.0532964,"lon":121.5439218,"confidence":"probable","source":"dieturn/yolo26s-obb_ep144@taipei_udd_ortho_2025","source_updated_at":"2026-09-05"},"geometry":{"type":"Polygon","coordinates":[[[121.5439341,25.0532762],[121.5439333,25.0533169],[121.5439095,25.0533166],[121.5439102,25.0532759],[121.5439341,25.0532762]]]}},{"type":"Feature","id":"dt_wsqqtfckc","properties":{"id":"dt_wsqqtfckc","status":"review","conf":0.547,"n_detections":1,"heading_deg":108.8,"length_m":2.54,"width_m":1.71,"corner":"SW","intersection_id":"TPS_01434","intersection_dist_m":44.9,"serves_from_bearing":198.8,"serves_to_bearing":108.8,"serves_quality":"good","lat":25.0647662,"lon":121.5435134,"confidence":"probable","source":"dieturn/yolo26s-obb_ep144@taipei_udd_ortho_2025","source_updated_at":"2026-09-05"},"geometry":{"type":"Polygon","coordinates":[[[121.5435225,25.0647552],[121.543528,25.0647698],[121.5435042,25.0647772],[121.5434987,25.0647627],[121.5435225,25.0647552]]]}},{"type":"Feature","id":"dt_wsqqwbrr8","properties":{"id":"dt_wsqqwbrr8","status":"review","conf":0.5453,"n_detections":1,"heading_deg":75.8,"length_m":2.22,"width_m":1.82,"corner":"NE","intersection_id":"TPS_00191","intersection_dist_m":19.4,"serves_from_bearing":75.8,"serves_to_bearing":345.8,"serves_quality":"ambiguous","lat":25.0515133,"lon":121.5956803,"confidence":"probable","source":"dieturn/yolo26s-obb_ep144@taipei_udd_ortho_2025","source_updated_at":"2026-09-05"},"geometry":{"type":"Polygon","coordinates":[[[121.5956932,25.0515078],[121.5956888,25.0515237],[121.5956674,25.0515188],[121.5956718,25.0515029],[121.5956932,25.0515078]]]}},{"type":"Feature","id":"dt_wsqqqquxn","properties":{"id":"dt_wsqqqquxn","status":"review","conf":0.5439,"n_detections":1,"heading_deg":172.8,"length_m":1.84,"width_m":1.19,"corner":"SW","intersection_id":"TPS_01543","intersection_dist_m":39.9,"serves_from_bearing":172.8,"serves_to_bearing":82.8,"serves_quality":"good","lat":25.043169,"lon":121.5701949,"confidence":"probable","source":"dieturn/yolo26s-obb_ep144@taipei_udd_ortho_2025","source_updated_at":"2026-09-05"},"geometry":{"type":"Polygon","coordinates":[[[121.5702019,25.0431614],[121.5701996,25.0431779],[121.5701879,25.0431766],[121.5701903,25.04316],[121.5702019,25.0431614]]]}},{"type":"Feature","id":"dt_wsqqq52c3","properties":{"id":"dt_wsqqq52c3","status":"review","conf":0.5359,"n_detections":1,"heading_deg":143.1,"length_m":2.24,"width_m":2.09,"corner":"SW","intersection_id":"TPS_00641","intersection_dist_m":11.8,"serves_from_bearing":233.1,"serves_to_bearing":143.1,"serves_quality":"good","lat":25.0229911,"lon":121.5538211,"confidence":"probable","source":"dieturn/yolo26s-obb_ep144@taipei_udd_ortho_2025","source_updated_at":"2026-09-05"},"geometry":{"type":"Polygon","coordinates":[[[121.5538362,25.0229886],[121.5538228,25.0230049],[121.5538061,25.0229936],[121.5538194,25.0229774],[121.5538362,25.0229886]]]}},{"type":"Feature","id":"dt_wsqqwe6bc","properties":{"id":"dt_wsqqwe6bc","status":"review","conf":0.5353,"n_detections":1,"heading_deg":168.5,"length_m":6.63,"width_m":6.28,"corner":"NE","intersection_id":"TPS_00799","intersection_dist_m":12.0,"serves_from_bearing":348.5,"serves_to_bearing":258.5,"serves_quality":"good","lat":25.0668234,"lon":121.5785478,"confidence":"probable","source":"dieturn/yolo26s-obb_ep144@taipei_udd_ortho_2025","source_updated_at":"2026-09-05"},"geometry":{"type":"Polygon","coordinates":[[[121.5785849,25.0667996],[121.5785718,25.0668584],[121.5785107,25.0668473],[121.5785239,25.0667884],[121.5785849,25.0667996]]]}},{"type":"Feature","id":"dt_wsqqtd89t","properties":{"id":"dt_wsqqtd89t","status":"review","conf":0.5351,"n_detections":1,"heading_deg":174.3,"length_m":2.81,"width_m":2.09,"corner":"NW","intersection_id":"TPS_00678","intersection_dist_m":33.9,"serves_from_bearing":264.3,"serves_to_bearing":174.3,"serves_quality":"ambiguous","lat":25.0628326,"lon":121.5316938,"confidence":"probable","source":"dieturn/yolo26s-obb_ep144@taipei_udd_ortho_2025","source_updated_at":"2026-09-05"},"geometry":{"type":"Polygon","coordinates":[[[121.5317055,25.0628209],[121.5317028,25.0628461],[121.5316821,25.0628443],[121.5316848,25.062819],[121.5317055,25.0628209]]]}},{"type":"Feature","id":"dt_wsqqv25ue","properties":{"id":"dt_wsqqv25ue","status":"review","conf":0.5299,"n_detections":2,"heading_deg":146.3,"length_m":3.47,"width_m":2.01,"corner":"SE","intersection_id":"TPS_02111","intersection_dist_m":20.0,"serves_from_bearing":146.3,"serves_to_bearing":56.3,"serves_quality":"ambiguous","lat":25.0935731,"lon":121.5250915,"confidence":"probable","source":"dieturn/yolo26s-obb_ep144@taipei_udd_ortho_2025","source_updated_at":"2026-09-05"},"geometry":{"type":"Polygon","coordinates":[[[121.5251094,25.0935651],[121.5250903,25.0935912],[121.5250736,25.0935812],[121.5250927,25.093555],[121.5251094,25.0935651]]]}},{"type":"Feature","id":"dt_wsqqmn1w2","properties":{"id":"dt_wsqqmn1w2","status":"review","conf":0.5281,"n_detections":1,"heading_deg":6.9,"length_m":4.3,"width_m":1.52,"corner":"SW","intersection_id":"TPS_02214","intersection_dist_m":32.1,"serves_from_bearing":186.9,"serves_to_bearing":96.9,"serves_quality":"good","lat":25.0389203,"lon":121.5108533,"confidence":"probable","source":"dieturn/yolo26s-obb_ep144@taipei_udd_ortho_2025","source_updated_at":"2026-09-05"},"geometry":{"type":"Polygon","coordinates":[[[121.5108583,25.0389002],[121.5108633,25.0389388],[121.5108484,25.0389404],[121.5108433,25.0389018],[121.5108583,25.0389002]]]}},{"type":"Feature","id":"dt_wsqqmhs95","properties":{"id":"dt_wsqqmhs95","status":"review","conf":0.5274,"n_detections":1,"heading_deg":167.1,"length_m":6.28,"width_m":2.77,"corner":"SW","intersection_id":"TPS_00490","intersection_dist_m":12.9,"serves_from_bearing":257.1,"serves_to_bearing":167.1,"serves_quality":"ambiguous","lat":25.0297777,"lon":121.5151379,"confidence":"probable","source":"dieturn/yolo26s-obb_ep144@taipei_udd_ortho_2025","source_updated_at":"2026-09-05"},"geometry":{"type":"Polygon","coordinates":[[[121.5151582,25.0297528],[121.5151444,25.0298082],[121.5151176,25.0298026],[121.5151315,25.0297473],[121.5151582,25.0297528]]]}},{"type":"Feature","id":"dt_wsqqm5mfn","properties":{"id":"dt_wsqqm5mfn","status":"review","conf":0.5274,"n_detections":1,"heading_deg":179.4,"length_m":4.17,"width_m":2.07,"corner":"NE","intersection_id":"TPS_01049","intersection_dist_m":12.1,"serves_from_bearing":359.4,"serves_to_bearing":269.4,"serves_quality":"ambiguous","lat":25.0231043,"lon":121.5169702,"confidence":"probable","source":"dieturn/yolo26s-obb_ep144@taipei_udd_ortho_2025","source_updated_at":"2026-09-05"},"geometry":{"type":"Polygon","coordinates":[[[121.5169807,25.0230856],[121.5169803,25.0231233],[121.5169597,25.0231231],[121.5169601,25.0230854],[121.5169807,25.0230856]]]}},{"type":"Feature","id":"dt_wsqqtr3vh","properties":{"id":"dt_wsqqtr3vh","status":"review","conf":0.5257,"n_detections":1,"heading_deg":167.1,"length_m":1.57,"width_m":1.01,"corner":"SW","intersection_id":"TPS_01314","intersection_dist_m":49.0,"serves_from_bearing":167.1,"serves_to_bearing":77.1,"serves_quality":"good","lat":25.0895288,"lon":121.5223535,"confidence":"probable","source":"dieturn/yolo26s-obb_ep144@taipei_udd_ortho_2025","source_updated_at":"2026-09-05"},"geometry":{"type":"Polygon","coordinates":[[[121.5223602,25.0895229],[121.5223567,25.0895367],[121.5223469,25.0895347],[121.5223504,25.0895209],[121.5223602,25.0895229]]]}},{"type":"Feature","id":"dt_wsqqnmsdg","properties":{"id":"dt_wsqqnmsdg","status":"review","conf":0.5235,"n_detections":1,"heading_deg":177.5,"length_m":2.92,"width_m":1.73,"corner":"SE","intersection_id":"TPS_00387","intersection_dist_m":28.9,"serves_from_bearing":87.5,"serves_to_bearing":357.5,"serves_quality":"good","lat":24.9916292,"lon":121.5700661,"confidence":"probable","source":"dieturn/yolo26s-obb_ep144@taipei_udd_ortho_2025","source_updated_at":"2026-09-05"},"geometry":{"type":"Polygon","coordinates":[[[121.5700753,24.9916164],[121.570074,24.9916427],[121.5700568,24.9916421],[121.5700582,24.9916157],[121.5700753,24.9916164]]]}},{"type":"Feature","id":"dt_wsqqmyv7v","properties":{"id":"dt_wsqqmyv7v","status":"review","conf":0.5224,"n_detections":1,"heading_deg":174.9,"length_m":3.58,"width_m":2.48,"corner":"NE","intersection_id":"TPS_00061","intersection_dist_m":30.8,"serves_from_bearing":354.9,"serves_to_bearing":264.9,"serves_quality":"ambiguous","lat":25.0426232,"lon":121.5491808,"confidence":"probable","source":"dieturn/yolo26s-obb_ep144@taipei_udd_ortho_2025","source_updated_at":"2026-09-05"},"geometry":{"type":"Polygon","coordinates":[[[121.5491946,25.042608],[121.5491914,25.0426403],[121.549167,25.0426384],[121.5491701,25.0426061],[121.5491946,25.042608]]]}},{"type":"Feature","id":"dt_wsqqmgzpq","properties":{"id":"dt_wsqqmgzpq","status":"review","conf":0.5204,"n_detections":1,"heading_deg":70.5,"length_m":6.59,"width_m":5.18,"corner":"NW","intersection_id":"TPS_00638","intersection_dist_m":12.1,"serves_from_bearing":250.5,"serves_to_bearing":160.5,"serves_quality":"good","lat":25.0267361,"lon":121.5516238,"confidence":"probable","source":"dieturn/yolo26s-obb_ep144@taipei_udd_ortho_2025","source_updated_at":"2026-09-05"},"geometry":{"type":"Polygon","coordinates":[[[121.5516633,25.026724],[121.5516459,25.0267681],[121.5515843,25.0267482],[121.5516017,25.0267041],[121.5516633,25.026724]]]}},{"type":"Feature","id":"dt_wsqqsbr3n","properties":{"id":"dt_wsqqsbr3n","status":"review","conf":0.5191,"n_detections":1,"heading_deg":97.5,"length_m":2.56,"width_m":2.52,"corner":"SW","intersection_id":"TPS_00991","intersection_dist_m":17.4,"serves_from_bearing":187.5,"serves_to_bearing":97.5,"serves_quality":"good","lat":25.0503968,"lon":121.5080417,"confidence":"probable","source":"dieturn/yolo26s-obb_ep144@taipei_udd_ortho_2025","source_updated_at":"2026-09-05"},"geometry":{"type":"Polygon","coordinates":[[[121.5080526,25.0503839],[121.5080559,25.0504065],[121.5080307,25.0504096],[121.5080274,25.050387],[121.5080526,25.0503839]]]}},{"type":"Feature","id":"dt_wsqqw9x8y","properties":{"id":"dt_wsqqw9x8y","status":"review","conf":0.5183,"n_detections":1,"heading_deg":165.6,"length_m":1.88,"width_m":1.31,"corner":"SW","intersection_id":"TPS_01843","intersection_dist_m":30.8,"serves_from_bearing":165.6,"serves_to_bearing":75.6,"serves_quality":"good","lat":25.0572016,"lon":121.5852927,"confidence":"probable","source":"dieturn/yolo26s-obb_ep144@taipei_udd_ortho_2025","source_updated_at":"2026-09-05"},"geometry":{"type":"Polygon","coordinates":[[[121.5853014,25.0571948],[121.5852967,25.0572113],[121.5852841,25.0572083],[121.5852887,25.0571919],[121.5853014,25.0571948]]]}},{"type":"Feature","id":"dt_wsqqw74zk","properties":{"id":"dt_wsqqw74zk","status":"review","conf":0.5182,"n_detections":1,"heading_deg":71.3,"length_m":5.08,"width_m":2.39,"corner":"NE","intersection_id":"TPS_02484","intersection_dist_m":27.7,"serves_from_bearing":341.3,"serves_to_bearing":251.3,"serves_quality":"good","lat":25.0665813,"lon":121.5677004,"confidence":"probable","source":"dieturn/yolo26s-obb_ep144@taipei_udd_ortho_2025","source_updated_at":"2026-09-05"},"geometry":{"type":"Polygon","coordinates":[[[121.5677281,25.0665784],[121.5677204,25.0665989],[121.5676727,25.0665842],[121.5676804,25.0665637],[121.5677281,25.0665784]]]}},{"type":"Feature","id":"dt_wsqqnwbm5","properties":{"id":"dt_wsqqnwbm5","status":"review","conf":0.5179,"n_detections":1,"heading_deg":28.1,"length_m":3.38,"width_m":1.51,"corner":"NE","intersection_id":"TPS_00407","intersection_dist_m":38.2,"serves_from_bearing":28.1,"serves_to_bearing":298.1,"serves_quality":"good","lat":24.9988993,"lon":121.5752217,"confidence":"probable","source":"dieturn/yolo26s-obb_ep144@taipei_udd_ortho_2025","source_updated_at":"2026-09-05"},"geometry":{"type":"Polygon","coordinates":[[[121.5752205,24.9988826],[121.5752363,24.9989096],[121.575223,24.9989159],[121.5752072,24.998889],[121.5752205,24.9988826]]]}},{"type":"Feature","id":"dt_wsqqw2hkw","properties":{"id":"dt_wsqqw2hkw","status":"review","conf":0.5156,"n_detections":1,"heading_deg":157.2,"length_m":3.34,"width_m":3.08,"corner":"SW","intersection_id":"TPS_02492","intersection_dist_m":18.5,"serves_from_bearing":247.2,"serves_to_bearing":157.2,"serves_quality":"good","lat":25.0496276,"lon":121.569827,"confidence":"probable","source":"dieturn/yolo26s-obb_ep144@taipei_udd_ortho_2025","source_updated_at":"2026-09-05"},"geometry":{"type":"Polygon","coordinates":[[[121.5698475,25.0496191],[121.5698347,25.0496469],[121.5698065,25.0496362],[121.5698193,25.0496084],[121.5698475,25.0496191]]]}},{"type":"Feature","id":"dt_wsqqt0vkd","properties":{"id":"dt_wsqqt0vkd","status":"review","conf":0.5153,"n_detections":1,"heading_deg":101.8,"length_m":5.77,"width_m":2.25,"corner":"NW","intersection_id":"TPS_00486","intersection_dist_m":11.4,"serves_from_bearing":281.8,"serves_to_bearing":191.8,"serves_quality":"good","lat":25.0537328,"lon":121.5161129,"confidence":"probable","source":"dieturn/yolo26s-obb_ep144@taipei_udd_ortho_2025","source_updated_at":"2026-09-05"},"geometry":{"type":"Polygon","coordinates":[[[121.5161386,25.0537176],[121.5161432,25.0537375],[121.5160872,25.0537481],[121.5160826,25.0537282],[121.5161386,25.0537176]]]}},{"type":"Feature","id":"dt_wsqqt3jgd","properties":{"id":"dt_wsqqt3jgd","status":"review","conf":0.5149,"n_detections":1,"heading_deg":0.3,"length_m":5.64,"width_m":2.31,"corner":"NE","intersection_id":"TPS_00699","intersection_dist_m":23.3,"serves_from_bearing":0.3,"serves_to_bearing":270.3,"serves_quality":"good","lat":25.0549429,"lon":121.5277771,"confidence":"probable","source":"dieturn/yolo26s-obb_ep144@taipei_udd_ortho_2025","source_updated_at":"2026-09-05"},"geometry":{"type":"Polygon","coordinates":[[[121.5277884,25.0549173],[121.5277887,25.0549684],[121.5277658,25.0549685],[121.5277655,25.0549175],[121.5277884,25.0549173]]]}},{"type":"Feature","id":"dt_wsqqmrbsv","properties":{"id":"dt_wsqqmrbsv","status":"review","conf":0.5146,"n_detections":1,"heading_deg":107.4,"length_m":5.82,"width_m":3.2,"corner":"NW","intersection_id":"TPS_00147","intersection_dist_m":31.9,"serves_from_bearing":197.4,"serves_to_bearing":107.4,"serves_quality":"good","lat":25.048277,"lon":121.5206976,"confidence":"probable","source":"dieturn/yolo26s-obb_ep144@taipei_udd_ortho_2025","source_updated_at":"2026-09-05"},"geometry":{"type":"Polygon","coordinates":[[[121.5207204,25.0482553],[121.5207299,25.0482829],[121.5206748,25.0482986],[121.5206652,25.048271],[121.5207204,25.0482553]]]}},{"type":"Feature","id":"dt_wsqqt0d6c","properties":{"id":"dt_wsqqt0d6c","status":"review","conf":0.5146,"n_detections":1,"heading_deg":169.3,"length_m":2.11,"width_m":1.27,"corner":"NE","intersection_id":"TPS_01586","intersection_dist_m":7.5,"serves_from_bearing":349.3,"serves_to_bearing":259.3,"serves_quality":"ambiguous","lat":25.0520568,"lon":121.5119292,"confidence":"probable","source":"dieturn/yolo26s-obb_ep144@taipei_udd_ortho_2025","source_updated_at":"2026-09-05"},"geometry":{"type":"Polygon","coordinates":[[[121.5119374,25.0520485],[121.5119335,25.0520672],[121.5119211,25.052065],[121.511925,25.0520464],[121.5119374,25.0520485]]]}},{"type":"Feature","id":"dt_wsqqmq5cy","properties":{"id":"dt_wsqqmq5cy","status":"review","conf":0.5144,"n_detections":1,"heading_deg":91.7,"length_m":6.77,"width_m":2.57,"corner":"SW","intersection_id":"TPS_00269","intersection_dist_m":17.3,"serves_from_bearing":181.7,"serves_to_bearing":91.7,"serves_quality":"ambiguous","lat":25.0381521,"lon":121.525193,"confidence":"probable","source":"dieturn/yolo26s-obb_ep144@taipei_udd_ortho_2025","source_updated_at":"2026-09-05"},"geometry":{"type":"Polygon","coordinates":[[[121.5252262,25.0381396],[121.525227,25.0381628],[121.5251599,25.0381646],[121.5251591,25.0381414],[121.5252262,25.0381396]]]}},{"type":"Feature","id":"dt_wsqqt9sku","properties":{"id":"dt_wsqqt9sku","status":"review","conf":0.5129,"n_detections":1,"heading_deg":178.4,"length_m":3.47,"width_m":1.67,"corner":"SE","intersection_id":"TPS_00627","intersection_dist_m":8.8,"serves_from_bearing":88.4,"serves_to_bearing":358.4,"serves_quality":"ambiguous","lat":25.0578848,"lon":121.5368021,"confidence":"probable","source":"dieturn/yolo26s-obb_ep144@taipei_udd_ortho_2025","source_updated_at":"2026-09-05"},"geometry":{"type":"Polygon","coordinates":[[[121.5368108,25.0578694],[121.5368099,25.0579007],[121.5367933,25.0579003],[121.5367943,25.0578689],[121.5368108,25.0578694]]]}},{"type":"Feature","id":"dt_wsqqtr37h","properties":{"id":"dt_wsqqtr37h","status":"review","conf":0.5122,"n_detections":1,"heading_deg":56.0,"length_m":3.24,"width_m":2.35,"corner":"NE","intersection_id":"TPS_00767","intersection_dist_m":40.8,"serves_from_bearing":326.0,"serves_to_bearing":236.0,"serves_quality":"good","lat":25.0891741,"lon":121.5217003,"confidence":"probable","source":"dieturn/yolo26s-obb_ep144@taipei_udd_ortho_2025","source_updated_at":"2026-09-05"},"geometry":{"type":"Polygon","coordinates":[[[121.5217202,25.0891735],[121.5217071,25.0891911],[121.5216804,25.0891747],[121.5216936,25.0891572],[121.5217202,25.0891735]]]}},{"type":"Feature","id":"dt_wsqqwfhjq","properties":{"id":"dt_wsqqwfhjq","status":"review","conf":0.5121,"n_detections":1,"heading_deg":147.8,"length_m":7.3,"width_m":2.17,"corner":"NE","intersection_id":"TPS_00856","intersection_dist_m":17.2,"serves_from_bearing":327.8,"serves_to_bearing":237.8,"serves_quality":"good","lat":25.0607337,"lon":121.5914549,"confidence":"probable","source":"dieturn/yolo26s-obb_ep144@taipei_udd_ortho_2025","source_updated_at":"2026-09-05"},"geometry":{"type":"Polygon","coordinates":[[[121.5914834,25.060711],[121.5914448,25.0607669],[121.5914265,25.0607565],[121.5914651,25.0607006],[121.5914834,25.060711]]]}},{"type":"Feature","id":"dt_wsqqqxd5j","properties":{"id":"dt_wsqqqxd5j","status":"review","conf":0.5116,"n_detections":1,"heading_deg":173.7,"length_m":4.22,"width_m":2.42,"corner":"SW","intersection_id":"TPS_00746","intersection_dist_m":11.2,"serves_from_bearing":173.7,"serves_to_bearing":83.7,"serves_quality":"ambiguous","lat":25.0466163,"lon":121.5776929,"confidence":"probable","source":"dieturn/yolo26s-obb_ep144@taipei_udd_ortho_2025","source_updated_at":"2026-09-05"},"geometry":{"type":"Polygon","coordinates":[[[121.5777071,25.0465986],[121.5777026,25.0466365],[121.5776787,25.0466341],[121.5776832,25.0465962],[121.5777071,25.0465986]]]}},{"type":"Feature","id":"dt_wsqqtr328","properties":{"id":"dt_wsqqtr328","status":"review","conf":0.5116,"n_detections":1,"heading_deg":139.6,"length_m":2.39,"width_m":1.47,"corner":"SW","intersection_id":"TPS_00767","intersection_dist_m":8.5,"serves_from_bearing":139.6,"serves_to_bearing":49.6,"serves_quality":"good","lat":25.0887658,"lon":121.5215033,"confidence":"probable","source":"dieturn/yolo26s-obb_ep144@taipei_udd_ortho_2025","source_updated_at":"2026-09-05"},"geometry":{"type":"Polygon","coordinates":[[[121.5215165,25.0887618],[121.5215012,25.0887783],[121.5214901,25.0887697],[121.5215054,25.0887533],[121.5215165,25.0887618]]]}},{"type":"Feature","id":"dt_wsqqub0pd","properties":{"id":"dt_wsqqub0pd","status":"review","conf":0.5098,"n_detections":1,"heading_deg":150.6,"length_m":3.67,"width_m":2.59,"corner":"NE","intersection_id":"TPS_01093","intersection_dist_m":20.3,"serves_from_bearing":330.6,"serves_to_bearing":240.6,"serves_quality":"ambiguous","lat":25.094086,"lon":121.4979314,"confidence":"probable","source":"dieturn/yolo26s-obb_ep144@taipei_udd_ortho_2025","source_updated_at":"2026-09-05"},"geometry":{"type":"Polygon","coordinates":[[[121.4979515,25.0940772],[121.4979337,25.0941061],[121.4979112,25.0940948],[121.4979291,25.0940659],[121.4979515,25.0940772]]]}},{"type":"Feature","id":"dt_wsqqt8dcn","properties":{"id":"dt_wsqqt8dcn","status":"review","conf":0.5051,"n_detections":1,"heading_deg":5.3,"length_m":7.29,"width_m":3.72,"corner":"SE","intersection_id":"TPS_00716","intersection_dist_m":27.9,"serves_from_bearing":95.3,"serves_to_bearing":5.3,"serves_quality":"good","lat":25.0517677,"lon":121.5348038,"confidence":"probable","source":"dieturn/yolo26s-obb_ep144@taipei_udd_ortho_2025","source_updated_at":"2026-09-05"},"geometry":{"type":"Polygon","coordinates":[[[121.5348188,25.0517333],[121.5348255,25.051799],[121.5347888,25.0518021],[121.534782,25.0517364],[121.5348188,25.0517333]]]}},{"type":"Feature","id":"dt_wsqqtq6wz","properties":{"id":"dt_wsqqtq6wz","status":"review","conf":0.5044,"n_detections":1,"heading_deg":74.5,"length_m":2.6,"width_m":2.15,"corner":"NW","intersection_id":"TPS_00151","intersection_dist_m":25.5,"serves_from_bearing":344.5,"serves_to_bearing":254.5,"serves_quality":"good","lat":25.0843495,"lon":121.5235283,"confidence":"probable","source":"dieturn/yolo26s-obb_ep144@taipei_udd_ortho_2025","source_updated_at":"2026-09-05"},"geometry":{"type":"Polygon","coordinates":[[[121.5235436,25.0843433],[121.5235378,25.0843621],[121.523513,25.0843558],[121.5235187,25.084337],[121.5235436,25.0843433]]]}},{"type":"Feature","id":"dt_wsqqqrgd2","properties":{"id":"dt_wsqqqrgd2","status":"review","conf":0.5007,"n_detections":1,"heading_deg":64.5,"length_m":1.75,"width_m":1.55,"corner":"SW","intersection_id":"TPS_01176","intersection_dist_m":35.5,"serves_from_bearing":154.5,"serves_to_bearing":64.5,"serves_quality":"good","lat":25.047854,"lon":121.5685319,"confidence":"probable","source":"dieturn/yolo26s-obb_ep144@taipei_udd_ortho_2025","source_updated_at":"2026-09-05"},"geometry":{"type":"Polygon","coordinates":[[[121.5685431,25.0478511],[121.5685364,25.0478637],[121.5685208,25.0478569],[121.5685275,25.0478443],[121.5685431,25.0478511]]]}}]}