{"type":"FeatureCollection","features":[{"type":"Feature","geometry":{"type":"Point","coordinates":[121.6022,25.05371]},"properties":{"hotspot_id":"臺北市-49819","hotspot_type":"intersection","county":"臺北市","township":"南港區","road_or_intersection":"南港路2段","accident_count":23,"motorcycle_accident_count":23,"pedestrian_accident_count":3,"death_count":0,"injury_count":31,"fatal_accident_count":0,"risk_score":90.9,"risk_level":"extreme","confidence":"confirmed","motorcycle_accident_ratio":1.0,"pedestrian_accident_ratio":0.1304}},{"type":"Feature","geometry":{"type":"Point","coordinates":[121.52255,25.0978]},"properties":{"hotspot_id":"臺北市-50130","hotspot_type":"intersection","county":"臺北市","township":"士林區","road_or_intersection":"文林路","accident_count":20,"motorcycle_accident_count":20,"pedestrian_accident_count":2,"death_count":0,"injury_count":37,"fatal_accident_count":0,"risk_score":90.7,"risk_level":"extreme","confidence":"confirmed","motorcycle_accident_ratio":1.0,"pedestrian_accident_ratio":0.1}},{"type":"Feature","geometry":{"type":"Point","coordinates":[121.51604,25.02728]},"properties":{"hotspot_id":"臺北市-48891","hotspot_type":"intersection","county":"臺北市","township":"中正區","road_or_intersection":"和平西路1段 x 重慶南路3段","accident_count":30,"motorcycle_accident_count":30,"pedestrian_accident_count":1,"death_count":0,"injury_count":42,"fatal_accident_count":0,"risk_score":90.6,"risk_level":"extreme","confidence":"confirmed","motorcycle_accident_ratio":1.0,"pedestrian_accident_ratio":0.0333}},{"type":"Feature","geometry":{"type":"Point","coordinates":[121.52602,25.11109]},"properties":{"hotspot_id":"臺北市-51398","hotspot_type":"intersection","county":"臺北市","township":"士林區","road_or_intersection":"中山北路6段","accident_count":27,"motorcycle_accident_count":27,"pedestrian_accident_count":2,"death_count":0,"injury_count":35,"fatal_accident_count":0,"risk_score":90.6,"risk_level":"extreme","confidence":"probable","motorcycle_accident_ratio":1.0,"pedestrian_accident_ratio":0.0741}},{"type":"Feature","geometry":{"type":"Point","coordinates":[121.6162,25.04314]},"properties":{"hotspot_id":"臺北市-49891","hotspot_type":"intersection","county":"臺北市","township":"南港區","road_or_intersection":"研究院路2段","accident_count":19,"motorcycle_accident_count":19,"pedestrian_accident_count":3,"death_count":0,"injury_count":24,"fatal_accident_count":0,"risk_score":90.1,"risk_level":"extreme","confidence":"confirmed","motorcycle_accident_ratio":1.0,"pedestrian_accident_ratio":0.1579}},{"type":"Feature","geometry":{"type":"Point","coordinates":[121.51258,25.03495]},"properties":{"hotspot_id":"臺北市-48969","hotspot_type":"intersection","county":"臺北市","township":"中正區","road_or_intersection":"愛國西路 x 重慶南路2段","accident_count":16,"motorcycle_accident_count":16,"pedestrian_accident_count":1,"death_count":1,"injury_count":25,"fatal_accident_count":1,"risk_score":89.8,"risk_level":"extreme","confidence":"confirmed","motorcycle_accident_ratio":1.0,"pedestrian_accident_ratio":0.0625}},{"type":"Feature","geometry":{"type":"Point","coordinates":[121.53083,25.01587]},"properties":{"hotspot_id":"臺北市-49019","hotspot_type":"intersection","county":"臺北市","township":"中正區","road_or_intersection":"汀州路3段","accident_count":17,"motorcycle_accident_count":17,"pedestrian_accident_count":2,"death_count":0,"injury_count":24,"fatal_accident_count":0,"risk_score":89.6,"risk_level":"extreme","confidence":"confirmed","motorcycle_accident_ratio":1.0,"pedestrian_accident_ratio":0.1176}},{"type":"Feature","geometry":{"type":"Point","coordinates":[121.58642,25.05429]},"properties":{"hotspot_id":"臺北市-49830","hotspot_type":"intersection","county":"臺北市","township":"南港區","road_or_intersection":"南港路3段 x 松河街","accident_count":17,"motorcycle_accident_count":17,"pedestrian_accident_count":2,"death_count":0,"injury_count":24,"fatal_accident_count":0,"risk_score":89.6,"risk_level":"extreme","confidence":"confirmed","motorcycle_accident_ratio":1.0,"pedestrian_accident_ratio":0.1176}},{"type":"Feature","geometry":{"type":"Point","coordinates":[121.59979,25.06324]},"properties":{"hotspot_id":"臺北市-49326","hotspot_type":"intersection","county":"臺北市","township":"內湖區","road_or_intersection":"安康路","accident_count":18,"motorcycle_accident_count":18,"pedestrian_accident_count":1,"death_count":0,"injury_count":27,"fatal_accident_count":0,"risk_score":89.5,"risk_level":"extreme","confidence":"confirmed","motorcycle_accident_ratio":1.0,"pedestrian_accident_ratio":0.0556}},{"type":"Feature","geometry":{"type":"Point","coordinates":[121.49989,25.09745]},"properties":{"hotspot_id":"臺北市-50077","hotspot_type":"intersection","county":"臺北市","township":"士林區","road_or_intersection":"延平北路7段","accident_count":19,"motorcycle_accident_count":19,"pedestrian_accident_count":1,"death_count":0,"injury_count":26,"fatal_accident_count":0,"risk_score":89.5,"risk_level":"extreme","confidence":"confirmed","motorcycle_accident_ratio":1.0,"pedestrian_accident_ratio":0.0526}},{"type":"Feature","geometry":{"type":"Point","coordinates":[121.48343,25.13744]},"properties":{"hotspot_id":"臺北市-49504","hotspot_type":"intersection","county":"臺北市","township":"北投區","road_or_intersection":"中央北路3段","accident_count":18,"motorcycle_accident_count":18,"pedestrian_accident_count":1,"death_count":0,"injury_count":25,"fatal_accident_count":0,"risk_score":89.2,"risk_level":"extreme","confidence":"confirmed","motorcycle_accident_ratio":1.0,"pedestrian_accident_ratio":0.0556}},{"type":"Feature","geometry":{"type":"Point","coordinates":[121.51897,25.04186]},"properties":{"hotspot_id":"臺北市-48764","hotspot_type":"intersection","county":"臺北市","township":"中正區","road_or_intersection":"中山南路 x 徐州路","accident_count":14,"motorcycle_accident_count":14,"pedestrian_accident_count":1,"death_count":0,"injury_count":25,"fatal_accident_count":0,"risk_score":88.7,"risk_level":"extreme","confidence":"confirmed","motorcycle_accident_ratio":1.0,"pedestrian_accident_ratio":0.0714}},{"type":"Feature","geometry":{"type":"Point","coordinates":[121.53462,25.04521]},"properties":{"hotspot_id":"臺北市-51845","hotspot_type":"intersection","county":"臺北市","township":"中山區","road_or_intersection":"民大道3段","accident_count":16,"motorcycle_accident_count":16,"pedestrian_accident_count":1,"death_count":0,"injury_count":23,"fatal_accident_count":0,"risk_score":88.7,"risk_level":"extreme","confidence":"probable","motorcycle_accident_ratio":1.0,"pedestrian_accident_ratio":0.0625}},{"type":"Feature","geometry":{"type":"Point","coordinates":[121.50121,25.03824]},"properties":{"hotspot_id":"臺北市-51173","hotspot_type":"intersection","county":"臺北市","township":"萬華區","road_or_intersection":"康定路 x 桂林路","accident_count":16,"motorcycle_accident_count":16,"pedestrian_accident_count":1,"death_count":0,"injury_count":22,"fatal_accident_count":0,"risk_score":88.5,"risk_level":"extreme","confidence":"confirmed","motorcycle_accident_ratio":1.0,"pedestrian_accident_ratio":0.0625}},{"type":"Feature","geometry":{"type":"Point","coordinates":[121.53081,25.01744]},"properties":{"hotspot_id":"臺北市-49051","hotspot_type":"intersection","county":"臺北市","township":"中正區","road_or_intersection":"羅斯福路3段","accident_count":15,"motorcycle_accident_count":15,"pedestrian_accident_count":1,"death_count":0,"injury_count":21,"fatal_accident_count":0,"risk_score":88.1,"risk_level":"extreme","confidence":"confirmed","motorcycle_accident_ratio":1.0,"pedestrian_accident_ratio":0.0667}},{"type":"Feature","geometry":{"type":"Point","coordinates":[121.52861,25.02659]},"properties":{"hotspot_id":"臺北市-50474","hotspot_type":"intersection","county":"臺北市","township":"大安區","road_or_intersection":"和平東路1段 x 師大路","accident_count":12,"motorcycle_accident_count":12,"pedestrian_accident_count":1,"death_count":0,"injury_count":19,"fatal_accident_count":0,"risk_score":86.9,"risk_level":"extreme","confidence":"confirmed","motorcycle_accident_ratio":1.0,"pedestrian_accident_ratio":0.0833}},{"type":"Feature","geometry":{"type":"Point","coordinates":[121.51644,25.11234]},"properties":{"hotspot_id":"臺北市-49776","hotspot_type":"intersection","county":"臺北市","township":"北投區","road_or_intersection":"西安街1段","accident_count":11,"motorcycle_accident_count":11,"pedestrian_accident_count":3,"death_count":0,"injury_count":17,"fatal_accident_count":0,"risk_score":86.9,"risk_level":"extreme","confidence":"confirmed","motorcycle_accident_ratio":1.0,"pedestrian_accident_ratio":0.2727}},{"type":"Feature","geometry":{"type":"Point","coordinates":[121.50311,25.02885]},"properties":{"hotspot_id":"臺北市-51531","hotspot_type":"intersection","county":"臺北市","township":"萬華區","road_or_intersection":"西藏路","accident_count":11,"motorcycle_accident_count":11,"pedestrian_accident_count":2,"death_count":0,"injury_count":18,"fatal_accident_count":0,"risk_score":86.9,"risk_level":"extreme","confidence":"probable","motorcycle_accident_ratio":1.0,"pedestrian_accident_ratio":0.1818}},{"type":"Feature","geometry":{"type":"Point","coordinates":[121.56734,25.04863]},"properties":{"hotspot_id":"臺北市-51882","hotspot_type":"road_segment","county":"臺北市","township":"信義區市","road_or_intersection":"民大道5段","accident_count":12,"motorcycle_accident_count":12,"pedestrian_accident_count":1,"death_count":0,"injury_count":18,"fatal_accident_count":0,"risk_score":86.5,"risk_level":"extreme","confidence":"probable","motorcycle_accident_ratio":1.0,"pedestrian_accident_ratio":0.0833}},{"type":"Feature","geometry":{"type":"Point","coordinates":[121.55201,25.04438]},"properties":{"hotspot_id":"臺北市-50682","hotspot_type":"intersection","county":"臺北市","township":"大安區市","road_or_intersection":"忠孝東路4段 x 民大道4段","accident_count":13,"motorcycle_accident_count":13,"pedestrian_accident_count":1,"death_count":0,"injury_count":17,"fatal_accident_count":0,"risk_score":86.4,"risk_level":"extreme","confidence":"confirmed","motorcycle_accident_ratio":1.0,"pedestrian_accident_ratio":0.0769}},{"type":"Feature","geometry":{"type":"Point","coordinates":[121.55844,25.03735]},"properties":{"hotspot_id":"臺北市-49110","hotspot_type":"intersection","county":"臺北市","township":"信義區","road_or_intersection":"仁愛路4段 x 光復南路","accident_count":12,"motorcycle_accident_count":12,"pedestrian_accident_count":3,"death_count":0,"injury_count":15,"fatal_accident_count":0,"risk_score":86.3,"risk_level":"extreme","confidence":"confirmed","motorcycle_accident_ratio":1.0,"pedestrian_accident_ratio":0.25}},{"type":"Feature","geometry":{"type":"Point","coordinates":[121.52544,25.05597]},"properties":{"hotspot_id":"臺北市-48439","hotspot_type":"intersection","county":"臺北市","township":"中山區","road_or_intersection":"中山北路2段 x 林森北路","accident_count":13,"motorcycle_accident_count":13,"pedestrian_accident_count":2,"death_count":0,"injury_count":15,"fatal_accident_count":0,"risk_score":86.1,"risk_level":"extreme","confidence":"confirmed","motorcycle_accident_ratio":1.0,"pedestrian_accident_ratio":0.1538}},{"type":"Feature","geometry":{"type":"Point","coordinates":[121.5837,25.07894]},"properties":{"hotspot_id":"臺北市-51445","hotspot_type":"intersection","county":"臺北市","township":"內湖區","road_or_intersection":"文德路","accident_count":13,"motorcycle_accident_count":13,"pedestrian_accident_count":1,"death_count":0,"injury_count":16,"fatal_accident_count":0,"risk_score":85.9,"risk_level":"extreme","confidence":"probable","motorcycle_accident_ratio":1.0,"pedestrian_accident_ratio":0.0769}},{"type":"Feature","geometry":{"type":"Point","coordinates":[121.52424,25.11923]},"properties":{"hotspot_id":"臺北市-51394","hotspot_type":"intersection","county":"臺北市","township":"士林區","road_or_intersection":"天母西路","accident_count":11,"motorcycle_accident_count":11,"pedestrian_accident_count":3,"death_count":0,"injury_count":15,"fatal_accident_count":0,"risk_score":85.9,"risk_level":"extreme","confidence":"probable","motorcycle_accident_ratio":1.0,"pedestrian_accident_ratio":0.2727}},{"type":"Feature","geometry":{"type":"Point","coordinates":[121.50182,25.12483]},"properties":{"hotspot_id":"臺北市-51412","hotspot_type":"intersection","county":"臺北市","township":"北投區","road_or_intersection":"北投路1段","accident_count":13,"motorcycle_accident_count":13,"pedestrian_accident_count":1,"death_count":0,"injury_count":16,"fatal_accident_count":0,"risk_score":85.9,"risk_level":"extreme","confidence":"probable","motorcycle_accident_ratio":1.0,"pedestrian_accident_ratio":0.0769}},{"type":"Feature","geometry":{"type":"Point","coordinates":[121.47823,25.13421]},"properties":{"hotspot_id":"臺北市-51325","hotspot_type":"intersection","county":"臺北市","township":"北投區","road_or_intersection":"大業路","accident_count":11,"motorcycle_accident_count":11,"pedestrian_accident_count":1,"death_count":0,"injury_count":17,"fatal_accident_count":0,"risk_score":85.7,"risk_level":"extreme","confidence":"probable","motorcycle_accident_ratio":1.0,"pedestrian_accident_ratio":0.0909}},{"type":"Feature","geometry":{"type":"Point","coordinates":[121.53086,25.10501]},"properties":{"hotspot_id":"臺北市-51374","hotspot_type":"intersection","county":"臺北市","township":"士林區","road_or_intersection":"雨聲街","accident_count":12,"motorcycle_accident_count":12,"pedestrian_accident_count":1,"death_count":0,"injury_count":16,"fatal_accident_count":0,"risk_score":85.6,"risk_level":"extreme","confidence":"low_confidence","motorcycle_accident_ratio":1.0,"pedestrian_accident_ratio":0.0833}},{"type":"Feature","geometry":{"type":"Point","coordinates":[121.51453,25.05377]},"properties":{"hotspot_id":"臺北市-50223","hotspot_type":"intersection","county":"臺北市","township":"大同區","road_or_intersection":"南京西路","accident_count":10,"motorcycle_accident_count":10,"pedestrian_accident_count":2,"death_count":0,"injury_count":16,"fatal_accident_count":0,"risk_score":85.6,"risk_level":"extreme","confidence":"confirmed","motorcycle_accident_ratio":1.0,"pedestrian_accident_ratio":0.2}},{"type":"Feature","geometry":{"type":"Point","coordinates":[121.53856,25.00769]},"properties":{"hotspot_id":"臺北市-50861","hotspot_type":"intersection","county":"臺北市","township":"文山區","road_or_intersection":"羅斯福路5段 x 萬盛街","accident_count":11,"motorcycle_accident_count":11,"pedestrian_accident_count":1,"death_count":0,"injury_count":16,"fatal_accident_count":0,"risk_score":85.2,"risk_level":"extreme","confidence":"confirmed","motorcycle_accident_ratio":1.0,"pedestrian_accident_ratio":0.0909}},{"type":"Feature","geometry":{"type":"Point","coordinates":[121.52225,25.02706]},"properties":{"hotspot_id":"臺北市-48890","hotspot_type":"intersection","county":"臺北市","township":"中正區","road_or_intersection":"和平西路1段 x 羅斯福路2段","accident_count":10,"motorcycle_accident_count":10,"pedestrian_accident_count":2,"death_count":0,"injury_count":15,"fatal_accident_count":0,"risk_score":85.1,"risk_level":"extreme","confidence":"confirmed","motorcycle_accident_ratio":1.0,"pedestrian_accident_ratio":0.2}},{"type":"Feature","geometry":{"type":"Point","coordinates":[121.53111,25.1092]},"properties":{"hotspot_id":"臺北市-50091","hotspot_type":"intersection","county":"臺北市","township":"士林區","road_or_intersection":"德行東路","accident_count":30,"motorcycle_accident_count":29,"pedestrian_accident_count":5,"death_count":0,"injury_count":40,"fatal_accident_count":0,"risk_score":84.7,"risk_level":"extreme","confidence":"confirmed","motorcycle_accident_ratio":0.9667,"pedestrian_accident_ratio":0.1667}},{"type":"Feature","geometry":{"type":"Point","coordinates":[121.52115,25.10395]},"properties":{"hotspot_id":"臺北市-51422","hotspot_type":"road_segment","county":"臺北市","township":"士林區","road_or_intersection":"德行西路","accident_count":25,"motorcycle_accident_count":24,"pedestrian_accident_count":3,"death_count":0,"injury_count":38,"fatal_accident_count":0,"risk_score":84.2,"risk_level":"extreme","confidence":"probable","motorcycle_accident_ratio":0.96,"pedestrian_accident_ratio":0.12}},{"type":"Feature","geometry":{"type":"Point","coordinates":[121.56965,25.08246]},"properties":{"hotspot_id":"臺北市-49270","hotspot_type":"intersection","county":"臺北市","township":"內湖區","road_or_intersection":"內湖路1段","accident_count":45,"motorcycle_accident_count":40,"pedestrian_accident_count":9,"death_count":0,"injury_count":55,"fatal_accident_count":0,"risk_score":84.2,"risk_level":"extreme","confidence":"confirmed","motorcycle_accident_ratio":0.8889,"pedestrian_accident_ratio":0.2}},{"type":"Feature","geometry":{"type":"Point","coordinates":[121.49971,25.02393]},"properties":{"hotspot_id":"臺北市-51284","hotspot_type":"intersection","county":"臺北市","township":"萬華區","road_or_intersection":"萬大路","accident_count":52,"motorcycle_accident_count":48,"pedestrian_accident_count":5,"death_count":0,"injury_count":71,"fatal_accident_count":0,"risk_score":84.1,"risk_level":"extreme","confidence":"confirmed","motorcycle_accident_ratio":0.9231,"pedestrian_accident_ratio":0.0962}},{"type":"Feature","geometry":{"type":"Point","coordinates":[121.56369,25.02724]},"properties":{"hotspot_id":"臺北市-51660","hotspot_type":"road_segment","county":"臺北市","township":"信義區","road_or_intersection":"吳興街","accident_count":11,"motorcycle_accident_count":11,"pedestrian_accident_count":1,"death_count":0,"injury_count":14,"fatal_accident_count":0,"risk_score":84.1,"risk_level":"extreme","confidence":"probable","motorcycle_accident_ratio":1.0,"pedestrian_accident_ratio":0.0909}},{"type":"Feature","geometry":{"type":"Point","coordinates":[121.54686,25.08176]},"properties":{"hotspot_id":"臺北市-48492","hotspot_type":"intersection","county":"臺北市","township":"中山區","road_or_intersection":"北安路","accident_count":44,"motorcycle_accident_count":43,"pedestrian_accident_count":2,"death_count":0,"injury_count":56,"fatal_accident_count":0,"risk_score":84.0,"risk_level":"extreme","confidence":"confirmed","motorcycle_accident_ratio":0.9773,"pedestrian_accident_ratio":0.0455}},{"type":"Feature","geometry":{"type":"Point","coordinates":[121.59219,25.0686]},"properties":{"hotspot_id":"臺北市-49409","hotspot_type":"intersection","county":"臺北市","township":"內湖區","road_or_intersection":"民權東路6段","accident_count":123,"motorcycle_accident_count":114,"pedestrian_accident_count":10,"death_count":0,"injury_count":164,"fatal_accident_count":0,"risk_score":84.0,"risk_level":"extreme","confidence":"confirmed","motorcycle_accident_ratio":0.9268,"pedestrian_accident_ratio":0.0813}},{"type":"Feature","geometry":{"type":"Point","coordinates":[121.49931,25.1416]},"properties":{"hotspot_id":"臺北市-49483","hotspot_type":"intersection","county":"臺北市","township":"北投區","road_or_intersection":"中和街","accident_count":21,"motorcycle_accident_count":19,"pedestrian_accident_count":5,"death_count":0,"injury_count":30,"fatal_accident_count":0,"risk_score":83.8,"risk_level":"extreme","confidence":"confirmed","motorcycle_accident_ratio":0.9048,"pedestrian_accident_ratio":0.2381}},{"type":"Feature","geometry":{"type":"Point","coordinates":[121.5966,25.07901]},"properties":{"hotspot_id":"臺北市-51371","hotspot_type":"intersection","county":"臺北市","township":"內湖區","road_or_intersection":"康寧路1段","accident_count":7,"motorcycle_accident_count":7,"pedestrian_accident_count":2,"death_count":1,"injury_count":7,"fatal_accident_count":1,"risk_score":83.8,"risk_level":"extreme","confidence":"probable","motorcycle_accident_ratio":1.0,"pedestrian_accident_ratio":0.2857}},{"type":"Feature","geometry":{"type":"Point","coordinates":[121.52024,25.08034]},"properties":{"hotspot_id":"臺北市-50117","hotspot_type":"intersection","county":"臺北市","township":"士林區","road_or_intersection":"承德路4段 x 通河街","accident_count":33,"motorcycle_accident_count":32,"pedestrian_accident_count":1,"death_count":0,"injury_count":46,"fatal_accident_count":0,"risk_score":83.8,"risk_level":"extreme","confidence":"confirmed","motorcycle_accident_ratio":0.9697,"pedestrian_accident_ratio":0.0303}},{"type":"Feature","geometry":{"type":"Point","coordinates":[121.51056,25.0502]},"properties":{"hotspot_id":"臺北市-50257","hotspot_type":"intersection","county":"臺北市","township":"大同區","road_or_intersection":"塔城街 x 鄭州路","accident_count":29,"motorcycle_accident_count":27,"pedestrian_accident_count":2,"death_count":0,"injury_count":45,"fatal_accident_count":0,"risk_score":83.7,"risk_level":"extreme","confidence":"confirmed","motorcycle_accident_ratio":0.931,"pedestrian_accident_ratio":0.069}},{"type":"Feature","geometry":{"type":"Point","coordinates":[121.5773,25.07387]},"properties":{"hotspot_id":"臺北市-49439","hotspot_type":"intersection","county":"臺北市","township":"內湖區","road_or_intersection":"瑞光路","accident_count":34,"motorcycle_accident_count":32,"pedestrian_accident_count":1,"death_count":1,"injury_count":46,"fatal_accident_count":1,"risk_score":83.7,"risk_level":"extreme","confidence":"confirmed","motorcycle_accident_ratio":0.9412,"pedestrian_accident_ratio":0.0294}},{"type":"Feature","geometry":{"type":"Point","coordinates":[121.56544,25.0492]},"properties":{"hotspot_id":"臺北市-50960","hotspot_type":"intersection","county":"臺北市","township":"松山區","road_or_intersection":"八德路4段","accident_count":30,"motorcycle_accident_count":29,"pedestrian_accident_count":1,"death_count":0,"injury_count":43,"fatal_accident_count":0,"risk_score":83.7,"risk_level":"extreme","confidence":"confirmed","motorcycle_accident_ratio":0.9667,"pedestrian_accident_ratio":0.0333}},{"type":"Feature","geometry":{"type":"Point","coordinates":[121.55397,25.02085]},"properties":{"hotspot_id":"臺北市-50493","hotspot_type":"intersection","county":"臺北市","township":"大安區","road_or_intersection":"和平東路3段","accident_count":24,"motorcycle_accident_count":23,"pedestrian_accident_count":2,"death_count":0,"injury_count":32,"fatal_accident_count":0,"risk_score":83.6,"risk_level":"extreme","confidence":"confirmed","motorcycle_accident_ratio":0.9583,"pedestrian_accident_ratio":0.0833}},{"type":"Feature","geometry":{"type":"Point","coordinates":[121.60754,25.05439]},"properties":{"hotspot_id":"臺北市-49816","hotspot_type":"intersection","county":"臺北市","township":"南港區","road_or_intersection":"南港路1段 x 興中路","accident_count":10,"motorcycle_accident_count":10,"pedestrian_accident_count":1,"death_count":0,"injury_count":14,"fatal_accident_count":0,"risk_score":83.6,"risk_level":"extreme","confidence":"confirmed","motorcycle_accident_ratio":1.0,"pedestrian_accident_ratio":0.1}},{"type":"Feature","geometry":{"type":"Point","coordinates":[121.52621,25.11093]},"properties":{"hotspot_id":"臺北市-49945","hotspot_type":"intersection","county":"臺北市","township":"士林區","road_or_intersection":"中山北路6段","accident_count":29,"motorcycle_accident_count":28,"pedestrian_accident_count":1,"death_count":0,"injury_count":38,"fatal_accident_count":0,"risk_score":83.6,"risk_level":"extreme","confidence":"confirmed","motorcycle_accident_ratio":0.9655,"pedestrian_accident_ratio":0.0345}},{"type":"Feature","geometry":{"type":"Point","coordinates":[121.56158,24.98558]},"properties":{"hotspot_id":"臺北市-50883","hotspot_type":"intersection","county":"臺北市","township":"文山區","road_or_intersection":"興隆路4段","accident_count":26,"motorcycle_accident_count":23,"pedestrian_accident_count":5,"death_count":0,"injury_count":39,"fatal_accident_count":0,"risk_score":83.6,"risk_level":"extreme","confidence":"confirmed","motorcycle_accident_ratio":0.8846,"pedestrian_accident_ratio":0.1923}},{"type":"Feature","geometry":{"type":"Point","coordinates":[121.59033,25.0695]},"properties":{"hotspot_id":"臺北市-49356","hotspot_type":"intersection","county":"臺北市","township":"內湖區","road_or_intersection":"成功路2段","accident_count":41,"motorcycle_accident_count":38,"pedestrian_accident_count":2,"death_count":0,"injury_count":49,"fatal_accident_count":0,"risk_score":83.6,"risk_level":"extreme","confidence":"confirmed","motorcycle_accident_ratio":0.9268,"pedestrian_accident_ratio":0.0488}},{"type":"Feature","geometry":{"type":"Point","coordinates":[121.56853,25.04074]},"properties":{"hotspot_id":"臺北市-49184","hotspot_type":"intersection","county":"臺北市","township":"信義區","road_or_intersection":"忠孝東路5段 x 松仁路","accident_count":29,"motorcycle_accident_count":28,"pedestrian_accident_count":1,"death_count":0,"injury_count":39,"fatal_accident_count":0,"risk_score":83.6,"risk_level":"extreme","confidence":"confirmed","motorcycle_accident_ratio":0.9655,"pedestrian_accident_ratio":0.0345}},{"type":"Feature","geometry":{"type":"Point","coordinates":[121.59374,25.05024]},"properties":{"hotspot_id":"臺北市-51638","hotspot_type":"intersection","county":"臺北市","township":"南港區","road_or_intersection":"昆陽街","accident_count":20,"motorcycle_accident_count":18,"pedestrian_accident_count":4,"death_count":0,"injury_count":31,"fatal_accident_count":0,"risk_score":83.5,"risk_level":"extreme","confidence":"probable","motorcycle_accident_ratio":0.9,"pedestrian_accident_ratio":0.2}},{"type":"Feature","geometry":{"type":"Point","coordinates":[121.55816,24.9973]},"properties":{"hotspot_id":"臺北市-50880","hotspot_type":"intersection","county":"臺北市","township":"文山區","road_or_intersection":"興隆路3段","accident_count":27,"motorcycle_accident_count":24,"pedestrian_accident_count":4,"death_count":0,"injury_count":39,"fatal_accident_count":0,"risk_score":83.5,"risk_level":"extreme","confidence":"confirmed","motorcycle_accident_ratio":0.8889,"pedestrian_accident_ratio":0.1481}},{"type":"Feature","geometry":{"type":"Point","coordinates":[121.54373,25.07897]},"properties":{"hotspot_id":"臺北市-48500","hotspot_type":"intersection","county":"臺北市","township":"中山區","road_or_intersection":"北安路 x 明水路","accident_count":28,"motorcycle_accident_count":27,"pedestrian_accident_count":1,"death_count":0,"injury_count":37,"fatal_accident_count":0,"risk_score":83.5,"risk_level":"extreme","confidence":"confirmed","motorcycle_accident_ratio":0.9643,"pedestrian_accident_ratio":0.0357}},{"type":"Feature","geometry":{"type":"Point","coordinates":[121.50996,25.08393]},"properties":{"hotspot_id":"臺北市-50065","hotspot_type":"intersection","county":"臺北市","township":"士林區","road_or_intersection":"延平北路5段","accident_count":25,"motorcycle_accident_count":24,"pedestrian_accident_count":1,"death_count":0,"injury_count":38,"fatal_accident_count":0,"risk_score":83.5,"risk_level":"extreme","confidence":"confirmed","motorcycle_accident_ratio":0.96,"pedestrian_accident_ratio":0.04}},{"type":"Feature","geometry":{"type":"Point","coordinates":[121.55701,25.0049]},"properties":{"hotspot_id":"臺北市-50904","hotspot_type":"intersection","county":"臺北市","township":"文山區","road_or_intersection":"辛亥路4段","accident_count":29,"motorcycle_accident_count":28,"pedestrian_accident_count":1,"death_count":0,"injury_count":35,"fatal_accident_count":0,"risk_score":83.5,"risk_level":"extreme","confidence":"confirmed","motorcycle_accident_ratio":0.9655,"pedestrian_accident_ratio":0.0345}},{"type":"Feature","geometry":{"type":"Point","coordinates":[121.55934,24.9882]},"properties":{"hotspot_id":"臺北市-51409","hotspot_type":"intersection","county":"臺北市","township":"文山區","road_or_intersection":"興隆路4段","accident_count":23,"motorcycle_accident_count":22,"pedestrian_accident_count":2,"death_count":0,"injury_count":30,"fatal_accident_count":0,"risk_score":83.5,"risk_level":"extreme","confidence":"low_confidence","motorcycle_accident_ratio":0.9565,"pedestrian_accident_ratio":0.087}},{"type":"Feature","geometry":{"type":"Point","coordinates":[121.54963,24.98752]},"properties":{"hotspot_id":"臺北市-50819","hotspot_type":"intersection","county":"臺北市","township":"文山區","road_or_intersection":"木柵路1段","accident_count":26,"motorcycle_accident_count":25,"pedestrian_accident_count":1,"death_count":0,"injury_count":33,"fatal_accident_count":0,"risk_score":83.4,"risk_level":"extreme","confidence":"confirmed","motorcycle_accident_ratio":0.9615,"pedestrian_accident_ratio":0.0385}},{"type":"Feature","geometry":{"type":"Point","coordinates":[121.57351,24.99668]},"properties":{"hotspot_id":"臺北市-50830","hotspot_type":"intersection","county":"臺北市","township":"文山區","road_or_intersection":"木柵路4段","accident_count":26,"motorcycle_accident_count":25,"pedestrian_accident_count":1,"death_count":0,"injury_count":34,"fatal_accident_count":0,"risk_score":83.4,"risk_level":"extreme","confidence":"confirmed","motorcycle_accident_ratio":0.9615,"pedestrian_accident_ratio":0.0385}},{"type":"Feature","geometry":{"type":"Point","coordinates":[121.59479,25.0793]},"properties":{"hotspot_id":"臺北市-49338","hotspot_type":"intersection","county":"臺北市","township":"內湖區","road_or_intersection":"康寧路1段","accident_count":21,"motorcycle_accident_count":20,"pedestrian_accident_count":2,"death_count":0,"injury_count":30,"fatal_accident_count":0,"risk_score":83.4,"risk_level":"extreme","confidence":"confirmed","motorcycle_accident_ratio":0.9524,"pedestrian_accident_ratio":0.0952}},{"type":"Feature","geometry":{"type":"Point","coordinates":[121.58352,25.05655]},"properties":{"hotspot_id":"臺北市-49382","hotspot_type":"intersection","county":"臺北市","township":"內湖區","road_or_intersection":"新明路","accident_count":26,"motorcycle_accident_count":25,"pedestrian_accident_count":1,"death_count":0,"injury_count":35,"fatal_accident_count":0,"risk_score":83.4,"risk_level":"extreme","confidence":"confirmed","motorcycle_accident_ratio":0.9615,"pedestrian_accident_ratio":0.0385}},{"type":"Feature","geometry":{"type":"Point","coordinates":[121.56396,25.02628]},"properties":{"hotspot_id":"臺北市-49143","hotspot_type":"intersection","county":"臺北市","township":"信義區","road_or_intersection":"吳興街","accident_count":76,"motorcycle_accident_count":67,"pedestrian_accident_count":8,"death_count":0,"injury_count":99,"fatal_accident_count":0,"risk_score":83.4,"risk_level":"extreme","confidence":"confirmed","motorcycle_accident_ratio":0.8816,"pedestrian_accident_ratio":0.1053}},{"type":"Feature","geometry":{"type":"Point","coordinates":[121.52252,25.05651]},"properties":{"hotspot_id":"臺北市-48434","hotspot_type":"intersection","county":"臺北市","township":"中山區","road_or_intersection":"中山北路2段","accident_count":29,"motorcycle_accident_count":27,"pedestrian_accident_count":1,"death_count":0,"injury_count":42,"fatal_accident_count":0,"risk_score":83.4,"risk_level":"extreme","confidence":"confirmed","motorcycle_accident_ratio":0.931,"pedestrian_accident_ratio":0.0345}},{"type":"Feature","geometry":{"type":"Point","coordinates":[121.51686,25.02348]},"properties":{"hotspot_id":"臺北市-51590","hotspot_type":"road_segment","county":"臺北市","township":"中正區","road_or_intersection":"中正橋前0.0公尺","accident_count":35,"motorcycle_accident_count":32,"pedestrian_accident_count":1,"death_count":0,"injury_count":51,"fatal_accident_count":0,"risk_score":83.3,"risk_level":"extreme","confidence":"probable","motorcycle_accident_ratio":0.9143,"pedestrian_accident_ratio":0.0286}},{"type":"Feature","geometry":{"type":"Point","coordinates":[121.50822,25.05055]},"properties":{"hotspot_id":"臺北市-50389","hotspot_type":"intersection","county":"臺北市","township":"大同區","road_or_intersection":"西寧北路 x 鄭州路","accident_count":52,"motorcycle_accident_count":47,"pedestrian_accident_count":3,"death_count":0,"injury_count":65,"fatal_accident_count":0,"risk_score":83.3,"risk_level":"extreme","confidence":"confirmed","motorcycle_accident_ratio":0.9038,"pedestrian_accident_ratio":0.0577}},{"type":"Feature","geometry":{"type":"Point","coordinates":[121.51264,25.05701]},"properties":{"hotspot_id":"臺北市-51715","hotspot_type":"road_segment","county":"臺北市","township":"大同區","road_or_intersection":"民生西路","accident_count":28,"motorcycle_accident_count":25,"pedestrian_accident_count":3,"death_count":0,"injury_count":38,"fatal_accident_count":0,"risk_score":83.2,"risk_level":"extreme","confidence":"low_confidence","motorcycle_accident_ratio":0.8929,"pedestrian_accident_ratio":0.1071}},{"type":"Feature","geometry":{"type":"Point","coordinates":[121.51147,25.11445]},"properties":{"hotspot_id":"臺北市-49733","hotspot_type":"intersection","county":"臺北市","township":"北投區","road_or_intersection":"石牌路1段","accident_count":17,"motorcycle_accident_count":15,"pedestrian_accident_count":6,"death_count":0,"injury_count":29,"fatal_accident_count":0,"risk_score":83.2,"risk_level":"extreme","confidence":"confirmed","motorcycle_accident_ratio":0.8824,"pedestrian_accident_ratio":0.3529}},{"type":"Feature","geometry":{"type":"Point","coordinates":[121.55107,25.00063]},"properties":{"hotspot_id":"臺北市-50877","hotspot_type":"intersection","county":"臺北市","township":"文山區","road_or_intersection":"興隆路2段","accident_count":32,"motorcycle_accident_count":29,"pedestrian_accident_count":2,"death_count":0,"injury_count":43,"fatal_accident_count":0,"risk_score":83.2,"risk_level":"extreme","confidence":"confirmed","motorcycle_accident_ratio":0.9062,"pedestrian_accident_ratio":0.0625}},{"type":"Feature","geometry":{"type":"Point","coordinates":[121.50641,25.02999]},"properties":{"hotspot_id":"臺北市-48788","hotspot_type":"intersection","county":"臺北市","township":"中正區","road_or_intersection":"中華路2段","accident_count":25,"motorcycle_accident_count":22,"pedestrian_accident_count":3,"death_count":1,"injury_count":40,"fatal_accident_count":1,"risk_score":83.2,"risk_level":"extreme","confidence":"confirmed","motorcycle_accident_ratio":0.88,"pedestrian_accident_ratio":0.12}},{"type":"Feature","geometry":{"type":"Point","coordinates":[121.56428,25.0287]},"properties":{"hotspot_id":"臺北市-49246","hotspot_type":"intersection","county":"臺北市","township":"信義區","road_or_intersection":"莊敬路","accident_count":25,"motorcycle_accident_count":23,"pedestrian_accident_count":2,"death_count":0,"injury_count":33,"fatal_accident_count":0,"risk_score":83.2,"risk_level":"extreme","confidence":"confirmed","motorcycle_accident_ratio":0.92,"pedestrian_accident_ratio":0.08}},{"type":"Feature","geometry":{"type":"Point","coordinates":[121.6154,25.0553]},"properties":{"hotspot_id":"臺北市-49790","hotspot_type":"intersection","county":"臺北市","township":"南港區","road_or_intersection":"中南街 x 南港路1段","accident_count":9,"motorcycle_accident_count":9,"pedestrian_accident_count":1,"death_count":0,"injury_count":14,"fatal_accident_count":0,"risk_score":83.1,"risk_level":"extreme","confidence":"confirmed","motorcycle_accident_ratio":1.0,"pedestrian_accident_ratio":0.1111}},{"type":"Feature","geometry":{"type":"Point","coordinates":[121.50487,25.12483]},"properties":{"hotspot_id":"臺北市-49539","hotspot_type":"intersection","county":"臺北市","township":"北投區","road_or_intersection":"公館路","accident_count":26,"motorcycle_accident_count":24,"pedestrian_accident_count":1,"death_count":0,"injury_count":35,"fatal_accident_count":0,"risk_score":83.1,"risk_level":"extreme","confidence":"confirmed","motorcycle_accident_ratio":0.9231,"pedestrian_accident_ratio":0.0385}},{"type":"Feature","geometry":{"type":"Point","coordinates":[121.51473,25.06259]},"properties":{"hotspot_id":"臺北市-50349","hotspot_type":"intersection","county":"臺北市","township":"大同區","road_or_intersection":"民權西路","accident_count":32,"motorcycle_accident_count":29,"pedestrian_accident_count":1,"death_count":0,"injury_count":49,"fatal_accident_count":0,"risk_score":83.1,"risk_level":"extreme","confidence":"confirmed","motorcycle_accident_ratio":0.9062,"pedestrian_accident_ratio":0.0312}},{"type":"Feature","geometry":{"type":"Point","coordinates":[121.51623,25.05093]},"properties":{"hotspot_id":"臺北市-50409","hotspot_type":"intersection","county":"臺北市","township":"大同區","road_or_intersection":"長安西路","accident_count":9,"motorcycle_accident_count":9,"pedestrian_accident_count":1,"death_count":0,"injury_count":14,"fatal_accident_count":0,"risk_score":83.1,"risk_level":"extreme","confidence":"confirmed","motorcycle_accident_ratio":1.0,"pedestrian_accident_ratio":0.1111}},{"type":"Feature","geometry":{"type":"Point","coordinates":[121.52015,25.11984]},"properties":{"hotspot_id":"臺北市-49740","hotspot_type":"intersection","county":"臺北市","township":"北投區","road_or_intersection":"石牌路2段","accident_count":22,"motorcycle_accident_count":20,"pedestrian_accident_count":3,"death_count":0,"injury_count":28,"fatal_accident_count":0,"risk_score":83.1,"risk_level":"extreme","confidence":"confirmed","motorcycle_accident_ratio":0.9091,"pedestrian_accident_ratio":0.1364}},{"type":"Feature","geometry":{"type":"Point","coordinates":[121.51249,25.07209]},"properties":{"hotspot_id":"臺北市-50394","hotspot_type":"intersection","county":"臺北市","township":"大同區","road_or_intersection":"迪化街2段 x 酒泉街","accident_count":6,"motorcycle_accident_count":6,"pedestrian_accident_count":1,"death_count":1,"injury_count":10,"fatal_accident_count":1,"risk_score":83.0,"risk_level":"extreme","confidence":"confirmed","motorcycle_accident_ratio":1.0,"pedestrian_accident_ratio":0.1667}},{"type":"Feature","geometry":{"type":"Point","coordinates":[121.56178,24.98196]},"properties":{"hotspot_id":"臺北市-50815","hotspot_type":"intersection","county":"臺北市","township":"文山區","road_or_intersection":"木新路3段","accident_count":32,"motorcycle_accident_count":29,"pedestrian_accident_count":1,"death_count":0,"injury_count":42,"fatal_accident_count":0,"risk_score":83.0,"risk_level":"extreme","confidence":"confirmed","motorcycle_accident_ratio":0.9062,"pedestrian_accident_ratio":0.0312}},{"type":"Feature","geometry":{"type":"Point","coordinates":[121.49528,25.02813]},"properties":{"hotspot_id":"臺北市-51213","hotspot_type":"intersection","county":"臺北市","township":"萬華區","road_or_intersection":"東園街 x 西園路2段","accident_count":17,"motorcycle_accident_count":16,"pedestrian_accident_count":2,"death_count":0,"injury_count":28,"fatal_accident_count":0,"risk_score":83.0,"risk_level":"extreme","confidence":"confirmed","motorcycle_accident_ratio":0.9412,"pedestrian_accident_ratio":0.1176}},{"type":"Feature","geometry":{"type":"Point","coordinates":[121.61066,25.07129]},"properties":{"hotspot_id":"臺北市-49344","hotspot_type":"intersection","county":"臺北市","township":"內湖區","road_or_intersection":"康寧路3段","accident_count":46,"motorcycle_accident_count":40,"pedestrian_accident_count":5,"death_count":0,"injury_count":58,"fatal_accident_count":0,"risk_score":83.0,"risk_level":"extreme","confidence":"confirmed","motorcycle_accident_ratio":0.8696,"pedestrian_accident_ratio":0.1087}},{"type":"Feature","geometry":{"type":"Point","coordinates":[121.51793,25.03858]},"properties":{"hotspot_id":"臺北市-48761","hotspot_type":"intersection","county":"臺北市","township":"中正區","road_or_intersection":"中山南路 x 信義路1段","accident_count":23,"motorcycle_accident_count":21,"pedestrian_accident_count":2,"death_count":0,"injury_count":31,"fatal_accident_count":0,"risk_score":83.0,"risk_level":"extreme","confidence":"confirmed","motorcycle_accident_ratio":0.913,"pedestrian_accident_ratio":0.087}},{"type":"Feature","geometry":{"type":"Point","coordinates":[121.54001,25.05901]},"properties":{"hotspot_id":"臺北市-48729","hotspot_type":"intersection","county":"臺北市","township":"中山區","road_or_intersection":"龍江路","accident_count":26,"motorcycle_accident_count":23,"pedestrian_accident_count":3,"death_count":0,"injury_count":35,"fatal_accident_count":0,"risk_score":83.0,"risk_level":"extreme","confidence":"confirmed","motorcycle_accident_ratio":0.8846,"pedestrian_accident_ratio":0.1154}},{"type":"Feature","geometry":{"type":"Point","coordinates":[121.54674,25.07966]},"properties":{"hotspot_id":"臺北市-48495","hotspot_type":"intersection","county":"臺北市","township":"中山區","road_or_intersection":"北安路 x 大直街","accident_count":38,"motorcycle_accident_count":34,"pedestrian_accident_count":2,"death_count":0,"injury_count":47,"fatal_accident_count":0,"risk_score":83.0,"risk_level":"extreme","confidence":"confirmed","motorcycle_accident_ratio":0.8947,"pedestrian_accident_ratio":0.0526}},{"type":"Feature","geometry":{"type":"Point","coordinates":[121.51122,25.07191]},"properties":{"hotspot_id":"臺北市-50306","hotspot_type":"intersection","county":"臺北市","township":"大同區","road_or_intersection":"延平北路4段 x 迪化街2段","accident_count":10,"motorcycle_accident_count":10,"pedestrian_accident_count":1,"death_count":0,"injury_count":13,"fatal_accident_count":0,"risk_score":82.9,"risk_level":"extreme","confidence":"confirmed","motorcycle_accident_ratio":1.0,"pedestrian_accident_ratio":0.1}},{"type":"Feature","geometry":{"type":"Point","coordinates":[121.53257,25.09666]},"properties":{"hotspot_id":"臺北市-50172","hotspot_type":"intersection","county":"臺北市","township":"士林區","road_or_intersection":"福林路","accident_count":10,"motorcycle_accident_count":10,"pedestrian_accident_count":1,"death_count":0,"injury_count":13,"fatal_accident_count":0,"risk_score":82.9,"risk_level":"extreme","confidence":"confirmed","motorcycle_accident_ratio":1.0,"pedestrian_accident_ratio":0.1}},{"type":"Feature","geometry":{"type":"Point","coordinates":[121.52894,25.06049]},"properties":{"hotspot_id":"臺北市-48417","hotspot_type":"intersection","county":"臺北市","township":"中山區","road_or_intersection":"中原街 x 新生北路2段","accident_count":10,"motorcycle_accident_count":10,"pedestrian_accident_count":1,"death_count":0,"injury_count":13,"fatal_accident_count":0,"risk_score":82.9,"risk_level":"extreme","confidence":"confirmed","motorcycle_accident_ratio":1.0,"pedestrian_accident_ratio":0.1}},{"type":"Feature","geometry":{"type":"Point","coordinates":[121.52245,25.06279]},"properties":{"hotspot_id":"臺北市-48441","hotspot_type":"intersection","county":"臺北市","township":"中山區","road_or_intersection":"中山北路2段 x 民權西路","accident_count":24,"motorcycle_accident_count":22,"pedestrian_accident_count":1,"death_count":0,"injury_count":34,"fatal_accident_count":0,"risk_score":82.9,"risk_level":"extreme","confidence":"confirmed","motorcycle_accident_ratio":0.9167,"pedestrian_accident_ratio":0.0417}},{"type":"Feature","geometry":{"type":"Point","coordinates":[121.58012,25.03806]},"properties":{"hotspot_id":"臺北市-49239","hotspot_type":"intersection","county":"臺北市","township":"信義區","road_or_intersection":"林口街 x 福德街","accident_count":15,"motorcycle_accident_count":14,"pedestrian_accident_count":3,"death_count":0,"injury_count":25,"fatal_accident_count":0,"risk_score":82.9,"risk_level":"extreme","confidence":"confirmed","motorcycle_accident_ratio":0.9333,"pedestrian_accident_ratio":0.2}},{"type":"Feature","geometry":{"type":"Point","coordinates":[121.57602,25.04137]},"properties":{"hotspot_id":"臺北市-49183","hotspot_type":"intersection","county":"臺北市","township":"信義區","road_or_intersection":"忠孝東路5段","accident_count":60,"motorcycle_accident_count":53,"pedestrian_accident_count":3,"death_count":0,"injury_count":78,"fatal_accident_count":0,"risk_score":82.9,"risk_level":"extreme","confidence":"confirmed","motorcycle_accident_ratio":0.8833,"pedestrian_accident_ratio":0.05}},{"type":"Feature","geometry":{"type":"Point","coordinates":[121.59132,25.08552]},"properties":{"hotspot_id":"臺北市-49291","hotspot_type":"intersection","county":"臺北市","township":"內湖區","road_or_intersection":"內湖路3段 x 金龍路","accident_count":19,"motorcycle_accident_count":18,"pedestrian_accident_count":2,"death_count":0,"injury_count":25,"fatal_accident_count":0,"risk_score":82.8,"risk_level":"extreme","confidence":"confirmed","motorcycle_accident_ratio":0.9474,"pedestrian_accident_ratio":0.1053}},{"type":"Feature","geometry":{"type":"Point","coordinates":[121.54407,25.09693]},"properties":{"hotspot_id":"臺北市-51362","hotspot_type":"road_segment","county":"臺北市","township":"士林區","road_or_intersection":"至善路2段","accident_count":23,"motorcycle_accident_count":21,"pedestrian_accident_count":1,"death_count":0,"injury_count":32,"fatal_accident_count":0,"risk_score":82.7,"risk_level":"extreme","confidence":"low_confidence","motorcycle_accident_ratio":0.913,"pedestrian_accident_ratio":0.0435}},{"type":"Feature","geometry":{"type":"Point","coordinates":[121.58297,25.0515]},"properties":{"hotspot_id":"臺北市-51668","hotspot_type":"intersection","county":"臺北市","township":"南港區","road_or_intersection":"成美橋前0.0公尺","accident_count":19,"motorcycle_accident_count":18,"pedestrian_accident_count":2,"death_count":0,"injury_count":24,"fatal_accident_count":0,"risk_score":82.7,"risk_level":"extreme","confidence":"low_confidence","motorcycle_accident_ratio":0.9474,"pedestrian_accident_ratio":0.1053}},{"type":"Feature","geometry":{"type":"Point","coordinates":[121.51349,25.0629]},"properties":{"hotspot_id":"臺北市-50353","hotspot_type":"intersection","county":"臺北市","township":"大同區","road_or_intersection":"民權西路 x 重慶北路2段","accident_count":19,"motorcycle_accident_count":18,"pedestrian_accident_count":1,"death_count":0,"injury_count":28,"fatal_accident_count":0,"risk_score":82.7,"risk_level":"extreme","confidence":"confirmed","motorcycle_accident_ratio":0.9474,"pedestrian_accident_ratio":0.0526}},{"type":"Feature","geometry":{"type":"Point","coordinates":[121.52278,25.02694]},"properties":{"hotspot_id":"臺北市-50480","hotspot_type":"intersection","county":"臺北市","township":"大安區","road_or_intersection":"和平東路1段 x 羅斯福路2段","accident_count":29,"motorcycle_accident_count":26,"pedestrian_accident_count":1,"death_count":0,"injury_count":40,"fatal_accident_count":0,"risk_score":82.7,"risk_level":"extreme","confidence":"confirmed","motorcycle_accident_ratio":0.8966,"pedestrian_accident_ratio":0.0345}},{"type":"Feature","geometry":{"type":"Point","coordinates":[121.51869,25.10969]},"properties":{"hotspot_id":"臺北市-51418","hotspot_type":"intersection","county":"臺北市","township":"北投區","road_or_intersection":"東華街1段","accident_count":20,"motorcycle_accident_count":19,"pedestrian_accident_count":1,"death_count":0,"injury_count":26,"fatal_accident_count":0,"risk_score":82.6,"risk_level":"extreme","confidence":"low_confidence","motorcycle_accident_ratio":0.95,"pedestrian_accident_ratio":0.05}},{"type":"Feature","geometry":{"type":"Point","coordinates":[121.47249,25.13101]},"properties":{"hotspot_id":"臺北市-49506","hotspot_type":"intersection","county":"臺北市","township":"北投區","road_or_intersection":"中央北路4段","accident_count":18,"motorcycle_accident_count":17,"pedestrian_accident_count":1,"death_count":0,"injury_count":28,"fatal_accident_count":0,"risk_score":82.6,"risk_level":"extreme","confidence":"confirmed","motorcycle_accident_ratio":0.9444,"pedestrian_accident_ratio":0.0556}},{"type":"Feature","geometry":{"type":"Point","coordinates":[121.50408,25.11642]},"properties":{"hotspot_id":"臺北市-49654","hotspot_type":"intersection","county":"臺北市","township":"北投區","road_or_intersection":"承德路7段","accident_count":40,"motorcycle_accident_count":35,"pedestrian_accident_count":1,"death_count":1,"injury_count":55,"fatal_accident_count":1,"risk_score":82.6,"risk_level":"extreme","confidence":"confirmed","motorcycle_accident_ratio":0.875,"pedestrian_accident_ratio":0.025}},{"type":"Feature","geometry":{"type":"Point","coordinates":[121.5542,25.02963]},"properties":{"hotspot_id":"臺北市-50663","hotspot_type":"intersection","county":"臺北市","township":"大安區","road_or_intersection":"通化街","accident_count":25,"motorcycle_accident_count":22,"pedestrian_accident_count":3,"death_count":0,"injury_count":29,"fatal_accident_count":0,"risk_score":82.6,"risk_level":"extreme","confidence":"confirmed","motorcycle_accident_ratio":0.88,"pedestrian_accident_ratio":0.12}},{"type":"Feature","geometry":{"type":"Point","coordinates":[121.54405,25.06169]},"properties":{"hotspot_id":"臺北市-51716","hotspot_type":"intersection","county":"臺北市","township":"中山區","road_or_intersection":"民權東路3段","accident_count":42,"motorcycle_accident_count":36,"pedestrian_accident_count":3,"death_count":1,"injury_count":50,"fatal_accident_count":1,"risk_score":82.5,"risk_level":"extreme","confidence":"probable","motorcycle_accident_ratio":0.8571,"pedestrian_accident_ratio":0.0714}},{"type":"Feature","geometry":{"type":"Point","coordinates":[121.57518,25.03496]},"properties":{"hotspot_id":"臺北市-51731","hotspot_type":"intersection","county":"臺北市","township":"信義區","road_or_intersection":"信義路6段","accident_count":36,"motorcycle_accident_count":30,"pedestrian_accident_count":5,"death_count":1,"injury_count":45,"fatal_accident_count":1,"risk_score":82.5,"risk_level":"extreme","confidence":"probable","motorcycle_accident_ratio":0.8333,"pedestrian_accident_ratio":0.1389}},{"type":"Feature","geometry":{"type":"Point","coordinates":[121.52017,25.07518]},"properties":{"hotspot_id":"臺北市-50325","hotspot_type":"intersection","county":"臺北市","township":"大同區","road_or_intersection":"承德路3段 x 敦煌路","accident_count":23,"motorcycle_accident_count":21,"pedestrian_accident_count":1,"death_count":0,"injury_count":28,"fatal_accident_count":0,"risk_score":82.4,"risk_level":"extreme","confidence":"confirmed","motorcycle_accident_ratio":0.913,"pedestrian_accident_ratio":0.0435}},{"type":"Feature","geometry":{"type":"Point","coordinates":[121.59037,25.06029]},"properties":{"hotspot_id":"臺北市-51616","hotspot_type":"intersection","county":"臺北市","township":"內湖區","road_or_intersection":"新明路","accident_count":18,"motorcycle_accident_count":17,"pedestrian_accident_count":1,"death_count":0,"injury_count":26,"fatal_accident_count":0,"risk_score":82.4,"risk_level":"extreme","confidence":"probable","motorcycle_accident_ratio":0.9444,"pedestrian_accident_ratio":0.0556}},{"type":"Feature","geometry":{"type":"Point","coordinates":[121.59191,25.06889]},"properties":{"hotspot_id":"臺北市-49358","hotspot_type":"intersection","county":"臺北市","township":"內湖區","road_or_intersection":"成功路2段 x 民權東路6段","accident_count":21,"motorcycle_accident_count":20,"pedestrian_accident_count":1,"death_count":0,"injury_count":24,"fatal_accident_count":0,"risk_score":82.4,"risk_level":"extreme","confidence":"confirmed","motorcycle_accident_ratio":0.9524,"pedestrian_accident_ratio":0.0476}},{"type":"Feature","geometry":{"type":"Point","coordinates":[121.52752,25.09432]},"properties":{"hotspot_id":"臺北市-49930","hotspot_type":"intersection","county":"臺北市","township":"士林區","road_or_intersection":"中山北路5段","accident_count":32,"motorcycle_accident_count":28,"pedestrian_accident_count":1,"death_count":0,"injury_count":47,"fatal_accident_count":0,"risk_score":82.4,"risk_level":"extreme","confidence":"confirmed","motorcycle_accident_ratio":0.875,"pedestrian_accident_ratio":0.0312}},{"type":"Feature","geometry":{"type":"Point","coordinates":[121.58505,25.04807]},"properties":{"hotspot_id":"臺北市-49860","hotspot_type":"intersection","county":"臺北市","township":"南港區","road_or_intersection":"忠孝東路6段 x 東新街","accident_count":18,"motorcycle_accident_count":17,"pedestrian_accident_count":1,"death_count":0,"injury_count":26,"fatal_accident_count":0,"risk_score":82.4,"risk_level":"extreme","confidence":"confirmed","motorcycle_accident_ratio":0.9444,"pedestrian_accident_ratio":0.0556}},{"type":"Feature","geometry":{"type":"Point","coordinates":[121.5452,25.07946]},"properties":{"hotspot_id":"臺北市-51514","hotspot_type":"intersection","county":"臺北市","township":"中山區","road_or_intersection":"北安路","accident_count":20,"motorcycle_accident_count":19,"pedestrian_accident_count":1,"death_count":0,"injury_count":25,"fatal_accident_count":0,"risk_score":82.4,"risk_level":"extreme","confidence":"low_confidence","motorcycle_accident_ratio":0.95,"pedestrian_accident_ratio":0.05}},{"type":"Feature","geometry":{"type":"Point","coordinates":[121.53327,25.11763]},"properties":{"hotspot_id":"臺北市-50056","hotspot_type":"intersection","county":"臺北市","township":"士林區","road_or_intersection":"天母東路","accident_count":9,"motorcycle_accident_count":9,"pedestrian_accident_count":1,"death_count":0,"injury_count":13,"fatal_accident_count":0,"risk_score":82.3,"risk_level":"extreme","confidence":"confirmed","motorcycle_accident_ratio":1.0,"pedestrian_accident_ratio":0.1111}},{"type":"Feature","geometry":{"type":"Point","coordinates":[121.55073,25.0411]},"properties":{"hotspot_id":"臺北市-50587","hotspot_type":"intersection","county":"臺北市","township":"大安區","road_or_intersection":"忠孝東路4段","accident_count":30,"motorcycle_accident_count":25,"pedestrian_accident_count":4,"death_count":0,"injury_count":39,"fatal_accident_count":0,"risk_score":82.3,"risk_level":"extreme","confidence":"confirmed","motorcycle_accident_ratio":0.8333,"pedestrian_accident_ratio":0.1333}},{"type":"Feature","geometry":{"type":"Point","coordinates":[121.53046,25.05814]},"properties":{"hotspot_id":"臺北市-48540","hotspot_type":"intersection","county":"臺北市","township":"中山區","road_or_intersection":"吉林路 x 民生東路2段","accident_count":21,"motorcycle_accident_count":19,"pedestrian_accident_count":1,"death_count":0,"injury_count":30,"fatal_accident_count":0,"risk_score":82.3,"risk_level":"extreme","confidence":"confirmed","motorcycle_accident_ratio":0.9048,"pedestrian_accident_ratio":0.0476}},{"type":"Feature","geometry":{"type":"Point","coordinates":[121.52101,25.05007]},"properties":{"hotspot_id":"臺北市-51756","hotspot_type":"road_segment","county":"臺北市","township":"中山區","road_or_intersection":"長安西路","accident_count":30,"motorcycle_accident_count":26,"pedestrian_accident_count":2,"death_count":0,"injury_count":38,"fatal_accident_count":0,"risk_score":82.3,"risk_level":"extreme","confidence":"probable","motorcycle_accident_ratio":0.8667,"pedestrian_accident_ratio":0.0667}},{"type":"Feature","geometry":{"type":"Point","coordinates":[121.58295,25.05653]},"properties":{"hotspot_id":"臺北市-49295","hotspot_type":"intersection","county":"臺北市","township":"內湖區","road_or_intersection":"南京東路6段 x 新明路","accident_count":23,"motorcycle_accident_count":20,"pedestrian_accident_count":2,"death_count":0,"injury_count":33,"fatal_accident_count":0,"risk_score":82.2,"risk_level":"extreme","confidence":"confirmed","motorcycle_accident_ratio":0.8696,"pedestrian_accident_ratio":0.087}},{"type":"Feature","geometry":{"type":"Point","coordinates":[121.5284,25.09394]},"properties":{"hotspot_id":"臺北市-49940","hotspot_type":"intersection","county":"臺北市","township":"士林區","road_or_intersection":"中山北路5段 x 福林路","accident_count":18,"motorcycle_accident_count":16,"pedestrian_accident_count":2,"death_count":0,"injury_count":28,"fatal_accident_count":0,"risk_score":82.2,"risk_level":"extreme","confidence":"confirmed","motorcycle_accident_ratio":0.8889,"pedestrian_accident_ratio":0.1111}},{"type":"Feature","geometry":{"type":"Point","coordinates":[121.61913,25.07094]},"properties":{"hotspot_id":"臺北市-49350","hotspot_type":"intersection","county":"臺北市","township":"內湖區","road_or_intersection":"康樂街","accident_count":23,"motorcycle_accident_count":20,"pedestrian_accident_count":2,"death_count":0,"injury_count":34,"fatal_accident_count":0,"risk_score":82.2,"risk_level":"extreme","confidence":"confirmed","motorcycle_accident_ratio":0.8696,"pedestrian_accident_ratio":0.087}},{"type":"Feature","geometry":{"type":"Point","coordinates":[121.61456,25.06941]},"properties":{"hotspot_id":"臺北市-49401","hotspot_type":"intersection","county":"臺北市","township":"內湖區","road_or_intersection":"東湖路","accident_count":18,"motorcycle_accident_count":17,"pedestrian_accident_count":2,"death_count":0,"injury_count":21,"fatal_accident_count":0,"risk_score":82.1,"risk_level":"extreme","confidence":"confirmed","motorcycle_accident_ratio":0.9444,"pedestrian_accident_ratio":0.1111}},{"type":"Feature","geometry":{"type":"Point","coordinates":[121.50926,25.08679]},"properties":{"hotspot_id":"臺北市-49968","hotspot_type":"intersection","county":"臺北市","township":"士林區","road_or_intersection":"中正路 x 延平北路6段","accident_count":15,"motorcycle_accident_count":14,"pedestrian_accident_count":1,"death_count":1,"injury_count":18,"fatal_accident_count":1,"risk_score":82.1,"risk_level":"extreme","confidence":"confirmed","motorcycle_accident_ratio":0.9333,"pedestrian_accident_ratio":0.0667}},{"type":"Feature","geometry":{"type":"Point","coordinates":[121.51476,25.06287]},"properties":{"hotspot_id":"臺北市-50351","hotspot_type":"intersection","county":"臺北市","township":"大同區","road_or_intersection":"民權西路 x 蘭州街","accident_count":16,"motorcycle_accident_count":15,"pedestrian_accident_count":1,"death_count":0,"injury_count":26,"fatal_accident_count":0,"risk_score":82.1,"risk_level":"extreme","confidence":"confirmed","motorcycle_accident_ratio":0.9375,"pedestrian_accident_ratio":0.0625}},{"type":"Feature","geometry":{"type":"Point","coordinates":[121.5659,25.06335]},"properties":{"hotspot_id":"臺北市-51033","hotspot_type":"intersection","county":"臺北市","township":"松山區","road_or_intersection":"撫遠街 x 民權東路5段","accident_count":19,"motorcycle_accident_count":17,"pedestrian_accident_count":2,"death_count":0,"injury_count":26,"fatal_accident_count":0,"risk_score":82.1,"risk_level":"extreme","confidence":"confirmed","motorcycle_accident_ratio":0.8947,"pedestrian_accident_ratio":0.1053}},{"type":"Feature","geometry":{"type":"Point","coordinates":[121.51271,25.03902]},"properties":{"hotspot_id":"臺北市-49069","hotspot_type":"intersection","county":"臺北市","township":"中正區","road_or_intersection":"重慶南路1段","accident_count":10,"motorcycle_accident_count":10,"pedestrian_accident_count":1,"death_count":0,"injury_count":12,"fatal_accident_count":0,"risk_score":82.1,"risk_level":"extreme","confidence":"confirmed","motorcycle_accident_ratio":1.0,"pedestrian_accident_ratio":0.1}},{"type":"Feature","geometry":{"type":"Point","coordinates":[121.51391,25.0516]},"properties":{"hotspot_id":"臺北市-50404","hotspot_type":"intersection","county":"臺北市","township":"大同區","road_or_intersection":"重慶北路1段 x 長安西路","accident_count":20,"motorcycle_accident_count":19,"pedestrian_accident_count":1,"death_count":0,"injury_count":23,"fatal_accident_count":0,"risk_score":82.1,"risk_level":"extreme","confidence":"confirmed","motorcycle_accident_ratio":0.95,"pedestrian_accident_ratio":0.05}},{"type":"Feature","geometry":{"type":"Point","coordinates":[121.49916,25.14072]},"properties":{"hotspot_id":"臺北市-51386","hotspot_type":"intersection","county":"臺北市","township":"北投區","road_or_intersection":"中和街","accident_count":10,"motorcycle_accident_count":10,"pedestrian_accident_count":1,"death_count":0,"injury_count":12,"fatal_accident_count":0,"risk_score":82.1,"risk_level":"extreme","confidence":"probable","motorcycle_accident_ratio":1.0,"pedestrian_accident_ratio":0.1}},{"type":"Feature","geometry":{"type":"Point","coordinates":[121.53513,25.06665]},"properties":{"hotspot_id":"臺北市-48585","hotspot_type":"intersection","county":"臺北市","township":"中山區","road_or_intersection":"建國北路3段 x 民族東路","accident_count":16,"motorcycle_accident_count":14,"pedestrian_accident_count":2,"death_count":1,"injury_count":23,"fatal_accident_count":1,"risk_score":82.1,"risk_level":"extreme","confidence":"confirmed","motorcycle_accident_ratio":0.875,"pedestrian_accident_ratio":0.125}},{"type":"Feature","geometry":{"type":"Point","coordinates":[121.53023,25.05765]},"properties":{"hotspot_id":"臺北市-48531","hotspot_type":"intersection","county":"臺北市","township":"中山區","road_or_intersection":"吉林路","accident_count":16,"motorcycle_accident_count":15,"pedestrian_accident_count":2,"death_count":0,"injury_count":22,"fatal_accident_count":0,"risk_score":82.1,"risk_level":"extreme","confidence":"confirmed","motorcycle_accident_ratio":0.9375,"pedestrian_accident_ratio":0.125}},{"type":"Feature","geometry":{"type":"Point","coordinates":[121.53061,25.06264]},"properties":{"hotspot_id":"臺北市-48539","hotspot_type":"intersection","county":"臺北市","township":"中山區","road_or_intersection":"吉林路 x 民權東路2段","accident_count":19,"motorcycle_accident_count":17,"pedestrian_accident_count":2,"death_count":0,"injury_count":26,"fatal_accident_count":0,"risk_score":82.1,"risk_level":"extreme","confidence":"confirmed","motorcycle_accident_ratio":0.8947,"pedestrian_accident_ratio":0.1053}},{"type":"Feature","geometry":{"type":"Point","coordinates":[121.56361,25.05162]},"properties":{"hotspot_id":"臺北市-50984","hotspot_type":"intersection","county":"臺北市","township":"松山區","road_or_intersection":"南京東路5段","accident_count":33,"motorcycle_accident_count":28,"pedestrian_accident_count":2,"death_count":0,"injury_count":44,"fatal_accident_count":0,"risk_score":82.0,"risk_level":"extreme","confidence":"confirmed","motorcycle_accident_ratio":0.8485,"pedestrian_accident_ratio":0.0606}},{"type":"Feature","geometry":{"type":"Point","coordinates":[121.52173,25.05311]},"properties":{"hotspot_id":"臺北市-51755","hotspot_type":"intersection","county":"臺北市","township":"中山區","road_or_intersection":"南京西路","accident_count":22,"motorcycle_accident_count":19,"pedestrian_accident_count":2,"death_count":0,"injury_count":31,"fatal_accident_count":0,"risk_score":82.0,"risk_level":"extreme","confidence":"low_confidence","motorcycle_accident_ratio":0.8636,"pedestrian_accident_ratio":0.0909}},{"type":"Feature","geometry":{"type":"Point","coordinates":[121.55091,25.08503]},"properties":{"hotspot_id":"臺北市-51506","hotspot_type":"intersection","county":"臺北市","township":"中山區","road_or_intersection":"北安路","accident_count":18,"motorcycle_accident_count":17,"pedestrian_accident_count":1,"death_count":0,"injury_count":23,"fatal_accident_count":0,"risk_score":81.9,"risk_level":"extreme","confidence":"probable","motorcycle_accident_ratio":0.9444,"pedestrian_accident_ratio":0.0556}},{"type":"Feature","geometry":{"type":"Point","coordinates":[121.56868,24.98805]},"properties":{"hotspot_id":"臺北市-51404","hotspot_type":"intersection","county":"臺北市","township":"文山區","road_or_intersection":"木柵路3段","accident_count":42,"motorcycle_accident_count":32,"pedestrian_accident_count":8,"death_count":0,"injury_count":49,"fatal_accident_count":0,"risk_score":81.9,"risk_level":"extreme","confidence":"probable","motorcycle_accident_ratio":0.7619,"pedestrian_accident_ratio":0.1905}},{"type":"Feature","geometry":{"type":"Point","coordinates":[121.54366,25.02811]},"properties":{"hotspot_id":"臺北市-50581","hotspot_type":"intersection","county":"臺北市","township":"大安區","road_or_intersection":"復興南路2段","accident_count":34,"motorcycle_accident_count":29,"pedestrian_accident_count":1,"death_count":0,"injury_count":45,"fatal_accident_count":0,"risk_score":81.9,"risk_level":"extreme","confidence":"confirmed","motorcycle_accident_ratio":0.8529,"pedestrian_accident_ratio":0.0294}},{"type":"Feature","geometry":{"type":"Point","coordinates":[121.55134,25.02973]},"properties":{"hotspot_id":"臺北市-50542","hotspot_type":"intersection","county":"臺北市","township":"大安區","road_or_intersection":"安和路2段","accident_count":15,"motorcycle_accident_count":14,"pedestrian_accident_count":1,"death_count":1,"injury_count":16,"fatal_accident_count":1,"risk_score":81.9,"risk_level":"extreme","confidence":"confirmed","motorcycle_accident_ratio":0.9333,"pedestrian_accident_ratio":0.0667}},{"type":"Feature","geometry":{"type":"Point","coordinates":[121.5041,25.04718]},"properties":{"hotspot_id":"臺北市-51743","hotspot_type":"intersection","county":"臺北市","township":"萬華區","road_or_intersection":"堤外便道","accident_count":17,"motorcycle_accident_count":16,"pedestrian_accident_count":1,"death_count":0,"injury_count":23,"fatal_accident_count":0,"risk_score":81.8,"risk_level":"extreme","confidence":"probable","motorcycle_accident_ratio":0.9412,"pedestrian_accident_ratio":0.0588}},{"type":"Feature","geometry":{"type":"Point","coordinates":[121.54457,25.06232]},"properties":{"hotspot_id":"臺北市-51018","hotspot_type":"intersection","county":"臺北市","township":"松山區","road_or_intersection":"復興北路 x 民權東路3段","accident_count":16,"motorcycle_accident_count":15,"pedestrian_accident_count":1,"death_count":0,"injury_count":24,"fatal_accident_count":0,"risk_score":81.8,"risk_level":"extreme","confidence":"confirmed","motorcycle_accident_ratio":0.9375,"pedestrian_accident_ratio":0.0625}},{"type":"Feature","geometry":{"type":"Point","coordinates":[121.52427,25.02646]},"properties":{"hotspot_id":"臺北市-51598","hotspot_type":"intersection","county":"臺北市","township":"大安區","road_or_intersection":"和平東路1段","accident_count":27,"motorcycle_accident_count":23,"pedestrian_accident_count":1,"death_count":0,"injury_count":36,"fatal_accident_count":0,"risk_score":81.7,"risk_level":"extreme","confidence":"probable","motorcycle_accident_ratio":0.8519,"pedestrian_accident_ratio":0.037}},{"type":"Feature","geometry":{"type":"Point","coordinates":[121.54625,24.99592]},"properties":{"hotspot_id":"臺北市-50794","hotspot_type":"intersection","county":"臺北市","township":"文山區","road_or_intersection":"景華街","accident_count":15,"motorcycle_accident_count":14,"pedestrian_accident_count":2,"death_count":0,"injury_count":21,"fatal_accident_count":0,"risk_score":81.7,"risk_level":"extreme","confidence":"confirmed","motorcycle_accident_ratio":0.9333,"pedestrian_accident_ratio":0.1333}},{"type":"Feature","geometry":{"type":"Point","coordinates":[121.55459,25.06189]},"properties":{"hotspot_id":"臺北市-50940","hotspot_type":"intersection","county":"臺北市","township":"松山區","road_or_intersection":"光復北路 x 民權東路4段","accident_count":19,"motorcycle_accident_count":17,"pedestrian_accident_count":1,"death_count":0,"injury_count":26,"fatal_accident_count":0,"risk_score":81.6,"risk_level":"extreme","confidence":"confirmed","motorcycle_accident_ratio":0.8947,"pedestrian_accident_ratio":0.0526}},{"type":"Feature","geometry":{"type":"Point","coordinates":[121.50899,25.02959]},"properties":{"hotspot_id":"臺北市-48748","hotspot_type":"intersection","county":"臺北市","township":"中正區","road_or_intersection":"三元街 x 南海路","accident_count":8,"motorcycle_accident_count":8,"pedestrian_accident_count":1,"death_count":0,"injury_count":13,"fatal_accident_count":0,"risk_score":81.6,"risk_level":"extreme","confidence":"confirmed","motorcycle_accident_ratio":1.0,"pedestrian_accident_ratio":0.125}},{"type":"Feature","geometry":{"type":"Point","coordinates":[121.51344,25.06935]},"properties":{"hotspot_id":"臺北市-51700","hotspot_type":"intersection","county":"臺北市","township":"大同區","road_or_intersection":"民族西路","accident_count":18,"motorcycle_accident_count":16,"pedestrian_accident_count":3,"death_count":0,"injury_count":21,"fatal_accident_count":0,"risk_score":81.6,"risk_level":"extreme","confidence":"probable","motorcycle_accident_ratio":0.8889,"pedestrian_accident_ratio":0.1667}},{"type":"Feature","geometry":{"type":"Point","coordinates":[121.56147,25.03584]},"properties":{"hotspot_id":"臺北市-49164","hotspot_type":"intersection","county":"臺北市","township":"信義區","road_or_intersection":"基隆路1段 x 松壽路","accident_count":17,"motorcycle_accident_count":16,"pedestrian_accident_count":1,"death_count":0,"injury_count":22,"fatal_accident_count":0,"risk_score":81.6,"risk_level":"extreme","confidence":"confirmed","motorcycle_accident_ratio":0.9412,"pedestrian_accident_ratio":0.0588}},{"type":"Feature","geometry":{"type":"Point","coordinates":[121.56638,25.08405]},"properties":{"hotspot_id":"臺北市-51446","hotspot_type":"intersection","county":"臺北市","township":"內湖區","road_or_intersection":"內湖路1段","accident_count":17,"motorcycle_accident_count":15,"pedestrian_accident_count":2,"death_count":0,"injury_count":25,"fatal_accident_count":0,"risk_score":81.6,"risk_level":"extreme","confidence":"probable","motorcycle_accident_ratio":0.8824,"pedestrian_accident_ratio":0.1176}},{"type":"Feature","geometry":{"type":"Point","coordinates":[121.56107,24.98842]},"properties":{"hotspot_id":"臺北市-50827","hotspot_type":"intersection","county":"臺北市","township":"文山區","road_or_intersection":"木柵路2段 x 興隆路4段","accident_count":15,"motorcycle_accident_count":14,"pedestrian_accident_count":3,"death_count":0,"injury_count":19,"fatal_accident_count":0,"risk_score":81.6,"risk_level":"extreme","confidence":"confirmed","motorcycle_accident_ratio":0.9333,"pedestrian_accident_ratio":0.2}},{"type":"Feature","geometry":{"type":"Point","coordinates":[121.51324,25.04411]},"properties":{"hotspot_id":"臺北市-49003","hotspot_type":"intersection","county":"臺北市","township":"中正區","road_or_intersection":"武昌街1段 x 重慶南路1段","accident_count":6,"motorcycle_accident_count":6,"pedestrian_accident_count":1,"death_count":0,"injury_count":16,"fatal_accident_count":0,"risk_score":81.5,"risk_level":"extreme","confidence":"confirmed","motorcycle_accident_ratio":1.0,"pedestrian_accident_ratio":0.1667}},{"type":"Feature","geometry":{"type":"Point","coordinates":[121.55922,25.03261]},"properties":{"hotspot_id":"臺北市-49121","hotspot_type":"intersection","county":"臺北市","township":"信義區","road_or_intersection":"信義路4段 x 基隆路2段","accident_count":9,"motorcycle_accident_count":9,"pedestrian_accident_count":1,"death_count":0,"injury_count":12,"fatal_accident_count":0,"risk_score":81.5,"risk_level":"extreme","confidence":"confirmed","motorcycle_accident_ratio":1.0,"pedestrian_accident_ratio":0.1111}},{"type":"Feature","geometry":{"type":"Point","coordinates":[121.58968,25.06823]},"properties":{"hotspot_id":"臺北市-51597","hotspot_type":"intersection","county":"臺北市","township":"內湖區","road_or_intersection":"民權東路6段","accident_count":19,"motorcycle_accident_count":17,"pedestrian_accident_count":1,"death_count":0,"injury_count":25,"fatal_accident_count":0,"risk_score":81.5,"risk_level":"extreme","confidence":"probable","motorcycle_accident_ratio":0.8947,"pedestrian_accident_ratio":0.0526}},{"type":"Feature","geometry":{"type":"Point","coordinates":[121.52553,25.06249]},"properties":{"hotspot_id":"臺北市-48673","hotspot_type":"intersection","county":"臺北市","township":"中山區","road_or_intersection":"林森北路 x 民權東路1段","accident_count":20,"motorcycle_accident_count":17,"pedestrian_accident_count":2,"death_count":0,"injury_count":28,"fatal_accident_count":0,"risk_score":81.4,"risk_level":"extreme","confidence":"confirmed","motorcycle_accident_ratio":0.85,"pedestrian_accident_ratio":0.1}},{"type":"Feature","geometry":{"type":"Point","coordinates":[121.50774,25.03507]},"properties":{"hotspot_id":"臺北市-48929","hotspot_type":"intersection","county":"臺北市","township":"中正區","road_or_intersection":"延平南路","accident_count":9,"motorcycle_accident_count":9,"pedestrian_accident_count":2,"death_count":0,"injury_count":11,"fatal_accident_count":0,"risk_score":81.4,"risk_level":"extreme","confidence":"confirmed","motorcycle_accident_ratio":1.0,"pedestrian_accident_ratio":0.2222}},{"type":"Feature","geometry":{"type":"Point","coordinates":[121.50624,25.02779]},"properties":{"hotspot_id":"臺北市-51100","hotspot_type":"intersection","county":"臺北市","township":"萬華區","road_or_intersection":"中華路2段","accident_count":13,"motorcycle_accident_count":12,"pedestrian_accident_count":3,"death_count":0,"injury_count":20,"fatal_accident_count":0,"risk_score":81.4,"risk_level":"extreme","confidence":"confirmed","motorcycle_accident_ratio":0.9231,"pedestrian_accident_ratio":0.2308}},{"type":"Feature","geometry":{"type":"Point","coordinates":[121.58282,25.07792]},"properties":{"hotspot_id":"臺北市-49376","hotspot_type":"intersection","county":"臺北市","township":"內湖區","road_or_intersection":"文德路","accident_count":18,"motorcycle_accident_count":16,"pedestrian_accident_count":1,"death_count":0,"injury_count":25,"fatal_accident_count":0,"risk_score":81.3,"risk_level":"extreme","confidence":"confirmed","motorcycle_accident_ratio":0.8889,"pedestrian_accident_ratio":0.0556}},{"type":"Feature","geometry":{"type":"Point","coordinates":[121.54425,25.03784]},"properties":{"hotspot_id":"臺北市-51662","hotspot_type":"intersection","county":"臺北市","township":"大安區","road_or_intersection":"復興南路1段","accident_count":18,"motorcycle_accident_count":15,"pedestrian_accident_count":3,"death_count":0,"injury_count":26,"fatal_accident_count":0,"risk_score":81.3,"risk_level":"extreme","confidence":"probable","motorcycle_accident_ratio":0.8333,"pedestrian_accident_ratio":0.1667}},{"type":"Feature","geometry":{"type":"Point","coordinates":[121.56354,25.05749]},"properties":{"hotspot_id":"臺北市-50907","hotspot_type":"intersection","county":"臺北市","township":"松山區","road_or_intersection":"三民路","accident_count":21,"motorcycle_accident_count":16,"pedestrian_accident_count":5,"death_count":0,"injury_count":29,"fatal_accident_count":0,"risk_score":81.2,"risk_level":"extreme","confidence":"confirmed","motorcycle_accident_ratio":0.7619,"pedestrian_accident_ratio":0.2381}},{"type":"Feature","geometry":{"type":"Point","coordinates":[121.4891,25.03491]},"properties":{"hotspot_id":"臺北市-51646","hotspot_type":"intersection","county":"臺北市","township":"萬華區","road_or_intersection":"華江橋前0.0公尺","accident_count":34,"motorcycle_accident_count":27,"pedestrian_accident_count":3,"death_count":0,"injury_count":56,"fatal_accident_count":0,"risk_score":81.2,"risk_level":"extreme","confidence":"probable","motorcycle_accident_ratio":0.7941,"pedestrian_accident_ratio":0.0882}},{"type":"Feature","geometry":{"type":"Point","coordinates":[121.55201,25.04733]},"properties":{"hotspot_id":"臺北市-50953","hotspot_type":"intersection","county":"臺北市","township":"松山區","road_or_intersection":"八德路3段","accident_count":30,"motorcycle_accident_count":23,"pedestrian_accident_count":4,"death_count":0,"injury_count":36,"fatal_accident_count":0,"risk_score":81.2,"risk_level":"extreme","confidence":"confirmed","motorcycle_accident_ratio":0.7667,"pedestrian_accident_ratio":0.1333}},{"type":"Feature","geometry":{"type":"Point","coordinates":[121.57323,25.08055]},"properties":{"hotspot_id":"臺北市-51452","hotspot_type":"road_segment","county":"臺北市","township":"內湖區","road_or_intersection":"內湖路1段","accident_count":10,"motorcycle_accident_count":10,"pedestrian_accident_count":1,"death_count":0,"injury_count":11,"fatal_accident_count":0,"risk_score":81.1,"risk_level":"extreme","confidence":"probable","motorcycle_accident_ratio":1.0,"pedestrian_accident_ratio":0.1}},{"type":"Feature","geometry":{"type":"Point","coordinates":[121.49285,25.03394]},"properties":{"hotspot_id":"臺北市-51257","hotspot_type":"intersection","county":"臺北市","township":"萬華區","road_or_intersection":"環河南路2段","accident_count":22,"motorcycle_accident_count":17,"pedestrian_accident_count":4,"death_count":0,"injury_count":30,"fatal_accident_count":0,"risk_score":81.1,"risk_level":"extreme","confidence":"confirmed","motorcycle_accident_ratio":0.7727,"pedestrian_accident_ratio":0.1818}},{"type":"Feature","geometry":{"type":"Point","coordinates":[121.53895,25.04635]},"properties":{"hotspot_id":"臺北市-48479","hotspot_type":"intersection","county":"臺北市","township":"中山區","road_or_intersection":"八德路2段","accident_count":17,"motorcycle_accident_count":15,"pedestrian_accident_count":1,"death_count":0,"injury_count":25,"fatal_accident_count":0,"risk_score":81.1,"risk_level":"extreme","confidence":"confirmed","motorcycle_accident_ratio":0.8824,"pedestrian_accident_ratio":0.0588}},{"type":"Feature","geometry":{"type":"Point","coordinates":[121.53094,25.06266]},"properties":{"hotspot_id":"臺北市-51818","hotspot_type":"intersection","county":"臺北市","township":"中山區","road_or_intersection":"民權東路2段","accident_count":15,"motorcycle_accident_count":14,"pedestrian_accident_count":2,"death_count":0,"injury_count":19,"fatal_accident_count":0,"risk_score":81.1,"risk_level":"extreme","confidence":"probable","motorcycle_accident_ratio":0.9333,"pedestrian_accident_ratio":0.1333}},{"type":"Feature","geometry":{"type":"Point","coordinates":[121.53668,25.06491]},"properties":{"hotspot_id":"臺北市-48588","hotspot_type":"intersection","county":"臺北市","township":"中山區","road_or_intersection":"建國北路3段 x 農安街","accident_count":16,"motorcycle_accident_count":15,"pedestrian_accident_count":1,"death_count":0,"injury_count":20,"fatal_accident_count":0,"risk_score":81.0,"risk_level":"extreme","confidence":"confirmed","motorcycle_accident_ratio":0.9375,"pedestrian_accident_ratio":0.0625}},{"type":"Feature","geometry":{"type":"Point","coordinates":[121.55964,25.02625]},"properties":{"hotspot_id":"臺北市-49114","hotspot_type":"intersection","county":"臺北市","township":"信義區","road_or_intersection":"信安街 x 吳興街","accident_count":16,"motorcycle_accident_count":15,"pedestrian_accident_count":1,"death_count":0,"injury_count":20,"fatal_accident_count":0,"risk_score":81.0,"risk_level":"extreme","confidence":"confirmed","motorcycle_accident_ratio":0.9375,"pedestrian_accident_ratio":0.0625}},{"type":"Feature","geometry":{"type":"Point","coordinates":[121.51822,25.03196]},"properties":{"hotspot_id":"臺北市-51573","hotspot_type":"intersection","county":"臺北市","township":"中正區","road_or_intersection":"羅斯福路1段","accident_count":15,"motorcycle_accident_count":14,"pedestrian_accident_count":1,"death_count":0,"injury_count":21,"fatal_accident_count":0,"risk_score":81.0,"risk_level":"extreme","confidence":"probable","motorcycle_accident_ratio":0.9333,"pedestrian_accident_ratio":0.0667}},{"type":"Feature","geometry":{"type":"Point","coordinates":[121.57483,25.04143]},"properties":{"hotspot_id":"臺北市-49194","hotspot_type":"intersection","county":"臺北市","township":"信義區","road_or_intersection":"忠孝東路5段 x 虎林街","accident_count":14,"motorcycle_accident_count":12,"pedestrian_accident_count":3,"death_count":0,"injury_count":23,"fatal_accident_count":0,"risk_score":81.0,"risk_level":"extreme","confidence":"confirmed","motorcycle_accident_ratio":0.8571,"pedestrian_accident_ratio":0.2143}},{"type":"Feature","geometry":{"type":"Point","coordinates":[121.57465,25.07233]},"properties":{"hotspot_id":"臺北市-51451","hotspot_type":"intersection","county":"臺北市","township":"內湖區","road_or_intersection":"舊宗路2段","accident_count":23,"motorcycle_accident_count":19,"pedestrian_accident_count":1,"death_count":0,"injury_count":33,"fatal_accident_count":0,"risk_score":80.9,"risk_level":"extreme","confidence":"probable","motorcycle_accident_ratio":0.8261,"pedestrian_accident_ratio":0.0435}},{"type":"Feature","geometry":{"type":"Point","coordinates":[121.55735,25.05127]},"properties":{"hotspot_id":"臺北市-50932","hotspot_type":"intersection","county":"臺北市","township":"松山區","road_or_intersection":"光復北路","accident_count":18,"motorcycle_accident_count":15,"pedestrian_accident_count":3,"death_count":0,"injury_count":23,"fatal_accident_count":0,"risk_score":80.9,"risk_level":"extreme","confidence":"confirmed","motorcycle_accident_ratio":0.8333,"pedestrian_accident_ratio":0.1667}},{"type":"Feature","geometry":{"type":"Point","coordinates":[121.54919,25.0548]},"properties":{"hotspot_id":"臺北市-51036","hotspot_type":"intersection","county":"臺北市","township":"松山區","road_or_intersection":"敦化北路","accident_count":23,"motorcycle_accident_count":19,"pedestrian_accident_count":2,"death_count":0,"injury_count":27,"fatal_accident_count":0,"risk_score":80.9,"risk_level":"extreme","confidence":"confirmed","motorcycle_accident_ratio":0.8261,"pedestrian_accident_ratio":0.087}},{"type":"Feature","geometry":{"type":"Point","coordinates":[121.46461,25.12402]},"properties":{"hotspot_id":"臺北市-49507","hotspot_type":"intersection","county":"臺北市","township":"北投區","road_or_intersection":"中央北路4段 x 大度路3段","accident_count":20,"motorcycle_accident_count":17,"pedestrian_accident_count":1,"death_count":0,"injury_count":27,"fatal_accident_count":0,"risk_score":80.9,"risk_level":"extreme","confidence":"confirmed","motorcycle_accident_ratio":0.85,"pedestrian_accident_ratio":0.05}},{"type":"Feature","geometry":{"type":"Point","coordinates":[121.49616,25.03911]},"properties":{"hotspot_id":"臺北市-51706","hotspot_type":"intersection","county":"臺北市","township":"萬華區","road_or_intersection":"堤外便道","accident_count":16,"motorcycle_accident_count":14,"pedestrian_accident_count":1,"death_count":0,"injury_count":26,"fatal_accident_count":0,"risk_score":80.9,"risk_level":"extreme","confidence":"probable","motorcycle_accident_ratio":0.875,"pedestrian_accident_ratio":0.0625}},{"type":"Feature","geometry":{"type":"Point","coordinates":[121.53294,25.06234]},"properties":{"hotspot_id":"臺北市-48662","hotspot_type":"intersection","county":"臺北市","township":"中山區","road_or_intersection":"松江路 x 民權東路2段","accident_count":24,"motorcycle_accident_count":17,"pedestrian_accident_count":6,"death_count":0,"injury_count":30,"fatal_accident_count":0,"risk_score":80.9,"risk_level":"extreme","confidence":"confirmed","motorcycle_accident_ratio":0.7083,"pedestrian_accident_ratio":0.25}},{"type":"Feature","geometry":{"type":"Point","coordinates":[121.53531,25.06239]},"properties":{"hotspot_id":"臺北市-51838","hotspot_type":"intersection","county":"臺北市","township":"中山區","road_or_intersection":"民權東路2段","accident_count":14,"motorcycle_accident_count":12,"pedestrian_accident_count":1,"death_count":0,"injury_count":35,"fatal_accident_count":0,"risk_score":80.8,"risk_level":"extreme","confidence":"low_confidence","motorcycle_accident_ratio":0.8571,"pedestrian_accident_ratio":0.0714}},{"type":"Feature","geometry":{"type":"Point","coordinates":[121.49961,25.04151]},"properties":{"hotspot_id":"臺北市-51255","hotspot_type":"intersection","county":"臺北市","township":"萬華區","road_or_intersection":"環河南路1段 x 長沙街2段","accident_count":8,"motorcycle_accident_count":8,"pedestrian_accident_count":1,"death_count":0,"injury_count":12,"fatal_accident_count":0,"risk_score":80.8,"risk_level":"extreme","confidence":"confirmed","motorcycle_accident_ratio":1.0,"pedestrian_accident_ratio":0.125}},{"type":"Feature","geometry":{"type":"Point","coordinates":[121.50632,25.04265]},"properties":{"hotspot_id":"臺北市-51683","hotspot_type":"intersection","county":"臺北市","township":"萬華區","road_or_intersection":"成都路","accident_count":15,"motorcycle_accident_count":14,"pedestrian_accident_count":1,"death_count":0,"injury_count":20,"fatal_accident_count":0,"risk_score":80.8,"risk_level":"extreme","confidence":"probable","motorcycle_accident_ratio":0.9333,"pedestrian_accident_ratio":0.0667}},{"type":"Feature","geometry":{"type":"Point","coordinates":[121.46631,25.12348]},"properties":{"hotspot_id":"臺北市-51334","hotspot_type":"intersection","county":"臺北市","township":"北投區","road_or_intersection":"大度路3段","accident_count":15,"motorcycle_accident_count":14,"pedestrian_accident_count":1,"death_count":0,"injury_count":20,"fatal_accident_count":0,"risk_score":80.8,"risk_level":"extreme","confidence":"probable","motorcycle_accident_ratio":0.9333,"pedestrian_accident_ratio":0.0667}},{"type":"Feature","geometry":{"type":"Point","coordinates":[121.53229,25.01816]},"properties":{"hotspot_id":"臺北市-51557","hotspot_type":"intersection","county":"臺北市","township":"大安區","road_or_intersection":"羅斯福路3段","accident_count":17,"motorcycle_accident_count":15,"pedestrian_accident_count":1,"death_count":0,"injury_count":23,"fatal_accident_count":0,"risk_score":80.8,"risk_level":"extreme","confidence":"probable","motorcycle_accident_ratio":0.8824,"pedestrian_accident_ratio":0.0588}},{"type":"Feature","geometry":{"type":"Point","coordinates":[121.54352,25.01617]},"properties":{"hotspot_id":"臺北市-50520","hotspot_type":"intersection","county":"臺北市","township":"大安區","road_or_intersection":"基隆路3段","accident_count":15,"motorcycle_accident_count":13,"pedestrian_accident_count":1,"death_count":0,"injury_count":27,"fatal_accident_count":0,"risk_score":80.7,"risk_level":"extreme","confidence":"confirmed","motorcycle_accident_ratio":0.8667,"pedestrian_accident_ratio":0.0667}},{"type":"Feature","geometry":{"type":"Point","coordinates":[121.51712,25.0521]},"properties":{"hotspot_id":"臺北市-51672","hotspot_type":"intersection","county":"臺北市","township":"大同區","road_or_intersection":"承德路1段","accident_count":23,"motorcycle_accident_count":19,"pedestrian_accident_count":2,"death_count":0,"injury_count":26,"fatal_accident_count":0,"risk_score":80.7,"risk_level":"extreme","confidence":"probable","motorcycle_accident_ratio":0.8261,"pedestrian_accident_ratio":0.087}},{"type":"Feature","geometry":{"type":"Point","coordinates":[121.57158,25.04443]},"properties":{"hotspot_id":"臺北市-49241","hotspot_type":"intersection","county":"臺北市","township":"信義區","road_or_intersection":"永吉路","accident_count":50,"motorcycle_accident_count":37,"pedestrian_accident_count":4,"death_count":0,"injury_count":61,"fatal_accident_count":0,"risk_score":80.6,"risk_level":"extreme","confidence":"confirmed","motorcycle_accident_ratio":0.74,"pedestrian_accident_ratio":0.08}},{"type":"Feature","geometry":{"type":"Point","coordinates":[121.57806,25.04157]},"properties":{"hotspot_id":"臺北市-49215","hotspot_type":"intersection","county":"臺北市","township":"信義區","road_or_intersection":"松山路","accident_count":21,"motorcycle_accident_count":17,"pedestrian_accident_count":2,"death_count":0,"injury_count":26,"fatal_accident_count":0,"risk_score":80.6,"risk_level":"extreme","confidence":"confirmed","motorcycle_accident_ratio":0.8095,"pedestrian_accident_ratio":0.0952}},{"type":"Feature","geometry":{"type":"Point","coordinates":[121.54397,25.06375]},"properties":{"hotspot_id":"臺北市-48597","hotspot_type":"intersection","county":"臺北市","township":"中山區","road_or_intersection":"復興北路 x 民權東路3段","accident_count":23,"motorcycle_accident_count":19,"pedestrian_accident_count":1,"death_count":0,"injury_count":28,"fatal_accident_count":0,"risk_score":80.6,"risk_level":"extreme","confidence":"confirmed","motorcycle_accident_ratio":0.8261,"pedestrian_accident_ratio":0.0435}},{"type":"Feature","geometry":{"type":"Point","coordinates":[121.57798,25.07669]},"properties":{"hotspot_id":"臺北市-49419","hotspot_type":"intersection","county":"臺北市","township":"內湖區","road_or_intersection":"江南街","accident_count":9,"motorcycle_accident_count":9,"pedestrian_accident_count":1,"death_count":0,"injury_count":11,"fatal_accident_count":0,"risk_score":80.6,"risk_level":"extreme","confidence":"confirmed","motorcycle_accident_ratio":1.0,"pedestrian_accident_ratio":0.1111}},{"type":"Feature","geometry":{"type":"Point","coordinates":[121.5859,25.04826]},"properties":{"hotspot_id":"臺北市-51667","hotspot_type":"road_segment","county":"臺北市","township":"南港區","road_or_intersection":"忠孝東路6段","accident_count":17,"motorcycle_accident_count":15,"pedestrian_accident_count":1,"death_count":0,"injury_count":22,"fatal_accident_count":0,"risk_score":80.6,"risk_level":"extreme","confidence":"probable","motorcycle_accident_ratio":0.8824,"pedestrian_accident_ratio":0.0588}},{"type":"Feature","geometry":{"type":"Point","coordinates":[121.5094,25.03038]},"properties":{"hotspot_id":"臺北市-51536","hotspot_type":"intersection","county":"臺北市","township":"中正區","road_or_intersection":"和平西路2段","accident_count":9,"motorcycle_accident_count":9,"pedestrian_accident_count":1,"death_count":0,"injury_count":11,"fatal_accident_count":0,"risk_score":80.6,"risk_level":"extreme","confidence":"probable","motorcycle_accident_ratio":1.0,"pedestrian_accident_ratio":0.1111}},{"type":"Feature","geometry":{"type":"Point","coordinates":[121.57188,25.00199]},"properties":{"hotspot_id":"臺北市-51406","hotspot_type":"intersection","county":"臺北市","township":"文山區","road_or_intersection":"和平東路4段","accident_count":9,"motorcycle_accident_count":9,"pedestrian_accident_count":1,"death_count":0,"injury_count":11,"fatal_accident_count":0,"risk_score":80.6,"risk_level":"extreme","confidence":"low_confidence","motorcycle_accident_ratio":1.0,"pedestrian_accident_ratio":0.1111}},{"type":"Feature","geometry":{"type":"Point","coordinates":[121.56163,24.98897]},"properties":{"hotspot_id":"臺北市-50825","hotspot_type":"intersection","county":"臺北市","township":"文山區","road_or_intersection":"木柵路2段","accident_count":16,"motorcycle_accident_count":15,"pedestrian_accident_count":3,"death_count":0,"injury_count":16,"fatal_accident_count":0,"risk_score":80.5,"risk_level":"extreme","confidence":"confirmed","motorcycle_accident_ratio":0.9375,"pedestrian_accident_ratio":0.1875}},{"type":"Feature","geometry":{"type":"Point","coordinates":[121.55413,25.04177]},"properties":{"hotspot_id":"臺北市-50559","hotspot_type":"intersection","county":"臺北市","township":"大安區","road_or_intersection":"延吉街 x 忠孝東路4段","accident_count":21,"motorcycle_accident_count":17,"pedestrian_accident_count":2,"death_count":0,"injury_count":25,"fatal_accident_count":0,"risk_score":80.5,"risk_level":"extreme","confidence":"confirmed","motorcycle_accident_ratio":0.8095,"pedestrian_accident_ratio":0.0952}},{"type":"Feature","geometry":{"type":"Point","coordinates":[121.57288,25.04086]},"properties":{"hotspot_id":"臺北市-51872","hotspot_type":"intersection","county":"臺北市","township":"信義區","road_or_intersection":"忠孝東路5段","accident_count":14,"motorcycle_accident_count":13,"pedestrian_accident_count":2,"death_count":0,"injury_count":18,"fatal_accident_count":0,"risk_score":80.5,"risk_level":"extreme","confidence":"probable","motorcycle_accident_ratio":0.9286,"pedestrian_accident_ratio":0.1429}},{"type":"Feature","geometry":{"type":"Point","coordinates":[121.51316,25.04628]},"properties":{"hotspot_id":"臺北市-51732","hotspot_type":"intersection","county":"臺北市","township":"中正區","road_or_intersection":"重慶南路1段","accident_count":18,"motorcycle_accident_count":15,"pedestrian_accident_count":3,"death_count":0,"injury_count":21,"fatal_accident_count":0,"risk_score":80.5,"risk_level":"extreme","confidence":"probable","motorcycle_accident_ratio":0.8333,"pedestrian_accident_ratio":0.1667}},{"type":"Feature","geometry":{"type":"Point","coordinates":[121.56043,25.08468]},"properties":{"hotspot_id":"臺北市-51448","hotspot_type":"intersection","county":"臺北市","township":"內湖區","road_or_intersection":"內湖路1段","accident_count":15,"motorcycle_accident_count":13,"pedestrian_accident_count":2,"death_count":0,"injury_count":21,"fatal_accident_count":0,"risk_score":80.4,"risk_level":"extreme","confidence":"probable","motorcycle_accident_ratio":0.8667,"pedestrian_accident_ratio":0.1333}},{"type":"Feature","geometry":{"type":"Point","coordinates":[121.56643,25.04373]},"properties":{"hotspot_id":"臺北市-49165","hotspot_type":"intersection","county":"臺北市","township":"信義區","road_or_intersection":"基隆路1段 x 松隆路","accident_count":18,"motorcycle_accident_count":15,"pedestrian_accident_count":1,"death_count":0,"injury_count":26,"fatal_accident_count":0,"risk_score":80.3,"risk_level":"extreme","confidence":"confirmed","motorcycle_accident_ratio":0.8333,"pedestrian_accident_ratio":0.0556}},{"type":"Feature","geometry":{"type":"Point","coordinates":[121.54897,25.03802]},"properties":{"hotspot_id":"臺北市-50431","hotspot_type":"intersection","county":"臺北市","township":"大安區","road_or_intersection":"仁愛路4段 x 敦化南路1段","accident_count":36,"motorcycle_accident_count":27,"pedestrian_accident_count":1,"death_count":0,"injury_count":44,"fatal_accident_count":0,"risk_score":80.3,"risk_level":"extreme","confidence":"confirmed","motorcycle_accident_ratio":0.75,"pedestrian_accident_ratio":0.0278}},{"type":"Feature","geometry":{"type":"Point","coordinates":[121.50806,25.12047]},"properties":{"hotspot_id":"臺北市-51411","hotspot_type":"road_segment","county":"臺北市","township":"北投區","road_or_intersection":"東華街2段","accident_count":16,"motorcycle_accident_count":15,"pedestrian_accident_count":1,"death_count":0,"injury_count":18,"fatal_accident_count":0,"risk_score":80.3,"risk_level":"extreme","confidence":"probable","motorcycle_accident_ratio":0.9375,"pedestrian_accident_ratio":0.0625}},{"type":"Feature","geometry":{"type":"Point","coordinates":[121.52539,25.0843]},"properties":{"hotspot_id":"臺北市-49932","hotspot_type":"intersection","county":"臺北市","township":"士林區","road_or_intersection":"中山北路5段 x 劍潭路","accident_count":15,"motorcycle_accident_count":14,"pedestrian_accident_count":2,"death_count":0,"injury_count":17,"fatal_accident_count":0,"risk_score":80.3,"risk_level":"extreme","confidence":"confirmed","motorcycle_accident_ratio":0.9333,"pedestrian_accident_ratio":0.1333}},{"type":"Feature","geometry":{"type":"Point","coordinates":[121.60212,25.05251]},"properties":{"hotspot_id":"臺北市-49916","hotspot_type":"intersection","county":"臺北市","township":"南港區市","road_or_intersection":"南港路2段 x 民大道8段","accident_count":6,"motorcycle_accident_count":6,"pedestrian_accident_count":2,"death_count":0,"injury_count":13,"fatal_accident_count":0,"risk_score":80.3,"risk_level":"extreme","confidence":"confirmed","motorcycle_accident_ratio":1.0,"pedestrian_accident_ratio":0.3333}},{"type":"Feature","geometry":{"type":"Point","coordinates":[121.58843,25.0577]},"properties":{"hotspot_id":"臺北市-49383","hotspot_type":"intersection","county":"臺北市","township":"內湖區","road_or_intersection":"新明路 x 潭美街","accident_count":10,"motorcycle_accident_count":9,"pedestrian_accident_count":2,"death_count":1,"injury_count":14,"fatal_accident_count":1,"risk_score":80.2,"risk_level":"extreme","confidence":"confirmed","motorcycle_accident_ratio":0.9,"pedestrian_accident_ratio":0.2}},{"type":"Feature","geometry":{"type":"Point","coordinates":[121.5467,25.01913]},"properties":{"hotspot_id":"臺北市-50527","hotspot_type":"intersection","county":"臺北市","township":"大安區","road_or_intersection":"基隆路3段 x 辛亥路3段","accident_count":27,"motorcycle_accident_count":20,"pedestrian_accident_count":2,"death_count":0,"injury_count":37,"fatal_accident_count":0,"risk_score":80.2,"risk_level":"extreme","confidence":"confirmed","motorcycle_accident_ratio":0.7407,"pedestrian_accident_ratio":0.0741}},{"type":"Feature","geometry":{"type":"Point","coordinates":[121.5222,25.06592]},"properties":{"hotspot_id":"臺北市-48456","hotspot_type":"intersection","county":"臺北市","township":"中山區","road_or_intersection":"中山北路3段 x 民族西路","accident_count":15,"motorcycle_accident_count":13,"pedestrian_accident_count":2,"death_count":0,"injury_count":20,"fatal_accident_count":0,"risk_score":80.2,"risk_level":"extreme","confidence":"confirmed","motorcycle_accident_ratio":0.8667,"pedestrian_accident_ratio":0.1333}},{"type":"Feature","geometry":{"type":"Point","coordinates":[121.53466,25.01392]},"properties":{"hotspot_id":"臺北市-51581","hotspot_type":"intersection","county":"臺北市","township":"中正區","road_or_intersection":"羅斯福路4段","accident_count":24,"motorcycle_accident_count":18,"pedestrian_accident_count":2,"death_count":0,"injury_count":33,"fatal_accident_count":0,"risk_score":80.2,"risk_level":"extreme","confidence":"low_confidence","motorcycle_accident_ratio":0.75,"pedestrian_accident_ratio":0.0833}},{"type":"Feature","geometry":{"type":"Point","coordinates":[121.52575,25.05803]},"properties":{"hotspot_id":"臺北市-48674","hotspot_type":"intersection","county":"臺北市","township":"中山區","road_or_intersection":"林森北路 x 民生東路1段","accident_count":14,"motorcycle_accident_count":12,"pedestrian_accident_count":1,"death_count":0,"injury_count":26,"fatal_accident_count":0,"risk_score":80.2,"risk_level":"extreme","confidence":"confirmed","motorcycle_accident_ratio":0.8571,"pedestrian_accident_ratio":0.0714}},{"type":"Feature","geometry":{"type":"Point","coordinates":[121.5646,25.02812]},"properties":{"hotspot_id":"臺北市-49146","hotspot_type":"intersection","county":"臺北市","township":"信義區","road_or_intersection":"吳興街 x 莊敬路","accident_count":18,"motorcycle_accident_count":13,"pedestrian_accident_count":5,"death_count":0,"injury_count":24,"fatal_accident_count":0,"risk_score":80.1,"risk_level":"extreme","confidence":"confirmed","motorcycle_accident_ratio":0.7222,"pedestrian_accident_ratio":0.2778}},{"type":"Feature","geometry":{"type":"Point","coordinates":[121.5877,25.08195]},"properties":{"hotspot_id":"臺北市-49281","hotspot_type":"intersection","county":"臺北市","township":"內湖區","road_or_intersection":"內湖路2段","accident_count":14,"motorcycle_accident_count":13,"pedestrian_accident_count":2,"death_count":0,"injury_count":17,"fatal_accident_count":0,"risk_score":80.1,"risk_level":"extreme","confidence":"confirmed","motorcycle_accident_ratio":0.9286,"pedestrian_accident_ratio":0.1429}},{"type":"Feature","geometry":{"type":"Point","coordinates":[121.57552,24.98806]},"properties":{"hotspot_id":"臺北市-51385","hotspot_type":"intersection","county":"臺北市","township":"文山區","road_or_intersection":"指南路2段","accident_count":20,"motorcycle_accident_count":16,"pedestrian_accident_count":2,"death_count":0,"injury_count":24,"fatal_accident_count":0,"risk_score":80.0,"risk_level":"extreme","confidence":"low_confidence","motorcycle_accident_ratio":0.8,"pedestrian_accident_ratio":0.1}},{"type":"Feature","geometry":{"type":"Point","coordinates":[121.55528,25.03839]},"properties":{"hotspot_id":"臺北市-50468","hotspot_type":"intersection","county":"臺北市","township":"大安區","road_or_intersection":"光復南路 x 延吉街","accident_count":18,"motorcycle_accident_count":14,"pedestrian_accident_count":2,"death_count":0,"injury_count":27,"fatal_accident_count":0,"risk_score":80.0,"risk_level":"extreme","confidence":"confirmed","motorcycle_accident_ratio":0.7778,"pedestrian_accident_ratio":0.1111}},{"type":"Feature","geometry":{"type":"Point","coordinates":[121.53181,25.0333]},"properties":{"hotspot_id":"臺北市-51548","hotspot_type":"intersection","county":"臺北市","township":"大安區","road_or_intersection":"信義路2段","accident_count":26,"motorcycle_accident_count":15,"pedestrian_accident_count":5,"death_count":0,"injury_count":31,"fatal_accident_count":0,"risk_score":80.0,"risk_level":"extreme","confidence":"probable","motorcycle_accident_ratio":0.5769,"pedestrian_accident_ratio":0.1923}},{"type":"Feature","geometry":{"type":"Point","coordinates":[121.54303,25.02477]},"properties":{"hotspot_id":"臺北市-51783","hotspot_type":"intersection","county":"臺北市","township":"大安區","road_or_intersection":"和平東路2段","accident_count":22,"motorcycle_accident_count":17,"pedestrian_accident_count":2,"death_count":0,"injury_count":27,"fatal_accident_count":0,"risk_score":80.0,"risk_level":"extreme","confidence":"probable","motorcycle_accident_ratio":0.7727,"pedestrian_accident_ratio":0.0909}},{"type":"Feature","geometry":{"type":"Point","coordinates":[121.5719,24.99548]},"properties":{"hotspot_id":"臺北市-51420","hotspot_type":"road_segment","county":"臺北市","township":"文山區","road_or_intersection":"木柵路4段","accident_count":18,"motorcycle_accident_count":15,"pedestrian_accident_count":2,"death_count":0,"injury_count":21,"fatal_accident_count":0,"risk_score":80.0,"risk_level":"extreme","confidence":"low_confidence","motorcycle_accident_ratio":0.8333,"pedestrian_accident_ratio":0.1111}},{"type":"Feature","geometry":{"type":"Point","coordinates":[121.54228,25.10558]},"properties":{"hotspot_id":"臺北市-49991","hotspot_type":"intersection","county":"臺北市","township":"士林區","road_or_intersection":"仰德大道2段","accident_count":14,"motorcycle_accident_count":13,"pedestrian_accident_count":1,"death_count":0,"injury_count":18,"fatal_accident_count":0,"risk_score":79.9,"risk_level":"extreme","confidence":"confirmed","motorcycle_accident_ratio":0.9286,"pedestrian_accident_ratio":0.0714}},{"type":"Feature","geometry":{"type":"Point","coordinates":[121.52777,25.04386]},"properties":{"hotspot_id":"臺北市-51777","hotspot_type":"road_segment","county":"臺北市","township":"中正區","road_or_intersection":"忠孝東路2段","accident_count":15,"motorcycle_accident_count":13,"pedestrian_accident_count":2,"death_count":0,"injury_count":19,"fatal_accident_count":0,"risk_score":79.9,"risk_level":"extreme","confidence":"probable","motorcycle_accident_ratio":0.8667,"pedestrian_accident_ratio":0.1333}},{"type":"Feature","geometry":{"type":"Point","coordinates":[121.56398,24.98261]},"properties":{"hotspot_id":"臺北市-51396","hotspot_type":"road_segment","county":"臺北市","township":"文山區","road_or_intersection":"木新路3段","accident_count":18,"motorcycle_accident_count":13,"pedestrian_accident_count":4,"death_count":0,"injury_count":24,"fatal_accident_count":0,"risk_score":79.9,"risk_level":"extreme","confidence":"probable","motorcycle_accident_ratio":0.7222,"pedestrian_accident_ratio":0.2222}},{"type":"Feature","geometry":{"type":"Point","coordinates":[121.56243,25.02857]},"properties":{"hotspot_id":"臺北市-51659","hotspot_type":"intersection","county":"臺北市","township":"信義區","road_or_intersection":"吳興街","accident_count":17,"motorcycle_accident_count":13,"pedestrian_accident_count":4,"death_count":0,"injury_count":22,"fatal_accident_count":0,"risk_score":79.9,"risk_level":"extreme","confidence":"probable","motorcycle_accident_ratio":0.7647,"pedestrian_accident_ratio":0.2353}},{"type":"Feature","geometry":{"type":"Point","coordinates":[121.53911,25.00519]},"properties":{"hotspot_id":"臺北市-51380","hotspot_type":"road_segment","county":"臺北市","township":"文山區","road_or_intersection":"羅斯福路5段","accident_count":13,"motorcycle_accident_count":12,"pedestrian_accident_count":1,"death_count":0,"injury_count":19,"fatal_accident_count":0,"risk_score":79.9,"risk_level":"extreme","confidence":"probable","motorcycle_accident_ratio":0.9231,"pedestrian_accident_ratio":0.0769}},{"type":"Feature","geometry":{"type":"Point","coordinates":[121.52248,25.02249]},"properties":{"hotspot_id":"臺北市-49018","hotspot_type":"intersection","county":"臺北市","township":"中正區","road_or_intersection":"汀州路2段 x 金門街","accident_count":8,"motorcycle_accident_count":8,"pedestrian_accident_count":1,"death_count":0,"injury_count":11,"fatal_accident_count":0,"risk_score":79.9,"risk_level":"extreme","confidence":"confirmed","motorcycle_accident_ratio":1.0,"pedestrian_accident_ratio":0.125}},{"type":"Feature","geometry":{"type":"Point","coordinates":[121.50876,25.11283]},"properties":{"hotspot_id":"臺北市-51427","hotspot_type":"intersection","county":"臺北市","township":"北投區","road_or_intersection":"承德路7段","accident_count":7,"motorcycle_accident_count":7,"pedestrian_accident_count":1,"death_count":0,"injury_count":12,"fatal_accident_count":0,"risk_score":79.9,"risk_level":"extreme","confidence":"probable","motorcycle_accident_ratio":1.0,"pedestrian_accident_ratio":0.1429}},{"type":"Feature","geometry":{"type":"Point","coordinates":[121.52244,25.05718]},"properties":{"hotspot_id":"臺北市-48443","hotspot_type":"intersection","county":"臺北市","township":"中山區","road_or_intersection":"中山北路2段 x 民生西路","accident_count":17,"motorcycle_accident_count":14,"pedestrian_accident_count":2,"death_count":0,"injury_count":22,"fatal_accident_count":0,"risk_score":79.9,"risk_level":"extreme","confidence":"confirmed","motorcycle_accident_ratio":0.8235,"pedestrian_accident_ratio":0.1176}},{"type":"Feature","geometry":{"type":"Point","coordinates":[121.53338,25.03761]},"properties":{"hotspot_id":"臺北市-50420","hotspot_type":"intersection","county":"臺北市","township":"大安區","road_or_intersection":"仁愛路3段 x 新生南路1段","accident_count":8,"motorcycle_accident_count":8,"pedestrian_accident_count":1,"death_count":0,"injury_count":11,"fatal_accident_count":0,"risk_score":79.9,"risk_level":"extreme","confidence":"confirmed","motorcycle_accident_ratio":1.0,"pedestrian_accident_ratio":0.125}},{"type":"Feature","geometry":{"type":"Point","coordinates":[121.54273,25.00124]},"properties":{"hotspot_id":"臺北市-50874","hotspot_type":"intersection","county":"臺北市","township":"文山區","road_or_intersection":"興隆路1段","accident_count":13,"motorcycle_accident_count":12,"pedestrian_accident_count":1,"death_count":0,"injury_count":19,"fatal_accident_count":0,"risk_score":79.9,"risk_level":"extreme","confidence":"confirmed","motorcycle_accident_ratio":0.9231,"pedestrian_accident_ratio":0.0769}},{"type":"Feature","geometry":{"type":"Point","coordinates":[121.58528,25.03894]},"properties":{"hotspot_id":"臺北市-49245","hotspot_type":"intersection","county":"臺北市","township":"信義區","road_or_intersection":"福德街","accident_count":16,"motorcycle_accident_count":12,"pedestrian_accident_count":5,"death_count":0,"injury_count":23,"fatal_accident_count":0,"risk_score":79.9,"risk_level":"extreme","confidence":"confirmed","motorcycle_accident_ratio":0.75,"pedestrian_accident_ratio":0.3125}},{"type":"Feature","geometry":{"type":"Point","coordinates":[121.57419,25.04423]},"properties":{"hotspot_id":"臺北市-49242","hotspot_type":"intersection","county":"臺北市","township":"信義區","road_or_intersection":"永吉路 x 虎林街","accident_count":16,"motorcycle_accident_count":14,"pedestrian_accident_count":1,"death_count":0,"injury_count":20,"fatal_accident_count":0,"risk_score":79.8,"risk_level":"extreme","confidence":"confirmed","motorcycle_accident_ratio":0.875,"pedestrian_accident_ratio":0.0625}},{"type":"Feature","geometry":{"type":"Point","coordinates":[121.55175,25.02372]},"properties":{"hotspot_id":"臺北市-51824","hotspot_type":"road_segment","county":"臺北市","township":"大安區","road_or_intersection":"基隆路2段","accident_count":17,"motorcycle_accident_count":13,"pedestrian_accident_count":2,"death_count":0,"injury_count":27,"fatal_accident_count":0,"risk_score":79.8,"risk_level":"extreme","confidence":"probable","motorcycle_accident_ratio":0.7647,"pedestrian_accident_ratio":0.1176}},{"type":"Feature","geometry":{"type":"Point","coordinates":[121.51796,25.06869]},"properties":{"hotspot_id":"臺北市-51695","hotspot_type":"road_segment","county":"臺北市","township":"大同區","road_or_intersection":"民族西路","accident_count":15,"motorcycle_accident_count":13,"pedestrian_accident_count":1,"death_count":0,"injury_count":21,"fatal_accident_count":0,"risk_score":79.8,"risk_level":"extreme","confidence":"probable","motorcycle_accident_ratio":0.8667,"pedestrian_accident_ratio":0.0667}},{"type":"Feature","geometry":{"type":"Point","coordinates":[121.53874,25.06439]},"properties":{"hotspot_id":"臺北市-48470","hotspot_type":"intersection","county":"臺北市","township":"中山區","road_or_intersection":"五常街 x 龍江路","accident_count":15,"motorcycle_accident_count":13,"pedestrian_accident_count":1,"death_count":0,"injury_count":21,"fatal_accident_count":0,"risk_score":79.8,"risk_level":"extreme","confidence":"confirmed","motorcycle_accident_ratio":0.8667,"pedestrian_accident_ratio":0.0667}},{"type":"Feature","geometry":{"type":"Point","coordinates":[121.55397,25.03097]},"properties":{"hotspot_id":"臺北市-51701","hotspot_type":"intersection","county":"臺北市","township":"大安區","road_or_intersection":"通化街","accident_count":20,"motorcycle_accident_count":16,"pedestrian_accident_count":2,"death_count":0,"injury_count":22,"fatal_accident_count":0,"risk_score":79.7,"risk_level":"extreme","confidence":"probable","motorcycle_accident_ratio":0.8,"pedestrian_accident_ratio":0.1}},{"type":"Feature","geometry":{"type":"Point","coordinates":[121.51113,25.06558]},"properties":{"hotspot_id":"臺北市-51723","hotspot_type":"intersection","county":"臺北市","township":"大同區","road_or_intersection":"延平北路3段","accident_count":8,"motorcycle_accident_count":8,"pedestrian_accident_count":3,"death_count":0,"injury_count":10,"fatal_accident_count":0,"risk_score":79.7,"risk_level":"extreme","confidence":"probable","motorcycle_accident_ratio":1.0,"pedestrian_accident_ratio":0.375}},{"type":"Feature","geometry":{"type":"Point","coordinates":[121.51105,25.0722]},"properties":{"hotspot_id":"臺北市-50307","hotspot_type":"intersection","county":"臺北市","township":"大同區","road_or_intersection":"延平北路4段 x 酒泉街","accident_count":13,"motorcycle_accident_count":11,"pedestrian_accident_count":3,"death_count":0,"injury_count":19,"fatal_accident_count":0,"risk_score":79.6,"risk_level":"extreme","confidence":"confirmed","motorcycle_accident_ratio":0.8462,"pedestrian_accident_ratio":0.2308}},{"type":"Feature","geometry":{"type":"Point","coordinates":[121.53317,25.04187]},"properties":{"hotspot_id":"臺北市-50586","hotspot_type":"intersection","county":"臺北市","township":"大安區","road_or_intersection":"忠孝東路3段 x 新生南路1段","accident_count":17,"motorcycle_accident_count":13,"pedestrian_accident_count":1,"death_count":1,"injury_count":22,"fatal_accident_count":1,"risk_score":79.6,"risk_level":"extreme","confidence":"confirmed","motorcycle_accident_ratio":0.7647,"pedestrian_accident_ratio":0.0588}},{"type":"Feature","geometry":{"type":"Point","coordinates":[121.52505,25.09566]},"properties":{"hotspot_id":"臺北市-49973","hotspot_type":"intersection","county":"臺北市","township":"士林區","road_or_intersection":"中正路 x 文林路","accident_count":16,"motorcycle_accident_count":14,"pedestrian_accident_count":1,"death_count":0,"injury_count":19,"fatal_accident_count":0,"risk_score":79.5,"risk_level":"extreme","confidence":"confirmed","motorcycle_accident_ratio":0.875,"pedestrian_accident_ratio":0.0625}},{"type":"Feature","geometry":{"type":"Point","coordinates":[121.52817,25.05217]},"properties":{"hotspot_id":"臺北市-51684","hotspot_type":"intersection","county":"臺北市","township":"中山區","road_or_intersection":"南京東路2段","accident_count":15,"motorcycle_accident_count":13,"pedestrian_accident_count":2,"death_count":0,"injury_count":18,"fatal_accident_count":0,"risk_score":79.5,"risk_level":"extreme","confidence":"probable","motorcycle_accident_ratio":0.8667,"pedestrian_accident_ratio":0.1333}},{"type":"Feature","geometry":{"type":"Point","coordinates":[121.57949,25.03839]},"properties":{"hotspot_id":"臺北市-49238","hotspot_type":"intersection","county":"臺北市","township":"信義區","road_or_intersection":"林口街","accident_count":8,"motorcycle_accident_count":8,"pedestrian_accident_count":2,"death_count":0,"injury_count":10,"fatal_accident_count":0,"risk_score":79.5,"risk_level":"extreme","confidence":"confirmed","motorcycle_accident_ratio":1.0,"pedestrian_accident_ratio":0.25}},{"type":"Feature","geometry":{"type":"Point","coordinates":[121.56883,25.0303]},"properties":{"hotspot_id":"臺北市-49197","hotspot_type":"intersection","county":"臺北市","township":"信義區","road_or_intersection":"松仁路","accident_count":14,"motorcycle_accident_count":12,"pedestrian_accident_count":2,"death_count":0,"injury_count":19,"fatal_accident_count":0,"risk_score":79.5,"risk_level":"extreme","confidence":"confirmed","motorcycle_accident_ratio":0.8571,"pedestrian_accident_ratio":0.1429}},{"type":"Feature","geometry":{"type":"Point","coordinates":[121.50856,25.08653]},"properties":{"hotspot_id":"臺北市-51495","hotspot_type":"intersection","county":"臺北市","township":"士林區","road_or_intersection":"中正路","accident_count":12,"motorcycle_accident_count":10,"pedestrian_accident_count":2,"death_count":0,"injury_count":23,"fatal_accident_count":0,"risk_score":79.5,"risk_level":"extreme","confidence":"low_confidence","motorcycle_accident_ratio":0.8333,"pedestrian_accident_ratio":0.1667}},{"type":"Feature","geometry":{"type":"Point","coordinates":[121.51353,25.08918]},"properties":{"hotspot_id":"臺北市-51485","hotspot_type":"road_segment","county":"臺北市","township":"士林區","road_or_intersection":"百齡橋前0.0公尺","accident_count":22,"motorcycle_accident_count":15,"pedestrian_accident_count":1,"death_count":0,"injury_count":35,"fatal_accident_count":0,"risk_score":79.5,"risk_level":"extreme","confidence":"probable","motorcycle_accident_ratio":0.6818,"pedestrian_accident_ratio":0.0455}},{"type":"Feature","geometry":{"type":"Point","coordinates":[121.53131,25.0469]},"properties":{"hotspot_id":"臺北市-48741","hotspot_type":"intersection","county":"臺北市","township":"中山區市","road_or_intersection":"松江路 x 民大道3段","accident_count":13,"motorcycle_accident_count":12,"pedestrian_accident_count":1,"death_count":0,"injury_count":18,"fatal_accident_count":0,"risk_score":79.5,"risk_level":"extreme","confidence":"confirmed","motorcycle_accident_ratio":0.9231,"pedestrian_accident_ratio":0.0769}},{"type":"Feature","geometry":{"type":"Point","coordinates":[121.52495,25.06265]},"properties":{"hotspot_id":"臺北市-51812","hotspot_type":"road_segment","county":"臺北市","township":"中山區","road_or_intersection":"民權東路1段","accident_count":20,"motorcycle_accident_count":16,"pedestrian_accident_count":1,"death_count":0,"injury_count":23,"fatal_accident_count":0,"risk_score":79.4,"risk_level":"extreme","confidence":"probable","motorcycle_accident_ratio":0.8,"pedestrian_accident_ratio":0.05}},{"type":"Feature","geometry":{"type":"Point","coordinates":[121.56984,25.04521]},"properties":{"hotspot_id":"臺北市-49234","hotspot_type":"intersection","county":"臺北市","township":"信義區","road_or_intersection":"松隆路 x 永吉路","accident_count":21,"motorcycle_accident_count":15,"pedestrian_accident_count":2,"death_count":0,"injury_count":25,"fatal_accident_count":0,"risk_score":79.3,"risk_level":"extreme","confidence":"confirmed","motorcycle_accident_ratio":0.7143,"pedestrian_accident_ratio":0.0952}},{"type":"Feature","geometry":{"type":"Point","coordinates":[121.59414,25.08291]},"properties":{"hotspot_id":"臺北市-49369","hotspot_type":"intersection","county":"臺北市","township":"內湖區","road_or_intersection":"成功路4段","accident_count":16,"motorcycle_accident_count":12,"pedestrian_accident_count":2,"death_count":0,"injury_count":25,"fatal_accident_count":0,"risk_score":79.3,"risk_level":"extreme","confidence":"confirmed","motorcycle_accident_ratio":0.75,"pedestrian_accident_ratio":0.125}},{"type":"Feature","geometry":{"type":"Point","coordinates":[121.51632,25.06285]},"properties":{"hotspot_id":"臺北市-51728","hotspot_type":"road_segment","county":"臺北市","township":"大同區","road_or_intersection":"民權西路","accident_count":20,"motorcycle_accident_count":15,"pedestrian_accident_count":1,"death_count":0,"injury_count":27,"fatal_accident_count":0,"risk_score":79.3,"risk_level":"extreme","confidence":"probable","motorcycle_accident_ratio":0.75,"pedestrian_accident_ratio":0.05}},{"type":"Feature","geometry":{"type":"Point","coordinates":[121.53749,25.0368]},"properties":{"hotspot_id":"臺北市-51641","hotspot_type":"road_segment","county":"臺北市","township":"大安區","road_or_intersection":"建國南路1段","accident_count":15,"motorcycle_accident_count":13,"pedestrian_accident_count":1,"death_count":0,"injury_count":19,"fatal_accident_count":0,"risk_score":79.2,"risk_level":"extreme","confidence":"probable","motorcycle_accident_ratio":0.8667,"pedestrian_accident_ratio":0.0667}},{"type":"Feature","geometry":{"type":"Point","coordinates":[121.52141,25.09341]},"properties":{"hotspot_id":"臺北市-50018","hotspot_type":"intersection","county":"臺北市","township":"士林區","road_or_intersection":"基河路","accident_count":14,"motorcycle_accident_count":12,"pedestrian_accident_count":2,"death_count":0,"injury_count":18,"fatal_accident_count":0,"risk_score":79.2,"risk_level":"extreme","confidence":"confirmed","motorcycle_accident_ratio":0.8571,"pedestrian_accident_ratio":0.1429}},{"type":"Feature","geometry":{"type":"Point","coordinates":[121.50652,25.02652]},"properties":{"hotspot_id":"臺北市-51512","hotspot_type":"intersection","county":"臺北市","township":"萬華區","road_or_intersection":"中華路2段","accident_count":18,"motorcycle_accident_count":13,"pedestrian_accident_count":2,"death_count":0,"injury_count":24,"fatal_accident_count":0,"risk_score":79.1,"risk_level":"high","confidence":"probable","motorcycle_accident_ratio":0.7222,"pedestrian_accident_ratio":0.1111}},{"type":"Feature","geometry":{"type":"Point","coordinates":[121.51722,25.07228]},"properties":{"hotspot_id":"臺北市-51649","hotspot_type":"road_segment","county":"臺北市","township":"大同區","road_or_intersection":"酒泉街","accident_count":13,"motorcycle_accident_count":11,"pedestrian_accident_count":2,"death_count":0,"injury_count":19,"fatal_accident_count":0,"risk_score":79.1,"risk_level":"high","confidence":"probable","motorcycle_accident_ratio":0.8462,"pedestrian_accident_ratio":0.1538}},{"type":"Feature","geometry":{"type":"Point","coordinates":[121.55236,24.98787]},"properties":{"hotspot_id":"臺北市-50823","hotspot_type":"intersection","county":"臺北市","township":"文山區","road_or_intersection":"木柵路1段 x 辛亥路6段","accident_count":13,"motorcycle_accident_count":12,"pedestrian_accident_count":1,"death_count":0,"injury_count":17,"fatal_accident_count":0,"risk_score":79.1,"risk_level":"high","confidence":"confirmed","motorcycle_accident_ratio":0.9231,"pedestrian_accident_ratio":0.0769}},{"type":"Feature","geometry":{"type":"Point","coordinates":[121.56927,24.98458]},"properties":{"hotspot_id":"臺北市-50810","hotspot_type":"intersection","county":"臺北市","township":"文山區","road_or_intersection":"木新路2段","accident_count":12,"motorcycle_accident_count":11,"pedestrian_accident_count":1,"death_count":0,"injury_count":18,"fatal_accident_count":0,"risk_score":79.1,"risk_level":"high","confidence":"confirmed","motorcycle_accident_ratio":0.9167,"pedestrian_accident_ratio":0.0833}},{"type":"Feature","geometry":{"type":"Point","coordinates":[121.54761,25.02493]},"properties":{"hotspot_id":"臺北市-51766","hotspot_type":"road_segment","county":"臺北市","township":"大安區","road_or_intersection":"和平東路3段","accident_count":17,"motorcycle_accident_count":13,"pedestrian_accident_count":2,"death_count":0,"injury_count":22,"fatal_accident_count":0,"risk_score":79.1,"risk_level":"high","confidence":"probable","motorcycle_accident_ratio":0.7647,"pedestrian_accident_ratio":0.1176}},{"type":"Feature","geometry":{"type":"Point","coordinates":[121.55732,25.03857]},"properties":{"hotspot_id":"臺北市-50466","hotspot_type":"intersection","county":"臺北市","township":"大安區","road_or_intersection":"光復南路","accident_count":17,"motorcycle_accident_count":13,"pedestrian_accident_count":2,"death_count":0,"injury_count":22,"fatal_accident_count":0,"risk_score":79.1,"risk_level":"high","confidence":"confirmed","motorcycle_accident_ratio":0.7647,"pedestrian_accident_ratio":0.1176}},{"type":"Feature","geometry":{"type":"Point","coordinates":[121.49439,25.13157]},"properties":{"hotspot_id":"臺北市-49592","hotspot_type":"intersection","county":"臺北市","township":"北投區","road_or_intersection":"大業路","accident_count":12,"motorcycle_accident_count":11,"pedestrian_accident_count":1,"death_count":0,"injury_count":18,"fatal_accident_count":0,"risk_score":79.1,"risk_level":"high","confidence":"confirmed","motorcycle_accident_ratio":0.9167,"pedestrian_accident_ratio":0.0833}},{"type":"Feature","geometry":{"type":"Point","coordinates":[121.51051,25.05204]},"properties":{"hotspot_id":"臺北市-50258","hotspot_type":"intersection","county":"臺北市","township":"大同區","road_or_intersection":"塔城街 x 長安西路","accident_count":13,"motorcycle_accident_count":12,"pedestrian_accident_count":1,"death_count":0,"injury_count":17,"fatal_accident_count":0,"risk_score":79.1,"risk_level":"high","confidence":"confirmed","motorcycle_accident_ratio":0.9231,"pedestrian_accident_ratio":0.0769}},{"type":"Feature","geometry":{"type":"Point","coordinates":[121.51106,25.0655]},"properties":{"hotspot_id":"臺北市-50297","hotspot_type":"intersection","county":"臺北市","township":"大同區","road_or_intersection":"延平北路3段","accident_count":14,"motorcycle_accident_count":12,"pedestrian_accident_count":1,"death_count":0,"injury_count":20,"fatal_accident_count":0,"risk_score":79.1,"risk_level":"high","confidence":"confirmed","motorcycle_accident_ratio":0.8571,"pedestrian_accident_ratio":0.0714}},{"type":"Feature","geometry":{"type":"Point","coordinates":[121.5682,25.06415]},"properties":{"hotspot_id":"臺北市-50996","hotspot_type":"intersection","county":"臺北市","township":"松山區","road_or_intersection":"塔悠路 x 撫遠街","accident_count":13,"motorcycle_accident_count":12,"pedestrian_accident_count":1,"death_count":0,"injury_count":17,"fatal_accident_count":0,"risk_score":79.1,"risk_level":"high","confidence":"confirmed","motorcycle_accident_ratio":0.9231,"pedestrian_accident_ratio":0.0769}},{"type":"Feature","geometry":{"type":"Point","coordinates":[121.52792,25.12974]},"properties":{"hotspot_id":"臺北市-49773","hotspot_type":"intersection","county":"臺北市","township":"北投區","road_or_intersection":"行義路","accident_count":16,"motorcycle_accident_count":12,"pedestrian_accident_count":4,"death_count":0,"injury_count":20,"fatal_accident_count":0,"risk_score":79.1,"risk_level":"high","confidence":"confirmed","motorcycle_accident_ratio":0.75,"pedestrian_accident_ratio":0.25}},{"type":"Feature","geometry":{"type":"Point","coordinates":[121.51784,25.09166]},"properties":{"hotspot_id":"臺北市-49977","hotspot_type":"intersection","county":"臺北市","township":"士林區","road_or_intersection":"中正路 x 福港街","accident_count":14,"motorcycle_accident_count":13,"pedestrian_accident_count":1,"death_count":0,"injury_count":16,"fatal_accident_count":0,"risk_score":79.0,"risk_level":"high","confidence":"confirmed","motorcycle_accident_ratio":0.9286,"pedestrian_accident_ratio":0.0714}},{"type":"Feature","geometry":{"type":"Point","coordinates":[121.56636,25.062]},"properties":{"hotspot_id":"臺北市-51002","hotspot_type":"intersection","county":"臺北市","township":"松山區","road_or_intersection":"富錦街 x 撫遠街","accident_count":7,"motorcycle_accident_count":7,"pedestrian_accident_count":1,"death_count":0,"injury_count":11,"fatal_accident_count":0,"risk_score":79.0,"risk_level":"high","confidence":"confirmed","motorcycle_accident_ratio":1.0,"pedestrian_accident_ratio":0.1429}},{"type":"Feature","geometry":{"type":"Point","coordinates":[121.53731,25.0624]},"properties":{"hotspot_id":"臺北市-48587","hotspot_type":"intersection","county":"臺北市","township":"中山區","road_or_intersection":"建國北路3段 x 民權東路3段","accident_count":16,"motorcycle_accident_count":12,"pedestrian_accident_count":2,"death_count":0,"injury_count":23,"fatal_accident_count":0,"risk_score":79.0,"risk_level":"high","confidence":"confirmed","motorcycle_accident_ratio":0.75,"pedestrian_accident_ratio":0.125}},{"type":"Feature","geometry":{"type":"Point","coordinates":[121.56237,25.08656]},"properties":{"hotspot_id":"臺北市-51443","hotspot_type":"road_segment","county":"臺北市","township":"內湖區","road_or_intersection":"文湖街","accident_count":7,"motorcycle_accident_count":7,"pedestrian_accident_count":1,"death_count":0,"injury_count":11,"fatal_accident_count":0,"risk_score":79.0,"risk_level":"high","confidence":"probable","motorcycle_accident_ratio":1.0,"pedestrian_accident_ratio":0.1429}},{"type":"Feature","geometry":{"type":"Point","coordinates":[121.61865,25.04133]},"properties":{"hotspot_id":"臺北市-51343","hotspot_type":"intersection","county":"臺北市","township":"南港區","road_or_intersection":"舊莊街1段","accident_count":16,"motorcycle_accident_count":13,"pedestrian_accident_count":1,"death_count":0,"injury_count":21,"fatal_accident_count":0,"risk_score":78.9,"risk_level":"high","confidence":"low_confidence","motorcycle_accident_ratio":0.8125,"pedestrian_accident_ratio":0.0625}},{"type":"Feature","geometry":{"type":"Point","coordinates":[121.60495,25.05267]},"properties":{"hotspot_id":"臺北市-51593","hotspot_type":"intersection","county":"臺北市","township":"南港區","road_or_intersection":"忠孝東路7段","accident_count":17,"motorcycle_accident_count":13,"pedestrian_accident_count":1,"death_count":0,"injury_count":24,"fatal_accident_count":0,"risk_score":78.9,"risk_level":"high","confidence":"probable","motorcycle_accident_ratio":0.7647,"pedestrian_accident_ratio":0.0588}},{"type":"Feature","geometry":{"type":"Point","coordinates":[121.49605,25.13481]},"properties":{"hotspot_id":"臺北市-51403","hotspot_type":"intersection","county":"臺北市","township":"北投區","road_or_intersection":"大業路","accident_count":15,"motorcycle_accident_count":13,"pedestrian_accident_count":1,"death_count":0,"injury_count":18,"fatal_accident_count":0,"risk_score":78.9,"risk_level":"high","confidence":"probable","motorcycle_accident_ratio":0.8667,"pedestrian_accident_ratio":0.0667}},{"type":"Feature","geometry":{"type":"Point","coordinates":[121.52554,25.052]},"properties":{"hotspot_id":"臺北市-48507","hotspot_type":"intersection","county":"臺北市","township":"中山區","road_or_intersection":"南京東路1段 x 林森北路","accident_count":20,"motorcycle_accident_count":13,"pedestrian_accident_count":3,"death_count":0,"injury_count":23,"fatal_accident_count":0,"risk_score":78.8,"risk_level":"high","confidence":"confirmed","motorcycle_accident_ratio":0.65,"pedestrian_accident_ratio":0.15}},{"type":"Feature","geometry":{"type":"Point","coordinates":[121.51445,25.04319]},"properties":{"hotspot_id":"臺北市-49058","hotspot_type":"intersection","county":"臺北市","township":"中正區","road_or_intersection":"衡陽路 x 重慶南路1段","accident_count":6,"motorcycle_accident_count":6,"pedestrian_accident_count":1,"death_count":0,"injury_count":12,"fatal_accident_count":0,"risk_score":78.8,"risk_level":"high","confidence":"confirmed","motorcycle_accident_ratio":1.0,"pedestrian_accident_ratio":0.1667}},{"type":"Feature","geometry":{"type":"Point","coordinates":[121.55373,25.03374]},"properties":{"hotspot_id":"臺北市-50451","hotspot_type":"intersection","county":"臺北市","township":"大安區","road_or_intersection":"信義路4段","accident_count":13,"motorcycle_accident_count":11,"pedestrian_accident_count":3,"death_count":0,"injury_count":17,"fatal_accident_count":0,"risk_score":78.8,"risk_level":"high","confidence":"confirmed","motorcycle_accident_ratio":0.8462,"pedestrian_accident_ratio":0.2308}},{"type":"Feature","geometry":{"type":"Point","coordinates":[121.49979,25.03846]},"properties":{"hotspot_id":"臺北市-51224","hotspot_type":"intersection","county":"臺北市","township":"萬華區","road_or_intersection":"桂林路 x 西園路1段","accident_count":13,"motorcycle_accident_count":11,"pedestrian_accident_count":3,"death_count":0,"injury_count":17,"fatal_accident_count":0,"risk_score":78.8,"risk_level":"high","confidence":"confirmed","motorcycle_accident_ratio":0.8462,"pedestrian_accident_ratio":0.2308}},{"type":"Feature","geometry":{"type":"Point","coordinates":[121.54387,25.04333]},"properties":{"hotspot_id":"臺北市-51813","hotspot_type":"road_segment","county":"臺北市","township":"大安區","road_or_intersection":"復興南路1段","accident_count":8,"motorcycle_accident_count":8,"pedestrian_accident_count":1,"death_count":0,"injury_count":10,"fatal_accident_count":0,"risk_score":78.7,"risk_level":"high","confidence":"probable","motorcycle_accident_ratio":1.0,"pedestrian_accident_ratio":0.125}},{"type":"Feature","geometry":{"type":"Point","coordinates":[121.55927,25.01823]},"properties":{"hotspot_id":"臺北市-49147","hotspot_type":"intersection","county":"臺北市","township":"信義區","road_or_intersection":"和平東路3段","accident_count":14,"motorcycle_accident_count":12,"pedestrian_accident_count":2,"death_count":0,"injury_count":17,"fatal_accident_count":0,"risk_score":78.7,"risk_level":"high","confidence":"confirmed","motorcycle_accident_ratio":0.8571,"pedestrian_accident_ratio":0.1429}},{"type":"Feature","geometry":{"type":"Point","coordinates":[121.50666,25.04545]},"properties":{"hotspot_id":"臺北市-51741","hotspot_type":"road_segment","county":"臺北市","township":"萬華區","road_or_intersection":"西寧南路","accident_count":8,"motorcycle_accident_count":8,"pedestrian_accident_count":1,"death_count":0,"injury_count":10,"fatal_accident_count":0,"risk_score":78.7,"risk_level":"high","confidence":"probable","motorcycle_accident_ratio":1.0,"pedestrian_accident_ratio":0.125}},{"type":"Feature","geometry":{"type":"Point","coordinates":[121.55485,25.04018]},"properties":{"hotspot_id":"臺北市-50558","hotspot_type":"intersection","county":"臺北市","township":"大安區","road_or_intersection":"延吉街","accident_count":13,"motorcycle_accident_count":11,"pedestrian_accident_count":2,"death_count":0,"injury_count":18,"fatal_accident_count":0,"risk_score":78.7,"risk_level":"high","confidence":"confirmed","motorcycle_accident_ratio":0.8462,"pedestrian_accident_ratio":0.1538}},{"type":"Feature","geometry":{"type":"Point","coordinates":[121.52104,25.02682]},"properties":{"hotspot_id":"臺北市-48855","hotspot_type":"intersection","county":"臺北市","township":"中正區","road_or_intersection":"南昌路2段 x 和平西路1段","accident_count":8,"motorcycle_accident_count":8,"pedestrian_accident_count":1,"death_count":0,"injury_count":10,"fatal_accident_count":0,"risk_score":78.7,"risk_level":"high","confidence":"confirmed","motorcycle_accident_ratio":1.0,"pedestrian_accident_ratio":0.125}},{"type":"Feature","geometry":{"type":"Point","coordinates":[121.51043,25.08123]},"properties":{"hotspot_id":"臺北市-50067","hotspot_type":"intersection","county":"臺北市","township":"士林區","road_or_intersection":"延平北路5段 x 葫蘆街","accident_count":8,"motorcycle_accident_count":8,"pedestrian_accident_count":1,"death_count":0,"injury_count":10,"fatal_accident_count":0,"risk_score":78.7,"risk_level":"high","confidence":"confirmed","motorcycle_accident_ratio":1.0,"pedestrian_accident_ratio":0.125}},{"type":"Feature","geometry":{"type":"Point","coordinates":[121.52227,25.06465]},"properties":{"hotspot_id":"臺北市-51808","hotspot_type":"road_segment","county":"臺北市","township":"中山區","road_or_intersection":"中山北路3段","accident_count":8,"motorcycle_accident_count":8,"pedestrian_accident_count":1,"death_count":0,"injury_count":10,"fatal_accident_count":0,"risk_score":78.7,"risk_level":"high","confidence":"probable","motorcycle_accident_ratio":1.0,"pedestrian_accident_ratio":0.125}},{"type":"Feature","geometry":{"type":"Point","coordinates":[121.54454,25.03359]},"properties":{"hotspot_id":"臺北市-51661","hotspot_type":"intersection","county":"臺北市","township":"大安區","road_or_intersection":"信義路4段","accident_count":16,"motorcycle_accident_count":13,"pedestrian_accident_count":2,"death_count":0,"injury_count":18,"fatal_accident_count":0,"risk_score":78.6,"risk_level":"high","confidence":"probable","motorcycle_accident_ratio":0.8125,"pedestrian_accident_ratio":0.125}},{"type":"Feature","geometry":{"type":"Point","coordinates":[121.5901,25.0464]},"properties":{"hotspot_id":"臺北市-49877","hotspot_type":"intersection","county":"臺北市","township":"南港區","road_or_intersection":"東新街","accident_count":17,"motorcycle_accident_count":14,"pedestrian_accident_count":1,"death_count":0,"injury_count":19,"fatal_accident_count":0,"risk_score":78.6,"risk_level":"high","confidence":"confirmed","motorcycle_accident_ratio":0.8235,"pedestrian_accident_ratio":0.0588}},{"type":"Feature","geometry":{"type":"Point","coordinates":[121.51834,25.04849]},"properties":{"hotspot_id":"臺北市-51788","hotspot_type":"intersection","county":"臺北市","township":"文山區","road_or_intersection":"民大道1段","accident_count":17,"motorcycle_accident_count":12,"pedestrian_accident_count":1,"death_count":0,"injury_count":25,"fatal_accident_count":0,"risk_score":78.5,"risk_level":"high","confidence":"probable","motorcycle_accident_ratio":0.7059,"pedestrian_accident_ratio":0.0588}},{"type":"Feature","geometry":{"type":"Point","coordinates":[121.54923,25.02947]},"properties":{"hotspot_id":"臺北市-50597","hotspot_type":"intersection","county":"臺北市","township":"大安區","road_or_intersection":"敦化南路2段","accident_count":15,"motorcycle_accident_count":11,"pedestrian_accident_count":3,"death_count":0,"injury_count":20,"fatal_accident_count":0,"risk_score":78.5,"risk_level":"high","confidence":"confirmed","motorcycle_accident_ratio":0.7333,"pedestrian_accident_ratio":0.2}},{"type":"Feature","geometry":{"type":"Point","coordinates":[121.6129,25.06962]},"properties":{"hotspot_id":"臺北市-49347","hotspot_type":"intersection","county":"臺北市","township":"內湖區","road_or_intersection":"康寧路3段 x 東湖路","accident_count":12,"motorcycle_accident_count":11,"pedestrian_accident_count":2,"death_count":0,"injury_count":15,"fatal_accident_count":0,"risk_score":78.5,"risk_level":"high","confidence":"confirmed","motorcycle_accident_ratio":0.9167,"pedestrian_accident_ratio":0.1667}},{"type":"Feature","geometry":{"type":"Point","coordinates":[121.52025,25.11146]},"properties":{"hotspot_id":"臺北市-49681","hotspot_type":"intersection","county":"臺北市","township":"北投區","road_or_intersection":"明德路","accident_count":15,"motorcycle_accident_count":13,"pedestrian_accident_count":1,"death_count":0,"injury_count":17,"fatal_accident_count":0,"risk_score":78.5,"risk_level":"high","confidence":"confirmed","motorcycle_accident_ratio":0.8667,"pedestrian_accident_ratio":0.0667}},{"type":"Feature","geometry":{"type":"Point","coordinates":[121.52563,25.04919]},"properties":{"hotspot_id":"臺北市-48678","hotspot_type":"intersection","county":"臺北市","township":"中山區","road_or_intersection":"林森北路 x 長安東路1段","accident_count":17,"motorcycle_accident_count":12,"pedestrian_accident_count":4,"death_count":0,"injury_count":19,"fatal_accident_count":0,"risk_score":78.5,"risk_level":"high","confidence":"confirmed","motorcycle_accident_ratio":0.7059,"pedestrian_accident_ratio":0.2353}},{"type":"Feature","geometry":{"type":"Point","coordinates":[121.57614,25.04088]},"properties":{"hotspot_id":"臺北市-51878","hotspot_type":"intersection","county":"臺北市","township":"信義區","road_or_intersection":"忠孝東路5段","accident_count":14,"motorcycle_accident_count":11,"pedestrian_accident_count":2,"death_count":0,"injury_count":20,"fatal_accident_count":0,"risk_score":78.4,"risk_level":"high","confidence":"low_confidence","motorcycle_accident_ratio":0.7857,"pedestrian_accident_ratio":0.1429}},{"type":"Feature","geometry":{"type":"Point","coordinates":[121.55706,25.04634]},"properties":{"hotspot_id":"臺北市-50944","hotspot_type":"intersection","county":"臺北市","township":"松山區","road_or_intersection":"光復南路","accident_count":9,"motorcycle_accident_count":8,"pedestrian_accident_count":2,"death_count":1,"injury_count":9,"fatal_accident_count":1,"risk_score":78.3,"risk_level":"high","confidence":"confirmed","motorcycle_accident_ratio":0.8889,"pedestrian_accident_ratio":0.2222}},{"type":"Feature","geometry":{"type":"Point","coordinates":[121.51971,25.06299]},"properties":{"hotspot_id":"臺北市-51834","hotspot_type":"intersection","county":"臺北市","township":"中山區","road_or_intersection":"民權西路","accident_count":12,"motorcycle_accident_count":10,"pedestrian_accident_count":1,"death_count":0,"injury_count":21,"fatal_accident_count":0,"risk_score":78.3,"risk_level":"high","confidence":"probable","motorcycle_accident_ratio":0.8333,"pedestrian_accident_ratio":0.0833}},{"type":"Feature","geometry":{"type":"Point","coordinates":[121.53297,25.11315]},"properties":{"hotspot_id":"臺北市-50034","hotspot_type":"intersection","county":"臺北市","township":"士林區","road_or_intersection":"士東路","accident_count":15,"motorcycle_accident_count":12,"pedestrian_accident_count":3,"death_count":0,"injury_count":17,"fatal_accident_count":0,"risk_score":78.3,"risk_level":"high","confidence":"confirmed","motorcycle_accident_ratio":0.8,"pedestrian_accident_ratio":0.2}},{"type":"Feature","geometry":{"type":"Point","coordinates":[121.59416,25.05035]},"properties":{"hotspot_id":"臺北市-49859","hotspot_type":"intersection","county":"臺北市","township":"南港區","road_or_intersection":"忠孝東路6段 x 昆陽街","accident_count":11,"motorcycle_accident_count":10,"pedestrian_accident_count":1,"death_count":0,"injury_count":17,"fatal_accident_count":0,"risk_score":78.2,"risk_level":"high","confidence":"confirmed","motorcycle_accident_ratio":0.9091,"pedestrian_accident_ratio":0.0909}},{"type":"Feature","geometry":{"type":"Point","coordinates":[121.55755,25.00846]},"properties":{"hotspot_id":"臺北市-51348","hotspot_type":"road_segment","county":"臺北市","township":"文山區","road_or_intersection":"辛亥隧道","accident_count":12,"motorcycle_accident_count":11,"pedestrian_accident_count":1,"death_count":0,"injury_count":16,"fatal_accident_count":0,"risk_score":78.2,"risk_level":"high","confidence":"low_confidence","motorcycle_accident_ratio":0.9167,"pedestrian_accident_ratio":0.0833}},{"type":"Feature","geometry":{"type":"Point","coordinates":[121.4972,25.02543]},"properties":{"hotspot_id":"臺北市-51521","hotspot_type":"intersection","county":"臺北市","township":"萬華區","road_or_intersection":"東園街","accident_count":11,"motorcycle_accident_count":9,"pedestrian_accident_count":4,"death_count":0,"injury_count":18,"fatal_accident_count":0,"risk_score":78.2,"risk_level":"high","confidence":"low_confidence","motorcycle_accident_ratio":0.8182,"pedestrian_accident_ratio":0.3636}},{"type":"Feature","geometry":{"type":"Point","coordinates":[121.54435,25.05149]},"properties":{"hotspot_id":"臺北市-51830","hotspot_type":"intersection","county":"臺北市","township":"松山區","road_or_intersection":"南京東路3段","accident_count":12,"motorcycle_accident_count":11,"pedestrian_accident_count":1,"death_count":0,"injury_count":16,"fatal_accident_count":0,"risk_score":78.2,"risk_level":"high","confidence":"probable","motorcycle_accident_ratio":0.9167,"pedestrian_accident_ratio":0.0833}},{"type":"Feature","geometry":{"type":"Point","coordinates":[121.56339,25.06285]},"properties":{"hotspot_id":"臺北市-51623","hotspot_type":"road_segment","county":"臺北市","township":"松山區","road_or_intersection":"民權東路5段","accident_count":12,"motorcycle_accident_count":11,"pedestrian_accident_count":1,"death_count":0,"injury_count":16,"fatal_accident_count":0,"risk_score":78.2,"risk_level":"high","confidence":"probable","motorcycle_accident_ratio":0.9167,"pedestrian_accident_ratio":0.0833}},{"type":"Feature","geometry":{"type":"Point","coordinates":[121.56116,25.07118]},"properties":{"hotspot_id":"臺北市-51330","hotspot_type":"intersection","county":"臺北市","township":"松山區","road_or_intersection":"國道","accident_count":21,"motorcycle_accident_count":4,"pedestrian_accident_count":1,"death_count":1,"injury_count":31,"fatal_accident_count":1,"risk_score":78.1,"risk_level":"high","confidence":"low_confidence","motorcycle_accident_ratio":0.1905,"pedestrian_accident_ratio":0.0476}},{"type":"Feature","geometry":{"type":"Point","coordinates":[121.54183,25.02516]},"properties":{"hotspot_id":"臺北市-50486","hotspot_type":"intersection","county":"臺北市","township":"大安區","road_or_intersection":"和平東路2段","accident_count":18,"motorcycle_accident_count":13,"pedestrian_accident_count":1,"death_count":0,"injury_count":21,"fatal_accident_count":0,"risk_score":78.0,"risk_level":"high","confidence":"confirmed","motorcycle_accident_ratio":0.7222,"pedestrian_accident_ratio":0.0556}},{"type":"Feature","geometry":{"type":"Point","coordinates":[121.53304,25.05469]},"properties":{"hotspot_id":"臺北市-48659","hotspot_type":"intersection","county":"臺北市","township":"中山區","road_or_intersection":"松江路","accident_count":18,"motorcycle_accident_count":10,"pedestrian_accident_count":4,"death_count":0,"injury_count":19,"fatal_accident_count":0,"risk_score":77.9,"risk_level":"high","confidence":"confirmed","motorcycle_accident_ratio":0.5556,"pedestrian_accident_ratio":0.2222}},{"type":"Feature","geometry":{"type":"Point","coordinates":[121.55874,25.04777]},"properties":{"hotspot_id":"臺北市-50946","hotspot_type":"intersection","county":"臺北市","township":"松山區","road_or_intersection":"光復南路 x 八德路4段","accident_count":6,"motorcycle_accident_count":6,"pedestrian_accident_count":1,"death_count":0,"injury_count":11,"fatal_accident_count":0,"risk_score":77.9,"risk_level":"high","confidence":"confirmed","motorcycle_accident_ratio":1.0,"pedestrian_accident_ratio":0.1667}},{"type":"Feature","geometry":{"type":"Point","coordinates":[121.50055,25.03849]},"properties":{"hotspot_id":"臺北市-51225","hotspot_type":"intersection","county":"臺北市","township":"萬華區","road_or_intersection":"桂林路 x 西昌街","accident_count":6,"motorcycle_accident_count":6,"pedestrian_accident_count":1,"death_count":0,"injury_count":11,"fatal_accident_count":0,"risk_score":77.9,"risk_level":"high","confidence":"confirmed","motorcycle_accident_ratio":1.0,"pedestrian_accident_ratio":0.1667}},{"type":"Feature","geometry":{"type":"Point","coordinates":[121.52754,25.03333]},"properties":{"hotspot_id":"臺北市-50440","hotspot_type":"intersection","county":"臺北市","township":"大安區","road_or_intersection":"信義路2段 x 金山南路2段","accident_count":6,"motorcycle_accident_count":6,"pedestrian_accident_count":1,"death_count":0,"injury_count":11,"fatal_accident_count":0,"risk_score":77.9,"risk_level":"high","confidence":"confirmed","motorcycle_accident_ratio":1.0,"pedestrian_accident_ratio":0.1667}},{"type":"Feature","geometry":{"type":"Point","coordinates":[121.50451,25.02001]},"properties":{"hotspot_id":"臺北市-51526","hotspot_type":"road_segment","county":"臺北市","township":"萬華區","road_or_intersection":"水源路","accident_count":15,"motorcycle_accident_count":8,"pedestrian_accident_count":3,"death_count":0,"injury_count":21,"fatal_accident_count":0,"risk_score":77.8,"risk_level":"high","confidence":"probable","motorcycle_accident_ratio":0.5333,"pedestrian_accident_ratio":0.2}},{"type":"Feature","geometry":{"type":"Point","coordinates":[121.58596,25.04602]},"properties":{"hotspot_id":"臺北市-51666","hotspot_type":"road_segment","county":"臺北市","township":"南港區","road_or_intersection":"同德路","accident_count":15,"motorcycle_accident_count":11,"pedestrian_accident_count":5,"death_count":0,"injury_count":17,"fatal_accident_count":0,"risk_score":77.8,"risk_level":"high","confidence":"low_confidence","motorcycle_accident_ratio":0.7333,"pedestrian_accident_ratio":0.3333}},{"type":"Feature","geometry":{"type":"Point","coordinates":[121.55376,24.99939]},"properties":{"hotspot_id":"臺北市-50905","hotspot_type":"intersection","county":"臺北市","township":"文山區","road_or_intersection":"辛亥路5段","accident_count":12,"motorcycle_accident_count":11,"pedestrian_accident_count":1,"death_count":0,"injury_count":15,"fatal_accident_count":0,"risk_score":77.7,"risk_level":"high","confidence":"confirmed","motorcycle_accident_ratio":0.9167,"pedestrian_accident_ratio":0.0833}},{"type":"Feature","geometry":{"type":"Point","coordinates":[121.51139,25.05931]},"properties":{"hotspot_id":"臺北市-50292","hotspot_type":"intersection","county":"臺北市","township":"大同區","road_or_intersection":"延平北路2段","accident_count":12,"motorcycle_accident_count":11,"pedestrian_accident_count":1,"death_count":0,"injury_count":15,"fatal_accident_count":0,"risk_score":77.7,"risk_level":"high","confidence":"confirmed","motorcycle_accident_ratio":0.9167,"pedestrian_accident_ratio":0.0833}},{"type":"Feature","geometry":{"type":"Point","coordinates":[121.56661,25.02681]},"properties":{"hotspot_id":"臺北市-51653","hotspot_type":"intersection","county":"臺北市","township":"信義區","road_or_intersection":"莊敬路","accident_count":12,"motorcycle_accident_count":11,"pedestrian_accident_count":1,"death_count":0,"injury_count":15,"fatal_accident_count":0,"risk_score":77.7,"risk_level":"high","confidence":"probable","motorcycle_accident_ratio":0.9167,"pedestrian_accident_ratio":0.0833}},{"type":"Feature","geometry":{"type":"Point","coordinates":[121.52615,25.05514]},"properties":{"hotspot_id":"臺北市-48636","hotspot_type":"intersection","county":"臺北市","township":"中山區","road_or_intersection":"新生北路2段 x 林森北路","accident_count":12,"motorcycle_accident_count":11,"pedestrian_accident_count":1,"death_count":0,"injury_count":15,"fatal_accident_count":0,"risk_score":77.7,"risk_level":"high","confidence":"confirmed","motorcycle_accident_ratio":0.9167,"pedestrian_accident_ratio":0.0833}},{"type":"Feature","geometry":{"type":"Point","coordinates":[121.49572,25.01696]},"properties":{"hotspot_id":"臺北市-51543","hotspot_type":"intersection","county":"臺北市","township":"萬華區","road_or_intersection":"華中橋前0.0公尺","accident_count":8,"motorcycle_accident_count":7,"pedestrian_accident_count":2,"death_count":1,"injury_count":10,"fatal_accident_count":1,"risk_score":77.6,"risk_level":"high","confidence":"probable","motorcycle_accident_ratio":0.875,"pedestrian_accident_ratio":0.25}},{"type":"Feature","geometry":{"type":"Point","coordinates":[121.55922,24.9835]},"properties":{"hotspot_id":"臺北市-50724","hotspot_type":"intersection","county":"臺北市","township":"文山區","road_or_intersection":"忠順街1段","accident_count":14,"motorcycle_accident_count":12,"pedestrian_accident_count":1,"death_count":0,"injury_count":16,"fatal_accident_count":0,"risk_score":77.6,"risk_level":"high","confidence":"confirmed","motorcycle_accident_ratio":0.8571,"pedestrian_accident_ratio":0.0714}},{"type":"Feature","geometry":{"type":"Point","coordinates":[121.54064,25.03456]},"properties":{"hotspot_id":"臺北市-50443","hotspot_type":"intersection","county":"臺北市","township":"大安區","road_or_intersection":"信義路3段","accident_count":16,"motorcycle_accident_count":13,"pedestrian_accident_count":1,"death_count":0,"injury_count":17,"fatal_accident_count":0,"risk_score":77.6,"risk_level":"high","confidence":"confirmed","motorcycle_accident_ratio":0.8125,"pedestrian_accident_ratio":0.0625}},{"type":"Feature","geometry":{"type":"Point","coordinates":[121.54396,25.05386]},"properties":{"hotspot_id":"臺北市-51831","hotspot_type":"intersection","county":"臺北市","township":"中山區","road_or_intersection":"復興北路","accident_count":15,"motorcycle_accident_count":12,"pedestrian_accident_count":1,"death_count":0,"injury_count":18,"fatal_accident_count":0,"risk_score":77.6,"risk_level":"high","confidence":"probable","motorcycle_accident_ratio":0.8,"pedestrian_accident_ratio":0.0667}},{"type":"Feature","geometry":{"type":"Point","coordinates":[121.55009,25.06136]},"properties":{"hotspot_id":"臺北市-51037","hotspot_type":"intersection","county":"臺北市","township":"松山區","road_or_intersection":"敦化北路 x 民權東路3段","accident_count":12,"motorcycle_accident_count":10,"pedestrian_accident_count":1,"death_count":0,"injury_count":18,"fatal_accident_count":0,"risk_score":77.5,"risk_level":"high","confidence":"confirmed","motorcycle_accident_ratio":0.8333,"pedestrian_accident_ratio":0.0833}},{"type":"Feature","geometry":{"type":"Point","coordinates":[121.51029,25.0479]},"properties":{"hotspot_id":"臺北市-48778","hotspot_type":"intersection","county":"臺北市","township":"中正區","road_or_intersection":"中華路1段 x 忠孝西路1段","accident_count":12,"motorcycle_accident_count":10,"pedestrian_accident_count":1,"death_count":0,"injury_count":18,"fatal_accident_count":0,"risk_score":77.5,"risk_level":"high","confidence":"confirmed","motorcycle_accident_ratio":0.8333,"pedestrian_accident_ratio":0.0833}},{"type":"Feature","geometry":{"type":"Point","coordinates":[121.59596,25.00132]},"properties":{"hotspot_id":"臺北市-51326","hotspot_type":"intersection","county":"臺北市","township":"文山區","road_or_intersection":"新光路2段","accident_count":18,"motorcycle_accident_count":10,"pedestrian_accident_count":1,"death_count":0,"injury_count":23,"fatal_accident_count":0,"risk_score":77.5,"risk_level":"high","confidence":"probable","motorcycle_accident_ratio":0.5556,"pedestrian_accident_ratio":0.0556}},{"type":"Feature","geometry":{"type":"Point","coordinates":[121.52281,25.05223]},"properties":{"hotspot_id":"臺北市-48425","hotspot_type":"intersection","county":"臺北市","township":"中山區","road_or_intersection":"中山北路1段 x 南京東路1段","accident_count":10,"motorcycle_accident_count":8,"pedestrian_accident_count":1,"death_count":1,"injury_count":14,"fatal_accident_count":1,"risk_score":77.5,"risk_level":"high","confidence":"confirmed","motorcycle_accident_ratio":0.8,"pedestrian_accident_ratio":0.1}},{"type":"Feature","geometry":{"type":"Point","coordinates":[121.61722,25.06887]},"properties":{"hotspot_id":"臺北市-49352","hotspot_type":"intersection","county":"臺北市","township":"內湖區","road_or_intersection":"康樂街 x 東湖路","accident_count":7,"motorcycle_accident_count":7,"pedestrian_accident_count":3,"death_count":0,"injury_count":9,"fatal_accident_count":0,"risk_score":77.4,"risk_level":"high","confidence":"confirmed","motorcycle_accident_ratio":1.0,"pedestrian_accident_ratio":0.4286}},{"type":"Feature","geometry":{"type":"Point","coordinates":[121.51975,25.08948]},"properties":{"hotspot_id":"臺北市-50041","hotspot_type":"intersection","county":"臺北市","township":"士林區","road_or_intersection":"大南路","accident_count":5,"motorcycle_accident_count":5,"pedestrian_accident_count":1,"death_count":0,"injury_count":12,"fatal_accident_count":0,"risk_score":77.4,"risk_level":"high","confidence":"confirmed","motorcycle_accident_ratio":1.0,"pedestrian_accident_ratio":0.2}},{"type":"Feature","geometry":{"type":"Point","coordinates":[121.56733,25.03295]},"properties":{"hotspot_id":"臺北市-51811","hotspot_type":"intersection","county":"臺北市","township":"信義區","road_or_intersection":"信義路5段","accident_count":16,"motorcycle_accident_count":12,"pedestrian_accident_count":1,"death_count":0,"injury_count":19,"fatal_accident_count":0,"risk_score":77.4,"risk_level":"high","confidence":"probable","motorcycle_accident_ratio":0.75,"pedestrian_accident_ratio":0.0625}},{"type":"Feature","geometry":{"type":"Point","coordinates":[121.53067,25.10925]},"properties":{"hotspot_id":"臺北市-50093","hotspot_type":"intersection","county":"臺北市","township":"士林區","road_or_intersection":"德行東路 x 忠誠路2段","accident_count":11,"motorcycle_accident_count":10,"pedestrian_accident_count":2,"death_count":0,"injury_count":14,"fatal_accident_count":0,"risk_score":77.4,"risk_level":"high","confidence":"confirmed","motorcycle_accident_ratio":0.9091,"pedestrian_accident_ratio":0.1818}},{"type":"Feature","geometry":{"type":"Point","coordinates":[121.52896,25.06266]},"properties":{"hotspot_id":"臺北市-51817","hotspot_type":"road_segment","county":"臺北市","township":"中山區","road_or_intersection":"民權東路2段","accident_count":10,"motorcycle_accident_count":9,"pedestrian_accident_count":2,"death_count":0,"injury_count":15,"fatal_accident_count":0,"risk_score":77.4,"risk_level":"high","confidence":"probable","motorcycle_accident_ratio":0.9,"pedestrian_accident_ratio":0.2}},{"type":"Feature","geometry":{"type":"Point","coordinates":[121.53748,25.05791]},"properties":{"hotspot_id":"臺北市-51769","hotspot_type":"intersection","county":"臺北市","township":"中山區","road_or_intersection":"建國北路2段","accident_count":15,"motorcycle_accident_count":9,"pedestrian_accident_count":4,"death_count":0,"injury_count":18,"fatal_accident_count":0,"risk_score":77.3,"risk_level":"high","confidence":"probable","motorcycle_accident_ratio":0.6,"pedestrian_accident_ratio":0.2667}},{"type":"Feature","geometry":{"type":"Point","coordinates":[121.49968,25.13514]},"properties":{"hotspot_id":"臺北市-51428","hotspot_type":"road_segment","county":"臺北市","township":"北投區","road_or_intersection":"育仁路","accident_count":6,"motorcycle_accident_count":6,"pedestrian_accident_count":2,"death_count":0,"injury_count":10,"fatal_accident_count":0,"risk_score":77.3,"risk_level":"high","confidence":"probable","motorcycle_accident_ratio":1.0,"pedestrian_accident_ratio":0.3333}},{"type":"Feature","geometry":{"type":"Point","coordinates":[121.49167,25.02907]},"properties":{"hotspot_id":"臺北市-51275","hotspot_type":"intersection","county":"臺北市","township":"萬華區","road_or_intersection":"艋舺大道 x 西藏路","accident_count":12,"motorcycle_accident_count":10,"pedestrian_accident_count":3,"death_count":0,"injury_count":15,"fatal_accident_count":0,"risk_score":77.2,"risk_level":"high","confidence":"confirmed","motorcycle_accident_ratio":0.8333,"pedestrian_accident_ratio":0.25}},{"type":"Feature","geometry":{"type":"Point","coordinates":[121.49655,25.03227]},"properties":{"hotspot_id":"臺北市-51274","hotspot_type":"intersection","county":"臺北市","township":"萬華區","road_or_intersection":"艋舺大道 x 西園路2段","accident_count":11,"motorcycle_accident_count":10,"pedestrian_accident_count":1,"death_count":0,"injury_count":15,"fatal_accident_count":0,"risk_score":77.2,"risk_level":"high","confidence":"confirmed","motorcycle_accident_ratio":0.9091,"pedestrian_accident_ratio":0.0909}},{"type":"Feature","geometry":{"type":"Point","coordinates":[121.61645,25.06869]},"properties":{"hotspot_id":"臺北市-51498","hotspot_type":"intersection","county":"臺北市","township":"內湖區","road_or_intersection":"東湖路","accident_count":12,"motorcycle_accident_count":10,"pedestrian_accident_count":3,"death_count":0,"injury_count":15,"fatal_accident_count":0,"risk_score":77.2,"risk_level":"high","confidence":"probable","motorcycle_accident_ratio":0.8333,"pedestrian_accident_ratio":0.25}},{"type":"Feature","geometry":{"type":"Point","coordinates":[121.50266,25.12142]},"properties":{"hotspot_id":"臺北市-49540","hotspot_type":"intersection","county":"臺北市","township":"北投區","road_or_intersection":"公館路 x 北投路1段","accident_count":15,"motorcycle_accident_count":12,"pedestrian_accident_count":1,"death_count":0,"injury_count":17,"fatal_accident_count":0,"risk_score":77.2,"risk_level":"high","confidence":"confirmed","motorcycle_accident_ratio":0.8,"pedestrian_accident_ratio":0.0667}},{"type":"Feature","geometry":{"type":"Point","coordinates":[121.525,25.10404]},"properties":{"hotspot_id":"臺北市-49953","hotspot_type":"intersection","county":"臺北市","township":"士林區","road_or_intersection":"中山北路6段 x 忠誠路1段","accident_count":15,"motorcycle_accident_count":12,"pedestrian_accident_count":1,"death_count":0,"injury_count":17,"fatal_accident_count":0,"risk_score":77.2,"risk_level":"high","confidence":"confirmed","motorcycle_accident_ratio":0.8,"pedestrian_accident_ratio":0.0667}},{"type":"Feature","geometry":{"type":"Point","coordinates":[121.49854,25.0385]},"properties":{"hotspot_id":"臺北市-51223","hotspot_type":"intersection","county":"臺北市","township":"萬華區","road_or_intersection":"桂林路 x 華西街","accident_count":7,"motorcycle_accident_count":7,"pedestrian_accident_count":2,"death_count":0,"injury_count":9,"fatal_accident_count":0,"risk_score":77.2,"risk_level":"high","confidence":"confirmed","motorcycle_accident_ratio":1.0,"pedestrian_accident_ratio":0.2857}},{"type":"Feature","geometry":{"type":"Point","coordinates":[121.57861,25.06667]},"properties":{"hotspot_id":"臺北市-49416","hotspot_type":"intersection","county":"臺北市","township":"內湖區","road_or_intersection":"民權東路6段 x 行愛路","accident_count":11,"motorcycle_accident_count":10,"pedestrian_accident_count":1,"death_count":0,"injury_count":15,"fatal_accident_count":0,"risk_score":77.2,"risk_level":"high","confidence":"confirmed","motorcycle_accident_ratio":0.9091,"pedestrian_accident_ratio":0.0909}},{"type":"Feature","geometry":{"type":"Point","coordinates":[121.51009,25.04839]},"properties":{"hotspot_id":"臺北市-50256","hotspot_type":"intersection","county":"臺北市","township":"大同區","road_or_intersection":"塔城街 x 忠孝西路2段","accident_count":10,"motorcycle_accident_count":9,"pedestrian_accident_count":1,"death_count":0,"injury_count":16,"fatal_accident_count":0,"risk_score":77.1,"risk_level":"high","confidence":"confirmed","motorcycle_accident_ratio":0.9,"pedestrian_accident_ratio":0.1}},{"type":"Feature","geometry":{"type":"Point","coordinates":[121.5708,24.99161]},"properties":{"hotspot_id":"臺北市-51405","hotspot_type":"intersection","county":"臺北市","township":"文山區","road_or_intersection":"秀明路1段","accident_count":13,"motorcycle_accident_count":11,"pedestrian_accident_count":1,"death_count":0,"injury_count":16,"fatal_accident_count":0,"risk_score":77.1,"risk_level":"high","confidence":"probable","motorcycle_accident_ratio":0.8462,"pedestrian_accident_ratio":0.0769}},{"type":"Feature","geometry":{"type":"Point","coordinates":[121.51108,25.05165]},"properties":{"hotspot_id":"臺北市-51751","hotspot_type":"intersection","county":"臺北市","township":"大同區","road_or_intersection":"塔城街","accident_count":12,"motorcycle_accident_count":11,"pedestrian_accident_count":1,"death_count":0,"injury_count":14,"fatal_accident_count":0,"risk_score":77.1,"risk_level":"high","confidence":"probable","motorcycle_accident_ratio":0.9167,"pedestrian_accident_ratio":0.0833}},{"type":"Feature","geometry":{"type":"Point","coordinates":[121.50244,25.03894]},"properties":{"hotspot_id":"臺北市-51169","hotspot_type":"intersection","county":"臺北市","township":"萬華區","road_or_intersection":"康定路","accident_count":10,"motorcycle_accident_count":9,"pedestrian_accident_count":3,"death_count":0,"injury_count":14,"fatal_accident_count":0,"risk_score":77.1,"risk_level":"high","confidence":"confirmed","motorcycle_accident_ratio":0.9,"pedestrian_accident_ratio":0.3}},{"type":"Feature","geometry":{"type":"Point","coordinates":[121.52847,25.0243]},"properties":{"hotspot_id":"臺北市-51579","hotspot_type":"road_segment","county":"臺北市","township":"大安區","road_or_intersection":"師大路","accident_count":14,"motorcycle_accident_count":10,"pedestrian_accident_count":5,"death_count":0,"injury_count":16,"fatal_accident_count":0,"risk_score":77.1,"risk_level":"high","confidence":"probable","motorcycle_accident_ratio":0.7143,"pedestrian_accident_ratio":0.3571}},{"type":"Feature","geometry":{"type":"Point","coordinates":[121.51337,25.06288]},"properties":{"hotspot_id":"臺北市-51733","hotspot_type":"road_segment","county":"臺北市","township":"大同區","road_or_intersection":"民權西路","accident_count":10,"motorcycle_accident_count":9,"pedestrian_accident_count":1,"death_count":0,"injury_count":16,"fatal_accident_count":0,"risk_score":77.1,"risk_level":"high","confidence":"probable","motorcycle_accident_ratio":0.9,"pedestrian_accident_ratio":0.1}},{"type":"Feature","geometry":{"type":"Point","coordinates":[121.54617,25.03908]},"properties":{"hotspot_id":"臺北市-50532","hotspot_type":"intersection","county":"臺北市","township":"大安區","road_or_intersection":"大安路1段","accident_count":14,"motorcycle_accident_count":11,"pedestrian_accident_count":1,"death_count":0,"injury_count":18,"fatal_accident_count":0,"risk_score":77.1,"risk_level":"high","confidence":"confirmed","motorcycle_accident_ratio":0.7857,"pedestrian_accident_ratio":0.0714}},{"type":"Feature","geometry":{"type":"Point","coordinates":[121.54468,24.99583]},"properties":{"hotspot_id":"臺北市-50789","hotspot_type":"intersection","county":"臺北市","township":"文山區","road_or_intersection":"景興路","accident_count":13,"motorcycle_accident_count":10,"pedestrian_accident_count":3,"death_count":0,"injury_count":16,"fatal_accident_count":0,"risk_score":77.0,"risk_level":"high","confidence":"confirmed","motorcycle_accident_ratio":0.7692,"pedestrian_accident_ratio":0.2308}},{"type":"Feature","geometry":{"type":"Point","coordinates":[121.53785,25.02966]},"properties":{"hotspot_id":"臺北市-51571","hotspot_type":"road_segment","county":"臺北市","township":"大安區","road_or_intersection":"建國南路2段","accident_count":14,"motorcycle_accident_count":9,"pedestrian_accident_count":2,"death_count":0,"injury_count":19,"fatal_accident_count":0,"risk_score":76.9,"risk_level":"high","confidence":"probable","motorcycle_accident_ratio":0.6429,"pedestrian_accident_ratio":0.1429}},{"type":"Feature","geometry":{"type":"Point","coordinates":[121.53735,25.03984]},"properties":{"hotspot_id":"臺北市-50562","hotspot_type":"intersection","county":"臺北市","township":"大安區","road_or_intersection":"建國南路1段","accident_count":13,"motorcycle_accident_count":9,"pedestrian_accident_count":3,"death_count":0,"injury_count":17,"fatal_accident_count":0,"risk_score":76.9,"risk_level":"high","confidence":"confirmed","motorcycle_accident_ratio":0.6923,"pedestrian_accident_ratio":0.2308}},{"type":"Feature","geometry":{"type":"Point","coordinates":[121.59938,25.08432]},"properties":{"hotspot_id":"臺北市-51375","hotspot_type":"intersection","county":"臺北市","township":"內湖區","road_or_intersection":"成功路4段","accident_count":16,"motorcycle_accident_count":11,"pedestrian_accident_count":2,"death_count":0,"injury_count":17,"fatal_accident_count":0,"risk_score":76.9,"risk_level":"high","confidence":"probable","motorcycle_accident_ratio":0.6875,"pedestrian_accident_ratio":0.125}},{"type":"Feature","geometry":{"type":"Point","coordinates":[121.49725,25.01923]},"properties":{"hotspot_id":"臺北市-51540","hotspot_type":"road_segment","county":"臺北市","township":"萬華區","road_or_intersection":"萬大路","accident_count":12,"motorcycle_accident_count":10,"pedestrian_accident_count":2,"death_count":0,"injury_count":15,"fatal_accident_count":0,"risk_score":76.8,"risk_level":"high","confidence":"probable","motorcycle_accident_ratio":0.8333,"pedestrian_accident_ratio":0.1667}},{"type":"Feature","geometry":{"type":"Point","coordinates":[121.52294,25.0588]},"properties":{"hotspot_id":"臺北市-51802","hotspot_type":"road_segment","county":"臺北市","township":"中山區","road_or_intersection":"中山北路2段","accident_count":15,"motorcycle_accident_count":11,"pedestrian_accident_count":1,"death_count":0,"injury_count":18,"fatal_accident_count":0,"risk_score":76.7,"risk_level":"high","confidence":"probable","motorcycle_accident_ratio":0.7333,"pedestrian_accident_ratio":0.0667}},{"type":"Feature","geometry":{"type":"Point","coordinates":[121.51609,25.0679]},"properties":{"hotspot_id":"臺北市-50259","hotspot_type":"intersection","county":"臺北市","township":"大同區","road_or_intersection":"大龍街","accident_count":10,"motorcycle_accident_count":9,"pedestrian_accident_count":2,"death_count":0,"injury_count":14,"fatal_accident_count":0,"risk_score":76.7,"risk_level":"high","confidence":"confirmed","motorcycle_accident_ratio":0.9,"pedestrian_accident_ratio":0.2}},{"type":"Feature","geometry":{"type":"Point","coordinates":[121.58382,25.04491]},"properties":{"hotspot_id":"臺北市-49887","hotspot_type":"intersection","county":"臺北市","township":"南港區","road_or_intersection":"玉成街","accident_count":11,"motorcycle_accident_count":9,"pedestrian_accident_count":2,"death_count":0,"injury_count":16,"fatal_accident_count":0,"risk_score":76.7,"risk_level":"high","confidence":"confirmed","motorcycle_accident_ratio":0.8182,"pedestrian_accident_ratio":0.1818}},{"type":"Feature","geometry":{"type":"Point","coordinates":[121.5774,25.08019]},"properties":{"hotspot_id":"臺北市-49276","hotspot_type":"intersection","county":"臺北市","township":"內湖區","road_or_intersection":"內湖路1段 x 港墘路","accident_count":10,"motorcycle_accident_count":9,"pedestrian_accident_count":2,"death_count":0,"injury_count":14,"fatal_accident_count":0,"risk_score":76.7,"risk_level":"high","confidence":"confirmed","motorcycle_accident_ratio":0.9,"pedestrian_accident_ratio":0.2}},{"type":"Feature","geometry":{"type":"Point","coordinates":[121.5377,25.02566]},"properties":{"hotspot_id":"臺北市-50487","hotspot_type":"intersection","county":"臺北市","township":"大安區","road_or_intersection":"和平東路2段 x 建國南路2段","accident_count":14,"motorcycle_accident_count":11,"pedestrian_accident_count":1,"death_count":0,"injury_count":17,"fatal_accident_count":0,"risk_score":76.7,"risk_level":"high","confidence":"confirmed","motorcycle_accident_ratio":0.7857,"pedestrian_accident_ratio":0.0714}},{"type":"Feature","geometry":{"type":"Point","coordinates":[121.54121,24.99168]},"properties":{"hotspot_id":"臺北市-50776","hotspot_type":"intersection","county":"臺北市","township":"文山區","road_or_intersection":"景文街 x 羅斯福路6段","accident_count":11,"motorcycle_accident_count":9,"pedestrian_accident_count":2,"death_count":0,"injury_count":16,"fatal_accident_count":0,"risk_score":76.7,"risk_level":"high","confidence":"confirmed","motorcycle_accident_ratio":0.8182,"pedestrian_accident_ratio":0.1818}},{"type":"Feature","geometry":{"type":"Point","coordinates":[121.51816,25.03297]},"properties":{"hotspot_id":"臺北市-48999","hotspot_type":"intersection","county":"臺北市","township":"中正區","road_or_intersection":"林森南路 x 羅斯福路1段","accident_count":11,"motorcycle_accident_count":10,"pedestrian_accident_count":2,"death_count":0,"injury_count":13,"fatal_accident_count":0,"risk_score":76.6,"risk_level":"high","confidence":"confirmed","motorcycle_accident_ratio":0.9091,"pedestrian_accident_ratio":0.1818}},{"type":"Feature","geometry":{"type":"Point","coordinates":[121.49898,25.13243]},"properties":{"hotspot_id":"臺北市-51415","hotspot_type":"intersection","county":"臺北市","township":"北投區","road_or_intersection":"光明路","accident_count":11,"motorcycle_accident_count":10,"pedestrian_accident_count":1,"death_count":0,"injury_count":14,"fatal_accident_count":0,"risk_score":76.6,"risk_level":"high","confidence":"probable","motorcycle_accident_ratio":0.9091,"pedestrian_accident_ratio":0.0909}},{"type":"Feature","geometry":{"type":"Point","coordinates":[121.50028,25.02407]},"properties":{"hotspot_id":"臺北市-51517","hotspot_type":"intersection","county":"臺北市","township":"萬華區","road_or_intersection":"萬大路","accident_count":11,"motorcycle_accident_count":10,"pedestrian_accident_count":1,"death_count":0,"injury_count":14,"fatal_accident_count":0,"risk_score":76.6,"risk_level":"high","confidence":"probable","motorcycle_accident_ratio":0.9091,"pedestrian_accident_ratio":0.0909}},{"type":"Feature","geometry":{"type":"Point","coordinates":[121.54977,24.98743]},"properties":{"hotspot_id":"臺北市-50822","hotspot_type":"intersection","county":"臺北市","township":"文山區","road_or_intersection":"木柵路1段 x 試院路","accident_count":11,"motorcycle_accident_count":10,"pedestrian_accident_count":1,"death_count":0,"injury_count":14,"fatal_accident_count":0,"risk_score":76.6,"risk_level":"high","confidence":"confirmed","motorcycle_accident_ratio":0.9091,"pedestrian_accident_ratio":0.0909}},{"type":"Feature","geometry":{"type":"Point","coordinates":[121.55578,25.02108]},"properties":{"hotspot_id":"臺北市-51770","hotspot_type":"intersection","county":"臺北市","township":"大安區","road_or_intersection":"安居街","accident_count":8,"motorcycle_accident_count":8,"pedestrian_accident_count":2,"death_count":0,"injury_count":8,"fatal_accident_count":0,"risk_score":76.6,"risk_level":"high","confidence":"probable","motorcycle_accident_ratio":1.0,"pedestrian_accident_ratio":0.25}},{"type":"Feature","geometry":{"type":"Point","coordinates":[121.49421,25.02784]},"properties":{"hotspot_id":"臺北市-51520","hotspot_type":"road_segment","county":"臺北市","township":"萬華區","road_or_intersection":"西園路2段","accident_count":12,"motorcycle_accident_count":10,"pedestrian_accident_count":1,"death_count":0,"injury_count":16,"fatal_accident_count":0,"risk_score":76.6,"risk_level":"high","confidence":"low_confidence","motorcycle_accident_ratio":0.8333,"pedestrian_accident_ratio":0.0833}},{"type":"Feature","geometry":{"type":"Point","coordinates":[121.60133,25.07565]},"properties":{"hotspot_id":"臺北市-49464","hotspot_type":"intersection","county":"臺北市","township":"內湖區","road_or_intersection":"金湖路","accident_count":11,"motorcycle_accident_count":10,"pedestrian_accident_count":1,"death_count":0,"injury_count":14,"fatal_accident_count":0,"risk_score":76.6,"risk_level":"high","confidence":"confirmed","motorcycle_accident_ratio":0.9091,"pedestrian_accident_ratio":0.0909}},{"type":"Feature","geometry":{"type":"Point","coordinates":[121.52722,25.04836]},"properties":{"hotspot_id":"臺北市-48722","hotspot_type":"intersection","county":"臺北市","township":"中山區","road_or_intersection":"長安東路1段","accident_count":11,"motorcycle_accident_count":10,"pedestrian_accident_count":2,"death_count":0,"injury_count":13,"fatal_accident_count":0,"risk_score":76.6,"risk_level":"high","confidence":"confirmed","motorcycle_accident_ratio":0.9091,"pedestrian_accident_ratio":0.1818}},{"type":"Feature","geometry":{"type":"Point","coordinates":[121.61655,25.05908]},"properties":{"hotspot_id":"臺北市-49898","hotspot_type":"intersection","county":"臺北市","township":"南港區","road_or_intersection":"經貿二路","accident_count":12,"motorcycle_accident_count":7,"pedestrian_accident_count":5,"death_count":0,"injury_count":18,"fatal_accident_count":0,"risk_score":76.6,"risk_level":"high","confidence":"confirmed","motorcycle_accident_ratio":0.5833,"pedestrian_accident_ratio":0.4167}},{"type":"Feature","geometry":{"type":"Point","coordinates":[121.52083,25.04136]},"properties":{"hotspot_id":"臺北市-51650","hotspot_type":"road_segment","county":"臺北市","township":"中正區","road_or_intersection":"徐州路","accident_count":11,"motorcycle_accident_count":10,"pedestrian_accident_count":2,"death_count":0,"injury_count":13,"fatal_accident_count":0,"risk_score":76.6,"risk_level":"high","confidence":"probable","motorcycle_accident_ratio":0.9091,"pedestrian_accident_ratio":0.1818}},{"type":"Feature","geometry":{"type":"Point","coordinates":[121.52943,25.0462]},"properties":{"hotspot_id":"臺北市-49092","hotspot_type":"intersection","county":"臺北市","township":"中正區市","road_or_intersection":"民大道2段 x 金山北路","accident_count":11,"motorcycle_accident_count":10,"pedestrian_accident_count":1,"death_count":0,"injury_count":14,"fatal_accident_count":0,"risk_score":76.6,"risk_level":"high","confidence":"confirmed","motorcycle_accident_ratio":0.9091,"pedestrian_accident_ratio":0.0909}},{"type":"Feature","geometry":{"type":"Point","coordinates":[121.55836,25.04142]},"properties":{"hotspot_id":"臺北市-51901","hotspot_type":"intersection","county":"臺北市","township":"信義區","road_or_intersection":"忠孝東路4段","accident_count":12,"motorcycle_accident_count":10,"pedestrian_accident_count":1,"death_count":0,"injury_count":16,"fatal_accident_count":0,"risk_score":76.6,"risk_level":"high","confidence":"low_confidence","motorcycle_accident_ratio":0.8333,"pedestrian_accident_ratio":0.0833}},{"type":"Feature","geometry":{"type":"Point","coordinates":[121.54708,25.07659]},"properties":{"hotspot_id":"臺北市-48652","hotspot_type":"intersection","county":"臺北市","township":"中山區","road_or_intersection":"明水路","accident_count":11,"motorcycle_accident_count":10,"pedestrian_accident_count":1,"death_count":0,"injury_count":14,"fatal_accident_count":0,"risk_score":76.6,"risk_level":"high","confidence":"confirmed","motorcycle_accident_ratio":0.9091,"pedestrian_accident_ratio":0.0909}},{"type":"Feature","geometry":{"type":"Point","coordinates":[121.51324,25.11815]},"properties":{"hotspot_id":"臺北市-49702","hotspot_type":"intersection","county":"臺北市","township":"北投區","road_or_intersection":"東華街2段 x 立農街2段","accident_count":7,"motorcycle_accident_count":7,"pedestrian_accident_count":1,"death_count":0,"injury_count":9,"fatal_accident_count":0,"risk_score":76.5,"risk_level":"high","confidence":"confirmed","motorcycle_accident_ratio":1.0,"pedestrian_accident_ratio":0.1429}},{"type":"Feature","geometry":{"type":"Point","coordinates":[121.56647,24.98861]},"properties":{"hotspot_id":"臺北市-50828","hotspot_type":"intersection","county":"臺北市","township":"文山區","road_or_intersection":"木柵路3段","accident_count":12,"motorcycle_accident_count":9,"pedestrian_accident_count":3,"death_count":0,"injury_count":16,"fatal_accident_count":0,"risk_score":76.5,"risk_level":"high","confidence":"confirmed","motorcycle_accident_ratio":0.75,"pedestrian_accident_ratio":0.25}},{"type":"Feature","geometry":{"type":"Point","coordinates":[121.52913,25.05437]},"properties":{"hotspot_id":"臺北市-48545","hotspot_type":"intersection","county":"臺北市","township":"中山區","road_or_intersection":"吉林路 x 長春路","accident_count":9,"motorcycle_accident_count":8,"pedestrian_accident_count":1,"death_count":0,"injury_count":16,"fatal_accident_count":0,"risk_score":76.3,"risk_level":"high","confidence":"confirmed","motorcycle_accident_ratio":0.8889,"pedestrian_accident_ratio":0.1111}},{"type":"Feature","geometry":{"type":"Point","coordinates":[121.57808,25.04098]},"properties":{"hotspot_id":"臺北市-49187","hotspot_type":"intersection","county":"臺北市","township":"信義區","road_or_intersection":"忠孝東路5段 x 松山路","accident_count":11,"motorcycle_accident_count":7,"pedestrian_accident_count":2,"death_count":0,"injury_count":20,"fatal_accident_count":0,"risk_score":76.3,"risk_level":"high","confidence":"confirmed","motorcycle_accident_ratio":0.6364,"pedestrian_accident_ratio":0.1818}},{"type":"Feature","geometry":{"type":"Point","coordinates":[121.54964,25.02862]},"properties":{"hotspot_id":"臺北市-50544","hotspot_type":"intersection","county":"臺北市","township":"大安區","road_or_intersection":"安和路2段 x 敦化南路2段","accident_count":13,"motorcycle_accident_count":10,"pedestrian_accident_count":1,"death_count":0,"injury_count":17,"fatal_accident_count":0,"risk_score":76.3,"risk_level":"high","confidence":"confirmed","motorcycle_accident_ratio":0.7692,"pedestrian_accident_ratio":0.0769}},{"type":"Feature","geometry":{"type":"Point","coordinates":[121.54854,25.02884]},"properties":{"hotspot_id":"臺北市-50510","hotspot_type":"intersection","county":"臺北市","township":"大安區","road_or_intersection":"四維路 x 敦化南路2段","accident_count":13,"motorcycle_accident_count":10,"pedestrian_accident_count":1,"death_count":0,"injury_count":17,"fatal_accident_count":0,"risk_score":76.3,"risk_level":"high","confidence":"confirmed","motorcycle_accident_ratio":0.7692,"pedestrian_accident_ratio":0.0769}},{"type":"Feature","geometry":{"type":"Point","coordinates":[121.61896,25.07167]},"properties":{"hotspot_id":"臺北市-51487","hotspot_type":"intersection","county":"臺北市","township":"內湖區","road_or_intersection":"康樂街","accident_count":12,"motorcycle_accident_count":9,"pedestrian_accident_count":3,"death_count":0,"injury_count":15,"fatal_accident_count":0,"risk_score":76.0,"risk_level":"high","confidence":"probable","motorcycle_accident_ratio":0.75,"pedestrian_accident_ratio":0.25}},{"type":"Feature","geometry":{"type":"Point","coordinates":[121.57209,25.04481]},"properties":{"hotspot_id":"臺北市-49206","hotspot_type":"intersection","county":"臺北市","township":"信義區","road_or_intersection":"松信路 x 永吉路","accident_count":12,"motorcycle_accident_count":10,"pedestrian_accident_count":1,"death_count":0,"injury_count":15,"fatal_accident_count":0,"risk_score":76.0,"risk_level":"high","confidence":"confirmed","motorcycle_accident_ratio":0.8333,"pedestrian_accident_ratio":0.0833}},{"type":"Feature","geometry":{"type":"Point","coordinates":[121.51177,25.07598]},"properties":{"hotspot_id":"臺北市-50303","hotspot_type":"intersection","county":"臺北市","township":"大同區","road_or_intersection":"延平北路4段","accident_count":11,"motorcycle_accident_count":10,"pedestrian_accident_count":1,"death_count":0,"injury_count":13,"fatal_accident_count":0,"risk_score":75.9,"risk_level":"high","confidence":"confirmed","motorcycle_accident_ratio":0.9091,"pedestrian_accident_ratio":0.0909}},{"type":"Feature","geometry":{"type":"Point","coordinates":[121.57745,25.08085]},"properties":{"hotspot_id":"臺北市-51456","hotspot_type":"road_segment","county":"臺北市","township":"內湖區","road_or_intersection":"內湖路1段","accident_count":10,"motorcycle_accident_count":9,"pedestrian_accident_count":6,"death_count":0,"injury_count":12,"fatal_accident_count":0,"risk_score":75.9,"risk_level":"high","confidence":"probable","motorcycle_accident_ratio":0.9,"pedestrian_accident_ratio":0.6}},{"type":"Feature","geometry":{"type":"Point","coordinates":[121.5439,25.03909]},"properties":{"hotspot_id":"臺北市-50575","hotspot_type":"intersection","county":"臺北市","township":"大安區","road_or_intersection":"復興南路1段","accident_count":15,"motorcycle_accident_count":10,"pedestrian_accident_count":1,"death_count":0,"injury_count":17,"fatal_accident_count":0,"risk_score":75.9,"risk_level":"high","confidence":"confirmed","motorcycle_accident_ratio":0.6667,"pedestrian_accident_ratio":0.0667}},{"type":"Feature","geometry":{"type":"Point","coordinates":[121.61031,25.055]},"properties":{"hotspot_id":"臺北市-49810","hotspot_type":"intersection","county":"臺北市","township":"南港區","road_or_intersection":"南港路1段 x 惠民街","accident_count":11,"motorcycle_accident_count":10,"pedestrian_accident_count":1,"death_count":0,"injury_count":13,"fatal_accident_count":0,"risk_score":75.9,"risk_level":"high","confidence":"confirmed","motorcycle_accident_ratio":0.9091,"pedestrian_accident_ratio":0.0909}},{"type":"Feature","geometry":{"type":"Point","coordinates":[121.52272,25.04364]},"properties":{"hotspot_id":"臺北市-51747","hotspot_type":"road_segment","county":"臺北市","township":"中正區","road_or_intersection":"青島東路","accident_count":10,"motorcycle_accident_count":9,"pedestrian_accident_count":1,"death_count":0,"injury_count":14,"fatal_accident_count":0,"risk_score":75.9,"risk_level":"high","confidence":"probable","motorcycle_accident_ratio":0.9,"pedestrian_accident_ratio":0.1}},{"type":"Feature","geometry":{"type":"Point","coordinates":[121.54048,25.0624]},"properties":{"hotspot_id":"臺北市-48697","hotspot_type":"intersection","county":"臺北市","township":"中山區","road_or_intersection":"民權東路3段 x 龍江路","accident_count":13,"motorcycle_accident_count":9,"pedestrian_accident_count":3,"death_count":0,"injury_count":15,"fatal_accident_count":0,"risk_score":75.9,"risk_level":"high","confidence":"confirmed","motorcycle_accident_ratio":0.6923,"pedestrian_accident_ratio":0.2308}},{"type":"Feature","geometry":{"type":"Point","coordinates":[121.49668,25.03828]},"properties":{"hotspot_id":"臺北市-51221","hotspot_type":"intersection","county":"臺北市","township":"萬華區","road_or_intersection":"桂林路 x 環河南路2段","accident_count":14,"motorcycle_accident_count":9,"pedestrian_accident_count":1,"death_count":0,"injury_count":18,"fatal_accident_count":0,"risk_score":75.8,"risk_level":"high","confidence":"confirmed","motorcycle_accident_ratio":0.6429,"pedestrian_accident_ratio":0.0714}},{"type":"Feature","geometry":{"type":"Point","coordinates":[121.54036,25.05907]},"properties":{"hotspot_id":"臺北市-51720","hotspot_type":"road_segment","county":"臺北市","township":"中山區","road_or_intersection":"錦州街","accident_count":12,"motorcycle_accident_count":9,"pedestrian_accident_count":1,"death_count":0,"injury_count":17,"fatal_accident_count":0,"risk_score":75.8,"risk_level":"high","confidence":"probable","motorcycle_accident_ratio":0.75,"pedestrian_accident_ratio":0.0833}},{"type":"Feature","geometry":{"type":"Point","coordinates":[121.51835,25.06853]},"properties":{"hotspot_id":"臺北市-50327","hotspot_type":"intersection","county":"臺北市","township":"大同區","road_or_intersection":"承德路3段 x 民族西路","accident_count":9,"motorcycle_accident_count":8,"pedestrian_accident_count":1,"death_count":0,"injury_count":15,"fatal_accident_count":0,"risk_score":75.7,"risk_level":"high","confidence":"confirmed","motorcycle_accident_ratio":0.8889,"pedestrian_accident_ratio":0.1111}},{"type":"Feature","geometry":{"type":"Point","coordinates":[121.5627,25.05889]},"properties":{"hotspot_id":"臺北市-51062","hotspot_type":"intersection","county":"臺北市","township":"松山區","road_or_intersection":"民生東路5段","accident_count":10,"motorcycle_accident_count":8,"pedestrian_accident_count":3,"death_count":0,"injury_count":15,"fatal_accident_count":0,"risk_score":75.7,"risk_level":"high","confidence":"confirmed","motorcycle_accident_ratio":0.8,"pedestrian_accident_ratio":0.3}},{"type":"Feature","geometry":{"type":"Point","coordinates":[121.55652,25.02655]},"properties":{"hotspot_id":"臺北市-49154","hotspot_type":"intersection","county":"臺北市","township":"信義區","road_or_intersection":"嘉興街","accident_count":12,"motorcycle_accident_count":9,"pedestrian_accident_count":4,"death_count":0,"injury_count":14,"fatal_accident_count":0,"risk_score":75.6,"risk_level":"high","confidence":"confirmed","motorcycle_accident_ratio":0.75,"pedestrian_accident_ratio":0.3333}},{"type":"Feature","geometry":{"type":"Point","coordinates":[121.56296,25.04129]},"properties":{"hotspot_id":"臺北市-49181","hotspot_type":"intersection","county":"臺北市","township":"信義區","road_or_intersection":"忠孝東路4段","accident_count":12,"motorcycle_accident_count":11,"pedestrian_accident_count":1,"death_count":0,"injury_count":12,"fatal_accident_count":0,"risk_score":75.6,"risk_level":"high","confidence":"confirmed","motorcycle_accident_ratio":0.9167,"pedestrian_accident_ratio":0.0833}},{"type":"Feature","geometry":{"type":"Point","coordinates":[121.56615,25.05983]},"properties":{"hotspot_id":"臺北市-51618","hotspot_type":"intersection","county":"臺北市","township":"松山區","road_or_intersection":"新東街","accident_count":14,"motorcycle_accident_count":10,"pedestrian_accident_count":1,"death_count":0,"injury_count":16,"fatal_accident_count":0,"risk_score":75.6,"risk_level":"high","confidence":"low_confidence","motorcycle_accident_ratio":0.7143,"pedestrian_accident_ratio":0.0714}},{"type":"Feature","geometry":{"type":"Point","coordinates":[121.55758,25.03586]},"properties":{"hotspot_id":"臺北市-51866","hotspot_type":"road_segment","county":"臺北市","township":"信義區","road_or_intersection":"光復南路","accident_count":12,"motorcycle_accident_count":6,"pedestrian_accident_count":2,"death_count":0,"injury_count":18,"fatal_accident_count":0,"risk_score":75.5,"risk_level":"high","confidence":"low_confidence","motorcycle_accident_ratio":0.5,"pedestrian_accident_ratio":0.1667}},{"type":"Feature","geometry":{"type":"Point","coordinates":[121.53826,25.0329]},"properties":{"hotspot_id":"臺北市-50446","hotspot_type":"intersection","county":"臺北市","township":"大安區","road_or_intersection":"信義路3段 x 建國南路2段","accident_count":11,"motorcycle_accident_count":8,"pedestrian_accident_count":2,"death_count":0,"injury_count":16,"fatal_accident_count":0,"risk_score":75.5,"risk_level":"high","confidence":"confirmed","motorcycle_accident_ratio":0.7273,"pedestrian_accident_ratio":0.1818}},{"type":"Feature","geometry":{"type":"Point","coordinates":[121.52564,25.06425]},"properties":{"hotspot_id":"臺北市-48680","hotspot_type":"intersection","county":"臺北市","township":"中山區","road_or_intersection":"林森北路 x 雙城街","accident_count":12,"motorcycle_accident_count":10,"pedestrian_accident_count":1,"death_count":0,"injury_count":14,"fatal_accident_count":0,"risk_score":75.4,"risk_level":"high","confidence":"confirmed","motorcycle_accident_ratio":0.8333,"pedestrian_accident_ratio":0.0833}},{"type":"Feature","geometry":{"type":"Point","coordinates":[121.51742,25.05707]},"properties":{"hotspot_id":"臺北市-51714","hotspot_type":"intersection","county":"臺北市","township":"大同區","road_or_intersection":"民生西路","accident_count":6,"motorcycle_accident_count":6,"pedestrian_accident_count":1,"death_count":0,"injury_count":9,"fatal_accident_count":0,"risk_score":75.4,"risk_level":"high","confidence":"probable","motorcycle_accident_ratio":1.0,"pedestrian_accident_ratio":0.1667}},{"type":"Feature","geometry":{"type":"Point","coordinates":[121.52679,25.05212]},"properties":{"hotspot_id":"臺北市-51685","hotspot_type":"road_segment","county":"臺北市","township":"中山區","road_or_intersection":"南京東路1段","accident_count":6,"motorcycle_accident_count":6,"pedestrian_accident_count":1,"death_count":0,"injury_count":9,"fatal_accident_count":0,"risk_score":75.4,"risk_level":"high","confidence":"probable","motorcycle_accident_ratio":1.0,"pedestrian_accident_ratio":0.1667}},{"type":"Feature","geometry":{"type":"Point","coordinates":[121.50679,25.03041]},"properties":{"hotspot_id":"臺北市-51535","hotspot_type":"intersection","county":"臺北市","township":"中正區","road_or_intersection":"西藏路","accident_count":6,"motorcycle_accident_count":6,"pedestrian_accident_count":1,"death_count":0,"injury_count":9,"fatal_accident_count":0,"risk_score":75.4,"risk_level":"high","confidence":"probable","motorcycle_accident_ratio":1.0,"pedestrian_accident_ratio":0.1667}},{"type":"Feature","geometry":{"type":"Point","coordinates":[121.59146,25.08559]},"properties":{"hotspot_id":"臺北市-51419","hotspot_type":"road_segment","county":"臺北市","township":"內湖區","road_or_intersection":"金龍路","accident_count":6,"motorcycle_accident_count":6,"pedestrian_accident_count":1,"death_count":0,"injury_count":9,"fatal_accident_count":0,"risk_score":75.4,"risk_level":"high","confidence":"probable","motorcycle_accident_ratio":1.0,"pedestrian_accident_ratio":0.1667}},{"type":"Feature","geometry":{"type":"Point","coordinates":[121.57568,25.03443]},"properties":{"hotspot_id":"臺北市-49132","hotspot_type":"intersection","county":"臺北市","township":"信義區","road_or_intersection":"信義路6段","accident_count":12,"motorcycle_accident_count":10,"pedestrian_accident_count":1,"death_count":0,"injury_count":14,"fatal_accident_count":0,"risk_score":75.4,"risk_level":"high","confidence":"confirmed","motorcycle_accident_ratio":0.8333,"pedestrian_accident_ratio":0.0833}},{"type":"Feature","geometry":{"type":"Point","coordinates":[121.50455,25.03012]},"properties":{"hotspot_id":"臺北市-48801","hotspot_type":"intersection","county":"臺北市","township":"中正區","road_or_intersection":"中華路2段 x 西藏路","accident_count":6,"motorcycle_accident_count":6,"pedestrian_accident_count":1,"death_count":0,"injury_count":9,"fatal_accident_count":0,"risk_score":75.4,"risk_level":"high","confidence":"confirmed","motorcycle_accident_ratio":1.0,"pedestrian_accident_ratio":0.1667}},{"type":"Feature","geometry":{"type":"Point","coordinates":[121.52936,25.01982]},"properties":{"hotspot_id":"臺北市-50648","hotspot_type":"intersection","county":"臺北市","township":"大安區","road_or_intersection":"羅斯福路3段 x 辛亥路1段","accident_count":12,"motorcycle_accident_count":9,"pedestrian_accident_count":1,"death_count":0,"injury_count":16,"fatal_accident_count":0,"risk_score":75.3,"risk_level":"high","confidence":"confirmed","motorcycle_accident_ratio":0.75,"pedestrian_accident_ratio":0.0833}},{"type":"Feature","geometry":{"type":"Point","coordinates":[121.53299,25.05219]},"properties":{"hotspot_id":"臺北市-48513","hotspot_type":"intersection","county":"臺北市","township":"中山區","road_or_intersection":"南京東路2段 x 松江路","accident_count":13,"motorcycle_accident_count":10,"pedestrian_accident_count":1,"death_count":0,"injury_count":15,"fatal_accident_count":0,"risk_score":75.3,"risk_level":"high","confidence":"confirmed","motorcycle_accident_ratio":0.7692,"pedestrian_accident_ratio":0.0769}},{"type":"Feature","geometry":{"type":"Point","coordinates":[121.5232,25.06879]},"properties":{"hotspot_id":"臺北市-48455","hotspot_type":"intersection","county":"臺北市","township":"中山區","road_or_intersection":"中山北路3段 x 民族東路","accident_count":13,"motorcycle_accident_count":10,"pedestrian_accident_count":1,"death_count":0,"injury_count":15,"fatal_accident_count":0,"risk_score":75.3,"risk_level":"high","confidence":"confirmed","motorcycle_accident_ratio":0.7692,"pedestrian_accident_ratio":0.0769}},{"type":"Feature","geometry":{"type":"Point","coordinates":[121.50957,25.02767]},"properties":{"hotspot_id":"臺北市-51525","hotspot_type":"intersection","county":"臺北市","township":"中正區","road_or_intersection":"汀州路1段","accident_count":8,"motorcycle_accident_count":7,"pedestrian_accident_count":1,"death_count":0,"injury_count":16,"fatal_accident_count":0,"risk_score":75.3,"risk_level":"high","confidence":"probable","motorcycle_accident_ratio":0.875,"pedestrian_accident_ratio":0.125}},{"type":"Feature","geometry":{"type":"Point","coordinates":[121.4988,25.02128]},"properties":{"hotspot_id":"臺北市-51524","hotspot_type":"intersection","county":"臺北市","township":"萬華區","road_or_intersection":"萬大路","accident_count":10,"motorcycle_accident_count":9,"pedestrian_accident_count":1,"death_count":0,"injury_count":13,"fatal_accident_count":0,"risk_score":75.2,"risk_level":"high","confidence":"low_confidence","motorcycle_accident_ratio":0.9,"pedestrian_accident_ratio":0.1}},{"type":"Feature","geometry":{"type":"Point","coordinates":[121.50829,25.05692]},"properties":{"hotspot_id":"臺北市-50357","hotspot_type":"intersection","county":"臺北市","township":"大同區","road_or_intersection":"民生西路 x 環河北路1段","accident_count":10,"motorcycle_accident_count":9,"pedestrian_accident_count":1,"death_count":0,"injury_count":13,"fatal_accident_count":0,"risk_score":75.2,"risk_level":"high","confidence":"confirmed","motorcycle_accident_ratio":0.9,"pedestrian_accident_ratio":0.1}},{"type":"Feature","geometry":{"type":"Point","coordinates":[121.52914,25.06029]},"properties":{"hotspot_id":"臺北市-48719","hotspot_type":"intersection","county":"臺北市","township":"中山區","road_or_intersection":"錦州街","accident_count":10,"motorcycle_accident_count":9,"pedestrian_accident_count":1,"death_count":0,"injury_count":13,"fatal_accident_count":0,"risk_score":75.2,"risk_level":"high","confidence":"confirmed","motorcycle_accident_ratio":0.9,"pedestrian_accident_ratio":0.1}},{"type":"Feature","geometry":{"type":"Point","coordinates":[121.56323,25.06096]},"properties":{"hotspot_id":"臺北市-50910","hotspot_type":"intersection","county":"臺北市","township":"松山區","road_or_intersection":"三民路 x 富錦街","accident_count":9,"motorcycle_accident_count":7,"pedestrian_accident_count":1,"death_count":1,"injury_count":8,"fatal_accident_count":1,"risk_score":75.1,"risk_level":"high","confidence":"confirmed","motorcycle_accident_ratio":0.7778,"pedestrian_accident_ratio":0.1111}},{"type":"Feature","geometry":{"type":"Point","coordinates":[121.61283,25.05463]},"properties":{"hotspot_id":"臺北市-49809","hotspot_type":"intersection","county":"臺北市","township":"南港區","road_or_intersection":"南港路1段","accident_count":11,"motorcycle_accident_count":10,"pedestrian_accident_count":1,"death_count":0,"injury_count":12,"fatal_accident_count":0,"risk_score":75.0,"risk_level":"high","confidence":"confirmed","motorcycle_accident_ratio":0.9091,"pedestrian_accident_ratio":0.0909}},{"type":"Feature","geometry":{"type":"Point","coordinates":[121.53124,25.04256]},"properties":{"hotspot_id":"臺北市-48821","hotspot_type":"intersection","county":"臺北市","township":"中正區","road_or_intersection":"八德路1段 x 忠孝東路2段","accident_count":7,"motorcycle_accident_count":7,"pedestrian_accident_count":1,"death_count":0,"injury_count":8,"fatal_accident_count":0,"risk_score":75.0,"risk_level":"high","confidence":"confirmed","motorcycle_accident_ratio":1.0,"pedestrian_accident_ratio":0.1429}},{"type":"Feature","geometry":{"type":"Point","coordinates":[121.52741,25.05485]},"properties":{"hotspot_id":"臺北市-48642","hotspot_type":"intersection","county":"臺北市","township":"中山區","road_or_intersection":"新生北路2段 x 長春路","accident_count":7,"motorcycle_accident_count":7,"pedestrian_accident_count":1,"death_count":0,"injury_count":8,"fatal_accident_count":0,"risk_score":75.0,"risk_level":"high","confidence":"confirmed","motorcycle_accident_ratio":1.0,"pedestrian_accident_ratio":0.1429}},{"type":"Feature","geometry":{"type":"Point","coordinates":[121.52536,25.03178]},"properties":{"hotspot_id":"臺北市-51552","hotspot_type":"road_segment","county":"臺北市","township":"大安區","road_or_intersection":"愛國東路","accident_count":11,"motorcycle_accident_count":10,"pedestrian_accident_count":1,"death_count":0,"injury_count":12,"fatal_accident_count":0,"risk_score":75.0,"risk_level":"high","confidence":"low_confidence","motorcycle_accident_ratio":0.9091,"pedestrian_accident_ratio":0.0909}},{"type":"Feature","geometry":{"type":"Point","coordinates":[121.48963,25.03173]},"properties":{"hotspot_id":"臺北市-51311","hotspot_type":"intersection","county":"臺北市","township":"萬華區","road_or_intersection":"長順街","accident_count":7,"motorcycle_accident_count":7,"pedestrian_accident_count":1,"death_count":0,"injury_count":8,"fatal_accident_count":0,"risk_score":75.0,"risk_level":"high","confidence":"confirmed","motorcycle_accident_ratio":1.0,"pedestrian_accident_ratio":0.1429}},{"type":"Feature","geometry":{"type":"Point","coordinates":[121.5533,25.03181]},"properties":{"hotspot_id":"臺北市-50547","hotspot_type":"intersection","county":"臺北市","township":"大安區","road_or_intersection":"安和路2段 x 通安街","accident_count":7,"motorcycle_accident_count":6,"pedestrian_accident_count":1,"death_count":1,"injury_count":8,"fatal_accident_count":1,"risk_score":74.9,"risk_level":"high","confidence":"confirmed","motorcycle_accident_ratio":0.8571,"pedestrian_accident_ratio":0.1429}},{"type":"Feature","geometry":{"type":"Point","coordinates":[121.51512,25.06869]},"properties":{"hotspot_id":"臺北市-50342","hotspot_type":"intersection","county":"臺北市","township":"大同區","road_or_intersection":"民族西路","accident_count":12,"motorcycle_accident_count":8,"pedestrian_accident_count":2,"death_count":0,"injury_count":15,"fatal_accident_count":0,"risk_score":74.9,"risk_level":"high","confidence":"confirmed","motorcycle_accident_ratio":0.6667,"pedestrian_accident_ratio":0.1667}},{"type":"Feature","geometry":{"type":"Point","coordinates":[121.55785,25.05162]},"properties":{"hotspot_id":"臺北市-50935","hotspot_type":"intersection","county":"臺北市","township":"松山區","road_or_intersection":"光復北路 x 南京東路5段","accident_count":11,"motorcycle_accident_count":9,"pedestrian_accident_count":1,"death_count":0,"injury_count":14,"fatal_accident_count":0,"risk_score":74.8,"risk_level":"high","confidence":"confirmed","motorcycle_accident_ratio":0.8182,"pedestrian_accident_ratio":0.0909}},{"type":"Feature","geometry":{"type":"Point","coordinates":[121.568,25.04594]},"properties":{"hotspot_id":"臺北市-49169","hotspot_type":"intersection","county":"臺北市","township":"信義區","road_or_intersection":"基隆路1段 x 永吉路","accident_count":13,"motorcycle_accident_count":9,"pedestrian_accident_count":1,"death_count":0,"injury_count":15,"fatal_accident_count":0,"risk_score":74.7,"risk_level":"high","confidence":"confirmed","motorcycle_accident_ratio":0.6923,"pedestrian_accident_ratio":0.0769}},{"type":"Feature","geometry":{"type":"Point","coordinates":[121.56057,25.05065]},"properties":{"hotspot_id":"臺北市-51629","hotspot_type":"intersection","county":"臺北市","township":"松山區","road_or_intersection":"光復北路","accident_count":12,"motorcycle_accident_count":10,"pedestrian_accident_count":1,"death_count":0,"injury_count":13,"fatal_accident_count":0,"risk_score":74.7,"risk_level":"high","confidence":"probable","motorcycle_accident_ratio":0.8333,"pedestrian_accident_ratio":0.0833}},{"type":"Feature","geometry":{"type":"Point","coordinates":[121.54653,25.04809]},"properties":{"hotspot_id":"臺北市-50948","hotspot_type":"intersection","county":"臺北市","township":"松山區","road_or_intersection":"八德路2段","accident_count":12,"motorcycle_accident_count":10,"pedestrian_accident_count":1,"death_count":0,"injury_count":13,"fatal_accident_count":0,"risk_score":74.7,"risk_level":"high","confidence":"confirmed","motorcycle_accident_ratio":0.8333,"pedestrian_accident_ratio":0.0833}},{"type":"Feature","geometry":{"type":"Point","coordinates":[121.51749,25.03062]},"properties":{"hotspot_id":"臺北市-48848","hotspot_type":"intersection","county":"臺北市","township":"中正區","road_or_intersection":"南昌路1段 x 寧波西街","accident_count":8,"motorcycle_accident_count":7,"pedestrian_accident_count":1,"death_count":0,"injury_count":15,"fatal_accident_count":0,"risk_score":74.7,"risk_level":"high","confidence":"confirmed","motorcycle_accident_ratio":0.875,"pedestrian_accident_ratio":0.125}},{"type":"Feature","geometry":{"type":"Point","coordinates":[121.52328,25.11585]},"properties":{"hotspot_id":"臺北市-51399","hotspot_type":"intersection","county":"臺北市","township":"士林區","road_or_intersection":"光華路","accident_count":12,"motorcycle_accident_count":8,"pedestrian_accident_count":1,"death_count":0,"injury_count":16,"fatal_accident_count":0,"risk_score":74.7,"risk_level":"high","confidence":"probable","motorcycle_accident_ratio":0.6667,"pedestrian_accident_ratio":0.0833}},{"type":"Feature","geometry":{"type":"Point","coordinates":[121.53157,25.05902]},"properties":{"hotspot_id":"臺北市-48667","hotspot_type":"intersection","county":"臺北市","township":"中山區","road_or_intersection":"松江路 x 錦州街","accident_count":10,"motorcycle_accident_count":8,"pedestrian_accident_count":1,"death_count":0,"injury_count":15,"fatal_accident_count":0,"risk_score":74.6,"risk_level":"high","confidence":"confirmed","motorcycle_accident_ratio":0.8,"pedestrian_accident_ratio":0.1}},{"type":"Feature","geometry":{"type":"Point","coordinates":[121.53018,25.05986]},"properties":{"hotspot_id":"臺北市-51710","hotspot_type":"intersection","county":"臺北市","township":"中山區","road_or_intersection":"吉林路","accident_count":6,"motorcycle_accident_count":6,"pedestrian_accident_count":2,"death_count":0,"injury_count":8,"fatal_accident_count":0,"risk_score":74.5,"risk_level":"high","confidence":"probable","motorcycle_accident_ratio":1.0,"pedestrian_accident_ratio":0.3333}},{"type":"Feature","geometry":{"type":"Point","coordinates":[121.5653,25.03038]},"properties":{"hotspot_id":"臺北市-49224","hotspot_type":"intersection","county":"臺北市","township":"信義區","road_or_intersection":"松平路 x 松智路","accident_count":9,"motorcycle_accident_count":8,"pedestrian_accident_count":1,"death_count":0,"injury_count":13,"fatal_accident_count":0,"risk_score":74.4,"risk_level":"high","confidence":"confirmed","motorcycle_accident_ratio":0.8889,"pedestrian_accident_ratio":0.1111}},{"type":"Feature","geometry":{"type":"Point","coordinates":[121.56274,24.98293]},"properties":{"hotspot_id":"臺北市-50817","hotspot_type":"intersection","county":"臺北市","township":"文山區","road_or_intersection":"木新路3段 x 興隆路4段","accident_count":9,"motorcycle_accident_count":8,"pedestrian_accident_count":2,"death_count":0,"injury_count":12,"fatal_accident_count":0,"risk_score":74.4,"risk_level":"high","confidence":"confirmed","motorcycle_accident_ratio":0.8889,"pedestrian_accident_ratio":0.2222}},{"type":"Feature","geometry":{"type":"Point","coordinates":[121.58491,25.06837]},"properties":{"hotspot_id":"臺北市-51607","hotspot_type":"intersection","county":"臺北市","township":"內湖區","road_or_intersection":"民權東路6段","accident_count":9,"motorcycle_accident_count":8,"pedestrian_accident_count":2,"death_count":0,"injury_count":12,"fatal_accident_count":0,"risk_score":74.4,"risk_level":"high","confidence":"probable","motorcycle_accident_ratio":0.8889,"pedestrian_accident_ratio":0.2222}},{"type":"Feature","geometry":{"type":"Point","coordinates":[121.52345,25.11877]},"properties":{"hotspot_id":"臺北市-49603","hotspot_type":"intersection","county":"臺北市","township":"北投區","road_or_intersection":"天母西路","accident_count":9,"motorcycle_accident_count":8,"pedestrian_accident_count":2,"death_count":0,"injury_count":12,"fatal_accident_count":0,"risk_score":74.4,"risk_level":"high","confidence":"confirmed","motorcycle_accident_ratio":0.8889,"pedestrian_accident_ratio":0.2222}},{"type":"Feature","geometry":{"type":"Point","coordinates":[121.57477,25.07107]},"properties":{"hotspot_id":"臺北市-49455","hotspot_type":"intersection","county":"臺北市","township":"內湖區","road_or_intersection":"舊宗路2段","accident_count":10,"motorcycle_accident_count":9,"pedestrian_accident_count":1,"death_count":0,"injury_count":12,"fatal_accident_count":0,"risk_score":74.4,"risk_level":"high","confidence":"confirmed","motorcycle_accident_ratio":0.9,"pedestrian_accident_ratio":0.1}},{"type":"Feature","geometry":{"type":"Point","coordinates":[121.59943,25.06063]},"properties":{"hotspot_id":"臺北市-51468","hotspot_type":"road_segment","county":"臺北市","township":"內湖區","road_or_intersection":"潭美街","accident_count":10,"motorcycle_accident_count":9,"pedestrian_accident_count":1,"death_count":0,"injury_count":12,"fatal_accident_count":0,"risk_score":74.4,"risk_level":"high","confidence":"probable","motorcycle_accident_ratio":0.9,"pedestrian_accident_ratio":0.1}},{"type":"Feature","geometry":{"type":"Point","coordinates":[121.53985,25.06748]},"properties":{"hotspot_id":"臺北市-48685","hotspot_type":"intersection","county":"臺北市","township":"中山區","road_or_intersection":"民族東路","accident_count":10,"motorcycle_accident_count":9,"pedestrian_accident_count":1,"death_count":0,"injury_count":12,"fatal_accident_count":0,"risk_score":74.4,"risk_level":"high","confidence":"confirmed","motorcycle_accident_ratio":0.9,"pedestrian_accident_ratio":0.1}},{"type":"Feature","geometry":{"type":"Point","coordinates":[121.59132,25.08155]},"properties":{"hotspot_id":"臺北市-51435","hotspot_type":"intersection","county":"臺北市","township":"內湖區","road_or_intersection":"成功路4段","accident_count":12,"motorcycle_accident_count":7,"pedestrian_accident_count":3,"death_count":0,"injury_count":14,"fatal_accident_count":0,"risk_score":74.3,"risk_level":"high","confidence":"probable","motorcycle_accident_ratio":0.5833,"pedestrian_accident_ratio":0.25}},{"type":"Feature","geometry":{"type":"Point","coordinates":[121.54397,25.04176]},"properties":{"hotspot_id":"臺北市-50577","hotspot_type":"intersection","county":"臺北市","township":"大安區","road_or_intersection":"復興南路1段 x 忠孝東路4段","accident_count":12,"motorcycle_accident_count":9,"pedestrian_accident_count":1,"death_count":0,"injury_count":14,"fatal_accident_count":0,"risk_score":74.2,"risk_level":"high","confidence":"confirmed","motorcycle_accident_ratio":0.75,"pedestrian_accident_ratio":0.0833}},{"type":"Feature","geometry":{"type":"Point","coordinates":[121.58451,25.05865]},"properties":{"hotspot_id":"臺北市-49292","hotspot_type":"intersection","county":"臺北市","township":"內湖區","road_or_intersection":"南京東路6段","accident_count":9,"motorcycle_accident_count":5,"pedestrian_accident_count":1,"death_count":1,"injury_count":10,"fatal_accident_count":1,"risk_score":74.2,"risk_level":"high","confidence":"confirmed","motorcycle_accident_ratio":0.5556,"pedestrian_accident_ratio":0.1111}},{"type":"Feature","geometry":{"type":"Point","coordinates":[121.55184,25.03716]},"properties":{"hotspot_id":"臺北市-50422","hotspot_type":"intersection","county":"臺北市","township":"大安區","road_or_intersection":"仁愛路4段","accident_count":12,"motorcycle_accident_count":8,"pedestrian_accident_count":1,"death_count":0,"injury_count":15,"fatal_accident_count":0,"risk_score":74.1,"risk_level":"high","confidence":"confirmed","motorcycle_accident_ratio":0.6667,"pedestrian_accident_ratio":0.0833}},{"type":"Feature","geometry":{"type":"Point","coordinates":[121.55364,25.05196]},"properties":{"hotspot_id":"臺北市-50981","hotspot_type":"intersection","county":"臺北市","township":"松山區","road_or_intersection":"南京東路4段","accident_count":10,"motorcycle_accident_count":7,"pedestrian_accident_count":1,"death_count":0,"injury_count":16,"fatal_accident_count":0,"risk_score":74.1,"risk_level":"high","confidence":"confirmed","motorcycle_accident_ratio":0.7,"pedestrian_accident_ratio":0.1}},{"type":"Feature","geometry":{"type":"Point","coordinates":[121.52209,25.10492]},"properties":{"hotspot_id":"臺北市-50099","hotspot_type":"intersection","county":"臺北市","township":"士林區","road_or_intersection":"德行西路 x 福華路","accident_count":10,"motorcycle_accident_count":8,"pedestrian_accident_count":2,"death_count":0,"injury_count":13,"fatal_accident_count":0,"risk_score":74.1,"risk_level":"high","confidence":"confirmed","motorcycle_accident_ratio":0.8,"pedestrian_accident_ratio":0.2}},{"type":"Feature","geometry":{"type":"Point","coordinates":[121.53621,25.06796]},"properties":{"hotspot_id":"臺北市-51752","hotspot_type":"intersection","county":"臺北市","township":"中山區","road_or_intersection":"民族東路","accident_count":8,"motorcycle_accident_count":7,"pedestrian_accident_count":1,"death_count":0,"injury_count":14,"fatal_accident_count":0,"risk_score":74.1,"risk_level":"high","confidence":"probable","motorcycle_accident_ratio":0.875,"pedestrian_accident_ratio":0.125}},{"type":"Feature","geometry":{"type":"Point","coordinates":[121.53968,25.06668]},"properties":{"hotspot_id":"臺北市-48688","hotspot_type":"intersection","county":"臺北市","township":"中山區","road_or_intersection":"民族東路 x 龍江路","accident_count":10,"motorcycle_accident_count":8,"pedestrian_accident_count":1,"death_count":0,"injury_count":14,"fatal_accident_count":0,"risk_score":74.0,"risk_level":"high","confidence":"confirmed","motorcycle_accident_ratio":0.8,"pedestrian_accident_ratio":0.1}},{"type":"Feature","geometry":{"type":"Point","coordinates":[121.61274,25.06748]},"properties":{"hotspot_id":"臺北市-51501","hotspot_type":"intersection","county":"臺北市","township":"內湖區","road_or_intersection":"康寧路3段","accident_count":11,"motorcycle_accident_count":8,"pedestrian_accident_count":3,"death_count":0,"injury_count":13,"fatal_accident_count":0,"risk_score":74.0,"risk_level":"high","confidence":"probable","motorcycle_accident_ratio":0.7273,"pedestrian_accident_ratio":0.2727}},{"type":"Feature","geometry":{"type":"Point","coordinates":[121.58285,25.03971]},"properties":{"hotspot_id":"臺北市-51643","hotspot_type":"road_segment","county":"臺北市","township":"信義區","road_or_intersection":"大道","accident_count":11,"motorcycle_accident_count":7,"pedestrian_accident_count":1,"death_count":0,"injury_count":16,"fatal_accident_count":0,"risk_score":74.0,"risk_level":"high","confidence":"probable","motorcycle_accident_ratio":0.6364,"pedestrian_accident_ratio":0.0909}},{"type":"Feature","geometry":{"type":"Point","coordinates":[121.53115,25.06]},"properties":{"hotspot_id":"臺北市-48694","hotspot_type":"intersection","county":"臺北市","township":"中山區","road_or_intersection":"民權東路2段 x 錦州街","accident_count":6,"motorcycle_accident_count":6,"pedestrian_accident_count":1,"death_count":0,"injury_count":8,"fatal_accident_count":0,"risk_score":73.9,"risk_level":"high","confidence":"confirmed","motorcycle_accident_ratio":1.0,"pedestrian_accident_ratio":0.1667}},{"type":"Feature","geometry":{"type":"Point","coordinates":[121.52142,25.10719]},"properties":{"hotspot_id":"臺北市-50096","hotspot_type":"intersection","county":"臺北市","township":"士林區","road_or_intersection":"德行西路","accident_count":6,"motorcycle_accident_count":6,"pedestrian_accident_count":1,"death_count":0,"injury_count":8,"fatal_accident_count":0,"risk_score":73.9,"risk_level":"high","confidence":"confirmed","motorcycle_accident_ratio":1.0,"pedestrian_accident_ratio":0.1667}},{"type":"Feature","geometry":{"type":"Point","coordinates":[121.55339,25.00054]},"properties":{"hotspot_id":"臺北市-51352","hotspot_type":"intersection","county":"臺北市","township":"文山區","road_or_intersection":"興隆路2段","accident_count":6,"motorcycle_accident_count":6,"pedestrian_accident_count":1,"death_count":0,"injury_count":8,"fatal_accident_count":0,"risk_score":73.9,"risk_level":"high","confidence":"probable","motorcycle_accident_ratio":1.0,"pedestrian_accident_ratio":0.1667}},{"type":"Feature","geometry":{"type":"Point","coordinates":[121.49298,25.03084]},"properties":{"hotspot_id":"臺北市-51312","hotspot_type":"intersection","county":"臺北市","township":"萬華區","road_or_intersection":"雙園街","accident_count":5,"motorcycle_accident_count":5,"pedestrian_accident_count":1,"death_count":0,"injury_count":9,"fatal_accident_count":0,"risk_score":73.9,"risk_level":"high","confidence":"confirmed","motorcycle_accident_ratio":1.0,"pedestrian_accident_ratio":0.2}},{"type":"Feature","geometry":{"type":"Point","coordinates":[121.53239,25.02737]},"properties":{"hotspot_id":"臺北市-50483","hotspot_type":"intersection","county":"臺北市","township":"大安區","road_or_intersection":"和平東路1段 x 青田街","accident_count":6,"motorcycle_accident_count":6,"pedestrian_accident_count":1,"death_count":0,"injury_count":8,"fatal_accident_count":0,"risk_score":73.9,"risk_level":"high","confidence":"confirmed","motorcycle_accident_ratio":1.0,"pedestrian_accident_ratio":0.1667}},{"type":"Feature","geometry":{"type":"Point","coordinates":[121.52817,25.10156]},"properties":{"hotspot_id":"臺北市-50190","hotspot_type":"intersection","county":"臺北市","township":"士林區","road_or_intersection":"至誠路2段","accident_count":6,"motorcycle_accident_count":6,"pedestrian_accident_count":1,"death_count":0,"injury_count":8,"fatal_accident_count":0,"risk_score":73.9,"risk_level":"high","confidence":"confirmed","motorcycle_accident_ratio":1.0,"pedestrian_accident_ratio":0.1667}},{"type":"Feature","geometry":{"type":"Point","coordinates":[121.51563,25.05703]},"properties":{"hotspot_id":"臺北市-50280","hotspot_type":"intersection","county":"臺北市","township":"大同區","road_or_intersection":"寧夏路 x 民生西路","accident_count":5,"motorcycle_accident_count":5,"pedestrian_accident_count":1,"death_count":0,"injury_count":9,"fatal_accident_count":0,"risk_score":73.9,"risk_level":"high","confidence":"confirmed","motorcycle_accident_ratio":1.0,"pedestrian_accident_ratio":0.2}},{"type":"Feature","geometry":{"type":"Point","coordinates":[121.55338,25.04794]},"properties":{"hotspot_id":"臺北市-50956","hotspot_type":"intersection","county":"臺北市","township":"松山區","road_or_intersection":"八德路3段 x 延吉街","accident_count":6,"motorcycle_accident_count":6,"pedestrian_accident_count":1,"death_count":0,"injury_count":8,"fatal_accident_count":0,"risk_score":73.9,"risk_level":"high","confidence":"confirmed","motorcycle_accident_ratio":1.0,"pedestrian_accident_ratio":0.1667}},{"type":"Feature","geometry":{"type":"Point","coordinates":[121.5028,25.03823]},"properties":{"hotspot_id":"臺北市-51693","hotspot_type":"road_segment","county":"臺北市","township":"萬華區","road_or_intersection":"桂林路","accident_count":9,"motorcycle_accident_count":8,"pedestrian_accident_count":1,"death_count":0,"injury_count":12,"fatal_accident_count":0,"risk_score":73.6,"risk_level":"high","confidence":"probable","motorcycle_accident_ratio":0.8889,"pedestrian_accident_ratio":0.1111}},{"type":"Feature","geometry":{"type":"Point","coordinates":[121.54912,25.03545]},"properties":{"hotspot_id":"臺北市-51670","hotspot_type":"road_segment","county":"臺北市","township":"大安區","road_or_intersection":"敦化南路1段","accident_count":11,"motorcycle_accident_count":8,"pedestrian_accident_count":1,"death_count":0,"injury_count":14,"fatal_accident_count":0,"risk_score":73.6,"risk_level":"high","confidence":"probable","motorcycle_accident_ratio":0.7273,"pedestrian_accident_ratio":0.0909}},{"type":"Feature","geometry":{"type":"Point","coordinates":[121.53209,25.12375]},"properties":{"hotspot_id":"臺北市-49959","hotspot_type":"intersection","county":"臺北市","township":"士林區","road_or_intersection":"中山北路7段","accident_count":11,"motorcycle_accident_count":8,"pedestrian_accident_count":2,"death_count":0,"injury_count":13,"fatal_accident_count":0,"risk_score":73.6,"risk_level":"high","confidence":"confirmed","motorcycle_accident_ratio":0.7273,"pedestrian_accident_ratio":0.1818}},{"type":"Feature","geometry":{"type":"Point","coordinates":[121.58636,24.97213]},"properties":{"hotspot_id":"臺北市-51320","hotspot_type":"intersection","county":"臺北市","township":"文山區","road_or_intersection":"指南路3段","accident_count":11,"motorcycle_accident_count":8,"pedestrian_accident_count":1,"death_count":0,"injury_count":14,"fatal_accident_count":0,"risk_score":73.6,"risk_level":"high","confidence":"probable","motorcycle_accident_ratio":0.7273,"pedestrian_accident_ratio":0.0909}},{"type":"Feature","geometry":{"type":"Point","coordinates":[121.52512,25.05801]},"properties":{"hotspot_id":"臺北市-48670","hotspot_type":"intersection","county":"臺北市","township":"中山區","road_or_intersection":"林森北路","accident_count":9,"motorcycle_accident_count":8,"pedestrian_accident_count":1,"death_count":0,"injury_count":12,"fatal_accident_count":0,"risk_score":73.6,"risk_level":"high","confidence":"confirmed","motorcycle_accident_ratio":0.8889,"pedestrian_accident_ratio":0.1111}},{"type":"Feature","geometry":{"type":"Point","coordinates":[121.54776,25.03184]},"properties":{"hotspot_id":"臺北市-50507","hotspot_type":"intersection","county":"臺北市","township":"大安區","road_or_intersection":"四維路","accident_count":11,"motorcycle_accident_count":8,"pedestrian_accident_count":1,"death_count":0,"injury_count":14,"fatal_accident_count":0,"risk_score":73.6,"risk_level":"high","confidence":"confirmed","motorcycle_accident_ratio":0.7273,"pedestrian_accident_ratio":0.0909}},{"type":"Feature","geometry":{"type":"Point","coordinates":[121.48927,25.03075]},"properties":{"hotspot_id":"臺北市-51647","hotspot_type":"intersection","county":"臺北市","township":"萬華區","road_or_intersection":"堤外便道","accident_count":8,"motorcycle_accident_count":5,"pedestrian_accident_count":2,"death_count":0,"injury_count":17,"fatal_accident_count":0,"risk_score":73.5,"risk_level":"high","confidence":"probable","motorcycle_accident_ratio":0.625,"pedestrian_accident_ratio":0.25}},{"type":"Feature","geometry":{"type":"Point","coordinates":[121.57723,25.04992]},"properties":{"hotspot_id":"臺北市-51883","hotspot_type":"intersection","county":"臺北市","township":"松山區","road_or_intersection":"八德路4段","accident_count":8,"motorcycle_accident_count":7,"pedestrian_accident_count":1,"death_count":0,"injury_count":13,"fatal_accident_count":0,"risk_score":73.4,"risk_level":"high","confidence":"probable","motorcycle_accident_ratio":0.875,"pedestrian_accident_ratio":0.125}},{"type":"Feature","geometry":{"type":"Point","coordinates":[121.52915,25.06266]},"properties":{"hotspot_id":"臺北市-48419","hotspot_type":"intersection","county":"臺北市","township":"中山區","road_or_intersection":"中原街 x 民權東路2段","accident_count":8,"motorcycle_accident_count":7,"pedestrian_accident_count":1,"death_count":0,"injury_count":13,"fatal_accident_count":0,"risk_score":73.4,"risk_level":"high","confidence":"confirmed","motorcycle_accident_ratio":0.875,"pedestrian_accident_ratio":0.125}},{"type":"Feature","geometry":{"type":"Point","coordinates":[121.54428,25.0561]},"properties":{"hotspot_id":"臺北市-51015","hotspot_type":"intersection","county":"臺北市","township":"松山區","road_or_intersection":"復興北路","accident_count":10,"motorcycle_accident_count":9,"pedestrian_accident_count":1,"death_count":0,"injury_count":11,"fatal_accident_count":0,"risk_score":73.4,"risk_level":"high","confidence":"confirmed","motorcycle_accident_ratio":0.9,"pedestrian_accident_ratio":0.1}},{"type":"Feature","geometry":{"type":"Point","coordinates":[121.52475,25.05803]},"properties":{"hotspot_id":"臺北市-51786","hotspot_type":"intersection","county":"臺北市","township":"中山區","road_or_intersection":"民生東路1段","accident_count":10,"motorcycle_accident_count":9,"pedestrian_accident_count":1,"death_count":0,"injury_count":11,"fatal_accident_count":0,"risk_score":73.4,"risk_level":"high","confidence":"probable","motorcycle_accident_ratio":0.9,"pedestrian_accident_ratio":0.1}},{"type":"Feature","geometry":{"type":"Point","coordinates":[121.59068,25.08661]},"properties":{"hotspot_id":"臺北市-49290","hotspot_type":"intersection","county":"臺北市","township":"內湖區","road_or_intersection":"內湖路3段","accident_count":10,"motorcycle_accident_count":9,"pedestrian_accident_count":1,"death_count":0,"injury_count":11,"fatal_accident_count":0,"risk_score":73.4,"risk_level":"high","confidence":"confirmed","motorcycle_accident_ratio":0.9,"pedestrian_accident_ratio":0.1}},{"type":"Feature","geometry":{"type":"Point","coordinates":[121.61745,25.04246]},"properties":{"hotspot_id":"臺北市-49907","hotspot_type":"intersection","county":"臺北市","township":"南港區","road_or_intersection":"舊莊街1段","accident_count":9,"motorcycle_accident_count":8,"pedestrian_accident_count":2,"death_count":0,"injury_count":11,"fatal_accident_count":0,"risk_score":73.4,"risk_level":"high","confidence":"confirmed","motorcycle_accident_ratio":0.8889,"pedestrian_accident_ratio":0.2222}},{"type":"Feature","geometry":{"type":"Point","coordinates":[121.51958,25.05489]},"properties":{"hotspot_id":"臺北市-50391","hotspot_type":"intersection","county":"臺北市","township":"大同區","road_or_intersection":"赤峰街","accident_count":8,"motorcycle_accident_count":7,"pedestrian_accident_count":1,"death_count":0,"injury_count":13,"fatal_accident_count":0,"risk_score":73.4,"risk_level":"high","confidence":"confirmed","motorcycle_accident_ratio":0.875,"pedestrian_accident_ratio":0.125}},{"type":"Feature","geometry":{"type":"Point","coordinates":[121.56694,25.08536]},"properties":{"hotspot_id":"臺北市-49444","hotspot_type":"intersection","county":"臺北市","township":"內湖區","road_or_intersection":"環山路1段","accident_count":10,"motorcycle_accident_count":9,"pedestrian_accident_count":3,"death_count":0,"injury_count":10,"fatal_accident_count":0,"risk_score":73.4,"risk_level":"high","confidence":"confirmed","motorcycle_accident_ratio":0.9,"pedestrian_accident_ratio":0.3}},{"type":"Feature","geometry":{"type":"Point","coordinates":[121.5763,25.0741]},"properties":{"hotspot_id":"臺北市-49440","hotspot_type":"intersection","county":"臺北市","township":"內湖區","road_or_intersection":"瑞光路 x 瑞湖街","accident_count":7,"motorcycle_accident_count":7,"pedestrian_accident_count":1,"death_count":0,"injury_count":7,"fatal_accident_count":0,"risk_score":73.3,"risk_level":"high","confidence":"confirmed","motorcycle_accident_ratio":1.0,"pedestrian_accident_ratio":0.1429}},{"type":"Feature","geometry":{"type":"Point","coordinates":[121.54409,25.05667]},"properties":{"hotspot_id":"臺北市-51718","hotspot_type":"road_segment","county":"臺北市","township":"中山區","road_or_intersection":"復興北路","accident_count":10,"motorcycle_accident_count":8,"pedestrian_accident_count":1,"death_count":0,"injury_count":13,"fatal_accident_count":0,"risk_score":73.3,"risk_level":"high","confidence":"probable","motorcycle_accident_ratio":0.8,"pedestrian_accident_ratio":0.1}},{"type":"Feature","geometry":{"type":"Point","coordinates":[121.51051,25.03614]},"properties":{"hotspot_id":"臺北市-51563","hotspot_type":"road_segment","county":"臺北市","township":"中正區","road_or_intersection":"博愛路","accident_count":7,"motorcycle_accident_count":7,"pedestrian_accident_count":1,"death_count":0,"injury_count":7,"fatal_accident_count":0,"risk_score":73.3,"risk_level":"high","confidence":"probable","motorcycle_accident_ratio":1.0,"pedestrian_accident_ratio":0.1429}},{"type":"Feature","geometry":{"type":"Point","coordinates":[121.52209,25.05069]},"properties":{"hotspot_id":"臺北市-48424","hotspot_type":"intersection","county":"臺北市","township":"中山區","road_or_intersection":"中山北路1段","accident_count":7,"motorcycle_accident_count":7,"pedestrian_accident_count":1,"death_count":0,"injury_count":7,"fatal_accident_count":0,"risk_score":73.3,"risk_level":"high","confidence":"confirmed","motorcycle_accident_ratio":1.0,"pedestrian_accident_ratio":0.1429}},{"type":"Feature","geometry":{"type":"Point","coordinates":[121.52454,25.03753]},"properties":{"hotspot_id":"臺北市-51499","hotspot_type":"intersection","county":"臺北市","township":"中正區","road_or_intersection":"杭州南路1段","accident_count":10,"motorcycle_accident_count":8,"pedestrian_accident_count":1,"death_count":0,"injury_count":13,"fatal_accident_count":0,"risk_score":73.3,"risk_level":"high","confidence":"low_confidence","motorcycle_accident_ratio":0.8,"pedestrian_accident_ratio":0.1}},{"type":"Feature","geometry":{"type":"Point","coordinates":[121.52351,25.08411]},"properties":{"hotspot_id":"臺北市-50013","hotspot_type":"intersection","county":"臺北市","township":"士林區","road_or_intersection":"劍潭路 x 承德路4段","accident_count":10,"motorcycle_accident_count":8,"pedestrian_accident_count":1,"death_count":0,"injury_count":13,"fatal_accident_count":0,"risk_score":73.3,"risk_level":"high","confidence":"confirmed","motorcycle_accident_ratio":0.8,"pedestrian_accident_ratio":0.1}},{"type":"Feature","geometry":{"type":"Point","coordinates":[121.5354,25.02546]},"properties":{"hotspot_id":"臺北市-50490","hotspot_type":"intersection","county":"臺北市","township":"大安區","road_or_intersection":"和平東路2段 x 新生南路3段","accident_count":10,"motorcycle_accident_count":8,"pedestrian_accident_count":1,"death_count":0,"injury_count":13,"fatal_accident_count":0,"risk_score":73.3,"risk_level":"high","confidence":"confirmed","motorcycle_accident_ratio":0.8,"pedestrian_accident_ratio":0.1}},{"type":"Feature","geometry":{"type":"Point","coordinates":[121.5161,25.06856]},"properties":{"hotspot_id":"臺北市-50262","hotspot_type":"intersection","county":"臺北市","township":"大同區","road_or_intersection":"大龍街 x 民族西路","accident_count":11,"motorcycle_accident_count":9,"pedestrian_accident_count":1,"death_count":0,"injury_count":12,"fatal_accident_count":0,"risk_score":73.2,"risk_level":"high","confidence":"confirmed","motorcycle_accident_ratio":0.8182,"pedestrian_accident_ratio":0.0909}},{"type":"Feature","geometry":{"type":"Point","coordinates":[121.52545,25.06023]},"properties":{"hotspot_id":"臺北市-48677","hotspot_type":"intersection","county":"臺北市","township":"中山區","road_or_intersection":"林森北路 x 錦州街","accident_count":11,"motorcycle_accident_count":9,"pedestrian_accident_count":1,"death_count":0,"injury_count":12,"fatal_accident_count":0,"risk_score":73.2,"risk_level":"high","confidence":"confirmed","motorcycle_accident_ratio":0.8182,"pedestrian_accident_ratio":0.0909}},{"type":"Feature","geometry":{"type":"Point","coordinates":[121.56567,24.99047]},"properties":{"hotspot_id":"臺北市-50856","hotspot_type":"intersection","county":"臺北市","township":"文山區","road_or_intersection":"秀明路1段","accident_count":9,"motorcycle_accident_count":7,"pedestrian_accident_count":2,"death_count":0,"injury_count":13,"fatal_accident_count":0,"risk_score":73.1,"risk_level":"high","confidence":"confirmed","motorcycle_accident_ratio":0.7778,"pedestrian_accident_ratio":0.2222}},{"type":"Feature","geometry":{"type":"Point","coordinates":[121.55788,24.99941]},"properties":{"hotspot_id":"臺北市-51355","hotspot_type":"road_segment","county":"臺北市","township":"文山區","road_or_intersection":"興隆路3段","accident_count":10,"motorcycle_accident_count":7,"pedestrian_accident_count":2,"death_count":0,"injury_count":13,"fatal_accident_count":0,"risk_score":73.0,"risk_level":"high","confidence":"low_confidence","motorcycle_accident_ratio":0.7,"pedestrian_accident_ratio":0.2}},{"type":"Feature","geometry":{"type":"Point","coordinates":[121.51199,25.04992]},"properties":{"hotspot_id":"臺北市-50290","hotspot_type":"intersection","county":"臺北市","township":"大同區","road_or_intersection":"延平北路1段 x 鄭州路","accident_count":11,"motorcycle_accident_count":8,"pedestrian_accident_count":1,"death_count":0,"injury_count":13,"fatal_accident_count":0,"risk_score":72.9,"risk_level":"high","confidence":"confirmed","motorcycle_accident_ratio":0.7273,"pedestrian_accident_ratio":0.0909}},{"type":"Feature","geometry":{"type":"Point","coordinates":[121.52477,25.08417]},"properties":{"hotspot_id":"臺北市-50011","hotspot_type":"intersection","county":"臺北市","township":"士林區","road_or_intersection":"劍潭路 x 基河路","accident_count":11,"motorcycle_accident_count":7,"pedestrian_accident_count":1,"death_count":0,"injury_count":14,"fatal_accident_count":0,"risk_score":72.9,"risk_level":"high","confidence":"confirmed","motorcycle_accident_ratio":0.6364,"pedestrian_accident_ratio":0.0909}},{"type":"Feature","geometry":{"type":"Point","coordinates":[121.53032,25.01039]},"properties":{"hotspot_id":"臺北市-51455","hotspot_type":"road_segment","county":"臺北市","township":"中正區","road_or_intersection":"古亭河濱公園前0.0公尺","accident_count":9,"motorcycle_accident_count":1,"pedestrian_accident_count":2,"death_count":0,"injury_count":16,"fatal_accident_count":0,"risk_score":72.8,"risk_level":"high","confidence":"low_confidence","motorcycle_accident_ratio":0.1111,"pedestrian_accident_ratio":0.2222}},{"type":"Feature","geometry":{"type":"Point","coordinates":[121.52515,25.06402]},"properties":{"hotspot_id":"臺北市-48645","hotspot_type":"intersection","county":"臺北市","township":"中山區","road_or_intersection":"新生北路3段 x 林森北路","accident_count":8,"motorcycle_accident_count":7,"pedestrian_accident_count":3,"death_count":0,"injury_count":11,"fatal_accident_count":0,"risk_score":72.7,"risk_level":"high","confidence":"confirmed","motorcycle_accident_ratio":0.875,"pedestrian_accident_ratio":0.375}},{"type":"Feature","geometry":{"type":"Point","coordinates":[121.51664,25.04391]},"properties":{"hotspot_id":"臺北市-48867","hotspot_type":"intersection","county":"臺北市","township":"中正區","road_or_intersection":"南陽街 x 襄陽路","accident_count":8,"motorcycle_accident_count":7,"pedestrian_accident_count":3,"death_count":0,"injury_count":11,"fatal_accident_count":0,"risk_score":72.7,"risk_level":"high","confidence":"confirmed","motorcycle_accident_ratio":0.875,"pedestrian_accident_ratio":0.375}},{"type":"Feature","geometry":{"type":"Point","coordinates":[121.55644,25.02535]},"properties":{"hotspot_id":"臺北市-51787","hotspot_type":"intersection","county":"臺北市","township":"信義區","road_or_intersection":"信安街","accident_count":10,"motorcycle_accident_count":7,"pedestrian_accident_count":4,"death_count":0,"injury_count":12,"fatal_accident_count":0,"risk_score":72.7,"risk_level":"high","confidence":"probable","motorcycle_accident_ratio":0.7,"pedestrian_accident_ratio":0.4}},{"type":"Feature","geometry":{"type":"Point","coordinates":[121.51303,25.05391]},"properties":{"hotspot_id":"臺北市-51703","hotspot_type":"intersection","county":"臺北市","township":"大同區","road_or_intersection":"南京西路","accident_count":9,"motorcycle_accident_count":8,"pedestrian_accident_count":4,"death_count":0,"injury_count":10,"fatal_accident_count":0,"risk_score":72.7,"risk_level":"high","confidence":"probable","motorcycle_accident_ratio":0.8889,"pedestrian_accident_ratio":0.4444}},{"type":"Feature","geometry":{"type":"Point","coordinates":[121.5336,25.05432]},"properties":{"hotspot_id":"臺北市-51805","hotspot_type":"intersection","county":"臺北市","township":"中山區","road_or_intersection":"松江路","accident_count":10,"motorcycle_accident_count":6,"pedestrian_accident_count":3,"death_count":0,"injury_count":13,"fatal_accident_count":0,"risk_score":72.7,"risk_level":"high","confidence":"probable","motorcycle_accident_ratio":0.6,"pedestrian_accident_ratio":0.3}},{"type":"Feature","geometry":{"type":"Point","coordinates":[121.51822,25.05729]},"properties":{"hotspot_id":"臺北市-50319","hotspot_type":"intersection","county":"臺北市","township":"大同區","road_or_intersection":"承德路2段 x 民生西路","accident_count":8,"motorcycle_accident_count":7,"pedestrian_accident_count":1,"death_count":0,"injury_count":12,"fatal_accident_count":0,"risk_score":72.6,"risk_level":"high","confidence":"confirmed","motorcycle_accident_ratio":0.875,"pedestrian_accident_ratio":0.125}},{"type":"Feature","geometry":{"type":"Point","coordinates":[121.5544,25.02155]},"properties":{"hotspot_id":"臺北市-50498","hotspot_type":"intersection","county":"臺北市","township":"大安區","road_or_intersection":"和平東路3段 x 安居街","accident_count":9,"motorcycle_accident_count":7,"pedestrian_accident_count":3,"death_count":0,"injury_count":12,"fatal_accident_count":0,"risk_score":72.6,"risk_level":"high","confidence":"confirmed","motorcycle_accident_ratio":0.7778,"pedestrian_accident_ratio":0.3333}},{"type":"Feature","geometry":{"type":"Point","coordinates":[121.50054,25.12051]},"properties":{"hotspot_id":"臺北市-49579","hotspot_type":"intersection","county":"臺北市","township":"北投區","road_or_intersection":"大度路 x 承德路7段","accident_count":9,"motorcycle_accident_count":8,"pedestrian_accident_count":1,"death_count":0,"injury_count":11,"fatal_accident_count":0,"risk_score":72.6,"risk_level":"high","confidence":"confirmed","motorcycle_accident_ratio":0.8889,"pedestrian_accident_ratio":0.1111}},{"type":"Feature","geometry":{"type":"Point","coordinates":[121.55185,25.02621]},"properties":{"hotspot_id":"臺北市-50621","hotspot_type":"intersection","county":"臺北市","township":"大安區","road_or_intersection":"樂利路","accident_count":9,"motorcycle_accident_count":8,"pedestrian_accident_count":1,"death_count":0,"injury_count":11,"fatal_accident_count":0,"risk_score":72.6,"risk_level":"high","confidence":"confirmed","motorcycle_accident_ratio":0.8889,"pedestrian_accident_ratio":0.1111}},{"type":"Feature","geometry":{"type":"Point","coordinates":[121.56537,25.05133]},"properties":{"hotspot_id":"臺北市-50988","hotspot_type":"intersection","county":"臺北市","township":"松山區","road_or_intersection":"南京東路5段 x 東興路","accident_count":8,"motorcycle_accident_count":7,"pedestrian_accident_count":1,"death_count":0,"injury_count":12,"fatal_accident_count":0,"risk_score":72.6,"risk_level":"high","confidence":"confirmed","motorcycle_accident_ratio":0.875,"pedestrian_accident_ratio":0.125}},{"type":"Feature","geometry":{"type":"Point","coordinates":[121.56508,25.04113]},"properties":{"hotspot_id":"臺北市-51910","hotspot_type":"intersection","county":"臺北市","township":"信義區","road_or_intersection":"忠孝東路5段","accident_count":9,"motorcycle_accident_count":8,"pedestrian_accident_count":1,"death_count":0,"injury_count":11,"fatal_accident_count":0,"risk_score":72.6,"risk_level":"high","confidence":"probable","motorcycle_accident_ratio":0.8889,"pedestrian_accident_ratio":0.1111}},{"type":"Feature","geometry":{"type":"Point","coordinates":[121.50057,25.03219]},"properties":{"hotspot_id":"臺北市-51272","hotspot_type":"intersection","county":"臺北市","township":"萬華區","road_or_intersection":"艋舺大道 x 萬大路","accident_count":9,"motorcycle_accident_count":8,"pedestrian_accident_count":1,"death_count":0,"injury_count":11,"fatal_accident_count":0,"risk_score":72.6,"risk_level":"high","confidence":"confirmed","motorcycle_accident_ratio":0.8889,"pedestrian_accident_ratio":0.1111}},{"type":"Feature","geometry":{"type":"Point","coordinates":[121.52805,25.06257]},"properties":{"hotspot_id":"臺北市-48638","hotspot_type":"intersection","county":"臺北市","township":"中山區","road_or_intersection":"新生北路2段 x 民權東路2段","accident_count":6,"motorcycle_accident_count":5,"pedestrian_accident_count":1,"death_count":0,"injury_count":16,"fatal_accident_count":0,"risk_score":72.5,"risk_level":"high","confidence":"confirmed","motorcycle_accident_ratio":0.8333,"pedestrian_accident_ratio":0.1667}},{"type":"Feature","geometry":{"type":"Point","coordinates":[121.57775,25.04951]},"properties":{"hotspot_id":"臺北市-51080","hotspot_type":"intersection","county":"臺北市","township":"松山區市","road_or_intersection":"松山路 x 民大道6段","accident_count":10,"motorcycle_accident_count":8,"pedestrian_accident_count":1,"death_count":0,"injury_count":12,"fatal_accident_count":0,"risk_score":72.4,"risk_level":"high","confidence":"confirmed","motorcycle_accident_ratio":0.8,"pedestrian_accident_ratio":0.1}},{"type":"Feature","geometry":{"type":"Point","coordinates":[121.49931,25.03531]},"properties":{"hotspot_id":"臺北市-51136","hotspot_type":"intersection","county":"臺北市","township":"萬華區","road_or_intersection":"和平西路3段 x 西園路1段","accident_count":7,"motorcycle_accident_count":6,"pedestrian_accident_count":4,"death_count":0,"injury_count":12,"fatal_accident_count":0,"risk_score":72.4,"risk_level":"high","confidence":"confirmed","motorcycle_accident_ratio":0.8571,"pedestrian_accident_ratio":0.5714}},{"type":"Feature","geometry":{"type":"Point","coordinates":[121.50556,25.04634]},"properties":{"hotspot_id":"臺北市-51740","hotspot_type":"intersection","county":"臺北市","township":"萬華區","road_or_intersection":"昆明街","accident_count":8,"motorcycle_accident_count":7,"pedestrian_accident_count":2,"death_count":0,"injury_count":11,"fatal_accident_count":0,"risk_score":72.4,"risk_level":"high","confidence":"probable","motorcycle_accident_ratio":0.875,"pedestrian_accident_ratio":0.25}},{"type":"Feature","geometry":{"type":"Point","coordinates":[121.5791,25.03761]},"properties":{"hotspot_id":"臺北市-51722","hotspot_type":"road_segment","county":"臺北市","township":"信義區","road_or_intersection":"林口街","accident_count":10,"motorcycle_accident_count":8,"pedestrian_accident_count":1,"death_count":0,"injury_count":12,"fatal_accident_count":0,"risk_score":72.4,"risk_level":"high","confidence":"probable","motorcycle_accident_ratio":0.8,"pedestrian_accident_ratio":0.1}},{"type":"Feature","geometry":{"type":"Point","coordinates":[121.55167,25.0265]},"properties":{"hotspot_id":"臺北市-49178","hotspot_type":"intersection","county":"臺北市","township":"信義區","road_or_intersection":"崇德街","accident_count":10,"motorcycle_accident_count":8,"pedestrian_accident_count":1,"death_count":0,"injury_count":12,"fatal_accident_count":0,"risk_score":72.4,"risk_level":"high","confidence":"confirmed","motorcycle_accident_ratio":0.8,"pedestrian_accident_ratio":0.1}},{"type":"Feature","geometry":{"type":"Point","coordinates":[121.50198,25.13392]},"properties":{"hotspot_id":"臺北市-51425","hotspot_type":"road_segment","county":"臺北市","township":"北投區","road_or_intersection":"光明路","accident_count":8,"motorcycle_accident_count":7,"pedestrian_accident_count":2,"death_count":0,"injury_count":11,"fatal_accident_count":0,"risk_score":72.4,"risk_level":"high","confidence":"probable","motorcycle_accident_ratio":0.875,"pedestrian_accident_ratio":0.25}},{"type":"Feature","geometry":{"type":"Point","coordinates":[121.52207,25.06317]},"properties":{"hotspot_id":"臺北市-48458","hotspot_type":"intersection","county":"臺北市","township":"中山區","road_or_intersection":"中山北路3段 x 農安街","accident_count":8,"motorcycle_accident_count":7,"pedestrian_accident_count":2,"death_count":0,"injury_count":11,"fatal_accident_count":0,"risk_score":72.4,"risk_level":"high","confidence":"confirmed","motorcycle_accident_ratio":0.875,"pedestrian_accident_ratio":0.25}},{"type":"Feature","geometry":{"type":"Point","coordinates":[121.55038,25.01783]},"properties":{"hotspot_id":"臺北市-51479","hotspot_type":"intersection","county":"臺北市","township":"大安區","road_or_intersection":"臥龍街","accident_count":10,"motorcycle_accident_count":6,"pedestrian_accident_count":2,"death_count":0,"injury_count":13,"fatal_accident_count":0,"risk_score":72.4,"risk_level":"high","confidence":"probable","motorcycle_accident_ratio":0.6,"pedestrian_accident_ratio":0.2}},{"type":"Feature","geometry":{"type":"Point","coordinates":[121.51176,25.03876]},"properties":{"hotspot_id":"臺北市-51568","hotspot_type":"road_segment","county":"臺北市","township":"中正區","road_or_intersection":"貴陽街1段","accident_count":5,"motorcycle_accident_count":5,"pedestrian_accident_count":1,"death_count":0,"injury_count":8,"fatal_accident_count":0,"risk_score":72.4,"risk_level":"high","confidence":"probable","motorcycle_accident_ratio":1.0,"pedestrian_accident_ratio":0.2}},{"type":"Feature","geometry":{"type":"Point","coordinates":[121.53613,25.06599]},"properties":{"hotspot_id":"臺北市-48583","hotspot_type":"intersection","county":"臺北市","township":"中山區","road_or_intersection":"建國北路3段","accident_count":10,"motorcycle_accident_count":8,"pedestrian_accident_count":2,"death_count":0,"injury_count":11,"fatal_accident_count":0,"risk_score":72.3,"risk_level":"high","confidence":"confirmed","motorcycle_accident_ratio":0.8,"pedestrian_accident_ratio":0.2}},{"type":"Feature","geometry":{"type":"Point","coordinates":[121.52654,25.12083]},"properties":{"hotspot_id":"臺北市-50053","hotspot_type":"intersection","county":"臺北市","township":"士林區","road_or_intersection":"天母北路","accident_count":9,"motorcycle_accident_count":7,"pedestrian_accident_count":1,"death_count":0,"injury_count":13,"fatal_accident_count":0,"risk_score":72.3,"risk_level":"high","confidence":"confirmed","motorcycle_accident_ratio":0.7778,"pedestrian_accident_ratio":0.1111}},{"type":"Feature","geometry":{"type":"Point","coordinates":[121.57981,24.98443]},"properties":{"hotspot_id":"臺北市-51372","hotspot_type":"road_segment","county":"臺北市","township":"文山區","road_or_intersection":"指南路3段","accident_count":6,"motorcycle_accident_count":6,"pedestrian_accident_count":1,"death_count":0,"injury_count":7,"fatal_accident_count":0,"risk_score":72.2,"risk_level":"high","confidence":"probable","motorcycle_accident_ratio":1.0,"pedestrian_accident_ratio":0.1667}},{"type":"Feature","geometry":{"type":"Point","coordinates":[121.52534,25.14438]},"properties":{"hotspot_id":"臺北市-51319","hotspot_type":"intersection","county":"臺北市","township":"北投區","road_or_intersection":"泉源路","accident_count":10,"motorcycle_accident_count":7,"pedestrian_accident_count":1,"death_count":0,"injury_count":13,"fatal_accident_count":0,"risk_score":72.2,"risk_level":"high","confidence":"low_confidence","motorcycle_accident_ratio":0.7,"pedestrian_accident_ratio":0.1}},{"type":"Feature","geometry":{"type":"Point","coordinates":[121.55408,24.98326]},"properties":{"hotspot_id":"臺北市-50727","hotspot_type":"intersection","county":"臺北市","township":"文山區","road_or_intersection":"忠順街1段 x 辛亥路7段","accident_count":10,"motorcycle_accident_count":7,"pedestrian_accident_count":1,"death_count":0,"injury_count":13,"fatal_accident_count":0,"risk_score":72.2,"risk_level":"high","confidence":"confirmed","motorcycle_accident_ratio":0.7,"pedestrian_accident_ratio":0.1}},{"type":"Feature","geometry":{"type":"Point","coordinates":[121.53526,25.02605]},"properties":{"hotspot_id":"臺北市-51585","hotspot_type":"road_segment","county":"臺北市","township":"大安區","road_or_intersection":"和平東路1段","accident_count":11,"motorcycle_accident_count":7,"pedestrian_accident_count":2,"death_count":0,"injury_count":12,"fatal_accident_count":0,"risk_score":72.1,"risk_level":"high","confidence":"probable","motorcycle_accident_ratio":0.6364,"pedestrian_accident_ratio":0.1818}},{"type":"Feature","geometry":{"type":"Point","coordinates":[121.61893,25.03652]},"properties":{"hotspot_id":"臺北市-51341","hotspot_type":"road_segment","county":"臺北市","township":"南港區","road_or_intersection":"國道","accident_count":11,"motorcycle_accident_count":4,"pedestrian_accident_count":2,"death_count":0,"injury_count":13,"fatal_accident_count":0,"risk_score":72.1,"risk_level":"high","confidence":"probable","motorcycle_accident_ratio":0.3636,"pedestrian_accident_ratio":0.1818}},{"type":"Feature","geometry":{"type":"Point","coordinates":[121.51008,25.12021]},"properties":{"hotspot_id":"臺北市-49703","hotspot_type":"intersection","county":"臺北市","township":"北投區","road_or_intersection":"東華街2段 x 致遠三路","accident_count":10,"motorcycle_accident_count":6,"pedestrian_accident_count":4,"death_count":0,"injury_count":12,"fatal_accident_count":0,"risk_score":72.0,"risk_level":"high","confidence":"confirmed","motorcycle_accident_ratio":0.6,"pedestrian_accident_ratio":0.4}},{"type":"Feature","geometry":{"type":"Point","coordinates":[121.60717,25.05593]},"properties":{"hotspot_id":"臺北市-49900","hotspot_type":"intersection","county":"臺北市","township":"南港區","road_or_intersection":"興中路","accident_count":8,"motorcycle_accident_count":7,"pedestrian_accident_count":1,"death_count":0,"injury_count":11,"fatal_accident_count":0,"risk_score":71.6,"risk_level":"high","confidence":"confirmed","motorcycle_accident_ratio":0.875,"pedestrian_accident_ratio":0.125}},{"type":"Feature","geometry":{"type":"Point","coordinates":[121.51878,25.09246]},"properties":{"hotspot_id":"臺北市-50019","hotspot_type":"intersection","county":"臺北市","township":"士林區","road_or_intersection":"基河路 x 士商路","accident_count":8,"motorcycle_accident_count":7,"pedestrian_accident_count":1,"death_count":0,"injury_count":11,"fatal_accident_count":0,"risk_score":71.6,"risk_level":"high","confidence":"confirmed","motorcycle_accident_ratio":0.875,"pedestrian_accident_ratio":0.125}},{"type":"Feature","geometry":{"type":"Point","coordinates":[121.53872,25.06768]},"properties":{"hotspot_id":"臺北市-51681","hotspot_type":"road_segment","county":"臺北市","township":"中山區","road_or_intersection":"民族東路","accident_count":9,"motorcycle_accident_count":7,"pedestrian_accident_count":3,"death_count":0,"injury_count":11,"fatal_accident_count":0,"risk_score":71.6,"risk_level":"high","confidence":"probable","motorcycle_accident_ratio":0.7778,"pedestrian_accident_ratio":0.3333}},{"type":"Feature","geometry":{"type":"Point","coordinates":[121.54866,25.04234]},"properties":{"hotspot_id":"臺北市-51862","hotspot_type":"intersection","county":"臺北市","township":"大安區","road_or_intersection":"敦化南路1段","accident_count":10,"motorcycle_accident_count":6,"pedestrian_accident_count":2,"death_count":0,"injury_count":12,"fatal_accident_count":0,"risk_score":71.6,"risk_level":"high","confidence":"probable","motorcycle_accident_ratio":0.6,"pedestrian_accident_ratio":0.2}},{"type":"Feature","geometry":{"type":"Point","coordinates":[121.57004,25.05367]},"properties":{"hotspot_id":"臺北市-51891","hotspot_type":"road_segment","county":"臺北市","township":"松山區","road_or_intersection":"塔悠路","accident_count":8,"motorcycle_accident_count":7,"pedestrian_accident_count":1,"death_count":0,"injury_count":11,"fatal_accident_count":0,"risk_score":71.6,"risk_level":"high","confidence":"probable","motorcycle_accident_ratio":0.875,"pedestrian_accident_ratio":0.125}},{"type":"Feature","geometry":{"type":"Point","coordinates":[121.47316,25.10946]},"properties":{"hotspot_id":"臺北市-51324","hotspot_type":"road_segment","county":"臺北市","township":"士林區","road_or_intersection":"延平北路9段","accident_count":9,"motorcycle_accident_count":5,"pedestrian_accident_count":1,"death_count":0,"injury_count":14,"fatal_accident_count":0,"risk_score":71.6,"risk_level":"high","confidence":"probable","motorcycle_accident_ratio":0.5556,"pedestrian_accident_ratio":0.1111}},{"type":"Feature","geometry":{"type":"Point","coordinates":[121.49898,25.03261]},"properties":{"hotspot_id":"臺北市-51271","hotspot_type":"intersection","county":"臺北市","township":"萬華區","road_or_intersection":"艋舺大道","accident_count":8,"motorcycle_accident_count":7,"pedestrian_accident_count":1,"death_count":0,"injury_count":11,"fatal_accident_count":0,"risk_score":71.6,"risk_level":"high","confidence":"confirmed","motorcycle_accident_ratio":0.875,"pedestrian_accident_ratio":0.125}},{"type":"Feature","geometry":{"type":"Point","coordinates":[121.51859,25.0844]},"properties":{"hotspot_id":"臺北市-51434","hotspot_type":"intersection","county":"臺北市","township":"士林區","road_or_intersection":"前港街","accident_count":8,"motorcycle_accident_count":6,"pedestrian_accident_count":3,"death_count":0,"injury_count":12,"fatal_accident_count":0,"risk_score":71.5,"risk_level":"high","confidence":"probable","motorcycle_accident_ratio":0.75,"pedestrian_accident_ratio":0.375}},{"type":"Feature","geometry":{"type":"Point","coordinates":[121.60078,25.05693]},"properties":{"hotspot_id":"臺北市-49911","hotspot_type":"intersection","county":"臺北市","township":"南港區","road_or_intersection":"重陽路","accident_count":9,"motorcycle_accident_count":8,"pedestrian_accident_count":1,"death_count":0,"injury_count":10,"fatal_accident_count":0,"risk_score":71.5,"risk_level":"high","confidence":"confirmed","motorcycle_accident_ratio":0.8889,"pedestrian_accident_ratio":0.1111}},{"type":"Feature","geometry":{"type":"Point","coordinates":[121.51046,25.04222]},"properties":{"hotspot_id":"臺北市-49001","hotspot_type":"intersection","county":"臺北市","township":"中正區","road_or_intersection":"桃源街 x 衡陽路","accident_count":8,"motorcycle_accident_count":7,"pedestrian_accident_count":3,"death_count":0,"injury_count":10,"fatal_accident_count":0,"risk_score":71.5,"risk_level":"high","confidence":"confirmed","motorcycle_accident_ratio":0.875,"pedestrian_accident_ratio":0.375}},{"type":"Feature","geometry":{"type":"Point","coordinates":[121.52544,25.05498]},"properties":{"hotspot_id":"臺北市-48679","hotspot_type":"intersection","county":"臺北市","township":"中山區","road_or_intersection":"林森北路 x 長春路","accident_count":11,"motorcycle_accident_count":6,"pedestrian_accident_count":4,"death_count":0,"injury_count":11,"fatal_accident_count":0,"risk_score":71.5,"risk_level":"high","confidence":"confirmed","motorcycle_accident_ratio":0.5455,"pedestrian_accident_ratio":0.3636}},{"type":"Feature","geometry":{"type":"Point","coordinates":[121.527,25.03175]},"properties":{"hotspot_id":"臺北市-50593","hotspot_type":"intersection","county":"臺北市","township":"大安區","road_or_intersection":"愛國東路 x 金山南路2段","accident_count":9,"motorcycle_accident_count":7,"pedestrian_accident_count":2,"death_count":0,"injury_count":11,"fatal_accident_count":0,"risk_score":71.4,"risk_level":"high","confidence":"confirmed","motorcycle_accident_ratio":0.7778,"pedestrian_accident_ratio":0.2222}},{"type":"Feature","geometry":{"type":"Point","coordinates":[121.51706,25.11788]},"properties":{"hotspot_id":"臺北市-51400","hotspot_type":"intersection","county":"臺北市","township":"北投區","road_or_intersection":"石牌路2段","accident_count":9,"motorcycle_accident_count":6,"pedestrian_accident_count":1,"death_count":0,"injury_count":13,"fatal_accident_count":0,"risk_score":71.4,"risk_level":"high","confidence":"probable","motorcycle_accident_ratio":0.6667,"pedestrian_accident_ratio":0.1111}},{"type":"Feature","geometry":{"type":"Point","coordinates":[121.55601,25.02744]},"properties":{"hotspot_id":"臺北市-50519","hotspot_type":"intersection","county":"臺北市","township":"大安區","road_or_intersection":"基隆路2段 x 通化街","accident_count":8,"motorcycle_accident_count":6,"pedestrian_accident_count":1,"death_count":0,"injury_count":13,"fatal_accident_count":0,"risk_score":71.3,"risk_level":"high","confidence":"confirmed","motorcycle_accident_ratio":0.75,"pedestrian_accident_ratio":0.125}},{"type":"Feature","geometry":{"type":"Point","coordinates":[121.5029,25.13522]},"properties":{"hotspot_id":"臺北市-49530","hotspot_type":"intersection","county":"臺北市","township":"北投區","road_or_intersection":"光明路","accident_count":7,"motorcycle_accident_count":6,"pedestrian_accident_count":3,"death_count":0,"injury_count":11,"fatal_accident_count":0,"risk_score":71.3,"risk_level":"high","confidence":"confirmed","motorcycle_accident_ratio":0.8571,"pedestrian_accident_ratio":0.4286}},{"type":"Feature","geometry":{"type":"Point","coordinates":[121.52098,25.06035]},"properties":{"hotspot_id":"臺北市-48567","hotspot_type":"intersection","county":"臺北市","township":"中山區","road_or_intersection":"天祥路 x 錦西街","accident_count":5,"motorcycle_accident_count":5,"pedestrian_accident_count":2,"death_count":0,"injury_count":7,"fatal_accident_count":0,"risk_score":71.2,"risk_level":"high","confidence":"confirmed","motorcycle_accident_ratio":1.0,"pedestrian_accident_ratio":0.4}},{"type":"Feature","geometry":{"type":"Point","coordinates":[121.53268,25.11915]},"properties":{"hotspot_id":"臺北市-51392","hotspot_type":"road_segment","county":"臺北市","township":"士林區","road_or_intersection":"天母東路","accident_count":10,"motorcycle_accident_count":8,"pedestrian_accident_count":2,"death_count":0,"injury_count":10,"fatal_accident_count":0,"risk_score":71.1,"risk_level":"high","confidence":"probable","motorcycle_accident_ratio":0.8,"pedestrian_accident_ratio":0.2}},{"type":"Feature","geometry":{"type":"Point","coordinates":[121.6159,25.0682]},"properties":{"hotspot_id":"臺北市-49331","hotspot_type":"intersection","county":"臺北市","township":"內湖區","road_or_intersection":"安康路 x 東湖路","accident_count":7,"motorcycle_accident_count":6,"pedestrian_accident_count":2,"death_count":0,"injury_count":11,"fatal_accident_count":0,"risk_score":71.1,"risk_level":"high","confidence":"confirmed","motorcycle_accident_ratio":0.8571,"pedestrian_accident_ratio":0.2857}},{"type":"Feature","geometry":{"type":"Point","coordinates":[121.53367,25.03059]},"properties":{"hotspot_id":"臺北市-50610","hotspot_type":"intersection","county":"臺北市","township":"大安區","road_or_intersection":"新生南路2段 x 金華街","accident_count":7,"motorcycle_accident_count":6,"pedestrian_accident_count":2,"death_count":0,"injury_count":11,"fatal_accident_count":0,"risk_score":71.1,"risk_level":"high","confidence":"confirmed","motorcycle_accident_ratio":0.8571,"pedestrian_accident_ratio":0.2857}},{"type":"Feature","geometry":{"type":"Point","coordinates":[121.51423,25.0662]},"properties":{"hotspot_id":"臺北市-50335","hotspot_type":"intersection","county":"臺北市","township":"大同區","road_or_intersection":"昌吉街 x 重慶北路3段","accident_count":5,"motorcycle_accident_count":4,"pedestrian_accident_count":1,"death_count":1,"injury_count":7,"fatal_accident_count":1,"risk_score":70.9,"risk_level":"high","confidence":"confirmed","motorcycle_accident_ratio":0.8,"pedestrian_accident_ratio":0.2}},{"type":"Feature","geometry":{"type":"Point","coordinates":[121.54663,24.99899]},"properties":{"hotspot_id":"臺北市-51350","hotspot_type":"intersection","county":"臺北市","township":"文山區","road_or_intersection":"興隆路2段","accident_count":9,"motorcycle_accident_count":5,"pedestrian_accident_count":2,"death_count":0,"injury_count":12,"fatal_accident_count":0,"risk_score":70.9,"risk_level":"high","confidence":"probable","motorcycle_accident_ratio":0.5556,"pedestrian_accident_ratio":0.2222}},{"type":"Feature","geometry":{"type":"Point","coordinates":[121.50137,25.0361]},"properties":{"hotspot_id":"臺北市-51084","hotspot_type":"intersection","county":"臺北市","township":"萬華區","road_or_intersection":"三水街 x 康定路","accident_count":5,"motorcycle_accident_count":5,"pedestrian_accident_count":1,"death_count":0,"injury_count":7,"fatal_accident_count":0,"risk_score":70.7,"risk_level":"high","confidence":"confirmed","motorcycle_accident_ratio":1.0,"pedestrian_accident_ratio":0.2}},{"type":"Feature","geometry":{"type":"Point","coordinates":[121.51842,25.08734]},"properties":{"hotspot_id":"臺北市-50176","hotspot_type":"intersection","county":"臺北市","township":"士林區","road_or_intersection":"福港街","accident_count":5,"motorcycle_accident_count":5,"pedestrian_accident_count":1,"death_count":0,"injury_count":7,"fatal_accident_count":0,"risk_score":70.7,"risk_level":"high","confidence":"confirmed","motorcycle_accident_ratio":1.0,"pedestrian_accident_ratio":0.2}},{"type":"Feature","geometry":{"type":"Point","coordinates":[121.51803,25.03289]},"properties":{"hotspot_id":"臺北市-48864","hotspot_type":"intersection","county":"臺北市","township":"中正區","road_or_intersection":"南海路 x 羅斯福路1段","accident_count":5,"motorcycle_accident_count":5,"pedestrian_accident_count":1,"death_count":0,"injury_count":7,"fatal_accident_count":0,"risk_score":70.7,"risk_level":"high","confidence":"confirmed","motorcycle_accident_ratio":1.0,"pedestrian_accident_ratio":0.2}},{"type":"Feature","geometry":{"type":"Point","coordinates":[121.50634,25.116]},"properties":{"hotspot_id":"臺北市-51402","hotspot_type":"road_segment","county":"臺北市","township":"北投區","road_or_intersection":"承德路7段","accident_count":5,"motorcycle_accident_count":5,"pedestrian_accident_count":1,"death_count":0,"injury_count":7,"fatal_accident_count":0,"risk_score":70.7,"risk_level":"high","confidence":"probable","motorcycle_accident_ratio":1.0,"pedestrian_accident_ratio":0.2}},{"type":"Feature","geometry":{"type":"Point","coordinates":[121.5572,25.02164]},"properties":{"hotspot_id":"臺北市-49176","hotspot_type":"intersection","county":"臺北市","township":"信義區","road_or_intersection":"富陽街","accident_count":5,"motorcycle_accident_count":5,"pedestrian_accident_count":1,"death_count":0,"injury_count":7,"fatal_accident_count":0,"risk_score":70.7,"risk_level":"high","confidence":"confirmed","motorcycle_accident_ratio":1.0,"pedestrian_accident_ratio":0.2}},{"type":"Feature","geometry":{"type":"Point","coordinates":[121.55397,25.02013]},"properties":{"hotspot_id":"臺北市-50548","hotspot_type":"intersection","county":"臺北市","township":"大安區","road_or_intersection":"安居街","accident_count":5,"motorcycle_accident_count":5,"pedestrian_accident_count":1,"death_count":0,"injury_count":7,"fatal_accident_count":0,"risk_score":70.7,"risk_level":"high","confidence":"confirmed","motorcycle_accident_ratio":1.0,"pedestrian_accident_ratio":0.2}},{"type":"Feature","geometry":{"type":"Point","coordinates":[121.54365,25.03054]},"properties":{"hotspot_id":"臺北市-51652","hotspot_type":"road_segment","county":"臺北市","township":"大安區","road_or_intersection":"復興南路2段","accident_count":5,"motorcycle_accident_count":5,"pedestrian_accident_count":1,"death_count":0,"injury_count":7,"fatal_accident_count":0,"risk_score":70.7,"risk_level":"high","confidence":"probable","motorcycle_accident_ratio":1.0,"pedestrian_accident_ratio":0.2}},{"type":"Feature","geometry":{"type":"Point","coordinates":[121.52541,25.0857]},"properties":{"hotspot_id":"臺北市-51489","hotspot_type":"road_segment","county":"臺北市","township":"士林區","road_or_intersection":"中山北路5段","accident_count":5,"motorcycle_accident_count":5,"pedestrian_accident_count":1,"death_count":0,"injury_count":7,"fatal_accident_count":0,"risk_score":70.7,"risk_level":"high","confidence":"probable","motorcycle_accident_ratio":1.0,"pedestrian_accident_ratio":0.2}},{"type":"Feature","geometry":{"type":"Point","coordinates":[121.54098,25.05303]},"properties":{"hotspot_id":"臺北市-48718","hotspot_type":"intersection","county":"臺北市","township":"中山區","road_or_intersection":"遼寧街 x 龍江路","accident_count":9,"motorcycle_accident_count":7,"pedestrian_accident_count":1,"death_count":0,"injury_count":11,"fatal_accident_count":0,"risk_score":70.5,"risk_level":"high","confidence":"confirmed","motorcycle_accident_ratio":0.7778,"pedestrian_accident_ratio":0.1111}},{"type":"Feature","geometry":{"type":"Point","coordinates":[121.49291,25.03739]},"properties":{"hotspot_id":"臺北市-51708","hotspot_type":"road_segment","county":"臺北市","township":"萬華區","road_or_intersection":"華江橋前0.0公尺","accident_count":8,"motorcycle_accident_count":6,"pedestrian_accident_count":1,"death_count":0,"injury_count":12,"fatal_accident_count":0,"risk_score":70.5,"risk_level":"high","confidence":"probable","motorcycle_accident_ratio":0.75,"pedestrian_accident_ratio":0.125}},{"type":"Feature","geometry":{"type":"Point","coordinates":[121.52655,25.03018]},"properties":{"hotspot_id":"臺北市-50666","hotspot_type":"intersection","county":"臺北市","township":"大安區","road_or_intersection":"金山南路2段 x 金華街","accident_count":8,"motorcycle_accident_count":7,"pedestrian_accident_count":1,"death_count":0,"injury_count":10,"fatal_accident_count":0,"risk_score":70.5,"risk_level":"high","confidence":"confirmed","motorcycle_accident_ratio":0.875,"pedestrian_accident_ratio":0.125}},{"type":"Feature","geometry":{"type":"Point","coordinates":[121.56651,25.08283]},"properties":{"hotspot_id":"臺北市-49278","hotspot_type":"intersection","county":"臺北市","township":"內湖區","road_or_intersection":"內湖路1段 x 環山路1段","accident_count":8,"motorcycle_accident_count":7,"pedestrian_accident_count":1,"death_count":0,"injury_count":10,"fatal_accident_count":0,"risk_score":70.5,"risk_level":"high","confidence":"confirmed","motorcycle_accident_ratio":0.875,"pedestrian_accident_ratio":0.125}},{"type":"Feature","geometry":{"type":"Point","coordinates":[121.57475,25.0369]},"properties":{"hotspot_id":"臺北市-49228","hotspot_type":"intersection","county":"臺北市","township":"信義區","road_or_intersection":"松德路","accident_count":8,"motorcycle_accident_count":7,"pedestrian_accident_count":1,"death_count":0,"injury_count":10,"fatal_accident_count":0,"risk_score":70.5,"risk_level":"high","confidence":"confirmed","motorcycle_accident_ratio":0.875,"pedestrian_accident_ratio":0.125}},{"type":"Feature","geometry":{"type":"Point","coordinates":[121.5114,25.02798]},"properties":{"hotspot_id":"臺北市-48750","hotspot_type":"intersection","county":"臺北市","township":"中正區","road_or_intersection":"三元街 x 寧波西街","accident_count":7,"motorcycle_accident_count":6,"pedestrian_accident_count":1,"death_count":0,"injury_count":11,"fatal_accident_count":0,"risk_score":70.4,"risk_level":"high","confidence":"confirmed","motorcycle_accident_ratio":0.8571,"pedestrian_accident_ratio":0.1429}},{"type":"Feature","geometry":{"type":"Point","coordinates":[121.49602,25.03889]},"properties":{"hotspot_id":"臺北市-51220","hotspot_type":"intersection","county":"臺北市","township":"萬華區","road_or_intersection":"桂林路 x 環河南路1段","accident_count":7,"motorcycle_accident_count":6,"pedestrian_accident_count":1,"death_count":0,"injury_count":11,"fatal_accident_count":0,"risk_score":70.4,"risk_level":"high","confidence":"confirmed","motorcycle_accident_ratio":0.8571,"pedestrian_accident_ratio":0.1429}},{"type":"Feature","geometry":{"type":"Point","coordinates":[121.51867,25.04853]},"properties":{"hotspot_id":"臺北市-51791","hotspot_type":"intersection","county":"臺北市","township":"大同區市","road_or_intersection":"民大道1段","accident_count":5,"motorcycle_accident_count":4,"pedestrian_accident_count":1,"death_count":1,"injury_count":6,"fatal_accident_count":1,"risk_score":70.4,"risk_level":"high","confidence":"probable","motorcycle_accident_ratio":0.8,"pedestrian_accident_ratio":0.2}},{"type":"Feature","geometry":{"type":"Point","coordinates":[121.55602,25.07713]},"properties":{"hotspot_id":"臺北市-51366","hotspot_type":"road_segment","county":"臺北市","township":"中山區","road_or_intersection":"樂群一路","accident_count":9,"motorcycle_accident_count":4,"pedestrian_accident_count":1,"death_count":0,"injury_count":13,"fatal_accident_count":0,"risk_score":70.3,"risk_level":"high","confidence":"probable","motorcycle_accident_ratio":0.4444,"pedestrian_accident_ratio":0.1111}},{"type":"Feature","geometry":{"type":"Point","coordinates":[121.51791,25.02384]},"properties":{"hotspot_id":"臺北市-48920","hotspot_type":"intersection","county":"臺北市","township":"中正區","road_or_intersection":"廈門街","accident_count":8,"motorcycle_accident_count":6,"pedestrian_accident_count":2,"death_count":0,"injury_count":11,"fatal_accident_count":0,"risk_score":70.3,"risk_level":"high","confidence":"confirmed","motorcycle_accident_ratio":0.75,"pedestrian_accident_ratio":0.25}},{"type":"Feature","geometry":{"type":"Point","coordinates":[121.56266,25.04111]},"properties":{"hotspot_id":"臺北市-51906","hotspot_type":"road_segment","county":"臺北市","township":"信義區","road_or_intersection":"忠孝東路4段","accident_count":10,"motorcycle_accident_count":8,"pedestrian_accident_count":1,"death_count":0,"injury_count":10,"fatal_accident_count":0,"risk_score":70.3,"risk_level":"high","confidence":"probable","motorcycle_accident_ratio":0.8,"pedestrian_accident_ratio":0.1}},{"type":"Feature","geometry":{"type":"Point","coordinates":[121.52545,25.06055]},"properties":{"hotspot_id":"臺北市-51762","hotspot_type":"road_segment","county":"臺北市","township":"中山區","road_or_intersection":"林森北路","accident_count":10,"motorcycle_accident_count":8,"pedestrian_accident_count":1,"death_count":0,"injury_count":10,"fatal_accident_count":0,"risk_score":70.3,"risk_level":"high","confidence":"probable","motorcycle_accident_ratio":0.8,"pedestrian_accident_ratio":0.1}},{"type":"Feature","geometry":{"type":"Point","coordinates":[121.53718,25.05494]},"properties":{"hotspot_id":"臺北市-51781","hotspot_type":"intersection","county":"臺北市","township":"中山區","road_or_intersection":"建國北路2段","accident_count":8,"motorcycle_accident_count":6,"pedestrian_accident_count":2,"death_count":0,"injury_count":11,"fatal_accident_count":0,"risk_score":70.3,"risk_level":"high","confidence":"probable","motorcycle_accident_ratio":0.75,"pedestrian_accident_ratio":0.25}},{"type":"Feature","geometry":{"type":"Point","coordinates":[121.51862,25.06015]},"properties":{"hotspot_id":"臺北市-50407","hotspot_type":"intersection","county":"臺北市","township":"大同區","road_or_intersection":"錦西街","accident_count":8,"motorcycle_accident_count":6,"pedestrian_accident_count":2,"death_count":0,"injury_count":11,"fatal_accident_count":0,"risk_score":70.3,"risk_level":"high","confidence":"confirmed","motorcycle_accident_ratio":0.75,"pedestrian_accident_ratio":0.25}},{"type":"Feature","geometry":{"type":"Point","coordinates":[121.51409,25.07451]},"properties":{"hotspot_id":"臺北市-51596","hotspot_type":"intersection","county":"臺北市","township":"大同區","road_or_intersection":"重慶北路3段","accident_count":9,"motorcycle_accident_count":5,"pedestrian_accident_count":3,"death_count":0,"injury_count":11,"fatal_accident_count":0,"risk_score":70.2,"risk_level":"high","confidence":"probable","motorcycle_accident_ratio":0.5556,"pedestrian_accident_ratio":0.3333}},{"type":"Feature","geometry":{"type":"Point","coordinates":[121.52985,25.04306]},"properties":{"hotspot_id":"臺北市-48954","hotspot_type":"intersection","county":"臺北市","township":"中正區","road_or_intersection":"忠孝東路2段 x 金山南路1段","accident_count":9,"motorcycle_accident_count":5,"pedestrian_accident_count":1,"death_count":0,"injury_count":12,"fatal_accident_count":0,"risk_score":70.0,"risk_level":"high","confidence":"confirmed","motorcycle_accident_ratio":0.5556,"pedestrian_accident_ratio":0.1111}},{"type":"Feature","geometry":{"type":"Point","coordinates":[121.56927,25.04946]},"properties":{"hotspot_id":"臺北市-50963","hotspot_type":"intersection","county":"臺北市","township":"松山區","road_or_intersection":"八德路4段 x 基隆路1段","accident_count":5,"motorcycle_accident_count":4,"pedestrian_accident_count":1,"death_count":1,"injury_count":5,"fatal_accident_count":1,"risk_score":69.9,"risk_level":"high","confidence":"confirmed","motorcycle_accident_ratio":0.8,"pedestrian_accident_ratio":0.2}},{"type":"Feature","geometry":{"type":"Point","coordinates":[121.5197,25.04544]},"properties":{"hotspot_id":"臺北市-48765","hotspot_type":"intersection","county":"臺北市","township":"中正區","road_or_intersection":"中山南路 x 忠孝東路1段","accident_count":4,"motorcycle_accident_count":4,"pedestrian_accident_count":2,"death_count":0,"injury_count":7,"fatal_accident_count":0,"risk_score":69.8,"risk_level":"high","confidence":"confirmed","motorcycle_accident_ratio":1.0,"pedestrian_accident_ratio":0.5}},{"type":"Feature","geometry":{"type":"Point","coordinates":[121.56838,25.02848]},"properties":{"hotspot_id":"臺北市-51654","hotspot_type":"road_segment","county":"臺北市","township":"信義區","road_or_intersection":"松仁路","accident_count":9,"motorcycle_accident_count":6,"pedestrian_accident_count":1,"death_count":0,"injury_count":11,"fatal_accident_count":0,"risk_score":69.6,"risk_level":"high","confidence":"probable","motorcycle_accident_ratio":0.6667,"pedestrian_accident_ratio":0.1111}},{"type":"Feature","geometry":{"type":"Point","coordinates":[121.57777,25.04807]},"properties":{"hotspot_id":"臺北市-49217","hotspot_type":"intersection","county":"臺北市","township":"信義區","road_or_intersection":"松山路 x 松隆路","accident_count":8,"motorcycle_accident_count":6,"pedestrian_accident_count":1,"death_count":0,"injury_count":11,"fatal_accident_count":0,"risk_score":69.5,"risk_level":"high","confidence":"confirmed","motorcycle_accident_ratio":0.75,"pedestrian_accident_ratio":0.125}},{"type":"Feature","geometry":{"type":"Point","coordinates":[121.534,25.10777]},"properties":{"hotspot_id":"臺北市-51387","hotspot_type":"intersection","county":"臺北市","township":"士林區","road_or_intersection":"芝玉路1段","accident_count":8,"motorcycle_accident_count":6,"pedestrian_accident_count":1,"death_count":0,"injury_count":11,"fatal_accident_count":0,"risk_score":69.5,"risk_level":"high","confidence":"probable","motorcycle_accident_ratio":0.75,"pedestrian_accident_ratio":0.125}},{"type":"Feature","geometry":{"type":"Point","coordinates":[121.57841,25.04671]},"properties":{"hotspot_id":"臺北市-51840","hotspot_type":"road_segment","county":"臺北市","township":"信義區","road_or_intersection":"永吉路","accident_count":8,"motorcycle_accident_count":6,"pedestrian_accident_count":3,"death_count":0,"injury_count":10,"fatal_accident_count":0,"risk_score":69.4,"risk_level":"high","confidence":"probable","motorcycle_accident_ratio":0.75,"pedestrian_accident_ratio":0.375}},{"type":"Feature","geometry":{"type":"Point","coordinates":[121.52524,25.05487]},"properties":{"hotspot_id":"臺北市-51768","hotspot_type":"road_segment","county":"臺北市","township":"中山區","road_or_intersection":"林森北路","accident_count":9,"motorcycle_accident_count":7,"pedestrian_accident_count":1,"death_count":0,"injury_count":10,"fatal_accident_count":0,"risk_score":69.4,"risk_level":"high","confidence":"probable","motorcycle_accident_ratio":0.7778,"pedestrian_accident_ratio":0.1111}},{"type":"Feature","geometry":{"type":"Point","coordinates":[121.59514,25.08426]},"properties":{"hotspot_id":"臺北市-49371","hotspot_type":"intersection","county":"臺北市","township":"內湖區","road_or_intersection":"成功路4段 x 金龍路","accident_count":4,"motorcycle_accident_count":4,"pedestrian_accident_count":1,"death_count":0,"injury_count":7,"fatal_accident_count":0,"risk_score":69.4,"risk_level":"high","confidence":"confirmed","motorcycle_accident_ratio":1.0,"pedestrian_accident_ratio":0.25}},{"type":"Feature","geometry":{"type":"Point","coordinates":[121.50034,25.13779]},"properties":{"hotspot_id":"臺北市-49491","hotspot_type":"intersection","county":"臺北市","township":"北投區","road_or_intersection":"中和街 x 秀山路","accident_count":4,"motorcycle_accident_count":4,"pedestrian_accident_count":1,"death_count":0,"injury_count":7,"fatal_accident_count":0,"risk_score":69.4,"risk_level":"high","confidence":"confirmed","motorcycle_accident_ratio":1.0,"pedestrian_accident_ratio":0.25}},{"type":"Feature","geometry":{"type":"Point","coordinates":[121.50862,25.045]},"properties":{"hotspot_id":"臺北市-51248","hotspot_type":"intersection","county":"臺北市","township":"萬華區","road_or_intersection":"漢口街2段 x 西寧南路","accident_count":7,"motorcycle_accident_count":5,"pedestrian_accident_count":3,"death_count":0,"injury_count":11,"fatal_accident_count":0,"risk_score":69.3,"risk_level":"high","confidence":"confirmed","motorcycle_accident_ratio":0.7143,"pedestrian_accident_ratio":0.4286}},{"type":"Feature","geometry":{"type":"Point","coordinates":[121.49677,25.03693]},"properties":{"hotspot_id":"臺北市-51702","hotspot_type":"road_segment","county":"臺北市","township":"萬華區","road_or_intersection":"廣州街","accident_count":8,"motorcycle_accident_count":4,"pedestrian_accident_count":5,"death_count":0,"injury_count":11,"fatal_accident_count":0,"risk_score":69.3,"risk_level":"high","confidence":"probable","motorcycle_accident_ratio":0.5,"pedestrian_accident_ratio":0.625}},{"type":"Feature","geometry":{"type":"Point","coordinates":[121.5222,25.04095]},"properties":{"hotspot_id":"臺北市-48940","hotspot_type":"intersection","county":"臺北市","township":"中正區","road_or_intersection":"徐州路 x 林森南路","accident_count":7,"motorcycle_accident_count":6,"pedestrian_accident_count":1,"death_count":0,"injury_count":10,"fatal_accident_count":0,"risk_score":69.2,"risk_level":"high","confidence":"confirmed","motorcycle_accident_ratio":0.8571,"pedestrian_accident_ratio":0.1429}},{"type":"Feature","geometry":{"type":"Point","coordinates":[121.51904,25.03173]},"properties":{"hotspot_id":"臺北市-48908","hotspot_type":"intersection","county":"臺北市","township":"中正區","road_or_intersection":"寧波西街 x 羅斯福路1段","accident_count":8,"motorcycle_accident_count":6,"pedestrian_accident_count":2,"death_count":0,"injury_count":10,"fatal_accident_count":0,"risk_score":69.2,"risk_level":"high","confidence":"confirmed","motorcycle_accident_ratio":0.75,"pedestrian_accident_ratio":0.25}},{"type":"Feature","geometry":{"type":"Point","coordinates":[121.59431,25.04925]},"properties":{"hotspot_id":"臺北市-49874","hotspot_type":"intersection","county":"臺北市","township":"南港區","road_or_intersection":"昆陽街","accident_count":7,"motorcycle_accident_count":6,"pedestrian_accident_count":1,"death_count":0,"injury_count":10,"fatal_accident_count":0,"risk_score":69.2,"risk_level":"high","confidence":"confirmed","motorcycle_accident_ratio":0.8571,"pedestrian_accident_ratio":0.1429}},{"type":"Feature","geometry":{"type":"Point","coordinates":[121.51589,25.072]},"properties":{"hotspot_id":"臺北市-50264","hotspot_type":"intersection","county":"臺北市","township":"大同區","road_or_intersection":"大龍街 x 酒泉街","accident_count":8,"motorcycle_accident_count":4,"pedestrian_accident_count":4,"death_count":0,"injury_count":11,"fatal_accident_count":0,"risk_score":69.2,"risk_level":"high","confidence":"confirmed","motorcycle_accident_ratio":0.5,"pedestrian_accident_ratio":0.5}},{"type":"Feature","geometry":{"type":"Point","coordinates":[121.51081,25.05692]},"properties":{"hotspot_id":"臺北市-50346","hotspot_type":"intersection","county":"臺北市","township":"大同區","road_or_intersection":"民樂街 x 民生西路","accident_count":7,"motorcycle_accident_count":6,"pedestrian_accident_count":1,"death_count":0,"injury_count":10,"fatal_accident_count":0,"risk_score":69.2,"risk_level":"high","confidence":"confirmed","motorcycle_accident_ratio":0.8571,"pedestrian_accident_ratio":0.1429}},{"type":"Feature","geometry":{"type":"Point","coordinates":[121.50734,25.04761]},"properties":{"hotspot_id":"臺北市-51241","hotspot_type":"intersection","county":"臺北市","township":"萬華區","road_or_intersection":"洛陽街 x 西寧南路","accident_count":7,"motorcycle_accident_count":6,"pedestrian_accident_count":1,"death_count":0,"injury_count":10,"fatal_accident_count":0,"risk_score":69.2,"risk_level":"high","confidence":"confirmed","motorcycle_accident_ratio":0.8571,"pedestrian_accident_ratio":0.1429}},{"type":"Feature","geometry":{"type":"Point","coordinates":[121.59675,25.06785]},"properties":{"hotspot_id":"臺北市-51450","hotspot_type":"intersection","county":"臺北市","township":"內湖區","road_or_intersection":"民權東路6段","accident_count":7,"motorcycle_accident_count":6,"pedestrian_accident_count":1,"death_count":0,"injury_count":10,"fatal_accident_count":0,"risk_score":69.2,"risk_level":"high","confidence":"probable","motorcycle_accident_ratio":0.8571,"pedestrian_accident_ratio":0.1429}},{"type":"Feature","geometry":{"type":"Point","coordinates":[121.55077,25.03318]},"properties":{"hotspot_id":"臺北市-51669","hotspot_type":"intersection","county":"臺北市","township":"大安區","road_or_intersection":"信義路4段","accident_count":9,"motorcycle_accident_count":6,"pedestrian_accident_count":2,"death_count":0,"injury_count":10,"fatal_accident_count":0,"risk_score":69.2,"risk_level":"high","confidence":"probable","motorcycle_accident_ratio":0.6667,"pedestrian_accident_ratio":0.2222}},{"type":"Feature","geometry":{"type":"Point","coordinates":[121.53157,25.05204]},"properties":{"hotspot_id":"臺北市-48413","hotspot_type":"intersection","county":"臺北市","township":"中山區","road_or_intersection":"一江街 x 南京東路2段","accident_count":8,"motorcycle_accident_count":7,"pedestrian_accident_count":1,"death_count":0,"injury_count":9,"fatal_accident_count":0,"risk_score":69.1,"risk_level":"high","confidence":"confirmed","motorcycle_accident_ratio":0.875,"pedestrian_accident_ratio":0.125}},{"type":"Feature","geometry":{"type":"Point","coordinates":[121.58386,25.04207]},"properties":{"hotspot_id":"臺北市-49106","hotspot_type":"intersection","county":"臺北市","township":"信義區","road_or_intersection":"中坡南路","accident_count":8,"motorcycle_accident_count":7,"pedestrian_accident_count":1,"death_count":0,"injury_count":9,"fatal_accident_count":0,"risk_score":69.1,"risk_level":"high","confidence":"confirmed","motorcycle_accident_ratio":0.875,"pedestrian_accident_ratio":0.125}},{"type":"Feature","geometry":{"type":"Point","coordinates":[121.5215,25.02421]},"properties":{"hotspot_id":"臺北市-48884","hotspot_type":"intersection","county":"臺北市","township":"中正區","road_or_intersection":"同安街 x 汀州路2段","accident_count":8,"motorcycle_accident_count":7,"pedestrian_accident_count":1,"death_count":0,"injury_count":9,"fatal_accident_count":0,"risk_score":69.1,"risk_level":"high","confidence":"confirmed","motorcycle_accident_ratio":0.875,"pedestrian_accident_ratio":0.125}},{"type":"Feature","geometry":{"type":"Point","coordinates":[121.56368,25.03591]},"properties":{"hotspot_id":"臺北市-49254","hotspot_type":"intersection","county":"臺北市","township":"信義區市","road_or_intersection":"府路 x 松壽路","accident_count":9,"motorcycle_accident_count":5,"pedestrian_accident_count":1,"death_count":0,"injury_count":11,"fatal_accident_count":0,"risk_score":69.1,"risk_level":"high","confidence":"confirmed","motorcycle_accident_ratio":0.5556,"pedestrian_accident_ratio":0.1111}},{"type":"Feature","geometry":{"type":"Point","coordinates":[121.61451,25.03432]},"properties":{"hotspot_id":"臺北市-49894","hotspot_type":"intersection","county":"臺北市","township":"南港區","road_or_intersection":"研究院路3段","accident_count":8,"motorcycle_accident_count":7,"pedestrian_accident_count":1,"death_count":0,"injury_count":9,"fatal_accident_count":0,"risk_score":69.1,"risk_level":"high","confidence":"confirmed","motorcycle_accident_ratio":0.875,"pedestrian_accident_ratio":0.125}},{"type":"Feature","geometry":{"type":"Point","coordinates":[121.60274,25.05723]},"properties":{"hotspot_id":"臺北市-51570","hotspot_type":"intersection","county":"臺北市","township":"南港區","road_or_intersection":"重陽路","accident_count":8,"motorcycle_accident_count":7,"pedestrian_accident_count":1,"death_count":0,"injury_count":9,"fatal_accident_count":0,"risk_score":69.1,"risk_level":"high","confidence":"probable","motorcycle_accident_ratio":0.875,"pedestrian_accident_ratio":0.125}},{"type":"Feature","geometry":{"type":"Point","coordinates":[121.57117,24.992]},"properties":{"hotspot_id":"臺北市-50831","hotspot_type":"intersection","county":"臺北市","township":"文山區","road_or_intersection":"木柵路4段 x 秀明路1段","accident_count":8,"motorcycle_accident_count":7,"pedestrian_accident_count":1,"death_count":0,"injury_count":9,"fatal_accident_count":0,"risk_score":69.1,"risk_level":"high","confidence":"confirmed","motorcycle_accident_ratio":0.875,"pedestrian_accident_ratio":0.125}},{"type":"Feature","geometry":{"type":"Point","coordinates":[121.51216,25.08637]},"properties":{"hotspot_id":"臺北市-50204","hotspot_type":"intersection","county":"臺北市","township":"士林區","road_or_intersection":"通河西街1段 x 重慶北路4段","accident_count":8,"motorcycle_accident_count":7,"pedestrian_accident_count":1,"death_count":0,"injury_count":9,"fatal_accident_count":0,"risk_score":69.1,"risk_level":"high","confidence":"confirmed","motorcycle_accident_ratio":0.875,"pedestrian_accident_ratio":0.125}},{"type":"Feature","geometry":{"type":"Point","coordinates":[121.56964,25.02301]},"properties":{"hotspot_id":"臺北市-51651","hotspot_type":"road_segment","county":"臺北市","township":"信義區","road_or_intersection":"吳興街","accident_count":5,"motorcycle_accident_count":5,"pedestrian_accident_count":1,"death_count":0,"injury_count":6,"fatal_accident_count":0,"risk_score":68.9,"risk_level":"high","confidence":"probable","motorcycle_accident_ratio":1.0,"pedestrian_accident_ratio":0.2}},{"type":"Feature","geometry":{"type":"Point","coordinates":[121.57241,25.03862]},"properties":{"hotspot_id":"臺北市-51645","hotspot_type":"intersection","county":"臺北市","township":"信義區","road_or_intersection":"忠孝東路5段","accident_count":5,"motorcycle_accident_count":5,"pedestrian_accident_count":1,"death_count":0,"injury_count":6,"fatal_accident_count":0,"risk_score":68.9,"risk_level":"high","confidence":"probable","motorcycle_accident_ratio":1.0,"pedestrian_accident_ratio":0.2}},{"type":"Feature","geometry":{"type":"Point","coordinates":[121.5654,24.98512]},"properties":{"hotspot_id":"臺北市-50728","hotspot_type":"intersection","county":"臺北市","township":"文山區","road_or_intersection":"忠順街2段","accident_count":5,"motorcycle_accident_count":5,"pedestrian_accident_count":1,"death_count":0,"injury_count":6,"fatal_accident_count":0,"risk_score":68.9,"risk_level":"high","confidence":"confirmed","motorcycle_accident_ratio":1.0,"pedestrian_accident_ratio":0.2}},{"type":"Feature","geometry":{"type":"Point","coordinates":[121.5759,25.03738]},"properties":{"hotspot_id":"臺北市-49229","hotspot_type":"intersection","county":"臺北市","township":"信義區","road_or_intersection":"松德路 x 虎林街","accident_count":5,"motorcycle_accident_count":5,"pedestrian_accident_count":1,"death_count":0,"injury_count":6,"fatal_accident_count":0,"risk_score":68.9,"risk_level":"high","confidence":"confirmed","motorcycle_accident_ratio":1.0,"pedestrian_accident_ratio":0.2}},{"type":"Feature","geometry":{"type":"Point","coordinates":[121.51117,25.06352]},"properties":{"hotspot_id":"臺北市-51753","hotspot_type":"intersection","county":"臺北市","township":"大同區","road_or_intersection":"延平北路3段","accident_count":5,"motorcycle_accident_count":5,"pedestrian_accident_count":1,"death_count":0,"injury_count":6,"fatal_accident_count":0,"risk_score":68.9,"risk_level":"high","confidence":"probable","motorcycle_accident_ratio":1.0,"pedestrian_accident_ratio":0.2}},{"type":"Feature","geometry":{"type":"Point","coordinates":[121.5279,25.05211]},"properties":{"hotspot_id":"臺北市-48512","hotspot_type":"intersection","county":"臺北市","township":"中山區","road_or_intersection":"南京東路2段 x 新生北路2段","accident_count":5,"motorcycle_accident_count":5,"pedestrian_accident_count":1,"death_count":0,"injury_count":6,"fatal_accident_count":0,"risk_score":68.9,"risk_level":"high","confidence":"confirmed","motorcycle_accident_ratio":1.0,"pedestrian_accident_ratio":0.2}},{"type":"Feature","geometry":{"type":"Point","coordinates":[121.53845,25.0436]},"properties":{"hotspot_id":"臺北市-48485","hotspot_type":"intersection","county":"臺北市","township":"中山區","road_or_intersection":"八德路2段 x 民大道3段","accident_count":5,"motorcycle_accident_count":5,"pedestrian_accident_count":1,"death_count":0,"injury_count":6,"fatal_accident_count":0,"risk_score":68.9,"risk_level":"high","confidence":"confirmed","motorcycle_accident_ratio":1.0,"pedestrian_accident_ratio":0.2}},{"type":"Feature","geometry":{"type":"Point","coordinates":[121.55766,25.02986]},"properties":{"hotspot_id":"臺北市-49138","hotspot_type":"intersection","county":"臺北市","township":"信義區","road_or_intersection":"光復南路 x 基隆路2段","accident_count":6,"motorcycle_accident_count":5,"pedestrian_accident_count":1,"death_count":0,"injury_count":11,"fatal_accident_count":0,"risk_score":68.8,"risk_level":"high","confidence":"confirmed","motorcycle_accident_ratio":0.8333,"pedestrian_accident_ratio":0.1667}},{"type":"Feature","geometry":{"type":"Point","coordinates":[121.51816,25.08713]},"properties":{"hotspot_id":"臺北市-51473","hotspot_type":"road_segment","county":"臺北市","township":"士林區","road_or_intersection":"中山北路4段","accident_count":9,"motorcycle_accident_count":7,"pedestrian_accident_count":2,"death_count":0,"injury_count":9,"fatal_accident_count":0,"risk_score":68.8,"risk_level":"high","confidence":"probable","motorcycle_accident_ratio":0.7778,"pedestrian_accident_ratio":0.2222}},{"type":"Feature","geometry":{"type":"Point","coordinates":[121.52278,25.05075]},"properties":{"hotspot_id":"臺北市-48427","hotspot_type":"intersection","county":"臺北市","township":"中山區","road_or_intersection":"中山北路1段 x 天津街","accident_count":7,"motorcycle_accident_count":6,"pedestrian_accident_count":3,"death_count":0,"injury_count":9,"fatal_accident_count":0,"risk_score":68.8,"risk_level":"high","confidence":"confirmed","motorcycle_accident_ratio":0.8571,"pedestrian_accident_ratio":0.4286}},{"type":"Feature","geometry":{"type":"Point","coordinates":[121.55203,25.02092]},"properties":{"hotspot_id":"臺北市-50623","hotspot_type":"intersection","county":"臺北市","township":"大安區","road_or_intersection":"樂業街","accident_count":7,"motorcycle_accident_count":6,"pedestrian_accident_count":2,"death_count":0,"injury_count":9,"fatal_accident_count":0,"risk_score":68.6,"risk_level":"high","confidence":"confirmed","motorcycle_accident_ratio":0.8571,"pedestrian_accident_ratio":0.2857}},{"type":"Feature","geometry":{"type":"Point","coordinates":[121.54947,25.05216]},"properties":{"hotspot_id":"臺北市-51676","hotspot_type":"road_segment","county":"臺北市","township":"松山區","road_or_intersection":"南京東路4段","accident_count":8,"motorcycle_accident_count":5,"pedestrian_accident_count":3,"death_count":0,"injury_count":10,"fatal_accident_count":0,"risk_score":68.5,"risk_level":"high","confidence":"probable","motorcycle_accident_ratio":0.625,"pedestrian_accident_ratio":0.375}},{"type":"Feature","geometry":{"type":"Point","coordinates":[121.5295,25.05204]},"properties":{"hotspot_id":"臺北市-48509","hotspot_type":"intersection","county":"臺北市","township":"中山區","road_or_intersection":"南京東路2段 x 吉林路","accident_count":9,"motorcycle_accident_count":4,"pedestrian_accident_count":1,"death_count":0,"injury_count":11,"fatal_accident_count":0,"risk_score":68.5,"risk_level":"high","confidence":"confirmed","motorcycle_accident_ratio":0.4444,"pedestrian_accident_ratio":0.1111}},{"type":"Feature","geometry":{"type":"Point","coordinates":[121.5036,25.04644]},"properties":{"hotspot_id":"臺北市-51247","hotspot_type":"intersection","county":"臺北市","township":"萬華區","road_or_intersection":"漢口街2段 x 環河南路1段","accident_count":9,"motorcycle_accident_count":6,"pedestrian_accident_count":1,"death_count":0,"injury_count":10,"fatal_accident_count":0,"risk_score":68.4,"risk_level":"high","confidence":"confirmed","motorcycle_accident_ratio":0.6667,"pedestrian_accident_ratio":0.1111}},{"type":"Feature","geometry":{"type":"Point","coordinates":[121.5423,25.06158]},"properties":{"hotspot_id":"臺北市-48594","hotspot_type":"intersection","county":"臺北市","township":"中山區","road_or_intersection":"復興北路","accident_count":8,"motorcycle_accident_count":6,"pedestrian_accident_count":1,"death_count":0,"injury_count":10,"fatal_accident_count":0,"risk_score":68.4,"risk_level":"high","confidence":"confirmed","motorcycle_accident_ratio":0.75,"pedestrian_accident_ratio":0.125}},{"type":"Feature","geometry":{"type":"Point","coordinates":[121.51628,25.04676]},"properties":{"hotspot_id":"臺北市-51721","hotspot_type":"intersection","county":"臺北市","township":"中正區","road_or_intersection":"忠孝西路1段","accident_count":9,"motorcycle_accident_count":1,"pedestrian_accident_count":1,"death_count":0,"injury_count":11,"fatal_accident_count":0,"risk_score":68.3,"risk_level":"high","confidence":"probable","motorcycle_accident_ratio":0.1111,"pedestrian_accident_ratio":0.1111}},{"type":"Feature","geometry":{"type":"Point","coordinates":[121.49491,25.01757]},"properties":{"hotspot_id":"臺北市-51265","hotspot_type":"intersection","county":"臺北市","township":"萬華區","road_or_intersection":"環河南路3段 x 萬大路","accident_count":4,"motorcycle_accident_count":3,"pedestrian_accident_count":2,"death_count":1,"injury_count":5,"fatal_accident_count":1,"risk_score":68.3,"risk_level":"high","confidence":"confirmed","motorcycle_accident_ratio":0.75,"pedestrian_accident_ratio":0.5}},{"type":"Feature","geometry":{"type":"Point","coordinates":[121.54173,24.99292]},"properties":{"hotspot_id":"臺北市-50764","hotspot_type":"intersection","county":"臺北市","township":"文山區","road_or_intersection":"景中街 x 景美街","accident_count":6,"motorcycle_accident_count":5,"pedestrian_accident_count":2,"death_count":0,"injury_count":10,"fatal_accident_count":0,"risk_score":68.3,"risk_level":"high","confidence":"confirmed","motorcycle_accident_ratio":0.8333,"pedestrian_accident_ratio":0.3333}},{"type":"Feature","geometry":{"type":"Point","coordinates":[121.46697,25.12057]},"properties":{"hotspot_id":"臺北市-49732","hotspot_type":"intersection","county":"臺北市","township":"北投區","road_or_intersection":"知行路","accident_count":8,"motorcycle_accident_count":6,"pedestrian_accident_count":4,"death_count":0,"injury_count":9,"fatal_accident_count":0,"risk_score":68.2,"risk_level":"medium","confidence":"confirmed","motorcycle_accident_ratio":0.75,"pedestrian_accident_ratio":0.5}},{"type":"Feature","geometry":{"type":"Point","coordinates":[121.56826,25.03489]},"properties":{"hotspot_id":"臺北市-51816","hotspot_type":"road_segment","county":"臺北市","township":"信義區","road_or_intersection":"松仁路","accident_count":9,"motorcycle_accident_count":7,"pedestrian_accident_count":1,"death_count":0,"injury_count":9,"fatal_accident_count":0,"risk_score":68.0,"risk_level":"medium","confidence":"probable","motorcycle_accident_ratio":0.7778,"pedestrian_accident_ratio":0.1111}},{"type":"Feature","geometry":{"type":"Point","coordinates":[121.59411,25.07082]},"properties":{"hotspot_id":"臺北市-51551","hotspot_type":"road_segment","county":"臺北市","township":"內湖區","road_or_intersection":"新湖三路","accident_count":9,"motorcycle_accident_count":7,"pedestrian_accident_count":1,"death_count":0,"injury_count":9,"fatal_accident_count":0,"risk_score":68.0,"risk_level":"medium","confidence":"probable","motorcycle_accident_ratio":0.7778,"pedestrian_accident_ratio":0.1111}},{"type":"Feature","geometry":{"type":"Point","coordinates":[121.53208,25.11297]},"properties":{"hotspot_id":"臺北市-50036","hotspot_type":"intersection","county":"臺北市","township":"士林區","road_or_intersection":"士東路 x 忠誠路2段","accident_count":7,"motorcycle_accident_count":6,"pedestrian_accident_count":1,"death_count":0,"injury_count":9,"fatal_accident_count":0,"risk_score":67.9,"risk_level":"medium","confidence":"confirmed","motorcycle_accident_ratio":0.8571,"pedestrian_accident_ratio":0.1429}},{"type":"Feature","geometry":{"type":"Point","coordinates":[121.5684,25.03896]},"properties":{"hotspot_id":"臺北市-49203","hotspot_type":"intersection","county":"臺北市","township":"信義區","road_or_intersection":"松仁路 x 松高路","accident_count":7,"motorcycle_accident_count":6,"pedestrian_accident_count":1,"death_count":0,"injury_count":9,"fatal_accident_count":0,"risk_score":67.9,"risk_level":"medium","confidence":"confirmed","motorcycle_accident_ratio":0.8571,"pedestrian_accident_ratio":0.1429}},{"type":"Feature","geometry":{"type":"Point","coordinates":[121.58618,25.039]},"properties":{"hotspot_id":"臺北市-51644","hotspot_type":"intersection","county":"臺北市","township":"信義區","road_or_intersection":"福德街","accident_count":9,"motorcycle_accident_count":5,"pedestrian_accident_count":1,"death_count":0,"injury_count":10,"fatal_accident_count":0,"risk_score":67.9,"risk_level":"medium","confidence":"probable","motorcycle_accident_ratio":0.5556,"pedestrian_accident_ratio":0.1111}},{"type":"Feature","geometry":{"type":"Point","coordinates":[121.5059,25.04276]},"properties":{"hotspot_id":"臺北市-51200","hotspot_type":"intersection","county":"臺北市","township":"萬華區","road_or_intersection":"成都路 x 西寧南路","accident_count":7,"motorcycle_accident_count":6,"pedestrian_accident_count":1,"death_count":0,"injury_count":9,"fatal_accident_count":0,"risk_score":67.9,"risk_level":"medium","confidence":"confirmed","motorcycle_accident_ratio":0.8571,"pedestrian_accident_ratio":0.1429}},{"type":"Feature","geometry":{"type":"Point","coordinates":[121.52715,25.06204]},"properties":{"hotspot_id":"臺北市-48648","hotspot_type":"intersection","county":"臺北市","township":"中山區","road_or_intersection":"新生北路3段 x 民權東路2段","accident_count":7,"motorcycle_accident_count":6,"pedestrian_accident_count":1,"death_count":0,"injury_count":9,"fatal_accident_count":0,"risk_score":67.9,"risk_level":"medium","confidence":"confirmed","motorcycle_accident_ratio":0.8571,"pedestrian_accident_ratio":0.1429}},{"type":"Feature","geometry":{"type":"Point","coordinates":[121.55692,24.98085]},"properties":{"hotspot_id":"臺北市-51397","hotspot_type":"road_segment","county":"臺北市","township":"文山區","road_or_intersection":"木新路3段","accident_count":8,"motorcycle_accident_count":6,"pedestrian_accident_count":2,"death_count":0,"injury_count":9,"fatal_accident_count":0,"risk_score":67.8,"risk_level":"medium","confidence":"probable","motorcycle_accident_ratio":0.75,"pedestrian_accident_ratio":0.25}},{"type":"Feature","geometry":{"type":"Point","coordinates":[121.6076,25.05331]},"properties":{"hotspot_id":"臺北市-49927","hotspot_type":"intersection","county":"臺北市","township":"南港區市","road_or_intersection":"民大道8段 x 興中路","accident_count":6,"motorcycle_accident_count":5,"pedestrian_accident_count":1,"death_count":0,"injury_count":10,"fatal_accident_count":0,"risk_score":67.7,"risk_level":"medium","confidence":"confirmed","motorcycle_accident_ratio":0.8333,"pedestrian_accident_ratio":0.1667}},{"type":"Feature","geometry":{"type":"Point","coordinates":[121.53184,25.11798]},"properties":{"hotspot_id":"臺北市-50058","hotspot_type":"intersection","county":"臺北市","township":"士林區","road_or_intersection":"天母東路 x 忠誠路2段","accident_count":6,"motorcycle_accident_count":5,"pedestrian_accident_count":1,"death_count":0,"injury_count":10,"fatal_accident_count":0,"risk_score":67.7,"risk_level":"medium","confidence":"confirmed","motorcycle_accident_ratio":0.8333,"pedestrian_accident_ratio":0.1667}},{"type":"Feature","geometry":{"type":"Point","coordinates":[121.50441,25.03904]},"properties":{"hotspot_id":"臺北市-51307","hotspot_type":"intersection","county":"臺北市","township":"萬華區","road_or_intersection":"貴陽街2段","accident_count":6,"motorcycle_accident_count":5,"pedestrian_accident_count":1,"death_count":0,"injury_count":10,"fatal_accident_count":0,"risk_score":67.7,"risk_level":"medium","confidence":"confirmed","motorcycle_accident_ratio":0.8333,"pedestrian_accident_ratio":0.1667}},{"type":"Feature","geometry":{"type":"Point","coordinates":[121.50311,25.08875]},"properties":{"hotspot_id":"臺北市-51472","hotspot_type":"road_segment","county":"臺北市","township":"士林區","road_or_intersection":"環河北路3段","accident_count":8,"motorcycle_accident_count":3,"pedestrian_accident_count":1,"death_count":0,"injury_count":11,"fatal_accident_count":0,"risk_score":67.7,"risk_level":"medium","confidence":"probable","motorcycle_accident_ratio":0.375,"pedestrian_accident_ratio":0.125}},{"type":"Feature","geometry":{"type":"Point","coordinates":[121.52645,25.01361]},"properties":{"hotspot_id":"臺北市-51556","hotspot_type":"intersection","county":"臺北市","township":"中正區","road_or_intersection":"古亭河濱公園前0.0公尺","accident_count":7,"motorcycle_accident_count":1,"pedestrian_accident_count":1,"death_count":0,"injury_count":12,"fatal_accident_count":0,"risk_score":67.7,"risk_level":"medium","confidence":"probable","motorcycle_accident_ratio":0.1429,"pedestrian_accident_ratio":0.1429}},{"type":"Feature","geometry":{"type":"Point","coordinates":[121.5239,25.04936]},"properties":{"hotspot_id":"臺北市-51757","hotspot_type":"road_segment","county":"臺北市","township":"中山區","road_or_intersection":"長安東路1段","accident_count":6,"motorcycle_accident_count":5,"pedestrian_accident_count":1,"death_count":0,"injury_count":10,"fatal_accident_count":0,"risk_score":67.7,"risk_level":"medium","confidence":"probable","motorcycle_accident_ratio":0.8333,"pedestrian_accident_ratio":0.1667}},{"type":"Feature","geometry":{"type":"Point","coordinates":[121.52186,25.02823]},"properties":{"hotspot_id":"臺北市-48993","hotspot_type":"intersection","county":"臺北市","township":"中正區","road_or_intersection":"杭州南路2段 x 羅斯福路2段","accident_count":4,"motorcycle_accident_count":4,"pedestrian_accident_count":1,"death_count":0,"injury_count":6,"fatal_accident_count":0,"risk_score":67.6,"risk_level":"medium","confidence":"confirmed","motorcycle_accident_ratio":1.0,"pedestrian_accident_ratio":0.25}},{"type":"Feature","geometry":{"type":"Point","coordinates":[121.57369,25.07387]},"properties":{"hotspot_id":"臺北市-49430","hotspot_type":"intersection","county":"臺北市","township":"內湖區","road_or_intersection":"港墘路 x 舊宗路2段","accident_count":4,"motorcycle_accident_count":4,"pedestrian_accident_count":1,"death_count":0,"injury_count":6,"fatal_accident_count":0,"risk_score":67.6,"risk_level":"medium","confidence":"confirmed","motorcycle_accident_ratio":1.0,"pedestrian_accident_ratio":0.25}},{"type":"Feature","geometry":{"type":"Point","coordinates":[121.59528,25.08415]},"properties":{"hotspot_id":"臺北市-49370","hotspot_type":"intersection","county":"臺北市","township":"內湖區","road_or_intersection":"成功路4段 x 金湖路","accident_count":4,"motorcycle_accident_count":4,"pedestrian_accident_count":1,"death_count":0,"injury_count":6,"fatal_accident_count":0,"risk_score":67.6,"risk_level":"medium","confidence":"confirmed","motorcycle_accident_ratio":1.0,"pedestrian_accident_ratio":0.25}},{"type":"Feature","geometry":{"type":"Point","coordinates":[121.52274,25.10185]},"properties":{"hotspot_id":"臺北市-50167","hotspot_type":"intersection","county":"臺北市","township":"士林區","road_or_intersection":"福國路 x 福華路","accident_count":4,"motorcycle_accident_count":4,"pedestrian_accident_count":1,"death_count":0,"injury_count":6,"fatal_accident_count":0,"risk_score":67.6,"risk_level":"medium","confidence":"confirmed","motorcycle_accident_ratio":1.0,"pedestrian_accident_ratio":0.25}},{"type":"Feature","geometry":{"type":"Point","coordinates":[121.52325,25.1042]},"properties":{"hotspot_id":"臺北市-50179","hotspot_type":"intersection","county":"臺北市","township":"士林區","road_or_intersection":"福華路","accident_count":4,"motorcycle_accident_count":4,"pedestrian_accident_count":1,"death_count":0,"injury_count":6,"fatal_accident_count":0,"risk_score":67.6,"risk_level":"medium","confidence":"confirmed","motorcycle_accident_ratio":1.0,"pedestrian_accident_ratio":0.25}},{"type":"Feature","geometry":{"type":"Point","coordinates":[121.50059,25.0311]},"properties":{"hotspot_id":"臺北市-51279","hotspot_type":"intersection","county":"臺北市","township":"萬華區","road_or_intersection":"莒光路 x 萬大路","accident_count":4,"motorcycle_accident_count":4,"pedestrian_accident_count":1,"death_count":0,"injury_count":6,"fatal_accident_count":0,"risk_score":67.6,"risk_level":"medium","confidence":"confirmed","motorcycle_accident_ratio":1.0,"pedestrian_accident_ratio":0.25}},{"type":"Feature","geometry":{"type":"Point","coordinates":[121.5045,25.04159]},"properties":{"hotspot_id":"臺北市-51116","hotspot_type":"intersection","county":"臺北市","township":"萬華區","road_or_intersection":"內江街 x 昆明街","accident_count":7,"motorcycle_accident_count":4,"pedestrian_accident_count":4,"death_count":0,"injury_count":10,"fatal_accident_count":0,"risk_score":67.5,"risk_level":"medium","confidence":"confirmed","motorcycle_accident_ratio":0.5714,"pedestrian_accident_ratio":0.5714}},{"type":"Feature","geometry":{"type":"Point","coordinates":[121.53431,25.0404]},"properties":{"hotspot_id":"臺北市-51642","hotspot_type":"road_segment","county":"臺北市","township":"大安區","road_or_intersection":"濟南路3段","accident_count":7,"motorcycle_accident_count":6,"pedestrian_accident_count":4,"death_count":0,"injury_count":8,"fatal_accident_count":0,"risk_score":67.5,"risk_level":"medium","confidence":"probable","motorcycle_accident_ratio":0.8571,"pedestrian_accident_ratio":0.5714}},{"type":"Feature","geometry":{"type":"Point","coordinates":[121.54351,25.0332]},"properties":{"hotspot_id":"臺北市-50448","hotspot_type":"intersection","county":"臺北市","township":"大安區","road_or_intersection":"信義路3段 x 復興南路2段","accident_count":8,"motorcycle_accident_count":5,"pedestrian_accident_count":1,"death_count":0,"injury_count":10,"fatal_accident_count":0,"risk_score":67.4,"risk_level":"medium","confidence":"confirmed","motorcycle_accident_ratio":0.625,"pedestrian_accident_ratio":0.125}},{"type":"Feature","geometry":{"type":"Point","coordinates":[121.55047,25.02263]},"properties":{"hotspot_id":"臺北市-51825","hotspot_type":"intersection","county":"臺北市","township":"大安區","road_or_intersection":"基隆路2段","accident_count":7,"motorcycle_accident_count":5,"pedestrian_accident_count":1,"death_count":0,"injury_count":10,"fatal_accident_count":0,"risk_score":67.2,"risk_level":"medium","confidence":"probable","motorcycle_accident_ratio":0.7143,"pedestrian_accident_ratio":0.1429}},{"type":"Feature","geometry":{"type":"Point","coordinates":[121.58206,25.06055]},"properties":{"hotspot_id":"臺北市-49457","hotspot_type":"intersection","county":"臺北市","township":"內湖區","road_or_intersection":"行善路","accident_count":7,"motorcycle_accident_count":5,"pedestrian_accident_count":1,"death_count":0,"injury_count":10,"fatal_accident_count":0,"risk_score":67.2,"risk_level":"medium","confidence":"confirmed","motorcycle_accident_ratio":0.7143,"pedestrian_accident_ratio":0.1429}},{"type":"Feature","geometry":{"type":"Point","coordinates":[121.5577,25.04136]},"properties":{"hotspot_id":"臺北市-50469","hotspot_type":"intersection","county":"臺北市","township":"大安區","road_or_intersection":"光復南路 x 忠孝東路4段","accident_count":7,"motorcycle_accident_count":5,"pedestrian_accident_count":1,"death_count":0,"injury_count":10,"fatal_accident_count":0,"risk_score":67.2,"risk_level":"medium","confidence":"confirmed","motorcycle_accident_ratio":0.7143,"pedestrian_accident_ratio":0.1429}},{"type":"Feature","geometry":{"type":"Point","coordinates":[121.57779,25.04355]},"properties":{"hotspot_id":"臺北市-51880","hotspot_type":"intersection","county":"臺北市","township":"信義區","road_or_intersection":"松山路","accident_count":7,"motorcycle_accident_count":5,"pedestrian_accident_count":1,"death_count":0,"injury_count":10,"fatal_accident_count":0,"risk_score":67.2,"risk_level":"medium","confidence":"probable","motorcycle_accident_ratio":0.7143,"pedestrian_accident_ratio":0.1429}},{"type":"Feature","geometry":{"type":"Point","coordinates":[121.5287,25.0483]},"properties":{"hotspot_id":"臺北市-48632","hotspot_type":"intersection","county":"臺北市","township":"中山區","road_or_intersection":"新生北路1段 x 長安東路1段","accident_count":9,"motorcycle_accident_count":6,"pedestrian_accident_count":1,"death_count":0,"injury_count":9,"fatal_accident_count":0,"risk_score":67.1,"risk_level":"medium","confidence":"confirmed","motorcycle_accident_ratio":0.6667,"pedestrian_accident_ratio":0.1111}},{"type":"Feature","geometry":{"type":"Point","coordinates":[121.56633,25.06314]},"properties":{"hotspot_id":"臺北市-51031","hotspot_type":"intersection","county":"臺北市","township":"松山區","road_or_intersection":"撫遠街","accident_count":8,"motorcycle_accident_count":5,"pedestrian_accident_count":3,"death_count":0,"injury_count":9,"fatal_accident_count":0,"risk_score":67.1,"risk_level":"medium","confidence":"confirmed","motorcycle_accident_ratio":0.625,"pedestrian_accident_ratio":0.375}},{"type":"Feature","geometry":{"type":"Point","coordinates":[121.50039,25.13422]},"properties":{"hotspot_id":"臺北市-51429","hotspot_type":"road_segment","county":"臺北市","township":"北投區","road_or_intersection":"中央北路1段","accident_count":6,"motorcycle_accident_count":5,"pedestrian_accident_count":3,"death_count":0,"injury_count":9,"fatal_accident_count":0,"risk_score":67.1,"risk_level":"medium","confidence":"probable","motorcycle_accident_ratio":0.8333,"pedestrian_accident_ratio":0.5}},{"type":"Feature","geometry":{"type":"Point","coordinates":[121.61473,25.05289]},"properties":{"hotspot_id":"臺北市-51604","hotspot_type":"road_segment","county":"臺北市","township":"南港區","road_or_intersection":"忠孝東路7段","accident_count":5,"motorcycle_accident_count":5,"pedestrian_accident_count":1,"death_count":0,"injury_count":5,"fatal_accident_count":0,"risk_score":67.0,"risk_level":"medium","confidence":"probable","motorcycle_accident_ratio":1.0,"pedestrian_accident_ratio":0.2}},{"type":"Feature","geometry":{"type":"Point","coordinates":[121.50472,25.12708]},"properties":{"hotspot_id":"臺北市-49475","hotspot_type":"intersection","county":"臺北市","township":"北投區","road_or_intersection":"三合街1段","accident_count":8,"motorcycle_accident_count":6,"pedestrian_accident_count":1,"death_count":0,"injury_count":9,"fatal_accident_count":0,"risk_score":67.0,"risk_level":"medium","confidence":"confirmed","motorcycle_accident_ratio":0.75,"pedestrian_accident_ratio":0.125}},{"type":"Feature","geometry":{"type":"Point","coordinates":[121.50009,25.04078]},"properties":{"hotspot_id":"臺北市-51696","hotspot_type":"intersection","county":"臺北市","township":"萬華區","road_or_intersection":"西園路1段","accident_count":5,"motorcycle_accident_count":5,"pedestrian_accident_count":1,"death_count":0,"injury_count":5,"fatal_accident_count":0,"risk_score":67.0,"risk_level":"medium","confidence":"probable","motorcycle_accident_ratio":1.0,"pedestrian_accident_ratio":0.2}},{"type":"Feature","geometry":{"type":"Point","coordinates":[121.49925,25.03612]},"properties":{"hotspot_id":"臺北市-51291","hotspot_type":"intersection","county":"臺北市","township":"萬華區","road_or_intersection":"西園路1段","accident_count":8,"motorcycle_accident_count":6,"pedestrian_accident_count":1,"death_count":0,"injury_count":9,"fatal_accident_count":0,"risk_score":67.0,"risk_level":"medium","confidence":"confirmed","motorcycle_accident_ratio":0.75,"pedestrian_accident_ratio":0.125}},{"type":"Feature","geometry":{"type":"Point","coordinates":[121.58056,25.04545]},"properties":{"hotspot_id":"臺北市-49105","hotspot_type":"intersection","county":"臺北市","township":"信義區","road_or_intersection":"中坡北路 x 永吉路","accident_count":8,"motorcycle_accident_count":5,"pedestrian_accident_count":2,"death_count":0,"injury_count":9,"fatal_accident_count":0,"risk_score":66.9,"risk_level":"medium","confidence":"confirmed","motorcycle_accident_ratio":0.625,"pedestrian_accident_ratio":0.25}},{"type":"Feature","geometry":{"type":"Point","coordinates":[121.5561,25.04807]},"properties":{"hotspot_id":"臺北市-51626","hotspot_type":"road_segment","county":"臺北市","township":"松山區","road_or_intersection":"八德路3段","accident_count":6,"motorcycle_accident_count":5,"pedestrian_accident_count":2,"death_count":0,"injury_count":9,"fatal_accident_count":0,"risk_score":66.9,"risk_level":"medium","confidence":"probable","motorcycle_accident_ratio":0.8333,"pedestrian_accident_ratio":0.3333}},{"type":"Feature","geometry":{"type":"Point","coordinates":[121.49937,25.13059]},"properties":{"hotspot_id":"臺北市-49558","hotspot_type":"intersection","county":"臺北市","township":"北投區","road_or_intersection":"北投路2段 x 大興街","accident_count":6,"motorcycle_accident_count":5,"pedestrian_accident_count":2,"death_count":0,"injury_count":9,"fatal_accident_count":0,"risk_score":66.9,"risk_level":"medium","confidence":"confirmed","motorcycle_accident_ratio":0.8333,"pedestrian_accident_ratio":0.3333}},{"type":"Feature","geometry":{"type":"Point","coordinates":[121.55794,25.01963]},"properties":{"hotspot_id":"臺北市-51754","hotspot_type":"intersection","county":"臺北市","township":"信義區","road_or_intersection":"和平東路3段","accident_count":7,"motorcycle_accident_count":6,"pedestrian_accident_count":1,"death_count":0,"injury_count":8,"fatal_accident_count":0,"risk_score":66.4,"risk_level":"medium","confidence":"probable","motorcycle_accident_ratio":0.8571,"pedestrian_accident_ratio":0.1429}},{"type":"Feature","geometry":{"type":"Point","coordinates":[121.49896,25.0359]},"properties":{"hotspot_id":"臺北市-51688","hotspot_type":"road_segment","county":"臺北市","township":"萬華區","road_or_intersection":"和平西路3段","accident_count":7,"motorcycle_accident_count":6,"pedestrian_accident_count":1,"death_count":0,"injury_count":8,"fatal_accident_count":0,"risk_score":66.4,"risk_level":"medium","confidence":"probable","motorcycle_accident_ratio":0.8571,"pedestrian_accident_ratio":0.1429}},{"type":"Feature","geometry":{"type":"Point","coordinates":[121.55348,25.05154]},"properties":{"hotspot_id":"臺北市-51677","hotspot_type":"intersection","county":"臺北市","township":"松山區","road_or_intersection":"南京東路4段","accident_count":7,"motorcycle_accident_count":6,"pedestrian_accident_count":1,"death_count":0,"injury_count":8,"fatal_accident_count":0,"risk_score":66.4,"risk_level":"medium","confidence":"probable","motorcycle_accident_ratio":0.8571,"pedestrian_accident_ratio":0.1429}},{"type":"Feature","geometry":{"type":"Point","coordinates":[121.50208,25.02953]},"properties":{"hotspot_id":"臺北市-51303","hotspot_type":"intersection","county":"臺北市","township":"萬華區","road_or_intersection":"西藏路","accident_count":6,"motorcycle_accident_count":4,"pedestrian_accident_count":2,"death_count":0,"injury_count":10,"fatal_accident_count":0,"risk_score":66.4,"risk_level":"medium","confidence":"confirmed","motorcycle_accident_ratio":0.6667,"pedestrian_accident_ratio":0.3333}},{"type":"Feature","geometry":{"type":"Point","coordinates":[121.49546,25.03347]},"properties":{"hotspot_id":"臺北市-51148","hotspot_type":"intersection","county":"臺北市","township":"萬華區","road_or_intersection":"大理街","accident_count":7,"motorcycle_accident_count":6,"pedestrian_accident_count":1,"death_count":0,"injury_count":8,"fatal_accident_count":0,"risk_score":66.4,"risk_level":"medium","confidence":"confirmed","motorcycle_accident_ratio":0.8571,"pedestrian_accident_ratio":0.1429}},{"type":"Feature","geometry":{"type":"Point","coordinates":[121.52902,25.05528]},"properties":{"hotspot_id":"臺北市-48537","hotspot_type":"intersection","county":"臺北市","township":"中山區","road_or_intersection":"吉林路 x 松江路","accident_count":7,"motorcycle_accident_count":6,"pedestrian_accident_count":1,"death_count":0,"injury_count":8,"fatal_accident_count":0,"risk_score":66.4,"risk_level":"medium","confidence":"confirmed","motorcycle_accident_ratio":0.8571,"pedestrian_accident_ratio":0.1429}},{"type":"Feature","geometry":{"type":"Point","coordinates":[121.58076,25.08465]},"properties":{"hotspot_id":"臺北市-49286","hotspot_type":"intersection","county":"臺北市","township":"內湖區","road_or_intersection":"內湖路2段 x 環山路3段","accident_count":7,"motorcycle_accident_count":6,"pedestrian_accident_count":1,"death_count":0,"injury_count":8,"fatal_accident_count":0,"risk_score":66.4,"risk_level":"medium","confidence":"confirmed","motorcycle_accident_ratio":0.8571,"pedestrian_accident_ratio":0.1429}},{"type":"Feature","geometry":{"type":"Point","coordinates":[121.53173,25.03416]},"properties":{"hotspot_id":"臺北市-48816","hotspot_type":"intersection","county":"臺北市","township":"中正區","road_or_intersection":"信義路2段 x 新生南路1段","accident_count":7,"motorcycle_accident_count":6,"pedestrian_accident_count":1,"death_count":0,"injury_count":8,"fatal_accident_count":0,"risk_score":66.4,"risk_level":"medium","confidence":"confirmed","motorcycle_accident_ratio":0.8571,"pedestrian_accident_ratio":0.1429}},{"type":"Feature","geometry":{"type":"Point","coordinates":[121.52139,25.11902]},"properties":{"hotspot_id":"臺北市-49664","hotspot_type":"intersection","county":"臺北市","township":"北投區","road_or_intersection":"振興街 x 石牌路2段","accident_count":8,"motorcycle_accident_count":6,"pedestrian_accident_count":2,"death_count":0,"injury_count":8,"fatal_accident_count":0,"risk_score":66.3,"risk_level":"medium","confidence":"confirmed","motorcycle_accident_ratio":0.75,"pedestrian_accident_ratio":0.25}},{"type":"Feature","geometry":{"type":"Point","coordinates":[121.55108,25.0797]},"properties":{"hotspot_id":"臺北市-48655","hotspot_type":"intersection","county":"臺北市","township":"中山區","road_or_intersection":"明水路 x 樂群二路","accident_count":6,"motorcycle_accident_count":5,"pedestrian_accident_count":1,"death_count":0,"injury_count":9,"fatal_accident_count":0,"risk_score":66.3,"risk_level":"medium","confidence":"confirmed","motorcycle_accident_ratio":0.8333,"pedestrian_accident_ratio":0.1667}},{"type":"Feature","geometry":{"type":"Point","coordinates":[121.54635,25.08262]},"properties":{"hotspot_id":"臺北市-48560","hotspot_type":"intersection","county":"臺北市","township":"中山區","road_or_intersection":"大直街","accident_count":8,"motorcycle_accident_count":6,"pedestrian_accident_count":2,"death_count":0,"injury_count":8,"fatal_accident_count":0,"risk_score":66.3,"risk_level":"medium","confidence":"confirmed","motorcycle_accident_ratio":0.75,"pedestrian_accident_ratio":0.25}},{"type":"Feature","geometry":{"type":"Point","coordinates":[121.56672,25.05886]},"properties":{"hotspot_id":"臺北市-51047","hotspot_type":"intersection","county":"臺北市","township":"松山區","road_or_intersection":"新東街 x 民生東路5段","accident_count":8,"motorcycle_accident_count":4,"pedestrian_accident_count":2,"death_count":0,"injury_count":9,"fatal_accident_count":0,"risk_score":66.3,"risk_level":"medium","confidence":"confirmed","motorcycle_accident_ratio":0.5,"pedestrian_accident_ratio":0.25}},{"type":"Feature","geometry":{"type":"Point","coordinates":[121.51628,25.04892]},"properties":{"hotspot_id":"臺北市-50315","hotspot_type":"intersection","county":"臺北市","township":"大同區","road_or_intersection":"承德路1段 x 鄭州路","accident_count":3,"motorcycle_accident_count":3,"pedestrian_accident_count":1,"death_count":0,"injury_count":6,"fatal_accident_count":0,"risk_score":66.3,"risk_level":"medium","confidence":"confirmed","motorcycle_accident_ratio":1.0,"pedestrian_accident_ratio":0.3333}},{"type":"Feature","geometry":{"type":"Point","coordinates":[121.58327,24.98168]},"properties":{"hotspot_id":"臺北市-50745","hotspot_type":"intersection","county":"臺北市","township":"文山區","road_or_intersection":"指南路3段","accident_count":6,"motorcycle_accident_count":5,"pedestrian_accident_count":1,"death_count":0,"injury_count":9,"fatal_accident_count":0,"risk_score":66.3,"risk_level":"medium","confidence":"confirmed","motorcycle_accident_ratio":0.8333,"pedestrian_accident_ratio":0.1667}},{"type":"Feature","geometry":{"type":"Point","coordinates":[121.55543,25.02387]},"properties":{"hotspot_id":"臺北市-51797","hotspot_type":"road_segment","county":"臺北市","township":"信義區","road_or_intersection":"信安街","accident_count":6,"motorcycle_accident_count":5,"pedestrian_accident_count":1,"death_count":0,"injury_count":9,"fatal_accident_count":0,"risk_score":66.3,"risk_level":"medium","confidence":"probable","motorcycle_accident_ratio":0.8333,"pedestrian_accident_ratio":0.1667}},{"type":"Feature","geometry":{"type":"Point","coordinates":[121.58088,25.06344]},"properties":{"hotspot_id":"臺北市-49393","hotspot_type":"intersection","county":"臺北市","township":"內湖區","road_or_intersection":"新湖二路","accident_count":3,"motorcycle_accident_count":3,"pedestrian_accident_count":1,"death_count":0,"injury_count":6,"fatal_accident_count":0,"risk_score":66.3,"risk_level":"medium","confidence":"confirmed","motorcycle_accident_ratio":1.0,"pedestrian_accident_ratio":0.3333}},{"type":"Feature","geometry":{"type":"Point","coordinates":[121.53787,25.03371]},"properties":{"hotspot_id":"臺北市-50445","hotspot_type":"intersection","county":"臺北市","township":"大安區","road_or_intersection":"信義路3段 x 建國南路1段","accident_count":8,"motorcycle_accident_count":5,"pedestrian_accident_count":1,"death_count":0,"injury_count":9,"fatal_accident_count":0,"risk_score":66.1,"risk_level":"medium","confidence":"confirmed","motorcycle_accident_ratio":0.625,"pedestrian_accident_ratio":0.125}},{"type":"Feature","geometry":{"type":"Point","coordinates":[121.51864,25.07191]},"properties":{"hotspot_id":"臺北市-50285","hotspot_type":"intersection","county":"臺北市","township":"大同區","road_or_intersection":"庫倫街 x 承德路3段","accident_count":7,"motorcycle_accident_count":5,"pedestrian_accident_count":1,"death_count":0,"injury_count":9,"fatal_accident_count":0,"risk_score":65.9,"risk_level":"medium","confidence":"confirmed","motorcycle_accident_ratio":0.7143,"pedestrian_accident_ratio":0.1429}},{"type":"Feature","geometry":{"type":"Point","coordinates":[121.6169,25.05298]},"properties":{"hotspot_id":"臺北市-49855","hotspot_type":"intersection","county":"臺北市","township":"南港區","road_or_intersection":"富康街 x 研究院路1段","accident_count":7,"motorcycle_accident_count":5,"pedestrian_accident_count":1,"death_count":0,"injury_count":9,"fatal_accident_count":0,"risk_score":65.9,"risk_level":"medium","confidence":"confirmed","motorcycle_accident_ratio":0.7143,"pedestrian_accident_ratio":0.1429}},{"type":"Feature","geometry":{"type":"Point","coordinates":[121.51613,25.05364]},"properties":{"hotspot_id":"臺北市-50226","hotspot_type":"intersection","county":"臺北市","township":"大同區","road_or_intersection":"南京西路 x 太原路","accident_count":7,"motorcycle_accident_count":5,"pedestrian_accident_count":1,"death_count":0,"injury_count":9,"fatal_accident_count":0,"risk_score":65.9,"risk_level":"medium","confidence":"confirmed","motorcycle_accident_ratio":0.7143,"pedestrian_accident_ratio":0.1429}},{"type":"Feature","geometry":{"type":"Point","coordinates":[121.52911,25.01963]},"properties":{"hotspot_id":"臺北市-49052","hotspot_type":"intersection","county":"臺北市","township":"中正區","road_or_intersection":"羅斯福路3段 x 辛亥路1段","accident_count":7,"motorcycle_accident_count":3,"pedestrian_accident_count":1,"death_count":0,"injury_count":10,"fatal_accident_count":0,"risk_score":65.7,"risk_level":"medium","confidence":"confirmed","motorcycle_accident_ratio":0.4286,"pedestrian_accident_ratio":0.1429}},{"type":"Feature","geometry":{"type":"Point","coordinates":[121.58743,25.04312]},"properties":{"hotspot_id":"臺北市-49868","hotspot_type":"intersection","county":"臺北市","township":"南港區","road_or_intersection":"成福路","accident_count":6,"motorcycle_accident_count":4,"pedestrian_accident_count":1,"death_count":0,"injury_count":10,"fatal_accident_count":0,"risk_score":65.7,"risk_level":"medium","confidence":"confirmed","motorcycle_accident_ratio":0.6667,"pedestrian_accident_ratio":0.1667}},{"type":"Feature","geometry":{"type":"Point","coordinates":[121.56729,25.0389]},"properties":{"hotspot_id":"臺北市-51877","hotspot_type":"road_segment","county":"臺北市","township":"信義區","road_or_intersection":"松高路","accident_count":6,"motorcycle_accident_count":4,"pedestrian_accident_count":1,"death_count":0,"injury_count":10,"fatal_accident_count":0,"risk_score":65.7,"risk_level":"medium","confidence":"probable","motorcycle_accident_ratio":0.6667,"pedestrian_accident_ratio":0.1667}},{"type":"Feature","geometry":{"type":"Point","coordinates":[121.55789,25.04435]},"properties":{"hotspot_id":"臺北市-51875","hotspot_type":"intersection","county":"臺北市","township":"信義區","road_or_intersection":"光復南路","accident_count":7,"motorcycle_accident_count":4,"pedestrian_accident_count":2,"death_count":0,"injury_count":9,"fatal_accident_count":0,"risk_score":65.7,"risk_level":"medium","confidence":"probable","motorcycle_accident_ratio":0.5714,"pedestrian_accident_ratio":0.2857}},{"type":"Feature","geometry":{"type":"Point","coordinates":[121.50799,25.04631]},"properties":{"hotspot_id":"臺北市-51245","hotspot_type":"intersection","county":"臺北市","township":"萬華區","road_or_intersection":"漢中街 x 開封街2段","accident_count":4,"motorcycle_accident_count":4,"pedestrian_accident_count":1,"death_count":0,"injury_count":5,"fatal_accident_count":0,"risk_score":65.7,"risk_level":"medium","confidence":"confirmed","motorcycle_accident_ratio":1.0,"pedestrian_accident_ratio":0.25}},{"type":"Feature","geometry":{"type":"Point","coordinates":[121.50089,25.03885]},"properties":{"hotspot_id":"臺北市-51226","hotspot_type":"intersection","county":"臺北市","township":"萬華區","road_or_intersection":"桂林路 x 貴陽街2段","accident_count":4,"motorcycle_accident_count":4,"pedestrian_accident_count":1,"death_count":0,"injury_count":5,"fatal_accident_count":0,"risk_score":65.7,"risk_level":"medium","confidence":"confirmed","motorcycle_accident_ratio":1.0,"pedestrian_accident_ratio":0.25}},{"type":"Feature","geometry":{"type":"Point","coordinates":[121.53068,25.04612]},"properties":{"hotspot_id":"臺北市-48738","hotspot_type":"intersection","county":"臺北市","township":"中山區市","road_or_intersection":"新生北路1段 x 民大道2段","accident_count":4,"motorcycle_accident_count":4,"pedestrian_accident_count":1,"death_count":0,"injury_count":5,"fatal_accident_count":0,"risk_score":65.7,"risk_level":"medium","confidence":"confirmed","motorcycle_accident_ratio":1.0,"pedestrian_accident_ratio":0.25}},{"type":"Feature","geometry":{"type":"Point","coordinates":[121.50856,25.13967]},"properties":{"hotspot_id":"臺北市-49677","hotspot_type":"intersection","county":"臺北市","township":"北投區","road_or_intersection":"新民路","accident_count":4,"motorcycle_accident_count":4,"pedestrian_accident_count":1,"death_count":0,"injury_count":5,"fatal_accident_count":0,"risk_score":65.7,"risk_level":"medium","confidence":"confirmed","motorcycle_accident_ratio":1.0,"pedestrian_accident_ratio":0.25}},{"type":"Feature","geometry":{"type":"Point","coordinates":[121.57482,25.07609]},"properties":{"hotspot_id":"臺北市-49428","hotspot_type":"intersection","county":"臺北市","township":"內湖區","road_or_intersection":"港墘路 x 瑞光路","accident_count":8,"motorcycle_accident_count":5,"pedestrian_accident_count":3,"death_count":0,"injury_count":8,"fatal_accident_count":0,"risk_score":65.6,"risk_level":"medium","confidence":"confirmed","motorcycle_accident_ratio":0.625,"pedestrian_accident_ratio":0.375}},{"type":"Feature","geometry":{"type":"Point","coordinates":[121.56004,24.98189]},"properties":{"hotspot_id":"臺北市-50725","hotspot_type":"intersection","county":"臺北市","township":"文山區","road_or_intersection":"忠順街1段 x 木新路3段","accident_count":5,"motorcycle_accident_count":4,"pedestrian_accident_count":1,"death_count":0,"injury_count":10,"fatal_accident_count":0,"risk_score":65.6,"risk_level":"medium","confidence":"confirmed","motorcycle_accident_ratio":0.8,"pedestrian_accident_ratio":0.2}},{"type":"Feature","geometry":{"type":"Point","coordinates":[121.54093,25.02719]},"properties":{"hotspot_id":"臺北市-50491","hotspot_type":"intersection","county":"臺北市","township":"大安區","road_or_intersection":"和平東路2段 x 瑞安街","accident_count":5,"motorcycle_accident_count":4,"pedestrian_accident_count":1,"death_count":0,"injury_count":10,"fatal_accident_count":0,"risk_score":65.6,"risk_level":"medium","confidence":"confirmed","motorcycle_accident_ratio":0.8,"pedestrian_accident_ratio":0.2}},{"type":"Feature","geometry":{"type":"Point","coordinates":[121.54726,25.01995]},"properties":{"hotspot_id":"臺北市-51663","hotspot_type":"intersection","county":"臺北市","township":"大安區","road_or_intersection":"基隆路3段","accident_count":8,"motorcycle_accident_count":6,"pedestrian_accident_count":1,"death_count":0,"injury_count":8,"fatal_accident_count":0,"risk_score":65.5,"risk_level":"medium","confidence":"probable","motorcycle_accident_ratio":0.75,"pedestrian_accident_ratio":0.125}},{"type":"Feature","geometry":{"type":"Point","coordinates":[121.50355,25.02396]},"properties":{"hotspot_id":"臺北市-51313","hotspot_type":"intersection","county":"臺北市","township":"萬華區","road_or_intersection":"青年路","accident_count":6,"motorcycle_accident_count":5,"pedestrian_accident_count":2,"death_count":0,"injury_count":8,"fatal_accident_count":0,"risk_score":65.4,"risk_level":"medium","confidence":"confirmed","motorcycle_accident_ratio":0.8333,"pedestrian_accident_ratio":0.3333}},{"type":"Feature","geometry":{"type":"Point","coordinates":[121.51648,25.0349]},"properties":{"hotspot_id":"臺北市-48768","hotspot_type":"intersection","county":"臺北市","township":"中正區","road_or_intersection":"中山南路 x 愛國西路","accident_count":3,"motorcycle_accident_count":2,"pedestrian_accident_count":1,"death_count":1,"injury_count":4,"fatal_accident_count":1,"risk_score":65.4,"risk_level":"medium","confidence":"confirmed","motorcycle_accident_ratio":0.6667,"pedestrian_accident_ratio":0.3333}},{"type":"Feature","geometry":{"type":"Point","coordinates":[121.57514,25.04963]},"properties":{"hotspot_id":"臺北市-51881","hotspot_type":"intersection","county":"臺北市","township":"松山區","road_or_intersection":"八德路4段","accident_count":6,"motorcycle_accident_count":5,"pedestrian_accident_count":2,"death_count":0,"injury_count":8,"fatal_accident_count":0,"risk_score":65.4,"risk_level":"medium","confidence":"probable","motorcycle_accident_ratio":0.8333,"pedestrian_accident_ratio":0.3333}},{"type":"Feature","geometry":{"type":"Point","coordinates":[121.55472,25.02626]},"properties":{"hotspot_id":"臺北市-51873","hotspot_type":"intersection","county":"臺北市","township":"信義區","road_or_intersection":"基隆路2段","accident_count":7,"motorcycle_accident_count":4,"pedestrian_accident_count":1,"death_count":0,"injury_count":9,"fatal_accident_count":0,"risk_score":65.0,"risk_level":"medium","confidence":"probable","motorcycle_accident_ratio":0.5714,"pedestrian_accident_ratio":0.1429}},{"type":"Feature","geometry":{"type":"Point","coordinates":[121.56539,25.03287]},"properties":{"hotspot_id":"臺北市-49130","hotspot_type":"intersection","county":"臺北市","township":"信義區","road_or_intersection":"信義路5段 x 松智路","accident_count":8,"motorcycle_accident_count":3,"pedestrian_accident_count":4,"death_count":0,"injury_count":8,"fatal_accident_count":0,"risk_score":64.9,"risk_level":"medium","confidence":"confirmed","motorcycle_accident_ratio":0.375,"pedestrian_accident_ratio":0.5}},{"type":"Feature","geometry":{"type":"Point","coordinates":[121.51807,25.11044]},"properties":{"hotspot_id":"臺北市-49768","hotspot_type":"intersection","county":"臺北市","township":"北投區","road_or_intersection":"致遠一路1段 x 西安街1段","accident_count":4,"motorcycle_accident_count":1,"pedestrian_accident_count":1,"death_count":1,"injury_count":3,"fatal_accident_count":1,"risk_score":64.8,"risk_level":"medium","confidence":"confirmed","motorcycle_accident_ratio":0.25,"pedestrian_accident_ratio":0.25}},{"type":"Feature","geometry":{"type":"Point","coordinates":[121.51128,25.06024]},"properties":{"hotspot_id":"臺北市-51690","hotspot_type":"intersection","county":"臺北市","township":"大同區","road_or_intersection":"延平北路2段","accident_count":6,"motorcycle_accident_count":5,"pedestrian_accident_count":1,"death_count":0,"injury_count":8,"fatal_accident_count":0,"risk_score":64.8,"risk_level":"medium","confidence":"probable","motorcycle_accident_ratio":0.8333,"pedestrian_accident_ratio":0.1667}},{"type":"Feature","geometry":{"type":"Point","coordinates":[121.57777,25.03935]},"properties":{"hotspot_id":"臺北市-49216","hotspot_type":"intersection","county":"臺北市","township":"信義區","road_or_intersection":"松山路 x 松德路","accident_count":8,"motorcycle_accident_count":4,"pedestrian_accident_count":2,"death_count":0,"injury_count":8,"fatal_accident_count":0,"risk_score":64.8,"risk_level":"medium","confidence":"confirmed","motorcycle_accident_ratio":0.5,"pedestrian_accident_ratio":0.25}},{"type":"Feature","geometry":{"type":"Point","coordinates":[121.49457,25.0247]},"properties":{"hotspot_id":"臺北市-51157","hotspot_type":"intersection","county":"臺北市","township":"萬華區","road_or_intersection":"寶興街","accident_count":6,"motorcycle_accident_count":5,"pedestrian_accident_count":1,"death_count":0,"injury_count":8,"fatal_accident_count":0,"risk_score":64.8,"risk_level":"medium","confidence":"confirmed","motorcycle_accident_ratio":0.8333,"pedestrian_accident_ratio":0.1667}},{"type":"Feature","geometry":{"type":"Point","coordinates":[121.59953,25.07904]},"properties":{"hotspot_id":"臺北市-49342","hotspot_type":"intersection","county":"臺北市","township":"內湖區","road_or_intersection":"康寧路1段 x 金湖路","accident_count":6,"motorcycle_accident_count":5,"pedestrian_accident_count":1,"death_count":0,"injury_count":8,"fatal_accident_count":0,"risk_score":64.8,"risk_level":"medium","confidence":"confirmed","motorcycle_accident_ratio":0.8333,"pedestrian_accident_ratio":0.1667}},{"type":"Feature","geometry":{"type":"Point","coordinates":[121.54612,25.05759]},"properties":{"hotspot_id":"臺北市-51060","hotspot_type":"intersection","county":"臺北市","township":"松山區","road_or_intersection":"民生東路3段","accident_count":6,"motorcycle_accident_count":5,"pedestrian_accident_count":1,"death_count":0,"injury_count":8,"fatal_accident_count":0,"risk_score":64.8,"risk_level":"medium","confidence":"confirmed","motorcycle_accident_ratio":0.8333,"pedestrian_accident_ratio":0.1667}},{"type":"Feature","geometry":{"type":"Point","coordinates":[121.51169,25.05695]},"properties":{"hotspot_id":"臺北市-50295","hotspot_type":"intersection","county":"臺北市","township":"大同區","road_or_intersection":"延平北路2段 x 民生西路","accident_count":7,"motorcycle_accident_count":6,"pedestrian_accident_count":1,"death_count":0,"injury_count":7,"fatal_accident_count":0,"risk_score":64.7,"risk_level":"medium","confidence":"confirmed","motorcycle_accident_ratio":0.8571,"pedestrian_accident_ratio":0.1429}},{"type":"Feature","geometry":{"type":"Point","coordinates":[121.54639,25.13707]},"properties":{"hotspot_id":"臺北市-50004","hotspot_type":"intersection","county":"臺北市","township":"士林區","road_or_intersection":"凱旋路 x 格致路","accident_count":7,"motorcycle_accident_count":6,"pedestrian_accident_count":1,"death_count":0,"injury_count":7,"fatal_accident_count":0,"risk_score":64.7,"risk_level":"medium","confidence":"confirmed","motorcycle_accident_ratio":0.8571,"pedestrian_accident_ratio":0.1429}},{"type":"Feature","geometry":{"type":"Point","coordinates":[121.5874,25.06524]},"properties":{"hotspot_id":"臺北市-51595","hotspot_type":"intersection","county":"臺北市","township":"內湖區","road_or_intersection":"金豐街","accident_count":7,"motorcycle_accident_count":6,"pedestrian_accident_count":1,"death_count":0,"injury_count":7,"fatal_accident_count":0,"risk_score":64.7,"risk_level":"medium","confidence":"probable","motorcycle_accident_ratio":0.8571,"pedestrian_accident_ratio":0.1429}},{"type":"Feature","geometry":{"type":"Point","coordinates":[121.56,25.03301]},"properties":{"hotspot_id":"臺北市-51855","hotspot_type":"intersection","county":"臺北市","township":"信義區","road_or_intersection":"信義路5段","accident_count":7,"motorcycle_accident_count":6,"pedestrian_accident_count":1,"death_count":0,"injury_count":7,"fatal_accident_count":0,"risk_score":64.7,"risk_level":"medium","confidence":"probable","motorcycle_accident_ratio":0.8571,"pedestrian_accident_ratio":0.1429}},{"type":"Feature","geometry":{"type":"Point","coordinates":[121.57946,25.07599]},"properties":{"hotspot_id":"臺北市-49377","hotspot_type":"intersection","county":"臺北市","township":"內湖區","road_or_intersection":"文德路 x 江南街","accident_count":3,"motorcycle_accident_count":3,"pedestrian_accident_count":1,"death_count":0,"injury_count":5,"fatal_accident_count":0,"risk_score":64.4,"risk_level":"medium","confidence":"confirmed","motorcycle_accident_ratio":1.0,"pedestrian_accident_ratio":0.3333}},{"type":"Feature","geometry":{"type":"Point","coordinates":[121.5527,25.05241]},"properties":{"hotspot_id":"臺北市-50924","hotspot_type":"intersection","county":"臺北市","township":"松山區","road_or_intersection":"健康路 x 南京東路4段","accident_count":5,"motorcycle_accident_count":3,"pedestrian_accident_count":2,"death_count":0,"injury_count":10,"fatal_accident_count":0,"risk_score":64.4,"risk_level":"medium","confidence":"confirmed","motorcycle_accident_ratio":0.6,"pedestrian_accident_ratio":0.4}},{"type":"Feature","geometry":{"type":"Point","coordinates":[121.52038,25.02986]},"properties":{"hotspot_id":"臺北市-49045","hotspot_type":"intersection","county":"臺北市","township":"中正區","road_or_intersection":"福州街 x 羅斯福路1段","accident_count":3,"motorcycle_accident_count":3,"pedestrian_accident_count":1,"death_count":0,"injury_count":5,"fatal_accident_count":0,"risk_score":64.4,"risk_level":"medium","confidence":"confirmed","motorcycle_accident_ratio":1.0,"pedestrian_accident_ratio":0.3333}},{"type":"Feature","geometry":{"type":"Point","coordinates":[121.54086,25.00418]},"properties":{"hotspot_id":"臺北市-50876","hotspot_type":"intersection","county":"臺北市","township":"文山區","road_or_intersection":"興隆路1段 x 萬盛街","accident_count":3,"motorcycle_accident_count":3,"pedestrian_accident_count":1,"death_count":0,"injury_count":5,"fatal_accident_count":0,"risk_score":64.4,"risk_level":"medium","confidence":"confirmed","motorcycle_accident_ratio":1.0,"pedestrian_accident_ratio":0.3333}},{"type":"Feature","geometry":{"type":"Point","coordinates":[121.50813,25.02995]},"properties":{"hotspot_id":"臺北市-48751","hotspot_type":"intersection","county":"臺北市","township":"中正區","road_or_intersection":"三元街 x 汀州路1段","accident_count":3,"motorcycle_accident_count":3,"pedestrian_accident_count":1,"death_count":0,"injury_count":5,"fatal_accident_count":0,"risk_score":64.4,"risk_level":"medium","confidence":"confirmed","motorcycle_accident_ratio":1.0,"pedestrian_accident_ratio":0.3333}},{"type":"Feature","geometry":{"type":"Point","coordinates":[121.60212,25.0561]},"properties":{"hotspot_id":"臺北市-49903","hotspot_type":"intersection","county":"臺北市","township":"南港區","road_or_intersection":"興南街","accident_count":3,"motorcycle_accident_count":3,"pedestrian_accident_count":1,"death_count":0,"injury_count":5,"fatal_accident_count":0,"risk_score":64.4,"risk_level":"medium","confidence":"confirmed","motorcycle_accident_ratio":1.0,"pedestrian_accident_ratio":0.3333}},{"type":"Feature","geometry":{"type":"Point","coordinates":[121.58198,25.04415]},"properties":{"hotspot_id":"臺北市-49801","hotspot_type":"intersection","county":"臺北市","township":"南港區","road_or_intersection":"中坡南路 x 忠孝東路5段","accident_count":3,"motorcycle_accident_count":3,"pedestrian_accident_count":1,"death_count":0,"injury_count":5,"fatal_accident_count":0,"risk_score":64.4,"risk_level":"medium","confidence":"confirmed","motorcycle_accident_ratio":1.0,"pedestrian_accident_ratio":0.3333}},{"type":"Feature","geometry":{"type":"Point","coordinates":[121.50159,25.12599]},"properties":{"hotspot_id":"臺北市-49618","hotspot_type":"intersection","county":"臺北市","township":"北投區","road_or_intersection":"崇仁路1段 x 清江路","accident_count":3,"motorcycle_accident_count":3,"pedestrian_accident_count":1,"death_count":0,"injury_count":5,"fatal_accident_count":0,"risk_score":64.4,"risk_level":"medium","confidence":"confirmed","motorcycle_accident_ratio":1.0,"pedestrian_accident_ratio":0.3333}},{"type":"Feature","geometry":{"type":"Point","coordinates":[121.54527,24.99526]},"properties":{"hotspot_id":"臺北市-50790","hotspot_type":"intersection","county":"臺北市","township":"文山區","road_or_intersection":"景興路 x 景華街","accident_count":6,"motorcycle_accident_count":4,"pedestrian_accident_count":1,"death_count":0,"injury_count":9,"fatal_accident_count":0,"risk_score":64.4,"risk_level":"medium","confidence":"confirmed","motorcycle_accident_ratio":0.6667,"pedestrian_accident_ratio":0.1667}},{"type":"Feature","geometry":{"type":"Point","coordinates":[121.50712,25.1209]},"properties":{"hotspot_id":"臺北市-49698","hotspot_type":"intersection","county":"臺北市","township":"北投區","road_or_intersection":"東華街2段","accident_count":3,"motorcycle_accident_count":3,"pedestrian_accident_count":1,"death_count":0,"injury_count":5,"fatal_accident_count":0,"risk_score":64.4,"risk_level":"medium","confidence":"confirmed","motorcycle_accident_ratio":1.0,"pedestrian_accident_ratio":0.3333}},{"type":"Feature","geometry":{"type":"Point","coordinates":[121.56657,24.9851]},"properties":{"hotspot_id":"臺北市-50702","hotspot_type":"intersection","county":"臺北市","township":"文山區","road_or_intersection":"保儀路","accident_count":3,"motorcycle_accident_count":3,"pedestrian_accident_count":1,"death_count":0,"injury_count":5,"fatal_accident_count":0,"risk_score":64.4,"risk_level":"medium","confidence":"confirmed","motorcycle_accident_ratio":1.0,"pedestrian_accident_ratio":0.3333}},{"type":"Feature","geometry":{"type":"Point","coordinates":[121.55675,25.07977]},"properties":{"hotspot_id":"臺北市-48622","hotspot_type":"intersection","county":"臺北市","township":"中山區","road_or_intersection":"敬業三路 x 樂群二路","accident_count":6,"motorcycle_accident_count":4,"pedestrian_accident_count":1,"death_count":0,"injury_count":9,"fatal_accident_count":0,"risk_score":64.4,"risk_level":"medium","confidence":"confirmed","motorcycle_accident_ratio":0.6667,"pedestrian_accident_ratio":0.1667}},{"type":"Feature","geometry":{"type":"Point","coordinates":[121.50963,25.1151]},"properties":{"hotspot_id":"臺北市-49611","hotspot_type":"intersection","county":"臺北市","township":"北投區","road_or_intersection":"實踐街","accident_count":7,"motorcycle_accident_count":5,"pedestrian_accident_count":1,"death_count":0,"injury_count":8,"fatal_accident_count":0,"risk_score":64.3,"risk_level":"medium","confidence":"confirmed","motorcycle_accident_ratio":0.7143,"pedestrian_accident_ratio":0.1429}},{"type":"Feature","geometry":{"type":"Point","coordinates":[121.50103,25.03509]},"properties":{"hotspot_id":"臺北市-51686","hotspot_type":"intersection","county":"臺北市","township":"萬華區","road_or_intersection":"和平西路3段","accident_count":7,"motorcycle_accident_count":5,"pedestrian_accident_count":1,"death_count":0,"injury_count":8,"fatal_accident_count":0,"risk_score":64.3,"risk_level":"medium","confidence":"probable","motorcycle_accident_ratio":0.7143,"pedestrian_accident_ratio":0.1429}},{"type":"Feature","geometry":{"type":"Point","coordinates":[121.56074,24.9866]},"properties":{"hotspot_id":"臺北市-50695","hotspot_type":"intersection","county":"臺北市","township":"文山區","road_or_intersection":"下崙路 x 興隆路4段","accident_count":7,"motorcycle_accident_count":5,"pedestrian_accident_count":1,"death_count":0,"injury_count":8,"fatal_accident_count":0,"risk_score":64.3,"risk_level":"medium","confidence":"confirmed","motorcycle_accident_ratio":0.7143,"pedestrian_accident_ratio":0.1429}},{"type":"Feature","geometry":{"type":"Point","coordinates":[121.4977,25.03847]},"properties":{"hotspot_id":"臺北市-51219","hotspot_type":"intersection","county":"臺北市","township":"萬華區","road_or_intersection":"桂林路 x 梧州街","accident_count":5,"motorcycle_accident_count":4,"pedestrian_accident_count":1,"death_count":0,"injury_count":9,"fatal_accident_count":0,"risk_score":64.3,"risk_level":"medium","confidence":"confirmed","motorcycle_accident_ratio":0.8,"pedestrian_accident_ratio":0.2}},{"type":"Feature","geometry":{"type":"Point","coordinates":[121.51189,25.08935]},"properties":{"hotspot_id":"臺北市-50069","hotspot_type":"intersection","county":"臺北市","township":"士林區","road_or_intersection":"延平北路6段","accident_count":7,"motorcycle_accident_count":5,"pedestrian_accident_count":1,"death_count":0,"injury_count":8,"fatal_accident_count":0,"risk_score":64.3,"risk_level":"medium","confidence":"confirmed","motorcycle_accident_ratio":0.7143,"pedestrian_accident_ratio":0.1429}},{"type":"Feature","geometry":{"type":"Point","coordinates":[121.51814,25.04843]},"properties":{"hotspot_id":"臺北市-51789","hotspot_type":"intersection","county":"臺北市","township":"中正區市","road_or_intersection":"民大道1段","accident_count":5,"motorcycle_accident_count":4,"pedestrian_accident_count":1,"death_count":0,"injury_count":9,"fatal_accident_count":0,"risk_score":64.3,"risk_level":"medium","confidence":"probable","motorcycle_accident_ratio":0.8,"pedestrian_accident_ratio":0.2}},{"type":"Feature","geometry":{"type":"Point","coordinates":[121.58164,25.06761]},"properties":{"hotspot_id":"臺北市-49415","hotspot_type":"intersection","county":"臺北市","township":"內湖區","road_or_intersection":"民權東路6段 x 行忠路","accident_count":5,"motorcycle_accident_count":4,"pedestrian_accident_count":1,"death_count":0,"injury_count":9,"fatal_accident_count":0,"risk_score":64.3,"risk_level":"medium","confidence":"confirmed","motorcycle_accident_ratio":0.8,"pedestrian_accident_ratio":0.2}},{"type":"Feature","geometry":{"type":"Point","coordinates":[121.54861,25.05792]},"properties":{"hotspot_id":"臺北市-51039","hotspot_type":"intersection","county":"臺北市","township":"松山區","road_or_intersection":"敦化北路 x 民生東路3段","accident_count":7,"motorcycle_accident_count":5,"pedestrian_accident_count":1,"death_count":0,"injury_count":8,"fatal_accident_count":0,"risk_score":64.3,"risk_level":"medium","confidence":"confirmed","motorcycle_accident_ratio":0.7143,"pedestrian_accident_ratio":0.1429}},{"type":"Feature","geometry":{"type":"Point","coordinates":[121.562,24.98478]},"properties":{"hotspot_id":"臺北市-51417","hotspot_type":"intersection","county":"臺北市","township":"文山區","road_or_intersection":"忠順街2段","accident_count":7,"motorcycle_accident_count":4,"pedestrian_accident_count":2,"death_count":0,"injury_count":8,"fatal_accident_count":0,"risk_score":64.2,"risk_level":"medium","confidence":"probable","motorcycle_accident_ratio":0.5714,"pedestrian_accident_ratio":0.2857}},{"type":"Feature","geometry":{"type":"Point","coordinates":[121.58978,25.08664]},"properties":{"hotspot_id":"臺北市-49467","hotspot_type":"intersection","county":"臺北市","township":"內湖區","road_or_intersection":"金龍路","accident_count":6,"motorcycle_accident_count":5,"pedestrian_accident_count":2,"death_count":0,"injury_count":7,"fatal_accident_count":0,"risk_score":63.7,"risk_level":"medium","confidence":"confirmed","motorcycle_accident_ratio":0.8333,"pedestrian_accident_ratio":0.3333}},{"type":"Feature","geometry":{"type":"Point","coordinates":[121.50055,25.03833]},"properties":{"hotspot_id":"臺北市-51692","hotspot_type":"intersection","county":"臺北市","township":"萬華區","road_or_intersection":"西昌街","accident_count":6,"motorcycle_accident_count":4,"pedestrian_accident_count":3,"death_count":0,"injury_count":8,"fatal_accident_count":0,"risk_score":63.7,"risk_level":"medium","confidence":"probable","motorcycle_accident_ratio":0.6667,"pedestrian_accident_ratio":0.5}},{"type":"Feature","geometry":{"type":"Point","coordinates":[121.50206,25.13082]},"properties":{"hotspot_id":"臺北市-49602","hotspot_type":"intersection","county":"臺北市","township":"北投區","road_or_intersection":"大興街 x 清江路","accident_count":4,"motorcycle_accident_count":4,"pedestrian_accident_count":1,"death_count":0,"injury_count":4,"fatal_accident_count":0,"risk_score":63.6,"risk_level":"medium","confidence":"confirmed","motorcycle_accident_ratio":1.0,"pedestrian_accident_ratio":0.25}},{"type":"Feature","geometry":{"type":"Point","coordinates":[121.5568,25.05196]},"properties":{"hotspot_id":"臺北市-51622","hotspot_type":"intersection","county":"臺北市","township":"松山區","road_or_intersection":"南京東路4段","accident_count":7,"motorcycle_accident_count":3,"pedestrian_accident_count":2,"death_count":0,"injury_count":8,"fatal_accident_count":0,"risk_score":63.6,"risk_level":"medium","confidence":"probable","motorcycle_accident_ratio":0.4286,"pedestrian_accident_ratio":0.2857}},{"type":"Feature","geometry":{"type":"Point","coordinates":[121.61243,25.07015]},"properties":{"hotspot_id":"臺北市-51500","hotspot_type":"intersection","county":"臺北市","township":"內湖區","road_or_intersection":"康寧路3段","accident_count":7,"motorcycle_accident_count":5,"pedestrian_accident_count":3,"death_count":0,"injury_count":7,"fatal_accident_count":0,"risk_score":63.6,"risk_level":"medium","confidence":"probable","motorcycle_accident_ratio":0.7143,"pedestrian_accident_ratio":0.4286}},{"type":"Feature","geometry":{"type":"Point","coordinates":[121.53393,25.06475]},"properties":{"hotspot_id":"臺北市-48666","hotspot_type":"intersection","county":"臺北市","township":"中山區","road_or_intersection":"松江路 x 農安街","accident_count":7,"motorcycle_accident_count":3,"pedestrian_accident_count":2,"death_count":0,"injury_count":8,"fatal_accident_count":0,"risk_score":63.6,"risk_level":"medium","confidence":"confirmed","motorcycle_accident_ratio":0.4286,"pedestrian_accident_ratio":0.2857}},{"type":"Feature","geometry":{"type":"Point","coordinates":[121.50743,25.03384]},"properties":{"hotspot_id":"臺北市-48795","hotspot_type":"intersection","county":"臺北市","township":"中正區","road_or_intersection":"中華路2段 x 延平南路","accident_count":4,"motorcycle_accident_count":4,"pedestrian_accident_count":1,"death_count":0,"injury_count":4,"fatal_accident_count":0,"risk_score":63.6,"risk_level":"medium","confidence":"confirmed","motorcycle_accident_ratio":1.0,"pedestrian_accident_ratio":0.25}},{"type":"Feature","geometry":{"type":"Point","coordinates":[121.52176,25.08917]},"properties":{"hotspot_id":"臺北市-50006","hotspot_type":"intersection","county":"臺北市","township":"士林區","road_or_intersection":"前港街 x 後港街","accident_count":7,"motorcycle_accident_count":4,"pedestrian_accident_count":1,"death_count":0,"injury_count":8,"fatal_accident_count":0,"risk_score":63.5,"risk_level":"medium","confidence":"confirmed","motorcycle_accident_ratio":0.5714,"pedestrian_accident_ratio":0.1429}},{"type":"Feature","geometry":{"type":"Point","coordinates":[121.51786,25.045]},"properties":{"hotspot_id":"臺北市-51725","hotspot_type":"intersection","county":"臺北市","township":"中正區","road_or_intersection":"青島西路","accident_count":7,"motorcycle_accident_count":4,"pedestrian_accident_count":1,"death_count":0,"injury_count":8,"fatal_accident_count":0,"risk_score":63.5,"risk_level":"medium","confidence":"probable","motorcycle_accident_ratio":0.5714,"pedestrian_accident_ratio":0.1429}},{"type":"Feature","geometry":{"type":"Point","coordinates":[121.5263,25.05497]},"properties":{"hotspot_id":"臺北市-51767","hotspot_type":"road_segment","county":"臺北市","township":"中山區","road_or_intersection":"長春路","accident_count":5,"motorcycle_accident_count":4,"pedestrian_accident_count":3,"death_count":0,"injury_count":8,"fatal_accident_count":0,"risk_score":63.4,"risk_level":"medium","confidence":"probable","motorcycle_accident_ratio":0.8,"pedestrian_accident_ratio":0.6}},{"type":"Feature","geometry":{"type":"Point","coordinates":[121.52554,25.05809]},"properties":{"hotspot_id":"臺北市-48702","hotspot_type":"intersection","county":"臺北市","township":"中山區","road_or_intersection":"民生東路1段","accident_count":6,"motorcycle_accident_count":5,"pedestrian_accident_count":1,"death_count":0,"injury_count":7,"fatal_accident_count":0,"risk_score":63.1,"risk_level":"medium","confidence":"confirmed","motorcycle_accident_ratio":0.8333,"pedestrian_accident_ratio":0.1667}},{"type":"Feature","geometry":{"type":"Point","coordinates":[121.49939,25.03664]},"properties":{"hotspot_id":"臺北市-51185","hotspot_type":"intersection","county":"臺北市","township":"萬華區","road_or_intersection":"廣州街 x 西園路1段","accident_count":6,"motorcycle_accident_count":5,"pedestrian_accident_count":1,"death_count":0,"injury_count":7,"fatal_accident_count":0,"risk_score":63.1,"risk_level":"medium","confidence":"confirmed","motorcycle_accident_ratio":0.8333,"pedestrian_accident_ratio":0.1667}},{"type":"Feature","geometry":{"type":"Point","coordinates":[121.51658,25.07411]},"properties":{"hotspot_id":"臺北市-50247","hotspot_type":"intersection","county":"臺北市","township":"大同區","road_or_intersection":"哈密街","accident_count":6,"motorcycle_accident_count":5,"pedestrian_accident_count":1,"death_count":0,"injury_count":7,"fatal_accident_count":0,"risk_score":63.1,"risk_level":"medium","confidence":"confirmed","motorcycle_accident_ratio":0.8333,"pedestrian_accident_ratio":0.1667}},{"type":"Feature","geometry":{"type":"Point","coordinates":[121.52059,25.09712]},"properties":{"hotspot_id":"臺北市-50126","hotspot_type":"intersection","county":"臺北市","township":"士林區","road_or_intersection":"文昌路","accident_count":6,"motorcycle_accident_count":5,"pedestrian_accident_count":1,"death_count":0,"injury_count":7,"fatal_accident_count":0,"risk_score":63.1,"risk_level":"medium","confidence":"confirmed","motorcycle_accident_ratio":0.8333,"pedestrian_accident_ratio":0.1667}},{"type":"Feature","geometry":{"type":"Point","coordinates":[121.55521,25.05877]},"properties":{"hotspot_id":"臺北市-50942","hotspot_type":"intersection","county":"臺北市","township":"松山區","road_or_intersection":"光復北路 x 民生東路5段","accident_count":6,"motorcycle_accident_count":5,"pedestrian_accident_count":1,"death_count":0,"injury_count":7,"fatal_accident_count":0,"risk_score":63.1,"risk_level":"medium","confidence":"confirmed","motorcycle_accident_ratio":0.8333,"pedestrian_accident_ratio":0.1667}},{"type":"Feature","geometry":{"type":"Point","coordinates":[121.50158,25.04172]},"properties":{"hotspot_id":"臺北市-51120","hotspot_type":"intersection","county":"臺北市","township":"萬華區","road_or_intersection":"內江街 x 雅江街","accident_count":6,"motorcycle_accident_count":5,"pedestrian_accident_count":1,"death_count":0,"injury_count":7,"fatal_accident_count":0,"risk_score":63.1,"risk_level":"medium","confidence":"confirmed","motorcycle_accident_ratio":0.8333,"pedestrian_accident_ratio":0.1667}},{"type":"Feature","geometry":{"type":"Point","coordinates":[121.56352,25.05129]},"properties":{"hotspot_id":"臺北市-51863","hotspot_type":"intersection","county":"臺北市","township":"松山區","road_or_intersection":"南京東路5段","accident_count":6,"motorcycle_accident_count":4,"pedestrian_accident_count":1,"death_count":0,"injury_count":8,"fatal_accident_count":0,"risk_score":62.9,"risk_level":"medium","confidence":"probable","motorcycle_accident_ratio":0.6667,"pedestrian_accident_ratio":0.1667}},{"type":"Feature","geometry":{"type":"Point","coordinates":[121.50907,25.12001]},"properties":{"hotspot_id":"臺北市-49757","hotspot_type":"intersection","county":"臺北市","township":"北投區","road_or_intersection":"立農街1段 x 西安街2段","accident_count":5,"motorcycle_accident_count":4,"pedestrian_accident_count":1,"death_count":0,"injury_count":8,"fatal_accident_count":0,"risk_score":62.8,"risk_level":"medium","confidence":"confirmed","motorcycle_accident_ratio":0.8,"pedestrian_accident_ratio":0.2}},{"type":"Feature","geometry":{"type":"Point","coordinates":[121.52021,25.06848]},"properties":{"hotspot_id":"臺北市-48689","hotspot_type":"intersection","county":"臺北市","township":"中山區","road_or_intersection":"民族西路 x 玉門街","accident_count":5,"motorcycle_accident_count":4,"pedestrian_accident_count":1,"death_count":0,"injury_count":8,"fatal_accident_count":0,"risk_score":62.8,"risk_level":"medium","confidence":"confirmed","motorcycle_accident_ratio":0.8,"pedestrian_accident_ratio":0.2}},{"type":"Feature","geometry":{"type":"Point","coordinates":[121.53289,25.0485]},"properties":{"hotspot_id":"臺北市-48668","hotspot_type":"intersection","county":"臺北市","township":"中山區","road_or_intersection":"松江路 x 長安東路2段","accident_count":5,"motorcycle_accident_count":4,"pedestrian_accident_count":1,"death_count":0,"injury_count":8,"fatal_accident_count":0,"risk_score":62.8,"risk_level":"medium","confidence":"confirmed","motorcycle_accident_ratio":0.8,"pedestrian_accident_ratio":0.2}},{"type":"Feature","geometry":{"type":"Point","coordinates":[121.52269,25.03066]},"properties":{"hotspot_id":"臺北市-50620","hotspot_type":"intersection","county":"臺北市","township":"大安區","road_or_intersection":"杭州南路2段 x 金華街","accident_count":5,"motorcycle_accident_count":4,"pedestrian_accident_count":1,"death_count":0,"injury_count":8,"fatal_accident_count":0,"risk_score":62.8,"risk_level":"medium","confidence":"confirmed","motorcycle_accident_ratio":0.8,"pedestrian_accident_ratio":0.2}},{"type":"Feature","geometry":{"type":"Point","coordinates":[121.49236,25.02838]},"properties":{"hotspot_id":"臺北市-51162","hotspot_type":"intersection","county":"臺北市","township":"萬華區","road_or_intersection":"寶興街 x 西藏路","accident_count":5,"motorcycle_accident_count":4,"pedestrian_accident_count":1,"death_count":0,"injury_count":8,"fatal_accident_count":0,"risk_score":62.8,"risk_level":"medium","confidence":"confirmed","motorcycle_accident_ratio":0.8,"pedestrian_accident_ratio":0.2}},{"type":"Feature","geometry":{"type":"Point","coordinates":[121.53009,25.04063]},"properties":{"hotspot_id":"臺北市-49037","hotspot_type":"intersection","county":"臺北市","township":"中正區","road_or_intersection":"濟南路2段 x 臨沂街","accident_count":3,"motorcycle_accident_count":3,"pedestrian_accident_count":2,"death_count":0,"injury_count":4,"fatal_accident_count":0,"risk_score":62.6,"risk_level":"medium","confidence":"confirmed","motorcycle_accident_ratio":1.0,"pedestrian_accident_ratio":0.6667}},{"type":"Feature","geometry":{"type":"Point","coordinates":[121.52128,25.03929]},"properties":{"hotspot_id":"臺北市-51648","hotspot_type":"intersection","county":"臺北市","township":"中正區","road_or_intersection":"仁愛路1段","accident_count":7,"motorcycle_accident_count":5,"pedestrian_accident_count":1,"death_count":0,"injury_count":7,"fatal_accident_count":0,"risk_score":62.6,"risk_level":"medium","confidence":"probable","motorcycle_accident_ratio":0.7143,"pedestrian_accident_ratio":0.1429}},{"type":"Feature","geometry":{"type":"Point","coordinates":[121.51346,25.06077]},"properties":{"hotspot_id":"臺北市-50369","hotspot_type":"intersection","county":"臺北市","township":"大同區","road_or_intersection":"涼州街 x 重慶北路2段","accident_count":7,"motorcycle_accident_count":4,"pedestrian_accident_count":2,"death_count":0,"injury_count":7,"fatal_accident_count":0,"risk_score":62.5,"risk_level":"medium","confidence":"confirmed","motorcycle_accident_ratio":0.5714,"pedestrian_accident_ratio":0.2857}},{"type":"Feature","geometry":{"type":"Point","coordinates":[121.49797,25.03678]},"properties":{"hotspot_id":"臺北市-51181","hotspot_type":"intersection","county":"臺北市","township":"萬華區","road_or_intersection":"廣州街","accident_count":3,"motorcycle_accident_count":3,"pedestrian_accident_count":1,"death_count":0,"injury_count":4,"fatal_accident_count":0,"risk_score":62.3,"risk_level":"medium","confidence":"confirmed","motorcycle_accident_ratio":1.0,"pedestrian_accident_ratio":0.3333}},{"type":"Feature","geometry":{"type":"Point","coordinates":[121.51878,25.11035]},"properties":{"hotspot_id":"臺北市-49694","hotspot_type":"intersection","county":"臺北市","township":"北投區","road_or_intersection":"東華街1段","accident_count":3,"motorcycle_accident_count":3,"pedestrian_accident_count":1,"death_count":0,"injury_count":4,"fatal_accident_count":0,"risk_score":62.3,"risk_level":"medium","confidence":"confirmed","motorcycle_accident_ratio":1.0,"pedestrian_accident_ratio":0.3333}},{"type":"Feature","geometry":{"type":"Point","coordinates":[121.5304,25.06486]},"properties":{"hotspot_id":"臺北市-48541","hotspot_type":"intersection","county":"臺北市","township":"中山區","road_or_intersection":"吉林路 x 農安街","accident_count":3,"motorcycle_accident_count":3,"pedestrian_accident_count":1,"death_count":0,"injury_count":4,"fatal_accident_count":0,"risk_score":62.3,"risk_level":"medium","confidence":"confirmed","motorcycle_accident_ratio":1.0,"pedestrian_accident_ratio":0.3333}},{"type":"Feature","geometry":{"type":"Point","coordinates":[121.51608,25.04551]},"properties":{"hotspot_id":"臺北市-48868","hotspot_type":"intersection","county":"臺北市","township":"中正區","road_or_intersection":"南陽街 x 許昌街","accident_count":3,"motorcycle_accident_count":3,"pedestrian_accident_count":1,"death_count":0,"injury_count":4,"fatal_accident_count":0,"risk_score":62.3,"risk_level":"medium","confidence":"confirmed","motorcycle_accident_ratio":1.0,"pedestrian_accident_ratio":0.3333}},{"type":"Feature","geometry":{"type":"Point","coordinates":[121.51157,25.0423]},"properties":{"hotspot_id":"臺北市-48874","hotspot_type":"intersection","county":"臺北市","township":"中正區","road_or_intersection":"博愛路 x 衡陽路","accident_count":3,"motorcycle_accident_count":3,"pedestrian_accident_count":1,"death_count":0,"injury_count":4,"fatal_accident_count":0,"risk_score":62.3,"risk_level":"medium","confidence":"confirmed","motorcycle_accident_ratio":1.0,"pedestrian_accident_ratio":0.3333}},{"type":"Feature","geometry":{"type":"Point","coordinates":[121.50807,25.11851]},"properties":{"hotspot_id":"臺北市-49564","hotspot_type":"intersection","county":"臺北市","township":"北投區","road_or_intersection":"吉利街","accident_count":3,"motorcycle_accident_count":3,"pedestrian_accident_count":1,"death_count":0,"injury_count":4,"fatal_accident_count":0,"risk_score":62.3,"risk_level":"medium","confidence":"confirmed","motorcycle_accident_ratio":1.0,"pedestrian_accident_ratio":0.3333}},{"type":"Feature","geometry":{"type":"Point","coordinates":[121.55783,25.03485]},"properties":{"hotspot_id":"臺北市-49137","hotspot_type":"intersection","county":"臺北市","township":"信義區","road_or_intersection":"光復南路 x 基隆路1段","accident_count":3,"motorcycle_accident_count":3,"pedestrian_accident_count":1,"death_count":0,"injury_count":4,"fatal_accident_count":0,"risk_score":62.3,"risk_level":"medium","confidence":"confirmed","motorcycle_accident_ratio":1.0,"pedestrian_accident_ratio":0.3333}},{"type":"Feature","geometry":{"type":"Point","coordinates":[121.56441,25.0549]},"properties":{"hotspot_id":"臺北市-50908","hotspot_type":"intersection","county":"臺北市","township":"松山區","road_or_intersection":"三民路 x 健康路","accident_count":3,"motorcycle_accident_count":3,"pedestrian_accident_count":1,"death_count":0,"injury_count":4,"fatal_accident_count":0,"risk_score":62.3,"risk_level":"medium","confidence":"confirmed","motorcycle_accident_ratio":1.0,"pedestrian_accident_ratio":0.3333}},{"type":"Feature","geometry":{"type":"Point","coordinates":[121.53006,25.04392]},"properties":{"hotspot_id":"臺北市-48825","hotspot_type":"intersection","county":"臺北市","township":"中正區","road_or_intersection":"八德路1段 x 金山北路","accident_count":4,"motorcycle_accident_count":2,"pedestrian_accident_count":1,"death_count":0,"injury_count":10,"fatal_accident_count":0,"risk_score":62.2,"risk_level":"medium","confidence":"confirmed","motorcycle_accident_ratio":0.5,"pedestrian_accident_ratio":0.25}},{"type":"Feature","geometry":{"type":"Point","coordinates":[121.56265,25.0492]},"properties":{"hotspot_id":"臺北市-50962","hotspot_type":"intersection","county":"臺北市","township":"松山區","road_or_intersection":"八德路4段 x 吉祥路","accident_count":6,"motorcycle_accident_count":4,"pedestrian_accident_count":2,"death_count":0,"injury_count":7,"fatal_accident_count":0,"risk_score":61.8,"risk_level":"medium","confidence":"confirmed","motorcycle_accident_ratio":0.6667,"pedestrian_accident_ratio":0.3333}},{"type":"Feature","geometry":{"type":"Point","coordinates":[121.52968,25.0483]},"properties":{"hotspot_id":"臺北市-48633","hotspot_type":"intersection","county":"臺北市","township":"中山區","road_or_intersection":"新生北路1段 x 長安東路2段","accident_count":5,"motorcycle_accident_count":2,"pedestrian_accident_count":1,"death_count":0,"injury_count":9,"fatal_accident_count":0,"risk_score":61.8,"risk_level":"medium","confidence":"confirmed","motorcycle_accident_ratio":0.4,"pedestrian_accident_ratio":0.2}},{"type":"Feature","geometry":{"type":"Point","coordinates":[121.55048,25.07991]},"properties":{"hotspot_id":"臺北市-51510","hotspot_type":"road_segment","county":"臺北市","township":"中山區","road_or_intersection":"北安路","accident_count":7,"motorcycle_accident_count":4,"pedestrian_accident_count":1,"death_count":0,"injury_count":7,"fatal_accident_count":0,"risk_score":61.8,"risk_level":"medium","confidence":"probable","motorcycle_accident_ratio":0.5714,"pedestrian_accident_ratio":0.1429}},{"type":"Feature","geometry":{"type":"Point","coordinates":[121.50414,25.04044]},"properties":{"hotspot_id":"臺北市-51308","hotspot_type":"intersection","county":"臺北市","township":"萬華區","road_or_intersection":"貴陽街2段 x 長沙街2段","accident_count":5,"motorcycle_accident_count":3,"pedestrian_accident_count":2,"death_count":0,"injury_count":8,"fatal_accident_count":0,"risk_score":61.6,"risk_level":"medium","confidence":"confirmed","motorcycle_accident_ratio":0.6,"pedestrian_accident_ratio":0.4}},{"type":"Feature","geometry":{"type":"Point","coordinates":[121.56302,25.05072]},"properties":{"hotspot_id":"臺北市-50961","hotspot_type":"intersection","county":"臺北市","township":"松山區","road_or_intersection":"八德路4段 x 南京東路5段","accident_count":5,"motorcycle_accident_count":4,"pedestrian_accident_count":2,"death_count":0,"injury_count":7,"fatal_accident_count":0,"risk_score":61.6,"risk_level":"medium","confidence":"confirmed","motorcycle_accident_ratio":0.8,"pedestrian_accident_ratio":0.4}},{"type":"Feature","geometry":{"type":"Point","coordinates":[121.51697,25.05079]},"properties":{"hotspot_id":"臺北市-50242","hotspot_type":"intersection","county":"臺北市","township":"大同區","road_or_intersection":"南京西路 x 長安西路","accident_count":6,"motorcycle_accident_count":5,"pedestrian_accident_count":1,"death_count":0,"injury_count":6,"fatal_accident_count":0,"risk_score":61.3,"risk_level":"medium","confidence":"confirmed","motorcycle_accident_ratio":0.8333,"pedestrian_accident_ratio":0.1667}},{"type":"Feature","geometry":{"type":"Point","coordinates":[121.55582,25.02709]},"properties":{"hotspot_id":"臺北市-51849","hotspot_type":"intersection","county":"臺北市","township":"信義區","road_or_intersection":"基隆路2段","accident_count":6,"motorcycle_accident_count":5,"pedestrian_accident_count":1,"death_count":0,"injury_count":6,"fatal_accident_count":0,"risk_score":61.3,"risk_level":"medium","confidence":"probable","motorcycle_accident_ratio":0.8333,"pedestrian_accident_ratio":0.1667}},{"type":"Feature","geometry":{"type":"Point","coordinates":[121.57953,25.0649]},"properties":{"hotspot_id":"臺北市-49392","hotspot_type":"intersection","county":"臺北市","township":"內湖區","road_or_intersection":"新湖三路 x 行愛路","accident_count":6,"motorcycle_accident_count":5,"pedestrian_accident_count":1,"death_count":0,"injury_count":6,"fatal_accident_count":0,"risk_score":61.3,"risk_level":"medium","confidence":"confirmed","motorcycle_accident_ratio":0.8333,"pedestrian_accident_ratio":0.1667}},{"type":"Feature","geometry":{"type":"Point","coordinates":[121.56538,25.03198]},"properties":{"hotspot_id":"臺北市-49210","hotspot_type":"intersection","county":"臺北市","township":"信義區","road_or_intersection":"松勤街 x 松智路","accident_count":6,"motorcycle_accident_count":5,"pedestrian_accident_count":1,"death_count":0,"injury_count":6,"fatal_accident_count":0,"risk_score":61.3,"risk_level":"medium","confidence":"confirmed","motorcycle_accident_ratio":0.8333,"pedestrian_accident_ratio":0.1667}},{"type":"Feature","geometry":{"type":"Point","coordinates":[121.5564,25.08261]},"properties":{"hotspot_id":"臺北市-48621","hotspot_type":"intersection","county":"臺北市","township":"中山區","road_or_intersection":"敬業三路 x 樂群三路","accident_count":6,"motorcycle_accident_count":5,"pedestrian_accident_count":1,"death_count":0,"injury_count":6,"fatal_accident_count":0,"risk_score":61.3,"risk_level":"medium","confidence":"confirmed","motorcycle_accident_ratio":0.8333,"pedestrian_accident_ratio":0.1667}},{"type":"Feature","geometry":{"type":"Point","coordinates":[121.53598,25.05872]},"properties":{"hotspot_id":"臺北市-48528","hotspot_type":"intersection","county":"臺北市","township":"中山區","road_or_intersection":"合江街 x 錦州街","accident_count":6,"motorcycle_accident_count":5,"pedestrian_accident_count":1,"death_count":0,"injury_count":6,"fatal_accident_count":0,"risk_score":61.3,"risk_level":"medium","confidence":"confirmed","motorcycle_accident_ratio":0.8333,"pedestrian_accident_ratio":0.1667}},{"type":"Feature","geometry":{"type":"Point","coordinates":[121.51866,25.1188]},"properties":{"hotspot_id":"臺北市-49741","hotspot_type":"intersection","county":"臺北市","township":"北投區","road_or_intersection":"石牌路2段 x 立農街2段","accident_count":6,"motorcycle_accident_count":4,"pedestrian_accident_count":1,"death_count":0,"injury_count":7,"fatal_accident_count":0,"risk_score":61.2,"risk_level":"medium","confidence":"confirmed","motorcycle_accident_ratio":0.6667,"pedestrian_accident_ratio":0.1667}},{"type":"Feature","geometry":{"type":"Point","coordinates":[121.55495,25.02257]},"properties":{"hotspot_id":"臺北市-51798","hotspot_type":"intersection","county":"臺北市","township":"信義區","road_or_intersection":"信安街","accident_count":6,"motorcycle_accident_count":4,"pedestrian_accident_count":1,"death_count":0,"injury_count":7,"fatal_accident_count":0,"risk_score":61.2,"risk_level":"medium","confidence":"probable","motorcycle_accident_ratio":0.6667,"pedestrian_accident_ratio":0.1667}},{"type":"Feature","geometry":{"type":"Point","coordinates":[121.56832,25.03043]},"properties":{"hotspot_id":"臺北市-49201","hotspot_type":"intersection","county":"臺北市","township":"信義區","road_or_intersection":"松仁路 x 松平路","accident_count":6,"motorcycle_accident_count":4,"pedestrian_accident_count":1,"death_count":0,"injury_count":7,"fatal_accident_count":0,"risk_score":61.2,"risk_level":"medium","confidence":"confirmed","motorcycle_accident_ratio":0.6667,"pedestrian_accident_ratio":0.1667}},{"type":"Feature","geometry":{"type":"Point","coordinates":[121.5558,25.02405]},"properties":{"hotspot_id":"臺北市-49117","hotspot_type":"intersection","county":"臺北市","township":"信義區","road_or_intersection":"信安街 x 崇德街","accident_count":6,"motorcycle_accident_count":4,"pedestrian_accident_count":1,"death_count":0,"injury_count":7,"fatal_accident_count":0,"risk_score":61.2,"risk_level":"medium","confidence":"confirmed","motorcycle_accident_ratio":0.6667,"pedestrian_accident_ratio":0.1667}},{"type":"Feature","geometry":{"type":"Point","coordinates":[121.55847,25.08469]},"properties":{"hotspot_id":"臺北市-48499","hotspot_type":"intersection","county":"臺北市","township":"中山區","road_or_intersection":"北安路 x 敬業四路","accident_count":6,"motorcycle_accident_count":4,"pedestrian_accident_count":1,"death_count":0,"injury_count":7,"fatal_accident_count":0,"risk_score":61.2,"risk_level":"medium","confidence":"confirmed","motorcycle_accident_ratio":0.6667,"pedestrian_accident_ratio":0.1667}},{"type":"Feature","geometry":{"type":"Point","coordinates":[121.52329,25.05782]},"properties":{"hotspot_id":"臺北市-48442","hotspot_type":"intersection","county":"臺北市","township":"中山區","road_or_intersection":"中山北路2段 x 民生東路1段","accident_count":6,"motorcycle_accident_count":4,"pedestrian_accident_count":1,"death_count":0,"injury_count":7,"fatal_accident_count":0,"risk_score":61.2,"risk_level":"medium","confidence":"confirmed","motorcycle_accident_ratio":0.6667,"pedestrian_accident_ratio":0.1667}},{"type":"Feature","geometry":{"type":"Point","coordinates":[121.55265,25.04983]},"properties":{"hotspot_id":"臺北市-50974","hotspot_type":"intersection","county":"臺北市","township":"松山區","road_or_intersection":"北寧路","accident_count":5,"motorcycle_accident_count":4,"pedestrian_accident_count":1,"death_count":0,"injury_count":7,"fatal_accident_count":0,"risk_score":61.1,"risk_level":"medium","confidence":"confirmed","motorcycle_accident_ratio":0.8,"pedestrian_accident_ratio":0.2}},{"type":"Feature","geometry":{"type":"Point","coordinates":[121.55108,25.02818]},"properties":{"hotspot_id":"臺北市-50546","hotspot_type":"intersection","county":"臺北市","township":"大安區","road_or_intersection":"安和路2段 x 樂利路","accident_count":5,"motorcycle_accident_count":4,"pedestrian_accident_count":1,"death_count":0,"injury_count":7,"fatal_accident_count":0,"risk_score":61.1,"risk_level":"medium","confidence":"confirmed","motorcycle_accident_ratio":0.8,"pedestrian_accident_ratio":0.2}},{"type":"Feature","geometry":{"type":"Point","coordinates":[121.60548,25.09455]},"properties":{"hotspot_id":"臺北市-51322","hotspot_type":"road_segment","county":"臺北市","township":"內湖區","road_or_intersection":"大湖街","accident_count":5,"motorcycle_accident_count":4,"pedestrian_accident_count":1,"death_count":0,"injury_count":7,"fatal_accident_count":0,"risk_score":61.1,"risk_level":"medium","confidence":"probable","motorcycle_accident_ratio":0.8,"pedestrian_accident_ratio":0.2}},{"type":"Feature","geometry":{"type":"Point","coordinates":[121.5489,25.03339]},"properties":{"hotspot_id":"臺北市-50461","hotspot_type":"intersection","county":"臺北市","township":"大安區","road_or_intersection":"信義路4段 x 敦化南路1段","accident_count":5,"motorcycle_accident_count":4,"pedestrian_accident_count":1,"death_count":0,"injury_count":7,"fatal_accident_count":0,"risk_score":61.1,"risk_level":"medium","confidence":"confirmed","motorcycle_accident_ratio":0.8,"pedestrian_accident_ratio":0.2}},{"type":"Feature","geometry":{"type":"Point","coordinates":[121.60533,25.05786]},"properties":{"hotspot_id":"臺北市-49906","hotspot_type":"intersection","county":"臺北市","township":"南港區","road_or_intersection":"興華路 x 重陽路","accident_count":5,"motorcycle_accident_count":4,"pedestrian_accident_count":1,"death_count":0,"injury_count":7,"fatal_accident_count":0,"risk_score":61.1,"risk_level":"medium","confidence":"confirmed","motorcycle_accident_ratio":0.8,"pedestrian_accident_ratio":0.2}},{"type":"Feature","geometry":{"type":"Point","coordinates":[121.5276,25.06005]},"properties":{"hotspot_id":"臺北市-51674","hotspot_type":"intersection","county":"臺北市","township":"中山區","road_or_intersection":"新生北路2段","accident_count":5,"motorcycle_accident_count":4,"pedestrian_accident_count":1,"death_count":0,"injury_count":7,"fatal_accident_count":0,"risk_score":61.1,"risk_level":"medium","confidence":"probable","motorcycle_accident_ratio":0.8,"pedestrian_accident_ratio":0.2}},{"type":"Feature","geometry":{"type":"Point","coordinates":[121.54722,25.0482]},"properties":{"hotspot_id":"臺北市-51829","hotspot_type":"road_segment","county":"臺北市","township":"松山區","road_or_intersection":"八德路2段","accident_count":5,"motorcycle_accident_count":4,"pedestrian_accident_count":1,"death_count":0,"injury_count":7,"fatal_accident_count":0,"risk_score":61.1,"risk_level":"medium","confidence":"probable","motorcycle_accident_ratio":0.8,"pedestrian_accident_ratio":0.2}},{"type":"Feature","geometry":{"type":"Point","coordinates":[121.53275,25.04524]},"properties":{"hotspot_id":"臺北市-49088","hotspot_type":"intersection","county":"臺北市","township":"中正區市","road_or_intersection":"新生北路1段 x 民大道3段","accident_count":5,"motorcycle_accident_count":4,"pedestrian_accident_count":1,"death_count":0,"injury_count":7,"fatal_accident_count":0,"risk_score":61.1,"risk_level":"medium","confidence":"confirmed","motorcycle_accident_ratio":0.8,"pedestrian_accident_ratio":0.2}},{"type":"Feature","geometry":{"type":"Point","coordinates":[121.51218,25.02886]},"properties":{"hotspot_id":"臺北市-48893","hotspot_type":"intersection","county":"臺北市","township":"中正區","road_or_intersection":"和平西路2段 x 寧波西街","accident_count":5,"motorcycle_accident_count":3,"pedestrian_accident_count":1,"death_count":0,"injury_count":8,"fatal_accident_count":0,"risk_score":61.1,"risk_level":"medium","confidence":"confirmed","motorcycle_accident_ratio":0.6,"pedestrian_accident_ratio":0.2}},{"type":"Feature","geometry":{"type":"Point","coordinates":[121.53035,25.06241]},"properties":{"hotspot_id":"臺北市-48693","hotspot_type":"intersection","county":"臺北市","township":"中山區","road_or_intersection":"民權東路2段 x 農安街","accident_count":6,"motorcycle_accident_count":3,"pedestrian_accident_count":2,"death_count":0,"injury_count":7,"fatal_accident_count":0,"risk_score":61.0,"risk_level":"medium","confidence":"confirmed","motorcycle_accident_ratio":0.5,"pedestrian_accident_ratio":0.3333}},{"type":"Feature","geometry":{"type":"Point","coordinates":[121.50427,25.04043]},"properties":{"hotspot_id":"臺北市-51208","hotspot_type":"intersection","county":"臺北市","township":"萬華區","road_or_intersection":"昆明街 x 長沙街2段","accident_count":5,"motorcycle_accident_count":2,"pedestrian_accident_count":2,"death_count":0,"injury_count":8,"fatal_accident_count":0,"risk_score":60.8,"risk_level":"medium","confidence":"confirmed","motorcycle_accident_ratio":0.4,"pedestrian_accident_ratio":0.4}},{"type":"Feature","geometry":{"type":"Point","coordinates":[121.49919,25.03449]},"properties":{"hotspot_id":"臺北市-51152","hotspot_type":"intersection","county":"臺北市","township":"萬華區","road_or_intersection":"大理街 x 西園路1段","accident_count":6,"motorcycle_accident_count":2,"pedestrian_accident_count":3,"death_count":0,"injury_count":7,"fatal_accident_count":0,"risk_score":60.8,"risk_level":"medium","confidence":"confirmed","motorcycle_accident_ratio":0.3333,"pedestrian_accident_ratio":0.5}},{"type":"Feature","geometry":{"type":"Point","coordinates":[121.56502,25.02763]},"properties":{"hotspot_id":"臺北市-51658","hotspot_type":"intersection","county":"臺北市","township":"信義區","road_or_intersection":"莊敬路","accident_count":5,"motorcycle_accident_count":2,"pedestrian_accident_count":2,"death_count":0,"injury_count":8,"fatal_accident_count":0,"risk_score":60.8,"risk_level":"medium","confidence":"probable","motorcycle_accident_ratio":0.4,"pedestrian_accident_ratio":0.4}},{"type":"Feature","geometry":{"type":"Point","coordinates":[121.51148,25.06063]},"properties":{"hotspot_id":"臺北市-50296","hotspot_type":"intersection","county":"臺北市","township":"大同區","road_or_intersection":"延平北路2段 x 涼州街","accident_count":6,"motorcycle_accident_count":3,"pedestrian_accident_count":1,"death_count":0,"injury_count":7,"fatal_accident_count":0,"risk_score":60.4,"risk_level":"medium","confidence":"confirmed","motorcycle_accident_ratio":0.5,"pedestrian_accident_ratio":0.1667}},{"type":"Feature","geometry":{"type":"Point","coordinates":[121.56872,25.04304]},"properties":{"hotspot_id":"臺北市-51888","hotspot_type":"road_segment","county":"臺北市","township":"信義區","road_or_intersection":"永吉路","accident_count":6,"motorcycle_accident_count":4,"pedestrian_accident_count":3,"death_count":0,"injury_count":6,"fatal_accident_count":0,"risk_score":60.2,"risk_level":"medium","confidence":"probable","motorcycle_accident_ratio":0.6667,"pedestrian_accident_ratio":0.5}},{"type":"Feature","geometry":{"type":"Point","coordinates":[121.57727,24.98736]},"properties":{"hotspot_id":"臺北市-50741","hotspot_type":"intersection","county":"臺北市","township":"文山區","road_or_intersection":"指南路2段","accident_count":5,"motorcycle_accident_count":3,"pedestrian_accident_count":3,"death_count":0,"injury_count":7,"fatal_accident_count":0,"risk_score":60.1,"risk_level":"medium","confidence":"confirmed","motorcycle_accident_ratio":0.6,"pedestrian_accident_ratio":0.6}},{"type":"Feature","geometry":{"type":"Point","coordinates":[121.57828,25.0495]},"properties":{"hotspot_id":"臺北市-51884","hotspot_type":"road_segment","county":"臺北市","township":"松山區","road_or_intersection":"八德路4段","accident_count":5,"motorcycle_accident_count":3,"pedestrian_accident_count":3,"death_count":0,"injury_count":7,"fatal_accident_count":0,"risk_score":60.1,"risk_level":"medium","confidence":"probable","motorcycle_accident_ratio":0.6,"pedestrian_accident_ratio":0.6}},{"type":"Feature","geometry":{"type":"Point","coordinates":[121.58087,25.07677]},"properties":{"hotspot_id":"臺北市-51449","hotspot_type":"intersection","county":"臺北市","township":"內湖區","road_or_intersection":"文德路","accident_count":5,"motorcycle_accident_count":4,"pedestrian_accident_count":3,"death_count":0,"injury_count":6,"fatal_accident_count":0,"risk_score":59.9,"risk_level":"medium","confidence":"probable","motorcycle_accident_ratio":0.8,"pedestrian_accident_ratio":0.6}},{"type":"Feature","geometry":{"type":"Point","coordinates":[121.50041,25.02638]},"properties":{"hotspot_id":"臺北市-51234","hotspot_type":"intersection","county":"臺北市","township":"萬華區","road_or_intersection":"民和街 x 萬大路","accident_count":3,"motorcycle_accident_count":3,"pedestrian_accident_count":1,"death_count":0,"injury_count":3,"fatal_accident_count":0,"risk_score":59.5,"risk_level":"medium","confidence":"confirmed","motorcycle_accident_ratio":1.0,"pedestrian_accident_ratio":0.3333}},{"type":"Feature","geometry":{"type":"Point","coordinates":[121.60213,25.08604]},"properties":{"hotspot_id":"臺北市-49320","hotspot_type":"intersection","county":"臺北市","township":"內湖區","road_or_intersection":"大湖山莊街","accident_count":3,"motorcycle_accident_count":3,"pedestrian_accident_count":1,"death_count":0,"injury_count":3,"fatal_accident_count":0,"risk_score":59.5,"risk_level":"medium","confidence":"confirmed","motorcycle_accident_ratio":1.0,"pedestrian_accident_ratio":0.3333}},{"type":"Feature","geometry":{"type":"Point","coordinates":[121.51366,25.03166]},"properties":{"hotspot_id":"臺北市-48862","hotspot_type":"intersection","county":"臺北市","township":"中正區","road_or_intersection":"南海路 x 泉州街","accident_count":4,"motorcycle_accident_count":3,"pedestrian_accident_count":2,"death_count":0,"injury_count":7,"fatal_accident_count":0,"risk_score":59.5,"risk_level":"medium","confidence":"confirmed","motorcycle_accident_ratio":0.75,"pedestrian_accident_ratio":0.5}},{"type":"Feature","geometry":{"type":"Point","coordinates":[121.49978,25.02634]},"properties":{"hotspot_id":"臺北市-51235","hotspot_type":"intersection","county":"臺北市","township":"萬華區","road_or_intersection":"民和街 x 西藏路","accident_count":3,"motorcycle_accident_count":3,"pedestrian_accident_count":1,"death_count":0,"injury_count":3,"fatal_accident_count":0,"risk_score":59.5,"risk_level":"medium","confidence":"confirmed","motorcycle_accident_ratio":1.0,"pedestrian_accident_ratio":0.3333}},{"type":"Feature","geometry":{"type":"Point","coordinates":[121.52175,25.06037]},"properties":{"hotspot_id":"臺北市-51776","hotspot_type":"intersection","county":"臺北市","township":"中山區","road_or_intersection":"錦西街","accident_count":6,"motorcycle_accident_count":3,"pedestrian_accident_count":3,"death_count":0,"injury_count":6,"fatal_accident_count":0,"risk_score":59.4,"risk_level":"medium","confidence":"probable","motorcycle_accident_ratio":0.5,"pedestrian_accident_ratio":0.5}},{"type":"Feature","geometry":{"type":"Point","coordinates":[121.59515,25.05309]},"properties":{"hotspot_id":"臺北市-51636","hotspot_type":"road_segment","county":"臺北市","township":"南港區","road_or_intersection":"向陽路","accident_count":5,"motorcycle_accident_count":3,"pedestrian_accident_count":1,"death_count":0,"injury_count":7,"fatal_accident_count":0,"risk_score":59.4,"risk_level":"medium","confidence":"probable","motorcycle_accident_ratio":0.6,"pedestrian_accident_ratio":0.2}},{"type":"Feature","geometry":{"type":"Point","coordinates":[121.54074,24.99268]},"properties":{"hotspot_id":"臺北市-51389","hotspot_type":"road_segment","county":"臺北市","township":"文山區","road_or_intersection":"羅斯福路6段","accident_count":6,"motorcycle_accident_count":4,"pedestrian_accident_count":1,"death_count":0,"injury_count":6,"fatal_accident_count":0,"risk_score":59.3,"risk_level":"medium","confidence":"probable","motorcycle_accident_ratio":0.6667,"pedestrian_accident_ratio":0.1667}},{"type":"Feature","geometry":{"type":"Point","coordinates":[121.51368,25.05935]},"properties":{"hotspot_id":"臺北市-50222","hotspot_type":"intersection","county":"臺北市","township":"大同區","road_or_intersection":"保安街 x 重慶北路2段","accident_count":6,"motorcycle_accident_count":4,"pedestrian_accident_count":1,"death_count":0,"injury_count":6,"fatal_accident_count":0,"risk_score":59.3,"risk_level":"medium","confidence":"confirmed","motorcycle_accident_ratio":0.6667,"pedestrian_accident_ratio":0.1667}},{"type":"Feature","geometry":{"type":"Point","coordinates":[121.49741,25.12937]},"properties":{"hotspot_id":"臺北市-49593","hotspot_type":"intersection","county":"臺北市","township":"北投區","road_or_intersection":"大業路 x 大興街","accident_count":6,"motorcycle_accident_count":4,"pedestrian_accident_count":1,"death_count":0,"injury_count":6,"fatal_accident_count":0,"risk_score":59.3,"risk_level":"medium","confidence":"confirmed","motorcycle_accident_ratio":0.6667,"pedestrian_accident_ratio":0.1667}},{"type":"Feature","geometry":{"type":"Point","coordinates":[121.51592,25.07189]},"properties":{"hotspot_id":"臺北市-50401","hotspot_type":"intersection","county":"臺北市","township":"大同區","road_or_intersection":"酒泉街","accident_count":5,"motorcycle_accident_count":4,"pedestrian_accident_count":1,"death_count":0,"injury_count":6,"fatal_accident_count":0,"risk_score":59.2,"risk_level":"medium","confidence":"confirmed","motorcycle_accident_ratio":0.8,"pedestrian_accident_ratio":0.2}},{"type":"Feature","geometry":{"type":"Point","coordinates":[121.54945,25.07706]},"properties":{"hotspot_id":"臺北市-51503","hotspot_type":"intersection","county":"臺北市","township":"中山區","road_or_intersection":"明水路","accident_count":5,"motorcycle_accident_count":4,"pedestrian_accident_count":1,"death_count":0,"injury_count":6,"fatal_accident_count":0,"risk_score":59.2,"risk_level":"medium","confidence":"probable","motorcycle_accident_ratio":0.8,"pedestrian_accident_ratio":0.2}},{"type":"Feature","geometry":{"type":"Point","coordinates":[121.59254,25.05391]},"properties":{"hotspot_id":"臺北市-51470","hotspot_type":"road_segment","county":"臺北市","township":"南港區","road_or_intersection":"昆陽街","accident_count":5,"motorcycle_accident_count":4,"pedestrian_accident_count":1,"death_count":0,"injury_count":6,"fatal_accident_count":0,"risk_score":59.2,"risk_level":"medium","confidence":"probable","motorcycle_accident_ratio":0.8,"pedestrian_accident_ratio":0.2}},{"type":"Feature","geometry":{"type":"Point","coordinates":[121.52586,25.02882]},"properties":{"hotspot_id":"臺北市-50638","hotspot_type":"intersection","county":"臺北市","township":"大安區","road_or_intersection":"潮州街","accident_count":5,"motorcycle_accident_count":4,"pedestrian_accident_count":1,"death_count":0,"injury_count":6,"fatal_accident_count":0,"risk_score":59.2,"risk_level":"medium","confidence":"confirmed","motorcycle_accident_ratio":0.8,"pedestrian_accident_ratio":0.2}},{"type":"Feature","geometry":{"type":"Point","coordinates":[121.50206,25.03967]},"properties":{"hotspot_id":"臺北市-51689","hotspot_type":"intersection","county":"臺北市","township":"萬華區","road_or_intersection":"康定路","accident_count":5,"motorcycle_accident_count":4,"pedestrian_accident_count":1,"death_count":0,"injury_count":6,"fatal_accident_count":0,"risk_score":59.2,"risk_level":"medium","confidence":"probable","motorcycle_accident_ratio":0.8,"pedestrian_accident_ratio":0.2}},{"type":"Feature","geometry":{"type":"Point","coordinates":[121.51746,25.11231]},"properties":{"hotspot_id":"臺北市-49695","hotspot_type":"intersection","county":"臺北市","township":"北投區","road_or_intersection":"東華街1段 x 東陽街","accident_count":5,"motorcycle_accident_count":4,"pedestrian_accident_count":1,"death_count":0,"injury_count":6,"fatal_accident_count":0,"risk_score":59.2,"risk_level":"medium","confidence":"confirmed","motorcycle_accident_ratio":0.8,"pedestrian_accident_ratio":0.2}},{"type":"Feature","geometry":{"type":"Point","coordinates":[121.53585,25.06624]},"properties":{"hotspot_id":"臺北市-51765","hotspot_type":"intersection","county":"臺北市","township":"中山區","road_or_intersection":"建國北路3段","accident_count":5,"motorcycle_accident_count":4,"pedestrian_accident_count":1,"death_count":0,"injury_count":6,"fatal_accident_count":0,"risk_score":59.2,"risk_level":"medium","confidence":"probable","motorcycle_accident_ratio":0.8,"pedestrian_accident_ratio":0.2}},{"type":"Feature","geometry":{"type":"Point","coordinates":[121.57504,25.0454]},"properties":{"hotspot_id":"臺北市-51846","hotspot_type":"intersection","county":"臺北市","township":"信義區","road_or_intersection":"永吉路","accident_count":5,"motorcycle_accident_count":4,"pedestrian_accident_count":1,"death_count":0,"injury_count":6,"fatal_accident_count":0,"risk_score":59.2,"risk_level":"medium","confidence":"probable","motorcycle_accident_ratio":0.8,"pedestrian_accident_ratio":0.2}},{"type":"Feature","geometry":{"type":"Point","coordinates":[121.58553,25.05681]},"properties":{"hotspot_id":"臺北市-49374","hotspot_type":"intersection","county":"臺北市","township":"內湖區","road_or_intersection":"成美橋 x 新明路","accident_count":5,"motorcycle_accident_count":4,"pedestrian_accident_count":1,"death_count":0,"injury_count":6,"fatal_accident_count":0,"risk_score":59.2,"risk_level":"medium","confidence":"confirmed","motorcycle_accident_ratio":0.8,"pedestrian_accident_ratio":0.2}},{"type":"Feature","geometry":{"type":"Point","coordinates":[121.54705,25.04161]},"properties":{"hotspot_id":"臺北市-51864","hotspot_type":"road_segment","county":"臺北市","township":"大安區","road_or_intersection":"忠孝東路4段","accident_count":5,"motorcycle_accident_count":4,"pedestrian_accident_count":1,"death_count":0,"injury_count":6,"fatal_accident_count":0,"risk_score":59.2,"risk_level":"medium","confidence":"probable","motorcycle_accident_ratio":0.8,"pedestrian_accident_ratio":0.2}},{"type":"Feature","geometry":{"type":"Point","coordinates":[121.58374,25.03805]},"properties":{"hotspot_id":"臺北市-49175","hotspot_type":"intersection","county":"臺北市","township":"信義區","road_or_intersection":"大道 x 福德街","accident_count":5,"motorcycle_accident_count":4,"pedestrian_accident_count":1,"death_count":0,"injury_count":6,"fatal_accident_count":0,"risk_score":59.2,"risk_level":"medium","confidence":"confirmed","motorcycle_accident_ratio":0.8,"pedestrian_accident_ratio":0.2}},{"type":"Feature","geometry":{"type":"Point","coordinates":[121.5427,24.99065]},"properties":{"hotspot_id":"臺北市-50772","hotspot_type":"intersection","county":"臺北市","township":"文山區","road_or_intersection":"景後街 x 景興路","accident_count":5,"motorcycle_accident_count":4,"pedestrian_accident_count":1,"death_count":0,"injury_count":6,"fatal_accident_count":0,"risk_score":59.2,"risk_level":"medium","confidence":"confirmed","motorcycle_accident_ratio":0.8,"pedestrian_accident_ratio":0.2}},{"type":"Feature","geometry":{"type":"Point","coordinates":[121.53653,25.0489]},"properties":{"hotspot_id":"臺北市-48570","hotspot_type":"intersection","county":"臺北市","township":"中山區","road_or_intersection":"建國北路1段","accident_count":5,"motorcycle_accident_count":4,"pedestrian_accident_count":1,"death_count":0,"injury_count":6,"fatal_accident_count":0,"risk_score":59.2,"risk_level":"medium","confidence":"confirmed","motorcycle_accident_ratio":0.8,"pedestrian_accident_ratio":0.2}},{"type":"Feature","geometry":{"type":"Point","coordinates":[121.53061,25.06828]},"properties":{"hotspot_id":"臺北市-48538","hotspot_type":"intersection","county":"臺北市","township":"中山區","road_or_intersection":"吉林路 x 民族東路","accident_count":5,"motorcycle_accident_count":4,"pedestrian_accident_count":1,"death_count":0,"injury_count":6,"fatal_accident_count":0,"risk_score":59.2,"risk_level":"medium","confidence":"confirmed","motorcycle_accident_ratio":0.8,"pedestrian_accident_ratio":0.2}},{"type":"Feature","geometry":{"type":"Point","coordinates":[121.54445,25.05447]},"properties":{"hotspot_id":"臺北市-51024","hotspot_type":"intersection","county":"臺北市","township":"松山區","road_or_intersection":"復興北路 x 長春路","accident_count":5,"motorcycle_accident_count":4,"pedestrian_accident_count":1,"death_count":0,"injury_count":6,"fatal_accident_count":0,"risk_score":59.2,"risk_level":"medium","confidence":"confirmed","motorcycle_accident_ratio":0.8,"pedestrian_accident_ratio":0.2}},{"type":"Feature","geometry":{"type":"Point","coordinates":[121.56542,25.05009]},"properties":{"hotspot_id":"臺北市-51048","hotspot_type":"intersection","county":"臺北市","township":"松山區","road_or_intersection":"東興路","accident_count":4,"motorcycle_accident_count":3,"pedestrian_accident_count":1,"death_count":0,"injury_count":7,"fatal_accident_count":0,"risk_score":59.1,"risk_level":"medium","confidence":"confirmed","motorcycle_accident_ratio":0.75,"pedestrian_accident_ratio":0.25}},{"type":"Feature","geometry":{"type":"Point","coordinates":[121.5232,25.06009]},"properties":{"hotspot_id":"臺北市-48444","hotspot_type":"intersection","county":"臺北市","township":"中山區","road_or_intersection":"中山北路2段 x 錦州街","accident_count":4,"motorcycle_accident_count":3,"pedestrian_accident_count":1,"death_count":0,"injury_count":7,"fatal_accident_count":0,"risk_score":59.1,"risk_level":"medium","confidence":"confirmed","motorcycle_accident_ratio":0.75,"pedestrian_accident_ratio":0.25}},{"type":"Feature","geometry":{"type":"Point","coordinates":[121.56552,25.03401]},"properties":{"hotspot_id":"臺北市-49226","hotspot_type":"intersection","county":"臺北市","township":"信義區","road_or_intersection":"松廉路 x 松智路","accident_count":4,"motorcycle_accident_count":3,"pedestrian_accident_count":1,"death_count":0,"injury_count":7,"fatal_accident_count":0,"risk_score":59.1,"risk_level":"medium","confidence":"confirmed","motorcycle_accident_ratio":0.75,"pedestrian_accident_ratio":0.25}},{"type":"Feature","geometry":{"type":"Point","coordinates":[121.58971,25.03972]},"properties":{"hotspot_id":"臺北市-49895","hotspot_type":"intersection","county":"臺北市","township":"南港區","road_or_intersection":"福德街","accident_count":6,"motorcycle_accident_count":3,"pedestrian_accident_count":2,"death_count":0,"injury_count":6,"fatal_accident_count":0,"risk_score":59.1,"risk_level":"medium","confidence":"confirmed","motorcycle_accident_ratio":0.5,"pedestrian_accident_ratio":0.3333}},{"type":"Feature","geometry":{"type":"Point","coordinates":[121.56208,25.05479]},"properties":{"hotspot_id":"臺北市-50922","hotspot_type":"intersection","county":"臺北市","township":"松山區","road_or_intersection":"健康路","accident_count":6,"motorcycle_accident_count":3,"pedestrian_accident_count":2,"death_count":0,"injury_count":6,"fatal_accident_count":0,"risk_score":59.1,"risk_level":"medium","confidence":"confirmed","motorcycle_accident_ratio":0.5,"pedestrian_accident_ratio":0.3333}},{"type":"Feature","geometry":{"type":"Point","coordinates":[121.49869,25.02284]},"properties":{"hotspot_id":"臺北市-51139","hotspot_type":"intersection","county":"臺北市","township":"萬華區","road_or_intersection":"堤外便道","accident_count":4,"motorcycle_accident_count":3,"pedestrian_accident_count":1,"death_count":0,"injury_count":7,"fatal_accident_count":0,"risk_score":59.1,"risk_level":"medium","confidence":"confirmed","motorcycle_accident_ratio":0.75,"pedestrian_accident_ratio":0.25}},{"type":"Feature","geometry":{"type":"Point","coordinates":[121.5025,25.02794]},"properties":{"hotspot_id":"臺北市-51304","hotspot_type":"intersection","county":"臺北市","township":"萬華區","road_or_intersection":"西藏路 x 雙和街","accident_count":4,"motorcycle_accident_count":2,"pedestrian_accident_count":2,"death_count":0,"injury_count":7,"fatal_accident_count":0,"risk_score":58.0,"risk_level":"medium","confidence":"confirmed","motorcycle_accident_ratio":0.5,"pedestrian_accident_ratio":0.5}},{"type":"Feature","geometry":{"type":"Point","coordinates":[121.60678,25.05449]},"properties":{"hotspot_id":"臺北市-51594","hotspot_type":"intersection","county":"臺北市","township":"南港區","road_or_intersection":"南港路1段","accident_count":5,"motorcycle_accident_count":3,"pedestrian_accident_count":2,"death_count":0,"injury_count":6,"fatal_accident_count":0,"risk_score":58.0,"risk_level":"medium","confidence":"probable","motorcycle_accident_ratio":0.6,"pedestrian_accident_ratio":0.4}},{"type":"Feature","geometry":{"type":"Point","coordinates":[121.55113,25.00263]},"properties":{"hotspot_id":"臺北市-51353","hotspot_type":"road_segment","county":"臺北市","township":"文山區","road_or_intersection":"福興路","accident_count":5,"motorcycle_accident_count":3,"pedestrian_accident_count":2,"death_count":0,"injury_count":6,"fatal_accident_count":0,"risk_score":58.0,"risk_level":"medium","confidence":"probable","motorcycle_accident_ratio":0.6,"pedestrian_accident_ratio":0.4}},{"type":"Feature","geometry":{"type":"Point","coordinates":[121.59147,25.08293]},"properties":{"hotspot_id":"臺北市-49284","hotspot_type":"intersection","county":"臺北市","township":"內湖區","road_or_intersection":"內湖路2段 x 成功路4段","accident_count":4,"motorcycle_accident_count":3,"pedestrian_accident_count":3,"death_count":0,"injury_count":6,"fatal_accident_count":0,"risk_score":57.8,"risk_level":"medium","confidence":"confirmed","motorcycle_accident_ratio":0.75,"pedestrian_accident_ratio":0.75}},{"type":"Feature","geometry":{"type":"Point","coordinates":[121.49642,25.02205]},"properties":{"hotspot_id":"臺北市-51310","hotspot_type":"intersection","county":"臺北市","township":"萬華區","road_or_intersection":"長泰街","accident_count":5,"motorcycle_accident_count":4,"pedestrian_accident_count":2,"death_count":0,"injury_count":5,"fatal_accident_count":0,"risk_score":57.8,"risk_level":"medium","confidence":"confirmed","motorcycle_accident_ratio":0.8,"pedestrian_accident_ratio":0.4}},{"type":"Feature","geometry":{"type":"Point","coordinates":[121.52052,25.02743]},"properties":{"hotspot_id":"臺北市-48853","hotspot_type":"intersection","county":"臺北市","township":"中正區","road_or_intersection":"南昌路2段","accident_count":4,"motorcycle_accident_count":3,"pedestrian_accident_count":2,"death_count":0,"injury_count":6,"fatal_accident_count":0,"risk_score":57.7,"risk_level":"medium","confidence":"confirmed","motorcycle_accident_ratio":0.75,"pedestrian_accident_ratio":0.5}},{"type":"Feature","geometry":{"type":"Point","coordinates":[121.51569,25.11276]},"properties":{"hotspot_id":"臺北市-49738","hotspot_type":"intersection","county":"臺北市","township":"北投區","road_or_intersection":"石牌路1段 x 西安街1段","accident_count":4,"motorcycle_accident_count":3,"pedestrian_accident_count":2,"death_count":0,"injury_count":6,"fatal_accident_count":0,"risk_score":57.7,"risk_level":"medium","confidence":"confirmed","motorcycle_accident_ratio":0.75,"pedestrian_accident_ratio":0.5}},{"type":"Feature","geometry":{"type":"Point","coordinates":[121.56496,25.04953]},"properties":{"hotspot_id":"臺北市-51890","hotspot_type":"intersection","county":"臺北市","township":"松山區","road_or_intersection":"八德路4段","accident_count":5,"motorcycle_accident_count":3,"pedestrian_accident_count":1,"death_count":0,"injury_count":6,"fatal_accident_count":0,"risk_score":57.5,"risk_level":"medium","confidence":"probable","motorcycle_accident_ratio":0.6,"pedestrian_accident_ratio":0.2}},{"type":"Feature","geometry":{"type":"Point","coordinates":[121.57785,25.05005]},"properties":{"hotspot_id":"臺北市-50969","hotspot_type":"intersection","county":"臺北市","township":"松山區","road_or_intersection":"八德路4段 x 松山路","accident_count":5,"motorcycle_accident_count":3,"pedestrian_accident_count":1,"death_count":0,"injury_count":6,"fatal_accident_count":0,"risk_score":57.5,"risk_level":"medium","confidence":"confirmed","motorcycle_accident_ratio":0.6,"pedestrian_accident_ratio":0.2}},{"type":"Feature","geometry":{"type":"Point","coordinates":[121.56831,25.03594]},"properties":{"hotspot_id":"臺北市-49200","hotspot_type":"intersection","county":"臺北市","township":"信義區","road_or_intersection":"松仁路 x 松壽路","accident_count":5,"motorcycle_accident_count":2,"pedestrian_accident_count":3,"death_count":0,"injury_count":6,"fatal_accident_count":0,"risk_score":57.5,"risk_level":"medium","confidence":"confirmed","motorcycle_accident_ratio":0.4,"pedestrian_accident_ratio":0.6}},{"type":"Feature","geometry":{"type":"Point","coordinates":[121.52922,25.04081]},"properties":{"hotspot_id":"臺北市-49038","hotspot_type":"intersection","county":"臺北市","township":"中正區","road_or_intersection":"濟南路2段 x 金山南路1段","accident_count":5,"motorcycle_accident_count":4,"pedestrian_accident_count":1,"death_count":0,"injury_count":5,"fatal_accident_count":0,"risk_score":57.3,"risk_level":"medium","confidence":"confirmed","motorcycle_accident_ratio":0.8,"pedestrian_accident_ratio":0.2}},{"type":"Feature","geometry":{"type":"Point","coordinates":[121.52759,25.06547]},"properties":{"hotspot_id":"臺北市-48643","hotspot_type":"intersection","county":"臺北市","township":"中山區","road_or_intersection":"新生北路3段","accident_count":5,"motorcycle_accident_count":4,"pedestrian_accident_count":1,"death_count":0,"injury_count":5,"fatal_accident_count":0,"risk_score":57.3,"risk_level":"medium","confidence":"confirmed","motorcycle_accident_ratio":0.8,"pedestrian_accident_ratio":0.2}},{"type":"Feature","geometry":{"type":"Point","coordinates":[121.54725,24.99906]},"properties":{"hotspot_id":"臺北市-50796","hotspot_type":"intersection","county":"臺北市","township":"文山區","road_or_intersection":"景華街 x 興隆路2段","accident_count":5,"motorcycle_accident_count":4,"pedestrian_accident_count":1,"death_count":0,"injury_count":5,"fatal_accident_count":0,"risk_score":57.3,"risk_level":"medium","confidence":"confirmed","motorcycle_accident_ratio":0.8,"pedestrian_accident_ratio":0.2}},{"type":"Feature","geometry":{"type":"Point","coordinates":[121.58237,25.04046]},"properties":{"hotspot_id":"臺北市-49174","hotspot_type":"intersection","county":"臺北市","township":"信義區","road_or_intersection":"大道 x 林口街","accident_count":5,"motorcycle_accident_count":4,"pedestrian_accident_count":1,"death_count":0,"injury_count":5,"fatal_accident_count":0,"risk_score":57.3,"risk_level":"medium","confidence":"confirmed","motorcycle_accident_ratio":0.8,"pedestrian_accident_ratio":0.2}},{"type":"Feature","geometry":{"type":"Point","coordinates":[121.49752,25.02213]},"properties":{"hotspot_id":"臺北市-51287","hotspot_type":"intersection","county":"臺北市","township":"萬華區","road_or_intersection":"萬大路 x 長泰街","accident_count":5,"motorcycle_accident_count":4,"pedestrian_accident_count":1,"death_count":0,"injury_count":5,"fatal_accident_count":0,"risk_score":57.3,"risk_level":"medium","confidence":"confirmed","motorcycle_accident_ratio":0.8,"pedestrian_accident_ratio":0.2}},{"type":"Feature","geometry":{"type":"Point","coordinates":[121.50877,25.08819]},"properties":{"hotspot_id":"臺北市-50075","hotspot_type":"intersection","county":"臺北市","township":"士林區","road_or_intersection":"延平北路6段 x 社正路","accident_count":5,"motorcycle_accident_count":4,"pedestrian_accident_count":1,"death_count":0,"injury_count":5,"fatal_accident_count":0,"risk_score":57.3,"risk_level":"medium","confidence":"confirmed","motorcycle_accident_ratio":0.8,"pedestrian_accident_ratio":0.2}},{"type":"Feature","geometry":{"type":"Point","coordinates":[121.56927,25.0235]},"properties":{"hotspot_id":"臺北市-49145","hotspot_type":"intersection","county":"臺北市","township":"信義區","road_or_intersection":"吳興街 x 松仁路","accident_count":5,"motorcycle_accident_count":4,"pedestrian_accident_count":1,"death_count":0,"injury_count":5,"fatal_accident_count":0,"risk_score":57.3,"risk_level":"medium","confidence":"confirmed","motorcycle_accident_ratio":0.8,"pedestrian_accident_ratio":0.2}},{"type":"Feature","geometry":{"type":"Point","coordinates":[121.55225,25.03278]},"properties":{"hotspot_id":"臺北市-50457","hotspot_type":"intersection","county":"臺北市","township":"大安區","road_or_intersection":"信義路4段 x 安和路2段","accident_count":4,"motorcycle_accident_count":3,"pedestrian_accident_count":1,"death_count":0,"injury_count":6,"fatal_accident_count":0,"risk_score":57.3,"risk_level":"medium","confidence":"confirmed","motorcycle_accident_ratio":0.75,"pedestrian_accident_ratio":0.25}},{"type":"Feature","geometry":{"type":"Point","coordinates":[121.5324,25.09874]},"properties":{"hotspot_id":"臺北市-50170","hotspot_type":"intersection","county":"臺北市","township":"士林區","road_or_intersection":"福志路 x 雨農路","accident_count":5,"motorcycle_accident_count":4,"pedestrian_accident_count":1,"death_count":0,"injury_count":5,"fatal_accident_count":0,"risk_score":57.3,"risk_level":"medium","confidence":"confirmed","motorcycle_accident_ratio":0.8,"pedestrian_accident_ratio":0.2}},{"type":"Feature","geometry":{"type":"Point","coordinates":[121.58232,25.05145]},"properties":{"hotspot_id":"臺北市-49803","hotspot_type":"intersection","county":"臺北市","township":"南港區","road_or_intersection":"八德路4段 x 東新街","accident_count":5,"motorcycle_accident_count":4,"pedestrian_accident_count":1,"death_count":0,"injury_count":5,"fatal_accident_count":0,"risk_score":57.3,"risk_level":"medium","confidence":"confirmed","motorcycle_accident_ratio":0.8,"pedestrian_accident_ratio":0.2}},{"type":"Feature","geometry":{"type":"Point","coordinates":[121.61406,25.05523]},"properties":{"hotspot_id":"臺北市-49782","hotspot_type":"intersection","county":"臺北市","township":"南港區","road_or_intersection":"三重路 x 南港路1段","accident_count":5,"motorcycle_accident_count":4,"pedestrian_accident_count":1,"death_count":0,"injury_count":5,"fatal_accident_count":0,"risk_score":57.3,"risk_level":"medium","confidence":"confirmed","motorcycle_accident_ratio":0.8,"pedestrian_accident_ratio":0.2}},{"type":"Feature","geometry":{"type":"Point","coordinates":[121.55303,25.0241]},"properties":{"hotspot_id":"臺北市-51844","hotspot_type":"intersection","county":"臺北市","township":"信義區","road_or_intersection":"和平東路3段","accident_count":5,"motorcycle_accident_count":4,"pedestrian_accident_count":1,"death_count":0,"injury_count":5,"fatal_accident_count":0,"risk_score":57.3,"risk_level":"medium","confidence":"probable","motorcycle_accident_ratio":0.8,"pedestrian_accident_ratio":0.2}},{"type":"Feature","geometry":{"type":"Point","coordinates":[121.53301,25.05794]},"properties":{"hotspot_id":"臺北市-51763","hotspot_type":"intersection","county":"臺北市","township":"中山區","road_or_intersection":"松江路","accident_count":5,"motorcycle_accident_count":4,"pedestrian_accident_count":1,"death_count":0,"injury_count":5,"fatal_accident_count":0,"risk_score":57.3,"risk_level":"medium","confidence":"probable","motorcycle_accident_ratio":0.8,"pedestrian_accident_ratio":0.2}},{"type":"Feature","geometry":{"type":"Point","coordinates":[121.51457,25.05489]},"properties":{"hotspot_id":"臺北市-51704","hotspot_type":"intersection","county":"臺北市","township":"大同區","road_or_intersection":"重慶北路2段","accident_count":5,"motorcycle_accident_count":4,"pedestrian_accident_count":1,"death_count":0,"injury_count":5,"fatal_accident_count":0,"risk_score":57.3,"risk_level":"medium","confidence":"probable","motorcycle_accident_ratio":0.8,"pedestrian_accident_ratio":0.2}},{"type":"Feature","geometry":{"type":"Point","coordinates":[121.50006,25.0412]},"properties":{"hotspot_id":"臺北市-51293","hotspot_type":"intersection","county":"臺北市","township":"萬華區","road_or_intersection":"西園路1段 x 長沙街2段","accident_count":4,"motorcycle_accident_count":2,"pedestrian_accident_count":2,"death_count":0,"injury_count":6,"fatal_accident_count":0,"risk_score":56.2,"risk_level":"medium","confidence":"confirmed","motorcycle_accident_ratio":0.5,"pedestrian_accident_ratio":0.5}},{"type":"Feature","geometry":{"type":"Point","coordinates":[121.54559,25.04058]},"properties":{"hotspot_id":"臺北市-51865","hotspot_type":"road_segment","county":"臺北市","township":"大安區","road_or_intersection":"大安路1段","accident_count":5,"motorcycle_accident_count":3,"pedestrian_accident_count":2,"death_count":0,"injury_count":5,"fatal_accident_count":0,"risk_score":56.1,"risk_level":"medium","confidence":"probable","motorcycle_accident_ratio":0.6,"pedestrian_accident_ratio":0.4}},{"type":"Feature","geometry":{"type":"Point","coordinates":[121.54968,24.99964]},"properties":{"hotspot_id":"臺北市-50701","hotspot_type":"intersection","county":"臺北市","township":"文山區","road_or_intersection":"仙岩路 x 興隆路2段","accident_count":4,"motorcycle_accident_count":3,"pedestrian_accident_count":2,"death_count":0,"injury_count":5,"fatal_accident_count":0,"risk_score":55.7,"risk_level":"medium","confidence":"confirmed","motorcycle_accident_ratio":0.75,"pedestrian_accident_ratio":0.5}},{"type":"Feature","geometry":{"type":"Point","coordinates":[121.55669,25.02087]},"properties":{"hotspot_id":"臺北市-49150","hotspot_type":"intersection","county":"臺北市","township":"信義區","road_or_intersection":"和平東路3段 x 富陽街","accident_count":5,"motorcycle_accident_count":3,"pedestrian_accident_count":1,"death_count":0,"injury_count":5,"fatal_accident_count":0,"risk_score":55.6,"risk_level":"medium","confidence":"confirmed","motorcycle_accident_ratio":0.6,"pedestrian_accident_ratio":0.2}},{"type":"Feature","geometry":{"type":"Point","coordinates":[121.5248,25.05001]},"properties":{"hotspot_id":"臺北市-48428","hotspot_type":"intersection","county":"臺北市","township":"中山區","road_or_intersection":"中山北路1段 x 林森北路","accident_count":5,"motorcycle_accident_count":3,"pedestrian_accident_count":1,"death_count":0,"injury_count":5,"fatal_accident_count":0,"risk_score":55.6,"risk_level":"medium","confidence":"confirmed","motorcycle_accident_ratio":0.6,"pedestrian_accident_ratio":0.2}},{"type":"Feature","geometry":{"type":"Point","coordinates":[121.5577,25.0538]},"properties":{"hotspot_id":"臺北市-51620","hotspot_type":"intersection","county":"臺北市","township":"松山區","road_or_intersection":"健康路","accident_count":5,"motorcycle_accident_count":3,"pedestrian_accident_count":1,"death_count":0,"injury_count":5,"fatal_accident_count":0,"risk_score":55.6,"risk_level":"medium","confidence":"probable","motorcycle_accident_ratio":0.6,"pedestrian_accident_ratio":0.2}},{"type":"Feature","geometry":{"type":"Point","coordinates":[121.56235,24.98727]},"properties":{"hotspot_id":"臺北市-51416","hotspot_type":"intersection","county":"臺北市","township":"文山區","road_or_intersection":"木柵路2段","accident_count":5,"motorcycle_accident_count":3,"pedestrian_accident_count":1,"death_count":0,"injury_count":5,"fatal_accident_count":0,"risk_score":55.6,"risk_level":"medium","confidence":"probable","motorcycle_accident_ratio":0.6,"pedestrian_accident_ratio":0.2}},{"type":"Feature","geometry":{"type":"Point","coordinates":[121.49836,25.13378]},"properties":{"hotspot_id":"臺北市-49576","hotspot_type":"intersection","county":"臺北市","township":"北投區","road_or_intersection":"大同街 x 育仁路","accident_count":5,"motorcycle_accident_count":3,"pedestrian_accident_count":1,"death_count":0,"injury_count":5,"fatal_accident_count":0,"risk_score":55.6,"risk_level":"medium","confidence":"confirmed","motorcycle_accident_ratio":0.6,"pedestrian_accident_ratio":0.2}},{"type":"Feature","geometry":{"type":"Point","coordinates":[121.54107,24.99015]},"properties":{"hotspot_id":"臺北市-50773","hotspot_type":"intersection","county":"臺北市","township":"文山區","road_or_intersection":"景文街","accident_count":5,"motorcycle_accident_count":3,"pedestrian_accident_count":1,"death_count":0,"injury_count":5,"fatal_accident_count":0,"risk_score":55.6,"risk_level":"medium","confidence":"confirmed","motorcycle_accident_ratio":0.6,"pedestrian_accident_ratio":0.2}},{"type":"Feature","geometry":{"type":"Point","coordinates":[121.49515,25.03079]},"properties":{"hotspot_id":"臺北市-51296","hotspot_type":"intersection","county":"臺北市","township":"萬華區","road_or_intersection":"西園路2段 x 雙園街","accident_count":4,"motorcycle_accident_count":3,"pedestrian_accident_count":1,"death_count":0,"injury_count":5,"fatal_accident_count":0,"risk_score":55.4,"risk_level":"medium","confidence":"confirmed","motorcycle_accident_ratio":0.75,"pedestrian_accident_ratio":0.25}},{"type":"Feature","geometry":{"type":"Point","coordinates":[121.52039,25.03326]},"properties":{"hotspot_id":"臺北市-48902","hotspot_type":"intersection","county":"臺北市","township":"中正區","road_or_intersection":"寧波東街 x 愛國東路","accident_count":4,"motorcycle_accident_count":3,"pedestrian_accident_count":1,"death_count":0,"injury_count":5,"fatal_accident_count":0,"risk_score":55.4,"risk_level":"medium","confidence":"confirmed","motorcycle_accident_ratio":0.75,"pedestrian_accident_ratio":0.25}},{"type":"Feature","geometry":{"type":"Point","coordinates":[121.50516,25.044]},"properties":{"hotspot_id":"臺北市-51201","hotspot_type":"intersection","county":"臺北市","township":"萬華區","road_or_intersection":"昆明街","accident_count":4,"motorcycle_accident_count":3,"pedestrian_accident_count":1,"death_count":0,"injury_count":5,"fatal_accident_count":0,"risk_score":55.4,"risk_level":"medium","confidence":"confirmed","motorcycle_accident_ratio":0.75,"pedestrian_accident_ratio":0.25}},{"type":"Feature","geometry":{"type":"Point","coordinates":[121.51585,25.06992]},"properties":{"hotspot_id":"臺北市-50265","hotspot_type":"intersection","county":"臺北市","township":"大同區","road_or_intersection":"大龍街 x 重慶北路3段","accident_count":4,"motorcycle_accident_count":3,"pedestrian_accident_count":1,"death_count":0,"injury_count":5,"fatal_accident_count":0,"risk_score":55.4,"risk_level":"medium","confidence":"confirmed","motorcycle_accident_ratio":0.75,"pedestrian_accident_ratio":0.25}},{"type":"Feature","geometry":{"type":"Point","coordinates":[121.50114,25.13667]},"properties":{"hotspot_id":"臺北市-49474","hotspot_type":"intersection","county":"臺北市","township":"北投區","road_or_intersection":"七星街 x 育仁路","accident_count":4,"motorcycle_accident_count":3,"pedestrian_accident_count":1,"death_count":0,"injury_count":5,"fatal_accident_count":0,"risk_score":55.4,"risk_level":"medium","confidence":"confirmed","motorcycle_accident_ratio":0.75,"pedestrian_accident_ratio":0.25}},{"type":"Feature","geometry":{"type":"Point","coordinates":[121.57081,24.99056]},"properties":{"hotspot_id":"臺北市-50807","hotspot_type":"intersection","county":"臺北市","township":"文山區","road_or_intersection":"木新路1段 x 木柵路3段","accident_count":4,"motorcycle_accident_count":3,"pedestrian_accident_count":1,"death_count":0,"injury_count":5,"fatal_accident_count":0,"risk_score":55.4,"risk_level":"medium","confidence":"confirmed","motorcycle_accident_ratio":0.75,"pedestrian_accident_ratio":0.25}},{"type":"Feature","geometry":{"type":"Point","coordinates":[121.51927,25.04508]},"properties":{"hotspot_id":"臺北市-48759","hotspot_type":"intersection","county":"臺北市","township":"中正區","road_or_intersection":"中山南路","accident_count":4,"motorcycle_accident_count":3,"pedestrian_accident_count":1,"death_count":0,"injury_count":5,"fatal_accident_count":0,"risk_score":55.4,"risk_level":"medium","confidence":"confirmed","motorcycle_accident_ratio":0.75,"pedestrian_accident_ratio":0.25}},{"type":"Feature","geometry":{"type":"Point","coordinates":[121.59024,25.08209]},"properties":{"hotspot_id":"臺北市-49283","hotspot_type":"intersection","county":"臺北市","township":"內湖區","road_or_intersection":"內湖路2段 x 成功路3段","accident_count":4,"motorcycle_accident_count":3,"pedestrian_accident_count":1,"death_count":0,"injury_count":5,"fatal_accident_count":0,"risk_score":55.4,"risk_level":"medium","confidence":"confirmed","motorcycle_accident_ratio":0.75,"pedestrian_accident_ratio":0.25}},{"type":"Feature","geometry":{"type":"Point","coordinates":[121.49952,25.01894]},"properties":{"hotspot_id":"臺北市-51154","hotspot_type":"intersection","county":"臺北市","township":"萬華區","road_or_intersection":"富民路","accident_count":4,"motorcycle_accident_count":3,"pedestrian_accident_count":1,"death_count":0,"injury_count":5,"fatal_accident_count":0,"risk_score":55.4,"risk_level":"medium","confidence":"confirmed","motorcycle_accident_ratio":0.75,"pedestrian_accident_ratio":0.25}},{"type":"Feature","geometry":{"type":"Point","coordinates":[121.5213,25.04402]},"properties":{"hotspot_id":"臺北市-49023","hotspot_type":"intersection","county":"臺北市","township":"中正區","road_or_intersection":"江街 x 青島東路","accident_count":3,"motorcycle_accident_count":2,"pedestrian_accident_count":1,"death_count":0,"injury_count":6,"fatal_accident_count":0,"risk_score":55.3,"risk_level":"medium","confidence":"confirmed","motorcycle_accident_ratio":0.6667,"pedestrian_accident_ratio":0.3333}},{"type":"Feature","geometry":{"type":"Point","coordinates":[121.51347,25.07206]},"properties":{"hotspot_id":"臺北市-50402","hotspot_type":"intersection","county":"臺北市","township":"大同區","road_or_intersection":"酒泉街 x 重慶北路3段","accident_count":3,"motorcycle_accident_count":2,"pedestrian_accident_count":1,"death_count":0,"injury_count":6,"fatal_accident_count":0,"risk_score":55.3,"risk_level":"medium","confidence":"confirmed","motorcycle_accident_ratio":0.6667,"pedestrian_accident_ratio":0.3333}},{"type":"Feature","geometry":{"type":"Point","coordinates":[121.52966,25.03184]},"properties":{"hotspot_id":"臺北市-50625","hotspot_type":"intersection","county":"臺北市","township":"大安區","road_or_intersection":"永康街","accident_count":3,"motorcycle_accident_count":2,"pedestrian_accident_count":1,"death_count":0,"injury_count":6,"fatal_accident_count":0,"risk_score":55.3,"risk_level":"medium","confidence":"confirmed","motorcycle_accident_ratio":0.6667,"pedestrian_accident_ratio":0.3333}},{"type":"Feature","geometry":{"type":"Point","coordinates":[121.54597,25.03306]},"properties":{"hotspot_id":"臺北市-50455","hotspot_type":"intersection","county":"臺北市","township":"大安區","road_or_intersection":"信義路4段 x 大安路2段","accident_count":5,"motorcycle_accident_count":2,"pedestrian_accident_count":1,"death_count":0,"injury_count":5,"fatal_accident_count":0,"risk_score":54.9,"risk_level":"medium","confidence":"confirmed","motorcycle_accident_ratio":0.4,"pedestrian_accident_ratio":0.2}},{"type":"Feature","geometry":{"type":"Point","coordinates":[121.53705,25.05213]},"properties":{"hotspot_id":"臺北市-48516","hotspot_type":"intersection","county":"臺北市","township":"中山區","road_or_intersection":"南京東路3段 x 建國北路2段","accident_count":5,"motorcycle_accident_count":1,"pedestrian_accident_count":1,"death_count":0,"injury_count":5,"fatal_accident_count":0,"risk_score":54.8,"risk_level":"medium","confidence":"confirmed","motorcycle_accident_ratio":0.2,"pedestrian_accident_ratio":0.2}},{"type":"Feature","geometry":{"type":"Point","coordinates":[121.50527,25.03826]},"properties":{"hotspot_id":"臺北市-51216","hotspot_type":"intersection","county":"臺北市","township":"萬華區","road_or_intersection":"柳州街 x 永福街","accident_count":4,"motorcycle_accident_count":2,"pedestrian_accident_count":2,"death_count":0,"injury_count":5,"fatal_accident_count":0,"risk_score":54.3,"risk_level":"medium","confidence":"confirmed","motorcycle_accident_ratio":0.5,"pedestrian_accident_ratio":0.5}},{"type":"Feature","geometry":{"type":"Point","coordinates":[121.54199,25.05783]},"properties":{"hotspot_id":"臺北市-48706","hotspot_type":"intersection","county":"臺北市","township":"中山區","road_or_intersection":"民生東路3段 x 遼寧街","accident_count":4,"motorcycle_accident_count":2,"pedestrian_accident_count":1,"death_count":0,"injury_count":5,"fatal_accident_count":0,"risk_score":53.9,"risk_level":"medium","confidence":"confirmed","motorcycle_accident_ratio":0.5,"pedestrian_accident_ratio":0.25}},{"type":"Feature","geometry":{"type":"Point","coordinates":[121.61818,25.06072]},"properties":{"hotspot_id":"臺北市-49897","hotspot_type":"intersection","county":"臺北市","township":"南港區","road_or_intersection":"經貿一路 x 經貿二路","accident_count":4,"motorcycle_accident_count":2,"pedestrian_accident_count":1,"death_count":0,"injury_count":5,"fatal_accident_count":0,"risk_score":53.9,"risk_level":"medium","confidence":"confirmed","motorcycle_accident_ratio":0.5,"pedestrian_accident_ratio":0.25}},{"type":"Feature","geometry":{"type":"Point","coordinates":[121.56905,25.05693]},"properties":{"hotspot_id":"臺北市-50995","hotspot_type":"intersection","county":"臺北市","township":"松山區","road_or_intersection":"塔悠路 x 延壽街","accident_count":4,"motorcycle_accident_count":2,"pedestrian_accident_count":1,"death_count":0,"injury_count":5,"fatal_accident_count":0,"risk_score":53.9,"risk_level":"medium","confidence":"confirmed","motorcycle_accident_ratio":0.5,"pedestrian_accident_ratio":0.25}},{"type":"Feature","geometry":{"type":"Point","coordinates":[121.5764,24.98797]},"properties":{"hotspot_id":"臺北市-50744","hotspot_type":"intersection","county":"臺北市","township":"文山區","road_or_intersection":"指南路2段 x 萬壽路","accident_count":4,"motorcycle_accident_count":2,"pedestrian_accident_count":1,"death_count":0,"injury_count":5,"fatal_accident_count":0,"risk_score":53.9,"risk_level":"medium","confidence":"confirmed","motorcycle_accident_ratio":0.5,"pedestrian_accident_ratio":0.25}},{"type":"Feature","geometry":{"type":"Point","coordinates":[121.49508,25.02428]},"properties":{"hotspot_id":"臺北市-51159","hotspot_type":"intersection","county":"臺北市","township":"萬華區","road_or_intersection":"寶興街 x 東園街","accident_count":4,"motorcycle_accident_count":3,"pedestrian_accident_count":2,"death_count":0,"injury_count":4,"fatal_accident_count":0,"risk_score":53.7,"risk_level":"medium","confidence":"confirmed","motorcycle_accident_ratio":0.75,"pedestrian_accident_ratio":0.5}},{"type":"Feature","geometry":{"type":"Point","coordinates":[121.50131,25.13183]},"properties":{"hotspot_id":"臺北市-49513","hotspot_type":"intersection","county":"臺北市","township":"北投區","road_or_intersection":"中央南路1段 x 中正街","accident_count":3,"motorcycle_accident_count":2,"pedestrian_accident_count":2,"death_count":0,"injury_count":5,"fatal_accident_count":0,"risk_score":53.7,"risk_level":"medium","confidence":"confirmed","motorcycle_accident_ratio":0.6667,"pedestrian_accident_ratio":0.6667}},{"type":"Feature","geometry":{"type":"Point","coordinates":[121.52383,25.06446]},"properties":{"hotspot_id":"臺北市-48613","hotspot_type":"intersection","county":"臺北市","township":"中山區","road_or_intersection":"德惠街 x 雙城街","accident_count":4,"motorcycle_accident_count":3,"pedestrian_accident_count":2,"death_count":0,"injury_count":4,"fatal_accident_count":0,"risk_score":53.7,"risk_level":"medium","confidence":"confirmed","motorcycle_accident_ratio":0.75,"pedestrian_accident_ratio":0.5}},{"type":"Feature","geometry":{"type":"Point","coordinates":[121.51864,25.02669]},"properties":{"hotspot_id":"臺北市-49040","hotspot_type":"intersection","county":"臺北市","township":"中正區","road_or_intersection":"牯嶺街","accident_count":3,"motorcycle_accident_count":2,"pedestrian_accident_count":1,"death_count":0,"injury_count":5,"fatal_accident_count":0,"risk_score":53.4,"risk_level":"medium","confidence":"confirmed","motorcycle_accident_ratio":0.6667,"pedestrian_accident_ratio":0.3333}},{"type":"Feature","geometry":{"type":"Point","coordinates":[121.57175,25.0798]},"properties":{"hotspot_id":"臺北市-49425","hotspot_type":"intersection","county":"臺北市","township":"內湖區","road_or_intersection":"洲子街 x 瑞光路","accident_count":3,"motorcycle_accident_count":2,"pedestrian_accident_count":1,"death_count":0,"injury_count":5,"fatal_accident_count":0,"risk_score":53.4,"risk_level":"medium","confidence":"confirmed","motorcycle_accident_ratio":0.6667,"pedestrian_accident_ratio":0.3333}},{"type":"Feature","geometry":{"type":"Point","coordinates":[121.58275,25.05962]},"properties":{"hotspot_id":"臺北市-49398","hotspot_type":"intersection","county":"臺北市","township":"內湖區","road_or_intersection":"新豐街 x 行善路","accident_count":3,"motorcycle_accident_count":2,"pedestrian_accident_count":1,"death_count":0,"injury_count":5,"fatal_accident_count":0,"risk_score":53.4,"risk_level":"medium","confidence":"confirmed","motorcycle_accident_ratio":0.6667,"pedestrian_accident_ratio":0.3333}},{"type":"Feature","geometry":{"type":"Point","coordinates":[121.52281,25.04955]},"properties":{"hotspot_id":"臺北市-48563","hotspot_type":"intersection","county":"臺北市","township":"中山區","road_or_intersection":"天津街 x 長安東路1段","accident_count":4,"motorcycle_accident_count":3,"pedestrian_accident_count":1,"death_count":0,"injury_count":4,"fatal_accident_count":0,"risk_score":53.3,"risk_level":"medium","confidence":"confirmed","motorcycle_accident_ratio":0.75,"pedestrian_accident_ratio":0.25}},{"type":"Feature","geometry":{"type":"Point","coordinates":[121.52239,25.05217]},"properties":{"hotspot_id":"臺北市-48426","hotspot_type":"intersection","county":"臺北市","township":"中山區","road_or_intersection":"中山北路1段 x 南京西路","accident_count":4,"motorcycle_accident_count":3,"pedestrian_accident_count":1,"death_count":0,"injury_count":4,"fatal_accident_count":0,"risk_score":53.3,"risk_level":"medium","confidence":"confirmed","motorcycle_accident_ratio":0.75,"pedestrian_accident_ratio":0.25}},{"type":"Feature","geometry":{"type":"Point","coordinates":[121.49373,25.02878]},"properties":{"hotspot_id":"臺北市-51305","hotspot_type":"intersection","county":"臺北市","township":"萬華區","road_or_intersection":"西藏路 x 雙園街","accident_count":4,"motorcycle_accident_count":3,"pedestrian_accident_count":1,"death_count":0,"injury_count":4,"fatal_accident_count":0,"risk_score":53.3,"risk_level":"medium","confidence":"confirmed","motorcycle_accident_ratio":0.75,"pedestrian_accident_ratio":0.25}},{"type":"Feature","geometry":{"type":"Point","coordinates":[121.52224,25.11401]},"properties":{"hotspot_id":"臺北市-49684","hotspot_type":"intersection","county":"臺北市","township":"北投區","road_or_intersection":"明德路 x 榮華三路","accident_count":4,"motorcycle_accident_count":3,"pedestrian_accident_count":1,"death_count":0,"injury_count":4,"fatal_accident_count":0,"risk_score":53.3,"risk_level":"medium","confidence":"confirmed","motorcycle_accident_ratio":0.75,"pedestrian_accident_ratio":0.25}},{"type":"Feature","geometry":{"type":"Point","coordinates":[121.50395,25.0454]},"properties":{"hotspot_id":"臺北市-51230","hotspot_type":"intersection","county":"臺北市","township":"萬華區","road_or_intersection":"武昌街2段","accident_count":4,"motorcycle_accident_count":3,"pedestrian_accident_count":1,"death_count":0,"injury_count":4,"fatal_accident_count":0,"risk_score":53.3,"risk_level":"medium","confidence":"confirmed","motorcycle_accident_ratio":0.75,"pedestrian_accident_ratio":0.25}},{"type":"Feature","geometry":{"type":"Point","coordinates":[121.54413,25.03821]},"properties":{"hotspot_id":"臺北市-50429","hotspot_type":"intersection","county":"臺北市","township":"大安區","road_or_intersection":"仁愛路4段 x 復興南路1段","accident_count":4,"motorcycle_accident_count":3,"pedestrian_accident_count":1,"death_count":0,"injury_count":4,"fatal_accident_count":0,"risk_score":53.3,"risk_level":"medium","confidence":"confirmed","motorcycle_accident_ratio":0.75,"pedestrian_accident_ratio":0.25}},{"type":"Feature","geometry":{"type":"Point","coordinates":[121.52192,25.05803]},"properties":{"hotspot_id":"臺北市-48707","hotspot_type":"intersection","county":"臺北市","township":"中山區","road_or_intersection":"民生西路","accident_count":4,"motorcycle_accident_count":3,"pedestrian_accident_count":1,"death_count":0,"injury_count":4,"fatal_accident_count":0,"risk_score":53.3,"risk_level":"medium","confidence":"confirmed","motorcycle_accident_ratio":0.75,"pedestrian_accident_ratio":0.25}},{"type":"Feature","geometry":{"type":"Point","coordinates":[121.58059,25.0789]},"properties":{"hotspot_id":"臺北市-49285","hotspot_type":"intersection","county":"臺北市","township":"內湖區","road_or_intersection":"內湖路2段 x 文德路","accident_count":4,"motorcycle_accident_count":3,"pedestrian_accident_count":1,"death_count":0,"injury_count":4,"fatal_accident_count":0,"risk_score":53.3,"risk_level":"medium","confidence":"confirmed","motorcycle_accident_ratio":0.75,"pedestrian_accident_ratio":0.25}},{"type":"Feature","geometry":{"type":"Point","coordinates":[121.55434,25.05066]},"properties":{"hotspot_id":"臺北市-50982","hotspot_type":"intersection","county":"臺北市","township":"松山區","road_or_intersection":"南京東路4段 x 寧安街","accident_count":4,"motorcycle_accident_count":3,"pedestrian_accident_count":1,"death_count":0,"injury_count":4,"fatal_accident_count":0,"risk_score":53.3,"risk_level":"medium","confidence":"confirmed","motorcycle_accident_ratio":0.75,"pedestrian_accident_ratio":0.25}},{"type":"Feature","geometry":{"type":"Point","coordinates":[121.54424,25.05179]},"properties":{"hotspot_id":"臺北市-50977","hotspot_type":"intersection","county":"臺北市","township":"松山區","road_or_intersection":"南京東路3段 x 復興北路","accident_count":4,"motorcycle_accident_count":3,"pedestrian_accident_count":1,"death_count":0,"injury_count":4,"fatal_accident_count":0,"risk_score":53.3,"risk_level":"medium","confidence":"confirmed","motorcycle_accident_ratio":0.75,"pedestrian_accident_ratio":0.25}},{"type":"Feature","geometry":{"type":"Point","coordinates":[121.51946,25.09449]},"properties":{"hotspot_id":"臺北市-50026","hotspot_type":"intersection","county":"臺北市","township":"士林區","road_or_intersection":"基河路 x 美崙街","accident_count":4,"motorcycle_accident_count":3,"pedestrian_accident_count":1,"death_count":0,"injury_count":4,"fatal_accident_count":0,"risk_score":53.3,"risk_level":"medium","confidence":"confirmed","motorcycle_accident_ratio":0.75,"pedestrian_accident_ratio":0.25}},{"type":"Feature","geometry":{"type":"Point","coordinates":[121.54747,25.01497]},"properties":{"hotspot_id":"臺北市-50659","hotspot_type":"intersection","county":"臺北市","township":"大安區","road_or_intersection":"芳蘭路 x 長興街","accident_count":4,"motorcycle_accident_count":3,"pedestrian_accident_count":1,"death_count":0,"injury_count":4,"fatal_accident_count":0,"risk_score":53.3,"risk_level":"medium","confidence":"confirmed","motorcycle_accident_ratio":0.75,"pedestrian_accident_ratio":0.25}},{"type":"Feature","geometry":{"type":"Point","coordinates":[121.52572,25.04023]},"properties":{"hotspot_id":"臺北市-48939","hotspot_type":"intersection","county":"臺北市","township":"中正區","road_or_intersection":"徐州路 x 杭州南路1段","accident_count":3,"motorcycle_accident_count":1,"pedestrian_accident_count":2,"death_count":0,"injury_count":5,"fatal_accident_count":0,"risk_score":52.5,"risk_level":"medium","confidence":"confirmed","motorcycle_accident_ratio":0.3333,"pedestrian_accident_ratio":0.6667}},{"type":"Feature","geometry":{"type":"Point","coordinates":[121.53336,25.02583]},"properties":{"hotspot_id":"臺北市-50478","hotspot_type":"intersection","county":"臺北市","township":"大安區","road_or_intersection":"和平東路1段 x 溫州街","accident_count":4,"motorcycle_accident_count":2,"pedestrian_accident_count":2,"death_count":0,"injury_count":4,"fatal_accident_count":0,"risk_score":52.2,"risk_level":"medium","confidence":"confirmed","motorcycle_accident_ratio":0.5,"pedestrian_accident_ratio":0.5}},{"type":"Feature","geometry":{"type":"Point","coordinates":[121.60711,25.07742]},"properties":{"hotspot_id":"臺北市-49372","hotspot_type":"intersection","county":"臺北市","township":"內湖區","road_or_intersection":"成功路5段","accident_count":4,"motorcycle_accident_count":2,"pedestrian_accident_count":2,"death_count":0,"injury_count":4,"fatal_accident_count":0,"risk_score":52.2,"risk_level":"medium","confidence":"confirmed","motorcycle_accident_ratio":0.5,"pedestrian_accident_ratio":0.5}},{"type":"Feature","geometry":{"type":"Point","coordinates":[121.5574,25.06067]},"properties":{"hotspot_id":"臺北市-51001","hotspot_type":"intersection","county":"臺北市","township":"松山區","road_or_intersection":"富錦街","accident_count":4,"motorcycle_accident_count":2,"pedestrian_accident_count":1,"death_count":0,"injury_count":4,"fatal_accident_count":0,"risk_score":51.8,"risk_level":"medium","confidence":"confirmed","motorcycle_accident_ratio":0.5,"pedestrian_accident_ratio":0.25}},{"type":"Feature","geometry":{"type":"Point","coordinates":[121.50971,25.08835]},"properties":{"hotspot_id":"臺北市-50074","hotspot_type":"intersection","county":"臺北市","township":"士林區","road_or_intersection":"延平北路6段 x 社子街","accident_count":4,"motorcycle_accident_count":1,"pedestrian_accident_count":2,"death_count":0,"injury_count":4,"fatal_accident_count":0,"risk_score":51.8,"risk_level":"medium","confidence":"confirmed","motorcycle_accident_ratio":0.25,"pedestrian_accident_ratio":0.5}},{"type":"Feature","geometry":{"type":"Point","coordinates":[121.5223,25.09791]},"properties":{"hotspot_id":"臺北市-50134","hotspot_type":"intersection","county":"臺北市","township":"士林區","road_or_intersection":"文林路 x 美崙街","accident_count":4,"motorcycle_accident_count":2,"pedestrian_accident_count":1,"death_count":0,"injury_count":4,"fatal_accident_count":0,"risk_score":51.8,"risk_level":"medium","confidence":"confirmed","motorcycle_accident_ratio":0.5,"pedestrian_accident_ratio":0.25}},{"type":"Feature","geometry":{"type":"Point","coordinates":[121.51141,25.05836]},"properties":{"hotspot_id":"臺北市-50336","hotspot_type":"intersection","county":"臺北市","township":"大同區","road_or_intersection":"歸綏街","accident_count":3,"motorcycle_accident_count":2,"pedestrian_accident_count":2,"death_count":0,"injury_count":4,"fatal_accident_count":0,"risk_score":51.6,"risk_level":"medium","confidence":"confirmed","motorcycle_accident_ratio":0.6667,"pedestrian_accident_ratio":0.6667}},{"type":"Feature","geometry":{"type":"Point","coordinates":[121.52537,25.03906]},"properties":{"hotspot_id":"臺北市-48803","hotspot_type":"intersection","county":"臺北市","township":"中正區","road_or_intersection":"丹陽街 x 杭州南路1段","accident_count":3,"motorcycle_accident_count":2,"pedestrian_accident_count":2,"death_count":0,"injury_count":4,"fatal_accident_count":0,"risk_score":51.6,"risk_level":"medium","confidence":"confirmed","motorcycle_accident_ratio":0.6667,"pedestrian_accident_ratio":0.6667}},{"type":"Feature","geometry":{"type":"Point","coordinates":[121.53755,25.10086]},"properties":{"hotspot_id":"臺北市-49990","hotspot_type":"intersection","county":"臺北市","township":"士林區","road_or_intersection":"仰德大道1段 x 至誠路1段","accident_count":3,"motorcycle_accident_count":2,"pedestrian_accident_count":1,"death_count":0,"injury_count":4,"fatal_accident_count":0,"risk_score":51.3,"risk_level":"medium","confidence":"confirmed","motorcycle_accident_ratio":0.6667,"pedestrian_accident_ratio":0.3333}},{"type":"Feature","geometry":{"type":"Point","coordinates":[121.52635,25.08839]},"properties":{"hotspot_id":"臺北市-50063","hotspot_type":"intersection","county":"臺北市","township":"士林區","road_or_intersection":"安平街 x 文林路","accident_count":3,"motorcycle_accident_count":2,"pedestrian_accident_count":1,"death_count":0,"injury_count":4,"fatal_accident_count":0,"risk_score":51.3,"risk_level":"medium","confidence":"confirmed","motorcycle_accident_ratio":0.6667,"pedestrian_accident_ratio":0.3333}},{"type":"Feature","geometry":{"type":"Point","coordinates":[121.58673,25.04325]},"properties":{"hotspot_id":"臺北市-49870","hotspot_type":"intersection","county":"臺北市","township":"南港區","road_or_intersection":"成福路 x 玉成街","accident_count":3,"motorcycle_accident_count":2,"pedestrian_accident_count":1,"death_count":0,"injury_count":4,"fatal_accident_count":0,"risk_score":51.3,"risk_level":"medium","confidence":"confirmed","motorcycle_accident_ratio":0.6667,"pedestrian_accident_ratio":0.3333}},{"type":"Feature","geometry":{"type":"Point","coordinates":[121.58023,25.04952]},"properties":{"hotspot_id":"臺北市-49914","hotspot_type":"intersection","county":"臺北市","township":"南港區市","road_or_intersection":"中坡北路 x 民大道7段","accident_count":3,"motorcycle_accident_count":2,"pedestrian_accident_count":1,"death_count":0,"injury_count":4,"fatal_accident_count":0,"risk_score":51.3,"risk_level":"medium","confidence":"confirmed","motorcycle_accident_ratio":0.6667,"pedestrian_accident_ratio":0.3333}},{"type":"Feature","geometry":{"type":"Point","coordinates":[121.61561,25.06725]},"properties":{"hotspot_id":"臺北市-49265","hotspot_type":"intersection","county":"臺北市","township":"內湖區","road_or_intersection":"五分街","accident_count":3,"motorcycle_accident_count":2,"pedestrian_accident_count":1,"death_count":0,"injury_count":4,"fatal_accident_count":0,"risk_score":51.3,"risk_level":"medium","confidence":"confirmed","motorcycle_accident_ratio":0.6667,"pedestrian_accident_ratio":0.3333}},{"type":"Feature","geometry":{"type":"Point","coordinates":[121.60497,25.07306]},"properties":{"hotspot_id":"臺北市-49417","hotspot_type":"intersection","county":"臺北市","township":"內湖區","road_or_intersection":"民權東路6段 x 金湖路","accident_count":3,"motorcycle_accident_count":2,"pedestrian_accident_count":1,"death_count":0,"injury_count":4,"fatal_accident_count":0,"risk_score":51.3,"risk_level":"medium","confidence":"confirmed","motorcycle_accident_ratio":0.6667,"pedestrian_accident_ratio":0.3333}},{"type":"Feature","geometry":{"type":"Point","coordinates":[121.5062,25.03943]},"properties":{"hotspot_id":"臺北市-51298","hotspot_type":"intersection","county":"臺北市","township":"萬華區","road_or_intersection":"西寧南路 x 貴陽街2段","accident_count":3,"motorcycle_accident_count":2,"pedestrian_accident_count":1,"death_count":0,"injury_count":4,"fatal_accident_count":0,"risk_score":51.3,"risk_level":"medium","confidence":"confirmed","motorcycle_accident_ratio":0.6667,"pedestrian_accident_ratio":0.3333}},{"type":"Feature","geometry":{"type":"Point","coordinates":[121.5059,25.04687]},"properties":{"hotspot_id":"臺北市-51209","hotspot_type":"intersection","county":"臺北市","township":"萬華區","road_or_intersection":"昆明街 x 開封街2段","accident_count":3,"motorcycle_accident_count":2,"pedestrian_accident_count":1,"death_count":0,"injury_count":4,"fatal_accident_count":0,"risk_score":51.3,"risk_level":"medium","confidence":"confirmed","motorcycle_accident_ratio":0.6667,"pedestrian_accident_ratio":0.3333}},{"type":"Feature","geometry":{"type":"Point","coordinates":[121.52222,25.03086]},"properties":{"hotspot_id":"臺北市-48994","hotspot_type":"intersection","county":"臺北市","township":"中正區","road_or_intersection":"杭州南路2段 x 金華街","accident_count":3,"motorcycle_accident_count":2,"pedestrian_accident_count":1,"death_count":0,"injury_count":4,"fatal_accident_count":0,"risk_score":51.3,"risk_level":"medium","confidence":"confirmed","motorcycle_accident_ratio":0.6667,"pedestrian_accident_ratio":0.3333}},{"type":"Feature","geometry":{"type":"Point","coordinates":[121.57847,25.03627]},"properties":{"hotspot_id":"臺北市-49133","hotspot_type":"intersection","county":"臺北市","township":"信義區","road_or_intersection":"信義路6段 x 松山路","accident_count":3,"motorcycle_accident_count":2,"pedestrian_accident_count":1,"death_count":0,"injury_count":4,"fatal_accident_count":0,"risk_score":51.3,"risk_level":"medium","confidence":"confirmed","motorcycle_accident_ratio":0.6667,"pedestrian_accident_ratio":0.3333}},{"type":"Feature","geometry":{"type":"Point","coordinates":[121.55317,25.07999]},"properties":{"hotspot_id":"臺北市-48617","hotspot_type":"intersection","county":"臺北市","township":"中山區","road_or_intersection":"敬業一路 x 樂群二路","accident_count":3,"motorcycle_accident_count":2,"pedestrian_accident_count":1,"death_count":0,"injury_count":4,"fatal_accident_count":0,"risk_score":51.3,"risk_level":"medium","confidence":"confirmed","motorcycle_accident_ratio":0.6667,"pedestrian_accident_ratio":0.3333}},{"type":"Feature","geometry":{"type":"Point","coordinates":[121.53478,25.05223]},"properties":{"hotspot_id":"臺北市-48474","hotspot_type":"intersection","county":"臺北市","township":"中山區","road_or_intersection":"伊通街 x 松江路","accident_count":3,"motorcycle_accident_count":2,"pedestrian_accident_count":1,"death_count":0,"injury_count":4,"fatal_accident_count":0,"risk_score":51.3,"risk_level":"medium","confidence":"confirmed","motorcycle_accident_ratio":0.6667,"pedestrian_accident_ratio":0.3333}},{"type":"Feature","geometry":{"type":"Point","coordinates":[121.54422,25.05594]},"properties":{"hotspot_id":"臺北市-51021","hotspot_type":"intersection","county":"臺北市","township":"松山區","road_or_intersection":"復興北路 x 興安街","accident_count":3,"motorcycle_accident_count":1,"pedestrian_accident_count":2,"death_count":0,"injury_count":4,"fatal_accident_count":0,"risk_score":50.5,"risk_level":"medium","confidence":"confirmed","motorcycle_accident_ratio":0.3333,"pedestrian_accident_ratio":0.6667}},{"type":"Feature","geometry":{"type":"Point","coordinates":[121.54964,25.0295]},"properties":{"hotspot_id":"臺北市-50599","hotspot_type":"intersection","county":"臺北市","township":"大安區","road_or_intersection":"敦化南路2段 x 無名巷","accident_count":3,"motorcycle_accident_count":1,"pedestrian_accident_count":2,"death_count":0,"injury_count":4,"fatal_accident_count":0,"risk_score":50.5,"risk_level":"medium","confidence":"confirmed","motorcycle_accident_ratio":0.3333,"pedestrian_accident_ratio":0.6667}},{"type":"Feature","geometry":{"type":"Point","coordinates":[121.54039,25.05]},"properties":{"hotspot_id":"臺北市-48658","hotspot_type":"intersection","county":"臺北市","township":"中山區","road_or_intersection":"朱崙街 x 龍江路","accident_count":3,"motorcycle_accident_count":1,"pedestrian_accident_count":2,"death_count":0,"injury_count":4,"fatal_accident_count":0,"risk_score":50.5,"risk_level":"medium","confidence":"confirmed","motorcycle_accident_ratio":0.3333,"pedestrian_accident_ratio":0.6667}},{"type":"Feature","geometry":{"type":"Point","coordinates":[121.52437,25.06285]},"properties":{"hotspot_id":"臺北市-48691","hotspot_type":"intersection","county":"臺北市","township":"中山區","road_or_intersection":"民權東路1段 x 雙城街","accident_count":3,"motorcycle_accident_count":1,"pedestrian_accident_count":1,"death_count":0,"injury_count":4,"fatal_accident_count":0,"risk_score":50.2,"risk_level":"medium","confidence":"confirmed","motorcycle_accident_ratio":0.3333,"pedestrian_accident_ratio":0.3333}},{"type":"Feature","geometry":{"type":"Point","coordinates":[121.53672,25.10135]},"properties":{"hotspot_id":"臺北市-50186","hotspot_type":"intersection","county":"臺北市","township":"士林區","road_or_intersection":"至誠路1段","accident_count":3,"motorcycle_accident_count":1,"pedestrian_accident_count":1,"death_count":0,"injury_count":4,"fatal_accident_count":0,"risk_score":50.2,"risk_level":"medium","confidence":"confirmed","motorcycle_accident_ratio":0.3333,"pedestrian_accident_ratio":0.3333}},{"type":"Feature","geometry":{"type":"Point","coordinates":[121.56579,25.05927]},"properties":{"hotspot_id":"臺北市-51046","hotspot_type":"intersection","county":"臺北市","township":"松山區","road_or_intersection":"新東街","accident_count":3,"motorcycle_accident_count":2,"pedestrian_accident_count":3,"death_count":0,"injury_count":3,"fatal_accident_count":0,"risk_score":48.9,"risk_level":"medium","confidence":"confirmed","motorcycle_accident_ratio":0.6667,"pedestrian_accident_ratio":1.0}},{"type":"Feature","geometry":{"type":"Point","coordinates":[121.55418,25.02001]},"properties":{"hotspot_id":"臺北市-50549","hotspot_type":"intersection","county":"臺北市","township":"大安區","road_or_intersection":"安居街 x 樂業街","accident_count":3,"motorcycle_accident_count":2,"pedestrian_accident_count":3,"death_count":0,"injury_count":3,"fatal_accident_count":0,"risk_score":48.9,"risk_level":"medium","confidence":"confirmed","motorcycle_accident_ratio":0.6667,"pedestrian_accident_ratio":1.0}},{"type":"Feature","geometry":{"type":"Point","coordinates":[121.51661,25.10843]},"properties":{"hotspot_id":"臺北市-49767","hotspot_type":"intersection","county":"臺北市","township":"北投區","road_or_intersection":"致遠一路1段","accident_count":3,"motorcycle_accident_count":2,"pedestrian_accident_count":2,"death_count":0,"injury_count":3,"fatal_accident_count":0,"risk_score":48.8,"risk_level":"medium","confidence":"confirmed","motorcycle_accident_ratio":0.6667,"pedestrian_accident_ratio":0.6667}},{"type":"Feature","geometry":{"type":"Point","coordinates":[121.50998,25.04885]},"properties":{"hotspot_id":"臺北市-51166","hotspot_type":"intersection","county":"臺北市","township":"萬華區","road_or_intersection":"峨眉街 x 成都路","accident_count":3,"motorcycle_accident_count":2,"pedestrian_accident_count":1,"death_count":0,"injury_count":3,"fatal_accident_count":0,"risk_score":48.5,"risk_level":"low","confidence":"confirmed","motorcycle_accident_ratio":0.6667,"pedestrian_accident_ratio":0.3333}},{"type":"Feature","geometry":{"type":"Point","coordinates":[121.50203,25.04009]},"properties":{"hotspot_id":"臺北市-51179","hotspot_type":"intersection","county":"臺北市","township":"萬華區","road_or_intersection":"康定路 x 貴陽街2段","accident_count":3,"motorcycle_accident_count":2,"pedestrian_accident_count":1,"death_count":0,"injury_count":3,"fatal_accident_count":0,"risk_score":48.5,"risk_level":"low","confidence":"confirmed","motorcycle_accident_ratio":0.6667,"pedestrian_accident_ratio":0.3333}},{"type":"Feature","geometry":{"type":"Point","coordinates":[121.53151,25.02631]},"properties":{"hotspot_id":"臺北市-50477","hotspot_type":"intersection","county":"臺北市","township":"大安區","road_or_intersection":"和平東路1段 x 泰順街","accident_count":3,"motorcycle_accident_count":2,"pedestrian_accident_count":1,"death_count":0,"injury_count":3,"fatal_accident_count":0,"risk_score":48.5,"risk_level":"low","confidence":"confirmed","motorcycle_accident_ratio":0.6667,"pedestrian_accident_ratio":0.3333}},{"type":"Feature","geometry":{"type":"Point","coordinates":[121.55293,25.03849]},"properties":{"hotspot_id":"臺北市-50540","hotspot_type":"intersection","county":"臺北市","township":"大安區","road_or_intersection":"安和路1段 x 忠孝東路4段","accident_count":3,"motorcycle_accident_count":2,"pedestrian_accident_count":1,"death_count":0,"injury_count":3,"fatal_accident_count":0,"risk_score":48.5,"risk_level":"low","confidence":"confirmed","motorcycle_accident_ratio":0.6667,"pedestrian_accident_ratio":0.3333}},{"type":"Feature","geometry":{"type":"Point","coordinates":[121.55371,25.08317]},"properties":{"hotspot_id":"臺北市-48615","hotspot_type":"intersection","county":"臺北市","township":"中山區","road_or_intersection":"敬業一路 x 敬業二路","accident_count":3,"motorcycle_accident_count":2,"pedestrian_accident_count":1,"death_count":0,"injury_count":3,"fatal_accident_count":0,"risk_score":48.5,"risk_level":"low","confidence":"confirmed","motorcycle_accident_ratio":0.6667,"pedestrian_accident_ratio":0.3333}},{"type":"Feature","geometry":{"type":"Point","coordinates":[121.53019,25.05741]},"properties":{"hotspot_id":"臺北市-48535","hotspot_type":"intersection","county":"臺北市","township":"中山區","road_or_intersection":"吉林路 x 新生北路2段","accident_count":3,"motorcycle_accident_count":2,"pedestrian_accident_count":1,"death_count":0,"injury_count":3,"fatal_accident_count":0,"risk_score":48.5,"risk_level":"low","confidence":"confirmed","motorcycle_accident_ratio":0.6667,"pedestrian_accident_ratio":0.3333}},{"type":"Feature","geometry":{"type":"Point","coordinates":[121.50988,25.08003]},"properties":{"hotspot_id":"臺北市-50200","hotspot_type":"intersection","county":"臺北市","township":"士林區","road_or_intersection":"葫蘆街","accident_count":3,"motorcycle_accident_count":2,"pedestrian_accident_count":1,"death_count":0,"injury_count":3,"fatal_accident_count":0,"risk_score":48.5,"risk_level":"low","confidence":"confirmed","motorcycle_accident_ratio":0.6667,"pedestrian_accident_ratio":0.3333}},{"type":"Feature","geometry":{"type":"Point","coordinates":[121.50228,25.0266]},"properties":{"hotspot_id":"臺北市-51109","hotspot_type":"intersection","county":"臺北市","township":"萬華區","road_or_intersection":"中華路2段 x 萬大路","accident_count":3,"motorcycle_accident_count":2,"pedestrian_accident_count":1,"death_count":0,"injury_count":3,"fatal_accident_count":0,"risk_score":48.5,"risk_level":"low","confidence":"confirmed","motorcycle_accident_ratio":0.6667,"pedestrian_accident_ratio":0.3333}},{"type":"Feature","geometry":{"type":"Point","coordinates":[121.54131,24.99291]},"properties":{"hotspot_id":"臺北市-50763","hotspot_type":"intersection","county":"臺北市","township":"文山區","road_or_intersection":"景中街 x 景文街","accident_count":3,"motorcycle_accident_count":2,"pedestrian_accident_count":1,"death_count":0,"injury_count":3,"fatal_accident_count":0,"risk_score":48.5,"risk_level":"low","confidence":"confirmed","motorcycle_accident_ratio":0.6667,"pedestrian_accident_ratio":0.3333}},{"type":"Feature","geometry":{"type":"Point","coordinates":[121.56983,25.04048]},"properties":{"hotspot_id":"臺北市-49186","hotspot_type":"intersection","county":"臺北市","township":"信義區","road_or_intersection":"忠孝東路5段 x 松勇路","accident_count":3,"motorcycle_accident_count":2,"pedestrian_accident_count":1,"death_count":0,"injury_count":3,"fatal_accident_count":0,"risk_score":48.5,"risk_level":"low","confidence":"confirmed","motorcycle_accident_ratio":0.6667,"pedestrian_accident_ratio":0.3333}},{"type":"Feature","geometry":{"type":"Point","coordinates":[121.52214,25.11362]},"properties":{"hotspot_id":"臺北市-49685","hotspot_type":"intersection","county":"臺北市","township":"北投區","road_or_intersection":"明德路 x 榮華二路","accident_count":3,"motorcycle_accident_count":2,"pedestrian_accident_count":1,"death_count":0,"injury_count":3,"fatal_accident_count":0,"risk_score":48.5,"risk_level":"low","confidence":"confirmed","motorcycle_accident_ratio":0.6667,"pedestrian_accident_ratio":0.3333}},{"type":"Feature","geometry":{"type":"Point","coordinates":[121.5824,25.0669]},"properties":{"hotspot_id":"臺北市-49461","hotspot_type":"intersection","county":"臺北市","township":"內湖區","road_or_intersection":"行忠路","accident_count":3,"motorcycle_accident_count":2,"pedestrian_accident_count":1,"death_count":0,"injury_count":3,"fatal_accident_count":0,"risk_score":48.5,"risk_level":"low","confidence":"confirmed","motorcycle_accident_ratio":0.6667,"pedestrian_accident_ratio":0.3333}},{"type":"Feature","geometry":{"type":"Point","coordinates":[121.50961,25.04217]},"properties":{"hotspot_id":"臺北市-48933","hotspot_type":"intersection","county":"臺北市","township":"中正區","road_or_intersection":"延平南路 x 衡陽路","accident_count":3,"motorcycle_accident_count":2,"pedestrian_accident_count":1,"death_count":0,"injury_count":3,"fatal_accident_count":0,"risk_score":48.5,"risk_level":"low","confidence":"confirmed","motorcycle_accident_ratio":0.6667,"pedestrian_accident_ratio":0.3333}},{"type":"Feature","geometry":{"type":"Point","coordinates":[121.50092,25.12531]},"properties":{"hotspot_id":"臺北市-49556","hotspot_type":"intersection","county":"臺北市","township":"北投區","road_or_intersection":"北投路1段 x 無名巷","accident_count":3,"motorcycle_accident_count":2,"pedestrian_accident_count":1,"death_count":0,"injury_count":3,"fatal_accident_count":0,"risk_score":48.5,"risk_level":"low","confidence":"confirmed","motorcycle_accident_ratio":0.6667,"pedestrian_accident_ratio":0.3333}},{"type":"Feature","geometry":{"type":"Point","coordinates":[121.50526,25.0275]},"properties":{"hotspot_id":"臺北市-51103","hotspot_type":"intersection","county":"臺北市","township":"萬華區","road_or_intersection":"中華路2段 x 國興路","accident_count":3,"motorcycle_accident_count":2,"pedestrian_accident_count":1,"death_count":0,"injury_count":3,"fatal_accident_count":0,"risk_score":48.5,"risk_level":"low","confidence":"confirmed","motorcycle_accident_ratio":0.6667,"pedestrian_accident_ratio":0.3333}},{"type":"Feature","geometry":{"type":"Point","coordinates":[121.50915,25.04605]},"properties":{"hotspot_id":"臺北市-51099","hotspot_type":"intersection","county":"臺北市","township":"萬華區","road_or_intersection":"中華路1段 x 開封街2段","accident_count":3,"motorcycle_accident_count":2,"pedestrian_accident_count":1,"death_count":0,"injury_count":3,"fatal_accident_count":0,"risk_score":48.5,"risk_level":"low","confidence":"confirmed","motorcycle_accident_ratio":0.6667,"pedestrian_accident_ratio":0.3333}},{"type":"Feature","geometry":{"type":"Point","coordinates":[121.53907,24.99298]},"properties":{"hotspot_id":"臺北市-50896","hotspot_type":"intersection","county":"臺北市","township":"文山區","road_or_intersection":"萬慶街","accident_count":3,"motorcycle_accident_count":2,"pedestrian_accident_count":1,"death_count":0,"injury_count":3,"fatal_accident_count":0,"risk_score":48.5,"risk_level":"low","confidence":"confirmed","motorcycle_accident_ratio":0.6667,"pedestrian_accident_ratio":0.3333}},{"type":"Feature","geometry":{"type":"Point","coordinates":[121.5796,25.05075]},"properties":{"hotspot_id":"臺北市-50916","hotspot_type":"intersection","county":"臺北市","township":"松山區","road_or_intersection":"中坡北路 x 八德路4段","accident_count":3,"motorcycle_accident_count":2,"pedestrian_accident_count":1,"death_count":0,"injury_count":3,"fatal_accident_count":0,"risk_score":48.5,"risk_level":"low","confidence":"confirmed","motorcycle_accident_ratio":0.6667,"pedestrian_accident_ratio":0.3333}},{"type":"Feature","geometry":{"type":"Point","coordinates":[121.51502,25.04599]},"properties":{"hotspot_id":"臺北市-49080","hotspot_type":"intersection","county":"臺北市","township":"中正區","road_or_intersection":"開封街1段 x 館前路","accident_count":3,"motorcycle_accident_count":2,"pedestrian_accident_count":1,"death_count":0,"injury_count":3,"fatal_accident_count":0,"risk_score":48.5,"risk_level":"low","confidence":"confirmed","motorcycle_accident_ratio":0.6667,"pedestrian_accident_ratio":0.3333}},{"type":"Feature","geometry":{"type":"Point","coordinates":[121.51898,25.05816]},"properties":{"hotspot_id":"臺北市-50383","hotspot_type":"intersection","county":"臺北市","township":"大同區","road_or_intersection":"萬全街","accident_count":3,"motorcycle_accident_count":1,"pedestrian_accident_count":1,"death_count":0,"injury_count":3,"fatal_accident_count":0,"risk_score":47.4,"risk_level":"low","confidence":"confirmed","motorcycle_accident_ratio":0.3333,"pedestrian_accident_ratio":0.3333}},{"type":"Feature","geometry":{"type":"Point","coordinates":[121.5397,24.9903]},"properties":{"hotspot_id":"臺北市-50864","hotspot_type":"intersection","county":"臺北市","township":"文山區","road_or_intersection":"羅斯福路6段 x 育英街","accident_count":3,"motorcycle_accident_count":1,"pedestrian_accident_count":1,"death_count":0,"injury_count":3,"fatal_accident_count":0,"risk_score":47.4,"risk_level":"low","confidence":"confirmed","motorcycle_accident_ratio":0.3333,"pedestrian_accident_ratio":0.3333}},{"type":"Feature","geometry":{"type":"Point","coordinates":[121.56132,25.03223]},"properties":{"hotspot_id":"臺北市-49211","hotspot_type":"intersection","county":"臺北市","township":"信義區","road_or_intersection":"松勤街 x 莊敬路","accident_count":3,"motorcycle_accident_count":1,"pedestrian_accident_count":1,"death_count":0,"injury_count":3,"fatal_accident_count":0,"risk_score":47.4,"risk_level":"low","confidence":"confirmed","motorcycle_accident_ratio":0.3333,"pedestrian_accident_ratio":0.3333}},{"type":"Feature","geometry":{"type":"Point","coordinates":[121.57744,25.06252]},"properties":{"hotspot_id":"臺北市-49453","hotspot_type":"intersection","county":"臺北市","township":"內湖區","road_or_intersection":"舊宗路1段","accident_count":3,"motorcycle_accident_count":1,"pedestrian_accident_count":1,"death_count":0,"injury_count":3,"fatal_accident_count":0,"risk_score":47.4,"risk_level":"low","confidence":"confirmed","motorcycle_accident_ratio":0.3333,"pedestrian_accident_ratio":0.3333}},{"type":"Feature","geometry":{"type":"Point","coordinates":[121.50105,25.13711]},"properties":{"hotspot_id":"臺北市-49600","hotspot_type":"intersection","county":"臺北市","township":"北投區","road_or_intersection":"大業路 x 雙全街","accident_count":3,"motorcycle_accident_count":1,"pedestrian_accident_count":1,"death_count":0,"injury_count":3,"fatal_accident_count":0,"risk_score":47.4,"risk_level":"low","confidence":"confirmed","motorcycle_accident_ratio":0.3333,"pedestrian_accident_ratio":0.3333}},{"type":"Feature","geometry":{"type":"Point","coordinates":[121.52825,25.0707]},"properties":{"hotspot_id":"臺北市-48649","hotspot_type":"intersection","county":"臺北市","township":"中山區","road_or_intersection":"新生北路3段 x 濱江街","accident_count":3,"motorcycle_accident_count":1,"pedestrian_accident_count":1,"death_count":0,"injury_count":3,"fatal_accident_count":0,"risk_score":47.4,"risk_level":"low","confidence":"confirmed","motorcycle_accident_ratio":0.3333,"pedestrian_accident_ratio":0.3333}},{"type":"Feature","geometry":{"type":"Point","coordinates":[121.51182,25.08402]},"properties":{"hotspot_id":"臺北市-50199","hotspot_type":"intersection","county":"臺北市","township":"士林區","road_or_intersection":"葫東街 x 重慶北路4段","accident_count":3,"motorcycle_accident_count":1,"pedestrian_accident_count":1,"death_count":0,"injury_count":3,"fatal_accident_count":0,"risk_score":47.4,"risk_level":"low","confidence":"confirmed","motorcycle_accident_ratio":0.3333,"pedestrian_accident_ratio":0.3333}},{"type":"Feature","geometry":{"type":"Point","coordinates":[121.49753,25.03542]},"properties":{"hotspot_id":"臺北市-51131","hotspot_type":"intersection","county":"臺北市","township":"萬華區","road_or_intersection":"和平西路3段 x 梧州街","accident_count":3,"motorcycle_accident_count":1,"pedestrian_accident_count":1,"death_count":0,"injury_count":3,"fatal_accident_count":0,"risk_score":47.4,"risk_level":"low","confidence":"confirmed","motorcycle_accident_ratio":0.3333,"pedestrian_accident_ratio":0.3333}},{"type":"Feature","geometry":{"type":"Point","coordinates":[121.52575,25.06673]},"properties":{"hotspot_id":"臺北市-48611","hotspot_type":"intersection","county":"臺北市","township":"中山區","road_or_intersection":"德惠街 x 林森北路","accident_count":3,"motorcycle_accident_count":0,"pedestrian_accident_count":3,"death_count":0,"injury_count":3,"fatal_accident_count":0,"risk_score":47.2,"risk_level":"low","confidence":"confirmed","motorcycle_accident_ratio":0.0,"pedestrian_accident_ratio":1.0}},{"type":"Feature","geometry":{"type":"Point","coordinates":[121.61574,25.05142]},"properties":{"hotspot_id":"臺北市-49792","hotspot_type":"intersection","county":"臺北市","township":"南港區","road_or_intersection":"中南街 x 研究院路1段","accident_count":3,"motorcycle_accident_count":0,"pedestrian_accident_count":1,"death_count":0,"injury_count":3,"fatal_accident_count":0,"risk_score":46.8,"risk_level":"low","confidence":"confirmed","motorcycle_accident_ratio":0.0,"pedestrian_accident_ratio":0.3333}},{"type":"Feature","geometry":{"type":"Point","coordinates":[121.55748,25.02977]},"properties":{"hotspot_id":"臺北市-50467","hotspot_type":"intersection","county":"臺北市","township":"大安區","road_or_intersection":"光復南路 x 基隆路2段","accident_count":3,"motorcycle_accident_count":0,"pedestrian_accident_count":1,"death_count":0,"injury_count":3,"fatal_accident_count":0,"risk_score":46.8,"risk_level":"low","confidence":"confirmed","motorcycle_accident_ratio":0.0,"pedestrian_accident_ratio":0.3333}}]}